<?xml version="1.0"?>
<VTKFile type="PolyData" version="0.1" byte_order="LittleEndian">
<PolyData>
<Piece NumberOfPoints="12591" NumberOfVerts="0" NumberOfLines="0" NumberOfStrips="0" NumberOfPolys="0">
<Points>
<DataArray type="Float32" NumberOfComponents="3" format="ascii">
148.583 222.667 25.465 257.006 419.559 20.251 297.120 154.758 16.058 172.064 86.185 20.213 254.022 99.546 14.173 386.041 8.312 21.681 177.961 292.999 23.160 217.796 498.851 17.559 292.262 278.214 19.899 495.143 346.494 22.689 380.931 395.301 24.134 420.455 381.606 25.661 262.195 11.567 14.775 412.792 235.659 22.114 114.917 441.208 24.362 15.420 162.799 22.609 45.974 51.601 23.072 75.535 430.362 25.381 492.522 234.684 24.388 204.717 456.610 19.170 380.231 275.486 23.651 358.294 410.574 21.742 399.726 166.036 19.789 246.062 401.981 20.402 456.362 271.761 22.662 410.316 421.545 27.303 81.342 368.778 26.631 198.533 144.208 19.811 25.901 271.401 24.625 426.389 12.414 24.569 271.319 351.746 19.729 472.982 273.074 22.925 425.167 61.498 23.839 229.007 278.162 20.017 86.737 210.505 25.560 395.304 388.357 26.924 26.068 240.258 25.813 359.306 159.445 18.930 471.557 297.875 24.199 219.107 251.031 21.089 462.687 481.051 25.905 70.437 351.927 26.150 143.873 401.301 25.879 456.268 50.706 23.541 94.228 146.396 26.812 164.664 74.399 22.140 286.639 5.311 16.067 376.079 334.221 21.688 490.540 103.842 22.774 66.593 117.928 25.737 498.995 50.260 23.063 334.011 345.204 20.698 428.481 388.562 26.090 137.423 6.516 23.836 78.118 65.115 23.060 498.591 320.362 22.214 447.268 354.509 22.336 498.180 371.356 25.484 1.287 464.676 25.209 23.331 314.570 24.136 423.735 74.062 21.632 153.731 245.095 24.987 417.093 494.235 24.753 46.406 203.305 23.847 334.749 79.468 15.048 386.368 181.821 20.814 137.586 24.785 23.443 465.419 227.061 23.253 38.401 353.434 25.883 195.626 426.687 19.547 308.277 401.266 21.930 381.076 290.418 22.319 264.295 388.025 19.676 476.006 322.070 22.572 403.625 498.453 23.736 432.056 88.898 19.981 385.596 153.744 19.977 384.940 216.574 20.013 347.687 42.565 17.372 9.007 365.962 24.891 196.433 272.493 20.685 485.087 19.937 23.838 35.716 36.040 23.869 346.038 176.186 17.983 413.358 196.555 20.490 36.964 172.190 23.281 468.789 246.293 22.727 368.557 219.495 21.000 72.259 191.353 25.231 102.403 443.053 25.917 14.568 420.721 25.845 9.309 105.128 23.704 146.705 84.557 24.137 315.151 449.575 21.418 22.115 426.037 24.541 134.472 96.564 25.475 276.291 416.380 21.873 124.274 186.639 26.324 476.221 421.201 25.017 347.800 203.707 20.920 227.734 311.160 18.465 304.097 166.861 18.262 422.893 19.314 23.442 425.334 384.932 24.667 110.306 277.494 24.768 256.241 161.324 17.286 43.763 370.949 25.959 254.410 352.754 18.451 254.476 499.731 15.358 194.560 393.150 19.830 318.894 492.756 18.858 162.613 11.339 21.844 415.808 316.385 24.207 216.403 167.035 18.965 36.633 61.786 23.349 9.803 292.859 23.098 371.599 128.245 17.721 402.655 216.552 20.988 273.155 315.083 18.707 180.584 107.667 20.663 126.331 295.494 25.111 276.702 426.660 19.502 395.743 171.787 20.695 322.067 68.100 14.666 338.514 223.331 21.676 181.300 7.002 20.766 97.438 335.414 26.377 373.736 87.864 18.021 212.474 409.409 20.336 30.476 377.715 25.037 334.467 277.171 21.294 144.037 25.383 21.797 134.964 195.064 26.322 267.452 438.701 19.813 149.205 154.170 27.105 481.135 211.484 23.987 50.562 23.977 23.606 398.292 63.260 20.342 173.331 145.624 23.536 296.496 499.467 17.549 80.143 1.193 23.888 93.643 37.377 23.340 101.597 220.124 26.126 191.887 451.694 20.394 228.793 422.746 19.092 287.555 284.999 19.523 309.140 0.925 17.491 2.259 363.628 25.538 64.992 204.352 24.287 155.420 235.110 25.662 0.723 430.212 25.213 313.372 165.065 16.408 465.957 191.385 24.418 469.237 379.796 25.569 137.319 471.003 24.030 493.874 458.276 25.389 59.089 181.179 23.833 312.906 261.037 21.222 294.721 394.254 21.820 431.103 161.506 20.421 159.355 160.861 25.658 428.888 279.609 20.833 173.646 437.541 20.711 113.919 320.305 25.540 377.006 248.842 21.429 353.567 304.159 22.320 483.272 165.282 23.854 318.801 110.975 15.833 84.089 387.588 27.064 433.311 37.205 23.665 71.364 489.874 26.433 147.491 302.015 23.598 88.680 319.714 25.868 71.999 318.478 24.987 499.847 272.663 23.567 53.634 71.559 22.700 137.771 308.936 25.025 285.409 291.394 20.304 232.244 271.661 19.407 146.649 78.872 24.222 218.177 172.451 19.862 13.036 74.523 22.888 264.056 136.114 14.460 262.682 470.419 17.153 351.742 482.881 20.717 285.495 417.167 21.845 206.690 312.229 19.980 278.414 365.576 19.767 371.991 474.407 21.928 265.063 253.003 20.950 369.218 210.295 20.900 238.393 494.860 15.390 236.540 284.343 20.097 3.233 439.195 24.834 170.283 378.239 21.645 50.182 394.863 25.917 435.727 160.559 20.889 497.181 297.138 23.487 197.887 464.580 18.991 79.367 473.587 26.562 80.548 135.596 27.460 129.829 451.034 24.278 3.584 102.684 23.231 165.858 180.911 25.169 299.666 49.584 13.309 275.623 125.270 15.525 448.094 378.498 24.701 208.906 325.218 18.317 340.012 285.072 21.469 12.187 197.994 24.075 317.810 84.004 15.861 191.844 208.813 22.209 234.285 376.062 17.651 69.348 459.280 25.475 151.058 300.772 23.796 247.779 315.878 17.775 91.006 278.862 25.293 68.134 252.766 24.152 211.448 484.032 17.780 357.886 148.912 17.331 150.286 176.691 26.443 160.810 487.071 23.777 430.238 49.343 22.700 293.888 356.725 21.285 308.268 327.158 19.017 192.885 413.948 19.278 323.918 62.549 15.854 102.074 323.831 25.916 172.555 396.312 22.381 78.552 377.017 26.481 496.364 491.243 25.549 203.643 351.910 17.350 421.029 483.796 25.435 388.611 113.248 18.571 427.944 117.494 20.270 71.055 50.863 22.331 39.149 384.177 25.502 189.742 6.194 20.215 294.095 321.812 19.992 130.278 1.691 23.868 322.975 352.342 20.441 407.098 408.369 26.128 85.692 90.790 26.637 65.699 190.079 25.016 73.873 205.393 25.733 296.393 340.628 20.031 497.934 6.173 25.100 291.460 5.784 17.577 88.551 254.614 26.258 275.523 74.714 13.639 30.012 257.864 24.678 462.303 234.451 23.358 295.192 251.127 19.804 89.284 7.942 23.046 494.295 62.898 22.363 58.075 313.840 24.808 354.949 195.032 19.948 130.963 52.563 23.278 244.554 110.773 13.640 484.340 254.068 24.118 206.159 62.435 17.029 137.043 12.104 23.469 143.293 295.565 23.902 8.860 328.541 23.518 153.775 6.028 22.964 276.715 198.426 21.171 310.867 34.540 17.598 332.248 404.645 21.853 449.870 3.325 25.724 100.582 498.232 24.431 114.580 301.578 26.022 457.971 234.767 22.387 114.296 159.912 25.511 454.648 153.418 20.480 489.655 247.740 23.877 460.977 111.023 21.500 354.243 47.634 17.522 354.117 97.627 17.611 426.836 253.525 20.890 238.419 467.474 17.974 82.423 127.313 27.210 252.968 267.305 20.165 21.122 216.955 24.952 110.072 31.787 22.766 1.942 290.437 22.851 189.819 262.438 22.127 472.425 426.185 24.893 80.479 272.746 25.734 489.640 499.593 25.875 389.024 435.792 25.553 324.184 227.060 19.320 428.403 180.723 20.619 458.537 350.032 21.922 241.540 91.485 15.635 320.798 6.386 17.909 369.860 39.733 19.096 156.669 347.947 20.786 325.488 83.824 15.259 253.438 379.113 20.514 255.742 272.767 19.718 302.713 409.474 21.867 247.933 166.440 18.223 193.256 10.490 19.132 124.279 260.198 25.511 2.595 351.153 24.910 267.322 4.687 15.256 363.166 117.528 17.772 180.745 318.007 22.100 311.348 120.050 15.547 142.287 11.338 23.236 304.285 214.297 20.512 53.965 276.770 24.119 282.116 111.064 15.526 440.910 399.104 25.457 44.850 110.398 24.729 406.513 285.693 23.073 6.748 321.674 22.404 221.934 6.254 16.655 178.442 180.444 24.539 333.376 331.992 20.961 273.381 228.652 22.079 53.657 266.005 24.106 172.492 184.219 24.803 444.396 395.112 25.561 143.357 259.954 25.237 176.558 271.203 23.226 137.216 112.689 25.330 271.804 376.413 18.950 476.462 292.300 22.287 97.848 296.309 25.577 485.440 128.195 22.460 392.390 174.459 20.581 233.936 168.493 18.406 276.046 388.577 20.292 120.963 321.882 24.787 47.761 73.426 23.043 408.815 424.583 27.024 81.676 172.551 25.537 314.913 226.418 20.498 382.744 436.386 25.252 482.592 345.115 22.235 361.019 146.835 16.932 2.311 228.855 24.035 393.555 309.144 22.228 19.272 40.527 23.848 192.101 338.523 17.933 462.303 431.123 24.251 225.557 234.182 20.471 63.502 485.736 25.038 185.875 48.000 19.356 115.391 290.300 25.164 12.703 117.788 24.413 211.440 166.673 20.802 91.705 221.534 24.961 68.168 198.726 24.894 379.995 119.625 19.335 493.476 432.641 23.815 321.890 424.301 23.840 230.435 76.069 15.979 415.738 105.690 19.787 427.590 79.456 20.542 202.731 34.268 18.347 125.625 160.092 26.943 110.819 86.198 24.825 17.622 19.789 26.169 107.973 300.698 25.842 52.412 247.646 25.376 120.847 260.031 24.743 80.574 442.494 24.857 308.829 25.711 17.051 429.961 413.461 26.027 116.875 70.094 23.212 417.414 488.549 23.050 282.327 307.241 18.938 28.176 180.199 23.108 359.489 314.475 20.912 322.271 276.015 20.924 373.638 211.265 21.484 144.953 18.231 21.736 369.054 407.514 23.976 192.298 139.923 21.617 201.685 275.917 20.148 469.960 97.578 21.651 451.180 499.749 26.787 10.490 413.668 24.711 282.005 208.858 21.039 123.057 53.130 22.813 285.965 337.823 19.592 425.382 160.695 20.379 457.975 400.727 24.592 174.780 22.981 20.507 340.005 117.098 16.173 480.079 56.558 21.840 3.250 0.406 25.568 278.246 131.044 15.197 152.569 229.248 25.205 212.507 283.688 20.162 229.076 413.057 19.513 235.692 143.166 14.871 379.933 456.587 24.160 103.348 489.004 23.706 345.866 249.968 21.851 197.902 341.223 18.754 127.029 44.187 22.862 308.158 420.883 22.858 354.960 205.054 20.198 0.806 346.048 23.343 169.594 179.493 26.032 245.874 191.985 19.997 56.645 61.614 22.201 415.214 499.581 24.986 497.976 499.695 25.027 242.723 267.891 19.563 342.350 377.596 21.971 388.802 372.394 26.460 231.048 343.770 18.386 286.321 171.894 20.371 159.916 167.440 26.346 464.917 289.115 23.009 153.992 178.889 26.995 43.761 407.624 24.150 375.354 479.987 22.058 402.422 413.971 26.406 471.860 339.479 22.119 388.291 295.995 22.756 277.097 192.694 19.669 448.009 303.438 21.936 117.731 364.579 25.007 160.945 1.850 22.148 452.263 354.162 21.997 419.705 159.654 19.209 82.435 253.590 26.077 45.702 105.504 24.566 483.436 259.275 23.981 223.982 427.155 19.396 313.923 408.062 22.481 457.423 499.257 26.435 137.214 297.668 25.038 459.950 292.088 22.621 271.163 116.823 13.640 445.136 99.002 20.405 27.977 103.994 24.880 421.439 224.508 21.122 88.411 38.647 24.117 93.580 321.654 26.695 443.983 321.093 22.148 148.555 308.306 23.378 345.637 345.437 21.053 47.779 414.201 25.263 420.555 177.670 20.756 93.125 124.521 28.893 172.615 216.578 21.939 346.704 214.818 20.897 143.407 481.576 23.273 313.906 161.195 16.158 394.669 216.787 21.395 367.508 383.886 24.760 267.183 182.548 20.655 374.281 240.270 22.385 267.358 110.723 14.869 451.903 23.756 24.646 16.663 153.904 24.513 384.273 229.326 21.658 175.824 414.445 21.054 305.575 6.273 16.842 318.044 173.087 18.051 240.165 104.185 16.026 173.092 482.218 22.859 188.029 88.458 20.701 469.720 109.121 22.249 485.095 264.720 25.214 96.169 30.622 22.416 322.285 149.774 15.254 57.645 366.794 27.476 110.406 470.089 23.499 255.552 61.204 14.155 8.097 376.782 25.167 440.383 426.875 24.915 215.637 476.189 18.956 343.253 84.618 16.214 217.484 309.102 18.270 250.263 222.083 21.730 367.756 456.394 23.832 442.938 475.441 25.536 378.024 104.407 19.246 13.852 178.939 23.177 134.067 351.731 25.093 92.349 270.911 25.624 490.390 389.303 25.200 390.290 157.637 20.529 103.699 201.754 26.617 228.013 92.318 16.264 174.091 281.284 22.866 274.624 397.408 20.736 190.072 72.879 18.810 280.972 332.796 19.889 256.614 284.746 19.173 284.161 439.954 19.203 97.945 166.444 24.883 255.753 196.559 20.837 153.442 488.488 22.522 364.333 334.814 21.319 277.612 463.332 17.666 211.591 333.268 18.265 306.598 282.126 19.144 404.404 18.802 21.243 434.336 265.273 20.174 123.761 436.987 23.994 91.480 290.103 24.668 492.917 147.252 23.036 222.414 78.924 17.589 441.888 5.255 26.454 123.142 377.207 26.377 287.716 24.425 15.674 276.465 43.176 14.151 376.210 168.234 19.482 97.032 160.255 26.384 110.193 212.837 27.867 161.608 85.751 22.423 242.703 5.180 15.545 243.426 345.736 18.191 208.073 124.332 18.515 415.994 179.683 20.544 428.382 474.186 25.289 409.203 364.748 24.340 105.690 199.164 26.837 240.030 413.238 20.285 408.750 351.991 24.821 375.812 42.437 18.781 454.876 333.580 22.987 399.423 68.910 21.117 367.730 331.110 22.207 392.783 367.346 26.771 475.819 55.090 22.222 279.810 148.841 17.899 377.291 436.008 24.564 259.732 359.636 19.646 466.775 357.501 23.063 468.115 455.581 25.922 413.017 254.302 20.343 142.880 320.581 23.667 480.801 13.731 24.801 305.571 173.621 19.116 121.133 41.843 22.607 315.412 363.119 22.590 77.066 56.495 22.418 386.983 418.869 25.856 175.636 359.530 20.623 179.399 364.487 20.685 340.717 337.987 20.760 433.949 475.169 26.521 322.741 241.160 19.999 428.942 290.285 22.853 291.814 69.897 13.501 32.287 482.870 26.529 412.472 40.047 22.061 253.890 128.246 15.081 315.848 301.999 19.963 27.052 345.433 24.885 122.526 363.401 25.254 302.891 233.032 19.980 259.952 314.681 18.452 4.724 223.341 24.227 339.799 228.090 20.313 421.728 389.602 26.784 48.610 41.139 22.676 275.312 493.294 16.326 130.771 418.586 24.863 214.211 290.131 20.814 137.351 269.936 24.650 354.958 118.700 16.315 282.826 141.524 16.165 361.860 0.590 20.130 307.314 19.518 17.027 366.213 7.165 20.115 471.783 265.482 22.084 16.235 463.978 26.143 3.101 213.013 24.055 63.340 147.139 26.825 342.585 19.660 18.340 400.309 271.694 22.574 422.316 142.782 19.733 178.013 498.705 22.255 317.958 8.599 17.448 326.499 456.062 20.370 245.470 273.229 19.285 181.624 383.359 20.534 227.592 479.375 17.521 398.046 5.848 21.786 79.164 128.779 26.514 71.261 267.116 24.664 58.191 449.957 25.573 475.039 48.126 21.825 103.334 238.344 26.014 411.607 1.132 23.305 174.643 160.122 23.984 437.681 284.190 21.744 432.954 382.634 24.649 338.846 385.857 21.352 62.643 133.956 27.307 350.937 455.500 20.979 103.789 28.951 23.013 190.309 43.991 18.783 86.910 325.727 26.401 296.306 421.308 21.799 254.258 4.448 14.514 309.630 151.215 16.395 362.964 50.303 18.136 359.703 302.034 22.358 329.159 191.997 18.505 195.895 239.673 21.628 139.131 199.484 25.931 425.493 362.953 24.486 335.898 493.527 18.683 447.524 116.749 21.374 259.031 278.393 18.315 239.440 172.658 19.389 84.110 116.945 26.120 138.902 407.816 25.833 241.313 166.777 17.836 19.054 246.002 24.320 186.552 81.177 20.164 385.339 276.584 22.968 96.857 437.642 25.207 322.238 214.516 19.575 435.480 93.460 21.022 225.549 73.524 17.197 231.683 211.909 20.806 487.944 369.493 24.677 204.792 448.734 19.938 135.924 252.758 26.181 13.125 360.631 24.716 67.469 184.905 24.461 171.944 0.849 22.089 203.770 152.705 20.922 151.763 188.373 26.845 108.547 450.343 25.561 280.177 7.383 16.868 209.033 44.341 17.302 474.484 85.051 22.359 227.030 270.403 20.173 344.462 421.163 22.481 491.039 351.032 23.147 256.052 319.331 18.070 305.116 100.628 14.982 323.344 37.154 17.509 256.690 481.975 16.152 300.353 419.782 22.831 290.559 167.499 18.927 10.083 375.492 25.820 169.041 209.969 23.899 258.482 227.935 21.078 114.651 376.006 25.395 289.361 272.262 20.235 155.378 124.988 24.375 98.579 129.609 27.644 193.026 495.834 20.407 335.104 217.348 19.130 95.365 25.852 23.230 155.118 430.179 24.438 148.280 171.737 26.506 269.394 348.422 19.705 49.693 469.607 25.962 113.041 231.618 26.452 34.544 315.861 24.623 392.530 26.177 20.968 411.082 50.061 22.879 412.866 59.742 21.633 140.329 463.616 24.034 493.059 299.668 23.057 96.853 413.433 25.097 156.847 316.782 23.247 471.017 135.031 22.048 347.059 475.301 21.052 486.155 149.164 22.954 322.309 309.432 19.409 26.512 469.256 26.723 178.126 352.399 20.326 21.537 190.146 23.218 440.542 450.368 24.511 154.941 341.148 23.110 280.186 154.815 17.290 214.147 371.492 17.843 456.557 96.379 20.964 132.915 236.475 26.566 479.393 0.119 24.874 347.669 364.553 22.801 240.093 289.508 19.832 418.502 135.003 20.340 86.386 6.134 22.424 276.078 482.461 17.346 381.777 371.914 24.158 352.408 192.690 20.868 485.568 2.726 24.757 112.312 271.153 25.838 186.211 15.000 20.800 417.334 199.765 21.390 345.148 146.541 17.214 182.319 135.596 21.266 86.125 124.452 27.389 252.349 442.755 18.561 470.440 489.769 25.727 41.492 375.521 26.183 187.487 259.842 21.012 431.148 431.385 25.495 143.473 46.365 22.934 331.201 392.303 22.284 486.480 4.100 24.667 135.798 241.606 26.698 290.034 452.429 19.693 284.897 18.261 15.359 268.547 420.389 21.020 119.025 470.411 23.626 4.648 272.282 23.089 130.463 151.043 26.319 298.056 327.935 20.087 476.990 167.078 22.623 309.667 465.035 18.839 438.427 167.225 21.818 322.194 289.839 21.242 477.580 43.674 22.209 338.556 85.295 16.002 438.447 143.241 20.032 209.825 365.619 18.089 291.812 427.262 21.627 247.682 253.692 20.809 343.115 309.875 21.767 382.557 498.856 21.908 65.019 4.067 24.952 174.676 82.365 20.946 370.835 352.316 24.867 232.650 222.205 20.383 107.732 65.201 22.229 326.215 129.583 15.907 122.888 490.107 22.957 368.535 13.532 19.945 154.433 222.728 25.544 224.894 159.800 17.900 3.118 487.325 24.549 384.194 42.699 20.209 20.034 357.327 24.910 388.062 136.232 20.365 347.862 339.575 21.677 67.348 396.693 25.982 135.322 365.082 24.975 494.270 49.327 23.138 475.746 332.076 23.444 144.900 6.497 23.164 264.571 419.484 20.802 292.099 105.624 15.742 106.501 327.688 27.300 4.259 97.161 23.688 420.842 284.887 21.247 88.798 437.582 25.828 62.306 283.145 23.010 421.806 45.117 21.912 97.767 153.435 27.457 251.838 168.172 18.945 197.423 483.599 20.167 476.361 408.195 25.042 402.842 153.402 20.501 434.927 185.054 20.894 103.378 499.823 23.780 27.316 202.410 24.020 98.865 37.694 22.405 48.681 30.960 23.170 378.449 488.227 21.805 64.622 279.384 23.858 258.616 166.655 19.476 474.770 25.510 23.742 218.964 490.757 16.365 122.807 72.547 24.015 106.671 13.174 24.651 440.044 414.853 25.008 56.562 268.394 24.473 178.815 65.157 20.388 342.631 249.072 21.774 161.896 323.143 23.955 149.691 315.880 24.463 424.784 323.714 23.942 146.494 400.038 26.106 175.281 371.021 21.346 79.623 164.008 26.480 422.383 362.377 23.847 5.293 311.607 23.173 251.087 397.558 20.696 5.194 78.916 22.589 204.050 326.260 18.600 344.223 380.677 21.714 340.525 463.079 21.045 345.463 110.899 17.077 199.804 247.699 22.567 173.074 426.704 21.080 490.936 485.608 25.179 235.539 43.993 15.068 286.177 264.603 19.580 473.419 191.949 24.339 405.617 307.711 24.023 344.486 431.933 22.995 373.882 427.297 24.316 124.977 334.382 26.160 488.789 421.059 24.536 149.045 142.849 24.392 128.021 94.913 25.393 104.136 439.855 25.156 23.201 54.932 23.893 28.997 314.962 25.142 481.458 183.747 24.719 170.692 264.774 23.105 412.207 394.630 26.603 492.259 208.825 24.487 489.801 327.497 21.982 188.801 110.700 20.718 388.737 0.377 23.261 46.193 181.042 23.116 3.933 437.334 25.613 477.044 463.344 25.854 417.230 43.469 23.474 365.765 225.411 21.795 80.591 334.417 26.198 430.555 419.551 24.792 107.548 147.761 27.204 24.894 499.016 26.828 287.421 331.460 19.534 57.172 343.120 26.239 404.698 211.220 20.866 432.549 486.861 24.833 264.943 392.179 20.974 89.388 216.118 26.811 434.558 6.024 25.180 207.388 383.703 18.899 156.258 482.131 23.563 13.837 5.673 25.817 402.897 67.584 21.817 153.123 375.339 23.001 447.375 18.441 25.814 184.641 285.234 21.513 135.318 186.850 26.627 266.717 357.259 19.843 471.499 176.952 22.899 255.584 443.935 18.424 75.732 187.101 25.114 390.668 240.584 23.544 399.718 258.437 22.219 36.371 134.658 24.004 238.867 372.301 18.113 81.917 242.811 24.861 21.220 93.595 22.967 105.390 23.547 22.984 431.886 173.250 20.550 96.027 48.652 22.901 5.464 37.651 22.867 250.184 356.714 19.216 353.401 277.245 23.323 139.642 302.357 25.358 411.770 123.192 19.085 463.135 74.674 22.148 470.431 78.589 22.503 154.651 38.355 21.787 127.324 318.831 24.364 321.882 400.383 23.479 428.635 463.346 26.263 432.091 394.169 25.996 320.463 252.981 20.661 463.526 5.968 26.237 203.139 293.913 20.104 250.144 481.915 15.942 112.038 258.355 25.864 419.647 4.119 24.249 90.584 451.203 25.887 332.978 247.779 20.099 122.664 204.226 26.445 254.774 54.231 14.729 403.770 239.490 21.907 71.698 0.656 23.710 415.189 450.746 26.323 6.966 371.280 25.577 64.242 56.095 22.408 489.006 279.342 24.120 431.545 235.388 22.352 9.018 266.206 23.830 418.112 174.768 20.679 296.643 475.046 18.623 4.681 332.947 22.867 44.107 328.051 23.757 94.998 483.571 25.736 447.255 498.655 25.798 227.226 300.542 20.041 204.568 462.273 18.249 58.190 71.324 23.615 429.573 97.418 20.846 120.492 301.872 25.561 452.061 203.490 23.141 398.328 150.181 20.380 36.911 405.651 23.913 8.784 395.652 24.808 371.831 463.487 22.306 107.798 152.279 26.437 352.251 475.647 20.352 34.768 450.911 26.726 374.919 55.879 18.022 352.400 130.661 15.993 12.369 38.449 23.278 291.615 461.592 18.190 428.343 450.133 25.466 39.915 166.436 24.020 264.356 364.664 19.841 281.310 226.368 20.543 321.958 412.745 21.907 222.036 463.949 19.006 17.847 141.439 24.990 233.126 177.762 18.660 306.215 468.534 18.448 259.816 172.860 19.830 310.028 430.824 21.904 405.610 74.065 20.301 474.428 302.622 23.867 472.409 0.084 25.558 388.700 440.165 25.422 494.497 74.152 22.096 104.794 51.785 23.682 321.214 293.829 19.724 220.625 357.787 16.869 314.269 71.644 15.047 130.980 98.541 25.272 272.855 102.988 13.375 295.197 299.961 19.540 78.156 180.040 25.255 473.540 154.482 22.257 188.508 383.719 19.436 356.248 292.482 21.897 280.607 139.241 16.549 166.824 427.208 23.041 190.069 297.606 20.311 314.584 400.074 22.152 243.404 441.466 18.145 303.105 92.414 14.239 0.383 186.881 24.257 468.480 209.790 23.239 422.499 486.292 25.214 221.962 303.155 19.755 99.489 273.455 24.864 242.925 216.559 21.569 124.951 499.848 23.097 344.117 5.158 18.585 21.576 340.140 23.688 157.876 242.623 24.140 487.327 308.877 22.734 28.810 142.816 24.952 312.515 62.346 14.517 212.562 254.478 22.273 270.691 365.090 20.010 109.765 47.033 22.459 484.529 156.531 24.337 424.293 334.599 23.101 420.886 464.829 26.051 72.506 68.525 22.202 475.423 222.167 23.906 483.576 142.629 23.068 354.698 103.439 17.167 268.992 333.683 19.995 460.988 225.814 23.520 426.843 314.314 22.564 234.591 327.452 17.411 58.439 153.839 24.943 240.688 432.652 19.436 316.486 296.719 18.895 35.746 474.546 26.859 178.685 129.431 22.411 112.156 0.099 24.271 242.656 401.006 20.858 431.397 222.780 24.228 172.405 463.238 21.499 24.784 421.616 24.758 389.150 5.573 22.068 305.099 369.416 21.620 41.525 0.260 26.409 35.644 11.048 25.200 225.127 3.205 17.504 8.880 81.702 23.211 353.014 68.481 18.065 304.639 156.330 16.657 169.348 499.679 23.370 427.367 242.873 20.978 143.909 352.647 23.512 385.623 239.929 22.736 123.639 170.314 26.916 484.424 425.278 25.128 101.765 233.652 25.496 81.243 381.528 26.296 486.890 383.030 25.843 298.241 271.978 19.522 481.028 297.406 23.235 247.999 6.354 14.432 145.386 489.042 23.742 348.308 105.005 17.316 220.740 118.645 15.977 365.188 44.256 18.523 323.066 108.234 15.435 115.199 388.415 24.618 443.264 332.580 23.033 294.129 334.877 20.183 294.732 457.811 18.492 174.001 71.118 20.179 93.834 172.447 25.448 381.711 15.577 21.301 312.619 326.143 21.508 10.360 296.201 23.261 341.020 424.581 22.899 382.219 406.453 24.965 322.117 178.549 17.681 237.504 358.104 17.840 322.524 55.551 16.076 472.659 185.033 22.553 277.072 221.119 20.879 256.639 258.620 19.111 363.979 184.685 20.754 147.842 104.972 24.432 388.915 468.540 24.535 325.328 174.323 17.407 481.541 283.559 23.183 194.242 186.041 23.297 231.031 203.889 20.039 383.753 176.152 20.420 489.839 378.029 25.664 50.565 407.025 25.629 392.981 33.996 20.965 290.027 341.089 19.326 179.501 5.094 21.503 142.400 271.985 24.797 206.022 245.456 21.072 37.206 223.837 25.830 421.678 264.902 20.316 303.294 387.414 21.492 137.307 320.642 24.748 353.612 29.969 18.006 316.084 371.428 21.520 125.358 375.735 25.903 167.836 6.248 22.834 497.815 239.627 24.358 268.165 130.622 13.961 342.906 55.388 16.490 117.652 190.628 26.784 104.593 164.470 26.892 484.560 180.682 25.374 250.083 499.356 14.662 83.352 360.727 26.530 79.719 469.511 25.040 236.067 216.539 21.019 69.880 311.536 25.553 392.950 493.594 22.328 129.059 462.453 24.111 169.214 25.122 21.116 253.321 368.534 19.407 404.701 421.322 26.341 150.054 6.778 21.952 467.814 183.351 22.595 407.473 55.684 21.582 207.139 129.892 18.050 367.935 61.667 18.024 491.038 66.575 22.367 125.502 430.770 25.062 189.814 476.024 20.792 57.187 36.754 23.595 459.726 177.285 22.597 167.640 421.851 22.265 185.334 419.317 20.802 297.659 204.801 19.684 453.020 55.986 23.278 285.027 154.944 16.507 390.554 228.540 22.548 460.348 162.920 22.023 265.868 435.236 21.067 450.038 210.026 22.628 128.107 425.969 24.237 79.447 30.957 23.992 444.924 61.861 23.539 78.344 451.670 26.002 451.239 334.627 22.466 6.220 50.161 23.305 465.785 474.505 26.387 403.351 234.554 21.600 92.489 110.994 28.044 439.082 11.867 26.039 186.881 288.568 20.840 212.653 494.177 17.182 455.316 350.294 23.337 102.566 290.348 25.533 209.383 54.591 17.078 78.374 408.262 26.323 272.721 57.496 14.372 443.310 10.974 26.413 84.949 250.292 26.612 205.558 481.406 18.419 42.330 172.489 22.997 13.366 458.093 25.421 469.051 12.634 26.057 252.714 19.758 14.479 374.264 345.218 23.507 218.485 444.667 19.201 286.225 498.212 17.310 368.207 99.073 17.424 131.502 91.888 24.720 220.222 55.678 16.138 234.458 364.100 17.725 282.288 12.853 17.589 213.243 174.375 19.398 445.259 247.979 20.372 354.428 286.392 23.387 173.452 413.171 20.426 485.288 92.102 23.919 222.082 18.323 16.308 252.775 430.508 18.616 215.210 254.420 22.243 149.136 160.604 26.720 92.817 347.685 26.304 362.900 169.277 19.271 163.234 49.191 21.262 335.458 105.985 16.028 255.613 234.937 20.480 307.753 0.588 17.530 114.994 5.521 22.302 105.218 478.941 24.301 367.217 436.719 24.665 294.897 0.530 17.700 44.124 430.798 26.398 480.438 223.731 23.953 196.507 73.970 19.317 249.425 7.855 14.598 87.260 335.960 26.138 438.791 125.185 21.734 94.148 391.359 24.376 311.631 23.571 16.474 157.351 456.107 23.445 128.717 169.131 27.577 346.311 158.941 17.846 11.388 271.677 23.163 347.893 154.118 17.660 301.067 339.973 19.348 254.300 84.313 13.953 335.033 229.108 20.142 306.402 397.146 21.214 135.679 34.723 22.211 34.959 328.204 25.431 16.843 438.981 25.511 134.539 488.519 23.213 486.820 413.853 24.292 498.326 452.002 24.323 307.987 456.660 19.825 361.073 32.137 18.241 301.380 44.196 14.933 277.785 105.670 13.419 172.644 387.449 21.137 183.250 339.183 20.287 104.126 228.312 25.592 240.247 19.114 15.102 375.707 406.624 25.170 388.192 324.821 22.818 446.144 315.658 22.261 55.752 14.221 25.140 409.833 104.050 19.635 180.569 293.171 20.917 253.436 288.279 19.819 476.864 246.149 23.169 119.402 193.705 26.522 6.416 270.867 23.877 47.736 499.182 24.886 37.017 151.506 24.697 151.308 86.176 22.859 22.823 188.193 22.250 68.409 223.798 24.540 400.643 448.770 26.499 338.912 207.938 21.113 61.956 407.218 25.506 308.024 405.631 22.373 375.974 110.317 18.073 448.486 60.723 23.627 496.869 92.277 22.794 414.070 184.072 21.344 365.014 350.708 22.887 235.078 150.381 14.974 49.847 81.550 22.765 259.232 42.889 15.214 194.471 103.908 19.355 53.238 289.095 23.430 393.740 123.346 19.334 453.075 472.322 26.127 224.492 295.146 20.130 413.967 240.103 21.358 275.817 431.501 20.970 360.399 339.258 23.006 14.091 130.897 25.350 379.178 463.247 23.332 134.340 460.543 24.605 125.370 99.448 26.153 172.858 204.737 21.999 475.872 4.968 26.112 449.108 383.664 24.463 499.349 161.336 22.895 197.846 196.816 22.218 275.021 373.760 19.776 359.317 363.709 23.514 157.065 494.246 23.421 432.493 371.609 23.447 334.470 438.904 21.275 135.945 135.385 25.963 91.048 352.107 26.370 387.536 382.998 24.839 473.217 241.036 24.063 428.536 207.899 22.915 355.542 347.776 23.231 113.441 98.772 26.093 144.527 35.427 21.779 246.200 425.557 18.999 236.071 301.809 18.931 271.566 227.544 21.499 132.899 438.893 24.370 413.684 25.950 21.394 336.975 397.135 22.740 193.011 326.635 19.796 347.321 451.268 22.751 278.395 178.614 20.793 127.751 4.669 23.600 12.701 250.019 24.169 408.559 32.149 22.451 348.030 260.963 23.185 117.081 165.846 26.519 89.255 365.031 26.187 38.018 433.335 26.316 107.134 492.565 23.903 458.984 263.684 22.260 158.531 278.569 23.740 456.378 495.753 26.579 105.606 318.164 25.917 9.291 0.650 25.158 349.998 344.796 23.186 131.346 46.482 24.054 453.928 226.998 23.195 330.996 498.868 18.755 286.408 111.229 15.688 295.353 488.076 17.315 124.330 385.030 25.321 289.793 421.872 21.608 107.808 365.469 27.540 405.632 320.892 23.864 390.329 165.868 20.265 461.865 123.276 21.569 455.039 458.503 24.727 157.918 155.432 24.129 498.404 124.446 22.657 188.934 401.147 19.965 193.042 443.290 19.911 185.915 377.887 21.161 336.059 350.308 20.418 72.041 42.086 23.414 436.153 468.770 26.027 150.623 120.653 26.089 239.112 407.310 19.950 428.509 171.387 19.956 342.030 487.504 18.751 296.092 278.848 18.866 252.060 363.890 19.631 143.796 332.470 23.918 31.337 74.249 22.865 70.629 279.439 24.289 40.710 203.958 24.121 217.772 159.199 17.632 106.785 426.236 25.179 176.609 467.537 20.898 328.619 30.047 17.117 21.593 68.144 22.682 474.009 381.456 24.530 296.244 185.269 20.999 199.516 256.136 20.520 9.402 363.030 25.013 43.213 4.778 25.766 269.764 221.946 22.245 363.752 306.908 21.581 231.516 442.670 19.492 139.718 99.840 25.658 377.359 419.713 24.330 266.438 91.128 14.209 418.362 145.375 20.183 263.021 296.933 18.883 429.160 148.397 21.000 378.172 340.813 23.214 2.036 19.053 25.196 272.468 277.506 18.800 212.734 430.044 20.756 195.978 173.711 22.734 344.579 270.010 23.185 321.251 328.975 20.569 188.557 425.383 19.394 126.107 307.822 25.379 175.868 150.612 24.152 281.096 37.882 14.904 234.473 462.247 17.544 90.998 303.271 24.537 15.706 240.064 25.050 234.680 265.529 20.077 373.527 18.201 19.636 436.953 395.046 25.962 305.812 192.080 19.799 437.623 330.901 22.135 126.303 353.009 25.603 5.678 445.489 25.788 286.937 248.342 20.069 95.969 325.322 25.989 271.693 488.763 16.976 362.093 269.033 22.857 361.527 203.082 20.521 415.982 30.238 22.512 247.417 353.936 18.662 18.824 160.616 24.362 491.009 94.251 22.315 297.904 81.416 14.086 220.401 61.841 16.814 457.523 294.990 22.649 7.966 418.674 24.393 364.161 481.882 20.518 241.943 240.160 20.193 182.216 320.635 21.533 277.120 296.634 19.309 465.772 278.222 22.948 423.882 340.203 22.875 163.757 6.719 23.194 81.681 306.617 24.127 160.643 140.067 24.696 161.989 499.100 23.004 206.195 394.389 19.753 331.790 482.301 19.262 127.067 8.213 24.031 68.560 161.331 25.411 65.227 378.110 26.397 195.596 15.847 17.136 190.782 437.930 19.850 258.414 29.824 14.615 397.349 16.517 21.056 122.836 327.374 25.625 100.887 213.778 28.006 52.115 162.100 24.868 78.706 233.155 25.956 64.255 436.146 25.118 164.331 217.060 23.226 377.696 18.193 20.696 330.533 101.809 14.319 108.855 246.512 25.811 279.379 351.623 20.611 456.944 482.799 25.192 295.126 142.141 15.767 303.142 488.522 17.752 349.823 210.867 21.277 174.662 211.437 21.698 118.260 110.815 26.783 230.615 321.429 17.650 366.301 424.095 23.331 348.074 333.203 20.982 337.838 72.589 15.174 37.023 71.699 22.937 0.636 334.118 22.486 319.144 184.308 18.835 35.129 7.288 25.258 171.844 486.531 23.078 136.721 122.209 26.227 109.918 105.350 26.987 209.745 179.226 19.678 60.373 463.799 25.924 459.542 241.633 22.474 480.540 140.386 21.732 74.216 418.959 26.010 165.534 451.599 21.903 424.099 26.076 23.592 330.582 402.130 21.510 494.381 109.531 22.712 318.766 358.113 20.548 456.922 410.938 23.317 467.795 36.075 22.313 344.271 468.015 20.994 384.619 199.534 21.304 496.867 44.008 22.299 414.825 461.822 26.489 237.804 351.729 18.498 21.416 266.700 24.044 458.822 302.866 21.840 88.709 26.057 23.924 169.108 259.887 22.777 162.779 442.851 23.120 422.653 117.422 19.940 62.134 270.887 23.918 401.971 99.817 20.446 102.015 251.235 24.947 370.898 7.802 21.614 30.643 358.294 25.252 85.382 438.853 25.868 241.575 329.109 17.338 23.776 476.160 26.094 312.600 4.945 17.871 229.289 439.646 17.646 71.299 466.644 26.322 358.741 86.096 18.508 447.359 179.780 21.757 353.547 424.629 22.773 483.896 364.423 25.016 310.051 364.714 21.699 100.536 54.247 22.947 263.435 72.017 13.340 0.797 250.136 24.690 79.451 302.189 24.927 294.076 136.251 16.013 50.907 381.737 26.514 297.193 180.570 20.178 490.605 338.239 21.502 374.643 63.014 18.257 19.972 351.122 24.932 173.358 222.900 21.883 204.012 432.698 20.263 211.820 444.019 19.215 481.796 136.698 22.597 470.476 322.407 22.695 215.522 326.920 18.720 446.779 478.005 26.287 75.205 196.388 25.959 311.267 419.485 22.997 416.462 86.192 20.796 255.152 104.699 14.388 378.247 80.846 17.227 259.269 472.563 17.116 183.918 389.161 21.034 108.676 265.328 25.755 6.984 137.012 23.645 113.305 198.509 25.560 282.108 372.058 20.165 323.264 270.761 21.248 95.071 455.697 25.479 72.982 424.069 25.327 45.820 252.695 24.832 163.154 414.720 24.092 493.211 12.126 23.538 201.916 0.381 18.736 376.778 270.286 22.247 434.484 106.432 19.605 270.039 19.517 14.895 74.711 230.864 25.107 428.362 266.925 20.356 372.053 402.998 24.187 19.308 481.213 25.214 185.323 468.804 20.712 291.796 308.474 19.795 180.777 2.292 20.837 450.021 171.809 21.886 136.885 84.470 24.077 331.404 85.045 14.918 465.589 129.023 21.530 287.111 185.724 20.179 159.981 17.921 20.974 259.193 92.613 13.795 69.589 173.602 24.630 25.067 35.422 23.649 327.909 348.712 20.185 279.885 390.634 19.968 11.771 134.391 24.564 202.192 189.451 22.808 339.223 468.983 20.503 315.722 142.130 15.676 436.563 23.640 24.608 299.919 322.557 19.482 183.626 213.753 20.864 194.189 400.562 19.985 499.727 233.551 23.625 423.879 432.774 26.326 241.655 55.518 13.991 234.582 498.268 15.276 435.363 302.719 23.326 253.098 44.675 14.479 162.596 256.602 23.587 422.749 409.358 26.089 265.430 238.864 20.798 85.712 192.641 25.624 108.217 414.176 25.270 487.402 481.421 24.213 52.918 91.069 23.753 214.634 229.935 20.293 427.063 440.131 26.444 130.553 27.425 23.000 120.729 198.916 26.064 235.498 204.758 20.876 303.350 48.884 13.147 22.907 376.001 24.544 93.800 60.291 22.357 217.235 219.788 19.824 6.163 222.398 24.070 320.079 483.144 19.486 76.678 79.735 24.042 499.859 370.664 25.039 28.282 48.454 23.557 0.453 221.488 25.259 344.611 74.905 16.071 130.963 125.366 26.788 22.859 491.337 24.420 276.472 236.380 21.359 488.982 281.668 23.158 152.041 105.214 23.516 356.544 488.264 20.355 421.129 93.811 20.645 421.333 153.774 19.099 323.747 5.502 18.010 463.978 98.969 22.054 5.292 412.948 25.919 443.160 310.314 22.670 246.157 115.715 14.634 178.171 86.431 20.876 445.624 142.158 20.628 154.910 322.290 24.580 73.202 369.214 26.146 106.257 383.649 24.642 357.350 475.238 19.932 160.911 419.572 23.653 254.205 117.402 14.429 466.595 93.373 22.217 3.447 105.883 23.833 264.202 321.560 18.666 319.751 235.558 20.623 18.321 378.987 25.107 13.928 432.138 25.269 452.725 243.303 22.291 340.440 390.309 21.937 65.439 289.858 22.913 186.866 35.308 18.254 433.023 43.971 23.870 449.218 405.843 25.113 197.596 31.465 17.996 328.455 389.485 21.740 66.111 18.414 23.927 153.937 191.408 25.954 282.656 281.880 19.602 411.466 362.825 25.142 186.844 186.179 23.217 89.978 337.356 25.522 245.404 224.429 21.485 360.580 465.201 21.803 266.182 0.987 15.469 39.697 141.014 25.321 377.760 284.372 22.978 212.856 84.428 19.546 252.853 413.200 20.706 137.749 456.690 24.916 159.130 404.946 23.066 476.578 240.539 23.574 214.775 193.790 20.906 2.891 166.491 24.439 448.698 135.969 21.022 279.785 259.181 20.478 258.684 142.966 15.888 155.870 284.911 24.566 75.805 297.023 24.675 437.656 209.340 22.053 296.012 56.564 13.397 24.081 130.404 25.053 442.802 452.489 24.278 143.655 253.732 25.443 365.692 340.476 23.076 380.805 239.212 22.600 339.075 14.748 18.589 117.134 456.758 25.207 230.621 86.980 15.271 406.086 174.579 19.104 354.420 220.711 21.660 336.137 5.044 18.905 126.467 28.720 23.221 371.932 66.581 18.267 109.118 323.060 25.671 370.068 335.578 23.187 459.359 489.149 26.143 138.915 477.006 23.256 489.338 395.774 25.600 318.474 248.801 20.160 298.891 296.329 19.980 466.324 83.577 22.643 464.053 105.328 21.601 387.047 333.017 22.782 387.167 54.271 19.502 132.524 260.147 24.864 49.478 209.506 24.001 350.384 182.200 18.870 360.131 389.079 24.832 414.278 1.893 23.945 10.160 31.273 23.736 21.066 401.593 25.010 298.382 369.632 22.051 60.377 287.878 22.439 354.253 449.577 22.655 460.584 358.235 22.810 37.482 198.397 23.589 396.124 267.089 23.166 151.448 245.755 24.622 106.724 389.620 25.290 14.944 475.474 24.392 272.780 141.620 16.968 63.405 99.974 25.652 0.350 172.812 23.699 43.006 468.285 27.218 441.048 300.573 22.731 419.154 400.098 26.604 452.858 130.721 21.088 120.769 221.589 26.995 277.232 339.479 18.623 264.513 476.594 16.859 425.378 35.887 22.755 50.323 12.362 26.193 282.859 231.727 20.806 30.614 308.674 24.666 342.746 220.721 20.205 491.809 358.682 24.077 103.651 375.988 24.741 250.715 232.504 21.374 466.684 486.665 25.788 29.251 265.411 24.067 40.397 80.290 22.482 150.039 181.323 27.254 207.224 80.512 18.763 298.770 24.474 16.517 20.020 319.329 24.342 314.646 224.199 19.525 454.980 90.679 22.195 400.121 307.558 23.569 299.713 399.950 22.271 208.484 142.225 17.635 338.101 242.909 20.144 176.269 455.108 21.785 404.938 363.407 26.170 126.496 389.532 25.666 254.240 227.462 20.790 193.215 407.846 20.769 104.086 94.384 26.586 394.806 296.868 23.475 326.919 363.755 22.192 27.364 424.446 25.197 76.604 353.053 26.147 143.540 137.157 25.713 7.653 209.891 24.610 184.293 57.715 19.455 475.495 480.502 25.993 104.411 44.060 23.160 81.261 0.995 23.597 430.719 400.201 27.020 3.131 131.261 23.871 223.136 395.334 19.103 164.826 91.656 21.545 492.204 396.214 25.576 293.406 273.396 19.369 43.806 443.506 26.506 207.233 50.031 17.215 314.016 184.984 17.749 476.486 28.183 23.750 467.955 470.804 25.453 320.883 191.281 19.187 335.942 19.469 18.041 89.455 284.308 25.084 492.273 137.284 23.622 299.568 344.255 20.834 362.177 468.973 21.753 150.562 264.718 25.095 205.617 121.142 18.696 374.662 451.024 25.206 408.903 438.986 27.280 341.899 191.788 19.193 257.294 450.283 19.577 63.214 431.716 25.711 17.495 277.351 24.326 19.075 12.162 25.340 161.543 494.147 22.468 25.744 308.813 24.711 205.150 269.439 20.797 493.668 222.887 23.854 421.009 353.103 23.415 300.588 259.399 19.124 365.153 177.503 19.556 62.619 197.316 25.409 93.615 396.835 25.252 287.166 96.249 14.189 406.744 242.381 22.350 69.507 467.372 25.382 253.409 399.735 20.542 185.406 449.254 21.418 242.272 184.556 19.800 220.009 473.018 18.293 2.398 351.731 25.124 224.108 389.057 19.156 398.864 458.759 25.387 362.760 5.210 20.115 8.311 470.202 25.169 284.500 375.259 20.346 250.003 147.685 14.802 145.458 99.522 25.854 426.401 485.914 25.549 436.438 408.992 25.094 16.535 487.092 25.301 45.865 68.959 23.296 204.168 303.880 19.198 49.990 220.738 25.408 380.882 153.186 19.869 63.064 0.030 24.921 252.611 382.696 19.868 335.554 487.033 19.961 229.737 217.255 21.031 458.022 104.236 21.091 419.974 426.581 26.565 157.458 265.151 24.034 420.288 61.497 22.630 486.530 334.507 22.363 335.600 430.252 22.198 392.710 5.029 22.298 346.443 6.430 18.398 269.265 492.028 15.620 92.171 313.139 25.049 324.312 25.225 17.489 208.739 277.538 20.156 52.170 6.169 25.386 78.805 141.597 26.353 365.252 403.344 22.660 418.430 348.248 24.508 486.720 10.833 24.441 442.286 160.420 19.790 66.989 301.284 23.110 491.342 301.347 24.178 368.165 73.925 16.909 460.488 381.145 24.622 324.945 235.748 20.338 277.830 116.653 14.800 2.900 389.674 25.428 480.827 394.963 25.312 233.439 174.670 19.392 234.228 453.681 18.070 463.133 456.018 24.415 484.638 55.573 22.356 427.534 18.597 22.603 0.921 356.802 24.399 212.175 269.686 20.677 159.422 123.835 23.395 402.247 316.063 24.327 451.453 147.396 20.353 195.768 219.386 21.148 166.196 22.013 21.053 174.841 0.237 22.214 356.134 497.941 20.484 410.773 91.386 19.822 281.584 59.990 12.881 85.540 227.859 25.528 369.163 86.704 18.652 382.774 19.859 20.774 384.608 389.220 25.883 373.550 138.011 18.772 365.724 190.507 20.492 294.109 432.590 21.808 420.143 228.855 21.136 80.417 109.851 27.300 32.260 177.927 23.266 121.369 288.629 25.629 207.980 470.279 18.672 330.248 12.511 18.830 366.496 448.685 23.019 343.106 481.473 19.765 426.813 326.804 23.246 187.386 359.814 20.873 446.795 93.012 20.695 392.497 468.897 23.460 33.193 216.286 25.685 25.230 405.984 25.223 271.584 189.040 20.662 174.136 5.543 23.092 207.074 0.839 18.365 26.872 12.999 25.505 176.559 424.713 21.124 290.417 316.487 18.665 138.878 327.157 25.344 75.964 324.623 25.566 54.675 462.014 27.536 251.307 209.249 21.071 475.065 130.415 21.441 497.966 436.234 25.498 313.379 414.182 22.744 496.741 413.288 25.024 258.699 54.745 14.892 124.135 372.167 25.567 128.913 104.414 25.922 301.914 362.646 21.451 290.972 499.425 17.746 51.689 253.174 24.113 50.776 49.238 23.628 69.260 481.090 25.760 303.074 291.284 19.410 251.893 59.606 14.393 59.330 389.135 27.458 450.226 394.931 24.882 420.176 308.506 23.081 455.010 364.349 23.207 90.909 462.389 25.751 43.188 5.360 25.856 87.703 137.238 27.883 4.297 154.184 22.929 180.300 441.609 20.956 318.137 24.131 16.953 91.744 267.104 26.365 150.415 392.648 23.825 242.820 197.230 20.573 344.120 371.729 22.674 218.888 295.714 19.410 53.655 164.792 23.884 73.979 125.576 26.415 65.328 474.679 26.097 131.984 303.084 26.059 8.115 414.740 24.405 350.475 445.152 22.496 240.590 275.807 19.120 292.219 42.764 14.828 463.263 246.973 23.171 239.145 67.624 15.048 188.374 53.567 18.973 35.782 185.418 22.451 93.323 208.678 25.856 233.464 4.896 16.318 201.885 487.504 19.195 221.703 437.195 19.931 28.340 328.487 24.507 213.906 63.955 17.131 92.586 6.431 22.930 118.681 246.218 27.679 17.440 455.818 25.132 196.849 54.849 18.204 219.606 406.888 19.582 193.774 468.453 19.446 362.488 76.266 17.521 164.930 141.614 23.312 303.364 131.022 15.466 489.191 111.546 23.201 152.468 437.768 23.824 312.193 271.336 18.739 424.249 218.739 22.427 60.718 392.484 25.326 21.546 253.348 23.914 138.106 489.176 23.529 228.143 325.850 18.211 40.673 129.509 25.347 34.584 43.142 23.737 320.332 203.709 19.319 234.591 192.439 20.247 340.974 129.528 15.185 419.192 12.844 23.542 37.376 259.541 24.520 471.331 461.998 25.462 202.911 340.604 18.075 19.273 85.719 23.683 53.101 388.820 26.422 371.348 42.835 18.256 453.116 190.515 21.641 366.070 362.876 23.877 6.483 97.311 23.023 376.380 367.973 23.198 15.711 223.031 26.225 344.331 233.710 21.859 244.225 296.908 17.981 170.671 56.097 20.183 186.256 457.291 20.840 455.379 341.041 22.714 363.461 462.254 22.048 310.491 68.266 15.200 161.148 197.283 24.934 56.320 418.969 26.558 204.674 75.458 17.819 155.637 466.994 23.781 314.275 66.073 14.821 242.308 321.686 17.954 153.461 11.497 22.791 326.572 195.158 19.180 17.622 134.055 24.910 431.042 73.736 22.076 143.811 197.696 26.387 130.125 270.050 25.314 231.418 331.967 18.105 96.515 347.752 26.192 246.958 143.690 14.445 455.034 381.230 24.432 388.420 395.029 26.026 171.580 192.526 24.376 224.404 383.667 19.064 170.352 450.176 22.446 141.830 358.029 23.235 99.704 481.283 24.836 109.582 315.627 25.166 454.565 236.034 23.065 197.825 449.424 19.352 449.897 359.823 22.713 414.605 90.688 20.552 359.415 66.679 17.682 349.943 160.645 17.008 276.323 10.292 16.158 326.222 267.513 20.848 78.192 363.815 26.904 184.973 412.891 21.151 21.926 31.422 24.453 175.321 142.366 23.484 41.247 271.833 23.964 364.259 215.048 21.415 311.501 480.852 18.699 377.960 476.353 23.086 179.060 403.718 21.084 429.838 365.423 24.628 473.430 371.202 24.299 171.728 129.103 22.708 21.528 16.587 25.547 121.117 71.409 23.157 280.687 295.298 19.690 220.242 224.108 19.243 380.233 219.595 22.704 482.991 80.249 22.981 206.089 93.111 19.422 430.220 482.575 26.139 11.540 322.039 23.699 337.031 122.839 14.982 208.501 228.299 20.294 199.785 332.760 18.730 456.010 123.648 21.138 220.244 363.947 16.192 373.088 198.257 21.311 380.557 6.891 21.572 72.314 241.087 25.778 435.214 54.762 23.295 31.924 346.710 24.872 371.065 117.325 18.650 193.893 220.653 21.980 245.944 462.020 17.353 398.121 49.411 20.764 399.204 175.990 20.607 308.727 214.254 19.054 46.986 92.084 23.734 26.707 499.000 25.357 411.700 273.634 22.334 103.437 81.441 25.614 201.039 282.880 20.416 366.445 146.829 17.142 144.851 125.431 26.501 497.493 177.987 23.676 362.605 122.042 17.555 212.199 395.719 19.693 269.824 470.794 17.278 262.179 161.289 18.169 357.082 395.200 23.329 31.199 46.953 23.629 86.936 457.494 25.334 340.392 288.433 21.098 147.018 412.314 25.635 434.788 462.500 26.371 207.123 337.748 19.222 61.389 346.884 25.358 48.487 364.874 26.938 107.187 160.411 25.603 9.274 205.022 24.538 174.174 234.519 23.184 137.650 344.167 25.440 401.940 359.564 24.735 342.654 260.056 21.484 317.427 208.150 19.662 345.980 444.931 22.717 44.499 494.694 26.133 365.285 205.143 20.030 268.927 57.456 14.237 310.188 189.517 19.972 237.058 443.350 18.671 390.007 67.077 18.862 435.972 19.313 23.917 6.191 382.442 25.310 312.213 469.042 19.538 189.588 155.397 23.345 52.035 195.411 23.655 321.667 462.929 18.809 131.142 209.171 25.395 266.816 204.205 21.954 116.468 129.016 27.115 9.280 6.618 25.644 378.314 358.098 24.291 123.190 18.264 23.859 137.602 247.553 25.954 325.273 368.829 22.318 318.785 157.869 15.814 326.666 168.147 17.211 118.063 419.283 23.974 62.060 479.436 25.761 479.962 104.488 22.739 172.504 229.285 23.360 489.903 116.202 22.218 50.731 3.881 26.705 343.552 315.738 19.887 274.368 285.149 20.110 217.993 238.223 23.063 195.902 253.136 21.374 27.938 363.302 26.462 269.203 297.368 18.676 188.856 122.408 20.070 464.965 79.989 22.248 440.496 277.975 20.870 141.596 376.915 24.595 117.163 284.371 25.920 45.161 261.616 24.767 285.391 219.377 22.631 481.005 22.857 24.852 411.895 357.502 24.517 4.900 408.849 24.909 131.022 383.517 25.432 373.079 389.365 24.659 225.360 498.357 17.610 192.297 499.075 20.351 315.591 215.453 19.564 221.217 43.085 16.029 194.528 306.163 20.603 486.168 272.557 23.367 83.422 406.331 25.707 406.651 190.662 20.078 99.621 221.282 26.653 191.746 376.072 19.836 396.416 464.456 24.857 410.603 461.780 25.020 387.654 309.190 22.979 483.243 306.634 23.371 181.277 344.291 19.087 44.134 458.858 27.180 26.121 284.688 24.178 261.071 15.302 14.068 56.710 413.022 25.639 404.314 118.143 18.820 418.448 24.865 22.330 70.173 140.650 26.799 335.320 474.984 20.929 400.903 494.060 23.349 334.760 91.656 15.363 394.450 257.707 22.757 442.563 47.590 23.090 471.081 377.405 24.641 62.426 246.054 24.408 266.486 328.317 20.449 319.453 272.509 20.880 256.976 332.028 19.345 476.930 135.891 23.090 354.549 251.703 21.525 303.601 178.566 20.101 271.094 450.457 19.519 200.517 396.185 19.964 173.691 444.626 21.163 414.741 264.601 20.562 0.283 483.412 24.333 277.802 277.562 19.523 52.070 31.807 23.184 53.133 17.193 24.356 257.406 113.346 14.669 123.609 197.933 26.896 182.911 475.785 20.880 259.747 265.737 19.907 426.773 194.085 21.509 461.472 418.304 24.961 459.587 1.378 26.184 418.325 97.947 19.814 100.257 284.338 25.592 13.602 496.242 26.353 80.020 327.966 25.981 399.258 211.947 21.353 116.084 329.120 25.827 349.226 25.267 17.316 100.530 259.498 26.372 480.225 35.857 22.284 312.094 234.938 19.485 96.565 55.309 22.984 113.150 493.770 22.996 72.665 132.677 27.624 481.332 97.731 23.476 396.345 30.710 22.010 435.433 456.115 25.764 50.762 236.070 25.414 381.866 62.769 19.814 490.220 290.872 23.488 262.540 17.963 14.878 211.072 263.769 21.597 37.365 247.611 25.104 477.153 476.396 25.817 105.663 87.341 25.665 125.605 407.967 25.508 14.324 148.875 23.841 297.117 74.298 14.609 421.053 186.265 20.440 133.396 62.177 24.241 332.888 460.680 20.697 181.884 108.809 20.841 317.965 260.737 21.226 3.336 68.213 22.256 292.583 48.518 14.009 127.632 163.837 26.482 360.248 262.865 24.140 147.033 227.283 26.626 403.568 327.669 23.159 231.719 54.821 15.785 423.259 370.571 25.130 58.637 203.845 24.878 288.837 9.763 17.151 362.073 345.591 23.098 484.978 401.825 25.206 38.251 97.883 24.596 390.273 129.387 19.024 226.482 406.939 20.348 224.256 283.574 19.508 396.091 401.818 26.209 145.709 468.475 24.126 359.917 256.491 22.325 146.434 193.772 24.754 205.661 234.395 21.703 458.355 281.721 22.763 494.465 187.503 24.868 383.056 418.682 25.940 158.081 334.827 21.993 278.522 1.810 15.696 63.658 159.861 25.451 191.150 4.566 19.441 49.999 433.447 25.703 54.064 216.642 25.063 103.034 138.045 27.181 264.932 66.815 13.859 443.667 88.000 21.034 14.935 192.399 23.297 120.904 114.052 27.188 111.769 174.792 27.179 447.868 248.845 21.270 126.073 26.092 22.835 11.932 49.124 23.175 252.719 345.030 18.583 283.106 7.245 15.927 478.073 216.359 24.604 17.708 44.048 22.835 231.647 184.107 20.268 95.727 377.552 25.720 8.307 0.681 25.781 337.946 48.499 16.690 452.973 449.563 24.171 498.292 499.530 25.643 52.487 190.442 22.918 499.844 197.501 24.815 244.408 72.759 15.297 447.321 43.513 24.026 416.133 81.301 20.288 207.659 488.324 18.144 157.417 473.591 24.083 491.421 191.750 24.592 56.816 408.516 25.312 412.254 73.869 20.845 456.156 62.202 23.689 323.914 446.106 20.043 166.506 185.289 25.882 402.535 42.687 21.753 159.832 5.042 22.528 61.160 417.773 25.642 348.369 321.546 20.701 446.404 104.533 20.925 497.966 23.766 24.236 162.752 480.776 23.887 0.752 92.059 22.401 128.166 487.963 24.284 494.779 369.968 25.188 224.024 247.093 21.286 97.250 178.212 25.919 422.411 498.782 25.396 177.980 288.266 22.960 455.491 197.825 22.729 455.439 12.972 26.493 425.290 48.868 22.996 129.018 142.125 26.306 294.075 5.583 16.658 484.184 105.965 22.701 109.682 377.099 24.734 287.369 482.282 17.154 250.710 471.705 16.559 135.057 277.827 25.326 167.491 171.591 25.903 9.430 129.793 24.062 381.408 356.370 25.298 21.609 499.366 26.314 304.928 228.433 19.747 41.043 72.792 22.279 124.526 49.145 22.777 192.213 63.870 18.349 39.881 457.310 27.733 34.438 290.101 23.237 150.569 346.284 21.883 499.685 38.350 23.530 384.238 338.211 22.931 418.044 394.120 26.492 100.735 147.255 26.304 312.436 369.499 22.316 126.436 68.111 24.032 414.089 275.185 21.080 211.635 146.590 17.098 25.950 24.981 24.317 251.967 327.406 17.701 182.806 364.394 20.766 485.235 494.593 25.106 28.425 339.200 24.555 267.097 218.352 21.500 327.689 416.088 22.407 415.057 168.189 19.850 454.060 117.107 21.218 425.577 421.743 27.168 96.466 19.221 23.853 25.695 73.514 23.687 324.664 493.246 18.773 6.631 308.560 22.818 360.961 456.158 22.692 204.324 67.925 18.071 247.756 341.124 18.784 118.003 10.521 23.427 1.401 420.706 24.112 45.777 165.680 23.555 422.974 167.410 20.547 149.011 317.068 24.955 412.170 320.779 23.785 167.336 408.646 22.880 107.010 239.173 25.514 274.273 184.937 21.424 459.777 427.179 25.011 6.516 408.164 25.220 448.568 162.529 21.869 173.648 319.429 21.610 339.737 325.234 20.989 338.495 177.811 17.753 70.567 100.227 26.049 48.342 334.722 24.555 410.171 482.506 25.334 352.450 172.832 18.795 491.488 55.772 22.671 451.385 222.401 23.334 2.492 450.814 26.493 430.480 247.269 20.913 397.951 498.476 23.075 494.999 25.256 24.930 446.904 291.121 22.846 352.964 375.986 23.115 70.194 445.500 25.946 456.904 376.467 23.141 165.480 167.873 26.240 31.293 108.545 24.061 452.528 66.996 22.148 252.166 389.418 20.298 7.140 230.935 25.249 467.553 462.632 26.064 152.297 450.144 24.145 153.279 328.929 23.721 311.107 57.342 13.708 289.347 267.764 19.754 256.106 429.676 19.827 266.037 303.168 19.950 376.826 444.447 25.166 228.622 167.052 17.896 372.764 497.848 22.036 444.125 444.415 25.676 105.698 259.870 25.778 39.524 474.274 26.220 447.648 425.275 25.058 428.330 191.169 19.872 163.621 174.116 25.767 25.301 145.026 25.567 386.093 246.297 22.204 176.813 203.741 22.398 269.133 173.885 20.415 370.837 419.288 24.172 2.740 475.749 24.872 99.752 468.942 25.431 286.254 257.818 19.773 12.357 56.890 22.870 130.483 108.665 26.224 41.653 178.953 23.406 12.183 172.420 23.298 4.241 341.008 22.344 52.093 179.614 23.511 17.357 202.677 24.114 142.884 130.395 25.697 50.988 494.255 24.504 232.812 110.711 16.993 193.813 456.532 19.654 69.214 346.811 27.117 49.152 142.603 26.406 415.060 376.190 26.214 322.246 479.448 19.449 404.941 495.406 24.793 342.245 298.278 21.381 60.897 89.364 23.957 158.509 46.864 20.911 363.048 430.233 23.919 468.078 481.929 26.017 50.618 368.982 25.916 456.614 452.702 25.487 150.034 456.636 24.098 242.662 386.739 19.162 65.829 153.926 25.563 388.166 61.711 19.615 4.936 313.420 23.329 335.322 399.619 22.131 224.464 49.049 16.429 145.674 328.117 24.899 395.717 244.838 21.300 297.446 73.737 14.111 50.140 38.155 23.641 4.558 202.731 23.657 149.713 451.556 24.416 498.083 87.224 22.592 255.700 407.081 20.344 98.086 394.986 24.757 162.295 36.881 20.752 72.738 178.275 25.010 282.062 446.463 19.331 404.599 95.721 20.523 298.650 252.116 19.103 160.372 191.825 24.692 482.443 61.394 21.733 295.837 29.908 15.969 293.047 371.418 20.555 184.720 314.864 21.282 213.877 133.491 16.944 450.076 0.064 26.643 226.770 31.751 17.080 297.363 4.445 17.682 270.108 85.875 14.738 485.541 29.195 24.236 25.962 191.407 22.152 432.570 122.561 20.212 8.271 3.897 24.902 19.936 451.956 25.754 36.725 110.740 25.015 316.337 387.866 22.625 453.518 105.842 20.587 417.213 75.083 20.783 115.833 431.040 25.322 120.591 46.385 22.010 119.875 219.791 26.672 152.014 402.303 24.369 37.216 445.160 26.229 434.043 413.930 24.597 345.377 327.241 21.063 371.006 111.573 17.418 395.456 395.993 27.012 285.830 413.429 20.983 487.632 97.895 22.702 438.735 323.503 22.134 267.766 259.546 20.203 240.088 31.476 15.934 283.748 385.583 20.746 319.312 0.497 17.814 46.228 61.005 22.861 72.830 436.669 25.659 452.661 423.821 24.503 29.332 28.900 24.730 197.388 43.229 18.411 423.915 343.627 23.399 105.100 419.167 23.825 271.233 327.219 18.901 430.377 469.445 25.843 216.518 141.759 17.768 474.479 61.734 22.551 373.237 30.636 19.891 21.344 242.919 24.554 13.555 1.418 25.184 107.019 469.495 24.491 403.896 450.881 27.605 440.351 30.734 24.144 58.477 99.688 23.657 42.219 253.018 24.056 478.392 81.561 23.449 60.060 130.738 25.875 419.602 467.309 26.199 101.065 172.378 26.170 215.640 80.779 18.726 299.920 196.920 19.294 437.149 288.938 21.330 83.788 291.916 24.273 202.837 432.595 20.092 431.988 241.105 21.276 460.058 192.037 22.306 89.568 118.352 27.808 445.875 437.765 25.383 437.195 136.008 20.071 338.778 351.696 21.574 402.202 475.759 24.357 397.672 359.287 26.341 2.672 139.599 25.526 180.477 123.613 20.903 97.102 278.002 24.513 191.748 197.479 22.560 153.662 350.197 22.471 388.300 92.605 17.815 344.179 183.731 18.863 404.039 92.943 20.041 495.427 399.402 25.969 412.049 258.147 20.744 27.112 92.666 22.236 46.717 116.100 23.943 316.494 31.404 16.207 71.661 374.925 26.898 108.739 351.801 27.051 375.670 471.006 23.790 42.544 152.985 25.340 279.712 93.769 15.045 431.684 297.253 22.749 106.568 408.143 24.916 80.822 248.403 24.428 98.465 319.104 25.569 35.248 67.437 22.990 137.625 223.348 25.145 163.341 284.833 24.385 54.162 208.583 23.802 28.707 226.704 25.476 82.595 63.335 23.259 80.438 105.071 27.116 301.727 438.629 20.402 254.841 395.035 20.755 71.979 300.646 23.977 156.948 112.503 23.327 219.096 418.747 19.682 197.466 93.072 20.094 490.326 228.324 23.369 52.376 426.732 25.988 230.576 494.560 15.818 192.170 68.395 19.146 88.955 497.435 24.568 234.910 413.706 20.107 141.600 389.934 24.028 326.078 132.451 15.710 289.677 214.682 19.919 8.743 327.843 23.547 315.746 116.914 16.584 297.566 407.652 21.846 146.262 351.964 23.721 489.765 24.004 24.043 145.752 458.533 24.080 249.947 37.019 15.159 7.989 450.565 25.089 340.301 141.494 16.891 413.905 439.822 27.215 407.851 122.815 19.555 210.810 25.438 17.725 286.468 147.046 17.084 142.652 396.917 24.127 68.132 258.329 25.331 403.822 456.674 27.193 314.127 79.418 14.564 380.039 91.887 17.444 152.798 469.354 23.382 287.985 458.125 18.442 263.000 234.716 20.725 413.964 285.044 23.403 43.145 395.963 25.691 387.499 222.011 21.264 185.075 327.312 21.551 489.477 474.155 25.551 2.931 463.801 25.474 136.180 493.575 23.842 409.139 204.391 21.365 6.498 17.932 25.439 211.996 5.989 18.090 341.755 304.433 20.887 29.975 494.513 26.437 204.901 13.038 17.793 277.728 203.893 21.133 123.903 11.872 24.105 350.990 499.831 19.078 368.570 444.929 24.530 125.629 36.710 22.425 468.775 334.989 23.409 330.486 81.231 15.395 118.992 5.944 23.029 2.639 204.497 22.990 378.066 233.428 21.550 498.440 489.606 25.015 205.909 420.437 20.115 388.487 408.831 24.872 349.716 3.781 18.516 280.915 431.588 20.891 409.874 182.925 20.680 250.743 370.457 18.693 481.727 85.753 21.972 137.195 370.369 23.984 207.098 24.567 18.332 290.182 91.632 14.530 204.266 315.601 18.956 205.242 101.504 19.371 4.999 365.524 24.646 128.598 130.673 27.271 119.218 0.903 23.292 387.447 260.861 22.818 486.708 210.175 24.505 55.247 200.156 24.855 407.542 117.785 19.527 110.935 445.073 25.854 83.439 450.133 26.206 356.964 13.995 18.918 49.121 454.459 28.898 476.189 110.860 23.009 179.110 312.535 22.858 57.941 0.545 25.488 6.049 185.478 24.425 457.940 308.957 24.039 280.324 470.440 17.996 31.610 12.953 26.778 154.404 4.883 22.808 85.747 48.865 24.089 392.398 302.073 24.013 477.153 253.962 23.441 408.707 410.762 26.916 366.852 387.474 24.228 407.208 356.537 25.016 40.259 487.559 26.504 87.441 85.579 24.857 417.889 475.023 26.508 191.428 229.108 23.197 169.765 273.893 23.232 489.558 294.939 24.296 224.567 87.072 17.667 50.798 116.248 25.005 293.085 219.903 20.181 470.487 388.450 26.511 189.670 276.431 20.790 30.967 223.256 26.452 234.447 231.457 21.540 188.109 61.480 19.442 120.798 333.658 24.886 5.562 296.992 23.943 167.920 456.523 22.202 101.741 123.151 27.758 181.268 432.446 20.907 425.384 225.454 23.205 158.850 251.242 25.028 384.313 80.297 18.833 437.900 383.436 24.541 380.680 87.139 18.366 122.444 252.599 27.088 224.410 189.704 20.433 237.785 184.044 20.151 356.109 482.140 20.777 357.454 93.228 18.195 96.885 5.362 23.946 417.981 271.700 21.036 76.734 459.030 26.910 17.360 406.767 24.689 410.260 13.782 23.151 214.580 485.950 19.095 278.949 482.125 17.474 170.833 44.966 21.480 257.017 362.206 19.600 115.227 1.062 24.030 499.137 57.117 22.659 258.409 210.247 21.805 108.054 70.547 23.182 1.677 303.276 23.401 131.242 333.482 26.117 56.522 454.498 27.554 377.315 348.711 24.768 432.429 225.723 22.621 323.296 11.108 18.154 486.713 135.626 22.824 148.540 112.437 25.709 498.870 420.585 24.644 497.000 7.937 25.324 254.828 438.624 20.712 483.348 197.497 24.462 444.046 122.699 21.181 323.217 266.769 21.536 367.666 265.405 23.798 102.832 364.270 27.544 146.530 49.930 23.625 475.009 211.124 24.608 255.898 35.908 15.483 326.711 288.261 19.976 490.955 437.199 24.857 356.727 111.218 17.213 163.352 229.453 24.865 385.577 255.645 23.438 47.830 445.960 27.467 107.991 431.354 25.736 123.444 468.638 24.635 135.160 142.962 26.944 270.992 302.621 19.710 256.400 307.514 18.719 388.658 48.729 19.762 474.691 96.943 22.783 142.784 408.035 26.210 57.995 119.741 25.322 208.200 334.402 19.408 402.204 438.029 27.162 303.263 474.367 19.989 55.871 331.705 25.991 235.020 291.229 19.359 277.992 474.835 18.568 103.162 142.797 27.974 390.164 55.826 20.518 337.289 259.639 22.089 113.954 184.861 27.339 148.934 30.219 22.261 473.887 35.194 24.160 231.029 11.925 15.883 479.843 363.177 24.943 267.809 150.117 18.233 207.738 38.253 17.768 178.948 489.008 23.968 15.920 31.213 24.898 387.130 326.621 24.430 419.099 320.597 24.026 1.165 385.051 26.080 107.608 7.509 23.146 24.099 365.132 26.133 11.114 373.052 26.667 23.931 124.487 25.258 155.648 371.572 23.142 475.634 6.169 26.985 361.488 172.110 19.401 354.161 442.605 23.468 249.449 25.583 15.361 346.137 93.789 17.182 379.937 481.405 22.287 190.535 103.114 20.057 58.109 310.192 23.902 474.602 259.234 23.949 314.247 441.992 22.978 123.965 233.953 27.496 28.140 44.646 23.864 258.730 415.382 21.384 283.903 43.427 14.261 417.119 203.794 22.937 196.859 477.207 21.156 171.016 67.972 21.038 25.093 395.402 25.515 187.450 372.218 22.458 247.939 263.966 21.314 82.143 484.204 27.142 17.398 73.528 23.205 200.042 407.508 20.865 495.826 172.588 24.760 271.481 179.309 20.664 254.623 425.356 20.530 151.903 16.906 22.118 348.113 271.986 23.681 499.034 58.934 22.635 383.959 68.284 20.207 13.602 60.634 23.898 7.790 426.460 25.986 378.806 168.439 20.281 199.542 86.303 20.738 334.538 128.970 15.866 306.016 136.370 16.671 78.183 5.544 24.166 494.619 2.497 25.361 230.529 34.451 16.645 371.982 446.791 25.559 265.614 165.959 19.598 264.742 79.436 15.029 488.259 456.245 25.558 362.381 355.254 25.118 427.857 370.291 25.241 217.092 497.854 18.629 337.391 111.462 17.092 88.050 393.807 25.186 488.343 185.244 25.525 141.001 118.115 26.342 258.860 82.337 14.306 9.994 54.547 21.829 22.224 321.619 24.717 180.483 357.915 20.939 441.117 499.537 26.237 140.517 203.652 26.237 315.667 7.065 18.057 411.938 382.137 27.121 66.416 67.891 23.199 306.955 209.914 20.736 426.005 283.959 22.991 207.269 86.365 20.914 240.071 84.750 15.841 7.968 350.683 24.846 38.141 314.176 25.103 291.409 223.293 20.958 18.691 97.774 23.683 387.697 431.406 25.748 270.059 155.421 18.397 285.948 4.967 17.792 71.835 389.816 26.468 458.317 68.635 23.721 42.486 401.495 24.876 8.367 89.803 23.842 280.346 274.335 19.713 448.666 79.275 22.944 107.554 78.125 25.291 340.134 335.480 20.922 493.900 308.801 24.288 149.766 320.953 24.086 41.824 1.801 25.914 15.171 407.804 25.504 0.718 334.205 23.372 315.932 490.176 19.818 235.495 81.879 15.861 38.406 421.568 26.605 429.979 406.192 25.371 438.788 199.147 22.911 316.275 19.637 18.373 59.147 475.387 26.815 0.179 493.439 25.176 210.130 464.164 18.596 302.865 426.945 23.404 120.396 494.409 23.853 172.810 259.619 22.950 424.856 499.709 24.519 157.618 289.790 24.031 394.537 99.125 20.102 351.961 87.979 18.105 432.235 4.576 25.760 185.620 192.061 24.026 49.268 147.406 25.753 232.665 133.125 14.878 418.539 246.906 22.587 112.679 455.932 25.464 323.288 186.464 18.573 133.291 424.115 25.341 288.385 365.291 20.671 307.198 346.649 20.094 342.077 493.807 19.132 373.875 375.001 25.247 350.419 397.311 22.963 6.939 331.385 23.043 473.755 161.764 23.244 326.276 57.931 16.537 302.391 252.915 19.928 339.164 345.829 21.689 5.119 356.266 24.520 174.191 92.973 21.203 492.792 320.623 22.309 491.095 81.986 23.665 313.598 339.732 21.751 171.146 159.342 24.395 256.967 5.164 16.598 152.358 251.639 25.346 10.711 13.570 26.433 30.331 370.557 26.262 306.843 114.769 16.787 449.775 364.504 22.834 232.354 314.108 18.873 377.762 424.361 25.558 284.269 450.657 18.875 8.038 17.366 26.062 462.397 83.814 22.734 71.745 154.524 26.144 91.845 93.079 27.054 442.371 456.521 26.901 448.155 241.957 22.430 442.767 480.484 26.467 286.428 82.009 14.003 213.516 297.719 20.342 499.597 159.854 24.459 387.536 270.975 23.717 308.780 388.492 23.110 193.068 233.498 22.311 204.388 193.327 22.610 45.950 6.438 26.258 33.592 406.638 24.873 81.138 12.880 24.218 366.408 49.693 18.227 170.957 75.457 21.109 176.104 420.496 22.707 316.835 136.262 16.352 276.340 173.585 20.832 1.015 186.865 24.575 31.793 208.474 24.427 453.970 44.014 25.742 362.280 408.022 24.022 8.963 145.121 24.814 432.657 338.064 23.558 377.391 99.647 18.561 350.927 123.349 17.085 338.353 277.549 22.887 462.370 395.874 25.774 335.566 288.087 20.852 165.153 350.114 20.918 47.081 134.652 26.217 471.828 475.507 26.628 194.591 143.995 20.238 453.222 259.549 22.013 476.292 73.588 23.612 35.391 272.494 24.019 473.635 284.512 24.320 466.940 154.758 21.877 411.748 149.531 21.067 490.557 167.498 23.709 3.250 192.219 24.047 319.493 407.368 23.916 231.698 373.601 16.900 468.904 370.888 24.934 88.545 166.751 26.179 310.373 240.585 20.581 198.335 351.894 18.881 42.859 11.678 25.578 58.762 29.959 22.559 45.755 220.149 25.862 463.391 173.519 24.178 431.163 333.115 23.242 257.460 217.800 21.039 272.652 392.077 20.494 320.402 79.763 14.878 317.309 61.113 16.233 328.753 6.233 19.705 105.722 272.550 26.432 468.598 5.753 26.759 378.292 215.374 21.390 370.205 364.065 24.355 342.057 400.724 22.953 4.640 123.302 24.210 274.935 346.797 19.408 270.375 409.730 21.275 326.197 87.197 14.947 218.054 371.517 17.593 426.121 148.791 20.674 236.292 381.572 19.032 294.840 92.071 14.216 94.754 197.966 27.457 277.375 143.531 15.908 5.411 6.976 25.599 344.770 226.218 21.434 378.956 28.987 21.801 231.075 129.445 15.650 0.215 125.083 24.231 420.810 55.034 22.697 311.372 30.924 17.269 31.485 332.619 25.470 452.006 254.476 21.913 32.408 56.248 24.221 140.544 277.585 25.968 185.483 182.525 23.849 63.277 316.460 25.730 468.986 418.633 24.714 464.536 499.058 27.218 427.006 86.138 20.448 284.245 129.835 15.316 239.040 315.663 18.796 290.154 18.564 16.668 282.668 312.843 20.119 5.763 443.690 25.490 420.622 438.868 26.414 308.573 441.935 21.980 209.040 300.936 20.423 339.875 438.006 23.360 2.320 239.838 24.136 280.043 395.638 22.189 263.002 379.642 20.112 358.425 84.514 18.270 221.485 378.341 18.035 150.041 137.920 25.219 400.154 123.237 20.320 438.401 36.380 24.183 235.985 437.573 18.444 306.053 401.492 22.954 7.411 154.173 23.971 57.367 113.197 25.565 153.768 129.355 25.233 86.962 184.034 26.654 310.510 228.538 19.039 105.081 129.018 27.728 329.712 344.016 21.023 301.408 351.749 20.940 125.748 493.514 24.426 420.425 443.041 27.215 247.502 452.310 18.866 11.722 176.570 23.127 349.169 48.188 18.441 228.043 17.048 16.161 154.829 86.920 24.494 168.075 153.095 25.103 111.271 240.248 26.073 328.942 289.576 20.668 320.359 17.818 18.655 480.571 234.603 24.044 219.212 433.328 19.866 47.368 262.981 24.070 490.034 178.341 24.345 410.408 339.139 24.529 329.633 158.771 16.226 5.946 259.742 25.197 147.891 267.755 25.012 345.686 53.248 18.425 174.968 110.481 21.753 436.381 307.262 23.569 393.410 12.762 21.914 299.331 37.337 16.219 370.037 202.748 20.952 208.881 424.453 20.597 37.572 358.687 26.516 278.739 423.114 22.358 377.780 198.790 21.522 487.600 160.867 23.791 11.270 443.435 26.171 118.918 100.194 27.210 106.899 113.561 27.869 247.022 241.176 21.196 386.936 23.952 21.509 247.761 498.824 16.112 202.987 388.555 19.140 227.669 240.120 21.376 241.603 140.739 15.306 225.888 212.417 20.863 156.054 294.783 24.754 477.319 263.891 24.986 373.954 494.389 22.056 395.511 315.752 23.235 214.927 112.134 18.450 198.979 24.183 18.135 258.094 349.092 18.756 199.134 1.089 19.437 72.124 92.288 25.885 275.424 272.336 19.837 26.927 198.323 23.696 469.409 451.298 26.013 218.747 381.326 19.296 234.377 489.579 14.534 188.947 396.385 20.343 413.453 346.776 23.778 334.622 29.755 18.712 15.110 413.863 23.764 487.851 322.847 22.756 208.033 351.607 19.056 298.994 389.147 21.127 105.235 351.764 27.388 493.162 284.067 23.676 247.510 18.573 15.474 311.647 375.361 22.924 63.614 293.238 23.499 238.728 259.492 21.226 306.381 272.664 19.731 362.096 23.144 19.745 0.539 497.675 24.670 311.803 356.235 21.324 106.715 446.076 26.555 280.643 250.160 21.527 450.603 342.982 23.080 413.352 457.056 26.275 324.959 487.369 20.512 331.721 382.793 22.500 204.087 359.181 17.821 240.347 80.729 16.337 333.534 159.483 17.858 452.362 143.220 21.151 157.745 438.473 24.038 275.115 216.558 22.012 349.364 167.115 19.058 235.867 477.516 16.434 40.144 67.936 23.341 426.527 377.333 26.198 381.907 137.175 19.942 481.600 320.833 22.207 125.729 457.345 24.188 245.931 41.809 15.313 19.701 283.099 23.256 349.071 147.570 16.793 137.759 257.207 26.126 215.636 386.072 19.488 301.808 19.701 18.626 338.010 200.852 20.633 90.876 231.375 26.253 54.237 85.550 24.915 198.703 152.451 20.384 188.121 305.031 21.647 196.137 413.895 20.587 165.144 82.615 22.559 240.932 129.638 14.757 56.398 359.734 27.522 80.907 351.096 27.603 472.710 309.003 23.140 390.303 246.237 22.259 469.483 60.600 22.827 123.405 60.474 23.833 433.486 62.373 23.709 278.416 302.662 19.953 472.249 31.250 22.613 189.769 0.499 21.096 298.542 167.953 19.102 8.726 165.499 23.736 120.200 23.084 24.289 390.497 19.009 21.734 317.728 12.975 17.751 187.965 492.932 20.106 0.513 136.694 24.340 194.378 136.709 22.017 215.721 266.447 21.194 476.534 494.663 25.660 49.287 291.512 23.580 491.431 463.481 25.949 31.820 87.726 24.031 410.525 152.188 21.008 408.774 388.847 26.489 492.889 414.548 24.345 68.083 24.538 22.944 235.209 400.701 20.870 70.388 307.118 24.845 452.549 216.107 23.668 208.686 6.468 18.704 328.484 141.770 16.183 80.554 494.164 25.347 61.888 370.319 27.896 181.941 283.231 22.041 114.334 482.871 24.566 204.969 130.466 18.254 55.143 25.259 24.632 67.239 401.978 26.045 364.438 384.100 25.183 331.372 167.032 18.239 231.865 60.999 15.040 463.003 222.862 24.069 355.571 432.650 23.638 475.570 414.961 25.032 210.653 381.061 18.686 93.463 384.815 25.900 305.498 148.989 17.195 310.218 99.280 15.646 381.549 48.807 19.497 149.717 295.703 24.461 375.072 25.902 20.808 97.843 351.592 27.093 483.770 387.487 25.739 326.808 43.853 17.294 144.030 345.385 23.910 218.474 135.323 17.104 32.022 21.800 25.429 307.004 197.772 19.990 457.007 432.132 25.448 124.596 357.332 26.420 434.501 425.696 26.135 328.723 253.517 22.115 367.008 481.004 21.897 116.909 142.334 27.007 273.021 261.697 20.064 146.014 254.548 25.220 276.669 24.904 16.265 53.737 434.518 26.982 7.619 457.161 25.170 31.265 160.631 25.234 287.205 36.752 15.450 135.126 46.588 24.464 264.820 227.637 21.492 142.530 340.162 25.237 282.474 185.075 20.614 208.482 373.780 18.713 417.590 66.365 22.800 372.291 358.424 26.170 246.045 278.517 19.684 165.197 284.705 23.653 106.238 174.962 26.467 66.366 141.338 26.344 237.419 394.280 19.915 470.387 223.081 24.489 378.244 210.960 21.459 190.887 486.989 21.414 224.300 332.456 18.798 431.140 499.885 25.850 426.416 229.514 22.772 38.053 122.418 24.938 449.828 50.299 25.479 9.770 216.395 25.500 46.490 155.081 25.197 290.198 486.881 18.277 351.721 38.284 18.217 285.829 60.708 14.568 11.489 191.136 24.082 373.822 3.592 21.708 237.372 237.518 21.383 148.050 130.630 26.480 393.001 233.874 22.374 245.046 179.273 19.491 311.350 412.418 23.272 149.468 481.499 23.350 424.303 495.677 24.712 382.173 74.737 18.384 487.900 410.573 25.358 409.000 18.512 22.447 399.729 394.000 27.312 46.231 351.694 25.820 30.508 60.519 23.503 188.775 99.182 20.706 38.343 288.976 23.344 183.075 94.522 20.727 2.874 43.760 23.239 353.236 387.864 23.373 232.497 456.031 19.966 178.066 376.432 22.517 97.383 493.958 24.582 163.129 271.207 24.041 180.171 406.744 20.173 14.313 394.237 24.694 111.994 38.367 23.519 110.103 432.695 25.830 331.792 62.755 15.706 125.125 240.601 27.201 8.729 439.680 25.532 143.678 245.795 26.862 336.571 141.590 16.880 497.509 85.008 24.750 204.083 413.171 20.222 222.678 24.357 17.724 47.256 401.153 26.144 10.007 153.818 24.182 350.476 0.173 18.282 54.620 396.436 26.169 33.447 437.155 26.823 360.744 371.250 25.481 485.067 278.879 23.510 318.763 321.433 20.619 96.795 117.879 28.618 353.725 154.133 17.860 59.431 351.847 26.553 209.031 498.229 19.850 88.393 476.619 26.087 461.586 184.305 24.196 9.599 488.064 25.841 0.655 425.948 25.591 144.437 420.345 26.233 140.459 225.581 25.753 177.942 340.883 20.285 458.750 369.670 25.083 191.204 365.198 20.602 487.740 36.780 23.497 392.394 212.169 21.061 477.390 201.647 25.007 220.462 233.886 21.833 333.628 117.298 16.035 275.467 419.484 21.800 184.664 105.340 21.279 121.074 463.772 25.418 225.345 337.554 17.824 90.004 4.537 23.310 31.524 294.704 23.929 337.209 248.070 21.205 409.350 450.493 27.867 478.805 398.978 25.326 390.318 427.411 26.333 367.463 255.413 23.620 124.194 346.630 26.863 60.551 85.949 24.626 217.130 394.109 19.362 235.297 152.378 14.986 293.829 172.772 20.895 368.228 468.841 22.249 263.490 276.983 18.586 139.331 411.573 25.749 222.846 93.678 18.386 302.536 28.733 17.422 324.404 306.377 20.566 195.009 119.237 19.515 6.602 347.290 24.695 409.572 220.249 21.929 6.775 359.228 25.037 166.035 190.359 24.591 27.748 154.885 24.595 249.209 407.499 21.316 128.400 204.553 26.460 415.128 340.311 24.693 466.245 241.181 23.544 343.384 49.192 17.411 321.314 364.900 22.848 225.245 312.623 18.974 305.880 74.792 13.453 40.694 19.094 24.904 195.374 191.263 22.449 58.767 216.719 25.731 393.498 268.419 22.981 459.807 142.343 21.142 1.841 7.753 26.860 435.683 128.892 20.188 8.589 3.934 25.398 239.817 302.049 18.172 217.556 402.326 20.284 417.584 413.046 27.237 305.346 412.386 24.290 429.436 320.288 23.766 2.563 290.555 24.296 499.688 79.978 23.220 266.623 290.542 20.005 263.306 309.054 19.660 244.607 155.864 15.682 248.285 248.622 22.184 403.498 351.287 24.265 154.340 80.010 23.315 150.451 356.158 23.594 79.605 320.787 26.889 487.771 265.093 24.258 260.636 69.192 14.647 72.693 118.219 27.623 192.720 432.444 20.367 106.914 401.109 24.837 262.016 24.314 14.330 235.100 111.347 16.651 118.563 394.109 26.296 482.340 486.985 25.996 428.341 93.647 20.972 277.435 445.656 19.106 322.849 480.640 20.799 450.132 125.287 21.713 399.753 371.903 27.203 467.118 432.126 24.566 83.480 167.511 26.806 415.918 402.013 27.884 335.518 41.877 17.107 433.039 271.912 20.119 22.981 481.400 25.322 378.124 143.274 19.658 159.243 261.201 24.854 177.786 213.967 22.491 234.110 426.261 19.203 109.620 488.581 24.901 490.533 434.797 24.981 302.694 110.532 16.700 4.948 493.737 25.620 331.547 198.201 20.082 482.027 457.090 24.609 483.239 327.091 21.825 410.665 196.118 20.844 2.389 154.519 25.392 351.910 230.851 22.084 477.159 485.980 24.976 496.062 153.581 24.005 243.177 95.774 14.596 288.128 320.053 19.769 205.306 217.549 22.315 155.982 421.139 24.324 290.142 191.881 22.165 140.532 211.260 25.278 184.066 485.606 23.227 330.474 260.479 21.589 1.814 279.378 23.180 334.981 315.627 21.180 178.115 29.881 21.581 451.122 432.508 25.756 68.239 342.270 26.217 453.396 377.467 24.524 187.305 197.223 23.857 334.193 263.945 22.752 197.482 376.067 19.304 306.513 262.715 21.342 132.744 117.372 27.080 271.678 0.852 15.466 365.151 230.299 22.410 84.592 375.656 26.987 5.376 264.816 25.087 383.121 205.938 21.025 90.152 131.378 28.931 412.699 406.810 27.762 17.951 369.995 26.060 186.085 234.578 23.771 393.308 38.303 21.573 3.999 165.123 23.529 33.659 401.496 24.943 267.251 159.063 18.823 310.843 284.653 20.091 307.358 449.987 20.535 93.207 12.381 24.209 316.050 285.203 20.525 5.338 112.882 23.516 381.514 37.443 19.745 201.242 186.400 22.632 494.817 172.621 24.313 371.135 191.434 21.998 479.507 408.559 24.811 407.188 159.322 21.478 319.596 49.527 15.998 327.896 136.409 15.076 222.337 413.211 20.540 320.917 313.747 20.827 219.198 193.583 21.403 327.040 323.583 21.554 221.755 111.918 17.698 42.260 84.400 23.096 29.461 166.065 24.387 51.382 43.666 23.148 144.784 222.407 26.859 44.541 358.457 25.256 378.897 129.565 19.544 378.933 377.049 24.738 98.886 194.564 27.623 428.035 165.702 21.383 101.072 461.893 26.491 259.644 463.091 17.510 89.943 42.538 23.862 470.649 402.310 25.064 309.122 277.669 20.087 16.084 94.269 23.721 447.504 165.188 21.679 52.370 476.758 26.352 9.911 181.002 24.112 40.302 364.704 26.595 147.445 215.295 25.223 43.000 282.534 24.021 43.223 235.031 26.944 265.928 266.066 20.466 73.110 30.211 23.840 7.154 186.009 24.881 237.050 434.660 18.720 496.693 352.979 23.864 359.853 452.327 23.932 97.233 265.315 26.421 211.073 153.232 19.301 281.733 72.353 13.755 461.971 446.307 25.573 198.128 66.993 19.570 328.777 225.271 20.197 284.093 215.439 21.581 180.393 396.297 21.549 279.551 56.506 13.992 226.103 202.499 20.374 168.648 404.594 21.800 263.282 480.600 18.328 67.843 282.984 23.142 410.798 160.383 21.318 2.478 241.783 24.328 259.900 177.044 19.554 404.021 80.803 20.150 482.033 493.762 25.122 332.390 222.139 19.644 236.039 25.937 16.114 10.910 489.630 25.850 177.401 326.808 21.457 0.082 134.674 25.561 30.978 233.177 25.120 348.433 237.009 22.270 398.076 91.316 19.573 225.514 420.786 20.195 331.558 283.738 22.158 211.135 438.257 19.688 241.585 462.452 18.480 8.438 148.249 25.130 102.111 278.129 26.010 376.547 433.079 25.286 104.275 475.463 24.504 499.469 150.124 23.921 232.238 498.557 17.213 100.686 425.312 26.014 87.101 68.368 24.228 143.383 148.610 26.669 415.121 389.333 26.304 41.633 450.553 27.673 113.136 123.624 27.597 466.757 172.950 23.308 326.258 222.924 20.683 469.424 278.063 23.885 40.653 345.995 25.222 202.477 476.724 19.546 20.514 147.515 25.287 122.857 6.503 24.338 63.720 236.879 26.412 386.736 161.668 21.175 362.774 100.825 18.097 273.141 92.449 14.829 293.761 123.148 15.763 496.233 142.124 23.389 325.731 247.273 20.426 386.914 283.746 23.759 362.152 396.525 24.109 397.766 73.093 19.477 398.286 350.033 25.294 329.594 155.636 16.598 232.466 246.675 22.256 498.389 289.438 24.644 46.730 130.176 25.317 448.759 338.601 22.836 36.704 494.708 26.256 19.682 310.925 23.884 471.489 353.033 23.539 481.671 382.022 25.129 156.204 13.959 22.281 158.013 363.683 21.400 122.572 475.807 24.907 167.646 48.145 20.801 289.898 437.364 21.676 6.845 85.066 23.927 462.901 306.856 24.230 138.138 0.073 24.648 322.584 153.834 17.182 158.723 229.611 25.029 64.827 231.010 26.412 93.616 407.625 26.452 261.947 130.780 14.882 447.099 280.759 21.939 259.691 153.933 17.312 309.410 308.313 19.785 9.759 43.914 23.526 369.505 297.389 22.272 237.628 123.016 14.970 356.501 422.002 22.790 26.382 253.918 25.170 55.696 2.571 25.438 298.186 263.636 20.081 408.386 44.501 22.732 262.618 1.413 15.724 393.944 421.581 26.905 179.251 7.025 21.801 449.847 99.061 20.917 37.086 480.654 26.670 241.071 228.536 21.266 409.812 6.416 24.148 438.434 109.610 20.604 279.892 499.674 16.143 484.536 463.130 26.234 347.077 486.991 19.441 267.045 118.477 13.525 328.867 174.499 18.364 88.339 98.233 27.155 299.270 425.816 22.582 268.686 37.571 14.092 492.918 30.561 25.114 268.842 245.481 20.880 310.827 134.060 15.425 228.839 81.993 16.434 168.026 387.222 23.083 372.685 270.407 22.125 350.174 134.963 16.510 313.664 278.098 19.847 17.863 293.918 23.836 164.969 62.026 21.392 300.113 356.701 21.211 100.475 136.735 29.608 126.351 418.206 25.890 477.336 499.073 26.464 74.755 271.112 25.203 73.970 349.396 26.963 455.382 79.638 22.472 130.464 319.386 26.027 33.309 15.718 25.923 84.470 427.358 26.814 248.631 456.678 18.884 135.227 103.560 26.464 141.102 5.153 24.128 155.584 445.675 24.588 302.162 301.112 19.658 94.737 308.801 25.498 289.660 143.671 16.109 204.262 400.728 20.583 358.500 6.874 20.624 430.216 12.497 24.798 15.684 105.833 24.244 480.197 117.188 23.074 17.281 0.199 25.549 109.572 43.011 23.586 338.191 99.550 17.007 59.815 26.256 23.325 263.089 221.763 22.502 324.165 393.596 23.795 286.785 160.552 18.846 289.482 132.006 15.069 110.273 233.610 27.166 151.800 362.973 22.507 31.495 252.755 25.094 210.370 233.259 22.076 14.944 301.449 23.823 397.109 135.521 19.919 451.335 481.183 27.081 134.052 290.956 24.874 455.981 446.332 25.362 483.837 192.735 24.975 181.584 289.335 22.783 278.910 253.705 20.641 325.129 52.131 16.552 482.775 66.757 23.241 177.285 189.624 26.160 59.551 43.778 24.233 361.269 297.511 23.076 302.773 452.160 21.195 285.155 301.029 20.303 206.328 223.965 21.273 0.611 34.397 23.939 3.518 259.224 25.092 314.038 12.993 18.674 330.619 272.969 21.371 131.921 199.738 26.467 1.244 342.676 23.822 65.067 215.565 25.949 91.884 0.459 23.746 170.355 59.820 21.326 427.385 338.872 23.749 428.090 5.463 25.413 291.834 254.134 20.280 317.870 197.154 21.154 185.280 31.052 20.796 260.445 1.540 15.359 156.231 297.175 23.609 458.400 3.526 26.814 418.104 260.249 20.609 396.228 238.491 22.566 391.744 343.521 24.754 463.446 36.845 24.604 353.570 351.067 23.566 28.607 55.666 23.784 33.777 263.775 25.509 89.110 103.766 27.758 486.350 475.673 25.793 9.525 104.673 23.786 268.230 196.353 20.381 95.033 493.373 24.458 54.834 174.281 23.953 377.966 390.902 24.729 289.474 134.997 16.248 391.681 80.059 19.148 7.023 11.571 26.078 487.165 499.600 25.893 56.388 49.519 22.890 390.665 118.323 19.418 380.697 309.025 22.476 131.907 222.381 26.314 404.553 333.479 24.516 245.695 235.695 22.682 326.091 462.145 19.622 60.074 208.048 25.393 48.902 111.282 25.572 283.835 427.659 21.544 74.704 357.532 27.259 366.025 487.343 20.555 481.908 3.989 26.501 73.576 489.894 26.604 414.448 302.864 22.854 133.093 470.402 24.563 132.440 357.529 24.823 261.486 344.076 20.392 306.647 309.590 20.442 127.273 17.223 23.424 237.514 6.513 16.336 23.858 6.530 25.896 497.257 278.426 23.760 476.554 456.157 25.922 35.095 487.354 26.354 100.823 431.856 26.091 273.442 340.373 19.677 229.583 340.342 18.275 263.241 186.769 20.879 312.983 194.381 20.626 295.001 492.393 17.710 443.972 382.598 24.638 47.560 120.813 25.293 170.186 80.752 22.446 137.803 481.024 24.346 37.253 5.551 26.254 169.534 353.116 21.751 127.342 413.904 26.082 448.645 11.727 26.561 170.722 234.992 24.224 103.489 72.025 24.598 67.250 110.585 26.205 497.187 32.216 23.410 40.723 161.592 24.430 384.528 165.558 20.877 318.695 431.821 22.494 403.202 487.235 23.655 308.269 352.740 20.858 206.026 274.128 20.988 130.754 481.838 23.842 160.237 426.847 24.914 86.734 296.462 25.403 392.524 319.655 23.027 89.870 178.532 26.061 150.133 71.358 24.070 465.723 425.594 24.123 298.534 445.212 21.583 192.861 86.094 20.097 54.957 261.856 25.034 456.414 322.624 23.820 462.417 494.558 26.547 347.012 265.098 23.098 95.156 141.483 26.675 341.990 238.697 21.458 237.868 210.177 21.652 277.498 98.470 14.316 110.074 201.271 27.322 232.222 241.154 21.764 310.790 296.641 19.459 128.759 154.849 26.328 366.355 312.820 21.732 389.606 206.366 20.735 166.117 296.124 22.508 90.871 32.455 24.748 127.094 210.767 27.066 34.714 278.001 24.439 481.014 246.942 24.801 56.710 123.829 25.625 348.985 494.483 19.430 44.755 207.884 24.557 422.557 358.890 24.615 388.579 124.498 19.819 154.752 474.800 23.669 81.077 97.956 27.783 374.633 297.415 22.971 86.590 421.082 26.380 37.247 283.550 24.335 182.201 457.216 21.937 333.119 320.882 20.869 242.776 488.532 16.044 123.332 266.779 24.839 4.158 180.974 23.918 168.339 290.980 23.490 492.044 418.769 25.437 18.848 5.438 27.301 201.615 31.352 18.995 114.884 80.996 25.178 469.892 74.477 23.452 208.517 348.089 18.041 263.358 97.011 15.259 251.667 91.269 13.378 197.608 233.866 22.409 189.391 390.252 20.894 364.290 150.894 18.057 4.213 51.302 22.859 423.744 135.770 20.969 121.741 350.167 27.137 194.588 321.420 20.601 31.493 93.298 24.098 101.297 264.991 26.779 87.889 481.830 27.148 393.865 73.936 19.129 368.094 17.883 20.289 378.702 402.077 25.933 49.342 183.936 23.610 282.830 173.254 20.605 204.632 365.350 18.895 344.418 409.421 22.005 69.449 382.258 27.557 201.114 253.578 21.239 124.489 339.991 25.436 229.246 475.415 18.718 345.862 376.272 22.366 115.489 255.659 25.538 298.347 190.573 20.114 27.153 17.171 25.289 287.979 392.747 20.857 169.646 141.668 23.596 198.741 357.147 19.100 380.148 227.462 21.421 351.081 221.031 21.712 214.387 225.475 21.398 60.347 267.309 24.115 250.221 270.742 18.992 293.279 210.376 20.622 134.405 67.196 25.083 300.268 146.860 16.753 53.554 403.212 26.088 299.081 186.808 20.566 337.081 407.980 21.967 447.665 203.639 23.908 269.070 270.779 19.950 471.293 227.648 23.541 74.976 71.921 23.926 456.324 135.804 21.126 46.353 488.302 25.962 304.072 258.163 19.331 228.284 118.240 15.995 140.726 71.162 24.366 271.172 4.366 15.710 68.484 71.360 23.582 73.204 310.530 25.526 217.622 24.554 18.224 168.855 493.287 23.786 237.791 246.291 21.609 450.609 274.260 22.210 417.113 254.440 21.920 254.578 2.923 14.862 339.020 252.357 21.484 386.644 148.087 20.706 6.991 147.749 24.020 58.593 145.988 26.464 447.936 365.176 22.986 480.682 73.730 23.707 420.709 4.795 24.599 450.004 457.869 25.391 67.994 369.178 27.645 2.823 315.230 22.447 275.707 239.015 21.079 227.737 142.441 15.083 127.228 438.665 25.209 5.180 321.187 22.976 218.293 123.718 16.988 394.665 475.872 24.670 381.537 233.560 23.026 325.642 383.949 23.391 33.684 411.212 25.607 392.419 462.440 26.876 367.691 251.081 22.676 215.100 457.201 19.106 400.396 12.492 22.583 122.802 105.463 26.696 146.627 463.157 24.376 227.174 486.401 16.064 330.671 121.228 16.782 293.072 196.653 20.767 141.038 141.679 26.556 443.995 109.213 20.093 315.705 103.468 15.453 356.778 261.890 22.606 203.795 427.678 21.253 194.740 348.314 19.647 276.468 266.277 20.067 147.903 92.755 25.356 308.704 252.601 20.640 22.226 437.559 25.543 31.488 431.276 27.189 447.073 198.899 22.731 121.302 442.887 25.416 305.251 8.196 18.537 56.368 493.847 25.556 5.383 233.356 25.243 211.029 120.543 17.148 366.838 107.018 17.473 19.734 420.445 24.443 213.363 73.825 17.792 254.468 457.582 19.125 3.292 451.682 26.783 158.658 136.467 25.084 156.523 394.485 23.402 215.263 126.963 17.088 150.638 333.747 24.627 3.930 1.050 25.776 373.902 293.449 23.574 146.717 438.535 24.338 255.558 152.470 17.342 297.113 364.572 21.896 200.298 13.223 19.318 351.710 297.271 22.744 16.512 387.871 25.539 439.543 204.220 23.852 407.349 476.988 24.968 190.742 202.796 22.319 380.887 298.572 23.482 285.558 253.702 21.094 333.645 253.724 21.263 313.179 136.011 15.976 181.939 235.375 24.479 228.206 55.222 15.603 48.414 460.709 27.103 268.846 388.359 20.760 234.234 30.096 16.418 358.293 497.925 19.283 401.367 408.210 27.256 315.597 462.390 20.028 52.551 205.073 24.633 153.026 308.174 23.945 473.693 129.565 21.546 140.614 169.312 26.459 275.956 5.219 17.556 209.817 315.525 19.246 181.456 492.445 22.161 104.358 412.895 25.000 346.194 80.962 17.059 268.095 378.085 20.500 193.184 243.658 22.900 3.876 80.127 23.353 334.530 179.803 19.036 93.356 184.565 26.228 138.646 165.183 26.801 328.016 278.594 21.615 244.171 147.214 15.644 241.106 339.372 17.932 52.703 347.129 26.605 331.045 23.612 18.143 318.005 301.665 19.865 471.091 325.628 23.520 87.608 158.546 26.836 212.639 421.802 20.702 371.626 107.157 18.713 288.007 308.534 20.670 396.506 458.742 26.205 151.069 494.685 23.725 229.918 407.249 20.642 310.080 165.775 17.814 197.591 1.238 18.963 402.443 296.967 23.230 386.718 197.585 20.139 96.264 202.066 26.921 469.982 148.299 22.266 73.691 13.510 25.675 103.366 63.924 24.465 244.254 481.252 16.807 34.094 132.264 26.295 432.333 308.348 22.829 141.560 192.080 26.274 394.134 370.452 27.313 43.504 382.474 26.259 226.138 345.316 18.144 424.698 235.123 21.806 491.770 204.029 24.549 27.168 81.247 23.559 166.080 287.494 22.732 397.242 41.165 21.389 195.575 100.803 21.022 428.545 234.874 23.205 248.821 174.187 20.275 424.829 246.290 20.707 0.081 150.323 24.712 31.163 444.731 26.042 402.298 234.423 22.342 67.905 269.668 25.309 21.457 80.135 23.815 19.876 332.603 24.208 423.685 111.568 21.062 301.997 374.868 21.606 9.091 483.034 24.802 410.564 236.666 22.426 166.831 244.699 23.936 488.038 47.051 22.756 62.337 37.797 23.797 72.161 335.151 27.195 5.056 245.984 24.959 190.447 175.686 22.508 166.607 474.244 21.841 463.828 283.105 23.541 182.078 399.915 20.681 193.117 48.972 19.706 446.032 486.602 27.024 411.079 316.101 24.312 385.006 476.665 22.514 62.814 111.074 26.438 499.786 259.430 25.281 138.853 381.638 23.937 374.566 498.701 22.094 290.118 29.980 15.755 280.435 49.441 14.727 339.689 26.513 18.313 356.485 74.709 17.567 82.746 23.314 25.844 145.278 494.383 24.384 446.376 461.765 25.534 90.660 205.654 26.860 278.962 412.611 22.516 473.494 292.369 24.077 60.773 61.943 23.415 79.937 402.741 26.670 194.140 80.326 21.349 200.125 228.730 22.495 456.301 358.139 23.274 460.063 321.122 23.196 87.281 110.010 27.910 379.426 302.891 22.412 461.717 470.027 25.937 130.614 445.969 24.967 236.344 482.914 16.445 328.827 215.867 20.523 121.882 227.974 26.655 144.930 175.391 27.044 49.635 315.762 24.705 383.021 375.909 26.241 91.728 389.729 25.719 0.759 308.675 24.351 336.741 272.542 23.796 476.585 499.104 25.296 110.876 419.976 25.391 102.981 402.014 24.502 146.958 0.289 24.198 459.233 387.488 25.684 198.615 222.064 21.869 208.880 106.893 18.735 53.117 1.642 25.952 270.042 428.571 21.834 274.538 381.325 20.861 1.468 72.814 24.344 309.084 474.022 19.059 33.502 341.068 24.308 51.236 341.092 25.533 387.024 36.830 21.119 408.510 229.915 22.464 330.784 318.081 20.980 270.513 457.323 17.848 27.395 116.199 25.472 65.011 364.988 28.202 74.429 173.862 25.818 329.534 311.193 20.463 164.269 428.776 24.055 33.262 455.222 27.693 481.278 148.452 23.066 58.068 284.942 23.737 16.345 342.282 24.853 5.585 196.406 24.357 221.746 328.208 17.577 95.925 190.690 27.472 4.899 327.742 23.279 80.527 208.589 25.884 76.278 63.810 24.310 143.847 430.343 25.079 444.071 375.598 24.293 375.592 280.251 23.953 409.007 89.146 20.735 471.909 43.531 22.801 106.891 348.936 28.014 354.647 495.779 19.452 193.733 332.588 21.547 382.533 110.901 19.885 174.869 124.027 22.474 131.861 405.498 26.638 71.385 474.756 26.115 66.944 356.426 27.497 77.118 17.987 23.307 135.674 155.422 27.939 88.533 407.906 24.940 38.565 322.914 24.987 5.152 73.707 23.507 155.941 141.063 26.091 473.421 141.105 22.383 43.256 146.859 26.119 126.484 272.882 24.918 324.600 439.272 22.190 369.517 198.309 21.920 358.104 124.697 17.122 207.031 98.650 19.590 43.555 38.032 24.656 44.536 197.773 23.032 300.842 285.768 19.795 177.425 20.714 21.711 236.678 103.268 16.049 58.483 302.316 23.203 376.125 310.344 22.638 166.191 130.291 23.226 434.653 438.652 26.592 226.676 124.775 15.372 340.441 457.488 21.643 350.600 192.641 20.763 130.279 181.161 27.218 346.226 19.325 19.436 220.036 482.284 17.799 10.681 259.046 24.783 67.789 11.725 24.765 329.086 437.397 23.342 400.529 419.978 26.957 46.025 345.103 25.647 165.126 263.675 22.709 56.013 368.706 27.529 75.211 307.970 24.739 294.464 23.999 16.030 272.335 41.373 14.035 207.567 161.645 21.040 436.355 218.926 23.717 259.240 468.629 18.652 440.063 70.293 23.009 53.035 227.888 26.563 26.408 99.686 23.395 434.024 251.907 20.437 480.112 228.917 23.285 288.795 87.124 14.489 410.814 484.815 24.097 121.019 277.917 25.316 428.801 46.455 23.541 172.810 63.426 20.483 153.553 64.121 23.276 256.761 25.065 15.798 299.649 393.719 23.075 354.323 335.811 22.023 335.695 449.948 22.334 253.260 253.604 21.379 498.776 196.163 25.568 369.625 174.633 20.356 269.582 308.470 19.552 470.785 124.076 21.828 59.889 254.115 25.459 352.908 93.743 18.618 310.214 492.498 18.140 394.931 223.492 22.688 186.839 350.138 20.969 226.825 67.802 16.362 378.956 412.644 25.618 492.158 37.456 24.302 358.735 308.049 21.260 485.545 41.876 23.133 239.344 499.559 15.614 457.505 56.989 23.665 444.124 194.732 21.433 301.483 4.848 16.833 151.004 389.942 23.245 83.834 1.276 24.201 22.572 173.419 23.331 305.988 84.761 15.060 493.288 270.652 23.710 343.098 124.006 16.161 200.570 306.831 20.831 283.547 365.005 20.582 459.754 117.815 21.978 110.504 499.597 24.598 79.498 215.711 27.332 192.080 5.525 20.291 407.539 402.883 27.578 111.426 137.134 27.605 249.024 181.384 20.689 351.828 142.472 17.360 255.646 135.086 14.569 307.163 38.097 18.254 179.205 240.610 22.712 398.442 499.381 23.187 352.878 46.218 17.910 465.406 54.054 23.410 56.146 444.470 26.948 73.704 453.615 26.434 393.465 202.152 20.385 251.913 47.952 13.657 17.827 469.036 26.486 431.623 283.460 22.627 273.349 136.930 16.252 394.268 263.360 22.831 91.234 376.548 26.437 322.484 88.030 15.414 437.158 341.893 22.378 7.986 233.707 25.446 83.117 203.328 25.983 69.372 81.151 25.449 451.054 15.196 28.312 211.734 400.645 20.330 181.551 198.130 23.977 405.944 276.367 23.550 464.456 25.494 24.441 411.195 83.553 20.327 212.425 123.408 16.148 269.873 204.637 22.233 48.111 173.878 23.615 12.874 24.961 25.377 260.953 191.913 20.779 202.711 377.451 19.930 33.632 204.220 23.750 281.508 86.673 15.440 292.721 60.343 13.834 163.945 155.719 25.055 300.920 61.787 13.635 119.073 135.539 27.530 479.283 154.968 22.361 82.990 18.896 24.440 458.168 170.772 22.417 60.337 436.524 26.738 151.839 443.652 24.275 381.159 193.164 21.741 34.865 0.011 26.548 74.467 6.422 24.857 284.585 104.760 14.691 25.245 433.141 26.098 55.347 140.674 26.613 132.402 37.530 23.231 7.905 204.748 25.163 308.564 44.048 16.041 499.988 320.393 23.225 117.138 276.000 25.856 18.269 394.307 26.022 326.566 19.870 18.695 481.527 49.912 22.306 84.934 240.477 25.938 259.885 203.690 21.543 281.528 220.011 21.786 334.950 233.922 20.566 133.726 399.734 27.394 450.184 87.646 21.731 48.882 437.926 25.952 388.561 253.387 22.560 359.182 142.639 17.973 296.347 99.985 14.544 271.325 31.509 14.922 205.409 199.767 21.519 226.727 147.841 14.204 182.127 144.988 22.836 416.263 326.075 23.704 39.001 25.273 25.222 459.382 339.582 22.934 269.881 283.175 20.645 191.564 304.537 21.466 394.075 268.218 22.559 352.283 401.622 23.312 453.281 487.156 26.712 2.461 252.484 24.622 339.151 43.626 18.173 325.911 203.458 18.979 341.654 79.364 16.807 168.631 135.457 24.229 250.250 69.395 15.803 403.545 402.515 27.578 185.398 297.725 22.883 489.977 4.743 25.525 419.995 408.316 27.441 438.953 215.612 24.095 397.605 78.390 19.680 395.711 104.345 20.244 496.901 325.551 23.024 422.686 313.161 23.408 415.245 229.701 22.366 134.702 4.414 24.249 64.867 240.496 26.177 493.470 364.202 25.334 84.791 414.491 26.454 132.700 204.357 27.414 38.911 368.736 26.046 116.232 153.973 27.329 437.608 259.457 20.632 448.443 310.896 22.727 358.373 376.429 24.069 427.012 259.874 20.802 60.030 426.712 26.138 465.545 18.880 25.239 43.926 26.035 23.781 294.132 353.904 20.946 303.372 311.176 18.546 357.731 439.972 23.726 297.157 314.394 19.912 383.806 130.396 19.549 128.458 58.959 25.083 78.733 415.524 26.321 362.268 11.456 20.220 300.929 382.421 22.744 369.416 123.938 19.255 437.984 100.069 20.576 448.628 390.198 25.778 421.089 130.842 20.965 139.768 93.141 25.488 119.397 149.168 26.365 238.156 320.600 18.534 109.044 8.297 24.132 100.577 406.856 25.278 493.620 444.401 25.131 139.264 49.867 24.540 303.608 276.680 20.219 272.150 468.122 17.799 163.959 247.652 25.055 414.876 246.670 21.618 257.399 239.608 22.842 243.621 48.992 14.020 365.488 78.844 18.305 492.187 381.075 24.866 484.438 314.970 22.987 340.695 476.556 20.191 19.301 185.399 23.286 325.276 1.056 18.184 446.319 342.596 23.727 302.309 117.692 16.734 398.201 300.016 23.459 461.051 137.124 21.730 77.886 462.279 26.505 94.997 400.623 25.256 7.922 345.139 24.094 84.909 31.538 24.691 364.899 135.047 17.225 11.709 468.316 25.655 385.203 413.852 27.080 219.588 287.643 20.434 242.732 467.189 17.963 6.719 24.347 24.399 370.284 338.247 24.432 92.300 138.559 26.740 469.289 68.267 22.686 73.811 339.624 26.382 72.627 81.921 25.347 26.319 369.028 25.801 127.387 58.585 24.154 113.144 116.232 27.319 50.690 86.604 23.829 128.161 327.654 25.277 138.261 161.854 27.611 45.754 227.238 26.546 409.457 300.967 22.112 405.594 37.313 22.894 420.882 31.888 23.415 166.880 238.505 25.188 10.759 217.276 24.181 96.448 488.981 25.653 66.254 306.899 24.956 85.833 42.319 23.681 378.706 0.534 21.692 495.497 468.753 25.923 258.470 485.545 16.911 158.470 204.184 24.966 52.088 243.116 25.694 182.041 209.334 23.051 217.110 315.171 18.972 53.232 54.491 23.353 124.656 394.190 25.508 11.047 43.243 23.033 440.522 118.991 21.466 118.465 180.159 26.946 99.964 21.419 23.127 246.322 53.985 15.098 446.102 326.918 23.264 427.959 359.994 24.001 28.223 462.176 26.666 14.767 67.605 23.510 169.455 251.001 22.843 120.602 92.917 24.208 216.079 413.307 19.503 422.079 67.963 23.742 430.788 260.250 20.443 96.841 100.247 26.626 398.275 487.524 22.361 68.770 209.529 25.562 425.172 4.175 24.548 211.630 288.060 20.381 216.637 67.629 17.855 269.195 239.171 21.748 75.349 260.264 25.200 109.581 130.440 28.310 81.556 199.437 26.491 91.782 159.443 27.153 381.448 493.230 22.149 393.039 50.226 20.424 466.531 349.995 23.239 154.896 209.721 25.866 135.509 126.997 26.738 294.699 67.670 14.291 268.008 98.930 14.212 117.029 125.564 27.919 12.068 111.254 24.867 179.801 246.749 23.085 472.741 117.547 22.084 169.257 109.765 23.293 373.148 315.498 22.564 193.401 130.771 21.358 380.458 157.056 20.982 226.981 499.839 15.200 32.050 246.207 25.345 281.481 165.650 19.913 118.520 296.392 26.504 205.575 282.608 20.634 112.045 407.903 24.861 364.805 243.652 22.560 317.352 179.037 18.372 308.796 104.817 16.979 461.065 408.194 24.775 312.654 85.186 14.464 45.419 122.881 25.700 376.438 71.899 19.173 3.202 92.538 22.875 406.387 346.783 25.324 453.966 5.140 26.986 216.392 466.928 19.462 281.018 197.896 21.326 109.540 343.470 27.204 465.740 203.510 23.920 117.685 18.919 23.328 44.860 374.704 26.944 271.350 253.226 20.954 169.572 287.936 22.992 133.098 372.614 25.297 268.408 22.658 15.512 244.539 281.817 20.359 169.511 13.553 21.615 406.912 135.004 20.885 391.172 487.666 23.726 79.535 436.929 26.140 455.939 74.820 22.418 444.683 1.065 26.024 188.558 432.312 20.653 82.209 332.025 26.587 424.475 448.141 27.576 0.141 235.293 24.436 130.184 264.971 26.678 35.881 168.094 23.915 345.097 358.066 23.043 256.586 48.306 15.241 300.957 99.159 16.751 40.334 32.148 24.638 394.230 135.149 20.922 115.749 346.195 26.294 123.018 29.666 24.027 125.477 282.663 24.790 28.846 414.828 25.599 81.614 74.417 24.765 85.718 301.823 24.523 295.588 374.884 21.795 243.127 382.445 20.247 304.147 0.786 18.444 275.731 487.587 16.842 345.968 141.493 17.499 217.232 184.424 21.196 79.757 394.463 26.095 279.019 452.264 18.791 99.504 86.977 26.522 82.531 463.410 26.525 209.843 29.487 18.133 424.534 278.151 21.229 364.527 413.199 23.905 482.348 370.955 25.370 394.125 432.811 26.836 308.352 439.522 21.914 300.361 413.716 23.257 112.983 148.024 26.479 89.470 154.884 27.338 189.947 91.787 21.345 390.826 291.173 23.733 413.449 111.142 19.223 255.086 461.602 16.545 76.375 382.573 27.064 490.153 315.470 24.147 206.391 257.958 21.278 292.242 419.369 21.990 346.176 116.025 16.714 12.700 481.774 27.058 29.410 449.298 27.209 406.119 1.547 23.172 247.324 475.796 17.487 29.533 138.042 25.323 82.143 431.689 25.384 247.079 216.323 21.401 216.282 44.213 19.116 438.205 173.102 20.908 122.939 0.680 23.548 189.252 252.312 22.712 63.808 128.247 26.241 232.325 6.625 16.817 40.768 216.242 25.119 298.794 495.539 18.756 382.976 271.321 23.717 39.293 240.727 27.922 384.447 496.179 22.314 352.854 292.935 23.072 94.184 57.453 23.640 239.343 191.532 20.776 161.395 358.317 22.767 185.395 426.680 21.969 263.826 258.255 21.126 137.057 90.360 25.660 96.221 216.846 26.776 166.899 464.444 18.801 12.960 333.422 19.862 359.809 178.808 15.743 88.686 413.071 21.858 131.618 493.630 20.585 117.546 479.271 20.537 111.214 13.779 20.735 239.906 136.084 9.960 449.604 297.934 18.640 385.260 209.903 17.788 228.673 257.917 17.032 137.724 430.111 20.510 498.916 456.435 22.024 167.067 323.427 17.928 310.513 139.710 12.059 95.718 302.229 21.436 7.899 302.220 19.571 298.330 171.057 15.158 4.344 279.078 19.707 161.357 117.649 20.506 120.792 172.573 22.416 304.505 239.201 16.262 159.523 76.024 18.870 0.144 407.492 22.086 108.829 178.903 24.001 152.267 415.213 22.119 361.394 19.920 16.029 396.307 179.484 16.828 0.412 284.010 20.411 100.888 418.235 21.700 275.177 499.021 12.044 18.693 269.907 19.798 82.781 357.424 23.070 264.666 450.752 16.475 222.993 137.616 13.305 10.385 253.447 20.611 447.371 156.302 18.045 9.244 402.608 21.484 344.806 461.783 17.403 207.055 166.752 17.256 404.600 368.289 22.400 352.767 20.380 15.506 258.295 380.571 16.290 497.814 250.052 21.325 388.820 347.150 20.001 422.367 303.446 18.688 225.279 431.212 15.629 431.683 196.853 18.336 305.239 493.217 14.601 139.198 212.862 21.772 135.714 215.507 22.626 215.215 93.718 14.984 145.648 116.495 21.225 11.237 0.657 22.202 308.544 322.426 16.988 310.489 426.268 19.009 216.104 426.520 16.550 229.157 382.879 13.980 465.896 24.848 20.116 319.606 393.942 18.896 445.067 218.523 19.312 12.195 252.018 20.665 457.052 469.475 23.502 194.987 280.217 16.963 483.521 340.198 19.231 11.437 431.331 20.711 247.739 97.467 11.135 385.435 487.746 18.854 257.665 223.344 16.648 137.420 285.116 20.853 55.564 488.594 22.048 481.043 479.683 21.913 3.803 489.443 21.713 69.795 406.692 22.380 18.340 24.738 20.305 92.625 251.032 24.049 227.246 105.206 12.988 185.539 438.857 17.249 191.933 30.411 14.755 409.264 12.304 19.231 230.193 397.615 15.760 367.524 293.156 19.243 125.117 444.463 21.512 333.318 374.485 17.970 332.532 371.416 18.150 429.620 139.411 17.425 241.173 5.467 11.996 104.991 35.267 18.549 472.106 203.062 21.015 306.890 296.436 14.681 65.718 452.626 22.906 190.653 216.046 17.309 482.352 109.782 19.018 69.735 288.578 19.060 75.810 480.486 22.563 245.408 203.427 16.394 0.343 304.083 19.085 494.743 258.034 21.511 484.568 118.461 19.271 314.374 253.235 16.262 396.132 207.019 17.651 384.902 494.254 19.365 237.521 73.103 11.878 241.679 374.276 14.686 497.462 24.801 21.348 162.760 380.729 18.342 428.951 425.753 22.210 458.961 328.565 19.291 18.485 443.862 19.826 3.033 5.238 21.964 29.187 434.440 21.681 408.733 374.750 21.913 353.125 415.422 19.246 449.420 492.613 22.951 140.860 241.456 22.009 395.955 54.964 18.664 37.069 468.956 23.419 138.209 154.591 22.957 11.338 228.236 21.531 185.522 277.409 18.380 422.182 252.824 16.535 338.694 62.432 12.918 65.370 31.191 18.791 87.162 493.483 20.913 48.468 271.917 20.162 487.424 172.391 19.979 244.813 491.199 11.730 155.176 408.676 21.548 458.922 128.443 18.292 486.220 62.137 18.074 471.021 283.225 20.337 270.189 382.447 16.961 51.148 345.157 22.328 364.941 31.287 14.658 135.920 441.205 21.367 431.142 443.596 22.525 246.693 92.256 10.472 95.592 261.552 22.727 315.299 422.240 20.040 178.726 12.032 18.096 102.592 114.760 23.874 25.484 334.939 22.108 424.609 322.430 19.580 219.452 129.399 11.792 260.805 377.468 16.216 195.203 382.239 16.297 205.592 140.914 15.056 8.436 461.449 21.290 487.014 259.336 21.412 25.729 260.003 21.131 171.614 7.436 19.614 354.963 296.300 17.953 381.169 124.096 14.817 86.664 105.770 23.837 132.334 135.317 23.035 417.329 455.414 23.603 413.423 368.239 21.579 256.926 295.072 14.956 339.716 214.973 15.793 116.339 474.957 19.874 298.950 334.186 16.527 121.710 426.630 21.249 425.097 457.475 22.717 231.951 432.506 14.421 163.599 365.858 17.584 140.721 0.018 18.889 3.039 116.396 20.261 184.742 135.523 18.048 454.453 420.251 20.007 284.063 56.995 10.006 427.435 56.228 19.485 117.619 160.411 22.350 210.755 5.273 14.442 354.596 340.914 17.630 68.471 38.035 20.109 118.349 340.011 22.439 141.176 77.230 20.438 437.285 88.594 17.443 38.155 498.889 22.554 306.891 248.145 15.964 243.230 333.124 14.199 196.415 439.706 15.157 14.850 283.144 19.835 315.327 314.496 15.804 318.437 36.506 14.090 495.850 474.308 22.772 175.753 322.532 18.936 208.767 474.924 14.900 45.640 319.906 21.422 426.158 393.325 23.660 172.605 327.194 18.307 223.956 319.978 15.611 315.133 203.607 15.743 13.047 233.741 22.055 99.332 370.273 22.140 432.663 388.893 21.759 274.239 60.324 9.803 122.911 109.690 23.464 13.732 252.710 20.186 312.159 497.261 14.319 4.688 468.871 22.092 494.330 97.828 21.081 74.438 51.660 19.643 320.117 455.199 16.700 202.818 158.994 17.092 470.586 8.214 21.885 338.986 91.366 12.950 33.939 79.734 19.979 246.260 106.338 10.883 389.333 87.566 14.509 467.432 178.441 19.405 269.189 368.081 15.875 166.911 201.319 20.862 389.951 499.241 18.693 211.167 448.487 14.486 262.949 372.145 16.563 30.899 420.351 21.288 218.608 7.149 13.387 193.668 358.386 16.701 251.511 179.056 15.283 498.644 194.061 20.817 386.923 320.669 19.628 152.036 381.433 19.773 307.035 382.089 19.035 132.116 346.212 21.794 463.101 257.451 18.781 116.308 110.970 23.735 441.961 488.983 22.363 247.058 32.945 12.284 102.499 302.188 22.524 269.926 397.157 16.919 200.506 124.589 15.432 320.922 167.267 12.959 270.680 265.106 16.967 400.471 320.598 20.418 226.000 443.943 15.184 193.549 371.059 17.586 431.629 455.422 21.179 416.254 297.475 18.402 413.059 152.934 16.734 176.378 48.288 16.964 413.938 431.863 23.775 398.355 327.355 20.125 111.267 141.181 23.253 197.622 275.982 16.674 162.305 456.602 20.633 435.643 168.336 16.883 253.477 344.065 15.230 487.544 345.604 20.531 196.165 209.144 17.772 345.416 25.306 14.913 181.159 98.218 17.307 135.994 450.140 20.200 412.163 170.699 16.609 104.412 98.908 22.289 240.256 42.347 11.499 96.431 91.454 22.279 106.815 297.280 20.894 89.256 424.963 22.301 476.147 277.825 20.269 81.296 459.137 21.711 454.920 264.163 18.895 296.627 42.585 12.280 53.881 320.722 20.612 167.381 167.063 22.766 157.215 147.091 21.321 446.470 294.215 19.421 72.428 54.092 19.252 385.883 368.036 22.345 99.558 309.264 22.780 86.577 431.625 22.666 187.539 309.558 18.589 0.530 6.725 21.047 177.890 11.984 18.256 65.826 336.393 21.897 175.207 98.175 18.505 453.836 279.092 18.948 59.442 19.861 20.606 384.172 266.323 19.025 159.335 92.802 20.013 15.399 402.684 21.241 359.325 106.919 14.197 357.611 166.037 16.417 486.933 86.154 19.114 405.030 295.358 19.771 479.055 448.914 21.116 461.283 295.797 20.174 316.360 375.975 18.725 415.316 17.453 19.276 48.461 98.114 19.336 108.196 94.448 23.942 47.251 278.266 19.500 6.482 196.935 19.802 491.533 241.169 19.549 482.073 332.695 19.176 410.423 99.848 17.158 308.340 338.499 16.710 8.661 353.383 21.585 104.284 190.830 23.722 277.264 438.376 16.023 229.433 254.234 17.663 360.539 128.266 12.971 69.543 236.817 21.908 443.023 469.214 21.721 244.362 260.573 17.578 387.774 343.871 20.658 311.063 345.249 17.065 24.844 225.020 21.378 226.547 189.863 16.553 399.519 384.880 23.225 177.224 295.248 18.856 250.842 10.887 10.512 132.205 298.137 22.540 75.098 241.931 21.003 1.073 110.695 19.393 249.602 110.936 11.435 472.012 315.577 19.560 112.787 7.198 20.509 202.860 175.313 18.357 363.909 156.631 16.298 217.087 50.486 13.850 409.158 289.498 19.041 113.483 24.513 19.416 94.911 341.123 23.805 345.468 277.759 19.164 312.630 238.424 16.030 128.439 402.123 21.687 46.847 191.207 18.998 25.029 62.992 20.058 467.516 258.542 18.804 9.221 192.819 19.974 369.051 429.435 20.823 460.579 18.382 22.336 97.807 462.490 22.001 183.704 151.429 20.332 357.992 170.997 15.306 409.315 142.195 17.257 218.239 346.350 15.018 468.690 446.006 22.274 144.447 370.067 20.820 484.903 0.296 20.904 486.624 235.548 20.300 78.151 289.910 20.853 168.750 5.716 19.882 292.901 84.148 10.708 473.496 232.704 20.198 324.102 74.434 11.290 113.858 358.330 22.898 458.137 364.477 20.347 118.108 234.125 23.538 244.923 135.425 10.830 397.011 412.818 22.059 50.001 281.702 19.554 14.827 123.910 20.612 6.091 457.493 22.722 294.484 481.008 14.287 352.395 214.068 18.898 208.679 296.941 15.242 484.611 449.943 22.086 284.641 204.431 17.344 36.355 320.584 21.163 349.823 12.195 15.265 18.161 207.628 21.433 13.291 314.409 19.090 129.250 338.968 21.649 398.848 111.903 15.414 8.367 495.490 22.291 432.808 210.614 18.629 173.994 346.179 17.011 458.999 218.354 19.557 242.467 179.814 15.381 373.472 94.085 14.804 152.570 462.480 20.287 289.806 326.376 15.876 56.697 185.056 20.026 317.391 131.122 12.093 168.834 37.062 17.682 374.623 215.102 17.568 101.065 383.675 21.199 101.089 25.994 19.114 156.098 307.737 20.055 245.175 158.836 12.512 448.745 68.137 19.060 115.490 425.462 21.782 294.152 159.857 14.130 356.435 381.011 20.041 322.940 450.593 17.632 433.734 497.937 23.175 474.815 469.511 22.364 399.785 6.978 19.724 177.669 437.367 17.365 6.028 283.532 19.650 62.779 222.317 22.375 344.182 497.302 14.758 76.948 284.264 20.677 4.906 386.109 22.435 86.064 308.820 21.910 219.523 35.935 13.985 130.280 394.863 23.045 110.440 251.902 23.641 465.750 67.788 19.061 341.960 266.246 18.804 24.199 279.579 20.472 265.491 426.234 16.355 164.960 107.383 19.025 349.797 307.026 17.707 134.281 336.348 21.380 229.403 288.733 15.850 353.576 178.434 16.106 442.196 439.485 23.201 413.656 220.426 19.047 332.570 492.453 14.883 308.506 93.305 11.235 458.516 464.122 21.707 247.353 487.196 12.687 87.731 383.168 21.549 115.941 315.584 21.538 322.913 431.845 19.581 448.917 7.648 22.902 310.629 487.966 15.302 222.633 229.181 17.192 444.553 257.862 17.105 35.236 388.198 21.438 199.478 455.323 16.168 460.720 369.897 21.125 479.156 375.504 22.033 170.500 445.262 18.357 229.739 159.760 14.308 490.681 20.665 20.639 448.681 235.319 19.894 82.806 78.381 22.104 454.107 403.634 20.776 28.490 351.344 21.870 276.076 305.568 15.123 351.698 254.171 18.986 175.969 54.845 15.620 21.821 486.100 20.975 77.840 92.138 23.029 401.955 387.991 22.937 253.835 489.039 12.985 316.500 0.856 13.963 7.180 23.876 20.254 197.410 487.230 17.024 286.336 469.299 12.977 478.972 173.001 19.295 350.660 329.834 16.803 385.474 118.587 15.915 358.201 351.980 19.485 20.047 105.828 20.478 498.792 220.701 20.476 0.372 442.355 21.155 333.303 147.011 12.499 135.081 265.314 20.473 95.347 291.843 21.326 30.272 402.071 21.132 118.707 381.534 21.620 234.110 284.833 15.408 8.729 433.209 21.188 168.833 75.061 17.707 158.782 384.954 19.341 169.095 357.888 17.520 385.287 235.183 18.452 306.080 333.237 16.292 60.258 239.600 22.409 99.977 12.369 20.123 250.833 86.983 11.170 413.553 140.916 17.182 43.579 160.418 20.466 382.217 258.638 18.833 31.943 469.907 23.039 473.498 439.783 21.299 135.893 32.286 19.538 384.268 162.299 17.131 75.414 192.213 20.875 258.310 337.064 16.269 147.632 289.425 21.034 102.587 152.014 23.129 358.680 152.896 14.442 169.152 481.529 19.724 235.926 101.623 11.758 304.722 267.430 16.157 4.069 254.614 20.871 87.385 332.870 22.660 267.568 413.887 18.747 197.800 314.690 16.261 402.666 200.166 16.859 40.926 311.398 19.920 457.760 147.567 17.509 188.358 67.964 15.416 34.761 141.441 21.738 38.355 49.571 19.229 53.975 130.615 21.476 267.641 13.505 10.762 102.173 314.911 22.925 403.773 463.617 21.504 354.000 269.580 19.231 374.070 220.977 18.429 413.250 137.217 17.411 392.006 376.708 24.093 240.412 198.038 16.830 213.422 365.303 14.073 108.403 79.783 21.240 1.013 395.687 21.126 86.882 60.082 19.591 408.431 147.532 16.937 40.899 436.721 23.085 373.520 393.798 21.837 341.709 105.107 12.643 326.094 122.352 12.601 104.507 456.516 22.588 78.588 265.343 21.957 480.051 273.237 19.651 42.068 420.333 21.916 154.336 1.522 19.001 261.471 456.996 14.221 242.669 355.859 14.771 291.667 179.415 16.024 361.008 224.783 19.218 154.217 154.698 22.578 448.784 258.010 18.715 477.672 351.141 20.187 271.113 248.155 16.691 352.520 363.031 20.085 379.744 148.712 16.932 257.849 11.761 10.584 236.495 61.213 11.294 75.330 248.255 20.337 87.369 12.357 19.771 440.343 16.596 21.508 182.201 300.047 17.735 361.188 445.099 20.227 465.715 265.846 19.184 191.866 150.783 18.669 234.400 117.438 11.289 17.889 346.236 21.024 95.891 363.550 23.569 406.984 110.505 15.136 80.154 201.965 21.546 65.697 351.682 22.363 360.105 78.600 14.213 195.544 38.247 15.182 247.254 127.837 10.313 184.022 36.551 15.757 182.500 62.658 16.102 279.598 314.754 16.137 485.209 204.694 20.280 405.589 382.090 23.976 195.620 363.009 15.115 198.362 98.701 16.063 418.130 357.674 19.906 98.032 44.234 20.008 9.126 316.819 19.921 110.735 192.048 23.093 326.630 319.505 17.557 157.721 185.541 22.928 101.204 450.187 21.856 466.755 0.183 22.083 41.628 320.962 21.955 1.331 433.496 21.387 6.477 368.460 21.400 151.028 432.494 20.824 271.018 131.449 11.162 458.376 278.449 19.019 290.777 302.169 14.892 491.416 253.594 21.366 130.888 228.363 23.592 124.799 247.935 23.898 374.266 253.449 18.352 344.718 10.349 15.325 51.925 1.128 22.157 24.961 87.045 18.716 376.498 321.352 20.360 120.150 211.566 23.731 480.858 121.866 17.822 315.922 191.210 14.925 90.996 190.240 22.444 329.803 421.124 19.160 142.053 441.036 21.531 309.853 203.173 15.678 302.417 141.513 12.351 181.425 220.726 19.060 173.939 406.756 17.261 27.866 130.391 21.496 32.032 283.694 19.918 394.962 481.169 19.309 458.815 42.918 20.584 329.377 431.857 18.816 39.682 93.822 19.939 91.928 295.404 21.396 439.924 462.584 21.746 435.984 5.741 22.111 64.297 469.196 23.129 134.933 332.833 21.369 162.692 470.096 19.503 234.212 253.160 17.540 302.192 464.363 15.139 7.621 432.319 20.688 371.753 149.834 15.980 133.756 20.539 19.307 222.520 487.979 14.357 123.484 90.102 21.527 390.678 13.812 18.713 459.257 91.924 18.676 36.219 88.599 20.139 343.492 37.834 13.762 218.381 330.534 15.091 294.811 244.376 15.784 225.958 174.443 15.228 87.683 261.371 23.383 469.801 252.230 19.779 228.521 375.807 14.014 153.461 116.831 21.073 330.326 472.068 15.993 206.458 371.421 15.740 466.948 450.596 21.288 306.962 13.929 13.402 476.484 359.539 19.821 115.488 93.118 21.363 291.899 439.024 15.893 271.632 78.368 11.083 162.385 56.523 18.634 59.778 141.498 21.915 425.990 442.730 23.432 409.386 131.334 16.355 383.411 94.044 15.072 124.079 178.806 22.419 498.485 74.214 18.881 27.495 305.354 20.639 63.391 260.202 20.330 26.453 210.078 20.673 378.204 265.796 19.286 11.144 303.902 19.531 376.108 37.349 15.857 346.915 303.991 18.391 285.415 488.845 12.704 75.254 85.477 21.228 442.821 418.293 20.859 382.312 97.331 14.689 335.783 5.686 14.757 73.358 234.751 21.493 275.328 36.234 10.277 180.462 49.406 14.507 363.747 477.494 16.737 24.389 206.050 21.335 318.262 148.042 12.293 352.383 74.328 13.168 347.583 358.025 19.389 294.755 215.586 16.870 349.583 431.165 18.840 106.764 184.325 23.158 214.459 179.461 16.410 49.472 62.808 19.693 393.830 85.515 15.047 249.418 161.058 13.090 115.313 349.973 22.771 146.637 4.978 20.851 17.086 234.013 22.674 326.066 375.595 18.494 446.633 128.318 17.880 236.111 296.296 15.659 368.740 0.746 17.574 86.386 0.389 19.001 161.423 148.572 20.704 260.103 410.021 16.426 257.307 492.315 12.183 228.413 399.790 16.651 231.921 310.766 15.361 379.247 452.909 21.666 235.336 222.022 16.836 478.899 90.369 18.879 342.278 0.324 15.276 481.890 356.973 19.501 115.974 30.417 19.868 8.104 62.314 18.981 392.919 383.775 22.258 446.185 251.698 17.351 447.977 266.244 18.052 334.287 455.344 17.345 347.392 411.755 18.246 312.746 90.721 11.102 310.125 289.361 14.249 8.828 52.545 18.723 268.854 123.347 11.338 497.573 98.891 19.578 122.944 315.030 21.693 77.616 427.113 22.198 56.127 382.507 22.955 240.542 36.539 12.519 20.782 325.505 20.457 268.868 320.103 14.318 442.819 210.058 18.753 305.541 357.891 18.319 460.745 147.982 16.905 6.432 80.576 19.556 285.635 381.762 16.800 82.166 147.644 23.805 373.427 183.552 17.354 2.602 56.868 19.361 31.778 4.552 22.706 473.906 92.760 17.764 47.243 241.124 22.966 41.240 55.112 19.813 67.523 5.242 21.376 96.885 68.840 20.972 116.709 237.767 23.553 154.899 424.709 22.015 396.667 118.483 15.033 155.253 167.877 22.792 228.729 462.651 15.214 225.017 110.856 14.626 230.820 234.099 17.525 3.042 229.180 21.533 344.023 456.423 18.188 58.006 292.934 19.399 166.390 30.651 17.732 323.527 285.828 17.953 146.569 204.930 22.410 118.074 355.357 22.231 64.074 6.151 21.861 307.103 5.192 13.568 445.658 190.040 18.227 27.766 4.317 21.950 17.169 82.145 20.032 310.990 50.254 10.447 370.441 142.182 15.758 206.414 321.759 14.177 14.980 221.857 20.838 381.426 429.910 21.716 295.123 402.130 17.907 131.971 0.560 20.726 470.895 18.799 22.458 99.221 207.814 23.133 329.552 116.214 12.416 271.774 169.589 15.074 393.707 404.913 22.372 97.850 340.812 23.198 476.690 437.752 21.113 454.879 159.898 17.613 209.393 17.052 13.427 288.770 207.430 17.276 347.067 178.900 14.610 403.078 32.608 17.515 91.291 80.649 22.341 161.091 22.811 17.638 329.522 177.587 14.495 24.978 356.927 21.975 5.993 246.594 22.007 2.837 216.404 20.063 312.888 322.956 16.893 113.383 247.233 23.075 291.302 117.597 12.168 118.750 202.781 22.930 151.377 202.207 21.893 418.932 419.355 22.987 357.361 24.985 15.047 399.847 432.669 22.776 224.499 497.252 12.994 375.389 192.270 17.781 439.991 105.849 17.415 162.641 222.824 21.466 335.860 325.797 17.976 42.528 314.249 21.277 67.622 425.684 22.589 476.442 338.859 19.286 381.765 247.612 18.598 254.052 336.874 15.269 174.107 115.936 18.875 226.750 223.892 16.694 363.135 493.817 17.415 202.098 8.121 14.765 254.270 238.755 18.440 343.315 284.338 18.512 47.235 81.555 19.305 393.434 335.836 21.006 499.432 443.766 21.438 212.190 246.320 17.837 353.889 463.524 17.613 456.232 23.152 21.917 56.073 160.874 22.026 96.795 422.399 21.560 197.622 390.486 15.959 35.302 307.998 20.400 128.316 216.043 24.459 417.548 370.182 21.823 289.626 354.833 16.480 248.654 80.351 12.014 362.608 198.391 17.173 259.663 302.665 14.815 264.275 104.060 10.188 264.958 192.531 16.847 298.919 211.567 16.273 329.267 47.604 13.422 284.311 66.678 10.688 68.935 103.067 22.996 224.712 100.120 13.683 208.429 172.115 16.351 0.528 18.013 21.090 291.225 387.884 17.767 5.157 383.659 22.186 80.372 124.023 22.861 324.507 163.128 12.172 497.855 479.844 21.877 459.115 8.590 22.159 281.079 321.137 15.765 23.809 413.081 21.541 206.352 240.659 18.092 44.475 50.249 18.754 495.489 225.801 20.812 150.842 172.158 23.754 61.992 458.465 22.728 5.082 297.711 19.600 164.173 339.429 18.304 466.380 363.778 20.399 433.942 140.805 17.228 178.547 227.780 19.824 9.345 340.835 19.804 20.323 8.210 22.757 424.974 186.697 17.340 463.431 272.100 19.607 127.179 222.567 23.325 65.109 104.554 22.242 221.855 315.803 14.753 9.725 31.138 21.267 270.556 475.365 14.689 197.407 6.653 14.573 291.299 155.589 13.888 343.700 332.803 17.432 142.382 290.281 19.918 471.926 215.674 20.849 55.231 5.930 20.807 137.635 394.978 22.194 212.625 159.900 15.531 185.159 172.268 19.388 231.279 419.856 15.770 7.460 61.043 18.728 98.793 62.404 19.630 57.522 224.213 21.933 97.579 81.603 21.711 490.881 216.489 20.330 155.113 99.073 20.714 478.131 180.434 20.617 225.047 185.479 16.633 183.789 18.404 17.082 45.970 339.757 22.528 329.338 351.621 18.033 374.144 145.818 15.676 175.803 433.142 17.081 477.207 433.606 21.523 48.308 311.177 20.002 369.499 393.849 21.873 467.438 436.265 21.275 459.095 165.203 18.349 338.374 340.136 17.168 35.839 155.426 22.424 94.475 357.566 23.277 497.918 307.793 18.952 198.650 206.033 18.730 419.027 36.326 18.976 467.433 344.270 19.054 253.973 68.837 11.773 32.087 122.919 21.630 337.779 369.133 18.434 451.566 420.794 21.463 342.433 32.045 13.431 10.630 92.024 19.111 398.378 341.043 18.963 90.531 403.094 21.955 465.365 399.248 21.046 240.099 252.709 16.343 52.558 375.272 22.426 260.232 104.681 9.690 25.834 159.156 20.369 121.250 371.098 21.827 58.824 279.156 20.515 168.491 328.167 16.601 5.260 11.312 21.755 194.704 203.560 18.915 227.137 365.338 13.879 231.243 469.575 15.268 333.585 363.107 18.265 30.440 320.598 20.820 477.093 124.714 19.033 259.130 118.266 10.135 464.288 253.474 18.030 469.897 411.342 21.652 52.557 102.441 20.749 202.719 212.091 17.824 328.852 4.599 15.330 174.863 396.289 16.586 198.564 320.233 15.009 312.875 395.673 19.293 32.262 29.777 20.141 315.725 54.066 11.311 27.185 68.850 19.549 274.157 358.288 15.597 301.542 479.455 14.888 206.836 495.794 14.674 11.627 144.802 20.851 247.486 289.263 15.734 364.670 377.848 20.379 162.140 450.920 19.312 316.933 154.003 11.782 214.566 469.614 15.153 142.654 424.924 21.548 245.193 326.807 13.930 117.030 42.274 19.723 449.877 183.421 18.443 486.289 377.230 22.388 438.451 444.687 22.176 219.973 142.392 11.572 442.244 337.729 18.670 494.929 365.087 20.445 377.241 183.826 17.229 273.117 439.233 16.276 367.793 492.613 18.574 178.312 264.011 18.065 346.576 29.129 15.168 150.048 405.772 20.915 9.005 160.116 19.517 402.448 54.825 18.259 251.361 190.573 16.966 20.462 109.486 21.536 319.899 499.292 15.454 57.186 92.394 20.658 133.291 413.729 22.788 165.458 498.682 19.884 132.063 282.838 21.324 265.983 5.098 11.931 472.531 12.760 22.147 276.998 48.866 9.305 187.755 210.089 18.545 119.320 37.987 19.497 437.259 482.386 21.382 219.855 30.795 12.891 403.296 105.095 15.810 90.156 140.287 23.864 246.078 11.592 11.299 160.532 292.657 20.650 202.763 180.513 19.534 2.391 339.728 19.381 59.453 55.661 19.041 334.038 154.247 13.404 437.646 418.420 21.071 8.574 241.627 20.670 121.840 142.756 21.977 86.283 445.400 22.927 224.080 39.105 13.511 282.167 473.684 14.681 253.630 31.727 11.088 428.146 69.593 19.279 465.020 377.631 21.025 101.711 357.999 23.371 239.563 204.501 16.195 410.981 309.305 18.630 130.355 247.318 24.277 0.745 381.774 21.334 82.637 476.808 21.185 264.717 340.964 15.224 191.128 257.178 18.420 439.238 264.045 17.121 406.844 430.968 22.776 318.033 474.558 15.611 1.541 117.252 19.021 247.045 228.468 17.220 6.156 134.848 20.355 301.619 161.923 13.568 83.293 178.608 21.650 332.157 110.305 11.856 48.785 286.950 19.127 115.503 325.185 21.873 129.493 498.899 20.052 485.584 227.975 20.273 386.340 173.088 16.836 351.311 370.251 19.039 82.324 258.916 21.913 313.015 267.089 16.231 399.872 227.331 18.327 425.530 351.036 19.262 198.548 491.944 16.436 406.227 266.477 19.647 329.112 476.674 15.828 407.265 209.614 18.331 495.692 481.777 21.940 460.707 475.058 22.382 442.751 315.261 20.203 255.428 145.627 12.362 447.611 413.365 22.054 256.598 125.389 10.371 481.366 426.917 21.334 34.665 376.613 21.678 234.467 160.973 12.512 378.771 252.672 18.770 6.899 173.275 20.346 452.359 325.790 18.825 50.259 330.184 21.727 465.411 168.334 18.621 405.457 301.786 19.075 446.054 271.659 17.945 181.714 371.085 16.625 270.518 208.414 18.749 274.945 147.135 11.828 141.536 265.191 20.916 180.982 480.454 18.894 140.061 56.590 19.945 438.387 244.385 18.063 27.476 291.400 19.540 11.416 389.067 21.738 407.325 168.358 16.842 233.222 18.136 13.355 396.905 441.913 23.041 346.678 290.531 18.126 333.071 242.895 17.123 227.532 64.127 11.664 143.518 499.979 20.331 94.935 284.567 21.194 128.327 364.635 21.200 104.323 308.884 21.532 371.617 232.526 19.713 168.613 334.317 17.921 383.467 282.304 19.718 194.644 422.103 16.790 87.649 275.064 22.866 11.268 452.319 20.978 485.748 123.902 18.394 405.391 443.630 23.765 364.987 142.259 14.419 478.045 67.812 19.221 142.068 20.621 19.673 170.951 32.628 17.760 395.808 152.877 16.354 152.431 31.592 18.432 350.968 490.318 15.714 316.472 220.179 15.910 214.326 119.370 12.761 64.378 494.164 22.265 467.384 413.028 20.684 345.973 254.969 17.838 71.939 3.127 20.265 312.048 112.192 12.880 93.792 443.752 21.460 30.968 101.811 22.461 279.611 165.498 15.901 7.195 394.758 21.301 78.600 278.649 22.104 166.284 44.158 16.202 155.961 382.518 19.374 88.132 469.704 22.214 140.162 41.269 18.815 340.898 6.514 15.168 325.273 487.531 16.141 174.275 333.165 16.890 405.926 228.504 18.039 433.192 378.200 21.417 10.123 265.482 20.178 432.438 23.814 20.492 251.137 126.337 10.456 30.363 170.689 19.787 489.283 427.603 20.312 166.828 52.270 17.288 114.600 394.857 21.269 218.816 85.920 13.944 249.112 258.006 17.233 262.024 196.786 16.687 196.432 327.119 15.563 427.264 301.780 19.588 40.498 301.027 17.464 96.955 452.444 21.998 1.489 327.490 19.868 12.083 186.693 20.118 77.968 227.170 22.277 148.153 365.160 21.559 488.669 41.337 18.589 265.886 406.437 17.672 338.769 148.179 13.559 456.080 221.415 20.294 173.434 19.972 16.697 294.626 103.298 12.297 249.493 319.516 14.391 485.334 468.275 22.072 87.544 173.168 21.364 111.942 370.735 21.891 210.892 104.261 14.966 148.691 235.765 21.118 199.575 63.733 15.221 435.740 358.383 18.679 475.692 296.133 20.675 318.228 124.056 12.301 320.197 380.718 18.689 126.717 72.061 21.053 388.482 460.167 20.865 374.597 15.003 17.109 201.496 43.982 14.041 151.607 25.795 17.483 332.454 356.968 18.131 246.509 364.614 14.992 285.298 1.044 12.966 14.478 290.292 19.384 385.295 30.079 15.877 109.639 476.305 20.226 262.066 124.840 10.467 403.358 341.172 19.406 80.086 186.194 21.712 458.828 79.594 17.907 129.688 432.865 21.891 20.661 463.377 22.234 353.922 329.399 16.948 441.473 93.309 16.719 42.557 227.839 22.424 373.472 455.926 19.896 232.725 26.455 12.667 498.162 97.764 19.379 32.167 304.121 19.741 76.388 394.487 22.977 265.213 415.921 17.680 264.979 155.639 13.217 475.843 394.720 22.015 100.127 105.475 23.655 85.250 399.585 23.035 393.476 149.294 16.753 160.241 61.811 17.726 355.275 469.174 17.334 220.403 258.667 17.390 248.842 411.682 17.432 65.757 390.065 23.740 14.487 0.107 22.542 161.680 208.569 20.865 453.983 396.125 21.336 73.444 135.555 23.388 354.489 317.848 17.065 338.070 498.310 15.388 222.247 240.726 19.170 443.123 74.930 19.198 457.811 38.133 20.608 18.841 199.526 20.285 320.196 471.110 15.369 368.734 5.610 17.992 337.716 199.586 16.052 307.853 221.499 16.963 402.629 163.379 16.304 267.143 143.623 13.482 327.959 107.667 11.318 386.359 72.797 15.259 8.210 68.932 19.841 433.050 28.961 20.345 346.998 129.497 13.295 120.076 405.535 21.899 16.692 492.971 22.453 499.641 457.441 22.158 74.487 499.434 22.481 417.305 4.796 19.798 400.985 38.037 18.589 280.381 357.334 16.276 63.146 95.914 23.575 486.197 292.640 20.466 496.804 264.427 21.540 382.753 300.373 20.196 327.848 425.844 18.421 145.157 392.024 21.889 245.506 25.284 10.977 0.874 62.753 19.179 417.935 499.329 20.124 143.897 308.227 21.400 428.998 136.419 17.466 243.826 456.213 15.012 282.716 464.327 13.856 21.688 386.768 21.048 391.220 474.766 20.407 310.458 81.853 11.253 222.048 351.932 13.832 403.828 425.427 22.275 117.684 347.487 22.682 1.439 400.816 22.091 176.573 464.129 17.726 279.194 30.704 11.276 264.541 62.374 9.810 182.023 227.163 19.026 343.408 198.192 17.170 337.561 135.247 12.375 403.722 376.170 22.838 210.708 321.498 15.000 444.558 27.243 21.168 8.960 474.147 21.339 145.747 442.339 20.840 40.642 266.180 20.834 128.786 304.500 22.135 402.926 204.392 17.662 349.353 226.883 16.916 31.643 272.975 20.352 164.296 277.917 19.182 219.738 265.966 16.151 75.132 471.455 22.447 222.333 68.374 13.142 294.580 113.954 12.171 297.287 116.927 12.806 498.538 207.230 21.203 278.263 80.977 10.669 98.729 74.765 20.908 203.164 217.288 18.117 116.445 104.338 22.811 2.058 67.123 18.667 252.489 450.143 15.066 435.041 119.917 17.352 431.060 112.108 16.938 345.570 439.165 19.322 136.299 313.657 22.120 374.561 442.691 20.375 111.013 289.286 23.234 234.189 49.119 11.101 184.537 116.544 16.399 4.738 285.660 20.027 36.033 364.348 22.566 401.163 335.826 20.301 227.039 179.927 15.797 216.277 321.781 13.651 43.774 247.432 21.578 54.743 481.933 21.942 407.113 272.035 17.311 298.907 88.346 11.069 213.915 184.487 17.110 475.422 147.697 18.815 273.402 289.469 15.610 220.714 202.063 16.189 382.714 334.090 19.138 180.672 185.259 20.323 243.211 408.466 17.916 207.606 146.004 16.154 212.786 258.166 17.676 211.908 355.481 14.182 424.493 271.158 16.859 333.878 499.760 15.008 43.325 484.321 22.897 213.599 345.537 13.429 349.355 196.908 17.882 272.594 463.200 13.653 393.253 284.803 19.179 325.432 239.797 15.902 174.874 38.086 16.767 370.623 239.923 18.442 265.579 42.323 11.142 382.791 468.248 20.160 76.082 148.997 22.866 216.940 282.831 15.883 100.035 456.826 22.489 182.571 24.924 15.471 46.558 474.054 23.566 7.324 67.819 19.129 144.652 87.878 20.441 408.563 260.426 18.869 498.693 117.170 18.530 140.556 104.546 23.210 65.498 264.730 21.059 442.181 129.744 17.294 166.843 374.707 17.569 214.264 276.617 17.146 330.519 451.160 18.614 361.444 210.450 17.689 487.785 357.063 19.330 271.959 232.055 17.445 216.758 188.480 17.107 377.830 207.160 16.161 410.463 325.330 21.082 163.488 136.274 21.701 138.433 147.885 22.984 488.262 248.243 21.277 379.127 316.592 18.807 256.699 186.348 16.339 18.280 171.878 19.759 331.060 443.554 18.064 209.889 414.015 16.849 169.192 195.713 21.291 159.677 339.639 19.371 438.532 271.553 17.598 274.584 86.209 11.222 337.017 445.369 17.403 262.054 387.273 16.428 389.792 400.480 22.061 166.110 320.262 18.511 241.123 476.906 12.275 326.837 356.184 17.672 468.137 499.897 22.818 168.707 103.263 19.357 4.303 177.500 20.652 453.348 303.546 20.098 94.641 97.233 22.045 191.673 272.214 17.272 403.533 289.423 19.651 224.102 154.894 13.948 414.963 132.793 17.274 484.108 304.263 19.171 391.032 42.519 16.754 9.090 86.649 18.958 123.891 84.483 21.122 217.278 339.051 14.259 275.606 333.860 15.522 429.864 351.435 19.339 416.517 117.333 16.807 86.244 356.749 23.133 475.177 197.972 20.901 457.742 201.384 19.434 3.728 375.208 21.522 174.443 493.534 19.689 222.251 180.488 16.223 117.231 74.044 20.206 440.729 224.052 19.489 397.973 365.743 22.143 453.128 290.371 19.637 96.028 0.091 19.792 159.474 407.957 20.441 309.027 180.603 16.400 161.302 328.555 19.069 383.245 400.168 22.808 395.138 59.135 17.783 146.099 39.822 18.342 243.075 63.557 11.961 498.738 272.324 20.232 150.210 146.674 21.807 411.275 468.701 22.329 5.871 30.450 20.415 345.631 349.455 17.458 466.902 408.520 21.792 379.450 351.098 20.429 68.921 58.648 18.035 30.650 39.095 19.333 114.484 178.308 23.122 445.204 147.599 17.010 59.645 7.259 21.301 153.946 89.719 20.051 27.899 474.422 23.113 498.798 396.492 21.619 425.376 296.973 19.220 305.911 186.269 15.741 253.915 2.056 10.755 484.609 351.569 19.296 384.056 314.601 18.468 376.347 122.650 14.975 325.430 208.660 15.836 263.688 401.941 16.626 273.671 456.313 14.431 231.691 48.583 10.972 410.131 68.765 17.607 350.632 108.834 13.762 165.477 253.765 18.640 193.929 478.837 18.076 342.578 153.269 12.775 322.408 32.192 12.981 212.544 310.002 15.451 104.864 46.485 19.692 383.732 26.096 18.053 463.968 141.695 17.669 242.558 365.865 15.594 83.395 57.553 19.880 161.163 233.376 21.680 16.628 125.149 21.498 147.286 427.333 21.414 452.912 32.887 21.125 398.230 469.959 20.490 400.842 262.527 18.421 263.308 494.167 11.737 359.593 35.825 15.253 94.618 226.671 21.581 465.493 388.922 21.272 167.643 115.977 19.013 262.503 109.643 9.762 152.347 208.637 22.303 189.029 407.625 16.916 379.081 69.830 15.496 217.766 154.190 14.523 215.344 55.765 13.145 110.751 282.711 21.928 10.520 461.575 21.722 174.930 248.209 18.627 217.753 13.867 13.992 29.802 393.940 21.247 160.609 68.855 17.970 3.890 29.994 21.396 299.977 468.315 16.080 207.118 289.051 16.745 422.703 413.766 23.268 295.285 148.216 13.283 402.929 184.298 17.062 459.023 46.422 20.798 352.112 81.300 13.620 434.682 153.076 17.136 159.031 216.968 21.609 281.755 346.371 17.158 407.167 480.836 21.346 498.400 164.965 20.001 224.608 357.438 13.542 8.464 112.308 19.751 399.475 482.075 20.204 340.380 309.107 17.723 184.734 40.734 14.813 448.059 445.418 22.743 208.536 66.628 14.128 315.168 351.884 17.688 358.819 116.511 12.823 80.020 118.455 23.397 76.204 37.727 20.660 288.443 74.695 9.411 199.529 47.869 14.502 72.987 253.478 21.063 477.310 316.752 18.527 72.240 402.200 22.819 387.436 98.914 15.203 9.802 389.575 21.340 61.744 13.049 20.352 259.418 439.460 16.297 284.581 95.680 10.958 232.158 198.106 16.974 476.221 345.364 19.371 70.900 327.261 21.971 297.986 450.852 16.602 190.839 181.326 19.325 184.238 465.398 16.167 323.711 377.980 19.268 222.604 402.230 17.462 262.207 245.318 16.802 129.103 291.917 21.098 156.468 197.015 20.839 7.769 482.534 21.842 226.743 195.580 16.915 169.479 433.563 19.110 76.314 222.602 22.697 433.472 326.812 19.613 469.077 494.765 22.570 221.214 211.506 17.265 374.991 259.655 18.793 345.396 208.305 16.921 341.899 232.940 17.343 199.543 347.377 15.185 99.836 112.056 23.494 286.415 297.068 16.019 80.298 293.140 20.356 227.852 152.085 12.435 69.396 87.090 21.558 402.220 142.336 16.420 444.482 3.636 21.958 442.320 135.425 16.692 359.446 189.933 16.207 156.081 161.737 22.385 136.865 419.588 21.594 242.338 116.517 10.103 392.633 279.661 19.255 354.217 184.643 15.761 149.178 371.146 18.548 213.892 12.153 14.281 122.351 152.947 21.983 244.705 308.343 15.225 412.102 444.072 22.669 104.576 255.262 23.176 437.026 150.437 16.459 237.152 333.508 13.411 136.175 377.386 21.808 1.191 13.040 21.401 1.116 404.263 21.858 365.468 0.558 16.993 100.632 5.833 18.551 149.474 269.991 21.297 45.754 214.419 21.061 264.948 179.744 15.998 431.891 495.125 22.316 4.153 192.902 20.722 177.749 388.621 17.450 386.876 107.868 15.159 283.586 325.574 15.340 63.102 356.553 23.527 237.149 344.932 15.286 324.652 112.407 12.676 134.467 236.884 23.269 465.793 325.876 19.957 84.147 278.071 20.298 288.583 358.913 16.526 107.537 368.733 21.833 390.068 216.148 16.993 160.507 42.125 17.983 431.275 153.038 16.706 211.138 99.766 13.398 86.713 73.099 21.143 152.377 240.486 21.793 469.227 234.914 18.626 151.784 37.794 18.016 244.840 395.946 17.061 290.689 80.129 10.908 255.315 174.369 16.098 487.778 451.482 21.576 287.085 443.107 15.656 15.745 265.511 20.319 81.987 222.337 22.937 300.439 309.163 15.487 394.249 454.345 21.151 68.939 135.054 23.408 68.467 499.802 22.761 387.218 480.726 19.354 269.501 499.581 13.266 83.701 321.202 22.770 358.548 426.620 20.169 282.038 161.513 15.111 60.377 487.908 21.047 256.197 245.243 17.676 487.370 221.404 20.116 148.679 339.167 20.774 128.682 53.550 20.398 452.535 178.214 17.365 295.725 380.948 18.474 293.414 36.953 11.478 40.687 99.326 19.208 188.654 309.481 18.246 154.671 356.770 19.617 224.433 481.936 13.990 239.877 449.735 15.101 194.007 124.313 16.281 390.490 313.177 18.883 73.469 101.649 22.055 306.229 480.098 14.580 148.960 478.018 20.317 367.525 24.122 15.120 300.730 219.850 15.667 453.947 438.730 20.903 212.432 37.289 13.760 437.822 247.826 17.300 317.653 437.718 19.092 471.253 104.649 18.937 354.664 38.026 12.300 375.518 329.228 18.822 467.393 49.013 18.657 277.874 376.173 16.606 183.160 420.109 17.158 234.577 93.076 12.194 48.638 257.664 20.886 168.422 68.430 17.845 115.444 88.889 26.069 414.984 352.562 24.200 372.176 81.977 18.328 289.733 290.446 19.834 298.986 20.195 17.662 180.583 260.036 21.730 198.084 165.440 23.207 470.075 273.168 22.585 373.554 304.023 22.365 259.575 252.627 21.621 308.614 302.746 19.151 156.561 272.159 25.055 337.104 481.752 21.092 316.617 419.727 23.150 64.476 412.854 25.560 171.116 382.506 21.815 427.092 0.747 24.942 364.218 317.798 21.750 460.742 4.021 27.008 151.000 75.994 23.008 304.993 121.847 16.941 410.362 192.171 21.405 179.832 468.880 21.990 188.348 482.729 21.641 310.680 314.503 18.815 370.177 135.903 20.087 314.007 148.216 16.262 333.579 54.609 16.393 498.909 248.743 25.047 93.610 430.970 25.921 122.628 387.908 25.535 249.021 136.900 14.567 459.014 437.975 24.408 459.024 31.660 25.514 374.786 174.204 19.954 74.764 109.962 27.625 68.607 494.965 25.995 331.092 71.175 14.810 8.000 440.317 25.189 318.328 341.861 20.791 128.695 307.346 25.756 58.191 165.595 24.396 104.646 357.732 27.586 405.649 171.619 19.842 205.157 444.151 20.045 236.796 270.834 20.308 21.543 179.128 22.630 95.023 311.925 26.203 17.961 289.607 21.949 10.598 87.551 24.025 421.202 81.476 21.724 9.909 427.545 25.114 499.507 405.073 25.260 362.603 61.115 18.279 12.257 6.130 26.025 425.863 200.836 22.383 267.881 236.194 21.194 498.031 492.801 25.337 374.306 50.977 18.817 84.779 4.840 23.337 72.898 414.692 26.814 479.448 161.177 23.823 335.635 387.097 23.024 67.345 430.944 26.579 282.504 25.948 16.054 38.879 301.834 22.911 369.561 318.224 21.760 352.970 439.171 23.826 430.193 219.034 22.535 497.730 340.269 22.771 499.353 295.477 23.877 370.617 274.116 23.634 400.794 87.230 19.660 358.914 215.043 21.894 367.112 186.669 22.173 349.458 419.241 21.145 465.933 314.988 23.700 159.196 30.564 21.292 469.281 397.715 24.847 110.026 76.421 24.046 179.692 271.840 22.833 365.397 66.490 17.450 286.395 493.286 17.540 376.896 5.332 22.500 80.449 39.027 25.715 370.850 488.371 22.365 187.609 499.772 20.572 106.535 123.259 28.706 152.164 280.311 24.824 136.014 355.703 25.381 177.277 44.923 20.969 9.841 257.694 24.316 73.140 364.124 26.918 248.152 422.561 20.038 265.221 489.699 16.954 160.898 412.550 24.638 189.055 465.605 20.174 356.857 61.555 17.265 133.327 327.530 25.461 91.866 327.406 26.447 132.699 164.665 26.341 346.266 169.129 17.959 361.278 42.179 18.634 20.316 302.961 23.580 203.201 298.515 21.070 47.446 451.145 26.673 150.099 286.346 25.173 255.840 74.836 14.601 175.965 118.398 22.636 221.632 106.239 18.394 144.054 283.373 24.865 410.155 176.998 21.632 351.986 56.359 18.251 332.830 210.580 19.832 330.277 234.651 20.699 28.384 196.536 24.026 467.342 43.748 23.296 187.279 223.914 22.633 117.677 183.732 27.151 95.903 474.637 26.316 181.430 175.270 23.249 296.803 223.887 21.187 41.355 184.943 23.147 356.231 160.731 18.218 80.405 46.282 23.664 142.915 82.813 24.878 125.355 135.886 26.994 435.824 297.704 23.299 437.111 74.138 22.160 444.184 493.661 27.328 3.246 43.390 23.411 434.580 313.969 22.969 375.330 383.650 24.974 283.647 50.059 14.602 90.569 15.404 23.981 114.122 207.576 26.284 399.920 345.575 23.994 295.761 444.623 21.720 397.092 275.879 23.817 493.625 7.867 24.848 212.747 50.777 17.172 405.293 395.991 27.298 189.788 18.794 19.359 25.349 296.309 23.414 429.449 343.640 24.265 184.490 253.919 22.072 331.813 184.269 19.287 224.300 468.753 18.902 456.085 86.585 22.527 274.690 290.032 20.336 197.675 181.525 23.612 487.711 75.358 22.541 276.833 208.030 21.626 338.430 320.607 20.781 184.192 202.584 23.338 290.007 204.000 20.304 121.321 239.865 28.342 419.036 123.966 20.507 338.074 356.554 21.655 249.275 334.107 18.693 63.741 49.520 23.715 229.211 353.215 19.222 452.413 467.645 27.096 12.175 400.219 24.660 472.621 166.965 21.990 436.434 66.357 23.527 162.352 178.707 26.842 393.988 108.451 19.416 221.881 451.967 18.908 448.513 30.940 26.060 430.232 201.044 22.320 186.769 443.772 21.477 410.272 80.024 20.542 302.783 246.057 18.792 21.090 156.088 24.303 203.382 239.720 22.306 212.836 0.734 18.698 159.052 376.575 21.217 96.565 105.647 26.903 434.271 275.877 20.037 50.532 364.769 27.300 395.137 375.497 28.689 2.595 129.772 25.295 351.518 264.779 22.720 227.700 227.810 21.947 82.015 264.430 26.034 369.134 310.292 22.663 427.455 130.778 20.847 28.118 276.566 23.855 416.943 196.008 21.408 370.970 415.572 24.447 77.861 488.661 26.953 168.133 222.187 23.660 448.722 400.796 25.334 241.589 425.395 20.074 278.520 68.552 13.852 76.617 23.464 24.299 117.898 450.339 24.738 437.159 202.546 21.596 436.834 216.083 23.539 127.598 253.024 25.694 388.431 5.628 22.273 311.931 457.979 19.806 342.745 361.802 24.188 13.799 450.892 25.523 88.693 200.578 27.700 49.385 480.901 27.903 280.747 380.100 20.441 300.566 13.449 16.058 189.299 116.520 20.109 159.524 129.874 24.675 263.248 284.648 20.328 92.033 469.885 26.612 245.934 122.868 14.321 322.093 130.530 16.394 186.505 247.156 22.513 243.260 86.062 15.124 356.887 371.076 23.174 112.013 381.238 25.521 407.020 25.030 23.099 148.040 165.844 26.980 8.943 117.650 25.419 277.618 216.364 23.049 190.477 313.959 21.073 135.146 230.701 27.986 156.121 52.006 22.494 282.966 351.642 20.677 278.541 327.045 19.111 301.696 0.085 18.312 399.842 188.196 21.118 60.260 442.214 26.527 461.721 210.540 24.580 479.576 389.146 25.716 187.898 345.070 20.077 9.262 280.772 24.106 348.758 313.228 21.852 187.150 24.670 19.615 12.241 307.806 24.512 261.063 397.148 20.746 96.791 254.545 26.676 202.668 74.693 19.613 266.191 353.276 19.795 239.883 154.062 16.214 412.469 334.283 24.817 378.739 320.670 23.106 427.991 104.280 20.513 18.467 61.542 24.450 432.688 80.033 20.316 445.534 433.447 26.078 354.175 164.385 18.659 156.546 70.161 23.219 284.809 92.590 14.828 343.311 320.623 20.607 101.538 389.006 25.436 25.138 442.473 25.625 140.867 450.352 24.648 128.781 315.415 25.582 322.450 141.894 16.483 264.634 147.225 16.793 260.188 326.258 20.301 229.312 448.925 17.759 85.398 370.051 26.684 170.458 347.580 21.966 498.687 204.422 23.942 204.281 54.824 18.963 444.404 173.506 21.726 340.701 451.924 21.883 179.128 450.529 23.448 238.274 309.487 18.178 306.587 430.235 23.093 216.657 100.745 18.422 358.979 54.785 18.432 277.474 320.453 19.399 214.461 438.222 20.314 41.352 105.065 24.262 494.100 160.070 24.429 159.586 106.496 23.352 454.803 387.535 25.499 20.740 258.670 22.979 63.422 300.912 24.946 326.824 66.452 15.796 403.697 6.096 23.704 493.675 155.784 24.598 355.599 8.814 19.455 293.647 469.997 18.294 173.402 382.216 21.856 404.059 128.839 19.816 297.556 291.697 19.923 494.420 88.366 22.716 199.950 274.240 21.190 255.087 357.301 19.723 454.698 359.075 23.554 291.503 348.349 20.473 167.228 146.727 24.490 133.174 389.172 25.141 497.084 18.767 24.589 447.690 215.334 23.489 248.130 304.070 18.901 33.604 190.421 22.893 77.018 252.925 26.311 170.936 338.088 21.150 121.256 127.505 28.424 491.844 407.264 25.281 346.491 66.748 16.419 408.383 49.140 22.506 119.007 308.754 26.302 229.130 5.595 16.175 143.324 232.563 26.647 235.430 67.947 16.004 319.115 443.916 23.580 485.270 240.693 24.303 251.640 475.423 16.829 93.291 84.192 26.303 453.222 314.682 23.695 25.006 138.406 24.223 219.975 249.249 21.725 439.134 498.461 26.325 6.311 121.913 23.859 393.552 499.514 23.012 382.085 383.522 25.835 262.680 210.041 21.878 450.065 74.820 22.645 492.570 123.720 24.139 124.375 476.599 23.417 385.249 288.354 23.692 129.925 456.401 25.137 27.135 112.684 25.495 397.810 427.194 26.795 45.139 136.604 25.303 433.486 399.776 25.712 444.496 283.810 22.086 111.405 308.242 26.488 291.332 260.624 18.491 81.613 160.207 26.674 462.555 65.316 23.510 184.063 140.349 22.163 354.074 210.033 22.130 199.230 370.403 20.448 421.511 290.423 22.954 426.307 307.796 22.635 303.520 79.325 14.853 455.335 211.132 22.841 193.126 309.411 21.818 218.865 73.751 17.590 416.528 431.232 26.273 55.402 352.781 27.450 89.837 222.178 25.281 337.311 35.701 18.176 346.597 425.233 22.474 76.164 209.941 25.945 300.377 455.900 19.358 229.956 97.898 16.549 68.225 247.518 24.897 58.696 227.580 25.802 367.416 358.337 24.250 253.936 202.637 21.157 216.757 351.814 19.039 439.795 253.723 21.450 56.366 431.696 25.860 39.663 339.633 26.165 110.786 17.250 24.594 34.449 228.429 25.758 63.027 186.864 24.644 312.771 211.081 19.782 116.615 487.438 23.946 209.600 388.760 19.515 5.467 209.311 24.422 107.212 437.334 25.596 159.766 351.671 21.535 244.442 247.198 20.573 35.439 239.666 25.099 421.956 242.423 21.326 442.885 37.516 25.043 231.878 297.820 19.749 1.100 302.135 23.042 41.747 335.581 25.683 37.448 334.711 24.387 251.235 301.788 18.474 261.584 6.890 14.397 105.557 499.644 23.773 325.532 417.512 22.925 367.506 128.648 17.732 38.447 414.402 25.403 77.168 160.982 25.235 315.774 330.963 20.189 342.425 395.987 22.746 10.739 290.474 23.435 262.504 49.904 13.848 440.554 44.026 24.810 6.058 37.849 23.449 440.832 290.688 21.617 2.943 414.890 24.961 236.364 418.802 19.722 57.689 66.873 21.796 199.760 419.477 20.409 127.962 187.591 26.736 498.813 282.376 24.146 371.820 328.050 21.833 8.867 277.424 22.768 155.072 397.892 22.300 292.046 286.755 18.574 40.481 388.596 25.245 2.841 375.301 25.477 495.490 332.312 21.976 0.440 468.535 26.174 335.797 414.678 23.964 40.878 462.632 27.627 273.521 160.579 19.028 168.304 370.952 21.281 426.534 469.760 25.774 318.498 309.288 18.846 463.898 30.947 24.504 370.234 249.824 22.867 267.770 134.982 15.152 496.151 218.199 23.764 451.677 167.050 21.133 39.248 395.929 24.937 0.442 12.629 24.503 397.021 142.216 19.632 278.119 124.907 14.269 57.927 191.874 23.604 224.270 456.141 18.955 81.519 420.006 26.357 346.940 390.275 22.358 171.154 476.401 22.145 162.739 113.820 23.504 67.605 498.717 25.431 14.176 375.743 25.427 153.129 41.850 21.388 141.543 362.465 23.762 66.309 463.219 26.030 244.989 498.617 15.037 191.743 81.641 20.979 139.743 314.489 26.055 20.227 143.607 24.108 496.319 105.648 22.530 180.626 334.635 19.927 488.064 445.114 24.412 483.432 431.817 24.336 243.217 420.396 20.188 200.266 382.015 20.132 178.733 275.073 23.074 83.609 352.999 27.006 118.953 229.073 26.586 93.485 371.410 25.224 458.830 412.874 24.401 253.220 307.652 18.971 427.470 124.648 20.266 252.693 313.764 18.198 333.939 419.978 22.465 376.361 178.748 20.573 491.071 128.909 22.364 5.171 160.923 23.227 422.776 190.421 20.943 122.682 401.279 26.025 225.610 370.051 17.613 144.667 242.103 26.249 323.022 389.312 21.823 214.309 7.877 17.192 496.932 315.149 23.072 122.366 215.897 26.808 3.351 141.200 23.594 496.981 378.485 25.386 113.278 234.058 26.728 497.030 388.763 25.634 41.435 193.933 23.022 384.771 105.217 19.139 380.131 171.585 20.043 150.780 217.032 24.875 259.836 426.095 21.468 332.898 67.142 15.339 147.612 377.953 24.220 250.968 74.493 14.156 458.035 253.156 22.091 147.741 279.122 25.411 42.152 44.978 23.377 314.081 105.482 15.156 163.016 371.367 22.014 10.925 97.151 22.755 422.402 99.179 20.183 437.596 46.860 23.882 204.921 408.104 20.714 21.009 169.027 23.338 248.360 493.163 15.450 318.424 348.156 20.755 439.329 55.575 23.421 27.485 485.737 25.514 56.367 471.178 26.817 31.433 184.343 22.420 14.829 229.306 25.373 223.287 499.590 17.300 267.749 47.792 14.817 238.547 459.386 18.511 426.375 480.707 25.669 414.890 426.460 26.318 466.001 339.997 21.678 299.859 122.249 16.250 344.274 96.959 17.283 32.891 149.052 24.618 9.294 117.800 23.958 113.019 266.193 26.586 476.484 303.280 23.934 163.081 333.154 22.850 79.910 284.192 24.861 410.546 265.069 20.660 417.565 55.117 21.637 122.032 273.280 24.769 224.186 13.639 16.692 105.545 208.117 25.642 479.734 469.165 26.022 169.891 123.363 23.406 357.528 460.047 22.288 417.820 112.105 19.480 313.365 383.443 22.412 421.820 478.075 24.489 443.044 180.804 20.199 177.904 92.921 20.558 201.311 134.538 19.631 79.000 388.706 25.796 352.958 408.746 21.972 216.206 376.102 17.305 441.620 80.181 21.581 118.723 213.925 26.607 168.530 469.424 21.527 73.261 216.091 25.479 7.120 499.250 25.750 107.077 393.270 24.549 284.242 177.093 21.013 348.337 283.234 23.014 289.315 346.662 19.102 111.993 298.136 25.182 383.269 140.435 19.636 81.924 227.748 26.414 109.574 167.338 26.287 358.684 286.943 22.216 65.680 165.781 25.131 128.591 115.562 26.272 0.243 111.165 23.127 9.818 130.301 24.087 397.584 130.292 18.816 453.631 411.731 24.335 133.541 475.455 24.960 157.345 174.575 25.190 293.587 14.613 16.548 198.203 142.486 19.469 263.323 35.475 14.543 281.409 492.892 16.339 197.831 160.401 22.966 304.078 54.913 14.412 295.160 296.107 19.763 402.857 468.968 25.061 338.420 179.148 18.130 275.917 17.088 15.701 133.745 42.961 22.027 220.351 277.738 20.321 121.787 414.091 25.041 468.072 195.402 23.516 188.900 322.849 19.536 5.115 73.530 22.645 461.432 332.818 23.400 451.590 111.347 19.965 454.023 246.963 22.027 22.785 43.356 22.069 10.914 241.282 23.735 411.404 277.769 22.617 374.263 371.428 24.859 193.466 24.582 18.878 314.727 42.391 16.257 141.364 159.175 26.143 396.607 24.878 22.824 106.036 7.058 23.269 254.130 216.708 19.914 457.401 108.524 20.989 460.685 315.390 22.524 141.860 33.149 21.976 127.670 276.339 24.053 192.360 109.905 20.074 416.561 50.318 22.130 106.509 110.781 27.420 369.942 261.181 22.654 60.716 380.312 26.360 8.683 314.728 23.227 89.853 345.010 26.555 489.638 143.175 23.070 150.200 98.337 24.005 283.533 117.608 15.305 55.046 245.793 25.866 192.594 145.187 21.551 123.737 148.158 25.749 312.143 172.418 18.835 72.647 165.745 24.809 122.766 450.076 24.870 34.442 117.319 23.892 268.101 429.468 20.456 9.729 340.048 22.397 62.329 172.704 23.939 186.417 264.108 21.926 196.466 108.037 18.990 229.957 122.936 14.825 6.808 419.784 24.806 165.789 161.156 24.947 249.372 293.911 19.654 150.451 261.196 24.899 42.007 118.679 25.642 349.738 61.749 16.439 285.766 123.755 14.526 413.080 7.981 22.984 336.957 184.924 17.911 368.925 345.008 24.038 222.558 165.999 17.914 37.446 232.701 25.337 111.373 340.698 -12.913 383.235 226.552 -16.773 139.444 277.527 -14.633 209.990 392.359 -19.217 147.959 481.786 -16.491 449.735 181.621 -18.308 423.697 317.594 -16.710 230.355 192.504 -19.583 327.536 380.526 -17.946 302.969 225.231 -20.739 203.985 483.565 -20.165 70.160 290.727 -15.959 5.456 7.917 -13.661 155.990 208.445 -13.879 325.850 454.553 -18.443 41.241 31.497 -16.006 48.480 475.592 -13.404 21.113 20.617 -14.937 299.714 203.961 -19.778 275.766 113.817 -24.836 451.005 385.890 -14.804 43.336 344.149 -15.051 464.060 0.285 -13.000 488.591 215.332 -15.364 399.273 87.485 -19.872 329.700 167.588 -22.622 460.401 381.103 -15.598 52.801 462.155 -12.895 89.284 291.570 -15.143 446.246 121.393 -19.031 341.181 233.217 -19.754 207.565 358.986 -21.212 39.264 249.243 -14.894 310.209 18.066 -22.183 442.595 214.874 -16.627 341.667 239.782 -19.078 121.590 405.540 -15.554 254.718 245.030 -18.983 468.849 113.717 -18.062 254.823 6.284 -24.893 238.100 108.695 -23.493 188.793 82.797 -19.679 328.466 214.706 -19.745 296.767 20.324 -23.736 394.805 257.845 -17.966 306.615 430.505 -17.747 421.943 398.058 -12.387 187.140 121.264 -18.261 154.037 493.835 -17.272 275.480 315.694 -20.000 346.604 291.034 -17.730 409.541 5.590 -16.061 113.034 413.085 -15.430 438.559 423.913 -13.878 494.348 102.922 -16.595 135.967 68.962 -14.494 21.434 387.334 -14.577 119.754 6.378 -15.749 16.617 386.047 -14.971 143.515 298.352 -15.556 100.194 29.763 -16.694 478.223 425.201 -15.620 223.876 445.369 -20.827 403.292 76.455 -19.033 38.017 391.759 -14.889 260.647 5.348 -24.404 378.017 156.603 -20.942 109.426 291.285 -13.789 363.316 308.260 -18.488 377.194 69.435 -20.862 213.875 348.078 -22.549 308.101 10.126 -22.869 499.561 88.614 -15.838 187.806 436.496 -18.879 490.126 384.367 -14.393 154.832 106.759 -15.191 133.440 16.176 -15.647 489.731 240.703 -16.281 172.715 381.592 -18.262 498.798 177.022 -16.133 219.467 359.238 -23.022 368.606 144.394 -21.525 81.476 76.792 -15.470 267.406 297.747 -19.257 211.578 186.125 -19.551 343.579 307.134 -19.255 101.656 0.265 -17.180 470.516 260.194 -17.139 343.767 95.962 -22.231 92.969 208.010 -14.240 195.502 332.860 -20.212 465.310 159.063 -17.575 196.328 461.962 -20.675 198.835 19.849 -20.891 230.002 227.971 -19.063 216.087 435.805 -19.945 9.665 157.603 -15.926 125.975 286.786 -15.231 313.295 366.828 -17.726 320.723 126.594 -25.100 496.611 372.526 -14.901 2.618 235.222 -15.436 30.619 340.132 -14.874 294.837 413.044 -16.847 216.089 384.070 -21.320 267.424 460.310 -22.079 11.889 430.941 -14.492 427.220 224.591 -17.202 468.213 253.982 -16.486 255.056 281.088 -21.184 61.749 234.711 -13.500 26.406 154.551 -15.200 293.858 298.557 -19.894 327.648 341.788 -19.216 459.108 322.411 -16.189 177.389 487.711 -16.909 374.079 475.111 -17.904 434.438 86.786 -19.270 20.925 491.653 -14.147 302.444 418.152 -16.909 218.443 189.076 -18.358 65.964 258.824 -15.789 273.708 469.390 -22.008 260.903 232.583 -17.611 45.428 229.067 -15.215 472.955 442.645 -15.279 45.997 23.346 -14.697 273.358 97.270 -25.760 410.402 182.410 -19.457 50.738 26.489 -15.611 104.684 297.681 -14.238 172.529 481.982 -16.826 395.778 422.484 -12.752 158.760 49.047 -17.779 70.319 417.729 -14.454 96.783 366.130 -13.118 376.939 139.731 -20.428 315.431 38.585 -22.687 179.444 289.919 -17.546 286.379 256.490 -19.939 270.221 240.389 -18.511 414.269 78.723 -17.493 480.091 128.228 -17.465 381.018 272.456 -17.098 433.129 95.373 -18.677 281.021 341.358 -20.712 228.118 170.449 -21.461 204.221 392.411 -19.305 7.970 461.293 -14.444 307.115 294.399 -20.601 68.930 429.140 -13.665 335.249 234.148 -19.056 160.368 189.026 -13.839 74.274 233.900 -14.485 290.650 15.767 -23.412 344.600 156.362 -22.801 268.052 82.393 -25.222 363.511 442.289 -15.677 137.379 246.690 -12.948 168.163 63.442 -19.330 494.796 189.271 -15.240 227.188 176.867 -21.635 141.981 203.044 -14.705 403.312 443.155 -13.298 142.303 100.758 -15.351 93.641 399.052 -14.873 118.207 215.006 -13.165 369.218 120.002 -21.632 420.759 321.424 -16.509 266.218 448.367 -20.005 251.210 317.394 -21.146 479.788 277.713 -16.168 7.038 37.164 -15.725 9.551 19.525 -15.240 185.632 380.970 -18.098 485.276 371.878 -14.878 398.144 54.960 -18.698 343.709 297.265 -19.541 355.269 172.144 -20.157 243.532 454.993 -21.886 450.768 353.103 -16.773 119.495 448.777 -15.926 385.431 35.586 -20.418 158.770 18.875 -19.222 205.576 119.501 -21.141 95.995 333.433 -13.686 330.858 145.195 -24.003 230.165 65.119 -24.105 252.337 488.118 -23.769 127.930 310.068 -14.081 152.137 362.774 -17.766 134.897 305.335 -14.147 336.617 69.566 -24.007 266.324 55.747 -26.331 156.799 347.491 -18.602 242.550 22.521 -25.217 129.060 63.633 -15.806 289.097 27.069 -23.070 127.095 18.053 -16.631 239.063 57.421 -25.781 71.024 138.372 -12.240 292.859 292.159 -19.855 481.490 24.137 -15.857 145.095 271.531 -15.204 214.248 71.568 -21.514 293.796 176.334 -19.758 102.346 137.487 -12.863 99.079 201.570 -13.191 323.548 80.910 -24.891 250.908 101.795 -25.427 299.143 161.950 -22.447 344.042 99.256 -23.197 288.505 51.101 -26.100 499.341 431.706 -15.221 353.905 228.842 -18.662 71.036 213.886 -13.818 499.805 391.866 -14.124 41.400 221.554 -14.054 31.628 127.260 -14.950 24.498 499.487 -14.448 279.571 415.202 -18.029 361.229 438.454 -15.221 264.877 214.893 -18.356 495.134 386.834 -13.664 123.382 113.728 -12.967 118.677 435.940 -14.293 240.011 89.539 -25.029 337.729 447.654 -17.791 427.208 156.427 -18.880 180.373 24.499 -19.271 119.628 150.970 -13.984 275.129 330.999 -20.345 255.104 336.967 -20.214 163.698 20.132 -18.941 291.858 475.627 -21.289 328.982 315.733 -19.398 222.696 370.644 -22.258 352.669 150.229 -23.163 389.938 0.598 -18.705 283.367 50.605 -25.705 121.248 203.399 -12.937 483.075 380.643 -14.332 307.228 493.323 -21.642 205.326 51.754 -21.772 319.622 159.671 -23.564 166.106 321.932 -17.512 285.831 184.450 -19.544 483.126 108.823 -16.186 389.939 390.315 -13.950 78.584 314.114 -13.507 185.941 62.961 -20.208 89.714 141.666 -12.373 82.488 53.128 -16.739 435.208 14.216 -14.598 392.264 440.533 -14.603 353.860 69.550 -23.343 54.726 424.522 -14.276 230.734 39.662 -24.347 183.694 55.906 -19.897 265.153 109.248 -26.530 17.981 412.891 -15.021 353.213 166.397 -21.335 134.328 352.557 -15.142 384.269 416.801 -14.062 178.542 253.562 -17.855 436.421 266.610 -19.750 339.404 151.658 -24.093 131.977 249.014 -13.371 121.366 53.660 -15.882 297.075 462.791 -20.715 63.420 252.428 -15.453 406.500 285.251 -16.252 417.609 197.580 -18.753 370.672 72.983 -22.368 61.589 6.494 -13.972 97.394 43.127 -17.306 175.010 50.327 -19.992 18.540 6.583 -13.727 172.223 89.515 -17.904 306.462 413.740 -16.467 186.765 341.892 -19.483 32.586 35.741 -16.564 222.520 417.858 -19.453 34.582 335.035 -14.426 346.202 201.959 -19.793 40.873 344.334 -15.158 148.202 24.977 -17.590 169.036 19.653 -18.760 187.453 405.504 -19.352 414.963 264.239 -19.537 191.695 341.446 -20.803 71.241 444.175 -13.871 47.308 184.193 -16.249 491.531 488.451 -15.313 457.876 424.275 -15.438 91.321 345.829 -13.713 233.692 210.941 -18.662 90.302 354.024 -12.065 482.644 56.614 -17.853 372.144 125.640 -22.359 433.152 412.209 -14.494 167.000 279.532 -16.663 319.839 79.484 -24.782 465.345 220.428 -15.898 104.378 320.472 -13.400 152.061 304.958 -15.931 427.061 447.914 -12.917 495.086 252.789 -14.322 10.836 49.932 -16.476 292.121 336.208 -19.429 31.461 113.805 -15.226 427.708 354.288 -16.639 115.515 95.322 -13.690 9.171 397.873 -14.155 404.788 399.040 -12.545 267.927 148.686 -22.185 68.254 184.243 -16.453 169.729 29.928 -18.737 292.941 220.503 -19.441 271.012 290.788 -20.262 131.688 157.751 -13.423 165.579 36.357 -18.651 318.511 69.875 -25.255 451.408 65.751 -16.402 401.572 200.158 -19.240 362.105 57.929 -21.535 447.382 258.223 -18.383 176.910 334.791 -18.711 416.319 46.332 -17.472 348.951 219.942 -19.215 471.433 271.177 -16.281 313.372 123.844 -23.203 458.044 334.886 -16.486 354.672 398.968 -16.682 152.830 448.992 -16.422 254.712 52.607 -25.286 234.751 133.676 -24.184 164.011 82.896 -17.352 229.256 335.450 -21.828 56.470 216.690 -14.751 437.280 63.533 -16.567 320.094 352.534 -18.568 152.190 480.408 -16.721 5.864 367.690 -13.876 86.645 133.622 -13.194 482.284 405.628 -14.711 119.800 169.939 -13.580 65.641 109.370 -12.863 487.073 201.916 -15.793 5.226 129.206 -16.207 304.086 70.737 -26.117 424.062 483.859 -13.495 453.554 62.660 -17.184 467.004 35.586 -16.342 92.514 43.224 -15.819 49.934 322.846 -15.627 119.661 133.034 -13.700 188.239 476.811 -18.521 113.421 366.836 -13.395 146.415 188.641 -12.564 462.469 493.183 -13.482 442.796 47.301 -15.943 247.025 478.596 -22.879 437.168 467.545 -14.634 52.466 338.623 -14.176 314.121 354.644 -18.790 405.974 6.903 -16.674 497.887 266.382 -16.735 408.150 392.641 -12.520 306.657 390.549 -18.596 144.306 375.171 -15.808 300.612 26.123 -24.156 258.922 499.150 -24.139 191.354 191.209 -16.332 322.090 316.518 -19.907 305.683 310.543 -19.863 380.843 475.035 -17.424 139.546 342.951 -15.032 453.854 467.181 -14.006 109.451 354.830 -12.732 342.929 220.134 -18.548 448.358 129.667 -18.184 483.455 95.173 -17.174 201.552 75.600 -20.649 243.559 31.359 -23.725 2.956 437.554 -16.152 326.689 77.161 -24.607 335.649 293.235 -20.153 8.592 151.116 -15.968 156.591 143.250 -15.527 163.039 146.153 -14.764 485.226 310.856 -17.035 417.848 52.212 -16.568 271.246 187.527 -18.973 34.376 100.413 -16.550 2.633 160.159 -16.555 7.231 6.027 -14.753 457.735 360.709 -15.974 8.461 126.344 -15.193 130.865 49.226 -16.329 291.041 384.100 -17.939 256.514 230.552 -18.096 210.523 143.448 -21.063 32.804 88.771 -15.992 111.248 176.540 -13.739 10.954 46.565 -17.255 244.819 168.082 -21.583 74.800 410.416 -13.378 395.588 435.272 -14.017 186.927 25.897 -20.762 204.854 98.825 -19.236 493.904 357.403 -15.726 123.555 479.806 -16.578 157.595 299.498 -16.525 422.670 51.788 -16.152 338.592 204.154 -19.949 179.152 173.527 -16.526 328.674 158.641 -23.983 1.867 424.379 -14.561 360.611 120.452 -23.326 459.977 37.527 -15.886 92.243 106.753 -12.216 241.111 182.118 -19.777 285.645 195.158 -19.409 136.815 41.957 -17.780 171.322 65.028 -18.341 388.085 212.631 -18.096 356.217 44.236 -22.562 3.574 323.584 -17.198 410.018 337.901 -15.998 432.108 450.035 -13.980 111.518 372.967 -14.301 241.999 134.120 -25.789 146.820 436.993 -16.095 83.707 100.946 -12.442 334.847 33.005 -22.407 426.861 345.621 -16.788 201.876 436.089 -19.355 236.107 165.049 -21.342 366.348 386.440 -15.615 130.273 233.847 -12.070 69.718 39.750 -16.718 467.350 17.686 -14.881 343.765 0.353 -20.529 378.898 195.858 -17.846 220.349 426.604 -20.344 118.926 2.794 -16.497 221.859 184.482 -19.605 471.348 171.942 -16.809 438.566 195.457 -17.438 113.672 469.628 -15.657 213.272 214.502 -19.463 183.786 374.305 -18.425 183.024 468.458 -19.791 53.465 33.770 -16.512 265.574 33.818 -25.572 14.086 19.170 -13.789 258.951 462.138 -22.853 337.585 120.644 -24.575 297.696 362.783 -18.747 425.394 218.283 -17.206 323.971 45.683 -23.593 110.342 0.084 -15.957 426.303 297.632 -17.602 8.127 36.581 -15.765 216.807 178.597 -20.252 440.723 25.431 -15.507 18.946 266.902 -16.667 290.809 360.804 -18.982 53.165 4.936 -13.065 376.200 455.632 -15.991 457.869 348.298 -16.137 381.816 55.932 -20.570 39.270 38.215 -14.880 81.735 391.428 -13.866 496.555 20.131 -14.909 80.795 358.885 -13.038 421.779 472.042 -14.004 35.461 71.690 -17.335 424.093 294.576 -16.657 96.745 277.400 -14.528 364.811 230.155 -17.150 494.539 442.726 -15.466 115.148 164.998 -13.151 487.378 163.245 -16.665 109.306 72.613 -15.584 273.293 295.971 -21.067 357.400 148.097 -22.177 472.951 231.833 -16.986 496.636 36.831 -16.023 326.576 255.133 -18.828 58.475 494.338 -13.888 319.771 7.800 -22.237 105.237 370.762 -14.415 290.843 426.459 -17.903 359.044 213.537 -18.580 339.650 111.983 -23.544 95.974 291.659 -13.962 2.826 335.734 -15.800 389.380 173.799 -18.744 259.066 283.315 -20.240 216.200 75.607 -22.344 164.480 259.005 -15.724 456.436 226.186 -15.793 374.107 347.913 -15.713 192.429 392.794 -20.438 327.102 351.688 -20.332 47.350 133.415 -14.133 123.780 6.486 -16.253 71.375 320.541 -13.889 464.553 286.815 -16.003 158.769 480.468 -16.589 29.437 474.786 -13.613 384.346 24.621 -18.858 148.121 316.362 -15.218 282.362 494.101 -21.933 90.134 5.565 -16.885 483.606 68.991 -16.811 263.020 75.645 -25.564 94.310 56.039 -16.778 288.901 470.924 -22.103 196.881 186.004 -17.285 85.739 213.829 -14.992 245.742 70.376 -24.814 426.371 462.565 -13.912 289.625 223.053 -20.305 499.761 291.886 -15.913 295.351 4.937 -22.125 70.095 304.112 -14.980 134.815 380.308 -15.247 219.551 341.948 -21.588 312.608 138.706 -24.422 287.697 480.784 -22.059 13.272 188.430 -15.771 216.903 0.017 -22.172 116.629 157.213 -14.003 124.452 132.741 -13.645 1.262 77.417 -16.813 423.494 37.978 -15.545 9.757 473.738 -14.751 24.345 227.122 -14.104 431.330 74.031 -16.898 249.385 14.205 -25.324 102.218 208.876 -13.097 103.620 151.353 -13.234 213.131 310.285 -20.095 133.208 454.774 -14.937 56.377 453.813 -13.702 344.956 392.112 -16.020 326.816 466.684 -20.171 56.916 402.964 -14.264 355.269 93.806 -22.597 381.038 8.252 -18.362 396.791 75.048 -19.942 381.840 420.849 -15.599 141.506 304.708 -15.959 76.066 139.437 -12.380 237.115 264.004 -19.462 89.159 237.353 -14.609 227.523 183.119 -20.407 377.740 11.035 -18.706 140.348 489.128 -14.750 88.742 391.942 -14.818 92.339 438.321 -13.878 0.024 50.383 -16.766 305.704 87.734 -25.029 202.170 166.913 -18.173 13.357 455.514 -14.471 425.412 362.931 -15.408 284.670 207.287 -19.074 321.045 141.553 -23.456 172.612 227.975 -16.690 56.925 65.456 -16.909 378.384 51.739 -20.800 287.252 190.904 -19.312 263.773 241.004 -19.234 495.396 144.784 -16.245 247.036 387.503 -19.466 310.361 45.021 -23.670 345.829 6.467 -20.223 229.977 177.967 -21.568 365.079 469.153 -19.723 15.350 473.350 -14.831 171.740 118.503 -16.814 267.286 130.128 -24.685 170.820 462.626 -16.479 177.803 150.888 -16.803 41.911 486.949 -14.860 427.765 182.375 -17.716 92.500 323.174 -13.237 232.219 81.027 -23.373 278.184 312.629 -20.111 88.082 255.610 -12.632 474.330 126.688 -18.290 467.479 201.647 -16.462 450.278 141.018 -19.069 499.705 406.139 -15.050 325.978 428.649 -17.335 60.748 196.078 -15.867 199.749 126.718 -20.356 449.106 355.424 -16.623 97.352 151.536 -13.509 457.327 30.642 -14.729 370.285 463.155 -17.279 46.499 170.676 -15.499 457.944 82.270 -17.654 41.445 57.138 -16.578 260.180 132.293 -24.954 470.703 131.801 -17.559 85.284 139.265 -12.793 82.667 431.572 -14.566 391.692 99.476 -20.803 40.883 177.875 -15.852 86.451 424.251 -14.041 144.618 206.898 -14.553 224.699 456.846 -20.978 496.517 231.941 -14.936 318.252 195.919 -19.333 51.968 252.909 -15.578 317.791 361.689 -17.572 414.893 16.450 -16.865 265.517 499.573 -24.046 464.618 70.656 -17.250 305.744 108.221 -23.942 184.058 246.640 -17.842 325.539 50.023 -24.259 151.591 348.281 -17.072 14.835 314.330 -15.626 340.541 89.046 -23.760 375.988 260.214 -18.354 404.462 140.567 -19.523 285.289 424.839 -19.036 194.825 346.652 -20.706 9.418 461.154 -14.982 3.297 475.273 -14.610 461.582 177.109 -16.609 170.623 348.647 -19.120 163.693 373.746 -17.746 422.463 94.903 -19.888 108.778 326.090 -13.910 187.589 32.876 -20.614 432.694 42.997 -16.302 370.965 439.179 -16.234 1.879 417.576 -15.162 367.504 106.230 -22.666 172.195 406.805 -18.562 153.700 239.836 -14.927 109.896 478.549 -16.620 64.112 64.143 -16.414 461.942 252.575 -17.404 70.637 378.718 -12.701 186.779 7.512 -19.099 18.363 11.360 -14.079 293.034 448.913 -20.858 202.128 49.802 -21.649 350.206 361.971 -16.235 237.549 304.398 -21.438 445.263 338.865 -16.997 482.154 292.098 -16.298 73.473 340.398 -13.810 88.962 497.586 -16.146 292.206 107.244 -23.363 40.653 25.257 -14.901 455.288 492.303 -13.861 24.209 90.537 -15.944 23.703 233.984 -14.473 163.638 43.510 -18.013 224.905 151.882 -23.241 130.088 271.514 -14.685 428.688 467.251 -13.289 174.472 213.340 -18.135 189.225 346.662 -21.009 87.020 258.793 -12.960 375.211 442.621 -14.971 220.706 192.812 -19.912 0.386 102.133 -16.466 456.936 443.742 -15.245 292.025 322.666 -21.074 16.767 321.485 -16.255 349.379 475.833 -19.716 56.732 416.383 -14.041 166.239 57.890 -19.279 341.461 391.816 -17.378 304.213 56.779 -26.064 394.492 317.257 -16.487 227.300 8.131 -24.029 183.916 196.200 -16.430 63.044 31.459 -16.615 205.759 37.531 -22.911 93.356 171.272 -13.324 164.754 420.720 -15.814 352.979 77.137 -22.781 200.150 25.399 -21.682 92.414 19.183 -15.508 490.883 184.660 -14.010 188.202 259.185 -18.485 239.638 335.567 -21.037 97.739 270.551 -13.328 147.079 253.344 -13.690 144.010 347.596 -15.157 35.648 398.241 -15.384 78.229 443.322 -13.675 446.678 239.648 -18.111 443.852 108.630 -20.857 361.422 145.468 -21.997 400.105 401.273 -13.248 35.668 119.904 -15.651 4.025 386.232 -14.289 155.862 0.047 -16.633 412.827 190.391 -18.744 420.636 17.277 -15.607 277.834 423.927 -18.509 284.090 93.830 -25.738 53.787 319.967 -14.451 491.327 153.480 -15.904 52.528 37.194 -15.865 146.855 457.332 -16.024 159.823 6.979 -16.532 86.437 183.885 -13.348 268.649 302.953 -21.841 294.265 318.135 -19.611 210.717 87.832 -19.507 141.031 392.959 -15.246 239.717 424.717 -20.058 467.053 183.571 -15.953 122.673 316.445 -13.929 198.282 317.691 -18.975 497.156 322.041 -17.649 436.020 0.489 -14.301 98.469 134.135 -13.119 339.405 279.836 -16.976 346.598 231.128 -19.524 310.699 435.438 -17.619 54.653 349.302 -13.779 300.523 50.788 -26.266 397.023 206.713 -19.104 71.077 163.042 -14.047 127.476 359.997 -15.444 89.770 317.187 -13.931 183.915 181.243 -16.499 422.274 153.171 -19.396 3.570 107.181 -15.942 351.599 291.663 -17.190 338.609 197.779 -19.932 232.010 101.328 -22.245 239.014 94.408 -23.855 336.823 182.763 -21.343 143.507 474.131 -14.414 286.277 326.805 -21.218 50.452 288.392 -17.807 285.928 373.336 -19.035 129.089 149.902 -13.377 446.418 410.811 -13.461 418.359 497.645 -17.084 11.827 328.521 -16.637 154.445 428.559 -15.571 318.444 12.478 -21.357 483.084 218.647 -14.861 388.997 6.371 -18.418 247.065 245.995 -19.146 322.456 455.530 -19.228 260.286 437.069 -20.805 0.011 315.786 -15.938 339.352 356.025 -17.759 144.296 259.356 -15.503 422.859 202.578 -18.716 405.311 405.234 -12.692 390.365 152.999 -18.932 131.182 463.010 -15.459 137.063 32.450 -17.781 368.795 268.000 -17.043 260.889 176.035 -19.825 411.701 30.146 -17.050 455.838 254.264 -17.565 335.627 423.363 -16.764 142.631 379.090 -15.908 398.596 442.368 -15.464 469.086 101.323 -17.266 91.744 25.084 -15.342 321.234 379.565 -17.698 107.934 114.054 -12.099 239.185 328.439 -21.800 444.708 43.895 -15.075 129.371 54.718 -15.740 151.216 31.282 -18.675 392.079 463.580 -14.492 167.953 132.976 -15.943 351.287 482.572 -20.936 185.967 331.033 -19.516 413.027 385.888 -14.000 152.110 114.695 -15.466 251.623 448.648 -21.150 363.123 261.622 -16.787 134.950 279.172 -14.038 410.497 418.995 -13.046 119.655 463.181 -15.763 87.296 158.490 -13.223 451.985 58.606 -16.265 233.732 45.445 -23.891 194.373 81.166 -19.068 358.155 420.430 -17.298 36.926 151.245 -14.848 143.895 223.319 -13.688 181.662 184.446 -16.270 142.947 71.426 -15.377 191.030 405.460 -20.379 9.491 94.691 -16.744 147.416 467.248 -14.849 0.111 24.054 -14.974 99.588 399.016 -14.682 38.610 77.473 -17.009 197.406 305.659 -20.130 239.485 114.843 -24.845 321.213 254.483 -17.509 254.842 190.310 -18.353 216.515 481.080 -21.332 53.117 265.872 -15.660 138.765 78.231 -15.258 293.074 119.226 -24.509 277.598 362.336 -19.804 312.201 75.246 -25.872 77.703 494.705 -14.884 341.835 443.139 -17.568 217.279 442.581 -20.467 428.378 163.747 -19.108 295.998 13.776 -23.361 498.376 328.851 -16.950 217.340 392.703 -19.194 4.374 4.408 -15.138 484.161 487.270 -14.646 234.805 444.425 -22.359 213.885 322.044 -20.933 210.469 229.421 -18.833 390.032 84.918 -20.448 337.967 496.534 -20.741 279.967 271.996 -19.575 448.550 479.660 -13.081 62.980 392.543 -13.988 387.932 412.229 -14.281 170.178 383.812 -18.829 20.830 486.982 -15.266 113.241 346.008 -12.635 40.066 209.128 -15.475 406.377 215.941 -18.458 79.879 450.018 -14.260 352.784 89.363 -22.773 283.268 383.911 -19.121 150.432 42.401 -17.653 357.784 119.425 -23.459 156.967 83.497 -16.611 436.058 125.658 -19.410 67.201 349.473 -14.498 100.098 443.688 -15.164 0.040 456.822 -13.614 79.231 373.769 -13.506 58.649 367.341 -13.249 305.899 245.374 -20.183 477.759 120.379 -17.560 216.200 469.521 -20.436 23.281 208.616 -13.673 201.449 143.484 -19.670 428.940 330.250 -16.746 401.522 489.455 -16.608 408.209 292.758 -17.275 224.242 253.910 -18.579 253.079 298.263 -20.248 386.227 107.467 -21.177 196.648 217.475 -18.249 21.209 76.493 -16.423 164.946 341.304 -19.507 54.562 0.251 -13.944 371.837 215.893 -18.308 125.430 54.713 -17.247 227.062 309.856 -21.052 10.702 342.121 -16.423 422.691 280.275 -18.353 87.320 283.249 -14.911 357.029 203.184 -19.066 192.290 497.841 -19.645 80.204 488.050 -14.315 212.821 303.913 -19.640 374.073 488.954 -19.453 265.482 362.064 -20.026 54.326 246.331 -13.782 223.342 405.947 -19.513 23.622 83.904 -16.141 330.879 462.438 -18.859 229.296 499.292 -23.093 466.108 171.759 -17.764 112.030 383.842 -14.061 74.736 279.844 -14.361 319.821 36.787 -22.605 146.638 168.753 -13.107 4.771 88.357 -16.387 258.363 111.808 -26.538 89.530 95.536 -13.229 299.469 297.195 -19.903 93.753 129.248 -12.551 53.374 398.484 -14.730 81.713 18.259 -15.389 317.192 321.380 -19.449 6.894 50.844 -17.041 376.587 309.872 -17.753 1.653 426.211 -14.691 193.873 62.141 -20.476 300.753 63.923 -26.276 114.887 12.158 -15.801 5.972 264.575 -14.811 263.056 310.194 -20.592 378.913 266.423 -16.347 237.659 49.293 -25.085 4.211 108.108 -16.117 128.497 269.867 -14.675 208.994 95.282 -19.891 412.387 223.804 -18.633 330.060 477.127 -20.540 78.148 467.587 -14.398 307.125 252.463 -20.621 173.543 340.228 -19.662 465.330 81.239 -17.862 257.182 415.687 -19.136 217.459 113.559 -21.900 179.557 38.079 -19.484 407.792 410.301 -13.655 336.608 429.327 -16.503 243.084 64.511 -24.538 302.339 260.169 -20.050 364.942 340.035 -16.751 375.294 388.091 -14.995 217.171 266.392 -19.030 241.754 433.094 -22.013 203.054 140.373 -18.682 268.814 252.922 -19.325 320.379 113.275 -23.462 331.832 361.910 -17.570 486.758 50.757 -17.329 94.769 385.417 -14.805 8.322 20.873 -13.884 373.949 234.171 -16.424 365.936 429.566 -16.036 38.053 215.593 -14.837 448.607 103.308 -19.231 437.476 250.962 -19.176 175.535 119.407 -17.445 452.755 7.076 -13.368 177.445 329.623 -19.367 52.509 458.095 -12.931 256.979 405.032 -18.410 105.858 351.659 -12.803 365.815 11.623 -19.765 327.541 444.923 -17.766 444.198 202.278 -17.328 1.386 43.318 -16.792 60.534 436.982 -14.191 89.211 18.470 -14.978 124.447 187.695 -13.634 372.493 391.934 -15.893 406.874 176.216 -19.437 241.489 246.956 -19.154 330.708 18.548 -20.642 168.251 172.875 -14.559 7.356 193.849 -16.444 331.624 364.551 -17.804 0.377 101.784 -16.813 31.394 290.848 -16.495 60.687 247.402 -14.212 414.439 194.197 -18.722 393.602 385.196 -13.643 408.463 228.494 -18.642 80.726 56.309 -16.509 141.736 367.512 -15.700 130.269 1.729 -15.726 198.100 144.282 -19.165 268.138 421.323 -18.362 295.482 390.536 -17.704 351.633 409.344 -17.358 26.228 76.438 -16.211 268.852 428.522 -18.834 27.074 441.834 -13.667 22.228 57.171 -17.058 120.852 189.031 -12.598 427.262 121.114 -19.912 352.020 125.807 -22.614 161.828 71.808 -18.849 280.818 114.316 -26.170 51.862 89.166 -16.424 211.708 474.014 -20.485 410.012 98.805 -19.546 301.226 335.824 -20.035 411.158 265.663 -18.389 459.217 5.846 -13.536 478.958 373.680 -14.739 48.715 67.802 -17.669 466.435 208.405 -15.358 11.468 61.528 -16.950 119.051 272.113 -14.039 47.815 57.410 -16.682 463.191 352.983 -17.630 189.160 446.541 -19.952 393.553 242.542 -17.950 132.999 443.412 -15.963 21.763 498.598 -14.360 145.528 35.962 -18.216 219.691 218.824 -18.935 110.933 183.668 -12.688 411.816 175.699 -19.061 77.069 85.310 -14.413 47.624 424.903 -14.276 322.700 468.958 -20.284 305.291 438.855 -18.401 480.975 392.423 -14.800 92.215 249.939 -13.193 369.217 18.428 -19.738 213.717 487.312 -21.666 198.776 276.833 -19.898 20.920 151.511 -15.602 352.913 302.854 -17.332 194.496 228.749 -17.122 458.761 6.363 -13.383 312.335 55.371 -25.769 341.973 372.305 -18.090 296.621 419.556 -17.367 327.141 172.449 -22.213 184.943 481.674 -18.038 473.693 13.212 -14.560 10.986 247.248 -15.184 487.507 418.376 -14.966 295.099 323.655 -20.821 138.663 282.336 -14.823 14.259 37.328 -15.845 257.035 75.339 -26.303 189.978 386.460 -19.639 150.742 168.723 -12.579 322.801 144.665 -24.437 490.417 131.609 -16.499 177.901 134.321 -17.909 47.964 222.604 -14.210 335.450 492.289 -21.875 33.896 45.869 -16.044 477.190 320.830 -17.853 215.157 122.306 -23.872 154.770 323.540 -15.712 495.045 414.191 -14.806 161.051 240.319 -14.634 185.401 100.762 -19.076 252.057 361.732 -20.403 397.062 431.998 -13.657 7.152 315.951 -17.833 58.620 253.682 -14.800 300.762 265.566 -20.532 238.945 158.432 -23.458 437.616 452.683 -14.594 451.903 438.022 -13.603 35.885 373.403 -13.769 48.443 119.380 -14.093 64.801 103.112 -13.202 244.607 465.819 -22.529 167.031 499.963 -16.728 41.880 424.591 -14.215 305.496 440.280 -18.576 498.470 228.417 -15.611 313.355 335.085 -18.968 116.520 267.083 -14.180 236.001 430.813 -20.515 378.273 447.888 -14.646 40.647 81.873 -17.141 455.910 432.593 -15.030 222.367 203.190 -18.500 4.458 76.779 -16.918 453.645 154.698 -19.564 219.880 210.441 -18.683 35.947 369.199 -14.506 144.391 31.130 -17.273 61.427 384.928 -12.507 237.132 28.165 -23.766 406.675 423.944 -13.085 18.342 408.238 -14.927 197.815 100.264 -20.813 373.627 255.258 -17.118 411.598 327.666 -16.401 472.718 112.568 -17.677 496.650 335.594 -17.197 379.011 225.962 -17.490 480.441 342.315 -17.837 477.533 42.609 -16.772 458.475 283.623 -17.122 448.088 417.462 -15.607 449.520 442.958 -14.935 184.114 460.728 -19.868 499.195 182.547 -15.589 495.129 475.701 -14.000 34.860 259.104 -15.612 130.354 316.511 -14.092 336.818 220.996 -19.340 364.402 203.692 -19.018 115.999 127.166 -12.434 57.037 267.508 -15.794 155.112 410.638 -15.048 10.375 398.371 -14.386 369.403 344.778 -15.489 272.770 158.781 -21.591 274.125 492.736 -23.069 396.956 213.534 -19.176 113.919 322.047 -13.807 259.961 485.163 -23.003 39.438 443.822 -13.130 3.733 30.793 -15.810 174.033 43.162 -20.697 358.184 209.020 -19.243 79.252 271.500 -14.083 313.989 11.975 -22.876 252.179 95.689 -25.229 301.295 37.937 -24.058 238.766 201.647 -19.166 344.972 253.595 -17.941 208.216 151.882 -20.354 248.966 44.592 -25.230 120.415 373.007 -15.476 213.894 419.131 -19.573 251.728 132.912 -24.596 10.006 244.852 -14.770 304.522 4.579 -22.089 184.461 429.430 -19.447 260.955 329.146 -20.373 9.498 450.722 -13.733 327.621 138.357 -23.733 186.785 499.713 -17.733 343.811 273.207 -15.832 152.726 127.931 -14.583 403.968 429.357 -14.288 262.129 281.398 -20.363 480.952 356.695 -15.092 193.614 305.366 -18.435 206.407 83.073 -19.876 93.944 94.825 -14.023 488.372 318.737 -17.120 425.464 31.791 -15.955 215.716 453.711 -20.729 26.855 294.027 -16.622 187.857 272.232 -18.706 316.357 146.494 -23.858 243.742 112.882 -26.139 48.976 49.995 -16.506 149.144 46.424 -16.618 150.269 297.140 -15.753 450.490 209.819 -17.654 332.043 64.075 -24.452 462.583 402.680 -15.413 321.142 391.480 -16.996 15.514 30.500 -15.251 283.194 248.022 -19.750 127.657 137.896 -13.622 317.363 290.713 -20.325 232.584 353.231 -21.071 337.308 83.971 -24.382 461.342 151.670 -17.925 228.046 95.111 -23.085 178.779 100.586 -18.104 448.963 498.312 -13.607 5.704 317.938 -16.648 101.916 88.748 -14.140 150.658 51.919 -16.291 330.126 374.403 -18.273 316.360 57.283 -25.236 213.871 44.323 -22.311 308.869 81.850 -25.707 169.626 369.270 -18.279 180.136 393.393 -18.895 249.452 151.955 -24.382 103.043 202.775 -12.696 1.632 430.924 -15.369 368.762 207.287 -17.657 190.947 275.800 -18.864 129.701 351.850 -14.801 133.510 398.794 -14.056 94.748 164.739 -13.695 407.425 462.551 -13.674 134.443 229.923 -12.815 437.255 495.635 -13.753 329.020 345.471 -19.361 239.392 278.617 -20.347 476.705 449.238 -14.566 125.684 398.532 -13.363 28.266 134.058 -15.342 325.441 159.962 -23.452 22.917 476.222 -13.828 196.701 54.944 -20.575 498.900 63.200 -16.217 126.923 236.574 -13.504 389.710 27.067 -18.381 152.493 407.791 -15.173 425.348 324.801 -16.397 229.658 486.725 -23.619 270.511 264.325 -19.352 12.359 175.872 -16.487 469.367 478.650 -13.249 92.925 32.262 -16.860 301.118 339.729 -19.919 157.770 179.182 -13.157 239.803 271.911 -19.097 17.497 296.296 -16.407 281.707 126.647 -25.112 366.704 424.814 -16.190 148.290 494.775 -16.369 137.217 321.412 -14.724 302.256 411.939 -16.427 199.187 370.222 -19.425 168.398 475.546 -17.402 496.607 31.804 -16.422 34.773 243.792 -14.404 454.001 346.981 -17.198 391.684 483.313 -17.109 260.778 393.090 -19.574 284.691 107.220 -24.302 137.164 158.069 -11.868 179.531 156.128 -16.873 317.482 174.291 -21.591 461.350 481.617 -13.764 310.387 169.711 -21.884 328.654 482.183 -20.435 24.077 379.269 -14.680 70.986 73.691 -16.878 130.101 380.765 -14.164 470.023 374.939 -15.505 420.626 348.103 -16.105 425.445 261.856 -20.518 149.993 398.447 -16.370 268.427 379.578 -20.156 424.316 270.597 -19.528 422.808 468.938 -13.897 292.911 250.181 -20.307 93.020 270.817 -13.784 407.367 48.339 -16.947 227.653 30.747 -24.228 29.185 195.839 -17.138 217.086 378.458 -22.071 352.385 403.109 -17.305 260.232 43.952 -25.174 122.910 455.410 -15.540 493.581 456.674 -15.043 119.399 348.287 -14.658 194.402 426.208 -19.999 292.067 111.859 -24.377 463.359 227.911 -15.739 178.251 442.935 -18.816 345.772 356.068 -16.899 203.835 467.808 -20.022 33.230 493.603 -14.633 425.579 417.136 -13.779 302.974 76.215 -26.619 455.061 340.554 -17.814 267.654 456.706 -21.453 56.614 473.228 -14.837 485.272 5.305 -14.054 451.832 189.742 -17.764 183.681 133.773 -17.797 205.473 241.318 -17.720 381.524 44.414 -21.308 108.557 162.323 -14.032 396.569 243.464 -17.421 84.249 368.257 -12.525 62.960 302.883 -16.466 2.320 94.993 -16.324 14.453 109.243 -16.225 141.294 37.297 -17.349 179.773 257.522 -16.578 90.595 468.255 -14.943 316.947 219.771 -20.639 239.559 5.982 -24.290 64.574 178.139 -15.939 205.768 223.335 -19.408 438.274 204.437 -17.033 411.960 22.215 -17.123 353.409 268.658 -15.824 15.513 435.189 -15.011 95.443 296.393 -15.383 335.740 373.692 -18.893 161.195 450.927 -16.721 398.666 304.387 -16.881 280.189 171.428 -20.767 385.915 241.002 -17.253 39.226 89.051 -16.361 460.193 128.134 -17.757 183.615 383.937 -18.605 24.146 278.837 -16.962 380.306 103.011 -21.641 468.749 148.785 -18.103 398.308 226.194 -17.896 102.366 209.587 -13.672 316.966 107.407 -24.412 200.510 328.425 -20.161 397.712 290.323 -16.150 167.132 214.971 -16.652 284.254 437.408 -19.046 134.195 481.370 -16.870 487.128 493.560 -14.733 49.136 343.461 -14.184 245.399 83.693 -24.789 15.906 95.737 -15.557 7.489 203.612 -15.663 428.885 176.744 -19.126 417.126 328.355 -15.820 46.550 294.651 -16.657 498.715 12.022 -14.653 80.467 157.342 -12.536 50.705 225.423 -13.352 2.888 271.393 -15.671 83.705 279.402 -14.375 442.626 90.718 -18.658 472.194 222.470 -16.651 9.154 487.258 -14.762 149.235 247.777 -15.020 418.508 459.481 -14.073 202.403 58.566 -21.684 351.529 265.065 -17.206 433.127 180.152 -19.229 426.070 77.132 -18.216 244.015 229.388 -18.292 371.153 364.584 -15.212 29.649 43.128 -17.116 321.967 461.873 -19.077 212.929 366.576 -22.341 274.174 455.135 -21.522 50.184 200.057 -16.818 256.900 455.638 -21.362 4.961 385.307 -13.543 86.149 474.300 -14.474 395.475 26.024 -18.342 83.379 164.788 -14.096 2.343 381.132 -14.730 306.278 83.578 -25.882 371.500 273.917 -17.070 471.802 297.596 -16.332 213.379 165.922 -20.585 244.858 329.045 -21.562 112.341 52.605 -16.906 16.732 133.845 -15.001 265.897 437.058 -19.335 65.543 493.752 -14.297 249.475 354.882 -21.116 177.964 296.866 -17.256 108.663 152.621 -13.368 209.176 70.825 -21.787 265.909 119.810 -25.946 170.381 492.279 -16.279 367.085 131.783 -22.706 303.975 475.075 -21.129 487.825 431.607 -15.063 222.874 353.882 -22.476 188.436 391.224 -20.507 25.408 252.860 -15.097 460.558 62.817 -18.097 230.299 209.649 -19.958 63.682 165.026 -14.753 150.373 423.699 -14.870 255.429 204.969 -18.580 420.271 184.671 -19.424 188.055 412.745 -19.057 499.336 152.170 -16.858 25.479 455.482 -12.356 210.316 75.161 -21.333 131.941 62.599 -15.749 5.214 289.396 -16.836 196.414 121.772 -19.969 330.793 498.562 -21.178 488.212 86.917 -16.990 475.617 260.119 -16.980 223.498 106.894 -21.662 384.145 126.985 -20.479 93.205 409.976 -13.830 434.041 132.356 -19.517 438.181 44.189 -15.552 447.236 36.835 -15.121 206.968 437.226 -18.966 434.462 333.256 -16.840 248.348 234.773 -18.678 220.717 335.039 -22.715 119.055 197.031 -13.105 336.999 348.325 -18.135 169.001 196.388 -16.002 231.830 380.835 -22.897 491.481 146.127 -16.874 448.575 477.647 -13.603 193.866 180.575 -16.344 112.108 20.897 -16.421 432.741 82.246 -19.086 421.925 5.314 -14.756 308.776 4.248 -21.989 329.101 278.947 -18.214 301.367 141.081 -24.233 378.681 0.174 -18.511 138.662 410.528 -13.645 51.088 443.590 -12.905 53.296 385.479 -13.112 389.892 339.669 -16.087 7.487 493.840 -14.086 381.698 208.971 -18.881 324.444 12.520 -22.308 77.711 499.386 -14.266 259.284 348.670 -20.134 277.385 475.675 -23.160 127.296 1.252 -16.155 439.197 109.232 -19.423 61.684 208.745 -14.715 10.888 234.520 -16.860 153.925 0.191 -17.722 487.805 114.344 -17.276 212.799 316.619 -20.580 343.837 403.523 -17.264 124.040 499.696 -15.901 217.582 151.110 -21.743 263.316 153.293 -22.387 295.799 306.356 -19.889 242.807 232.483 -17.908 94.085 147.021 -12.366 216.308 258.525 -18.516 74.313 367.777 -12.954 483.132 315.520 -17.424 179.136 6.616 -18.015 404.125 495.283 -16.846 4.200 404.614 -14.839 79.072 264.768 -14.315 363.779 167.200 -19.924 241.106 436.470 -22.548 86.604 311.432 -14.054 118.764 76.179 -16.096 97.169 380.733 -14.144 265.826 209.056 -17.470 317.349 436.475 -17.512 394.713 0.859 -17.765 250.667 238.845 -17.779 438.969 342.306 -17.019 399.588 5.992 -17.649 228.441 71.347 -23.990 176.061 272.508 -16.848 483.375 7.769 -13.865 488.355 0.988 -14.522 250.667 176.256 -20.660 30.510 426.063 -14.417 130.418 95.738 -13.782 144.713 406.104 -14.756 460.759 76.231 -17.647 19.078 315.522 -15.862 155.527 170.939 -13.730 172.172 202.642 -16.120 407.639 6.282 -15.318 354.589 354.243 -16.089 79.370 4.796 -15.575 90.511 277.381 -14.469 339.989 468.442 -18.690 37.513 278.864 -15.080 85.776 203.239 -15.324 340.753 479.213 -20.565 346.960 178.142 -21.802 47.010 159.346 -15.147 471.194 278.768 -16.670 164.178 183.832 -14.277 75.398 292.005 -14.823 278.198 32.573 -24.488 454.881 303.152 -17.782 237.944 417.945 -20.425 370.260 248.350 -17.376 496.191 422.412 -15.091 433.234 246.435 -18.345 232.804 311.138 -20.554 382.341 205.474 -18.127 400.841 169.419 -19.082 436.929 209.508 -18.074 315.425 0.741 -21.614 390.584 229.551 -17.576 78.697 70.242 -15.536 415.702 285.560 -18.152 241.923 88.366 -24.485 147.152 443.051 -15.058 298.320 107.066 -23.402 127.146 222.405 -14.223 493.643 304.787 -15.697 252.368 82.256 -26.001 244.632 416.695 -19.203 311.685 62.914 -24.901 47.822 5.960 -14.081 456.350 122.522 -18.684 316.948 122.977 -23.013 144.096 385.505 -15.544 383.418 151.754 -18.842 155.365 152.549 -14.276 65.091 57.413 -16.742 152.048 72.794 -17.550 392.817 373.959 -13.418 310.092 398.371 -16.404 217.302 9.237 -21.854 298.764 190.120 -19.687 422.213 56.603 -16.832 459.647 268.962 -17.299 414.075 395.349 -13.758 247.570 349.559 -21.612 414.312 76.502 -18.045 183.720 342.933 -20.048 335.707 20.227 -20.818 93.947 159.595 -13.213 6.795 386.962 -14.580 127.110 253.932 -17.691 102.934 38.200 -19.848 384.251 314.357 -19.921 275.476 380.258 -23.012 79.193 308.832 -17.394 207.551 162.573 -23.450 225.234 360.306 -26.330 356.192 412.511 -20.673 281.004 226.067 -22.719 280.572 221.472 -22.758 462.917 321.408 -19.458 130.257 285.766 -17.838 253.392 260.513 -23.725 197.173 466.408 -23.734 184.488 136.357 -22.856 460.622 138.229 -22.693 184.971 17.265 -24.062 356.963 467.407 -22.382 75.778 57.062 -21.058 372.133 322.271 -21.528 188.066 77.230 -23.161 321.531 293.693 -22.503 128.447 293.544 -17.681 277.157 374.712 -23.392 387.216 439.161 -18.641 424.435 62.604 -20.641 168.585 109.696 -20.678 99.615 250.950 -16.975 323.837 131.356 -28.283 480.415 417.492 -19.575 159.028 428.825 -19.245 229.469 392.745 -24.198 282.059 264.367 -23.650 238.734 447.504 -24.386 354.377 490.215 -24.101 175.692 464.022 -21.555 117.735 359.658 -18.340 30.965 444.811 -18.605 255.895 7.989 -29.057 157.197 159.738 -17.023 416.209 453.357 -16.750 208.466 28.497 -24.413 344.854 228.625 -23.294 309.405 5.172 -26.353 485.911 330.047 -21.748 9.058 147.221 -18.901 213.521 223.203 -22.680 207.975 234.299 -21.238 226.508 139.438 -28.159 295.208 75.670 -29.911 317.944 498.812 -24.109 359.596 26.073 -24.998 449.985 163.044 -22.182 408.418 274.663 -21.585 445.853 322.822 -21.091 10.079 434.739 -17.496 412.813 145.792 -22.539 101.083 384.936 -17.870 494.338 226.897 -19.114 483.955 157.966 -19.834 89.961 162.831 -16.707 352.548 380.940 -19.797 127.686 455.011 -19.247 92.721 311.105 -18.360 453.112 486.992 -17.815 43.404 374.378 -16.784 57.630 175.464 -20.797 44.385 351.555 -18.450 421.014 312.032 -20.665 173.508 361.589 -22.213 99.042 63.919 -18.208 167.039 157.621 -17.357 164.563 365.584 -22.574 494.308 416.788 -18.181 155.165 271.414 -19.820 8.110 259.385 -19.579 275.133 228.711 -22.351 147.681 19.969 -21.226 422.903 25.282 -19.730 362.951 493.593 -22.282 466.447 75.637 -19.305 237.313 127.596 -28.224 283.214 175.346 -22.505 437.067 393.443 -17.231 235.326 196.281 -21.370 259.542 81.450 -28.600 128.615 125.233 -17.599 166.668 28.083 -22.479 406.786 171.332 -23.482 254.611 419.710 -21.575 122.137 254.312 -16.843 208.228 244.517 -21.088 479.048 245.705 -19.043 430.524 375.736 -19.575 202.791 133.482 -24.084 185.398 399.050 -21.867 489.549 234.782 -19.418 390.203 421.639 -17.057 8.482 267.143 -19.671 187.115 283.950 -22.293 312.392 6.524 -26.319 1.785 375.270 -17.157 173.597 321.160 -21.222 498.423 367.202 -18.117 464.438 20.247 -18.455 82.499 332.502 -16.716 352.671 1.560 -23.672 93.685 348.175 -15.784 229.343 109.326 -26.855 372.928 361.817 -18.671 98.767 94.230 -16.663 432.644 323.326 -20.541 328.882 426.749 -19.965 431.206 236.962 -21.326 38.070 289.549 -20.804 50.966 418.914 -17.033 238.892 144.408 -27.873 44.750 367.225 -16.243 230.513 405.623 -23.901 488.186 393.098 -18.142 322.096 410.642 -20.558 180.739 380.675 -22.297 202.441 69.260 -24.873 154.340 12.208 -21.164 268.107 94.077 -30.053 455.143 215.393 -20.254 360.927 94.057 -25.619 163.153 64.388 -21.101 328.741 28.383 -25.786 99.180 195.049 -15.888 238.749 152.480 -28.260 490.713 157.496 -19.147 449.172 152.580 -23.849 298.648 425.760 -20.803 198.269 280.793 -22.828 139.445 0.416 -18.941 35.799 81.167 -19.531 368.403 197.653 -21.882 67.844 68.122 -21.561 0.546 347.771 -19.074 276.907 280.580 -23.552 381.905 19.867 -21.816 338.372 266.811 -20.878 32.506 277.611 -19.289 408.473 128.610 -23.309 26.794 19.993 -17.653 177.439 31.139 -23.024 416.511 273.155 -22.442 189.960 7.686 -23.420 359.957 63.650 -25.878 499.087 380.350 -17.996 402.220 180.452 -23.097 344.964 378.913 -20.412 203.292 410.157 -22.837 345.839 114.228 -26.048 269.032 445.192 -23.526 476.052 474.672 -17.893 320.934 434.767 -21.058 134.376 492.950 -18.908 17.914 283.867 -19.032 412.787 372.687 -17.308 233.977 118.866 -27.078 269.607 315.868 -23.618 31.833 152.492 -17.974 188.884 133.304 -23.167 389.985 217.221 -22.128 111.596 234.146 -17.818 367.783 297.869 -20.942 269.469 285.347 -24.130 416.153 151.294 -22.644 2.848 0.540 -17.906 173.685 265.987 -20.560 473.671 241.626 -20.402 149.760 190.821 -17.863 2.317 80.120 -19.663 189.714 44.135 -24.416 69.153 229.138 -17.000 82.411 323.187 -17.119 395.721 81.017 -23.829 0.816 412.707 -18.370 295.854 5.517 -25.777 98.195 373.064 -16.265 490.903 70.063 -20.656 50.990 223.411 -16.981 342.969 448.663 -21.922 358.163 440.685 -19.636 398.613 164.511 -22.899 364.691 392.007 -19.172 432.071 227.969 -21.108 216.639 398.224 -23.389 308.924 152.865 -28.045 266.362 221.646 -21.694 439.035 209.200 -20.571 245.149 359.426 -24.708 348.588 278.780 -19.870 436.391 330.483 -20.150 58.898 12.390 -18.770 327.666 366.328 -21.533 377.321 380.885 -17.062 261.670 298.350 -24.893 477.134 297.348 -19.432 389.608 13.004 -20.385 465.755 184.131 -19.632 368.518 331.036 -22.023 365.358 237.401 -21.122 95.544 52.440 -22.115 491.011 221.862 -19.723 386.174 378.500 -16.585 74.791 157.395 -17.258 143.318 454.038 -18.562 31.006 166.029 -20.217 47.921 235.172 -16.793 58.819 150.010 -18.112 69.899 367.321 -16.256 273.288 47.172 -29.642 499.175 142.791 -19.395 143.755 290.499 -19.045 72.854 399.373 -17.719 444.840 147.761 -22.579 171.113 457.897 -20.964 451.882 260.332 -21.356 10.694 5.913 -17.096 8.375 441.233 -18.879 173.423 4.277 -20.700 452.762 144.907 -22.367 224.082 221.145 -23.202 38.503 63.435 -20.054 124.293 488.648 -19.927 236.077 101.196 -28.711 451.261 461.764 -17.636 21.673 171.051 -19.227 122.724 393.591 -18.595 208.746 104.485 -24.691 348.793 486.820 -24.274 281.619 102.031 -27.862 413.228 413.360 -16.404 170.445 450.662 -20.687 380.804 283.851 -20.677 342.274 423.819 -20.958 335.700 102.506 -26.764 123.758 108.720 -16.892 295.082 36.258 -28.444 276.893 248.931 -22.340 430.554 455.458 -17.911 475.985 415.888 -18.527 493.461 12.404 -18.689 81.355 13.902 -18.910 119.426 207.508 -16.873 80.426 221.814 -17.375 446.046 225.471 -20.573 451.221 272.619 -20.807 84.079 231.689 -17.846 103.292 127.368 -15.644 474.220 24.528 -20.367 367.734 358.684 -19.938 320.592 165.447 -27.353 26.004 204.639 -18.297 99.673 260.933 -16.668 427.822 317.834 -21.180 212.135 196.112 -22.172 115.818 82.728 -17.814 55.704 55.678 -19.846 255.965 61.823 -29.252 171.572 424.121 -21.654 151.904 499.320 -19.884 204.058 333.199 -24.470 143.594 94.665 -18.684 452.138 412.178 -18.050 310.522 498.982 -25.286 445.690 448.561 -17.315 438.636 272.646 -22.108 421.099 256.784 -22.234 18.937 37.773 -19.794 299.985 428.722 -21.624 231.428 302.857 -25.140 133.476 114.832 -16.178 377.641 8.642 -21.513 379.217 295.668 -20.791 67.151 197.450 -18.622 424.871 293.113 -21.245 213.575 412.999 -23.285 25.516 366.195 -17.727 38.715 48.711 -19.697 282.772 150.301 -25.956 166.446 68.870 -21.982 390.665 51.078 -23.295 45.240 5.742 -16.415 21.179 203.327 -18.652 168.399 428.937 -19.764 164.638 382.996 -21.312 106.887 132.206 -15.718 362.246 486.988 -21.521 313.991 418.787 -19.488 117.523 31.800 -19.859 494.156 380.243 -17.624 100.658 487.777 -18.855 47.736 347.824 -17.762 217.949 7.375 -26.091 59.331 338.763 -17.814 20.534 44.047 -20.665 279.312 382.390 -23.166 120.625 442.690 -17.966 74.401 474.808 -17.419 438.522 259.935 -22.357 374.520 372.852 -18.466 72.118 353.223 -16.484 428.197 301.905 -19.688 308.912 240.309 -23.266 289.090 245.201 -23.705 70.992 201.494 -17.460 273.628 138.571 -26.106 472.965 358.600 -19.339 209.835 157.243 -22.529 352.518 431.184 -19.599 428.426 436.180 -17.564 344.198 410.432 -21.457 409.990 479.391 -17.829 314.723 90.808 -28.098 200.873 102.439 -24.358 229.726 388.268 -24.326 356.301 37.386 -25.165 419.053 285.115 -21.648 105.135 239.034 -16.509 64.289 151.468 -17.378 221.640 145.954 -28.486 300.497 44.174 -29.366 362.431 198.007 -22.035 307.973 290.464 -24.138 480.916 304.974 -20.319 347.689 208.275 -22.744 368.757 0.785 -22.411 16.909 187.660 -19.829 355.479 186.451 -23.411 390.737 63.653 -22.630 294.523 366.345 -21.420 255.412 171.632 -25.027 332.948 407.264 -20.497 324.568 425.723 -20.388 141.516 334.820 -18.770 398.352 363.242 -17.054 311.463 155.370 -27.120 376.036 497.415 -21.383 44.768 276.443 -19.493 228.811 253.507 -23.032 264.786 126.773 -27.497 429.006 126.449 -22.310 269.350 411.534 -21.239 251.467 438.414 -23.424 408.113 233.858 -21.005 242.476 140.037 -28.700 435.879 403.163 -17.285 45.646 115.700 -18.655 434.818 360.503 -20.516 194.674 273.583 -23.268 161.217 498.152 -19.540 446.624 132.805 -22.965 215.421 8.002 -24.883 397.417 1.306 -20.768 145.530 411.594 -17.292 385.528 44.816 -24.211 125.401 436.981 -17.414 384.318 348.864 -19.175 349.382 423.605 -20.801 20.732 448.480 -16.992 302.192 32.334 -27.737 400.069 126.421 -23.684 99.271 76.212 -18.041 321.687 189.281 -23.715 322.551 245.453 -22.918 263.005 442.329 -22.824 108.349 233.144 -17.225 60.541 485.485 -17.944 31.359 24.604 -18.739 147.342 392.616 -18.408 307.466 181.957 -23.856 420.128 298.586 -20.480 85.193 64.567 -19.084 333.133 418.914 -20.210 315.875 315.933 -22.668 195.911 310.433 -23.334 406.659 348.293 -19.215 323.599 192.621 -23.342 349.947 134.879 -27.630 315.044 202.254 -22.741 249.814 410.144 -22.377 264.414 342.155 -23.514 407.811 436.607 -17.363 465.384 143.365 -21.551 119.856 175.497 -17.156 330.013 81.361 -27.882 28.090 343.003 -19.546 429.233 111.020 -22.278 212.633 430.750 -22.430 97.080 215.922 -17.762 259.432 321.845 -24.452 58.291 127.592 -17.419 475.944 214.546 -18.557 280.952 260.667 -22.779 138.697 220.711 -16.576 463.289 348.105 -20.455 77.531 455.262 -17.405 399.622 323.448 -19.577 63.933 496.951 -17.384 406.995 70.018 -22.268 81.603 384.766 -17.073 248.858 367.162 -24.724 457.013 412.121 -19.384 85.714 194.008 -17.480 43.947 385.478 -17.694 191.539 454.586 -23.949 1.307 45.512 -19.568 18.930 177.833 -19.468 345.728 215.243 -22.171 189.775 324.105 -22.193 31.789 137.103 -18.138 11.082 478.819 -18.346 207.730 134.443 -25.148 360.897 170.415 -23.600 492.471 404.969 -17.157 425.674 410.730 -16.363 127.764 495.014 -20.447 366.257 410.999 -19.743 314.707 189.808 -22.897 137.513 144.680 -16.876 159.391 87.510 -21.079 201.730 418.414 -22.841 186.945 50.875 -24.431 208.591 387.747 -23.138 81.196 259.104 -17.938 249.117 403.282 -22.695 320.367 260.094 -22.949 55.999 8.220 -18.494 283.537 304.813 -24.106 236.573 467.045 -24.743 388.226 222.133 -21.162 190.555 94.654 -22.806 478.953 38.496 -21.774 216.039 133.505 -26.443 253.226 32.383 -29.256 368.425 335.801 -20.675 26.634 240.433 -17.986 173.966 25.993 -23.444 389.303 436.204 -17.546 201.399 321.271 -23.492 330.753 283.176 -22.745 72.688 393.238 -17.551 224.345 399.513 -22.368 417.471 253.739 -22.092 76.398 252.434 -18.367 29.598 270.253 -18.739 279.355 119.720 -29.265 5.684 137.540 -18.556 360.939 208.342 -21.641 386.847 279.279 -19.946 135.534 12.355 -18.680 248.477 214.121 -22.273 291.247 112.926 -27.108 169.843 487.254 -19.415 495.890 158.487 -19.580 257.020 193.704 -21.956 404.744 125.419 -23.741 341.765 82.807 -27.527 20.891 221.276 -17.151 475.222 63.855 -20.364 445.757 170.375 -21.623 378.923 151.171 -23.306 150.847 387.721 -19.560 148.880 0.901 -20.737 432.282 32.162 -18.050 94.094 360.328 -16.083 441.510 405.700 -17.540 261.011 359.225 -23.331 357.658 455.573 -21.528 497.227 173.534 -19.589 95.824 494.445 -19.302 187.201 239.776 -20.414 245.090 5.995 -29.011 224.386 299.483 -24.210 7.284 1.436 -17.717 100.625 214.813 -17.020 427.014 68.789 -20.488 200.692 488.415 -23.825 325.693 20.477 -25.321 487.483 469.607 -18.354 252.442 392.771 -23.066 306.820 163.441 -27.423 280.315 251.188 -21.734 119.728 473.023 -19.672 488.880 463.651 -17.470 99.280 447.980 -17.070 187.114 0.067 -23.257 3.564 164.573 -20.310 3.005 209.081 -19.245 114.047 153.229 -16.663 479.101 461.579 -17.381 71.600 450.723 -17.568 328.277 6.699 -25.180 350.721 82.758 -26.899 393.605 42.852 -23.137 485.022 209.940 -18.341 115.271 250.990 -16.563 34.588 107.760 -18.622 215.905 226.826 -23.689 57.786 279.404 -20.331 348.719 185.061 -23.997 277.152 0.120 -26.764 208.087 448.783 -23.545 57.945 293.422 -20.447 246.076 18.402 -28.798 123.112 145.993 -17.419 193.032 442.587 -22.876 89.496 406.191 -18.638 288.020 313.085 -24.479 375.654 248.599 -21.441 130.394 450.300 -19.176 345.327 317.268 -21.794 153.216 353.956 -20.899 32.807 402.290 -18.698 29.018 499.543 -17.279 455.478 391.657 -17.713 249.628 251.165 -23.064 459.769 417.287 -18.054 207.440 374.569 -24.403 100.319 18.715 -20.137 71.981 492.356 -18.641 237.165 379.219 -25.650 313.985 360.056 -21.081 362.859 46.354 -24.313 204.712 156.695 -22.047 41.710 449.705 -15.573 452.624 320.976 -20.633 30.963 497.854 -17.255 152.987 139.412 -17.149 202.286 347.457 -24.234 254.911 327.116 -24.894 332.349 178.376 -25.987 345.670 342.006 -21.478 260.998 97.800 -29.769 372.193 183.547 -21.922 447.253 376.062 -19.988 458.994 196.228 -20.771 387.011 7.256 -21.475 390.102 113.198 -24.448 178.387 323.348 -22.566 58.078 102.288 -18.281 300.648 178.282 -23.968 388.128 56.094 -23.955 301.162 87.683 -28.455 108.883 406.367 -17.865 414.794 466.408 -16.361 147.351 123.056 -17.292 416.770 241.340 -21.830 364.865 403.848 -19.735 205.372 76.010 -24.509 404.201 151.247 -23.172 2.604 195.971 -19.521 461.119 367.285 -18.500 277.960 285.072 -22.995 233.273 386.391 -24.772 203.269 184.319 -20.856 326.394 391.248 -20.284 458.447 385.208 -18.377 3.151 309.562 -20.137 393.077 69.153 -22.626 133.538 24.166 -20.437 419.383 84.600 -22.278 111.188 79.510 -18.483 102.809 467.474 -18.809 140.478 85.634 -18.459 464.086 26.989 -19.743 23.881 299.336 -20.224 466.748 399.165 -17.734 155.749 393.028 -20.188 278.945 438.236 -24.481 155.205 187.205 -15.210 237.575 499.874 -28.304 392.714 146.836 -23.073 348.894 5.576 -24.797 265.568 425.431 -21.615 245.609 146.616 -28.995 191.200 484.450 -23.355 205.001 197.925 -21.336 27.630 94.417 -20.588 454.357 329.178 -20.724 243.022 405.804 -23.392 139.405 375.248 -18.837 3.970 395.966 -17.935 40.214 8.547 -16.822 236.407 453.363 -25.711 1.793 463.621 -17.351 483.859 120.413 -20.643 269.393 112.144 -29.188 305.683 214.240 -24.042 402.338 237.545 -21.646 258.211 494.638 -28.111 347.605 246.606 -21.736 117.864 322.758 -17.553 353.760 298.948 -20.826 101.085 220.231 -15.904 135.856 326.641 -17.797 467.583 90.365 -21.790 140.425 466.230 -19.092 108.822 76.189 -18.599 334.677 335.445 -22.422 124.952 179.471 -16.761 452.888 82.690 -21.563 362.874 107.016 -25.564 12.991 13.764 -17.433 390.387 76.439 -23.820 286.172 348.521 -23.329 115.105 88.041 -18.075 65.486 89.097 -17.813 166.582 289.304 -20.697 266.944 45.466 -29.297 85.850 6.321 -18.536 195.568 360.845 -24.544 49.272 412.168 -16.659 4.406 372.873 -18.177 445.119 396.605 -17.044 181.820 313.379 -20.689 50.544 465.530 -15.965 212.100 499.176 -24.996 408.687 431.807 -15.890 368.675 81.301 -24.805 69.977 477.297 -16.954 262.074 189.752 -22.630 64.604 378.623 -17.426 498.759 301.407 -19.556 162.933 335.289 -20.846 342.326 119.598 -26.881 209.997 124.493 -24.815 72.877 66.883 -20.703 350.534 28.451 -25.767 14.018 272.566 -19.843 465.749 260.159 -19.719 238.262 139.692 -29.442 156.604 486.577 -20.272 341.240 57.673 -26.775 347.834 126.384 -27.756 245.471 274.275 -23.506 73.951 7.506 -19.300 321.968 90.837 -28.253 66.693 246.982 -17.749 271.185 0.287 -28.768 474.818 202.235 -18.539 367.698 218.447 -21.477 497.447 309.835 -18.992 476.723 209.388 -19.266 442.478 423.749 -17.580 159.207 366.063 -22.103 0.573 201.797 -19.534 126.406 338.650 -18.077 6.748 4.566 -17.365 319.856 50.283 -29.114 41.513 495.449 -17.152 9.914 283.148 -19.124 350.961 7.826 -24.159 113.337 48.611 -19.972 376.064 1.834 -21.456 474.130 452.965 -17.769 475.270 176.473 -19.371 491.562 95.981 -20.295 255.548 306.909 -24.148 79.484 233.122 -17.602 213.871 448.712 -24.489 18.355 100.373 -19.148 38.066 311.164 -20.493 8.922 323.371 -19.682 349.617 19.150 -23.698 434.163 37.588 -19.126 377.363 62.896 -24.911 155.134 416.592 -17.617 256.654 498.835 -26.838 245.907 208.728 -22.383 59.060 105.969 -18.336 78.796 107.017 -16.400 356.959 486.808 -22.858 30.357 105.961 -17.981 401.223 298.271 -21.182 359.795 10.786 -23.774 271.312 348.728 -24.618 171.602 95.889 -22.182 328.975 412.300 -20.197 13.577 352.313 -18.798 260.316 258.508 -22.608 114.049 361.135 -17.232 45.576 265.048 -18.880 66.089 333.251 -16.133 234.597 412.290 -22.803 184.527 348.552 -23.238 413.900 336.461 -19.535 58.454 190.732 -19.332 221.238 284.249 -23.230 183.904 277.480 -21.537 399.074 84.021 -22.911 428.056 171.151 -23.155 161.661 7.101 -19.858 235.333 245.814 -22.296 249.687 329.090 -26.000 292.411 6.431 -25.381 462.186 202.704 -20.693 195.333 386.637 -23.708 396.973 237.707 -21.549 497.659 94.413 -19.236 341.117 159.322 -26.326 246.377 195.789 -22.580 61.032 349.349 -17.945 32.765 158.001 -19.979 343.969 67.993 -26.992 343.148 102.031 -26.854 96.884 352.953 -16.019 253.911 373.407 -25.051 341.012 404.700 -20.356 323.778 110.045 -27.964 442.100 166.575 -22.238 129.238 116.795 -16.087 159.692 494.820 -19.896 6.105 391.008 -18.111 398.081 70.438 -22.918 127.512 259.198 -17.908 1.221 156.923 -19.614 10.113 199.000 -19.313 222.449 461.223 -24.306 234.439 297.054 -24.887 194.419 399.672 -23.700 234.554 183.950 -24.410 258.109 382.410 -24.008 271.454 353.297 -23.182 181.718 215.674 -20.751 7.028 26.682 -19.375 316.906 412.774 -20.273 69.649 449.744 -17.852 81.458 418.141 -17.040 159.772 136.569 -18.946 44.190 94.092 -19.283 36.528 455.696 -15.234 14.360 379.826 -18.109 50.745 280.525 -19.900 7.166 102.490 -19.873 455.225 92.513 -21.287 377.710 77.693 -24.981 448.453 405.611 -17.994 435.377 5.181 -17.791 86.559 207.533 -18.090 7.049 117.656 -18.773 275.208 442.545 -23.939 312.375 486.124 -24.688 269.871 495.276 -27.559 28.670 58.722 -19.683 177.572 493.441 -20.912 351.881 176.877 -23.592 223.531 266.324 -22.197 251.876 340.629 -24.779 265.145 233.934 -21.601 133.322 310.636 -18.793 219.056 323.639 -24.592 219.773 57.001 -26.947 142.494 264.972 -18.448 343.287 185.704 -25.297 268.435 480.052 -24.819 230.984 280.374 -23.353 349.501 437.562 -20.882 378.653 363.220 -17.870 188.373 248.135 -20.475 211.479 329.041 -24.429 415.811 257.843 -22.348 274.185 98.815 -29.774 499.643 499.437 -18.118 310.338 71.213 -29.207 98.501 86.651 -17.501 371.453 404.101 -18.130 318.085 448.578 -22.374 292.230 265.818 -23.591 62.073 95.119 -18.203 193.120 209.687 -20.397 11.280 107.798 -19.702 233.396 359.876 -25.601 448.569 328.550 -20.744 212.660 94.933 -23.637 469.975 70.248 -20.831 489.624 58.143 -21.805 91.017 183.384 -17.588 329.636 42.064 -26.052 296.788 68.655 -29.942 336.079 387.648 -20.739 304.235 96.439 -28.185 217.362 163.195 -25.616 386.647 247.519 -21.061 24.390 101.544 -19.200 5.857 366.553 -18.430 3.908 247.463 -18.455 136.018 163.471 -16.678 144.975 498.037 -20.150 41.501 282.115 -19.931 343.632 349.151 -22.648 432.262 461.803 -17.314 241.362 13.150 -27.911 431.600 1.298 -18.049 194.820 234.364 -21.598 46.846 437.053 -17.261 305.124 272.212 -23.497 297.349 260.717 -23.254 495.723 399.747 -17.276 26.483 373.622 -18.687 245.889 494.170 -27.167 37.938 112.878 -18.836 163.794 221.945 -18.921 286.308 213.806 -22.460 203.286 217.105 -20.914 472.448 152.618 -21.075 372.498 113.698 -26.131 347.926 119.795 -25.976 225.542 292.345 -24.300 86.533 351.298 -16.936 407.992 189.706 -22.912 209.614 172.391 -22.154 119.204 107.799 -16.940 483.888 248.038 -19.196 12.803 6.012 -18.419 285.371 82.170 -29.033 204.747 89.265 -23.953 377.182 342.813 -18.474 317.341 309.799 -23.926 383.946 7.724 -21.581 352.175 223.705 -21.757 159.313 53.552 -22.509 476.163 94.839 -20.199 131.024 109.321 -17.198 363.432 37.014 -25.137 70.118 112.697 -17.756 129.871 498.794 -19.161 229.611 115.514 -27.390 262.470 0.325 -28.846 289.721 182.917 -22.600 283.749 361.209 -23.403 255.286 461.454 -26.875 1.436 188.520 -19.278 422.083 497.485 -19.203 179.501 61.501 -23.098 496.444 436.001 -18.192 95.958 88.968 -18.110 360.631 299.230 -20.309 1.036 493.223 -17.974 6.485 449.488 -17.538 89.812 266.133 -17.327 344.210 456.275 -21.775 356.949 150.512 -25.678 414.412 62.752 -20.957 154.927 455.936 -19.366 2.053 316.263 -19.014 252.825 55.602 -28.638 161.746 172.494 -17.451 245.661 317.107 -24.713 442.055 418.879 -17.825 1.321 38.105 -18.985 369.051 96.806 -24.699 44.595 473.948 -16.496 6.641 339.767 -20.222 193.038 75.741 -23.013 262.896 266.096 -22.905 34.483 323.996 -18.826 218.991 278.128 -23.307 449.348 26.064 -18.814 370.722 308.334 -22.110 122.733 273.893 -18.667 386.783 271.271 -20.788 345.314 89.001 -27.526 73.447 21.549 -20.161 188.870 55.576 -25.255 91.228 443.337 -16.961 466.729 492.875 -16.976 25.034 492.578 -17.565 77.409 39.542 -20.184 202.318 371.284 -22.828 453.937 39.741 -19.362 68.046 462.436 -18.114 299.744 183.207 -23.067 163.246 295.401 -20.490 154.256 469.048 -18.128 404.510 448.655 -17.238 199.960 223.818 -21.589 329.517 196.453 -23.953 216.754 330.393 -25.437 33.242 32.345 -19.182 390.112 370.961 -17.827 410.548 343.621 -19.222 1.825 184.058 -18.976 462.943 233.602 -20.026 161.738 499.996 -19.675 253.730 208.237 -23.104 499.136 165.368 -20.446 187.715 266.816 -21.777 414.615 448.060 -16.259 436.455 139.352 -23.546 414.998 234.757 -22.121 291.058 83.164 -28.806 48.298 260.163 -19.249 45.850 391.490 -17.875 181.535 437.045 -22.090 148.712 368.063 -20.395 333.559 487.388 -24.672 377.892 27.356 -22.761 286.770 289.842 -23.354 424.511 492.568 -18.344 235.058 216.533 -21.781 318.363 183.867 -24.809 452.927 290.892 -20.334 455.117 138.799 -22.289 77.715 50.375 -20.364 289.643 365.420 -22.730 85.564 400.634 -17.214 268.427 228.553 -21.625 360.738 225.302 -20.177 329.577 307.927 -23.481 127.760 302.864 -17.456 151.852 201.444 -16.853 95.069 341.418 -16.332 93.352 5.246 -19.070 291.522 145.656 -27.600 167.736 456.231 -20.513 134.824 101.457 -18.608 225.599 84.582 -25.666 4.212 201.349 -19.589 462.114 373.884 -18.494 166.071 152.113 -18.374 172.642 279.241 -20.640 81.307 398.856 -18.203 215.679 461.698 -23.216 164.520 413.267 -21.723 328.360 241.963 -23.098 282.564 44.270 -28.673 106.317 307.943 -17.034 226.816 36.920 -26.312 102.330 50.018 -20.591 482.378 138.157 -20.819 70.376 456.745 -17.196 112.749 29.847 -19.959 204.454 418.858 -23.549 442.652 444.705 -17.295 273.186 39.092 -28.800 319.968 365.886 -20.881 273.612 449.500 -24.716 43.890 175.815 -20.757 318.030 33.276 -26.983 429.016 100.332 -23.746 455.320 405.445 -18.881 74.563 331.327 -16.987 3.681 144.323 -19.471 302.085 253.882 -23.841 149.248 222.529 -18.198 74.599 334.179 -18.107 28.783 334.548 -18.313 448.297 218.611 -20.655 173.696 12.705 -22.166 8.245 83.924 -20.248 428.670 346.337 -20.597 3.712 120.089 -19.737 227.411 322.512 -24.976 196.715 322.022 -23.147 305.169 18.626 -26.196 306.068 285.340 -23.083 486.498 352.323 -18.657 340.883 6.583 -24.404 109.013 428.427 -18.252 411.713 499.356 -20.074 302.963 196.741 -24.175 0.416 327.998 -20.547 28.631 259.287 -19.253 112.986 208.968 -16.444 320.148 386.935 -21.080 5.470 428.441 -18.521 489.645 101.353 -21.242 2.167 31.556 -19.656 55.392 234.620 -16.662 324.308 31.591 -26.678 375.599 57.177 -24.314 29.978 387.550 -18.572 418.510 429.556 -15.891 130.667 208.413 -17.001 298.571 489.025 -24.423 245.624 261.351 -23.415 377.649 180.967 -21.996 466.222 13.227 -18.083 463.654 291.505 -19.759 152.766 288.592 -19.417 271.550 485.466 -26.550 360.881 268.884 -20.251 451.202 422.703 -18.696 480.938 51.288 -21.396 106.881 0.733 -19.170 184.412 190.557 -19.748 102.128 317.016 -17.609 190.168 38.852 -23.500 355.119 338.000 -21.264 313.816 217.742 -24.546 53.831 7.674 -17.292 97.386 227.505 -18.000 389.168 374.884 -17.755 273.019 172.294 -23.074 146.235 7.470 -19.685 205.852 13.610 -25.736 293.665 189.491 -23.077 360.519 135.636 -25.741 223.490 449.991 -25.403 0.668 303.059 -19.806 184.752 303.613 -21.965 496.818 7.182 -18.030 332.826 455.089 -22.574 400.170 16.819 -21.169 290.449 0.647 -26.034 498.331 163.216 -19.792 205.680 368.446 -24.356 171.566 127.524 -20.485 52.147 114.416 -18.923 155.696 222.017 -18.193 250.566 129.249 -28.704 352.257 12.035 -23.143 358.357 112.767 -25.471 321.846 304.229 -23.650 225.515 285.405 -23.051 430.766 106.719 -23.434 170.327 291.430 -20.704 485.882 265.536 -18.101 449.074 467.482 -17.669 226.857 61.525 -28.354 26.060 354.967 -18.069 222.547 412.236 -23.463 19.014 113.803 -19.320 111.684 396.932 -18.176 301.679 380.889 -21.494 279.803 94.630 -28.944 478.327 487.469 -16.632 195.402 30.609 -24.259 120.518 284.582 -17.645 396.127 31.958 -21.977 361.514 18.741 -23.499 133.388 126.529 -16.587 281.219 279.107 -24.408 282.552 456.322 -24.582 293.689 49.524 -29.357 408.914 490.240 -19.034 402.037 414.979 -16.027 16.141 310.203 -19.919 376.551 173.449 -22.728 19.043 479.712 -18.716 232.202 33.926 -26.737 168.841 283.061 -19.653 43.358 479.822 -16.633 70.207 279.112 -18.991 0.561 23.510 -19.507 107.683 467.869 -18.450 87.426 170.979 -16.974 150.836 120.118 -18.216 313.862 112.905 -26.695 498.987 352.399 -19.703 138.514 234.295 -17.330 303.171 323.549 -23.925 23.492 399.789 -18.310 424.598 189.647 -22.464 156.982 450.555 -20.978 473.565 342.705 -20.743 1.280 392.641 -17.237 463.157 108.137 -21.483 267.954 102.468 -30.684 213.719 283.567 -22.504 339.641 228.045 -23.077 257.536 340.504 -23.520 284.634 7.327 -25.612 311.190 208.929 -23.799 264.316 410.140 -22.256 440.571 386.363 -18.792 107.302 39.390 -20.295 54.330 259.238 -19.063 438.182 299.095 -20.283 367.059 66.969 -25.971 479.393 430.270 -19.552 327.536 419.527 -19.926 142.384 430.670 -18.725 29.285 309.543 -18.612 480.669 468.055 -17.248 5.471 69.518 -20.306 319.377 24.909 -26.438 176.894 82.039 -21.931 157.558 421.460 -18.995 234.132 347.925 -24.907 275.291 352.804 -23.256 115.170 188.305 -17.044 306.896 317.091 -22.414 484.175 448.773 -17.854 250.348 139.248 -27.399 90.446 455.894 -16.804 399.846 474.753 -18.538 283.508 139.565 -28.521 339.431 294.373 -22.452 324.984 494.398 -24.748 316.626 422.867 -20.109 396.272 272.427 -20.185 271.409 261.914 -22.700 363.345 265.925 -20.347 75.312 240.596 -18.163 445.023 252.227 -23.802 415.543 133.914 -23.272 365.427 24.691 -24.746 361.212 31.982 -24.584 25.815 164.993 -19.201 112.841 424.085 -18.690 221.553 82.523 -26.022 145.565 132.634 -16.375 191.331 169.008 -21.625 313.840 26.370 -26.202 299.588 279.058 -22.727 36.723 4.496 -16.957 440.973 264.480 -23.191 284.033 68.811 -30.404 156.120 245.961 -18.358 160.492 416.648 -18.985 272.011 462.805 -25.056 83.115 23.015 -18.708 482.074 112.761 -19.889 473.046 330.820 -21.818 492.924 469.734 -18.388 125.609 47.247 -19.157 199.342 480.115 -23.519 474.554 364.818 -18.585 250.468 230.090 -21.926 183.739 0.271 -23.230 428.263 61.401 -19.967 225.863 460.622 -24.396 116.966 202.745 -16.953 167.850 42.604 -22.270 295.574 347.522 -23.438 374.339 396.937 -18.813 390.452 405.993 -16.569 26.859 347.890 -19.467 281.560 480.609 -26.588 95.014 140.121 -15.498 246.951 156.731 -26.739 474.046 493.955 -16.808 183.681 315.880 -22.088 11.210 284.278 -19.989 466.952 328.712 -20.555 32.650 145.861 -19.361 460.495 188.807 -20.368 398.555 447.007 -16.781 356.809 481.526 -21.867 340.658 179.349 -25.349 279.600 72.808 -29.893 136.623 397.296 -17.742 493.323 364.671 -18.188 263.452 430.069 -23.164 89.887 88.389 -17.275 323.606 311.948 -24.057 310.649 114.467 -27.170 86.893 220.930 -16.502 248.403 131.762 -28.551 375.217 188.962 -22.390 293.756 343.803 -23.216 390.966 328.045 -19.602 373.022 143.782 -24.816 101.679 164.171 -17.364 493.232 203.460 -19.286 122.696 171.673 -16.406 117.726 44.423 -20.296 225.246 155.502 -27.033 89.036 200.506 -17.034 467.894 52.193 -20.512 317.588 259.719 -22.713 261.939 14.809 -28.822 332.982 265.811 -21.183 443.275 303.285 -21.310 0.751 176.538 -19.813 254.525 442.774 -23.324 63.201 418.809 -17.188 438.931 334.980 -19.992 306.499 41.668 -27.621 327.657 114.562 -27.074 341.551 492.810 -24.338 116.069 114.656 -15.498 455.338 481.395 -17.037 295.593 152.936 -26.594 427.500 57.111 -20.470 97.009 390.932 -18.919 245.413 451.595 -24.899 310.750 259.291 -24.070 65.623 479.492 -16.796 75.116 499.494 -18.435 61.204 422.668 -16.763 407.504 374.643 -17.307 435.866 149.677 -22.358 59.265 185.081 -20.098 255.414 411.501 -22.408 345.636 37.195 -25.088 116.125 441.240 -17.933 15.093 83.484 -19.866 24.541 26.339 -18.500 159.817 37.552 -21.820 411.875 400.133 -16.082 372.188 352.474 -19.305 252.468 182.405 -22.811 88.018 144.118 -16.392 379.186 435.671 -18.172 424.144 5.962 -18.508 340.153 61.724 -26.653 158.188 314.090 -20.367 128.350 157.877 -16.864 186.673 67.886 -24.245 307.721 341.294 -23.001 305.351 62.125 -28.397 51.861 494.479 -18.475 407.821 295.623 -20.688 316.550 374.362 -20.351 420.806 6.785 -20.065 376.481 19.632 -23.118 390.101 128.718 -25.345 212.484 241.963 -21.594 244.813 190.624 -23.181 99.682 5.090 -20.359 223.832 87.720 -25.955 341.850 249.468 -21.720 496.209 196.282 -18.872 26.485 30.854 -18.596 297.523 271.899 -23.017 331.127 58.221 -27.596 127.054 163.169 -16.572 134.410 498.514 -19.760 338.388 39.655 -25.643 172.128 288.101 -20.704 176.459 248.036 -20.983 83.507 350.056 -15.784 160.393 99.945 -19.727 92.641 286.991 -18.192 465.003 43.005 -19.423 298.753 449.239 -23.388 301.172 327.119 -23.570 456.425 460.551 -17.776 441.818 431.714 -17.525 162.551 463.042 -20.257 248.827 64.797 -27.477 446.065 285.833 -19.934 499.871 356.048 -20.213 481.194 152.442 -21.805 385.613 164.450 -22.778 215.688 144.902 -26.667 70.283 251.298 -18.517 229.396 51.821 -27.928 223.113 497.341 -25.942 477.464 337.864 -21.553 451.923 367.883 -20.241 436.932 189.628 -21.704 6.578 443.831 -18.018 375.586 354.388 -19.153 446.856 460.286 -17.218 431.418 357.031 -19.663 487.207 38.861 -20.338 64.404 13.785 -17.811 184.459 148.033 -19.537 5.989 304.174 -19.411 40.279 303.785 -21.301 388.922 68.343 -23.381 150.196 175.865 -16.507 96.961 254.581 -16.739 308.628 331.203 -24.224 251.049 195.462 -22.780 341.431 217.200 -23.873 4.497 178.698 -20.158 141.499 404.739 -17.538 395.874 346.417 -18.755 272.324 121.108 -29.576 88.342 493.023 -19.123 304.001 158.306 -25.853 68.869 121.398 -16.908 223.401 102.276 -25.095 466.483 268.556 -20.485 446.732 371.981 -19.390 298.813 127.252 -27.535 457.951 157.700 -21.891 58.010 380.885 -17.016 74.403 221.049 -17.202 494.999 448.090 -17.556 233.209 437.258 -25.784 28.349 324.223 -18.255 160.333 229.574 -17.936 405.268 29.679 -20.795 242.029 151.096 -28.382 480.795 6.031 -18.915 25.340 301.775 -18.790 483.996 359.998 -18.785 382.228 334.204 -20.161 56.536 334.107 -18.247 262.241 354.988 -24.457 171.616 209.590 -19.521 304.061 220.836 -23.443 436.257 237.641 -19.908 14.969 424.656 -17.723 286.245 377.772 -23.049 434.153 102.331 -23.410 132.902 336.591 -17.957 168.179 354.470 -22.466 478.071 57.173 -21.013 255.091 467.743 -25.880 102.843 324.088 -17.602 5.917 100.238 -21.017 188.289 300.563 -22.886 357.229 375.912 -19.494 23.642 272.031 -19.314 96.886 266.820 -17.205 312.785 133.479 -27.336 212.832 336.078 -24.608 164.641 30.595 -22.568 101.366 380.835 -18.476 385.136 252.128 -21.045 367.343 399.777 -19.731 190.109 372.601 -22.915 289.719 376.021 -21.765 312.084 158.186 -25.640 476.087 31.378 -20.546 395.185 416.553 -16.545 27.374 5.640 -16.632 376.642 234.512 -20.927 46.375 418.804 -17.725 457.102 260.340 -21.319 293.753 394.821 -21.339 198.875 228.038 -21.811 356.099 132.527 -26.663 421.775 252.898 -22.051 222.609 240.278 -21.009 282.911 355.459 -24.798 41.884 460.616 -15.491 225.648 215.339 -22.474 147.677 100.555 -18.237 272.548 55.709 -29.135 415.429 379.475 -17.211 438.347 285.857 -22.186 45.786 108.854 -18.646 73.132 119.138 -15.671 302.262 457.787 -24.745 153.474 310.197 -19.721 65.289 125.716 -16.134 478.132 183.080 -18.164 4.676 355.197 -19.582 349.497 329.244 -22.412 459.600 311.814 -20.903 384.417 265.363 -20.631 258.799 411.379 -21.702 434.847 260.913 -22.325 309.602 348.852 -23.053 56.149 239.544 -17.345 4.820 396.918 -18.309 480.820 443.423 -18.962 148.995 308.125 -19.302 84.235 4.439 -19.231 107.669 212.110 -16.317 255.186 37.787 -28.642 203.646 272.912 -22.750 474.233 138.876 -21.278 323.333 384.142 -21.295 303.596 360.064 -22.058 130.078 28.946 -20.715 256.202 392.428 -22.055 278.348 449.419 -24.365 266.006 259.056 -23.756 285.831 258.907 -23.821 212.594 63.550 -26.432 293.653 492.141 -25.365 21.659 197.427 -20.087 196.191 486.352 -24.321 136.889 5.745 -19.312 118.873 67.383 -19.394 105.710 345.922 -16.639 93.284 487.406 -17.934 307.951 228.339 -23.651 84.722 354.349 -16.715 139.798 355.054 -18.354 173.911 499.052 -20.285 90.807 305.124 -17.807 103.257 255.664 -17.435 186.012 301.421 -21.177 184.460 271.557 -21.485 457.447 131.879 -22.164 404.979 64.655 -22.392 343.133 107.582 -27.595 262.133 417.641 -22.235 374.439 6.481 -21.316 46.676 17.283 -17.637 376.835 277.517 -19.952 309.253 386.493 -21.460 84.548 240.915 -17.225 379.186 114.215 -23.954 311.009 374.145 -20.714 326.310 65.570 -27.423 389.781 492.440 -20.887 183.981 284.319 -21.316 93.360 38.235 -19.388 18.138 44.824 -21.088 395.778 168.619 -23.304 112.935 133.878 -16.777 382.623 488.065 -21.362 21.465 423.258 -18.076 334.165 443.181 -21.802 393.795 4.538 -20.841 335.707 284.091 -21.723 380.143 33.196 -23.365 109.892 380.438 -19.174 214.654 111.759 -25.144 5.115 154.439 -19.349 251.151 38.219 -28.670 471.359 437.736 -18.525 44.799 59.709 -20.510 260.630 56.408 -28.227 134.038 417.164 -18.067 446.445 80.722 -21.740 205.991 288.580 -24.064 346.282 367.142 -20.497 489.344 257.029 -18.935 247.994 462.059 -25.647 389.440 338.012 -19.739 286.154 429.991 -21.620 487.347 443.754 -18.288 274.468 197.323 -21.782 152.782 228.998 -18.328 406.177 95.091 -23.515 362.694 455.393 -19.427 59.340 0.278 -18.313 166.120 444.921 -20.833 401.071 437.354 -16.915 21.407 461.823 -17.144 207.646 263.387 -21.831 76.505 152.120 -16.461 69.175 0.948 -19.260 72.699 240.183 -17.425 48.492 491.771 -18.499 381.966 310.271 -21.944 270.107 131.779 -28.129 334.279 75.880 -27.446 447.577 190.982 -21.358 354.978 0.740 -23.300 244.852 371.916 -24.730 289.448 302.326 -23.099 443.279 112.857 -22.139 239.942 45.468 -28.255 110.893 367.182 -17.185 456.857 171.310 -21.907 228.147 56.031 -28.514 166.446 482.983 -20.647 375.620 45.921 -24.655 330.803 272.382 -21.160 268.068 169.493 -24.448 40.728 69.553 -21.307 35.874 304.687 -19.465 169.503 187.358 -18.051 216.431 317.858 -24.231 279.309 6.124 -27.084 71.302 265.521 -18.174 150.488 476.578 -19.795 100.675 76.588 -18.896 179.694 201.091 -20.212 444.942 30.850 -18.566 90.909 368.233 -17.519 193.602 125.673 -22.831 86.767 45.238 -20.881 65.561 219.968 -17.639 357.287 190.676 -22.265 60.305 411.606 -17.369 0.722 139.103 -18.238 332.602 50.359 -25.827 36.516 424.483 -17.644 293.317 95.382 -28.337 148.571 89.603 -19.139 362.360 411.726 -19.231 206.534 334.384 -24.212 385.240 364.963 -17.563 56.529 283.432 -21.215 309.942 322.482 -24.218 340.646 417.504 -20.847 282.746 74.043 -29.987 355.598 157.745 -25.680 99.427 499.843 -18.442 489.508 209.275 -18.309 18.569 127.102 -18.237 318.346 240.523 -24.370 242.252 75.033 -28.417 221.115 369.753 -25.618 101.967 175.446 -16.153 170.886 221.525 -19.825 453.934 12.550 -16.460 450.293 34.424 -18.032 69.471 308.206 -18.778 177.814 55.529 -23.245 269.677 214.450 -21.728 348.659 144.252 -26.147 136.528 166.167 -15.469 304.495 423.781 -21.192 28.651 182.595 -20.366 43.124 499.224 -17.879 463.931 409.905 -18.397 439.788 499.061 -17.390 495.329 460.146 -16.975 275.748 394.110 -23.850 90.958 51.484 -20.005 190.869 111.895 -23.668 418.849 228.802 -22.097 344.539 387.312 -20.842 89.588 432.389 -17.842 402.858 210.846 -22.154 493.089 90.604 -19.498 30.009 48.876 -19.410 345.005 24.433 -25.480 473.324 316.317 -21.532 172.706 147.998 -19.583 252.381 287.467 -24.597 27.560 212.868 -18.643 364.180 215.057 -21.358 275.845 189.045 -23.078 154.310 317.851 -18.552 227.659 48.032 -28.817 145.192 144.931 -16.549 422.793 139.418 -22.220 174.052 467.688 -20.887 133.289 424.294 -18.225 486.150 151.475 -19.901 183.579 355.720 -23.925 380.426 68.634 -24.940 425.243 374.337 -18.804 372.824 7.457 -21.626 386.306 346.196 -19.805 259.501 70.536 -29.394 108.701 494.754 -19.203 168.687 71.705 -21.746 404.950 258.359 -20.822 284.343 449.672 -24.392 149.175 134.771 -16.973 478.473 146.213 -21.442 159.494 466.270 -21.107 423.957 88.071 -22.420 65.757 17.624 -19.796 97.235 100.998 -17.273 34.128 265.513 -18.679 493.332 278.343 -20.646 228.817 23.904 -26.977 188.022 183.960 -19.562 76.502 6.988 -18.264 99.808 145.722 -16.231 488.125 334.359 -21.554 429.325 49.079 -20.921 319.990 202.853 -22.465 54.883 145.106 -18.257 145.314 177.020 -16.094 421.510 123.180 -22.392 158.902 125.946 -19.865 409.844 492.770 -19.311 52.343 127.979 -17.998 364.251 400.264 -19.659 281.787 292.848 -22.379 128.933 329.692 -17.616 396.221 14.672 -21.953 191.194 335.782 -23.494 35.186 349.286 -18.729 1.872 446.521 -17.435 401.986 233.386 -21.324 261.888 139.780 -28.752 50.800 404.277 -17.249 275.283 252.545 -23.654 10.673 393.285 -18.727 166.551 229.089 -19.493 252.246 443.803 -24.752 142.818 90.822 -18.326 249.751 473.919 -26.223 223.208 163.407 -26.806 196.860 448.991 -22.793 78.967 393.643 -17.919 367.145 472.673 -21.906 143.091 10.423 -20.324 404.119 368.416 -16.612 271.659 26.437 -28.618 194.718 436.487 -22.799 198.882 405.908 -22.777 445.351 247.228 -21.985 344.290 474.398 -22.864 144.413 6.125 -19.258 76.313 114.367 -16.669 65.488 114.198 -16.744 414.407 361.572 -20.545 157.452 76.589 -20.258 24.628 469.131 -16.688 105.557 113.972 -15.695 373.450 265.847 -20.712 366.361 489.389 -22.463 87.874 487.012 -18.328 249.430 418.679 -22.747 2.507 203.363 -19.495 298.943 337.001 -24.061 33.135 430.645 -17.180 78.861 24.381 -18.020 396.846 50.639 -22.024 165.721 177.227 -17.359 499.368 39.232 -20.510 359.292 88.762 -27.047 379.501 253.944 -21.148 322.817 287.203 -23.373 479.688 190.099 -18.686 396.381 109.784 -25.849 42.180 240.754 -16.934 425.494 96.228 -23.554 50.554 366.314 -16.968 273.925 62.511 -29.149 121.494 165.950 -16.562 378.174 38.113 -24.278 124.987 207.570 -16.725 78.072 0.284 -19.885 72.696 183.179 -18.660 205.151 63.359 -25.899 462.860 214.812 -19.485 60.889 461.301 -16.553 85.094 187.515 -17.262 410.093 279.433 -20.981 358.731 494.742 -24.071 464.765 335.113 -20.387 176.052 448.544 -22.432 212.620 253.101 -22.001 179.666 12.761 -22.190 261.100 396.752 -22.215 420.295 123.161 -24.077 85.894 454.347 -17.226 141.675 481.544 -19.753 197.183 180.101 -20.049 347.646 284.415 -20.372 338.130 6.452 -24.256 299.420 219.160 -23.415 2.905 487.360 -18.571 234.842 157.481 -26.896 182.847 474.637 -21.808 362.181 70.085 -25.820 430.548 151.245 -23.354 400.886 273.234 -21.008 188.845 143.945 -21.497 357.435 361.278 -19.837 39.660 106.300 -19.203 85.875 0.196 -19.110 303.854 451.010 -23.857 75.150 228.991 -18.076 10.443 385.151 -18.761 21.483 336.116 -20.699 6.036 494.096 -18.029 174.928 411.736 -21.863 367.737 255.952 -20.599 416.117 316.887 -19.844 268.179 89.364 -29.323 456.435 416.292 -18.696 282.948 36.875 -27.555 310.844 282.549 -24.254 47.879 338.217 -17.700 486.873 321.880 -21.327 198.967 499.025 -24.346 213.333 372.903 -24.355 44.293 456.498 -16.355 196.086 173.826 -21.649 85.052 224.509 -17.192 349.378 241.920 -21.298 132.175 413.037 -17.211 63.188 356.314 -16.062 266.206 274.338 -23.755 65.512 475.636 -16.917 471.667 43.196 -21.503 13.965 119.521 -19.250 382.722 345.882 -19.773 479.646 0.487 -18.062 295.551 329.768 -23.559 243.408 164.642 -25.340 227.829 477.513 -26.071 41.745 170.266 -19.998 105.570 386.241 -19.233 394.269 321.530 -19.234 46.875 386.016 -17.885 103.513 101.145 -17.413 473.905 291.327 -20.016 91.841 0.560 -19.448 88.316 191.536 -16.793 79.731 182.159 -17.516 214.533 235.849 -22.080 455.006 201.647 -20.378 320.331 179.555 -26.214 36.602 134.867 -18.098 311.838 291.576 -24.288 253.085 309.431 -25.072 352.452 311.046 -22.601 164.132 485.788 -20.232 231.364 397.991 -23.832 366.564 294.773 -19.961 163.055 196.645 -17.453 494.303 111.757 -20.423 280.939 327.841 -24.005 236.787 56.222 -29.199 0.983 0.517 -18.669 404.356 478.947 -20.285 9.563 297.839 -20.278 427.583 18.003 -19.209 121.460 303.635 -17.185 191.131 68.328 -24.824 53.157 374.188 -16.917 429.532 205.981 -21.238 193.723 354.538 -23.552 490.831 170.095 -19.791 86.988 272.090 -17.546 315.194 392.571 -20.924 460.349 329.109 -19.811 191.437 11.832 -23.587 145.774 424.096 -17.964 470.434 412.538 -18.342 97.156 218.574 -17.762 497.007 487.704 -18.791 373.379 220.399 -21.322 373.898 293.557 -20.314 343.703 193.413 -25.289 439.685 171.839 -22.807 270.259 139.053 -27.412 140.727 126.845 -16.961 359.512 301.620 -21.209 287.869 152.623 -25.660 51.498 391.930 -16.478 184.078 294.255 -21.583 184.759 6.478 -22.186 3.552 312.209 -20.610 427.874 194.880 -21.294 27.498 170.496 -19.693 119.573 261.057 -17.484 455.832 316.291 -19.637 44.319 288.486 -20.707 364.060 452.127 -20.111 316.009 460.977 -23.884 439.515 145.497 -23.544 403.615 227.087 -21.311 144.636 398.591 -17.659 119.511 120.729 -15.302 100.081 460.520 -16.993 121.622 12.641 -19.147 421.482 328.635 -19.580 214.234 173.162 -23.199 137.100 428.851 -18.097 443.854 291.696 -20.962 383.236 102.121 -24.222 254.017 324.621 -24.730 104.680 418.675 -18.722 279.715 499.283 -26.623 229.553 13.823 -27.703 300.104 13.732 -26.718 230.832 200.950 -23.396 423.123 197.539 -21.303 347.874 12.869 -24.919 443.289 182.005 -21.747 256.928 24.429 -28.252 352.223 286.762 -20.870 258.002 448.361 -23.759 174.310 66.612 -22.631 317.929 150.941 -27.022 498.059 290.955 -20.238 184.714 367.142 -22.899 339.186 456.448 -21.715 26.074 10.798 -17.842 258.072 178.180 -24.053 212.473 151.894 -25.226 198.176 340.682 -25.045 422.834 365.661 -18.747 325.110 0.582 -24.594 408.355 164.746 -23.636 132.805 87.323 -19.294 73.863 196.692 -18.049 269.801 74.887 -29.054 191.069 19.938 -24.785 56.526 342.295 -16.823 291.631 198.695 -22.572 384.382 403.486 -16.173 471.662 475.520 -17.375 208.226 0.500 -25.201 334.470 151.838 -27.583 227.866 130.528 -28.962 445.182 95.892 -24.777 130.897 297.868 -16.465 313.810 173.564 -25.082 194.825 270.201 -22.601 484.220 171.225 -20.273 166.862 406.979 -21.721 481.629 454.263 -18.892 392.880 178.229 -22.506 458.189 270.131 -20.416 306.787 171.749 -26.268 140.003 139.510 -17.454 93.454 37.245 -19.959 69.997 149.590 -17.642 174.307 102.203 -21.793 54.704 19.419 -18.424 260.793 482.087 -26.585 462.932 195.878 -19.552 11.104 69.219 -19.611 245.582 106.276 -27.954 1.279 405.599 -18.599 204.599 493.948 -25.232 340.330 328.851 -22.349 224.855 491.527 -25.613 486.763 177.260 -19.431 6.864 183.210 -20.466 468.052 354.355 -20.662 202.404 247.363 -21.575 230.290 417.333 -24.008 306.422 1.543 -25.995 297.793 254.561 -24.802 271.761 385.081 -23.293 135.662 202.456 -17.674 158.962 3.820 -20.822 392.042 430.074 -17.181 50.459 462.393 -15.519 406.723 45.890 -20.693 420.149 31.342 -20.992 409.238 84.520 -24.334 430.273 399.663 -17.489 393.908 19.470 -19.697 372.568 225.620 -20.163 299.484 195.182 -23.754 420.932 405.780 -17.234 469.803 212.472 -19.183 42.507 17.663 -17.885 389.585 467.417 -18.781 464.560 311.198 -20.116 403.419 450.314 -15.359 260.908 273.695 -23.619 136.866 467.868 -19.842 226.952 497.867 -27.049 477.671 348.250 -21.184 278.373 239.637 -22.391 473.244 165.193 -20.041 457.679 449.885 -17.129 154.680 280.506 -17.704 115.931 239.466 -15.378 441.461 277.479 -21.146 335.898 430.074 -21.683 147.706 214.395 -16.837 114.569 379.313 -18.004 170.698 81.134 -22.029 443.511 493.250 -16.412 83.387 126.729 -15.685 360.361 378.313 -18.554 238.282 61.389 -28.101 355.738 54.214 -25.159 43.525 331.648 -17.664 433.047 220.473 -20.816 13.880 156.335 -19.320 454.572 452.682 -17.809 278.549 209.874 -21.562 196.691 166.415 -21.880 211.904 379.118 -23.994 141.801 164.549 -17.194 183.246 86.451 -22.037 394.724 118.931 -24.225 142.856 151.822 -16.983 121.045 90.408 -17.873 411.043 12.086 -21.228 326.836 70.763 -28.002 441.889 152.678 -23.165 290.478 229.095 -24.029 14.536 399.553 -18.293 332.111 239.015 -23.605 420.427 122.736 -24.049 122.591 277.392 -18.374 6.524 230.223 -18.088 448.853 88.557 -22.085 276.006 7.465 -27.195 127.045 322.993 -18.047 163.478 287.110 -19.527 497.439 493.665 -16.946 132.251 372.669 -19.152 299.267 132.635 -26.696 226.885 410.064 -23.271 420.108 195.311 -23.442 72.506 260.774 -18.853 9.231 218.897 -18.587 151.177 465.568 -19.961 197.569 493.366 -24.278 446.656 71.007 -21.021 372.223 1.342 -22.571 481.663 330.322 -20.422 85.627 450.859 -17.513 474.675 252.545 -19.371 307.311 140.344 -27.691 295.955 406.251 -21.827 146.877 329.356 -18.733 9.447 182.232 -18.813 455.557 361.903 -19.659 386.211 0.084 -21.442 383.497 305.637 -20.259 185.583 220.342 -20.130 139.743 291.529 -19.431 224.030 20.474 -27.767 365.485 318.841 -21.101 319.864 64.683 -28.248 78.162 177.124 -17.162 211.099 481.018 -25.214 176.976 399.509 -22.079 62.160 364.275 -17.349 385.489 310.216 -20.688 219.563 102.607 -25.876 348.222 68.188 -27.365 128.023 367.792 -17.529 463.063 444.536 -18.935 302.452 7.531 -25.586 494.443 8.239 -18.917 256.099 430.873 -24.390 328.604 181.969 -24.234 495.928 68.510 -20.500 268.453 390.539 -22.298 291.312 342.511 -23.566 61.898 224.831 -17.364 253.184 17.961 -28.693 311.370 270.309 -23.041 438.656 487.859 -18.554 6.581 252.435 -18.773 449.807 346.857 -20.212 409.262 443.201 -16.581 149.643 324.555 -18.811 165.167 241.286 -19.183 400.624 145.551 -22.746 40.185 433.959 -17.078 410.383 367.553 -17.564 408.835 200.606 -22.650 5.162 416.819 -18.825 15.708 170.251 -20.017 8.887 347.120 -18.727 243.252 175.909 -23.638 327.288 125.221 -28.866 365.665 304.356 -20.824 365.671 114.656 -25.243 480.440 195.697 -18.141 349.182 447.219 -21.157 36.920 139.115 -18.679 347.315 492.014 -24.234 142.529 157.557 -15.277 233.426 75.542 -26.733 419.163 69.351 -20.231 408.545 107.819 -23.634 11.499 128.915 -18.846 165.297 112.797 -20.192 204.846 431.739 -23.263 436.461 165.677 -22.752 346.074 136.482 -27.068 489.369 309.179 -20.130 457.245 377.829 -18.278 19.337 354.941 -17.236 339.755 287.844 -21.634 352.012 391.663 -20.179 1.116 442.865 -18.234 7.378 76.572 -20.060 43.952 407.669 -18.227 251.690 233.587 -22.679 72.859 486.833 -17.131 375.212 319.112 -21.643 299.315 233.547 -23.113 450.120 316.015 -19.905 416.142 7.864 -19.577 177.157 386.384 -21.751 139.727 24.017 -21.117 5.682 189.539 -18.297 287.658 163.892 -25.536 112.602 390.709 -19.020 199.702 463.147 -23.590 346.915 0.167 -24.711 442.330 0.310 -17.652 400.078 210.571 -21.652 42.087 181.081 -21.933 110.446 271.624 -17.430 386.536 472.224 -20.654 498.785 266.379 -19.148 474.907 267.906 -20.066 18.751 196.341 -18.621 138.944 334.760 -19.126 241.298 210.674 -22.349 325.669 177.304 -24.854 91.076 100.650 -15.534 216.961 365.483 -25.358 284.171 286.523 -23.625 136.946 209.202 -18.124 408.346 499.605 -19.373 38.014 252.332 -18.382 127.572 201.620 -16.537 188.212 198.309 -20.227 25.473 392.218 -19.107 34.043 190.596 -20.903 414.140 159.026 -23.468 499.595 214.823 -18.716 34.587 314.507 -17.752 376.179 460.401 -19.312 296.704 224.480 -23.021 273.558 239.744 -22.701 242.314 49.136 -29.025 105.588 361.525 -17.126 262.956 113.395 -29.812 341.827 20.210 -23.811 33.616 193.604 -20.466 25.828 484.202 -18.175 192.351 90.562 -22.792 216.627 296.494 -22.835 127.836 442.998 -18.682 33.789 474.903 -16.479 290.125 139.185 -27.972 251.995 115.401 -29.686 193.256 195.619 -20.643 291.099 209.270 -23.337 147.475 202.543 -17.725 463.683 118.989 -22.197 363.135 139.086 -25.832 321.386 325.392 -23.226 261.262 219.210 -22.363 6.458 341.611 -19.947 439.978 122.041 -22.105 457.903 436.021 -19.023 383.780 113.790 -23.747 134.121 214.405 -17.473 248.322 499.353 -27.571 481.620 348.129 -20.566 101.792 480.635 -19.941 385.216 291.779 -20.915 38.361 436.134 -17.538 332.259 189.907 -24.460 186.926 215.664 -21.004 459.006 234.322 -19.995 418.517 0.176 -19.735 220.716 234.854 -21.265 127.496 393.383 -17.716 9.333 31.811 -20.016 270.529 368.977 -23.592 154.431 35.107 -21.032 407.429 387.786 -16.026 402.156 393.625 -16.854 251.754 157.833 -25.969 193.387 240.138 -20.557 120.995 333.363 -17.267 383.783 494.473 -20.811 243.458 102.488 -28.524 492.920 82.026 -19.172 155.804 254.123 -18.228 221.463 310.641 -25.335 170.491 235.836 -18.044 415.897 25.533 -21.016 468.713 126.204 -22.022 171.551 253.545 -19.803 150.380 145.940 -18.314 219.559 350.035 -25.464 116.446 297.529 -17.151 126.943 418.707 -17.470 89.587 214.648 -17.518 195.133 257.142 -22.877 484.723 132.592 -21.644 384.116 157.504 -22.545 39.247 405.780 -17.928 43.891 214.026 -18.276 38.509 164.836 -20.447 257.371 385.059 -23.109 443.009 2.950 -17.271 189.347 7.611 -23.446 311.223 234.692 -24.177 42.509 133.434 -17.528 95.145 318.531 -17.485 6.841 140.531 -18.291 251.219 76.284 -29.188 50.931 151.693 -18.508 283.851 230.914 -23.238 294.688 201.376 -23.282 377.772 213.415 -22.189 184.918 361.864 -22.510 161.095 330.194 -21.052 402.647 31.351 -21.128 75.217 481.459 -17.698 35.170 447.599 -16.323 426.909 367.944 -19.877 386.038 499.202 -21.039 0.117 454.589 -17.789 65.343 217.374 -18.495 303.194 304.455 -23.823 13.889 202.371 -19.957 442.866 393.606 -16.610 94.072 122.300 -15.957 343.368 7.954 -24.235 235.670 420.919 -23.256 71.033 13.656 -18.413 224.663 317.370 -24.583 400.318 217.417 -22.264 84.914 291.012 -19.235 302.244 374.843 -21.422 453.533 234.309 -20.860 132.957 5.919 -18.998 437.089 132.915 -23.660 387.390 260.259 -20.442 51.136 217.002 -18.248 1.957 208.727 -18.538 349.267 108.484 -27.571 276.331 76.954 -29.145 316.769 132.167 -27.078 148.748 162.990 -17.134 476.550 399.478 -17.872 59.325 67.585 -20.069 422.332 159.254 -22.937 167.550 75.149 -21.495 250.227 276.031 -25.028 445.255 157.321 -22.566 284.745 475.648 -25.708 29.491 220.689 -18.166 434.330 375.697 -19.386 493.774 49.095 -21.237 472.717 197.703 -19.255 137.381 131.809 -17.499 264.819 403.762 -22.109 275.550 202.128 -22.332 4.102 223.156 -18.529 496.220 283.715 -20.038 106.509 82.099 -19.072 211.281 177.938 -23.502 284.973 146.260 -27.043 355.503 348.242 -20.080 125.639 384.469 -18.398 31.848 419.403 -17.654 13.630 0.575 -18.171 409.312 138.803 -22.965 58.082 479.890 -17.007 212.331 288.833 -23.908 198.974 63.057 -24.516 480.244 481.374 -16.789 4.566 190.559 -19.123 385.543 469.785 -19.963 362.457 1.390 -21.949 357.534 334.103 -22.115 464.342 424.833 -18.792 121.462 101.027 -18.127 163.805 269.715 -18.931 193.228 430.126 -23.798 52.383 486.142 -17.910 289.613 203.672 -23.283 265.240 228.750 -21.816 499.422 50.363 -20.980 184.800 441.551 -22.152 363.489 380.629 -18.469 81.872 82.828 -17.232 499.805 481.254 -18.404 499.564 278.431 -19.617 331.134 107.942 -26.947 392.360 157.343 -23.896 256.424 138.983 -28.710 177.237 242.927 -21.113 138.519 107.747 -17.808 384.406 429.719 -17.149 448.754 381.600 -19.448 201.782 95.230 -23.605 320.620 417.983 -20.691 103.197 24.334 -19.922 109.195 98.705 -16.889 104.059 357.561 -14.880 158.198 165.707 -16.759 134.338 192.455 -17.787 401.651 374.553 -16.046 167.567 141.402 -19.123 97.116 456.600 -17.943 3.911 249.126 -18.495 281.864 433.657 -22.638 445.407 58.424 -20.714 127.652 24.281 -20.136 66.102 288.462 -19.535 304.760 241.768 -23.277 146.273 240.516 -17.705 2.217 480.849 -18.288 4.739 113.060 -19.058 69.382 344.947 -16.706 319.311 479.937 -23.266 347.387 322.821 -22.731 250.753 304.308 -24.492 79.987 146.590 -16.203 438.685 18.942 -17.801 0.831 128.698 -19.162 157.537 335.131 -20.240 239.521 177.625 -24.218 376.818 481.311 -21.103 193.073 98.655 -22.821 100.567 321.458 -17.446 243.755 311.264 -24.779 302.908 246.924 -23.861 240.070 69.935 -28.943 339.240 25.019 -26.252 449.281 175.325 -21.038 64.996 264.438 -19.562 244.392 394.970 -22.641 181.828 44.502 -24.530 397.816 174.211 -21.619 39.906 479.879 -16.490 223.682 399.111 -23.297 122.004 330.131 -16.768 469.049 23.665 -19.004 41.602 119.714 -18.325 105.327 6.770 -20.160 278.583 335.981 -24.250 351.939 368.823 -19.732 45.744 38.378 -19.642 40.970 45.849 -19.760 189.511 221.552 -21.243 283.791 468.157 -25.032 47.171 334.615 -17.659 105.854 158.829 -17.721 201.391 386.493 -24.261 3.063 18.790 -17.823 61.400 371.541 -15.279 151.550 261.551 -19.021 478.175 103.705 -20.322 109.179 16.194 -19.589 497.383 256.680 -18.351 355.721 293.898 -21.535 348.756 198.025 -23.778 91.518 114.445 -15.014 268.592 62.870 -29.630 299.105 403.460 -21.648 171.461 114.919 -20.405 283.719 367.181 -23.578 110.930 6.547 -20.377 362.505 150.293 -23.907 128.058 67.452 -19.881 400.849 336.074 -18.989 144.044 361.095 -19.117 467.319 229.298 -19.426 429.715 90.228 -22.181 363.893 89.030 -25.523 442.089 315.770 -19.693 432.457 172.176 -23.462 466.336 298.240 -20.991 260.344 157.380 -24.829 110.756 214.594 -16.352 195.954 69.475 -24.481 281.010 87.484 -28.621 419.782 334.839 -19.018 228.895 0.440 -27.236 436.621 279.934 -21.332 219.723 493.698 -26.382 392.856 476.681 -19.970 337.163 323.891 -22.313 136.974 462.056 -19.322 426.321 487.862 -17.892 371.675 37.552 -24.718 462.601 130.629 -21.598 445.023 297.586 -21.213 154.655 101.501 -18.801 138.878 196.440 -17.545 62.433 7.926 -17.899 456.569 278.529 -20.911 221.064 132.863 -27.220 171.487 165.578 -18.598 20.398 214.470 -18.018 432.994 61.402 -19.222 447.370 244.401 -20.556 51.215 192.504 -20.175 191.466 23.810 -25.221 270.522 499.877 -27.050 361.871 424.330 -20.411 302.402 443.267 -22.420 39.619 298.774 -21.459 6.545 418.957 -18.408 233.807 460.148 -24.835 457.552 68.669 -20.344 161.254 359.189 -21.784 87.994 436.931 -17.151 153.656 214.964 -17.646 168.242 202.674 -19.509 118.978 311.038 -16.513 472.086 120.811 -21.962 295.070 125.498 -28.121 9.003 151.611 -19.563 259.308 368.330 -23.880 110.174 278.600 -17.584 277.721 44.923 -28.289 231.090 13.085 -27.330 495.303 342.461 -21.234 473.460 467.502 -17.241 339.560 141.453 -28.126 53.050 356.034 -17.478 124.946 336.020 -17.394 199.134 253.035 -21.222 372.847 466.198 -19.619 263.737 251.909 -23.866 453.655 162.949 -21.093 170.621 240.631 -19.186 301.160 481.264 -24.128 145.828 418.090 -17.527 406.907 57.789 -21.252 338.001 95.938 -26.529 355.911 17.860 -25.013 464.075 462.244 -17.914 228.658 436.890 -24.416 375.626 32.955 -23.744 240.160 374.390 -24.000 181.317 428.913 -23.204 184.328 259.269 -20.471 473.620 430.730 -19.802 486.120 25.789 -19.631 475.173 0.456 -17.267 352.102 39.650 -25.372 415.251 291.479 -20.190 470.694 311.319 -20.547 474.926 278.740 -20.653 82.709 266.033 -17.953 51.244 480.262 -17.245 324.171 289.094 -23.122 446.056 486.734 -16.381 48.518 487.765 -17.697 325.661 6.972 -25.280 234.063 321.496 -25.948 335.557 342.559 -22.033 441.767 177.964 -22.540 418.467 423.450 -16.376 416.960 373.763 -17.137 461.205 48.748 -21.382 326.424 85.632 -28.189 461.857 114.653 -21.169 102.286 429.821 -17.596 323.522 362.094 -21.931 468.360 164.191 -20.719 29.506 367.844 -18.261 115.236 402.681 -18.921 452.719 195.821 -22.058 472.307 402.364 -18.587 448.754 61.572 -20.397 106.860 146.682 -17.187 143.002 461.874 -18.799 370.460 5.212 -21.890 81.629 38.157 -20.362 425.333 335.959 -19.450 75.030 145.995 -16.119 284.684 171.419 -24.475 106.826 122.510 -15.857 468.253 190.588 -19.208 348.547 163.964 -24.280 19.606 240.011 -18.644 459.041 206.969 -19.550 497.127 362.558 -18.374 248.999 267.037 -24.573 330.125 72.333 -28.028 77.660 302.788 -19.748 23.512 105.620 -17.239 460.583 102.690 -22.304 177.614 165.405 -18.959 383.104 61.504 -22.940 449.930 173.660 -22.233 407.616 156.932 -22.373 214.744 56.930 -26.655 420.596 437.577 -16.530 498.167 9.275 -18.317 271.518 417.303 -21.495 221.122 487.508 -25.485 129.302 44.040 -19.673 241.913 213.790 -22.600 466.512 417.937 -18.368 79.989 330.013 -17.164 104.474 412.086 -18.932 195.454 1.003 -24.538 201.794 301.203 -23.370 132.841 359.881 -18.371 8.800 335.323 -19.610 173.137 189.103 -18.997 465.932 474.963 -16.877 123.758 73.758 -18.634 356.545 436.644 -19.714 238.248 323.666 -24.942 124.641 260.715 -17.638 7.631 406.904 -17.892 164.607 247.011 -19.985 84.426 462.393 -18.411 315.492 228.053 -23.555 45.822 188.492 -20.959 2.330 57.406 -19.835 126.257 214.710 -15.598 150.966 371.295 -20.767 201.798 29.982 -24.597 10.137 170.452 -19.274 333.350 201.842 -23.006 236.079 253.343 -22.981 310.104 108.305 -26.271 272.958 320.422 -23.326 335.630 126.873 -27.043 313.705 474.575 -23.263 374.345 206.793 -22.708 471.055 449.467 -18.370 373.885 334.800 -21.067 378.022 82.703 -24.776 272.041 221.672 -21.746 270.521 234.625 -22.464 175.822 435.940 -22.368 308.959 197.414 -23.104 453.062 228.114 -20.342 449.520 340.426 -20.356 415.044 301.685 -21.096 178.409 189.639 -19.643 418.247 45.088 -20.578 118.081 413.690 -18.684 450.584 303.839 -21.021 71.580 6.499 -18.971 56.988 315.956 -19.654 108.377 399.212 -18.563 9.363 487.729 -18.958 20.737 499.693 -18.212 270.366 204.252 -22.244 359.822 124.206 -25.910 375.274 201.590 -23.003 432.774 482.335 -16.340 115.112 291.007 -16.379 121.007 211.685 -16.092 263.507 303.605 -24.496 72.300 31.646 -19.824 487.992 194.702 -18.396 377.582 417.759 -18.101 236.731 492.213 -28.387 282.045 315.592 -23.701 485.025 0.894 -18.714 164.798 468.278 -21.918 145.016 486.335 -19.865 191.783 379.359 -22.667 4.752 241.256 -18.563 146.438 77.698 -18.659 302.121 294.355 -24.368 121.781 46.534 -20.525 59.961 468.908 -17.474 175.835 348.498 -22.927 7.678 280.627 -19.837 329.215 26.260 -25.187 50.234 141.157 -17.595 242.318 4.433 -28.255 437.763 113.851 -22.488 65.331 25.357 -20.030 436.603 182.294 -22.509 193.908 157.688 -21.558 449.838 76.069 -21.061 295.104 137.774 -27.427 232.146 5.996 -26.927 1.654 418.391 -19.248 272.696 247.766 -21.779 161.250 108.487 -19.793 324.311 450.986 -22.481 108.840 266.961 -16.282 371.933 89.355 -24.072 336.244 436.891 -20.940 273.940 334.007 -22.609 201.515 44.341 -24.460 381.593 0.152 -21.785 316.809 249.545 -23.373 369.867 30.635 -23.616 236.183 147.757 -28.473 160.383 320.158 -19.857 132.978 265.508 -18.689 478.891 76.743 -21.083 419.987 442.221 -16.685 36.395 232.612 -17.228 52.474 10.387 -17.492 293.920 278.884 -24.354 492.648 62.576 -20.685 176.104 477.673 -20.351 293.014 345.630 -23.137 418.154 114.231 -23.817 418.607 245.671 -22.786 146.495 51.080 -19.720 11.849 164.259 -20.242 51.797 124.174 -17.828 399.242 385.517 -16.984 101.451 404.641 -19.033 65.719 51.730 -20.370 446.100 18.882 -16.991 301.318 101.552 -28.129 124.218 413.018 -18.100 276.728 216.040 -21.248 19.672 253.342 -19.516 277.002 176.310 -24.489 211.947 445.927 -25.118 289.834 174.986 -22.433 356.871 250.578 -21.818 78.109 349.025 -16.633 399.982 309.358 -20.427 46.723 271.182 -18.295 496.413 120.537 -20.651 486.161 1.555 -17.639 158.800 258.477 -19.254 313.707 167.055 -25.709 23.214 412.553 -18.271 300.252 490.515 -25.669 271.668 467.051 -25.165 258.328 264.265 -22.881 309.396 0.489 -26.150 374.814 132.534 -25.839 89.022 225.003 -17.431 140.059 47.865 -19.512 385.161 487.208 -20.351 73.524 176.828 -18.579 297.522 358.000 -22.165 170.720 144.890 -19.520 356.033 261.536 -21.176 203.156 257.429 -22.615 92.076 372.359 -17.904 364.949 176.048 -23.787 109.698 87.951 -18.194 411.398 218.896 -21.426 256.392 126.301 -28.735 28.734 398.916 -18.463 9.341 159.634 -19.921 373.851 451.678 -18.001 385.631 53.772 -23.996 290.671 390.545 -20.858 280.888 26.059 -28.004 320.508 214.059 -23.351 433.384 242.564 -22.677 64.506 190.241 -18.375 367.379 172.913 -23.647 468.407 240.525 -19.550 209.242 183.497 -21.485 292.661 463.061 -25.366 127.599 12.264 -18.442 354.527 275.625 -19.713 414.511 341.933 -19.074 419.047 410.319 -15.797 226.963 143.846 -28.363 234.744 373.155 -23.981 143.875 214.449 -17.775 272.353 309.443 -23.870 259.460 171.765 -23.486 263.981 89.309 -29.573 275.358 304.323 -23.281 18.826 49.694 -20.549 29.925 461.907 -16.646 442.808 36.843 -20.133 282.013 203.173 -22.241 317.741 82.296 -29.089 440.522 437.056 -17.350 483.992 30.473 -19.909 208.653 297.744 -23.036 280.425 422.443 -21.637 384.023 197.810 -23.316 331.363 387.705 -20.679 392.776 397.281 -17.024 59.928 475.928 -17.079 313.073 266.416 -22.910 372.060 52.150 -25.120 16.458 182.874 -20.151 257.754 371.089 -24.115 495.571 108.028 -20.577 172.750 354.005 -23.383 51.214 164.687 -18.891 291.362 310.379 -23.903 256.404 11.280 -28.575 259.420 245.824 -21.434 23.626 69.372 -20.244 237.434 5.657 -26.658 217.012 88.093 -23.790 272.927 271.481 -23.432 388.673 462.313 -17.776 225.629 191.050 -22.941 442.358 6.746 -16.301 378.508 125.323 -24.722 7.771 380.234 -16.992 394.176 307.921 -20.347 185.174 417.128 -21.696 341.630 145.573 -27.610 198.242 132.158 -23.472 43.857 430.210 -16.321 381.834 83.563 -25.456 65.700 489.117 -16.795 461.701 239.277 -20.825 216.585 83.000 -24.245 498.504 342.094 -21.147 126.082 476.661 -20.139 167.525 253.886 -20.138 337.015 334.170 -23.183 151.394 233.744 -18.290 303.043 152.225 -27.073 371.012 495.076 -21.104 346.821 417.638 -21.622 180.730 425.010 -21.834 298.677 498.395 -24.945 106.036 19.963 -19.881 388.487 144.352 -23.143 158.013 196.869 -18.629 237.304 240.622 -22.893 10.124 119.753 -17.786 178.888 264.951 -21.969 349.458 170.804 -24.729 112.628 298.077 -18.238 488.230 188.806 -17.817 278.335 144.255 -26.983 390.801 141.243 -23.069 390.886 315.477 -19.370 69.197 128.086 -15.867 459.139 184.944 -20.241 79.106 31.379 -18.931 275.459 13.189 -27.664 476.603 3.735 -17.741 492.850 22.906 -18.925 9.090 234.604 -19.424 165.911 10.733 -20.529 29.598 158.459 -18.774 123.890 462.317 -19.344 274.792 341.889 -24.008 87.021 332.616 -16.275 372.418 415.413 -19.357 436.221 178.028 -22.041 72.366 438.825 -18.805 400.985 165.850 -23.463 239.171 485.960 -26.781 108.956 190.003 -16.573 94.570 480.820 -18.282 346.234 64.627 -26.715 179.308 225.942 -20.411 390.500 378.175 -16.829 242.625 240.894 -21.024 7.644 329.297 -20.381 431.059 498.287 -17.934 14.270 24.579 -18.840 109.960 140.309 -17.383 484.197 296.756 -21.195 10.801 495.362 -17.363 416.702 366.824 -18.542 10.495 209.321 -19.208 30.547 7.340 -16.701 397.848 341.937 -19.798 173.883 418.555 -22.341 361.636 386.188 -18.812 80.048 247.686 -17.813 25.899 64.171 -19.549 413.407 55.733 -22.256 319.220 286.221 -23.739 56.579 120.451 -16.982 99.878 231.444 -17.954 239.722 399.328 -24.344 414.733 419.596 -16.153 74.200 371.600 -15.624 364.388 357.066 -19.099 24.098 32.131 -19.620 315.981 101.965 -27.913 430.831 392.738 -16.926 230.727 290.501 -24.915 190.683 173.860 -20.816 386.367 457.793 -18.850 56.943 230.643 -16.830 78.788 356.217 -16.489 143.526 285.381 -18.937 244.988 379.389 -24.136 34.433 92.878 -19.595 40.842 227.711 -18.067 414.743 424.044 -16.774 16.840 348.351 -18.397 9.597 133.882 -18.503 249.527 50.085 -28.334 497.068 348.034 -20.263 121.023 367.227 -18.629 37.564 240.527 -18.185 415.455 89.881 -22.509 457.994 499.821 -16.666 313.307 325.428 -23.430 373.246 328.615 -21.187 388.294 297.561 -20.315 223.578 68.764 -26.851 163.920 475.713 -20.059 377.639 242.887 -20.565 378.318 88.573 -23.814 439.551 479.813 -17.462 257.685 240.609 -21.295 138.954 194.566 -17.868 277.285 152.535 -26.365 19.751 65.318 -19.994 355.397 8.323 -24.360 415.655 101.799 -23.946 208.847 425.803 -22.741 163.384 133.365 -17.241 393.796 264.069 -21.144 470.208 145.912 -21.290 281.955 188.998 -22.431 15.404 8.684 -17.337 18.847 379.874 -18.103 488.989 119.825 -20.521 136.821 261.040 -18.093 195.638 373.575 -23.615 243.804 220.436 -22.652 13.206 228.008 -17.816 476.716 171.537 -20.206 170.530 389.053 -21.651 189.587 425.318 -22.690 435.183 77.779 -20.200 195.596 147.790 -21.803 496.943 211.242 -19.579 48.503 82.320 -19.751 19.176 89.654 -21.087 89.897 64.941 -19.752 241.864 259.347 -22.872 262.071 50.540 -28.202 231.401 366.091 -25.667 485.410 148.115 -21.154 263.114 379.740 -23.447 288.471 393.790 -22.032 491.967 328.809 -20.815 462.116 298.232 -20.200 237.494 393.889 -24.067 433.304 487.991 -17.406 267.695 336.000 -23.251 144.730 83.937 -19.489 301.530 215.950 -22.718 376.323 322.506 -20.247 490.835 7.159 -18.734 13.521 238.369 -18.858 72.022 25.621 -19.099 418.597 232.918 -21.467 106.969 49.406 -20.055 109.004 303.638 -18.364 77.383 415.359 -17.626 208.049 347.044 -25.902 209.615 258.277 -22.662 174.417 5.619 -20.569 212.782 468.440 -24.917 235.028 96.066 -28.104 416.196 138.105 -22.833 121.590 341.837 -16.643 191.211 137.581 -22.797 397.086 7.226 -21.000 137.856 272.489 -18.950 401.832 108.105 -23.825 100.720 120.006 -14.634 324.419 371.611 -20.351 322.993 119.949 -27.315 191.521 106.252 -23.333 317.631 85.546 -28.069 485.286 126.508 -21.952 212.385 102.333 -24.298 397.199 468.102 -18.566 270.635 31.719 -28.752 94.145 130.556 -15.971 335.016 210.576 -23.933 421.741 238.799 -22.174 140.755 315.503 -18.044 63.479 137.677 -16.465 157.982 133.471 -18.939 363.117 4.357 -23.158 209.277 277.551 -23.008 213.897 33.295 -26.012 349.293 42.903 -25.857 85.693 107.431 -15.819 386.921 133.139 -24.106 156.373 475.883 -20.671 313.103 479.695 -25.095 323.337 346.086 -22.754 18.946 455.593 -17.741 2.470 272.647 -18.880 146.351 112.215 -18.087 394.857 38.314 -22.207 266.768 184.889 -23.494 355.596 197.089 -22.371 397.787 278.318 -19.826 442.870 98.761 -22.483 65.937 422.356 -18.120 34.937 55.985 -19.341 436.946 396.057 -17.669 381.408 233.212 -21.058 272.560 424.506 -22.362 489.046 322.752 -20.788 424.454 474.085 -16.916 298.052 82.413 -29.305 360.824 82.480 -25.745 209.597 284.384 -22.788 399.709 350.222 -18.253 450.444 157.802 -21.961 297.227 209.279 -24.214 290.543 355.318 -22.770 422.830 377.527 -16.387 333.531 37.577 -25.174 187.459 114.906 -22.066 296.217 469.523 -25.601 15.202 213.596 -18.809 343.904 209.273 -22.272 169.474 244.100 -20.191 13.502 113.735 -18.285 62.566 284.455 -19.507 470.653 341.371 -21.526 356.768 459.157 -21.753 77.928 163.434 -16.886 444.480 386.862 -18.455 182.252 450.561 -21.980 476.682 271.124 -20.799 265.575 486.239 -27.083 181.707 366.952 -23.299 245.431 183.353 -23.848 439.496 248.054 -21.913 410.990 485.423 -18.718 407.844 121.075 -24.229 282.283 63.052 -29.444 437.128 416.137 -17.268 207.123 28.964 -25.845 160.004 289.932 -19.271 217.821 239.651 -21.600 240.299 296.930 -24.825 440.609 82.071 -22.584 230.394 467.958 -24.789 400.300 158.964 -23.155 118.637 228.282 -16.704 403.297 188.359 -23.072 14.129 358.781 -18.007 309.779 93.357 -27.992 409.217 454.771 -17.380 21.168 310.799 -19.017 17.783 418.491 -18.723 301.055 396.612 -20.725 197.199 196.869 -21.583 53.624 68.804 -20.461 470.386 401.210 -19.033 426.423 0.526 -18.709 66.337 444.811 -18.400 79.745 297.792 -18.642 398.016 45.493 -22.391 148.453 355.641 -20.532 308.483 101.742 -27.746 15.516 498.766 -18.721 25.764 295.034 -21.044 354.808 115.564 -24.753 4.646 112.980 -19.605 144.014 233.671 -17.315 97.356 24.882 -20.182 219.597 260.190 -22.082 380.717 164.351 -22.526 21.037 163.213 -19.368 432.119 159.063 -22.673 351.575 212.620 -21.989 73.195 270.887 -19.119 409.751 304.447 -20.592 429.075 405.781 -16.289 364.751 314.477 -21.493 355.522 448.267 -20.446 47.949 283.081 -21.214 382.748 322.690 -20.581 151.562 272.633 -19.046 237.642 288.803 -23.948 397.519 329.092 -19.601 79.028 472.387 -17.206 342.630 316.578 -21.941 253.714 221.410 -21.645 99.692 423.430 -17.899 461.342 278.349 -20.721 95.666 0.211 -19.770 246.095 473.716 -26.151 8.590 107.859 -20.339 498.670 220.452 -18.466 304.100 207.645 -23.687 51.295 499.913 -17.639 296.211 23.468 -26.497 267.912 159.208 -24.977 309.637 183.219 -24.009 477.318 159.002 -19.990 213.522 52.818 -26.633 124.485 246.599 -16.497 112.808 461.329 -18.561 295.417 170.719 -24.012 237.826 404.073 -23.525 166.815 128.846 -20.764 416.840 355.530 -19.751 121.718 430.039 -18.711 59.286 164.250 -18.908 160.446 26.004 -21.823 392.369 91.333 -23.834 59.102 25.920 -20.363 74.127 171.273 -17.792 2.033 171.844 -19.572 331.672 322.182 -22.390 199.547 38.435 -25.514 3.542 334.546 -20.919 463.692 95.714 -20.908 461.486 303.810 -20.281 25.004 124.874 -19.028 413.331 19.504 -21.157 279.236 347.793 -24.438 190.760 367.746 -22.931 50.996 63.742 -20.594 477.574 67.915 -21.109 118.896 328.089 -17.204 3.758 172.215 -19.061 73.307 108.844 -17.465 394.103 95.157 -23.621 61.746 498.540 -17.286 25.505 434.587 -18.372 153.448 4.835 -21.243 288.552 63.312 -29.739 79.728 132.205 -16.102 86.063 323.672 -16.543 8.057 498.413 -17.382 4.971 290.256 -20.005 63.982 435.026 -17.701 231.655 499.800 -27.665 413.895 182.607 -23.014 165.259 495.605 -19.800 82.458 406.157 -16.955 176.372 94.454 -21.632 419.295 225.712 -21.692 333.212 381.963 -21.373 351.864 58.346 -26.462 137.892 308.074 -18.084 58.351 50.081 -21.184 456.517 57.813 -20.681 78.262 44.919 -20.836 230.219 8.304 -27.554 139.405 299.335 -18.391 5.799 489.253 -17.514 409.993 196.418 -22.680 24.498 436.922 -18.379 305.071 488.206 -23.560 118.204 146.645 -17.219 183.714 489.711 -21.281 128.317 228.666 -17.303 319.241 473.766 -24.695 308.406 416.194 -19.418 296.406 94.844 -28.042 198.327 351.389 -24.099 351.457 442.412 -20.658 384.728 76.206 -24.563 113.784 38.501 -19.830 307.383 455.246 -24.067 49.434 96.731 -19.783 396.809 102.805 -25.022 88.950 151.181 -15.839 56.285 45.427 -21.374 224.343 379.437 -25.442 69.520 101.223 -16.867 226.099 246.104 -22.084 85.035 70.622 -18.601 414.256 475.297 -18.521 116.127 480.873 -19.720 207.710 487.363 -24.986 236.521 482.355 -26.785 5.729 394.288 -17.707 287.390 87.464 -28.717 403.022 470.782 -18.036 431.337 471.886 -16.774 343.355 134.056 -28.229 355.628 80.604 -25.320 334.772 289.244 -22.228 199.173 423.362 -23.035 415.909 247.212 -20.699 349.591 462.232 -22.088 190.016 399.848 -24.003 13.258 444.548 -18.596 469.377 336.914 -20.798 332.097 92.319 -27.786 310.112 449.889 -22.574 60.606 429.504 -17.345 381.756 98.332 -25.195 60.117 203.459 -18.740 266.094 477.507 -26.011 455.501 113.985 -21.701 476.368 227.380 -20.299 471.991 323.600 -20.965 442.754 457.041 -17.591 484.143 20.184 -19.867 83.582 491.932 -17.961 230.654 126.707 -27.991 347.133 73.129 -27.043 347.620 304.357 -21.496 312.077 244.345 -24.020 487.402 12.258 -19.081 356.964 140.357 -26.834 161.975 407.139 -20.146 421.651 268.983 -22.063 442.408 63.888 -20.378 41.419 275.373 -19.182 74.959 309.572 -18.120 44.214 76.595 -18.992 146.851 266.022 -18.544 337.573 1.540 -24.015 224.844 342.356 -25.829 364.394 4.914 -23.210 490.397 298.383 -20.192 461.308 457.170 -17.819 141.328 116.024 -17.960 155.108 176.278 -16.607 360.175 157.097 -25.137 198.615 456.553 -23.705 495.849 244.753 -18.406 128.165 184.702 -16.656 433.736 483.590 -17.659 5.060 65.405 -20.012 32.907 456.098 -16.382 273.429 403.400 -22.573 421.274 14.128 -19.611 188.921 110.415 -23.959 273.243 477.654 -26.568 48.509 209.878 -18.575 294.015 214.425 -23.310 479.513 241.634 -19.105 313.594 304.367 -22.250 293.848 488.623 -25.798 230.565 314.081 -25.227 207.493 6.265 -24.832 24.958 51.232 -20.144 423.556 340.845 -20.307 238.238 315.245 -25.864 280.235 460.665 -24.806 370.484 42.927 -24.634 412.826 120.541 -23.175 240.362 473.606 -25.836 350.397 191.403 -23.972 299.929 146.805 -26.705 218.097 291.550 -22.890 221.909 6.808 -26.012 360.450 0.496 -22.388 247.283 424.457 -23.818 285.363 219.885 -22.198 208.946 121.696 -24.603 46.513 50.461 -20.728 414.751 162.280 -22.922 33.607 63.109 -20.748 202.152 473.627 -23.786 364.533 101.810 -26.380 41.898 317.213 -19.308 360.584 256.398 -20.683 484.183 385.277 -17.053 304.135 384.853 -21.649 76.390 64.427 -20.019 469.390 317.404 -19.929 199.941 89.724 -22.352 143.595 310.440 -18.239 266.931 196.154 -22.712 124.497 297.919 -17.401 425.269 146.736 -22.123 216.998 304.439 -23.051 204.733 187.326 -21.540 38.341 430.102 -17.183 469.358 83.779 -21.158 360.118 102.469 -25.539 74.454 247.220 -18.822 82.639 314.789 -18.578 87.342 372.984 -17.314 296.464 33.427 -27.490 53.074 94.495 -20.225 32.520 178.259 -20.417 45.089 440.812 -15.914 381.515 375.130 -18.459 270.985 361.589 -22.878 291.653 32.235 -28.728 393.067 338.537 -19.192 372.950 287.072 -20.454 282.906 216.257 -22.204 344.333 151.272 -26.346 161.571 48.945 -22.557 406.329 474.277 -18.342 19.623 259.990 -19.951 60.137 56.414 -20.594 26.496 115.312 -17.962 469.750 94.956 -20.405 238.755 345.695 -25.250 425.984 235.253 -21.350 206.388 330.613 -24.825 30.005 251.877 -19.749 412.140 316.334 -19.538 158.485 66.023 -20.458 303.690 498.563 -26.462 432.303 195.290 -20.676 420.778 106.215 -23.156 456.487 353.093 -19.556 190.831 268.716 -21.881 330.758 139.511 -27.124 378.435 430.943 -18.034 63.632 404.256 -16.517 47.589 360.435 -17.580 495.016 215.685 -19.600 272.840 104.460 -29.528 477.388 435.734 -18.161 255.975 151.995 -26.502 112.636 120.690 -15.652 438.989 455.512 -17.915 10.170 324.757 -19.807 86.761 296.642 -18.787 452.533 18.545 -18.788 427.721 240.648 -21.635 54.272 408.889 -17.518 322.077 56.842 -27.167 431.922 145.840 -23.107 309.878 189.358 -24.368 258.717 19.444 -29.139 10.411 335.510 -19.835 346.119 399.539 -20.625 170.896 77.880 -21.999 483.292 336.808 -20.932 374.855 298.305 -21.218 152.074 185.092 -16.802 0.655 112.069 -19.148 425.230 133.119 -23.138 425.392 44.438 -20.305 121.851 418.374 -18.632 479.450 284.240 -20.169 480.849 166.011 -19.097 229.540 242.050 -21.160 496.394 81.633 -19.655 424.131 431.990 -16.930 267.602 6.321 -27.115 268.700 49.338 -28.623 443.271 271.790 -23.017 345.676 327.214 -22.669 484.564 260.184 -19.088 489.783 349.015 -20.412 152.555 266.986 -18.479 352.573 468.272 -22.533 491.054 271.126 -18.911 7.748 179.173 -19.688 440.829 321.250 -20.273 208.706 461.095 -24.548 9.125 424.741 -18.595 398.440 482.625 -18.983 71.094 89.852 -17.074 345.559 276.378 -19.990 284.684 0.244 -25.910 102.927 285.372 -17.244 301.125 384.406 -21.547 435.665 26.934 -19.022 242.876 278.886 -22.686 26.166 431.696 -17.150 377.986 392.691 -19.021 236.623 37.405 -27.678 458.690 96.580 -23.266 462.415 12.999 -18.019 247.484 117.231 -28.708 219.810 273.431 -22.318 435.569 286.190 -21.462 3.026 132.135 -20.088 338.748 155.607 -25.254 418.343 171.000 -22.951 128.351 169.282 -16.362 104.371 94.632 -16.454 294.030 436.131 -22.096 117.644 416.548 -18.962 337.530 410.943 -21.500 133.577 54.056 -19.105 69.445 298.988 -19.278 47.544 140.037 -18.180 98.983 57.557 -20.339 313.667 379.637 -20.078 449.307 430.039 -19.275 248.478 486.658 -27.762 351.220 255.075 -20.447 18.773 26.263 -17.701 388.398 119.317 -23.977 206.200 412.143 -22.736 92.771 335.620 -17.308 453.723 120.740 -22.009 276.420 431.763 -23.515 477.148 19.766 -19.201 245.615 290.326 -23.984 400.014 132.416 -24.900 120.846 221.604 -15.927 373.954 168.113 -23.665 472.666 6.204 -17.574 346.495 50.103 -26.019 446.290 1.349 -15.616 349.762 315.912 -22.506 423.638 404.408 -16.232 174.265 314.288 -20.808 422.716 165.278 -23.890 51.821 239.383 -17.772 4.466 0.666 -17.854 306.705 123.138 -27.744 158.100 184.081 -17.014 495.299 392.952 -17.233 6.459 227.664 -19.009 158.278 119.826 -19.092 360.858 432.522 -19.954 325.390 202.638 -23.586 432.782 215.127 -20.548 478.606 220.808 -18.895 189.167 295.029 -22.386 239.941 81.141 -27.544 350.961 320.484 -22.857 54.050 208.983 -19.868 115.833 24.341 -19.424 225.282 395.460 -23.439 93.682 425.338 -17.690 128.930 489.384 -19.281 9.832 412.190 -18.483 482.060 495.245 -17.787 255.683 100.511 -28.690 99.179 437.243 -17.561 196.212 188.169 -20.948 295.292 64.687 -29.800 324.948 5.058 -24.505 145.972 280.238 -18.937 206.423 227.567 -22.129 240.908 171.530 -25.709 243.353 365.981 -24.407 458.870 105.566 -22.798 158.155 44.148 -21.889 449.956 334.960 -20.053 7.729 240.152 -19.190 494.641 240.755 -18.629 442.941 474.228 -17.459 294.699 355.726 -22.581 329.362 313.732 -22.777 355.987 474.309 -22.827 321.610 272.066 -22.723 92.799 462.392 -18.280 284.624 463.417 -25.582 352.527 139.966 -27.306 467.130 499.593 -16.967 94.974 62.619 -19.605 37.146 355.190 -18.459 207.449 192.666 -21.876 342.973 284.730 -21.284 113.826 350.156 -16.389 370.780 432.407 -18.742 38.509 191.762 -20.206 237.600 190.677 -24.032 251.352 291.552 -23.508 371.613 376.426 -17.373 397.637 114.641 -24.228 112.516 231.011 -16.721 336.996 107.663 -27.527 144.896 246.435 -18.052 4.460 475.325 -19.021 477.582 391.421 -17.446 341.975 336.110 -22.197 468.201 59.947 -20.368 58.657 431.615 -17.388 0.016 214.946 -18.492 172.120 169.905 -19.198 178.564 222.066 -20.063 68.845 7.643 -18.437 110.144 316.299 -17.895 100.896 181.293 -18.455 499.541 252.462 -18.645 228.697 267.611 -24.024 376.636 303.842 -20.609 185.693 456.561 -22.510 63.766 279.563 -19.045 379.587 411.399 -17.636 234.405 233.614 -22.123 362.385 184.359 -22.757 325.421 266.234 -22.158 442.211 156.633 -22.862 451.295 360.610 -19.296 135.463 140.246 -17.511 196.955 208.797 -20.359 10.508 222.575 -18.106 99.247 286.037 -17.952 346.775 173.235 -24.953 442.983 189.735 -21.852 11.082 271.337 -19.920 85.115 480.166 -17.675 246.523 55.558 -28.932 488.898 62.247 -21.276 306.163 461.521 -24.794 458.674 488.836 -16.444 6.580 304.737 -20.654 432.125 256.294 -23.758 126.972 346.889 -17.390 327.624 324.647 -22.179 45.335 203.005 -20.002 228.753 195.512 -22.039 447.438 290.989 -20.134 413.565 105.666 -22.474 421.592 392.480 -15.871 239.405 498.730 -28.499 31.735 304.668 -20.457 439.914 217.275 -19.864 80.727 423.127 -17.342 208.934 323.880 -24.559 18.306 450.490 -17.339 41.853 259.514 -18.637 276.097 52.289 -28.407 235.455 109.283 -26.999 314.732 428.673 -20.180 111.951 6.877 -20.300 402.422 360.859 -17.177 69.133 405.500 -17.399 231.300 449.007 -23.748 123.253 264.937 -17.524 461.543 391.216 -18.178 264.848 348.813 -24.157 409.817 63.812 -21.745 207.281 3.749 -25.620 320.824 493.464 -23.393 146.859 154.172 -17.016 262.035 292.301 -22.954 336.431 271.907 -21.090 267.195 384.178 -23.741 390.702 164.690 -23.487 415.026 8.328 -19.466 450.511 497.833 -17.047 150.563 284.606 -19.698 335.028 315.308 -23.599 229.309 164.915 -25.023 100.179 225.702 -17.407 403.806 422.778 -16.625 306.953 468.995 -23.965 445.212 196.088 -20.753 17.546 256.258 -19.014 41.224 127.274 -18.038 150.123 7.248 -20.360 74.329 207.490 -17.020 387.458 234.834 -20.502 98.657 159.230 -16.906 418.676 145.770 -22.216 279.089 195.574 -22.003 480.643 253.488 -19.360 274.476 372.034 -23.199 449.808 253.314 -22.361 471.619 31.662 -20.456 149.724 332.191 -20.276 340.579 11.077 -24.782 213.897 474.820 -23.723 111.995 238.061 -15.961 160.817 257.384 -17.799 423.656 82.471 -22.038 349.715 499.064 -24.400 335.165 247.526 -22.432 336.214 462.329 -22.323 248.819 469.960 -25.864 171.333 178.765 -19.973 220.528 246.984 -21.825 24.987 404.616 -19.286 282.016 297.432 -23.340 10.445 290.195 -19.754 267.131 71.901 -29.329 487.326 289.215 -19.122 43.996 469.377 -15.994 45.393 194.878 -20.797 308.959 379.870 -20.907 0.776 256.147 -17.790 60.094 88.600 -18.394 81.064 195.498 -17.616 354.206 33.765 -24.891 247.227 399.961 -22.200 64.027 39.675 -20.254 378.907 368.962 -18.532 241.250 341.755 -25.203 24.386 158.283 -19.328 192.108 480.193 -22.473 117.345 235.048 -15.893 490.016 450.868 -18.987 158.764 379.380 -21.020 10.171 412.134 -18.092 189.740 234.560 -20.487 222.301 120.521 -27.287 180.220 138.445 -21.313 193.720 318.728 -23.538 430.729 494.367 -17.564 47.032 316.229 -19.043 371.501 441.056 -19.184 471.637 422.591 -18.602 409.973 36.575 -21.749 202.913 443.038 -24.155 62.760 169.869 -18.828 6.697 311.683 -20.500 431.970 297.423 -18.969 476.597 233.770 -19.219 451.702 286.688 -21.120 137.350 418.730 -17.227 157.507 268.456 -19.252 12.889 59.140 -19.767 455.011 126.082 -22.557 278.241 442.620 -24.336 296.090 55.484 -29.561 435.898 303.943 -19.905 125.323 449.291 -19.858 348.583 296.977 -20.868 393.161 219.464 -21.369 278.829 84.407 -28.659 31.942 241.484 -17.301 67.077 210.463 -17.999 6.599 12.136 -17.810 77.584 74.712 -19.016 126.158 192.896 -17.168 496.034 75.847 -20.498 316.006 273.466 -23.705 307.134 480.639 -24.568 4.645 355.405 -19.359 496.339 1.292 -18.563 307.525 204.083 -24.207 448.870 4.214 -16.518 109.205 25.142 -20.173 301.154 367.549 -20.901 382.766 214.160 -22.207 404.259 329.851 -19.838 106.019 65.998 -19.316 158.127 436.704 -19.547 59.124 44.000 -20.305 3.431 461.982 -17.877 494.777 142.468 -20.001 239.460 386.573 -23.856 66.548 46.202 -20.727 36.658 329.380 -19.189 417.779 188.870 -22.731 289.747 12.608 -27.059 12.044 277.863 -20.178 359.495 406.280 -19.611 21.981 132.278 -18.435 403.316 378.609 -15.883 156.838 234.544 -18.069 273.373 390.538 -22.919 312.472 87.651 -28.183 82.679 169.946 -16.795 339.654 54.576 -25.928 338.741 125.257 -27.294 335.637 132.334 -27.543 292.992 54.839 -29.349 332.972 228.034 -23.018 233.114 285.591 -24.004 485.443 252.807 -17.821 184.660 122.052 -21.056 496.486 46.270 -20.429 378.752 467.126 -19.866 29.073 448.245 -17.314 8.294 58.122 -20.859 223.394 227.612 -22.322 46.799 248.205 -18.405 466.964 64.611 -20.175 235.079 270.667 -22.980 248.528 492.819 -27.725 489.596 32.560 -20.999 98.321 361.569 -17.299 321.317 406.550 -20.643 162.778 157.906 -17.308 209.374 57.246 -26.221 431.565 311.080 -20.490 5.752 213.289 -19.305 104.087 302.858 -17.559 105.824 449.573 -17.674 41.230 147.084 -17.010 415.002 175.738 -22.958 140.374 439.841 -18.585 156.605 383.192 -20.920 67.210 411.784 -18.017 216.088 158.792 -24.933 316.725 6.394 -25.554 70.548 191.791 -19.260 224.829 125.322 -27.999 429.618 418.012 -17.732 360.571 178.517 -22.884 10.485 363.924 -18.435 7.560 449.363 -17.381 59.539 156.863 -17.628 4.217 379.274 -18.410 50.908 178.170 -19.422 102.122 265.660 -16.880 492.116 475.300 -17.099 457.803 475.819 -17.238 131.897 318.655 -18.151 432.074 439.180 -17.543 253.828 398.213 -22.635 142.236 3.766 -19.150 349.075 95.070 -27.187 158.630 202.687 -18.525 138.933 447.479 -19.661 464.423 244.963 -19.859 341.480 484.291 -23.368 6.013 454.261 -16.679 196.557 92.759 -22.964 231.045 430.038 -25.938 474.291 74.546 -20.823 371.434 26.213 -23.668 19.779 293.099 -20.789 250.080 203.492 -22.484 189.344 208.204 -21.506 387.398 29.605 -22.350 1.720 69.533 -20.041 412.142 70.163 -21.380 343.309 32.021 -25.697 430.818 430.603 -17.605 350.968 202.418 -23.303 194.915 6.096 -23.976 3.259 123.904 -19.228 379.796 272.983 -20.938 60.746 121.284 -18.144 230.155 442.917 -24.838 177.610 179.912 -18.691 275.945 365.496 -23.180 276.597 402.328 -21.474 137.363 386.310 -18.691 321.435 307.722 -23.288 332.852 7.784 -25.481 441.230 328.179 -20.755 216.463 192.336 -23.124 225.522 467.538 -23.157 15.368 138.199 -19.188 110.957 95.580 -17.630 402.658 315.901 -18.405 105.126 395.007 -18.858 198.615 136.634 -24.847 296.592 444.319 -22.494 54.665 115.964 -18.469 371.611 191.775 -22.431 73.314 296.750 -18.981 468.300 303.958 -21.526 352.461 49.493 -26.224 10.451 499.571 -17.706 174.998 373.436 -21.503 233.450 138.582 -29.234 319.264 226.210 -24.357 452.450 374.758 -19.260 276.156 85.524 -28.365 406.313 134.104 -22.468 72.131 132.823 -15.569 111.372 147.538 -17.202 162.191 78.408 -21.691 48.803 374.634 -17.254 46.270 144.401 -18.251 382.372 221.927 -21.092 110.352 391.775 -18.086 317.105 486.882 -23.844 1.284 5.900 -17.356 211.512 399.591 -24.142 189.053 459.558 -23.314 345.026 440.254 -21.472 175.225 185.252 -18.149 471.943 285.253 -19.372 458.796 372.480 -18.980 88.492 327.612 -16.671 291.086 159.791 -25.721 0.115 366.683 -18.034 441.147 462.318 -17.627 358.107 78.280 -26.691 55.496 436.514 -17.299 223.608 431.154 -23.625 323.777 404.561 -19.543 367.599 58.437 -25.422 185.533 469.406 -22.450 172.479 157.217 -19.063 168.114 6.026 -20.985 179.806 498.925 -22.218 478.422 410.524 -18.897 7.375 360.191 -18.169 201.708 233.694 -21.710 18.579 279.941 -18.809 491.967 412.319 -18.619 482.913 435.739 -18.782 35.644 222.513 -17.930 10.240 260.396 -19.203 461.886 163.631 -20.483 406.190 12.354 -21.179 478.043 311.025 -20.939 334.081 466.221 -23.947 5.556 10.820 -17.699 390.280 205.842 -22.938 451.564 451.138 -18.468 33.069 12.741 -16.989 94.584 303.526 -18.089 271.573 183.219 -22.717 15.155 470.999 -17.672 151.774 434.448 -18.918 180.619 353.688 -21.925 418.975 449.252 -16.507 204.286 405.974 -23.181 488.929 41.660 -19.844 17.139 373.531 -18.286 160.835 294.466 -19.330 7.712 371.958 -16.682 2.066 253.123 -18.462 245.303 1.782 -28.012 24.099 330.321 -18.350 352.662 417.591 -20.440 100.739 170.454 -18.048 71.966 95.688 -17.252 320.531 209.279 -23.113 113.969 285.293 -17.788 336.933 312.912 -23.065 339.380 381.585 -20.447 113.963 6.181 -20.052 213.895 265.655 -22.466 133.871 37.654 -20.833 412.125 323.667 -19.449 242.558 353.659 -24.465 197.584 443.763 -23.528 231.934 328.120 -25.392 474.176 101.235 -20.866 288.174 494.395 -26.820 236.683 354.404 -25.959 490.156 247.653 -19.739 385.455 370.760 -16.776 491.322 109.556 -20.704 385.585 329.415 -19.550 120.936 290.080 -17.014 60.318 18.480 -20.119 326.471 498.746 -24.334 19.556 227.248 -18.127 111.264 42.764 -20.479 67.158 86.211 -19.302 181.513 412.299 -22.747 13.662 43.048 -20.699 349.785 374.329 -20.007 327.754 152.422 -26.618 20.864 145.563 -19.117 109.321 441.704 -17.252 361.716 347.803 -19.825 186.630 492.547 -22.198 403.362 25.876 -21.096 23.609 245.127 -17.725 181.059 271.577 -22.122 15.739 199.307 -18.731 163.241 223.080 -18.408 101.222 212.608 -16.859 426.008 280.547 -22.110 382.329 290.007 -21.359 348.538 276.292 -20.570 174.059 282.450 -20.389 87.642 206.090 -17.120 351.156 302.083 -22.635 172.639 249.904 -21.121 440.739 300.237 -20.776 52.128 215.888 -17.886 178.754 251.224 -21.676 406.532 294.450 -19.635 34.702 243.420 -17.738 143.410 227.739 -16.357 59.227 181.582 -19.092 142.569 250.779 -18.953 60.214 204.106 -19.563 394.667 297.669 -21.200 167.494 208.997 -20.208 133.829 210.954 -16.536 49.537 204.101 -18.535 417.133 322.031 -19.864 155.901 217.968 -17.533 116.045 201.406 -16.638 67.925 243.870 -18.399 415.795 233.387 -20.945 62.085 203.689 -18.718 140.664 243.061 -17.625 71.276 271.812 -18.731 420.104 235.041 -21.541 57.649 213.641 -19.259 35.209 196.579 -20.111 460.854 284.983 -21.057 168.216 262.586 -19.935 152.664 238.129 -17.769 149.985 248.037 -18.510 165.619 211.871 -19.998 426.473 341.373 -20.140 114.858 194.398 -16.431 100.538 217.780 -16.906 72.975 179.407 -19.162 404.968 277.836 -20.916 383.826 284.949 -20.436 397.745 278.908 -20.451 10.611 214.809 -18.467 154.313 235.409 -17.580 127.110 240.544 -15.560 170.004 220.779 -19.744 125.287 185.374 -16.216 143.475 191.521 -18.154 198.633 253.492 -21.976 367.388 267.315 -20.568 146.882 164.942 -16.521 61.285 218.591 -19.302 57.339 215.309 -18.377 73.768 195.504 -16.958 23.456 205.490 -18.549 410.269 299.154 -21.458 384.864 325.061 -19.257 198.686 177.940 -20.277 388.061 251.727 -21.215 438.903 277.270 -22.326 30.797 171.483 -20.115 432.743 307.211 -20.758 427.975 344.914 -20.600 163.165 242.938 -18.564 25.846 218.665 -17.313 85.577 185.877 -18.303 55.698 215.195 -17.423 163.064 223.886 -19.333 414.270 262.128 -22.335 59.730 175.045 -19.753 53.656 200.655 -19.706 92.449 176.050 -18.465 356.799 306.098 -22.100 420.954 254.525 -22.549 164.117 222.132 -19.953 168.897 217.188 -19.841 463.114 278.896 -19.549 118.263 223.680 -16.592 210.126 229.147 -21.319 37.226 221.853 -16.967 60.932 207.467 -18.431 73.406 195.648 -17.865 386.988 247.705 -21.824 77.189 205.973 -17.916 135.576 217.426 -17.694 165.669 222.729 -20.037 161.248 224.995 -17.112 178.104 194.896 -19.462 384.161 304.829 -19.368 10.517 255.659 -18.717 390.274 281.458 -20.537 367.898 312.340 -20.910 153.705 252.966 -18.437 496.838 212.235 -19.615 386.042 305.257 -20.136 361.133 332.382 -21.105 397.320 276.982 -21.077 173.833 212.765 -19.743 51.767 267.439 -18.811 392.796 316.426 -19.379 31.314 213.860 -18.031 409.119 341.902 -19.932 130.094 233.044 -16.131 415.624 255.717 -21.534 86.573 230.643 -17.532 158.035 218.981 -18.644 450.993 267.383 -21.048 135.281 207.148 -17.283 86.446 221.547 -17.519 402.538 284.595 -20.489 17.487 174.394 -20.336 51.936 166.939 -18.885 170.230 252.242 -20.563 162.853 222.877 -18.191 195.118 207.484 -21.754 167.620 205.806 -19.233 57.253 223.236 -16.611 118.998 219.598 -16.441 403.657 290.820 -20.438 412.754 314.076 -19.463 151.453 244.536 -18.443 421.362 301.230 -20.594 176.169 261.800 -21.316 43.261 187.646 -19.366 157.910 226.307 -18.370 183.415 233.538 -20.482 53.419 208.431 -19.958 16.731 190.305 -20.060 139.496 213.811 -17.549 419.628 287.995 -21.125 23.277 201.309 -19.023 407.226 290.313 -19.902 164.483 227.848 -18.587 51.703 205.143 -19.075 402.071 301.242 -21.711 387.295 302.074 -20.792 53.357 208.165 -19.024 429.061 248.095 -21.634 157.338 217.447 -19.043 38.352 172.239 -20.492 388.611 250.826 -22.036 413.721 319.819 -18.771 51.701 269.110 -19.079 79.290 220.926 -17.449 191.843 229.069 -20.593 44.073 210.245 -19.084 60.307 207.690 -18.389 38.062 187.040 -20.826 387.774 267.441 -19.998 168.627 188.888 -18.389 55.855 218.056 -17.718 61.221 263.459 -19.359 157.521 218.704 -18.537 425.001 272.115 -21.879 31.678 234.769 -17.349 19.461 207.874 -18.533 135.463 214.648 -16.699 217.942 221.962 -22.730 168.587 223.174 -20.287 178.454 228.635 -20.105 428.570 326.282 -20.219 197.803 223.025 -22.210 82.809 258.532 -17.871 37.712 214.419 -19.078 187.873 267.787 -23.183 373.938 284.429 -21.734 101.247 217.082 -15.872 498.330 197.477 -18.379 187.076 207.172 -21.035 421.071 290.626 -19.604 128.543 193.515 -16.255 179.397 230.927 -20.356 407.150 241.250 -22.009 379.427 271.454 -19.874 222.044 215.340 -24.049 396.649 305.635 -19.600 172.464 235.511 -20.520 442.586 299.828 -21.515 366.198 332.596 -21.600 49.796 209.691 -19.768 422.223 289.824 -20.068 116.233 193.296 -15.798 407.241 291.728 -20.940 86.821 235.264 -17.756 418.908 313.072 -19.595 172.621 168.844 -17.795 138.413 255.577 -17.681 101.980 177.288 -16.883 423.679 285.134 -21.511 382.910 238.242 -21.394 214.428 214.790 -21.359 161.947 239.238 -17.964 163.158 223.341 -18.135 47.523 212.112 -17.766 55.959 242.213 -17.876 407.900 281.566 -21.000 66.941 209.445 -18.560 174.044 186.354 -18.717 180.865 211.628 -22.011 434.447 320.437 -20.258 158.276 227.316 -18.483 369.135 337.017 -19.444 361.060 263.465 -19.811 51.379 237.619 -17.273 163.242 221.724 -18.227 108.767 207.984 -16.631 139.619 228.308 -17.026 42.054 201.170 -19.943 370.506 328.110 -20.754 1.908 217.164 -19.554 28.644 168.051 -20.234 58.432 213.122 -18.569 58.912 225.671 -17.438 409.427 292.390 -20.147 383.431 266.079 -19.701 71.800 233.071 -18.109 423.309 306.045 -20.614 381.763 251.804 -21.297 71.981 272.950 -19.309 46.613 205.496 -18.894 97.168 227.913 -17.740 129.612 224.829 -16.656 409.789 291.554 -20.201 136.114 223.227 -16.572 168.436 210.565 -19.272 33.494 186.252 -20.252 391.027 302.752 -20.423 57.540 213.066 -17.839 163.178 224.223 -18.372 177.606 233.091 -20.125 73.177 191.652 -19.067 36.002 242.207 -17.677 446.548 264.660 -22.151 48.425 210.631 -18.333 210.829 185.154 -22.023 52.523 242.085 -16.054 47.121 249.301 -17.785 117.988 244.192 -16.385 183.380 278.960 -21.171 99.572 202.070 -16.033 152.339 227.843 -18.585 407.302 278.709 -22.228 369.836 325.257 -22.008 431.403 298.020 -20.796 31.793 214.962 -18.966 379.774 273.816 -20.406 124.678 188.747 -17.190 75.137 231.944 -17.806 60.740 238.705 -16.623 39.362 207.053 -18.894 405.168 298.801 -19.914 47.311 208.501 -19.730 182.560 211.861 -21.743 66.661 255.264 -19.567 118.652 219.455 -15.998 174.961 256.911 -21.951 140.814 231.765 -15.933 32.918 202.671 -20.027 412.231 298.040 -20.940 162.426 228.412 -19.442 194.240 202.891 -20.610 59.386 189.312 -19.794 133.680 233.733 -17.039 165.555 216.932 -19.300 495.266 213.818 -19.413 220.843 234.217 -21.730 18.582 190.601 -20.039 46.763 221.564 -17.343 68.338 203.303 -18.740 433.704 306.153 -21.034 45.183 217.059 -18.841 369.569 326.029 -21.772 69.218 250.802 -18.515 180.070 185.111 -19.944 144.698 191.422 -17.178 101.607 184.648 -16.340 13.685 245.511 -17.890 166.793 230.054 -19.553 42.621 225.033 -17.613 85.763 209.980 -17.306 143.983 206.683 -16.809 58.599 218.427 -17.713 371.340 293.936 -21.029 53.854 202.862 -19.657 421.625 281.269 -21.273 416.727 281.411 -21.402 171.416 176.722 -17.808 51.212 199.273 -19.671 410.602 323.214 -19.165 158.005 225.585 -18.730 169.754 261.636 -20.124 414.143 343.480 -19.267 165.758 280.927 -19.949 169.409 195.213 -18.412 162.298 222.521 -18.792 435.950 291.566 -21.304 419.424 292.895 -20.828 75.461 193.798 -19.105 415.411 309.444 -20.262 158.415 225.911 -18.701 388.580 310.658 -20.274 381.512 280.919 -20.815 28.025 192.425 -20.357 446.045 280.014 -21.052 401.133 304.733 -20.855 54.163 233.942 -17.120 398.733 296.557 -19.746 366.687 335.413 -20.675 157.744 228.626 -17.802 174.798 166.195 -18.292 211.670 224.908 -23.149 414.908 315.356 -20.139 159.112 223.207 -18.329 168.707 230.498 -19.152 134.692 255.413 -17.129 421.918 311.439 -20.711 69.898 272.758 -18.803 9.313 202.554 -19.266 142.807 247.924 -17.708 152.667 204.113 -17.786 186.854 226.797 -20.866 47.833 262.885 -18.527 393.553 342.877 -19.495 162.929 217.256 -18.832 66.731 224.891 -17.919 403.137 299.743 -19.607 403.804 265.862 -21.500 442.748 287.861 -21.961 40.017 198.409 -19.253 420.028 272.684 -22.663 161.884 223.980 -18.818 45.563 231.555 -17.484 399.410 309.121 -20.312 127.569 197.961 -17.205 424.266 301.385 -20.985 148.476 184.880 -16.812 153.276 167.982 -15.773 220.190 242.189 -22.089 62.328 222.808 -18.379 39.837 194.480 -21.442 429.331 290.769 -20.972 107.610 208.275 -16.756 159.284 217.794 -19.155 203.810 187.674 -20.600 166.087 211.781 -20.256 170.613 230.840 -19.315 157.140 181.271 -17.677 353.098 285.086 -19.953 64.016 264.296 -19.292 103.595 189.647 -16.065 189.257 178.254 -20.051 60.102 216.106 -18.259 437.022 262.506 -22.592 114.357 232.595 -16.352 406.890 291.042 -21.084 69.695 235.620 -17.490 46.106 219.159 -18.279 445.570 246.374 -21.888 63.417 155.345 -17.342 162.032 192.001 -17.826 60.594 221.703 -17.990 379.604 281.000 -19.265 174.115 270.690 -20.443 386.129 272.384 -21.440 48.873 194.456 -20.764 399.993 332.757 -19.970 163.544 223.944 -19.231 436.974 275.485 -21.891 64.728 213.523 -18.469 406.849 234.049 -20.500 152.809 282.343 -19.157 124.543 211.346 -16.897 371.788 290.290 -20.968 387.619 260.778 -20.970 152.658 202.492 -17.972 50.110 217.517 -17.519 146.902 178.376 -16.493 13.090 213.422 -18.564 118.275 258.805 -16.789 182.419 253.194 -21.884 12.902 174.810 -20.017 111.765 214.659 -15.563 127.700 208.108 -17.113 30.426 197.818 -20.501 122.826 234.923 -14.833 52.048 215.027 -19.242 54.876 196.052 -19.631 144.120 279.862 -18.107 393.695 299.200 -19.630 393.861 316.777 -19.787 183.435 217.495 -21.371 436.067 333.673 -19.835 405.750 288.355 -19.435 116.191 253.752 -18.358 391.043 262.991 -21.277 105.208 186.318 -17.417 17.267 226.087 -17.967 52.487 211.112 -18.321 408.177 294.032 -20.665 57.057 215.587 -18.655 31.329 256.706 -20.056 369.713 252.816 -20.350 55.537 202.986 -19.524 442.263 332.307 -20.863 102.901 196.166 -16.601 80.100 177.159 -17.572 393.787 237.267 -21.329 181.655 268.873 -20.651 408.624 294.262 -20.488 202.829 184.297 -20.476 66.608 263.483 -19.103 422.306 333.293 -19.774 12.219 231.888 -17.866 57.993 222.785 -17.308 422.017 267.367 -22.896 388.494 300.588 -20.108 153.507 177.665 -16.325 53.930 213.227 -18.614 53.208 215.185 -18.709 35.374 227.786 -17.964 157.351 200.634 -18.704 370.478 262.848 -22.292 499.030 202.416 -18.561 401.265 279.305 -20.821 367.302 334.159 -21.323 108.328 229.461 -16.852 154.780 244.307 -18.152 212.560 217.051 -21.828 372.788 335.108 -20.678 419.758 241.711 -22.656 385.954 257.552 -21.641 168.634 226.781 -19.694 36.628 241.710 -17.439 40.785 210.511 -19.535 169.669 213.265 -19.518 390.566 250.717 -22.207 202.189 223.568 -22.449 57.360 217.122 -18.365 182.427 191.617 -19.172 68.065 241.471 -17.466 429.802 244.230 -22.034 368.079 258.088 -21.362 164.302 227.792 -19.426 449.326 308.043 -19.181 161.474 248.079 -19.575 427.592 323.363 -19.652 137.607 209.139 -17.690 31.931 254.996 -17.907 129.861 264.459 -17.806 411.499 323.832 -19.019 37.342 215.776 -18.067 48.326 189.279 -20.962 158.793 215.262 -18.993 408.627 303.795 -20.667 62.757 207.831 -18.584 114.730 251.540 -17.898 387.890 324.945 -19.822 100.075 218.164 -16.857 423.994 330.290 -18.929 60.640 163.146 -17.152 378.779 275.072 -19.782 397.343 316.154 -19.554 111.661 256.082 -16.979 44.694 239.908 -17.339 420.010 271.065 -22.722 352.072 321.042 -22.020 103.786 220.244 -18.339 181.101 190.744 -18.754 50.734 155.015 -18.204 75.050 273.719 -18.717 111.891 229.806 -16.392 406.832 291.305 -21.305 361.689 299.361 -20.062 418.172 329.180 -20.411 54.657 204.077 -18.808 380.958 280.616 -19.469 94.313 256.621 -15.918 149.372 182.648 -16.983 64.411 251.662 -17.668 208.699 191.544 -21.385 220.913 239.242 -21.207 216.266 250.947 -20.556 119.842 235.847 -15.169 83.479 213.790 -18.339 137.938 268.679 -18.697 183.167 209.951 -20.658 156.521 204.068 -19.247 72.675 212.181 -16.812 48.658 201.026 -19.713 39.241 265.807 -18.101 63.427 208.394 -18.233 162.456 223.286 -19.503 113.652 215.757 -15.566 55.446 212.427 -18.775 111.765 201.308 -16.658 148.423 216.815 -17.573 406.643 231.645 -21.258 406.832 291.058 -19.942 415.334 314.273 -19.397 384.807 317.292 -20.122 399.036 271.037 -20.785 56.543 243.738 -17.491 164.008 205.157 -18.144 407.977 301.650 -21.078 212.930 188.298 -22.347 179.136 241.747 -19.631 416.338 338.823 -19.717 407.011 266.055 -22.565 178.023 260.284 -21.644 405.315 291.169 -19.470 449.802 254.797 -21.557 30.350 269.905 -19.628 375.751 285.902 -20.595 157.550 185.146 -17.222 172.465 229.098 -20.250 52.370 209.886 -17.860 182.789 179.553 -19.863 151.893 224.581 -17.499 85.017 223.104 -17.881 64.637 178.090 -18.299 416.759 299.719 -20.728 200.879 247.273 -22.308 176.103 209.462 -20.631 151.009 215.021 -18.271 157.052 254.763 -19.246 393.670 280.735 -20.168 174.254 191.920 -18.889 391.527 301.748 -20.119 159.237 243.044 -18.390 62.861 236.517 -17.341 371.938 277.439 -19.657 156.597 273.573 -18.749 170.371 213.450 -20.379 59.924 181.806 -19.435 10.337 247.839 -18.444 62.464 229.506 -17.481 199.556 175.430 -21.466 423.918 293.599 -20.923 42.970 245.931 -17.674 6.324 222.780 -18.564 140.158 235.225 -16.337 430.298 251.412 -22.654 50.479 227.722 -15.928 86.908 237.371 -17.036 172.564 240.989 -21.059 64.656 268.150 -18.517 173.885 225.483 -22.128 84.990 216.309 -17.819 386.914 295.332 -21.318 163.308 223.412 -19.369 56.466 215.418 -17.230 152.747 222.206 -17.799 83.818 243.929 -17.585 8.030 207.023 -19.568 385.251 327.791 -18.923 38.858 255.022 -17.839 408.243 271.292 -21.342 186.247 271.393 -22.437 395.398 336.590 -20.285 376.889 268.878 -20.483 114.531 235.309 -16.348 55.642 255.043 -19.905 408.831 298.076 -21.134 101.673 179.468 -17.405 63.899 206.569 -17.754 29.180 194.213 -20.465 178.458 277.582 -21.338 179.248 228.181 -19.728 159.045 261.055 -18.984 380.393 341.767 -19.318 413.762 317.180 -19.657 204.659 209.604 -21.656 58.368 182.690 -19.171 381.931 284.991 -20.589 2.533 227.023 -17.952 33.943 190.699 -20.071 185.479 245.126 -20.273 176.320 281.840 -20.341 52.357 212.010 -17.792 60.354 213.866 -17.899 383.833 280.510 -20.320 89.717 191.251 -16.145 427.148 307.351 -19.619 83.256 266.972 -17.139 198.725 237.358 -21.579 55.963 215.523 -17.323 406.234 291.295 -20.464 150.370 248.736 -18.022 375.645 269.572 -20.093 402.087 270.886 -20.290 44.057 187.789 -20.641 136.749 232.184 -17.178 397.327 234.508 -20.887 406.937 291.035 -20.459 159.444 219.292 -17.971 421.527 267.854 -22.556 192.926 214.624 -21.985 80.624 192.356 -18.114 154.697 168.707 -17.359 170.156 261.863 -20.411 161.449 223.719 -18.278 404.017 286.848 -20.748 55.415 265.131 -19.644 55.962 215.574 -16.757 405.061 288.721 -20.243 31.112 235.885 -17.713 62.663 231.559 -16.859 387.942 242.931 -20.130 48.368 210.745 -18.712 123.558 229.580 -16.354 163.911 167.963 -17.581 108.064 198.900 -16.740 24.414 197.210 -19.805 118.924 216.488 -16.089 384.948 320.065 -20.566 405.352 278.055 -20.359 44.615 211.965 -17.935 398.423 315.589 -19.848 61.841 216.851 -18.487 374.793 277.776 -19.232 393.104 289.196 -20.587 143.141 199.781 -17.102 497.830 221.335 -19.637 109.339 238.268 -17.502 207.169 255.117 -22.074 418.050 295.942 -20.717 176.101 219.899 -20.253 39.997 183.277 -20.470 159.006 282.321 -19.468 169.887 216.032 -20.697 406.891 290.999 -20.253 377.867 340.563 -19.489 145.752 205.582 -17.595 192.290 211.358 -21.792 56.315 216.252 -18.084 420.884 347.171 -18.903 6.539 186.310 -18.030 184.619 259.639 -22.024 422.547 273.148 -23.216 59.901 225.170 -17.366 222.668 217.261 -23.478 155.793 234.007 -17.982 410.908 276.432 -20.542 54.047 205.227 -19.171 499.465 233.372 -18.698 71.793 240.419 -17.843 160.686 222.169 -18.116 36.281 169.481 -19.303 424.892 262.145 -23.976 186.957 200.541 -19.683 156.826 170.670 -15.739 32.432 225.750 -17.908 192.881 255.730 -20.933 202.075 199.074 -22.160 18.053 197.512 -20.006 420.776 301.858 -21.285 127.106 216.735 -16.038 164.681 194.565 -18.078 57.289 214.721 -18.376 115.499 244.553 -17.112 67.333 209.227 -18.781 396.459 296.856 -19.417 117.924 205.066 -16.341 20.186 237.192 -18.630 95.887 217.973 -16.742 407.174 290.925 -20.127 419.175 349.730 -19.963 70.653 162.201 -18.437 38.769 260.420 -18.165 39.086 182.561 -20.323 49.517 170.691 -18.887 70.957 169.940 -17.221 406.014 293.370 -19.464 146.223 232.043 -16.707 71.483 199.590 -18.087 43.464 168.998 -20.035 78.537 267.298 -18.231 191.938 205.794 -20.977 72.882 189.604 -17.954 403.536 284.921 -19.177 86.329 256.189 -16.718 80.701 268.114 -17.556 408.502 294.851 -20.632 407.963 298.854 -21.216 46.508 214.642 -18.769 375.417 282.412 -20.396 417.932 293.254 -20.211 55.448 216.377 -18.173 425.670 268.509 -22.629 105.189 184.776 -16.280 143.928 224.629 -17.308 407.342 293.425 -20.649 431.412 268.928 -23.019 459.564 311.860 -20.472 38.962 196.970 -19.675 149.502 174.696 -17.062 44.546 198.870 -20.286 363.378 270.671 -19.803 36.742 250.686 -18.213 152.402 209.010 -17.362 423.742 332.078 -20.913 49.155 229.377 -16.249 155.758 226.578 -18.511 402.566 270.007 -21.329 84.941 203.905 -18.255 55.970 213.921 -17.393 437.392 278.296 -22.431 215.129 223.285 -22.966 164.215 222.913 -19.197 60.308 232.214 -17.623 0.049 200.198 -18.535 179.816 184.467 -19.766 42.113 254.972 -18.837 396.424 310.690 -19.424 81.569 239.136 -19.032 197.566 241.108 -20.685 423.624 272.687 -22.911 403.844 321.062 -18.712 193.400 213.367 -21.144 32.142 188.411 -20.139 30.479 215.202 -17.336 411.483 315.046 -18.596 162.665 223.561 -17.986 395.676 260.296 -21.636 157.099 225.949 -18.020 390.405 273.868 -20.039 167.221 233.142 -19.280 401.835 278.314 -19.977 400.345 313.963 -19.457 364.739 332.052 -21.859 141.086 246.728 -17.468 26.568 174.206 -19.660 401.480 304.878 -20.699 71.340 242.720 -18.857 371.817 304.784 -21.506 149.129 198.962 -17.436 51.825 232.425 -17.137 190.979 265.675 -21.784 48.293 230.909 -16.225 44.901 189.959 -20.675 408.462 323.165 -18.004 12.428 242.528 -19.075 56.461 204.903 -18.592 98.572 215.728 -16.313 412.132 300.976 -21.204 41.460 221.801 -17.362 27.393 190.111 -19.623 9.779 220.746 -18.223 208.866 222.193 -22.276 467.032 292.445 -20.051 161.289 225.215 -18.051 153.731 236.902 -17.629 160.871 249.650 -18.195 455.338 316.985 -20.118 450.126 276.409 -21.061 32.569 174.315 -20.044 357.618 314.318 -22.209 390.737 274.828 -19.936 169.504 214.023 -20.285 38.648 205.545 -19.217 432.896 423.011 -17.471 332.217 499.957 -23.883 64.118 456.218 -17.818 498.133 63.031 -20.192 303.247 397.803 -20.860 224.475 7.291 -26.256 289.183 267.800 -23.762 466.869 438.402 -18.651 433.200 386.332 -17.692 112.895 76.610 -18.609 111.596 476.646 -20.263 133.863 368.836 -18.665 104.631 259.941 -16.805 422.555 231.081 -21.289 148.802 430.162 -18.939 3.516 56.650 -20.259 13.435 263.889 -19.402 283.561 30.232 -28.256 362.433 362.506 -18.369 202.827 81.744 -23.743 83.474 30.776 -18.164 242.637 253.882 -23.132 200.219 358.368 -24.557 333.431 214.820 -22.535 56.003 140.740 -17.475 425.621 5.572 -18.927 433.419 271.573 -23.286 210.522 36.586 -25.553 327.032 228.762 -23.726 55.848 157.161 -18.628 26.882 135.977 -17.980 437.227 337.641 -20.136 55.234 312.758 -19.909 374.184 316.969 -21.804 60.664 450.504 -16.762 356.479 387.518 -20.840 134.291 145.559 -16.074 195.548 17.312 -25.011 39.919 266.278 -18.497 267.759 286.040 -24.004 35.988 19.654 -19.189 485.451 424.887 -18.731 375.675 410.848 -17.904 159.961 442.768 -20.764 479.477 1.121 -17.234 204.072 377.999 -24.262 106.578 172.412 -16.653 172.987 83.265 -22.957 335.681 87.612 -28.189 3.677 20.561 -18.434 16.437 335.519 -19.520 411.393 96.068 -22.027 123.349 136.514 -17.669 215.052 106.846 -23.970 176.813 136.788 -19.829 405.223 81.667 -23.565 89.624 127.101 -15.630 330.855 220.776 -22.875 161.284 214.108 -18.946 23.728 350.287 -18.683 382.522 119.416 -24.443 147.677 138.162 -17.861 255.578 217.565 -22.393 298.234 287.102 -23.256 470.899 491.027 -17.541 79.047 429.046 -17.475 77.632 127.833 -16.164 441.064 310.075 -21.447 323.881 222.036 -23.098 166.415 168.103 -16.797 336.074 260.661 -20.844 307.997 127.903 -27.939 87.985 11.937 -19.680 5.874 63.516 -20.917 124.879 62.385 -19.501 385.320 279.518 -19.321 349.509 156.658 -25.130 451.010 106.813 -22.443 252.941 146.590 -28.538 162.435 206.826 -19.477 348.197 481.252 -23.028 460.776 342.327 -20.808 50.694 82.278 -19.861 244.590 482.200 -26.466 320.267 264.970 -22.653 33.796 68.505 -19.811 243.373 266.190 -23.447 88.746 74.502 -18.874 358.561 392.505 -19.458 259.837 107.599 -29.301 214.249 272.219 -22.657 28.757 327.944 -18.462 170.358 430.313 -20.138 246.183 324.146 -25.575 136.025 394.628 -18.610 337.742 365.598 -22.148 155.506 90.135 -19.256 428.283 23.562 -19.580 410.553 247.093 -21.823 32.958 7.218 -16.313 112.906 158.950 -17.779 444.119 308.643 -20.044 0.126 342.308 -20.428 465.566 32.168 -20.096 220.314 173.030 -24.338 35.418 0.938 -17.135 392.022 265.785 -21.157 96.688 442.643 -17.877 315.253 299.010 -23.357 197.078 249.921 -21.219 351.401 308.650 -22.420 212.165 491.925 -25.686 288.540 74.542 -29.774 175.589 105.547 -22.449 31.789 228.977 -17.741 183.708 95.573 -22.842 166.726 3.699 -19.907 334.799 252.396 -21.720 117.458 344.030 -16.342 394.047 285.696 -20.411 261.796 64.491 -28.385 424.766 386.877 -17.901 206.981 305.254 -23.700 284.199 488.759 -26.675 210.506 218.487 -22.118 92.870 448.841 -18.592 101.439 10.878 -20.489 125.572 3.203 -19.206 394.358 411.571 -16.984 284.271 298.237 -22.572 292.595 132.606 -27.847 429.953 367.746 -19.984 338.230 44.875 -25.968 492.535 428.880 -19.211 287.448 455.779 -24.151 31.440 315.594 -19.502 217.300 430.914 -22.599 447.463 264.303 -21.782 483.777 274.164 -20.296 448.306 435.144 -18.026 346.351 189.614 -23.699 203.425 288.879 -22.340 24.377 283.493 -21.091 367.661 418.225 -19.343 225.927 210.136 -22.616 121.894 378.932 -18.713 90.629 176.781 -17.779 264.316 18.750 -28.231 282.450 19.247 -27.857 205.095 277.386 -23.367 35.384 499.718 -18.734 198.085 153.580 -21.448 168.535 50.509 -22.547 5.496 279.091 -20.513 102.187 293.311 -17.963 170.386 261.397 -20.220 381.062 247.363 -21.491 231.241 494.618 -26.875 426.978 425.148 -17.064 407.494 322.750 -20.187 149.785 95.381 -19.593 410.476 73.959 -21.881 481.962 410.996 -18.599 117.620 72.328 -20.318 112.190 309.954 -17.407 312.326 412.318 -20.570 422.892 487.685 -18.458 183.836 33.262 -24.018 494.409 163.360 -19.931 441.888 245.106 -21.334 49.990 43.181 -20.322 62.446 206.158 -18.464 23.149 226.980 -17.880 44.518 214.783 -19.159 56.705 182.326 -18.608 410.745 292.442 -20.368 151.990 207.995 -17.365 173.611 184.278 -19.282 40.749 240.525 -17.330 65.094 248.689 -18.786 384.552 282.257 -21.109 436.207 328.076 -19.825 400.429 270.427 -20.439 401.481 288.653 -20.242 392.947 270.471 -21.479 186.675 204.578 -21.828 199.287 214.200 -21.325 56.534 217.902 -18.559 18.307 247.370 -18.819 443.111 250.570 -23.163 63.172 169.837 -18.768 159.762 194.804 -17.714 430.565 293.662 -21.268 164.535 229.795 -20.446 415.070 250.940 -22.505 429.617 325.313 -20.861 72.809 226.661 -17.568 54.488 224.137 -17.775 138.608 239.150 -17.120 57.622 213.499 -17.311 176.293 251.737 -20.925 441.944 301.559 -20.111 74.533 219.668 -17.774 386.454 326.608 -19.681 108.810 241.216 -16.975 416.468 293.415 -20.251 20.033 253.779 -18.957 13.077 201.837 -18.691 59.155 242.222 -18.246 40.171 196.622 -20.517 119.769 252.948 -16.578 162.762 219.063 -18.350 438.247 275.473 -22.302 496.811 202.974 -18.643 161.948 224.319 -19.142 157.149 262.472 -19.465 452.950 315.088 -19.167 169.948 213.473 -19.300 153.799 194.310 -18.001 79.471 228.264 -17.611 377.574 271.356 -20.406 115.914 210.881 -16.492 57.998 239.459 -17.309 14.314 219.123 -18.354 497.558 222.847 -18.807 411.815 310.166 -20.791 114.831 232.002 -17.428 148.980 238.795 -17.628 461.448 296.371 -19.348 402.690 310.321 -19.450 69.700 271.889 -19.089 51.802 227.390 -16.826 40.043 184.425 -20.165 68.128 226.017 -16.800 355.919 310.379 -23.088 172.401 216.688 -21.699 136.612 200.208 -17.347 152.477 215.826 -18.468 390.901 238.910 -21.060 168.924 254.961 -20.944 169.732 186.870 -17.656 159.721 224.063 -18.035 438.391 318.296 -20.402 115.849 213.529 -15.827 416.573 283.500 -22.284 150.971 275.566 -19.238 34.418 208.912 -18.170 114.762 227.925 -16.429 65.691 191.288 -18.234 27.554 197.680 -20.083 150.932 238.621 -17.444 76.475 252.092 -18.427 375.247 262.330 -20.631 137.420 229.956 -16.850 156.319 189.722 -18.750 420.464 276.129 -21.968 160.258 218.880 -19.341 360.209 310.743 -21.973 116.325 230.539 -16.836 163.734 222.654 -19.642 163.807 225.930 -18.428 204.899 221.969 -21.717 157.640 225.232 -18.836 382.101 237.394 -20.665 0.542 240.586 -19.126 104.432 240.246 -18.229 201.967 238.466 -21.697 142.531 170.300 -16.039 33.468 254.442 -17.503 398.800 298.292 -21.101 47.786 215.752 -18.426 56.834 215.312 -18.447 193.897 219.166 -21.459 156.891 221.008 -19.093 405.603 283.008 -19.659 91.631 186.458 -17.256 496.323 223.457 -19.501 146.203 213.306 -17.289 56.969 216.822 -17.870 175.994 229.914 -19.272 48.561 194.014 -20.398
</DataArray>
</Points>
<PointData>
<DataArray type="Int32" Name="region" format="ascii">
0 0 0 0 0 0 0 0 0 0 0 0 0 0 0 0 0 0 0 0 0 0 0 0 0 0 0 0 0 0 0 0 0 0 0 0 0 0 0 0 0 0 0 0 0 0 0 0 0 0 0 0 0 0 0 0 0 0 0 0 0 0 0 0 0 0 0 0 0 0 0 0 0 0 0 0 0 0 0 0 0 0 0 0 0 0 0 0 0 0 0 0 0 0 0 0 0 0 0 0 0 0 0 0 0 0 0 0 0 0 0 0 0 0 0 0 0 0 0 0 0 0 0 0 0 0 0 0 0 0 0 0 0 0 0 0 0 0 0 0 0 0 0 0 0 0 0 0 0 0 0 0 0 0 0 0 0 0 0 0 0 0 0 0 0 0 0 0 0 0 0 0 0 0 0 0 0 0 0 0 0 0 0 0 0 0 0 0 0 0 0 0 0 0 0 0 0 0 0 0 0 0 0 0 0 0 0 0 0 0 0 0 0 0 0 0 0 0 0 0 0 0 0 0 0 0 0 0 0 0 0 0 0 0 0 0 0 0 0 0 0 0 0 0 0 0 0 0 0 0 0 0 0 0 0 0 0 0 0 0 0 0 0 0 0 0 0 0 0 0 0 0 0 0 0 0 0 0 0 0 0 0 0 0 0 0 0 0 0 0 0 0 0 0 0 0 0 0 0 0 0 0 0 0 0 0 0 0 0 0 0 0 0 0 0 0 0 0 0 0 0 0 0 0 0 0 0 0 0 0 0 0 0 0 0 0 0 0 0 0 0 0 0 0 0 0 0 0 0 0 0 0 0 0 0 0 0 0 0 0 0 0 0 0 0 0 0 0 0 0 0 0 0 0 0 0 0 0 0 0 0 0 0 0 0 0 0 0 0 0 0 0 0 0 0 0 0 0 0 0 0 0 0 0 0 0 0 0 0 0 0 0 0 0 0 0 0 0 0 0 0 0 0 0 0 0 0 0 0 0 0 0 0 0 0 0 0 0 0 0 0 0 0 0 0 0 0 0 0 0 0 0 0 0 0 0 0 0 0 0 0 0 0 0 0 0 0 0 0 0 0 0 0 0 0 0 0 0 0 0 0 0 0 0 0 0 0 0 0 0 0 0 0 0 0 0 0 0 0 0 0 0 0 0 0 0 0 0 0 0 0 0 0 0 0 0 0 0 0 0 0 0 0 0 0 0 0 0 0 0 0 0 0 0 0 0 0 0 0 0 0 0 0 0 0 0 0 0 0 0 0 0 0 0 0 0 0 0 0 0 0 0 0 0 0 0 0 0 0 0 0 0 0 0 0 0 0 0 0 0 0 0 0 0 0 0 0 0 0 0 0 0 0 0 0 0 0 0 0 0 0 0 0 0 0 0 0 0 0 0 0 0 0 0 0 0 0 0 0 0 0 0 0 0 0 0 0 0 0 0 0 0 0 0 0 0 0 0 0 0 0 0 0 0 0 0 0 0 0 0 0 0 0 0 0 0 0 0 0 0 0 0 0 0 0 0 0 0 0 0 0 0 0 0 0 0 0 0 0 0 0 0 0 0 0 0 0 0 0 0 0 0 0 0 0 0 0 0 0 0 0 0 0 0 0 0 0 0 0 0 0 0 0 0 0 0 0 0 0 0 0 0 0 0 0 0 0 0 0 0 0 0 0 0 0 0 0 0 0 0 0 0 0 0 0 0 0 0 0 0 0 0 0 0 0 0 0 0 0 0 0 0 0 0 0 0 0 0 0 0 0 0 0 0 0 0 0 0 0 0 0 0 0 0 0 0 0 0 0 0 0 0 0 0 0 0 0 0 0 0 0 0 0 0 0 0 0 0 0 0 0 0 0 0 0 0 0 0 0 0 0 0 0 0 0 0 0 0 0 0 0 0 0 0 0 0 0 0 0 0 0 0 0 0 0 0 0 0 0 0 0 0 0 0 0 0 0 0 0 0 0 0 0 0 0 0 0 0 0 0 0 0 0 0 0 0 0 0 0 0 0 0 0 0 0 0 0 0 0 0 0 0 0 0 0 0 0 0 0 0 0 0 0 0 0 0 0 0 0 0 0 0 0 0 0 0 0 0 0 0 0 0 0 0 0 0 0 0 0 0 0 0 0 0 0 0 0 0 0 0 0 0 0 0 0 0 0 0 0 0 0 0 0 0 0 0 0 0 0 0 0 0 0 0 0 0 0 0 0 0 0 0 0 0 0 0 0 0 0 0 0 0 0 0 0 0 0 0 0 0 0 0 0 0 0 0 0 0 0 0 0 0 0 0 0 0 0 0 0 0 0 0 0 0 0 0 0 0 0 0 0 0 0 0 0 0 0 0 0 0 0 0 0 0 0 0 0 0 0 0 0 0 0 0 0 0 0 0 0 0 0 0 0 0 0 0 0 0 0 0 0 0 0 0 0 0 0 0 0 0 0 0 0 0 0 0 0 0 0 0 0 0 0 0 0 0 0 0 0 0 0 0 0 0 0 0 0 0 0 0 0 0 0 0 0 0 0 0 0 0 0 0 0 0 0 0 0 0 0 0 0 0 0 0 0 0 0 0 0 0 0 0 0 0 0 0 0 0 0 0 0 0 0 0 0 0 0 0 0 0 0 0 0 0 0 0 0 0 0 0 0 0 0 0 0 0 0 0 0 0 0 0 0 0 0 0 0 0 0 0 0 0 0 0 0 0 0 0 0 0 0 0 0 0 0 0 0 0 0 0 0 0 0 0 0 0 0 0 0 0 0 0 0 0 0 0 0 0 0 0 0 0 0 0 0 0 0 0 0 0 0 0 0 0 0 0 0 0 0 0 0 0 0 0 0 0 0 0 0 0 0 0 0 0 0 0 0 0 0 0 0 0 0 0 0 0 0 0 0 0 0 0 0 0 0 0 0 0 0 0 0 0 0 0 0 0 0 0 0 0 0 0 0 0 0 0 0 0 0 0 0 0 0 0 0 0 0 0 0 0 0 0 0 0 0 0 0 0 0 0 0 0 0 0 0 0 0 0 0 0 0 0 0 0 0 0 0 0 0 0 0 0 0 0 0 0 0 0 0 0 0 0 0 0 0 0 0 0 0 0 0 0 0 0 0 0 0 0 0 0 0 0 0 0 0 0 0 0 0 0 0 0 0 0 0 0 0 0 0 0 0 0 0 0 0 0 0 0 0 0 0 0 0 0 0 0 0 0 0 0 0 0 0 0 0 0 0 0 0 0 0 0 0 0 0 0 0 0 0 0 0 0 0 0 0 0 0 0 0 0 0 0 0 0 0 0 0 0 0 0 0 0 0 0 0 0 0 0 0 0 0 0 0 0 0 0 0 0 0 0 0 0 0 0 0 0 0 0 0 0 0 0 0 0 0 0 0 0 0 0 0 0 0 0 0 0 0 0 0 0 0 0 0 0 0 0 0 0 0 0 0 0 0 0 0 0 0 0 0 0 0 0 0 0 0 0 0 0 0 0 0 0 0 0 0 0 0 0 0 0 0 0 0 0 0 0 0 0 0 0 0 0 0 0 0 0 0 0 0 0 0 0 0 0 0 0 0 0 0 0 0 0 0 0 0 0 0 0 0 0 0 0 0 0 0 0 0 0 0 0 0 0 0 0 0 0 0 0 0 0 0 0 0 0 0 0 0 0 0 0 0 0 0 0 0 0 0 0 0 0 0 0 0 0 0 0 0 0 0 0 0 0 0 0 0 0 0 0 0 0 0 0 0 0 0 0 0 0 0 0 0 0 0 0 0 0 0 0 0 0 0 0 0 0 0 0 0 0 0 0 0 0 0 0 0 0 0 0 0 0 0 0 0 0 0 0 0 0 0 0 0 0 0 0 0 0 0 0 0 0 0 0 0 0 0 0 0 0 0 0 0 0 0 0 0 0 0 0 0 0 0 0 0 0 0 0 0 0 0 0 0 0 0 0 0 0 0 0 0 0 0 0 0 0 0 0 0 0 0 0 0 0 0 0 0 0 0 0 0 0 0 0 0 0 0 0 0 0 0 0 0 0 0 0 0 0 0 0 0 0 0 0 0 0 0 0 0 0 0 0 0 0 0 0 0 0 0 0 0 0 0 0 0 0 0 0 0 0 0 0 0 0 0 0 0 0 0 0 0 0 0 0 0 0 0 0 0 0 0 0 0 0 0 0 0 0 0 0 0 0 0 0 0 0 0 0 0 0 0 0 0 0 0 0 0 0 0 0 0 0 0 0 0 0 0 0 0 0 0 0 0 0 0 0 0 0 0 0 0 0 0 0 0 0 0 0 0 0 0 0 0 0 0 0 0 0 0 0 0 0 0 0 0 0 0 0 0 0 0 0 0 0 0 0 0 0 0 0 0 0 0 0 0 0 0 0 0 0 0 0 0 0 0 0 0 0 0 0 0 0 0 0 0 0 0 0 0 0 0 0 0 0 0 0 0 0 0 0 0 0 0 0 0 0 0 0 0 0 0 0 0 0 0 0 0 0 0 0 0 0 0 0 0 0 0 0 0 0 0 0 0 0 0 0 0 0 0 0 0 0 0 0 0 0 0 0 0 0 0 0 0 0 0 0 0 0 0 0 0 0 0 0 0 0 0 0 0 0 0 0 0 0 0 0 0 0 0 0 0 0 0 0 0 0 0 0 0 0 0 0 0 0 0 0 0 0 0 0 0 0 0 0 0 0 0 0 0 0 0 0 0 0 0 0 0 0 0 0 0 0 0 0 0 0 0 0 0 0 0 0 0 0 0 0 0 0 0 0 0 0 0 0 0 0 0 0 0 0 0 0 0 0 0 0 0 0 0 0 0 0 0 0 0 0 0 0 0 0 0 0 0 0 0 0 0 0 0 0 0 0 0 0 0 0 0 0 0 0 0 0 0 0 0 0 0 0 0 0 0 0 0 0 0 0 0 0 0 0 0 0 0 0 0 0 0 0 0 0 0 0 0 0 0 0 0 0 0 0 0 0 0 0 0 0 0 0 0 0 0 0 0 0 0 0 0 0 0 0 0 0 0 0 0 0 0 0 0 0 0 0 0 0 0 0 0 0 0 0 0 0 0 0 0 0 0 0 0 0 0 0 0 0 0 0 0 0 0 0 0 0 0 0 0 0 0 0 0 0 0 0 0 0 0 0 0 0 0 0 0 0 0 0 0 0 0 0 0 0 0 0 0 0 0 0 0 0 0 0 0 0 0 0 0 0 0 0 0 0 0 0 0 0 0 0 0 0 0 0 0 0 0 0 0 0 0 0 0 0 0 0 0 0 0 0 0 0 0 0 0 0 0 0 0 0 0 0 0 0 0 0 0 0 0 0 0 0 0 0 0 0 0 0 0 0 0 0 0 0 0 0 0 0 0 0 0 0 0 0 0 0 0 0 0 0 0 0 0 0 0 0 0 0 0 0 0 0 0 0 0 0 0 0 0 0 0 0 0 0 0 0 0 0 0 0 0 0 0 0 0 0 0 0 0 0 0 0 0 0 0 0 0 0 0 0 0 0 0 0 0 0 0 0 0 0 0 0 0 0 0 0 0 0 0 0 0 0 0 0 0 0 0 0 0 0 0 0 0 0 0 0 0 0 0 0 0 0 0 0 0 0 0 0 0 0 0 0 0 0 0 0 0 0 0 0 0 0 0 0 0 0 0 0 0 0 0 0 0 0 0 0 0 0 0 0 0 0 0 0 0 0 0 0 0 0 0 0 0 0 0 0 0 0 0 0 0 0 0 0 0 0 0 0 0 0 0 0 0 0 0 0 0 0 0 0 0 0 0 0 0 0 0 0 0 0 0 0 0 0 0 0 0 0 0 0 0 0 0 0 0 0 0 0 0 0 0 0 0 0 0 0 0 0 0 0 0 0 0 0 0 0 0 0 0 0 0 0 0 0 0 0 0 0 0 0 0 0 0 0 0 0 0 0 0 0 0 0 0 0 0 0 0 0 0 0 0 0 0 0 0 0 0 0 0 0 0 0 0 0 0 0 0 0 0 0 0 0 0 0 0 0 0 0 0 0 0 0 0 0 0 0 0 0 0 0 0 0 0 0 0 0 0 0 0 0 0 0 0 0 0 0 0 0 0 0 0 0 0 0 0 0 0 0 0 0 0 0 0 0 0 0 0 0 0 0 0 0 0 0 0 0 0 0 0 0 0 0 0 0 0 0 0 0 0 0 0 0 0 0 0 0 0 0 0 0 0 0 0 0 0 0 0 0 0 0 0 0 0 0 0 0 0 0 0 0 0 0 0 0 0 0 0 0 0 0 0 0 0 0 0 0 0 0 0 0 0 0 0 0 0 0 0 0 0 0 0 0 0 0 0 0 0 0 0 0 0 0 0 0 0 0 0 0 0 0 0 0 0 0 0 0 0 0 0 0 0 0 0 0 0 0 0 0 0 0 0 0 0 0 0 0 0 0 0 0 0 0 0 0 0 0 0 0 0 0 0 0 0 0 0 0 0 0 0 0 0 0 0 0 0 0 0 0 0 0 0 0 0 0 0 0 0 0 0 0 0 0 0 0 0 0 0 0 0 0 0 0 0 0 0 0 0 0 0 0 0 0 0 0 0 0 0 0 0 0 0 0 0 0 0 0 0 0 0 0 0 0 0 0 0 0 0 0 0 0 0 0 0 0 0 0 0 0 0 0 0 0 0 0 0 0 0 0 0 0 0 0 0 0 0 0 0 0 0 0 0 0 0 0 0 0 0 0 0 0 0 0 0 0 0 0 0 0 0 0 0 0 0 0 0 0 0 0 0 0 0 0 0 0 0 0 0 0 0 0 0 0 0 0 0 0 0 0 0 0 0 0 0 0 0 0 0 0 0 0 0 0 0 0 0 0 0 0 0 0 0 0 0 0 0 0 0 0 0 0 0 0 0 0 0 0 0 0 0 0 0 0 0 0 0 0 0 0 0 0 0 0 0 0 0 0 0 0 0 0 0 0 0 0 0 0 0 0 0 0 0 0 0 0 0 0 0 0 0 0 0 0 0 0 0 0 0 0 0 0 0 0 0 0 0 0 0 0 0 0 0 0 0 0 0 0 0 0 0 0 0 0 0 0 0 0 0 0 0 0 0 0 0 0 0 0 0 0 0 0 0 0 0 0 0 0 0 0 0 0 0 0 0 0 0 0 0 0 0 0 0 0 0 0 0 0 0 0 0 0 0 0 0 0 0 0 0 0 0 0 0 0 0 0 0 0 0 0 0 0 0 0 0 0 0 0 0 0 0 0 0 0 0 0 0 0 0 0 0 0 0 0 0 0 0 0 0 0 0 0 0 0 0 0 0 0 0 0 0 0 0 0 0 0 0 0 0 0 0 0 0 0 0 0 0 0 0 0 0 0 0 0 0 0 0 0 0 0 0 0 0 0 0 0 0 0 0 0 0 0 0 0 0 0 0 0 0 0 0 0 0 0 0 0 0 0 0 0 0 0 0 0 0 0 0 0 0 0 0 0 0 0 0 0 0 0 0 0 0 0 0 0 0 0 0 0 0 0 0 0 0 0 0 0 0 0 0 0 0 0 0 0 0 0 0 0 0 0 0 0 0 0 0 0 0 0 0 0 0 0 0 0 0 0 0 0 0 0 0 0 0 0 0 0 0 0 0 0 0 0 0 0 0 0 0 0 0 0 0 0 0 0 0 0 0 0 0 0 0 0 0 0 0 0 0 0 0 0 0 0 0 0 0 0 0 0 0 0 0 0 0 0 0 0 0 0 0 0 0 0 0 0 0 0 0 0 0 0 0 0 0 0 0 0 0 0 0 0 0 0 0 0 0 0 0 0 0 0 0 0 0 0 0 0 0 0 0 0 0 0 0 0 0 0 0 0 0 0 0 0 0 0 0 0 0 0 0 0 0 0 0 0 0 0 0 0 0 0 0 0 0 0 0 0 0 0 0 0 0 0 0 0 0 0 0 0 0 0 0 0 0 0 0 0 0 0 0 0 0 0 0 0 0 0 0 0 0 0 0 0 0 0 0 0 0 0 0 0 0 0 0 0 0 0 0 0 0 0 0 0 0 0 0 0 0 0 0 0 0 0 0 0 0 0 0 0 0 0 0 0 0 0 0 0 0 0 0 0 0 0 0 0 0 0 0 0 0 0 0 0 0 0 0 0 0 0 0 0 0 0 0 0 0 0 0 0 0 0 0 0 0 0 0 0 0 0 0 0 0 0 0 0 0 0 0 0 0 0 0 0 0 0 0 0 0 0 0 0 0 0 0 0 0 0 0 0 0 0 0 0 0 0 0 0 0 0 0 0 0 0 0 0 0 0 0 0 0 0 0 0 0 0 0 0 0 0 0 0 0 0 0 0 0 0 0 0 0 0 0 0 0 0 0 0 0 0 0 0 0 0 0 0 0 0 0 0 0 0 0 0 0 0 0 0 0 0 0 0 0 0 0 0 0 0 0 0 0 0 0 0 0 0 0 0 0 0 0 0 0 0 0 0 0 0 0 0 0 0 0 0 0 0 0 0 0 0 0 0 0 0 0 0 0 0 0 0 0 0 0 0 0 0 0 0 0 0 0 0 0 0 0 0 0 0 0 0 0 0 0 0 0 0 0 0 0 0 0 0 0 0 0 0 0 0 0 0 0 0 0 0 0 0 0 0 0 0 0 0 0 0 0 0 0 0 0 0 0 0 0 0 0 0 0 0 0 0 0 0 0 0 0 0 0 0 0 0 0 0 0 0 0 0 0 0 0 0 0 0 0 0 0 0 0 0 0 0 0 0 0 0 0 0 0 0 0 0 0 0 0 0 0 0 0 0 0 0 0 0 0 0 0 0 0 0 0 0 0 0 0 0 0 0 0 0 0 0 0 0 0 0 0 0 0 0 0 0 0 0 0 0 0 0 0 0 0 0 0 0 0 0 0 0 0 0 0 0 0 0 0 0 0 0 0 0 0 0 0 0 0 0 0 0 0 0 0 0 0 0 0 0 0 0 0 0 0 0 0 0 0 0 0 0 0 0 0 0 0 0 0 0 0 0 0 0 0 0 0 0 0 0 0 0 0 0 0 0 0 0 0 0 0 0 0 0 0 0 0 0 0 0 0 0 0 0 0 0 0 0 0 0 0 0 0 0 0 0 0 0 0 0 0 0 0 0 0 0 0 0 0 0 0 0 0 0 0 0 0 0 0 0 0 0 0 0 0 0 0 0 0 0 0 0 0 0 0 0 0 0 0 0 0 0 0 0 0 0 0 0 0 0 0 0 0 0 0 0 0 0 0 0 0 0 0 0 0 0 0 0 0 0 0 0 0 0 0 0 0 0 0 0 0 0 0 0 0 0 0 0 0 0 0 0 0 0 0 0 0 0 0 0 0 0 0 0 0 0 0 0 0 0 0 0 0 0 0 0 0 0 0 0 0 0 0 0 0 0 0 0 0 0 0 0 0 0 0 0 0 0 0 0 0 0 0 0 0 0 0 0 0 0 0 0 0 0 0 0 0 0 0 0 0 0 0 0 0 0 0 0 0 0 0 0 0 0 0 0 0 0 0 0 0 0 0 0 0 0 0 0 0 0 0 0 0 0 0 0 0 0 0 0 0 0 0 0 0 0 0 0 0 0 0 0 0 0 0 0 0 0 0 0 0 0 0 0 0 0 0 0 0 0 0 0 0 0 0 0 0 0 0 0 0 0 0 0 0 0 0 0 0 0 0 0 0 0 0 0 0 0 0 0 0 0 0 0 0 0 0 0 0 0 0 0 0 0 0 0 0 0 0 0 0 0 0 0 0 0 0 0 0 0 0 0 0 0 0 0 0 0 0 0 0 0 0 0 0 0 0 0 0 0 0 0 0 0 0 0 0 0 0 0 0 0 0 0 0 0 0 0 0 0 0 0 0 0 0 0 0 0 0 0 0 0 0 0 0 0 0 0 0 0 0 0 0 0 0 0 0 0 0 0 0 0 0 0 0 0 0 0 0 0 0 0 0 0 0 0 0 0 0 0 0 0 0 0 0 0 0 0 0 0 0 0 0 0 0 0 0 0 0 0 0 0 0 0 0 0 0 0 0 0 0 0 0 0 0 0 0 0 0 0 0 0 0 0 0 0 0 0 0 0 0 0 0 0 0 0 0 0 0 0 0 0 0 0 0 0 0 0 0 0 0 0 0 0 0 0 0 0 0 0 0 0 0 0 0 0 0 0 0 0 0 0 0 0 0 0 0 0 0 0 0 0 0 0 0 0 0 0 0 0 0 0 0 0 0 0 0 0 0 0 0 0 0 0 0 0 0 0 0 0 0 0 0 0 0 0 0 0 0 0 0 0 0 0 0 0 0 0 0 0 0 0 0 0 0 0 0 0 0 0 0 0 0 0 0 0 0 0 0 0 0 0 0 0 0 0 0 0 0 0 0 0 0 0 0 0 0 0 0 0 0 0 0 0 0 0 0 0 0 0 0 0 0 0 0 0 0 0 0 0 0 0 0 0 0 0 0 0 0 0 0 0 0 0 0 0 0 0 0 0 0 0 0 0 0 0 0 0 0 0 0 0 0 0 0 0 0 0 0 0 0 0 0 0 0 0 0 0 0 0 0 0 0 0 0 0 0 0 0 0 0 0 0 0 0 0 0 0 0 0 0 0 0 0 0 0 0 0 0 0 0 0 0 0 0 0 0 0 0 0 0 0 0 0 0 0 0 0 0 0 0 0 0 0 0 0 0 0 0 0 0 0 0 0 0 0 0 0 0 0 0 0 0 0 0 0 0 0 0 0 0 0 0 0 0 0 0 0 0 0 0 0 0 0 0 0 0 0 0 0 0 0 0 0 0 0 0 0 0 0 0 0 0 0 0 0 0 0 0 0 0 0 0 0 0 0 0 0 0 0 0 0 0 0 0 0 0 0 0 0 0 0 0 0 0 0 0 0 0 0 0 0 0 0 0 0 0 0 0 0 0 0 0 0 0 0 0 0 0 0 0 0 0 0 0 0 0 0 0 0 0 0 0 0 0 0 0 0 0 0 0 0 0 0 0 0 0 0 0 0 0 0 0 0 0 0 0 0 0 0 0 0 0 0 0 0 0 0 0 0 0 0 0 0 0 0 0 0 0 0 0 0 0 0 0 0 0 0 0 0 0 0 0 0 0 0 0 0 0 0 0 0 0 0 0 0 0 0 0 0 0 0 0 0 0 0 0 0 0 0 0 0 0 0 0 0 0 0 0 0 0 0 0 0 0 0 0 0 0 0 0 0 0 0 0 0 0 0 0 0 0 0 0 0 0 0 0 0 0 0 0 0 0 0 0 0 0 0 0 0 0 0 0 0 0 0 0 0 0 0 0 0 0 0 0 0 0 0 0 0 0 0 0 0 0 0 0 0 0 0 0 0 0 0 0 0 0 0 0 0 0 0 0 0 0 0 0 0 0 0 0 0 0 0 0 0 0 0 0 0 0 0 0 0 0 0 0 0 0 0 0 0 0 0 0 0 0 0 0 0 0 0 0 0 0 0 0 0 0 0 0 0 0 0 0 0 0 0 0 0 0 0 0 0 0 0 0 0 0 0 0 0 0 0 0 0 0 0 0 0 0 0 0 0 0 0 0 0 0 0 0 0 0 0 0 0 0 0 0 0 0 0 0 0 0 0 0 0 0 0 0 0 0 0 0 0 0 0 0 0 0 0 0 0 0 0 0 0 0 0 0 0 0 0 0 0 0 0 0 0 0 0 0 0 0 0 0 0 0 0 0 0 0 0 0 0 0 0 0 0 0 0 0 0 0 0 0 0 0 0 0 0 0 0 0 0 0 0 0 0 0 0 0 0 0 0 0 0 0 0 0 0 0 0 0 0 0 0 0 0 0 0 0 0 0 0 0 0 0 0 0 0 0 0 0 0 0 0 0 0 0 0 0 0 0 0 0 0 0 0 0 0 0 0 0 0 0 0 0 0 0 0 0 0 0 0 0 0 0 0 0 0 0 0 0 0 0 0 0 0 0 0 0 0 0 0 0 0 0 0 0 0 0 0 0 0 0 0 0 0 0 0 0 0 0 0 0 0 0 0 0 0 0 0 0 0 0 0 0 0 0 0 0 0 0 0 0 0 0 0 0 0 0 0 0 0 0 0 0 0 0 0 0 0 0 0 0 0 0 0 0 0 0 0 0 0 0 0 0 0 0 0 0 0 0 0 0 0 0 0 0 0 0 0 0 0 0 0 0 0 0 0 0 0 0 0 0 0 0 0 0 0 0 0 0 0 0 0 0 0 0 0 0 0 0 0 0 0 0 0 0 0 0 0 0 0 0 0 0 0 0 0 0 0 0 0 0 0 0 0 0 0 0 0 0 0 0 0 0 0 0 0 0 0 0 0 0 0 0 0 0 0 0 0 0 0 0 0 0 0 0 0 0 0 0 0 0 0 0 0 0 0 0 0 0 0 0 0 0 0 0 0 0 0 0 0 0 0 0 0 0 0 0 0 0 0 0 0 0 0 0 0 0 0 0 0 0 0 0 0 0 0 0 0 0 0 0 0 0 0 0 0 0 0 0 0 0 0 0 0 0 0 0 0 0 0 0 0 0 0 0 0 0 0 0 0 0 0 0 0 0 0 0 0 0 0 0 0 0 0 0 0 0 0 0 0 0 0 0 0 0 0 0 0 0 0 0 0 0 0 0 0 0 0 0 0 0 0 0 0 0 0 0 0 0 0 0 0 0 0 0 0 0 0 0 0 0 0 0 0 0 0 0 0 0 0 0 0 0 0 0 0 0 0 0 0 0 0 0 0 0 0 0 0 0 0 0 0 0 0 0 0 0 0 0 0 0 0 0 0 0 0 0 0 0 0 0 0 0 0 0 0 0 0 0 0 0 0 0 0 0 0 0 0 0 0 0 0 0 0 0 0 0 0 0 0 0 0 0 0 0 0 0 0 0 0 0 0 0 0 0 0 0 0 0 0 0 0 0 0 0 0 0 0 0 0 0 0 0 0 0 0 0 0 0 0 0 0 0 0 0 0 0 0 0 0 0 0 0 0 0 0 0 0 0 0 0 0 0 0 0 0 0 0 0 0 0 0 0 0 0 0 0 0 0 0 0 0 0 0 0 0 0 0 0 0 0 0 0 0 0 0 0 0 0 0 0 0 0 0 0 0 0 0 0 0 0 0 0 0 0 0 0 0 0 0 0 0 0 0 0 0 0 0 0 0 0 0 0 0 0 0 0 0 0 0 0 0 0 0 0 0 0 0 0 0 0 0 0 0 0 0 0 0 0 0 0 0 0 0 0 0 0 0 0 0 0 0 0 0 0 0 0 0 0 0 0 0 0 0 0 0 0 0 0 0 0 0 0 0 0 0 0 0 0 0 0 0 0 0 0 0 0 0 0 0 0 0 0 0 0 0 0 0 0 0 0 0 0 0 0 0 0 0 0 0 0 0 0 0 0 0 0 0 0 0 0 0 0 0 0 0 0 0 0 0 0 0 0 0 0 0 0 0 0 0 0 0 0 0 0 0 0 0 0 0 0 0 0 0 0 0 0 0 0 0 0 0 0 0 0 0 0 0 0 0 0 0 0 0 0 0 0 0 0 0 0 0 0 0 0 0 0 0 0 0 0 0 0 0 0 0 0 0 0 0 0 0 0 0 0 0 0 0 0 0 0 0 0 0 0 0 0 0 0 0 0 0 0 0 0 0 0 0 0 0 0 0 0 0 0 0 0 0 0 0 0 0 0 0 0 0 0 0 0 0 0 0 0 0 0 0 0 0 0 0 0 0 0 0 0 0 0 0 0 0 0 0 0 0 0 0 0 0 0 0 0 0 0 0 0 0 0 0 0 0 0 0 0 0 0 0 0 0 0 0 0 0 0 0 0 0 0 0 0 0 0 0 0 0 0 0 0 0 0 0 0 0 0 0 0 0 0 0 0 0 0 0 0 0 0 0 0 0 0 0 0 0 0 0 0 0 0 0 0 0 0 0 0 0 0 0 0 0 0 0 0 0 0 0 0 0 0 0 0 0 0 0 0 0 0 0 0 0 0 0 0 0 0 0 0 0 0 0 0 0 0 0 0 0 0 0 0 0 0 0 0 0 0 0 0 0 0 0 0 0 0 0 0 0 0 0 0 0 0 0 0 0 0 0 0 0 0 0 0 0 0 0 0 0 0 0 0 0 0 0 0 0 0 0 0 0 0 0 0 0 0 0 0 0 0 0 0 0 0 0 0 0 0 0 0 0 0 0 0 0 0 0 0 0 0 0 0 0 0 0 0 0 0 0 0 0 0 0 0 0 0 0 0 0 0 0 0 0 0 0 0 0 0 0 0 0 0 0 0 0 0 0 0 0 0 0 0 0 0 0 0 0 0 0 0 0 0 0 0 0 0 0 0 0 0 0 0 0 0 0 0 0 0 0 0 0 0 0 0 0 0 0 0 0 0 0 0 0 0 0 0 0 0 0 0 0 0 0 0 0 0 0 0 0 0 0 0 0 0 0 0 0 0 0 0 0 0 0 0 0 0 0 0 0 0 0 0 0 0 0 0 0 0 0 0 0 0 0 0 0 0 0 0 0 0 0 0 0 0 0 0 0 0 0 0 0 0 0 0 0 0 0 0 0 0 0 0 0 0 0 0 0 0 0 0 0 0 0 0 0 0 0 0 0 0 0 0 0 0 0 0 0 0 0 0 0 0 0 0 0 0 0 0 0 0 0 0 0 0 0 0 0 0 0 0 0 0 0 0 0 0 0 0 0 0 0 0 0 0 0 0 0 0 0 0 0 0 0 0 0 0 0 0 0 0 0 0 0 0 0 0 0 0 0 0 0 0 0 0 0 0 0 0 0 0 0 0 0 0 0 0 0 0 0 0 0 0 0 0 0 0 0 0 0 0 0 0 0 0 0 0 0 0 0 0 0 0 0 0 0 0 0 0 0 0 0 0 0 0 0 0 0 0 0 0 0 0 0 0 0 0 0 0 0 0 0 0 0 0 0 0 0 0 0 0 0 0 0 0 0 0 0 0 0 0 0 0 0 0 0 0 0 0 0 0 0 0 0 0 0 0 0 0 0 0 0 0 0 0 0 0 0 0 0 0 0 0 0 0 0 0 0 0 0 0 0 0 0 0 0 0 0 0 0 0 0 0 0 0 0 0 0 0 0 0 0 0 0 0 0 0 0 0 0 0 0 0 0 0 0 0 0 0 0 0 0 0 0 0 0 0 0 0 0 0 0 0 0 0 0 0 0 0 0 0 0 0 0 0 0 0 0 0 0 0 0 0 0 0 0 0 0 0 0 0 0 0 0 0 0 0 0 0 0 0 0 0 0 0 0 0 0 0 0 0 0 0 0 0 0 0 0 0 0 0 0 0 0 0 0 0 0 0 0 0 0 0 0 0 0 0 0 0 0 0 0 0 0 0 0 0 0 0 0 0 0 0 0 0 0 0 0 0 0 0 0 0 0 0 0 0 0 0 0 0 0 0 0 0 0 0 0 0 0 0 0 0 0 0 0 0 0 0 0 0 0 0 0 0 0 0 0 0 0 0 0 0 0 0 0 0 0 0 0 0 0 0 0 0 0 0 0 0 0 0 0 0 0 0 0 0 0 0 0 0 0 0 0 0 0 0 0 0 0 0 0 0 0 0 0 0 0 0 0 0 0 0 0 0 0 0 0 0 0 0 0 0 0 0 0 0 0 0 0 0 0 0 0 0 0 0 0 0 0 0 0 0 0 0 0 0 0 0 0 0 0 0 0 0 0 0 0 0 0 0 0 0 0 0 0 0 0 0 0 0 0 0 0 0 0 0 0 0 0 0 0 0 0 0 0 0 0 0 0 0 0 0 0 0 0 0 0 0 0 0 0 0 0 0 0 0 0 0 0 0 0 0 0 0 0 0 0 0 0 0 0 0 0 0 0 0 0 0 0 0 0 0 0 0 0 0 0 0 0 0 0 0 0 0 0 0 0 0 0 0 0 0 0 0 0 0 0 0 0 0 0 0 0 0 0 0 0 0 0 0 0 0 0 0 0 0 0 0 0 0 0 0 0 0 0 0 0 0 0 0 0 0 0 0 0 0 0 0 0 0 0 0 0 0 0 0 0 0 0 0 0 0 0 0 0 0 0 0 0 0 0 0 0 0 0 0 0 0 0 0 0 0 0 0 0 0 0 0 0 0 0 0 0 0 0 0 0 0 0 0 0 0 0 0 0 0 0 0 0 0 0 0 0 0 0 0 0 0 0 0 0 0 0 0 0 0 0 0 0 0 0 0 0 0 0 0 0 0 0 0 0 0 0 0 0 0 0 0 0 0 0 0 0 0 0 0 0 0 0 0 0 0 0 0 0 0 0 0 0 0 0 0 0 0 0 0 0 0 0 0 0 0 0 0 0 0 0 0 0 0 0 0 0 0 0 0 0 0 0 0 0 0 0 0 0 0 0 0 0 0 0 0 0 0 0 0 0 0 0 0 0 0 0 0 0 0 0 0 0 0 0 0 0 0 0 0 0 0 0 0 0 0 0 0 0 0 0 0 0 0 0 0 0 0 0 0 0 0 0 0 0 0 0 0 0 0 0 0 0 0 0 0 0 0 0 0 0 0 0 0 0 0 0 0 0 0 0 0 0 0 0 0 0 0 0 0 0 0 0 0 0 0 0 0 0 0 0 0 0 0 0 0 0 0 0 0 0 0 0 0 0 0 0 0 0 0 0 0 0 0 0 0 0 0 0 0 0 0 0 0 0 0 0 0 0 0 0 0 0 0 0 0 0 0 0 0 0 0 0 0 0 0 0 0 0 0 0 0 0 0 0 0 0 0 0 0 0 0 0 0 0 0 0 0 0 0 0 0 0 0 0 0 0 0 0 0 0 0 0 0 0 0 0 0 0 0 0 0 0 0 0 0 0 0 0 0 0 0 0 0 0 0 0 0 0 0 0 0 0 0 0 0 0 0 0 0 0 0 0 0 0 0 0 0 0 0 0 0 0 0 0 0 0 0 0 0 0 0 0 0 0 0 0 0 0 0 0 0 0 0 0 0 0 0 0 0 0 0 0 0 0 0 0 0 0 0 0 0 0 0 0 0 0 0 0 0 0 0 0 0 0 0 0 0 0 0 0 0 0 0 0 0 0 0 0 0 0 0 0 0 0 0 0 0 0 0 0 0 0 0 0 0 0 0 0 0 0 0 0 0 0 0 0 0 0 0 0 0 0 0 0 0 0 0 0 0 0 0 0 0 0 0 0 0 0 0 0 0 0 0 0 0 0 0 0 0 0 0 0 0 0 0 0 0 0 0 0 0 0 0 0 0 0 0 0 0 0 0 0 0 0 0 0 0 0 0 0 0 0 0 0 0 0 0 0 0 0 0 0 0 0 0 0 0 0 0 0 0 0 0 0 0 0 0 0 0 0 0 0 0 0 0 0 0 0 0 0 0 0 0 0 0 0 0 0 0 0 0 0 0 0 0 0 0 0 0 0 0 0 0 0 0 0 0 0 0 0 0 0 0 0 0 0 0 0 0 0 0 0 0 0 0 0 0 0 0 0 0 0 0 0 0 0 0 0 0 0 0 0 0 0 0 0 0 0 0 0 0 0 0 0 0 0 0 0 0 0 0 0 0 0 0 0 0 0 0 0 0 0 0 0 0 0 0 0 0 0 0 0 0 0 0 0 0 0 0 0 0 0 0 0 0 0 0 0 0 0 0 0 0 0 0 0 0 0 0 0 0 0 0 0 0 0 0 0 0 0 0 0 0 0 0 0 0 0 0 0 0 0 0 0 0 0 0 0 0 0 0 0 0 0 0 0 0 0 0 0 0 0 0 0 0 0 0 0 0 0 0 0 0 0 0 0 0 0 0 0 0 0 0 0 0 0 0 0 0 0 0 0 0 0 0 0 0 0 0 0 0 0 0 0 0 0 0 0 0 0 0 0 0 0 0 0 0 0 0 0 0 0 0 0 0 0 0 0 0 0 0 0 0 0 0 0 0 0 0 0 0 0 0 0 0 0 0 0 0 0 0 0 0 0 0 0 0 0 0 0 0 0 0 0 0 0 0 0 0 0 0 0 0 0 0 0 0 0 0 0 0 0 0 0 0 0 0 0 0 0 0 0 0 0 0 0 0 0 0 0 0 0 0 0 0 0 0 0 0 0 0 0 0 0 0 0 0 0 0 0 0 0 0 0 0 0 0 0 0 0 0 0 0 0 0 0 0 0 0 0 0 0 0 0 0 0 0 0 0 0 0 0 0 0 0 0 0 0 0 0 0 0 0 0 0 0 0 0 0 0 0 0 0 0 0 0 0 0 0 0 0 0 0 0 0 0 0 0 0 0 0 0 0 0 0 0 0 0 0 0 0 0 0 0 0 0 0 0 0 0 0 0 0 0 0 0 0 0 0 0 0 0 0 0 0 0 0 0 0 0 0 0 0 0 0 0 0 0 0 0 0 0 0 0 0 0 0 0 0 0 0 0 0 0 0 0 0 0 0 0 0 0 0 0 0 0 0 0 0 0 0 0 0 0 0 0 0 0 0 0 0 0 0 0 0 0 0 0 0 0 0 0 0 0 0 0 0 0 0 0 0 0 0 0 0 0 0 0 0 0 0 0 0 0 0 0 0 0 0 0 0 0 0 0 0 0 0 0 0 0 0 0 0 0 0 0 0 0 0 0 0 0 0 0 0 0 0 0 0 0 0 0 0 0 0 0 0 0 0 0 0 0 0 0 0 0 0 0 0 0 0 0 0 0 0 0 0 0 0 0 0 0 0 0 0 0 0 0 0 0 0 0 0 0 0 0 0 0 0 0 0 0 0 0 0 0 0 0 0 0 0 0 0 0 0 0 0 0 0 0 0 0 0 0 0 0 0 0 0 0 0 0 0 0 0 0 0 0 0 0 0 0 0 0 0 0 0 0 0 0 0 0 0 0 0 0 0 0 0 0 0 0 0 0 0 0 0 0 0 0 0 0 0 0 0 0 0 0 0 0 0 0 0 0 0 0 0 0 0 0 0 0 0 0 0 0 0 0 0 0 0 0 0 0 0 0 0 0 0 0 0 0 0 0 0 0 0 0 0 0 0 0 0 0 0 0 0 0 0 0 0 0 0 0 0 0 0 0 0 0 0 0 0 0 0 0 0 0 0 0 0 0 0 0 0 0 0 0 0 0 0 0 0 0 0 0 0 0 0 0 0 0 0 0 0 0 0 0 0 0 0 0 0 0 0 0 0 0 0 0 0 0 0 0 0 0 0 0 0 0 0 0 0 0 0 0 0 0 0 0 0 0 0 0 0 0 0 0 0 0 0 0 0 0 0 0 0 0 0 0 0 0 0 0 0 0 0 0 0 0 0 0 0 0 0 0 0 0 0 0 0 0 0 0 0 0 0 0 0 0 0 0 0 0 0 0 0 0 0 0 0 0 0 0 0 0 0 0 0 0 0 0 0 0 0 0 0 0 0 0 0 0 0 0 0 0 0 0 0 0 0 0 0 0 0 0 0 0 0 0 0 0 0 0 0 0 0 0 0 0 0 0 0 0 0 0 0 0 0 0 0 0 0 0 0 0 0 0 0 0 0 0 0 0 0 0 0 0 0 0 0 0 0 0 0 0 0 0 0 0 0 0 0 0 0 0 0 0 0 0 0 0 0 0 0 0 0 0 0 0 0 0 0 0 0 0 0 0 0 0 0 0 0 0 0 0 0 0 0 0 0 0 0 0 0 0 0 0 0 0 0 0 0 0 0 0 0 0 0 0 0 0 0 0 0 0 0 0 0 0 0 0 0 0 0 0 0 0 0 0 0 0 0 0 0 0 0 0 0 0 0 0 0 0 0 0 0 0 0 0 0 0 0 0 0 0 0 0 0 0 0 0 0 0 0 0 0 0 0 0 0 0 0 0 0 0 0 0 0 0 0 0 0 0 0 0 0 0 0 0 0 0 0 0 0 0 0 0 0 0 0 0 0 0 0 0 0 0 0 0 0 0 0 0 0 0 0 0 0 0 0 0 0 0 0 0 0 0 0 0 0 0 0 0 0 0 0 0 0 0 0 0 0 0 0 0 0 0 0 0 0 0 0 0 0 0 0 0 0 0 0 0 0 0 0 0 0 0 0 0 0 0 0 0 0 0 0 0 0 0 0 0 0 0 0 0 0 0 0 0 0 0 0 0 0 0 0 0 0 0 0 0 0 0 0 0 0 0 0 0 0 0 0 0 0 0 0 0 0 0 0 0 0 0 0 0 0 0 0 0 0 0 0 0 0 0 0 0 0 0 0 0 0 0 0 0 0 0 0 0 0 0 0 0 0 0 0 0 0 0 0 0 0 0 0 0 0 0 0 0 0 0 0 0 0 0 0 0 0 0 0 0 0 0 0 0 0 0 0 0 0 0 0 0 0 0 0 0 0 0 0 0 0 0 0 0 0 0 0 0 0 0 0 0 0 0 0 0 0 0 0 0 0 0 0 0 0 0 0 0 0 0 0 0 0 0 0 0 0 0 0 0 0 0 0 0 0 0 0 0 0 0 0 0 0 0 0 0 0 0 0 0 0 0 0 0 0 0 0 0 0 0 0 0 0 0 0 0 0 0 0 0 0 0 0 0 0 0 0 0 0 0 0 0 0 0 0 0 0 0 0 0 0 0 0 0 0 0 0 0 0 0 0 0 0 0 0 0 0 0 0 0 0 0 0 0 0 0 0 0 0 0 0 0 0 0 0 0 0 0 0 0 0 0 0 0 0 0 0 0 0 0 0 0 0 0 0 0 0 0 0 0 0 0 0 0 0 0 0 0 0 0 0 0 0 0 0 0 0 0 0 0 0 0 0 0 0 0 0 0 0 0 0 0 0 0 0 0 0 0 0 0 0 0 0 0 0 0 0 0 0 0 0 0 0 0 0 0 0 0 0 0 0 0 0 0 0 0 0 0 0 0 0 0 0 0 0 0 0 0 0 0 0 0 0 0 0 0 0 0 0 0 0 0 0 0 0 0 0 0 0 0 0 0 0 0 0 0 0 0 0 0 0 0 0 0 0 0 0 0 0 0 0 0 0 0 0 0 0 0 0 0 0 0 0 0 0 0 0 0 0 0 0 0 0 0 0 0 0 0 0 0 0 0 0 0 0 0 0 0 0 0 0 0 0 0 0 0 0 0 0 0 0 0 0 0 0 0 0 0 0 0 0 0 0 0 0 0 0 0 0 0 0 0 0 0 0 0 0 0 0 0 0 0 0 0 0 0 0 0 0 0 0 0 0 0 0 0 0 0 0 0 0 0 0 0 0 0 0 0 0 0 0 0 0 0 0 0 0 0 0 0 0 0 0 0 0 0 0 0 0 0 0 0 0 0 0 0 0 0 0 0 0 0 0 0 0 0 0 0 0 0 0 0 0 0 0 0 0 0 0 0 0 0 0 0 0 0 0 0 0 0 0 0 0 0 0 0 0 0 0 0 0 0 0 0 0 0 0 0 0 0 0 0 0 0 0 0 0 0 0 0 0 0 0 0 0 0 0 0 0 0 0 0 0 0 0 0 0 0 0 0 0 0 0 0 0 0 0 0 0 0 0 0 0 0 0 0 0 0 0 0 0 0 0 0 0 0 0 0 0 0 0 0 0 0 0 0 0 0 0 0 0 0 0 0 0 0 0 0 0 0 0 0 0 0 0 0 0 0 0 0 0 0 0 0 0 0 0 0 0 0 0 0 0 0 0 0 0 0 0 0 0 0 0 0 0 0 0 0 0 0 0 0 0 0 0 0 0 0 0 0 0 0 0 0 0 0 0 0 0 0 0 0 0 0 0 0 0 0 0 0 0 0 0 0 0 0 0 0 0 0 0 0 0 0 0 0 0 0 0 0 0 0 0 0 0 0 0 0 0 0 0 0 0 0 0 0 0 0 0 0 0 0 0 0 0 0 0 0 0 0 0 0 0 0 0 0 0 0 0 0 0 0 0 0 0 0 0 0 0 0 0 0 0 0 0 0 0 0 0 0 0 0 0 0 0 0 0 0 0 0 0 0 0 0 0 0 0 0 0 0 0 0 0 0 0 0 0 0 0 0 0 0 0 0 0 0 0 0 0 0 0 0 0 0 0 0 0 0 0 0 0 0 0 0 0 0 0 0 0 0 0 0 0 0 0 0 0 0 0 0 0 0 0 0 0 0 0 0 0 0 0 0 0 0 0 0 0 0 0 0 0 0 0 0 0 0 0 0 0 0 0 0 0 0 0 0 0 0 0 0 0 0 0 0 0 0 0 0 0 0 0 0 0 0 0 0 0 0 0 0 0 0 0 0 0 0 0 0 0 0 0 0 0 0 0 0 0 0 0 0 0 0 0 0 0 0 0 0 0 0 0 0 0 0 0 0 0 0 0 0 0 0 0 0 0 0 0 0 0 0 0 0 0 0 0 0 0 0 0 0 0 0 0 0 0 0 0 0 0 0 0 0 0 0 0 0 0 0 0 0 0 0 0 0 0 0 0 0 0 0 0 0 0 0 0 0 0 0 0 0 0 0 0 0 0 0 0 0 0 0 0 0 0 0 0 0 0 0 0 0 0 0 0 0 0 0 0 0 0 0 0 0 0 0 0 0 0 0 0 0 0 0 0 0 0 0 0 0 0 0 0 0 0 0 0 0 0 0 0 0 0 0 0 0 0 0 0 0 0 0 0 0 0 0 0 0 0 0 0 0 0 0 0 0 0 0 0 0 0 0 0 0 0 0 0 0 0 0 0 0 0 0 0 0 0 0 0 0 0 0 0 0 0 0 0 0 0 0 0 0 0 0 0 0 0 0 0 0 0 0 0 0 0 0 0 0 0 0 0 0 0 0 0 0 0 0 0 0 0 0 0 0 0 0 0 0 0 0 0 0 0 0 0 0 0 0 0 0 0 0 0 0 0 0 0 0 0 0 0 0 0 0 0 0 0 0 0 0 0 0 0 0 0 0 0 0 0 0 0 0 0 0 0 0 0 0 0 0 0 0 0 0 0 0 0 0 0 0 0 0 0 0 0 0 0 0 0 0 0 0 0 0 0 0 0 0 0 0 0 0 0 0 0 0 0 0 0 0 0 0 0 0 0 0 0 0 0 0 0 0 0 0 0 0 0 0 0 0 0 0 0 0 0 0 0 0 0 0 0 0 0 0 0 0 0 0 0 0 0 0 0 0 0 0 0 0 0 0 0 0 0 0 0 0 0 0 0 0 0 0 0 0 0 0 0 0 0 0 0 0 0 0 0 0 0 0 0 0 0 0 0 0 0 0 0 0 0 0 0 0 0 0 0 0 0 0 0 0 0 0 0 0 0 0 0 0 0 0 0 0 0 0 0 0 0 0 0 0 0 0 0 0 0 0 0 0 0 0 0 0 0 0 0 0 0 0 0 0 0 0 0 0 0 0 0 0 0 0 0 0 0 0 0 0 0 0 0 0 0 0 0 0 0 0 0 0 0 0 0 0 0 0 0 0 0 0 0 0 0 0 0 0 0 0 0 0 0 0 0 0 0 0 0 0 0 0 0 0 0 0 0 0 0 0 0 0 0 0 0 0 0 0 0 0 0 0 0 0 0 0 0 0 0 0 0 0 0 0 0 0 0 0 0 0 0 0 0 0 0 0 0 0 0 0 0 0 0 0 0 0 0 0 0 0 0 0 0 0 0 0 0 0 0 0 0 0 0 0 0 0 0 0 0 0 0 0 0 0 0 0 0 0 0 0 0 0 0 0 0 0 0 0 0 0 0 0 0 0 0 0 0 0 0 0 0 0 0 0 0 0 0 0 0 0 0 0 0 0 0 0 0 0 0 0 0 0 0 0 0 0 0 0 0 0 0 0 0 0 0 0 0 0 0 0 0 0 0 0 0 0 0 0 0 0 0 0 0 0 0 0 0 0 0 0 0 0 0 0 0 0 0 0 0 0 0 0 0 0 0 0 0 0 0 0 0 0 0 0 0 0 0 0 0 0 0 0 0 0 0 0 0 0 0 0 0 0 0 0 0 0 0 0 0 0 0 0 0 0 0 0 0 0 0 0 0 0 0 0 0 0 0 0 0 0 0 0 0 0 0 0 0 0 0 0 0 0 0 0 0 0 0 0 0 0 0 0 0 0 0 0 0 0 0 0 0 0 0 0 0 0 0 0 0 0 0 0 0 0 0 0 0 0 0 0 0 0 0 0 0 0 0 0 0 0 0 0 0 0 0 0 0 0 0 0 0 0 0 0 0 0 0 0 0 0 0 0 0 0 0 0 0 0 0 0 0 0 0 0 0 0 0 0 0 0 0 0 0 0 0 0 0 0 0 0 0 0 0 0 0 0 0 0 0 0 0 0 0 0 0 0 0 0 0 0 0 0 0 0 0 0 0 0 0 0 0 0 0 0 0 0 0 0 0 0 0 0 0 0 0 0 0 0 0 0 0 0 0 0 0 0 0 0 0 0 0 0 0 0 0 0 0 0 0 0 0 0 0 0 0 0 0 0 0 0 0 0 0 0 0 0 0 0 0 0 0 0 0 0 0 0 0 0 0 0 0 0 0 0 0 0 0 0 0 0 0 0 0 0 0 0 0 0 0 0 0 0 0 0 0 0 0 0 0 0 0 0 0 0 0 0 0 0 0 0 0 0 0 0 0 0 0 0 0 0 0 0 0 0 0 0 0 0 0 0 0 0 0 0 0 0 0 0 0 0 0 0 0 0 0 0 0 0 0 0 0 0 0 0 0 0 0 0 0 0 0 0 0 0 0 0 0 0 0 0 0 0 0 0 0 0 0 0 0 0 0 0 0 0 0 0 0 0 0 0 0 0 0 0 0 0 0 0 0 0 0 0 0 0 0 0 0 0 0 0 0 0 0 0 0 0 0 0 0 0 0 0 0 0 0 0 0 0 0 0 0 0 0 0 0 0 0 0 0 0 0 0 0 0 0 0 0 0 0 0 0 0 0 0 0 0 0 0 0 0 0 0 0 0 0 0 0 0 0 0 0 0 0 0 0 0 0 0 0 0 0 0 0 0 0 0 0 0 0 0 0 0 0 0 0 0 0 0 0 0 0 0 0 0 0 0 0 0 0 0 0 0 0 0 0 0 0 0 0 0 0 0 0 0 0 0 0 0 0 0 0 0 0 0 0 0 0 0 0 0 0 0 0 0 0 0 0 0 0 0 0 0 0 0 0 0 0 0 0 0 0 0 0 0 0 0 0 0 0 0 0 0 0 0 0 0 0 0 0 0 0 0 0 0 0 0 0 0 0 0 0 0 0 0 0 0 0 0 0 0 0 0 0 0 0 0 0 0 0 0 0 0 0 0 0 0 0 0 0 0 0 0 0 0 0 0 0 0 0 0 0 0 0 0 0 0 0 0 0 0 0 0 0 0 0 0 0 0 0 0 0 0 0 0 0 0 0 0 0 0 0 0 0 0 0 0 0 0 0 0 0 0 0 0 0 0 0 0 0 0 0 0 0 0 0 0 0 0 0 0 0 0 0 0 0 0 0 0 0 0 0 0 0 0 0 0 0 0 0 0 0 0 0 0 0 0 0 0 0 0 0 0 0 0 0 0 0 0 0 0 0 0 0 0 0 0 0 0 0 0 0 0 0 0 0 0 0 0 0 0 0 0 0 0 0 0 0 0 0 0 0 0 0 0 0 0 0 0 0 0 0 0 0 0 0 0 0 0 0 0 0 0 0 0 0 0 0 0 0 0 0 0 0 0 0 0 0 0 0 0 0 0 0 0 0 0 0 0 0 0 0 0 0 0 0 0 0 0 0 0 0 0 0 0 0 0 0 0 0 0 0 0 0 0 0 0 0 0 0 0 0 0 0 0 0 0 0 0 0 0 0 0 0 0 0 0 0 0 0 0 0 0 0 0 0 0 0 0 0 0 0 0 0 0 0 0 0 0 0 0 0 0 0 0 0 0 0 0 0 0 0 0 0 0 0 0 0 0 0 0 0 0 0 0 0 0 0 0 0 0 0 0 0 0 0 0 0 0 0 0 0 0 0 0 0 0 0 0 0 0 0 0 0 0 0 0 0 0 0 0 0 0 0 0 0 0 0 0 0 0 0 0 0 0 0 0 0 0 0 0 0 0 0 0 0 0 0 0 0 0 0 0 0 0 0 0 0 0 0 0 0 0 0 0 0 0 0 0 0 0 0 0 0 0 0 0 0 0 0 0 0 0 0 0 0 0 0 0 0 0 0 0 0 0 0 0 0 0 0 0 0 0 0 0 0 0 0 0 0 0 0 0 0 0 0 0 0 0 0 0 0 0 0 0 0 0 0 0 0 0 0 0 0 0 0 0 0 0 0 0 0 0 0 0 0 0 0 0 0 0 0 0 0 0 0 0 0 0 0 0 0 0 0 0 0 0 0 0 0 0 0 0 0 0 0 0 0 0 0 0 0 0 0 0 0 0 0 0 0 0 0 0 0 0 0 0 0 0 0 0 0 0 0 0 0 0 0 0 0 0 0 0 0 0 0 0 0 0 0 0 0 0 0 0 0 0 0 0 0 0 0 0 0 0 0 0 0 0 0 0 0 0 0 0 0 0 0 0 0 0 0 0 0 0 0 0 0 0 0 0 0 0 0 0 0 0 0 0 0 0 0 0 0 0 0 0 0 0 0 0 0 0 0 0 0 0 0 0 0 0 0 0 0 0 0 0 0 0 0 0 0 0 0 0 0 0 0 0 0 0 0 0 0 0 0 0 0 0 0 0 0 0 0 0 0 0 0 0 0 0 0 0 0 0 0 0 0 0 0 0 0 0 0 0 0 0 0 0 0 0 0 0 0 0 0 0 0 0 0 0 0 0 0 0 0 0 0 0 0 0 0 0 0 0 0 0 0 0 0 0 0 0 0 0 0 0 0 0 0 0 0 0 0 0 0 0 0 0 0 0 0 0 0 0 0 0 0 0 0 0 0 0 0 0 0 0 0 0 0 0 0 0 0 0 0 0 0 0 0 0 0 0 0 0 0 0 0 0 0 0 0 0 0 0 0 0 0 0 0 0 0 0 0 0 0 0 0 0 0 0 0 0 0 0 0 0 0 0 0 0 0 0 0 0 0 0 0 0 0 0 0 0 0 0 0 0 0 0 0 0 0 0 0 0 0 0 0 0 0 0 0 0 0 0 0 0 0 0 0 0 0 0 0 0 0 0 0 0 0 0 0 0 0 0 0 0 0 0 0 0 0 0 0 0 0 0 0 0 0 0 0 0 0 0 0 0 0 0 0 0 0 0 0 0 0 0 0 0 0 0 0 0 0 0 0 0 0 0 0 0 0 0 0 0 0 0 0 0 0 0 0 0 0 0 0 0 0 0 0 0 0 0 0 0 0 0 0 0 0 0 0 0 0 0 0 0 0 0 0 0 0 0 0 0 0 0 0 0 0 0 0 0 0 0 0 0 0 0 0 0 0 0 0 0 0 0 0 0 0 0 0 0 0 0 0 0 0 0 0 0 0 0 0 0 0 0 0 0 0 0 0 0 0 0 0 0 0 0 0 0 0 0 0 0 0 0 0 0 0 0 0 0 0 0 0 0 0 0 0 0 0 0 0 0 0 0 0 0 0 0 0 0 0 0 0 0 0 0 0 0 0 0 0 0 0 0 0 0 0 0 0 0 0 0 0 0 0 0 0 0 0 0 0 0 0 0 0 0 0 0 0 0 0 0 0 0 0 0 0 0 0 0 0 0 0 0 0 0 0 0 0 0 0 0 0 0 0 0 0 0 0 0 0 0 0 0 0 0 0 0 0 0 0 0 0 0 0 0 0 0 0 0 0 0 0 0 0 0 0 0 0 0 0 0 0 0 0 0 0 0 0 0 0 0 0 0 0 0 0 0 0 0 0 0 0 0 0 0 0 0 0 0 0 0 0 0 0 0 0 0 0 0 0 0 0 0 0 0 0 0 0 0 0 0 0 0 0 0 0 0 0 0 0 0 0 0 0 0 0 0 0 0 0 0 0 0 0 0 0 0 0 0 0 0 0 0 0 0 0 0 0 0 0 0 0 0 0 0 0 0 0 0 0 0 0 0 0 0 0 0 0 0 0 0 0 0 0 0 0 0 0 0 0 0 0 0 0 0 0 0 0 0 0 0 0 0 0 0 0 0 0 0 0 0 0 0 0 0 0 0 0 0 0 0 0 0 0 0 0 0 0 0 0 0 0 0 0 0 0 0 0 0 0 0 0 0 0 0 0 0 0 0 0 0 0 0 0 0 0 0 0 0 0 0 0 0 0 0 0 0 0 0 0 0 0 0 0 0 0 0 0 0 0 0 0 0 0 0 0 0 0 0 0 0 0 0 0 0 0 0 0 0 0 0 0 0 0 0 0 0 0 0 0 0 0 0 0 0 0 0 0 0 0 0 0 0 0 0 0 0 0 0 0 0 0 0 0 0 0 0 0 0 0 0 0 0 0 0 0 0 0 0 0 0 0 0 0 0 0 0 0 0 0 0 0 0 0 0 0 0 0 0 0
</DataArray>
<DataArray type="Float32" Name="order_param" format="ascii">
0.8169 0.6837 0.7997 0.6982 0.8181 0.8228 0.8357 0.7688 0.8158 0.6207 0.5965 0.7127 0.6525 0.7006 0.7535 0.6125 0.6684 0.6548 0.7575 0.7837 0.7732 0.8132 0.7538 0.8200 0.7933 0.6348 0.7951 0.7720 0.4744 0.5942 0.7940 0.7890 0.5348 0.7788 0.6245 0.8149 0.7040 0.7150 0.6929 0.7086 0.6632 0.7582 0.7078 0.6593 0.7357 0.6567 0.7324 0.7642 0.7912 0.6346 0.8594 0.7443 0.8249 0.7374 0.7554 0.7623 0.5845 0.8344 0.6128 0.6511 0.8326 0.6779 0.8335 0.7985 0.7122 0.7240 0.7920 0.8351 0.8442 0.6023 0.7270 0.8229 0.7413 0.7480 0.6821 0.6887 0.6686 0.8038 0.6980 0.7104 0.5518 0.7594 0.6314 0.7336 0.6738 0.7146 0.6752 0.7964 0.7626 0.6097 0.7705 0.6775 0.8175 0.7823 0.7704 0.6753 0.8250 0.8111 0.6858 0.7132 0.7803 0.7990 0.7027 0.7851 0.5571 0.8113 0.7496 0.6991 0.7471 0.8209 0.8256 0.8181 0.6410 0.6939 0.6127 0.7256 0.7260 0.7762 0.8024 0.7231 0.7924 0.7546 0.5427 0.6634 0.7696 0.8698 0.7040 0.6905 0.7777 0.7657 0.6372 0.7703 0.5489 0.6050 0.7034 0.6957 0.8390 0.7015 0.7731 0.8251 0.7866 0.7305 0.7557 0.8255 0.6850 0.8370 0.6832 0.6342 0.7147 0.7602 0.7695 0.8347 0.7959 0.7225 0.6136 0.8215 0.6210 0.7873 0.7395 0.6710 0.7050 0.7384 0.7659 0.8247 0.7918 0.6394 0.7733 0.7676 0.7808 0.6214 0.7419 0.7185 0.6906 0.7429 0.5891 0.6421 0.6542 0.7853 0.5994 0.6338 0.6318 0.7461 0.7987 0.5852 0.7862 0.8245 0.7247 0.6142 0.8433 0.5842 0.7852 0.6717 0.7217 0.8083 0.6520 0.6364 0.8174 0.7963 0.8183 0.7778 0.8067 0.7955 0.5859 0.7358 0.6665 0.7856 0.7277 0.7846 0.8008 0.7791 0.8513 0.7195 0.8485 0.6336 0.5641 0.8241 0.8170 0.7739 0.6678 0.7412 0.7825 0.8194 0.7612 0.7782 0.7822 0.6432 0.8349 0.7092 0.5660 0.5347 0.6895 0.6216 0.7991 0.6999 0.7214 0.7998 0.6675 0.6933 0.6554 0.7159 0.7933 0.5879 0.7190 0.5427 0.6058 0.7942 0.6932 0.7916 0.7003 0.6526 0.7511 0.7641 0.6763 0.7103 0.6434 0.6056 0.6437 0.7163 0.6283 0.7425 0.8210 0.6734 0.7700 0.7980 0.6021 0.7077 0.6509 0.6871 0.5816 0.7507 0.8180 0.7321 0.7103 0.5563 0.7784 0.8222 0.7855 0.8424 0.8028 0.6371 0.7902 0.5789 0.8818 0.6551 0.5504 0.8000 0.7797 0.7695 0.6961 0.8178 0.6950 0.6347 0.7581 0.6516 0.5384 0.6713 0.7985 0.8104 0.6206 0.7637 0.7398 0.7987 0.7371 0.7421 0.5817 0.8647 0.8173 0.7377 0.7084 0.6754 0.7017 0.5730 0.6478 0.5953 0.7265 0.7944 0.8406 0.7804 0.7710 0.7957 0.6868 0.6281 0.7759 0.8216 0.5012 0.7148 0.7094 0.5904 0.7740 0.7594 0.6193 0.6892 0.5870 0.8101 0.7855 0.7155 0.7051 0.6552 0.6897 0.8215 0.8357 0.5727 0.8408 0.7956 0.6863 0.7945 0.6727 0.5897 0.7222 0.8045 0.7728 0.6577 0.7387 0.7348 0.7531 0.6984 0.5747 0.7717 0.7599 0.6841 0.7656 0.6240 0.7695 0.8259 0.7721 0.6059 0.7474 0.6061 0.5748 0.8091 0.7460 0.7678 0.5591 0.8099 0.7604 0.7584 0.5507 0.6976 0.6847 0.7586 0.5543 0.8091 0.5858 0.7033 0.6691 0.5904 0.8371 0.8050 0.7368 0.6176 0.7405 0.8189 0.7532 0.7793 0.7039 0.7500 0.7409 0.7974 0.8024 0.7167 0.5962 0.7574 0.7892 0.6106 0.6408 0.7474 0.5689 0.6985 0.6234 0.7782 0.7092 0.8108 0.6513 0.6446 0.7433 0.6352 0.7965 0.6769 0.7567 0.6597 0.7117 0.7420 0.8083 0.7938 0.8177 0.6850 0.7865 0.8261 0.7003 0.7978 0.7867 0.5996 0.6120 0.6710 0.8307 0.7679 0.8180 0.7474 0.6437 0.8103 0.5905 0.7324 0.7058 0.6647 0.7387 0.6755 0.7488 0.6660 0.7632 0.6056 0.8051 0.6387 0.7357 0.8088 0.6506 0.6918 0.8295 0.5683 0.6891 0.5944 0.7084 0.6631 0.6589 0.5511 0.7663 0.7378 0.5749 0.7579 0.8448 0.7101 0.6028 0.7309 0.7877 0.7157 0.7156 0.7815 0.7657 0.7242 0.7451 0.8085 0.6691 0.8249 0.7685 0.6759 0.7255 0.8031 0.7106 0.7159 0.7158 0.7724 0.7573 0.7680 0.7041 0.6345 0.7542 0.7231 0.5998 0.8403 0.7519 0.7213 0.7499 0.8358 0.7950 0.6262 0.7452 0.7332 0.8307 0.7631 0.7747 0.7882 0.7137 0.8117 0.8296 0.8811 0.8023 0.7367 0.6949 0.5687 0.7810 0.7756 0.6290 0.5965 0.7254 0.7167 0.7943 0.7826 0.6732 0.6949 0.6332 0.7847 0.7212 0.6036 0.6087 0.7887 0.6787 0.7070 0.7421 0.7934 0.6803 0.7078 0.8320 0.7174 0.7793 0.7474 0.7124 0.7202 0.7650 0.6979 0.5033 0.8179 0.5856 0.8079 0.6727 0.7481 0.7751 0.7190 0.7565 0.7672 0.5893 0.7721 0.7303 0.7694 0.7388 0.5895 0.7464 0.7290 0.7744 0.7537 0.7643 0.8130 0.7649 0.6520 0.7644 0.6594 0.6355 0.6301 0.7549 0.7465 0.7732 0.4828 0.7341 0.8260 0.8118 0.7190 0.7210 0.7783 0.6212 0.8105 0.6565 0.6821 0.8137 0.6499 0.8401 0.7477 0.8107 0.7577 0.7620 0.7468 0.6224 0.7556 0.8190 0.7861 0.6043 0.6271 0.7456 0.6022 0.8212 0.7058 0.8657 0.6051 0.6462 0.6836 0.7472 0.7239 0.6142 0.6651 0.7375 0.7736 0.7888 0.6638 0.8533 0.7756 0.6377 0.6813 0.8480 0.7521 0.8057 0.8309 0.7334 0.6666 0.7072 0.5504 0.6923 0.6435 0.7545 0.7992 0.8302 0.8512 0.7154 0.6608 0.6208 0.6297 0.6048 0.6901 0.7518 0.7801 0.7535 0.5698 0.7759 0.8331 0.6492 0.7591 0.7823 0.7194 0.7919 0.5988 0.6561 0.6816 0.6826 0.6837 0.5533 0.8101 0.6509 0.7624 0.6081 0.7904 0.6799 0.8150 0.6382 0.7663 0.8346 0.7596 0.6910 0.6919 0.7313 0.6024 0.7467 0.7791 0.6863 0.7667 0.6970 0.6812 0.8225 0.6478 0.7919 0.7249 0.5086 0.7242 0.7634 0.6801 0.7653 0.8108 0.7549 0.7400 0.6299 0.7795 0.7737 0.7230 0.7363 0.7430 0.8003 0.7250 0.6121 0.7251 0.7659 0.6306 0.7143 0.5808 0.7431 0.4986 0.7431 0.7542 0.5754 0.5470 0.7969 0.8224 0.7627 0.6290 0.6495 0.6988 0.6222 0.6400 0.8230 0.7911 0.8533 0.6320 0.8289 0.5296 0.8092 0.7554 0.7958 0.6212 0.7678 0.6804 0.7274 0.7488 0.7603 0.6064 0.5419 0.7768 0.8430 0.5591 0.6980 0.6642 0.5772 0.7702 0.7957 0.7898 0.7619 0.8313 0.7641 0.8333 0.7720 0.8370 0.7054 0.5995 0.8244 0.7963 0.7414 0.7178 0.5837 0.7775 0.8534 0.7505 0.7485 0.5320 0.7589 0.7500 0.7396 0.5080 0.6138 0.8140 0.6558 0.6503 0.8307 0.6763 0.6742 0.7365 0.6063 0.6554 0.7702 0.6095 0.7488 0.6806 0.7658 0.6815 0.7520 0.6820 0.4971 0.6576 0.6834 0.6890 0.6286 0.5996 0.7159 0.5955 0.7674 0.7077 0.7457 0.8076 0.7113 0.8110 0.6271 0.7275 0.7404 0.7779 0.7425 0.6423 0.6683 0.7633 0.6975 0.8461 0.7706 0.7332 0.8119 0.6954 0.7596 0.7379 0.7617 0.7553 0.7773 0.7317 0.7686 0.7725 0.6839 0.6827 0.7335 0.8387 0.5671 0.7688 0.8691 0.7993 0.8277 0.7083 0.5722 0.7734 0.7918 0.7810 0.7501 0.6474 0.5666 0.6680 0.8074 0.8477 0.6137 0.6504 0.8062 0.7928 0.5937 0.6712 0.7194 0.6046 0.5806 0.5793 0.8271 0.7610 0.5207 0.7138 0.7885 0.7427 0.7677 0.8399 0.7022 0.7117 0.7212 0.8060 0.7886 0.5530 0.6789 0.8247 0.5798 0.6718 0.7861 0.7434 0.6706 0.6065 0.7193 0.7952 0.5316 0.6845 0.8205 0.6400 0.8306 0.7801 0.6690 0.6694 0.8215 0.7585 0.6257 0.6825 0.6348 0.7641 0.6742 0.7983 0.8278 0.6663 0.6996 0.6878 0.5610 0.8121 0.6218 0.6561 0.6887 0.7488 0.8199 0.8003 0.7702 0.6963 0.7875 0.7903 0.6900 0.8152 0.7053 0.7589 0.5988 0.7235 0.8091 0.6501 0.5864 0.6836 0.7312 0.8210 0.5979 0.7092 0.8194 0.7950 0.7310 0.7048 0.8380 0.8157 0.7361 0.7562 0.6331 0.5669 0.8377 0.8137 0.5672 0.7792 0.7129 0.8073 0.7957 0.8175 0.7655 0.8102 0.7851 0.7962 0.7947 0.7223 0.8071 0.8648 0.7449 0.7867 0.6945 0.7028 0.6400 0.8286 0.7958 0.8380 0.6314 0.7270 0.7246 0.7812 0.7468 0.7234 0.6501 0.5895 0.6382 0.6278 0.8013 0.7540 0.7932 0.8040 0.6871 0.6503 0.6100 0.6951 0.6585 0.8403 0.5814 0.5525 0.8143 0.5868 0.7257 0.5826 0.7235 0.5955 0.6747 0.6703 0.6440 0.6569 0.6561 0.6522 0.8514 0.6054 0.7685 0.6776 0.8624 0.8152 0.8138 0.7765 0.7734 0.6869 0.7361 0.7755 0.6652 0.4996 0.6172 0.7066 0.7532 0.5420 0.7559 0.8394 0.7086 0.6492 0.8318 0.6224 0.8091 0.6770 0.7769 0.7455 0.5853 0.6479 0.6291 0.7257 0.7035 0.6782 0.6504 0.8132 0.5987 0.8005 0.6231 0.6479 0.7737 0.6197 0.8253 0.6657 0.8173 0.6823 0.6435 0.6602 0.8174 0.6669 0.7883 0.5957 0.8033 0.7011 0.7915 0.7894 0.8416 0.7673 0.6535 0.7671 0.6159 0.7923 0.8555 0.7400 0.8611 0.7673 0.7983 0.7044 0.7090 0.8269 0.7855 0.7035 0.7191 0.7991 0.6258 0.6914 0.5780 0.7624 0.7575 0.8116 0.7290 0.7280 0.7645 0.7929 0.7791 0.5882 0.8380 0.6269 0.7199 0.5436 0.7457 0.7590 0.7876 0.5570 0.7360 0.6194 0.7923 0.7507 0.7716 0.8013 0.7565 0.8076 0.6750 0.8350 0.7904 0.6767 0.7367 0.7597 0.6575 0.7057 0.5679 0.7542 0.7571 0.6338 0.7154 0.8520 0.7164 0.8074 0.8337 0.6916 0.7902 0.6643 0.6981 0.7018 0.6023 0.6972 0.6261 0.7933 0.7746 0.7235 0.6724 0.7602 0.7088 0.6154 0.7844 0.8014 0.8530 0.6429 0.5662 0.7249 0.6110 0.7591 0.5560 0.5717 0.7189 0.6196 0.7327 0.8255 0.6444 0.5935 0.6861 0.6913 0.7740 0.7279 0.8347 0.7225 0.6815 0.7399 0.7531 0.8032 0.6696 0.6586 0.6624 0.7602 0.7762 0.5834 0.7422 0.5532 0.7903 0.7123 0.7704 0.6292 0.6673 0.8595 0.7619 0.8228 0.6325 0.6976 0.7985 0.7249 0.7039 0.7589 0.6672 0.7662 0.8214 0.7141 0.7691 0.7364 0.7300 0.7366 0.6536 0.8004 0.5815 0.7761 0.7625 0.7261 0.7607 0.5740 0.7246 0.6403 0.7910 0.7626 0.7801 0.8572 0.7260 0.7628 0.8430 0.6306 0.7965 0.5793 0.8154 0.7045 0.6343 0.5572 0.7938 0.6294 0.8117 0.8176 0.6707 0.7676 0.8461 0.6476 0.6474 0.7874 0.7631 0.5649 0.7588 0.8230 0.7071 0.6878 0.6045 0.4892 0.7825 0.7583 0.6498 0.7777 0.8714 0.7093 0.7348 0.6927 0.8011 0.6899 0.5675 0.7656 0.7857 0.5900 0.5340 0.7197 0.7454 0.7665 0.8665 0.7370 0.7206 0.8658 0.6605 0.6627 0.6197 0.8276 0.6491 0.7827 0.7409 0.7878 0.5727 0.7998 0.7579 0.7590 0.7339 0.7980 0.7609 0.8374 0.8121 0.7640 0.7595 0.6316 0.7621 0.8020 0.7565 0.6625 0.7200 0.7133 0.7515 0.8339 0.6068 0.7066 0.6742 0.7479 0.8309 0.8278 0.7246 0.6960 0.6594 0.7984 0.6176 0.7719 0.7174 0.6725 0.6826 0.7559 0.8041 0.7634 0.7775 0.7170 0.6115 0.8147 0.8088 0.7793 0.8255 0.7483 0.7657 0.7040 0.6702 0.6479 0.7326 0.7019 0.7573 0.7578 0.7546 0.7087 0.6762 0.6774 0.7086 0.8300 0.7694 0.7041 0.7705 0.7551 0.7965 0.8559 0.8012 0.7519 0.7934 0.6762 0.8006 0.6298 0.7762 0.5452 0.6517 0.7506 0.6684 0.8141 0.6181 0.6971 0.8556 0.7188 0.7749 0.6727 0.6539 0.7608 0.6485 0.8272 0.8427 0.5847 0.7910 0.7793 0.6533 0.7392 0.8111 0.7347 0.7470 0.6739 0.6961 0.6492 0.5850 0.7947 0.8073 0.7595 0.7226 0.7575 0.7344 0.7336 0.7977 0.8199 0.5991 0.6787 0.7739 0.8096 0.8421 0.8182 0.7490 0.7742 0.7608 0.5060 0.8264 0.6431 0.7340 0.7910 0.7661 0.7872 0.8275 0.6275 0.7969 0.8275 0.7601 0.7935 0.8172 0.6345 0.6490 0.6696 0.7870 0.7085 0.8223 0.6277 0.5862 0.7951 0.7531 0.6789 0.6264 0.7632 0.6929 0.7570 0.7689 0.8217 0.6809 0.7297 0.6682 0.7935 0.5788 0.6420 0.8168 0.7930 0.6935 0.7662 0.7657 0.5382 0.7697 0.7656 0.5654 0.4937 0.6912 0.8101 0.6134 0.6253 0.6989 0.7654 0.8192 0.5485 0.7237 0.7709 0.6578 0.7382 0.5865 0.7837 0.8170 0.5480 0.7823 0.6965 0.6453 0.7799 0.7258 0.6837 0.6027 0.5640 0.8217 0.5500 0.7815 0.8626 0.6883 0.6359 0.7703 0.8239 0.5412 0.7721 0.7638 0.8630 0.6186 0.7627 0.8109 0.7932 0.7266 0.7088 0.5637 0.8369 0.8258 0.7858 0.7244 0.7588 0.5954 0.8186 0.8000 0.7834 0.7648 0.6934 0.8119 0.7318 0.7270 0.7449 0.7817 0.6957 0.8168 0.8218 0.7106 0.6965 0.6594 0.6247 0.7544 0.5679 0.6382 0.7106 0.8097 0.7539 0.7700 0.5370 0.5179 0.8378 0.7656 0.7289 0.7880 0.8013 0.7807 0.7812 0.7843 0.6753 0.5856 0.8220 0.6988 0.7907 0.8301 0.7976 0.6090 0.8308 0.7497 0.7039 0.7828 0.7271 0.6509 0.7862 0.6487 0.7923 0.7406 0.6230 0.6102 0.5981 0.7689 0.7388 0.8049 0.7795 0.8639 0.6051 0.7504 0.7510 0.5515 0.7823 0.7708 0.5814 0.6134 0.7951 0.4973 0.7753 0.7247 0.6814 0.7444 0.6916 0.8089 0.6016 0.7094 0.8314 0.6575 0.7441 0.7155 0.7307 0.7151 0.7949 0.7330 0.8223 0.8391 0.8162 0.8147 0.7567 0.6406 0.6918 0.7097 0.7833 0.8246 0.6933 0.8085 0.6291 0.7633 0.7557 0.8131 0.6833 0.6985 0.6258 0.6208 0.6653 0.6035 0.7348 0.8404 0.7980 0.7660 0.6821 0.7494 0.6705 0.7820 0.6808 0.7983 0.5382 0.5439 0.7185 0.7405 0.6994 0.8163 0.7527 0.7915 0.7885 0.5848 0.6329 0.7225 0.6814 0.7608 0.7420 0.8214 0.8048 0.7652 0.7949 0.6177 0.7117 0.7965 0.8056 0.7466 0.7495 0.8189 0.7000 0.6876 0.7693 0.7747 0.8757 0.7803 0.7008 0.6987 0.6511 0.7438 0.7479 0.8174 0.7700 0.7237 0.7293 0.6286 0.6622 0.7743 0.7223 0.7403 0.6630 0.8493 0.7558 0.6098 0.6521 0.7764 0.7854 0.8153 0.6307 0.5303 0.6076 0.7298 0.7827 0.7505 0.7460 0.6075 0.8075 0.7244 0.8289 0.7240 0.7812 0.7285 0.7458 0.7677 0.7765 0.7277 0.8264 0.7264 0.6130 0.6593 0.6458 0.8375 0.6710 0.6886 0.7448 0.7334 0.6549 0.7412 0.5719 0.7832 0.5150 0.7128 0.7250 0.7451 0.6948 0.8710 0.7654 0.6788 0.7150 0.6409 0.7016 0.8426 0.8425 0.7883 0.8164 0.6902 0.7032 0.7810 0.5749 0.8207 0.6049 0.7837 0.8109 0.6962 0.7783 0.6946 0.6855 0.8021 0.7049 0.6596 0.7030 0.6424 0.6981 0.7107 0.7662 0.6632 0.7136 0.7868 0.7200 0.7154 0.7418 0.7969 0.8499 0.8451 0.7683 0.6852 0.6904 0.6814 0.8190 0.8112 0.7672 0.8222 0.6025 0.7885 0.7660 0.7511 0.7963 0.6703 0.9051 0.7420 0.6344 0.8210 0.7536 0.5998 0.5948 0.7840 0.8316 0.6735 0.6644 0.7511 0.7081 0.6134 0.6181 0.6702 0.7631 0.8309 0.8189 0.7111 0.7885 0.5572 0.7383 0.6112 0.6615 0.7961 0.7218 0.6765 0.5726 0.7413 0.7641 0.7893 0.5787 0.5398 0.8228 0.7533 0.7634 0.5779 0.5824 0.7705 0.7171 0.7689 0.6323 0.7116 0.7327 0.6548 0.7633 0.7015 0.7603 0.8391 0.7884 0.8151 0.8196 0.7287 0.5518 0.7495 0.7565 0.7656 0.6755 0.6236 0.8067 0.6904 0.6966 0.6355 0.7593 0.7817 0.6393 0.6864 0.7413 0.8214 0.6334 0.7075 0.6366 0.8035 0.8329 0.7864 0.6915 0.8355 0.8407 0.7304 0.7742 0.8043 0.7239 0.7681 0.7800 0.7279 0.6972 0.6786 0.8068 0.7321 0.8273 0.6340 0.7796 0.8398 0.7266 0.7832 0.7823 0.8090 0.7962 0.7412 0.6453 0.7633 0.6706 0.5941 0.5710 0.6973 0.6044 0.7953 0.7021 0.7445 0.6655 0.8009 0.7282 0.6000 0.8385 0.8246 0.7774 0.7115 0.7303 0.6184 0.6261 0.7683 0.7638 0.8146 0.7285 0.6611 0.8093 0.6057 0.6095 0.7959 0.7037 0.7563 0.8398 0.6071 0.7605 0.8078 0.7918 0.7797 0.7071 0.6099 0.7690 0.7096 0.6171 0.6448 0.8044 0.7424 0.8620 0.7999 0.7261 0.7607 0.7642 0.7757 0.7847 0.6744 0.7065 0.6945 0.5852 0.7559 0.8080 0.8169 0.7258 0.7693 0.7642 0.7400 0.8422 0.7278 0.7864 0.8177 0.8016 0.6087 0.5982 0.6436 0.7845 0.7039 0.7044 0.6877 0.7808 0.8080 0.7186 0.7874 0.6473 0.5596 0.7453 0.7722 0.7664 0.7540 0.5472 0.8124 0.6490 0.6645 0.8170 0.7892 0.5433 0.7914 0.7739 0.7037 0.7059 0.7271 0.5648 0.7603 0.7461 0.7699 0.7588 0.8261 0.8547 0.8552 0.7567 0.6723 0.7419 0.7771 0.7019 0.8223 0.7307 0.8038 0.7944 0.7979 0.7830 0.7966 0.6943 0.7397 0.7715 0.7393 0.8038 0.7574 0.6458 0.8018 0.7713 0.7576 0.7791 0.8133 0.7954 0.6572 0.7071 0.7665 0.7071 0.7584 0.7076 0.6356 0.7627 0.7457 0.7217 0.7677 0.7496 0.7840 0.7943 0.8011 0.6554 0.6029 0.7549 0.7299 0.8394 0.8477 0.6639 0.7449 0.5658 0.7214 0.7501 0.7447 0.6120 0.6496 0.8040 0.7994 0.5513 0.7303 0.8283 0.6708 0.7228 0.8024 0.6412 0.8124 0.7054 0.7205 0.7825 0.5775 0.8162 0.7955 0.8026 0.7985 0.6296 0.6499 0.7546 0.7955 0.6566 0.7395 0.6115 0.6234 0.6135 0.6344 0.5478 0.7860 0.7967 0.7021 0.7878 0.5592 0.7050 0.7904 0.6544 0.7391 0.6112 0.6453 0.8066 0.6034 0.7664 0.8320 0.8107 0.6506 0.7371 0.6989 0.6730 0.7181 0.7279 0.8409 0.7165 0.8064 0.6694 0.6698 0.6335 0.7264 0.7479 0.6228 0.6611 0.7619 0.7864 0.5683 0.6788 0.5723 0.6435 0.7844 0.6586 0.6943 0.7638 0.5566 0.7389 0.7509 0.8150 0.7473 0.8205 0.5967 0.5979 0.7844 0.7827 0.6146 0.8263 0.8197 0.6600 0.6709 0.8657 0.7624 0.7833 0.7298 0.6401 0.6647 0.6747 0.5985 0.7966 0.7576 0.6702 0.8113 0.6394 0.7700 0.6528 0.8143 0.6594 0.6777 0.6641 0.7331 0.6489 0.6799 0.6883 0.7479 0.6472 0.7856 0.7915 0.5761 0.7762 0.7801 0.7206 0.6616 0.6544 0.5831 0.8124 0.7678 0.7473 0.7855 0.5969 0.6834 0.7370 0.8221 0.8249 0.7778 0.8004 0.6226 0.6465 0.8295 0.8142 0.8052 0.7416 0.6232 0.8479 0.7328 0.7502 0.7830 0.7028 0.7706 0.7297 0.7639 0.6216 0.7225 0.7235 0.7460 0.7075 0.6887 0.7950 0.7510 0.7533 0.6063 0.7833 0.7672 0.7625 0.7642 0.6445 0.8602 0.7582 0.8355 0.7711 0.5640 0.7305 0.7099 0.7815 0.7344 0.6930 0.5695 0.7130 0.7790 0.6296 0.6253 0.7426 0.8014 0.7577 0.6418 0.7421 0.7706 0.7501 0.7767 0.8586 0.7645 0.7949 0.6445 0.7812 0.7118 0.7432 0.7578 0.7296 0.5847 0.8393 0.7640 0.7741 0.6848 0.7315 0.8171 0.6002 0.7599 0.7399 0.7965 0.8574 0.7031 0.5831 0.6133 0.8192 0.7891 0.7482 0.8467 0.7234 0.7702 0.7385 0.7122 0.7188 0.7618 0.6396 0.5296 0.6821 0.8086 0.5688 0.7196 0.7336 0.7795 0.6965 0.7837 0.7674 0.7787 0.6046 0.7837 0.7533 0.6554 0.8434 0.7874 0.8285 0.7528 0.7978 0.6087 0.6574 0.7293 0.7998 0.7418 0.8029 0.7891 0.7518 0.7855 0.8317 0.5621 0.7546 0.7055 0.8003 0.7282 0.7170 0.6978 0.8183 0.7983 0.7451 0.6855 0.7746 0.7121 0.8372 0.7589 0.6514 0.7076 0.7437 0.7459 0.8146 0.5899 0.7741 0.5715 0.8476 0.6947 0.7049 0.6819 0.5912 0.7142 0.6456 0.7887 0.7354 0.8504 0.7159 0.7755 0.7387 0.8217 0.7889 0.8673 0.6729 0.5397 0.6401 0.7289 0.8029 0.6929 0.7640 0.6912 0.7647 0.6111 0.8091 0.7347 0.8202 0.4970 0.6605 0.6516 0.6437 0.6698 0.6712 0.6858 0.6746 0.7100 0.7132 0.7031 0.8147 0.7368 0.6713 0.5808 0.5851 0.8086 0.5948 0.6934 0.7925 0.7386 0.7705 0.6941 0.7972 0.6050 0.6314 0.7385 0.5802 0.7224 0.6755 0.7909 0.6467 0.7702 0.7977 0.7313 0.7679 0.5202 0.6990 0.6551 0.5593 0.7884 0.8093 0.6063 0.6761 0.5857 0.6928 0.6895 0.7598 0.7053 0.8296 0.6979 0.7057 0.8042 0.7544 0.8187 0.8250 0.7888 0.7158 0.8006 0.6899 0.7825 0.8053 0.7378 0.8076 0.6180 0.6686 0.6485 0.5948 0.7599 0.7164 0.7718 0.7483 0.7906 0.7809 0.7924 0.8298 0.8448 0.6326 0.8101 0.7817 0.7149 0.6913 0.8389 0.6868 0.8276 0.7253 0.7729 0.6604 0.7380 0.7817 0.7004 0.7019 0.8079 0.8600 0.7557 0.7295 0.6278 0.7179 0.7157 0.7243 0.8116 0.6757 0.7485 0.5523 0.6577 0.7438 0.7552 0.6953 0.7866 0.5456 0.7512 0.6728 0.8394 0.7892 0.6368 0.8272 0.8029 0.6906 0.6603 0.8281 0.7800 0.6901 0.6018 0.8280 0.7773 0.6488 0.8096 0.7892 0.7586 0.8009 0.8018 0.6427 0.7821 0.8389 0.7908 0.7474 0.7593 0.6984 0.5971 0.6829 0.7959 0.8207 0.8199 0.7801 0.6996 0.6773 0.6952 0.5615 0.7921 0.6091 0.8109 0.7210 0.7221 0.6191 0.7947 0.7484 0.6300 0.6933 0.5890 0.7047 0.6987 0.7883 0.6430 0.5733 0.7786 0.7517 0.6279 0.5782 0.8127 0.7789 0.7848 0.6710 0.5949 0.7607 0.8471 0.7430 0.7322 0.6807 0.7700 0.5816 0.6985 0.7751 0.7439 0.6180 0.7909 0.7511 0.7894 0.6311 0.6287 0.6813 0.7828 0.8231 0.6831 0.7434 0.6614 0.9156 0.8706 0.9026 0.9259 0.9263 0.8701 0.9157 0.8717 0.9030 0.9178 0.8701 0.9065 0.8971 0.8875 0.9205 0.8847 0.9163 0.8721 0.9111 0.8459 0.8771 0.8607 0.8800 0.9188 0.9001 0.8908 0.8791 0.9029 0.8801 0.9047 0.8629 0.9311 0.8746 0.8659 0.9058 0.8981 0.9132 0.8895 0.8813 0.8774 0.9121 0.8871 0.9127 0.8941 0.8857 0.9360 0.9032 0.8435 0.9017 0.8735 0.8756 0.9092 0.9044 0.9039 0.8735 0.8619 0.9064 0.9246 0.9088 0.8941 0.8998 0.9103 0.9204 0.8733 0.8863 0.8963 0.8920 0.9023 0.8742 0.8960 0.8884 0.8975 0.8943 0.8760 0.9059 0.8646 0.8373 0.9134 0.8970 0.8697 0.8767 0.8502 0.8951 0.9158 0.8878 0.9007 0.9001 0.8869 0.8872 0.8909 0.8790 0.8667 0.9001 0.8955 0.9178 0.8780 0.8580 0.8955 0.9009 0.8665 0.9030 0.8694 0.8883 0.8699 0.9029 0.9120 0.9316 0.8898 0.8473 0.8938 0.8886 0.8676 0.8876 0.8769 0.8447 0.8907 0.8968 0.8923 0.9049 0.8849 0.8899 0.9206 0.8822 0.9128 0.9160 0.8847 0.8607 0.8845 0.8790 0.9095 0.8774 0.9059 0.8888 0.8735 0.9100 0.8609 0.8688 0.9097 0.8890 0.8849 0.8742 0.9008 0.8896 0.9023 0.9031 0.9167 0.9202 0.8974 0.8694 0.9101 0.9096 0.9027 0.8695 0.9023 0.9096 0.9029 0.8702 0.8705 0.8619 0.8983 0.8670 0.9025 0.8942 0.8851 0.8830 0.9013 0.8993 0.8499 0.8585 0.8727 0.8772 0.8628 0.8779 0.8643 0.8697 0.8873 0.9136 0.9129 0.9142 0.8851 0.8983 0.8367 0.8595 0.8680 0.8843 0.9113 0.9010 0.8924 0.9151 0.8682 0.8738 0.8838 0.8280 0.8978 0.9178 0.8690 0.9050 0.8583 0.8867 0.8882 0.8732 0.8725 0.8793 0.8773 0.8636 0.9077 0.8820 0.8788 0.9148 0.8851 0.9046 0.8608 0.8886 0.8900 0.8992 0.8547 0.9088 0.9109 0.8685 0.8576 0.9228 0.9079 0.8908 0.8843 0.9136 0.8589 0.9266 0.9041 0.8632 0.8661 0.8846 0.9219 0.8907 0.8458 0.8748 0.8907 0.8848 0.8492 0.8857 0.9168 0.8740 0.8925 0.9111 0.9070 0.8842 0.8826 0.8910 0.8904 0.9064 0.8967 0.8581 0.8831 0.9045 0.8771 0.9106 0.9040 0.8840 0.9234 0.8857 0.8806 0.8769 0.8873 0.8606 0.8954 0.8723 0.9027 0.8899 0.8872 0.9056 0.8868 0.9082 0.8922 0.8912 0.8992 0.8806 0.8826 0.8795 0.8665 0.9125 0.8780 0.8965 0.9018 0.9023 0.8904 0.8947 0.8703 0.8726 0.8532 0.8353 0.8754 0.8788 0.8725 0.9246 0.9110 0.8851 0.8597 0.8671 0.8916 0.8831 0.8866 0.8873 0.8582 0.9008 0.9276 0.8838 0.8692 0.8891 0.8697 0.8994 0.8843 0.8833 0.9081 0.8297 0.8907 0.8948 0.9004 0.8601 0.8927 0.8846 0.8774 0.8953 0.8842 0.9031 0.9118 0.8636 0.9150 0.8913 0.9036 0.9021 0.9163 0.9027 0.9116 0.9132 0.8657 0.8975 0.9279 0.8952 0.9080 0.9091 0.8824 0.9173 0.9031 0.8877 0.8665 0.9076 0.9031 0.9127 0.8936 0.8568 0.9184 0.9158 0.9217 0.8709 0.8774 0.8676 0.8885 0.9028 0.8891 0.9066 0.8570 0.8773 0.8774 0.9023 0.9109 0.8395 0.8570 0.9227 0.9095 0.8962 0.9021 0.8694 0.9043 0.8897 0.8497 0.8819 0.8961 0.9122 0.8490 0.9156 0.8983 0.9129 0.9069 0.8914 0.8916 0.9102 0.8891 0.8804 0.8825 0.9049 0.9086 0.9219 0.9180 0.9011 0.8691 0.8765 0.8568 0.9079 0.9001 0.9058 0.9127 0.8906 0.9231 0.9049 0.8922 0.8834 0.8945 0.8513 0.8731 0.8534 0.8811 0.8816 0.9008 0.8772 0.8906 0.8678 0.8953 0.9000 0.8900 0.8601 0.8829 0.9025 0.8987 0.8955 0.8903 0.9319 0.8776 0.8989 0.8965 0.9053 0.8744 0.8974 0.8718 0.8992 0.9105 0.9268 0.9055 0.9129 0.8962 0.9033 0.8645 0.8598 0.8545 0.9068 0.8950 0.8812 0.8946 0.8998 0.8737 0.9252 0.8958 0.8598 0.9047 0.9074 0.8679 0.8604 0.8858 0.8797 0.9079 0.8916 0.8927 0.9077 0.9138 0.8972 0.8891 0.8832 0.8794 0.8943 0.8601 0.9076 0.8875 0.9103 0.8818 0.8720 0.8771 0.9252 0.8861 0.8669 0.8512 0.8791 0.9056 0.8758 0.8901 0.9091 0.9039 0.8801 0.8470 0.9090 0.8960 0.8954 0.8958 0.9330 0.9058 0.8926 0.8901 0.9039 0.9116 0.8928 0.8791 0.8897 0.9034 0.8961 0.8830 0.8866 0.9158 0.8971 0.8716 0.9167 0.9033 0.9064 0.8777 0.8695 0.8985 0.8748 0.9140 0.9072 0.8677 0.8927 0.8640 0.8964 0.9062 0.8648 0.8840 0.8797 0.8330 0.9064 0.8754 0.8559 0.9024 0.8813 0.8990 0.9104 0.9033 0.8669 0.8741 0.8814 0.8720 0.9236 0.8824 0.8595 0.8510 0.9132 0.9280 0.8923 0.8877 0.8754 0.9169 0.8914 0.8724 0.8856 0.9294 0.8819 0.8831 0.8857 0.8636 0.9281 0.8919 0.9071 0.9086 0.8992 0.9138 0.8981 0.8713 0.9136 0.8935 0.8847 0.8768 0.8919 0.8644 0.9103 0.8909 0.9028 0.8888 0.8790 0.8974 0.8878 0.9198 0.8667 0.8871 0.9179 0.8386 0.8792 0.9084 0.8963 0.8662 0.8877 0.8843 0.9006 0.9105 0.8687 0.9023 0.9091 0.9040 0.8645 0.9103 0.8844 0.8559 0.9138 0.8895 0.8938 0.8930 0.8870 0.9112 0.8816 0.9140 0.8811 0.9070 0.8899 0.8970 0.9283 0.8812 0.8773 0.8755 0.8945 0.9071 0.8708 0.8894 0.8942 0.8930 0.8930 0.8963 0.9028 0.8616 0.9093 0.8987 0.8477 0.8888 0.8797 0.8906 0.9053 0.8962 0.9120 0.9075 0.9315 0.8961 0.9023 0.9185 0.9146 0.9108 0.8544 0.8862 0.9082 0.8634 0.8863 0.8863 0.8826 0.9095 0.8809 0.8585 0.9025 0.9108 0.8750 0.8751 0.8834 0.9168 0.8587 0.8804 0.9076 0.9031 0.8645 0.9194 0.8785 0.8700 0.8936 0.9161 0.8810 0.8933 0.8835 0.8683 0.8691 0.9125 0.9044 0.8916 0.9065 0.9023 0.8911 0.8833 0.9317 0.8835 0.9009 0.8590 0.8943 0.8875 0.8964 0.9072 0.8901 0.8940 0.8975 0.8874 0.8929 0.8590 0.8606 0.8513 0.8672 0.8978 0.8883 0.8899 0.8662 0.8978 0.9010 0.9016 0.8800 0.9074 0.9248 0.8996 0.9112 0.8572 0.8934 0.8820 0.8684 0.8752 0.8789 0.8956 0.8604 0.8753 0.8615 0.9044 0.8655 0.9311 0.8722 0.9002 0.8676 0.8956 0.8938 0.8930 0.8880 0.9050 0.9226 0.8968 0.8755 0.8659 0.8819 0.8968 0.8930 0.8728 0.8892 0.9119 0.8637 0.8955 0.8751 0.8562 0.9238 0.8518 0.9022 0.9030 0.9137 0.8679 0.8743 0.9095 0.8927 0.8872 0.9026 0.9063 0.8891 0.9047 0.9133 0.8808 0.9118 0.8927 0.8743 0.8733 0.9023 0.8737 0.8918 0.8936 0.8832 0.8839 0.9154 0.8547 0.8682 0.8949 0.8947 0.8913 0.8909 0.8912 0.8540 0.8541 0.8668 0.9021 0.9129 0.9161 0.9060 0.8367 0.9109 0.8971 0.8913 0.9147 0.8593 0.8695 0.8713 0.9016 0.8527 0.8554 0.8973 0.9032 0.9140 0.8770 0.9229 0.9155 0.8781 0.8740 0.8983 0.8991 0.9103 0.8732 0.8842 0.8651 0.8797 0.9026 0.8974 0.8695 0.8493 0.8857 0.8684 0.8751 0.9053 0.8683 0.8986 0.9153 0.9032 0.8792 0.8528 0.9013 0.8633 0.8914 0.9050 0.8979 0.9179 0.9013 0.9057 0.8775 0.9179 0.8670 0.8588 0.8722 0.8655 0.8936 0.8836 0.8905 0.8908 0.9125 0.8831 0.8806 0.8916 0.8997 0.8886 0.8643 0.8966 0.9188 0.8739 0.8623 0.8705 0.8946 0.8589 0.8889 0.8849 0.8942 0.8597 0.8926 0.8700 0.8975 0.8994 0.9104 0.8503 0.9016 0.8518 0.8686 0.8819 0.8934 0.8836 0.9042 0.8782 0.9193 0.9097 0.8918 0.8754 0.8583 0.9059 0.8795 0.9086 0.8940 0.9178 0.8594 0.9001 0.8894 0.9026 0.8871 0.8886 0.9148 0.8658 0.9220 0.8766 0.8888 0.9072 0.9104 0.9147 0.8612 0.8834 0.8636 0.8871 0.8697 0.9264 0.9062 0.9013 0.9090 0.8930 0.8870 0.8890 0.8797 0.8807 0.9108 0.8630 0.8956 0.9101 0.8912 0.8751 0.9143 0.8756 0.9146 0.8764 0.8963 0.8953 0.8907 0.8995 0.8905 0.8517 0.8798 0.9214 0.8905 0.8970 0.9047 0.8770 0.8809 0.8842 0.8653 0.8619 0.9044 0.8544 0.9078 0.8945 0.8952 0.8867 0.8638 0.8998 0.8953 0.9118 0.8933 0.8855 0.8826 0.8705 0.9219 0.8858 0.8591 0.8581 0.8658 0.8967 0.9048 0.8703 0.8691 0.9134 0.9010 0.8984 0.9170 0.8999 0.8626 0.9094 0.8431 0.9054 0.9105 0.9006 0.8843 0.9182 0.8948 0.8760 0.9234 0.9233 0.9158 0.8861 0.8522 0.9231 0.8883 0.8619 0.8851 0.8989 0.8929 0.8756 0.8955 0.8901 0.8723 0.8394 0.8820 0.9104 0.9002 0.8677 0.9123 0.8725 0.9111 0.8773 0.8962 0.8757 0.8915 0.8624 0.8480 0.8566 0.9137 0.8849 0.8477 0.8785 0.8620 0.9011 0.8788 0.9217 0.9083 0.8868 0.8666 0.8796 0.8688 0.8937 0.9165 0.8891 0.9041 0.8948 0.8989 0.9161 0.9040 0.8811 0.8713 0.8961 0.9004 0.8686 0.9029 0.8718 0.8722 0.8656 0.9096 0.8794 0.9082 0.8949 0.9170 0.8964 0.8635 0.8961 0.9130 0.9054 0.8643 0.9104 0.8965 0.9144 0.8737 0.9110 0.8972 0.9025 0.8628 0.8866 0.8606 0.8991 0.9203 0.8911 0.9191 0.9014 0.9066 0.8900 0.8842 0.8946 0.9014 0.9020 0.8862 0.9054 0.8493 0.8947 0.9219 0.9084 0.8800 0.8421 0.8944 0.8781 0.8830 0.8823 0.9105 0.8574 0.9121 0.8720 0.8820 0.8915 0.9058 0.8916 0.8869 0.8861 0.9265 0.8752 0.8891 0.9161 0.9083 0.8505 0.8772 0.8690 0.9032 0.8656 0.8945 0.8868 0.8921 0.9141 0.9273 0.8996 0.8833 0.9021 0.8985 0.8421 0.8996 0.8716 0.8975 0.8879 0.8831 0.8642 0.8605 0.8808 0.8947 0.8972 0.8751 0.9084 0.8869 0.8933 0.8982 0.9008 0.8523 0.8513 0.8743 0.8720 0.8811 0.8853 0.8963 0.9192 0.8906 0.8679 0.9059 0.9220 0.8986 0.8820 0.8807 0.9028 0.8839 0.8611 0.9058 0.8980 0.8611 0.9001 0.9058 0.9070 0.8940 0.9111 0.8931 0.9142 0.9122 0.9078 0.9088 0.8980 0.9052 0.8898 0.9275 0.8504 0.8806 0.8775 0.8872 0.8974 0.8780 0.8687 0.8708 0.9126 0.8961 0.8919 0.8732 0.8751 0.9280 0.9078 0.9000 0.8850 0.8908 0.8762 0.8963 0.8466 0.9134 0.9021 0.9015 0.8765 0.8811 0.9010 0.8842 0.9108 0.8963 0.8992 0.8544 0.8998 0.9027 0.8763 0.8677 0.9032 0.8806 0.8780 0.8878 0.8963 0.8814 0.9157 0.8582 0.8556 0.9195 0.8802 0.8938 0.9210 0.8969 0.8648 0.9221 0.8674 0.8951 0.8899 0.9105 0.8961 0.8952 0.8918 0.9226 0.8753 0.9084 0.8694 0.9107 0.8569 0.9222 0.9249 0.9010 0.9019 0.8435 0.8603 0.8881 0.8599 0.8556 0.9016 0.8688 0.8816 0.8894 0.8789 0.8947 0.8865 0.8824 0.8644 0.9147 0.9204 0.8939 0.8674 0.9024 0.9134 0.8911 0.8642 0.8727 0.8736 0.9058 0.8972 0.8497 0.9146 0.8985 0.8362 0.9291 0.8974 0.8780 0.9035 0.9035 0.9005 0.8708 0.9131 0.9098 0.9118 0.8675 0.9048 0.9068 0.8992 0.8777 0.8880 0.9165 0.8761 0.8978 0.8790 0.8575 0.8994 0.9165 0.8846 0.9095 0.8806 0.9196 0.8921 0.8966 0.9044 0.9035 0.8812 0.8617 0.9086 0.8706 0.9157 0.9030 0.8541 0.8841 0.8825 0.8798 0.8474 0.8627 0.9021 0.8783 0.8681 0.8937 0.8753 0.9160 0.8817 0.9052 0.8878 0.8673 0.8935 0.8704 0.8942 0.8979 0.8979 0.8845 0.8803 0.9193 0.9028 0.9026 0.8824 0.8674 0.8905 0.9032 0.8833 0.8956 0.8922 0.8432 0.8947 0.8770 0.8922 0.8976 0.9338 0.9050 0.9016 0.9106 0.9029 0.9307 0.8630 0.8933 0.8879 0.9126 0.9029 0.8450 0.8986 0.8871 0.8868 0.9043 0.8708 0.8877 0.9012 0.8593 0.8813 0.8707 0.9094 0.9150 0.8729 0.9100 0.8949 0.8919 0.8878 0.9147 0.8884 0.8800 0.8766 0.9079 0.8962 0.9030 0.9100 0.8872 0.9136 0.9083 0.8787 0.8783 0.8961 0.9136 0.9043 0.8882 0.8891 0.8796 0.9015 0.8664 0.9093 0.9192 0.8852 0.8703 0.8725 0.8709 0.9241 0.8734 0.8999 0.8594 0.8898 0.9118 0.8661 0.8727 0.8955 0.8337 0.9154 0.8640 0.8870 0.8671 0.9138 0.9199 0.9229 0.8997 0.9090 0.9088 0.8953 0.8804 0.9068 0.8981 0.9024 0.9084 0.9316 0.8831 0.9110 0.8878 0.8886 0.8791 0.8807 0.9158 0.8692 0.8930 0.8945 0.8977 0.9001 0.9045 0.8592 0.8951 0.8917 0.9073 0.8794 0.9002 0.9004 0.8989 0.8843 0.8886 0.8982 0.8424 0.8931 0.8792 0.8980 0.8683 0.8694 0.9019 0.9068 0.9002 0.8844 0.9093 0.8901 0.8870 0.8766 0.8777 0.8793 0.9035 0.8995 0.9075 0.9111 0.9110 0.9011 0.9040 0.9234 0.9095 0.8774 0.8789 0.8980 0.8917 0.9106 0.8866 0.8655 0.8684 0.8969 0.8973 0.8406 0.8947 0.8872 0.8921 0.9062 0.8697 0.8845 0.8771 0.8758 0.9126 0.9070 0.8962 0.8777 0.9099 0.8789 0.9045 0.8654 0.8569 0.9029 0.9047 0.8621 0.9100 0.8757 0.8881 0.9122 0.8633 0.8820 0.8976 0.9005 0.8666 0.8404 0.8740 0.8906 0.8582 0.9051 0.8756 0.8730 0.9114 0.9006 0.8568 0.8777 0.9111 0.9204 0.8860 0.9198 0.8742 0.8569 0.8662 0.9013 0.8670 0.8693 0.9132 0.9120 0.9077 0.8935 0.9100 0.8856 0.9278 0.8686 0.8793 0.8943 0.8769 0.8943 0.8735 0.9147 0.9204 0.8909 0.8992 0.8931 0.9059 0.8650 0.8623 0.9005 0.8905 0.8666 0.9088 0.9084 0.8740 0.8832 0.9240 0.9214 0.8374 0.8995 0.8674 0.8840 0.8507 0.8748 0.8968 0.9026 0.8902 0.8901 0.8845 0.8788 0.8711 0.8939 0.9103 0.9088 0.8772 0.9017 0.9203 0.8832 0.8683 0.8503 0.8591 0.8652 0.9066 0.9035 0.8963 0.8879 0.8744 0.8919 0.9052 0.8579 0.8394 0.9216 0.8484 0.8790 0.9024 0.8937 0.8864 0.8990 0.9101 0.8704 0.8836 0.9090 0.9183 0.8691 0.8601 0.8778 0.8868 0.9012 0.8974 0.8681 0.8835 0.8706 0.8846 0.9081 0.8892 0.9196 0.9014 0.8662 0.9056 0.8894 0.8524 0.8648 0.8956 0.9113 0.9013 0.9204 0.8975 0.9104 0.8731 0.9020 0.8618 0.8749 0.8802 0.8667 0.9009 0.9072 0.9143 0.9154 0.8827 0.8889 0.9153 0.9076 0.8795 0.9135 0.8486 0.8975 0.8558 0.9090 0.8691 0.8993 0.8854 0.8930 0.8424 0.8776 0.9134 0.8897 0.9178 0.8994 0.8938 0.9019 0.9158 0.9308 0.9036 0.8534 0.9131 0.9121 0.9040 0.9229 0.8469 0.8847 0.8658 0.8982 0.8853 0.8784 0.9165 0.8747 0.8882 0.9069 0.8758 0.8936 0.8908 0.8398 0.8771 0.8933 0.8723 0.8935 0.9139 0.9057 0.8730 0.8976 0.8930 0.8873 0.8567 0.8860 0.8525 0.9190 0.9085 0.9072 0.9006 0.9093 0.9137 0.9136 0.9359 0.8671 0.8722 0.8860 0.9292 0.8853 0.9140 0.8860 0.8646 0.8545 0.8912 0.8992 0.9048 0.9065 0.8907 0.9157 0.8555 0.8979 0.8640 0.8539 0.8858 0.9000 0.8774 0.9045 0.8813 0.8497 0.8722 0.9100 0.8930 0.8847 0.8914 0.8514 0.9128 0.8674 0.9192 0.8889 0.9054 0.9017 0.9009 0.9035 0.9134 0.9218 0.8942 0.9119 0.8967 0.9176 0.8993 0.8531 0.9100 0.8729 0.9050 0.9141 0.8713 0.9019 0.9097 0.8750 0.8865 0.9103 0.9025 0.8797 0.8871 0.9209 0.9023 0.8683 0.8786 0.8911 0.9201 0.9062 0.9040 0.8791 0.8830 0.9042 0.8607 0.8723 0.8718 0.8608 0.9135 0.9126 0.9153 0.8557 0.9086 0.9199 0.8937 0.8832 0.8989 0.8904 0.8897 0.8862 0.8845 0.8887 0.9115 0.8881 0.8997 0.8597 0.8994 0.8720 0.8927 0.8925 0.8951 0.9240 0.8911 0.9071 0.8775 0.9014 0.8769 0.8959 0.8598 0.8737 0.8996 0.9049 0.9098 0.8994 0.9051 0.9236 0.9031 0.9211 0.9062 0.8468 0.8607 0.8699 0.9112 0.9002 0.9103 0.8836 0.8816 0.8695 0.8739 0.8815 0.9000 0.9000 0.9000 0.9000 0.9000 0.9000 0.9000 0.9000 0.9000 0.9000 0.9000 0.9000 0.9000 0.9000 0.9000 0.9000 0.9000 0.9000 0.9000 0.9000 0.9000 0.9000 0.9000 0.9000 0.9000 0.9000 0.9000 0.9000 0.9000 0.9000 0.9000 0.9000 0.9000 0.9000 0.9000 0.9000 0.9000 0.9000 0.9000 0.9000 0.9000 0.9000 0.9000 0.9000 0.9000 0.9000 0.9000 0.9000 0.9000 0.9000 0.9000 0.9000 0.9000 0.9000 0.9000 0.9000 0.9000 0.9000 0.9000 0.9000 0.9000 0.9000 0.9000 0.9000 0.9000 0.9000 0.9000 0.9000 0.9000 0.9000 0.9000 0.9000 0.9000 0.9000 0.9000 0.9000 0.9000 0.9000 0.9000 0.9000 0.9000 0.9000 0.9000 0.9000 0.9000 0.9000 0.9000 0.9000 0.9000 0.9000 0.9000 0.9000 0.9000 0.9000 0.9000 0.9000 0.9000 0.9000 0.9000 0.9000 0.9000 0.9000 0.9000 0.9000 0.9000 0.9000 0.9000 0.9000 0.9000 0.9000 0.9000 0.9000 0.9000 0.9000 0.9000 0.9000 0.9000 0.9000 0.9000 0.9000 0.9000 0.9000 0.9000 0.9000 0.9000 0.9000 0.9000 0.9000 0.9000 0.9000 0.9000 0.9000 0.9000 0.9000 0.9000 0.9000 0.9000 0.9000 0.9000 0.9000 0.9000 0.9000 0.9000 0.9000 0.9000 0.9000 0.9000 0.9000 0.9000 0.9000 0.9000 0.9000 0.9000 0.9000 0.9000 0.9000 0.9000 0.9000 0.9000 0.9000 0.9000 0.9000 0.9000 0.9000 0.9000 0.9000 0.9000 0.9000 0.9000 0.9000 0.9000 0.9000 0.9000 0.9000 0.9000 0.9000 0.9000 0.9000 0.9000 0.9000 0.9000 0.9000 0.9000 0.9000 0.9000 0.9000 0.9000 0.9000 0.9000 0.9000 0.9000 0.9000 0.9000 0.9000 0.9000 0.9000 0.9000 0.9000 0.9000 0.9000 0.9000 0.9000 0.9000 0.9000 0.9000 0.9000 0.9000 0.9000 0.9000 0.9000 0.9000 0.9000 0.9000 0.9000 0.9000 0.9000 0.9000 0.9000 0.9000 0.9000 0.9000 0.9000 0.9000 0.9000 0.9000 0.9000 0.9000 0.9000 0.9000 0.9000 0.9000 0.9000 0.9000 0.9000 0.9000 0.9000 0.9000 0.9000 0.9000 0.9000 0.9000 0.9000 0.9000 0.9000 0.9000 0.9000 0.9000 0.9000 0.9000 0.9000 0.9000 0.9000 0.9000 0.9000 0.9000 0.9000 0.9000 0.9000 0.9000 0.9000 0.9000 0.9000 0.9000 0.9000 0.9000 0.9000 0.9000 0.9000 0.9000 0.9000 0.9000 0.9000 0.9000 0.9000 0.9000 0.9000 0.9000 0.9000 0.9000 0.9000 0.9000 0.9000 0.9000 0.9000 0.9000 0.9000 0.9000 0.9000 0.9000 0.9000 0.9000 0.9000 0.9000 0.9000 0.9000 0.9000 0.9000 0.9000 0.9000 0.9000 0.9000 0.9000 0.9000 0.9000 0.9000 0.9000 0.9000 0.9000 0.9000 0.9000 0.9000 0.9000 0.9000 0.9000 0.9000 0.9000 0.9000 0.9000 0.9000 0.9000 0.9000 0.9000 0.9000 0.9000 0.9000 0.9000 0.9000 0.9000 0.9000 0.9000 0.9000 0.9000 0.9000 0.9000 0.9000 0.9000 0.9000 0.9000 0.9000 0.9000 0.9000 0.9000 0.9000 0.9000 0.9000 0.9000 0.9000 0.9000 0.9000 0.9000 0.9000 0.9000 0.9000 0.9000 0.9000 0.9000 0.9000 0.9000 0.9000 0.9000 0.9000 0.9000 0.9000 0.9000 0.9000 0.9000 0.9000 0.9000 0.9000 0.9000 0.9000 0.9000 0.9000 0.9000 0.9000 0.9000 0.9000 0.9000 0.9000 0.9000 0.9000 0.9000 0.9000 0.9000 0.9000 0.9000 0.9000 0.9000 0.9000 0.9000 0.9000 0.9000 0.9000 0.9000 0.9000 0.9000 0.9000 0.9000 0.9000 0.9000 0.9000 0.9000 0.9000 0.9000 0.9000 0.9000 0.9000 0.9000 0.9000 0.9000 0.9000 0.9000 0.9000 0.9000 0.9000 0.9000 0.9000 0.9000 0.9000 0.9000 0.9000 0.9000 0.9000 0.9000 0.9000 0.9000 0.9000 0.9000 0.9000 0.9000 0.9000 0.9000 0.9000 0.9000 0.9000 0.9000 0.9000 0.9000 0.9000 0.9000 0.9000 0.9000 0.9000 0.9000 0.9000 0.9000 0.9000 0.9000 0.9000 0.9000 0.9000 0.9000 0.9000 0.9000 0.9000 0.9000 0.9000 0.9000 0.9000 0.9000 0.9000 0.9000 0.9000 0.9000 0.9000 0.9000 0.9000 0.9000 0.9000 0.9000 0.9000 0.9000 0.9000 0.9000 0.9000 0.9000 0.9000 0.9000 0.9000 0.9000 0.9000 0.9000 0.9000 0.9000 0.9000 0.9000 0.9000 0.9000 0.9000 0.9000 0.9000 0.9000 0.9000 0.9000 0.9000 0.9000 0.9000 0.9000 0.9000 0.9000 0.9000 0.9000 0.9000 0.9000 0.9000 0.9000 0.9000 0.9000 0.9000 0.9000 0.9000 0.9000 0.9000 0.9000 0.9000 0.9000 0.9000 0.9000 0.9000 0.9000 0.9000 0.9000 0.9000 0.9000 0.9000 0.9000 0.9000 0.9000 0.9000 0.9000 0.9000 0.9000 0.9000 0.9000 0.9000 0.9000 0.9000 0.9000 0.9000 0.9000 0.9000 0.9000 0.9000 0.9000 0.9000 0.9000 0.9000 0.9000 0.9000 0.9000 0.9000 0.9000 0.9000 0.9000 0.9000 0.9000 0.9000 0.9000 0.9000 0.9000 0.9000 0.9000 0.9000 0.9000 0.9000 0.9000 0.9000 0.9000 0.9000 0.9000 0.9000 0.9000 0.9000 0.9000 0.9000 0.9000 0.9000 0.9000 0.9000 0.9000 0.9000 0.9000 0.9000 0.9000 0.9000 0.9000 0.9000 0.9000 0.9000 0.9000 0.9000 0.9000 0.9000 0.9000 0.9000 0.9000 0.9000 0.9000 0.9000 0.9000 0.9000 0.9000 0.9000 0.9000 0.9000 0.9000 0.9000 0.9000 0.9000 0.9000 0.9000 0.9000 0.9000 0.9000 0.9000 0.9000 0.9000 0.9000 0.9000 0.9000 0.9000 0.9000 0.9000 0.9000 0.9000 0.9000 0.9000 0.9000 0.9000 0.9000 0.9000 0.9000 0.9000 0.9000 0.9000 0.9000 0.9000 0.9000 0.9000 0.9000 0.9000 0.9000 0.9000 0.9000 0.9000 0.9000 0.9000 0.9000 0.9000 0.9000 0.9000 0.9000 0.9000 0.9000 0.9000 0.9000 0.9000 0.9000 0.9000 0.9000 0.9000 0.9000 0.9000 0.9000 0.9000 0.9000 0.9000 0.9000 0.9000 0.9000 0.9000 0.9000 0.9000 0.9000 0.9000 0.9000 0.9000 0.9000 0.9000 0.9000 0.9000 0.9000 0.9000 0.9000 0.9000 0.9000 0.9000 0.9000 0.9000 0.9000 0.9000 0.9000 0.9000 0.9000 0.9000 0.9000 0.9000 0.9000 0.9000 0.9000 0.9000 0.9000 0.9000 0.9000 0.9000 0.9000 0.9000 0.9000 0.9000 0.9000 0.9000 0.9000 0.9000 0.9000 0.9000 0.9000 0.9000 0.9000 0.9000 0.9000 0.9000 0.9000 0.9000 0.9000 0.9000 0.9000 0.9000 0.9000 0.9000 0.9000 0.9000 0.9000 0.9000 0.9000 0.9000 0.9000 0.9000 0.9000 0.9000 0.9000 0.9000 0.9000 0.9000 0.9000 0.9000 0.9000 0.9000 0.9000 0.9000 0.9000 0.9000 0.9000 0.9000 0.9000 0.9000 0.9000 0.9000 0.9000 0.9000 0.9000 0.9000 0.9000 0.9000 0.9000 0.9000 0.9000 0.9000 0.9000 0.9000 0.9000 0.9000 0.9000 0.9000 0.9000 0.9000 0.9000 0.9000 0.9000 0.9000 0.9000 0.9000 0.9000 0.9000 0.9000 0.9000 0.9000 0.9000 0.9000 0.9000 0.9000 0.9000 0.9000 0.9000 0.9000 0.9000 0.9000 0.9000 0.9000 0.9000 0.9000 0.9000 0.9000 0.9000 0.9000 0.9000 0.9000 0.9000 0.9000 0.9000 0.9000 0.9000 0.9000 0.9000 0.9000 0.9000 0.9000 0.9000 0.9000 0.9000 0.9000 0.9000 0.9000 0.9000 0.9000 0.9000 0.9000 0.9000 0.9000 0.9000 0.9000 0.9000 0.9000 0.9000 0.9000 0.9000 0.9000 0.9000 0.9000 0.9000 0.9000 0.9000 0.9000 0.9000 0.9000 0.9000 0.9000 0.9000 0.9000 0.9000 0.9000 0.9000 0.9000 0.9000 0.9000 0.9000 0.9000 0.9000 0.9000 0.9000 0.9000 0.9000 0.9000 0.9000 0.9000 0.9000 0.9000 0.9000 0.9000 0.9000 0.9000 0.9000 0.9000 0.9000 0.9000 0.9000 0.9000 0.9000 0.9000 0.9000 0.9000 0.9000 0.9000 0.9000 0.9000 0.9000 0.9000 0.9000 0.9000 0.9000 0.9000 0.9000 0.9000 0.9000 0.9000 0.9000 0.9000 0.9000 0.9000 0.9000 0.9000 0.9000 0.9000 0.9000 0.9000 0.9000 0.9000 0.9000 0.9000 0.9000 0.9000 0.9000 0.9000 0.9000 0.9000 0.9000 0.9000 0.9000 0.9000 0.9000 0.9000 0.9000 0.9000 0.9000 0.9000 0.9000 0.9000 0.9000 0.9000 0.9000 0.9000 0.9000 0.9000 0.9000 0.9000 0.9000 0.9000 0.9000 0.9000 0.9000 0.9000 0.9000 0.9000 0.9000 0.9000 0.9000 0.9000 0.9000 0.9000 0.9000 0.9000 0.9000 0.9000 0.9000 0.9000 0.9000 0.9000 0.9000 0.9000 0.9000 0.9000 0.9000 0.9000 0.9000 0.9000 0.9000 0.9000 0.9000 0.9000 0.9000 0.9000 0.9000 0.9000 0.9000 0.9000 0.9000 0.9000 0.9000 0.9000 0.9000 0.9000 0.9000 0.9000 0.9000 0.9000 0.9000 0.9000 0.9000 0.9000 0.9000 0.9000 0.9000 0.9000 0.9000 0.9000 0.9000 0.9000 0.9000 0.9000 0.9000 0.9000 0.9000 0.9000 0.9000 0.9000 0.9000 0.9000 0.9000 0.9000 0.9000 0.9000 0.9000 0.9000 0.9000 0.9000 0.9000 0.9000 0.9000 0.9000 0.9000 0.9000 0.9000 0.9000 0.9000 0.9000 0.9000 0.9000 0.9000 0.9000 0.9000 0.9000 0.9000 0.9000 0.9000 0.9000 0.9000 0.9000 0.9000 0.9000 0.9000 0.9000 0.9000 0.9000 0.9000 0.9000 0.9000 0.9000 0.9000 0.9000 0.9000 0.9000 0.9000 0.9000 0.9000 0.9000 0.9000 0.9000 0.9000 0.9000 0.9000 0.9000 0.9000 0.9000 0.9000 0.9000 0.9000 0.9000 0.9000 0.9000 0.9000 0.9000 0.9000 0.9000 0.9000 0.9000 0.9000 0.9000 0.9000 0.9000 0.9000 0.9000 0.9000 0.9000 0.9000 0.9000 0.9000 0.9000 0.9000 0.9000 0.9000 0.9000 0.9000 0.9000 0.9000 0.9000 0.9000 0.9000 0.9000 0.9000 0.9000 0.9000 0.9000 0.9000 0.9000 0.9000 0.9000 0.9000 0.9000 0.9000 0.9000 0.9000 0.9000 0.9000 0.9000 0.9000 0.9000 0.9000 0.9000 0.9000 0.9000 0.9000 0.9000 0.9000 0.9000 0.9000 0.9000 0.9000 0.9000 0.9000 0.9000 0.9000 0.9000 0.9000 0.9000 0.9000 0.9000 0.9000 0.9000 0.9000 0.9000 0.9000 0.9000 0.9000 0.9000 0.9000 0.9000 0.9000 0.9000 0.9000 0.9000 0.9000 0.9000 0.9000 0.9000 0.9000 0.9000 0.9000 0.9000 0.9000 0.9000 0.9000 0.9000 0.9000 0.9000 0.9000 0.9000 0.9000 0.9000 0.9000 0.9000 0.9000 0.9000 0.9000 0.9000 0.9000 0.9000 0.9000 0.9000 0.9000 0.9000 0.9000 0.9000 0.9000 0.9000 0.9000 0.9000 0.9000 0.9000 0.9000 0.9000 0.9000 0.9000 0.9000 0.9000 0.9000 0.9000 0.9000 0.9000 0.9000 0.9000 0.9000 0.9000 0.9000 0.9000 0.9000 0.9000 0.9000 0.9000 0.9000 0.9000 0.9000 0.9000 0.9000 0.9000 0.9000 0.9000 0.9000 0.9000 0.9000 0.9000 0.9000 0.9000 0.9000 0.9000 0.9000 0.9000 0.9000 0.9000 0.9000 0.9000 0.9000 0.9000 0.9000 0.9000 0.9000 0.9000 0.9000 0.9000 0.9000 0.9000 0.9000 0.9000 0.9000 0.9000 0.9000 0.9000 0.9000 0.9000 0.9000 0.9000 0.9000 0.9000 0.9000 0.9000 0.9000 0.9000 0.9000 0.9000 0.9000 0.9000 0.9000 0.9000 0.9000 0.9000 0.9000 0.9000 0.9000 0.9000 0.9000 0.9000 0.9000 0.9000 0.9000 0.9000 0.9000 0.9000 0.9000 0.9000 0.9000 0.9000 0.9000 0.9000 0.9000 0.9000 0.9000 0.9000 0.9000 0.9000 0.9000 0.9000 0.9000 0.9000 0.9000 0.9000 0.9000 0.9000 0.9000 0.9000 0.9000 0.9000 0.9000 0.9000 0.9000 0.9000 0.9000 0.9000 0.9000 0.9000 0.9000 0.9000 0.9000 0.9000 0.9000 0.9000 0.9000 0.9000 0.9000 0.9000 0.9000 0.9000 0.9000 0.9000 0.9000 0.9000 0.9000 0.9000 0.9000 0.9000 0.9000 0.9000 0.9000 0.9000 0.9000 0.9000 0.9000 0.9000 0.9000 0.9000 0.9000 0.9000 0.9000 0.9000 0.9000 0.9000 0.9000 0.9000 0.9000 0.9000 0.9000 0.9000 0.9000 0.9000 0.9000 0.9000 0.9000 0.9000 0.9000 0.9000 0.9000 0.9000 0.9000 0.9000 0.9000 0.9000 0.9000 0.9000 0.9000 0.9000 0.9000 0.9000 0.9000 0.9000 0.9000 0.9000 0.9000 0.9000 0.9000 0.9000 0.9000 0.9000 0.9000 0.9000 0.9000 0.9000 0.9000 0.9000 0.9000 0.9000 0.9000 0.9000 0.9000 0.9000 0.9000 0.9000 0.9000 0.9000 0.9000 0.9000 0.9000 0.9000 0.9000 0.9000 0.9000 0.9000 0.9000 0.9000 0.9000 0.9000 0.9000 0.9000 0.9000 0.9000 0.9000 0.9000 0.9000 0.9000 0.9000 0.9000 0.9000 0.9000 0.9000 0.9000 0.9000 0.9000 0.9000 0.9000 0.9000 0.9000 0.9000 0.9000 0.9000 0.9000 0.9000 0.9000 0.9000 0.9000 0.9000 0.9000 0.9000 0.9000 0.9000 0.9000 0.9000 0.9000 0.9000 0.9000 0.9000 0.9000 0.9000 0.9000 0.9000 0.9000 0.9000 0.9000 0.9000 0.9000 0.9000 0.9000 0.9000 0.9000 0.9000 0.9000 0.9000 0.9000 0.9000 0.9000 0.9000 0.9000 0.9000 0.9000 0.9000 0.9000 0.9000 0.9000 0.9000 0.9000 0.9000 0.9000 0.9000 0.9000 0.9000 0.9000 0.9000 0.9000 0.9000 0.9000 0.9000 0.9000 0.9000 0.9000 0.9000 0.9000 0.9000 0.9000 0.9000 0.9000 0.9000 0.9000 0.9000 0.9000 0.9000 0.9000 0.9000 0.9000 0.9000 0.9000 0.9000 0.9000 0.9000 0.9000 0.9000 0.9000 0.9000 0.9000 0.9000 0.9000 0.9000 0.9000 0.9000 0.9000 0.9000 0.9000 0.9000 0.9000 0.9000 0.9000 0.9000 0.9000 0.9000 0.9000 0.9000 0.9041 0.8837 0.8935 0.8887 0.9019 0.8905 0.8635 0.8579 0.8573 0.8778 0.9015 0.8928 0.8981 0.8934 0.8432 0.9023 0.8656 0.8962 0.8690 0.8468 0.8985 0.9086 0.8701 0.8703 0.8684 0.9088 0.9076 0.8828 0.8456 0.8768 0.8859 0.8885 0.8651 0.9178 0.8842 0.9065 0.9003 0.8986 0.8945 0.8861 0.9081 0.8783 0.9180 0.8911 0.8807 0.8992 0.8619 0.8906 0.8711 0.8950 0.8951 0.9004 0.8376 0.8581 0.9163 0.8586 0.8903 0.8944 0.8993 0.8644 0.8644 0.8800 0.8976 0.8821 0.8758 0.8873 0.9035 0.9145 0.8368 0.8754 0.8826 0.8788 0.8740 0.8933 0.8976 0.8683 0.9000 0.8954 0.8975 0.8562 0.9007 0.8992 0.8789 0.8983 0.8515 0.9006 0.9202 0.9116 0.8681 0.8585 0.8996 0.9077 0.8363 0.8777 0.9033 0.8985 0.9153 0.8747 0.9064 0.9076 0.8939 0.8711 0.8554 0.8860 0.8340 0.9110 0.9062 0.8744 0.8860 0.8681 0.8977 0.8698 0.8765 0.9129 0.9078 0.8977 0.9063 0.8634 0.8949 0.8470 0.9106 0.8575 0.8891 0.8390 0.9072 0.8975 0.8696 0.9227 0.9021 0.9025 0.8517 0.9165 0.8637 0.8850 0.8823 0.8438 0.8548 0.9181 0.8818 0.8959 0.9120 0.9189 0.8864 0.8687 0.8805 0.8683 0.9038 0.8437 0.8609 0.9010 0.9056 0.8688 0.8962 0.9078 0.9066 0.8844 0.9120 0.8843 0.8421 0.8745 0.8867 0.9023 0.8687 0.9015 0.9145 0.8947 0.8646 0.9169 0.9227 0.8790 0.9043 0.8866 0.8925 0.8890 0.9017 0.8444 0.8872 0.8926 0.8702 0.8405 0.8986 0.9091 0.8811 0.8934 0.8541 0.9098 0.9025 0.9039 0.8763 0.9046 0.8671 0.8519 0.9113 0.8980 0.8880 0.9071 0.9106 0.8794 0.9002 0.9029 0.9031 0.8986 0.8817 0.8821 0.8790 0.9044 0.8797 0.9042 0.8941 0.8483 0.9053 0.8868 0.8792 0.8432 0.9229 0.9194 0.9036 0.8441 0.8997 0.9025 0.9021 0.8829 0.8935 0.9171 0.9037 0.8947 0.8601 0.9087 0.9076 0.8579 0.8656 0.8779 0.8658 0.8924 0.8784 0.8911 0.8655 0.8763 0.8836 0.8928 0.9050 0.8830 0.8722 0.8950 0.8736 0.9265 0.8935 0.8896 0.9185 0.9042 0.9068 0.8799 0.9007 0.9285 0.8760 0.8600 0.8867 0.9040 0.8940 0.8649 0.8815 0.9139 0.8517 0.8720 0.8998 0.8746 0.8754 0.8687 0.9103 0.8785 0.8816 0.9242 0.8647 0.9000 0.9043 0.9236 0.9211 0.8802 0.8989 0.9101 0.9009 0.9053 0.8861 0.8995 0.8841 0.8455 0.8920 0.8385 0.9245 0.8764 0.8749 0.8797 0.8989 0.8823 0.8839 0.8638 0.8802 0.8936 0.9019 0.8549 0.8870 0.8741 0.9027 0.8833 0.9224 0.8847 0.8981 0.9083 0.8835 0.9078 0.8971 0.8844 0.8979 0.8814 0.8671 0.9407 0.9105 0.9120 0.8486 0.9087 0.8902 0.8888 0.9116 0.8842 0.9203 0.9076 0.9075 0.9201 0.8562 0.9053 0.8812 0.8846 0.8464 0.8847 0.9065 0.8949 0.8735 0.8696 0.8919 0.8775 0.8629 0.9158 0.8601 0.8848 0.8707 0.8639 0.9049 0.8794 0.8399 0.8892 0.8777 0.8831 0.9108 0.9093 0.8824 0.9167 0.8906 0.8980 0.9044 0.9206 0.8846 0.8557 0.8805 0.8500 0.8904 0.8743 0.9150 0.8554 0.8027 0.6595 0.6318 0.7294 0.7922 0.8109 0.7083 0.7614 0.6358 0.7909 0.8103 0.8085 0.8684 0.6683 0.5902 0.6753 0.8093 0.7814 0.8029 0.7602 0.8417 0.7087 0.8752 0.8482 0.6719 0.8072 0.8085 0.8346 0.8042 0.5866 0.7639 0.8420 0.7797 0.6895 0.7671 0.7607 0.7124 0.6616 0.8529 0.7673 0.7952 0.5923 0.7619 0.8711 0.6627 0.7817 0.7223 0.8355 0.8128 0.7896 0.7812 0.7067 0.6962 0.7229 0.6645 0.6682 0.6542 0.6761 0.6447 0.7879 0.6437 0.7538 0.7322 0.8452 0.6864 0.8085 0.6651 0.8914 0.7155 0.8003 0.8058 0.7857 0.7488 0.8134 0.8394 0.6283 0.7840 0.7826 0.8105 0.7715 0.8458 0.8403 0.5395 0.7501 0.6751 0.7952 0.8183 0.7150 0.7866 0.6178 0.5799 0.7708 0.5776 0.7897 0.7087 0.6581 0.8071 0.7795 0.8837 0.6746 0.6642 0.8590 0.7587 0.7460 0.7940 0.6822 0.6357 0.7879 0.6533 0.8190 0.7786 0.7143 0.7528 0.7578 0.7515 0.6772 0.7391 0.8031 0.7346 0.7023 0.6845 0.7253 0.6485 0.8208 0.6655 0.7527 0.6287 0.8639 0.6647 0.5399 0.7506 0.7054 0.7862 0.8026 0.7221 0.8014 0.7279 0.8066 0.8621 0.8041 0.7923 0.6264 0.7705 0.8660 0.8596 0.7950 0.6791 0.7689 0.8345 0.7825 0.6423 0.6690 0.7727 0.7760 0.8151 0.8189 0.6693 0.8163 0.8450 0.8391 0.8397 0.8508 0.6077 0.6678 0.7612 0.7754 0.8941 0.7468 0.7070 0.7282 0.7691 0.7895 0.8555 0.7136 0.8202 0.6925 0.6749 0.6601 0.8252 0.7131 0.6959 0.6554 0.7363 0.7594 0.6201 0.6395 0.6703 0.7582 0.5751 0.6646 0.8288 0.7297 0.6919 0.7701 0.7326 0.5741 0.6404 0.7937 0.7320 0.8606 0.7573 0.5945 0.7296 0.8412 0.7810 0.6532 0.7309 0.8114 0.6117 0.7326 0.6565 0.7837 0.6481 0.8663 0.8432 0.7315 0.7589 0.5890 0.8702 0.6025 0.6656 0.6348 0.5964 0.7826 0.9161 0.7257 0.8137 0.7681 0.7764 0.5622 0.7828 0.7943 0.6351 0.8398 0.8023 0.8483 0.8232 0.7362 0.7436 0.7686 0.7049 0.7325 0.5936 0.9000 0.9000 0.9000 0.9000 0.9000 0.9000 0.9000 0.9000 0.9000 0.9000 0.9000 0.9000 0.9000 0.9000 0.9000 0.9000 0.9000 0.9000 0.9000 0.9000 0.9000 0.9000 0.9000 0.9000 0.9000 0.9000 0.9000 0.9000 0.9000 0.9000 0.9000 0.9000 0.9000 0.9000 0.9000 0.9000 0.9000 0.9000 0.9000 0.9000 0.9000 0.9000 0.9000 0.9000 0.9000 0.9000 0.9000 0.9000 0.9000 0.9000 0.9000 0.9000 0.9000 0.9000 0.9000 0.9000 0.9000 0.9000 0.9000 0.9000 0.9000 0.9000 0.9000 0.9000 0.9000 0.9000 0.9000 0.9000 0.9000 0.9000 0.9000 0.9000 0.9000 0.9000 0.9000 0.9000 0.9000 0.9000 0.9000 0.9000 0.9000 0.9000 0.9000 0.9000 0.9000 0.9000 0.9000 0.9000 0.9000 0.9000 0.9000 0.9000 0.9000 0.9000 0.9000 0.9000 0.9000 0.9000 0.9000 0.9000 0.9000 0.9000 0.9000 0.9000 0.9000 0.9000 0.9000 0.9000 0.9000 0.9000 0.9000 0.9000 0.9000 0.9000 0.9000 0.9000 0.9000 0.9000 0.9000 0.9000 0.9000 0.9000 0.9000 0.9000 0.9000 0.9000 0.9000 0.9000 0.9000 0.9000 0.9000 0.9000 0.9000 0.9000 0.9000 0.9000 0.9000 0.9000 0.9000 0.9000 0.9000 0.9000 0.9000 0.9000 0.9000 0.9000 0.9000 0.9000 0.9000 0.9000 0.9000 0.9000 0.9000 0.9000 0.9000 0.9000 0.9000 0.9000 0.9000 0.9000 0.9000 0.9000 0.9000 0.9000 0.9000 0.9000 0.9000 0.9000 0.9000 0.9000 0.9000 0.9000 0.9000 0.9000 0.9000 0.9000 0.9000 0.9000 0.9000 0.9000 0.9000 0.9000 0.9000 0.9000 0.9000 0.9000 0.9000 0.9000 0.9000 0.9000 0.9000 0.9000 0.9000 0.9000 0.9000 0.9000 0.9000 0.9000 0.9000 0.9000 0.9000 0.9000 0.9000 0.9000 0.9000 0.9000 0.9000 0.9000 0.9000 0.9000 0.9000 0.9000 0.9000 0.9000 0.9000 0.9000 0.9000 0.9000 0.9000 0.9000 0.9000 0.9000 0.9000 0.9000 0.9000 0.9000 0.9000 0.9000 0.9000 0.9000 0.9000 0.9000 0.9000 0.9000 0.9000 0.9000 0.9000 0.9000 0.9000 0.9000 0.9000 0.9000 0.9000 0.9000 0.9000 0.9000 0.9000 0.9000 0.9000 0.9000 0.9000 0.9000 0.9000 0.9000 0.9000 0.9000 0.9000 0.9000 0.9000 0.9000 0.9000 0.9000 0.9000 0.9000 0.9000 0.9000 0.9000 0.9000 0.9000 0.9000 0.9000 0.9000 0.9000 0.9000 0.9000 0.9000 0.9000 0.9000 0.9000 0.9000 0.9000 0.9000 0.9000 0.9000 0.9000 0.9000 0.9000 0.9000 0.9000 0.9000 0.9000 0.9000 0.9000 0.9000 0.9000 0.9000 0.9000 0.9000 0.9000 0.9000 0.9000 0.9000 0.9000 0.9000 0.9000 0.9000 0.9000 0.9000 0.9000 0.9000 0.9000 0.9000 0.9000 0.9000 0.9000 0.9000 0.9000 0.9000 0.9000 0.9000 0.9000 0.9000 0.9000 0.9000 0.9000 0.9000 0.9000 0.9000 0.9000 0.9000 0.9000 0.9000 0.9000 0.9000 0.9000 0.9000 0.9000 0.9000 0.9000 0.9000 0.9000 0.9000 0.9000 0.9000 0.9000 0.9000 0.9000 0.9000 0.9000 0.9000 0.9000 0.9000 0.9000 0.9000 0.9000 0.9000 0.9000 0.9000 0.9000 0.9000 0.9000 0.9000 0.9000 0.9000 0.9000 0.9000 0.9000 0.9000 0.9000 0.9000 0.9000 0.9000 0.9000 0.9000 0.9000 0.9000 0.9000 0.9000 0.9000 0.9000 0.9000 0.9000 0.9000 0.9000 0.9000 0.9000 0.9000 0.9000 0.9000 0.9000 0.9000 0.9000 0.9000 0.9000 0.9000 0.9000 0.9000 0.9000 0.9000 0.9000 0.9000 0.9000 0.9000 0.9000 0.9000 0.9000 0.9000 0.9000 0.9000 0.9000 0.9000 0.9000 0.9000 0.9000 0.9000 0.9000 0.9000 0.9000 0.9000 0.9000 0.9000 0.9000 0.9000 0.9000 0.9000 0.9000 0.9000 0.9000 0.9000 0.9000 0.9000 0.9000 0.9000 0.9000 0.9000 0.9000 0.9000 0.9000 0.9000 0.9000 0.9000 0.9000 0.9000 0.9000 0.9000 0.9000 0.9000 0.9000 0.9000 0.9000 0.9000 0.9000 0.9000 0.9000 0.9000 0.9000 0.9000 0.9000 0.9000 0.9000 0.9000 0.9000 0.9000 0.9000 0.9000 0.9000 0.9000 0.9000 0.9000 0.9000 0.9000 0.9000 0.9000 0.9000 0.9000 0.9000 0.9000 0.9000 0.9000 0.9000 0.9000 0.9000 0.9000 0.9000 0.9000 0.9000 0.9000 0.9000 0.9000 0.9000 0.9000 0.9000 0.9000 0.9000 0.9000 0.9000 0.9000 0.9000 0.9000 0.9000 0.9000 0.9000 0.9000 0.9000 0.9000 0.9000 0.9000 0.9000 0.9000 0.9000 0.9000 0.9000 0.9000 0.9000 0.9000 0.9000 0.9000 0.9000 0.9000 0.9000 0.9000 0.9000 0.9000 0.9000 0.9000 0.9000 0.9000 0.9000 0.9000 0.9000 0.9000 0.9000 0.9000 0.9000 0.9000 0.9000 0.9000 0.9000 0.9000 0.9000 0.9000 0.9000 0.9000 0.9000 0.9000 0.9000 0.9000 0.9000 0.9000 0.9000 0.9000 0.9000 0.9000 0.9000 0.9000 0.9000 0.9000 0.9000 0.9000 0.9000 0.9000 0.9000 0.9000 0.9000 0.9000 0.9000 0.9000 0.9000 0.9000 0.9000 0.9000 0.9000 0.9000 0.9000 0.9000 0.9000 0.9000 0.9000 0.9000 0.9000 0.9000 0.9000 0.9000 0.9000 0.9000 0.9000 0.9000 0.9000 0.9000 0.9000 0.9000 0.9000 0.9000 0.9000 0.9000 0.9000 0.9000 0.9000 0.9000 0.9000 0.9000 0.9000 0.9000 0.9000 0.9000 0.9000 0.9000 0.9000 0.9000 0.9000 0.9000 0.9000 0.9000 0.9000 0.9000 0.9000 0.9000 0.9000 0.9000 0.9000 0.9000 0.9000 0.9000 0.9000 0.9000 0.9000 0.9000 0.9000 0.9000 0.9000 0.9000 0.9000 0.9000 0.9000 0.9000 0.9000 0.9000 0.9000 0.9000 0.9000 0.9000 0.9000 0.9000 0.9000 0.9000 0.9000 0.9000 0.9000 0.9000 0.9000 0.9000 0.9000 0.9000 0.9000 0.9000 0.9000 0.9000 0.9000 0.9000 0.9000 0.9000 0.9000 0.9000 0.9000 0.9000 0.9000 0.9000 0.9000 0.9000 0.9000 0.9000 0.9000 0.9000 0.9000 0.9000 0.9000 0.9000 0.9000 0.9000 0.9000 0.9000 0.9000 0.9000 0.9000 0.9000 0.9000 0.9000 0.9000 0.9000 0.9000 0.9000 0.9000 0.9000 0.9000 0.9000 0.9000 0.9000 0.9000 0.9000 0.9000 0.9000 0.9000 0.9000 0.9000 0.9000 0.9000 0.9000 0.9000 0.9000 0.9000 0.9000 0.9000 0.9000 0.9000 0.9000 0.9000 0.9000 0.9000 0.9000 0.9000 0.9000 0.9000 0.9000 0.9000 0.9000 0.9000 0.9000 0.9000 0.9000 0.9000 0.9000 0.9000 0.9000 0.9000 0.9000 0.9000 0.9000 0.9000 0.9000 0.9000 0.9000 0.9000 0.9000 0.9000 0.9000 0.9000 0.9000 0.9000 0.9000 0.9000 0.9000 0.9000 0.9000 0.9000 0.9000 0.9000 0.9000 0.9000 0.9000 0.9000 0.9000 0.9000 0.9000 0.9000 0.9000 0.9000 0.9000 0.9000 0.9000 0.9000 0.9000 0.9000 0.9000 0.9000 0.9000 0.9000 0.9000 0.9000 0.9000 0.9000 0.9000 0.9000 0.9000 0.9000 0.9000 0.9000 0.9000 0.9000 0.9000 0.9000 0.9000 0.9000 0.9000 0.9000 0.9000 0.9000 0.9000 0.9000 0.9000 0.9000 0.9000 0.9000 0.9000 0.9000 0.9000 0.9000 0.9000 0.9000 0.9000 0.9000 0.9000 0.9000 0.9000 0.9000 0.9000 0.9000 0.9000 0.9000 0.9000 0.9000 0.9000 0.9000 0.9000 0.9000 0.9000 0.9000 0.9000 0.9000 0.9000 0.9000 0.9000 0.9000 0.9000 0.9000 0.9000 0.9000 0.9000 0.9000 0.9000 0.9000 0.9000 0.9000 0.9000 0.9000 0.9000 0.9000 0.9000 0.9000 0.9000 0.9000 0.9000 0.9000 0.9000 0.9000 0.9000 0.9000 0.9000 0.9000 0.9000 0.9000 0.9000 0.9000 0.9000 0.9000 0.9000 0.9000 0.9000 0.9000 0.9000 0.9000 0.9000 0.9000 0.9000 0.9000 0.9000 0.9000 0.9000 0.9000 0.9000 0.9000 0.9000 0.9000 0.9000 0.9000 0.9000 0.9000 0.9000 0.9000 0.9000 0.9000 0.9000 0.9000 0.9000 0.9000 0.9000 0.9000 0.9000 0.9000 0.9000 0.9000 0.9000 0.9000 0.9000 0.9000 0.9000 0.9000 0.9000 0.9000 0.9000 0.9000 0.9000 0.9000 0.9000 0.9000 0.9000 0.9000 0.9000 0.9000 0.9000 0.9000 0.9000 0.9000 0.9000 0.9000 0.9000 0.9000 0.9000 0.9000 0.9000 0.9000 0.9000 0.9000 0.9000 0.9000 0.9000 0.9000 0.9000 0.9000 0.9000 0.9000 0.9000 0.9000 0.9000 0.9000 0.9000 0.9000 0.9000 0.9000 0.9000 0.9000 0.9000 0.9000 0.9000 0.9000 0.9000 0.9000 0.9000 0.9000 0.9000 0.9000 0.9000 0.9000 0.9000 0.9000 0.9000 0.9000 0.9000 0.9000 0.9000 0.9000 0.9000 0.9000 0.9000 0.9000 0.9000 0.9000 0.9000 0.9000 0.9000 0.9000 0.9000 0.9000 0.9000 0.9000 0.9000 0.9000 0.9000 0.9000 0.9000 0.9000 0.9000 0.9000 0.9000 0.9000 0.9000 0.9000 0.9000 0.9000 0.9000 0.9000 0.9000 0.9000 0.9000 0.9000 0.9000 0.9000 0.9000 0.9000 0.9000 0.9000 0.9000 0.9000 0.9000 0.9000 0.9000 0.9000 0.9000 0.9000 0.9000 0.9000 0.9000 0.9000 0.9000 0.9000 0.9000 0.9000 0.9000 0.9000 0.9000 0.9000 0.9000 0.9000 0.9000 0.9000 0.9000 0.9000 0.9000 0.9000 0.9000 0.9000 0.9000 0.9000 0.9000 0.9000 0.9000 0.9000 0.9000 0.9000 0.9000 0.9000 0.9000 0.9000 0.9000 0.9000 0.9000 0.9000 0.9000 0.9000 0.9000 0.9000 0.9000 0.9000 0.9000 0.9000 0.9000 0.9000 0.9000 0.9000 0.9000 0.9000 0.9000 0.9000 0.9000 0.9000 0.9000 0.9000 0.9000 0.9000 0.9000 0.9000 0.9000 0.9000 0.9000 0.9000 0.9000 0.9000 0.9000 0.9000 0.9000 0.9000 0.9000 0.9000 0.9000 0.9000 0.9000 0.9000 0.9000 0.9000 0.9000 0.9000 0.9000 0.9000 0.9000 0.9000 0.9000 0.9000 0.9000 0.9000 0.9000 0.9000 0.9000 0.9000 0.9000 0.9000 0.9000 0.9000 0.9000 0.9000 0.9000 0.9000 0.9000 0.9000 0.9000 0.9000 0.9000 0.9000 0.9000 0.9000 0.9000 0.9000 0.9000 0.9000 0.9000 0.9000 0.9000 0.9000 0.9000 0.9000 0.9000 0.9000 0.9000 0.9000 0.9000 0.9000 0.9000 0.9000 0.9000 0.9000 0.9000 0.9000 0.9000 0.9000 0.9000 0.9000 0.9000 0.9000 0.9000 0.9000 0.9000 0.9000 0.9000 0.9000 0.9000 0.9000 0.9000 0.9000 0.9000 0.9000 0.9000 0.9000 0.9000 0.9000 0.9000 0.9000 0.9000 0.9000 0.9000 0.9000 0.9000 0.9000 0.9000 0.9000 0.9000 0.9000 0.9000 0.9000 0.9000 0.9000 0.9000 0.9000 0.9000 0.9000 0.9000 0.9000 0.9000 0.9000 0.9000 0.9000 0.9000 0.9000 0.9000 0.9000 0.9000 0.9000 0.9000 0.9000 0.9000 0.9000 0.9000 0.9000 0.9000 0.9000 0.9000 0.9000 0.9000 0.9000 0.9000 0.9000 0.9000 0.9000 0.9000 0.9000 0.9000 0.9000 0.9000 0.9000 0.9000 0.9000 0.9000 0.9000 0.9000 0.9000 0.9000 0.9000 0.9000 0.9000 0.9000 0.9000 0.9000 0.9000 0.9000 0.9000 0.9000 0.9000 0.9000 0.9000 0.9000 0.9000 0.9000 0.9000 0.9000 0.9000 0.9000 0.9000 0.9000 0.9000 0.9000 0.9000 0.9000 0.9000 0.9000 0.9000 0.9000 0.9000 0.9000 0.9000 0.9000 0.9000 0.9000 0.9000 0.9000 0.9000 0.9000 0.9000 0.9000 0.9000 0.9000 0.9000 0.9000 0.9000 0.9000 0.9000 0.9000 0.9000 0.9000 0.9000 0.9000 0.9000 0.9000 0.9000 0.9000 0.9000 0.9000 0.9000 0.9000 0.9000 0.9000 0.9000 0.9000 0.9000 0.9000 0.9000 0.9000 0.9000 0.9000 0.9000 0.9000 0.9000 0.9000 0.9000 0.9000 0.9000 0.9000 0.9000 0.9000 0.9000 0.9000 0.9000 0.9000 0.9000 0.9000 0.9000 0.9000 0.9000 0.9000 0.9000 0.9000 0.9000 0.9000 0.9000 0.9000 0.9000 0.9000 0.9000 0.9000 0.9000 0.9000 0.9000 0.9000 0.9000 0.9000 0.9000 0.9000 0.9000 0.9000 0.9000 0.9000 0.9000 0.9000 0.9000 0.9000 0.9000 0.9000 0.9000 0.9000 0.9000 0.9000 0.9000 0.9000 0.9000 0.9000 0.9000 0.9000 0.9000 0.9000 0.9000 0.9000 0.9000 0.9000 0.9000 0.9000 0.9000 0.9000 0.9000 0.9000 0.9000 0.9000 0.9000 0.9000 0.9000 0.9000 0.9000 0.9000 0.9000 0.9000 0.9000 0.9000 0.9000 0.9000 0.9000 0.9000 0.9000 0.9000 0.9000 0.9000 0.9000 0.9000 0.9000 0.9000 0.9000 0.9000 0.9000 0.9000 0.9000 0.9000 0.9000 0.9000 0.9000 0.9000 0.9000 0.9000 0.9000 0.9000 0.9000 0.9000 0.9000 0.9000 0.9000 0.9000 0.9000 0.9000 0.9000 0.9000 0.9000 0.9000 0.9000 0.9000 0.9000 0.9000 0.9000 0.9000 0.9000 0.9000 0.9000 0.9000 0.9000 0.9000 0.9000 0.9000 0.9000 0.9000 0.9000 0.9000 0.9000 0.9000 0.9000 0.9000 0.9000 0.9000 0.9000 0.9000 0.9000 0.9000 0.9000 0.9000 0.9000 0.9000 0.9000 0.9000 0.9000 0.9000 0.9000 0.9000 0.9000 0.9000 0.9000 0.9000 0.9000 0.9000 0.9000 0.9000 0.9000 0.9000 0.9000 0.9000 0.9000 0.9000 0.9000 0.9000 0.9000 0.9000 0.9000 0.9000 0.9000 0.9000 0.9000 0.9000 0.9000 0.9000 0.9000 0.9000 0.9000 0.9000 0.9000 0.9000 0.9000 0.9000 0.9000 0.9000 0.9000 0.9000 0.6742 0.7946 0.8197 0.7757 0.7445 0.8605 0.7524 0.8508 0.7444 0.5789 0.7956 0.5898 0.6122 0.7140 0.7892 0.6949 0.7626 0.8251 0.7281 0.5804 0.7306 0.8047 0.7478 0.7989 0.6253 0.6597 0.6902 0.7591 0.5907 0.6367 0.7897 0.7598 0.8157 0.8195 0.6396 0.5417 0.8074 0.7616 0.7818 0.7228 0.5975 0.7640 0.5695 0.6465 0.6784 0.7446 0.6973 0.7768 0.7808 0.8258 0.7494 0.7833 0.7894 0.6130 0.6364 0.6103 0.8054 0.8298 0.7847 0.7292 0.7641 0.8099 0.8030 0.7579 0.6195 0.7868 0.8175 0.7341 0.7377 0.8307 0.8216 0.7917 0.8378 0.7661 0.5783 0.5670 0.8263 0.6187 0.8236 0.7933 0.8180 0.7494 0.8083 0.8070 0.7421 0.7921 0.8226 0.7706 0.8132 0.5772 0.6722 0.8084 0.7429 0.7933 0.8361 0.7557 0.5634 0.7871 0.7459 0.8139 0.6256 0.7914 0.6989 0.7446 0.6602 0.8180 0.7169 0.8741 0.6520 0.8187 0.7256 0.7653 0.7053 0.7824 0.7777 0.6843 0.4811 0.6900 0.6950 0.7838 0.6787 0.7969 0.7895 0.8432 0.6672 0.8188 0.8117 0.7547 0.6061 0.8208 0.8280 0.7793 0.5899 0.7853 0.6360 0.6836 0.8247 0.7372 0.7859 0.6496 0.7226 0.6494 0.7668 0.7654 0.6779 0.7943 0.8120 0.5619 0.6735 0.6892 0.7486 0.7346 0.8712 0.7414 0.7253 0.8574 0.7715 0.7585 0.6423 0.7325 0.6484 0.8029 0.7065 0.8374 0.7163 0.8143 0.6894 0.5636 0.7892 0.8006 0.8112 0.7310 0.6782 0.7223 0.6345 0.8132 0.8275 0.7755 0.7092 0.8338 0.7545 0.7540 0.7738 0.6658 0.5920 0.7270 0.7857 0.6814 0.7556 0.7368 0.6463 0.8191 0.6664 0.7528 0.7484 0.7870 0.7427 0.8092 0.6691 0.8445 0.6642 0.6737 0.7407 0.7866 0.8110 0.6226 0.8151 0.7218 0.6669 0.7801 0.6483 0.8449 0.6514 0.6681 0.7101 0.7448 0.7695 0.7631 0.5946 0.7199 0.7523 0.6120 0.6717 0.8423 0.7651 0.7294 0.7345 0.8043 0.5916 0.8021 0.7945 0.8120 0.7873 0.6661 0.7869 0.7826 0.6961 0.7735 0.6189 0.6500 0.7969 0.6437 0.6153 0.7906 0.8109 0.6994 0.7537 0.7936 0.7847 0.7865 0.5608 0.6798 0.8798 0.7477 0.6209 0.6157 0.6420 0.7145 0.6528 0.7930 0.6610 0.8058 0.6678 0.7125 0.6468 0.7509 0.5817 0.7478 0.5768 0.6503 0.5925 0.7931 0.5978 0.7653 0.6275 0.8440 0.6244 0.7496 0.7285 0.8101 0.7913 0.8074 0.5825 0.7725 0.7160 0.8200 0.6905 0.6406 0.7812 0.6008 0.8853 0.8323 0.7430 0.8509 0.7791 0.6477 0.8585 0.7203 0.6971 0.7582 0.7774 0.6648 0.6628 0.5769 0.7171 0.8026 0.7363 0.8282 0.6422 0.5024 0.8271 0.7560 0.7164 0.6772 0.6939 0.7949 0.7951 0.7477 0.7047 0.7310 0.8134 0.8211 0.7119 0.5802 0.7438 0.7953 0.7300 0.7562 0.8557 0.7956 0.8532 0.5983 0.6801 0.7898 0.6271 0.6955 0.7952 0.6136 0.7441 0.6151 0.7098 0.8158 0.5667 0.7429 0.7181 0.6639 0.8476 0.8459 0.6786 0.7249 0.8155 0.6738 0.8097 0.7238 0.8030 0.7345 0.8426 0.7848 0.5859 0.7022 0.7594 0.5853 0.7654 0.7080 0.6197 0.8527 0.8121 0.6121 0.7194 0.7266 0.6675 0.8053 0.6860 0.7198 0.7286 0.8032 0.7891 0.7017 0.7081 0.6183 0.7276 0.7459 0.7589 0.7921 0.7275 0.7748 0.6115 0.7160 0.5791 0.6373 0.5044 0.7132 0.6681 0.8133 0.7100 0.7114 0.6003 0.6402 0.8049 0.6816 0.7991 0.7895 0.6920 0.7756 0.7363 0.7944 0.7479 0.7174 0.7401 0.6378 0.7662 0.6379 0.7753 0.7821 0.6258 0.7764 0.7743 0.7370 0.8068 0.7253 0.7499 0.6576 0.5433 0.8429 0.7679 0.7917 0.6876 0.8706 0.7436 0.6125 0.7495 0.5884 0.7492 0.5897 0.8079 0.6977 0.7419 0.7330 0.6252 0.7963 0.6878 0.6629 0.7566 0.6868 0.7461 0.6829 0.5631 0.6416 0.7958 0.7847 0.7696 0.7668 0.8070 0.8185 0.6057 0.6326 0.5215 0.5489 0.6887 0.7514 0.6400 0.7261 0.7148 0.6465 0.7597 0.6108 0.6104 0.8145 0.5373 0.7840 0.8005 0.7546 0.7868 0.7714 0.5899 0.5817 0.6515 0.7059 0.7976 0.7513 0.8332 0.7300 0.6275 0.7672 0.7777 0.6635 0.6285 0.7455 0.7526 0.6528 0.8040 0.7455 0.8122 0.7200 0.8069 0.8231 0.8212 0.8161 0.7652 0.6113 0.8052 0.7451 0.7743 0.5594 0.7568 0.7072 0.7131 0.6438 0.8077 0.7501 0.7300 0.7042 0.6948 0.7011 0.7554 0.8116 0.8502 0.8041 0.7980 0.7651 0.6463 0.7955 0.7090 0.7247 0.7533 0.6437 0.6905 0.7601 0.5666 0.8043 0.6251 0.6368 0.7442 0.6098 0.7199 0.6878 0.7049 0.6122 0.4784 0.7299 0.8135 0.6082 0.8715 0.5986 0.8204 0.5749 0.8116 0.6630 0.7680 0.7912 0.7606 0.7863 0.7417 0.6351 0.7355 0.7780 0.8391 0.8133 0.6776 0.5858 0.7228 0.7407 0.7255 0.7654 0.7367 0.6646 0.7292 0.7236 0.6594 0.6796 0.6465 0.7633 0.5517 0.7681 0.7388 0.8138 0.6145 0.7581 0.6233 0.6540 0.6834 0.8078 0.7198 0.7335 0.7902 0.6881 0.7082 0.6594 0.6162 0.8083 0.8228 0.7573 0.8068 0.8108 0.7957 0.8368 0.7920 0.7365 0.5454 0.7988 0.8259 0.8141 0.7970 0.7317 0.7998 0.6420 0.7997 0.6828 0.8235 0.7293 0.6816 0.6830 0.8054 0.6526 0.5043 0.7860 0.6099 0.7693 0.6576 0.6548 0.7227 0.7712 0.7662 0.7005 0.8124 0.6230 0.7980 0.7647 0.7465 0.5890 0.6359 0.8342 0.7455 0.6828 0.7653 0.7930 0.6448 0.8667 0.6045 0.5837 0.8535 0.6169 0.7388 0.7238 0.7520 0.8168 0.7292 0.7825 0.7199 0.7058 0.7593 0.6412 0.8466 0.8096 0.7120 0.6474 0.8019 0.6723 0.6925 0.7697 0.7649 0.5765 0.7771 0.7936 0.6525 0.8310 0.6726 0.7111 0.5855 0.8018 0.6461 0.7577 0.7066 0.6737 0.7716 0.7658 0.6715 0.6359 0.8236 0.7671 0.7978 0.6705 0.7527 0.8023 0.7252 0.8451 0.5330 0.5026 0.6695 0.8207 0.6526 0.8179 0.5976 0.7841 0.6929 0.8468 0.7937 0.7434 0.8511 0.7520 0.5893 0.6258 0.7293 0.7164 0.8287 0.7345 0.7557 0.7729 0.6778 0.8194 0.7037 0.8091 0.6446 0.7234 0.8127 0.7257 0.8556 0.7486 0.6419 0.7712 0.7798 0.7284 0.8067 0.7248 0.7659 0.8433 0.6538 0.7467 0.8198 0.6796 0.8662 0.6637 0.6041 0.5164 0.7772 0.8042 0.7350 0.7762 0.5542 0.6137 0.5932 0.6930 0.7452 0.8289 0.7298 0.7677 0.5269 0.8097 0.6773 0.8297 0.7701 0.7607 0.7599 0.7348 0.7917 0.6987 0.7709 0.7956 0.6120 0.8353 0.8086 0.6821 0.7903 0.7797 0.8738 0.7225 0.8456 0.7310 0.5610 0.8388 0.5271 0.5262 0.6878 0.7538 0.8301 0.6944 0.7688 0.8055 0.7869 0.7533 0.6458 0.7499 0.7758 0.6690 0.7703 0.6757 0.7081 0.7802 0.7101 0.7804 0.7208 0.7270 0.5688 0.8287 0.7577 0.6423 0.6820 0.6092 0.6552 0.6175 0.7031 0.8260 0.6434 0.7668 0.8019 0.7893 0.7719 0.8042 0.6225 0.6973 0.7618 0.6431 0.5545 0.6406 0.7834 0.7652 0.7467 0.7757 0.7855 0.6317 0.7228 0.7667 0.7832 0.7646 0.7714 0.6808 0.8017 0.6883 0.7885 0.6699 0.5782 0.6728 0.7244 0.7940 0.6473 0.7124 0.6733 0.7743 0.7530 0.7937 0.7192 0.7654 0.7551 0.8134 0.7979 0.8104 0.7978 0.7493 0.7912 0.6000 0.7581 0.7236 0.5635 0.8176 0.6751 0.8762 0.8051 0.7529 0.8113 0.7909 0.6636 0.8094 0.7146 0.6580 0.5763 0.6162 0.7677 0.7586 0.7463 0.7428 0.7228 0.6917 0.6370 0.7835 0.5273 0.7612 0.6557 0.8120 0.5681 0.5827 0.6258 0.7762 0.7668 0.8112 0.8106 0.8489 0.7881 0.7471 0.7422 0.7954 0.7074 0.8232 0.7153 0.6551 0.7693 0.6377 0.6004 0.6597 0.7328 0.6869 0.6199 0.7168 0.7811 0.7656 0.6065 0.5906 0.7272 0.6430 0.7868 0.6373 0.7824 0.7983 0.6894 0.6962 0.6525 0.7630 0.7564 0.6586 0.8034 0.6525 0.5842 0.7446 0.7806 0.7744 0.5780 0.6520 0.7931 0.7903 0.5358 0.7468 0.7896 0.7733 0.6080 0.8104 0.5847 0.6845 0.6969 0.7529 0.5467 0.7837 0.6834 0.7959 0.7888 0.6995 0.8465 0.8353 0.5609 0.6441 0.7420 0.8133 0.5575 0.6485 0.7357 0.8576 0.7616 0.7729 0.6029 0.6566 0.7911 0.6741 0.7490 0.6267 0.7031 0.5808 0.7665 0.6768 0.7506 0.7979 0.8098 0.6531 0.7803 0.7273 0.6927 0.6772 0.7580 0.6776 0.7551 0.7852 0.8056 0.7777 0.7977 0.6990 0.6910 0.7710 0.8542 0.5972 0.7070 0.8148 0.7790 0.6171 0.6256 0.6385 0.7936 0.6726 0.6553 0.6117 0.6813 0.8444 0.5866 0.6468 0.6607 0.7860 0.8059 0.8234 0.7746 0.6947 0.6269 0.8191 0.7219 0.7208 0.6590 0.6727 0.5482 0.7870 0.6658 0.6526 0.7320 0.7898 0.7618 0.7076 0.8217 0.7742 0.8126 0.8046 0.7714 0.6966 0.6469 0.6336 0.5618 0.7255 0.7377 0.5740 0.7357 0.7239 0.6391 0.6046 0.6297 0.7619 0.7403 0.7729 0.7933 0.6784 0.7644 0.7772 0.8473 0.5927 0.7185 0.6569 0.7588 0.7970 0.7804 0.8547 0.8194 0.6377 0.7490 0.7793 0.7833 0.5639 0.7851 0.7816 0.6228 0.7508 0.5806 0.6568 0.6642 0.7112 0.7756 0.8436 0.7052 0.7568 0.5922 0.6047 0.7531 0.6263 0.7926 0.7791 0.5589 0.8055 0.7880 0.5552 0.7296 0.6932 0.8302 0.7494 0.6756 0.7511 0.7863 0.7644 0.8065 0.7018 0.8223 0.7262 0.5973 0.8639 0.7576 0.7756 0.5642 0.7864 0.7690 0.6849 0.7357 0.7735 0.8702 0.7834 0.6223 0.7551 0.8376 0.7840 0.7788 0.8225 0.6765 0.7452 0.6984 0.7464 0.7800 0.6689 0.7597 0.7622 0.7569 0.8075 0.6811 0.6427 0.6519 0.6911 0.6519 0.8360 0.5671 0.7122 0.7255 0.8716 0.7178 0.6450 0.6908 0.6646 0.7644 0.8152 0.7356 0.8329 0.5543 0.6877 0.7525 0.6974 0.7154 0.8579 0.6061 0.5815 0.8364 0.6603 0.7464 0.6982 0.6101 0.5530 0.7627 0.7199 0.8153 0.7150 0.7119 0.5690 0.6298 0.8304 0.6388 0.7435 0.7575 0.7877 0.6545 0.8266 0.7422 0.7748 0.6140 0.7691 0.6616 0.7836 0.7799 0.8414 0.6360 0.6444 0.8375 0.8203 0.6618 0.8215 0.7051 0.6648 0.6924 0.7784 0.7604 0.6540 0.7684 0.7905 0.6528 0.5956 0.8303 0.8217 0.7139 0.7008 0.8098 0.6283 0.6246 0.6381 0.7743 0.7529 0.6932 0.7466 0.6003 0.6737 0.6907 0.7294 0.5459 0.8344 0.6933 0.6455 0.8109 0.8209 0.7478 0.7937 0.6528 0.8119 0.8314 0.6641 0.7602 0.7736 0.8162 0.4976 0.8040 0.8068 0.7448 0.8066 0.7930 0.7131 0.6741 0.6020 0.7274 0.6008 0.8061 0.7364 0.7752 0.7218 0.7606 0.5266 0.7948 0.6539 0.7028 0.5707 0.8380 0.8118 0.7801 0.6341 0.5303 0.8221 0.7547 0.6483 0.6346 0.6843 0.7715 0.7000 0.7930 0.8207 0.7671 0.7955 0.7830 0.7812 0.7759 0.5657 0.8006 0.5813 0.6552 0.7844 0.8101 0.5973 0.6733 0.7439 0.7056 0.6162 0.7548 0.7406 0.8602 0.7264 0.6993 0.8141 0.7705 0.8289 0.6686 0.8183 0.7099 0.7733 0.7359 0.8124 0.7359 0.6748 0.6247 0.7192 0.7820 0.5585 0.7945 0.8692 0.8011 0.6326 0.8243 0.7203 0.6063 0.7592 0.6776 0.6982 0.8175 0.7850 0.7529 0.7478 0.6917 0.7763 0.8139 0.7566 0.8059 0.7029 0.6518 0.7912 0.8114 0.5726 0.7138 0.8606 0.7710 0.6945 0.7122 0.7753 0.7012 0.7792 0.6851 0.7709 0.6277 0.7772 0.7571 0.6001 0.7719 0.7400 0.7625 0.5922 0.7838 0.6927 0.5253 0.6750 0.7840 0.7755 0.5522 0.8071 0.7332 0.5813 0.6922 0.7411 0.7351 0.7691 0.7438 0.7512 0.8173 0.5859 0.7934 0.8476 0.7965 0.5390 0.6078 0.8388 0.6449 0.6469 0.6652 0.8270 0.7488 0.8188 0.8034 0.8108 0.5753 0.7529 0.7411 0.5629 0.5593 0.6240 0.6960 0.7217 0.7864 0.7122 0.8419 0.7829 0.7380 0.7684 0.8313 0.6185 0.7842 0.6333 0.6655 0.7556 0.7109 0.6383 0.7920 0.8060 0.7830 0.7461 0.7686 0.7593 0.7843 0.6803 0.7857 0.7697 0.6233 0.8133 0.8228 0.7686 0.7860 0.6636 0.8697 0.7585 0.7272 0.8331 0.7570 0.6492 0.6557 0.8232 0.6946 0.5842 0.7449 0.5490 0.5578 0.7033 0.7669 0.6327 0.6526 0.7648 0.6838 0.5504 0.7939 0.6456 0.7383 0.5427 0.7901 0.7780 0.7754 0.7748 0.7763 0.8096 0.6236 0.7647 0.6427 0.7653 0.5695 0.7689 0.6569 0.8538 0.8312 0.7944 0.8072 0.6785 0.7852 0.7946 0.7748 0.6360 0.7199 0.6719 0.7121 0.6949 0.7834 0.8504 0.7724 0.7630 0.6131 0.7901 0.8442 0.7355 0.6671 0.7376 0.7038 0.7881 0.7757 0.6139 0.7455 0.8194 0.7578 0.6730 0.8136 0.8317 0.7766 0.6411 0.7340 0.6798 0.8106 0.7040 0.6804 0.7878 0.6764 0.7338 0.7270 0.5456 0.6525 0.7004 0.8315 0.8122 0.8330 0.7586 0.7325 0.7906 0.7226 0.6182 0.6301 0.7329 0.7710 0.6980 0.6536 0.6905 0.6135 0.7861 0.7450 0.8283 0.8110 0.6790 0.7898 0.7476 0.6813 0.6069 0.6980 0.6317 0.7111 0.7882 0.7223 0.7349 0.7448 0.5767 0.7384 0.7499 0.6055 0.6062 0.8067 0.7890 0.5859 0.7022 0.5942 0.7768 0.8393 0.7986 0.8290 0.7222 0.7395 0.8100 0.6029 0.7509 0.7699 0.8349 0.7791 0.7580 0.7866 0.6486 0.5861 0.7298 0.7853 0.7111 0.6853 0.5764 0.7292 0.6295 0.5859 0.6683 0.8136 0.6884 0.8012 0.7831 0.5728 0.6602 0.6280 0.8078 0.7864 0.7501 0.8298 0.6454 0.7988 0.7888 0.7179 0.8098 0.8177 0.7403 0.7481 0.7806 0.8290 0.6605 0.7328 0.7660 0.7608 0.6848 0.7229 0.8085 0.8248 0.6147 0.6987 0.8014 0.7579 0.8361 0.8542 0.7244 0.7177 0.6986 0.6876 0.7335 0.6948 0.7912 0.7020 0.6286 0.6380 0.7816 0.7386 0.5869 0.7697 0.7811 0.8282 0.7800 0.5875 0.7014 0.7900 0.7585 0.7828 0.7601 0.8015 0.8021 0.7400 0.7416 0.7968 0.8173 0.6605 0.7841 0.8411 0.6442 0.8243 0.6644 0.7982 0.5203 0.7966 0.7757 0.7062 0.6419 0.6702 0.7293 0.7973 0.6307 0.5216 0.7640 0.6482 0.6118 0.7948 0.8321 0.7768 0.7454 0.8198 0.8038 0.5687 0.7894 0.7476 0.7889 0.7888 0.6278 0.6527 0.6466 0.7450 0.5817 0.5637 0.6430 0.7661 0.6748 0.7762 0.6024 0.8148 0.7301 0.7517 0.5590 0.8054 0.7215 0.6872 0.7808 0.5787 0.7726 0.8527 0.6454 0.8074 0.7220 0.7330 0.6118 0.5786 0.7358 0.7769 0.7790 0.6299 0.7128 0.7915 0.5332 0.7456 0.7781 0.7065 0.7842 0.6835 0.6385 0.8136 0.7904 0.7890 0.6952 0.8233 0.7509 0.7540 0.6224 0.8421 0.8752 0.6723 0.5814 0.6643 0.7761 0.7611 0.7220 0.7116 0.5689 0.7906 0.7897 0.7254 0.8136 0.7282 0.6343 0.6526 0.7540 0.7724 0.7578 0.8489 0.6706 0.6384 0.7434 0.6683 0.5888 0.5405 0.7672 0.7442 0.7279 0.7456 0.8052 0.7794 0.7652 0.8336 0.6954 0.8035 0.6549 0.8728 0.8187 0.6019 0.7975 0.7822 0.6732 0.5971 0.7297 0.6893 0.6955 0.7311 0.7308 0.6769 0.7461 0.7537 0.8027 0.7186 0.8283 0.8373 0.7382 0.7322 0.6472 0.7123 0.8349 0.6942 0.7590 0.8183 0.5500 0.7862 0.7045 0.7932 0.8225 0.6248 0.6089 0.8084 0.7591 0.5391 0.7299 0.7205 0.7454 0.7643 0.7357 0.8113 0.7683 0.7983 0.8163 0.7158 0.5857 0.6834 0.7758 0.8679 0.7814 0.5717 0.6886 0.8364 0.8032 0.6979 0.7452 0.6525 0.7361 0.7958 0.6253 0.6261 0.7032 0.7113 0.8026 0.5778 0.6825 0.6639 0.7679 0.8250 0.7052 0.7386 0.7648 0.7529 0.6192 0.5824 0.5333 0.7018 0.7743 0.6969 0.7201 0.8008 0.8250 0.7527 0.6235 0.7713 0.6698 0.7871 0.7539 0.7559 0.7701 0.7185 0.5543 0.7457 0.7584 0.7959 0.7881 0.6896 0.7819 0.6685 0.7411 0.6315 0.7884 0.7795 0.7560 0.7895 0.8193 0.7367 0.6941 0.6331 0.6323 0.5750 0.8800 0.7942 0.7581 0.6750 0.6130 0.7274 0.8260 0.7685 0.8247 0.7947 0.6375 0.8398 0.7312 0.6011 0.7200 0.7106 0.8176 0.7149 0.7672 0.7851 0.5910 0.8270 0.5592 0.6399 0.7893 0.7340 0.6580 0.7069 0.6475 0.5722 0.7889 0.7538 0.7390 0.7144 0.8009 0.7088 0.7452 0.8066 0.6683 0.8001 0.7285 0.8204 0.6898 0.7087 0.7566 0.5639 0.7954 0.7469 0.7770 0.7905 0.7125 0.7847 0.7534 0.7624 0.8058 0.7789 0.6251 0.7938 0.6286 0.6280 0.7195 0.8166 0.5291 0.7641 0.7944 0.7934 0.7970 0.7981 0.5877 0.6878 0.5842 0.5205 0.8751 0.7225 0.5494 0.7927 0.6572 0.7657 0.6710 0.7358 0.7971 0.7993 0.7662 0.6773 0.5860 0.8157 0.7603 0.8229 0.7513 0.7828 0.6975 0.7362 0.7525 0.6551 0.7859 0.6833 0.8009 0.7353 0.7204 0.5644 0.8299 0.7836 0.7628 0.8454 0.7598 0.7763 0.7957 0.8227 0.7197 0.7360 0.8254 0.7589 0.7855 0.5993 0.7826 0.5644 0.7209 0.7721 0.5727 0.7144 0.8812 0.6992 0.7905 0.7070 0.7114 0.8114 0.6086 0.6275 0.7879 0.7485 0.6590 0.7796 0.6663 0.6765 0.7313 0.7157 0.8046 0.7894 0.8184 0.6165 0.7545 0.7819 0.5758 0.7236 0.8063 0.8274 0.8421 0.7006 0.7583 0.7995 0.8082 0.8573 0.5832 0.8449 0.7055 0.7403 0.5507 0.8213 0.7360 0.7025 0.5931 0.7100 0.6649 0.5894 0.7899 0.6665 0.5374 0.7717 0.5616 0.5186 0.7070 0.7947 0.7514 0.7165 0.7055 0.6783 0.7896 0.7352 0.6646 0.7490 0.7735 0.7072 0.6967 0.7533 0.8193 0.7416 0.6885 0.6340 0.7540 0.7752 0.7678 0.7450 0.7782 0.7698 0.7378 0.5627 0.7316 0.5542 0.8157 0.7599 0.8350 0.7399 0.6751 0.7520 0.5704 0.8554 0.6685 0.7225 0.7720 0.6493 0.6434 0.5961 0.4738 0.8425 0.8079 0.8002 0.7941 0.5106 0.6775 0.7974 0.6510 0.7581 0.7938 0.6544 0.6365 0.7947 0.5403 0.7848 0.8127 0.6464 0.6153 0.8400 0.7565 0.6874 0.8163 0.7373 0.7558 0.7866 0.7457 0.7683 0.8124 0.8063 0.6677 0.7261 0.8380 0.8115 0.7348 0.7775 0.6389 0.6737 0.6306 0.8630 0.7820 0.6005 0.6624 0.7646 0.6027 0.8218 0.7060 0.8324 0.7326 0.5693 0.7766 0.5764 0.7465 0.7048 0.6564 0.6610 0.7697 0.6983 0.5337 0.7686 0.7513 0.6619 0.8232 0.7551 0.7232 0.6766 0.7895 0.8228 0.6309 0.6927 0.7949 0.7612 0.7232 0.7094 0.7043 0.8274 0.8098 0.8443 0.5562 0.7603 0.6954 0.7532 0.6601 0.7491 0.7113 0.6514 0.6812 0.7417 0.7653 0.7555 0.6688 0.7895 0.6161 0.6961 0.8155 0.7496 0.7395 0.8176 0.8433 0.7012 0.6903 0.5627 0.7620 0.7849 0.7060 0.7667 0.6658 0.6575 0.8051 0.7835 0.7857 0.6668 0.7662 0.5681 0.7439 0.8013 0.8482 0.5636 0.8650 0.5034 0.6892 0.6095 0.7260 0.7299 0.6901 0.7586 0.5773 0.7242 0.7078 0.7648 0.8040 0.6756 0.7829 0.7078 0.8219 0.8620 0.8378 0.6988 0.8208 0.7446 0.8627 0.7559 0.7888 0.6480 0.7375 0.6643 0.7748 0.7122 0.7726 0.7781 0.7024 0.7957 0.5631 0.7267 0.7145 0.7583 0.7227 0.7373 0.6385 0.7387 0.6350 0.7444 0.6933 0.8343 0.7890 0.8310 0.7789 0.8236 0.6655 0.6505 0.7526 0.7476 0.6668 0.7594 0.6481 0.6273 0.6516 0.7629 0.6113 0.7269 0.7880 0.6700 0.6190 0.7362 0.6558 0.6984 0.7475 0.7602 0.6474 0.7355 0.8018 0.7771 0.6445 0.6938 0.7930 0.7410 0.7892 0.7236 0.7062 0.5528 0.7611 0.7515 0.5037 0.7420 0.6404 0.6936 0.8073 0.8396 0.6859 0.7038 0.7381 0.7511 0.8031 0.7617 0.7797 0.6219 0.7812 0.5667 0.8215 0.7188 0.5481 0.7345 0.8060 0.7324 0.7651 0.8095 0.7662 0.8039 0.4800 0.6759 0.7403 0.7866 0.6745 0.7536 0.7824 0.7201 0.6696 0.5572 0.6783 0.7461 0.7412 0.5123 0.6834 0.7025 0.6535 0.7162 0.6365 0.6516 0.8244 0.6846 0.7650 0.8051 0.6959 0.8539 0.6747 0.8024 0.7148 0.8039 0.7228 0.7595 0.6433 0.5287 0.7461 0.7946 0.7053 0.7749 0.6066 0.6678 0.6659 0.5236 0.5825 0.6892 0.7487 0.7306 0.7840 0.7166 0.7352 0.7820 0.7972 0.5619 0.8228 0.7626 0.7065 0.7994 0.7165 0.7924 0.8736 0.7814 0.8258 0.7799 0.6710 0.7759 0.6419 0.8251 0.7630 0.7700 0.6599 0.7890 0.7390 0.7556 0.7964 0.6411 0.8075 0.7990 0.7005 0.6086 0.7414 0.8403 0.7594 0.7322 0.7782 0.7074 0.7797 0.8367 0.6391 0.8255 0.8483 0.7947 0.7893 0.6722 0.7522 0.8189 0.6387 0.7050 0.7512 0.7284 0.6581 0.5909 0.6316 0.6484 0.8363 0.6416 0.6379 0.8046 0.7576 0.7151 0.6062 0.7727 0.7655 0.6235 0.7493 0.7808 0.7383 0.8089 0.7847 0.5745 0.7647 0.7357 0.7045 0.7558 0.8077 0.4879 0.6568 0.6523 0.5130 0.6605 0.7048 0.6752 0.8048 0.7808 0.7615 0.6737 0.7449 0.7840 0.8140 0.6852 0.8084 0.7813 0.7881 0.7699 0.7160 0.7289 0.6516 0.7573 0.6323 0.7770 0.7977 0.7719 0.8322 0.6615 0.7550 0.7102 0.7423 0.7468 0.7734 0.7254 0.7953 0.6809 0.6814 0.7399 0.5503 0.6402 0.5488 0.6125 0.6957 0.7650 0.8105 0.6592 0.7097 0.7497 0.5884 0.6424 0.7456 0.6664 0.8354 0.6723 0.7521 0.7069 0.7873 0.7187 0.7408 0.7643 0.7709 0.6600 0.8232 0.7337 0.6160 0.6872 0.6897 0.8091 0.5757 0.7818 0.5746 0.8377 0.6547 0.8347 0.8099 0.5679 0.7949 0.6328 0.7124 0.7641 0.7030 0.7913 0.7626 0.6243 0.6113 0.8100 0.5491 0.7985 0.7389 0.7314 0.8176 0.8370 0.5724 0.5312 0.8384 0.8007 0.6727 0.8134 0.8088 0.6896 0.7682 0.7694 0.6635 0.7764 0.6046 0.7560 0.6698 0.8313 0.8502 0.7550 0.7446 0.7441 0.5794 0.6810 0.8227 0.6075 0.8272 0.7902 0.5859 0.5803 0.5611 0.8363 0.7087 0.4847 0.6647 0.8113 0.7924 0.7970 0.8166 0.7630 0.7931 0.5750 0.7530 0.7160 0.7355 0.7255 0.6474 0.6992 0.6810 0.7837 0.7327 0.7515 0.8201 0.6237 0.6797 0.8362 0.7300 0.8403 0.7941 0.7641 0.7149 0.6627 0.8039 0.7863 0.7245 0.8205 0.6628 0.8155 0.5497 0.6781 0.7613 0.7331 0.7137 0.7219 0.6912 0.6833 0.5985 0.6177 0.7134 0.7475 0.7769 0.7837 0.6205 0.6860 0.6612 0.8244 0.6463 0.8163 0.7806 0.7745 0.7045 0.6292 0.7862 0.5970 0.8386 0.8397 0.6037 0.7527 0.6910 0.8057 0.6754 0.8090 0.7015 0.7483 0.7761 0.5283 0.7790 0.8044 0.7448 0.7799 0.7308 0.7623 0.8027 0.5756 0.6273 0.5269 0.6946 0.5615 0.6631 0.7400 0.7764 0.6872 0.8135 0.8119 0.6921 0.6986 0.7302 0.5323 0.5519 0.7158 0.5444 0.6603 0.7211 0.8320 0.7625 0.5310 0.5970 0.6240 0.7607 0.7268 0.7370 0.7920 0.7414 0.6723 0.8153 0.7640 0.6461 0.6118 0.5359 0.7944 0.7018 0.7492 0.7918 0.6038 0.8036 0.7452 0.5821 0.7757 0.8396 0.8147 0.7968 0.6369 0.7444 0.7655 0.7223 0.8049 0.8494 0.6881 0.6541 0.7927 0.6295 0.7317 0.7134 0.5990 0.7998 0.8373 0.7696 0.7650 0.8527 0.6707 0.7317 0.7781 0.5339 0.7109 0.7316 0.7816 0.7227 0.7405 0.8367 0.7041 0.6268 0.8218 0.6696 0.8008 0.7796 0.8256 0.6866 0.6224 0.7096 0.7664 0.7739 0.7104 0.7292 0.7442 0.6219 0.7345 0.5906 0.6595 0.7410 0.7199 0.7623 0.8072 0.7517 0.7655 0.7575 0.6751 0.7620 0.5937 0.6824 0.6310 0.7665 0.5125 0.7396 0.6115 0.7974 0.6507 0.6040 0.6070 0.6414 0.6933 0.6882 0.6548 0.7095 0.8226 0.7875 0.6175 0.6916 0.7977 0.5780 0.7598 0.7646 0.8072 0.7782 0.7008 0.6114 0.7130 0.6826 0.7897 0.6615 0.8180 0.5551 0.7327 0.7988 0.8203 0.6547 0.6984 0.6735 0.7172 0.6399 0.6592 0.7661 0.8527 0.7804 0.6982 0.6658 0.8097 0.8181 0.6742 0.6667 0.7557 0.5442 0.6178 0.8285 0.7907 0.7541 0.8029 0.7326 0.6115 0.7283 0.6181 0.6097 0.6648 0.5418 0.5819 0.8241 0.8436 0.8310 0.5732 0.6655 0.7432 0.7469 0.7903 0.8080 0.7111 0.7098 0.6845 0.7757 0.8575 0.8223 0.7860 0.6622 0.8035 0.7463 0.8190 0.6737 0.7958 0.7895 0.7870 0.7232 0.6579 0.7658 0.6371 0.7257 0.7550 0.6347 0.5564 0.6693 0.7377 0.7068 0.8145 0.8014 0.7133 0.7477 0.7867 0.7770 0.8037 0.7635 0.8065 0.7012 0.7056 0.7427 0.8116 0.7564 0.8160 0.7379 0.6693 0.8271 0.6873 0.8146 0.6398 0.7127 0.7785 0.7785 0.6377 0.7690 0.8239 0.7916 0.7301 0.5260 0.6218 0.6535 0.8039 0.6865 0.7749 0.6220 0.6001 0.6171 0.8276 0.4944 0.7147 0.7955 0.8210 0.8091 0.6656 0.7130 0.6990 0.8208 0.6842 0.7571 0.7299 0.7469 0.7655 0.5530 0.6548 0.6511 0.8660 0.7418 0.5130 0.5512 0.7968 0.7685 0.7015 0.5160 0.7409 0.7852 0.6276 0.8620 0.5955 0.7350 0.6459 0.7008 0.6677 0.8252 0.7034 0.6646 0.7738 0.4925 0.6006 0.5979 0.8550 0.7826 0.8270 0.7313 0.7588 0.8383 0.7800 0.6994 0.8020 0.7617 0.8254 0.7558 0.7703 0.5836 0.7995 0.5736 0.6992 0.6911 0.8443 0.8190 0.4929 0.7405 0.7537 0.7398 0.7630 0.7933 0.6800 0.7014 0.8488 0.7828 0.6146 0.8360 0.8331 0.5712 0.5864 0.8298 0.5938 0.7969 0.8059 0.7158 0.8078 0.7463 0.8641 0.6299 0.6088 0.7046 0.6230 0.8440 0.8132 0.4977 0.7869 0.6901 0.5810 0.6971 0.7816 0.8345 0.7696 0.5947 0.8203 0.6908 0.7643 0.7469 0.5976 0.6071 0.6278 0.6947 0.7614 0.6176 0.6602 0.7705 0.7158 0.7103 0.6185 0.7356 0.7633 0.8493 0.8050 0.6941 0.6926 0.6085 0.6730 0.5774 0.5219 0.7264 0.5728 0.7422 0.6611 0.7829 0.7493 0.7559 0.8735 0.7218 0.6104 0.6855 0.5863 0.6152 0.8090 0.7335 0.6935 0.7677 0.6841 0.8470 0.5882 0.8393 0.6032 0.6738 0.7944 0.7088 0.7375 0.6995 0.7676 0.8298 0.7615 0.6906 0.6953 0.8253 0.7467 0.6410 0.6180 0.6352 0.7712 0.7815 0.7915 0.8025 0.6621 0.8061 0.8014 0.7516 0.7110 0.7014 0.7222 0.7405 0.7673 0.6487 0.7040 0.6769 0.5714 0.7744 0.8108 0.7637 0.7615 0.8170 0.6921 0.7968 0.6448 0.7925 0.7894 0.5475 0.7694 0.7573 0.7370 0.7424 0.7189 0.6021 0.5692 0.7867 0.5803 0.6449 0.6256 0.7854 0.8252 0.5855 0.7182 0.6330 0.7554 0.8046 0.8149 0.7673 0.6446 0.6894 0.6805 0.7004 0.8571 0.6643 0.7841 0.6368 0.7293 0.8634 0.8107 0.5979 0.8140 0.8754 0.7649 0.7158 0.8104 0.7058 0.6045 0.6734 0.6486 0.7233 0.8173 0.8236 0.4892 0.6962 0.6784 0.8139 0.7670 0.8393 0.5524 0.7592 0.7498 0.8304 0.8138 0.7474 0.7692 0.6681 0.6193 0.7920 0.7880 0.7618 0.7634 0.8072 0.6638 0.6014 0.7954 0.7606 0.7343 0.7640 0.5676 0.7771 0.6635 0.6613 0.6638 0.6540 0.7252 0.7717 0.8193 0.7301 0.6493 0.5517 0.8125 0.7959 0.7985 0.7668 0.7229 0.8039 0.5270 0.7295 0.5748 0.8413 0.7772 0.6276 0.7782 0.7105 0.8213 0.7761 0.6797 0.7202 0.6754 0.7670 0.7420 0.7682 0.6140 0.6260 0.7724 0.6066 0.7044 0.6380 0.5757 0.6945 0.8542 0.8015 0.6865 0.8143 0.7968 0.6551 0.8100 0.6502 0.7392 0.6098 0.7377 0.6886 0.8296 0.7432 0.6001 0.8033 0.7607 0.7622 0.6749 0.7196 0.7944 0.7790 0.7273 0.7837 0.7254 0.7848 0.7470 0.6163 0.7667 0.7901 0.7745 0.5073 0.8456 0.6281 0.8148 0.7411 0.7150 0.6994 0.7125 0.6829 0.6352 0.7374 0.7794 0.6893 0.7437 0.8099 0.6092 0.8496 0.6526 0.6534 0.8022 0.8385 0.8246 0.5854 0.7548 0.8305 0.7770 0.7543 0.7947 0.7640 0.7872 0.7293 0.8188 0.7940 0.8284 0.8381 0.7537 0.7493 0.6977 0.6695 0.7574 0.7099 0.5643 0.7571 0.7797 0.7850 0.7666 0.8127 0.8343 0.6109 0.6548 0.7815 0.6452 0.7534 0.6082 0.5657 0.8149 0.6781 0.5258 0.6337 0.7159 0.7873 0.7775 0.7354 0.5658 0.7974 0.6288 0.5606 0.6115 0.7764 0.7716 0.7361 0.7390 0.6222 0.7415 0.7030 0.7428 0.6304 0.7870 0.6964 0.7813 0.8616 0.6683 0.5886 0.7588 0.8780 0.8096 0.7264 0.8006 0.7828 0.7744 0.8589 0.7799 0.8524 0.7351 0.6194 0.6665 0.7667 0.7283 0.5917 0.7780 0.6733 0.6445 0.8264 0.7349 0.6805 0.7387 0.6052 0.5488 0.5069 0.7100 0.8221 0.7723 0.8486 0.4948 0.7492 0.6482 0.7614 0.7934 0.5883 0.6603 0.7534 0.7554 0.7367 0.8050 0.8398 0.6546 0.7682 0.6152 0.7293 0.5218 0.8061 0.7148 0.6531 0.7096 0.7751 0.6810 0.6194 0.7022 0.5449 0.6343 0.8198 0.7799 0.6952 0.7478 0.7851 0.8033 0.8035 0.7292 0.6348 0.5110 0.6641 0.6699 0.5909 0.5440 0.7635 0.6946 0.6705 0.8007 0.9010 0.6328 0.6381 0.6440 0.7642 0.7234 0.8417 0.7371 0.7475 0.7973 0.5898 0.7815 0.7857 0.8189 0.7369 0.8134 0.8203 0.5901 0.6775 0.5933 0.7866 0.7911 0.6100 0.7233 0.7335 0.6189 0.7787 0.6559 0.7704 0.7118 0.7827 0.5321 0.7196 0.7913 0.8142 0.5311 0.7655 0.6190 0.7305 0.7656 0.7397 0.6485 0.7761 0.7066 0.6916 0.7271 0.6997 0.7457 0.6169 0.6174 0.6821 0.6052 0.5807 0.6965 0.7782 0.7043 0.7852 0.8529 0.6179 0.6299 0.7715 0.7122 0.5529 0.8265 0.6352 0.6050 0.8464 0.7974 0.8306 0.7178 0.8007 0.6085 0.6140 0.6704 0.7961 0.7781 0.7990 0.6296 0.5591 0.7418 0.5701 0.7347 0.5466 0.6600 0.8448 0.5616 0.5358 0.7465 0.4877 0.7364 0.6440 0.8144 0.8336 0.8419 0.5472 0.8063 0.7819 0.6356 0.6873 0.6957 0.8036 0.6904 0.6250 0.7357 0.6824 0.8439 0.8042 0.7720 0.7687 0.8396 0.7848 0.6375 0.7177 0.6833 0.7838 0.5111 0.7536 0.6954 0.6459 0.6836 0.7721 0.7592 0.6144 0.7131 0.7694 0.6792 0.7705 0.7856 0.7827 0.7191 0.8029 0.6211 0.8132 0.7415 0.8287 0.7889 0.7374 0.7344 0.8291 0.6314 0.7555 0.7797 0.7265 0.6759 0.8193 0.6844 0.6900 0.8427 0.7170 0.7532 0.7586 0.5572 0.8609 0.6872 0.7713 0.6926 0.8238 0.8408 0.7787 0.7878 0.5717 0.7755 0.8279 0.7308 0.8310 0.6998 0.7593 0.6159 0.5609 0.7906 0.7380 0.5732 0.7675 0.6674 0.7179 0.7758 0.7692 0.7147 0.7661 0.7686 0.7778 0.8225 0.7809 0.7009 0.6185 0.6664 0.5790 0.7186 0.6731 0.6076 0.7861 0.6417 0.7985 0.7987 0.7700 0.7927 0.6575 0.6099 0.7611 0.7654 0.8007 0.7706 0.6471 0.8245 0.6131 0.7381 0.6868 0.7181 0.8086 0.6495 0.6958 0.7611 0.5831 0.7048 0.6738 0.6450 0.7418 0.6054 0.7354 0.6628 0.8304 0.6965 0.6432 0.5790 0.8296 0.8364 0.7332 0.6202 0.8417 0.8524 0.7143 0.7375 0.8064 0.8133 0.7854 0.7259 0.5694 0.7597 0.8039 0.6655 0.7708 0.6148 0.6974 0.8333 0.5802 0.6165 0.8094 0.8256 0.7930 0.7304 0.6370 0.6844 0.6062 0.8407 0.7413 0.7392 0.6732 0.7930 0.6678 0.7505 0.8033 0.7999 0.7376 0.7904 0.7147 0.7309 0.6958 0.6494 0.8144 0.6846 0.7086 0.7542 0.7746 0.8501 0.8099 0.6682 0.6503 0.7590 0.6092 0.7231 0.7780 0.7887 0.7615 0.8219 0.7759 0.7782 0.7076 0.7843 0.6757 0.7286 0.8146 0.8464 0.5712 0.8133 0.8229 0.6757 0.8052 0.7424 0.7861 0.7246 0.8197 0.5876 0.8228 0.7849 0.8343 0.8326 0.8143 0.8248 0.8320 0.6288 0.8326 0.8167 0.8082 0.7402 0.6929 0.6089 0.6129 0.8527 0.4692 0.6724 0.6965 0.7880 0.8047 0.7330 0.8656 0.7936 0.8371 0.8025 0.6195 0.7140 0.8005 0.7830 0.8575 0.8373 0.7907 0.8104 0.6269 0.7954 0.8644 0.7820 0.7918 0.6569 0.7745 0.7990 0.7636 0.6791 0.6306 0.8467 0.6381 0.7709 0.7823 0.6050 0.7924 0.7533 0.6980 0.6429 0.8035 0.6502 0.7142 0.8116 0.8249 0.7905 0.8565 0.6362 0.7748 0.7082 0.8538 0.6930 0.7960 0.8673 0.7827 0.6309 0.6138 0.5931 0.8315 0.5410 0.7661 0.6754 0.6994 0.7720 0.7779 0.7767 0.6977 0.6463 0.6658 0.6197 0.7126 0.7308 0.8761 0.6454 0.7983 0.8060 0.7469 0.8072 0.8216 0.7670 0.8069 0.8345 0.7981 0.7847 0.7375 0.8476 0.8235 0.8385 0.6429 0.7189 0.8186 0.7475 0.8230 0.7049 0.6922 0.8247 0.7509 0.7742 0.7164 0.5797 0.7866 0.6678 0.7839 0.6201 0.8477 0.5360 0.8195 0.5753 0.8055 0.8475 0.6188 0.7939 0.8330 0.6791 0.8087 0.6610 0.7440 0.8467 0.8050 0.7719 0.6807 0.8089 0.7535 0.8163 0.7386 0.8283 0.7268 0.5728 0.8120 0.7917 0.7740 0.6224 0.8207 0.7203 0.8202 0.6858 0.5357 0.7713 0.7747 0.8477 0.8653 0.7353 0.7079 0.8148 0.7423 0.7468 0.7571 0.8313 0.8236 0.7124 0.7175 0.6742 0.8331 0.7818 0.8357 0.6498 0.7226 0.8304 0.7994 0.8442 0.6615 0.7791 0.6412 0.7013 0.5607 0.7135 0.8528 0.8552 0.5909 0.7133 0.5941 0.7153 0.7927 0.7664 0.8405 0.6068 0.7183 0.5991 0.8506 0.8042 0.7613 0.8386 0.5836 0.8209 0.5876 0.7741 0.7555 0.5668 0.7173 0.7121 0.5317 0.7378 0.8384 0.6547 0.7477 0.8302 0.6118 0.7836 0.7605 0.8407 0.8317 0.8210 0.7985 0.8606 0.5601 0.8221 0.8217 0.8818 0.6127 0.7807 0.5757 0.6954 0.5813 0.8445 0.7774 0.5886 0.7117 0.7764 0.8098 0.6824 0.7067 0.8137 0.6675 0.6014 0.6981 0.8143 0.6275 0.7976 0.7566 0.7921 0.6027 0.5744 0.6188 0.5944 0.8544 0.6375 0.7243 0.7490 0.6167 0.7491 0.5555 0.7965 0.8069 0.7651 0.7780 0.8238 0.7157 0.8321 0.6110 0.8304 0.7256 0.8326 0.7987 0.7677 0.7491 0.7374 0.8755 0.6540 0.6189 0.6646 0.5859 0.6370 0.5771 0.7568 0.8373 0.7192 0.8124 0.7157 0.6467 0.7910 0.6564 0.7948 0.7342 0.8165 0.8050 0.6687 0.6502 0.6812 0.8462 0.8387 0.6710 0.7286 0.6782 0.5875 0.7525 0.8338 0.7147 0.5330 0.8231 0.7977 0.7180 0.8708 0.7662 0.7449 0.6578 0.6602 0.6237 0.8271 0.8300 0.7844 0.7769 0.6918 0.6677 0.7822 0.7923 0.6641 0.8461 0.8678 0.5867 0.6445 0.6628 0.8227 0.7909 0.7949 0.6679 0.7564 0.5100 0.7850 0.7789 0.7942 0.7026 0.7369 0.7537 0.8112 0.7824 0.8244 0.8023 0.6426 0.8165 0.6405 0.6263 0.8030 0.8278 0.7138 0.7357 0.6562 0.8356 0.8409 0.6617 0.8531 0.7308 0.8345 0.7689 0.8728 0.8040 0.8329 0.6740 0.5390 0.6135 0.6610 0.7653 0.6845 0.8257 0.8212 0.7364 0.7039 0.6477 0.7003 0.8543 0.7828 0.7257 0.5512 0.6045 0.7893 0.7917 0.6796 0.5417 0.8026 0.8509 0.8613 0.7490 0.6960 0.7165 0.8034 0.8140 0.6102 0.8380 0.7813 0.8267 0.7362 0.7738 0.8573 0.7173 0.8338 0.8154 0.7790 0.7240 0.6322 0.6502 0.6353 0.7442 0.8113 0.6917 0.8055 0.8881 0.8685 0.7218 0.8765 0.6342 0.8122 0.6372 0.7412 0.6361 0.5950 0.7317 0.8441 0.8439 0.7130 0.8441 0.6840 0.6625 0.7802 0.6317 0.6360 0.7948 0.7136 0.7456 0.6643 0.6605 0.6674 0.7896 0.7670 0.6034 0.8511 0.6153 0.7293 0.7820 0.8019 0.4813 0.6770 0.7649 0.7226 0.6400 0.6966 0.7857 0.7876 0.7605 0.7234 0.7152 0.7733 0.7798 0.7994 0.6636 0.7569 0.8264 0.7614 0.8039 0.8175 0.7222 0.6617 0.8794 0.8499 0.8084 0.7815 0.5806 0.6564 0.8355 0.7697 0.8380 0.8509 0.8367 0.7203 0.8144 0.7824 0.7053 0.6799 0.8519 0.6241 0.6213 0.7687 0.6655 0.8282 0.6928 0.7913 0.7938 0.8215 0.7640 0.7098 0.6125 0.6710 0.7003 0.7949 0.8294 0.7416 0.8595 0.7402 0.7704 0.8137 0.8291 0.8023 0.8473 0.7174 0.6984 0.7684 0.6768 0.7766 0.8656 0.6081 0.8283 0.6766 0.7748 0.5523 0.8003 0.8023 0.6985 0.7957 0.8149 0.7273 0.7302 0.8510 0.7582 0.6849 0.6102 0.7822 0.8564 0.8426 0.6382 0.8117 0.8254 0.8049 0.7477 0.8106 0.7030 0.7635 0.8350 0.7493 0.7776 0.7409 0.7815 0.8068 0.7640 0.8240 0.7291 0.7073 0.7137 0.5693 0.5836 0.7389 0.6677 0.8755 0.8393 0.6720 0.8434 0.6656 0.7203 0.8070 0.8172 0.6749 0.7871 0.8174 0.7566 0.7747 0.5842 0.8175 0.6910 0.8174 0.7618 0.7578 0.8855 0.8346 0.7820 0.7785 0.6799 0.5924 0.8330 0.8355 0.7490 0.7858 0.7191 0.6007 0.7255 0.7163 0.8095 0.7067 0.7175 0.7168 0.6013 0.6495 0.6926 0.5850 0.6761 0.7738 0.7626 0.7312 0.7294 0.7709 0.8063 0.7921 0.8238 0.6942 0.6607 0.7653 0.6327 0.7684 0.8195 0.8242 0.8097 0.7983 0.8367 0.7616 0.7803 0.7945 0.8248 0.8173 0.7081 0.7965 0.7140 0.6971 0.6203 0.8312 0.6701 0.8717 0.6197 0.8321 0.7851 0.8251 0.7504 0.8610 0.7134 0.7952 0.8751 0.7148 0.7166 0.8417 0.7091 0.7257 0.7760 0.6681 0.6364 0.5830 0.7700 0.7923 0.6453 0.6592 0.8519 0.7339 0.7989 0.7871 0.8304 0.6293 0.7717 0.5651 0.8142 0.5773 0.7295 0.8071 0.8491 0.7259 0.7302 0.6132 0.7230 0.8460 0.7119 0.6892 0.8049 0.5600 0.6324 0.8118 0.7497 0.8370 0.6824 0.6100 0.8516 0.6841 0.6277 0.7920 0.8120 0.7588 0.8094 0.7495 0.6701 0.6168 0.6708 0.8096 0.5906 0.7818 0.6975 0.7261 0.8343 0.7856 0.7101 0.7484 0.7665 0.7520 0.8111 0.6068 0.7889 0.8153 0.6470 0.7842 0.5642 0.8468 0.6940 0.7920 0.8358 0.7340 0.7034 0.6202 0.7917 0.7331 0.6689 0.6316 0.8362 0.7681 0.6909 0.7275 0.8143 0.8473 0.7590 0.8448 0.7749 0.8242 0.7857 0.7713 0.7187 0.6267 0.8612 0.8306 0.7514 0.7214 0.7658 0.8201 0.8007 0.8003 0.8527 0.7279 0.8135 0.8077 0.8064 0.8527 0.8713 0.6885 0.6332 0.6601 0.7003 0.7823 0.7571 0.6365 0.7542 0.8208 0.7975 0.7655 0.7233 0.8202 0.7337 0.7358 0.7244 0.5587 0.8693 0.7081 0.7678 0.7691 0.8543 0.7831 0.7579 0.8113 0.6800 0.8395 0.8411 0.7389 0.8149 0.7442 0.7090 0.8313 0.7864 0.7236 0.8504 0.8161 0.7708 0.6153 0.7097 0.7139 0.8300 0.8347 0.6126 0.6077 0.5821 0.7496 0.8632 0.7642 0.7501 0.6200 0.6939 0.7400 0.7907 0.7511 0.6850 0.6310 0.6625 0.6990 0.7791 0.8121 0.6938 0.7214 0.8370 0.6200 0.6850 0.7708 0.8268 0.8116 0.7966 0.7041 0.7549 0.8304 0.8479 0.7074 0.7564 0.7518 0.7999 0.7959 0.8388 0.7438 0.7321 0.8004 0.7558 0.7179 0.5690 0.7081 0.6037 0.8523 0.7892 0.6468 0.5885 0.7826 0.8152 0.8568 0.8099 0.6089 0.7645 0.8090 0.7583 0.8093 0.6302 0.7478 0.8218 0.8614 0.6328 0.7791 0.7930 0.7159 0.6824 0.6223 0.7948 0.6729 0.8799 0.7558 0.6987 0.8417 0.5668 0.7347 0.7631 0.7873 0.8147 0.6886 0.8219 0.7507 0.8185 0.6714 0.8151 0.8162 0.6402 0.8615 0.6812 0.8446 0.7118 0.8054 0.6166 0.7645 0.8520 0.8793 0.6410 0.5575 0.7638 0.7394 0.6272 0.8410 0.7829 0.7747 0.6503 0.7617 0.7977 0.7062 0.8037 0.8063 0.7740 0.8250 0.8181 0.8658 0.7556 0.6876 0.7264 0.7037 0.8382 0.6550 0.8348 0.8480 0.8004 0.5286 0.6038 0.7032 0.5868 0.7413 0.6797 0.5366 0.7464 0.7319 0.6871 0.7672 0.8233 0.7024 0.6415 0.8173 0.7984 0.7868 0.5384 0.6037 0.6161 0.7025 0.6510 0.8677 0.8293 0.7810 0.8035 0.7829 0.7162 0.7822 0.8224 0.8799 0.6923 0.8514 0.6588 0.7109 0.7846 0.8283 0.7616 0.7314 0.5701 0.8628 0.6085 0.7882 0.8201 0.8192 0.6645 0.8030 0.8738 0.6432 0.6797 0.8118 0.7478 0.6730 0.7860 0.8715 0.8343 0.7568 0.7255 0.7301 0.7458 0.8377 0.7377 0.6929 0.7759 0.6556 0.6512 0.7651 0.7566 0.6037 0.6523 0.7247
</DataArray>
<DataArray type="Int32" Name="in_raft" format="ascii">
0 0 0 0 0 0 0 0 0 0 0 0 0 0 0 0 0 0 0 0 0 0 0 0 0 0 0 0 0 0 0 0 0 0 0 0 0 0 0 0 0 0 0 0 0 0 0 0 0 0 0 0 0 0 0 0 0 0 0 0 0 0 0 0 0 0 0 0 0 0 0 0 0 0 0 0 0 0 0 0 0 0 0 0 0 0 0 0 0 0 0 0 0 0 0 0 0 0 0 0 0 0 0 0 0 0 0 0 0 0 0 0 0 0 0 0 0 0 0 0 0 0 0 0 0 0 0 0 0 0 0 0 0 0 0 0 0 0 0 0 0 0 0 0 0 0 0 0 0 0 0 0 0 0 0 0 0 0 0 0 0 0 0 0 0 0 0 0 0 0 0 0 0 0 0 0 0 0 0 0 0 0 0 0 0 0 0 0 0 0 0 0 0 0 0 0 0 0 0 0 0 0 0 0 0 0 0 0 0 0 0 0 0 0 0 0 0 0 0 0 0 0 0 0 0 0 0 0 0 0 0 0 0 0 0 0 0 0 0 0 0 0 0 0 0 0 0 0 0 0 0 0 0 0 0 0 0 0 0 0 0 0 0 0 0 0 0 0 0 0 0 0 0 0 0 0 0 0 0 0 0 0 0 0 0 0 0 0 0 0 0 0 0 0 0 0 0 0 0 0 0 0 0 0 0 0 0 0 0 0 0 0 0 0 0 0 0 0 0 0 0 0 0 0 0 0 0 0 0 0 0 0 0 0 0 0 0 0 0 0 0 0 0 0 0 0 0 0 0 0 0 0 0 0 0 0 0 0 0 0 0 0 0 0 0 0 0 0 0 0 0 0 0 0 0 0 0 0 0 0 0 0 0 0 0 0 0 0 0 0 0 0 0 0 0 0 0 0 0 0 0 0 0 0 0 0 0 0 0 0 0 0 0 0 0 0 0 0 0 0 0 0 0 0 0 0 0 0 0 0 0 0 0 0 0 0 0 0 0 0 0 0 0 0 0 0 0 0 0 0 0 0 0 0 0 0 0 0 0 0 0 0 0 0 0 0 0 0 0 0 0 0 0 0 0 0 0 0 0 0 0 0 0 0 0 0 0 0 0 0 0 0 0 0 0 0 0 0 0 0 0 0 0 0 0 0 0 0 0 0 0 0 0 0 0 0 0 0 0 0 0 0 0 0 0 0 0 0 0 0 0 0 0 0 0 0 0 0 0 0 0 0 0 0 0 0 0 0 0 0 0 0 0 0 0 0 0 0 0 0 0 0 0 0 0 0 0 0 0 0 0 0 0 0 0 0 0 0 0 0 0 0 0 0 0 0 0 0 0 0 0 0 0 0 0 0 0 0 0 0 0 0 0 0 0 0 0 0 0 0 0 0 0 0 0 0 0 0 0 0 0 0 0 0 0 0 0 0 0 0 0 0 0 0 0 0 0 0 0 0 0 0 0 0 0 0 0 0 0 0 0 0 0 0 0 0 0 0 0 0 0 0 0 0 0 0 0 0 0 0 0 0 0 0 0 0 0 0 0 0 0 0 0 0 0 0 0 0 0 0 0 0 0 0 0 0 0 0 0 0 0 0 0 0 0 0 0 0 0 0 0 0 0 0 0 0 0 0 0 0 0 0 0 0 0 0 0 0 0 0 0 0 0 0 0 0 0 0 0 0 0 0 0 0 0 0 0 0 0 0 0 0 0 0 0 0 0 0 0 0 0 0 0 0 0 0 0 0 0 0 0 0 0 0 0 0 0 0 0 0 0 0 0 0 0 0 0 0 0 0 0 0 0 0 0 0 0 0 0 0 0 0 0 0 0 0 0 0 0 0 0 0 0 0 0 0 0 0 0 0 0 0 0 0 0 0 0 0 0 0 0 0 0 0 0 0 0 0 0 0 0 0 0 0 0 0 0 0 0 0 0 0 0 0 0 0 0 0 0 0 0 0 0 0 0 0 0 0 0 0 0 0 0 0 0 0 0 0 0 0 0 0 0 0 0 0 0 0 0 0 0 0 0 0 0 0 0 0 0 0 0 0 0 0 0 0 0 0 0 0 0 0 0 0 0 0 0 0 0 0 0 0 0 0 0 0 0 0 0 0 0 0 0 0 0 0 0 0 0 0 0 0 0 0 0 0 0 0 0 0 0 0 0 0 0 0 0 0 0 0 0 0 0 0 0 0 0 0 0 0 0 0 0 0 0 0 0 0 0 0 0 0 0 0 0 0 0 0 0 0 0 0 0 0 0 0 0 0 0 0 0 0 0 0 0 0 0 0 0 0 0 0 0 0 0 0 0 0 0 0 0 0 0 0 0 0 0 0 0 0 0 0 0 0 0 0 0 0 0 0 0 0 0 0 0 0 0 0 0 0 0 0 0 0 0 0 0 0 0 0 0 0 0 0 0 0 0 0 0 0 0 0 0 0 0 0 0 0 0 0 0 0 0 0 0 0 0 0 0 0 0 0 0 0 0 0 0 0 0 0 0 0 0 0 0 0 0 0 0 0 0 0 0 0 0 0 0 0 0 0 0 0 0 0 0 0 0 0 0 0 0 0 0 0 0 0 0 0 0 0 0 0 0 0 0 0 0 0 0 0 0 0 0 0 0 0 0 0 0 0 0 0 0 0 0 0 0 0 0 0 0 0 0 0 0 0 0 0 0 0 0 0 0 0 0 0 0 0 0 0 0 0 0 0 0 0 0 0 0 0 0 0 0 0 0 0 0 0 0 0 0 0 0 0 0 0 0 0 0 0 0 0 0 0 0 0 0 0 0 0 0 0 0 0 0 0 0 0 0 0 0 0 0 0 0 0 0 0 0 0 0 0 0 0 0 0 0 0 0 0 0 0 0 0 0 0 0 0 0 0 0 0 0 0 0 0 0 0 0 0 0 0 0 0 0 0 0 0 0 0 0 0 0 0 0 0 0 0 0 0 0 0 0 0 0 0 0 0 0 0 0 0 0 0 0 0 0 0 0 0 0 0 0 0 0 0 0 0 0 0 0 0 0 0 0 0 0 0 0 0 0 0 0 0 0 0 0 0 0 0 0 0 0 0 0 0 0 0 0 0 0 0 0 0 0 0 0 0 0 0 0 0 0 0 0 0 0 0 0 0 0 0 0 0 0 0 0 0 0 0 0 0 0 0 0 0 0 0 0 0 0 0 0 0 0 0 0 0 0 0 0 0 0 0 0 0 0 0 0 0 0 0 0 0 0 0 0 0 0 0 0 0 0 0 0 0 0 0 0 0 0 0 0 0 0 0 0 0 0 0 0 0 0 0 0 0 0 0 0 0 0 0 0 0 0 0 0 0 0 0 0 0 0 0 0 0 0 0 0 0 0 0 0 0 0 0 0 0 0 0 0 0 0 0 0 0 0 0 0 0 0 0 0 0 0 0 0 0 0 0 0 0 0 0 0 0 0 0 0 0 0 0 0 0 0 0 0 0 0 0 0 0 0 0 0 0 0 0 0 0 0 0 0 0 0 0 0 0 0 0 0 0 0 0 0 0 0 0 0 0 0 0 0 0 0 0 0 0 0 0 0 0 0 0 0 0 0 0 0 0 0 0 0 0 0 0 0 0 0 0 0 0 0 0 0 0 0 0 0 0 0 0 0 0 0 0 0 0 0 0 0 0 0 0 0 0 0 0 0 0 0 0 0 0 0 0 0 0 0 0 0 0 0 0 0 0 0 0 0 0 0 0 0 0 0 0 0 0 0 0 0 0 0 0 0 0 0 0 0 0 0 0 0 0 0 0 0 0 0 0 0 0 0 0 0 0 0 0 0 0 0 0 0 0 0 0 0 0 0 0 0 0 0 0 0 0 0 0 0 0 0 0 0 0 0 0 0 0 0 0 0 0 0 0 0 0 0 0 0 0 0 0 0 0 0 0 0 0 0 0 0 0 0 0 0 0 0 0 0 0 0 0 0 0 0 0 0 0 0 0 0 0 0 0 0 0 0 0 0 0 0 0 0 0 0 0 0 0 0 0 0 0 0 0 0 0 0 0 0 0 0 0 0 0 0 0 0 0 0 0 0 0 0 0 0 0 0 0 0 0 0 0 0 0 0 0 0 0 0 0 0 0 0 0 0 0 0 0 0 0 0 0 0 0 0 0 0 0 0 0 0 0 0 0 0 0 0 0 0 0 0 0 0 0 0 0 0 0 0 0 0 0 0 0 0 0 0 0 0 0 0 0 0 0 0 0 0 0 0 0 0 0 0 0 0 0 0 0 0 0 0 0 0 0 0 0 0 0 0 0 0 0 0 0 0 0 0 0 0 0 0 0 0 0 0 0 0 0 0 0 0 0 0 0 0 0 0 0 0 0 0 0 0 0 0 0 0 0 0 0 0 0 0 0 0 0 0 0 0 0 0 0 0 0 0 0 0 0 0 0 0 0 0 0 0 0 0 0 0 0 0 0 0 0 0 0 0 0 0 0 0 0 0 0 0 0 0 0 0 0 0 0 0 0 0 0 0 0 0 0 0 0 0 0 0 0 0 0 0 0 0 0 0 0 0 0 0 0 0 0 0 0 0 0 0 0 0 0 0 0 0 0 0 0 0 0 0 0 0 0 0 0 0 0 0 0 0 0 0 0 0 0 0 0 0 0 0 0 0 0 0 0 0 0 0 0 0 0 0 0 0 0 0 0 0 0 0 0 0 0 0 0 0 0 0 0 0 0 0 0 0 0 0 0 0 0 0 0 0 0 0 0 0 0 0 0 0 0 0 0 0 0 0 0 0 0 0 0 0 0 0 0 0 0 0 0 0 0 0 0 0 0 0 0 0 0 0 0 0 0 0 0 0 0 0 0 0 0 0 0 0 0 0 0 0 0 0 0 0 0 0 0 0 0 0 0 0 0 0 0 0 0 0 0 0 0 0 0 0 0 0 0 0 0 0 0 0 0 0 0 0 0 0 0 0 0 0 0 0 0 0 0 0 0 0 0 0 0 0 0 0 0 0 0 0 0 0 0 0 0 0 0 0 0 0 0 0 0 0 0 0 0 0 0 0 0 0 0 0 0 0 0 0 0 0 0 0 0 0 0 0 0 0 0 0 0 0 0 0 0 0 0 0 0 0 0 0 0 0 0 0 0 0 0 0 0 0 0 0 0 0 0 0 0 0 0 0 0 0 0 0 0 0 0 0 0 0 0 0 0 0 0 0 0 0 0 0 0 0 0 0 0 0 0 0 0 0 0 0 0 0 0 0 0 0 0 0 0 0 0 0 0 0 0 0 0 0 0 0 0 0 0 0 0 0 0 0 0 0 0 0 0 0 0 0 0 0 0 0 0 0 0 0 0 0 0 0 0 0 0 0 0 0 0 0 0 0 0 0 0 0 0 0 0 0 0 0 0 0 0 0 0 0 0 0 0 0 0 0 0 0 0 0 0 0 0 0 0 0 0 0 0 0 0 0 0 0 0 0 0 0 0 0 0 0 0 0 0 0 0 0 0 0 0 0 0 0 0 0 0 0 0 0 0 0 0 0 0 0 0 0 0 0 0 0 0 0 0 0 0 0 0 0 0 0 0 0 0 0 0 0 0 0 0 0 0 0 0 0 0 0 0 0 0 0 0 0 0 0 0 0 0 0 0 0 0 0 0 0 0 1 1 1 1 1 0 1 0 0 1 0 1 1 0 0 0 0 1 1 1 1 1 0 0 0 1 1 1 0 0 1 1 1 1 0 0 1 1 1 0 1 1 1 1 1 1 1 0 0 0 1 0 1 0 0 1 0 0 0 1 0 0 0 0 1 1 0 1 1 1 0 0 0 0 0 1 1 1 1 1 0 1 1 1 0 1 1 1 0 1 0 0 1 1 1 0 1 0 1 0 0 1 1 0 1 1 1 1 0 0 0 1 1 0 0 0 1 1 0 0 0 0 0 1 0 1 0 1 1 0 0 1 1 0 1 0 1 1 1 0 0 0 1 1 0 0 1 0 1 1 0 1 0 1 0 0 1 0 1 1 0 0 0 0 1 1 0 1 1 0 1 1 0 0 1 0 1 1 0 1 1 1 0 1 1 0 1 0 1 1 0 0 1 1 1 0 0 0 1 1 0 1 1 1 0 0 0 0 1 0 1 1 1 0 0 0 0 0 1 0 1 1 1 0 0 1 0 1 0 1 1 1 1 0 1 1 1 0 1 1 1 0 0 1 0 1 0 0 1 0 0 1 1 1 0 0 0 0 1 0 0 1 0 1 1 0 1 1 1 0 0 0 0 1 0 1 1 1 1 1 0 1 0 1 1 1 1 1 1 1 0 0 0 1 0 1 1 0 1 0 1 0 1 1 1 1 1 0 0 1 0 1 0 1 1 1 1 1 0 1 1 1 0 1 0 1 1 1 1 1 1 1 0 1 1 0 0 1 1 1 1 0 1 0 1 0 0 1 1 1 1 1 0 0 0 1 0 1 0 1 1 1 0 1 1 1 0 0 0 0 1 1 0 1 1 0 0 0 1 1 0 0 0 1 1 1 1 1 1 0 1 1 1 1 1 0 1 1 1 1 1 1 0 1 0 0 0 0 0 1 0 1 0 1 0 1 1 0 1 0 0 1 0 0 1 1 0 1 0 1 1 1 0 1 1 1 1 1 0 1 1 0 1 1 0 1 1 1 1 0 0 1 1 1 1 0 1 1 1 0 0 1 1 1 1 1 1 1 1 1 1 1 1 0 0 1 1 0 1 1 1 1 1 0 0 1 1 0 0 1 0 0 1 1 0 0 0 1 0 1 0 0 1 1 0 0 1 1 1 0 1 0 1 1 0 0 0 1 1 1 0 1 0 0 1 1 1 1 1 1 1 1 1 1 1 0 0 1 0 1 0 1 0 0 1 1 1 0 0 1 1 0 1 1 1 1 1 1 1 1 1 1 1 1 1 0 1 0 1 0 1 1 1 0 1 1 1 1 0 0 1 0 0 0 0 1 0 1 1 1 0 0 1 0 0 1 0 1 0 1 1 0 0 1 1 1 0 1 1 0 1 0 0 0 1 0 0 1 1 1 0 1 1 0 0 0 0 0 1 1 1 1 1 0 1 1 0 1 0 0 0 1 0 1 1 0 1 0 1 1 0 1 0 1 0 1 1 0 1 1 0 0 1 0 1 1 1 1 1 1 1 1 1 1 0 0 1 1 0 0 1 0 1 1 0 0 1 1 0 1 1 0 0 1 0 1 1 1 1 0 1 1 1 1 1 0 1 0 0 1 1 0 1 1 1 1 0 1 1 1 1 0 0 1 0 1 0 1 1 0 1 0 0 1 1 0 1 1 1 0 1 1 1 0 0 1 1 0 1 1 1 0 0 1 1 1 1 0 1 0 1 1 0 0 1 1 0 0 1 0 1 0 0 1 0 1 1 1 1 1 0 1 0 0 1 0 1 1 1 1 1 1 0 0 0 1 1 0 0 0 1 0 1 1 1 1 0 1 1 1 0 1 0 1 0 0 1 1 1 1 0 1 0 1 1 1 0 1 0 1 0 0 1 0 1 1 1 1 1 1 0 0 1 0 0 0 0 1 0 0 1 0 0 0 1 1 1 0 0 0 1 1 1 1 1 0 1 1 1 1 1 1 0 1 0 1 0 1 1 1 0 1 0 0 0 0 1 0 1 1 1 1 1 1 1 1 0 1 1 0 1 0 1 1 0 0 0 1 0 0 1 1 0 0 0 1 1 0 0 1 0 1 1 1 1 1 1 1 1 0 1 0 1 0 1 1 1 1 0 1 0 0 0 1 1 1 1 1 1 0 0 0 0 0 1 0 0 1 1 1 1 1 1 0 1 1 0 1 0 0 1 1 1 0 1 0 1 0 1 0 0 1 1 1 1 0 1 0 0 1 0 1 1 0 0 1 0 1 1 1 0 1 0 1 0 0 0 0 0 1 1 1 1 0 0 0 1 1 1 1 0 0 1 0 0 1 0 0 0 1 0 1 1 1 0 0 0 1 0 0 1 1 1 0 1 0 1 0 0 0 0 1 1 0 1 0 0 0 1 1 0 0 1 1 0 1 1 1 1 0 0 0 0 1 1 0 1 1 1 0 1 1 0 1 1 1 1 1 0 1 1 1 0 0 1 1 1 0 0 1 1 1 1 1 0 1 1 1 0 0 0 0 0 1 1 1 0 1 1 0 1 1 1 0 1 0 1 1 1 1 1 1 1 1 1 1 0 1 1 1 0 0 0 1 1 1 0 1 1 1 0 1 0 1 1 1 1 1 0 0 0 1 0 0 1 0 1 0 0 0 1 1 0 1 1 0 1 1 0 0 0 1 1 1 0 1 1 0 0 1 1 0 0 1 0 1 0 1 0 1 0 0 1 1 1 1 1 1 0 1 0 0 1 1 1 0 1 0 1 0 0 0 0 0 1 0 1 0 1 1 1 1 0 1 0 1 0 0 1 1 1 1 1 0 0 1 0 0 1 0 1 1 0 1 1 1 0 1 1 1 1 0 1 1 1 1 1 1 1 1 1 1 1 1 1 1 0 0 1 1 0 1 1 1 0 0 0 0 0 1 1 1 0 1 1 1 0 1 1 0 1 0 1 0 0 1 1 0 1 1 1 0 1 1 0 0 1 1 0 0 1 1 0 0 1 0 0 1 1 0 1 1 1 1 0 0 0 1 0 1 0 1 0 0 1 1 0 1 0 1 0 1 1 1 1 1 1 1 1 0 1 1 0 1 0 0 0 0 1 0 0 1 1 1 1 1 0 0 1 1 1 1 0 0 1 1 1 1 1 1 1 0 1 1 1 1 0 1 0 1 1 0 1 0 1 0 1 1 1 0 0 0 1 1 0 1 1 0 0 1 1 0 1 1 1 0 0 0 0 1 1 1 0 1 0 0 0 1 1 1 1 1 1 0 1 0 1 1 0 1 1 1 0 1 1 0 0 1 1 1 0 1 0 1 1 0 1 1 0 1 1 0 0 0 1 0 0 0 1 1 1 0 1 1 1 1 1 1 0 0 1 0 1 0 0 1 1 1 1 0 1 0 0 0 1 1 0 1 1 1 1 1 1 1 1 0 0 1 1 1 0 1 0 0 1 0 0 1 1 1 1 0 1 0 0 0 0 0 1 1 0 0 1 0 0 0 1 1 1 1 0 1 0 1 0 1 1 1 1 0 1 1 1 1 0 0 0 1 0 1 1 1 1 1 0 1 1 1 1 0 1 1 1 0 1 1 1 1 1 1 1 0 1 1 1 1 0 1 1 1 1 1 0 0 0 1 1 0 1 1 0 1 1 1 1 1 1 1 0 1 1 0 1 0 0 1 0 1 1 1 1 1 1 1 0 1 1 1 1 1 0 0 1 0 0 1 0 0 1 0 0 1 0 0 1 0 0 0 0 0 1 1 1 1 1 1 1 1 0 1 0 1 0 0 1 1 1 1 0 1 0 1 1 0 1 1 1 0 0 1 0 1 1 1 0 0 1 0 1 0 1 1 0 1 1 0 1 1 1 0 1 1 0 0 1 0 0 1 0 1 0 1 1 1 1 1 1 1 1 1 1 0 1 0 1 0 0 0 1 1 0 0 1 1 1 1 1 0 1 0 0 1 0 1 1 0 1 1 1 1 1 1 0 1 1 0 1 0 0 1 1 1 1 0 1 0 1 0 0 0 0 1 0 1 0 0 0 1 1 0 1 1 0 1 1 1 0 1 0 0 1 0 0 0 0 0 0 0 1 0 0 1 0 1 1 0 1 0 0 1 1 1 0 1 1 1 1 1 0 0 0 1 1 1 1 1 0 1 1 1 1 1 1 0 1 1 0 0 1 1 1 1 1 1 0 1 1 0 0 1 0 0 0 0 1 1 1 1 1 1 1 1 0 1 1 0 0 0 1 0 1 1 0 1 1 1 0 1 1 0 1 0 0 1 0 0 0 1 0 1 0 1 0 1 1 1 1 1 1 1 0 0 1 1 0 1 0 1 0 0 1 1 0 1 1 0 1 1 0 1 0 1 0 0 0 1 0 0 1 1 0 1 1 1 1 1 0 0 1 0 0 1 0 0 1 1 1 1 1 0 1 1 0 0 0 1 1 0 1 1 0 0 1 1 0 1 1 0 0 0 1 1 1 0 1 1 0 1 1 0 0 0 0 1 1 1 0 1 0 1 0 1 0 1 1 1 1 1 1 0 1 0 1 1 1 1 1 1 1 1 1 0 1 0 0 0 0 0 0 0 1 0 1 1 0 1 1 0 1 1 0 0 1 0 0 1 1 1 1 1 0 0 1 1 1 0 1 1 1 1 1 0 1 1 0 0 1 0 1 1 0 1 1 0 1 0 1 1 0 1 0 1 1 1 0 1 1 1 0 0 1 0 1 1 1 1 0 0 1 0 1 0 1 0 0 1 1 0 1 0 1 1 1 0 0 1 1 1 1 1 1 0 1 0 0 1 1 0 0 1 1 1 0 1 1 0 1 1 0 1 1 0 0 1 0 1 0 1 1 1 1 1 0 1 1 0 0 0 0 1 1 1 0 1 0 1 1 0 1 1 1 1 1 1 1 0 1 0 0 0 1 1 0 0 1 1 1 1 1 1 0 1 1 1 0 1 1 1 1 1 0 1 1 0 1 0 1 1 1 1 0 0 0 1 1 1 1 0 1 0 1 0 1 1 0 1 1 0 0 1 1 1 1 0 1 0 1 0 0 1 1 0 0 0 0 1 0 1 1 1 1 0 0 1 0 1 1 1 1 0 0 0 1 0 1 0 0 0 0 1 1 1 0 1 0 1 1 1 0 1 1 0 0 1 1 1 1 1 0 1 1 1 1 0 0 0 1 1 1 1 1 1 0 1 1 1 1 0 1 1 1 0 0 0 0 0 1 1 0 1 1 1 1 0 1 0 0 0 1 0 1 1 1 0 1 1 0 0 0 1 1 1 0 1 1 1 1 1 0 1 1 0 0 1 0 1 0 1 1 1 1 1 1 1 0 1 0 0 1 1 1 1 0 1 0 1 1 1 1 0 0 1 0 0 1 1 1 1 1 1 1 1 1 0 0 1 1 0 1 1 0 1 1 1 1 1 0 1 0 0 0 0 1 0 0 0 1 0 0 0 0 1 0 0 0 1 0 0 1 1 1 0 1 1 1 0 0 1 0 1 1 0 0 1 0 1 0 1 1 1 0 1 1 1 1 1 1 1 0 0 0 1 1 1 1 0 0 1 1 1 1 1 0 1 0 0 1 0 1 0 1 1 1 1 1 0 0 1 0 1 1 0 0 0 1 1 0 0 1 1 1 0 0 1 1 0 1 0 1 0 0 0 1 1 1 1 0 0 1 1 1 0 0 0 1 0 0 0 1 1 1 1 0 0 0 1 0 1 0 1 1 1 0 1 1 0 0 1 1 1 1 0 0 0 0 1 1 1 1 1 0 0 0 1 1 1 0 0 1 0 1 1 1 1 1 1 1 0 1 0 0 1 1 1 1 1 0 1 1 1 0 0 0 0 0 1 0 1 0 1 0 0 1 1 1 1 1 1 1 1 1 1 1 0 1 1 1 0 0 0 0 1 0 0 1 0 0 1 0 0 0 1 1 0 1 1 1 1 1 1 0 1 1 1 0 1 0 0 0 1 1 1 1 0 1 0 0 1 0 0 1 0 1 0 0 0 0 1 1 1 1 0 1 1 0 0 1 1 1 1 0 1 1 1 0 1 0 1 0 1 1 1 0 0 1 1 1 1 1 0 0 1 0 1 1 0 1 1 0 0 0 1 1 1 1 0 1 0 1 0 0 0 1 1 1 1 0 1 1 0 0 1 0 0 1 1 1 0 0 1 1 1 0 1 0 0 0 0 1 0 1 0 0 1 1 0 0 0 1 1 0 1 0 0 0 1 0 1 0 0 0 0 1 1 1 1 0 1 1 0 0 1 1 1 0 0 0 0 0 1 1 1 1 1 0 1 1 1 1 1 1 1 0 1 0 1 0 0 1 1 0 1 0 0 0 1 1 1 1 0 1 1 1 0 1 1 0 0 1 1 0 1 0 0 1 1 0 0 1 1 1 1 1 1 1 1 0 0 0 1 0 0 0 1 0 0 1 0 0 0 1 0 1 0 0 1 0 1 0 1 0 0 1 0 1 1 1 1 1 1 1 0 0 1 0 1 0 1 1 1 0 1 1 1 1 0 1 1 1 0 1 1 0 1 1 0 1 0 1 1 1 1 0 0 1 0 0 1 1 1 1 1 0 1 1 1 0 1 0 1 1 1 0 0 0 1 1 0 1 1 0 1 1 0 0 1 1 1 0 1 1 0 1 0 0 1 0 1 0 1 1 1 1 1 1 1 0 1 1 1 0 0 0 0 1 1 0 1 1 1 0 1 0 0 0 1 1 0 0 0 0 1 1 0 1 0 1 1 1 1 1 1 1 1 0 0 1 1 1 1 1 1 1 1 0 0 1 1 1 1 0 0 0 0 0 1 1 0 1 0 1 0 0 1 0 1 0 1 1 0 1 1 0 0 1 0 1 0 1 0 1 1 1 0 0 1 1 0 1 1 0 1 1 0 1 1 0 0 0 0 0 1 0 0 1 1 1 1 0 1 1 1 0 1 1 0 0 1 1 0 1 0 1 1 1 1 1 0 1 1 1 0 1 0 0 1 1 0 1 1 0 1 1 1 0 0 1 1 1 1 1 1 1 0 0 0 0 1 1 1 0 1 1 1 1 1 0 1 1 0 0 0 1 0 1 0 0 1 0 0 0 0 0 1 1 0 1 1 1 1 1 0 0 1 1 1 0 1 1 1 0 1 0 1 0 1 0 1 0 0 1 0 1 1 1 0 1 1 1 1 0 0 1 0 1 0 0 0 0 0 1 0 1 1 0 1 1 1 1 0 0 1 0 0 1 0 0 0 1 1 0 0 1 0 1 1 1 1 0 0 0 1 0 1 1 0 0 1 1 1 1 1 1 0 0 1 1 1 0 0 1 1 1 1 0 1 1 0 0 1 0 1 1 0 1 1 1 1 1 0 1 1 0 1 1 1 1 0 0 1 0 1 1 0 0 1 1 1 1 1 1 1 1 1 1 1 1 1 0 1 0 0 1 1 0 1 1 0 0 0 1 1 1 0 0 0 0 0 1 0 1 0 1 1 1 0 0 1 1 0 1 1 0 0 0 1 0 0 0 1 1 0 0 1 0 0 1 1 0 1 1 1 1 0 0 1 1 1 1 1 0 1 1 1 1 1 0 0 0 1 0 1 0 0 1 1 0 0 1 1 1 1 1 1 1 1 0 0 1 0 0 1 0 1 1 1 1 1 1 1 1 1 1 0 1 0 0 1 0 1 1 0 1 0 1 0 1 0 1 1 1 0 1 1 1 1 1 1 1 0 1 0 1 0 1 1 0 1 0 0 0 0 1 1 0 1 1 1 0 1 0 1 1 1 1 1 1 1 1 0 1 1 0 0 1 1 1 1 1 1 0 1 1 0 0 1 1 1 0 0 0 1 1 0 0 1 1 1 0 1 1 0 1 0 0 1 0 1 1 1 1 0 1 1 0 0 0 1 1 1 1 1 1 1 0 1 0 0 0 1 1 1 1 0 1 1 1 1 0 0 0 1 0 1 0 1 0 1 0 1 1 1 1 1 0 0 1 1 1 1 0 1 1 1 1 1 0 1 0 1 0 1 1 0 0 1 0 1 1 1 1 1 1 1 1 0 1 1 1 0 1 1 1 1 0 1 1 1 1 1 0 1 1 1 0 1 0 1 1 1 0 1 0 1 0 1 1 1 0 1 1 1 1 1 1 1 1 0 0 0 0 1 1 0 0 1 1 1 0 0 0 1 1 1 1 1 0 1 0 1 1 1 0 1 1 1 1 0 1 0 1 1 1 1 1 0 0 1 1 1 0 1 1 0 1 0 0 1 0 0 0 0 0 1 0 1 0 0 1 1 0 0 0 1 1 1 1 1 0 0 1 1 1 1 1 1 1 0 0 1 1 1 0 1 0 1 1 1 1 0 1 1 0 1 0 1 1 1 0 1 1 0 0 0 0 0 0 0 0 0 0 0 0 0 0 0 0 0 0 0 0 0 0 0 0 0 0 0 0 0 0 0 0 0 0 0 0 0 0 0 0 0 0 0 0 0 0 0 0 0 0 0 0 0 0 0 0 0 0 0 0 0 0 0 0 0 0 0 0 0 0 0 0 0 0 0 0 0 0 0 0 0 0 0 0 0 0 0 0 0 0 0 0 0 0 0 0 0 0 0 0 0 0 0 0 0 0 0 0 0 0 0 0 0 0 0 0 0 0 0 0 0 0 0 0 0 0 0 0 0 0 0 0 0 0 0 0 0 0 0 0 0 0 0 0 0 0 0 0 0 0 0 0 0 0 0 0 0 0 0 0 0 0 0 0 0 0 0 0 0 0 0 0 0 0 0 0 0 0 0 0 0 0 0 0 0 0 0 0 0 0 0 0 0 0 0 0 0 0 0 0 0 0 0 0 0 0 0 0 0 0 0 0 0 0 0 0 0 0 0 0 0 0 0 0 0 0 0 0 0 0 0 0 0 0 0 0 0 0 0 0 0 0 0 0 0 0 0 1 0 0 1 0 1 0 1 0 0 0 1 0 0 0 0 0 1 0 0 0 0 0 1 0 0 0 0 1 0 0 0 0 0 0 0 0 0 0 0 0 1 1 1 0 0 1 1 0 0 0 0 0 0 0 0 0 0 0 1 0 0 0 0 0 1 0 1 0 0 1 1 0 0 0 0 0 1 0 0 1 0 1 0 1 0 0 1 0 1 0 0 1 0 0 1 0 1 0 0 1 1 1 0 0 1 1 0 0 1 1 1 0 0 0 0 1 0 0 1 0 0 0 0 0 0 0 0 0 0 0 0 0 0 0 0 1 0 0 0 1 0 1 0 1 0 1 0 0 0 0 0 0 0 0 0 0 0 0 0 0 0 0 0 0 1 1 1 1 0 0 1 1 0 1 0 1 1 0 0 0 0 0 0 0 1 0 0 0 0 0 0 0 0 0 0 0 0 1 0 0 0 0 0 0 0 0 0 0 0 0 0 0 1 0 0 0 1 0 0 1 0 0 0 1 0 0 0 1 1 0 1 1 1 0 0 0 0 1 1 0 0 0 0 0 1 0 0 0 0 0 0 0 0 0 0 0 0 0 0 0 0 1 0 0 0 1 0 1 0 0 0 0 0 0 0 1 1 0 1 0 0 0 0 0 1 1 1 0 0 0 0 0 0 0 0 0 1 0 0 0 0 0 0 1 0 1 0 1 0 0 1 0 0 0 0 1 0 0 0 0 0 0 1 0 0 0 1 0 1 1 0 0 0 0 1 0 0 1 0 0 0 1 0 0 0 0 0 0 0 0 0 0 0 1 0 0 0 0 1 0 0 1 0 1 1 1 0 0 1 0 1 1 0 0 0 0 0 0 0 0 0 0 0 1 0 0 0 1 0 0 0 0 0 1 0 0 1 0 0 0 0 0 0 0 0 0 0 1 0 0 0 0 0 0 0 0 0 0 0 0 0 0 0 0 0 1 0 0 0 0 0 0 1 1 0 1 0 0 0 0 0 1 0 0 0 0 0 0 0 1 0 0 0 1 0 1 0 0 0 1 0 0 0 0 1 0 0 1 0 0 0 0 0 0 0 1 0 0 0 0 0 0 1 0 0 0 0 0 0 0 1 0 0 0 0 0 1 0 0 0 1 1 1 0 0 0 1 0 0 0 0 1 0 0 0 0 1 0 0 0 0 0 1 0 0 0 1 0 1 0 0 0 0 0 0 0 0 0 0 0 0 1 0 0 1 1 0 0 0 0 0 0 0 0 0 0 0 0 0 0 0 0 0 0 1 0 0 0 0 0 0 0 0 1 0 0 0 0 0 0 0 0 0 0 0 0 0 1 0 0 0 0 0 1 0 0 1 0 0 0 0 0 0 0 0 0 0 0 0 0 0 1 0 0 0 1 0 1 0 0 0 0 0 0 0 1 0 1 1 0 0 0 0 0 0 0 0 0 0 0 0 1 0 0 0 1 0 0 0 1 0 1 1 1 1 0 0 0 0 0 0 0 0 0 0 0 0 1 0 0 0 0 0 1 0 1 0 0 1 0 1 0 0 0 0 0 0 0 0 0 0 0 1 0 0 0 0 0 1 0 0 1 0 0 0 0 0 1 0 0 0 0 0 0 0 1 1 0 0 1 0 0 1 1 0 0 1 0 1 0 0 0 0 0 0 0 0 0 1 0 0 0 0 0 1 0 1 0 1 0 0 0 0 0 0 0 1 1 0 1 0 0 1 0 0 0 1 0 0 1 1 0 0 0 0 1 0 1 0 0 0 0 0 0 1 1 0 1 1 0 0 0 0 0 0 0 1 0 0 0 0 1 0 0 0 0 0 1 0 0 0 1 0 0 0 1 0 0 1 1 0 0 1 1 0 0 1 1 0 0 0 1 0 0 0 0 0 0 0 0 0 0 1 0 0 0 0 0 0 0 0 0 0 0 1 0 0 1 0 1 0 1 0 0 0 0 0 0 0 1 0 1 0 0 0 0 1 0 1 0 1 0 1 1 0 0 0 0 0 0 0 0 1 0 0 0 1 0 1 0 0 0 0 0 1 1 0 0 0 0 0 1 0 0 0 0 1 0 0 1 1 0 1 1 1 0 1 0 0 0 1 0 0 0 0 0 0 0 1 0 0 0 0 1 0 0 1 0 0 0 0 0 1 0 0 0 0 0 1 0 0 0 0 1 0 0 0 0 0 1 1 1 0 1 0 0 0 0 0 0 0 0 1 0 1 1 0 1 0 0 0 0 0 1 1 1 0 0 0 0 0 0 0 0 1 1 1 0 0 1 0 0 1 0 0 0 1 1 0 1 0 0 0 1 0 0 0 1 0 0 0 0 0 1 0 1 0 0 0 0 0 1 0 0 0 1 0 0 0 0 0 0 1 0 0 1 0 1 0 1 0 0 0 0 0 0 0 0 0 0 0 0 0 0 1 1 0 1 0 1 0 1 1 0 1 0 0 0 0 0 0 0 0 0 0 1 0 1 0 0 1 0 0 0 0 0 0 0 0 0 0 0 0 0 1 0 0 0 1 1 0 0 0 0 0 0 1 1 0 0 0 1 0 1 0 0 0 0 0 0 0 0 0 1 1 0 0 0 1 1 0 0 0 0 0 0 0 0 1 0 0 0 0 1 0 0 0 0 0 0 0 0 0 0 0 1 1 0 0 0 0 0 0 0 0 0 0 1 1 1 0 0 0 1 0 1 0 0 0 0 0 1 1 0 0 0 1 0 1 0 0 0 0 0 0 1 0 0 0 1 1 1 0 1 1 0 0 0 0 0 0 1 1 0 0 0 0 1 0 0 1 1 1 0 1 0 1 1 0 0 0 0 0 0 0 1 0 0 0 0 0 0 0 0 0 0 0 0 0 0 0 0 1 0 1 0 1 0 0 1 0 0 0 0 0 0 1 1 0 1 0 0 0 0 0 0 0 1 0 0 0 0 0 0 0 0 0 0 0 0 0 0 0 0 1 0 1 1 1 0 1 0 0 0 0 0 0 1 1 0 1 0 0 1 0 1 0 0 0 0 0 0 1 0 1 1 0 0 0 0 0 0 0 1 0 0 0 0 0 0 1 0 1 0 0 0 0 0 0 1 1 0 1 0 1 0 1 0 0 0 0 0 0 0 1 0 0 0 0 0 1 0 0 0 0 1 1 0 0 0 0 0 0 1 1 0 0 0 1 0 0 0 0 1 0 0 0 0 0 1 0 0 0 0 1 0 0 1 0 0 0 0 0 0 0 0 0 0 0 0 0 0 1 0 0 1 0 0 1 0 0 1 0 0 0 1 1 0 0 1 1 0 0 0 0 0 0 1 0 0 0 0 1 0 1 0 0 0 0 0 0 0 0 0 1 1 0 0 0 1 1 1 0 1 0 0 0 0 0 0 0 0 0 0 0 0 0 0 0 0 0 0 0 0 0 0 0 0 0 0 0 0 0 0 0 0 0 0 0 0 0 0 0 0 0 0 0 0 0 0 0 0 0 0 0 0 0 0 0 0 0 0 0 0 0 0 0 0 0 0 0 0 0 0 0 0 0 0 0 0 0 0 0 0 0 0 0 0 0 0 0 0 0 0 0 0 0 0 0 0 0 0 0 0 0 0 0 0 0 0 0 0 0 0 0 0 0 0 0 0 0 0 0 0 0 0 0 0 0 0 0 0 0 0 0 0 0 0 0 0 0 0 0 0 0 0 0 0 0 0 0 0 0 0 0 0 0 0 0 0 0 0 0 0 0 0 0 0 0 0 0 0 0 0 0 0 0 0 0 0 0 0 0 0 0 0 0 0 0 0 0 0 0 0 0 0 0 0 0 0 0 0 0 0 0 0 0 0 0 0 0 0 0 0 0 0 0 0 0 0 0 0 0 0 0 0 0 0 0 0 0 0 0 0 0 0 0 0 0 0 0 0 0 0 0 0 0 0 0 0 0 0 0 0 0 0 0 0 0 0 0 0 0 0 0 0 0 0 0 0 0 0 0 0 0 0 0 0 0 0 0 0 0 0 0 0 0 0 0 0 0 0 0 0 0 0 0 0 0 0 0 0 0 0 0 0 0 0 0 0 0 0 0 0 0 0 0 0 0 0 0 0 0 0 0 0 0 0 0 0 0 0 0 0 0 0 0 0 0 0 0 0 0 0 0 0 0 0 0 0 0 0 0 0 0 0 0 0 0 0 0 0 0 0 0 0 0 0 0 0 0 0 0 0 0 0 0 0 0 0 0 0 0 0 0 0 0 0 0 0 0 0 0 0 0 0 0 0 0 0 0 0 0 0 0 0 0 0 0 0 0 0 0 0 0 0 0 0 0 0 0 0 0 0 0 0 0 0 0 0 0 0 0 0 0 0 0 0 0 0 0 0 0 0 0 0 0 0 0 0 0 0 0 0 0 0 0 0 0 0 0 0 0 0 0 0 0 0 0 0 0 0 0 0 0 0 0 0 0 0 0 0 0 0 0 0 0 0 0 0 0 0 0 0 0 0 0 0 0 0 0 0 0 0 0 0 0 0 0 0 0 0 0 0 0 0 0 0 0 0 0 0 0 0 0 0 0 0 0 0 0 0 0 0 0 0 0 0 0 0 0 0 0 0 0 0 0 0 0 0 0 0 0 0 0 0 0 0 0 0 0 0 0 0 0 0 0 0 0 0 0 0 0 0 0 0 0 0 0 0 0 0 0 0 0 0 0 0 0 0 0 0 0 0 0 0 0 0 0 0 0 0 0 0 0 0 0 0 0 0 0 0 0 0 0 0 0 0 0 0 0 0 0 0 0 0 0 0 0 0 0 0 0 0 0 0 0 0 0 0 0 0 0 0 0 0 0 0 0 0 0 0 0 0 0 0 0 0 0 0 0 0 0 0 0 0 0 0 0 0 0 0 0 0 0 0 0 0 0 0 0 0 0 0 0 0 0 0 0 0 0 0 0 0 0 0 0 0 0 0 0 0 0 0 0 0 0 0 0 0 0 0 0 0 0 0 0 0 0 0 0 0 0 0 0 0 0 0 0 0 0 0 0 0 0 0 0 0 0 0 0 0 0 0 0 0 0 0 0 0 0 0 0 0 0 0 0 0 0 0 0 0 0 0 0 0 0 0 0 0 0 0 0 0 0 0 0 0 0 0 0 0 0 0 0 0 0 0 0 0 0 0 0 0 0 0 0 0 0 0 0 0 0 0 0 0 0 0 0 0 0 0 0 0 0 0 0 0 0 0 0 0 0 0 0 0 0 0 0 0 0 0 0 0 0 0 0 0 0 0 0 0 0 0 0 0 0 0 0 0 0 0 0 0 0 0 0 0 0 0 0 0 0 0 0 0 0 0 0 0 0 0 0 0 0 0 0 0 0 0 0 0 0 0 0 0 0 0 0 0 0 0 0 0 0 0 0 0 0 0 0 0 0 0 0 0 0 0 0 0 0 0 0 0 0 0 0 0 0 0 0 0 0 0 0 0 0 0 0 0 0 0 0 0 0 0 0 0 0 0 0 0 0 0 0 0 0 0 0 0 0 0 0 0 0 0 0 0 0 0 0 0 0 0 0 0 0 0 0 0 0 0 0 0 0 0 0 0 0 0 0 0 0 0 0 0 0 0 0 0 0 0 0 0 0 0 0 0 0 0 0 0 0 0 0 0 0 0 0 0 0 0 0 0 0 0 0 0 0 0 0 0 0 0 0 0 0 0 0 0 0 0 0 0 0 0 0 0 0 0 0 0 0 0 0 0 0 0 0 0 0 0 0 0 0 0 0 0 0 0 0 0 0 0 0 0 0 0 0 0 0 0 0 0 0 0 0 0 0 0 0 0 0 0 0 0 0 0 0 0 0 0 0 0 0 0 0 0 0 0 0 0 0 0 0 0 0 0 0 0 0 0 0 0 0 0 0 0 0 0 0 0 0 0 0 0 0 0 0 0 0 0 0 0 0 0 0 0 0 0 0 0 0 0 0 0 0 0 0 0 0 0 0 0 0 0 0 0 0 0 0 0 0 0 0 0 0 0 0 0 0 0 0 0 0 0 0 0 0 0 0 0 0 0 0 0 0 0 0 0 0 0 0 0 0 0 0 0 0 0 0 0 0 0 0 0 0 0 0 0 0 0 0 0 0 0 0 0 0 0 0 0 0 0 0 0 0 0 0 0 0 0 0 0 0 0 0 0 0 0 0 0 0 0 0 0 0 0 0 0 0 0 0 0 0 0 0 0 0 0 0 0 0 0 0 0 0 0 0 0 0 0 0 0 0 0 0 0 0 0 0 0 0 0 0 0 0 0 0 0 0 0 0 0 0 0 0 0 0 0 0 0 0 0 0 0 0 0 0 0 0 0 0 0 0 0 0 0 0 0 0 0 0 0 0 0 0 0 0 0 0 0 0 0 0 0 0 0 0 0 0 0 0 0 0 0 0 0 0 0 0 0 0 0 0 0 0 0 0 0 0 0 0 0 0 0 0 0 0 0 0 0 0 0 0 0 0 0 0 0 0 0 0 0 0 0 0 0 0 0 0 0 0 0 0 0 0 0 0 0 0 0 0 0 0 0 0 0 0 0 0 0 0 0 0 0 0 0 0 0 0 0 0 0 0 0 0 0 0 0 0 0 0 0 0 0 0 0 0 0 0 0 0 0 0 0 0 0 0 0 0 0 0 0 0 0 0 0 0 0 0 0 0 0 0 0 0 0 0 0 0 0 0 0 0 0 0 0 0 0 0 0 0 0 0 0 0 0 0 0 0 0 0 0 0 0 0 0 0 0 0 0 0 0 0 0 0 0 0 0 0 0 0 0 0 0 0 0 0 0 0 0 0 0 0 0 0 0 0 0 0 0 0 0 0 0 0 0 0 0 0 0 0 0 0 0 0 0 0 0 0 0 0 0 0 0 0 0 0 0 0 0 0 0 0 0 0 0 0 0 0 0 0 0 0 0 0 0 0 0 0 0 0 0 0 0 0 0 0 0 0 0 0 0 0 0 0 0 0 0 0 0 0 0 0 0 0 0 0 0 0 0 0 0 0 0 0 0 0 0 0 0 0 0 0 0 0 0 0 0 0 0 0 0 0 0 0 0 0 0 0 0 0 0 0 0 0 0 0 0 0 0 0 0 0 0 0 0 0 0 0 0 0 0 0 0 0 0 0 0 0 0 0 0 0 0 0 0 0 0 0 0 0 0 0 0 0 0 0 0 0 0 0 0 0 0 0 0 0 0 0 0 0 0 0 0 0 0 0 0 0 0 0 0 0 0 0 0 0 0 0 0 0 0 0 0 0 0 0 0 0 0 0 0 0 0 0 0 0 0 0 0 0 0 0 0 0 0 0 0 0 0 0 0 0 0 0 0 0 0 0 0 0 0 0 0 0 0 0 0 0 0 0 0 0 0 0 0 0 0 0 0 0 0 0 0 0 0 0 0 0 0 0 0 0 0 0 0 0 0 0 0 0 0 0 0 0 0 0 0 0 0 0 0 0 0 0 0 0 0 0 0 0 0 0 0 0 0 0 0 0 0 0 0 0 0 0 0 0 0 0 0 0 0 0 0 0 0 0 0 0 0 0 0 0 0 0 0 0 0 0 0 0 0 0 0 0 0 0 0 0 0 0 0 0 0 0 0 0 0 0 0 0 0 0 0 0 0 0 0 0 0 0 0 0 0 0 0 0 0 0 0 0 0 0 0 0 0 0 0 0 0 0 0 0 0 0 0 0 0 0 0 0 0 0 0 0 0 0 0 0 0 0 0 0 0 0 0 0 0 0 0 0 0 0 0 0 0 0 0 0 0 0 0 0 0 0 0 0 0 0 0 0 0 0 0 0 0 0 0 0 0 0 0 0 0 0 0 0 0 0 0 0 0 0 0 0 0 0 0 0 0 0 0 0 0 0 0 0 0 0 0 0 0 0 0 0 0 0 0 0 0 0 0 0 0 0 0 0 0 0 0 0 0 0 0 0 0 0 0 0 0 0 0 0 0 0 0 0 0 0 0 0 0 0 0 0 0 0 0 0 0 0 0 0 0 0 0 0 0 0 0 0 0 0 0 0 0 0 0 0 0 0 0 0 0 0 0 0 0 0 0 0 0 0 0 0 0 0 0 0 0 0 0 0 0 0 0 0 0 0 0 0 0 0 0 0 0 0 0 0 0 0 0 0 0 0 0 0 0 0 0 0 0 0 0 0 0 0 0 0 0 0 0 0 0 0 0 0 0 0 0 0 0 0 0 0 0 0 0 0 0 0 0 0 0 0 0 0 0 0 0 0 0 0 0 0 0 0 0 0 0 0 0 0 0 0 0 0 0 0 0 0 0 0 0 0 0 0 0 0 0 0 0 0 0 0 0 0 0 0 0 0 0 0 0 0 0 0 0 0 0 0 0 0 0 0 0 0 0 0 0 0 0 0 0 0 0 0 0 0 0 0 0 0 0 0 0 0 0 0 0 0 0 0 0 0 0 0 0 0 0 0 0 0 0 0 0 0 0 0 0 0 0 0 0 0 0 0 0 0 0 0 0 0 0 0 0 0 0 0 0 0 0 0 0 0 0 0 0 0 0 0 0 0 0 0 0 0 0 0 0 0 0 0 0 0 0 0 0 0 0 0 0 0 0 0 0 0 0 0 0 0 0 0 0 0 0 0 0 0 0 0 0 0 0 0 0 0 0 0 0 0 0 0 0 0 0 0 0 0 0 0 0 0 0 0 0 0 0 0 0 0 0 0 0 0 0 0 0 0 0 0 0 0 0 0 0 0 0 0 0 0 0 0 0 0 0 0 0 0 0 0 0 0 0 0 0 0 0 0 0 0 0 0 0 0 0 0 0 0 0 0 0 0 0 0 0 0 0 0 0 0 0 0 0 0 0 0 0 0 0 0 0 0 0 0 0 0 0 0 0 0 0 0 0 0 0 0 0 0 0 0 0 0 0 0 0 0 0 0 0 0 0 0 0 0 0 0 0 0 0 0 0 0 0 0 0 0 0 0 0 0 0 0 0 0 0 0 0 0 0 0 0 0 0 0 0 0 0 0 0 0 0 0 0 0 0 0 0 0 0 0 0 0 0 0 0 0 0 0 0 0 0 0 0 0 0 0 0 0 0 0 0 0 0 0 0 0 0 0 0 0 0 0 0 0 0 0 0 0 0 0 0 0 0 0 0 0 0 0 0 0 0 0 0 0 0 0 0 0 0 0 0 0 0 0 0 0 0 0 0 0 0 0 0 0 0 0 0 0 0 0 0 0 0 0 0 0 0 0 0 0 0 0 0 0 0 0 0 0 0 0 0 0 0 0 0 0 0 0 0 0 0 0 0 0 0 0 0 0 0 0 0 0 0 0 0 0 0 0 0 0 0 0 0 0 0 0 0 0 0 0 0 0 0 0 0 0 0 0 0 0 0 0 0 0 0 0 0 0 0 0 0 0 0 0 0 0 0 0 0 0 0 0 0 0 0 0 0 0 0 0 0 0 0 0 0 0 0 0 0 0 0 0 0 0 0 0 0 0 0 0 0 0 0 0 0 0 0 0 0 0 0 0 0 0 0 0 0 0 0 0 0 0 0 0 0 0 0 0 0 0 0 0 0 0 0 0 0 0 0 0 0 0 0 0 0 0 0 0 0 0 0 0 0 0 0 0 0 0 0 0 0 0 0 0 0 0 0 0 0 0 0 0 0 0 0 0 0 0 0 0 0 0 0 0 0 0 0 0 0 0 0 0 0 0 0 0 0 0 0 0 0 0 0 0 0 0 0 0 0 0 0 0 0 0 0 0 0 0 0 0 0 0 0 0 0 0 0 0 0 0 0 0 0 0 0 0 0 0 0 0 0 0 0 0 0 0 0 0 0 0 0 0 0 0 0 0 0 0 0 0 0 0 0 0 0 0 0 0 0 0 0 0 0 0 0 0 0 0 0 0 0 0 0 0 0 0 0 0 0 0 0 0 0 0 0 0 0 0 0 0 0 0 0 0 0 0 0 0 0 0 0 0 0 0 0 0 0 0 0 0 0 0 0 0 0 0 0 0 0 0 0 0 0 0 0 0 0 0 0 0 0 0 0 0 0 0 0 0 0 0 0 0 0 0 0 0 0 0 0 0 0 0 0 0 0 0 0 0 0 0 0 0 0 0 0 0 0 0 0 0 0 0 0 0 0 0 0 0 0 0 0 0 0 0 0 0 0 0 0 0 0 0 0 0 0 0 0 0 0 0 0 0 0 0 0 0 0 0 0 0 0 0 0 0 0 0 0 0 0 0 0 0 0 0 0 0 0 0 0 0 0 0 0 0 0 0 0 0 0 0 0 0 0 0 0 0 0 0 0 0 0 0 0 0 0 0 0 0 0 0 0 0 0 0 0 0 0 0 0 0 0 0 0 0 0 0 0 0 0 0 0 0 0 0 0 0 0 0 0 0 0 0 0 0 0 0 0 0 0 0 0 0 0 0 0 0 0 0 0 0 0 0 0 0 0 0 0 0 0 0 0 0 0 0 0 0 0 0 0 0 0 0 0 0 0 0 0 0 0 0 0 0 0 0 0 0 0 0 0 0 0 0 0 0 0 0 0 0 0 0 0 0 0 0 0 0 0 0 0 0 0 0 0 0 0 0 0 0 0 0 0 0 0 0 0 0 0 0 0 0 0 0 0 0 0 0 0 0 0 0 0 0 0 0 0 0 0 0 0 0 0 0 0 0 0 0 0 0 0 0 0 0 0 0 0 0 0 0 0 0 0 0 0 0 0 0 0 0 0 0 0 0 0 0 0 0 0 0 0 0 0 0 0 0 0 0 0 0 0 0 0 0 0 0 0 0 0 0 0 0 0 0 0 0 0 0 0 0 0 0 0 0 0 0 0 0 0 0 0 0 0 0 0 0 0 0 0 0 0 0 0 0 0 0 0 0 0 0 0 0 0 0 0 0 0 0 0 0 0 0 0 0 0 0 0 0 0 0 0 0 0 0 0 0 0 0 0 0 0 0 0 0 0 0 0 0 0 0 0 0 0 0 0 0 0 0 0 0 0 0 0 0 0 0 0 0 0 0 0 0 0 0 0 0 0 0 0 0 0 0 0 0 0 0 0 0 0 0 0 0 0 0 0 0 0 0 0 0 0 0 0 0 0 0 0 0 0 0 0 0 0 0 0 0 0 0 0 0 0 0 0 0 0 0 0 0 0 0 0 0 0 0 0 0 0 0 0 0 0 0 0 0 0 0 0 0 0 0 0 0 0 0 0 0 0 0 0 0 0 0 0 0 0 0 0 0 0 0 0 0 0 0 0 0 0 0 0 0 0 0 0 0 0 0 0 0 0 0 0 0 0 0 0 0 0 0 0 0 0 0 0 0 0 0 0 0 0 0 0 0 0 0 0 0 0 0 0 0 0 0 0 0 0 0 0 0 0 0 0 0 0 0 0 0 0 0 0 0 0 0 0 0 0 0 0 0 0 0 0 0 0 0 0 0 0 0 0 0 0 0 0 0 0 0 0 0 0 0 0 0 0 0 0 0 0 0 0 0 0 0 0 0 0 0 0 0 0 0 0 0 0 0 0 0 0 0 0 0 0 0 0 0 0 0 0 0 0 0 0 0 0 0 0 0 0 0 0 0 0 0 0 0 0 0 0 0 0 0 0 0 0 0 0 0 0 0 0 0 0 0 0 0 0 0 0 0 0 0 0 0 0 0 0 0 0 0 0 0 0 0 0 0 0 0 0 0 0 0 0 0 0 0 0 0 0 0 0 0 0 0 0 0 0 0 0 0 0 0 0 0 0 0 0 0 0 0 0 0 0 0 0 0 0 0 0 0 0 0 0 0 0 0 0 0 0 0 0 0 0 0 0 0 0 0 0 0 0 0 0 0 0 0 0 0 0 0 0 0 0 0 0 0 0 0 0 0 0 0 0 0 0 0 0 0 0 0 0 0 0 0 0 0 0 0 0 0 0 0 0 0 0 0 0 0 0 0 0 0 0 0 0 0 0 0 0 0 0 0 0 0 0 0 0 0 0 0 0 0 0 0 0 0 0 0 0 0 0 0 0 0 0 0 0 0 0 0 0 0 0 0 0 0 0 0 0 0 0 0 0 0 0 0 0 0 0 0 0 0 0 0 0 0 0 0 0 0 0 0 0 0 0 0 0 0 0 0 0 0 0 0 0 0 0 0 0 0 0 0 0 0 0 0 0 0 0 0 0 0 0 0 0 0 0 0 0 0 0 0 0 0 0 0 0 0 0 0 0 0 0 0 0 0 0 0 0 0 0 0 0 0 0 0 0 0 0 0 0 0 0 0 0 0 0 0 0 0 0 0 0 0 0 0 0 0 0 0 0 0 0 0 0 0 0 0 0 0 0 0 0 0 0 0 0 0 0 0 0 0 0 0 0 0 0 0 0 0 0 0 0 0 0 0 0 0 0 0 0 0 0 0 0 0 0 0 0 0 0 0 0 0 0 0 0 0 0 0 0 0 0 0 0 0 0 0 0 0 0 0 0 0 0 0 0 0 0 0 0 0 0 0 0 0 0 0 0 0 0 0 0 0 0 0 0 0 0 0 0 0 0 0 0 0 0 0 0 0 0 0 0 0 0 0 0 0 0 0 0 0 0 0 0 0 0 0 0 0 0 0 0 0 0 0 0 0 0 0 0 0 0 0 0 0 0 0 0 0 0 0 0 0 0 0 0 0 0 0 0 0 0 0 0 0 0 0 0 0 0 0 0 0 0 0 0 0 0 0 0 0 0 0 0 0 0 0 0 0 0 0 0 0 0 0 0 0 0 0 0 0 0 0 0 0 0 0 0 0 0 0 0 0 0 0 0 0 0 0 0 0 0 0 0 0 0 0 0 0 0 0 0 0 0 0 0 0 0 0 0 0 0 0 0 0 0 0 0 0 0 0 0 0 0 0 0 0 0 0 0 0 0 0 0 0 0 0 0 0 0 0 0 0 0 0 0 0 0 0 0 0 0 0 0 0 0 0 0 0 0 0 0 0 0 0 0 0 0 0 0 0 0 0 0 0 0 0 0 0 0 0 0 0 0 0 0 0 0 0 0 0 0 0 0 0 0 0 0 0 0 0 0 0 0 0 0 0 0 0 0 0 0 0 0 0 0 0 0 0 0 0 0 0 0 0 0 0 0 0 0 0 0 0 0 0 0 0 0 0 0 0 0 0 0 0 0 0 0 0 0 0 0 0 0 0 0 0 0 0 0 0 0 0 0 0 0 0 0 0 0 0 0 0 0 0 0 0 0 0 0 0 0 0 0 0 0 0 0 0 0 0 0 0 0 0 0 0 0 0 0 0 0 0 0 0 0 0 0 0 0 0 0 0 0 0 0 0 0 0 0 0 0 0 0 0 0 0 0 0 0 0 0 0 0 0 0 0 0 0 0 0 0 0 0 0 0 0 0 0 0 0 0 0 0 0 0 0 0 0 0 0 0 0 0 0 0 0 0 0 0 0 0 0 0 0 0 0 0 0 0 0 0 0 0 0 0 0 0 0 0 0 0 0 0 0 0 0 0 0 0 0 0 0 0 0 0 0 0 0 0 0 0 0 0 0 0 0 0 0 0 0 0 0 0 0 0 0 0 0 0 0 0 0 0 0 0 0 0 0 0 0 0 0 0 0 0 0 0 0 0 0 0 0 0 0 0 0 0 0 0 0 0 0 0 0 0 0 0 0 0 0 0 0 0 0 0 0 0 0 0 0 0 0 0 0 0 0 0 0 0 0 0 0 0 0 0 0 0 0 0 0 0 0 0 0 0 0 0 0 0 0 0 0 0 0 0 0 0 0 0 0 0 0 0 0 0 0 0 0 0 0 0 0 0 0 0 0 0 0 0 0 0 0 0 0 0 0 0 0 0 0 0
</DataArray>
<DataArray type="Int32" Name="is_pip" format="ascii">
0 0 0 0 0 0 0 0 0 0 0 0 0 0 0 0 0 0 0 0 0 0 0 0 0 0 0 0 0 0 0 0 0 0 0 0 0 0 0 0 0 0 0 0 0 0 0 0 0 0 0 0 0 0 0 0 0 0 0 0 0 0 0 0 0 0 0 0 0 0 0 0 0 0 0 0 0 0 0 0 0 0 0 0 0 0 0 0 0 0 0 0 0 0 0 0 0 0 0 0 0 0 0 0 0 0 0 0 0 0 0 0 0 0 0 0 0 0 0 0 0 0 0 0 0 0 0 0 0 0 0 0 0 0 0 0 0 0 0 0 0 0 0 0 0 0 0 0 0 0 0 0 0 0 0 0 0 0 0 0 0 0 0 0 0 0 0 0 0 0 0 0 0 0 0 0 0 0 0 0 0 0 0 0 0 0 0 0 0 0 0 0 0 0 0 0 0 0 0 0 0 0 0 0 0 0 0 0 0 0 0 0 0 0 0 0 0 0 0 0 0 0 0 0 0 0 0 0 0 0 0 0 0 0 0 0 0 0 0 0 0 0 0 0 0 0 0 0 0 0 0 0 0 0 0 0 0 0 0 0 0 0 0 0 0 0 0 0 0 0 0 0 0 0 0 0 0 0 0 0 0 0 0 0 0 0 0 0 0 0 0 0 0 0 0 0 0 0 0 0 0 0 0 0 0 0 0 0 0 0 0 0 0 0 0 0 0 0 0 0 0 0 0 0 0 0 0 0 0 0 0 0 0 0 0 0 0 0 0 0 0 0 0 0 0 0 0 0 0 0 0 0 0 0 0 0 0 0 0 0 0 0 0 0 0 0 0 0 0 0 0 0 0 0 0 0 0 0 0 0 0 0 0 0 0 0 0 0 0 0 0 0 0 0 0 0 0 0 0 0 0 0 0 0 0 0 0 0 0 0 0 0 0 0 0 0 0 0 0 0 0 0 0 0 0 0 0 0 0 0 0 0 0 0 0 0 0 0 0 0 0 0 0 0 0 0 0 0 0 0 0 0 0 0 0 0 0 0 0 0 0 0 0 0 0 0 0 0 0 0 0 0 0 0 0 0 0 0 0 0 0 0 0 0 0 0 0 0 0 0 0 0 0 0 0 0 0 0 0 0 0 0 0 0 0 0 0 0 0 0 0 0 0 0 0 0 0 0 0 0 0 0 0 0 0 0 0 0 0 0 0 0 0 0 0 0 0 0 0 0 0 0 0 0 0 0 0 0 0 0 0 0 0 0 0 0 0 0 0 0 0 0 0 0 0 0 0 0 0 0 0 0 0 0 0 0 0 0 0 0 0 0 0 0 0 0 0 0 0 0 0 0 0 0 0 0 0 0 0 0 0 0 0 0 0 0 0 0 0 0 0 0 0 0 0 0 0 0 0 0 0 0 0 0 0 0 0 0 0 0 0 0 0 0 0 0 0 0 0 0 0 0 0 0 0 0 0 0 0 0 0 0 0 0 0 0 0 0 0 0 0 0 0 0 0 0 0 0 0 0 0 0 0 0 0 0 0 0 0 0 0 0 0 0 0 0 0 0 0 0 0 0 0 0 0 0 0 0 0 0 0 0 0 0 0 0 0 0 0 0 0 0 0 0 0 0 0 0 0 0 0 0 0 0 0 0 0 0 0 0 0 0 0 0 0 0 0 0 0 0 0 0 0 0 0 0 0 0 0 0 0 0 0 0 0 0 0 0 0 0 0 0 0 0 0 0 0 0 0 0 0 0 0 0 0 0 0 0 0 0 0 0 0 0 0 0 0 0 0 0 0 0 0 0 0 0 0 0 0 0 0 0 0 0 0 0 0 0 0 0 0 0 0 0 0 0 0 0 0 0 0 0 0 0 0 0 0 0 0 0 0 0 0 0 0 0 0 0 0 0 0 0 0 0 0 0 0 0 0 0 0 0 0 0 0 0 0 0 0 0 0 0 0 0 0 0 0 0 0 0 0 0 0 0 0 0 0 0 0 0 0 0 0 0 0 0 0 0 0 0 0 0 0 0 0 0 0 0 0 0 0 0 0 0 0 0 0 0 0 0 0 0 0 0 0 0 0 0 0 0 0 0 0 0 0 0 0 0 0 0 0 0 0 0 0 0 0 0 0 0 0 0 0 0 0 0 0 0 0 0 0 0 0 0 0 0 0 0 0 0 0 0 0 0 0 0 0 0 0 0 0 0 0 0 0 0 0 0 0 0 0 0 0 0 0 0 0 0 0 0 0 0 0 0 0 0 0 0 0 0 0 0 0 0 0 0 0 0 0 0 0 0 0 0 0 0 0 0 0 0 0 0 0 0 0 0 0 0 0 0 0 0 0 0 0 0 0 0 0 0 0 0 0 0 0 0 0 0 0 0 0 0 0 0 0 0 0 0 0 0 0 0 0 0 0 0 0 0 0 0 0 0 0 0 0 0 0 0 0 0 0 0 0 0 0 0 0 0 0 0 0 0 0 0 0 0 0 0 0 0 0 0 0 0 0 0 0 0 0 0 0 0 0 0 0 0 0 0 0 0 0 0 0 0 0 0 0 0 0 0 0 0 0 0 0 0 0 0 0 0 0 0 0 0 0 0 0 0 0 0 0 0 0 0 0 0 0 0 0 0 0 0 0 0 0 0 0 0 0 0 0 0 0 0 0 0 0 0 0 0 0 0 0 0 0 0 0 0 0 0 0 0 0 0 0 0 0 0 0 0 0 0 0 0 0 0 0 0 0 0 0 0 0 0 0 0 0 0 0 0 0 0 0 0 0 0 0 0 0 0 0 0 0 0 0 0 0 0 0 0 0 0 0 0 0 0 0 0 0 0 0 0 0 0 0 0 0 0 0 0 0 0 0 0 0 0 0 0 0 0 0 0 0 0 0 0 0 0 0 0 0 0 0 0 0 0 0 0 0 0 0 0 0 0 0 0 0 0 0 0 0 0 0 0 0 0 0 0 0 0 0 0 0 0 0 0 0 0 0 0 0 0 0 0 0 0 0 0 0 0 0 0 0 0 0 0 0 0 0 0 0 0 0 0 0 0 0 0 0 0 0 0 0 0 0 0 0 0 0 0 0 0 0 0 0 0 0 0 0 0 0 0 0 0 0 0 0 0 0 0 0 0 0 0 0 0 0 0 0 0 0 0 0 0 0 0 0 0 0 0 0 0 0 0 0 0 0 0 0 0 0 0 0 0 0 0 0 0 0 0 0 0 0 0 0 0 0 0 0 0 0 0 0 0 0 0 0 0 0 0 0 0 0 0 0 0 0 0 0 0 0 0 0 0 0 0 0 0 0 0 0 0 0 0 0 0 0 0 0 0 0 0 0 0 0 0 0 0 0 0 0 0 0 0 0 0 0 0 0 0 0 0 0 0 0 0 0 0 0 0 0 0 0 0 0 0 0 0 0 0 0 0 0 0 0 0 0 0 0 0 0 0 0 0 0 0 0 0 0 0 0 0 0 0 0 0 0 0 0 0 0 0 0 0 0 0 0 0 0 0 0 0 0 0 0 0 0 0 0 0 0 0 0 0 0 0 0 0 0 0 0 0 0 0 0 0 0 0 0 0 0 0 0 0 0 0 0 0 0 0 0 0 0 0 0 0 0 0 0 0 0 0 0 0 0 0 0 0 0 0 0 0 0 0 0 0 0 0 0 0 0 0 0 0 0 0 0 0 0 0 0 0 0 0 0 0 0 0 0 0 0 0 0 0 0 0 0 0 0 0 0 0 0 0 0 0 0 0 0 0 0 0 0 0 0 0 0 0 0 0 0 0 0 0 0 0 0 0 0 0 0 0 0 0 0 0 0 0 0 0 0 0 0 0 0 0 0 0 0 0 0 0 0 0 0 0 0 0 0 0 0 0 0 0 0 0 0 0 0 0 0 0 0 0 0 0 0 0 0 0 0 0 0 0 0 0 0 0 0 0 0 0 0 0 0 0 0 0 0 0 0 0 0 0 0 0 0 0 0 0 0 0 0 0 0 0 0 0 0 0 0 0 0 0 0 0 0 0 0 0 0 0 0 0 0 0 0 0 0 0 0 0 0 0 0 0 0 0 0 0 0 0 0 0 0 0 0 0 0 0 0 0 0 0 0 0 0 0 0 0 0 0 0 0 0 0 0 0 0 0 0 0 0 0 0 0 0 0 0 0 0 0 0 0 0 0 0 0 0 0 0 0 0 0 0 0 0 0 0 0 0 0 0 0 0 0 0 0 0 0 0 0 0 0 0 0 0 0 0 0 0 0 0 0 0 0 0 0 0 0 0 0 0 0 0 0 0 0 0 0 0 0 0 0 0 0 0 0 0 0 0 0 0 0 0 0 0 0 0 0 0 0 0 0 0 0 0 0 0 0 0 0 0 0 0 0 0 0 0 0 0 0 0 0 0 0 0 0 0 0 0 0 0 0 0 0 0 0 0 0 0 0 0 0 0 0 0 0 0 0 0 0 0 0 0 0 0 0 0 0 0 0 0 0 0 0 0 0 0 0 0 0 0 0 0 0 0 0 0 0 0 0 0 0 0 0 0 0 0 0 0 0 0 0 0 0 0 0 0 0 0 0 0 0 0 0 0 0 0 0 0 0 0 0 0 0 0 0 0 0 0 0 0 0 0 0 0 0 0 0 0 0 0 0 0 0 0 0 0 0 0 0 0 0 0 0 0 0 0 0 0 0 0 0 0 0 0 0 0 0 0 0 0 0 0 0 0 0 0 0 0 0 0 0 0 0 0 0 0 0 0 0 0 0 0 0 0 0 0 0 0 0 0 0 0 0 0 0 0 0 0 0 0 0 0 0 0 0 0 0 0 0 0 0 0 0 0 0 0 0 0 0 0 0 0 0 0 0 0 0 0 0 0 0 0 0 0 0 0 0 0 0 0 0 0 0 0 0 0 0 0 0 0 0 0 0 0 0 0 0 0 0 0 0 0 0 0 0 0 0 0 0 0 0 0 0 0 0 0 0 0 0 0 0 0 0 0 0 0 0 0 0 0 0 0 0 0 0 0 0 0 0 0 0 0 0 0 0 0 0 0 0 0 0 0 0 0 0 0 0 0 0 0 0 0 0 0 0 0 0 0 0 0 0 0 0 0 0 0 0 0 0 0 0 0 0 0 0 0 0 0 0 0 0 0 0 0 0 0 0 0 0 0 0 0 0 0 0 0 0 0 0 0 0 0 0 0 0 0 0 0 0 0 0 0 0 0 0 0 0 0 0 0 0 0 0 0 0 0 0 0 0 0 0 0 0 0 0 0 0 0 0 0 0 0 0 0 0 0 0 0 0 0 0 0 0 0 0 0 0 0 0 0 0 0 0 0 0 0 0 0 0 0 0 0 0 0 0 0 0 0 0 0 0 0 0 0 0 0 0 0 0 0 0 0 0 0 0 0 0 0 0 0 0 0 0 0 0 0 0 0 0 0 0 0 0 0 0 0 0 0 0 0 0 0 0 0 0 0 0 0 0 0 0 0 0 0 0 0 0 0 0 0 0 0 0 0 0 0 0 0 0 0 0 0 0 0 0 0 0 0 0 0 0 0 0 0 0 0 0 0 0 0 0 0 0 0 0 0 0 0 0 0 0 0 0 0 0 0 0 0 0 0 0 0 0 0 0 0 0 0 0 0 0 0 0 0 0 0 0 0 0 0 0 0 0 0 0 0 0 0 0 0 0 0 0 0 0 0 0 0 0 0 0 0 0 0 0 0 0 0 0 0 0 0 0 0 0 0 0 0 0 0 0 0 0 0 0 0 0 0 0 0 0 0 0 0 0 0 0 0 0 0 0 0 0 0 0 0 0 0 0 0 0 0 0 0 0 0 0 0 0 0 0 0 0 0 0 0 0 0 0 0 0 0 0 0 0 0 0 0 0 0 0 0 0 0 0 0 0 0 0 0 0 0 0 0 0 0 0 0 0 0 0 0 0 0 0 0 0 0 0 0 0 0 0 0 0 0 0 0 0 0 0 0 0 0 0 0 0 0 0 0 0 0 0 0 0 0 0 0 0 0 0 0 0 0 0 0 0 0 0 0 0 0 0 0 0 0 0 0 0 0 0 0 0 0 0 0 0 0 0 0 0 0 0 0 0 0 0 0 0 0 0 0 0 0 0 0 0 0 0 0 0 0 0 0 0 0 0 0 0 0 0 0 0 0 0 0 0 0 0 0 0 0 0 0 0 0 0 0 0 0 0 0 0 0 0 0 0 0 0 0 0 0 0 0 0 0 0 0 0 0 0 0 0 0 0 0 0 0 0 0 0 0 0 0 0 0 0 0 0 0 0 0 0 0 0 0 0 0 0 0 0 0 0 0 0 0 0 0 0 0 0 0 0 0 0 0 0 0 0 0 0 0 0 0 0 0 0 0 0 0 0 0 0 0 0 0 0 0 0 0 0 0 0 0 0 0 0 0 0 0 0 0 0 0 0 0 0 0 0 0 0 0 0 0 0 0 0 0 0 0 0 0 0 0 0 0 0 0 0 0 0 0 0 0 0 0 0 0 0 0 0 0 0 0 0 0 0 0 0 0 0 0 0 0 0 0 0 0 0 0 0 0 0 0 0 0 0 0 0 0 0 0 0 0 0 0 0 0 0 0 0 0 0 0 0 0 0 0 0 0 0 0 0 0 0 0 0 0 0 0 0 0 0 0 0 0 0 0 0 0 0 0 0 0 0 0 0 0 0 0 0 0 0 0 0 0 0 0 0 0 0 0 0 0 0 0 0 0 0 0 0 0 0 0 0 0 0 0 0 0 0 0 0 0 0 0 0 0 0 0 0 0 0 0 0 0 0 0 0 0 0 0 0 0 0 0 0 0 0 0 0 0 0 0 0 0 0 0 0 0 0 0 0 0 0 0 0 0 0 0 0 0 0 0 0 0 0 0 0 0 0 0 0 0 0 0 0 0 0 0 0 0 0 0 0 0 0 0 0 0 0 0 0 0 0 0 0 0 0 0 0 0 0 0 0 0 0 0 0 0 0 0 0 0 0 0 0 0 0 0 0 0 0 0 0 0 0 0 0 0 0 0 0 0 0 0 0 0 0 0 0 0 0 0 0 0 0 0 0 0 0 0 0 0 0 0 0 0 0 0 0 0 0 0 0 0 0 0 0 0 0 0 0 0 0 0 0 0 0 0 0 0 0 0 0 0 0 0 0 0 0 0 0 0 0 0 0 0 0 0 0 0 0 0 0 0 0 0 0 0 0 0 0 0 0 0 0 0 0 0 0 0 0 0 0 0 0 0 0 0 0 0 0 0 0 0 0 0 0 0 0 0 0 0 0 0 0 0 0 0 0 0 0 0 0 0 0 0 0 0 0 0 0 0 0 0 0 0 0 0 0 0 0 0 0 0 0 0 0 0 0 0 0 0 0 0 0 0 0 0 0 0 0 0 0 0 0 0 0 0 0 0 0 0 0 0 0 0 0 0 0 0 0 0 0 0 0 0 0 0 0 0 0 0 0 0 0 0 0 0 0 0 0 0 0 0 0 0 0 0 0 0 0 0 0 0 0 0 0 0 0 0 0 0 0 0 0 0 0 0 0 0 0 0 0 0 0 0 0 0 0 0 0 0 0 0 0 0 0 0 0 0 0 0 0 0 0 0 0 0 0 0 0 0 0 0 0 0 0 0 0 0 0 0 0 0 0 0 0 0 0 0 0 0 0 0 0 0 0 0 0 0 0 0 0 0 0 0 0 0 0 0 0 0 0 0 0 0 0 0 0 0 0 0 0 0 0 0 0 0 0 0 0 0 0 0 0 0 0 0 0 0 0 0 0 0 0 0 0 0 0 0 0 0 0 0 0 0 0 0 0 0 0 0 0 0 0 0 0 0 0 0 0 0 0 0 0 0 0 0 0 0 0 0 0 0 0 0 0 0 0 0 0 0 0 0 0 0 0 0 0 0 0 0 0 0 0 0 0 0 0 0 0 0 0 0 0 0 0 0 0 0 0 0 0 0 0 0 0 0 0 0 0 0 0 0 0 0 0 0 0 0 0 0 0 0 0 0 0 0 0 0 0 0 0 0 0 0 0 0 0 0 0 0 0 0 0 0 0 0 0 0 0 0 0 0 0 0 0 0 0 0 0 0 0 0 0 0 0 0 0 0 0 0 0 0 0 0 0 0 0 0 0 0 0 0 0 0 0 0 0 0 0 0 0 0 0 0 0 0 0 0 0 0 0 0 0 0 0 0 0 0 0 0 0 0 0 0 0 0 0 0 0 0 0 0 0 0 0 0 0 0 0 0 0 0 0 0 0 0 0 0 0 0 0 0 0 0 0 0 0 0 0 0 0 0 0 0 0 0 0 0 0 0 0 0 0 0 0 0 0 0 0 0 0 0 0 0 0 0 0 0 0 0 0 0 0 0 0 0 0 0 0 0 0 0 0 0 0 0 0 0 0 0 0 0 0 0 0 0 0 0 0 0 0 0 0 0 0 0 0 0 0 0 0 0 0 0 0 0 0 0 0 0 0 0 0 0 0 0 0 0 0 0 0 0 0 0 0 0 0 0 0 0 0 0 0 0 0 0 0 0 0 0 0 0 0 0 0 0 0 0 0 0 0 0 0 0 0 0 0 0 0 0 0 0 0 0 0 0 0 0 0 0 0 0 0 0 0 0 0 0 0 0 0 0 0 0 0 0 0 0 0 0 0 0 0 0 0 0 0 0 0 0 0 0 0 0 0 0 0 0 0 0 0 0 0 0 0 0 0 0 0 0 0 0 0 0 0 0 0 0 0 0 0 0 0 0 0 0 0 0 0 0 0 0 0 0 0 0 0 0 0 0 0 0 0 0 0 0 0 0 0 0 0 0 0 0 0 0 0 0 0 0 0 0 0 0 0 0 0 0 0 0 0 0 0 0 0 0 0 0 0 0 0 0 0 0 0 0 0 0 0 0 0 0 0 0 0 0 0 0 0 0 0 0 0 0 0 0 0 0 0 0 0 0 0 0 0 0 0 0 0 0 0 0 0 0 0 0 0 0 0 0 0 0 0 0 0 0 0 0 0 0 0 0 0 0 0 0 0 0 0 0 0 0 0 0 0 0 0 0 0 0 0 0 0 0 0 0 0 0 0 0 0 0 0 0 0 0 0 0 0 0 0 0 0 0 0 0 0 0 0 0 0 0 0 0 0 0 0 0 0 0 0 0 0 0 0 0 0 0 0 0 0 0 0 0 0 0 0 0 0 0 0 0 0 0 0 0 0 0 0 0 0 0 0 0 0 0 0 0 0 0 0 0 0 0 0 0 0 0 0 0 0 0 0 0 0 0 0 0 0 0 0 0 0 0 0 0 0 0 0 0 0 0 0 0 0 0 0 0 0 0 0 0 0 0 0 0 0 0 0 0 0 0 0 0 0 0 0 0 0 0 0 0 0 0 0 0 0 0 0 0 0 0 0 0 0 0 0 0 0 0 0 0 0 0 0 0 0 0 0 0 0 0 0 0 0 0 0 0 0 0 0 0 0 0 0 0 0 0 0 0 0 0 0 0 0 0 0 0 0 0 0 0 0 0 0 0 0 0 0 0 0 0 0 0 0 0 0 0 0 0 0 0 0 0 0 0 0 0 0 0 0 0 0 0 0 0 0 0 0 0 0 0 0 0 0 0 0 0 0 0 0 0 0 0 0 0 0 0 0 0 0 0 0 0 0 0 0 0 0 0 0 0 0 0 0 0 0 0 0 0 0 0 0 0 0 0 0 0 0 0 0 0 0 0 0 0 0 0 0 0 0 0 0 0 0 0 0 0 0 0 0 0 0 0 0 0 0 0 0 0 0 0 0 0 0 0 0 0 0 0 0 0 0 0 0 0 0 0 0 0 0 0 0 0 0 0 0 0 0 0 0 0 0 0 0 0 0 0 0 0 0 0 0 0 0 0 0 0 0 0 0 0 0 0 0 0 0 0 0 0 0 0 0 0 0 0 0 0 0 0 0 0 0 0 0 0 0 0 0 0 0 0 0 0 0 0 0 0 0 0 0 0 0 0 0 0 0 0 0 0 0 0 0 0 0 0 0 0 0 0 0 0 0 0 0 0 0 0 0 0 0 0 0 0 0 0 0 0 0 0 0 0 0 0 0 0 0 0 0 0 0 0 0 0 0 0 0 0 0 0 0 0 0 0 0 0 0 0 0 0 0 0 0 0 0 0 0 0 0 0 0 0 0 0 0 0 0 0 0 0 0 0 0 0 0 0 0 0 0 0 0 0 0 0 0 0 0 0 0 0 0 0 0 0 0 0 0 0 0 0 0 0 0 0 0 0 0 0 0 0 0 0 0 0 0 0 0 0 0 0 0 0 0 0 0 0 0 0 0 0 0 0 0 0 0 0 0 0 0 0 0 0 0 0 0 0 0 0 0 0 0 0 0 0 0 0 0 0 0 0 0 0 0 0 0 0 0 0 0 0 0 0 0 0 0 0 0 0 0 0 0 0 0 0 0 0 0 0 0 0 0 0 0 0 0 0 0 0 0 0 0 0 0 0 0 0 0 0 0 0 0 0 0 0 0 0 0 0 0 0 0 0 0 0 0 0 0 0 0 0 0 0 0 0 0 0 0 0 0 0 0 0 0 0 0 0 0 0 0 0 0 0 0 0 0 0 0 0 0 0 0 0 0 0 0 0 0 0 0 0 0 0 0 0 0 0 0 0 0 0 0 0 0 0 0 0 0 0 0 0 0 0 0 0 0 0 0 0 0 0 0 0 0 0 0 0 0 0 0 0 0 0 0 0 0 0 0 0 0 0 0 0 0 0 0 0 0 0 0 0 0 0 0 0 0 0 0 0 0 0 0 0 0 0 0 0 0 0 0 0 0 0 0 0 0 0 0 0 0 0 0 0 0 0 0 0 0 0 0 0 0 0 0 0 0 0 0 0 0 0 0 0 0 0 0 0 0 0 0 0 0 0 0 0 0 0 0 0 0 0 0 0 0 0 0 0 0 0 0 0 0 0 0 0 0 0 0 0 0 0 0 0 0 0 0 0 0 0 0 0 0 0 0 0 0 0 0 0 0 0 0 0 0 0 0 0 0 0 0 0 0 0 0 0 0 0 0 0 0 0 0 0 0 0 0 0 0 0 0 0 0 0 0 0 0 0 0 0 0 0 0 0 0 0 0 0 0 0 0 0 0 0 0 0 0 0 0 0 0 0 0 0 0 0 0 0 0 0 0 0 0 0 0 0 0 0 0 0 0 0 0 0 0 0 0 0 0 0 0 0 0 0 0 0 0 0 0 0 0 0 0 0 0 0 0 0 0 0 0 0 0 0 0 0 0 0 0 0 0 0 0 0 0 0 0 0 0 0 0 0 0 0 0 0 0 0 0 0 0 0 0 0 0 0 0 0 0 0 0 0 0 0 0 0 0 0 0 0 0 0 0 0 0 0 0 0 0 0 0 0 0 0 0 0 0 0 0 0 0 0 0 0 0 0 0 0 0 0 0 0 0 0 0 0 0 0 0 0 0 0 0 0 0 0 0 0 0 0 0 0 0 0 0 0 0 0 0 0 0 0 0 0 0 0 0 0 0 0 0 0 0 0 0 0 0 0 0 0 0 0 0 0 0 0 0 0 0 0 0 0 0 0 0 0 0 0 0 0 0 0 0 0 0 0 0 0 0 0 0 0 0 0 0 0 0 0 0 0 0 0 0 0 0 0 0 0 0 0 0 0 0 0 0 0 0 0 0 0 0 0 0 0 0 0 0 0 0 0 0 0 0 0 0 0 0 0 0 0 0 0 0 0 0 0 0 0 0 0 0 0 0 0 0 0 0 0 0 0 0 0 0 0 0 0 0 0 0 0 0 0 0 0 0 0 0 0 0 0 0 0 0 0 0 0 0 0 0 0 0 0 0 0 0 0 0 0 0 0 0 0 0 0 0 0 0 0 0 0 0 0 0 0 0 0 0 0 0 0 0 0 0 0 0 0 0 0 0 0 0 0 0 0 0 0 0 0 0 0 0 0 0 0 0 0 0 0 0 0 0 0 0 0 0 0 0 0 0 0 0 0 0 0 0 0 0 0 0 0 0 0 0 0 0 0 0 0 0 0 0 0 0 0 0 0 0 0 0 0 0 0 0 0 0 0 0 0 0 0 0 0 0 0 0 0 0 0 0 0 0 0 0 0 0 0 0 0 0 0 0 0 0 0 0 0 0 0 0 0 0 0 0 0 0 0 0 0 0 0 0 0 0 0 0 0 0 0 0 0 0 0 0 0 0 0 0 0 0 0 0 0 0 0 0 0 0 0 0 0 0 0 0 0 0 0 0 0 0 0 0 0 0 0 0 0 0 0 0 0 0 0 0 0 0 0 0 0 0 0 0 0 0 0 0 0 0 0 0 0 0 0 0 0 0 0 0 0 0 0 0 0 0 0 0 0 0 0 0 0 0 0 0 0 0 0 0 0 0 0 0 0 0 0 0 0 0 0 0 0 0 0 0 0 0 0 0 0 0 0 0 0 0 0 0 0 0 0 0 0 0 0 0 0 0 0 0 0 0 0 0 0 0 0 0 0 0 0 0 0 0 0 0 0 0 0 0 0 0 0 0 0 0 0 0 0 0 0 0 0 0 0 0 0 0 0 0 0 0 0 0 0 0 0 0 0 0 0 0 0 0 0 0 0 0 0 0 0 0 0 0 0 0 0 0 0 0 0 0 0 0 0 0 0 0 0 0 0 0 0 0 0 0 0 0 0 0 0 0 0 0 0 0 0 0 0 0 0 0 0 0 0 0 0 0 0 0 0 0 0 0 0 0 0 0 0 0 0 0 0 0 0 0 0 0 0 0 0 0 0 0 0 0 0 0 0 0 0 0 0 0 0 0 0 0 0 0 0 0 0 0 0 0 0 0 0 0 0 0 0 0 0 0 0 0 0 0 0 0 0 0 0 0 0 0 0 0 0 0 0 0 0 0 0 0 0 0 0 0 0 0 0 0 0 0 0 0 0 0 0 0 0 0 0 0 0 0 0 0 0 0 0 0 0 0 0 0 0 0 0 0 0 0 0 0 0 0 0 0 0 0 0 0 0 0 0 0 0 0 0 0 0 0 0 0 0 0 0 0 0 0 0 0 0 0 0 0 0 0 0 0 0 0 0 0 0 0 0 0 0 0 0 0 0 0 0 0 0 0 0 0 0 0 0 0 0 0 0 0 0 0 0 0 0 0 0 0 0 0 0 0 0 0 0 0 0 0 0 0 0 0 0 0 0 0 0 0 0 0 0 0 0 0 0 0 0 0 0 0 0 0 0 0 0 0 0 0 0 0 0 0 0 0 0 0 0 0 0 0 0 0 0 0 0 0 0 0 0 0 0 0 0 0 0 0 0 0 0 0 0 0 0 0 0 0 0 0 0 0 0 0 0 0 0 0 0 0 0 0 0 0 0 0 0 0 0 0 0 0 0 0 0 0 0 0 0 0 0 0 0 0 0 0 0 0 0 0 0 0 0 0 0 0 0 0 0 0 0 0 0 0 0 0 0 0 0 0 0 0 0 0 0 0 0 0 0 0 0 0 0 0 0 0 0 0 0 0 0 0 0 0 0 0 0 0 0 0 0 0 0 0 0 0 0 0 0 0 0 0 0 0 0 0 0 0 0 0 0 0 0 0 0 0 0 0 0 0 0 0 0 0 0 0 0 0 0 0 0 0 0 0 0 0 0 0 0 0 0 0 0 0 0 0 0 0 0 0 0 0 0 0 0 0 0 0 0 0 0 0 0 0 0 0 0 0 0 0 0 0 0 0 0 0 0 0 0 0 0 0 0 0 0 0 0 0 0 0 0 0 0 0 0 0 0 0 0 0 0 0 0 0 0 0 0 0 0 0 0 0 0 0 0 0 0 0 0 0 0 0 0 0 0 0 0 0 0 0 0 0 0 0 0 0 0 0 0 0 0 0 0 0 0 0 0 0 0 0 0 0 0 0 0 0 0 0 0 0 0 0 0 0 0 0 0 0 0 0 0 0 0 0 0 0 0 0 0 0 0 0 0 0 0 0 0 0 0 0 0 0 0 0 0 0 0 0 0 0 0 0 0 0 0 0 0 0 0 0 0 0 0 0 0 0 0 0 0 0 0 0 0 0 0 0 0 0 0 0 0 0 0 0 0 0 0 0 0 0 0 0 0 0 0 0 0 0 0 0 0 0 0 0 0 0 0 0 0 0 0 0 0 0 0 0 0 0 0 0 0 0 0 0 0 0 0 0 0 0 0 0 0 0 0 0 0 0 0 0 0 0 0 0 0 0 0 0 0 0 0 0 0 0 0 0 0 0 0 0 0 0 0 0 0 0 0 0 0 0 0 0 0 0 0 0 0 0 0 0 0 0 0 0 0 0 0 0 0 0 0 0 0 0 0 0 0 0 0 0 0 0 0 0 0 0 0 0 0 0 0 0 0 0 0 0 0 0 0 0 0 0 0 0 0 0 0 0 0 0 0 0 0 0 0 0 0 0 0 0 0 0 0 0 0 0 0 0 0 0 0 0 0 0 0 0 0 0 0 0 0 0 0 0 0 0 0 0 0 0 0 0 0 0 0 0 0 0 0 0 0 0 0 0 0 0 0 0 0 0 0 0 0 0 0 0 0 0 0 0 0 0 0 0 0 0 0 0 0 0 0 0 0 0 0 0 0 0 0 0 0 0 0 0 0 0 0 0 0 0 0 0 0 0 0 0 0 0 0 0 0 0 0 0 0 0 0 0 0 0 0 0 0 0 0 0 0 0 0 0 0 0 0 0 0 0 0 0 0 0 0 0 0 0 0 0 0 0 0 0 0 0 0 0 0 0 0 0 0 0 0 0 0 0 0 0 0 0 0 0 0 0 0 0 0 0 0 0 0 0 0 0 0 0 0 0 0 0 0 0 0 0 0 0 0 0 0 0 0 0 0 0 0 0 0 0 0 0 0 0 0 0 0 0 0 0 0 0 0 0 0 0 0 0 0 0 0 0 0 0 0 0 0 0 0 0 0 0 0 0 0 0 0 0 0 0 0 0 0 0 0 0 0 0 0 0 0 0 0 0 0 0 0 0 0 0 0 0 0 0 0 0 0 0 0 0 0 0 0 0 0 0 0 0 0 0 0 0 0 0 0 0 0 0 0 0 0 0 0 0 0 0 0 0 0 0 0 0 0 0 0 0 0 0 0 0 0 0 0 0 0 0 0 0 0 0 0 0 0 0 0 0 0 0 0 0 0 0 0 0 0 0 0 0 0 0 0 0 0 0 0 0 0 0 0 0 0 0 0 0 0 0 0 0 0 0 0 0 0 0 0 0 0 0 0 0 0 0 0 0 0 0 0 0 0 0 0 0 0 0 0 0 0 0 0 0 0 0 0 0 0 0 0 0 0 0 0 0 0 0 0 0 0 0 0 0 0 0 0 0 0 0 0 0 0 0 0 0 0 0 0 0 0 0 0 0 0 0 0 0 0 0 0 0 0 0 0 0 0 0 0 0 0 0 0 0 0 0 0 0 0 0 0 0 0 0 0 0 0 0 0 0 0 0 0 0 0 0 0 0 0 0 0 0 0 0 0 0 0 0 0 0 0 0 0 0 0 0 0 0 0 0 0 0 0 0 0 0 0 0 0 0 0 0 0 0 0 0 0 0 0 0 0 0 0 0 0 0 0 0 0 0 0 0 0 0 0 0 0 0 0 0 0 0 0 0 0 0 0 0 0 0 0 0 0 0 0 0 0 0 0 0 0 0 0 0 0 0 0 0 0 0 0 0 0 0 0 0 0 0 0 0 0 0 0 0 0 0 0 0 0 0 0 0 0 0 0 0 0 0 0 0 0 0 0 0 0 0 0 0 0 0 0 0 0 0 0 0 0 0 0 0 0 0 0 0 0 0 0 0 0 0 0 0 0 0 0 0 0 0 0 0 0 0 0 0 0 0 0 0 0 0 0 0 0 0 0 0 0 0 0 0 0 0 0 0 0 0 0 0 0 0 0 0 0 0 0 0 0 0 0 0 0 0 0 0 0 0 0 0 0 0 0 0 0 0 0 0 0 0 0 0 0 0 0 0 0 0 0 0 0 0 0 0 0 0 0 0 0 0 0 0 0 0 0 0 0 0 0 0 0 0 0 0 0 0 0 0 0 0 0 0 0 0 0 0 0 0 0 0 0 0 0 0 0 0 0 0 0 0 0 0 0 0 0 0 0 0 0 0 0 0 0 0 0 0 0 0 0 0 0 0 0 0 0 0 0 0 0 0 0 0 0 0 0 0 0 0 0 0 0 0 0 0 0 0 0 0 0 0 0 0 0 0 0 0 0 0 0 0 0 0 0 0 0 0 0 0 0 0 0 0 0 0 0 0 0 0 0 0 0 0 0 0 0 0 0 0 0 0 0 0 0 0 0 0 0 0 0 0 0 0 0 0 0 0 0 0 0 0 0 0 0 0 0 0 0 0 0 0 0 0 0 0 0 0 0 0 0 0 0 0 0 0 0 0 0 0 0 0 0 0 0 0 0 0 0 0 0 0 0 0 0 0 0 0 0 0 0 0 0 0 0 0 0 0 0 0 0 0 0 0 0 0 0 0 0 0 0 0 0 0 0 0 0 0 0 0 0 0 0 0 0 0 0 0 0 0 0 0 0 0 0 0 0 0 0 0 0 0 0 0 0 0 0 0 0 0 0 0 0 0 0 0 0 0 0 0 0 0 0 0 0 0 0 0 0 0 0 0 0 0 0 0 0 0 0 0 0 0 0 0 0 0 0 0 0 0 0 0 0 0 0 0 0 0 0 0 0 0 0 0 0 0 0 0 0 0 0 0 0 0 0 0 0 0 0 0 0 0 0 0 0 0 0 0 0 0 0 0 0 0 0 0 0 0 0 0 0 0 0 0 0 0 0 0 0 0 0 0 0 0 0 0 0 0 0 0 0 0 0 0 0 0 0 0 0 0 0 0 0 0 0 0 0 0 0 0 0 0 0 0 0 0 0 0 0 0 0 0 0 0 0 0 0 0 0 0 0 0 0 0 0 0 0 0 0 0 0 0 0 0 0 0 0 0 0 0 0 0 0 0 0 0 0 0 0 0 0 0 0 0 0 0 0 0 0 0 0 0 0 0 0 0 0 0 0 0 0 0 0 0 0 0 0 0 0 0 0 0 0 0 0 0 0 0 0 0 0 0 0 0 0 0 0 0 0 0 0 0 0 0 0 0 0 0 0 0 0 0 0 0 0 0 0 0 0 0 0 0 0 0 0 0 0 0 0 0 0 0 0 0 0 0 0 0 0 0 0 0 0 0 0 0 0 0 0 0 0 0 0 0 0 0 0 0 0 0 0 0 0 0 0 0 0 0 0 0 0 0 0 0 0 0 0 0 0 0 0 0 0 0 0 0 0 0 0 0 0 0 0 0 0 0 0 0 0 0 0 0 0 0 0 0 0 0 0 0 0 0 0 0 0 0 0 0 0 0 0 0 0 0 0 0 0 0 0 0 0 0 0 0 0 0 0 0 0 0 0 0 0 0 0 0 0 0 0 0 0 0 0 0 0 0 0 0 0 0 0 0 0 0 0 0 0 0 0 0 0 0 0 0 0 0 0 0 0 0 0 0 0 0 0 0 0 0 0 0 0 0 0 0 0 0 0 0 0 0 0 0 0 0 0 0 0 0 0 0 0 0 0 0 0 0 0 0 0 0 0 0 0 0 0 0 0 0 0 0 0 0 0 0 0 0 0 0 0 0 0 0 0 0 0 0 0 0 0 0 0 0 0 0 0 0 0 0 0 0 0 0 0 0 0 0 0 0 0 0 0 0 0 0 0 0 0 0 0 0 0 0 0 0 0 0 0 0 0 0 0 0 0 0 0 0 0 0 0 0 0 0 0 0 0 0 0 0 0 0 0 0 0 0 0 0 0 0 0 0 0 0 0 0 0 0 0 0 0 0 0 0 0 0 0 0 0 0 0 0 0 0 0 0 0 0 0 0 0 0 0 0 0 0 0 0 0 0 0 0 0 0 0 0 0 0 0 0 0 0 0 0 0 0 0 0 0 0 0 0 0 0 0 0 0 0 0 0 0 0 0 0 0 0 0 0 0 0 0 0 0 0 0 0 0 0 0 0 0 0 0 0 0 0 0 0 0 0 0 0 0 0 0 0 0 0 0 0 0 0 0 0 0 0 0 0 0 0 0 0 0 0 0 0 0 0 0 0 0 0 0 0 0 0 0 0 0 0 0 0 0 0 0 0 0 0 0 0 0 0 0 0 0 0 0 0 0 0 0 0 0 0 0 0 0 0 0 0 0 0 0 0 0 0 0 0 0 0 0 0 0 0 0 0 0 0 0 0 0 0 0 0 0 0 0 0 0 0 0 0 0 0 0 0 0 0 0 0 0 0 0 0 0 0 0 0 0 0 0 0 0 0 0 0 0 0 0 0 0 0 0 0 0 0 0 0 0 0 0 0 0 0 0 0 0 0 0 0 0 0 0 0 0 0 0 0 0 0 0 0 0 0 0 0 0 0 0 0 0 0 0 0 0 0 0 0 0 0 0 0 0 0 0 0 0 0 0 0 0 0 0 0 0 0 0 0 0 0 0 0 0 0 0 0 0 0 0 0 0 0 0 0 0 0 0 0 0 0 0 0 0 0 0 0 0 0 0 0 0 0 0 0 0 0 0 0 0 0 0 0 0 0 0 0 0 0 0 0 0 0 0 0 0 0 0 0 0 0 0 0 0 0 0 0 0 0 0 0 0 0 0 0 0 0 0 0 0 0 0 0 0 0 0 0 0 0 0 0 0 0 0 0 0 0 0 0 0 0 0 0 0 0 0 0 0 0 0 0 0 0 0 0 0 0 0 0 0 0 0 0 0 0 0 0 0 0 0 0 0 0 0 0 0 0 0 0 0 0 0 0 0 0 0 0 0 0 0 0 0 0 0 0 0 0 0 0 0 0 0 0 0 0 0 0 0 0 0 0 0 0 0 0 0 0 0 0 0 0 0 0 0 0 0 0 0 0 0 0 0 0 0 0 0 0 0 0 0 0 0 0 0 0 0 0 0 0 0 0 0 0 0 0 0 0 0 0 0 0 0 0 0 0 0 0 0 0 0 0 0 0 0 0 0 0 0 0 0 0 0 0 0 0 0 0 0 0 0 0 0 0 0 0 0 0 0 0 0 0 0 0 0 0 0 0 0 0 0 0 0 0 0 0 0 0 0 0 0 0 0 0 0 0 0 0 0 0 0 0 0 0 0 0 0 0 0 0 0 0 0 0 0 0 0 0 0 0 0 0 0 0 0 0 0 0 0 0 0 0 0 0 0 0 0 0 0 0 0 0 0 0 0 0 0 0 0 0 0 0 0 0 0 0 0 0 0 0 0 0 0 0 0 0 0 0 0 0 0 0 0 0 0 0 0 0 0 0 0 0 0 0 0 0 0 0 0 0 0 0 0 0 0 0 0 0 0 0 0 0 0 0 0 0 0 0 0 0 0 0 0 0 0 0 0 0 0 0 0 0 0 0 0 0 0 0 0 0 0 0 0 0 0 0 0 0 0 0 0 0 0 0 0 0 0 0 0 0 0 0 0 0 0 0 0 0 0 0 0 0 0 0 0 0 0 0 0 0 0 0 0 0 0 0 0 0 0 0 0 0 0 0 0 0 0 0 0 0 0 0 0 0 0 0 0 0 0 0 0 0 0 0 0 0 0 0 0 0 0 0 0 0 0 0 0 0 0 0 0 0 0 0 0 0 0 0 0 0 0 0 0 0 0 0 0 0 0 0 0 0 0 0 0 0 0 0 0 0 0 0 0 0 0 0 0 0 0 0 0 0 0 0 0 0 0 0 0 0 0 0 0 0 0 0 0 0 0 0 0 0 0 0 0 0 0 0 0 0 0 0 0 0 0 0 0 0 0 0 0 0 0 0 0 0 0 0 0 0 0 0 0 0 0 0 0 0 0 0 0 0 0 0 0 0 0 0 0 0 0 0 0 0 0 0 0 0 0 0 0 0 0 0 0 0 0 0 0 0 0 0 0 0 0 0 0 0 0 0 0 0 0 0 0 0 0 0 0 0 0 0 0 0 0 0 0 0 0 0 0 0 0 0 0 0 0 0 0 0 0 0 0 0 0 0 0 0 0 0 0 0 0 0 0 0 0 0 0 0 0 0 0 0 0 0 0 0 0 0 0 0 0 0 0 0 0 0 0 0 0 0 0 0 0 0 0 0 0 0 0 0 0 0 0 0 0 0 0 0 0 0 0 0 0 0 0 0 0 0 0 0 0 0 0 0 0 0 0 0 0 0 0 0 0 0 0 0 0 0 0 0 0 0 0 0 0 0 0 0 0 0 0 0 0 0 0 0 0 0 0 0 0 0 0 0 0 0 0 0 0 0 0 0 0 0 0 0 0 0 0 0 0 0 0 0 0 0 0 0 0 0 0 0 0 0 0 0 0 0 0 0 0 0 0 0 0 0 0 0 0 0 0 0 0 0 0 0 0 0 0 0 0 0 0 0 0 0 0 0 0 0 0 0 0 0 0 0 0 0 0 0 0 0 0 0 0 0 0 0 0 0 0 0 0 0 0 0 0 0 0 0 0 0 0 0 0 0 0 0 0 0 0 0 0 0 0 0 0 0 0 0 0 0 0 0 0 0 0 0 0 0 0 0 0 0 0 0 0 0 0 0 0 0 0 0 0 0 0 0 0 0 0 0 0 0 0 0 0 0 0 0 0 0 0 0 0 0 0 0 0 0 0 0 0 0 0 0 0 0 0 0 0 0 0 0 0 0 0 0 0 0 0 0 0 0 0 0 0 0 0 0 0 0 0 0 0 0 0 0 0 0 0 0 0 0 0 0 0 0 0 0 0 0 0 0 0 0 0 0 0 0 0 0 0 0 0 0 0 0 0 0 0 0 0 0 0 0 0 0 0 0 0 0 0 0 0 0 0 0 0 0 0 0 0 0 0 0 0 0 0 0 0 0 0 0 0 0 0 0 0 0 0 0 0 0 0 0 0 0 0 0 0 0 0 0 0 0 0 0 0 0 0 0 0 0 0 0 0 0 0 0 0 0 0 0 0 0 0 0 0 0 0 0 0 0 0 0 0 0 0 0 0 0 0 0 0 0 0 0 0 0 0 0 0 0 0 0 0 0 0 0 0 0 0 0 0 0 0 0 0 0 0 0 0 0 0 0 0 0 0 0 0 0 0 0 0 0 0 0 0 0 0 0 0 0 0 0 0 0 0 0 0 0 0 0 0 0 0 0 0 0 0 0 0 0 0 0 0 0 0 0 0 0 0 0 0 0 0 0 0 0 0 0 0 0 0 0 0 0 0 0 0 0 0 0 0 0 0 0 0 0 0 0 0 0 0 0 0 0 0 0 0 0 0 0 0 0 0 0 0 0 0 0 0 0 0 0 0 0 0 0 0 0 0 0 0 0 0 0 0 0 0 0 0 0 0 0 0 0 0 0 0 0 0 0 0 0 0 0 0 0 0 0 0 0 0 0 0 0 0 0 0 0 0 0 0 0 0 0 0 0 0 0 0 0 0 0 0 0 0 0 0 0 0 0 0 0 0 0 0 0 0 0 0 0 0 0 0 0 0 0 0 0 0 0 0 0 0 0 0 0 0 0 0 0 0 0 0 0 0 0 0 0 0 0 0 0 0 0 0 0 0 0 0 0 0 0 0 0 0 0 0 0 0 0 0 0 0 0 0 0 0 0 0 0 0 0 0 0 0 0 0 0 0 0 0 0 0 0 0 0 0 0 0 0 0 0 0 0 0 0 0 0 0 0 0 0 0 0 0 0 0 0 0 0 0 0 0 0 0 0 0 0 0 0 0 0 0 0 0 0 0 0 0 0 0 0 0 0 0 0 0 0 0 0 0 0 0 0 0 0 0 0 0 0 0 0 0 0 0 0 0 0 0 0 0 0 0 0 0 0 0 0 0 0 0 0 0 0 0 0 0 0 0 0 0 0 0 0 0 0 0 0 0 0 0 0 0 0 0 0 0 0 0 0 0 0 0 0 0 0 0 0 0 0 0 0 0 0 0 0 0 0 0 0 0 0 0 0 0 0 0 0 0 0 0 0 0 0 0 0 0 0 0 0 0 0 0 0 0 0 0 0 0 0 0 0 0 0 0 0 0 0 0 0 0 0 0 0 0 0 0 0 0 0 0 0 0 0 0 0 0 0 0 0 0 0 0 0 0 0 0 0 0 0 0 0 0 0 0 0 0 0 0 0 0 0 0 0 0 0 0 0 0 0 0 0 0 0 0 0 0 0 0 0 0 0 0 0 0 0 0 0 0 0 0 0 0 0 0 0 0 0 0 0 0 0 0 0 0 0 0 0 0 0 0 0 0 0 0 0 0 0 0 0 0 0 0 0 0 0 0 0 0 0 0 0 0 0 0 0 0 0 0 0 0 0 0 0 0 0 0 0 0 0 0 0 0 0 0 0 0 0 0 0 0 0 0 0 0 0 0 0 0 0 0 0 0 0 0 0 0 0 0 0 0 0 0 0 0 0 0 0 0 0 0 0 0 0 0 0 0 0 0 0 0 0 0 0 0 0 0 0 0 0 0 0 0 0 0 0 0 0 0 0 0 0 0 0 0 0 0 0 0 0 0 0 0 0 0 0 0 0 0 0 0 0 0 0 0 0 0 0 0 0 0 0 0 0 0 0 0 0 0 0 0 0 0 0 0 0 0 0 0 0 0 0 0 0 0 0 0 0 0 0 0 0 0 0 0 0 0 0 0 0 0 0 0 0 0 0 0 0 0 0 0 0 0 0 0 0 0 0 0 0 0 0 0 0 0 0 0 0 0 0 0 0 0 0 0 0 0 0 0 0 0 0 0 0 0 0 0 0 0 0 0 0 0 0 0 0 0 0 0 0 0 0 0 0 0 0 0 0 0 0 0 0 0 0 0 0 0 0 0 0 0 0 0 0 0 0 0 0 0 0 0 0 0 0 0 0 0 0 0 0 0 0 0 0 0 0 0 0 0 0 0 0 0 0 0 0 0 0 0 0 0 0 0 0 0 0 0 0 0 0 0 0 0 0 0 0 0 0 0 0 0 0 0 0 0 0 0 0 0 0 0 0 0 0 0 0 0 0 0 0 0 0 0 0 0 0 0 0 0 0 0 0 0 0 0 0 0 0 0 0 0 0 0 0 0 0 0 0 0 0 0 0 0 0 0 0 0 0 0 0 0 0 0 0 0 0 0 0 0 0 0 0 0 0 0 0 0 0 0 0 0 0 0 0 0 0 0 0 0 0 0 0 0 0 0 0 0 0 0 0 0 0 0 0 0 0 0 0 0 0 0 0 0 0 0 0 0 0 0 0 0 0 0 0 0 0 0 0 0 0 0 0 0 0 0 0 0 0 0 0 0 0 0 0 0 0 0 0 0 0 0 0 0 0 0 0 0 0 0 0 0 0 0 0 0 0 0 0 0 0 0 0 0 0 0 0 0 0 0 0 0 0 0 0 0 0 0 0 0 0 0 0 0 0 0 0 0 0 0 0 0 0 0 0 0 0 0 0 0 0 0 0 0 0 0 0 0 0 0 0 0 0 0 0 0 0 0 0 0 0 0 0 0 0 0 0 0 0 0 0 0 0 0 0 0 0 0 0 0 0 0 0 0 0 0 0 0 0 0 0 0 0 0 0 0 0 0 0 0 0 0 0 0 0 0 0 0 0 0 0 0 0 0 0 0 0 0 0 0 0 0 0 0 0 0 0 0 0 0 0 0 0 0 0 0 0 0 0 0 0 0 0 0 0 0 0 0 0 0 0 0 0 0 0 0 0 0 0 0 0 0 0 0 0 0 0 0 0 0 0 0 0 0 0 0 0 0 0 0 0 0 0 0 0 0 0 0 0 0 0 0 0 0 0 0 0 0 0 0 0 0 0 0 0 0 0 0 0 0 0 0 0 0 0 0 0 0 0 0 0 0 0 0 0 0 0 0 0 0 0 0 0 0 0 0 0 0 0 0 0 0 0 0 0 0 0 0 0 0 0 0 0 0 0 0 0 0 0 0 0 0 0 0 0 0 0 0 0 0 0 0 0 0 0 0 0 0 0 0 0 0 0 0 0 0 0 0 0 0 0 0 0 0 0 0 0 0 0 0 0 0 0 0 0 0 0 0 0 0 0 0 0 0 0 0 0 0 0 0 0 0 0 0 0 0 0 0 0 0 0 0 0 0 0 0 0 0 0 0 0 0 0 0 0 0 0 0 0 0 0 0 0 0 0 0 0 0 0 0 0 0 0 0 0 0 0 0 0 0 0 0 0 0 0 0 0 0 0 0 0 0 0 0 0 0 0 0 0 0 0 0 0 0 0 0 0 0 0 0 0 0 0 0 0 0 0 0 0 0 0 0 0 0 0 0 0 0 0 0 0 0 0 0 0 0 0 0 0 0 0 0 0 0 0 0 0 0 0 0 0 0 0 0 0 0 0 0 0 0 0 0 0 0 0 0 0 0 0 0 0 0 0 0 0 0 0 0 0 0 0 0 0 0 0 0 0 0 0 0 0 0 0 0 0 0 0 0 0 0 0 0 0 0 0 0 0 0 0 0 0 0 0 0 0 0 0 0 0 0 0 0 0 0 0 0 0 0 0 0 0 0 0 0 0 0 0 0 0 0 0 0 0 0 0 0 0 0 0 0 0 0 0 0 0 0 0 0 0 0 0 0 0 0 0 0 0 0 0 0 0 0 0 0 0 0 0 0 0 0 0 0 0 0 0 0 0 0 0 0 0 0 0 0 0 0 0 0 0 0 0 0 0 0 0 0 0 0 0 0 0 0 0 0 0 0 0 0 0 0 0 0 0 0 0 0 0 0 0 0 0 0 0 0 0 0 0 0 0 0 0 0 0 0 0 0 0 0 0 0 0 0 0 0 0 0 0 0 0 0 0 0 0 0 0 0 0 0 0 0 0 0 0 0 0 0 0 0 0 0 0 0 0 0 0 0 0 0 0 0 0 0 0 0 0 0 0 0 0 0 0 0 0 0 0 0 0 0 0 0 0 0 0 0 0 0 0 0 0 0 0 0 0 0 0 0 0 0 0 0 0 0 0 0 0 0 0 0 0 0 0 0 0 0 0 0 0 0 0 0 0 0 0 0 0 0 0 0 0 0 0 0 0 0 0 0 0 0 0 0 0 0 0 0 0 0 0 0 0 0 0 0 0 0 0 0 0 0 0 0 0 0 0 0 0 0 0 0 0 0 0 0 0 0 0 0 0 0 0 0 0 0 0 0 0 0 0 0 0 0 0 0 0 0 0 0 0 0 0 0 0 0 0 0 0 0 0 0 0 0 0 0 0 0 0 0 0 0 0 0 0 0 0 0 0 0 0 0 0 0 0 0 0 0 0 0 0 0 0 0 0 0 0 0 0 0 0 0 0 0 0 0 0 0 0 0 0 0 0 0 0 0 0 0 0 0 0 0 0 0 0 0 0 0 0 0 0 0 0 0 0 0 0 0 0 0 0 0 0 0 0 0 0 0 0 0 0 0 0 0 0 0 0 0 0 0 0 0 0 0 0 0 0 0 0 0 0 0 0 0 0 0 0 0 0 0 0 0 0 0 0 0 0 0 0 0 0 0 0 0 0 0 0 0 0 0 0 0 0 0 0 0 0 0 0 0 0 0 0 0 0 0 0 0 0 0 0 0 0 0 0 0 0 0 0 0 0 0 0 0 0 0 0 0 0 0 0 0 0 0 0 0 0 0 0 0 0 0 0 0 0 0 0 0 0 0 0 0 0 0 0 0 0 0 0 0 0 0 0 0 0 0 0 0 0 0 0 0 0 0 0 0 0 0 0 0 0 0 0 0 0 0 0 0 0 0 0 0 0 0 0 0 0 0 0 0 0 0 0 0 0 0 0 0 0 0 0 0 0 0 0 0 0 0 0 0 0 0 0 0 0 0 0 0 0 0 0 0 0 0 0 0 0 0 0 0 0 0 0 0 0 0 0 0 0 0 0 0 0 0 0 0 0 0 0 0 0 0 0 0 0 0 0 0 0 0 0 0 0 0 0 0 0 1 1 1 1 1 1 1 1 1 1 1 1 1 1 1 1 1 1 1 1 1 1 1 1 1 1 1 1 1 1 1 1 1 1 1 1 1 1 1 1 1 1 1 1 1 1 1 1 1 1 1 1 1 1 1 1 1 1 1 1 1 1 1 1 1 1 1 1 1 1 1 1 1 1 1 1 1 1 1 1 1 1 1 1 1 1 1 1 1 1 1 1 1 1 1 1 1 1 1 1 1 1 1 1 1 1 1 1 1 1 1 1 1 1 1 1 1 1 1 1 1 1 1 1 1 1 1 1 1 1 1 1 1 1 1 1 1 1 1 1 1 1 1 1 1 1 1 1 1 1 1 1 1 1 1 1 1 1 1 1 1 1 1 1 1 1 1 1 1 1 1 1 1 1 1 1 1 1 1 1 1 1 1 1 1 1 1 1 1 1 1 1 1 1 1 1 1 1 1 1 1 1 1 1 1 1 1 1 1 1 1 1 1 1 1 1 1 1 1 1 1 1 1 1 1 1 1 1 1 1 1 1 1 1 1 1 1 1 1 1 1 1 1 1 1 1 1 1 1 1 1 1 1 1 1 1 1 1 1 1 1 1 1 1 1 1 1 1 1 1 1 1 1 1 1 1 1 1 1 1 1 1 1 1 1 1 1 1 1 1 1 1 1 1 1 1 1 1 1 1 1 1 1 1 1 1 1 1 1 1 1 1 1 1 1 1 1 1 1 1 1 1 1 1 1 1 1 1 1 1 1 1 1 1 1 1 1 1 1 1 1 1 1 1 1 1 1 1 1 1 1 1 1 1 1 1 1 1 1 1 1 1 1 1 1 1 1 1 1 1 1 1 1 1 1 1 1 1 1 1 1 1 1 1 1 1 1 1 1 1 1 1 1 1 1 1 1 1 1 1 1 1 1 1 1 1 1 1 1 1 1 1 1 1 1 1 1 1 1 1 1 1 1 1 1 1 1 1 1 1 1 1 1 1 1 1 1 1 1 1 1 1 1 1 1 1 1 1 1 1 1 1 1 1 1 1 1 1 1 1 1 1 1 1 1 1 1 1 1 1 1 1 1 1 1 1 1 1 1 1 1 1 1 1 1 1 1 1 1 1 1 1 1 1 1 1 1 1 1 1 1 1 1 1 1 1 1 1 1 1 1 1 1 1 1 1 1 1 1 1 1 1 1 1 1 1 1 1 1 1 1 1 1 1 1 1 1 1 1 1 1 1 1 1 1 1 1 1 1 1 1 1 1 1 1 1 1 1 1 1 1 1 1 1 1 1 1 1 1 1 1 1 1 1 1 1 1 1 1 1 1 1 1 1 1 1 1 1 1 1 1 1 1 1 1 1 1 1 1 1 1 1 1 1 1 1 1 1 1 1 1 1 1 1 1 1 1 1 1 1 1 1 1 1 1 1 1 1 1 1 1 1 1 1 1 1 1 1 1 1 1 1 1 1 1 1 1 1 1 1 1 1 1 1 1 1 1 1 1 1 1 1 1 1 1 1 1 1 1 1 1 1 1 1 1 1 1 1 1 1 1 1 1 1 1 1 1 1 1 1 1 1 1 1 1 1 1 1 1 1 1 1 1 1 1 1 1 1 1 1 1 1 1 1 1 1 1 1 1 1 1 1 1 1 1 1 1 1 1 1 1 1 1 1 1 1 1 1 1 1 1 1 1 1 1 1 1 1 1 1 1 1 1 1 1 1 1 1 1 1 1 1 1 1 1 1 0 0 0 0 0 0 0 0 0 0 0 0 0 0 0 0 0 0 0 0 0 0 0 0 0 0 0 0 0 0 0 0 0 0 0 0 0 0 0 0 0 0 0 0 0 0 0 0 0 0 0 0 0 0 0 0 0 0 0 0 0 0 0 0 0 0 0 0 0 0 0 0 0 0 0 0 0 0 0 0 0 0 0 0 0 0 0 0 0 0 0 0 0 0 0 0 0 0 0 0 0 0 0 0 0 0 0 0 0 0 0 0 0 0 0 0 0 0 0 0 0 0 0 0 0 0 0 0 0 0 0 0 0 0 0 0 0 0 0 0 0 0 0 0 0 0 0 0 0 0 0 0 0 0 0 0 0 0 0 0 0 0 0 0 0 0 0 0 0 0 0 1 1 1 1 1 1 1 1 1 1 1 1 1 1 1 1 1 1 1 1 1 1 1 1 1 1 1 1 1 1 1 1 1 1 1 1 1 1 1 1 1 1 1 1 1 1 1 1 1 1 1 1 1 1 1 1 1 1 1 1 1 1 1 1 1 1 1 1 1 1 1 1 1 1 1 1 1 1 1 1 1 1 1 1 1 1 1 1 1 1 1 1 1 1 1 1 1 1 1 1 1 1 1 1 1 1 1 1 1 1
</DataArray>
<DataArray type="Int32" Name="pip_head" format="ascii">
0 0 0 0 0 0 0 0 0 0 0 0 0 0 0 0 0 0 0 0 0 0 0 0 0 0 0 0 0 0 0 0 0 0 0 0 0 0 0 0 0 0 0 0 0 0 0 0 0 0 0 0 0 0 0 0 0 0 0 0 0 0 0 0 0 0 0 0 0 0 0 0 0 0 0 0 0 0 0 0 0 0 0 0 0 0 0 0 0 0 0 0 0 0 0 0 0 0 0 0 0 0 0 0 0 0 0 0 0 0 0 0 0 0 0 0 0 0 0 0 0 0 0 0 0 0 0 0 0 0 0 0 0 0 0 0 0 0 0 0 0 0 0 0 0 0 0 0 0 0 0 0 0 0 0 0 0 0 0 0 0 0 0 0 0 0 0 0 0 0 0 0 0 0 0 0 0 0 0 0 0 0 0 0 0 0 0 0 0 0 0 0 0 0 0 0 0 0 0 0 0 0 0 0 0 0 0 0 0 0 0 0 0 0 0 0 0 0 0 0 0 0 0 0 0 0 0 0 0 0 0 0 0 0 0 0 0 0 0 0 0 0 0 0 0 0 0 0 0 0 0 0 0 0 0 0 0 0 0 0 0 0 0 0 0 0 0 0 0 0 0 0 0 0 0 0 0 0 0 0 0 0 0 0 0 0 0 0 0 0 0 0 0 0 0 0 0 0 0 0 0 0 0 0 0 0 0 0 0 0 0 0 0 0 0 0 0 0 0 0 0 0 0 0 0 0 0 0 0 0 0 0 0 0 0 0 0 0 0 0 0 0 0 0 0 0 0 0 0 0 0 0 0 0 0 0 0 0 0 0 0 0 0 0 0 0 0 0 0 0 0 0 0 0 0 0 0 0 0 0 0 0 0 0 0 0 0 0 0 0 0 0 0 0 0 0 0 0 0 0 0 0 0 0 0 0 0 0 0 0 0 0 0 0 0 0 0 0 0 0 0 0 0 0 0 0 0 0 0 0 0 0 0 0 0 0 0 0 0 0 0 0 0 0 0 0 0 0 0 0 0 0 0 0 0 0 0 0 0 0 0 0 0 0 0 0 0 0 0 0 0 0 0 0 0 0 0 0 0 0 0 0 0 0 0 0 0 0 0 0 0 0 0 0 0 0 0 0 0 0 0 0 0 0 0 0 0 0 0 0 0 0 0 0 0 0 0 0 0 0 0 0 0 0 0 0 0 0 0 0 0 0 0 0 0 0 0 0 0 0 0 0 0 0 0 0 0 0 0 0 0 0 0 0 0 0 0 0 0 0 0 0 0 0 0 0 0 0 0 0 0 0 0 0 0 0 0 0 0 0 0 0 0 0 0 0 0 0 0 0 0 0 0 0 0 0 0 0 0 0 0 0 0 0 0 0 0 0 0 0 0 0 0 0 0 0 0 0 0 0 0 0 0 0 0 0 0 0 0 0 0 0 0 0 0 0 0 0 0 0 0 0 0 0 0 0 0 0 0 0 0 0 0 0 0 0 0 0 0 0 0 0 0 0 0 0 0 0 0 0 0 0 0 0 0 0 0 0 0 0 0 0 0 0 0 0 0 0 0 0 0 0 0 0 0 0 0 0 0 0 0 0 0 0 0 0 0 0 0 0 0 0 0 0 0 0 0 0 0 0 0 0 0 0 0 0 0 0 0 0 0 0 0 0 0 0 0 0 0 0 0 0 0 0 0 0 0 0 0 0 0 0 0 0 0 0 0 0 0 0 0 0 0 0 0 0 0 0 0 0 0 0 0 0 0 0 0 0 0 0 0 0 0 0 0 0 0 0 0 0 0 0 0 0 0 0 0 0 0 0 0 0 0 0 0 0 0 0 0 0 0 0 0 0 0 0 0 0 0 0 0 0 0 0 0 0 0 0 0 0 0 0 0 0 0 0 0 0 0 0 0 0 0 0 0 0 0 0 0 0 0 0 0 0 0 0 0 0 0 0 0 0 0 0 0 0 0 0 0 0 0 0 0 0 0 0 0 0 0 0 0 0 0 0 0 0 0 0 0 0 0 0 0 0 0 0 0 0 0 0 0 0 0 0 0 0 0 0 0 0 0 0 0 0 0 0 0 0 0 0 0 0 0 0 0 0 0 0 0 0 0 0 0 0 0 0 0 0 0 0 0 0 0 0 0 0 0 0 0 0 0 0 0 0 0 0 0 0 0 0 0 0 0 0 0 0 0 0 0 0 0 0 0 0 0 0 0 0 0 0 0 0 0 0 0 0 0 0 0 0 0 0 0 0 0 0 0 0 0 0 0 0 0 0 0 0 0 0 0 0 0 0 0 0 0 0 0 0 0 0 0 0 0 0 0 0 0 0 0 0 0 0 0 0 0 0 0 0 0 0 0 0 0 0 0 0 0 0 0 0 0 0 0 0 0 0 0 0 0 0 0 0 0 0 0 0 0 0 0 0 0 0 0 0 0 0 0 0 0 0 0 0 0 0 0 0 0 0 0 0 0 0 0 0 0 0 0 0 0 0 0 0 0 0 0 0 0 0 0 0 0 0 0 0 0 0 0 0 0 0 0 0 0 0 0 0 0 0 0 0 0 0 0 0 0 0 0 0 0 0 0 0 0 0 0 0 0 0 0 0 0 0 0 0 0 0 0 0 0 0 0 0 0 0 0 0 0 0 0 0 0 0 0 0 0 0 0 0 0 0 0 0 0 0 0 0 0 0 0 0 0 0 0 0 0 0 0 0 0 0 0 0 0 0 0 0 0 0 0 0 0 0 0 0 0 0 0 0 0 0 0 0 0 0 0 0 0 0 0 0 0 0 0 0 0 0 0 0 0 0 0 0 0 0 0 0 0 0 0 0 0 0 0 0 0 0 0 0 0 0 0 0 0 0 0 0 0 0 0 0 0 0 0 0 0 0 0 0 0 0 0 0 0 0 0 0 0 0 0 0 0 0 0 0 0 0 0 0 0 0 0 0 0 0 0 0 0 0 0 0 0 0 0 0 0 0 0 0 0 0 0 0 0 0 0 0 0 0 0 0 0 0 0 0 0 0 0 0 0 0 0 0 0 0 0 0 0 0 0 0 0 0 0 0 0 0 0 0 0 0 0 0 0 0 0 0 0 0 0 0 0 0 0 0 0 0 0 0 0 0 0 0 0 0 0 0 0 0 0 0 0 0 0 0 0 0 0 0 0 0 0 0 0 0 0 0 0 0 0 0 0 0 0 0 0 0 0 0 0 0 0 0 0 0 0 0 0 0 0 0 0 0 0 0 0 0 0 0 0 0 0 0 0 0 0 0 0 0 0 0 0 0 0 0 0 0 0 0 0 0 0 0 0 0 0 0 0 0 0 0 0 0 0 0 0 0 0 0 0 0 0 0 0 0 0 0 0 0 0 0 0 0 0 0 0 0 0 0 0 0 0 0 0 0 0 0 0 0 0 0 0 0 0 0 0 0 0 0 0 0 0 0 0 0 0 0 0 0 0 0 0 0 0 0 0 0 0 0 0 0 0 0 0 0 0 0 0 0 0 0 0 0 0 0 0 0 0 0 0 0 0 0 0 0 0 0 0 0 0 0 0 0 0 0 0 0 0 0 0 0 0 0 0 0 0 0 0 0 0 0 0 0 0 0 0 0 0 0 0 0 0 0 0 0 0 0 0 0 0 0 0 0 0 0 0 0 0 0 0 0 0 0 0 0 0 0 0 0 0 0 0 0 0 0 0 0 0 0 0 0 0 0 0 0 0 0 0 0 0 0 0 0 0 0 0 0 0 0 0 0 0 0 0 0 0 0 0 0 0 0 0 0 0 0 0 0 0 0 0 0 0 0 0 0 0 0 0 0 0 0 0 0 0 0 0 0 0 0 0 0 0 0 0 0 0 0 0 0 0 0 0 0 0 0 0 0 0 0 0 0 0 0 0 0 0 0 0 0 0 0 0 0 0 0 0 0 0 0 0 0 0 0 0 0 0 0 0 0 0 0 0 0 0 0 0 0 0 0 0 0 0 0 0 0 0 0 0 0 0 0 0 0 0 0 0 0 0 0 0 0 0 0 0 0 0 0 0 0 0 0 0 0 0 0 0 0 0 0 0 0 0 0 0 0 0 0 0 0 0 0 0 0 0 0 0 0 0 0 0 0 0 0 0 0 0 0 0 0 0 0 0 0 0 0 0 0 0 0 0 0 0 0 0 0 0 0 0 0 0 0 0 0 0 0 0 0 0 0 0 0 0 0 0 0 0 0 0 0 0 0 0 0 0 0 0 0 0 0 0 0 0 0 0 0 0 0 0 0 0 0 0 0 0 0 0 0 0 0 0 0 0 0 0 0 0 0 0 0 0 0 0 0 0 0 0 0 0 0 0 0 0 0 0 0 0 0 0 0 0 0 0 0 0 0 0 0 0 0 0 0 0 0 0 0 0 0 0 0 0 0 0 0 0 0 0 0 0 0 0 0 0 0 0 0 0 0 0 0 0 0 0 0 0 0 0 0 0 0 0 0 0 0 0 0 0 0 0 0 0 0 0 0 0 0 0 0 0 0 0 0 0 0 0 0 0 0 0 0 0 0 0 0 0 0 0 0 0 0 0 0 0 0 0 0 0 0 0 0 0 0 0 0 0 0 0 0 0 0 0 0 0 0 0 0 0 0 0 0 0 0 0 0 0 0 0 0 0 0 0 0 0 0 0 0 0 0 0 0 0 0 0 0 0 0 0 0 0 0 0 0 0 0 0 0 0 0 0 0 0 0 0 0 0 0 0 0 0 0 0 0 0 0 0 0 0 0 0 0 0 0 0 0 0 0 0 0 0 0 0 0 0 0 0 0 0 0 0 0 0 0 0 0 0 0 0 0 0 0 0 0 0 0 0 0 0 0 0 0 0 0 0 0 0 0 0 0 0 0 0 0 0 0 0 0 0 0 0 0 0 0 0 0 0 0 0 0 0 0 0 0 0 0 0 0 0 0 0 0 0 0 0 0 0 0 0 0 0 0 0 0 0 0 0 0 0 0 0 0 0 0 0 0 0 0 0 0 0 0 0 0 0 0 0 0 0 0 0 0 0 0 0 0 0 0 0 0 0 0 0 0 0 0 0 0 0 0 0 0 0 0 0 0 0 0 0 0 0 0 0 0 0 0 0 0 0 0 0 0 0 0 0 0 0 0 0 0 0 0 0 0 0 0 0 0 0 0 0 0 0 0 0 0 0 0 0 0 0 0 0 0 0 0 0 0 0 0 0 0 0 0 0 0 0 0 0 0 0 0 0 0 0 0 0 0 0 0 0 0 0 0 0 0 0 0 0 0 0 0 0 0 0 0 0 0 0 0 0 0 0 0 0 0 0 0 0 0 0 0 0 0 0 0 0 0 0 0 0 0 0 0 0 0 0 0 0 0 0 0 0 0 0 0 0 0 0 0 0 0 0 0 0 0 0 0 0 0 0 0 0 0 0 0 0 0 0 0 0 0 0 0 0 0 0 0 0 0 0 0 0 0 0 0 0 0 0 0 0 0 0 0 0 0 0 0 0 0 0 0 0 0 0 0 0 0 0 0 0 0 0 0 0 0 0 0 0 0 0 0 0 0 0 0 0 0 0 0 0 0 0 0 0 0 0 0 0 0 0 0 0 0 0 0 0 0 0 0 0 0 0 0 0 0 0 0 0 0 0 0 0 0 0 0 0 0 0 0 0 0 0 0 0 0 0 0 0 0 0 0 0 0 0 0 0 0 0 0 0 0 0 0 0 0 0 0 0 0 0 0 0 0 0 0 0 0 0 0 0 0 0 0 0 0 0 0 0 0 0 0 0 0 0 0 0 0 0 0 0 0 0 0 0 0 0 0 0 0 0 0 0 0 0 0 0 0 0 0 0 0 0 0 0 0 0 0 0 0 0 0 0 0 0 0 0 0 0 0 0 0 0 0 0 0 0 0 0 0 0 0 0 0 0 0 0 0 0 0 0 0 0 0 0 0 0 0 0 0 0 0 0 0 0 0 0 0 0 0 0 0 0 0 0 0 0 0 0 0 0 0 0 0 0 0 0 0 0 0 0 0 0 0 0 0 0 0 0 0 0 0 0 0 0 0 0 0 0 0 0 0 0 0 0 0 0 0 0 0 0 0 0 0 0 0 0 0 0 0 0 0 0 0 0 0 0 0 0 0 0 0 0 0 0 0 0 0 0 0 0 0 0 0 0 0 0 0 0 0 0 0 0 0 0 0 0 0 0 0 0 0 0 0 0 0 0 0 0 0 0 0 0 0 0 0 0 0 0 0 0 0 0 0 0 0 0 0 0 0 0 0 0 0 0 0 0 0 0 0 0 0 0 0 0 0 0 0 0 0 0 0 0 0 0 0 0 0 0 0 0 0 0 0 0 0 0 0 0 0 0 0 0 0 0 0 0 0 0 0 0 0 0 0 0 0 0 0 0 0 0 0 0 0 0 0 0 0 0 0 0 0 0 0 0 0 0 0 0 0 0 0 0 0 0 0 0 0 0 0 0 0 0 0 0 0 0 0 0 0 0 0 0 0 0 0 0 0 0 0 0 0 0 0 0 0 0 0 0 0 0 0 0 0 0 0 0 0 0 0 0 0 0 0 0 0 0 0 0 0 0 0 0 0 0 0 0 0 0 0 0 0 0 0 0 0 0 0 0 0 0 0 0 0 0 0 0 0 0 0 0 0 0 0 0 0 0 0 0 0 0 0 0 0 0 0 0 0 0 0 0 0 0 0 0 0 0 0 0 0 0 0 0 0 0 0 0 0 0 0 0 0 0 0 0 0 0 0 0 0 0 0 0 0 0 0 0 0 0 0 0 0 0 0 0 0 0 0 0 0 0 0 0 0 0 0 0 0 0 0 0 0 0 0 0 0 0 0 0 0 0 0 0 0 0 0 0 0 0 0 0 0 0 0 0 0 0 0 0 0 0 0 0 0 0 0 0 0 0 0 0 0 0 0 0 0 0 0 0 0 0 0 0 0 0 0 0 0 0 0 0 0 0 0 0 0 0 0 0 0 0 0 0 0 0 0 0 0 0 0 0 0 0 0 0 0 0 0 0 0 0 0 0 0 0 0 0 0 0 0 0 0 0 0 0 0 0 0 0 0 0 0 0 0 0 0 0 0 0 0 0 0 0 0 0 0 0 0 0 0 0 0 0 0 0 0 0 0 0 0 0 0 0 0 0 0 0 0 0 0 0 0 0 0 0 0 0 0 0 0 0 0 0 0 0 0 0 0 0 0 0 0 0 0 0 0 0 0 0 0 0 0 0 0 0 0 0 0 0 0 0 0 0 0 0 0 0 0 0 0 0 0 0 0 0 0 0 0 0 0 0 0 0 0 0 0 0 0 0 0 0 0 0 0 0 0 0 0 0 0 0 0 0 0 0 0 0 0 0 0 0 0 0 0 0 0 0 0 0 0 0 0 0 0 0 0 0 0 0 0 0 0 0 0 0 0 0 0 0 0 0 0 0 0 0 0 0 0 0 0 0 0 0 0 0 0 0 0 0 0 0 0 0 0 0 0 0 0 0 0 0 0 0 0 0 0 0 0 0 0 0 0 0 0 0 0 0 0 0 0 0 0 0 0 0 0 0 0 0 0 0 0 0 0 0 0 0 0 0 0 0 0 0 0 0 0 0 0 0 0 0 0 0 0 0 0 0 0 0 0 0 0 0 0 0 0 0 0 0 0 0 0 0 0 0 0 0 0 0 0 0 0 0 0 0 0 0 0 0 0 0 0 0 0 0 0 0 0 0 0 0 0 0 0 0 0 0 0 0 0 0 0 0 0 0 0 0 0 0 0 0 0 0 0 0 0 0 0 0 0 0 0 0 0 0 0 0 0 0 0 0 0 0 0 0 0 0 0 0 0 0 0 0 0 0 0 0 0 0 0 0 0 0 0 0 0 0 0 0 0 0 0 0 0 0 0 0 0 0 0 0 0 0 0 0 0 0 0 0 0 0 0 0 0 0 0 0 0 0 0 0 0 0 0 0 0 0 0 0 0 0 0 0 0 0 0 0 0 0 0 0 0 0 0 0 0 0 0 0 0 0 0 0 0 0 0 0 0 0 0 0 0 0 0 0 0 0 0 0 0 0 0 0 0 0 0 0 0 0 0 0 0 0 0 0 0 0 0 0 0 0 0 0 0 0 0 0 0 0 0 0 0 0 0 0 0 0 0 0 0 0 0 0 0 0 0 0 0 0 0 0 0 0 0 0 0 0 0 0 0 0 0 0 0 0 0 0 0 0 0 0 0 0 0 0 0 0 0 0 0 0 0 0 0 0 0 0 0 0 0 0 0 0 0 0 0 0 0 0 0 0 0 0 0 0 0 0 0 0 0 0 0 0 0 0 0 0 0 0 0 0 0 0 0 0 0 0 0 0 0 0 0 0 0 0 0 0 0 0 0 0 0 0 0 0 0 0 0 0 0 0 0 0 0 0 0 0 0 0 0 0 0 0 0 0 0 0 0 0 0 0 0 0 0 0 0 0 0 0 0 0 0 0 0 0 0 0 0 0 0 0 0 0 0 0 0 0 0 0 0 0 0 0 0 0 0 0 0 0 0 0 0 0 0 0 0 0 0 0 0 0 0 0 0 0 0 0 0 0 0 0 0 0 0 0 0 0 0 0 0 0 0 0 0 0 0 0 0 0 0 0 0 0 0 0 0 0 0 0 0 0 0 0 0 0 0 0 0 0 0 0 0 0 0 0 0 0 0 0 0 0 0 0 0 0 0 0 0 0 0 0 0 0 0 0 0 0 0 0 0 0 0 0 0 0 0 0 0 0 0 0 0 0 0 0 0 0 0 0 0 0 0 0 0 0 0 0 0 0 0 0 0 0 0 0 0 0 0 0 0 0 0 0 0 0 0 0 0 0 0 0 0 0 0 0 0 0 0 0 0 0 0 0 0 0 0 0 0 0 0 0 0 0 0 0 0 0 0 0 0 0 0 0 0 0 0 0 0 0 0 0 0 0 0 0 0 0 0 0 0 0 0 0 0 0 0 0 0 0 0 0 0 0 0 0 0 0 0 0 0 0 0 0 0 0 0 0 0 0 0 0 0 0 0 0 0 0 0 0 0 0 0 0 0 0 0 0 0 0 0 0 0 0 0 0 0 0 0 0 0 0 0 0 0 0 0 0 0 0 0 0 0 0 0 0 0 0 0 0 0 0 0 0 0 0 0 0 0 0 0 0 0 0 0 0 0 0 0 0 0 0 0 0 0 0 0 0 0 0 0 0 0 0 0 0 0 0 0 0 0 0 0 0 0 0 0 0 0 0 0 0 0 0 0 0 0 0 0 0 0 0 0 0 0 0 0 0 0 0 0 0 0 0 0 0 0 0 0 0 0 0 0 0 0 0 0 0 0 0 0 0 0 0 0 0 0 0 0 0 0 0 0 0 0 0 0 0 0 0 0 0 0 0 0 0 0 0 0 0 0 0 0 0 0 0 0 0 0 0 0 0 0 0 0 0 0 0 0 0 0 0 0 0 0 0 0 0 0 0 0 0 0 0 0 0 0 0 0 0 0 0 0 0 0 0 0 0 0 0 0 0 0 0 0 0 0 0 0 0 0 0 0 0 0 0 0 0 0 0 0 0 0 0 0 0 0 0 0 0 0 0 0 0 0 0 0 0 0 0 0 0 0 0 0 0 0 0 0 0 0 0 0 0 0 0 0 0 0 0 0 0 0 0 0 0 0 0 0 0 0 0 0 0 0 0 0 0 0 0 0 0 0 0 0 0 0 0 0 0 0 0 0 0 0 0 0 0 0 0 0 0 0 0 0 0 0 0 0 0 0 0 0 0 0 0 0 0 0 0 0 0 0 0 0 0 0 0 0 0 0 0 0 0 0 0 0 0 0 0 0 0 0 0 0 0 0 0 0 0 0 0 0 0 0 0 0 0 0 0 0 0 0 0 0 0 0 0 0 0 0 0 0 0 0 0 0 0 0 0 0 0 0 0 0 0 0 0 0 0 0 0 0 0 0 0 0 0 0 0 0 0 0 0 0 0 0 0 0 0 0 0 0 0 0 0 0 0 0 0 0 0 0 0 0 0 0 0 0 0 0 0 0 0 0 0 0 0 0 0 0 0 0 0 0 0 0 0 0 0 0 0 0 0 0 0 0 0 0 0 0 0 0 0 0 0 0 0 0 0 0 0 0 0 0 0 0 0 0 0 0 0 0 0 0 0 0 0 0 0 0 0 0 0 0 0 0 0 0 0 0 0 0 0 0 0 0 0 0 0 0 0 0 0 0 0 0 0 0 0 0 0 0 0 0 0 0 0 0 0 0 0 0 0 0 0 0 0 0 0 0 0 0 0 0 0 0 0 0 0 0 0 0 0 0 0 0 0 0 0 0 0 0 0 0 0 0 0 0 0 0 0 0 0 0 0 0 0 0 0 0 0 0 0 0 0 0 0 0 0 0 0 0 0 0 0 0 0 0 0 0 0 0 0 0 0 0 0 0 0 0 0 0 0 0 0 0 0 0 0 0 0 0 0 0 0 0 0 0 0 0 0 0 0 0 0 0 0 0 0 0 0 0 0 0 0 0 0 0 0 0 0 0 0 0 0 0 0 0 0 0 0 0 0 0 0 0 0 0 0 0 0 0 0 0 0 0 0 0 0 0 0 0 0 0 0 0 0 0 0 0 0 0 0 0 0 0 0 0 0 0 0 0 0 0 0 0 0 0 0 0 0 0 0 0 0 0 0 0 0 0 0 0 0 0 0 0 0 0 0 0 0 0 0 0 0 0 0 0 0 0 0 0 0 0 0 0 0 0 0 0 0 0 0 0 0 0 0 0 0 0 0 0 0 0 0 0 0 0 0 0 0 0 0 0 0 0 0 0 0 0 0 0 0 0 0 0 0 0 0 0 0 0 0 0 0 0 0 0 0 0 0 0 0 0 0 0 0 0 0 0 0 0 0 0 0 0 0 0 0 0 0 0 0 0 0 0 0 0 0 0 0 0 0 0 0 0 0 0 0 0 0 0 0 0 0 0 0 0 0 0 0 0 0 0 0 0 0 0 0 0 0 0 0 0 0 0 0 0 0 0 0 0 0 0 0 0 0 0 0 0 0 0 0 0 0 0 0 0 0 0 0 0 0 0 0 0 0 0 0 0 0 0 0 0 0 0 0 0 0 0 0 0 0 0 0 0 0 0 0 0 0 0 0 0 0 0 0 0 0 0 0 0 0 0 0 0 0 0 0 0 0 0 0 0 0 0 0 0 0 0 0 0 0 0 0 0 0 0 0 0 0 0 0 0 0 0 0 0 0 0 0 0 0 0 0 0 0 0 0 0 0 0 0 0 0 0 0 0 0 0 0 0 0 0 0 0 0 0 0 0 0 0 0 0 0 0 0 0 0 0 0 0 0 0 0 0 0 0 0 0 0 0 0 0 0 0 0 0 0 0 0 0 0 0 0 0 0 0 0 0 0 0 0 0 0 0 0 0 0 0 0 0 0 0 0 0 0 0 0 0 0 0 0 0 0 0 0 0 0 0 0 0 0 0 0 0 0 0 0 0 0 0 0 0 0 0 0 0 0 0 0 0 0 0 0 0 0 0 0 0 0 0 0 0 0 0 0 0 0 0 0 0 0 0 0 0 0 0 0 0 0 0 0 0 0 0 0 0 0 0 0 0 0 0 0 0 0 0 0 0 0 0 0 0 0 0 0 0 0 0 0 0 0 0 0 0 0 0 0 0 0 0 0 0 0 0 0 0 0 0 0 0 0 0 0 0 0 0 0 0 0 0 0 0 0 0 0 0 0 0 0 0 0 0 0 0 0 0 0 0 0 0 0 0 0 0 0 0 0 0 0 0 0 0 0 0 0 0 0 0 0 0 0 0 0 0 0 0 0 0 0 0 0 0 0 0 0 0 0 0 0 0 0 0 0 0 0 0 0 0 0 0 0 0 0 0 0 0 0 0 0 0 0 0 0 0 0 0 0 0 0 0 0 0 0 0 0 0 0 0 0 0 0 0 0 0 0 0 0 0 0 0 0 0 0 0 0 0 0 0 0 0 0 0 0 0 0 0 0 0 0 0 0 0 0 0 0 0 0 0 0 0 0 0 0 0 0 0 0 0 0 0 0 0 0 0 0 0 0 0 0 0 0 0 0 0 0 0 0 0 0 0 0 0 0 0 0 0 0 0 0 0 0 0 0 0 0 0 0 0 0 0 0 0 0 0 0 0 0 0 0 0 0 0 0 0 0 0 0 0 0 0 0 0 0 0 0 0 0 0 0 0 0 0 0 0 0 0 0 0 0 0 0 0 0 0 0 0 0 0 0 0 0 0 0 0 0 0 0 0 0 0 0 0 0 0 0 0 0 0 0 0 0 0 0 0 0 0 0 0 0 0 0 0 0 0 0 0 0 0 0 0 0 0 0 0 0 0 0 0 0 0 0 0 0 0 0 0 0 0 0 0 0 0 0 0 0 0 0 0 0 0 0 0 0 0 0 0 0 0 0 0 0 0 0 0 0 0 0 0 0 0 0 0 0 0 0 0 0 0 0 0 0 0 0 0 0 0 0 0 0 0 0 0 0 0 0 0 0 0 0 0 0 0 0 0 0 0 0 0 0 0 0 0 0 0 0 0 0 0 0 0 0 0 0 0 0 0 0 0 0 0 0 0 0 0 0 0 0 0 0 0 0 0 0 0 0 0 0 0 0 0 0 0 0 0 0 0 0 0 0 0 0 0 0 0 0 0 0 0 0 0 0 0 0 0 0 0 0 0 0 0 0 0 0 0 0 0 0 0 0 0 0 0 0 0 0 0 0 0 0 0 0 0 0 0 0 0 0 0 0 0 0 0 0 0 0 0 0 0 0 0 0 0 0 0 0 0 0 0 0 0 0 0 0 0 0 0 0 0 0 0 0 0 0 0 0 0 0 0 0 0 0 0 0 0 0 0 0 0 0 0 0 0 0 0 0 0 0 0 0 0 0 0 0 0 0 0 0 0 0 0 0 0 0 0 0 0 0 0 0 0 0 0 0 0 0 0 0 0 0 0 0 0 0 0 0 0 0 0 0 0 0 0 0 0 0 0 0 0 0 0 0 0 0 0 0 0 0 0 0 0 0 0 0 0 0 0 0 0 0 0 0 0 0 0 0 0 0 0 0 0 0 0 0 0 0 0 0 0 0 0 0 0 0 0 0 0 0 0 0 0 0 0 0 0 0 0 0 0 0 0 0 0 0 0 0 0 0 0 0 0 0 0 0 0 0 0 0 0 0 0 0 0 0 0 0 0 0 0 0 0 0 0 0 0 0 0 0 0 0 0 0 0 0 0 0 0 0 0 0 0 0 0 0 0 0 0 0 0 0 0 0 0 0 0 0 0 0 0 0 0 0 0 0 0 0 0 0 0 0 0 0 0 0 0 0 0 0 0 0 0 0 0 0 0 0 0 0 0 0 0 0 0 0 0 0 0 0 0 0 0 0 0 0 0 0 0 0 0 0 0 0 0 0 0 0 0 0 0 0 0 0 0 0 0 0 0 0 0 0 0 0 0 0 0 0 0 0 0 0 0 0 0 0 0 0 0 0 0 0 0 0 0 0 0 0 0 0 0 0 0 0 0 0 0 0 0 0 0 0 0 0 0 0 0 0 0 0 0 0 0 0 0 0 0 0 0 0 0 0 0 0 0 0 0 0 0 0 0 0 0 0 0 0 0 0 0 0 0 0 0 0 0 0 0 0 0 0 0 0 0 0 0 0 0 0 0 0 0 0 0 0 0 0 0 0 0 0 0 0 0 0 0 0 0 0 0 0 0 0 0 0 0 0 0 0 0 0 0 0 0 0 0 0 0 0 0 0 0 0 0 0 0 0 0 0 0 0 0 0 0 0 0 0 0 0 0 0 0 0 0 0 0 0 0 0 0 0 0 0 0 0 0 0 0 0 0 0 0 0 0 0 0 0 0 0 0 0 0 0 0 0 0 0 0 0 0 0 0 0 0 0 0 0 0 0 0 0 0 0 0 0 0 0 0 0 0 0 0 0 0 0 0 0 0 0 0 0 0 0 0 0 0 0 0 0 0 0 0 0 0 0 0 0 0 0 0 0 0 0 0 0 0 0 0 0 0 0 0 0 0 0 0 0 0 0 0 0 0 0 0 0 0 0 0 0 0 0 0 0 0 0 0 0 0 0 0 0 0 0 0 0 0 0 0 0 0 0 0 0 0 0 0 0 0 0 0 0 0 0 0 0 0 0 0 0 0 0 0 0 0 0 0 0 0 0 0 0 0 0 0 0 0 0 0 0 0 0 0 0 0 0 0 0 0 0 0 0 0 0 0 0 0 0 0 0 0 0 0 0 0 0 0 0 0 0 0 0 0 0 0 0 0 0 0 0 0 0 0 0 0 0 0 0 0 0 0 0 0 0 0 0 0 0 0 0 0 0 0 0 0 0 0 0 0 0 0 0 0 0 0 0 0 0 0 0 0 0 0 0 0 0 0 0 0 0 0 0 0 0 0 0 0 0 0 0 0 0 0 0 0 0 0 0 0 0 0 0 0 0 0 0 0 0 0 0 0 0 0 0 0 0 0 0 0 0 0 0 0 0 0 0 0 0 0 0 0 0 0 0 0 0 0 0 0 0 0 0 0 0 0 0 0 0 0 0 0 0 0 0 0 0 0 0 0 0 0 0 0 0 0 0 0 0 0 0 0 0 0 0 0 0 0 0 0 0 0 0 0 0 0 0 0 0 0 0 0 0 0 0 0 0 0 0 0 0 0 0 0 0 0 0 0 0 0 0 0 0 0 0 0 0 0 0 0 0 0 0 0 0 0 0 0 0 0 0 0 0 0 0 0 0 0 0 0 0 0 0 0 0 0 0 0 0 0 0 0 0 0 0 0 0 0 0 0 0 0 0 0 0 0 0 0 0 0 0 0 0 0 0 0 0 0 0 0 0 0 0 0 0 0 0 0 0 0 0 0 0 0 0 0 0 0 0 0 0 0 0 0 0 0 0 0 0 0 0 0 0 0 0 0 0 0 0 0 0 0 0 0 0 0 0 0 0 0 0 0 0 0 0 0 0 0 0 0 0 0 0 0 0 0 0 0 0 0 0 0 0 0 0 0 0 0 0 0 0 0 0 0 0 0 0 0 0 0 0 0 0 0 0 0 0 0 0 0 0 0 0 0 0 0 0 0 0 0 0 0 0 0 0 0 0 0 0 0 0 0 0 0 0 0 0 0 0 0 0 0 0 0 0 0 0 0 0 0 0 0 0 0 0 0 0 0 0 0 0 0 0 0 0 0 0 0 0 0 0 0 0 0 0 0 0 0 0 0 0 0 0 0 0 0 0 0 0 0 0 0 0 0 0 0 0 0 0 0 0 0 0 0 0 0 0 0 0 0 0 0 0 0 0 0 0 0 0 0 0 0 0 0 0 0 0 0 0 0 0 0 0 0 0 0 0 0 0 0 0 0 0 0 0 0 0 0 0 0 0 0 0 0 0 0 0 0 0 0 0 0 0 0 0 0 0 0 0 0 0 0 0 0 0 0 0 0 0 0 0 0 0 0 0 0 0 0 0 0 0 0 0 0 0 0 0 0 0 0 0 0 0 0 0 0 0 0 0 0 0 0 0 0 0 0 0 0 0 0 0 0 0 0 0 0 0 0 0 0 0 0 0 0 0 0 0 0 0 0 0 0 0 0 0 0 0 0 0 0 0 0 0 0 0 0 0 0 0 0 0 0 0 0 0 0 0 0 0 0 0 0 0 0 0 0 0 0 0 0 0 0 0 0 0 0 0 0 0 0 0 0 0 0 0 0 0 0 0 0 0 0 0 0 0 0 0 0 0 0 0 0 0 0 0 0 0 0 0 0 0 0 0 0 0 0 0 0 0 0 0 0 0 0 0 0 0 0 0 0 0 0 0 0 0 0 0 0 0 0 0 0 0 0 0 0 0 0 0 0 0 0 0 0 0 0 0 0 0 0 0 0 0 0 0 0 0 0 0 0 0 0 0 0 0 0 0 0 0 0 0 0 0 0 0 0 0 0 0 0 0 0 0 0 0 0 0 0 0 0 0 0 0 0 0 0 0 0 0 0 0 0 0 0 0 0 0 0 0 0 0 0 0 0 0 0 0 0 0 0 0 0 0 0 0 0 0 0 0 0 0 0 0 0 0 0 0 0 0 0 0 0 0 0 0 0 0 0 0 0 0 0 0 0 0 0 0 0 0 0 0 0 0 0 0 0 0 0 0 0 0 0 0 0 0 0 0 0 0 0 0 0 0 0 0 0 0 0 0 0 0 0 0 0 0 0 0 0 0 0 0 0 0 0 0 0 0 0 0 0 0 0 0 0 0 0 0 0 0 0 0 0 0 0 0 0 0 0 0 0 0 0 0 0 0 0 0 0 0 0 0 0 0 0 0 0 0 0 0 0 0 0 0 0 0 0 0 0 0 0 0 0 0 0 0 0 0 0 0 0 0 0 0 0 0 0 0 0 0 0 0 0 0 0 0 0 0 0 0 0 0 0 0 0 0 0 0 0 0 0 0 0 0 0 0 0 0 0 0 0 0 0 0 0 0 0 0 0 0 0 0 0 0 0 0 0 0 0 0 0 0 0 0 0 0 0 0 0 0 0 0 0 0 0 0 0 0 0 0 0 0 0 0 0 0 0 0 0 0 0 0 0 0 0 0 0 0 0 0 0 0 0 0 0 0 0 0 0 0 0 0 0 0 0 0 0 0 0 0 0 0 0 0 0 0 0 0 0 0 0 0 0 0 0 0 0 0 0 0 0 0 0 0 0 0 0 0 0 0 0 0 0 0 0 0 0 0 0 0 0 0 0 0 0 0 0 0 0 0 0 0 0 0 0 0 0 0 0 0 0 0 0 0 0 0 0 0 0 0 0 0 0 0 0 0 0 0 0 0 0 0 0 0 0 0 0 0 0 0 0 0 0 0 0 0 0 0 0 0 0 0 0 0 0 0 0 0 0 0 0 0 0 0 0 0 0 0 0 0 0 0 0 0 0 0 0 0 0 0 0 0 0 0 0 0 0 0 0 0 0 0 0 0 0 0 0 0 0 0 0 0 0 0 0 0 0 0 0 0 0 0 0 0 0 0 0 0 0 0 0 0 0 0 0 0 0 0 0 0 0 0 0 0 0 0 0 0 0 0 0 0 0 0 0 0 0 0 0 0 0 0 0 0 0 0 0 0 0 0 0 0 0 0 0 0 0 0 0 0 0 0 0 0 0 0 0 0 0 0 0 0 0 0 0 0 0 0 0 0 0 0 0 0 0 0 0 0 0 0 0 0 0 0 0 0 0 0 0 0 0 0 0 0 0 0 0 0 0 0 0 0 0 0 0 0 0 0 0 0 0 0 0 0 0 0 0 0 0 0 0 0 0 0 0 0 0 0 0 0 0 0 0 0 0 0 0 0 0 0 0 0 0 0 0 0 0 0 0 0 0 0 0 0 0 0 0 0 0 0 0 0 0 0 0 0 0 0 0 0 0 0 0 0 0 0 0 0 0 0 0 0 0 0 0 0 0 0 0 0 0 0 0 0 0 0 0 0 0 0 0 0 0 0 0 0 0 0 0 0 0 0 0 0 0 0 0 0 0 0 0 0 0 0 0 0 0 0 0 0 0 0 0 0 0 0 0 0 0 0 0 0 0 0 0 0 0 0 0 0 0 0 0 0 0 0 0 0 0 0 0 0 0 0 0 0 0 0 0 0 0 0 0 0 0 0 0 0 0 0 0 0 0 0 0 0 0 0 0 0 0 0 0 0 0 0 0 0 0 0 0 0 0 0 0 0 0 0 0 0 0 0 0 0 0 0 0 0 0 0 0 0 0 0 0 0 0 0 0 0 0 0 0 0 0 0 0 0 0 0 0 0 0 0 0 0 0 0 0 0 0 0 0 0 0 0 0 0 0 0 0 0 0 0 0 0 0 0 0 0 0 0 0 0 0 0 0 0 0 0 0 0 0 0 0 0 0 0 0 0 0 0 0 0 0 0 0 0 0 0 0 0 0 0 0 0 0 0 0 0 0 0 0 0 0 0 0 0 0 0 0 0 0 0 0 0 0 0 0 0 0 0 0 0 0 0 0 0 0 0 0 0 0 0 0 0 0 0 0 0 0 0 0 0 0 0 0 0 0 0 0 0 0 0 0 0 0 0 0 0 0 0 0 0 0 0 0 0 0 0 0 0 0 0 0 0 0 0 0 0 0 0 0 0 0 0 0 0 0 0 0 0 0 0 0 0 0 0 0 0 0 0 0 0 0 0 0 0 0 0 0 0 0 0 0 0 0 0 0 0 0 0 0 0 0 0 0 0 0 0 0 0 0 0 0 0 0 0 0 0 0 0 0 0 0 0 0 0 0 0 0 0 0 0 0 0 0 0 0 0 0 0 0 0 0 0 0 0 0 0 0 0 0 0 0 0 0 0 0 0 0 0 0 0 0 0 0 0 0 0 0 0 0 0 0 0 0 0 0 0 0 0 0 0 0 0 0 0 0 0 0 0 0 0 0 0 0 0 0 0 0 0 0 0 0 0 0 0 0 0 0 0 0 0 0 0 0 0 0 0 0 0 0 0 0 0 0 0 0 0 0 0 0 0 0 0 0 0 0 0 0 0 0 0 0 0 0 0 0 0 0 0 0 0 0 0 0 0 0 0 0 0 0 0 0 0 0 0 0 0 0 0 0 0 0 0 0 0 0 0 0 0 0 0 0 0 0 0 0 0 0 0 0 0 0 0 0 0 0 0 0 0 0 0 0 0 0 0 0 0 0 0 0 0 0 0 0 0 0 0 0 0 0 0 0 0 0 0 0 0 0 0 0 0 0 0 0 0 0 0 0 0 0 0 0 0 0 0 0 0 0 0 0 0 0 0 0 0 0 0 0 0 0 0 0 0 0 0 0 0 0 0 0 0 0 0 0 0 0 0 0 0 0 0 0 0 0 0 0 0 0 0 0 0 0 0 0 0 0 0 0 0 0 0 0 0 0 0 0 0 0 0 0 0 0 0 0 0 0 0 0 0 0 0 0 0 0 0 0 0 0 0 0 0 0 0 0 0 0 0 0 0 0 0 0 0 0 0 0 0 0 0 0 0 0 0 0 0 0 0 0 0 0 0 0 0 0 0 0 0 0 0 0 0 0 0 0 0 0 0 0 0 0 0 0 0 0 0 0 0 0 0 0 0 0 0 0 0 0 0 0 0 0 0 0 0 0 0 0 0 0 0 0 0 0 0 0 0 0 0 0 0 0 0 0 0 0 0 0 0 0 0 0 0 0 0 0 0 0 0 0 0 0 0 0 0 0 0 0 0 0 0 0 0 0 0 0 0 0 0 0 0 0 0 0 0 0 0 0 0 0 0 0 0 0 0 0 0 0 0 0 0 0 0 0 0 0 0 0 0 0 0 0 0 0 0 0 0 0 0 0 0 0 0 0 0 0 0 0 0 0 0 0 0 0 0 0 0 0 0 0 0 0 0 0 0 0 0 0 0 0 0 0 0 0 0 0 0 0 0 0 0 0 0 0 0 0 0 0 0 0 0 0 0 0 0 0 0 0 0 0 0 0 0 0 0 0 0 0 0 0 0 0 0 0 0 0 0 0 0 0 0 0 0 0 0 0 0 0 0 0 0 0 0 0 0 0 0 0 0 0 0 0 0 0 0 0 0 0 0 0 0 0 0 0 0 0 0 0 0 0 0 0 0 0 0 0 0 0 0 0 0 0 0 0 0 0 0 0 0 0 0 0 0 0 0 0 0 0 0 0 0 0 0 0 0 0 0 0 0 0 0 0 0 0 0 0 0 0 0 0 0 0 0 0 0 0 0 0 0 0 0 0 0 0 0 0 0 0 0 0 0 0 0 0 0 0 0 0 0 0 0 0 0 0 0 0 0 0 0 0 0 0 0 0 0 0 0 0 0 0 0 0 0 0 0 0 0 0 0 0 0 0 0 0 0 0 0 0 0 0 0 0 0 0 0 0 0 0 0 0 0 0 0 0 0 0 0 0 0 0 0 0 0 0 0 0 0 0 0 0 0 0 0 0 0 0 0 0 0 0 0 0 0 0 0 0 0 0 0 0 0 0 0 0 0 0 0 0 0 0 0 0 0 0 0 0 0 0 0 0 0 0 0 0 0 0 0 0 0 0 0 0 0 0 0 0 0 0 0 0 0 0 0 0 0 0 0 0 0 0 0 0 0 0 0 0 0 0 0 0 0 0 0 0 0 0 0 0 0 0 0 0 0 0 0 0 0 0 0 0 0 0 0 0 0 0 0 0 0 0 0 0 0 0 0 0 0 0 0 0 0 0 0 0 0 0 0 0 0 0 0 0 0 0 0 0 0 0 0 0 0 0 0 0 0 0 0 0 0 0 0 0 0 0 0 0 0 0 0 0 0 0 0 0 0 0 0 0 0 0 0 0 0 0 0 0 0 0 0 0 0 0 0 0 0 0 0 0 0 0 0 0 0 0 0 0 0 0 0 0 0 0 0 0 0 0 0 0 0 0 0 0 0 0 0 0 0 0 0 0 0 0 0 0 0 0 0 0 0 0 0 0 0 0 0 0 0 0 0 0 0 0 0 0 0 0 0 0 0 0 0 0 0 0 0 0 0 0 0 0 0 0 0 0 0 0 0 0 0 0 0 0 0 0 0 0 0 0 0 0 0 0 0 0 0 0 0 0 0 0 0 0 0 0 0 0 0 0 0 0 0 0 0 0 0 0 0 0 0 0 0 0 0 0 0 0 0 0 0 0 0 0 0 0 0 0 0 0 0 0 0 0 0 0 0 0 0 0 0 0 0 0 0 0 0 0 0 0 0 0 0 0 0 0 0 0 0 0 0 0 0 0 0 0 0 0 0 0 0 0 0 0 0 0 0 0 0 0 0 0 0 0 0 0 0 0 0 0 0 0 0 0 0 0 0 0 0 0 0 0 0 0 0 0 0 0 0 0 0 0 0 0 0 0 0 0 0 0 0 0 0 0 0 0 0 0 0 0 0 0 0 0 0 0 0 0 0 0 0 0 0 0 0 0 0 0 0 0 0 0 0 0 0 0 0 0 0 0 0 0 0 0 0 0 0 0 0 0 0 0 0 0 0 0 0 0 0 0 0 0 0 0 0 0 0 0 0 0 0 0 0 0 0 0 0 0 0 0 0 0 0 0 0 0 0 0 0 0 0 0 0 0 0 0 0 0 0 0 0 0 0 0 0 0 0 0 0 0 0 0 0 0 0 0 0 0 0 0 0 0 0 0 0 0 0 0 0 0 0 0 0 0 0 0 0 0 0 0 0 0 0 0 0 0 0 0 0 0 0 0 0 0 0 0 0 0 0 0 0 0 0 0 0 0 0 0 0 0 0 0 0 0 0 0 0 0 0 0 0 0 0 0 0 0 0 0 0 0 0 0 0 0 0 0 0 0 0 0 0 0 0 0 0 0 0 0 0 0 0 0 0 0 0 0 0 0 0 0 0 0 0 0 0 0 0 0 0 0 0 0 0 0 0 0 0 0 0 0 0 0 0 0 0 0 0 0 0 0 0 0 0 0 0 0 0 0 0 0 0 0 0 0 0 0 0 0 0 0 0 0 0 0 0 0 0 0 0 0 0 0 0 0 0 0 0 0 0 0 0 0 0 0 0 0 0 0 0 0 0 0 0 0 0 0 0 0 0 0 0 0 0 0 0 0 0 0 0 0 0 0 0 0 0 0 0 0 0 0 0 0 0 0 0 0 0 0 0 0 0 0 0 0 0 0 0 0 0 0 0 0 0 0 0 0 0 0 0 0 0 0 0 0 0 0 0 0 0 0 0 0 0 0 0 0 0 0 0 0 0 0 0 0 0 0 0 0 0 0 0 0 0 0 0 0 0 0 0 0 0 0 0 0 0 0 0 0 0 0 0 0 0 0 0 0 0 0 0 0 0 0 0 0 0 0 0 0 0 0 0 0 0 0 0 0 0 0 0 0 0 0 0 0 0 0 0 0 0 0 0 0 0 0 0 0 0 0 0 0 0 0 0 0 0 0 0 0 0 0 0 0 0 0 0 0 0 0 0 0 0 0 0 0 0 0 0 0 0 0 0 0 0 0 0 0 0 0 0 0 0 0 0 0 0 0 0 0 0 0 0 0 0 0 0 0 0 0 0 0 0 0 0 0 0 0 0 0 0 0 0 0 0 0 0 0 0 0 0 0 0 0 0 0 0 0 0 0 0 0 0 0 0 0 0 0 0 0 0 0 0 0 0 0 0 0 0 0 0 0 0 0 0 0 0 0 0 0 0 0 0 0 0 0 0 0 0 0 0 0 0 0 0 0 0 0 0 0 0 0 0 0 0 0 0 0 0 0 0 0 0 0 0 0 0 0 0 0 0 0 0 0 0 0 0 0 0 0 0 0 0 0 0 0 0 0 0 0 0 0 0 0 0 0 0 0 0 0 0 0 0 0 0 0 0 0 0 0 0 0 0 0 0 0 0 0 0 0 0 0 0 0 0 0 0 0 0 0 0 0 0 0 0 0 0 0 0 0 0 0 0 0 0 0 0 0 0 0 0 0 0 0 0 0 0 0 0 0 0 0 0 0 0 0 0 0 0 0 0 0 0 0 0 0 0 0 0 0 0 0 0 0 0 0 0 0 0 0 0 0 0 0 0 0 0 0 0 0 0 0 0 0 0 0 0 0 0 0 0 0 0 0 0 0 0 0 0 0 0 0 0 0 0 0 0 0 0 0 0 0 0 0 0 0 0 0 0 0 0 0 0 0 0 0 0 0 0 0 0 0 0 0 0 0 0 0 0 0 0 0 0 0 0 0 0 0 0 0 0 0 0 0 0 0 0 0 0 0 0 0 0 0 0 0 0 0 0 0 0 0 0 0 0 0 0 0 0 0 0 0 0 0 0 0 0 0 0 0 0 0 0 0 0 0 0 0 0 0 0 0 0 0 0 0 0 0 0 0 0 0 0 0 0 0 0 0 0 0 0 0 0 0 0 0 0 0 0 0 0 0 0 0 0 0 0 0 0 0 0 0 0 0 0 0 0 0 0 0 0 0 0 0 0 0 0 0 0 0 0 0 0 0 0 0 0 0 0 0 0 0 0 0 0 0 0 0 0 0 0 0 0 0 0 0 0 0 0 0 0 0 0 0 0 0 0 0 0 0 0 0 0 0 0 0 0 0 0 0 0 0 0 0 0 0 0 0 0 0 0 0 0 0 0 0 0 0 0 0 0 0 0 0 0 0 0 0 0 0 0 0 0 0 0 0 0 0 0 0 0 0 0 0 0 0 0 0 0 0 0 0 0 0 0 0 0 0 0 0 0 0 0 0 0 0 0 0 0 0 0 0 0 0 0 0 0 0 0 0 0 0 0 0 0 0 0 0 0 0 0 0 0 0 0 0 0 0 0 0 0 0 0 0 0 0 0 0 0 0 0 0 0 0 0 0 0 0 0 0 0 0 0 0 0 0 0 0 0 0 0 0 0 0 0 0 0 0 0 0 0 0 0 0 0 0 0 0 0 0 0 0 0 0 0 0 0 0 0 0 0 0 0 0 0 0 0 0 0 0 0 0 0 0 0 0 0 0 0 0 0 0 0 0 0 0 0 0 0 0 0 0 0 0 0 0 0 0 0 0 0 0 0 0 0 0 0 0 0 0 0 0 0 0 0 0 0 0 0 0 0 0 0 0 0 0 0 0 0 0 0 0 0 0 0 0 0 0 0 0 0 0 0 0 0 0 0 0 0 0 0 0 0 0 0 0 0 0 0 0 0 0 0 0 0 0 0 0 0 0 0 0 0 0 0 0 0 0 0 0 0 0 0 0 0 0 0 0 0 0 0 0 0 0 0 0 0 0 0 0 0 0 0 0 0 0 0 0 0 0 0 0 0 0 0 0 0 0 0 0 0 0 0 0 0 0 0 0 0 0 0 0 0 0 0 0 0 0 0 0 0 0 0 0 0 0 0 0 0 0 0 0 0 0 0 0 0 0 0 0 0 0 0 0 0 0 0 0 0 0 0 0 0 0 0 0 0 0 0 0 0 0 0 0 0 0 0 0 0 0 0 0 0 0 0 0 0 0 0 0 0 0 0 0 0 0 0 0 0 0 0 0 0 0 0 0 0 0 0 0 0 0 0 0 0 0 0 0 0 0 0 0 0 0 0 0 0 0 0 0 0 0 0 0 0 0 0 0 0 0 0 0 0 0 0 0 0 0 0 0 0 0 0 0 0 0 0 0 0 0 0 0 0 0 0 0 0 0 0 0 0 0 0 0 0 0 0 0 0 0 0 0 0 0 0 0 0 0 0 0 0 0 0 0 0 0 0 0 0 0 0 0 0 0 0 0 0 0 0 0 0 0 0 0 0 0 0 0 0 0 0 0 0 0 0 0 0 0 0 0 0 0 0 0 0 0 0 0 0 0 0 0 0 0 0 0 0 0 0 0 0 0 0 0 0 0 0 0 0 0 0 0 0 0 0 0 0 0 0 0 0 0 0 0 0 0 0 0 0 0 0 0 0 0 0 0 0 0 0 0 0 0 0 0 0 0 0 0 0 0 0 0 0 0 0 0 0 0 0 0 0 0 0 0 0 0 0 0 0 0 0 0 0 0 0 0 0 0 0 0 0 0 0 0 0 0 0 0 0 0 0 0 0 0 0 0 0 0 0 0 0 0 0 0 0 0 0 0 0 0 0 0 0 0 0 0 0 0 0 0 0 0 0 0 0 0 0 0 0 0 0 0 0 0 0 0 0 0 0 0 0 0 0 0 0 0 0 0 0 0 0 0 0 0 0 0 0 0 0 0 0 0 0 0 0 0 0 0 0 0 0 0 0 0 0 0 0 0 0 0 0 0 0 0 0 0 0 0 0 0 0 0 0 0 0 0 0 0 0 0 0 0 0 0 0 0 0 0 0 0 0 0 0 0 0 0 0 0 0 0 0 0 0 0 0 0 0 0 0 0 0 0 0 0 0 0 0 0 0 0 0 0 0 0 0 0 0 0 0 0 0 0 0 0 0 0 0 0 0 0 0 0 0 0 0 0 0 0 0 0 0 0 0 0 0 0 0 0 0 0 0 0 0 0 0 0 0 0 0 0 0 0 0 0 0 0 0 0 0 0 0 0 0 0 0 0 0 0 0 0 0 0 0 0 0 0 0 0 0 0 0 0 0 0 0 0 0 0 0 0 0 0 0 0 0 0 0 0 0 0 0 0 0 0 0 0 0 0 0 0 0 0 0 0 0 0 0 0 0 0 0 0 0 0 0 0 0 0 0 0 0 0 0 0 0 0 0 0 0 0 0 0 0 0 0 0 0 0 0 0 0 0 0 0 0 0 0 0 0 0 0 0 0 0 0 0 0 0 0 0 0 0 0 0 0 0 0 0 0 0 0 0 0 0 0 0 0 0 0 0 0 0 0 0 0 0 0 0 0 0 0 0 0 0 0 0 0 0 0 0 0 0 0 0 0 0 0 0 0 0 0 0 0 0 0 0 0 0 0 0 0 0 0 0 0 0 0 0 0 0 0 0 0 0 0 0 0 0 0 0 0 0 0 0 0 0 0 0 0 0 0 0 0 0 0 0 0 0 0 0 0 0 0 0 0 0 0 0 0 0 0 0 0 0 0 0 0 0 0 0 0 0 0 0 0 0 0 0 0 0 0 0 0 0 0 0 0 0 0 0 0 0 0 0 0 0 0 0 0 0 0 0 0 0 0 0 0 0 0 0 0 0 0 0 0 0 0 0 0 0 0 0 0 0 0 0 0 0 0 0 0 0 0 0 0 0 0 0 0 0 0 0 0 0 0 0 0 0 0 0 0 0 0 0 0 0 0 0 0 0 0 0 0 0 0 0 0 0 0 0 0 0 0 0 0 0 0 0 0 0 0 0 0 0 0 0 0 0 0 0 0 0 0 0 0 0 0 0 0 0 0 0 0 0 0 0 0 0 0 0 0 0 0 0 0 0 0 0 0 0 0 0 0 0 0 0 0 0 0 0 0 0 0 0 0 0 0 0 0 0 0 0 0 0 0 0 1 1 1 1 1 1 1 1 1 1 1 1 1 1 1 1 1 1 1 1 1 1 1 1 1 1 1 1 1 1 1 1 1 1 1 1 1 1 1 1 1 1 1 1 1 1 1 1 1 1 1 1 1 1 1 1 1 1 1 1 1 1 1 1 1 1 1 1 1 1 1 1 1 1 1 1 1 1 1 1 1 1 1 1 1 1 1 1 1 1 1 1 1 1 1 1 1 1 1 1 1 1 1 1 1 1 1 1 1 1 1 1 1 1 1 1 1 1 1 1 1 1 1 1 1 1 1 1 1 1 1 1 1 1 1 1 1 1 1 1 1 1 1 1 1 1 1 1 1 1 1 1 1 1 1 1 1 1 1 1 1 1 1 1 1 1 1 1 1 1 1 1 1 1 1 1 1 1 1 1 1 1 1 1 1 1 1 1 1 1 1 1 1 1 1 1 1 1 1 1 1 1 1 1 1 1 1 1 1 1 1 1 1 1 1 1 1 1 1 1 1 1 1 1 1 1 1 1 1 1 1 1 1 1 1 1 1 1 1 1 1 1 1 1 1 1 1 1 1 1 1 1 1 1 1 1 1 1 1 1 1 1 1 1 1 1 1 1 1 1 1 1 1 1 1 1 1 1 1 1 1 1 1 1 1 1 1 1 1 1 1 1 1 1 1 1 1 1 1 1 1 1 1 1 1 1 1 1 1 1 1 1 1 1 1 1 1 1 1 1 1 1 1 1 1 1 1 1 1 1 1 1 1 1 1 1 1 1 1 1 1 1 1 1 1 1 1 1 1 1 1 1 1 1 1 1 1 1 1 1 1 1 1 1 1 1 1 1 1 1 1 1 1 1 1 1 1 1 1 1 1 1 1 1 1 1 1 1 1 1 1 1 1 1 1 1 1 1 1 1 1 1 1 1 1 1 1 1 1 1 1 1 1 1 1 1 1 1 1 1 1 1 1 1 1 1 1 1 1 1 1 1 1 1 1 1 1 1 1 1 1 1 1 1 1 1 1 1 1 1 1 1 1 1 1 1 1 1 1 1 1 1 1 1 1 1 1 1 1 1 1 1 1 1 1 1 1 1 1 1 1 1 1 1 1 1 1 1 1 1 1 1 1 1 1 1 1 1 1 1 1 1 1 1 1 1 1 1 1 1 1 1 1 1 1 1 1 1 1 1 1 1 1 1 1 1 1 1 1 1 1 1 1 1 1 1 1 1 1 1 1 1 1 1 1 1 1 1 1 1 1 1 1 1 1 1 1 1 1 1 1 1 1 1 1 1 1 1 1 1 1 1 1 1 1 1 1 1 1 1 1 1 1 1 1 1 1 1 1 1 1 1 1 1 1 1 1 1 1 1 1 1 1 1 1 1 1 1 1 1 1 1 1 1 1 1 1 1 1 1 1 1 1 1 1 1 1 1 1 1 1 1 1 1 1 1 1 1 1 1 1 1 1 1 1 1 1 1 1 1 1 1 1 1 1 1 1 1 1 1 1 1 1 1 1 1 1 1 1 1 1 1 1 1 1 1 1 1 1 1 1 1 1 1 1 1 1 1 1 1 1 1 1 1 1 1 1 1 1 1 1 1 1 1 1 1 1 1 1 1 1 1 1 1 1 1 1 1 1 1 1 1 1 1 1 1 1 1 1 1 1 1 1 1 1 1 1 1 1 1 1 1 1 1 1 1 1 1 1 1 1 1 1 1 1 1 1 1 1 1 1 1 1 1 1 1 0 0 0 0 0 0 0 0 0 0 0 0 0 0 0 0 0 0 0 0 0 0 0 0 0 0 0 0 0 0 0 0 0 0 0 0 0 0 0 0 0 0 0 0 0 0 0 0 0 0 0 0 0 0 0 0 0 0 0 0 0 0 0 0 0 0 0 0 0 0 0 0 0 0 0 0 0 0 0 0 0 0 0 0 0 0 0 0 0 0 0 0 0 0 0 0 0 0 0 0 0 0 0 0 0 0 0 0 0 0 0 0 0 0 0 0 0 0 0 0 0 0 0 0 0 0 0 0 0 0 0 0 0 0 0 0 0 0 0 0 0 0 0 0 0 0 0 0 0 0 0 0 0 0 0 0 0 0 0 0 0 0 0 0 0 0 0 0 0 0 0 1 1 1 1 1 1 1 1 1 1 1 1 1 1 1 1 1 1 1 1 1 1 1 1 1 1 1 1 1 1 1 1 1 1 1 1 1 1 1 1 1 1 1 1 1 1 1 1 1 1 1 1 1 1 1 1 1 1 1 1 1 1 1 1 1 1 1 1 1 1 1 1 1 1 1 1 1 1 1 1 1 1 1 1 1 1 1 1 1 1 1 1 1 1 1 1 1 1 1 1 1 1 1 1 1 1 1 1 1 1
</DataArray>
<DataArray type="Float32" Name="electron_density" format="ascii">
0.4580 0.4580 0.4580 0.4580 0.4580 0.4580 0.4580 0.4580 0.4580 0.4580 0.4580 0.4580 0.4580 0.4580 0.4580 0.4580 0.4580 0.4580 0.4580 0.4580 0.4580 0.4580 0.4580 0.4580 0.4580 0.4580 0.4580 0.4580 0.4580 0.4580 0.4580 0.4580 0.4580 0.4580 0.4580 0.4580 0.4580 0.4580 0.4580 0.4580 0.4580 0.4580 0.4580 0.4580 0.4580 0.4580 0.4580 0.4580 0.4580 0.4580 0.4580 0.4580 0.4580 0.4580 0.4580 0.4580 0.4580 0.4580 0.4580 0.4580 0.4580 0.4580 0.4580 0.4580 0.4580 0.4580 0.4580 0.4580 0.4580 0.4580 0.4580 0.4580 0.4580 0.4580 0.4580 0.4580 0.4580 0.4580 0.4580 0.4580 0.4580 0.4580 0.4580 0.4580 0.4580 0.4580 0.4580 0.4580 0.4580 0.4580 0.4580 0.4580 0.4580 0.4580 0.4580 0.4580 0.4580 0.4580 0.4580 0.4580 0.4580 0.4580 0.4580 0.4580 0.4580 0.4580 0.4580 0.4580 0.4580 0.4580 0.4580 0.4580 0.4580 0.4580 0.4580 0.4580 0.4580 0.4580 0.4580 0.4580 0.4580 0.4580 0.4580 0.4580 0.4580 0.4580 0.4580 0.4580 0.4580 0.4580 0.4580 0.4580 0.4580 0.4580 0.4580 0.4580 0.4580 0.4580 0.4580 0.4580 0.4580 0.4580 0.4580 0.4580 0.4580 0.4580 0.4580 0.4580 0.4580 0.4580 0.4580 0.4580 0.4580 0.4580 0.4580 0.4580 0.4580 0.4580 0.4580 0.4580 0.4580 0.4580 0.4580 0.4580 0.4580 0.4580 0.4580 0.4580 0.4580 0.4580 0.4580 0.4580 0.4580 0.4580 0.4580 0.4580 0.4580 0.4580 0.4580 0.4580 0.4580 0.4580 0.4580 0.4580 0.4580 0.4580 0.4580 0.4580 0.4580 0.4580 0.4580 0.4580 0.4580 0.4580 0.4580 0.4580 0.4580 0.4580 0.4580 0.4580 0.4580 0.4580 0.4580 0.4580 0.4580 0.4580 0.4580 0.4580 0.4580 0.4580 0.4580 0.4580 0.4580 0.4580 0.4580 0.4580 0.4580 0.4580 0.4580 0.4580 0.4580 0.4580 0.4580 0.4580 0.4580 0.4580 0.4580 0.4580 0.4580 0.4580 0.4580 0.4580 0.4580 0.4580 0.4580 0.4580 0.4580 0.4580 0.4580 0.4580 0.4580 0.4580 0.4580 0.4580 0.4580 0.4580 0.4580 0.4580 0.4580 0.4580 0.4580 0.4580 0.4580 0.4580 0.4580 0.4580 0.4580 0.4580 0.4580 0.4580 0.4580 0.4580 0.4580 0.4580 0.4580 0.4580 0.4580 0.4580 0.4580 0.4580 0.4580 0.4580 0.4580 0.4580 0.4580 0.4580 0.4580 0.4580 0.4580 0.4580 0.4580 0.4580 0.4580 0.4580 0.4580 0.4580 0.4580 0.4580 0.4580 0.4580 0.4580 0.4580 0.4580 0.4580 0.4580 0.4580 0.4580 0.4580 0.4580 0.4580 0.4580 0.4580 0.4580 0.4580 0.4580 0.4580 0.4580 0.4580 0.4580 0.4580 0.4580 0.4580 0.4580 0.4580 0.4580 0.4580 0.4580 0.4580 0.4580 0.4580 0.4580 0.4580 0.4580 0.4580 0.4580 0.4580 0.4580 0.4580 0.4580 0.4580 0.4580 0.4580 0.4580 0.4580 0.4580 0.4580 0.4580 0.4580 0.4580 0.4580 0.4580 0.4580 0.4580 0.4580 0.4580 0.4580 0.4580 0.4580 0.4580 0.4580 0.4580 0.4580 0.4580 0.4580 0.4580 0.4580 0.4580 0.4580 0.4580 0.4580 0.4580 0.4580 0.4580 0.4580 0.4580 0.4580 0.4580 0.4580 0.4580 0.4580 0.4580 0.4580 0.4580 0.4580 0.4580 0.4580 0.4580 0.4580 0.4580 0.4580 0.4580 0.4580 0.4580 0.4580 0.4580 0.4580 0.4580 0.4580 0.4580 0.4580 0.4580 0.4580 0.4580 0.4580 0.4580 0.4580 0.4580 0.4580 0.4580 0.4580 0.4580 0.4580 0.4580 0.4580 0.4580 0.4580 0.4580 0.4580 0.4580 0.4580 0.4580 0.4580 0.4580 0.4580 0.4580 0.4580 0.4580 0.4580 0.4580 0.4580 0.4580 0.4580 0.4580 0.4580 0.4580 0.4580 0.4580 0.4580 0.4580 0.4580 0.4580 0.4580 0.4580 0.4580 0.4580 0.4580 0.4580 0.4580 0.4580 0.4580 0.4580 0.4580 0.4580 0.4580 0.4580 0.4580 0.4580 0.4580 0.4580 0.4580 0.4580 0.4580 0.4580 0.4580 0.4580 0.4580 0.4580 0.4580 0.4580 0.4580 0.4580 0.4580 0.4580 0.4580 0.4580 0.4580 0.4580 0.4580 0.4580 0.4580 0.4580 0.4580 0.4580 0.4580 0.4580 0.4580 0.4580 0.4580 0.4580 0.4580 0.4580 0.4580 0.4580 0.4580 0.4580 0.4580 0.4580 0.4580 0.4580 0.4580 0.4580 0.4580 0.4580 0.4580 0.4580 0.4580 0.4580 0.4580 0.4580 0.4580 0.4580 0.4580 0.4580 0.4580 0.4580 0.4580 0.4580 0.4580 0.4580 0.4580 0.4580 0.4580 0.4580 0.4580 0.4580 0.4580 0.4580 0.4580 0.4580 0.4580 0.4580 0.4580 0.4580 0.4580 0.4580 0.4580 0.4580 0.4580 0.4580 0.4580 0.4580 0.4580 0.4580 0.4580 0.4580 0.4580 0.4580 0.4580 0.4580 0.4580 0.4580 0.4580 0.4580 0.4580 0.4580 0.4580 0.4580 0.4580 0.4580 0.4580 0.4580 0.4580 0.4580 0.4580 0.4580 0.4580 0.4580 0.4580 0.4580 0.4580 0.4580 0.4580 0.4580 0.4580 0.4580 0.4580 0.4580 0.4580 0.4580 0.4580 0.4580 0.4580 0.4580 0.4580 0.4580 0.4580 0.4580 0.4580 0.4580 0.4580 0.4580 0.4580 0.4580 0.4580 0.4580 0.4580 0.4580 0.4580 0.4580 0.4580 0.4580 0.4580 0.4580 0.4580 0.4580 0.4580 0.4580 0.4580 0.4580 0.4580 0.4580 0.4580 0.4580 0.4580 0.4580 0.4580 0.4580 0.4580 0.4580 0.4580 0.4580 0.4580 0.4580 0.4580 0.4580 0.4580 0.4580 0.4580 0.4580 0.4580 0.4580 0.4580 0.4580 0.4580 0.4580 0.4580 0.4580 0.4580 0.4580 0.4580 0.4580 0.4580 0.4580 0.4580 0.4580 0.4580 0.4580 0.4580 0.4580 0.4580 0.4580 0.4580 0.4580 0.4580 0.4580 0.4580 0.4580 0.4580 0.4580 0.4580 0.4580 0.4580 0.4580 0.4580 0.4580 0.4580 0.4580 0.4580 0.4580 0.4580 0.4580 0.4580 0.4580 0.4580 0.4580 0.4580 0.4580 0.4580 0.4580 0.4580 0.4580 0.4580 0.4580 0.4580 0.4580 0.4580 0.4580 0.4580 0.4580 0.4580 0.4580 0.4580 0.4580 0.4580 0.4580 0.4580 0.4580 0.4580 0.4580 0.4580 0.4580 0.4580 0.4580 0.4580 0.4580 0.4580 0.4580 0.4580 0.4580 0.4580 0.4580 0.4580 0.4580 0.4580 0.4580 0.4580 0.4580 0.4580 0.4580 0.4580 0.4580 0.4580 0.4580 0.4580 0.4580 0.4580 0.4580 0.4580 0.4580 0.4580 0.4580 0.4580 0.4580 0.4580 0.4580 0.4580 0.4580 0.4580 0.4580 0.4580 0.4580 0.4580 0.4580 0.4580 0.4580 0.4580 0.4580 0.4580 0.4580 0.4580 0.4580 0.4580 0.4580 0.4580 0.4580 0.4580 0.4580 0.4580 0.4580 0.4580 0.4580 0.4580 0.4580 0.4580 0.4580 0.4580 0.4580 0.4580 0.4580 0.4580 0.4580 0.4580 0.4580 0.4580 0.4580 0.4580 0.4580 0.4580 0.4580 0.4580 0.4580 0.4580 0.4580 0.4580 0.4580 0.4580 0.4580 0.4580 0.4580 0.4580 0.4580 0.4580 0.4580 0.4580 0.4580 0.4580 0.4580 0.4580 0.4580 0.4580 0.4580 0.4580 0.4580 0.4580 0.4580 0.4580 0.4580 0.4580 0.4580 0.4580 0.4580 0.4580 0.4580 0.4580 0.4580 0.4580 0.4580 0.4580 0.4580 0.4580 0.4580 0.4580 0.4580 0.4580 0.4580 0.4580 0.4580 0.4580 0.4580 0.4580 0.4580 0.4580 0.4580 0.4580 0.4580 0.4580 0.4580 0.4580 0.4580 0.4580 0.4580 0.4580 0.4580 0.4580 0.4580 0.4580 0.4580 0.4580 0.4580 0.4580 0.4580 0.4580 0.4580 0.4580 0.4580 0.4580 0.4580 0.4580 0.4580 0.4580 0.4580 0.4580 0.4580 0.4580 0.4580 0.4580 0.4580 0.4580 0.4580 0.4580 0.4580 0.4580 0.4580 0.4580 0.4580 0.4580 0.4580 0.4580 0.4580 0.4580 0.4580 0.4580 0.4580 0.4580 0.4580 0.4580 0.4580 0.4580 0.4580 0.4580 0.4580 0.4580 0.4580 0.4580 0.4580 0.4580 0.4580 0.4580 0.4580 0.4580 0.4580 0.4580 0.4580 0.4580 0.4580 0.4580 0.4580 0.4580 0.4580 0.4580 0.4580 0.4580 0.4580 0.4580 0.4580 0.4580 0.4580 0.4580 0.4580 0.4580 0.4580 0.4580 0.4580 0.4580 0.4580 0.4580 0.4580 0.4580 0.4580 0.4580 0.4580 0.4580 0.4580 0.4580 0.4580 0.4580 0.4580 0.4580 0.4580 0.4580 0.4580 0.4580 0.4580 0.4580 0.4580 0.4580 0.4580 0.4580 0.4580 0.4580 0.4580 0.4580 0.4580 0.4580 0.4580 0.4580 0.4580 0.4580 0.4580 0.4580 0.4580 0.4580 0.4580 0.4580 0.4580 0.4580 0.4580 0.4580 0.4580 0.4580 0.4580 0.4580 0.4580 0.4580 0.4580 0.4580 0.4580 0.4580 0.4580 0.4580 0.4580 0.4580 0.4580 0.4580 0.4580 0.4580 0.4580 0.4580 0.4580 0.4580 0.4580 0.4580 0.4580 0.4580 0.4580 0.4580 0.4580 0.4580 0.4580 0.4580 0.4580 0.4580 0.4580 0.4580 0.4580 0.4580 0.4580 0.4580 0.4580 0.4580 0.4580 0.4580 0.4580 0.4580 0.4580 0.4580 0.4580 0.4580 0.4580 0.4580 0.4580 0.4580 0.4580 0.4580 0.4580 0.4580 0.4580 0.4580 0.4580 0.4580 0.4580 0.4580 0.4580 0.4580 0.4580 0.4580 0.4580 0.4580 0.4580 0.4580 0.4580 0.4580 0.4580 0.4580 0.4580 0.4580 0.4580 0.4580 0.4580 0.4580 0.4580 0.4580 0.4580 0.4580 0.4580 0.4580 0.4580 0.4580 0.4580 0.4580 0.4580 0.4580 0.4580 0.4580 0.4580 0.4580 0.4580 0.4580 0.4580 0.4580 0.4580 0.4580 0.4580 0.4580 0.4580 0.4580 0.4580 0.4580 0.4580 0.4580 0.4580 0.4580 0.4580 0.4580 0.4580 0.4580 0.4580 0.4580 0.4580 0.4580 0.4580 0.4580 0.4580 0.4580 0.4580 0.4580 0.4580 0.4580 0.4580 0.4580 0.4580 0.4580 0.4580 0.4580 0.4580 0.4580 0.4580 0.4580 0.4580 0.4580 0.4580 0.4580 0.4580 0.4580 0.4580 0.4580 0.4580 0.4580 0.4580 0.4580 0.4580 0.4580 0.4580 0.4580 0.4580 0.4580 0.4580 0.4580 0.4580 0.4580 0.4580 0.4580 0.4580 0.4580 0.4580 0.4580 0.4580 0.4580 0.4580 0.4580 0.4580 0.4580 0.4580 0.4580 0.4580 0.4580 0.4580 0.4580 0.4580 0.4580 0.4580 0.4580 0.4580 0.4580 0.4580 0.4580 0.4580 0.4580 0.4580 0.4580 0.4580 0.4580 0.4580 0.4580 0.4580 0.4580 0.4580 0.4580 0.4580 0.4580 0.4580 0.4580 0.4580 0.4580 0.4580 0.4580 0.4580 0.4580 0.4580 0.4580 0.4580 0.4580 0.4580 0.4580 0.4580 0.4580 0.4580 0.4580 0.4580 0.4580 0.4580 0.4580 0.4580 0.4580 0.4580 0.4580 0.4580 0.4580 0.4580 0.4580 0.4580 0.4580 0.4580 0.4580 0.4580 0.4580 0.4580 0.4580 0.4580 0.4580 0.4580 0.4580 0.4580 0.4580 0.4580 0.4580 0.4580 0.4580 0.4580 0.4580 0.4580 0.4580 0.4580 0.4580 0.4580 0.4580 0.4580 0.4580 0.4580 0.4580 0.4580 0.4580 0.4580 0.4580 0.4580 0.4580 0.4580 0.4580 0.4580 0.4580 0.4580 0.4580 0.4580 0.4580 0.4580 0.4580 0.4580 0.4580 0.4580 0.4580 0.4580 0.4580 0.4580 0.4580 0.4580 0.4580 0.4580 0.4580 0.4580 0.4580 0.4580 0.4580 0.4580 0.4580 0.4580 0.4580 0.4580 0.4580 0.4580 0.4580 0.4580 0.4580 0.4580 0.4580 0.4580 0.4580 0.4580 0.4580 0.4580 0.4580 0.4580 0.4580 0.4580 0.4580 0.4580 0.4580 0.4580 0.4580 0.4580 0.4580 0.4580 0.4580 0.4580 0.4580 0.4580 0.4580 0.4580 0.4580 0.4580 0.4580 0.4580 0.4580 0.4580 0.4580 0.4580 0.4580 0.4580 0.4580 0.4580 0.4580 0.4580 0.4580 0.4580 0.4580 0.4580 0.4580 0.4580 0.4580 0.4580 0.4580 0.4580 0.4580 0.4580 0.4580 0.4580 0.4580 0.4580 0.4580 0.4580 0.4580 0.4580 0.4580 0.4580 0.4580 0.4580 0.4580 0.4580 0.4580 0.4580 0.4580 0.4580 0.4580 0.4580 0.4580 0.4580 0.4580 0.4580 0.4580 0.4580 0.4580 0.4580 0.4580 0.4580 0.4580 0.4580 0.4580 0.4580 0.4580 0.4580 0.4580 0.4580 0.4580 0.4580 0.4580 0.4580 0.4580 0.4580 0.4580 0.4580 0.4580 0.4580 0.4580 0.4580 0.4580 0.4580 0.4580 0.4580 0.4580 0.4580 0.4580 0.4580 0.4580 0.4580 0.4580 0.4580 0.4580 0.4580 0.4580 0.4580 0.4580 0.4580 0.4580 0.4580 0.4580 0.4580 0.4580 0.4580 0.4580 0.4580 0.4580 0.4580 0.4580 0.4580 0.4580 0.4580 0.4580 0.4580 0.4580 0.4580 0.4580 0.4580 0.4580 0.4580 0.4580 0.4580 0.4580 0.4580 0.4580 0.4580 0.4580 0.4580 0.4580 0.4580 0.4580 0.4580 0.4580 0.4580 0.4580 0.4580 0.4580 0.4580 0.4580 0.4580 0.4580 0.4580 0.4580 0.4580 0.4580 0.4580 0.4580 0.4580 0.4580 0.4580 0.4580 0.4580 0.4580 0.4580 0.4580 0.4580 0.4580 0.4580 0.4580 0.4580 0.4580 0.4580 0.4580 0.4580 0.4580 0.4580 0.4580 0.4580 0.4580 0.4580 0.4580 0.4580 0.4580 0.4580 0.4580 0.4580 0.4580 0.4580 0.4580 0.4580 0.4580 0.4580 0.4580 0.4580 0.4580 0.4580 0.4580 0.4580 0.4580 0.4580 0.4580 0.4580 0.4580 0.4580 0.4580 0.4580 0.4580 0.4580 0.4580 0.4580 0.4580 0.4580 0.4580 0.4580 0.4580 0.4580 0.4580 0.4580 0.4580 0.4580 0.4580 0.4580 0.4580 0.4580 0.4580 0.4580 0.4580 0.4580 0.4580 0.4580 0.4580 0.4580 0.4580 0.4580 0.4580 0.4580 0.4580 0.4580 0.4580 0.4580 0.4580 0.4580 0.4580 0.4580 0.4580 0.4580 0.4580 0.4580 0.4580 0.4580 0.4580 0.4580 0.4580 0.4580 0.4580 0.4580 0.4580 0.4580 0.4580 0.4580 0.4580 0.4580 0.4580 0.4580 0.4580 0.4580 0.4580 0.4580 0.4580 0.4580 0.4580 0.4580 0.4580 0.4580 0.4580 0.4580 0.4580 0.4580 0.4580 0.4580 0.4580 0.4580 0.4580 0.4580 0.4580 0.4580 0.4580 0.4580 0.4580 0.4580 0.4580 0.4580 0.4580 0.4580 0.4580 0.4580 0.4580 0.4580 0.4580 0.4580 0.4580 0.4580 0.4580 0.4580 0.4580 0.4580 0.4580 0.4580 0.4580 0.4580 0.4580 0.4580 0.4580 0.4580 0.4580 0.4580 0.4580 0.4580 0.4580 0.4580 0.4580 0.4580 0.4580 0.4580 0.4580 0.4580 0.4580 0.4580 0.4580 0.4580 0.4580 0.4580 0.4580 0.4580 0.4580 0.4580 0.4580 0.4580 0.4580 0.4580 0.4580 0.4580 0.4580 0.4580 0.4580 0.4580 0.4580 0.4580 0.4580 0.4580 0.4580 0.4580 0.4580 0.4580 0.4580 0.4580 0.4580 0.4580 0.4580 0.4580 0.4580 0.4580 0.4580 0.4580 0.4580 0.4580 0.4580 0.4580 0.4580 0.4580 0.4580 0.4580 0.4580 0.4580 0.4580 0.4580 0.4580 0.4580 0.4580 0.4580 0.4580 0.4580 0.4580 0.4580 0.4580 0.4580 0.4580 0.4580 0.4580 0.4580 0.4580 0.4580 0.4580 0.4580 0.4580 0.4580 0.4580 0.4580 0.4580 0.4580 0.4580 0.4580 0.4580 0.4580 0.4580 0.4580 0.4580 0.4580 0.4580 0.4580 0.4580 0.4580 0.4580 0.4580 0.4580 0.4580 0.4580 0.4580 0.4580 0.4580 0.4580 0.4580 0.4580 0.4580 0.4580 0.4580 0.4580 0.4580 0.4580 0.4580 0.4580 0.4580 0.4580 0.4580 0.4580 0.4580 0.4580 0.4580 0.4580 0.4580 0.4580 0.4580 0.4580 0.4580 0.4580 0.4580 0.4580 0.4580 0.4580 0.4580 0.4580 0.4580 0.4580 0.4580 0.4580 0.4580 0.4580 0.4580 0.4580 0.4580 0.4580 0.4580 0.4580 0.4580 0.4580 0.4580 0.4580 0.4580 0.4580 0.4580 0.4580 0.4580 0.4580 0.4580 0.4580 0.4580 0.4580 0.4580 0.4580 0.4580 0.4580 0.4580 0.4580 0.4580 0.4580 0.4580 0.4580 0.4580 0.4580 0.4580 0.4580 0.4580 0.4580 0.4580 0.4580 0.4580 0.4580 0.4580 0.4580 0.4580 0.4580 0.4580 0.4580 0.4580 0.4580 0.4580 0.4580 0.4580 0.4580 0.4580 0.4580 0.4580 0.4580 0.4580 0.4580 0.4580 0.4580 0.4580 0.4580 0.4580 0.4580 0.4580 0.4580 0.4580 0.4580 0.4580 0.4580 0.4580 0.4580 0.4580 0.4580 0.4580 0.4580 0.4580 0.4580 0.4580 0.4580 0.4580 0.4580 0.4580 0.4580 0.4580 0.4580 0.4580 0.4580 0.4580 0.4580 0.4580 0.4580 0.4580 0.4580 0.4580 0.4580 0.4580 0.4580 0.4580 0.4580 0.4580 0.4580 0.4580 0.4580 0.4580 0.4580 0.4580 0.4580 0.4580 0.4580 0.4580 0.4580 0.4580 0.4580 0.4580 0.4580 0.4580 0.4580 0.4580 0.4580 0.4580 0.4580 0.4580 0.4580 0.4580 0.4580 0.4580 0.4580 0.4580 0.4580 0.4580 0.4580 0.4580 0.4580 0.4580 0.4580 0.4580 0.4580 0.4580 0.4580 0.4580 0.4580 0.4580 0.4580 0.4580 0.4580 0.4580 0.4580 0.4580 0.4580 0.4580 0.4580 0.4580 0.4580 0.4580 0.4580 0.4580 0.4580 0.4580 0.4580 0.4580 0.4580 0.4580 0.4580 0.4580 0.4580 0.4580 0.4580 0.4580 0.4580 0.4580 0.4580 0.4580 0.4580 0.4580 0.4580 0.4580 0.4580 0.4580 0.4580 0.4580 0.4580 0.4580 0.4580 0.4580 0.4580 0.4580 0.4580 0.4580 0.4580 0.4580 0.4580 0.4580 0.4580 0.4580 0.4580 0.4580 0.4580 0.4580 0.4580 0.4580 0.4580 0.4580 0.4580 0.4580 0.4580 0.4580 0.4580 0.4580 0.4580 0.4580 0.4580 0.4580 0.4580 0.4580 0.4580 0.4580 0.4580 0.4580 0.4580 0.4580 0.4580 0.4580 0.4580 0.4580 0.4580 0.4580 0.4580 0.4580 0.4580 0.4580 0.4580 0.4580 0.4580 0.4580 0.4580 0.4580 0.4580 0.4580 0.4580 0.4580 0.4580 0.4580 0.4580 0.4580 0.4580 0.4580 0.4580 0.4580 0.4580 0.4580 0.4580 0.4580 0.4580 0.4580 0.4580 0.4580 0.4580 0.4580 0.4580 0.4580 0.4580 0.4580 0.4580 0.4580 0.4580 0.4580 0.4580 0.4580 0.4580 0.4580 0.4580 0.4580 0.4580 0.4580 0.4580 0.4580 0.4580 0.4580 0.4580 0.4580 0.4580 0.4580 0.4580 0.4580 0.4580 0.4580 0.4580 0.4580 0.4580 0.4580 0.4580 0.4580 0.4580 0.4580 0.4580 0.4580 0.4580 0.4580 0.4580 0.4580 0.4580 0.4580 0.4580 0.4580 0.4580 0.4580 0.4580 0.4580 0.4580 0.4580 0.4580 0.4580 0.4580 0.4580 0.4580 0.4580 0.4580 0.4580 0.4580 0.4580 0.4580 0.4580 0.4580 0.4580 0.4580 0.4580 0.4580 0.4580 0.4580 0.4580 0.4580 0.4580 0.4580 0.4580 0.4580 0.4580 0.4580 0.4580 0.4580 0.4580 0.4580 0.4580 0.4580 0.4580 0.4580 0.4580 0.4580 0.4580 0.4580 0.4580 0.4580 0.4580 0.4580 0.4580 0.4580 0.4580 0.4580 0.4580 0.4580 0.4580 0.4580 0.4580 0.4580 0.4580 0.4580 0.4580 0.4580 0.4580 0.4580 0.4580 0.4580 0.4580 0.4580 0.4580 0.4580 0.4580 0.4580 0.4580 0.4580 0.4580 0.4580 0.4580 0.4580 0.4580 0.4580 0.4580 0.4580 0.4580 0.4580 0.4580 0.4580 0.4580 0.4580 0.4580 0.4580 0.4580 0.4580 0.4580 0.4580 0.4580 0.4580 0.4580 0.4580 0.4580 0.4580 0.4580 0.4580 0.4580 0.4580 0.4580 0.4580 0.4580 0.4580 0.4580 0.4580 0.4580 0.4580 0.4580 0.4580 0.4580 0.4580 0.4580 0.4580 0.4580 0.4580 0.4580 0.4580 0.4580 0.4580 0.4580 0.4580 0.4580 0.4580 0.4580 0.4580 0.4580 0.4580 0.4580 0.4580 0.4580 0.4580 0.4580 0.4580 0.4580 0.4580 0.4580 0.4580 0.4580 0.4580 0.4580 0.4580 0.4580 0.4580 0.4580 0.4580 0.4580 0.4580 0.4580 0.4580 0.4580 0.4580 0.4580 0.4580 0.4580 0.4580 0.4580 0.4580 0.4580 0.4580 0.4580 0.4580 0.4580 0.4580 0.4580 0.4580 0.4580 0.4580 0.4580 0.4580 0.4580 0.4580 0.4580 0.4580 0.4580 0.4580 0.4580 0.4580 0.4580 0.4580 0.4580 0.4580 0.4580 0.4580 0.4580 0.4580 0.4580 0.4580 0.4580 0.4580 0.4580 0.4580 0.4580 0.4580 0.4580 0.4580 0.4580 0.4580 0.4580 0.4580 0.4580 0.4580 0.4580 0.4580 0.4580 0.4580 0.4580 0.4580 0.4580 0.4580 0.4580 0.4580 0.4580 0.4580 0.4580 0.4580 0.4580 0.4580 0.4580 0.4580 0.4580 0.4580 0.4580 0.4580 0.4580 0.4580 0.4580 0.4580 0.4580 0.4580 0.4580 0.4580 0.4580 0.4580 0.4580 0.4580 0.4580 0.4580 0.4580 0.4580 0.4580 0.4580 0.4580 0.4580 0.4580 0.4580 0.4580 0.4580 0.4580 0.4580 0.4580 0.4580 0.4580 0.4580 0.4580 0.4580 0.4580 0.4580 0.4580 0.4580 0.4580 0.4580 0.4580 0.4580 0.4580 0.4580 0.4580 0.4580 0.4580 0.4580 0.4580 0.4580 0.4580 0.4580 0.4580 0.4580 0.4580 0.4580 0.4580 0.4580 0.4580 0.4580 0.4580 0.4580 0.4580 0.4580 0.4580 0.4580 0.4580 0.4580 0.4580 0.4580 0.4580 0.4580 0.4580 0.4580 0.4580 0.4580 0.4580 0.4580 0.4580 0.4580 0.4580 0.4580 0.4580 0.4580 0.4580 0.4580 0.4580 0.4580 0.4580 0.4580 0.4580 0.4580 0.4580 0.4580 0.4580 0.4580 0.4580 0.4580 0.4580 0.4580 0.4580 0.4580 0.4580 0.4580 0.4580 0.4580 0.4580 0.4580 0.4580 0.4580 0.4580 0.4580 0.4580 0.4580 0.4580 0.4580 0.4580 0.4580 0.4580 0.4580 0.4580 0.4580 0.4580 0.4580 0.4580 0.4580 0.4580 0.4580 0.4580 0.4580 0.4580 0.4580 0.4580 0.4580 0.4580 0.4580 0.4580 0.4580 0.4580 0.4580 0.4580 0.4580 0.4580 0.4580 0.4580 0.4580 0.4580 0.4580 0.4580 0.4580 0.4580 0.4580 0.4580 0.4580 0.4580 0.4580 0.4580 0.4580 0.4580 0.4580 0.4580 0.4580 0.4580 0.4580 0.4580 0.4580 0.4580 0.4580 0.4580 0.4580 0.4580 0.4580 0.4580 0.4580 0.4580 0.4580 0.4580 0.4580 0.4580 0.4580 0.4580 0.4580 0.4580 0.4580 0.4580 0.4580 0.4580 0.4580 0.4580 0.4580 0.4580 0.4580 0.4580 0.4580 0.4580 0.4580 0.4580 0.4580 0.4580 0.4580 0.4580 0.4580 0.4580 0.4580 0.4580 0.4580 0.4580 0.4580 0.4580 0.4580 0.4580 0.4580 0.4580 0.4580 0.4580 0.4580 0.4580 0.4580 0.4580 0.4580 0.4580 0.4580 0.4580 0.4580 0.4580 0.4620 0.4620 0.4620 0.4620 0.4620 0.4620 0.4620 0.4620 0.4620 0.4620 0.4620 0.4620 0.4620 0.4620 0.4620 0.4620 0.4620 0.4620 0.4620 0.4620 0.4620 0.4620 0.4620 0.4620 0.4620 0.4620 0.4620 0.4620 0.4620 0.4620 0.4620 0.4620 0.4620 0.4620 0.4620 0.4620 0.4620 0.4620 0.4620 0.4620 0.4620 0.4620 0.4620 0.4620 0.4620 0.4620 0.4620 0.4620 0.4620 0.4620 0.4620 0.4620 0.4620 0.4620 0.4620 0.4620 0.4620 0.4620 0.4620 0.4620 0.4620 0.4620 0.4620 0.4620 0.4620 0.4620 0.4620 0.4620 0.4620 0.4620 0.4620 0.4620 0.4620 0.4620 0.4620 0.4620 0.4620 0.4620 0.4620 0.4620 0.4620 0.4620 0.4620 0.4620 0.4620 0.4620 0.4620 0.4620 0.4620 0.4620 0.4620 0.4620 0.4620 0.4620 0.4620 0.4620 0.4620 0.4620 0.4620 0.4620 0.4620 0.4620 0.4620 0.4620 0.4620 0.4620 0.4620 0.4620 0.4620 0.4620 0.4620 0.4620 0.4620 0.4620 0.4620 0.4620 0.4620 0.4620 0.4620 0.4620 0.4620 0.4620 0.4620 0.4620 0.4620 0.4620 0.4620 0.4620 0.4620 0.4620 0.4620 0.4620 0.4620 0.4620 0.4620 0.4620 0.4620 0.4620 0.4620 0.4620 0.4620 0.4620 0.4620 0.4620 0.4620 0.4620 0.4620 0.4620 0.4620 0.4620 0.4620 0.4620 0.4620 0.4620 0.4620 0.4620 0.4620 0.4620 0.4620 0.4620 0.4620 0.4620 0.4620 0.4620 0.4620 0.4620 0.4620 0.4620 0.4620 0.4620 0.4620 0.4620 0.4620 0.4620 0.4620 0.4620 0.4620 0.4620 0.4620 0.4620 0.4620 0.4620 0.4620 0.4620 0.4620 0.4620 0.4620 0.4620 0.4620 0.4620 0.4620 0.4620 0.4620 0.4620 0.4620 0.4620 0.4620 0.4620 0.4620 0.4620 0.4620 0.4620 0.4620 0.4620 0.4620 0.4620 0.4620 0.4620 0.4620 0.4620 0.4620 0.4620 0.4620 0.4620 0.4620 0.4620 0.4620 0.4620 0.4620 0.4620 0.4620 0.4620 0.4620 0.4620 0.4620 0.4620 0.4620 0.4620 0.4620 0.4620 0.4620 0.4620 0.4620 0.4620 0.4620 0.4620 0.4620 0.4620 0.4620 0.4620 0.4620 0.4620 0.4620 0.4620 0.4620 0.4620 0.4620 0.4620 0.4620 0.4620 0.4620 0.4620 0.4620 0.4620 0.4620 0.4620 0.4620 0.4620 0.4620 0.4620 0.4620 0.4620 0.4620 0.4620 0.4620 0.4620 0.4620 0.4620 0.4620 0.4620 0.4620 0.4620 0.4620 0.4620 0.4620 0.4620 0.4620 0.4620 0.4620 0.4620 0.4620 0.4620 0.4620 0.4620 0.4620 0.4620 0.4620 0.4620 0.4620 0.4620 0.4620 0.4620 0.4620 0.4620 0.4620 0.4620 0.4620 0.4620 0.4620 0.4620 0.4620 0.4620 0.4620 0.4620 0.4620 0.4620 0.4620 0.4620 0.4620 0.4620 0.4620 0.4620 0.4620 0.4620 0.4620 0.4620 0.4620 0.4620 0.4620 0.4620 0.4620 0.4620 0.4620 0.4620 0.4620 0.4620 0.4620 0.4620 0.4620 0.4620 0.4620 0.4620 0.4620 0.4620 0.4620 0.4620 0.4620 0.4620 0.4620 0.4620 0.4620 0.4620 0.4620 0.4620 0.4620 0.4620 0.4620 0.4620 0.4620 0.4620 0.4620 0.4620 0.4620 0.4620 0.4620 0.4620 0.4620 0.4620 0.4620 0.4620 0.4620 0.4620 0.4620 0.4620 0.4620 0.4620 0.4620 0.4620 0.4620 0.4620 0.4620 0.4620 0.4620 0.4620 0.4620 0.4620 0.4620 0.4620 0.4620 0.4620 0.4620 0.4620 0.4620 0.4620 0.4620 0.4620 0.4620 0.4620 0.4620 0.4620 0.4620 0.4620 0.4620 0.4620 0.4620 0.4620 0.4620 0.4620 0.4620 0.4620 0.4620 0.4620 0.4620 0.4620 0.4620 0.4620 0.4620 0.4620 0.4620 0.4620 0.4620 0.4620 0.4620 0.4620 0.4620 0.4620 0.4620 0.4620 0.4620 0.4620 0.4620 0.4620 0.4620 0.4620 0.4620 0.4620 0.4620 0.4620 0.4620 0.4620 0.4620 0.4620 0.4620 0.4620 0.4620 0.4620 0.4620 0.4620 0.4620 0.4620 0.4620 0.4620 0.4620 0.4620 0.4620 0.4620 0.4620 0.4620 0.4620 0.4620 0.4620 0.4620 0.4620 0.4620 0.4620 0.4620 0.4620 0.4620 0.4620 0.4620 0.4620 0.4620 0.4620 0.4620 0.4620 0.4620 0.4620 0.4620 0.4620 0.4620 0.4620 0.4620 0.4620 0.4620 0.4620 0.4620 0.4620 0.4620 0.4620 0.4620 0.4620 0.4620 0.4620 0.4620 0.4620 0.4620 0.4620 0.4620 0.4620 0.4620 0.4620 0.4620 0.4620 0.4620 0.4620 0.4620 0.4620 0.4620 0.4620 0.4620 0.4620 0.4620 0.4620 0.4620 0.4620 0.4620 0.4620 0.4620 0.4620 0.4620 0.4620 0.4620 0.4620 0.4620 0.4620 0.4620 0.4620 0.4620 0.4620 0.4620 0.4620 0.4620 0.4620 0.4620 0.4620 0.4620 0.4620 0.4620 0.4620 0.4620 0.4620 0.4620 0.4620 0.4620 0.4620 0.4620 0.4620 0.4620 0.4620 0.4620 0.4620 0.4620 0.4620 0.4620 0.4620 0.4620 0.4620 0.4620 0.4620 0.4620 0.4620 0.4620 0.4620 0.4620 0.4620 0.4620 0.4620 0.4620 0.4620 0.4620 0.4620 0.4620 0.4620 0.4620 0.4620 0.4620 0.4620 0.4620 0.4620 0.4620 0.4620 0.4620 0.4620 0.4620 0.4620 0.4620 0.4620 0.4620 0.4620 0.4620 0.4620 0.4620 0.4620 0.4620 0.4620 0.4620 0.4620 0.4620 0.4620 0.4620 0.4620 0.4620 0.4620 0.4620 0.4620 0.4620 0.4620 0.4620 0.4620 0.4620 0.4620 0.4620 0.4620 0.4620 0.4620 0.4620 0.4620 0.4620 0.4620 0.4620 0.4620 0.4620 0.4620 0.4620 0.4620 0.4620 0.4620 0.4620 0.4620 0.4620 0.4620 0.4620 0.4620 0.4620 0.4620 0.4620 0.4620 0.4620 0.4620 0.4620 0.4620 0.4620 0.4620 0.4620 0.4620 0.4620 0.4620 0.4620 0.4620 0.4620 0.4620 0.4620 0.4620 0.4620 0.4620 0.4620 0.4620 0.4620 0.4620 0.4620 0.4620 0.4620 0.4620 0.4620 0.4620 0.4620 0.4620 0.4620 0.4620 0.4620 0.4620 0.4620 0.4620 0.4620 0.4620 0.4620 0.4620 0.4620 0.4620 0.4620 0.4620 0.4620 0.4620 0.4620 0.4620 0.4620 0.4620 0.4620 0.4620 0.4620 0.4620 0.4620 0.4620 0.4620 0.4620 0.4620 0.4620 0.4620 0.4620 0.4620 0.4620 0.4620 0.4620 0.4620 0.4620 0.4620 0.4620 0.4620 0.4620 0.4620 0.4620 0.4620 0.4620 0.4620 0.4620 0.4620 0.4620 0.4620 0.4620 0.4620 0.4620 0.4620 0.4620 0.4620 0.4620 0.4620 0.4620 0.4620 0.4620 0.4620 0.4620 0.4620 0.4620 0.4620 0.4620 0.4620 0.4620 0.4620 0.4620 0.4620 0.4620 0.4620 0.4620 0.4620 0.4620 0.4620 0.4620 0.4620 0.4620 0.4620 0.4620 0.4620 0.4620 0.4620 0.4620 0.4620 0.4620 0.4620 0.4620 0.4620 0.4620 0.4620 0.4620 0.4620 0.4620 0.4620 0.4620 0.4620 0.4620 0.4620 0.4620 0.4620 0.4620 0.4620 0.4620 0.4620 0.4620 0.4620 0.4620 0.4620 0.4620 0.4620 0.4620 0.4620 0.4620 0.4620 0.4620 0.4620 0.4620 0.4620 0.4620 0.4620 0.4620 0.4620 0.4620 0.4620 0.4620 0.4620 0.4620 0.4620 0.4620 0.4620 0.4620 0.4620 0.4620 0.4620 0.4620 0.4620 0.4620 0.4620 0.4620 0.4620 0.4620 0.4620 0.4620 0.4620 0.4620 0.4620 0.4620 0.4620 0.4620 0.4620 0.4620 0.4620 0.4620 0.4620 0.4620 0.4620 0.4620 0.4620 0.4620 0.4620 0.4620 0.4620 0.4620 0.4620 0.4620 0.4620 0.4620 0.4620 0.4620 0.4620 0.4620 0.4620 0.4620 0.4620 0.4620 0.4620 0.4620 0.4620 0.4620 0.4620 0.4620 0.4620 0.4620 0.4620 0.4620 0.4620 0.4620 0.4620 0.4620 0.4620 0.4620 0.4620 0.4620 0.4620 0.4620 0.4620 0.4620 0.4620 0.4620 0.4620 0.4620 0.4620 0.4620 0.4620 0.4620 0.4620 0.4620 0.4620 0.4620 0.4620 0.4620 0.4620 0.4620 0.4620 0.4620 0.4620 0.4620 0.4620 0.4620 0.4620 0.4620 0.4620 0.4620 0.4620 0.4620 0.4620 0.4620 0.4620 0.4620 0.4620 0.4620 0.4620 0.4620 0.4620 0.4620 0.4620 0.4620 0.4620 0.4620 0.4620 0.4620 0.4620 0.4620 0.4620 0.4620 0.4620 0.4620 0.4620 0.4620 0.4620 0.4620 0.4620 0.4620 0.4620 0.4620 0.4620 0.4620 0.4620 0.4620 0.4620 0.4620 0.4620 0.4620 0.4620 0.4620 0.4620 0.4620 0.4620 0.4620 0.4620 0.4620 0.4620 0.4620 0.4620 0.4620 0.4620 0.4620 0.4620 0.4620 0.4620 0.4620 0.4620 0.4620 0.4620 0.4620 0.4620 0.4620 0.4620 0.4620 0.4620 0.4620 0.4620 0.4620 0.4620 0.4620 0.4620 0.4620 0.4620 0.4620 0.4620 0.4620 0.4620 0.4620 0.4620 0.4620 0.4620 0.4620 0.4620 0.4620 0.4620 0.4620 0.4620 0.4620 0.4620 0.4620 0.4620 0.4620 0.4620 0.4620 0.4620 0.4620 0.4620 0.4620 0.4620 0.4620 0.4620 0.4620 0.4620 0.4620 0.4620 0.4620 0.4620 0.4620 0.4620 0.4620 0.4620 0.4620 0.4620 0.4620 0.4620 0.4620 0.4620 0.4620 0.4620 0.4620 0.4620 0.4620 0.4620 0.4620 0.4620 0.4620 0.4620 0.4620 0.4620 0.4620 0.4620 0.4620 0.4620 0.4620 0.4620 0.4620 0.4620 0.4620 0.4620 0.4620 0.4620 0.4620 0.4620 0.4620 0.4620 0.4620 0.4620 0.4620 0.4620 0.4620 0.4620 0.4620 0.4620 0.4620 0.4620 0.4620 0.4620 0.4620 0.4620 0.4620 0.4620 0.4620 0.4620 0.4620 0.4620 0.4620 0.4620 0.4620 0.4620 0.4620 0.4620 0.4620 0.4620 0.4620 0.4620 0.4620 0.4620 0.4620 0.4620 0.4620 0.4620 0.4620 0.4620 0.4620 0.4620 0.4620 0.4620 0.4620 0.4620 0.4620 0.4620 0.4620 0.4620 0.4620 0.4620 0.4620 0.4620 0.4620 0.4620 0.4620 0.4620 0.4620 0.4620 0.4620 0.4620 0.4620 0.4620 0.4620 0.4620 0.4620 0.4620 0.4620 0.4620 0.4620 0.4620 0.4620 0.4620 0.4620 0.4620 0.4620 0.4620 0.4620 0.4620 0.4620 0.4620 0.4620 0.4620 0.4620 0.4620 0.4620 0.4620 0.4620 0.4620 0.4620 0.4620 0.4620 0.4620 0.4620 0.4620 0.4620 0.4620 0.4620 0.4620 0.4620 0.4620 0.4620 0.4620 0.4620 0.4620 0.4620 0.4620 0.4620 0.4620 0.4620 0.4620 0.4620 0.4620 0.4620 0.4620 0.4620 0.4620 0.4620 0.4620 0.4620 0.4620 0.4620 0.4620 0.4620 0.4620 0.4620 0.4620 0.4620 0.4620 0.4620 0.4620 0.4620 0.4620 0.4620 0.4620 0.4620 0.4620 0.4620 0.4620 0.4620 0.4620 0.4620 0.4620 0.4620 0.4620 0.4620 0.4620 0.4620 0.4620 0.4620 0.4620 0.4620 0.4620 0.4620 0.4620 0.4620 0.4620 0.4620 0.4620 0.4620 0.4620 0.4620 0.4620 0.4620 0.4620 0.4620 0.4620 0.4620 0.4620 0.4620 0.4620 0.4620 0.4620 0.4620 0.4620 0.4620 0.4620 0.4620 0.4620 0.4620 0.4620 0.4620 0.4620 0.4620 0.4620 0.4620 0.4620 0.4620 0.4620 0.4620 0.4620 0.4620 0.4620 0.4620 0.4620 0.4620 0.4620 0.4620 0.4620 0.4620 0.4620 0.4620 0.4620 0.4620 0.4620 0.4620 0.4620 0.4620 0.4620 0.4620 0.4620 0.4620 0.4620 0.4620 0.4620 0.4620 0.4620 0.4620 0.4620 0.4620 0.4620 0.4620 0.4620 0.4620 0.4620 0.4620 0.4620 0.4620 0.4620 0.4620 0.4620 0.4620 0.4620 0.4620 0.4620 0.4620 0.4620 0.4620 0.4620 0.4620 0.4620 0.4620 0.4620 0.4620 0.4620 0.4620 0.4620 0.4620 0.4620 0.4620 0.4620 0.4620 0.4620 0.4620 0.4620 0.4620 0.4620 0.4620 0.4620 0.4620 0.4620 0.4620 0.4620 0.4620 0.4620 0.4620 0.4620 0.4620 0.4620 0.4620 0.4620 0.4620 0.4620 0.4620 0.4620 0.4620 0.4620 0.4620 0.4620 0.4620 0.4620 0.4620 0.4620 0.4620 0.4620 0.4620 0.4620 0.4620 0.4620 0.4620 0.4620 0.4620 0.4620 0.4620 0.4620 0.4620 0.4620 0.4620 0.4620 0.4620 0.4620 0.4620 0.4620 0.4620 0.4620 0.4620 0.4620 0.4620 0.4620 0.4620 0.4620 0.4620 0.4620 0.4620 0.4620 0.4620 0.4620 0.4620 0.4620 0.4620 0.4620 0.4620 0.4620 0.4620 0.4620 0.4620 0.4620 0.4620 0.4620 0.4620 0.4620 0.4620 0.4620 0.4620 0.4620 0.4620 0.4620 0.4620 0.4620 0.4620 0.4620 0.4620 0.4620 0.4620 0.4620 0.4620 0.4620 0.4620 0.4620 0.4620 0.4620 0.4620 0.4620 0.4620 0.4620 0.4620 0.4620 0.4620 0.4620 0.4620 0.4620 0.4620 0.4620 0.4620 0.4620 0.4620 0.4620 0.4620 0.4620 0.4620 0.4620 0.4620 0.4620 0.4620 0.4620 0.4620 0.4620 0.4620 0.4620 0.4620 0.4620 0.4620 0.4620 0.4620 0.4620 0.4620 0.4620 0.4620 0.4620 0.4620 0.4620 0.4620 0.4620 0.4620 0.4620 0.4620 0.4620 0.4620 0.4620 0.4620 0.4620 0.4620 0.4620 0.4620 0.4620 0.4620 0.4620 0.4620 0.4620 0.4620 0.4620 0.4620 0.4620 0.4620 0.4620 0.4620 0.4620 0.4620 0.4620 0.4620 0.4620 0.4620 0.4620 0.4620 0.4620 0.4620 0.4620 0.4620 0.4620 0.4620 0.4620 0.4620 0.4620 0.4620 0.4620 0.4620 0.4620 0.4620 0.4620 0.4620 0.4620 0.4620 0.4620 0.4620 0.4620 0.4620 0.4620 0.4620 0.4620 0.4620 0.4620 0.4620 0.4620 0.4620 0.4620 0.4620 0.4620 0.4620 0.4620 0.4620 0.4620 0.4620 0.4620 0.4620 0.4620 0.4620 0.4620 0.4620 0.4620 0.4620 0.4620 0.4620 0.4620 0.4620 0.4620 0.4620 0.4620 0.4620 0.4620 0.4620 0.4620 0.4620 0.4620 0.4620 0.4620 0.4620 0.4620 0.4620 0.4620 0.4620 0.4620 0.4620 0.4620 0.4620 0.4620 0.4620 0.4620 0.4620 0.4620 0.4620 0.4620 0.4620 0.4620 0.4620 0.4620 0.4620 0.4620 0.4620 0.4620 0.4620 0.4620 0.4620 0.4620 0.4620 0.4620 0.4620 0.4620 0.4620 0.4620 0.4620 0.4620 0.4620 0.4620 0.4620 0.4620 0.4620 0.4620 0.4620 0.4620 0.4620 0.4620 0.4620 0.4620 0.4620 0.4620 0.4620 0.4620 0.4620 0.4620 0.4620 0.4620 0.4620 0.4620 0.4620 0.4620 0.4620 0.4620 0.4620 0.4620 0.4620 0.4620 0.4620 0.4620 0.4620 0.4620 0.4620 0.4620 0.4620 0.4620 0.4620 0.4620 0.4620 0.4620 0.4620 0.4620 0.4620 0.4620 0.4620 0.4620 0.4620 0.4620 0.4620 0.4620 0.4620 0.4620 0.4620 0.4620 0.4620 0.4620 0.4620 0.4620 0.4620 0.4620 0.4620 0.4620 0.4620 0.4620 0.4620 0.4620 0.4620 0.4620 0.4620 0.4620 0.4620 0.4620 0.4620 0.4620 0.4620 0.4620 0.4620 0.4620 0.4620 0.4620 0.4620 0.4620 0.4620 0.4620 0.4620 0.4620 0.4620 0.4620 0.4620 0.4620 0.4620 0.4620 0.4620 0.4620 0.4620 0.4620 0.4620 0.4620 0.4620 0.4620 0.4620 0.4620 0.4620 0.4620 0.4620 0.4620 0.4620 0.4620 0.4620 0.4620 0.4620 0.4620 0.4620 0.4620 0.4620 0.4620 0.4620 0.4620 0.4620 0.4620 0.4620 0.4620 0.4620 0.4620 0.4620 0.4620 0.4620 0.4620 0.4620 0.4620 0.4620 0.4620 0.4620 0.4620 0.4620 0.4620 0.4620 0.4620 0.4620 0.4620 0.4620 0.4620 0.4620 0.4620 0.4620 0.4620 0.4620 0.4620 0.4620 0.4620 0.4620 0.4620 0.4620 0.4620 0.4620 0.4620 0.4620 0.4620 0.4620 0.4620 0.4620 0.4620 0.4620 0.4620 0.4620 0.4620 0.4620 0.4620 0.4620 0.4620 0.4620 0.4620 0.4620 0.4620 0.4620 0.4620 0.4620 0.4620 0.4620 0.4620 0.4620 0.4620 0.4620 0.4620 0.4620 0.4620 0.4620 0.4620 0.4620 0.4620 0.4620 0.4620 0.4620 0.4620 0.4620 0.4620 0.4620 0.4620 0.4620 0.4620 0.4620 0.4620 0.4620 0.4620 0.4620 0.4620 0.4620 0.4620 0.4620 0.4620 0.4620 0.4620 0.4620 0.4620 0.4620 0.4620 0.4620 0.4620 0.4620 0.4620 0.4620 0.4620 0.4620 0.4620 0.4620 0.4620 0.4620 0.4620 0.4620 0.4620 0.4620 0.4620 0.4620 0.4620 0.4620 0.4620 0.4620 0.4620 0.4620 0.4620 0.4620 0.4620 0.4620 0.4620 0.4620 0.4620 0.4620 0.4620 0.4620 0.4620 0.4620 0.4620 0.4620 0.4620 0.4620 0.4620 0.4620 0.4620 0.4620 0.4620 0.4620 0.4620 0.4620 0.4620 0.4620 0.4620 0.4620 0.4620 0.4620 0.4620 0.4620 0.4620 0.4620 0.3850 0.3850 0.3850 0.3850 0.3850 0.3850 0.3850 0.3850 0.3850 0.3850 0.3850 0.3850 0.3850 0.3850 0.3850 0.3850 0.3850 0.3850 0.3850 0.3850 0.3850 0.3850 0.3850 0.3850 0.3850 0.3850 0.3850 0.3850 0.3850 0.3850 0.3850 0.3850 0.3850 0.3850 0.3850 0.3850 0.3850 0.3850 0.3850 0.3850 0.3850 0.3850 0.3850 0.3850 0.3850 0.3850 0.3850 0.3850 0.3850 0.3850 0.3850 0.3850 0.3850 0.3850 0.3850 0.3850 0.3850 0.3850 0.3850 0.3850 0.3850 0.3850 0.3850 0.3850 0.3850 0.3850 0.3850 0.3850 0.3850 0.3850 0.3850 0.3850 0.3850 0.3850 0.3850 0.3850 0.3850 0.3850 0.3850 0.3850 0.3850 0.3850 0.3850 0.3850 0.3850 0.3850 0.3850 0.3850 0.3850 0.3850 0.3850 0.3850 0.3850 0.3850 0.3850 0.3850 0.3850 0.3850 0.3850 0.3850 0.3850 0.3850 0.3850 0.3850 0.3850 0.3850 0.3850 0.3850 0.3850 0.3850 0.3850 0.3850 0.3850 0.3850 0.3850 0.3850 0.3850 0.3850 0.3850 0.3850 0.3850 0.3850 0.3850 0.3850 0.3850 0.3850 0.3850 0.3850 0.3850 0.3850 0.3850 0.3850 0.3850 0.3850 0.3850 0.3850 0.3850 0.3850 0.3850 0.3850 0.3850 0.3850 0.3850 0.3850 0.3850 0.3850 0.3850 0.3850 0.3850 0.3850 0.3850 0.3850 0.3850 0.3850 0.3850 0.3850 0.3850 0.3850 0.3850 0.3850 0.3850 0.3850 0.3850 0.3850 0.3850 0.3850 0.3850 0.3850 0.3850 0.3850 0.3850 0.3850 0.3850 0.3850 0.3850 0.3850 0.3850 0.3850 0.3850 0.3850 0.3850 0.3850 0.3850 0.3850 0.3850 0.3850 0.3850 0.3850 0.3850 0.3850 0.3850 0.3850 0.3850 0.3850 0.3850 0.3850 0.3850 0.3850 0.3850 0.3850 0.3850 0.3850 0.3850 0.3850 0.3850 0.3850 0.3850 0.3850 0.3850 0.3850 0.3850 0.3850 0.3850 0.3850 0.3850 0.3850 0.3850 0.3850 0.3850 0.3850 0.3850 0.3850 0.3850 0.3850 0.3850 0.3850 0.3850 0.3850 0.3850 0.3850 0.3850 0.3850 0.3850 0.3850 0.3850 0.3850 0.3850 0.3850 0.3850 0.3850 0.3850 0.3850 0.3850 0.3850 0.3850 0.3850 0.3850 0.3850 0.3850 0.3850 0.3850 0.3850 0.3850 0.3850 0.3850 0.3850 0.3850 0.3850 0.3850 0.3850 0.3850 0.3850 0.3850 0.3850 0.3850 0.3850 0.3850 0.3850 0.3850 0.3850 0.3850 0.3850 0.3850 0.3850 0.3850 0.3850 0.3850 0.3850 0.3850 0.3850 0.3850 0.3850 0.3850 0.3850 0.3850 0.3850 0.3850 0.3850 0.3850 0.3850 0.3850 0.3850 0.3850 0.3850 0.3850 0.3850 0.3850 0.3850 0.3850 0.3850 0.3850 0.3850 0.3850 0.3850 0.3850 0.3850 0.3850 0.3850 0.3850 0.3850 0.3850 0.3850 0.3850 0.3850 0.3850 0.3850 0.3850 0.3850 0.3850 0.3850 0.3850 0.3850 0.3850 0.3850 0.3850 0.3850 0.3850 0.3850 0.3850 0.3850 0.3850 0.3850 0.3850 0.3850 0.3850 0.3850 0.3850 0.3850 0.3850 0.3850 0.3850 0.3850 0.3850 0.3850 0.3850 0.3850 0.3850 0.3850 0.3850 0.3850 0.3850 0.3850 0.3850 0.3850 0.3850 0.3850 0.3850 0.3850 0.3850 0.3850 0.3850 0.3850 0.3850 0.3850 0.3850 0.3850 0.3850 0.3850 0.3850 0.3850 0.3850 0.3850 0.3850 0.3850 0.3850 0.3850 0.3850 0.3850 0.3850 0.3850 0.3850 0.3850 0.3850 0.3850 0.3850 0.3850 0.3850 0.3850 0.3850 0.3850 0.3850 0.3850 0.3850 0.3850 0.3850 0.3850 0.3850 0.3850 0.3850 0.3850 0.3850 0.3850 0.3850 0.3850 0.3850 0.3850 0.3850 0.3850 0.3850 0.3850 0.3850 0.3850 0.3850 0.3850 0.3850 0.3850 0.3850 0.3850 0.3850 0.3850 0.3850 0.3850 0.3850 0.3850 0.3850 0.3850 0.3850 0.3850 0.3850 0.3850 0.3850 0.3850 0.3850 0.3850 0.3850 0.3850 0.3850 0.3850 0.3850 0.3850 0.3850 0.3850 0.3850 0.3850 0.3850 0.3850 0.3850 0.3850 0.3850 0.3850 0.3850 0.3850 0.3850 0.3850 0.3850 0.3850 0.3850 0.3850 0.3850 0.3850 0.3850 0.3850 0.3850 0.3850 0.3850 0.3850 0.3850 0.3850 0.3850 0.3850 0.3850 0.3850 0.3850 0.3850 0.3850 0.3850 0.3850 0.3850 0.3850 0.3850 0.3850 0.3850 0.3850 0.3850 0.3850 0.3850 0.3850 0.3850 0.3850 0.3850 0.3850 0.3850 0.3850 0.3850 0.3850 0.3850 0.3850 0.3850 0.3850 0.3850 0.3850 0.3850 0.3850 0.3850 0.3850 0.3850 0.3850 0.3850 0.3850 0.3850 0.3850 0.3850 0.3850 0.3850 0.3850 0.3850 0.3850 0.3850 0.3850 0.3850 0.3850 0.3850 0.3850 0.3850 0.3850 0.3850 0.3850 0.3850 0.3850 0.3850 0.3850 0.3850 0.3850 0.3850 0.3850 0.3850 0.3850 0.3850 0.3850 0.3850 0.3850 0.3850 0.3850 0.3850 0.3850 0.3850 0.3850 0.3850 0.3850 0.3850 0.3850 0.3850 0.3850 0.3850 0.3850 0.3850 0.3850 0.3850 0.3850 0.3850 0.3850 0.3850 0.3850 0.3850 0.3850 0.3850 0.3850 0.3850 0.3850 0.3850 0.3850 0.3850 0.3850 0.3850 0.3850 0.3850 0.3850 0.3850 0.3850 0.3850 0.3850 0.3850 0.3850 0.3850 0.3850 0.3850 0.3850 0.3850 0.3850 0.3850 0.3850 0.3850 0.3850 0.3850 0.3850 0.3850 0.3850 0.3850 0.3850 0.3850 0.3850 0.3850 0.3850 0.3850 0.3850 0.3850 0.3850 0.3850 0.3850 0.3850 0.3850 0.3850 0.3850 0.3850 0.3850 0.3850 0.3850 0.3850 0.3850 0.3850 0.3850 0.3850 0.3850 0.3850 0.3850 0.3850 0.3850 0.3850 0.3850 0.3850 0.3850 0.3850 0.3850 0.3850 0.3850 0.3850 0.3850 0.3850 0.3850 0.3850 0.3850 0.3850 0.3850 0.3850 0.3850 0.3850 0.3850 0.3850 0.3850 0.3850 0.3850 0.3850 0.3850 0.3850 0.3850 0.3850 0.3850 0.3850 0.3850 0.3850 0.3850 0.3850 0.3850 0.3850 0.3850 0.3850 0.3850 0.3850 0.3850 0.3850 0.3850 0.3850 0.3850 0.3850 0.3850 0.3850 0.3850 0.3850 0.3850 0.3850 0.3850 0.3850 0.3850 0.3850 0.3850 0.3850 0.3850 0.3850 0.3850 0.3850 0.3850 0.3850 0.3850 0.3850 0.3850 0.3850 0.3850 0.3850 0.3850 0.3850 0.3850 0.3850 0.3850 0.3850 0.3850 0.3850 0.3850 0.3850 0.3850 0.3850 0.3850 0.3850 0.3850 0.3850 0.3850 0.3850 0.3850 0.3850 0.3850 0.3850 0.3850 0.3850 0.3850 0.3850 0.3850 0.3850 0.3850 0.3850 0.3850 0.3850 0.3850 0.3850 0.3850 0.3850 0.3850 0.3850 0.3850 0.3850 0.3850 0.3850 0.3850 0.3850 0.3850 0.3850 0.3850 0.3850 0.3850 0.3850 0.3850 0.3850 0.3850 0.3850 0.3850 0.3850 0.3850 0.3850 0.3850 0.3850 0.3850 0.3850 0.3850 0.3850 0.3850 0.3850 0.3850 0.3850 0.3850 0.3850 0.3850 0.3850 0.3850 0.3850 0.3850 0.3850 0.3850 0.3850 0.3850 0.3850 0.3850 0.3850 0.3850 0.3850 0.3850 0.3850 0.3850 0.3850 0.3850 0.3850 0.3850 0.3850 0.3850 0.3850 0.3850 0.3850 0.3850 0.3850 0.3850 0.3850 0.3850 0.3850 0.3850 0.3850 0.3850 0.3850 0.3850 0.3850 0.3850 0.3850 0.3850 0.3850 0.3850 0.3850 0.3850 0.3850 0.3850 0.3850 0.3850 0.3850 0.3850 0.3850 0.3850 0.3850 0.3850 0.3850 0.3850 0.3850 0.3850 0.3850 0.3850 0.3850 0.3850 0.3850 0.3850 0.3850 0.3850 0.3850 0.3850 0.3850 0.3850 0.3850 0.3850 0.3850 0.3850 0.3850 0.3850 0.3850 0.3850 0.3850 0.3850 0.3850 0.3850 0.3850 0.3850 0.3850 0.3850 0.3850 0.3850 0.3850 0.3850 0.3850 0.3850 0.3850 0.3850 0.3850 0.3850 0.3850 0.3850 0.3850 0.3850 0.3850 0.3850 0.3850 0.3850 0.3850 0.3850 0.3850 0.3850 0.3850 0.3850 0.3850 0.3850 0.3850 0.3850 0.3850 0.3850 0.3850 0.3850 0.3850 0.3850 0.3850 0.3850 0.3850 0.3850 0.3850 0.3850 0.3850 0.3850 0.3850 0.3850 0.3850 0.3850 0.3850 0.3850 0.3850 0.3850 0.3850 0.3850 0.3850 0.3850 0.3850 0.3850 0.3850 0.3850 0.3850 0.3850 0.3850 0.3850 0.3850 0.3850 0.3850 0.3850 0.3850 0.3850 0.3850 0.3850 0.3850 0.3850 0.3850 0.3850 0.3850 0.3850 0.3850 0.3850 0.3850 0.3850 0.3850 0.3850 0.3850 0.3850 0.3850 0.3850 0.3850 0.3850 0.3850 0.3850 0.3850 0.3850 0.3850 0.3850 0.3850 0.3850 0.3850 0.3850 0.3850 0.3850 0.3850 0.3850 0.3850 0.3850 0.3850 0.3850 0.3850 0.3850 0.3850 0.3850 0.3850 0.3850 0.3850 0.3850 0.3850 0.3850 0.3850 0.3850 0.3850 0.3850 0.3850 0.3850 0.3850 0.3850 0.3850 0.3850 0.3850 0.3850 0.3850 0.3850 0.3850 0.3850 0.3850 0.3850 0.3850 0.3850 0.3850 0.3850 0.3850 0.3850 0.3850 0.3850 0.3850 0.3850 0.3850 0.3850 0.3850 0.3850 0.3850 0.3850 0.3850 0.3850 0.3850 0.3850 0.3850 0.3850 0.3850 0.3850 0.3850 0.3850 0.3850 0.3850 0.3850 0.3850 0.3850 0.3850 0.3850 0.3850 0.3850 0.3850 0.3850 0.3850 0.3850 0.3850 0.3850 0.3850 0.3850 0.3850 0.3850 0.3850 0.3850 0.3850 0.3850 0.3850 0.3850 0.3850 0.3850 0.3850 0.3850 0.3850 0.3850 0.3850 0.3850 0.3850 0.3850 0.3850 0.3850 0.3850 0.3850 0.3850 0.3850 0.3850 0.3850 0.3850 0.3850 0.3850 0.3850 0.3850 0.3850 0.3850 0.3850 0.3850 0.3850 0.3850 0.3850 0.3850 0.3850 0.3850 0.3850 0.3850 0.3850 0.3850 0.3850 0.3850 0.3850 0.3850 0.3850 0.3850 0.3850 0.3850 0.3850 0.3850 0.3850 0.3850 0.3850 0.3850 0.3850 0.3850 0.3850 0.3850 0.3850 0.3850 0.3850 0.3850 0.3850 0.3850 0.3850 0.3850 0.3850 0.3850 0.3850 0.3850 0.3850 0.3850 0.3850 0.3850 0.3850 0.3850 0.3850 0.3850 0.3850 0.3850 0.3850 0.3850 0.3850 0.3850 0.3850 0.3850 0.3850 0.3850 0.3850 0.3850 0.3850 0.3850 0.3850 0.3850 0.3850 0.3850 0.3850 0.3850 0.3850 0.3850 0.3850 0.3850 0.3850 0.3850 0.3850 0.3850 0.3850 0.3850 0.3850 0.3850 0.3850 0.3850 0.3850 0.3850 0.3850 0.3850 0.3850 0.3850 0.3850 0.3850 0.3850 0.3850 0.3850 0.3850 0.3850 0.3850 0.3850 0.3850 0.3850 0.3850 0.3850 0.3850 0.3850 0.3850 0.3850 0.3850 0.3850 0.3850 0.3850 0.3850 0.3850 0.3850 0.3850 0.3850 0.3850 0.3850 0.3850 0.3850 0.3850 0.3850 0.3850 0.3850 0.3850 0.3850 0.3850 0.3850 0.3850 0.3850 0.3850 0.3850 0.3850 0.3850 0.3850 0.3850 0.3850 0.3850 0.3850 0.3850 0.3850 0.3850 0.3850 0.3850 0.3850 0.3850 0.3850 0.3850 0.3850 0.3850 0.3850 0.3850 0.3850 0.3850 0.3850 0.3850 0.3850 0.3850 0.3850 0.3850 0.3850 0.3850 0.3850 0.3850 0.3850 0.3850 0.3850 0.3850 0.3850 0.3850 0.3850 0.3850 0.3850 0.3850 0.3850 0.3850 0.3850 0.3850 0.3850 0.3850 0.3850 0.3850 0.3850 0.3850 0.3850 0.3850 0.3850 0.3850 0.3850 0.3850 0.3850 0.3850 0.3850 0.3850 0.3850 0.3850 0.3850 0.3850 0.3850 0.3850 0.3850 0.3850 0.3850 0.3850 0.3850 0.3850 0.3850 0.3850 0.3850 0.3850 0.3850 0.3850 0.3850 0.3850 0.3850 0.3850 0.3850 0.3850 0.3850 0.3850 0.3850 0.3850 0.3850 0.3850 0.3850 0.3850 0.3850 0.3850 0.3850 0.3850 0.3850 0.3850 0.3850 0.3850 0.3850 0.3850 0.3850 0.3850 0.3850 0.3850 0.3850 0.3850 0.3850 0.3850 0.3850 0.3850 0.3850 0.3850 0.3850 0.3850 0.3850 0.3850 0.3850 0.3850 0.3850 0.3850 0.3850 0.3850 0.3850 0.3850 0.3850 0.3850 0.3850 0.3850 0.3850 0.3850 0.3850 0.3850 0.3850 0.3850 0.3850 0.3850 0.3850 0.3850 0.3850 0.3850 0.3850 0.3850 0.3850 0.3850 0.3850 0.3850 0.3850 0.3850 0.3850 0.3850 0.3850 0.3850 0.3850 0.3850 0.3850 0.3850 0.3850 0.3850 0.3850 0.3850 0.3850 0.3850 0.3850 0.3850 0.3850 0.3850 0.3850 0.3850 0.3850 0.3850 0.3850 0.3850 0.3850 0.3850 0.3850 0.3850 0.3850 0.3850 0.3850 0.3850 0.3850 0.3850 0.3850 0.3850 0.3850 0.3850 0.3850 0.3850 0.3850 0.3850 0.3850 0.3850 0.3850 0.3850 0.3850 0.3850 0.3850 0.3850 0.3850 0.3850 0.3850 0.3850 0.3850 0.3850 0.3850 0.3850 0.3850 0.3850 0.3850 0.3850 0.3850 0.3850 0.3850 0.3850 0.3850 0.3850 0.3850 0.3850 0.3850 0.3850 0.3850 0.3850 0.3850 0.3850 0.3850 0.3850 0.3850 0.3850 0.3850 0.3850 0.3850 0.3850 0.3850 0.3850 0.3850 0.3850 0.3850 0.3850 0.3850 0.3850 0.3850 0.3850 0.3850 0.3850 0.3850 0.3850 0.3850 0.3850 0.3850 0.3850 0.3850 0.3850 0.3850 0.3850 0.3850 0.3850 0.3850 0.3850 0.3850 0.3850 0.3850 0.3850 0.3850 0.3850 0.3850 0.3850 0.3850 0.3850 0.3850 0.3850 0.3850 0.3850 0.3850 0.3850 0.3850 0.3850 0.3850 0.3850 0.3850 0.3850 0.3850 0.3850 0.3850 0.3850 0.3850 0.3850 0.3850 0.3850 0.3850 0.3850 0.3850 0.3850 0.3850 0.3850 0.3850 0.3850 0.3850 0.3850 0.3850 0.3850 0.3850 0.3850 0.3850 0.3850 0.3850 0.3850 0.3850 0.3850 0.3850 0.3850 0.3850 0.3850 0.3850 0.3850 0.3850 0.3850 0.3850 0.3850 0.3850 0.3850 0.3850 0.3850 0.3850 0.3850 0.3850 0.3850 0.3850 0.3850 0.3850 0.4720 0.4720 0.4720 0.4720 0.4720 0.4720 0.4720 0.4720 0.4720 0.4720 0.4720 0.4720 0.4720 0.4720 0.4720 0.4720 0.4720 0.4720 0.4720 0.4720 0.4720 0.4720 0.4720 0.4720 0.4720 0.4720 0.4720 0.4720 0.4720 0.4720 0.4720 0.4720 0.4720 0.4720 0.4720 0.4720 0.4720 0.4720 0.4720 0.4720 0.4720 0.4720 0.4720 0.4720 0.4720 0.4720 0.4720 0.4720 0.4720 0.4720 0.4720 0.4720 0.4720 0.4720 0.4720 0.4720 0.4720 0.4720 0.4720 0.4720 0.4720 0.4720 0.4720 0.4720 0.4720 0.4720 0.4720 0.4720 0.4720 0.4720 0.4720 0.4720 0.4720 0.4720 0.4720 0.4720 0.4720 0.4720 0.4720 0.4720 0.4720 0.4720 0.4720 0.4720 0.4720 0.4720 0.4720 0.4720 0.4720 0.4720 0.4720 0.4720 0.4720 0.4720 0.4720 0.4720 0.4720 0.4720 0.4720 0.4720 0.4720 0.4720 0.4720 0.4720 0.4720 0.4720 0.4720 0.4720 0.4720 0.4720 0.4720 0.4720 0.4720 0.4720 0.4720 0.4720 0.4720 0.4720 0.4720 0.4720 0.4720 0.4720 0.4720 0.4720 0.4720 0.4720 0.4720 0.4720 0.4720 0.4720 0.4720 0.4720 0.4720 0.4720 0.4720 0.4720 0.4720 0.4720 0.4720 0.4720 0.4720 0.4720 0.4720 0.4720 0.4720 0.4720 0.4720 0.4720 0.4720 0.4720 0.4720 0.4720 0.4720 0.4720 0.4720 0.4720 0.4720 0.4720 0.4720 0.4720 0.4720 0.4720 0.4720 0.4720 0.4720 0.4720 0.4720 0.4720 0.4720 0.4720 0.4720 0.4720 0.4720 0.4720 0.4720 0.4720 0.4720 0.4720 0.4720 0.4720 0.4720 0.4720 0.4720 0.4720 0.4720 0.4720 0.4720 0.4720 0.4720 0.4720 0.4720 0.4720 0.4720 0.4720 0.4720 0.4720 0.4720 0.4720 0.4720 0.4720 0.4720 0.4720 0.4720 0.4720 0.4720 0.4720 0.4720 0.4720 0.4720 0.4720 0.4720 0.4720 0.4720 0.4720 0.4720 0.4720 0.4720 0.4720 0.4720 0.4720 0.4720 0.4720 0.4720 0.4720 0.4720 0.4720 0.4720 0.4720 0.4720 0.4720 0.4720 0.4720 0.4720 0.4720 0.4720 0.4720 0.4720 0.4720 0.4720 0.4720 0.4720 0.4720 0.4720 0.4720 0.4720 0.4720 0.4720 0.4720 0.4720 0.4720 0.4720 0.4720 0.4720 0.4720 0.4720 0.4720 0.4720 0.4720 0.4720 0.4720 0.4720 0.4720 0.4720 0.4720 0.4720 0.4720 0.4720 0.4720 0.4720 0.4720 0.4720 0.4720 0.4720 0.4720 0.4720 0.4720 0.4720 0.4720 0.4720 0.4720 0.4720 0.4720 0.4720 0.4720 0.4720 0.4720 0.4720 0.4720 0.4720 0.4720 0.4720 0.4720 0.4720 0.4720 0.4720 0.4720 0.4720 0.4720 0.4720 0.4720 0.4720 0.4720 0.4720 0.4720 0.4720 0.4720 0.4720 0.4720 0.4720 0.4720 0.4720 0.4720 0.4720 0.4720 0.4720 0.4720 0.4720 0.4720 0.4720 0.4720 0.4720 0.4720 0.4720 0.4720 0.4720 0.4720 0.4720 0.4720 0.4720 0.4720 0.4720 0.4720 0.4720 0.4720 0.4720 0.4720 0.4720 0.4720 0.4720 0.4720 0.4720 0.4720 0.4720 0.4720 0.4720 0.4720 0.4720 0.4720 0.4720 0.4720 0.4720 0.4720 0.4720 0.4720 0.4720 0.4720 0.4720 0.4720 0.4720 0.4720 0.4720 0.4720 0.4720 0.4720 0.4720 0.4720 0.4720 0.4680 0.4680 0.4680 0.4680 0.4680 0.4680 0.4680 0.4680 0.4680 0.4680 0.4680 0.4680 0.4680 0.4680 0.4680 0.4680 0.4680 0.4680 0.4680 0.4680 0.4680 0.4680 0.4680 0.4680 0.4680 0.4680 0.4680 0.4680 0.4680 0.4680 0.4680 0.4680 0.4680 0.4680 0.4680 0.4680 0.4680 0.4680 0.4680 0.4680 0.4680 0.4680 0.4680 0.4680 0.4680 0.4680 0.4680 0.4680 0.4680 0.4680 0.4680 0.4680 0.4680 0.4680 0.4680 0.4680 0.4680 0.4680 0.4680 0.4680 0.4680 0.4680 0.4680 0.4680 0.4680 0.4680 0.4680 0.4680 0.4680 0.4680 0.4680 0.4680 0.4680 0.4680 0.4680 0.4680 0.4680 0.4680 0.4680 0.4680 0.4680 0.4680 0.4680 0.4680 0.4680 0.4680 0.4680 0.4680 0.4680 0.4680 0.4680 0.4680 0.4680 0.4680 0.4680 0.4680 0.4680 0.4680 0.4680 0.4680 0.4680 0.4680 0.4680 0.4680 0.4680 0.4680 0.4680 0.4680 0.4680 0.4680 0.4680 0.4680 0.4680 0.4680 0.4680 0.4680 0.4680 0.4680 0.4680 0.4680 0.4680 0.4680 0.4680 0.4680 0.4680 0.4680 0.4680 0.4680 0.4680 0.4680 0.4680 0.4680 0.4680 0.4680 0.4680 0.4680 0.4680 0.4680 0.4680 0.4680 0.4680 0.4680 0.4680 0.4680 0.4680 0.4680 0.4680 0.4680 0.4680 0.4680 0.4680 0.4680 0.4680 0.4680 0.4680 0.4680 0.4680 0.4680 0.4680 0.4680 0.4680 0.4680 0.4680 0.4680 0.4680 0.4680 0.4680 0.4680 0.4680 0.4680 0.4680 0.4680 0.4680 0.4680 0.4680 0.4680 0.4680 0.4680 0.4680 0.4680 0.4680 0.4680 0.4680 0.4680 0.4680 0.4680 0.4680 0.4680 0.4680 0.4680 0.4680 0.4680 0.4680 0.4680 0.4680 0.4680 0.4680 0.4680 0.4680 0.4680 0.4680 0.4680 0.4680 0.4680 0.4680 0.4680 0.4680 0.4680 0.4680 0.4680 0.4680 0.4680 0.4680 0.4680 0.4680 0.4680 0.4680 0.4680 0.4680 0.4680 0.4680 0.4680 0.4680 0.4680 0.4680 0.4680 0.4680 0.4680 0.4680 0.4680 0.4680 0.4680 0.4680 0.4680 0.4680 0.4680 0.4680 0.4680 0.4680 0.4680 0.4680 0.4680 0.4680 0.4680 0.3850 0.3850 0.3850 0.3850 0.3850 0.3850 0.3850 0.3850 0.3850 0.3850 0.3850 0.3850 0.3850 0.3850 0.3850 0.3850 0.3850 0.3850 0.3850 0.3850 0.3850 0.3850 0.3850 0.3850 0.3850 0.3850 0.3850 0.3850 0.3850 0.3850 0.3850 0.3850 0.3850 0.3850 0.3850 0.3850 0.3850 0.3850 0.3850 0.3850 0.3850 0.3850 0.3850 0.3850 0.3850 0.3850 0.3850 0.3850 0.3850 0.3850 0.3850 0.3850 0.3850 0.3850 0.3850 0.3850 0.3850 0.3850 0.3850 0.3850 0.3850 0.3850 0.3850 0.3850 0.3850 0.3850 0.3850 0.3850 0.3850 0.3850 0.3850 0.3850 0.3850 0.3850 0.3850 0.3850 0.3850 0.3850 0.3850 0.3850 0.3850 0.3850 0.3850 0.3850 0.3850 0.3850 0.3850 0.3850 0.3850 0.3850 0.3850 0.3850 0.3850 0.3850 0.3850 0.3850 0.3850 0.3850 0.3850 0.3850 0.3850 0.3850 0.3850 0.3850 0.3850 0.3850 0.3850 0.3850 0.3850 0.3850 0.3850 0.3850 0.3850 0.3850 0.3850 0.3850 0.3850 0.3850 0.3850 0.3850 0.3850 0.3850 0.3850 0.3850 0.3850 0.3850 0.3850 0.3850 0.3850 0.3850 0.3850 0.3850 0.3850 0.3850 0.3850 0.3850 0.3850 0.3850 0.3850 0.3850 0.3850 0.3850 0.3850 0.3850 0.3850 0.3850 0.3850 0.3850 0.3850 0.3850 0.3850 0.3850 0.3850 0.3850 0.3850 0.3850 0.3850 0.3850 0.3850 0.3850 0.3850 0.3850 0.3850 0.3850 0.3850 0.3850 0.3850 0.3850 0.3850 0.3850 0.3850 0.3850 0.3850 0.3850 0.3850 0.3850 0.3850 0.3850 0.3850 0.3850 0.3850 0.3850 0.3850 0.3850 0.3850 0.3850 0.3850 0.3850 0.3850 0.3850 0.3850 0.3850 0.3850 0.3850 0.3850 0.3850 0.3850 0.3850 0.3850 0.3850 0.3850 0.3850 0.3850 0.3850 0.3850 0.3850 0.3850 0.3850 0.3850 0.3850 0.3850 0.3850 0.3850 0.3850 0.3850 0.3850 0.3850 0.3850 0.3850 0.3850 0.3850 0.3850 0.3850 0.3850 0.3850 0.3850 0.3850 0.3850 0.3850 0.3850 0.3850 0.3850 0.3850 0.3850 0.3850 0.3850 0.3850 0.3850 0.3850 0.3850 0.3850 0.3850 0.3850 0.3850 0.3850 0.3850 0.3850 0.3850 0.3850 0.3850 0.3850 0.3850 0.3850 0.3850 0.3850 0.3850 0.3850 0.3850 0.3850 0.3850 0.3850 0.3850 0.3850 0.3850 0.3850 0.3850 0.3850 0.3850 0.3850 0.3850 0.3850 0.3850 0.3850 0.3850 0.3850 0.3850 0.3850 0.3850 0.3850 0.3850 0.3850 0.3850 0.3850 0.3850 0.3850 0.3850 0.3850 0.3850 0.3850 0.3850 0.3850 0.3850 0.3850 0.3850 0.3850 0.3850 0.3850 0.3850 0.3850 0.3850 0.3850 0.3850 0.3850 0.3850 0.3850 0.3850 0.3850 0.3850 0.3850 0.3850 0.3850 0.3850 0.3850 0.3850 0.3850 0.3850 0.3850 0.3850 0.3850 0.3850 0.3850 0.3850 0.3850 0.3850 0.3850 0.3850 0.3850 0.3850 0.3850 0.3850 0.3850 0.3850 0.3850 0.3850 0.3850 0.3850 0.3850 0.3850 0.3850 0.3850 0.3850 0.3850 0.3850 0.3850 0.3850 0.3850 0.3850 0.3850 0.3850 0.3850 0.3850 0.3850 0.3850 0.3850 0.3850 0.3850 0.3850 0.3850 0.3850 0.3850 0.3850 0.3850 0.3850 0.3850 0.3850 0.3850 0.3850 0.3850 0.3850 0.3850 0.3850 0.3850 0.3850 0.3850 0.3850 0.3850 0.3850 0.3850 0.3850 0.3850 0.3850 0.3850 0.3850 0.3850 0.3850 0.3850 0.3850 0.3850 0.3850 0.3850 0.3850 0.3850 0.3850 0.3850 0.3850 0.3850 0.3850 0.3850 0.3850 0.3850 0.3850 0.3850 0.3850 0.3850 0.3850 0.3850 0.3850 0.3850 0.3850 0.3850 0.3850 0.3850 0.3850 0.3850 0.3850 0.3850 0.3850 0.3850 0.3850 0.3850 0.3850 0.3850 0.3850 0.3850 0.3850 0.3850 0.3850 0.3850 0.3850 0.3850 0.3850 0.3850 0.3850 0.3850 0.3850 0.3850 0.3850 0.3850 0.3850 0.3850 0.3850 0.3850 0.3850 0.3850 0.3850 0.3850 0.3850 0.3850 0.3850 0.3850 0.3850 0.3850 0.3850 0.3850 0.3850 0.3850 0.3850 0.3850 0.3850 0.3850 0.3850 0.3850 0.3850 0.3850 0.3850 0.3850 0.3850 0.3850 0.3850 0.3850 0.3850 0.3850 0.3850 0.3850 0.3850 0.3850 0.3850 0.3850 0.3850 0.3850 0.3850 0.3850 0.3850 0.3850 0.3850 0.3850 0.3850 0.3850 0.3850 0.3850 0.3850 0.3850 0.3850 0.3850 0.3850 0.3850 0.3850 0.3850 0.3850 0.3850 0.3850 0.3850 0.3850 0.3850 0.3850 0.3850 0.3850 0.3850 0.3850 0.3850 0.3850 0.3850 0.3850 0.3850 0.3850 0.3850 0.3850 0.3850 0.3850 0.3850 0.3850 0.3850 0.3850 0.3850 0.3850 0.3850 0.3850 0.3850 0.3850 0.3850 0.3850 0.3850 0.3850 0.3850 0.3850 0.3850 0.3850 0.3850 0.3850 0.3850 0.3850 0.3850 0.3850 0.3850 0.3850 0.3850 0.3850 0.3850 0.3850 0.3850 0.3850 0.3850 0.3850 0.3850 0.3850 0.3850 0.3850 0.3850 0.3850 0.3850 0.3850 0.3850 0.3850 0.3850 0.3850 0.3850 0.3850 0.3850 0.3850 0.3850 0.3850 0.3850 0.3850 0.3850 0.3850 0.3850 0.3850 0.3850 0.3850 0.3850 0.3850 0.3850 0.3850 0.3850 0.3850 0.3850 0.3850 0.3850 0.3850 0.3850 0.3850 0.3850 0.3850 0.3850 0.3850 0.3850 0.3850 0.3850 0.3850 0.3850 0.3850 0.3850 0.3850 0.3850 0.3850 0.3850 0.3850 0.3850 0.3850 0.3850 0.3850 0.3850 0.3850 0.3850 0.3850 0.3850 0.3850 0.3850 0.3850 0.3850 0.3850 0.3850 0.3850 0.3850 0.3850 0.3850 0.3850 0.3850 0.3850 0.3850 0.3850 0.3850 0.3850 0.3850 0.3850 0.3850 0.3850 0.3850 0.3850 0.3850 0.3850 0.3850 0.3850 0.3850 0.3850 0.3850 0.3850 0.3850 0.3850 0.3850 0.3850 0.3850 0.3850 0.3850 0.3850 0.3850 0.3850 0.3850 0.3850 0.3850 0.3850 0.3850 0.3850 0.3850 0.3850 0.3850 0.3850 0.3850 0.3850 0.3850 0.3850 0.3850 0.3850 0.3850 0.3850 0.3850 0.3850 0.3850 0.3850 0.3850 0.3850 0.3850 0.3850 0.3850 0.3850 0.3850 0.3850 0.3850 0.3850 0.3850 0.3850 0.3850 0.3850 0.3850 0.3850 0.3850 0.3850 0.3850 0.3850 0.3850 0.3850 0.3850 0.3850 0.3850 0.3850 0.3850 0.3850 0.3850 0.3850 0.3850 0.3850 0.3850 0.3850 0.3850 0.3850 0.3850 0.3850 0.3850 0.3850 0.3850 0.3850 0.3850 0.3850 0.3850 0.3850 0.3850 0.3850 0.3850 0.3850 0.3850 0.3850 0.3850 0.3850 0.3850 0.3850 0.3850 0.3850 0.3850 0.3850 0.3850 0.3850 0.3850 0.3850 0.3850 0.3850 0.3850 0.3850 0.3850 0.3850 0.3850 0.3850 0.3850 0.3850 0.3850 0.3850 0.3850 0.3850 0.3850 0.3850 0.3850 0.3850 0.3850 0.3850 0.3850 0.3850 0.3850 0.3850 0.3850 0.3850 0.3850 0.3850 0.3850 0.3850 0.3850 0.3850 0.3850 0.3850 0.3850 0.3850 0.3850 0.3850 0.3850 0.3850 0.3850 0.3850 0.3850 0.3850 0.3850 0.3850 0.3850 0.3850 0.3850 0.3850 0.3850 0.3850 0.3850 0.3850 0.3850 0.3850 0.3850 0.3850 0.3850 0.3850 0.3850 0.3850 0.3850 0.3850 0.3850 0.3850 0.3850 0.3850 0.3850 0.3850 0.3850 0.3850 0.3850 0.3850 0.3850 0.3850 0.3850 0.3850 0.3850 0.3850 0.3850 0.3850 0.3850 0.3850 0.3850 0.3850 0.3850 0.3850 0.3850 0.3850 0.3850 0.3850 0.3850 0.3850 0.3850 0.3850 0.3850 0.3850 0.3850 0.3850 0.3850 0.3850 0.3850 0.3850 0.3850 0.3850 0.3850 0.3850 0.3850 0.3850 0.3850 0.3850 0.3850 0.3850 0.3850 0.3850 0.3850 0.3850 0.3850 0.3850 0.3850 0.3850 0.3850 0.3850 0.3850 0.3850 0.3850 0.3850 0.3850 0.3850 0.3850 0.3850 0.3850 0.3850 0.3850 0.3850 0.3850 0.3850 0.3850 0.3850 0.3850 0.3850 0.3850 0.3850 0.3850 0.3850 0.3850 0.3850 0.3850 0.3850 0.3850 0.3850 0.3850 0.3850 0.3850 0.3850 0.3850 0.3850 0.3850 0.3850 0.3850 0.3850 0.3850 0.3850 0.3850 0.3850 0.3850 0.3850 0.3850 0.3850 0.3850 0.3850 0.3850 0.3850 0.3850 0.3850 0.3850 0.3850 0.3850 0.3850 0.3850 0.3850 0.3850 0.3850 0.3850 0.3850 0.3850 0.3850 0.3850 0.3850 0.3850 0.3850 0.3850 0.3850 0.3850 0.3850 0.3850 0.3850 0.3850 0.3850 0.3850 0.3850 0.3850 0.3850 0.3850 0.3850 0.3850 0.3850 0.3850 0.3850 0.3850 0.3850 0.3850 0.3850 0.3850 0.3850 0.3850 0.3850 0.3850 0.3850 0.3850 0.3850 0.3850 0.3850 0.3850 0.3850 0.3850 0.3850 0.3850 0.3850 0.3850 0.3850 0.3850 0.3850 0.3850 0.3850 0.3850 0.3850 0.3850 0.3850 0.3850 0.3850 0.3850 0.3850 0.3850 0.3850 0.3850 0.3850 0.3850 0.3850 0.3850 0.3850 0.3850 0.3850 0.3850 0.3850 0.3850 0.3850 0.3850 0.3850 0.3850 0.3850 0.3850 0.3850 0.3850 0.3850 0.3850 0.3850 0.3850 0.3850 0.3850 0.3850 0.3850 0.3850 0.3850 0.3850 0.3850 0.3850 0.3850 0.3850 0.3850 0.3850 0.3850 0.3850 0.3850 0.3850 0.3850 0.3850 0.3850 0.3850 0.3850 0.3850 0.3850 0.3850 0.3850 0.3850 0.3850 0.3850 0.3850 0.3850 0.3850 0.3850 0.3850 0.3850 0.3850 0.3850 0.3850 0.3850 0.3850 0.3850 0.3850 0.3850 0.3850 0.3850 0.3850 0.3850 0.3850 0.3850 0.3850 0.3850 0.3850 0.3850 0.3850 0.3850 0.3850 0.3850 0.3850 0.3850 0.3850 0.3850 0.3850 0.3850 0.3850 0.3850 0.3850 0.3850 0.3850 0.3850 0.3850 0.3850 0.3850 0.3850 0.3850 0.3850 0.3850 0.3850 0.3850 0.3850 0.3850 0.3850 0.3850 0.3850 0.3850 0.3850 0.3850 0.3850 0.3850 0.3850 0.3850 0.3850 0.3850 0.3850 0.3850 0.3850 0.3850 0.3850 0.3850 0.3850 0.3850 0.3850 0.3850 0.3850 0.3850 0.3850 0.3850 0.3850 0.3850 0.3850 0.3850 0.3850 0.3850 0.3850 0.3850 0.3850 0.3850 0.3850 0.3850 0.3850 0.3850 0.3850 0.3850 0.3850 0.3850 0.3850 0.3850 0.3850 0.3850 0.3850 0.3850 0.3850 0.3850 0.3850 0.3850 0.3850 0.3850 0.3850 0.3850 0.3850 0.3850 0.3850 0.3850 0.3850 0.3850 0.3850 0.3850 0.3850 0.3850 0.3850 0.3850 0.3850 0.3850 0.3850 0.3850 0.3850 0.3850 0.3850 0.3850 0.3850 0.3850 0.3850 0.3850 0.3850 0.3850 0.3850 0.3850 0.3850 0.3850 0.3850 0.3850 0.3850 0.3850 0.3850 0.3850 0.3850 0.3850 0.3850 0.3850 0.3850 0.3850 0.3850 0.3850 0.3850 0.3850 0.3850 0.3850 0.3850 0.3850 0.3850 0.3850 0.3850 0.3850 0.3850 0.3850 0.3850 0.3850 0.3850 0.3850 0.3850 0.3850 0.3850 0.3850 0.3850 0.3850 0.3850 0.3850 0.3850 0.3850 0.3850 0.3850 0.3850 0.3850 0.3850 0.3850 0.3850 0.3850 0.3850 0.3850 0.3850 0.3850 0.3850 0.3850 0.3850 0.3850 0.3850 0.3850 0.3850 0.3850 0.3850 0.3850 0.3850 0.3850 0.3850 0.3850 0.3850 0.3850 0.3850 0.3850 0.3850 0.3850 0.3850 0.3850 0.3850 0.3850 0.3850 0.3850 0.3850 0.3850 0.3850 0.3850 0.3850 0.3850 0.3850 0.3850 0.3850 0.3850 0.3850 0.3850 0.3850 0.3850 0.3850 0.3850 0.3850 0.3850 0.3850 0.3850 0.3850 0.3850 0.3850 0.3850 0.3850 0.3850 0.3850 0.3850 0.3850 0.3850 0.3850 0.3850 0.3850 0.3850 0.3850 0.3850 0.3850 0.3850 0.3850 0.3850 0.3850 0.3850 0.3850 0.3850 0.3850 0.3850 0.3850 0.3850 0.3850 0.3850 0.3850 0.3850 0.3850 0.3850 0.3850 0.3850 0.3850 0.3850 0.3850 0.3850 0.3850 0.3850 0.3850 0.3850 0.3850 0.3850 0.3850 0.3850 0.3850 0.3850 0.3850 0.3850 0.3850 0.3850 0.3850 0.3850 0.3850 0.3850 0.3850 0.3850 0.3850 0.3850 0.3850 0.3850 0.3850 0.3850 0.3850 0.3850 0.3850 0.3850 0.3850 0.3850 0.3850 0.3850 0.3850 0.3850 0.3850 0.3850 0.3850 0.3850 0.3850 0.3850 0.3850 0.3850 0.3850 0.3850 0.3850 0.3850 0.3850 0.3850 0.3850 0.3850 0.3850 0.3850 0.3850 0.3850 0.3850 0.3850 0.3850 0.3850 0.3850 0.3850 0.3850 0.3850 0.3850 0.3850 0.3850 0.3850 0.3850 0.3850 0.3850 0.3850 0.3850 0.3850 0.3850 0.3850 0.3850 0.3850 0.3850 0.3850 0.3850 0.3850 0.3850 0.3850 0.3850 0.3850 0.3850 0.3850 0.3850 0.3850 0.3850 0.3850 0.3850 0.3850 0.3850 0.3850 0.3850 0.3850 0.3850 0.3850 0.3850 0.3850 0.3850 0.3850 0.3850 0.3850 0.3850 0.3850 0.3850 0.3850 0.3850 0.3850 0.3850 0.3850 0.3850 0.3850 0.3850 0.3850 0.3850 0.3850 0.3850 0.3850 0.3850 0.3850 0.3850 0.3850 0.3850 0.3850 0.3850 0.3850 0.3850 0.3850 0.3850 0.3850 0.3850 0.3850 0.3850 0.3850 0.3850 0.3850 0.3850 0.3850 0.3850 0.3850 0.3850 0.3850 0.3850 0.3850 0.3850 0.3850 0.3850 0.3850 0.3850 0.3850 0.3850 0.3850 0.3850 0.3850 0.3850 0.3850 0.3850 0.3850 0.3850 0.3850 0.3850 0.3850 0.3850 0.3850 0.3850 0.3850 0.3850 0.3850 0.3850 0.3850 0.3850 0.3850 0.3850 0.3850 0.3850 0.3850 0.3850 0.3850 0.3850 0.4610 0.4610 0.4610 0.4610 0.4610 0.4610 0.4610 0.4610 0.4610 0.4610 0.4610 0.4610 0.4610 0.4610 0.4610 0.4610 0.4610 0.4610 0.4610 0.4610 0.4610 0.4610 0.4610 0.4610 0.4610 0.4610 0.4610 0.4610 0.4610 0.4610 0.4610 0.4610 0.4610 0.4610 0.4610 0.4610 0.4610 0.4610 0.4610 0.4610 0.4610 0.4610 0.4610 0.4610 0.4610 0.4610 0.4610 0.4610 0.4610 0.4610 0.4610 0.4610 0.4610 0.4610 0.4610 0.4610 0.4610 0.4610 0.4610 0.4610 0.4610 0.4610 0.4610 0.4610 0.4610 0.4610 0.4610 0.4610 0.4610 0.4610 0.4610 0.4610 0.4610 0.4610 0.4610 0.4610 0.4610 0.4610 0.4610 0.4610 0.4610 0.4610 0.4610 0.4610 0.4610 0.4610 0.4610 0.4610 0.4610 0.4610 0.4610 0.4610 0.4610 0.4610 0.4610 0.4610 0.4610 0.4610 0.4610 0.4610 0.4610 0.4610 0.4610 0.4610 0.4610 0.4610 0.4610 0.4610 0.4610 0.4610 0.4610 0.4610 0.4610 0.4610 0.4610 0.4610 0.4610 0.4610 0.4610 0.4610 0.4610 0.4610 0.4610 0.4610 0.4610 0.4610 0.4610 0.4610 0.4610 0.4610 0.4610 0.4610 0.4610 0.4610 0.4610 0.4610 0.4610 0.4610 0.4610 0.4610 0.4610 0.4610 0.4610 0.4610 0.4610 0.4610 0.4610 0.4610 0.4610 0.4610 0.4610 0.4610 0.4610 0.4610 0.4610 0.4610 0.4610 0.4610 0.4610 0.4610 0.4610 0.4610 0.4610 0.4610 0.4610 0.4610 0.4610 0.4610 0.4610 0.4610 0.4610 0.4610 0.4610 0.4610 0.4610 0.4610 0.4610 0.4610 0.4610 0.4610 0.4610 0.4610 0.4610 0.4610 0.4610 0.4610 0.4610 0.4610 0.4610 0.4610 0.4610 0.4610 0.4610 0.4610 0.4610 0.4610 0.4610 0.4610 0.4610 0.4610 0.4610 0.4610 0.4610 0.4610 0.4610 0.4610 0.4610 0.4610 0.4610 0.4610 0.4610 0.4610 0.4610 0.4610 0.4610 0.4610 0.4610 0.4610 0.4610 0.4610 0.4610 0.4610 0.4610 0.4610 0.4610 0.4610 0.4610 0.4610 0.4610 0.4610 0.4610 0.4610 0.4610 0.4610 0.4610 0.4610 0.4610 0.4610 0.4610 0.4610 0.4610 0.4610 0.4610 0.4610 0.4610 0.4610 0.4610 0.4610 0.4610 0.4610 0.4610 0.4610 0.4610 0.4610 0.4610 0.4610 0.4610 0.4610 0.4610 0.4610 0.4610 0.4610 0.4610 0.4610 0.4610 0.4610 0.4610 0.4610 0.4610 0.4610 0.4610 0.4610 0.4610 0.4610 0.4610 0.4610 0.4610 0.4610 0.4610 0.4610 0.4610 0.4610 0.4610 0.4610 0.4610 0.4610 0.4610 0.4610 0.4610 0.4610 0.4610 0.4610 0.4610 0.4610 0.4610 0.4610 0.4610 0.4610 0.4610 0.4610 0.4610 0.4610 0.4610 0.4610 0.4610 0.4610 0.4610 0.4610 0.4610 0.4610 0.4610 0.4610 0.4610 0.4610 0.4610 0.4610 0.4610 0.4610 0.4610 0.4610 0.4610 0.4610 0.4610 0.4610 0.4610 0.4610 0.4610 0.4610 0.4610 0.4610 0.4610 0.4610 0.4610 0.4610 0.4610 0.4610 0.4610 0.4610 0.4610 0.4610 0.4610 0.4610 0.4610 0.4610 0.4610 0.4610 0.4610 0.4610 0.4610 0.4610 0.4610 0.4610 0.4610 0.4610 0.4610 0.4610 0.4610 0.4610 0.4610 0.4610 0.4610 0.4610 0.4610 0.4610 0.4610 0.4610 0.4610 0.4610 0.4610 0.4610 0.4610 0.4610 0.4610 0.4610 0.4610 0.4610 0.4610 0.4610 0.4610 0.4610 0.4610 0.4610 0.4610 0.4610 0.4610 0.4610 0.4610 0.4610 0.4610 0.4610 0.4610 0.4610 0.4610 0.4610 0.4610 0.4610 0.4610 0.4610 0.4610 0.4610 0.4610 0.4610 0.4610 0.4610 0.4610 0.4610 0.4610 0.4610 0.4610 0.4610 0.4610 0.4610 0.4610 0.4610 0.4610 0.4610 0.4610 0.4610 0.4610 0.4610 0.4610 0.4610 0.4610 0.4610 0.4610 0.4610 0.4610 0.4610 0.4610 0.4610 0.4610 0.4610 0.4610 0.4610 0.4610 0.4610 0.4610 0.4610 0.4610 0.4610 0.4610 0.4610 0.4610 0.4610 0.4610 0.4610 0.4610 0.4610 0.4610 0.4610 0.4610 0.4610 0.4610 0.4610 0.4610 0.4610 0.4610 0.4610 0.4610 0.4610 0.4610 0.4610 0.4610 0.4610 0.4610 0.4610 0.4610 0.4610 0.4610 0.4610 0.4610 0.4610 0.4610 0.4610 0.4610 0.4610 0.4610 0.4610 0.4610 0.4610 0.4610 0.4610 0.4610 0.4610 0.4610 0.4610 0.4610 0.4610 0.4610 0.4610 0.4610 0.4610 0.4610 0.4610 0.4610 0.4610 0.4610 0.4610 0.4610 0.4610 0.4610 0.4610 0.4610 0.4610 0.4610 0.4610 0.4610 0.4610 0.4610 0.4610 0.4610 0.4610 0.4610 0.4610 0.4610 0.4610 0.4610 0.4610 0.4610 0.4610 0.4610 0.4610 0.4610 0.4610 0.4610 0.4610 0.4610 0.4610 0.4610 0.4610 0.4610 0.4610 0.4610 0.4610 0.4610 0.4610 0.4610 0.4610 0.4610 0.4610 0.4610 0.4610 0.4610 0.4610 0.4610 0.4610 0.4610 0.4610 0.4610 0.4610 0.4610 0.4610 0.4610 0.4610 0.4610 0.4610 0.4610 0.4610 0.4610 0.4610 0.4610 0.4610 0.4610 0.4610 0.4610 0.4610 0.4610 0.4610 0.4610 0.4610 0.4610 0.4610 0.4610 0.4610 0.4610 0.4610 0.4610 0.4610 0.4610 0.4610 0.4610 0.4610 0.4610 0.4610 0.4610 0.4610 0.4610 0.4610 0.4610 0.4610 0.4610 0.4610 0.4610 0.4610 0.4610 0.4610 0.4610 0.4610 0.4610 0.4610 0.4610 0.4610 0.4610 0.4610 0.4610 0.4610 0.4610 0.4610 0.4610 0.4610 0.4610 0.4610 0.4610 0.4610 0.4610 0.4610 0.4610 0.4610 0.4610 0.4610 0.4610 0.4610 0.4610 0.4610 0.4610 0.4610 0.4610 0.4610 0.4610 0.4610 0.4610 0.4610 0.4610 0.4610 0.4610 0.4610 0.4610 0.4610 0.4610 0.4610 0.4610 0.4610 0.4610 0.4610 0.4610 0.4610 0.4610 0.4610 0.4610 0.4610 0.4610 0.4610 0.4610 0.4610 0.4610 0.4610 0.4610 0.4610 0.4610 0.4610 0.4610 0.4610 0.4610 0.4610 0.4610 0.4610 0.4610 0.4610 0.4610 0.4610 0.4610 0.4610 0.4610 0.4610 0.4610 0.4610 0.4610 0.4610 0.4610 0.4610 0.4610 0.4610 0.4610 0.4610 0.4610 0.4610 0.4610 0.4610 0.4610 0.4610 0.4610 0.4610 0.4610 0.4610 0.4610 0.4610 0.4610 0.4610 0.4610 0.4610 0.4610 0.4610 0.4610 0.4610 0.4610 0.4610 0.4610 0.4610 0.4610 0.4610 0.4610 0.4610 0.4610 0.4610 0.4610 0.4610 0.4610 0.4610 0.4610 0.4610 0.4610 0.4610 0.4610 0.4610 0.4610 0.4610 0.4610 0.4610 0.4610 0.4610 0.4610 0.4610 0.4610 0.4610 0.4610 0.4610 0.4610 0.4610 0.4610 0.4610 0.4610 0.4610 0.4610 0.4610 0.4610 0.4610 0.4610 0.4610 0.4610 0.4610 0.4610 0.4610 0.4610 0.4610 0.4610 0.4610 0.4610 0.4610 0.4610 0.4610 0.4610 0.4610 0.4610 0.4610 0.4610 0.4610 0.4610 0.4610 0.4610 0.4610 0.4610 0.4610 0.4610 0.4610 0.4610 0.4610 0.4610 0.4610 0.4610 0.4610 0.4610 0.4610 0.4610 0.4610 0.4610 0.4610 0.4610 0.4610 0.4610 0.4610 0.4610 0.4610 0.4610 0.4610 0.4610 0.4610 0.4610 0.4610 0.4610 0.4610 0.4610 0.4610 0.4610 0.4610 0.4610 0.4610 0.4610 0.4610 0.4610 0.4610 0.4610 0.4610 0.4610 0.4610 0.4610 0.4610 0.4610 0.4610 0.4610 0.4610 0.4610 0.4610 0.4610 0.4610 0.4610 0.4610 0.4610 0.4610 0.4610 0.4610 0.4610 0.4610 0.4610 0.4610 0.4610 0.4610 0.4610 0.4610 0.4610 0.4610 0.4610 0.4610 0.4610 0.4610 0.4610 0.4610 0.4610 0.4610 0.4610 0.4610 0.4610 0.4610 0.4610 0.4610 0.4610 0.4610 0.4610 0.4610 0.4610 0.4610 0.4610 0.4610 0.4610 0.4610 0.4610 0.4610 0.4610 0.4610 0.4610 0.4610 0.4610 0.4610 0.4610 0.4610 0.4610 0.4610 0.4610 0.4610 0.4610 0.4610 0.4610 0.4610 0.4610 0.4610 0.4610 0.4610 0.4610 0.4610 0.4610 0.4610 0.4610 0.4610 0.4610 0.4610 0.4610 0.4610 0.4610 0.4610 0.4610 0.4610 0.4610 0.4610 0.4610 0.4610 0.4610 0.4610 0.4610 0.4610 0.4610 0.4610 0.4610 0.4610 0.4610 0.4610 0.4610 0.4610 0.4610 0.4610 0.4610 0.4610 0.4610 0.4610 0.4610 0.4610 0.4610 0.4610 0.4610 0.4610 0.4610 0.4610 0.4610 0.4610 0.4610 0.4610 0.4610 0.4610 0.4610 0.4610 0.4610 0.4610 0.4610 0.4610 0.4610 0.4610 0.4610 0.4610 0.4610 0.4610 0.4610 0.4610 0.4610 0.4610 0.4610 0.4610 0.4610 0.4610 0.4610 0.4610 0.4610 0.4610 0.4610 0.4610 0.4610 0.4610 0.4610 0.4610 0.4610 0.4610 0.4610 0.4610 0.4610 0.4610 0.4610 0.4610 0.4610 0.4610 0.4610 0.4610 0.4610 0.4610 0.4610 0.4610 0.4610 0.4610 0.4610 0.4610 0.4610 0.4610 0.4610 0.4610 0.4610 0.4610 0.4610 0.4610 0.4610 0.4610 0.4610 0.4610 0.4610 0.4610 0.4610 0.4610 0.4610 0.4610 0.4610 0.4610 0.4610 0.4610 0.4610 0.4610 0.4610 0.4610 0.4610 0.4610 0.4610 0.4610 0.4610 0.4610 0.4610 0.4610 0.4610 0.4610 0.4610 0.4610 0.4610 0.4610 0.4610 0.4610 0.4610 0.4610 0.4610 0.4610 0.4610 0.4610 0.4610 0.4610 0.4610 0.4610 0.4610 0.4610 0.4610 0.4610 0.4610 0.4610 0.4610 0.4610 0.4610 0.4610 0.4610 0.4610 0.4610 0.4610 0.4610 0.4610 0.4610 0.4610 0.4610 0.4610 0.4610 0.4610 0.4610 0.4610 0.4610 0.4610 0.4610 0.4610 0.4610 0.4610 0.4610 0.4610 0.4610 0.4610 0.4610 0.4610 0.4610 0.4610 0.4610 0.4610 0.4610 0.4610 0.4610 0.4610 0.4610 0.4610 0.4610 0.4610 0.4610 0.4610 0.4610 0.4610 0.4610 0.4610 0.4610 0.4610 0.4610 0.4610 0.4610 0.4610 0.4610 0.4610 0.4610 0.4610 0.4610 0.4610 0.4610 0.4610 0.4610 0.4610 0.4610 0.4610 0.4610 0.4610 0.4610 0.4610 0.4610 0.4610 0.4610 0.4610 0.4610 0.4610 0.4610 0.4610 0.4610 0.4610 0.4610 0.4610 0.4610 0.4610 0.4610 0.4610 0.4610 0.4610 0.4610 0.4610 0.4610 0.4610 0.4610 0.4610 0.4610 0.4610 0.4610 0.4610 0.4610 0.4610 0.4610 0.4610 0.4610 0.4610 0.4610 0.4610 0.4610 0.4610 0.4610 0.4610 0.4610 0.4610 0.4610 0.4610 0.4610 0.4610 0.4610 0.4610 0.4610 0.4610 0.4610 0.4610 0.4610 0.4610 0.4610 0.4610 0.4610 0.4610 0.4610 0.4610 0.4610 0.4610 0.4610 0.4610 0.4610 0.4610 0.4610 0.4610 0.4610 0.4610 0.4610 0.4610 0.4610 0.4610 0.4610 0.4610 0.4610 0.4610 0.4610 0.4610 0.4610 0.4610 0.4610 0.4610 0.4610 0.4610 0.4610 0.4610 0.4610 0.4610 0.4610 0.4610 0.4610 0.4610 0.4610 0.4610 0.4610 0.4610 0.4610 0.4610 0.4610 0.4610 0.4610 0.4610 0.4610 0.4610 0.4610 0.4610 0.4610 0.4610 0.4610 0.4610 0.4610 0.4610 0.4610 0.4610 0.4610 0.4610 0.4610 0.4610 0.4610 0.4610 0.4610 0.4610 0.4610 0.4610 0.4610 0.4610 0.4610 0.4610 0.4610 0.4610 0.4610 0.4610 0.4610 0.4610 0.4610 0.4610 0.4610 0.4610 0.4610 0.4610 0.4610 0.4610 0.4610 0.4610 0.4610 0.4610 0.4610 0.4610 0.4610 0.4610 0.4610 0.4610 0.4610 0.4610 0.4610 0.4610 0.4610 0.4610 0.4610 0.4610 0.4610 0.4610 0.4610 0.4610 0.4610 0.4610 0.4610 0.4610 0.4610 0.4610 0.4610 0.4610 0.4610 0.4610 0.4610 0.4610 0.4610 0.4610 0.4610 0.4610 0.4610 0.4610 0.4610 0.4610 0.4610 0.4610 0.4610 0.4610 0.4610 0.4610 0.4610 0.4610 0.4610 0.4610 0.4610 0.4610 0.4610 0.4610 0.4610 0.4610 0.4610 0.4610 0.4610 0.4610 0.4610 0.4610 0.4610 0.4610 0.4610 0.4610 0.4610 0.4610 0.4610 0.4610 0.4610 0.4610 0.4610 0.4610 0.4610 0.4610 0.4610 0.4610 0.4610 0.4610 0.4610 0.4610 0.4610 0.4610 0.4610 0.4610 0.4610 0.4610 0.4610 0.4610 0.4610 0.4610 0.4610 0.4610 0.4610 0.4610 0.4610 0.4610 0.4610 0.4610 0.4580 0.4580 0.4580 0.4580 0.4580 0.4580 0.4580 0.4580 0.4580 0.4580 0.4580 0.4580 0.4580 0.4580 0.4580 0.4580 0.4580 0.4580 0.4580 0.4580 0.4580 0.4580 0.4580 0.4580 0.4580 0.4580 0.4580 0.4580 0.4580 0.4580 0.4580 0.4580 0.4580 0.4580 0.4580 0.4580 0.4580 0.4580 0.4580 0.4580 0.4580 0.4580 0.4580 0.4580 0.4580 0.4580 0.4580 0.4580 0.4580 0.4580 0.4580 0.4580 0.4580 0.4580 0.4580 0.4580 0.4580 0.4580 0.4580 0.4580 0.4580 0.4580 0.4580 0.4580 0.4580 0.4580 0.4580 0.4580 0.4580 0.4580 0.4580 0.4580 0.4580 0.4580 0.4580 0.4580 0.4580 0.4580 0.4580 0.4580 0.4580 0.4580 0.4580 0.4580 0.4580 0.4580 0.4580 0.4580 0.4580 0.4580 0.4580 0.4580 0.4580 0.4580 0.4580 0.4580 0.4580 0.4580 0.4580 0.4580 0.4580 0.4580 0.4580 0.4580 0.4580 0.4580 0.4580 0.4580 0.4580 0.4580 0.4580 0.4580 0.4580 0.4580 0.4580 0.4580 0.4580 0.4580 0.4580 0.4580 0.4580 0.4580 0.4580 0.4580 0.4580 0.4580 0.4580 0.4580 0.4580 0.4580 0.4580 0.4580 0.4580 0.4580 0.4580 0.4580 0.4580 0.4580 0.4580 0.4580 0.4580 0.4580 0.4580 0.4580 0.4580 0.4580 0.4580 0.4580 0.4580 0.4580 0.4580 0.4580 0.4580 0.4580 0.4580 0.4580 0.4580 0.4580 0.4580 0.4580 0.4580 0.4580 0.4580 0.4580 0.4580 0.4580 0.4580 0.4580 0.4580 0.4580 0.4580 0.4580 0.4580 0.4580 0.4580 0.4580 0.4580 0.4580 0.4580 0.4580 0.4580 0.4580 0.4580 0.4580 0.4580 0.4580 0.4580 0.4580 0.4580 0.4580 0.4580 0.4580 0.4580 0.4580 0.4580 0.4580 0.4580 0.4580 0.4580 0.4580 0.4580 0.4580 0.4580 0.4580 0.4580 0.4580 0.4580 0.4580 0.4580 0.4580 0.4580 0.4580 0.4580 0.4580 0.4580 0.4580 0.4580 0.4580 0.4580 0.4580 0.4580 0.4580 0.4580 0.4580 0.4580 0.4580 0.4580 0.4580 0.4580 0.4580 0.4580 0.4580 0.4580 0.4580 0.4580 0.4580 0.4580 0.4580 0.4580 0.4580 0.4580 0.4580 0.4580 0.4580 0.4580 0.4580 0.4580 0.4580 0.4580 0.4580 0.4580 0.4580 0.4580 0.4580 0.4580 0.4580 0.4580 0.4580 0.4580 0.4580 0.4580 0.4580 0.4580 0.4580 0.4580 0.4580 0.4580 0.4580 0.4580 0.4580 0.4580 0.4580 0.4580 0.4580 0.4580 0.4580 0.4580 0.4580 0.4580 0.4580 0.4580 0.4580 0.4580 0.4580 0.4580 0.4580 0.4580 0.4580 0.4580 0.4580 0.4580 0.4580 0.4580 0.4580 0.4580 0.4580 0.4580 0.4580 0.4580 0.4580 0.4580 0.4580 0.4580 0.4580 0.4580 0.4580 0.4580 0.4580 0.4580 0.4580 0.4580 0.4580 0.4580 0.4580 0.4580 0.4580 0.4580 0.4580 0.4580 0.4580 0.4580 0.4580 0.4580 0.4580 0.4580 0.4580 0.4580 0.4580 0.4580 0.4580 0.4580 0.4580 0.4580 0.4580 0.4580 0.4580 0.4580 0.4580 0.4580 0.4580 0.4580 0.4580 0.4580 0.4580 0.4580 0.4580 0.4580 0.4580 0.4580 0.4580 0.4580 0.4580 0.4580 0.4580 0.4580 0.4580 0.4580 0.4580 0.4580 0.4580 0.4580 0.4580 0.4580 0.4580 0.4580 0.4580 0.4580 0.4580 0.4580 0.4580 0.4580 0.4580 0.4580 0.4580 0.4580 0.4580 0.4580 0.4580 0.4580 0.4580 0.4580 0.4580 0.4580 0.4580 0.4580 0.4580 0.4580 0.4580 0.4580 0.4580 0.4580 0.4580 0.4580 0.4580 0.4580 0.4580 0.4580 0.4580 0.4580 0.4580 0.4580 0.4580 0.4580 0.4580 0.4580 0.4580 0.4580 0.4580 0.4580 0.4580 0.4580 0.4580 0.4580 0.4580 0.4580 0.4580 0.4580 0.4580 0.4580 0.4580 0.4580 0.4580 0.4580 0.4580 0.4580 0.4580 0.4580 0.4580 0.4580 0.4580 0.4580 0.4580 0.4580 0.4580 0.4580 0.4580 0.4580 0.4580 0.4580 0.4580 0.4580 0.4580 0.4580 0.4580 0.4580 0.4580 0.4580 0.4580 0.4580 0.4580 0.4580 0.4580 0.4580 0.4580 0.4580 0.4580 0.4580 0.4580 0.4580 0.4580 0.4580 0.4580 0.4580 0.4580 0.4580 0.4580 0.4580 0.4580 0.4580 0.4580 0.4580 0.4580 0.4580 0.4580 0.4580 0.4580 0.4580 0.4580 0.4580 0.4580 0.4580 0.4580 0.4580 0.4580 0.4580 0.4580 0.4580 0.4580 0.4580 0.4580 0.4580 0.4580 0.4580 0.4580 0.4580 0.4580 0.4580 0.4580 0.4580 0.4580 0.4580 0.4580 0.4580 0.4580 0.4580 0.4580 0.4580 0.4580 0.4580 0.4580 0.4580 0.4580 0.4580 0.4580 0.4580 0.4580 0.4580 0.4580 0.4580 0.4580 0.4580 0.4580 0.4580 0.4580 0.4580 0.4580 0.4580 0.4580 0.4580 0.4580 0.4580 0.4580 0.4580 0.4580 0.4580 0.4580 0.4580 0.4580 0.4580 0.4580 0.4580 0.4580 0.4580 0.4580 0.4580 0.4580 0.4580 0.4580 0.4580 0.4580 0.4580 0.4580 0.4580 0.4580 0.4580 0.4580 0.4580 0.4580 0.4580 0.4580 0.4580 0.4580 0.4580 0.4580 0.4580 0.4580 0.4580 0.4580 0.4580 0.4580 0.4580 0.4580 0.4580 0.4580 0.4580 0.4580 0.4580 0.4580 0.4580 0.4580 0.4580 0.4580 0.4580 0.4580 0.4580 0.4580 0.4580 0.4580 0.4580 0.4580 0.4580 0.4580 0.4580 0.4580 0.4580 0.4580 0.4580 0.4580 0.4580 0.4580 0.4580 0.4580 0.4580 0.4580 0.4580 0.4580 0.4580 0.4580 0.4580 0.4580 0.4580 0.4580 0.4580 0.4580 0.4580 0.4580 0.4580 0.4580 0.4580 0.4580 0.4580 0.4580 0.4580 0.4580 0.4580 0.4580 0.4580 0.4580 0.4580 0.4580 0.4580 0.4580 0.4580 0.4580 0.4580 0.4580 0.4580 0.4580 0.4580 0.4580 0.4580 0.4580 0.4580 0.4580 0.4580 0.4580 0.4580 0.4580 0.4580 0.4580 0.4580 0.4580 0.4580 0.4580 0.4580 0.4580 0.4580 0.4580 0.4580 0.4580 0.4580 0.4580 0.4580 0.4580 0.4580 0.4580 0.4580 0.4580 0.4580 0.4580 0.4580 0.4580 0.4580 0.4580 0.4580 0.4580 0.4580 0.4580 0.4580 0.4580 0.4580 0.4580 0.4580 0.4580 0.4580 0.4580 0.4580 0.4580 0.4580 0.4580 0.4580 0.4580 0.4580 0.4580 0.4580 0.4580 0.4580 0.4580 0.4580 0.4580 0.4580 0.4580 0.4580 0.4580 0.4580 0.4580 0.4580 0.4580 0.4580 0.4580 0.4580 0.4580 0.4580 0.4580 0.4580 0.4580 0.4580 0.4580 0.4580 0.4580 0.4580 0.4580 0.4580 0.4580 0.4580 0.4580 0.4580 0.4580 0.4580 0.4580 0.4580 0.4580 0.4580 0.4580 0.4580 0.4580 0.4580 0.4580 0.4580 0.4580 0.4580 0.4580 0.4580 0.4580 0.4580 0.4580 0.4580 0.4580 0.4580 0.4580 0.4580 0.4580 0.4580 0.4580 0.4580 0.4580 0.4580 0.4580 0.4580 0.4580 0.4580 0.4580 0.4580 0.4580 0.4580 0.4580 0.4580 0.4580 0.4580 0.4580 0.4580 0.4580 0.4580 0.4580 0.4580 0.4580 0.4580 0.4580 0.4580 0.4580 0.4580 0.4580 0.4580 0.4580 0.4580 0.4580 0.4580 0.4580 0.4580 0.4580 0.4580 0.4580 0.4580 0.4580 0.4580 0.4580 0.4580 0.4580 0.4580 0.4580 0.4580 0.4580 0.4580 0.4580 0.4580 0.4580 0.4580 0.4580 0.4580 0.4580 0.4580 0.4580 0.4580 0.4580 0.4580 0.4580 0.4580 0.4580 0.4580 0.4580 0.4580 0.4580 0.4580 0.4580 0.4580 0.4580 0.4580 0.4580 0.4580 0.4580 0.4580 0.4580 0.4580 0.4580 0.4580 0.4580 0.4580 0.4580 0.4580 0.4580 0.4580 0.4580 0.4580 0.4580 0.4580 0.4580 0.4580 0.4580 0.4580 0.4580 0.4580 0.4580 0.4580 0.4580 0.4580 0.4580 0.4580 0.4580 0.4580 0.4580 0.4580 0.4580 0.4580 0.4580 0.4580 0.4580 0.4580 0.4580 0.4580 0.4580 0.4580 0.4580 0.4580 0.4580 0.4580 0.4580 0.4580 0.4580 0.4580 0.4580 0.4580 0.4580 0.4580 0.4580 0.4580 0.4580 0.4580 0.4580 0.4580 0.4580 0.4580 0.4580 0.4580 0.4580 0.4580 0.4580 0.4580 0.4580 0.4580 0.4580 0.4580 0.4580 0.4580 0.4580 0.4580 0.4580 0.4580 0.4580 0.4580 0.4580 0.4580 0.4580 0.4580 0.4580 0.4580 0.4580 0.4580 0.4580 0.4580 0.4580 0.4580 0.4580 0.4580 0.4580 0.4580 0.4580 0.4580 0.4580 0.4580 0.4580 0.4580 0.4580 0.4580 0.4580 0.4580 0.4580 0.4580 0.4580 0.4580 0.4580 0.4580 0.4580 0.4580 0.4580 0.4580 0.4580 0.4580 0.4580 0.4580 0.4580 0.4580 0.4580 0.4580 0.4580 0.4580 0.4580 0.4580 0.4580 0.4580 0.4580 0.4580 0.4580 0.4580 0.4580 0.4580 0.4580 0.4580 0.4580 0.4580 0.4580 0.4580 0.4580 0.4580 0.4580 0.4580 0.4580 0.4580 0.4580 0.4580 0.4580 0.4580 0.4580 0.4580 0.4580 0.4580 0.4580 0.4580 0.4580 0.4580 0.4580 0.4580 0.4580 0.4580 0.4580 0.4580 0.4580 0.4580 0.4580 0.4580 0.4580 0.4580 0.4580 0.4580 0.4580 0.4580 0.4580 0.4580 0.4580 0.4580 0.4580 0.4580 0.4580 0.4580 0.4580 0.4580 0.4580 0.4580 0.4580 0.4580 0.4580 0.4580 0.4580 0.4580 0.4580 0.4580 0.4580 0.4580 0.4580 0.4580 0.4580 0.4580 0.4580 0.4580 0.4580 0.4580 0.4580 0.4580 0.4580 0.4580 0.4580 0.4580 0.4580 0.4580 0.4580 0.4580 0.4580 0.4580 0.4580 0.4580 0.4580 0.4580 0.4580 0.4580 0.4580 0.4580 0.4580 0.4580 0.4580 0.4580 0.4580 0.4580 0.4580 0.4580 0.4580 0.4580 0.4580 0.4580 0.4580 0.4580 0.4580 0.4580 0.4580 0.4580 0.4580 0.4580 0.4580 0.4580 0.4580 0.4580 0.4580 0.4580 0.4580 0.4580 0.4580 0.4580 0.4580 0.4580 0.4580 0.4580 0.4580 0.4580 0.4580 0.4580 0.4580 0.4580 0.4580 0.4580 0.4580 0.4580 0.4580 0.4580 0.4580 0.4580 0.4580 0.4580 0.4580 0.4520 0.4520 0.4520 0.4520 0.4520 0.4520 0.4520 0.4520 0.4520 0.4520 0.4520 0.4520 0.4520 0.4520 0.4520 0.4520 0.4520 0.4520 0.4520 0.4520 0.4520 0.4520 0.4520 0.4520 0.4520 0.4520 0.4520 0.4520 0.4520 0.4520 0.4520 0.4520 0.4520 0.4520 0.4520 0.4520 0.4520 0.4520 0.4520 0.4520 0.4520 0.4520 0.4520 0.4520 0.4520 0.4520 0.4520 0.4520 0.4520 0.4520 0.4520 0.4520 0.4520 0.4520 0.4520 0.4520 0.4520 0.4520 0.4520 0.4520 0.4520 0.4520 0.4520 0.4520 0.4520 0.4520 0.4520 0.4520 0.4520 0.4520 0.4520 0.4520 0.4520 0.4520 0.4520 0.4520 0.4520 0.4520 0.4520 0.4520 0.4520 0.4520 0.4520 0.4520 0.4520 0.4520 0.4520 0.4520 0.4520 0.4520 0.4520 0.4520 0.4520 0.4520 0.4520 0.4520 0.4520 0.4520 0.4520 0.4520 0.4520 0.4520 0.4520 0.4520 0.4520 0.4520 0.4520 0.4520 0.4520 0.4520 0.4520 0.4520 0.4520 0.4520 0.4520 0.4520 0.4520 0.4520 0.4520 0.4520 0.4520 0.4520 0.4520 0.4520 0.4520 0.4520 0.4520 0.4520 0.4520 0.4520 0.4520 0.4520 0.4520 0.4520 0.4520 0.4520 0.4520 0.4520 0.4520 0.4520 0.4520 0.4520 0.4520 0.4520 0.4520 0.4520 0.4520 0.4520 0.4520 0.4520 0.4520 0.4520 0.4520 0.4520 0.4520 0.4520 0.4520 0.4520 0.4520 0.4520 0.4520 0.4520 0.4520 0.4520 0.4520 0.4520 0.4520 0.4520 0.4520 0.4520 0.4520 0.4520 0.4520 0.4520 0.4520 0.4520 0.4520 0.4520 0.4520 0.4520 0.4520 0.4520 0.4520 0.4520 0.4520 0.4520 0.4520 0.4520 0.4520 0.4520 0.4520 0.4520 0.4520 0.4520 0.4520 0.4520 0.4520 0.4520 0.4520 0.4520 0.4520 0.4520 0.4520 0.4520 0.4520 0.4520 0.4520 0.4520 0.4520 0.4520 0.4520 0.4520 0.4520 0.4520 0.4520 0.4520 0.4520 0.4520 0.4520 0.4520 0.4520 0.4520 0.4520 0.4520 0.4520 0.4520 0.4520 0.4520 0.4520 0.4520 0.4520 0.4520 0.4520 0.4520 0.4520 0.4520 0.4520 0.4520 0.4520 0.4520 0.4520 0.4520 0.4520 0.4520 0.4520 0.4520 0.4520 0.4520 0.4520 0.4520 0.4520 0.4520 0.4520 0.4520 0.4520 0.4520 0.4520 0.4520 0.4520 0.4520 0.4520 0.4520 0.4520 0.4520 0.4520 0.4520 0.4520 0.4520 0.4520 0.4520 0.4520 0.4520 0.4520 0.4520 0.4520 0.4520 0.4520 0.4520 0.4520 0.4520 0.4520 0.4520 0.4520 0.4520 0.4520 0.4520 0.4520 0.4520 0.4520 0.4520 0.4520 0.4520 0.4520 0.4520 0.4520 0.4520 0.4520 0.4520 0.4520 0.4520 0.4520 0.4520 0.4520 0.4520 0.4520 0.4520 0.4520 0.4520 0.4520 0.4520 0.4520 0.4520 0.4520 0.4520 0.4520 0.4520 0.4520 0.4520 0.4520 0.4520 0.4520 0.4520 0.4520 0.4520 0.4520 0.4520 0.4520 0.4520 0.4520 0.4520 0.4520 0.4520 0.4520 0.4520 0.4520 0.4520 0.4520 0.4520 0.4520 0.4520 0.4520 0.4520 0.4520 0.4520 0.4520 0.4520 0.4520 0.4520 0.4520 0.4520 0.4520 0.4520 0.4520 0.4520 0.4520 0.4520 0.4520 0.4520 0.4520 0.4520 0.4520 0.4520 0.4520 0.4520 0.4520 0.4520 0.4520 0.4520 0.4520 0.4520 0.4520 0.4520 0.4520 0.4520 0.4520 0.4520 0.4520 0.4520 0.4520 0.4520 0.4520 0.4520 0.4520 0.4520 0.4520 0.4520 0.4520 0.4520 0.4520 0.4520 0.4520 0.4520 0.4520 0.4520 0.4520 0.4520 0.4520 0.4520 0.4520 0.4520 0.4520 0.4520 0.4520 0.4520 0.4520 0.4520 0.4520 0.4520 0.4520 0.4520 0.4520 0.4520 0.4520 0.4520 0.4520 0.4520 0.4520 0.4520 0.4520 0.4520 0.4520 0.4520 0.4520 0.4520 0.4520 0.4520 0.4520 0.4520 0.4520 0.4520 0.4520 0.4520 0.4520 0.4520 0.4520 0.4520 0.4520 0.4520 0.4520 0.4520 0.4520 0.4520 0.4520 0.4520 0.4520 0.4520 0.4520 0.4520 0.4520 0.4520 0.4520 0.4520 0.4520 0.4520 0.4520 0.4520 0.4520 0.4520 0.4520 0.4520 0.4520 0.4520 0.4520 0.4520 0.4520 0.4520 0.4520 0.4520 0.4520 0.4520 0.4520 0.4520 0.4520 0.4520 0.4520 0.4520 0.4520 0.4520 0.4520 0.4520 0.4520 0.4520 0.4520 0.4520 0.4520 0.4520 0.4520 0.4520 0.4520 0.4520 0.4520 0.4520 0.4520 0.4520 0.4520 0.4520 0.4520 0.4520 0.4520 0.4520 0.4520 0.4520 0.4520 0.4520 0.4520 0.4520 0.4520 0.4520 0.4520 0.4520 0.4520 0.4520 0.4520 0.4520 0.4520 0.4520 0.4520 0.4520 0.4520 0.4520 0.4520 0.4520 0.4520 0.4520 0.4520 0.4520 0.4520 0.4520 0.4520 0.4520 0.4520 0.4520 0.4520 0.4520 0.4520 0.4520 0.4520 0.4520 0.4520 0.4520 0.4520 0.4520 0.4520 0.4520 0.4520 0.4520 0.4520 0.4520 0.4520 0.4520 0.4520 0.4520 0.4520 0.4520 0.4520 0.4520 0.4520 0.4520 0.4520 0.4520 0.4520 0.4520 0.4520 0.4520 0.4520 0.4520 0.4520 0.4520 0.4520 0.4520 0.4520 0.4520 0.4520 0.4520 0.4520 0.4520 0.4520 0.4520 0.4520 0.4520 0.4520 0.4520 0.4520 0.4520 0.4520 0.4520 0.4520 0.4520 0.4520 0.4520 0.4520 0.4520 0.4520 0.4520 0.4520 0.4520 0.4520 0.4520 0.4520 0.4520 0.4520 0.4520 0.4520 0.4520 0.4520 0.4520 0.4520 0.4520 0.4520 0.4520 0.4520 0.4520 0.4520 0.4520 0.4520 0.4520 0.4520 0.4520 0.4520 0.4520 0.4520 0.4520 0.4520 0.4520 0.4520 0.4520 0.4520 0.4520 0.4520 0.4520 0.4520 0.4520 0.4520 0.4520 0.4520 0.4520 0.4520 0.4520 0.4520 0.4520 0.4520 0.4520 0.4520 0.4520 0.4520 0.4520 0.4520 0.4520 0.4520 0.4520 0.4520 0.4520 0.4520 0.4520 0.4520 0.4520 0.4520 0.4520 0.4520 0.4520 0.4520 0.4520 0.4520 0.4520 0.4520 0.4520 0.4520 0.4520 0.4520 0.4520 0.4520 0.4520 0.4520 0.4520 0.4520 0.4520 0.4520 0.4520 0.4520 0.4520 0.4520 0.4520 0.4520 0.4520 0.4520 0.4520 0.4520 0.4520 0.4520 0.4520 0.4520 0.4520 0.4520 0.4520 0.4520 0.4520 0.4520 0.4520 0.4520 0.4520 0.4520 0.4520 0.4520 0.4520 0.4520 0.4520 0.4520 0.4520 0.4520 0.4520 0.4520 0.4520 0.4520 0.4520 0.4520 0.4520 0.4520 0.4520 0.4520 0.4520 0.4520 0.4520 0.4520 0.4520 0.4520 0.4520 0.4520 0.4520 0.4520 0.4520 0.4520 0.4520 0.4520 0.4520 0.4520 0.4520 0.4520 0.4520 0.4520 0.4520 0.4520 0.4520 0.4520 0.4520 0.4520 0.4520 0.4520 0.4520 0.4520 0.4520 0.4520 0.4520 0.4520 0.4520 0.4520 0.4520 0.4520 0.4520 0.4520 0.4520 0.4520 0.4520 0.4520 0.4520 0.4520 0.4520 0.4520 0.4520 0.4520 0.4520 0.4520 0.4480 0.4480 0.4480 0.4480 0.4480 0.4480 0.4480 0.4480 0.4480 0.4480 0.4480 0.4480 0.4480 0.4480 0.4480 0.4480 0.4480 0.4480 0.4480 0.4480 0.4480 0.4480 0.4480 0.4480 0.4480 0.4480 0.4480 0.4480 0.4480 0.4480 0.4480 0.4480 0.4480 0.4480 0.4480 0.4480 0.4480 0.4480 0.4480 0.4480 0.4480 0.4480 0.4480 0.4480 0.4480 0.4480 0.4480 0.4480 0.4480 0.4480 0.4480 0.4480 0.4480 0.4480 0.4480 0.4480 0.4480 0.4480 0.4480 0.4480 0.4480 0.4480 0.4480 0.4480 0.4480 0.4480 0.4480 0.4480 0.4480 0.4480 0.4480 0.4480 0.4480 0.4480 0.4480 0.4480 0.4480 0.4480 0.4480 0.4480 0.4480 0.4480 0.4480 0.4480 0.4480 0.4480 0.4480 0.4480 0.4480 0.4480 0.4480 0.4480 0.4480 0.4480 0.4480 0.4480 0.4480 0.4480 0.4480 0.4480 0.4480 0.4480 0.4480 0.4480 0.4480 0.4480 0.4480 0.4480 0.4480 0.4480 0.4480 0.4480 0.4480 0.4480 0.4480 0.4480 0.4480 0.4480 0.4480 0.4480 0.4480 0.4480 0.4480 0.4480 0.4480 0.4480 0.4480 0.4480 0.4480 0.4480 0.4480 0.4480 0.4480 0.4480 0.4480 0.4480 0.4480 0.4480 0.4480 0.4480 0.4480 0.4480 0.4480 0.4480 0.4480 0.4480 0.4480 0.4480 0.4480 0.4480 0.4480 0.4480 0.4480 0.4480 0.4480 0.4480 0.4480 0.4480 0.4480 0.4480 0.4480 0.4480 0.4480 0.4480 0.4480 0.4480 0.4480 0.4480 0.4480 0.4480 0.4480 0.4480 0.4480 0.4480 0.4480 0.4480 0.4480 0.4480 0.4480 0.4480 0.4480 0.4480 0.4480 0.4480 0.4480 0.4480 0.4480 0.4480 0.4480 0.4480 0.4480 0.4480 0.4480 0.4480 0.4480 0.4480 0.4480 0.4480 0.4480 0.4480 0.4480 0.4480 0.4480 0.4480 0.4480 0.4480 0.4480 0.4480 0.4480 0.4480 0.4480 0.4480 0.4480 0.4480 0.4480 0.4480 0.4480 0.4480 0.4480 0.4480 0.4480 0.4480 0.4480 0.4480 0.4480 0.4480 0.4480 0.4480 0.4480 0.4480 0.4480 0.4480 0.4480 0.4480 0.4480 0.4480 0.4480 0.4480 0.4480 0.4480 0.4480 0.4480 0.4480 0.4480 0.4480 0.4480 0.4480 0.4480 0.4480 0.4480 0.4480 0.4480 0.4480 0.4480 0.4480 0.4480 0.4480 0.4480 0.4480 0.4480 0.4480 0.4480 0.4480 0.4480 0.4480 0.4480 0.4480 0.4480 0.4480 0.4480 0.4480 0.4480 0.4480 0.4480 0.4480 0.4480 0.4480 0.4480 0.4480 0.4480 0.4480 0.4480 0.4480 0.4480 0.4480 0.4480 0.4480 0.4480 0.4480 0.4480 0.4480 0.4480 0.4480 0.4480 0.4480 0.4480 0.4480 0.4480 0.4480 0.4480 0.4480 0.4480 0.4480 0.4480 0.4480 0.4480 0.4480 0.4480 0.4480 0.4480 0.4480 0.4480 0.4480 0.4480 0.4480 0.4480 0.4480 0.4480 0.4480 0.4480 0.4480 0.4480 0.4480 0.4480 0.4480 0.4480 0.4480 0.4480 0.4480 0.4480 0.4480 0.4480 0.4480 0.4480 0.4480 0.4480 0.4480 0.4480 0.4480 0.4480 0.4480 0.4480 0.4480 0.4480 0.4480 0.4480 0.4480 0.4480 0.4480 0.4480 0.4480 0.4760 0.4760 0.4760 0.4760 0.4760 0.4760 0.4760 0.4760 0.4760 0.4760 0.4760 0.4760 0.4760 0.4760 0.4760 0.4760 0.4760 0.4760 0.4760 0.4760 0.4760 0.4760 0.4760 0.4760 0.4760 0.4760 0.4760 0.4760 0.4760 0.4760 0.4760 0.4760 0.4760 0.4760 0.4760 0.4760 0.4760 0.4760 0.4760 0.4760 0.4760 0.4760 0.4760 0.4760 0.4760 0.4760 0.4760 0.4760 0.4760 0.4760 0.4760 0.4760 0.4760 0.4760 0.4760 0.4760 0.4760 0.4760 0.4760 0.4760 0.4760 0.4760 0.4760 0.4760 0.4760 0.4760 0.4760 0.4760 0.4760 0.4760 0.4760 0.4760 0.4760 0.4760 0.4760 0.4760 0.4760 0.4760 0.4760 0.4760 0.4760 0.4760 0.4760 0.4760 0.4760 0.4760 0.4760 0.4760 0.4760 0.4760 0.4760 0.4760 0.4760 0.4760 0.4760 0.4760 0.4760 0.4760 0.4760 0.4760 0.4760 0.4760 0.4760 0.4760 0.4760 0.4760 0.4760 0.4760 0.4760 0.4760 0.4760 0.4760 0.4760 0.4760 0.4760 0.4760 0.4760 0.4760 0.4760 0.4760 0.4760 0.4760 0.4760 0.4760 0.4760 0.4760 0.4760 0.4760 0.4760 0.4760 0.4760 0.4760 0.4760 0.4760 0.4760 0.4760 0.4760 0.4760 0.4760 0.4760 0.4760 0.4760 0.4760 0.4760 0.4760 0.4760 0.4760 0.4760 0.4760 0.4760 0.4760 0.4760 0.4760 0.4760 0.4760 0.4760 0.4760 0.4760 0.4760 0.4760 0.4760 0.4760 0.4760 0.4760 0.4760 0.4760 0.4760 0.4760 0.4760 0.4760 0.4760 0.4760 0.4760 0.4760 0.4760 0.4760 0.4760 0.4760 0.4760 0.4760 0.4760 0.4760 0.4760 0.4760 0.4760 0.4760 0.4760 0.4760 0.4760 0.4760 0.4760 0.4760 0.4760 0.4760 0.4760 0.4760 0.4760 0.4760 0.4760 0.4760 0.4760 0.4760 0.4760 0.4760 0.4760 0.4760 0.4760 0.4760 0.4760 0.4760 0.4760 0.4760 0.4760 0.4760 0.4760 0.4760 0.4760 0.4760 0.4760 0.4760 0.4760 0.4760 0.4760 0.4760 0.4760 0.4760 0.4760 0.4760 0.4760 0.4760 0.4760 0.4760 0.4760 0.4760 0.4760 0.4760 0.4760 0.4760 0.4760 0.4760 0.4760 0.4760 0.4760 0.4760 0.4760 0.4760 0.4760 0.4760 0.4760 0.4760 0.4760 0.4760 0.4760 0.4760 0.4760 0.4760 0.4760 0.4760 0.4760 0.4760 0.4760 0.4760 0.4760 0.4760 0.4760 0.4760 0.4760 0.4760 0.4760 0.4760 0.4760 0.4760 0.4760 0.4760 0.4760 0.4760 0.4760 0.4760 0.4760 0.4760 0.4760 0.4760 0.4760 0.4760 0.4760 0.4760 0.4760 0.4760 0.4760 0.4760 0.4760 0.4760 0.4760 0.4760 0.4760 0.4760 0.4760 0.4760 0.4760 0.4760 0.4760 0.4760 0.4760 0.4760 0.4760 0.4760 0.4760 0.4760 0.4760 0.4760 0.4760 0.4760 0.4750 0.4750 0.4750 0.4750 0.4750 0.4750 0.4750 0.4750 0.4750 0.4750 0.4750 0.4750 0.4750 0.4750 0.4750 0.4750 0.4750 0.4750 0.4750 0.4750 0.4750 0.4750 0.4750 0.4750 0.4750 0.4750 0.4750 0.4750 0.4750 0.4750 0.4750 0.4750 0.4750 0.4750 0.4750 0.4750 0.4750 0.4750 0.4750 0.4750 0.4750 0.4750 0.4750 0.4750 0.4750 0.4750 0.4750 0.4750 0.4750 0.4750 0.4750 0.4750 0.4750 0.4750 0.4750 0.4750 0.4750 0.4750 0.4750 0.4750 0.4750 0.4750 0.4750 0.4750 0.4750 0.4750 0.4750 0.4750 0.4750 0.4750 0.4750 0.4750 0.4750 0.4750 0.4750 0.4750 0.4750 0.4750 0.4750 0.4750 0.4750 0.4750 0.4750 0.4750 0.4750 0.4750 0.4750 0.4750 0.4750 0.4750 0.4750 0.4750 0.4750 0.4750 0.4750 0.4750 0.4750 0.4750 0.4750 0.4750 0.4750 0.4750 0.4750 0.4750 0.4750 0.4750 0.4750 0.4750 0.4750 0.4750 0.4750 0.4750 0.4750 0.4750 0.4750 0.4750 0.4750 0.4750 0.4750 0.4750 0.4750 0.4750 0.4750 0.4750 0.4750 0.4750 0.4750 0.4750 0.4750 0.4750 0.4750 0.4750 0.4750 0.4750 0.4750 0.4750 0.4750 0.4750 0.4750 0.4750 0.4750 0.4750 0.4750 0.4750 0.4750 0.4750 0.4750 0.4750 0.4750 0.4750 0.4750 0.4750 0.4750 0.4750 0.4750 0.4750 0.4750 0.4750 0.4750 0.4750 0.4750 0.4750 0.4750 0.4750 0.4750 0.4750 0.4750 0.4750 0.4750 0.4750 0.4750 0.4750 0.4750 0.4750 0.4750 0.4750 0.4750 0.4750 0.4750 0.4750 0.4750 0.4750 0.4750 0.4750 0.4750 0.4750 0.4750 0.4750 0.4750 0.4750 0.4750 0.4750 0.4750 0.4750 0.4750 0.4750 0.4750 0.4750 0.4750 0.4750 0.4750 0.4750 0.4750 0.4750 0.4750 0.4750 0.4750 0.4750 0.4750 0.4750 0.4750 0.4750 0.4750 0.4750 0.4750 0.4750 0.4750 0.4750 0.4750 0.4750 0.4750 0.4750 0.4750 0.4750 0.4750 0.4750 0.4750 0.4750 0.4750 0.4750 0.4750 0.4750 0.4750 0.4750 0.4750 0.4750 0.4750 0.4750 0.4750 0.4750 0.4750 0.4750 0.4750 0.4750 0.4750 0.4750 0.4750 0.4750 0.4750 0.4750 0.4750 0.4750 0.4750 0.4750 0.4750 0.4750 0.4900 0.4900 0.4900 0.4900 0.4900 0.4900 0.4900 0.4900 0.4900 0.4900 0.4900 0.4900 0.4900 0.4900 0.4900 0.4900 0.4900 0.4900 0.4900 0.4900 0.4900 0.4900 0.4900 0.4900 0.4900 0.4900 0.4900 0.4900 0.4900 0.4900 0.4900 0.4900 0.4900 0.4900 0.4900 0.4900 0.4900 0.4900 0.4900 0.4900 0.4900 0.4900 0.4900 0.4900 0.4900 0.4900 0.4900 0.4900 0.4900 0.4900 0.4900 0.4900 0.4900 0.4900 0.4900 0.4900 0.4900 0.4900 0.4900 0.4900 0.4900 0.4900 0.4900 0.4900 0.4900 0.4900 0.4900 0.4900 0.4900 0.4900 0.4900 0.4900 0.4900 0.4900 0.4900 0.4900 0.4900 0.4900 0.4900 0.4900 0.4900 0.4900 0.4900 0.4900 0.4900 0.4900 0.4900 0.4900 0.4900 0.4900 0.4900 0.4900 0.4900 0.4900 0.4900 0.4900 0.4900 0.4900 0.4900 0.4900 0.4900 0.4900 0.4900 0.4900 0.4900 0.4900 0.4900 0.4900 0.4900 0.4900 0.4900 0.4900 0.4900 0.4900 0.4900 0.4900 0.4900 0.4900 0.4900 0.4900 0.4900 0.4900 0.4900 0.4900 0.4900 0.4900 0.4900 0.4900 0.4900 0.4900 0.4900 0.4900 0.4900 0.4900 0.4900 0.4900 0.4900 0.4900 0.4900 0.4900 0.4900 0.4900 0.4900 0.4900 0.4900 0.4900 0.4900 0.4900 0.4900 0.4900 0.4900 0.4900 0.4900 0.4900 0.4900 0.4900 0.4900 0.4900 0.4900 0.4900 0.4900 0.4900 0.4900 0.4900 0.4900 0.4900 0.4900 0.4900 0.4900 0.4900 0.4900 0.4900 0.4900 0.4900 0.4900 0.4900 0.4900 0.4900 0.4900 0.4900 0.4900 0.4900 0.4900 0.4900 0.4900 0.4900 0.4900 0.4900 0.4900 0.4900 0.4900 0.4900 0.4900 0.4900 0.4900 0.4900 0.4900 0.4900 0.4680 0.4680 0.4680 0.4680 0.4680 0.4680 0.4680 0.4680 0.4680 0.4680 0.4680 0.4680 0.4680 0.4680 0.4680 0.4680 0.4680 0.4680 0.4680 0.4680 0.4680 0.4680 0.4680 0.4680 0.4680 0.4680 0.4680 0.4680 0.4680 0.4680 0.4680 0.4680 0.4680 0.4680 0.4680 0.4680 0.4680 0.4680 0.4680 0.4680 0.4680 0.4680 0.4680 0.4680 0.4680 0.4680 0.4680 0.4680 0.4680 0.4680 0.4680 0.4680 0.4680 0.4680 0.4680 0.4680 0.4680 0.4680 0.4680 0.4680 0.4680 0.4680 0.4680 0.4680 0.4680 0.4680 0.4680 0.4680 0.4680 0.4680 0.4680 0.4680 0.4680 0.4680 0.4680 0.4680 0.4680 0.4680 0.4680 0.4680 0.4680 0.4680 0.4680 0.4680 0.4680 0.4680 0.4680 0.4680 0.4680 0.4680 0.4680 0.4680 0.4680 0.4680 0.4680 0.4680 0.4680 0.4680 0.4680 0.4680 0.4680 0.4680 0.4680 0.4680 0.4680 0.4680 0.4680 0.4680 0.4680 0.4680 0.4680 0.4680 0.4680 0.4680 0.4680 0.4680 0.4680 0.4680 0.4680 0.4680 0.4680 0.4680 0.4680 0.4680 0.4680 0.4680 0.4680 0.4680 0.4680 0.4680 0.4680 0.4680 0.4680 0.4680 0.4680 0.4680 0.4680 0.4680 0.4680 0.4680 0.4680 0.4680 0.4680 0.4680 0.4680 0.4680 0.4680 0.4680 0.4680 0.4680 0.4680 0.4680 0.4680 0.4680 0.4680 0.4680 0.4680 0.4680 0.4680 0.4680 0.4680 0.4680 0.4680 0.4680 0.4680 0.4680 0.4680 0.4680 0.4680 0.4680 0.4680 0.4980 0.4980 0.4980 0.4980 0.4980 0.4980 0.4980 0.4980 0.4980 0.4980 0.4980 0.4980 0.4980 0.4980 0.4980 0.4980 0.4980 0.4980 0.4980 0.4980 0.4980 0.4980 0.4980 0.4980 0.4980 0.4980 0.4980 0.4980 0.4980 0.4980 0.4980 0.4980 0.4980 0.4980 0.4980 0.4980 0.4980 0.4980 0.4980 0.4980 0.4980 0.4980 0.4980 0.4980 0.4980 0.4980 0.4980 0.4980 0.4980 0.4980 0.4980 0.4980 0.4980 0.4980 0.4980 0.4980 0.4980 0.4980 0.4980 0.4980 0.4980 0.4980 0.4980 0.4980 0.4980 0.4980 0.4980 0.4980 0.4980 0.4980 0.4980 0.4980 0.4980 0.4980 0.4980 0.4980 0.4980 0.4980 0.4980 0.4980 0.4980 0.4980 0.4980 0.4980 0.4980 0.4980 0.4980 0.4980 0.4980 0.4980 0.4980 0.4980 0.4980 0.4980 0.4980 0.4980 0.4980 0.4980 0.4980 0.4980 0.4980 0.4980 0.4980 0.4980 0.4980 0.4980 0.4980 0.4980 0.4980 0.4980
</DataArray>
<DataArray type="Float32" Name="ed_tail_norm" format="ascii">
0.0000 0.0000 0.0000 0.0000 0.0000 0.0000 0.0000 0.0000 0.0000 0.0000 0.0000 0.0000 0.0000 0.0000 0.0000 0.0000 0.0000 0.0000 0.0000 0.0000 0.0000 0.0000 0.0000 0.0000 0.0000 0.0000 0.0000 0.0000 0.0000 0.0000 0.0000 0.0000 0.0000 0.0000 0.0000 0.0000 0.0000 0.0000 0.0000 0.0000 0.0000 0.0000 0.0000 0.0000 0.0000 0.0000 0.0000 0.0000 0.0000 0.0000 0.0000 0.0000 0.0000 0.0000 0.0000 0.0000 0.0000 0.0000 0.0000 0.0000 0.0000 0.0000 0.0000 0.0000 0.0000 0.0000 0.0000 0.0000 0.0000 0.0000 0.0000 0.0000 0.0000 0.0000 0.0000 0.0000 0.0000 0.0000 0.0000 0.0000 0.0000 0.0000 0.0000 0.0000 0.0000 0.0000 0.0000 0.0000 0.0000 0.0000 0.0000 0.0000 0.0000 0.0000 0.0000 0.0000 0.0000 0.0000 0.0000 0.0000 0.0000 0.0000 0.0000 0.0000 0.0000 0.0000 0.0000 0.0000 0.0000 0.0000 0.0000 0.0000 0.0000 0.0000 0.0000 0.0000 0.0000 0.0000 0.0000 0.0000 0.0000 0.0000 0.0000 0.0000 0.0000 0.0000 0.0000 0.0000 0.0000 0.0000 0.0000 0.0000 0.0000 0.0000 0.0000 0.0000 0.0000 0.0000 0.0000 0.0000 0.0000 0.0000 0.0000 0.0000 0.0000 0.0000 0.0000 0.0000 0.0000 0.0000 0.0000 0.0000 0.0000 0.0000 0.0000 0.0000 0.0000 0.0000 0.0000 0.0000 0.0000 0.0000 0.0000 0.0000 0.0000 0.0000 0.0000 0.0000 0.0000 0.0000 0.0000 0.0000 0.0000 0.0000 0.0000 0.0000 0.0000 0.0000 0.0000 0.0000 0.0000 0.0000 0.0000 0.0000 0.0000 0.0000 0.0000 0.0000 0.0000 0.0000 0.0000 0.0000 0.0000 0.0000 0.0000 0.0000 0.0000 0.0000 0.0000 0.0000 0.0000 0.0000 0.0000 0.0000 0.0000 0.0000 0.0000 0.0000 0.0000 0.0000 0.0000 0.0000 0.0000 0.0000 0.0000 0.0000 0.0000 0.0000 0.0000 0.0000 0.0000 0.0000 0.0000 0.0000 0.0000 0.0000 0.0000 0.0000 0.0000 0.0000 0.0000 0.0000 0.0000 0.0000 0.0000 0.0000 0.0000 0.0000 0.0000 0.0000 0.0000 0.0000 0.0000 0.0000 0.0000 0.0000 0.0000 0.0000 0.0000 0.0000 0.0000 0.0000 0.0000 0.0000 0.0000 0.0000 0.0000 0.0000 0.0000 0.0000 0.0000 0.0000 0.0000 0.0000 0.0000 0.0000 0.0000 0.0000 0.0000 0.0000 0.0000 0.0000 0.0000 0.0000 0.0000 0.0000 0.0000 0.0000 0.0000 0.0000 0.0000 0.0000 0.0000 0.0000 0.0000 0.0000 0.0000 0.0000 0.0000 0.0000 0.0000 0.0000 0.0000 0.0000 0.0000 0.0000 0.0000 0.0000 0.0000 0.0000 0.0000 0.0000 0.0000 0.0000 0.0000 0.0000 0.0000 0.0000 0.0000 0.0000 0.0000 0.0000 0.0000 0.0000 0.0000 0.0000 0.0000 0.0000 0.0000 0.0000 0.0000 0.0000 0.0000 0.0000 0.0000 0.0000 0.0000 0.0000 0.0000 0.0000 0.0000 0.0000 0.0000 0.0000 0.0000 0.0000 0.0000 0.0000 0.0000 0.0000 0.0000 0.0000 0.0000 0.0000 0.0000 0.0000 0.0000 0.0000 0.0000 0.0000 0.0000 0.0000 0.0000 0.0000 0.0000 0.0000 0.0000 0.0000 0.0000 0.0000 0.0000 0.0000 0.0000 0.0000 0.0000 0.0000 0.0000 0.0000 0.0000 0.0000 0.0000 0.0000 0.0000 0.0000 0.0000 0.0000 0.0000 0.0000 0.0000 0.0000 0.0000 0.0000 0.0000 0.0000 0.0000 0.0000 0.0000 0.0000 0.0000 0.0000 0.0000 0.0000 0.0000 0.0000 0.0000 0.0000 0.0000 0.0000 0.0000 0.0000 0.0000 0.0000 0.0000 0.0000 0.0000 0.0000 0.0000 0.0000 0.0000 0.0000 0.0000 0.0000 0.0000 0.0000 0.0000 0.0000 0.0000 0.0000 0.0000 0.0000 0.0000 0.0000 0.0000 0.0000 0.0000 0.0000 0.0000 0.0000 0.0000 0.0000 0.0000 0.0000 0.0000 0.0000 0.0000 0.0000 0.0000 0.0000 0.0000 0.0000 0.0000 0.0000 0.0000 0.0000 0.0000 0.0000 0.0000 0.0000 0.0000 0.0000 0.0000 0.0000 0.0000 0.0000 0.0000 0.0000 0.0000 0.0000 0.0000 0.0000 0.0000 0.0000 0.0000 0.0000 0.0000 0.0000 0.0000 0.0000 0.0000 0.0000 0.0000 0.0000 0.0000 0.0000 0.0000 0.0000 0.0000 0.0000 0.0000 0.0000 0.0000 0.0000 0.0000 0.0000 0.0000 0.0000 0.0000 0.0000 0.0000 0.0000 0.0000 0.0000 0.0000 0.0000 0.0000 0.0000 0.0000 0.0000 0.0000 0.0000 0.0000 0.0000 0.0000 0.0000 0.0000 0.0000 0.0000 0.0000 0.0000 0.0000 0.0000 0.0000 0.0000 0.0000 0.0000 0.0000 0.0000 0.0000 0.0000 0.0000 0.0000 0.0000 0.0000 0.0000 0.0000 0.0000 0.0000 0.0000 0.0000 0.0000 0.0000 0.0000 0.0000 0.0000 0.0000 0.0000 0.0000 0.0000 0.0000 0.0000 0.0000 0.0000 0.0000 0.0000 0.0000 0.0000 0.0000 0.0000 0.0000 0.0000 0.0000 0.0000 0.0000 0.0000 0.0000 0.0000 0.0000 0.0000 0.0000 0.0000 0.0000 0.0000 0.0000 0.0000 0.0000 0.0000 0.0000 0.0000 0.0000 0.0000 0.0000 0.0000 0.0000 0.0000 0.0000 0.0000 0.0000 0.0000 0.0000 0.0000 0.0000 0.0000 0.0000 0.0000 0.0000 0.0000 0.0000 0.0000 0.0000 0.0000 0.0000 0.0000 0.0000 0.0000 0.0000 0.0000 0.0000 0.0000 0.0000 0.0000 0.0000 0.0000 0.0000 0.0000 0.0000 0.0000 0.0000 0.0000 0.0000 0.0000 0.0000 0.0000 0.0000 0.0000 0.0000 0.0000 0.0000 0.0000 0.0000 0.0000 0.0000 0.0000 0.0000 0.0000 0.0000 0.0000 0.0000 0.0000 0.0000 0.0000 0.0000 0.0000 0.0000 0.0000 0.0000 0.0000 0.0000 0.0000 0.0000 0.0000 0.0000 0.0000 0.0000 0.0000 0.0000 0.0000 0.0000 0.0000 0.0000 0.0000 0.0000 0.0000 0.0000 0.0000 0.0000 0.0000 0.0000 0.0000 0.0000 0.0000 0.0000 0.0000 0.0000 0.0000 0.0000 0.0000 0.0000 0.0000 0.0000 0.0000 0.0000 0.0000 0.0000 0.0000 0.0000 0.0000 0.0000 0.0000 0.0000 0.0000 0.0000 0.0000 0.0000 0.0000 0.0000 0.0000 0.0000 0.0000 0.0000 0.0000 0.0000 0.0000 0.0000 0.0000 0.0000 0.0000 0.0000 0.0000 0.0000 0.0000 0.0000 0.0000 0.0000 0.0000 0.0000 0.0000 0.0000 0.0000 0.0000 0.0000 0.0000 0.0000 0.0000 0.0000 0.0000 0.0000 0.0000 0.0000 0.0000 0.0000 0.0000 0.0000 0.0000 0.0000 0.0000 0.0000 0.0000 0.0000 0.0000 0.0000 0.0000 0.0000 0.0000 0.0000 0.0000 0.0000 0.0000 0.0000 0.0000 0.0000 0.0000 0.0000 0.0000 0.0000 0.0000 0.0000 0.0000 0.0000 0.0000 0.0000 0.0000 0.0000 0.0000 0.0000 0.0000 0.0000 0.0000 0.0000 0.0000 0.0000 0.0000 0.0000 0.0000 0.0000 0.0000 0.0000 0.0000 0.0000 0.0000 0.0000 0.0000 0.0000 0.0000 0.0000 0.0000 0.0000 0.0000 0.0000 0.0000 0.0000 0.0000 0.0000 0.0000 0.0000 0.0000 0.0000 0.0000 0.0000 0.0000 0.0000 0.0000 0.0000 0.0000 0.0000 0.0000 0.0000 0.0000 0.0000 0.0000 0.0000 0.0000 0.0000 0.0000 0.0000 0.0000 0.0000 0.0000 0.0000 0.0000 0.0000 0.0000 0.0000 0.0000 0.0000 0.0000 0.0000 0.0000 0.0000 0.0000 0.0000 0.0000 0.0000 0.0000 0.0000 0.0000 0.0000 0.0000 0.0000 0.0000 0.0000 0.0000 0.0000 0.0000 0.0000 0.0000 0.0000 0.0000 0.0000 0.0000 0.0000 0.0000 0.0000 0.0000 0.0000 0.0000 0.0000 0.0000 0.0000 0.0000 0.0000 0.0000 0.0000 0.0000 0.0000 0.0000 0.0000 0.0000 0.0000 0.0000 0.0000 0.0000 0.0000 0.0000 0.0000 0.0000 0.0000 0.0000 0.0000 0.0000 0.0000 0.0000 0.0000 0.0000 0.0000 0.0000 0.0000 0.0000 0.0000 0.0000 0.0000 0.0000 0.0000 0.0000 0.0000 0.0000 0.0000 0.0000 0.0000 0.0000 0.0000 0.0000 0.0000 0.0000 0.0000 0.0000 0.0000 0.0000 0.0000 0.0000 0.0000 0.0000 0.0000 0.0000 0.0000 0.0000 0.0000 0.0000 0.0000 0.0000 0.0000 0.0000 0.0000 0.0000 0.0000 0.0000 0.0000 0.0000 0.0000 0.0000 0.0000 0.0000 0.0000 0.0000 0.0000 0.0000 0.0000 0.0000 0.0000 0.0000 0.0000 0.0000 0.0000 0.0000 0.0000 0.0000 0.0000 0.0000 0.0000 0.0000 0.0000 0.0000 0.0000 0.0000 0.0000 0.0000 0.0000 0.0000 0.0000 0.0000 0.0000 0.0000 0.0000 0.0000 0.0000 0.0000 0.0000 0.0000 0.0000 0.0000 0.0000 0.0000 0.0000 0.0000 0.0000 0.0000 0.0000 0.0000 0.0000 0.0000 0.0000 0.0000 0.0000 0.0000 0.0000 0.0000 0.0000 0.0000 0.0000 0.0000 0.0000 0.0000 0.0000 0.0000 0.0000 0.0000 0.0000 0.0000 0.0000 0.0000 0.0000 0.0000 0.0000 0.0000 0.0000 0.0000 0.0000 0.0000 0.0000 0.0000 0.0000 0.0000 0.0000 0.0000 0.0000 0.0000 0.0000 0.0000 0.0000 0.0000 0.0000 0.0000 0.0000 0.0000 0.0000 0.0000 0.0000 0.0000 0.0000 0.0000 0.0000 0.0000 0.0000 0.0000 0.0000 0.0000 0.0000 0.0000 0.0000 0.0000 0.0000 0.0000 0.0000 0.0000 0.0000 0.0000 0.0000 0.0000 0.0000 0.0000 0.0000 0.0000 0.0000 0.0000 0.0000 0.0000 0.0000 0.0000 0.0000 0.0000 0.0000 0.0000 0.0000 0.0000 0.0000 0.0000 0.0000 0.0000 0.0000 0.0000 0.0000 0.0000 0.0000 0.0000 0.0000 0.0000 0.0000 0.0000 0.0000 0.0000 0.0000 0.0000 0.0000 0.0000 0.0000 0.0000 0.0000 0.0000 0.0000 0.0000 0.0000 0.0000 0.0000 0.0000 0.0000 0.0000 0.0000 0.0000 0.0000 0.0000 0.0000 0.0000 0.0000 0.0000 0.0000 0.0000 0.0000 0.0000 0.0000 0.0000 0.0000 0.0000 0.0000 0.0000 0.0000 0.0000 0.0000 0.0000 0.0000 0.0000 0.0000 0.0000 0.0000 0.0000 0.0000 0.0000 0.0000 0.0000 0.0000 0.0000 0.0000 0.0000 0.0000 0.0000 0.0000 0.0000 0.0000 0.0000 0.0000 0.0000 0.0000 0.0000 0.0000 0.0000 0.0000 0.0000 0.0000 0.0000 0.0000 0.0000 0.0000 0.0000 0.0000 0.0000 0.0000 0.0000 0.0000 0.0000 0.0000 0.0000 0.0000 0.0000 0.0000 0.0000 0.0000 0.0000 0.0000 0.0000 0.0000 0.0000 0.0000 0.0000 0.0000 0.0000 0.0000 0.0000 0.0000 0.0000 0.0000 0.0000 0.0000 0.0000 0.0000 0.0000 0.0000 0.0000 0.0000 0.0000 0.0000 0.0000 0.0000 0.0000 0.0000 0.0000 0.0000 0.0000 0.0000 0.0000 0.0000 0.0000 0.0000 0.0000 0.0000 0.0000 0.0000 0.0000 0.0000 0.0000 0.0000 0.0000 0.0000 0.0000 0.0000 0.0000 0.0000 0.0000 0.0000 0.0000 0.0000 0.0000 0.0000 0.0000 0.0000 0.0000 0.0000 0.0000 0.0000 0.0000 0.0000 0.0000 0.0000 0.0000 0.0000 0.0000 0.0000 0.0000 0.0000 0.0000 0.0000 0.0000 0.0000 0.0000 0.0000 0.0000 0.0000 0.0000 0.0000 0.0000 0.0000 0.0000 0.0000 0.0000 0.0000 0.0000 0.0000 0.0000 0.0000 0.0000 0.0000 0.0000 0.0000 0.0000 0.0000 0.0000 0.0000 0.0000 0.0000 0.0000 0.0000 0.0000 0.0000 0.0000 0.0000 0.0000 0.0000 0.0000 0.0000 0.0000 0.0000 0.0000 0.0000 0.0000 0.0000 0.0000 0.0000 0.0000 0.0000 0.0000 0.0000 0.0000 0.0000 0.0000 0.0000 0.0000 0.0000 0.0000 0.0000 0.0000 0.0000 0.0000 0.0000 0.0000 0.0000 0.0000 0.0000 0.0000 0.0000 0.0000 0.0000 0.0000 0.0000 0.0000 0.0000 0.0000 0.0000 0.0000 0.0000 0.0000 0.0000 0.0000 0.0000 0.0000 0.0000 0.0000 0.0000 0.0000 0.0000 0.0000 0.0000 0.0000 0.0000 0.0000 0.0000 0.0000 0.0000 0.0000 0.0000 0.0000 0.0000 0.0000 0.0000 0.0000 0.0000 0.0000 0.0000 0.0000 0.0000 0.0000 0.0000 0.0000 0.0000 0.0000 0.0000 0.0000 0.0000 0.0000 0.0000 0.0000 0.0000 0.0000 0.0000 0.0000 0.0000 0.0000 0.0000 0.0000 0.0000 0.0000 0.0000 0.0000 0.0000 0.0000 0.0000 0.0000 0.0000 0.0000 0.0000 0.0000 0.0000 0.0000 0.0000 0.0000 0.0000 0.0000 0.0000 0.0000 0.0000 0.0000 0.0000 0.0000 0.0000 0.0000 0.0000 0.0000 0.0000 0.0000 0.0000 0.0000 0.0000 0.0000 0.0000 0.0000 0.0000 0.0000 0.0000 0.0000 0.0000 0.0000 0.0000 0.0000 0.0000 0.0000 0.0000 0.0000 0.0000 0.0000 0.0000 0.0000 0.0000 0.0000 0.0000 0.0000 0.0000 0.0000 0.0000 0.0000 0.0000 0.0000 0.0000 0.0000 0.0000 0.0000 0.0000 0.0000 0.0000 0.0000 0.0000 0.0000 0.0000 0.0000 0.0000 0.0000 0.0000 0.0000 0.0000 0.0000 0.0000 0.0000 0.0000 0.0000 0.0000 0.0000 0.0000 0.0000 0.0000 0.0000 0.0000 0.0000 0.0000 0.0000 0.0000 0.0000 0.0000 0.0000 0.0000 0.0000 0.0000 0.0000 0.0000 0.0000 0.0000 0.0000 0.0000 0.0000 0.0000 0.0000 0.0000 0.0000 0.0000 0.0000 0.0000 0.0000 0.0000 0.0000 0.0000 0.0000 0.0000 0.0000 0.0000 0.0000 0.0000 0.0000 0.0000 0.0000 0.0000 0.0000 0.0000 0.0000 0.0000 0.0000 0.0000 0.0000 0.0000 0.0000 0.0000 0.0000 0.0000 0.0000 0.0000 0.0000 0.0000 0.0000 0.0000 0.0000 0.0000 0.0000 0.0000 0.0000 0.0000 0.0000 0.0000 0.0000 0.0000 0.0000 0.0000 0.0000 0.0000 0.0000 0.0000 0.0000 0.0000 0.0000 0.0000 0.0000 0.0000 0.0000 0.0000 0.0000 0.0000 0.0000 0.0000 0.0000 0.0000 0.0000 0.0000 0.0000 0.0000 0.0000 0.0000 0.0000 0.0000 0.0000 0.0000 0.0000 0.0000 0.0000 0.0000 0.0000 0.0000 0.0000 0.0000 0.0000 0.0000 0.0000 0.0000 0.0000 0.0000 0.0000 0.0000 0.0000 0.0000 0.0000 0.0000 0.0000 0.0000 0.0000 0.0000 0.0000 0.0000 0.0000 0.0000 0.0000 0.0000 0.0000 0.0000 0.0000 0.0000 0.0000 0.0000 0.0000 0.0000 0.0000 0.0000 0.0000 0.0000 0.0000 0.0000 0.0000 0.0000 0.0000 0.0000 0.0000 0.0000 0.0000 0.0000 0.0000 0.0000 0.0000 0.0000 0.0000 0.0000 0.0000 0.0000 0.0000 0.0000 0.0000 0.0000 0.0000 0.0000 0.0000 0.0000 0.0000 0.0000 0.0000 0.0000 0.0000 0.0000 0.0000 0.0000 0.0000 0.0000 0.0000 0.0000 0.0000 0.0000 0.0000 0.0000 0.0000 0.0000 0.0000 0.0000 0.0000 0.0000 0.0000 0.0000 0.0000 0.0000 0.0000 0.0000 0.0000 0.0000 0.0000 0.0000 0.0000 0.0000 0.0000 0.0000 0.0000 0.0000 0.0000 0.0000 0.0000 0.0000 0.0000 0.0000 0.0000 0.0000 0.0000 0.0000 0.0000 0.0000 0.0000 0.0000 0.0000 0.0000 0.0000 0.0000 0.0000 0.0000 0.0000 0.0000 0.0000 0.0000 0.0000 0.0000 0.0000 0.0000 0.0000 0.0000 0.0000 0.0000 0.0000 0.0000 0.0000 0.0000 0.0000 0.0000 0.0000 0.0000 0.0000 0.0000 0.0000 0.0000 0.0000 0.0000 0.0000 0.0000 0.0000 0.0000 0.0000 0.0000 0.0000 0.0000 0.0000 0.0000 0.0000 0.0000 0.0000 0.0000 0.0000 0.0000 0.0000 0.0000 0.0000 0.0000 0.0000 0.0000 0.0000 0.0000 0.0000 0.0000 0.0000 0.0000 0.0000 0.0000 0.0000 0.0000 0.0000 0.0000 0.0000 0.0000 0.0000 0.0000 0.0000 0.0000 0.0000 0.0000 0.0000 0.0000 0.0000 0.0000 0.0000 0.0000 0.0000 0.0000 0.0000 0.0000 0.0000 0.0000 0.0000 0.0000 0.0000 0.0000 0.0000 0.0000 0.0000 0.0000 0.0000 0.0000 0.0000 0.0000 0.0000 0.0000 0.0000 0.0000 0.0000 0.0000 0.0000 0.0000 0.0000 0.0000 0.0000 0.0000 0.0000 0.0000 0.0000 0.0000 0.0000 0.0000 0.0000 0.0000 0.0000 0.0000 0.0000 0.0000 0.0000 0.0000 0.0000 0.0000 0.0000 0.0000 0.0000 0.0000 0.0000 0.0000 0.0000 0.0000 0.0000 0.0000 0.0000 0.0000 0.0000 0.0000 0.0000 0.0000 0.0000 0.0000 0.0000 0.0000 0.0000 0.0000 0.0000 0.0000 0.0000 0.0000 0.0000 0.0000 0.0000 0.0000 0.0000 0.0000 0.0000 0.0000 0.0000 0.0000 0.0000 0.0000 0.0000 0.0000 0.0000 0.0000 0.0000 0.0000 0.0000 0.0000 0.0000 0.0000 0.0000 0.0000 0.0000 0.0000 0.0000 0.0000 0.0000 0.0000 0.0000 0.0000 0.0000 0.0000 0.0000 0.0000 0.0000 0.0000 0.0000 0.0000 0.0000 0.0000 0.0000 0.0000 0.0000 0.0000 0.0000 0.0000 0.0000 0.0000 0.0000 0.0000 0.0000 0.0000 0.0000 0.0000 0.0000 0.0000 0.0000 0.0000 0.0000 0.0000 0.0000 0.0000 0.0000 0.0000 0.0000 0.0000 0.0000 0.0000 0.0000 0.0000 0.0000 0.0000 0.0000 0.0000 0.0000 0.0000 0.0000 0.0000 0.0000 0.0000 0.0000 0.0000 0.0000 0.0000 0.0000 0.0000 0.0000 0.0000 0.0000 0.0000 0.0000 0.0000 0.0000 0.0000 0.0000 0.0000 0.0000 0.0000 0.0000 0.0000 0.0000 0.0000 0.0000 0.0000 0.0000 0.0000 0.0000 0.0000 0.0000 0.0000 0.0000 0.0000 0.0000 0.0000 0.0000 0.0000 0.0000 0.0000 0.0000 0.0000 0.0000 0.0000 0.0000 0.0000 0.0000 0.0000 0.0000 0.0000 0.0000 0.0000 0.0000 0.0000 0.0000 0.0000 0.0000 0.0000 0.0000 0.0000 0.0000 0.0000 0.0000 0.0000 0.0000 0.0000 0.0000 0.0000 0.0000 0.0000 0.0000 0.0000 0.0000 0.0000 0.0000 0.0000 0.0000 0.0000 0.0000 0.0000 0.0000 0.0000 0.0000 0.0000 0.0000 0.0000 0.0000 0.0000 0.0000 0.0000 0.0000 0.0000 0.0000 0.0000 0.0000 0.0000 0.0000 0.0000 0.0000 0.0000 0.0000 0.0000 0.0000 0.0000 0.0000 0.0000 0.0000 0.0000 0.0000 0.0000 0.0000 0.0000 0.0000 0.0000 0.0000 0.0000 0.0000 0.0000 0.0000 0.0000 0.0000 0.0000 0.0000 0.0000 0.0000 0.0000 0.0000 0.0000 0.0000 0.0000 0.0000 0.0000 0.0000 0.0000 0.0000 0.0000 0.0000 0.0000 0.0000 0.0000 0.0000 0.0000 0.0000 0.0000 0.0000 0.0000 0.0000 0.0000 0.0000 0.0000 0.0000 0.0000 0.0000 0.0000 0.0000 0.0000 0.0000 0.0000 0.0000 0.0000 0.0000 0.0000 0.0000 0.0000 0.0000 0.0000 0.0000 0.0000 0.0000 0.0000 0.0000 0.0000 0.0000 0.0000 0.0000 0.0000 0.0000 0.0000 0.0000 0.0000 0.0000 0.0000 0.0000 0.0000 0.0000 0.0000 0.0000 0.0000 0.0000 0.0000 0.0000 0.0000 0.0000 0.0000 0.0000 0.0000 0.0000 0.0000 0.0000 0.0000 0.0000 0.0000 0.0000 0.0000 0.0000 0.0000 0.0000 0.0000 0.0000 0.0000 0.0000 0.0000 0.0000 0.0000 0.0000 0.0000 0.0000 0.0000 0.0000 0.0000 0.0000 0.0000 0.0000 0.0000 0.0000 0.0000 0.0000 0.0000 0.0000 0.0000 0.0000 0.0000 0.0000 0.0000 0.0000 0.0000 0.0000 0.0000 0.0000 0.0000 0.0000 0.0000 0.0000 0.0000 0.0000 0.0000 0.0000 0.0000 0.0000 0.0000 0.0000 0.0000 0.0000 0.0000 0.0000 0.0000 0.0000 0.0000 0.0000 0.0000 0.0000 0.0000 0.0000 0.0000 0.0000 0.0000 0.0000 0.0000 0.0000 0.0000 0.0000 0.0000 0.0000 0.0000 0.0000 0.0000 0.0000 0.0000 0.0000 0.0000 0.0000 0.0000 0.0000 0.0000 0.0000 0.0000 0.0000 0.0000 0.0000 0.0000 0.0000 0.0000 0.0000 0.0000 0.0000 0.0000 0.0000 0.0000 0.0000 0.0000 0.0000 0.0000 0.0000 0.0000 0.0000 0.0000 0.0000 0.0000 0.0000 0.0000 0.0000 0.0000 0.0000 0.0000 0.0000 0.0000 0.0000 0.0000 0.0000 0.0000 0.0000 0.0000 0.0000 0.0000 0.0000 0.0000 0.0000 0.0000 0.0000 0.0000 0.0000 0.0000 0.0000 0.0000 0.0000 0.0000 0.0000 0.0000 0.0000 0.0000 0.0000 0.0000 0.0000 0.0000 0.0000 0.0000 0.0000 0.0000 0.0000 0.0000 0.0000 0.0000 0.0000 0.0000 0.0000 0.0000 0.0000 0.0000 0.0000 0.0000 0.0000 0.0000 0.0000 0.0000 0.0000 0.0000 0.0000 0.0000 0.0000 0.0000 0.0000 0.0000 0.0000 0.0000 0.0000 0.0000 0.0000 0.0000 0.0000 0.0000 0.0000 0.0000 0.0000 0.0000 0.0000 0.0000 0.0000 0.0000 0.0000 0.0000 0.0000 0.0000 0.0000 0.0000 0.0000 0.0000 0.0000 0.0000 0.0000 0.0000 0.0000 0.0000 0.0000 0.0000 0.0000 0.0000 0.0000 0.0000 0.0000 0.0000 0.0000 0.0000 0.0000 0.0000 0.0000 0.0000 0.0000 0.0000 0.0000 0.0000 0.0000 0.0000 0.0000 0.0000 0.0000 0.0000 0.0000 0.0000 0.0000 0.0000 0.0000 0.0000 0.0000 0.0000 0.0000 0.0000 0.0000 0.0000 0.0000 0.0000 0.0000 0.0000 0.0000 0.0000 0.0000 0.0000 0.0000 0.0000 0.0000 0.0000 0.0000 0.0000 0.0000 0.0000 0.0000 0.0000 0.0000 0.0000 0.0000 0.0000 0.0000 0.0000 0.0000 0.0000 0.0000 0.0000 0.0000 0.0000 0.0000 0.0000 0.0000 0.0000 0.0000 0.0000 0.0000 0.0000 0.0000 0.0000 0.0000 0.0000 0.0000 0.0000 0.0000 0.0000 0.0000 0.0000 0.0000 0.0000 0.0000 0.0000 0.0000 0.0000 0.0000 0.0000 0.0000 0.0000 0.0000 0.0000 0.0000 0.0000 0.0000 0.0000 0.0000 0.0000 0.0000 0.0000 0.0000 0.0000 0.0000 0.0000 0.0000 0.0000 0.0000 0.0000 0.0000 0.0000 0.0000 0.0000 0.0000 0.0000 0.0000 0.0000 0.0000 0.0000 0.0000 0.0000 0.0000 0.0000 0.0000 0.0000 0.0000 0.0000 0.0000 0.0000 0.0000 0.0000 0.0000 0.0000 0.0000 0.0000 0.0000 0.0000 0.0000 0.0000 0.0000 0.0000 0.0000 0.0000 0.0000 0.0000 0.0000 0.0000 0.0000 0.0000 0.0000 0.0000 0.0000 0.0000 0.0000 0.0000 0.0000 0.0000 0.0000 0.0000 0.0000 0.0000 0.0000 0.0000 0.0000 0.0000 0.0000 0.0000 0.0000 0.0000 0.0000 0.0000 0.0000 0.0000 0.0000 0.0000 0.0000 0.0000 0.0000 0.0000 0.0000 0.0000 0.0000 0.0000 0.0000 0.0000 0.0000 0.0000 0.0000 0.0000 0.0000 0.0000 0.0000 0.0000 0.0000 0.0000 0.0000 0.0000 0.0000 0.0000 0.0000 0.0000 0.0000 0.0000 0.0000 0.0000 0.0000 0.0000 0.0000 0.0000 0.0000 0.0000 0.0000 0.0000 0.0000 0.0000 0.0000 0.0000 0.0000 0.0000 0.0000 0.0000 0.0000 0.0000 0.0000 0.0000 0.0000 0.0000 0.0000 0.0000 0.0000 0.0000 0.0000 0.0000 0.0000 0.0000 0.0000 0.0000 0.0000 0.0000 0.0000 0.0000 0.0000 0.0000 0.0000 0.0000 0.0000 0.0000 0.0000 0.0000 0.0000 0.0000 0.0000 0.0000 0.0000 0.0000 0.0000 0.0000 0.0000 0.0000 0.0000 0.0000 0.0000 0.0000 0.0000 0.0000 0.0000 0.0000 0.0000 0.0000 0.0000 0.0000 0.0000 0.0000 0.0000 0.0000 0.0000 0.0000 0.0000 0.0000 0.0000 0.0000 0.0000 0.0000 0.0000 0.0000 0.0000 0.0000 0.0000 0.0000 0.0000 0.0000 0.0000 0.0000 0.0000 0.0000 0.0000 0.0000 0.0000 0.0000 0.0000 0.0000 0.0000 0.0000 0.0000 0.0000 0.0000 0.0000 0.0000 0.0000 0.0000 0.0000 0.0000 0.0000 0.0000 0.0000 0.0000 0.0000 0.0000 0.0000 0.0000 0.0000 0.0000 0.0000 0.0000 0.0000 0.0000 0.0000 0.0000 0.0000 0.0000 0.0000 0.0000 0.0000 0.0000 0.0000 0.0000 0.0000 0.0000 0.0000 0.0000 0.0000 0.0000 0.0000 0.0000 0.0000 0.0000 0.0000 0.0000 0.0000 0.0000 0.0000 0.0000 0.0000 0.0000 0.0000 0.0000 0.0000 0.0000 0.0000 0.0000 0.0000 0.0000 0.0000 0.0000 0.0000 0.0000 0.0000 0.0000 0.0000 0.0000 0.0000 0.0000 0.0000 0.0000 0.0000 0.0000 0.0000 0.0000 0.0000 0.0000 0.0000 0.0000 0.0000 0.0000 0.0000 0.0000 0.0000 0.0000 0.0000 0.0000 0.0000 0.0000 0.0000 0.0000 0.0000 0.0000 0.0000 0.0000 0.0000 0.0000 0.0000 0.0000 0.0000 0.0000 0.0000 0.0000 0.0000 0.0000 0.0000 0.0000 0.0000 0.0000 0.0000 0.0000 0.0000 0.0000 0.0000 0.0000 0.0000 0.0000 0.0000 0.0000 0.0000 0.0000 0.0000 0.0000 0.0000 0.0000 0.0000 0.0000 0.0000 0.0000 0.0000 0.0000 0.0000 0.0000 0.0000 0.0000 0.0000 0.0000 0.0000 0.0000 0.0000 0.0000 0.0000 0.0000 0.0000 0.0000 0.0000 0.0000 0.0000 0.0000 0.0000 0.0000 0.0000 0.0000 0.0000 0.0000 0.0000 0.0000 0.0000 0.0000 0.0000 0.0000 0.0000 0.0000 0.0000 0.0000 0.0000 0.0000 0.0000 0.0000 0.0000 0.0000 0.0000 0.0000 0.0000 0.0000 0.0000 0.0000 0.0000 0.0000 0.0000 0.0000 0.0000 0.0000 0.0000 0.0000 0.0000 0.0000 0.0000 0.0000 0.0000 0.0000 0.0000 0.0000 0.0000 0.0000 0.0000 0.0000 0.0000 0.0000 0.0000 0.0000 0.0000 0.0000 0.0000 0.0000 0.0000 0.0000 0.0000 0.0000 0.0000 0.0000 0.0000 0.0000 0.0000 0.0000 0.0000 0.0000 0.0000 0.0000 0.0000 0.0000 0.0000 0.0000 0.0000 0.0000 0.0000 0.0000 0.0000 0.0000 0.0000 0.0000 0.0000 0.0000 0.0000 0.0000 0.0000 0.0000 0.0000 0.0000 0.0000 0.0000 0.0000 0.0000 0.0000 0.0000 0.0000 0.0000 0.0000 0.0000 0.0000 0.0000 0.0000 0.0000 0.0000 0.0000 0.0000 0.0000 0.0000 0.0000 0.0000 0.0000 0.0000 0.0000 0.0000 0.0000 0.0000 0.0000 0.0000 0.0000 0.0000 0.0000 0.0000 0.0000 0.0000 0.0000 0.0000 0.0000 0.0000 0.0000 0.0000 0.0000 0.0000 0.0000 0.0000 0.0000 0.0000 0.0000 0.0000 0.0000 0.0000 0.0000 0.0000 0.0000 0.0000 0.0000 0.0000 0.0000 0.0000 0.0000 0.0000 0.0000 0.0000 0.0000 0.0000 0.0000 0.0000 0.0000 0.0000 0.0000 0.0000 0.0000 0.0000 0.0000 0.0000 0.0000 0.0000 0.0000 0.0000 0.0000 0.0000 0.0000 0.0000 0.0000 0.0000 0.0000 0.0000 0.0000 0.0000 0.0000 0.0000 0.0000 0.0000 0.0000 0.0000 0.0000 0.0000 0.0000 0.0000 0.0000 0.0000 0.0000 0.0000 0.0000 0.0000 0.0000 0.0000 0.0000 0.0000 0.0000 0.0000 0.0000 0.0000 0.0000 0.0000 0.0000 0.0000 0.0000 0.0000 0.0000 0.0000 0.0000 0.0000 0.0000 0.0000 0.0000 0.0000 0.0000 0.0000 0.0000 0.0000 0.0000 0.0000 0.0000 0.0000 0.0000 0.0000 0.0000 0.0000 0.0000 0.0000 0.0000 0.0000 0.0000 0.0000 0.0000 0.0000 0.0000 0.0000 0.0000 0.0000 0.0000 0.0000 0.0000 0.0000 0.0000 0.0000 0.0000 0.0000 0.0000 0.0000 0.0000 0.0000 0.0000 0.0000 0.0000 0.0000 0.0000 0.0000 0.0000 0.0000 0.0000 0.0000 0.0000 0.0000 0.0000 0.0000 0.0000 0.0000 0.0000 0.0000 0.0000 0.0000 0.0000 0.0000 0.0000 0.0000 0.0000 0.0000 0.0000 0.0000 0.0000 0.0000 0.0000 0.0000 0.0000 0.0000 0.0000 0.0000 0.0000 0.0000 0.0000 0.0000 0.0000 0.0000 0.0000 0.0000 0.0000 0.0000 0.0000 0.0000 0.0000 0.0000 0.0000 0.0000 0.0000 0.0000 0.0000 0.0000 0.0000 0.0000 0.0000 0.0000 0.0000 0.0000 0.0000 0.0000 0.0000 0.0000 0.0000 0.0000 0.0000 0.0000 0.0000 0.0000 0.0000 0.0000 0.0000 0.0000 0.0000 0.0000 0.0000 0.0000 0.0000 0.0000 0.0000 0.0000 0.0000 0.0000 0.0000 0.0000 0.0000 0.0000 0.0000 0.0000 0.0000 0.0000 0.0000 0.0000 0.0000 0.0000 0.0000 0.0000 0.0000 0.0000 0.0000 0.0000 0.0000 0.0000 0.0000 0.0000 0.0000 0.0000 0.0000 0.0000 0.0000 0.0000 0.0000 0.0000 0.0000 0.0000 0.0000 0.0000 0.0000 0.0000 0.0000 0.0000 0.0000 0.0000 0.0000 0.0000 0.0000 0.0000 0.0000 0.0000 0.0000 0.0000 0.0000 0.0000 0.0000 0.0000 0.0000 0.0000 0.0000 0.0000 0.0000 0.0000 0.0000 0.0000 0.0000 0.0000 0.0000 0.0000 0.0000 0.0000 0.0000 0.0000 0.0000 0.0000 0.0000 0.0000 0.0000 0.0000 0.0000 0.0000 0.0000 0.0000 0.0000 0.0000 0.0000 0.0000 0.0000 0.0000 0.0000 0.0000 0.0000 0.0000 0.0000 0.0000 0.0000 0.0000 0.0000 0.0000 0.0000 0.0000 0.0000 0.0000 0.0000 0.0000 0.0000 0.0000 0.0000 0.0000 0.0000 0.0000 0.0000 0.0000 0.0000 0.0000 0.0000 0.0000 0.0000 0.0000 0.0000 0.0000 0.0000 0.0000 0.0000 0.0000 0.0000 0.0000 0.0000 0.0000 0.0000 0.0000 0.0000 0.0000 0.0000 0.0000 0.0000 0.0000 0.0000 0.0000 0.0000 0.0000 0.0000 0.0000 0.0000 0.0000 0.0000 0.0000 0.0000 0.0000 0.0000 0.0000 0.0000 0.0000 0.0000 0.0000 0.0000 0.0000 0.0000 0.0000 0.0000 0.0000 0.0000 0.0000 0.0000 0.0000 0.0000 0.0000 0.0000 0.0000 0.0000 0.0000 0.0000 0.0000 0.0000 0.0000 0.0000 0.0000 0.0000 0.0000 0.0000 0.0000 0.0000 0.0000 0.0000 0.0000 0.0000 0.0000 0.0000 0.0000 0.0000 0.0000 0.0000 0.0000 0.0000 0.0000 0.0000 0.0000 0.0000 0.0000 0.0000 0.0000 0.0000 0.0000 0.0000 0.0000 0.0000 0.0000 0.0000 0.0000 0.0000 0.0000 0.0000 0.0000 0.0000 0.0000 0.0000 0.0000 0.0000 0.0000 0.0000 0.0000 0.0000 0.0000 0.0000 0.0000 0.0000 0.0000 0.0000 0.0000 0.0000 0.0000 0.0000 0.0000 0.0000 0.0000 0.0000 0.0000 0.0000 0.0000 0.0000 0.0000 0.0000 0.0000 0.0000 0.0000 0.0000 0.0000 0.0000 0.0000 0.0000 0.0000 0.0000 0.0000 0.0000 0.0000 0.0000 0.0000 0.0000 0.0000 0.0000 0.0000 0.0000 0.0000 0.0000 0.0000 0.0000 0.0000 0.0000 0.0000 0.0000 0.0000 0.0000 0.0000 0.0000 0.0000 0.0000 0.0000 0.0000 0.0000 0.0000 0.0000 0.0000 0.0000 0.0000 0.0000 0.0000 0.0000 0.0000 0.0000 0.0000 0.0000 0.0000 0.0000 0.0000 0.0000 0.0000 0.0000 0.0000 0.0000 0.0000 0.0000 0.0000 0.0000 0.0000 0.0000 0.0000 0.0000 0.0000 0.0000 0.0000 0.0000 0.0000 0.0000 0.0000 0.0000 0.0000 0.0000 0.0000 0.0000 0.0000 0.0000 0.0000 0.0000 0.0000 0.0000 0.0000 0.0000 0.0000 0.0000 0.0000 0.0000 0.0000 0.0000 0.0000 0.0000 0.0000 0.0000 0.0000 0.0000 0.0000 0.0000 0.0000 0.0000 0.0000 0.0000 0.0000 0.0000 0.0000 0.0000 0.0000 0.0000 0.0000 0.0000 0.0000 0.0000 0.0000 0.0000 0.0000 0.0000 0.0000 0.0000 0.0000 0.0000 0.0000 0.0000 0.0000 0.0000 0.0000 0.0000 0.0000 0.0000 0.0000 0.0000 0.0000 0.0000 0.0000 0.0000 0.0000 0.0000 0.0000 0.0000 0.0000 0.0000 0.0000 0.0000 0.0000 0.0000 0.0000 0.0000 0.0000 0.0000 0.0000 0.0000 0.0000 0.0000 0.0000 0.0000 0.0000 0.0000 0.0000 0.0000 0.0000 0.0000 0.0000 0.0000 0.0000 0.0000 0.0000 0.0000 0.0000 0.0000 0.0000 0.0000 0.0000 0.0000 0.0000 0.0000 0.0000 0.0000 0.0000 0.0000 0.0000 0.0000 0.0000 0.0000 0.0000 0.0000 0.0000 0.0000 0.0000 0.0000 0.0000 0.0000 0.0000 0.0000 0.0000 0.0000 0.0000 0.0000 0.0000 0.0000 0.0000 0.0000 0.0000 0.0000 0.0000 0.0000 0.0000 0.0000 0.0000 0.0000 0.0000 0.0000 0.0000 0.0000 0.0000 0.0000 0.0000 0.0000 0.0000 0.0000 0.0000 0.0000 0.0000 0.0000 0.0000 0.0000 0.0000 0.0000 0.0000 0.0000 0.0000 0.0000 0.0000 0.0000 0.0000 0.0000 0.0000 0.0000 0.0000 0.0000 0.0000 0.0000 0.0000 0.0000 0.0000 0.0000 0.0000 0.0000 0.0000 0.0000 0.0000 0.0000 0.0000 0.0000 0.0000 0.0000 0.0000 0.0000 0.0000 0.0000 0.0000 0.0000 0.0000 0.0000 0.0000 0.0000 0.0000 0.0000 0.0000 0.0000 0.0000 0.0000 0.0000 0.0000 0.0000 0.0000 0.0000 0.0000 0.0000 0.0000 0.0000 0.0000 0.0000 0.0000 0.0000 0.0000 0.0000 0.0000 0.0000 0.0000 0.0000 0.0000 0.0000 0.0000 0.0000 0.0000 0.0000 0.0000 0.0000 0.0000 0.0000 0.0000 0.0000 0.0000 0.0000 0.0000 0.0000 0.0000 0.0000 0.0000 0.0000 0.0000 0.0000 0.0000 0.0000 0.0000 0.0000 0.0000 0.0000 0.0000 0.0000 0.0000 0.0000 0.0000 0.0000 0.0000 0.0000 0.0000 0.0000 0.0000 0.0000 0.0000 0.0000 0.0000 0.0000 0.0000 0.0000 0.0000 0.0000 0.0000 0.0000 0.0000 0.0000 0.0000 0.0000 0.0000 0.0000 0.0000 0.0000 0.0000 0.0000 0.0000 0.0000 0.0000 0.0000 0.0000 0.0000 0.0000 0.0000 0.0000 0.0000 0.0000 0.0000 0.0000 0.0000 0.0000 0.0000 0.0000 0.0000 0.0000 0.0000 0.0000 0.0000 0.0000 0.0000 0.0000 0.0000 0.0000 0.0000 0.0000 0.0000 0.0000 0.0000 0.0000 0.0000 0.0000 0.0000 0.0000 0.0000 0.0000 0.0000 0.0000 0.0000 0.0000 0.0000 0.0000 0.0000 0.0000 0.0000 0.0000 0.0000 0.0000 0.0000 0.0000 0.0000 0.0000 0.0000 0.0000 0.0000 0.0000 0.0000 0.0000 0.0000 0.0000 0.0000 0.0000 0.0000 0.0000 0.0000 0.0000 0.0000 0.0000 0.0000 0.0000 0.0000 0.0000 0.0000 0.0000 0.0000 0.0000 0.0000 0.0000 0.0000 0.0000 0.0000 0.0000 0.0000 0.0000 0.0000 0.0000 0.0000 0.0000 0.0000 0.0000 0.0000 0.0000 0.0000 0.0000 0.0000 0.0000 0.0000 0.0000 0.0000 0.0000 0.0000 0.0000 0.0000 0.0000 0.0000 0.0000 0.0000 0.0000 0.0000 0.0000 0.0000 0.0000 0.0000 0.0000 0.0000 0.0000 0.0000 0.0000 0.0000 0.0000 0.0000 0.0000 0.0000 0.0000 0.0000 0.0000 0.0000 0.0000 0.0000 0.0000 0.0000 0.0000 0.0000 0.0000 0.0000 0.0000 0.0000 0.0000 0.0000 0.0000 0.0000 0.0000 0.0000 0.0000 0.0000 0.0000 0.0000 0.0000 0.0000 0.0000 0.0000 0.0000 0.0000 0.0000 0.0000 0.0000 0.0000 0.0000 0.0000 0.0000 0.0000 0.0000 0.0000 0.0000 0.0000 0.0000 0.0000 0.0000 0.0000 0.0000 0.0000 0.0000 0.0000 0.0000 0.0000 0.0000 0.0000 0.0000 0.0000 0.0000 0.0000 0.0000 0.0000 0.0000 0.0000 0.0000 0.0000 0.0000 0.0000 0.0000 0.0000 0.0000 0.0000 0.0000 0.0000 0.0000 0.0000 0.0000 0.0000 0.0000 0.0000 0.0000 0.0000 0.0000 0.0000 0.0000 0.0000 0.0000 0.0000 0.0000 0.0000 0.0000 0.0000 0.0000 0.0000 0.0000 0.0000 0.0000 0.0000 0.0000 0.0000 0.0000 0.0000 0.0000 0.0000 0.0000 0.0000 0.0000 0.0000 0.0000 0.0000 0.0000 0.0000 0.0000 0.0000 0.0000 0.0000 0.0000 0.0000 0.0000 0.0000 0.0000 0.0000 0.0000 0.0000 0.0000 0.0000 0.0000 0.0000 0.0000 0.0000 0.0000 0.0000 0.0000 0.0000 0.0000 0.0000 0.0000 0.0000 0.0000 0.0000 0.0000 0.0000 0.0000 0.0000 0.0000 0.0000 0.0000 0.0000 0.0000 0.0000 0.0000 0.0000 0.0000 0.0000 0.0000 0.0000 0.0000 0.0000 0.0000 0.0000 0.0000 0.0000 0.0000 0.0000 0.0000 0.0000 0.0000 0.0000 0.0000 0.0000 0.0000 0.0000 0.0000 0.0000 0.0000 0.0000 0.0000 0.0000 0.0000 0.0000 0.0000 0.0000 0.0000 0.0000 0.0000 0.0000 0.0000 0.0000 0.0000 0.0000 0.0000 0.0000 0.0000 0.0000 0.0000 0.0000 0.0000 0.0000 0.0000 0.0000 0.0000 0.0000 0.0000 0.0000 0.0000 0.0000 0.0000 0.0000 0.0000 0.0000 0.0000 0.0000 0.0000 0.0000 0.0000 0.0000 0.0000 0.0000 0.0000 0.0000 0.0000 0.0000 0.0000 0.0000 0.0000 0.0000 0.0000 0.0000 0.0000 0.0000 0.0000 0.0000 0.0000 0.0000 0.0000 0.0000 0.0000 0.0000 0.0000 0.0000 0.0000 0.0000 0.0000 0.0000 0.0000 0.0000 0.0000 0.0000 0.0000 0.0000 0.0000 0.0000 0.0000 0.0000 0.0000 0.0000 0.0000 0.0000 0.0000 0.0000 0.0000 0.0000 0.0000 0.0000 0.0000 0.0000 0.0000 0.0000 0.0000 0.0000 0.0000 0.0000 0.0000 0.0000 0.0000 0.0000 0.0000 0.0000 0.0000 0.0000 0.0000 0.0000 0.0000 0.0000 0.0000 0.0000 0.0000 0.0000 0.0000 0.0000 0.0000 0.0000 0.0000 0.0000 0.0000 0.0000 0.0000 0.0000 0.0000 0.0000 0.0000 0.0000 0.0000 0.0000 0.0000 0.0000 0.0000 0.0000 0.0000 0.0000 0.0000 0.0000 0.0000 0.0000 0.0000 0.0000 0.0000 0.0000 0.0000 0.0000 0.0000 0.0000 0.0000 0.0000 0.0000 0.0000 0.0000 0.0000 0.0000 0.0000 0.0000 0.0000 0.0000 0.0000 0.0000 0.0000 0.0000 0.0000 0.0000 0.0000 0.0000 0.0000 0.0000 0.0000 0.0000 0.0000 0.0000 0.0000 0.0000 0.0000 0.0000 0.0000 0.0000 0.0000 0.0000 0.0000 0.0000 0.0000 0.0000 0.0000 0.0000 0.0000 0.0000 0.0000 0.0000 0.0000 0.0000 0.0000 0.0000 0.0000 0.0000 0.0000 0.0000 0.0000 0.0000 0.0000 0.0000 0.0000 0.0000 0.0000 0.0000 0.0000 0.0000 0.0000 0.0000 0.0000 0.0000 0.0000 0.0000 0.0000 0.0000 0.0000 0.0000 0.0000 0.0000 0.0000 0.0000 0.0000 0.0000 0.0000 0.0000 0.0000 0.0000 0.0000 0.0000 0.0000 0.0000 0.0000 0.0000 0.0000 0.0000 0.0000 0.0000 0.0000 0.0000 0.0000 0.0000 0.0000 0.0000 0.0000 0.0000 0.0000 0.0000 0.0000 0.0000 0.0000 0.0000 0.0000 0.0000 0.0000 0.0000 0.0000 0.0000 0.0000 0.0000 0.0000 0.0000 0.0000 0.0000 0.0000 0.0000 0.0000 0.0000 0.0000 0.0000 0.0000 0.0000 0.0000 0.0000 0.0000 0.0000 0.0000 0.0000 0.0000 0.0000 0.0000 0.0000 0.0000 0.0000 0.0000 0.0000 0.0000 0.0000 0.0000 0.0000 0.0000 0.0000 0.0000 0.0000 0.0000 0.0000 0.0000 0.0000 0.0000 0.0000 0.0000 0.0000 0.0000 0.0000 0.0000 0.0000 0.0000 0.0000 0.0000 0.0000 0.0000 0.0000 0.0000 0.0000 0.0000 0.0000 0.0000 0.0000 0.0000 0.0000 0.0000 0.0000 0.0000 0.0000 0.0000 0.0000 0.0000 0.0000 0.0000 0.0000 0.0000 0.0000 0.0000 0.0000 0.0000 0.0000 0.0000 0.0000 0.0000 0.0000 0.0000 0.0000 0.0000 0.0000 0.0000 0.0000 0.0000 0.0000 0.0000 0.0000 0.0000 0.0000 0.0000 0.0000 0.0000 0.0000 0.0000 0.0000 0.0000 0.0000 0.0000 0.0000 0.0000 0.0000 0.0000 0.0000 0.0000 0.0000 0.0000 0.0000 0.0000 0.0000 0.0000 0.0000 0.0000 0.0000 0.0000 0.0000 0.0000 0.0000 0.0000 0.0000 0.0000 0.0000 0.0000 0.0000 0.0000 0.0000 0.0000 0.0000 0.0000 0.0000 0.0000 0.0000 0.0000 0.0000 0.0000 0.0000 0.0000 0.0000 0.0000 0.0000 0.0000 0.0000 0.0000 0.0000 0.0000 0.0000 0.0000 0.0000 0.0000 0.0000 0.0000 0.0000 0.0000 0.0000 0.0000 0.0000 0.0000 0.0000 0.0000 0.0000 0.0000 0.0000 0.0000 0.0000 0.0000 0.0000 0.0000 0.0000 0.0000 0.0000 0.0000 0.0000 0.0000 0.0000 0.0000 0.0000 0.0000 0.0000 0.0000 0.0000 0.0000 0.0000 0.0000 0.0000 0.0000 0.0000 0.0000 0.0000 0.0000 0.0000 0.0000 0.0000 0.0000 0.0000 0.0000 0.0000 0.0000 0.0000 0.0000 0.0000 0.0000 0.0000 0.0000 0.0000 0.0000 0.0000 0.0000 0.0000 0.0000 0.0000 0.0000 0.0000 0.0000 0.0000 0.0000 0.0000 0.0000 0.0000 0.0000 0.0000 0.0000 0.0000 0.0000 0.0000 0.0000 0.0000 0.0000 0.0000 0.0000 0.0000 0.0000 0.0000 0.0000 0.0000 0.0000 0.0000 0.0000 0.0000 0.0000 0.0000 0.0000 0.0000 0.0000 0.0000 0.0000 0.0000 0.0000 0.0000 0.0000 0.0000 0.0000 0.0000 0.0000 0.0000 0.0000 0.0000 0.0000 0.0000 0.0000 0.0000 0.0000 0.0000 0.0000 0.0000 0.0000 0.0000 0.0000 0.0000 0.0000 0.0000 0.0000 0.0000 0.0000 0.0000 0.0000 0.0000 0.0000 0.0000 0.0000 0.0000 0.0000 0.0000 0.0000 0.0000 0.0000 0.0000 0.0000 0.0000 0.0000 0.0000 0.0000 0.0000 0.0000 0.0000 0.0000 0.0000 0.0000 0.0000 0.0000 0.0000 0.0000 0.0000 0.0000 0.0000 0.0000 0.0000 0.0000 0.0000 0.0000 0.0000 0.0000 0.0000 0.0000 0.0000 0.0000 0.0000 0.0000 0.0000 0.0000 0.0000 0.0000 0.0000 0.0000 0.0000 0.0000 0.0000 0.0000 0.0000 0.0000 0.0000 0.0000 0.0000 0.0000 0.0000 0.0000 0.0000 0.0000 0.0000 0.0000 0.0000 0.0000 0.0000 0.0000 0.0000 0.0000 0.0000 0.0000 0.0000 0.0000 0.0000 0.0000 0.0000 0.0000 0.0000 0.0000 0.0000 0.0000 0.0000 0.0000 0.0000 0.0000 0.0000 0.0000 0.0000 0.0000 0.0000 0.0000 0.0000 0.0000 0.0000 0.0000 0.0000 0.0000 0.0000 0.0000 0.0000 0.0000 0.0000 0.0000 0.0000 0.0000 0.0000 0.0000 0.0000 0.0000 0.0000 0.0000 0.0000 0.0000 0.0000 0.0000 0.0000 0.0000 0.0000 0.0000 0.0000 0.0000 0.0000 0.0000 0.0000 0.0000 0.0000 0.0000 0.0000 0.0000 0.0000 0.0000 0.0000 0.0000 0.0000 0.0000 0.0000 0.0000 0.0000 0.0000 0.0000 0.0000 0.0000 0.0000 0.0000 0.0000 0.0000 0.0000 0.0000 0.0000 0.0000 0.0000 0.0000 0.0000 0.0000 0.0000 0.0000 0.0000 0.0000 0.0000 0.0000 0.0000 0.0000 0.0000 0.0000 0.0000 0.0000 0.0000 0.0000 0.0000 0.0000 0.0000 0.0000 0.0000 0.0000 0.0000 0.0000 0.0000 0.0000 0.0000 0.0000 0.0000 0.0000 0.0000 0.0000 0.0000 0.0000 0.0000 0.0000 0.0000 0.0000 0.0000 0.0000 0.0000 0.0000 0.0000 0.0000 0.0000 0.0000 0.0000 0.0000 0.0000 0.0000 0.0000 0.0000 0.0000 0.0000 0.0000 0.0000 0.0000 0.0000 0.0000 0.0000 0.0000 0.0000 0.0000 0.0000 0.0000 0.0000 0.0000 0.0000 0.0000 0.0000 0.0000 0.0000 0.0000 0.0000 0.0000 0.0000 0.0000 0.0000 0.0000 0.0000 0.0000 0.0000 0.0000 0.0000 0.0000 0.0000 0.0000 0.0000 0.0000 0.0000 0.0000 0.0000 0.0000 0.0000 0.0000 0.0000 0.0000 0.0000 0.0000 0.0000 0.0000 0.0000 0.0000 0.0000 0.0000 0.0000 0.0000 0.0000 0.0000 0.0000 0.0000 0.0000 0.0000 0.0000 0.0000 0.0000 0.0000 0.0000 0.0000 0.0000 0.0000 0.0000 0.0000 0.0000 0.0000 0.0000 0.0000 0.0000 0.0000 0.0000 0.0000 0.0000 0.0000 0.0000 0.0000 0.0000 0.0000 0.0000 0.0000 0.0000 0.0000 0.0000 0.0000 0.0000 0.0000 0.0000 0.0000 0.0000 0.0000 0.0000 0.0000 0.0000 0.0000 0.0000 0.0000 0.0000 0.0000 0.0000 0.0000 0.0000 0.0000 0.0000 0.0000 0.0000 0.0000 0.0000 0.0000 0.0000 0.0000 0.0000 0.0000 0.0000 0.0000 0.0000 0.0000 0.0000 0.0000 0.0000 0.0000 0.0000 0.0000 0.0000 0.0000 0.0000 0.0000 0.0000 0.0000 0.0000 0.0000 0.0000 0.0000 0.0000 0.0000 0.0000 0.0000 0.0000 0.0000 0.0000 0.0000 0.0000 0.0000 0.0000 0.0000 0.0000 0.0000 0.0000 0.0000 0.0000 0.0000 0.0000 0.0000 0.0000 0.0000 0.0000 0.0000 0.0000 0.0000 0.0000 0.0000 0.0000 0.0000 0.0000 0.0000 0.0000 0.0000 0.0000 0.0000 0.0000 0.0000 0.0000 0.0000 0.0000 0.0000 0.0000 0.0000 0.0000 0.0000 0.0000 0.0000 0.0000 0.0000 0.0000 0.0000 0.0000 0.0000 0.0000 0.0000 0.0000 0.0000 0.0000 0.0000 0.0000 0.0000 0.0000 0.0000 0.0000 0.0000 0.0000 0.0000 0.0000 0.0000 0.0000 0.0000 0.0000 0.0000 0.0000 0.0000 0.0000 0.0000 0.0000 0.0000 0.0000 0.0000 0.0000 0.0000 0.0000 0.0000 0.0000 0.0000 0.0000 0.0000 0.0000 0.0000 0.0000 0.0000 0.0000 0.0000 0.0000 0.0000 0.0000 0.0000 0.0000 0.0000 0.0000 0.0000 0.0000 0.0000 0.0000 0.0000 0.0000 0.0000 0.0000 0.0000 0.0000 0.0000 0.0000 0.0000 0.0000 0.0000 0.0000 0.0000 0.0000 0.0000 0.0000 0.0000 0.0000 0.0000 0.0000 0.0000 0.0000 0.0000 0.0000 0.0000 0.0000 0.0000 0.0000 0.0000 0.0000 0.0000 0.0000 0.0000 0.0000 0.0000 0.0000 0.0000 0.0000 0.0000 0.0000 0.0000 0.0000 0.0000 0.0000 0.0000 0.0000 0.0000 0.0000 0.0000 0.0000 0.0000 0.0000 0.0000 0.0000 0.0000 0.0000 0.0000 0.0000 0.0000 0.0000 0.0000 0.0000 0.0000 0.0000 0.0000 0.0000 0.0000 0.0000 0.0000 0.0000 0.0000 0.0000 0.0000 0.0000 0.0000 0.0000 0.0000 0.0000 0.0000 0.0000 0.0000 0.0000 0.0000 0.0000 0.0000 0.0000 0.0000 0.0000 0.0000 0.0000 0.0000 0.0000 0.0000 0.0000 0.0000 0.0000 0.0000 0.0000 0.0000 0.0000 0.0000 0.0000 0.0000 0.0000 0.0000 0.0000 0.0000 0.0000 0.0000 0.0000 0.0000 0.0000 0.0000 0.0000 0.0000 0.0000 0.0000 0.0000 0.0000 0.0000 0.0000 0.0000 0.0000 0.0000 0.0000 0.0000 0.0000 0.0000 0.0000 0.0000 0.0000 0.0000 0.0000 0.0000 0.0000 0.0000 0.0000 0.0000 0.0000 0.0000 0.0000 0.0000 0.0000 0.0000 0.0000 0.0000 0.0000 0.0000 0.0000 0.0000 0.0000 0.0000 0.0000 0.0000 0.0000 0.0000 0.0000 0.0000 0.0000 0.0000 0.0000 0.0000 0.0000 0.0000 0.0000 0.0000 0.0000 0.0000 0.0000 0.0000 0.0000 0.0000 0.0000 0.0000 0.0000 0.0000 0.0000 0.0000 0.0000 0.0000 0.0000 0.0000 0.0000 0.0000 0.0000 0.0000 0.0000 0.0000 0.0000 0.0000 0.0000 0.0000 0.0000 0.0000 0.0000 0.0000 0.0000 0.0000 0.0000 0.0000 0.0000 0.0000 0.0000 0.0000 0.0000 0.0000 0.0000 0.0000 0.0000 0.0000 0.0000 0.0000 0.0000 0.0000 0.0000 0.0000 0.0000 0.0000 0.0000 0.0000 0.0000 0.0000 0.0000 0.0000 0.0000 0.0000 0.0000 0.0000 0.0000 0.0000 0.0000 0.0000 0.0000 0.0000 0.0000 0.0000 0.0000 0.0000 0.0000 0.0000 0.0000 0.0000 0.0000 0.0000 0.0000 0.0000 0.0000 0.0000 0.0000 0.0000 0.0000 0.0000 0.0000 0.0000 0.0000 0.0000 0.0000 0.0000 0.0000 0.0000 0.0000 0.0000 0.0000 0.0000 0.0000 0.0000 0.0000 0.0000 0.0000 0.0000 0.0000 0.0000 0.0000 0.0000 0.0000 0.0000 0.0000 0.0000 0.0000 0.0000 0.0000 0.0000 0.0000 0.0000 0.0000 0.0000 0.0000 0.0000 0.0000 0.0000 0.0000 0.0000 0.0000 0.0000 0.0000 0.0000 0.0000 0.0000 0.0000 0.0000 0.0000 0.0000 0.0000 0.0000 0.0000 0.0000 0.0000 0.0000 0.0000 0.0000 0.0000 0.0000 0.0000 0.0000 0.0000 0.0000 0.0000 0.0000 0.0000 0.0000 0.0000 0.0000 0.0000 0.0000 0.0000 0.0000 0.0000 0.0000 0.0000 0.0000 0.0000 0.0000 0.0000 0.0000 0.0000 0.0000 0.0000 0.0000 0.0000 0.0000 0.0000 0.0000 0.0000 0.0000 0.0000 0.0000 0.0000 0.0000 0.0000 0.0000 0.0000 0.0000 0.0000 0.0000 0.0000 0.0000 0.0000 0.0000 0.0000 0.0000 0.0000 0.0000 0.0000 0.0000 0.0000 0.0000 0.0000 0.0000 0.0000 0.0000 0.0000 0.0000 0.0000 0.0000 0.0000 0.0000 0.0000 0.0000 0.0000 0.0000 0.0000 0.0000 0.0000 0.0000 0.0000 0.0000 0.0000 0.0000 0.0000 0.0000 0.0000 0.0000 0.0000 0.0000 0.0000 0.0000 0.0000 0.0000 0.0000 0.0000 0.0000 0.0000 0.0000 0.0000 0.0000 0.0000 0.0000 0.0000 0.0000 0.0000 0.0000 0.0000 0.0000 0.0000 0.0000 0.0000 0.0000 0.0000 0.0000 0.0000 0.0000 0.0000 0.0000 0.0000 0.0000 0.0000 0.0000 0.0000 0.0000 0.0000 0.0000 0.0000 0.0000 0.0000 0.0000 0.0000 0.0000 0.0000 0.0000 0.0000 0.0000 0.0000 0.0000 0.0000 0.0000 0.0000 0.0000 0.0000 0.0000 0.0000 0.0000 0.0000 0.0000 0.0000 0.0000 0.0000 0.0000 0.0000 0.0000 0.0000 0.0000 0.0000 0.0000 0.0000 0.0000 0.0000 0.0000 0.0000 0.0000 0.0000 0.0000 0.0000 0.0000 0.0000 0.0000 0.0000 0.0000 0.0000 0.0000 0.0000 0.0000 0.0000 0.0000 0.0000 0.0000 0.0000 0.0000 0.0000 0.0000 0.0000 0.0000 0.0000 0.0000 0.0000 0.0000 0.0000 0.0000 0.0000 0.0000 0.0000 0.0000 0.0000 0.0000 0.0000 0.0000 0.0000 0.0000 0.0000 0.0000 0.0000 0.0000 0.0000 0.0000 0.0000 0.0000 0.0000 0.0000 0.0000 0.0000 0.0000 0.0000 0.0000 0.0000 0.0000 0.0000 0.0000 0.0000 0.0000 0.0000 0.0000 0.0000 0.0000 0.0000 0.0000 0.0000 0.0000 0.0000 0.0000 0.0000 0.0000 0.0000 0.0000 0.0000 0.0000 0.0000 0.0000 0.0000 0.0000 0.0000 0.0000 0.0000 0.0000 0.0000 0.0000 0.0000 0.0000 0.0000 0.0000 0.0000 0.0000 0.0000 0.0000 0.0000 0.0000 0.0000 0.0000 0.0000 0.0000 0.0000 0.0000 0.0000 0.0000 0.0000 0.0000 0.0000 0.0000 0.0000 0.0000 0.0000 0.0000 0.0000 0.0000 0.0000 0.0000 0.0000 0.0000 0.0000 0.0000 0.0000 0.0000 0.0000 0.0000 0.0000 0.0000 0.0000 0.0000 0.0000 0.0000 0.0000 0.0000 0.0000 0.0000 0.0000 0.0000 0.0000 0.0000 0.0000 0.0000 0.0000 0.0000 0.0000 0.0000 0.0000 0.0000 0.0000 0.0000 0.0000 0.0000 0.0000 0.0000 0.0000 0.0000 0.0000 0.0000 0.0000 0.0000 0.0000 0.0000 0.0000 0.0000 0.0000 0.0000 0.0000 0.0000 0.0000 0.0000 0.0000 0.0000 0.0000 0.0000 0.0000 0.0000 0.0000 0.0000 0.0000 0.0000 0.0000 0.0000 0.0000 0.0000 0.0000 0.0000 0.0000 0.0000 0.0000 0.0000 0.0000 0.0000 0.0000 0.0000 0.0000 0.0000 0.0000 0.0000 0.0000 0.0000 0.0000 0.0000 0.0000 0.0000 0.0000 0.0000 0.0000 0.0000 0.0000 0.0000 0.0000 0.0000 0.0000 0.0000 0.0000 0.0000 0.0000 0.0000 0.0000 0.0000 0.0000 0.0000 0.0000 0.0000 0.0000 0.0000 0.0000 0.0000 0.0000 0.0000 0.0000 0.0000 0.0000 0.0000 0.0000 0.0000 0.0000 0.0000 0.0000 0.0000 0.0000 0.0000 0.0000 0.0000 0.0000 0.0000 0.0000 0.0000 0.0000 0.0000 0.0000 0.0000 0.0000 0.0000 0.0000 0.0000 0.0000 0.0000 0.0000 0.0000 0.0000 0.0000 0.0000 0.0000 0.0000 0.0000 0.0000 0.0000 0.0000 0.0000 0.0000 0.0000 0.0000 0.0000 0.0000 0.0000 0.0000 0.0000 0.0000 0.0000 0.0000 0.0000 0.0000 0.0000 0.0000 0.0000 0.0000 0.0000 0.0000 0.0000 0.0000 0.0000 0.0000 0.0000 0.0000 0.0000 0.0000 0.0000 0.0000 0.0000 0.0000 0.0000 0.0000 0.0000 0.0000 0.0000 0.0000 0.0000 0.0000 0.0000 0.0000 0.0000 0.0000 0.0000 0.0000 0.0000 0.0000 0.0000 0.0000 0.0000 0.0000 0.0000 0.0000 0.0000 0.0000 0.0000 0.0000 0.0000 0.0000 0.0000 0.0000 0.0000 0.0000 0.0000 0.0000 0.0000 0.0000 0.0000 0.0000 0.0000 0.0000 0.0000 0.0000 0.0000 0.0000 0.0000 0.0000 0.0000 0.0000 0.0000 0.0000 0.0000 0.0000 0.0000 0.0000 0.0000 0.0000 0.0000 0.0000 0.0000 0.0000 0.0000 0.0000 0.0000 0.0000 0.0000 0.0000 0.0000 0.0000 0.0000 0.0000 0.0000 0.0000 0.0000 0.0000 0.0000 0.0000 0.0000 0.0000 0.0000 0.0000 0.0000 0.0000 0.0000 0.0000 0.0000 0.0000 0.0000 0.0000 0.0000 0.0000 0.0000 0.0000 0.0000 0.0000 0.0000 0.0000 0.0000 0.0000 0.0000 0.0000 0.0000 0.0000 0.0000 0.0000 0.0000 0.0000 0.0000 0.0000 0.0000 0.0000 0.0000 0.0000 0.0000 0.0000 0.0000 0.0000 0.0000 0.0000 0.0000 0.0000 0.0000 0.0000 0.0000 0.0000 0.0000 0.0000 0.0000 0.0000 0.0000 0.0000 0.0000 0.0000 0.0000 0.0000 0.0000 0.0000 0.0000 0.0000 0.0000 0.0000 0.0000 0.0000 0.0000 0.0000 0.0000 0.0000 0.0000 0.0000 0.0000 0.0000 0.0000 0.0000 0.0000 0.0000 0.0000 0.0000 0.0000 0.0000 0.0000 0.0000 0.0000 0.0000 0.0000 0.0000 0.0000 0.0000 0.0000 0.0000 0.0000 0.0000 0.0000 0.0000 0.0000 0.0000 0.0000 0.0000 0.0000 0.0000 0.0000 0.0000 0.0000 0.0000 0.0000 0.0000 0.0000 0.0000 0.0000 0.0000 0.0000 0.0000 0.0000 0.0000 0.0000 0.0000 0.0000 0.0000 0.0000 0.0000 0.0000 0.0000 0.0000 0.0000 0.0000 0.0000 0.0000 0.0000 0.0000 0.0000 0.0000 0.0000 0.0000 0.0000 0.0000 0.0000 0.0000 0.0000 0.0000 0.0000 0.0000 0.0000 0.0000 0.0000 0.0000 0.0000 0.0000 0.0000 0.0000 0.0000 0.0000 0.0000 0.0000 0.0000 0.0000 0.0000 0.0000 0.0000 0.0000 0.0000 0.0000 0.0000 0.0000 0.0000 0.0000 0.0000 0.0000 0.0000 0.0000 0.0000 0.0000 0.0000 0.0000 0.0000 0.0000 0.0000 0.0000 0.0000 0.0000 0.0000 0.0000 0.0000 0.0000 0.0000 0.0000 0.0000 0.0000 0.0000 0.0000 0.0000 0.0000 0.0000 0.0000 0.0000 0.0000 0.0000 0.0000 0.0000 0.0000 0.0000 0.0000 0.0000 0.0000 0.0000 0.0000 0.0000 0.0000 0.0000 0.0000 0.0000 0.0000 0.0000 0.0000 0.0000 0.0000 0.0000 0.0000 0.0000 0.0000 0.0000 0.0000 0.0000 0.0000 0.0000 0.0000 0.0000 0.0000 0.0000 0.0000 0.0000 0.0000 0.0000 0.0000 0.0000 0.0000 0.0000 0.0000 0.0000 0.0000 0.0000 0.0000 0.0000 0.0000 0.0000 0.0000 0.0000 0.0000 0.0000 0.0000 0.0000 0.0000 0.0000 0.0000 0.0000 0.0000 0.0000 0.0000 0.0000 0.0000 0.0000 0.0000 0.0000 0.0000 0.0000 0.0000 0.0000 0.0000 0.0000 0.0000 0.0000 0.0000 0.0000 0.0000 0.0000 0.0000 0.0000 0.0000 0.0000 0.0000 0.0000 0.0000 0.0000 0.0000 0.0000 0.0000 0.0000 0.0000 0.0000 0.0000 0.0000 0.0000 0.0000 0.0000 0.0000 0.0000 0.0000 0.0000 0.0000 0.0000 0.0000 0.0000 0.0000 0.0000 0.0000 0.0000 0.0000 0.0000 0.0000 0.0000 0.0000 0.0000 0.0000 0.0000 0.0000 0.0000 0.0000 0.0000 0.0000 0.0000 0.0000 0.0000 0.0000 0.0000 0.0000 0.0000 0.0000 0.0000 0.0000 0.0000 0.0000 0.0000 0.0000 0.0000 0.0000 0.0000 0.0000 0.0000 0.0000 0.0000 0.0000 0.0000 0.0000 0.0000 0.0000 0.0000 0.0000 0.0000 0.0000 0.0000 0.0000 0.0000 0.0000 0.0000 0.0000 0.0000 0.0000 0.0000 0.0000 0.0000 0.0000 0.0000 0.0000 0.0000 0.0000 0.0000 0.0000 0.0000 0.0000 0.0000 0.0000 0.0000 0.0000 0.0000 0.0000 0.0000 0.0000 0.0000 0.0000 0.0000 0.0000 0.0000 0.0000 0.0000 0.0000 0.0000 0.0000 0.0000 0.0000 0.0000 0.0000 0.0000 0.0000 0.0000 0.0000 0.0000 0.0000 0.0000 0.0000 0.0000 0.0000 0.0000 0.0000 0.0000 0.0000 0.0000 0.0000 0.0000 0.0000 0.0000 0.0000 0.0000 0.0000 0.0000 0.0000 0.0000 0.0000 0.0000 0.0000 0.0000 0.0000 0.0000 0.0000 0.0000 0.0000 0.0000 0.0000 0.0000 0.0000 0.0000 0.0000 0.0000 0.0000 0.0000 0.0000 0.0000 0.0000 0.0000 0.0000 0.0000 0.0000 0.0000 0.0000 0.0000 0.0000 0.0000 0.0000 0.0000 0.0000 0.0000 0.0000 0.0000 0.0000 0.0000 0.0000 0.0000 0.0000 0.0000 0.0000 0.0000 0.0000 0.0000 0.0000 0.0000 0.0000 0.0000 0.0000 0.0000 0.0000 0.0000 0.0000 0.0000 0.0000 0.0000 0.0000 0.0000 0.0000 0.0000 0.0000 0.0000 0.0000 0.0000 0.0000 0.0000 0.0000 0.0000 0.0000 0.0000 0.0000 0.0000 0.0000 0.0000 0.0000 0.0000 0.0000 0.0000 0.0000 0.0000 0.0000 0.0000 0.0000 0.0000 0.0000 0.0000 0.0000 0.0000 0.0000 0.0000 0.0000 0.0000 0.0000 0.0000 0.0000 0.0000 0.0000 0.0000 0.0000 0.0000 0.0000 0.0000 0.0000 0.0000 0.0000 0.0000 0.0000 0.0000 0.0000 0.0000 0.0000 0.0000 0.0000 0.0000 0.0000 0.0000 0.0000 0.0000 0.0000 0.0000 0.0000 0.0000 0.0000 0.0000 0.0000 0.0000 0.0000 0.0000 0.0000 0.0000 0.0000 0.0000 0.0000 0.0000 0.0000 0.0000 0.0000 0.0000 0.0000 0.0000 0.0000 0.0000 0.0000 0.0000 0.0000 0.0000 0.0000 0.0000 0.0000 0.0000 0.0000 0.0000 0.0000 0.0000 0.0000 0.0000 0.0000 0.0000 0.0000 0.0000 0.0000 0.0000 0.0000 0.0000 0.0000 0.0000 0.0000 0.0000 0.0000 0.0000 0.0000 0.0000 0.0000 0.0000 0.0000 0.0000 0.0000 0.0000 0.0000 0.0000 0.0000 0.0000 0.0000 0.0000 0.0000 0.0000 0.0000 0.0000 0.0000 0.0000 0.0000 0.0000 0.0000 0.0000 0.0000 0.0000 0.0000 0.0000 0.0000 0.0000 0.0000 0.0000 0.0000 0.0000 0.0000 0.0000 0.0000 0.0000 0.0000 0.0000 0.0000 0.0000 0.0000 0.0000 0.0000 0.0000 0.0000 0.0000 0.0000 0.0000 0.0000 0.0000 0.0000 0.0000 0.0000 0.0000 0.0000 0.0000 0.0000 0.0000 0.0000 0.0000 0.0000 0.0000 0.0000 0.0000 0.0000 0.0000 0.0000 0.0000 0.0000 0.0000 0.0000 0.0000 0.0000 0.0000 0.0000 0.0000 0.0000 0.0000 0.0000 0.0000 0.0000 0.0000 0.0000 0.0000 0.0000 0.0000 0.0000 0.0000 0.0000 0.0000 0.0000 0.0000 0.0000 0.0000 0.0000 0.0000 0.0000 0.0000 0.0000 0.0000 0.0000 0.0000 0.0000 0.0000 0.0000 0.0000 0.0000 0.0000 0.0000 0.0000 0.0000 0.0000 0.0000 0.0000 0.0000 0.0000 0.0000 0.0000 0.0000 0.0000 0.0000 0.0000 0.0000 0.0000 0.0000 0.0000 0.0000 0.0000 0.0000 0.0000 0.0000 0.0000 0.0000 0.0000 0.0000 0.0000 0.0000 0.0000 0.0000 0.0000 0.0000 0.0000 0.0000 0.0000 0.0000 0.0000 0.0000 0.0000 0.0000 0.0000 0.0000 0.0000 0.0000 0.0000 0.0000 0.0000 0.0000 0.0000 0.0000 0.0000 0.0000 0.0000 0.0000 0.0000 0.0000 0.0000 0.0000 0.0000 0.0000 0.0000 0.0000 0.0000 0.0000 0.0000 0.0000 0.0000 0.0000 0.0000 0.0000 0.0000 0.0000 0.0000 0.0000 0.0000 0.0000 0.0000 0.0000 0.0000 0.0000 0.0000 0.0000 0.0000 0.0000 0.0000 0.0000 0.0000 0.0000 0.0000 0.0000 0.0000 0.0000 0.0000 0.0000 0.0000 0.0000 0.0000 0.0000 0.0000 0.0000 0.0000 0.0000 0.0000 0.0000 0.0000 0.0000 0.0000 0.0000 0.0000 0.0000 0.0000 0.0000 0.0000 0.0000 0.0000 0.0000 0.0000 0.0000 0.0000 0.0000 0.0000 0.0000 0.0000 0.0000 0.0000 0.0000 0.0000 0.0000 0.0000 0.0000 0.0000 0.0000 0.0000 0.0000 0.0000 0.0000 0.0000 0.0000 0.0000 0.0000 0.0000 0.0000 0.0000 0.0000 0.0000 0.0000 0.0000 0.0000 0.0000 0.0000 0.0000 0.0000 0.0000 0.0000 0.0000 0.0000 0.0000 0.0000 0.0000 0.0000 0.0000 0.0000 0.0000 0.0000 0.0000 0.0000 0.0000 0.0000 0.0000 0.0000 0.0000 0.0000 0.0000 0.0000 0.0000 0.0000 0.0000 0.0000 0.0000 0.0000 0.0000 0.0000 0.0000 0.0000 0.0000 0.0000 0.0000 0.0000 0.0000 0.0000 0.0000 0.0000 0.0000 0.0000 0.0000 0.0000 0.0000 0.0000 0.0000 0.0000 0.0000 0.0000 0.0000 0.0000 0.0000 0.0000 0.0000 0.0000 0.0000 0.0000 0.0000 0.0000 0.0000 0.0000 0.0000 0.0000 0.0000 0.0000 0.0000 0.0000 0.0000 0.0000 0.0000 0.0000 0.0000 0.0000 0.0000 0.0000 0.0000 0.0000 0.0000 0.0000 0.0000 0.0000 0.0000 0.0000 0.0000 0.0000 0.0000 0.0000 0.0000 0.0000 0.0000 0.0000 0.0000 0.0000 0.0000 0.0000 0.0000 0.0000 0.0000 0.0000 0.0000 0.0000 0.0000 0.0000 0.0000 0.0000 0.0000 0.0000 0.0000 0.0000 0.0000 0.0000 0.0000 0.0000 0.0000 0.0000 0.0000 0.0000 0.0000 0.0000 0.0000 0.0000 0.0000 0.0000 0.0000 0.0000 0.0000 0.0000 0.0000 0.0000 0.0000 0.0000 0.0000 0.0000 0.0000 0.0000 0.0000 0.0000 0.0000 0.0000 0.0000 0.0000 0.0000 0.0000 0.0000 0.0000 0.0000 0.0000 0.0000 0.0000 0.0000 0.0000 0.0000 0.0000 0.0000 0.0000 0.0000 0.0000 0.0000 0.0000 0.0000 0.0000 0.0000 0.0000 0.0000 0.0000 0.0000 0.0000 0.0000 0.0000 0.0000 0.0000 0.0000 0.0000 0.0000 0.0000 0.0000 0.0000 0.0000 0.0000 0.0000 0.0000 0.0000 0.0000 0.0000 0.0000 0.0000 0.0000 0.0000 0.0000 0.0000 0.0000 0.0000 0.0000 0.0000 0.0000 0.0000 0.0000 0.0000 0.0000 0.0000 0.0000 0.0000 0.0000 0.0000 0.0000 0.0000 0.0000 0.0000 0.0000 0.0000 0.0000 0.0000 0.0000 0.0000 0.0000 0.0000 0.0000 0.0000 0.0000 0.0000 0.0000 0.0000 0.0000 0.0000 0.0000 0.0000 0.0000 0.0000 0.0000 0.0000 0.0000 0.0000 0.0000 0.0000 0.0000 0.0000 0.0000 0.0000 0.0000 0.0000 0.0000 0.0000 0.0000 0.0000 0.0000 0.0000 0.0000 0.0000 0.0000 0.0000 0.0000 0.0000 0.0000 0.0000 0.0000 0.0000 0.0000 0.0000 0.0000 0.0000 0.0000 0.0000 0.0000 0.0000 0.0000 0.0000 0.0000 0.0000 0.0000 0.0000 0.0000 0.0000 0.0000 0.0000 0.0000 0.0000 0.0000 0.0000 0.0000 0.0000 0.0000 0.0000 0.0000 0.0000 0.0000 0.0000 0.0000 0.0000 0.0000 0.0000 0.0000 0.0000 0.0000 0.0000 0.0000 0.0000 0.0000 0.0000 0.0000 0.0000 0.0000 0.0000 0.0000 0.0000 0.0000 0.0000 0.0000 0.0000 0.0000 0.0000 0.0000 0.0000 0.0000 0.0000 0.0000 0.0000 0.0000 0.0000 0.0000 0.0000 0.0000 0.0000 0.0000 0.0000 0.0000 0.0000 0.0000 0.0000 0.0000 0.0000 0.0000 0.0000 0.0000 0.0000 0.0000 0.0000 0.0000 0.0000 0.0000 0.0000 0.0000 0.0000 0.0000 0.0000 0.0000 0.0000 0.0000 0.0000 0.0000 0.0000 0.0000 0.0000 0.0000 0.0000 0.0000 0.0000 0.0000 0.0000 0.0000 0.0000 0.0000 0.0000 0.0000 0.0000 0.0000 0.0000 0.0000 0.0000 0.0000 0.0000 0.0000 0.0000 0.0000 0.0000 0.0000 0.0000 0.0000 0.0000 0.0000 0.0000 0.0000 0.0000 0.0000 0.0000 0.0000 0.0000 0.0000 0.0000 0.0000 0.0000 0.0000 0.0000 0.0000 0.0000 0.0000 0.0000 0.0000 0.0000 0.0000 0.0000 0.0000 0.0000 0.0000 0.0000 0.0000 0.0000 0.0000 0.0000 0.0000 0.0000 0.0000 0.0000 0.0000 0.0000 0.0000 0.0000 0.0000 0.0000 0.0000 0.0000 0.0000 0.0000 0.0000 0.0000 0.0000 0.0000 0.0000 0.0000 0.0000 0.0000 0.0000 0.0000 0.0000 0.0000 0.0000 0.0000 0.0000 0.0000 0.0000 0.0000 0.0000 0.0000 0.0000 0.0000 0.0000 0.0000 0.0000 0.0000 0.0000 0.0000 0.0000 0.0000 0.0000 0.0000 0.0000 0.0000 0.0000 0.0000 0.0000 0.0000 0.0000 0.0000 0.0000 0.0000 0.0000 0.0000 0.0000 0.0000 0.0000 0.0000 0.0000 0.0000 0.0000 0.0000 0.0000 0.0000 0.0000 0.0000 0.0000 0.0000 0.0000 0.0000 0.0000 0.0000 0.0000 0.0000 0.0000 0.0000 0.0000 0.0000 0.0000 0.0000 0.0000 0.0000 0.0000 0.0000 0.0000 0.0000 0.0000 0.0000 0.0000 0.0000 0.0000 0.0000 0.0000 0.0000 0.0000 0.0000 0.0000 0.0000 0.0000 0.0000 0.0000 0.0000 0.0000 0.0000 0.0000 0.0000 0.0000 0.0000 0.0000 0.0000 0.0000 0.0000 0.0000 0.0000 0.0000 0.0000 0.0000 0.0000 0.0000 0.0000 0.0000 0.0000 0.0000 0.0000 0.0000 0.0000 0.0000 0.0000 0.0000 0.0000 0.0000 0.0000 0.0000 0.0000 0.0000 0.0000 0.0000 0.0000 0.0000 0.0000 0.0000 0.0000 0.0000 0.0000 0.0000 0.0000 0.0000 0.0000 0.0000 0.0000 0.0000 0.0000 0.0000 0.0000 0.0000 0.0000 0.0000 0.0000 0.0000 0.0000 0.0000 0.0000 0.0000 0.0000 0.0000 0.0000 0.0000 0.0000 0.0000 0.0000 0.0000 0.0000 0.0000 0.0000 0.0000 0.0000 0.0000 0.0000 0.0000 0.0000 0.0000 0.0000 0.0000 0.0000 0.0000 0.0000 0.0000 0.0000 0.0000 0.0000 0.0000 0.0000 0.0000 0.0000 0.0000 0.0000 0.0000 0.0000 0.0000 0.0000 0.0000 0.0000 0.0000 0.0000 0.0000 0.0000 0.0000 0.0000 0.0000 0.0000 0.0000 0.0000 0.0000 0.0000 0.0000 0.0000 0.0000 0.0000 0.0000 0.0000 0.0000 0.0000 0.0000 0.0000 0.0000 0.0000 0.0000 0.0000 0.0000 0.0000 0.0000 0.0000 0.0000 0.0000 0.0000 0.0000 0.0000 0.0000 0.0000 0.0000 0.0000 0.0000 0.0000 0.0000 0.0000 0.0000 0.0000 0.0000 0.0000 0.0000 0.0000 0.0000 0.0000 0.0000 0.0000 0.0000 0.0000 0.0000 0.0000 0.0000 0.0000 0.0000 0.0000 0.0000 0.0000 0.0000 0.0000 0.0000 0.0000 0.0000 0.0000 0.0000 0.0000 0.0000 0.0000 0.0000 0.0000 0.0000 0.0000 0.0000 0.0000 0.0000 0.0000 0.0000 0.0000 0.0000 0.0000 0.0000 0.0000 0.0000 0.0000 0.0000 0.0000 0.0000 0.0000 0.0000 0.0000 0.0000 0.0000 0.0000 0.0000 0.0000 0.0000 0.0000 0.0000 0.0000 0.0000 0.0000 0.0000 0.0000 0.0000 0.0000 0.0000 0.0000 0.0000 0.0000 0.0000 0.0000 0.0000 0.0000 0.0000 0.0000 0.0000 0.0000 0.0000 0.0000 0.0000 0.0000 0.0000 0.0000 0.0000 0.0000 0.0000 0.0000 0.0000 0.0000 0.0000 0.0000 0.0000 0.0000 0.0000 0.0000 0.0000 0.0000 0.0000 0.0000 0.0000 0.0000 0.0000 0.0000 0.0000 0.0000 0.0000 0.0000 0.0000 0.0000 0.0000 0.0000 0.0000 0.0000 0.0000 0.0000 0.0000 0.0000 0.0000 0.0000 0.0000 0.0000 0.0000 0.0000 0.0000 0.0000 0.0000 0.0000 0.0000 0.0000 0.0000 0.0000 0.0000 0.0000 0.0000 0.0000 0.0000 0.0000 0.0000 0.0000 0.0000 0.0000 0.0000 0.0000 0.0000 0.0000 0.0000 0.0000 0.0000 0.0000 0.0000 0.0000 0.0000 0.0000 0.0000 0.0000 0.0000 0.0000 0.0000 0.0000 0.0000 0.0000 0.0000 0.0000 0.0000 0.0000 0.0000 0.0000 0.0000 0.0000 0.0000 0.0000 0.0000 0.0000 0.0000 0.0000 0.0000 0.0000 0.0000 0.0000 0.0000 0.0000 0.0000 0.0000 0.0000 0.0000 0.0000 0.0000 0.0000 0.0000 0.0000 0.0000 0.0000 0.0000 0.0000 0.0000 0.0000 0.0000 0.0000 0.0000 0.0000 0.0000 0.0000 0.0000 0.0000 0.0000 0.0000 0.0000 0.0000 0.0000 0.0000 0.0000 0.0000 0.0000 0.0000 0.0000 0.0000 0.0000 0.0000 0.0000 0.0000 0.0000 0.0000 0.0000 0.0000 0.0000 0.0000 0.0000 0.0000 0.0000 0.0000 0.0000 0.0000 0.0000 0.0000 0.0000 0.0000 0.0000 0.0000 0.0000 0.0000 0.0000 0.0000 0.0000 0.0000 0.0000 0.0000 0.0000 0.0000 0.0000 0.0000 0.0000 0.0000 0.0000 0.0000 0.0000 0.0000 0.0000 0.0000 0.0000 0.0000 0.0000 0.0000 0.0000 0.0000 0.0000 0.0000 0.0000 0.0000 0.0000 0.0000 0.0000 0.0000 0.0000 0.0000 0.0000 0.0000 0.0000 0.0000 0.0000 0.0000 0.0000 0.0000 0.0000 0.0000 0.0000 0.0000 0.0000 0.0000 0.0000 0.0000 0.0000 0.0000 0.0000 0.0000 0.0000 0.0000 0.0000 0.0000 0.0000 0.0000 0.0000 0.0000 0.0000 0.0000 0.0000 0.0000 0.0000 0.0000 0.0000 0.0000 0.0000 0.0000 0.0000 0.0000 0.0000 0.0000 0.0000 0.0000 0.0000 0.0000 0.0000 0.0000 0.0000 0.0000 0.0000 0.0000 0.0000 0.0000 0.0000 0.0000 0.0000 0.0000 0.0000 0.0000 0.0000 0.0000 0.0000 0.0000 0.0000 0.0000 0.0000 0.0000 0.0000 0.0000 0.0000 0.0000 0.0000 0.0000 0.0000 0.0000 0.0000 0.0000 0.0000 0.0000 0.0000 0.0000 0.0000 0.0000 0.0000 0.0000 0.0000 0.0000 0.0000 0.0000 0.0000 0.0000 0.0000 0.0000 0.0000 0.0000 0.0000 0.0000 0.0000 0.0000 0.0000 0.0000 0.0000 0.0000 0.0000 0.0000 0.0000 0.0000 0.0000 0.0000 0.0000 0.0000 0.0000 0.0000 0.0000 0.0000 0.0000 0.0000 0.0000 0.0000 0.0000 0.0000 0.0000 0.0000 0.0000 0.0000 0.0000 0.0000 0.0000 0.0000 0.0000 0.0000 0.0000 0.0000 0.0000 0.0000 0.0000 0.0000 0.0000 0.0000 0.0000 0.0000 0.0000 0.0000 0.0000 0.0000 0.0000 0.0000 0.0000 0.0000 0.0000 0.0000 0.0000 0.0000 0.0000 0.0000 0.0000 0.0000 0.0000 0.0000 0.0000 0.0000 0.0000 0.0000 0.0000 0.0000 0.0000 0.0000 0.0000 0.0000 0.0000 0.0000 0.0000 0.0000 0.0000 0.0000 0.0000 0.0000 0.0000 0.0000 0.0000 0.0000 0.0000 0.0000 0.0000 0.0000 0.0000 0.0000 0.0000 0.0000 0.0000 0.0000 0.0000 0.0000 0.0000 0.0000 0.0000 0.0000 0.0000 0.0000 0.0000 0.0000 0.0000 0.0000 0.0000 0.0000 0.0000 0.0000 0.0000 0.0000 0.0000 0.0000 0.0000 0.0000 0.0000 0.0000 0.0000 0.0000 0.0000 0.0000 0.0000 0.0000 0.0000 0.0000 0.0000 0.0000 0.0000 0.0000 0.0000 0.0000 0.0000 0.0000 0.0000 0.0000 0.0000 0.0000 0.0000 0.0000 0.0000 0.0000 0.0000 0.0000 0.0000 0.0000 0.0000 0.0000 0.0000 0.0000 0.0000 0.0000 0.0000 0.0000 0.0000 0.0000 0.0000 0.0000 0.0000 0.0000 0.0000 0.0000 0.0000 0.0000 0.0000 0.0000 0.0000 0.0000 0.0000 0.0000 0.0000 0.0000 0.0000 0.0000 0.0000 0.0000 0.0000 0.0000 0.0000 0.0000 0.0000 0.0000 0.0000 0.0000 0.0000 0.0000 0.0000 0.0000 0.0000 0.0000 0.0000 0.0000 0.0000 0.0000 0.0000 0.0000 0.0000 0.0000 0.0000 0.0000 0.0000 0.0000 0.0000 0.0000 0.0000 0.0000 0.0000 0.0000 0.0000 0.0000 0.0000 0.0000 0.0000 0.0000 0.0000 0.0000 0.0000 0.0000 0.0000 0.0000 0.0000 0.0000 0.0000 0.0000 0.0000 0.0000 0.0000 0.0000 0.0000 0.0000 0.0000 0.0000 0.0000 0.0000 0.0000 0.0000 0.0000 0.0000 0.0000 0.0000 0.0000 0.0000 0.0000 0.0000 0.0000 0.0000 0.0000 0.0000 0.0000 0.0000 0.0000 0.0000 0.0000 0.0000 0.0000 0.0000 0.0000 0.0000 0.0000 0.0000 0.0000 0.0000 0.0000 0.0000 0.0000 0.0000 0.0000 0.0000 0.0000 0.0000 0.0000 0.0000 0.0000 0.0000 0.0000 0.0000 0.0000 0.0000 0.0000 0.0000 0.0000 0.0000 0.0000 0.0000 0.0000 0.0000 0.0000 0.0000 0.0000 0.0000 0.0000 0.0000 0.0000 0.0000 0.0000 0.0000 0.0000 0.0000 0.0000 0.0000 0.0000 0.0000 0.0000 0.0000 0.0000 0.0000 0.0000 0.0000 0.0000 0.0000 0.0000 0.0000 0.0000 0.0000 0.0000 0.0000 0.0000 0.0000 0.0000 0.0000 0.0000 0.0000 0.0000 0.0000 0.0000 0.0000 0.0000 0.0000 0.0000 0.0000 0.0000 0.0000 0.0000 0.0000 0.0000 0.0000 0.0000 0.0000 0.0000 0.0000 0.0000 0.0000 0.0000 0.0000 0.0000 0.0000 0.0000 0.0000 0.0000 0.0000 0.0000 0.0000 0.0000 0.0000 0.0000 0.0000 0.0000 0.0000 0.0000 0.0000 0.0000 0.0000 0.0000 0.0000 0.0000 0.0000 0.0000 0.0000 0.0000 0.0000 0.0000 0.0000 0.0000 0.0000 0.0000 0.0000 0.0000 0.0000 0.0000 0.0000 0.0000 0.0000 0.0000 0.0000 0.0000 0.0000 0.0000 0.0000 0.0000 0.0000 0.0000 0.0000 0.0000 0.0000 0.0000 0.0000 0.0000 0.0000 0.0000 0.0000 0.0000 0.0000 0.0000 0.0000 0.0000 0.0000 0.0000 0.0000 0.0000 0.0000 0.0000 0.0000 0.0000 0.0000 0.0000 0.0000 0.0000 0.0000 0.0000 0.0000 0.0000 0.0000 0.0000 0.0000 0.0000 0.0000 0.0000 0.0000 0.0000 0.0000 0.0000 0.0000 0.0000 0.0000 0.0000 0.0000 0.0000 0.0000 0.0000 0.0000 0.0000 0.0000 0.0000 0.0000 0.0000 0.0000 0.0000 0.0000 0.0000 0.0000 0.0000 0.0000 0.0000 0.0000 0.0000 0.0000 0.0000 0.0000 0.0000 0.0000 0.0000 0.0000 0.0000 0.0000 0.0000 0.0000 0.0000 0.0000 0.0000 0.0000 0.0000 0.0000 0.0000 0.0000 0.0000 0.0000 0.0000 0.0000 0.0000 0.0000 0.0000 0.0000 0.0000 0.0000 0.0000 0.0000 0.0000 0.0000 0.0000 0.0000 0.0000 0.0000 0.0000 0.0000 0.0000 0.0000 0.0000 0.0000 0.0000 0.0000 0.0000 0.0000 0.0000 0.0000 0.0000 0.0000 0.0000 0.0000 0.0000 0.0000 0.0000 0.0000 0.0000 0.0000 0.0000 0.0000 0.0000 0.0000 0.0000 0.0000 0.0000 0.0000 0.0000 0.0000 0.0000 0.0000 0.0000 0.0000 0.0000 0.0000 0.0000 0.0000 0.0000 0.0000 0.0000 0.0000 0.0000 0.0000 0.0000 0.0000 0.0000 0.0000 0.0000 0.0000 0.0000 0.0000 0.0000 0.0000 0.0000 0.0000 0.0000 0.0000 0.0000 0.0000 0.0000 0.0000 0.0000 0.0000 0.0000 0.0000 0.0000 0.0000 0.0000 0.0000 0.0000 0.0000 0.0000 0.0000 0.0000 0.0000 0.0000 0.0000 0.0000 0.0000 0.0000 0.0000 0.0000 0.0000 0.0000 0.0000 0.0000 0.0000 0.0000 0.0000 0.0000 0.0000 0.0000 0.0000 0.0000 0.0000 0.0000 0.0000 0.0000 0.0000 0.0000 0.0000 0.0000 0.0000 0.0000 0.0000 0.0000 0.0000 0.0000 0.0000 0.0000 0.0000 0.0000 0.0000 0.0000 0.0000 0.0000 0.0000 0.0000 0.0000 0.0000 0.0000 0.0000 0.0000 0.0000 0.0000 0.0000 0.0000 0.0000 0.0000 0.0000 0.0000 0.0000 0.0000 0.0000 0.0000 0.0000 0.0000 0.0000 0.0000 0.0000 0.0000 0.0000 0.0000 0.0000 0.0000 0.0000 0.0000 0.0000 0.0000 0.0000 0.0000 0.0000 0.0000 0.0000 0.0000 0.0000 0.0000 0.0000 0.0000 0.0000 0.0000 0.0000 0.0000 0.0000 0.0000 0.0000 0.0000 0.0000 0.0000 0.0000 0.0000 0.0000 0.0000 0.0000 0.0000 0.0000 0.0000 0.0000 0.0000 0.0000 0.0000 0.0000 0.0000 0.0000 0.0000 0.0000 0.0000 0.0000 0.0000 0.0000 0.0000 0.0000 0.0000 0.0000 0.0000 0.0000 0.0000 0.0000 0.0000 0.0000 0.0000 0.0000 0.0000 0.0000 0.0000 0.0000 0.0000 0.0000 0.0000 0.0000 0.0000 0.0000 0.0000 0.0000 0.0000 0.0000 0.0000 0.0000 0.0000 0.0000 0.0000 0.0000 0.0000 0.0000 0.0000 0.0000 0.0000 0.0000 0.0000 0.0000 0.0000 0.0000 0.0000 0.0000 0.0000 0.0000 0.0000 0.0000 0.0000 0.0000 0.0000 0.0000 0.0000 0.0000 0.0000 0.0000 0.0000 0.0000 0.0000 0.0000 0.0000 0.0000 0.0000 0.0000 0.0000 0.0000 0.0000 0.0000 0.0000 0.0000 0.0000 0.0000 0.0000 0.0000 0.0000 0.0000 0.0000 0.0000 0.0000 0.0000 0.0000 0.0000 0.0000 0.0000 0.0000 0.0000 0.0000 0.0000 0.0000 0.0000 0.0000 0.0000 0.0000 0.0000 0.0000 0.0000 0.0000 0.0000 0.0000 0.0000 0.0000 0.0000 0.0000 0.0000 0.0000 0.0000 0.0000 0.0000 0.0000 0.0000 0.0000 0.0000 0.0000 0.0000 0.0000 0.0000 0.0000 0.0000 0.0000 0.0000 0.0000 0.0000 0.0000 0.0000 0.0000 0.0000 0.0000 0.0000 0.0000 0.0000 0.0000 0.0000 0.0000 0.0000 0.0000 0.0000 0.0000 0.0000 0.0000 0.0000 0.0000 0.0000 0.0000 0.0000 0.0000 0.0000 0.0000 0.0000 0.0000 0.0000 0.0000 0.0000 0.0000 0.0000 0.0000 0.0000 0.0000 0.0000 0.0000 0.0000 0.0000 0.0000 0.0000 0.0000 0.0000 0.0000 0.0000 0.0000 0.0000 0.0000 0.0000 0.0000 0.0000 0.0000 0.0000 0.0000 0.0000 0.0000 0.0000 0.0000 0.0000 0.0000 0.0000 0.0000 0.0000 0.0000 0.0000 0.0000 0.0000 0.0000 0.0000 0.0000 0.0000 0.0000 0.0000 0.0000 0.0000 0.0000 0.0000 0.0000 0.0000 0.0000 0.0000 0.0000 0.0000 0.0000 0.0000 0.0000 0.0000 0.0000 0.0000 0.0000 0.0000 0.0000 0.0000 0.0000 0.0000 0.0000 0.0000 0.0000 0.0000 0.0000 0.0000 0.0000 0.0000 0.0000 0.0000 0.0000 0.0000 0.0000 0.0000 0.0000 0.0000 0.0000 0.0000 0.0000 0.0000 0.0000 0.0000 0.0000 0.0000 0.0000 0.0000 0.0000 0.0000 0.0000 0.0000 0.0000 0.0000 0.0000 0.0000 0.0000 0.0000 0.0000 0.0000 0.0000 0.0000 0.0000 0.0000 0.0000 0.0000 0.0000 0.0000 0.0000 0.0000 0.0000 0.0000 0.0000 0.0000 0.0000 0.0000 0.0000 0.0000 0.0000 0.0000 0.0000 0.0000 0.0000 0.0000 0.0000 0.0000 0.0000 0.0000 0.0000 0.0000 0.0000 0.0000 0.0000 0.0000 0.0000 0.0000 0.0000 0.0000 0.0000 0.0000 0.0000 0.0000 0.0000 0.0000 0.0000 0.0000 0.0000 0.0000 0.0000 0.0000 0.0000 0.0000 0.0000 0.0000 0.0000 0.0000 0.0000 0.0000 0.0000 0.0000 0.0000 0.0000 0.0000 0.0000 0.0000 0.0000 0.0000 0.0000 0.0000 0.0000 0.0000 0.0000 0.0000 0.0000 0.0000 0.0000 0.0000 0.0000 0.0000 0.0000 0.0000 0.0000 0.0000 0.0000 0.0000 0.0000 0.0000 0.0000 0.0000 0.0000 0.0000 0.0000 0.0000 0.0000 0.0000 0.0000 0.0000 0.0000 0.0000 0.0000 0.0000 0.0000 0.0000 0.0000 0.0000 0.0000 0.0000 0.0000 0.0000 0.0000 0.0000 0.0000 0.0000 0.0000 0.0000 0.0000 0.0000 0.0000 0.0000 0.0000 0.0000 0.0000 0.0000 0.0000 0.0000 0.0000 0.0000 0.0000 0.0000 0.0000 0.0000 0.0000 0.0000 0.0000 0.0000 0.0000 0.0000 0.0000 0.0000 0.0000 0.0000 0.0000 0.0000 0.0000 0.0000 0.0000 0.0000 0.0000 0.0000 0.0000 0.0000 0.0000 0.0000 0.0000 0.0000 0.0000 0.0000 0.0000 0.0000 0.0000 0.0000 0.0000 0.0000 0.0000 0.0000 0.0000 0.0000 0.0000 0.0000 0.0000 0.0000 0.0000 0.0000 0.0000 0.0000 0.0000 0.0000 0.0000 0.0000 0.0000 0.0000 0.0000 0.0000 0.0000 0.0000 0.0000 0.0000 0.0000 0.0000 0.0000 0.0000 0.0000 0.0000 0.0000 0.0000 0.0000 0.0000 0.0000 0.0000 0.0000 0.0000 0.0000 0.0000 0.0000 0.0000 0.0000 0.0000 0.0000 0.0000 0.0000 0.0000 0.0000 0.0000 0.0000 0.0000 0.0000 0.0000 0.0000 0.0000 0.0000 0.0000 0.0000 0.0000 0.0000 0.0000 0.0000 0.0000 0.0000 0.0000 0.0000 0.0000 0.0000 0.0000 0.0000 0.0000 0.0000 0.0000 0.0000 0.0000 0.0000 0.0000 0.0000 0.0000 0.0000 0.0000 0.0000 0.0000 0.0000 0.0000 0.0000 0.0000 0.0000 0.0000 0.0000 0.0000 0.0000 0.0000 0.0000 0.0000 0.0000 0.0000 0.0000 0.0000 0.0000 0.0000 0.0000 0.0000 0.0000 0.0000 0.0000 0.0000 0.0000 0.0000 0.0000 0.0000 0.0000 0.0000 0.0000 0.0000 0.0000 0.0000 0.0000 0.0000 0.0000 0.0000 0.0000 0.0000 0.0000 0.0000 0.0000 0.0000 0.0000 0.0000 0.0000 0.0000 0.0000 0.0000 0.0000 0.0000 0.0000 0.0000 0.0000 0.0000 0.0000 0.0000 0.0000 0.0000 0.0000 0.0000 0.0000 0.0000 0.0000 0.0000 0.0000 0.0000 0.0000 0.0000 0.0000 0.0000 0.0000 0.0000 0.0000 0.0000 0.0000 0.0000 0.0000 0.0000 0.0000 0.0000 0.0000 0.0000 0.0000 0.0000 0.0000 0.0000 0.0000 0.0000 0.0000 0.0000 0.0000 0.0000 0.0000 0.0000 0.0000 0.0000 0.0000 0.0000 0.0000 0.0000 0.0000 0.0000 0.0000 0.0000 0.0000 0.0000 0.0000 0.0000 0.0000 0.0000 0.0000 0.0000 0.0000 0.0000 0.0000 0.0000 0.0000 0.0000 0.0000 0.0000 0.0000 0.0000 0.0000 0.0000 0.0000 0.0000 0.0000 0.0000 0.0000 0.0000 0.0000 0.0000 0.0000 0.0000 0.0000 0.0000 0.0000 0.0000 0.0000 0.0000 0.0000 0.0000 0.0000 0.0000 0.0000 0.0000 0.0000 0.0000 0.0000 0.0000 0.0000 0.0000 0.0000 0.0000 0.0000 0.0000 0.0000 0.0000 0.0000 0.0000 0.0000 0.0000 0.0000 0.0000 0.0000 0.0000 0.0000 0.0000 0.0000 0.0000 0.0000 0.0000 0.0000 0.0000 0.0000 0.0000 0.0000 0.0000 0.0000 0.0000 0.0000 0.0000 0.0000 0.0000 0.0000 0.0000 0.0000 0.0000 0.0000 0.0000 0.0000 0.0000 0.0000 0.0000 0.0000 0.0000 0.0000 0.0000 0.0000 0.0000 0.0000 0.0000 0.0000 0.0000 0.0000 0.0000 0.0000 0.0000 0.0000 0.0000 0.0000 0.0000 0.0000 0.0000 0.0000 0.0000 0.0000 0.0000 0.0000 0.0000 0.0000 0.0000 0.0000 0.0000 0.0000 0.0000 0.0000 0.0000 0.0000 0.0000 0.0000 0.0000 0.0000 0.0000 0.0000 0.0000 0.0000 0.0000 0.0000 0.0000 0.0000 0.0000 0.0000 0.0000 0.0000 0.0000 0.0000 0.0000 0.0000 0.0000 0.0000 0.0000 0.0000 0.0000 0.0000 0.0000 0.0000 0.0000 0.0000 0.0000 0.0000 0.0000 0.0000 0.0000 0.0000 0.0000 0.0000 0.0000 0.0000 0.0000 0.0000 0.0000 0.0000 0.0000 0.0000 0.0000 0.0000 0.0000 0.0000 0.0000 0.0000 0.0000 0.0000 0.0000 0.0000 0.0000 0.0000 0.0000 0.0000 0.0000 0.0000 0.0000 0.0000 0.0000 0.0000 0.0000 0.0000 0.0000 0.0000 0.0000 0.0000 0.0000 0.0000 0.0000 0.0000 0.0000 0.0000 0.0000 0.0000 0.0000 0.0000 0.0000 0.0000 0.0000 0.0000 0.0000 0.0000 0.0000 0.0000 0.0000 0.0000 0.0000 0.0000 0.0000 0.0000 0.0000 0.0000 0.0000 0.0000 0.0000 0.0000 0.0000 0.0000 0.0000 0.0000 0.0000 0.0000 0.0000 0.0000 0.0000 0.0000 0.0000 0.0000 0.0000 0.0000 0.0000 0.0000 0.0000 0.0000 0.0000 0.0000 0.0000 0.0000 0.0000 0.0000 0.0000 0.0000 0.0000 0.0000 0.0000 0.0000 0.0000 0.0000 0.0000 0.0000 0.0000 0.0000 0.0000 0.0000 0.0000 0.0000 0.0000 0.0000 0.0000 0.0000 0.0000 0.0000 0.0000 0.0000 0.0000 0.0000 0.0000 0.0000 0.0000 0.0000 0.0000 0.0000 0.0000 0.0000 0.0000 0.0000 0.0000 0.0000 0.0000 0.0000 0.0000 0.0000 0.0000 0.0000 0.0000 0.0000 0.0000 0.0000 0.0000 0.0000 0.0000 0.0000 0.0000 0.0000 0.0000 0.0000 0.0000 0.0000 0.0000 0.0000 0.0000 0.0000 0.0000 0.0000 0.0000 0.0000 0.0000 0.0000 0.0000 0.0000 0.0000 0.0000 0.0000 0.0000 0.0000 0.0000 0.0000 0.0000 0.0000 0.0000 0.0000 0.0000 0.0000 0.0000 0.0000 0.0000 0.0000 0.0000 0.0000 0.0000 0.0000 0.0000 0.0000 0.0000 0.0000 0.0000 0.0000 0.0000 0.0000 0.0000 0.0000 0.0000 0.0000 0.0000 0.0000 0.0000 0.0000 0.0000 0.0000 0.0000 0.0000 0.0000 0.0000 0.0000 0.0000 0.0000 0.0000 0.0000 0.0000 0.0000 0.0000 0.0000 0.0000 0.0000 0.0000 0.0000 0.0000 0.0000 0.0000 0.0000 0.0000 0.0000 0.0000 0.0000 0.0000 0.0000 0.0000 0.0000 0.0000 0.0000 0.0000 0.0000 0.0000 0.0000 0.0000 0.0000 0.0000 0.0000 0.0000 0.0000 0.0000 0.0000 0.0000 0.0000 0.0000 0.0000 0.0000 0.0000 0.0000 0.0000 0.0000 0.0000 0.0000 0.0000 0.0000 0.0000 0.0000 0.0000 0.0000 0.0000 0.0000 0.0000 0.0000 0.0000 0.0000 0.0000 0.0000 0.0000 0.0000 0.0000 0.0000 0.0000 0.0000 0.0000 0.0000 0.0000 0.0000 0.0000 0.0000 0.0000 0.0000 0.0000 0.0000 0.0000 0.0000 0.0000 0.0000 0.0000 0.0000 0.0000 0.0000 0.0000 0.0000 0.0000 0.0000 0.0000 0.0000 0.0000 0.0000 0.0000 0.0000 0.0000 0.0000 0.0000 0.0000 0.0000 0.0000 0.0000 0.0000 0.0000 0.0000 0.0000 0.0000 0.0000 0.0000 0.0000 0.0000 0.0000 0.0000 0.0000 0.0000 0.0000 0.0000 0.0000 0.0000 0.0000 0.0000 0.0000 0.0000 0.0000 0.0000 0.0000 0.0000 0.0000 0.0000 0.0000 0.0000 0.0000 0.0000 0.0000 0.0000 0.0000 0.0000 0.0000 0.0000 0.0000 0.0000 0.0000 0.0000 0.0000 0.0000 0.0000 0.0000 0.0000 0.0000 0.0000 0.0000 0.0000 0.0000 0.0000 0.0000 0.0000 0.0000 0.0000 0.0000 0.0000 0.0000 0.0000 0.0000 0.0000 0.0000 0.0000 0.0000 0.0000 0.0000 0.0000 0.0000 0.0000 0.0000 0.0000 0.0000 0.0000 0.0000 0.0000 0.0000 0.0000 0.0000 0.0000 0.0000 0.0000 0.0000 0.0000 0.0000 0.0000 0.0000 0.0000 0.0000 0.0000 0.0000 0.0000 0.0000 0.0000 0.0000 0.0000 0.0000 0.0000 0.0000 0.0000 0.0000 0.0000 0.0000 0.0000 0.0000 0.0000 0.0000 0.0000 0.0000 0.0000 0.0000 0.0000 0.0000 0.0000 0.0000 0.0000 0.0000 0.0000 0.0000 0.0000 0.0000 0.0000 0.0000 0.0000 0.0000 0.0000 0.0000 0.0000 0.0000 0.0000 0.0000 0.0000 0.0000 0.0000 0.0000 0.0000 0.0000 0.0000 0.0000 0.0000 0.0000 0.0000 0.0000 0.0000 0.0000 0.0000 0.0000 0.0000 0.0000 0.0000 0.0000 0.0000 0.0000 0.0000 0.0000 0.0000 0.0000 0.0000 0.0000 0.0000 0.0000 0.0000 0.0000 0.0000 0.0000 0.0000 0.0000 0.0000 0.0000 0.0000 0.0000 0.0000 0.0000 0.0000 0.0000 0.0000 0.0000 0.0000 0.0000 0.0000 0.0000 0.0000 0.0000 0.0000 0.0000 0.0000 0.0000 0.0000 0.0000 0.0000 0.0000 0.0000 0.0000 0.0000 0.0000 0.0000 0.0000 0.0000 0.0000 0.0000 0.0000 0.0000 0.0000 0.0000 0.0000 0.0000 0.0000 0.0000 0.0000 0.0000 0.0000 0.0000 0.0000 0.0000 0.0000 0.0000 0.0000 0.0000 0.0000 0.0000 0.0000 0.0000 0.0000 0.0000 0.0000 0.0000 0.0000 0.0000 0.0000 0.0000 0.0000 0.0000 0.0000 0.0000 0.0000 0.0000 0.0000 0.0000 0.0000 0.0000 0.0000 0.0000 0.0000 0.0000 0.0000 0.0000 0.0000 0.0000 0.0000 0.0000 0.0000 0.0000 0.0000 0.0000 0.0000 0.0000 0.0000 0.0000 0.0000 0.0000 0.0000 0.0000 0.0000 0.0000 0.0000 0.0000 0.0000 0.0000 0.0000 0.0000 0.0000 0.0000 0.0000 0.0000 0.0000 0.0000 0.0000 0.0000 0.0000 0.0000 0.0000 0.0000 0.0000 0.0000 0.0000 0.0000 0.0000 0.0000 0.0000 0.0000 0.0000 0.0000 0.0000 0.0000 0.0000 0.0000 0.0000 0.0000 0.0000 0.0000 0.0000 0.0000 0.0000 0.0000 0.0000 0.0000 0.0000 0.0000 0.0000 0.0000 0.0000 0.0000 0.0000 0.0000 0.0000 0.0000 0.0000 0.0000 0.0000 0.0000 0.0000 0.0000 0.0000 0.0000 0.0000 0.0000 0.0000 0.0000 0.0000 0.0000 0.0000 0.0000 0.0000 0.0000 0.0000 0.0000 0.0000 0.0000 0.0000 0.0000 0.0000 0.0000 0.0000 0.0000 0.0000 0.0000 0.0000 0.0000 0.0000 0.0000 0.0000 0.0000 0.0000 0.0000 0.0000 0.0000 0.0000 0.0000 0.0000 0.0000 0.0000 0.0000 0.0000 0.0000 0.0000 0.0000 0.0000 0.0000 0.0000 0.0000 0.0000 0.0000 0.0000 0.0000 0.0000 0.0000 0.0000 0.0000 0.0000 0.0000 0.0000 0.0000 0.0000 0.0000 0.0000 0.0000 0.0000 0.0000 0.0000 0.0000 0.0000 0.0000 0.0000 0.0000 0.0000 0.0000 0.0000 0.0000 0.0000 0.0000 0.0000 0.0000 0.0000 0.0000 0.0000 0.0000 0.0000 0.0000 0.0000 0.0000 0.0000 0.0000 0.0000 0.0000 0.0000 0.0000 0.0000 0.0000 0.0000 0.0000 0.0000 0.0000 0.0000 0.0000 0.0000 0.0000 0.0000 0.0000 0.0000 0.0000 0.0000 0.0000 0.0000 0.0000 0.0000 0.0000 0.0000 0.0000 0.0000 0.0000 0.0000 0.0000 0.0000 0.0000 0.0000 0.0000 0.0000 0.0000 0.0000 0.0000 0.0000 0.0000 0.0000 0.0000 0.0000 0.0000 0.0000 0.0000 0.0000 0.0000 0.0000 0.0000 0.0000 0.0000 0.0000 0.0000 0.0000 0.0000 0.0000 0.0000 0.0000 0.0000 0.0000 0.0000 0.0000 0.0000 0.0000 0.0000 0.0000 0.0000 0.0000 0.0000 0.0000 0.0000 0.0000 0.0000 0.0000 0.0000 0.0000 0.0000 0.0000 0.0000 0.0000 0.0000 0.0000 0.0000 0.0000 0.0000 0.0000 0.0000 0.0000 0.0000 0.0000 0.0000 0.0000 0.0000 0.0000 0.0000 0.0000 0.0000 0.0000 0.0000 0.0000 0.0000 0.0000 0.0000 0.0000 0.0000 0.0000 0.0000 0.0000 0.0000 0.0000 0.0000 0.0000 0.0000 0.0000 0.0000 0.0000 0.0000 0.0000 0.0000 0.0000 0.0000 0.0000 0.0000 0.0000 0.0000 0.0000 0.0000 0.0000 0.0000 0.0000 0.0000 0.0000 0.0000 0.0000 0.0000 0.0000 0.0000 0.0000 0.0000 0.0000 0.0000 0.0000 0.0000 0.0000 0.0000 0.0000 0.0000 0.0000 0.0000 0.0000 0.0000 0.0000 0.0000 0.0000 0.0000 0.0000 0.0000 0.0000 0.0000 0.0000 0.0000 0.0000 0.0000 0.0000 0.0000 0.0000 0.0000 0.0000 0.0000 0.0000 0.0000 0.0000 0.0000 0.0000 0.0000 0.0000 0.0000 0.0000 0.0000 0.0000 0.0000 0.0000 0.0000 0.0000 0.0000 0.0000 0.0000 0.0000 0.0000 0.0000 0.0000 0.0000 0.0000 0.0000 0.0000 0.0000 0.0000 0.0000 0.0000 0.0000 0.0000 0.0000 0.0000 0.0000 0.0000 0.0000 0.0000 0.0000 0.0000 0.0000 0.0000 0.0000 0.0000 0.0000 0.0000 0.0000 0.0000 0.0000 0.0000 0.0000 0.0000 0.0000 0.0000 0.0000 0.0000 0.0000 0.0000 0.0000 0.0000 0.0000 0.0000 0.0000 0.0000 0.0000 0.0000 0.0000 0.0000 0.0000 0.0000 0.0000 0.0000 0.0000 0.0000 0.0000 0.0000 0.0000 0.0000 0.0000 0.0000 0.0000 0.0000 0.0000 0.0000 0.0000 0.0000 0.0000 0.0000 0.0000 0.0000 0.0000 0.0000 0.0000 0.0000 0.0000 0.0000 0.0000 0.0000 0.0000 0.0000 0.0000 0.0000 0.0000 0.0000 0.0000 0.0000 0.0000 0.0000 0.0000 0.0000 0.0000 0.0000 0.0000 0.0000 0.0000 0.0000 0.0000 0.0000 0.0000 0.0000 0.0000 0.0000 0.0000 0.0000 0.0000 0.0000 0.0000 0.0000 0.0000 0.0000 0.0000 0.0000 0.0000 0.0000 0.0000 0.0000 0.0000 0.0000 0.0000 0.0000 0.0000 0.0000 0.0000 0.0000 0.0000 0.0000 0.0000 0.0000 0.0000 0.0000 0.0000 0.0000 0.0000 0.0000 0.0000 0.0000 0.0000 0.0000 0.0000 0.0000 0.0000 0.0000 0.0000 0.0000 0.0000 0.0000 0.0000 0.0000 0.0000 0.0000 0.0000 0.0000 0.0000 0.0000 0.0000 0.0000 0.0000 0.0000 0.0000 0.0000 0.0000 0.0000 0.0000 0.0000 0.0000 0.0000 0.0000 0.0000 0.0000 0.0000 0.0000 0.0000 0.0000 0.0000 0.0000 0.0000 0.0000 0.0000 0.0000 0.0000 0.0000 0.0000 0.0000 0.0000 0.0000 0.0000 0.0000 0.0000 0.0000 0.0000 0.0000 0.0000 0.0000 0.0000 0.0000 0.0000 0.0000 0.0000 0.0000 0.0000 0.0000 0.0000 0.0000 0.0000 0.0000 0.0000 0.0000 0.0000 0.0000 0.0000 0.0000 0.0000 0.0000 0.0000 0.0000 0.0000 0.0000 0.0000 0.0000 0.0000 0.0000 0.0000 0.0000 0.0000 0.0000 0.0000 0.0000 0.0000 0.0000 0.0000 0.0000 0.0000 0.0000 0.0000 0.0000 0.0000 0.0000 0.0000 0.0000 0.0000 0.0000 0.0000 0.0000 0.0000 0.0000 0.0000 0.0000 0.0000 0.0000 0.0000 0.0000 0.0000 0.0000 0.0000 0.0000 0.0000 0.0000 0.0000 0.0000 0.0000 0.0000 0.0000 0.0000 0.0000 0.0000 0.0000 0.0000 0.0000 0.0000 0.0000 0.0000 0.0000 0.0000 0.0000 0.0000 0.0000 0.0000 0.0000 0.0000 0.0000 0.0000 0.0000 0.0000 0.0000 0.0000 0.0000 0.0000 0.0000 0.0000 0.0000 0.0000 0.0000 0.0000 0.0000 0.0000 0.0000 0.0000 0.0000 0.0000 0.0000 0.0000 0.0000 0.0000 0.0000 0.0000 0.0000 0.0000 0.0000 0.0000 0.0000 0.0000 0.0000 0.0000 0.0000 0.0000 0.0000 0.0000 0.0000 0.0000 0.0000 0.0000 0.0000 0.0000 0.0000 0.0000 0.0000 0.0000 0.0000 0.0000 0.0000 0.0000 0.0000 0.0000 0.0000 0.0000 0.0000 0.0000 0.0000 0.0000 0.0000 0.0000 0.0000 0.0000 0.0000 0.0000 0.0000 0.0000 0.0000 0.0000 0.0000 0.0000 0.0000 0.0000 0.0000 0.0000 0.0000 0.0000 0.0000 0.0000 0.0000 0.0000 0.0000 0.0000 0.0000 0.0000 0.0000 0.0000 0.0000 0.0000 0.0000 0.0000 0.0000 0.0000 0.0000 0.0000 0.0000 0.0000 0.0000 0.0000 0.0000 0.0000 0.0000 0.0000 0.0000 0.0000 0.0000 0.0000 0.0000 0.0000 0.0000 0.0000 0.0000 0.0000 0.0000 0.0000 0.0000 0.0000 0.0000 0.0000 0.0000 0.0000 0.0000 0.0000 0.0000 0.0000 0.0000 0.0000 0.0000 0.0000 0.0000 0.0000 0.0000 0.0000 0.0000 0.0000 0.0000 0.0000 0.0000 0.0000 0.0000 0.0000 0.0000 0.0000 0.0000 0.0000 0.0000 0.0000 0.0000 0.0000 0.0000 0.0000 0.0000 0.0000 0.0000 0.0000 0.0000 0.0000 0.0000 0.0000 0.0000 0.0000 0.0000 0.0000 0.0000 0.0000 0.0000 0.0000 0.0000 0.0000 0.0000 0.0000 0.0000 0.0000 0.0000 0.0000 0.0000 0.0000 0.0000 0.0000 0.0000 0.0000 0.0000 0.0000 0.0000 0.0000 0.0000 0.0000 0.0000 0.0000 0.0000 0.0000 0.0000 0.0000 0.0000 0.0000 0.0000 0.0000 0.0000 0.0000 0.0000 0.0000 0.0000 0.0000 0.0000 0.0000 0.0000 0.0000 0.0000 0.0000 0.0000 0.0000 0.0000 0.0000 0.0000 0.0000 0.0000 0.0000 0.0000 0.0000 0.0000 0.0000 0.0000 0.0000 0.0000 0.0000 0.0000 0.0000 0.0000 0.0000 0.0000 0.0000 0.0000 0.0000 0.0000 0.0000 0.0000 0.0000 0.0000 0.0000 0.0000 0.0000 0.0000 0.0000 0.0000 0.0000 0.0000 0.0000 0.0000 0.0000 0.0000 0.0000 0.0000 0.0000 0.0000 0.0000 0.0000 0.0000 0.0000 0.0000 0.0000 0.0000 0.0000 0.0000 0.0000 0.0000 0.0000 0.0000 0.0000 0.0000 0.0000 0.0000 0.0000 0.0000 0.0000 0.0000 0.0000 0.0000 0.0000 0.0000 0.0000 0.0000 0.0000 0.0000 0.0000 0.0000 0.0000 0.0000 0.0000 0.0000 0.0000 0.0000 0.0000 0.0000 0.0000 0.0000 0.0000 0.0000 0.0000 0.0000 0.0000 0.0000 0.0000 0.0000 0.0000 0.0000 0.0000 0.0000 0.0000 0.0000 0.0000 0.0000 0.0000 0.0000 0.0000 0.0000 0.0000 0.0000 0.0000 0.0000 0.0000 0.0000 0.0000 0.0000 0.0000 0.0000 0.0000 0.0000 0.0000 0.0000 0.0000 0.0000 0.0000 0.0000 0.0000 0.0000 0.0000 0.0000 0.0000 0.0000 0.0000 0.0000 0.0000 0.0000 0.0000 0.0000 0.0000 0.0000 0.0000 0.0000 0.0000 0.0000 0.0000 0.0000 0.0000 0.0000 0.0000 0.0000 0.0000 0.0000 0.0000 0.0000 0.0000 0.0000 0.0000 0.0000 0.0000 0.0000 0.0000 0.0000 0.0000 0.0000 0.0000 0.0000 0.0000 0.0000 0.0000 0.0000 0.0000 0.0000 0.0000 0.0000 0.0000 0.0000 0.0000 0.0000 0.0000 0.0000 0.0000 0.0000 0.0000 0.0000 0.0000 0.0000 0.0000 0.0000 0.0000 0.0000 0.0000 0.0000 0.0000 0.0000 0.0000 0.0000 0.0000 0.0000 0.0000 0.0000 0.0000 0.0000 0.0000 0.0000 0.0000 0.0000 0.0000 0.0000 0.0000 0.0000 0.0000 0.0000 0.0000 0.0000 0.0000 0.0000 0.0000 0.0000 0.0000 0.0000 0.0000 0.0000 0.0000 0.0000 0.0000 0.0000 0.0000 0.0000 0.0000 0.0000 0.0000 0.0000 0.0000 0.0000 0.0000 0.0000 0.0000 0.0000 0.0000 0.0000 0.0000 0.0000 0.0000 0.0000 0.0000 0.0000 0.0000 0.0000 0.0000 0.0000 0.0000 0.0000 0.0000 0.0000 0.0000 0.0000 0.0000 0.0000 0.0000 0.0000 0.0000 0.0000 0.0000 0.0000 0.0000 0.0000 0.0000 0.0000 0.0000 0.0000 0.0000 0.0000 0.0000 0.0000 0.0000 0.0000 0.0000 0.0000 0.0000 0.0000 0.0000 0.0000 0.0000 0.0000 0.0000 0.0000 0.0000 0.0000 0.0000 0.0000 0.0000 0.0000 0.0000 0.0000 0.0000 0.0000 0.0000 0.0000 0.0000 0.0000 0.0000 0.0000 0.0000 0.0000 0.0000 0.0000 0.0000 0.0000 0.0000 0.0000 0.0000 0.0000 0.0000 0.0000 0.0000 0.0000 0.0000 0.0000 0.0000 0.0000 0.0000 0.0000 0.0000 0.0000 0.0000 0.0000 0.0000 0.0000 0.0000 0.0000 0.0000 0.0000 0.0000 0.0000 0.0000 0.0000 0.0000 0.0000 0.0000 0.0000 0.0000 0.0000 0.0000 0.0000 0.0000 0.0000 0.0000 0.0000 0.0000 0.0000 0.0000 0.0000 0.0000 0.0000 0.0000 0.0000 0.0000 0.0000 0.0000 0.0000 0.0000 0.0000 0.0000 0.0000 0.0000 0.0000 0.0000 0.0000 0.0000 0.0000 0.0000 0.0000 0.0000 0.0000 0.0000 0.0000 0.0000 0.0000 0.0000 0.0000 0.0000 0.0000 0.0000 0.0000 0.0000 0.0000 0.0000 0.0000 0.0000 0.0000 0.0000 0.0000 0.0000 0.0000 0.0000 0.0000 0.0000 0.0000 0.0000 0.0000 0.0000 0.0000 0.0000 0.0000 0.0000 0.0000 0.0000 0.0000 0.0000 0.0000 0.0000 0.0000 0.0000 0.0000 0.0000 0.0000 0.0000 0.0000 0.0000 0.0000 0.0000 0.0000 0.0000 0.0000 0.0000 0.0000 0.0000 0.0000 0.0000 0.0000 0.0000 0.0000 0.0000 0.0000 0.0000 0.0000 0.0000 0.0000 0.0000 0.0000 0.0000 0.0000 0.0000 0.0000 0.0000 0.0000 0.0000 0.0000 0.0000 0.0000 0.0000 0.0000 0.0000 0.0000 0.0000 0.0000 0.0000 0.0000 0.0000 0.0000 0.0000 0.0000 0.0000 0.0000 0.0000 0.0000 0.0000 0.0000 0.0000 0.0000 0.0000 0.0000 0.0000 0.0000 0.0000 0.0000 0.0000 0.0000 0.0000 0.0000 0.0000 0.0000 0.0000 0.0000 0.0000 0.0000 0.0000 0.0000 0.0000 0.0000 0.0000 0.0000 0.0000 0.0000 0.0000 0.0000 0.0000 0.0000 0.0000 0.0000 0.0000 0.0000 0.0000 0.0000 0.0000 0.0000 0.0000 0.0000 0.0000 0.0000 0.0000 0.0000 0.0000 0.0000 0.0000 0.0000 0.0000 0.0000 0.0000 0.0000 0.0000 0.0000 0.0000 0.0000 0.0000 0.0000 0.0000 0.0000 0.0000 0.0000 0.0000 0.0000 0.0000 0.0000 0.0000 0.0000 0.0000 0.0000 0.0000 0.0000 0.0000 0.0000 0.0000 0.0000 0.0000 0.0000 0.0000 0.0000 0.0000 0.0000 0.0000 0.0000 0.0000 0.0000 0.0000 0.0000 0.0000 0.0000 0.0000 0.0000 0.0000 0.0000 0.0000 0.0000 0.0000 0.0000 0.0000 0.0000 0.0000 0.0000 0.0000 0.0000 0.0000 0.0000 0.0000 0.0000 0.0000 0.0000 0.0000 0.0000 0.0000 0.0000 0.0000 0.0000 0.0000 0.0000 0.0000 0.0000 0.0000 0.0000 0.0000 0.0000 0.0000 0.0000 0.0000 0.0000 0.0000 0.0000 0.0000 0.0000 0.0000 0.0000 0.0000 0.0000 0.0000 0.0000 0.0000 0.0000 0.0000 0.0000 0.0000 0.0000 0.0000 0.0000 0.0000 0.0000 0.0000 0.0000 0.0000 0.0000 0.0000 0.0000 0.0000 0.0000 0.0000 0.0000 0.0000 0.0000 0.0000 0.0000 0.0000 0.0000 0.0000 0.0000 0.0000 0.0000 0.0000 0.0000 0.0000 0.0000 0.0000 0.0000 0.0000 0.0000 0.0000 0.0000 0.0000 0.0000 0.0000 0.0000 0.0000 0.0000 0.0000 0.0000 0.0000 0.0000 0.0000 0.0000 0.0000 0.0000 0.0000 0.0000 0.0000 0.0000 0.0000 0.0000 0.0000 0.0000 0.0000 0.0000 0.0000 0.0000 0.0000 0.0000 0.0000 0.0000 0.0000 0.0000 0.0000 0.0000 0.0000 0.0000 0.0000 0.0000 0.0000 0.0000 0.0000 0.0000 0.0000 0.0000 0.0000 0.0000 0.0000 0.0000 0.0000 0.0000 0.0000 0.0000 0.0000 0.0000 0.0000 0.0000 0.0000 0.0000 0.0000 0.0000 0.0000 0.0000 0.0000 0.0000 0.0000 0.0000 0.0000 0.0000 0.0000 0.0000 0.0000 0.0000 0.0000 0.0000 0.0000 0.0000 0.0000 0.0000 0.0000 0.0000 0.0000 0.0000 0.0000 0.0000 0.0000 0.0000 0.0000 0.0000 0.0000 0.0000 0.0000 0.0000 0.0000 0.0000 0.0000 0.0000 0.0000 0.0000 0.0000 0.0000 0.0000 0.0000 0.0000 0.0000 0.0000 0.0000 0.0000 0.0000 0.0000 0.0000 0.0000 0.0000 0.0000 0.0000 0.0000 0.0000 0.0000 0.0000 0.0000 0.0000 0.0000 0.0000 0.0000 0.0000 0.0000 0.0000 0.0000 0.0000 0.0000 0.0000 0.0000 0.0000 0.0000 0.0000 0.0000 0.0000 0.0000 0.0000 0.0000 0.0000 0.0000 0.0000 0.0000 0.0000 0.0000 0.0000 0.0000 0.0000 0.0000 0.0000 0.0000 0.0000 0.0000 0.0000 0.0000 0.0000 0.0000 0.0000 0.0000 0.0000 0.0000 0.0000 0.0000 0.0000 0.0000 0.0000 0.0000 0.0000 0.0000 0.0000 0.0000 0.0000 0.0000 0.0000 0.0000 0.0000 0.0000 0.0000 0.0000 0.0000 0.0000 0.0000 0.0000 0.0000 0.0000 0.0000 0.0000 0.0000 0.0000 0.0000 0.0000 0.0000 0.0000 0.0000 0.0000 0.0000 0.0000 0.0000 0.0000 0.0000 0.0000 0.0000 0.0000 0.0000 0.0000 0.0000 0.0000 0.0000 0.0000 0.0000 0.0000 0.0000 0.0000 0.0000 0.0000 0.0000 0.0000 0.0000 0.0000 0.0000 0.0000 0.0000 0.0000 0.0000 0.0000 0.0000 0.0000 0.0000 0.0000 0.0000 0.0000 0.0000 0.0000 0.0000 0.0000 0.0000 0.0000 0.0000 0.0000 0.0000 0.0000 0.0000 0.0000 0.0000 0.0000 0.0000 0.0000 0.0000 0.0000 0.0000 0.0000 0.0000 0.0000 0.0000 0.0000 0.0000 0.0000 0.0000 0.0000 0.0000 0.0000 0.0000 0.0000 0.0000 0.0000 0.0000 0.0000 0.0000 0.0000 0.0000 0.0000 0.0000 0.0000 0.0000 0.0000 0.0000 0.0000 0.0000 0.0000 0.0000 0.0000 0.0000 0.0000 0.0000 0.0000 0.0000 0.0000 0.0000 0.0000 0.0000 0.0000 0.0000 0.0000 0.0000 0.0000 0.0000 0.0000 0.0000 0.0000 0.0000 0.0000 0.0000 0.0000 0.0000 0.0000 0.0000 0.0000 0.0000 0.0000 0.0000 0.0000 0.0000 0.0000 0.0000 0.0000 0.0000 0.0000 0.0000 0.0000 0.0000 0.0000 0.0000 0.0000 0.0000 0.0000 0.0000 0.0000 0.0000 0.0000 0.0000 0.0000 0.0000 0.0000 0.0000 0.0000 0.0000 0.0000 0.0000 0.0000 0.0000 0.0000 0.0000 0.0000 0.0000 0.0000 0.0000 0.0000 0.0000 0.0000 0.0000 0.0000 0.0000 0.0000 0.0000 0.0000 0.0000 0.0000 0.0000 0.0000 0.0000 0.0000 0.0000 0.0000 0.0000 0.0000 0.0000 0.0000 0.0000 0.0000 0.0000 0.0000 0.0000 0.0000 0.0000 0.0000 0.0000 0.0000 0.0000 0.0000 0.0000 0.0000 0.0000 0.0000 0.0000 0.0000 0.0000 0.0000 0.0000 0.0000 0.0000 0.0000 0.0000 0.0000 0.0000 0.0000 0.0000 0.0000 0.0000 0.0000 0.0000 0.0000 0.0000 0.0000 0.0000 0.0000 0.0000 0.0000 0.0000 0.0000 0.0000 0.0000 0.0000 0.0000 0.0000 0.0000 0.0000 0.0000 0.0000 0.0000 0.0000 0.0000 0.0000 0.0000 0.0000 0.0000 0.0000 0.0000 0.0000 0.0000 0.0000 0.0000 0.0000 0.0000 0.0000 0.0000 0.0000 0.0000 0.0000 0.0000 0.0000 0.0000 0.0000 0.0000 0.0000 0.0000 0.0000 0.0000 0.0000 0.0000 0.0000 0.0000 0.0000 0.0000 0.0000 0.0000 0.0000 0.0000 0.0000 0.0000 0.0000 0.0000 0.0000 0.0000 0.0000 0.0000 0.0000 0.0000 0.0000 0.0000 0.0000 0.0000 0.0000 0.0000 0.0000 0.0000 0.0000 0.0000 0.0000 0.0000 0.0000 0.0000 0.0000 0.0000 0.0000 0.0000 0.0000 0.0000 0.0000 0.0000 0.0000 0.0000 0.0000 0.0000 0.0000 0.0000 0.0000 0.0000 0.0000 0.0000 0.0000 0.0000 0.0000 0.0000 0.0000 0.0000 0.0000 0.0000 0.0000 0.0000 0.0000 0.0000 0.0000 0.0000 0.0000 0.0000 0.0000 0.0000 0.0000 0.0000 0.0000 0.0000 0.0000 0.0000 0.0000 0.0000 0.0000 0.0000 0.0000 0.0000 0.0000 0.0000 0.0000 0.0000 0.0000 0.0000 0.0000 0.0000 0.0000 0.0000 0.0000 0.0000 0.0000 0.0000 0.0000 0.0000 0.0000 0.0000 0.0000 0.0000 0.0000 0.0000 0.0000 0.0000 0.0000 0.0000 0.0000 0.0000 0.0000 0.0000 0.0000 0.0000 0.0000 0.0000 0.0000 0.0000 0.0000 0.0000 0.0000 0.0000 0.0000 0.0000 0.0000 0.0000 0.0000 0.0000 0.0000 0.0000 0.0000 0.0000 0.0000 0.0000 0.0000 0.0000 0.0000 0.0000 0.0000 0.0000 0.0000 0.0000 0.0000 0.0000 0.0000 0.0000 0.0000 0.0000 0.0000 0.0000 0.0000 0.0000 0.0000 0.0000 0.0000 0.0000 0.0000 0.0000 0.0000 0.0000 0.0000 0.0000 0.0000 0.0000 0.0000 0.0000 0.0000 0.0000 0.0000 0.0000 0.0000 0.0000 0.0000 0.0000 0.0000 0.0000 0.0000 0.0000 0.0000 0.0000 0.0000 0.0000 0.0000 0.0000 0.0000 0.0000 0.0000 0.0000 0.0000 0.0000 0.0000 0.0000 0.0000 0.0000 0.0000 0.0000 0.0000 0.0000 0.0000 0.0000 0.0000 0.0000 0.0000 0.0000 0.0000 0.0000 0.0000 0.0000 0.0000 0.0000 0.0000 0.0000 0.0000 0.0000 0.0000 0.0000 0.0000 0.0000 0.0000 0.0000 0.0000 0.0000 0.0000 0.0000 0.0000 0.0000 0.0000 0.0000 0.0000 0.0000 0.0000 0.0000 0.0000 0.0000 0.0000 0.0000 0.0000 0.0000 0.0000 0.0000 0.0000 0.0000 0.0000 0.0000 0.0000 0.0000 0.0000 0.0000 0.0000 0.0000 0.0000 0.0000 0.0000 0.0000 0.0000 0.0000 0.0000 0.0000 0.0000 0.0000 0.0000 0.0000 0.0000 0.0000 0.0000 0.0000 0.0000 0.0000 0.0000 0.0000 0.0000 0.0000 0.0000 0.0000 0.0000 0.0000 0.0000 0.0000 0.0000 0.0000 0.0000 0.0000 0.0000 0.0000 0.0000 0.0000 0.0000 0.0000 0.0000 0.0000 0.0000 0.0000 0.0000 0.0000 0.0000 0.0000 0.0000 0.0000 0.0000 0.0000 0.0000 0.0000 0.0000 0.0000 0.0000 0.0000 0.0000 0.0000 0.0000 0.0000 0.0000 0.0000 0.0000 0.0000 0.0000 0.0000 0.0000 0.0000 0.0000 0.0000 0.0000 0.0000 0.0000 0.0000 0.0000 0.0000 0.0000 0.0000 0.0000 0.0000 0.0000 0.0000 0.0000 0.0000 0.0000 0.0000 0.0000 0.0000 0.0000 0.0000 0.0000 0.0000 0.0000 0.0000 0.0000 0.0000 0.0000 0.0000 0.0000 0.0000 0.0000 0.0000 0.0000 0.0000 0.0000 0.0000 0.0000 0.0000 0.0000 0.0000 0.0000 0.0000 0.0000 0.0000 0.0000 0.0000 0.0000 0.0000 0.0000 0.0000 0.0000 0.0000 0.0000 0.0000 0.0000 0.0000 0.0000 0.0000 0.0000 0.0000 0.0000 0.0000 0.0000 0.0000 0.0000 0.0000 0.0000 0.0000 0.0000 0.0000 0.0000 0.0000 0.0000 0.0000 0.0000 0.0000 0.0000 0.0000 0.0000 0.0000 0.0000 0.0000 0.0000 0.0000 0.0000 0.0000 0.0000 0.0000 0.0000 0.0000 0.0000 0.0000 0.0000 0.0000 0.0000 0.0000 0.0000 0.0000 0.0000 0.0000 0.0000 0.0000 0.0000 0.0000 0.0000 0.0000 0.0000 0.0000 0.0000 0.0000 0.0000 0.0000 0.0000 0.0000 0.0000 0.0000 0.0000 0.0000 0.0000 0.0000 0.0000 0.0000 0.0000 0.0000 0.0000 0.0000 0.0000 0.0000 0.0000 0.0000 0.0000 0.0000 0.0000 0.0000 0.0000 0.0000 0.0000 0.0000 0.0000 0.0000 0.0000 0.0000 0.0000 0.0000 0.0000 0.0000 0.0000 0.0000 0.0000 0.0000 0.0000 0.0000 0.0000 0.0000 0.0000 0.0000 0.0000 0.0000 0.0000 0.0000 0.0000 0.0000 0.0000 0.0000 0.0000 0.0000 0.0000 0.0000 0.0000 0.0000 0.0000 0.0000 0.0000 0.0000 0.0000 0.0000 0.0000 0.0000 0.0000 0.0000 0.0000 0.0000 0.0000 0.0000 0.0000 0.0000 0.0000 0.0000 0.0000 0.0000 0.0000 0.0000 0.0000 0.0000 0.0000 0.0000 0.0000 0.0000 0.0000 0.0000 0.0000 0.0000 0.0000 0.0000 0.0000 0.0000 0.0000 0.0000 0.0000 0.0000 0.0000 0.0000 0.0000 0.0000 0.0000 0.0000 0.0000 0.0000 0.0000 0.0000 0.0000 0.0000 0.0000 0.0000 0.0000 0.0000 0.0000 0.0000 0.0000 0.0000 0.0000 0.0000 0.0000 0.0000 0.0000 0.0000 0.0000 0.0000 0.0000 0.0000 0.0000 0.0000 0.0000 0.0000 0.0000 0.0000 0.0000 0.0000 0.0000 0.0000 0.0000 0.0000 0.0000 0.0000 0.0000 0.0000 0.0000 0.0000 0.0000 0.0000 0.0000 0.0000 0.0000 0.0000 0.0000 0.0000 0.0000 0.0000 0.0000 0.0000 0.0000 0.0000 0.0000 0.0000 0.0000 0.0000 0.0000 0.0000 0.0000 0.0000 0.0000 0.0000 0.0000 0.0000 0.0000 0.0000 0.0000 0.0000 0.0000 0.0000 0.0000 0.0000 0.0000 0.0000 0.0000 0.0000 0.0000 0.0000 0.0000 0.0000 0.0000 0.0000 0.0000 0.0000 0.0000 0.0000 0.0000 0.0000 0.0000 0.0000 0.0000 0.0000 0.0000 0.0000 0.0000 0.0000 0.0000 0.0000 0.0000 0.0000 0.0000 0.0000 0.0000 0.0000 0.0000 0.0000 0.0000 0.0000 0.0000 0.0000 0.0000 0.0000 0.0000 0.0000 0.0000 0.0000 0.0000 0.0000 0.0000 0.0000 0.0000 0.0000 0.0000 0.0000 0.0000 0.0000 0.0000 0.0000 0.0000 0.0000 0.0000 0.0000 0.0000 0.0000 0.0000 0.0000 0.0000 0.0000 0.0000 0.0000 0.0000 0.0000 0.0000 0.0000 0.0000 0.0000 0.0000 0.0000 0.0000 0.0000 0.0000 0.0000 0.0000 0.0000 0.0000 0.0000 0.0000 0.0000 0.0000 0.0000 0.0000 0.0000 0.0000 0.0000 0.0000 0.0000 0.0000 0.0000 0.0000 0.0000 0.0000 0.0000 0.0000 0.0000 0.0000 0.0000 0.0000 0.0000 0.0000 0.0000 0.0000 0.0000 0.0000 0.0000 0.0000 0.0000 0.0000 0.0000 0.0000 0.0000 0.0000 0.0000 0.0000 0.0000 0.0000 0.0000 0.0000 0.0000 0.0000 0.0000 0.0000 0.0000 0.0000 0.0000 0.0000 0.0000 0.0000 0.0000 0.0000 0.0000 0.0000 0.0000 0.0000 0.0000 0.0000 0.0000 0.0000 0.0000 0.0000 0.0000 0.0000 0.0000 0.0000 0.0000 0.0000 0.0000 0.0000 0.0000 0.0000 0.0000 0.0000 0.0000 0.0000 0.0000 0.0000 0.0000 0.0000 0.0000 0.0000 0.0000 0.0000 0.0000 0.0000 0.0000 0.0000 0.0000 0.0000 0.0000 0.0000 0.0000 0.0000 0.0000 0.0000 0.0000 0.0000 0.0000 0.0000 0.0000 0.0000 0.0000 0.0000 0.0000 0.0000 0.0000 0.0000 0.0000 0.0000 0.0000 0.0000 0.0000 0.0000 0.0000 0.0000 0.0000 0.0000 0.0000 0.0000 0.0000 0.0000 0.0000 0.0000 0.0000 0.0000 0.0000 0.0000 0.0000 0.0000 0.0000 0.0000 0.0000 0.0000 0.0000 0.0000 0.0000 0.0000 0.0000 0.0000 0.0000 0.0000 0.0000 0.0000 0.0000 0.0000 0.0000 0.0000 0.0000 0.0000 0.0000 0.0000 0.0000 0.0000 0.0000 0.0000 0.0000 0.0000 0.0000 0.0000 0.0000 0.0000 0.0000 0.0000 0.0000 0.0000 0.0000 0.0000 0.0000 0.0000 0.0000 0.0000 0.0000 0.0000 0.0000 0.0000 0.0000 0.0000 0.0000 0.0000 0.0000 0.0000 0.0000 0.0000 0.0000 0.0000 0.0000 0.0000 0.0000 0.0000 0.0000 0.0000 0.0000 0.0000 0.0000 0.0000 0.0000 0.0000 0.0000 0.0000 0.0000 0.0000 0.0000 0.0000 0.0000 0.0000 0.0000 0.0000 0.0000 0.0000 0.0000 0.0000 0.0000 0.0000 0.0000 0.0000 0.0000 0.0000 0.0000 0.0000 0.0000 0.0000 0.0000 0.0000 0.0000 0.0000 0.0000 0.0000 0.0000 0.0000 0.0000 0.0000 0.0000 0.0000 0.0000 0.0000 0.0000 0.0000 0.0000 0.0000 0.0000 0.0000 0.0000 0.0000 0.0000 0.0000 0.0000 0.0000 0.0000 0.0000 0.0000 0.0000 0.0000 0.0000 0.0000 0.0000 0.0000 0.0000 0.0000
</DataArray>
<DataArray type="Float32" Name="ed_raft_score" format="ascii">
0.0000 0.0000 0.0000 0.0000 0.0000 0.0000 0.0000 0.0000 0.0000 0.0000 0.0000 0.0000 0.0000 0.0000 0.0000 0.0000 0.0000 0.0000 0.0000 0.0000 0.0000 0.0000 0.0000 0.0000 0.0000 0.0000 0.0000 0.0000 0.0000 0.0000 0.0000 0.0000 0.0000 0.0000 0.0000 0.0000 0.0000 0.0000 0.0000 0.0000 0.0000 0.0000 0.0000 0.0000 0.0000 0.0000 0.0000 0.0000 0.0000 0.0000 0.0000 0.0000 0.0000 0.0000 0.0000 0.0000 0.0000 0.0000 0.0000 0.0000 0.0000 0.0000 0.0000 0.0000 0.0000 0.0000 0.0000 0.0000 0.0000 0.0000 0.0000 0.0000 0.0000 0.0000 0.0000 0.0000 0.0000 0.0000 0.0000 0.0000 0.0000 0.0000 0.0000 0.0000 0.0000 0.0000 0.0000 0.0000 0.0000 0.0000 0.0000 0.0000 0.0000 0.0000 0.0000 0.0000 0.0000 0.0000 0.0000 0.0000 0.0000 0.0000 0.0000 0.0000 0.0000 0.0000 0.0000 0.0000 0.0000 0.0000 0.0000 0.0000 0.0000 0.0000 0.0000 0.0000 0.0000 0.0000 0.0000 0.0000 0.0000 0.0000 0.0000 0.0000 0.0000 0.0000 0.0000 0.0000 0.0000 0.0000 0.0000 0.0000 0.0000 0.0000 0.0000 0.0000 0.0000 0.0000 0.0000 0.0000 0.0000 0.0000 0.0000 0.0000 0.0000 0.0000 0.0000 0.0000 0.0000 0.0000 0.0000 0.0000 0.0000 0.0000 0.0000 0.0000 0.0000 0.0000 0.0000 0.0000 0.0000 0.0000 0.0000 0.0000 0.0000 0.0000 0.0000 0.0000 0.0000 0.0000 0.0000 0.0000 0.0000 0.0000 0.0000 0.0000 0.0000 0.0000 0.0000 0.0000 0.0000 0.0000 0.0000 0.0000 0.0000 0.0000 0.0000 0.0000 0.0000 0.0000 0.0000 0.0000 0.0000 0.0000 0.0000 0.0000 0.0000 0.0000 0.0000 0.0000 0.0000 0.0000 0.0000 0.0000 0.0000 0.0000 0.0000 0.0000 0.0000 0.0000 0.0000 0.0000 0.0000 0.0000 0.0000 0.0000 0.0000 0.0000 0.0000 0.0000 0.0000 0.0000 0.0000 0.0000 0.0000 0.0000 0.0000 0.0000 0.0000 0.0000 0.0000 0.0000 0.0000 0.0000 0.0000 0.0000 0.0000 0.0000 0.0000 0.0000 0.0000 0.0000 0.0000 0.0000 0.0000 0.0000 0.0000 0.0000 0.0000 0.0000 0.0000 0.0000 0.0000 0.0000 0.0000 0.0000 0.0000 0.0000 0.0000 0.0000 0.0000 0.0000 0.0000 0.0000 0.0000 0.0000 0.0000 0.0000 0.0000 0.0000 0.0000 0.0000 0.0000 0.0000 0.0000 0.0000 0.0000 0.0000 0.0000 0.0000 0.0000 0.0000 0.0000 0.0000 0.0000 0.0000 0.0000 0.0000 0.0000 0.0000 0.0000 0.0000 0.0000 0.0000 0.0000 0.0000 0.0000 0.0000 0.0000 0.0000 0.0000 0.0000 0.0000 0.0000 0.0000 0.0000 0.0000 0.0000 0.0000 0.0000 0.0000 0.0000 0.0000 0.0000 0.0000 0.0000 0.0000 0.0000 0.0000 0.0000 0.0000 0.0000 0.0000 0.0000 0.0000 0.0000 0.0000 0.0000 0.0000 0.0000 0.0000 0.0000 0.0000 0.0000 0.0000 0.0000 0.0000 0.0000 0.0000 0.0000 0.0000 0.0000 0.0000 0.0000 0.0000 0.0000 0.0000 0.0000 0.0000 0.0000 0.0000 0.0000 0.0000 0.0000 0.0000 0.0000 0.0000 0.0000 0.0000 0.0000 0.0000 0.0000 0.0000 0.0000 0.0000 0.0000 0.0000 0.0000 0.0000 0.0000 0.0000 0.0000 0.0000 0.0000 0.0000 0.0000 0.0000 0.0000 0.0000 0.0000 0.0000 0.0000 0.0000 0.0000 0.0000 0.0000 0.0000 0.0000 0.0000 0.0000 0.0000 0.0000 0.0000 0.0000 0.0000 0.0000 0.0000 0.0000 0.0000 0.0000 0.0000 0.0000 0.0000 0.0000 0.0000 0.0000 0.0000 0.0000 0.0000 0.0000 0.0000 0.0000 0.0000 0.0000 0.0000 0.0000 0.0000 0.0000 0.0000 0.0000 0.0000 0.0000 0.0000 0.0000 0.0000 0.0000 0.0000 0.0000 0.0000 0.0000 0.0000 0.0000 0.0000 0.0000 0.0000 0.0000 0.0000 0.0000 0.0000 0.0000 0.0000 0.0000 0.0000 0.0000 0.0000 0.0000 0.0000 0.0000 0.0000 0.0000 0.0000 0.0000 0.0000 0.0000 0.0000 0.0000 0.0000 0.0000 0.0000 0.0000 0.0000 0.0000 0.0000 0.0000 0.0000 0.0000 0.0000 0.0000 0.0000 0.0000 0.0000 0.0000 0.0000 0.0000 0.0000 0.0000 0.0000 0.0000 0.0000 0.0000 0.0000 0.0000 0.0000 0.0000 0.0000 0.0000 0.0000 0.0000 0.0000 0.0000 0.0000 0.0000 0.0000 0.0000 0.0000 0.0000 0.0000 0.0000 0.0000 0.0000 0.0000 0.0000 0.0000 0.0000 0.0000 0.0000 0.0000 0.0000 0.0000 0.0000 0.0000 0.0000 0.0000 0.0000 0.0000 0.0000 0.0000 0.0000 0.0000 0.0000 0.0000 0.0000 0.0000 0.0000 0.0000 0.0000 0.0000 0.0000 0.0000 0.0000 0.0000 0.0000 0.0000 0.0000 0.0000 0.0000 0.0000 0.0000 0.0000 0.0000 0.0000 0.0000 0.0000 0.0000 0.0000 0.0000 0.0000 0.0000 0.0000 0.0000 0.0000 0.0000 0.0000 0.0000 0.0000 0.0000 0.0000 0.0000 0.0000 0.0000 0.0000 0.0000 0.0000 0.0000 0.0000 0.0000 0.0000 0.0000 0.0000 0.0000 0.0000 0.0000 0.0000 0.0000 0.0000 0.0000 0.0000 0.0000 0.0000 0.0000 0.0000 0.0000 0.0000 0.0000 0.0000 0.0000 0.0000 0.0000 0.0000 0.0000 0.0000 0.0000 0.0000 0.0000 0.0000 0.0000 0.0000 0.0000 0.0000 0.0000 0.0000 0.0000 0.0000 0.0000 0.0000 0.0000 0.0000 0.0000 0.0000 0.0000 0.0000 0.0000 0.0000 0.0000 0.0000 0.0000 0.0000 0.0000 0.0000 0.0000 0.0000 0.0000 0.0000 0.0000 0.0000 0.0000 0.0000 0.0000 0.0000 0.0000 0.0000 0.0000 0.0000 0.0000 0.0000 0.0000 0.0000 0.0000 0.0000 0.0000 0.0000 0.0000 0.0000 0.0000 0.0000 0.0000 0.0000 0.0000 0.0000 0.0000 0.0000 0.0000 0.0000 0.0000 0.0000 0.0000 0.0000 0.0000 0.0000 0.0000 0.0000 0.0000 0.0000 0.0000 0.0000 0.0000 0.0000 0.0000 0.0000 0.0000 0.0000 0.0000 0.0000 0.0000 0.0000 0.0000 0.0000 0.0000 0.0000 0.0000 0.0000 0.0000 0.0000 0.0000 0.0000 0.0000 0.0000 0.0000 0.0000 0.0000 0.0000 0.0000 0.0000 0.0000 0.0000 0.0000 0.0000 0.0000 0.0000 0.0000 0.0000 0.0000 0.0000 0.0000 0.0000 0.0000 0.0000 0.0000 0.0000 0.0000 0.0000 0.0000 0.0000 0.0000 0.0000 0.0000 0.0000 0.0000 0.0000 0.0000 0.0000 0.0000 0.0000 0.0000 0.0000 0.0000 0.0000 0.0000 0.0000 0.0000 0.0000 0.0000 0.0000 0.0000 0.0000 0.0000 0.0000 0.0000 0.0000 0.0000 0.0000 0.0000 0.0000 0.0000 0.0000 0.0000 0.0000 0.0000 0.0000 0.0000 0.0000 0.0000 0.0000 0.0000 0.0000 0.0000 0.0000 0.0000 0.0000 0.0000 0.0000 0.0000 0.0000 0.0000 0.0000 0.0000 0.0000 0.0000 0.0000 0.0000 0.0000 0.0000 0.0000 0.0000 0.0000 0.0000 0.0000 0.0000 0.0000 0.0000 0.0000 0.0000 0.0000 0.0000 0.0000 0.0000 0.0000 0.0000 0.0000 0.0000 0.0000 0.0000 0.0000 0.0000 0.0000 0.0000 0.0000 0.0000 0.0000 0.0000 0.0000 0.0000 0.0000 0.0000 0.0000 0.0000 0.0000 0.0000 0.0000 0.0000 0.0000 0.0000 0.0000 0.0000 0.0000 0.0000 0.0000 0.0000 0.0000 0.0000 0.0000 0.0000 0.0000 0.0000 0.0000 0.0000 0.0000 0.0000 0.0000 0.0000 0.0000 0.0000 0.0000 0.0000 0.0000 0.0000 0.0000 0.0000 0.0000 0.0000 0.0000 0.0000 0.0000 0.0000 0.0000 0.0000 0.0000 0.0000 0.0000 0.0000 0.0000 0.0000 0.0000 0.0000 0.0000 0.0000 0.0000 0.0000 0.0000 0.0000 0.0000 0.0000 0.0000 0.0000 0.0000 0.0000 0.0000 0.0000 0.0000 0.0000 0.0000 0.0000 0.0000 0.0000 0.0000 0.0000 0.0000 0.0000 0.0000 0.0000 0.0000 0.0000 0.0000 0.0000 0.0000 0.0000 0.0000 0.0000 0.0000 0.0000 0.0000 0.0000 0.0000 0.0000 0.0000 0.0000 0.0000 0.0000 0.0000 0.0000 0.0000 0.0000 0.0000 0.0000 0.0000 0.0000 0.0000 0.0000 0.0000 0.0000 0.0000 0.0000 0.0000 0.0000 0.0000 0.0000 0.0000 0.0000 0.0000 0.0000 0.0000 0.0000 0.0000 0.0000 0.0000 0.0000 0.0000 0.0000 0.0000 0.0000 0.0000 0.0000 0.0000 0.0000 0.0000 0.0000 0.0000 0.0000 0.0000 0.0000 0.0000 0.0000 0.0000 0.0000 0.0000 0.0000 0.0000 0.0000 0.0000 0.0000 0.0000 0.0000 0.0000 0.0000 0.0000 0.0000 0.0000 0.0000 0.0000 0.0000 0.0000 0.0000 0.0000 0.0000 0.0000 0.0000 0.0000 0.0000 0.0000 0.0000 0.0000 0.0000 0.0000 0.0000 0.0000 0.0000 0.0000 0.0000 0.0000 0.0000 0.0000 0.0000 0.0000 0.0000 0.0000 0.0000 0.0000 0.0000 0.0000 0.0000 0.0000 0.0000 0.0000 0.0000 0.0000 0.0000 0.0000 0.0000 0.0000 0.0000 0.0000 0.0000 0.0000 0.0000 0.0000 0.0000 0.0000 0.0000 0.0000 0.0000 0.0000 0.0000 0.0000 0.0000 0.0000 0.0000 0.0000 0.0000 0.0000 0.0000 0.0000 0.0000 0.0000 0.0000 0.0000 0.0000 0.0000 0.0000 0.0000 0.0000 0.0000 0.0000 0.0000 0.0000 0.0000 0.0000 0.0000 0.0000 0.0000 0.0000 0.0000 0.0000 0.0000 0.0000 0.0000 0.0000 0.0000 0.0000 0.0000 0.0000 0.0000 0.0000 0.0000 0.0000 0.0000 0.0000 0.0000 0.0000 0.0000 0.0000 0.0000 0.0000 0.0000 0.0000 0.0000 0.0000 0.0000 0.0000 0.0000 0.0000 0.0000 0.0000 0.0000 0.0000 0.0000 0.0000 0.0000 0.0000 0.0000 0.0000 0.0000 0.0000 0.0000 0.0000 0.0000 0.0000 0.0000 0.0000 0.0000 0.0000 0.0000 0.0000 0.0000 0.0000 0.0000 0.0000 0.0000 0.0000 0.0000 0.0000 0.0000 0.0000 0.0000 0.0000 0.0000 0.0000 0.0000 0.0000 0.0000 0.0000 0.0000 0.0000 0.0000 0.0000 0.0000 0.0000 0.0000 0.0000 0.0000 0.0000 0.0000 0.0000 0.0000 0.0000 0.0000 0.0000 0.0000 0.0000 0.0000 0.0000 0.0000 0.0000 0.0000 0.0000 0.0000 0.0000 0.0000 0.0000 0.0000 0.0000 0.0000 0.0000 0.0000 0.0000 0.0000 0.0000 0.0000 0.0000 0.0000 0.0000 0.0000 0.0000 0.0000 0.0000 0.0000 0.0000 0.0000 0.0000 0.0000 0.0000 0.0000 0.0000 0.0000 0.0000 0.0000 0.0000 0.0000 0.0000 0.0000 0.0000 0.0000 0.0000 0.0000 0.0000 0.0000 0.0000 0.0000 0.0000 0.0000 0.0000 0.0000 0.0000 0.0000 0.0000 0.0000 0.0000 0.0000 0.0000 0.0000 0.0000 0.0000 0.0000 0.0000 0.0000 0.0000 0.0000 0.0000 0.0000 0.0000 0.0000 0.0000 0.0000 0.0000 0.0000 0.0000 0.0000 0.0000 0.0000 0.0000 0.0000 0.0000 0.0000 0.0000 0.0000 0.0000 0.0000 0.0000 0.0000 0.0000 0.0000 0.0000 0.0000 0.0000 0.0000 0.0000 0.0000 0.0000 0.0000 0.0000 0.0000 0.0000 0.0000 0.0000 0.0000 0.0000 0.0000 0.0000 0.0000 0.0000 0.0000 0.0000 0.0000 0.0000 0.0000 0.0000 0.0000 0.0000 0.0000 0.0000 0.0000 0.0000 0.0000 0.0000 0.0000 0.0000 0.0000 0.0000 0.0000 0.0000 0.0000 0.0000 0.0000 0.0000 0.0000 0.0000 0.0000 0.0000 0.0000 0.0000 0.0000 0.0000 0.0000 0.0000 0.0000 0.0000 0.0000 0.0000 0.0000 0.0000 0.0000 0.0000 0.0000 0.0000 0.0000 0.0000 0.0000 0.0000 0.0000 0.0000 0.0000 0.0000 0.0000 0.0000 0.0000 0.0000 0.0000 0.0000 0.0000 0.0000 0.0000 0.0000 0.0000 0.0000 0.0000 0.0000 0.0000 0.0000 0.0000 0.0000 0.0000 0.0000 0.0000 0.0000 0.0000 0.0000 0.0000 0.0000 0.0000 0.0000 0.0000 0.0000 0.0000 0.0000 0.0000 0.0000 0.0000 0.0000 0.0000 0.0000 0.0000 0.0000 0.0000 0.0000 0.0000 0.0000 0.0000 0.0000 0.0000 0.0000 0.0000 0.0000 0.0000 0.0000 0.0000 0.0000 0.0000 0.0000 0.0000 0.0000 0.0000 0.0000 0.0000 0.0000 0.0000 0.0000 0.0000 0.0000 0.0000 0.0000 0.0000 0.0000 0.0000 0.0000 0.0000 0.0000 0.0000 0.0000 0.0000 0.0000 0.0000 0.0000 0.0000 0.0000 0.0000 0.0000 0.0000 0.0000 0.0000 0.0000 0.0000 0.0000 0.0000 0.0000 0.0000 0.0000 0.0000 0.0000 0.0000 0.0000 0.0000 0.0000 0.0000 0.0000 0.0000 0.0000 0.0000 0.0000 0.0000 0.0000 0.0000 0.0000 0.0000 0.0000 0.0000 0.0000 0.0000 0.0000 0.0000 0.0000 0.0000 0.0000 0.0000 0.0000 0.0000 0.0000 0.0000 0.0000 0.0000 0.0000 0.0000 0.0000 0.0000 0.0000 0.0000 0.0000 0.0000 0.0000 0.0000 0.0000 0.0000 0.0000 0.0000 0.0000 0.0000 0.0000 0.0000 0.0000 0.0000 0.0000 0.0000 0.0000 0.0000 0.0000 0.0000 0.0000 0.0000 0.0000 0.0000 0.0000 0.0000 0.0000 0.0000 0.0000 0.0000 0.0000 0.0000 0.0000 0.0000 0.0000 0.0000 0.0000 0.0000 0.0000 0.0000 0.0000 0.0000 0.0000 0.0000 0.0000 0.0000 0.0000 0.0000 0.0000 0.0000 0.0000 0.0000 0.0000 0.0000 0.0000 0.0000 0.0000 0.0000 0.0000 0.0000 0.0000 0.0000 0.0000 0.0000 0.0000 0.0000 0.0000 0.0000 0.0000 0.0000 0.0000 0.0000 0.0000 0.0000 0.0000 0.0000 0.0000 0.0000 0.0000 0.0000 0.0000 0.0000 0.0000 0.0000 0.0000 0.0000 0.0000 0.0000 0.0000 0.0000 0.0000 0.0000 0.0000 0.0000 0.0000 0.0000 0.0000 0.0000 0.0000 0.0000 0.0000 0.0000 0.0000 0.0000 0.0000 0.0000 0.0000 0.0000 0.0000 0.0000 0.0000 0.0000 0.0000 0.0000 0.0000 0.0000 0.0000 0.0000 0.0000 0.0000 0.0000 0.0000 0.0000 0.0000 0.0000 0.0000 0.0000 0.0000 0.0000 0.0000 0.0000 0.0000 0.0000 0.0000 0.0000 0.0000 0.0000 0.0000 0.0000 0.0000 0.0000 0.0000 0.0000 0.0000 0.0000 0.0000 0.0000 0.0000 0.0000 0.0000 0.0000 0.0000 0.0000 0.0000 0.0000 0.0000 0.0000 0.0000 0.0000 0.0000 0.0000 0.0000 0.0000 0.0000 0.0000 0.0000 0.0000 0.0000 0.0000 0.0000 0.0000 0.0000 0.0000 0.0000 0.0000 0.0000 0.0000 0.0000 0.0000 0.0000 0.0000 0.0000 0.0000 0.0000 0.0000 0.0000 0.0000 0.0000 0.0000 0.0000 0.0000 0.0000 0.0000 0.0000 0.0000 0.0000 0.0000 0.0000 0.0000 0.0000 0.0000 0.0000 0.0000 0.0000 0.0000 0.0000 0.0000 0.0000 0.0000 0.0000 0.0000 0.0000 0.0000 0.0000 0.0000 0.0000 0.0000 0.0000 0.0000 0.0000 0.0000 0.0000 0.0000 0.0000 0.0000 0.0000 0.0000 0.0000 0.0000 0.0000 0.0000 0.0000 0.0000 0.0000 0.0000 0.0000 0.0000 0.0000 0.0000 0.0000 0.0000 0.0000 0.0000 0.0000 0.0000 0.0000 0.0000 0.0000 0.0000 0.0000 0.0000 0.0000 0.0000 0.0000 0.0000 0.0000 0.0000 0.0000 0.0000 0.0000 0.0000 0.0000 0.0000 0.0000 0.0000 0.0000 0.0000 0.0000 0.0000 0.0000 0.0000 0.0000 0.0000 0.0000 0.0000 0.0000 0.0000 0.0000 0.0000 0.0000 0.0000 0.0000 0.0000 0.0000 0.0000 0.0000 0.0000 0.0000 0.0000 0.0000 0.0000 0.0000 0.0000 0.0000 0.0000 0.0000 0.0000 0.0000 0.0000 0.0000 0.0000 0.0000 0.0000 0.0000 0.0000 0.0000 0.0000 0.0000 0.0000 0.0000 0.0000 0.0000 0.0000 0.0000 0.0000 0.0000 0.0000 0.0000 0.0000 0.0000 0.0000 0.0000 0.0000 0.0000 0.0000 0.0000 0.0000 0.0000 0.0000 0.0000 0.0000 0.0000 0.0000 0.0000 0.0000 0.0000 0.0000 0.0000 0.0000 0.0000 0.0000 0.0000 0.0000 0.0000 0.0000 0.0000 0.0000 0.0000 0.0000 0.0000 0.0000 0.0000 0.0000 0.0000 0.0000 0.0000 0.0000 0.0000 0.0000 0.0000 0.0000 0.0000 0.0000 0.0000 0.0000 0.0000 0.0000 0.0000 0.0000 0.0000 0.0000 0.0000 0.0000 0.0000 0.0000 0.0000 0.0000 0.0000 0.0000 0.0000 0.0000 0.0000 0.0000 0.0000 0.0000 0.0000 0.0000 0.0000 0.0000 0.0000 0.0000 0.0000 0.0000 0.0000 0.0000 0.0000 0.0000 0.0000 0.0000 0.0000 0.0000 0.0000 0.0000 0.0000 0.0000 0.0000 0.0000 0.0000 0.0000 0.0000 0.0000 0.0000 0.0000 0.0000 0.0000 0.0000 0.0000 0.0000 0.0000 0.0000 0.0000 0.0000 0.0000 0.0000 0.0000 0.0000 0.0000 0.0000 0.0000 0.0000 0.0000 0.0000 0.0000 0.0000 0.0000 0.0000 0.0000 0.0000 0.0000 0.0000 0.0000 0.0000 0.0000 0.0000 0.0000 0.0000 0.0000 0.0000 0.0000 0.0000 0.0000 0.0000 0.0000 0.0000 0.0000 0.0000 0.0000 0.0000 0.0000 0.0000 0.0000 0.0000 0.0000 0.0000 0.0000 0.0000 0.0000 0.0000 0.0000 0.0000 0.0000 0.0000 0.0000 0.0000 0.0000 0.0000 0.0000 0.0000 0.0000 0.0000 0.0000 0.0000 0.0000 0.0000 0.0000 0.0000 0.0000 0.0000 0.0000 0.0000 0.0000 0.0000 0.0000 0.0000 0.0000 0.0000 0.0000 0.0000 0.0000 0.0000 0.0000 0.0000 0.0000 0.0000 0.0000 0.0000 0.0000 0.0000 0.0000 0.0000 0.0000 0.0000 0.0000 0.0000 0.0000 0.0000 0.0000 0.0000 0.0000 0.0000 0.0000 0.0000 0.0000 0.0000 0.0000 0.0000 0.0000 0.0000 0.0000 0.0000 0.0000 0.0000 0.0000 0.0000 0.0000 0.0000 0.0000 0.0000 0.0000 0.0000 0.0000 0.0000 0.0000 0.0000 0.0000 0.0000 0.0000 0.0000 0.0000 0.0000 0.0000 0.0000 0.0000 0.0000 0.0000 0.0000 0.0000 0.0000 0.0000 0.0000 0.0000 0.0000 0.0000 0.0000 0.0000 0.0000 0.0000 0.0000 0.0000 0.0000 0.0000 0.0000 0.0000 0.0000 0.0000 0.0000 0.0000 0.0000 0.0000 0.0000 0.0000 0.0000 0.0000 0.0000 0.0000 0.0000 0.0000 0.0000 0.0000 0.0000 0.0000 0.0000 0.0000 0.0000 0.0000 0.0000 0.0000 0.0000 0.0000 0.0000 0.0000 0.0000 0.0000 0.0000 0.0000 0.0000 0.0000 0.0000 0.0000 0.0000 0.0000 0.0000 0.0000 0.0000 0.0000 0.0000 0.0000 0.0000 0.0000 0.0000 0.0000 0.0000 0.0000 0.0000 0.0000 0.0000 0.0000 0.0000 0.0000 0.0000 0.0000 0.0000 0.0000 0.0000 0.0000 0.0000 0.0000 0.0000 0.0000 0.0000 0.0000 0.0000 0.0000 0.0000 0.0000 0.0000 0.0000 0.0000 0.0000 0.0000 0.0000 0.0000 0.0000 0.0000 0.0000 0.0000 0.0000 0.0000 0.0000 0.0000 0.0000 0.0000 0.0000 0.0000 0.0000 0.0000 0.0000 0.0000 0.0000 0.0000 0.0000 0.0000 0.0000 0.0000 0.0000 0.0000 0.0000 0.0000 0.0000 0.0000 0.0000 0.0000 0.0000 0.0000 0.0000 0.0000 0.0000 0.0000 0.0000 0.0000 0.0000 0.0000 0.0000 0.0000 0.0000 0.0000 0.0000 0.0000 0.0000 0.0000 0.0000 0.0000 0.0000 0.0000 0.0000 0.0000 0.0000 0.0000 0.0000 0.0000 0.0000 0.0000 0.0000 0.0000 0.0000 0.0000 0.0000 0.0000 0.0000 0.0000 0.0000 0.0000 0.0000 0.0000 0.0000 0.0000 0.0000 0.0000 0.0000 0.0000 0.0000 0.0000 0.0000 0.0000 0.0000 0.0000 0.0000 0.0000 0.0000 0.0000 0.0000 0.0000 0.0000 0.0000 0.0000 0.0000 0.0000 0.0000 0.0000 0.0000 0.0000 0.0000 0.0000 0.0000 0.0000 0.0000 0.0000 0.0000 0.0000 0.0000 0.0000 0.0000 0.0000 0.0000 0.0000 0.0000 0.0000 0.0000 0.0000 0.0000 0.0000 0.0000 0.0000 0.0000 0.0000 0.0000 0.0000 0.0000 0.0000 0.0000 0.0000 0.0000 0.0000 0.0000 0.0000 0.0000 0.0000 0.0000 0.0000 0.0000 0.0000 0.0000 0.0000 0.0000 0.0000 0.0000 0.0000 0.0000 0.0000 0.0000 0.0000 0.0000 0.0000 0.0000 0.0000 0.0000 0.0000 0.0000 0.0000 0.0000 0.0000 0.0000 0.0000 0.0000 0.0000 0.0000 0.0000 0.0000 0.0000 0.0000 0.0000 0.0000 0.0000 0.0000 0.0000 0.0000 0.0000 0.0000 0.0000 0.0000 0.0000 0.0000 0.0000 0.0000 0.0000 0.0000 0.0000 0.0000 0.0000 0.0000 0.0000 0.0000 0.0000 0.0000 0.0000 0.0000 0.0000 0.0000 0.0000 0.0000 0.0000 0.0000 0.0000 0.0000 0.0000 0.0000 0.0000 0.0000 0.0000 0.0000 0.0000 0.0000 0.0000 0.0000 0.0000 0.0000 0.0000 0.0000 0.0000 0.0000 0.0000 0.0000 0.0000 0.0000 0.0000 0.0000 0.0000 0.0000 0.0000 0.0000 0.0000 0.0000 0.0000 0.0000 0.0000 0.0000 0.0000 0.0000 0.0000 0.0000 0.0000 0.0000 0.0000 0.0000 0.0000 0.0000 0.0000 0.0000 0.0000 0.0000 0.0000 0.0000 0.0000 0.0000 0.0000 0.0000 0.0000 0.0000 0.0000 0.0000 0.0000 0.0000 0.0000 0.0000 0.0000 0.0000 0.0000 0.0000 0.0000 0.0000 0.0000 0.0000 0.0000 0.0000 0.0000 0.0000 0.0000 0.0000 0.0000 0.0000 0.0000 0.0000 0.0000 0.0000 0.0000 0.0000 0.0000 0.0000 0.0000 0.0000 0.0000 0.0000 0.0000 0.0000 0.0000 0.0000 0.0000 0.0000 0.0000 0.0000 0.0000 0.0000 0.0000 0.0000 0.0000 0.0000 0.0000 0.0000 0.0000 0.0000 0.0000 0.0000 0.0000 0.0000 0.0000 0.0000 0.0000 0.0000 0.0000 0.0000 0.0000 0.0000 0.0000 0.0000 0.0000 0.0000 0.0000 0.0000 0.0000 0.0000 0.0000 0.0000 0.0000 0.0000 0.0000 0.0000 0.0000 0.0000 0.0000 0.0000 0.0000 0.0000 0.0000 0.0000 0.0000 0.0000 0.0000 0.0000 0.0000 0.0000 0.0000 0.0000 0.0000 0.0000 0.0000 0.0000 0.0000 0.0000 0.0000 0.0000 0.0000 0.0000 0.0000 0.0000 0.0000 0.0000 0.0000 0.0000 0.0000 0.0000 0.0000 0.0000 0.0000 0.0000 0.0000 0.0000 0.0000 0.0000 0.0000 0.0000 0.0000 0.0000 0.0000 0.0000 0.0000 0.0000 0.0000 0.0000 0.0000 0.0000 0.0000 0.0000 0.0000 0.0000 0.0000 0.0000 0.0000 0.0000 0.0000 0.0000 0.0000 0.0000 0.0000 0.0000 0.0000 0.0000 0.0000 0.0000 0.0000 0.0000 0.0000 0.0000 0.0000 0.3000 0.3000 0.3000 0.7000 0.7000 0.7000 0.7000 0.7000 0.3000 0.7000 0.3000 0.3000 0.7000 0.3000 0.7000 0.7000 0.3000 0.3000 0.3000 0.3000 0.7000 0.7000 0.7000 0.7000 0.7000 0.3000 0.3000 0.3000 0.7000 0.7000 0.7000 0.3000 0.3000 0.7000 0.7000 0.7000 0.7000 0.3000 0.3000 0.7000 0.7000 0.7000 0.3000 0.7000 0.7000 0.7000 0.7000 0.7000 0.7000 0.7000 0.3000 0.3000 0.3000 0.7000 0.3000 0.7000 0.3000 0.3000 0.7000 0.3000 0.3000 0.3000 0.7000 0.3000 0.3000 0.3000 0.3000 0.7000 0.7000 0.3000 0.7000 0.7000 0.7000 0.3000 0.3000 0.3000 0.3000 0.3000 0.7000 0.7000 0.7000 0.7000 0.7000 0.3000 0.7000 0.7000 0.7000 0.3000 0.7000 0.7000 0.7000 0.3000 0.7000 0.3000 0.3000 0.7000 0.7000 0.7000 0.3000 0.7000 0.3000 0.7000 0.3000 0.3000 0.7000 0.7000 0.3000 0.7000 0.7000 0.7000 0.7000 0.3000 0.3000 0.3000 0.7000 0.7000 0.3000 0.3000 0.3000 0.7000 0.7000 0.3000 0.3000 0.3000 0.3000 0.3000 0.7000 0.3000 0.7000 0.3000 0.7000 0.7000 0.3000 0.3000 0.7000 0.7000 0.3000 0.7000 0.3000 0.7000 0.7000 0.7000 0.3000 0.3000 0.3000 0.7000 0.7000 0.3000 0.3000 0.7000 0.3000 0.7000 0.7000 0.3000 0.7000 0.3000 0.7000 0.3000 0.3000 0.7000 0.3000 0.7000 0.7000 0.3000 0.3000 0.3000 0.3000 0.7000 0.7000 0.3000 0.7000 0.7000 0.3000 0.7000 0.7000 0.3000 0.3000 0.7000 0.3000 0.7000 0.7000 0.3000 0.7000 0.7000 0.7000 0.3000 0.7000 0.7000 0.3000 0.7000 0.3000 0.7000 0.7000 0.3000 0.3000 0.7000 0.7000 0.7000 0.3000 0.3000 0.3000 0.7000 0.7000 0.3000 0.7000 0.7000 0.7000 0.3000 0.3000 0.3000 0.3000 0.7000 0.3000 0.7000 0.7000 0.7000 0.3000 0.3000 0.3000 0.3000 0.3000 0.7000 0.3000 0.7000 0.7000 0.7000 0.3000 0.3000 0.7000 0.3000 0.7000 0.3000 0.7000 0.7000 0.7000 0.7000 0.3000 0.7000 0.7000 0.7000 0.3000 0.7000 0.7000 0.7000 0.3000 0.3000 0.7000 0.3000 0.7000 0.3000 0.3000 0.7000 0.3000 0.3000 0.7000 0.7000 0.7000 0.3000 0.3000 0.3000 0.3000 0.7000 0.3000 0.3000 0.7000 0.3000 0.7000 0.7000 0.3000 0.7000 0.7000 0.7000 0.3000 0.3000 0.3000 0.3000 0.7000 0.3000 0.7000 0.7000 0.7000 0.7000 0.7000 0.3000 0.7000 0.3000 0.7000 0.7000 0.7000 0.7000 0.7000 0.7000 0.7000 0.3000 0.3000 0.3000 0.7000 0.3000 0.7000 0.7000 0.3000 0.7000 0.3000 0.7000 0.3000 0.7000 0.7000 0.7000 0.7000 0.7000 0.3000 0.3000 0.7000 0.3000 0.7000 0.3000 0.7000 0.7000 0.7000 0.7000 0.7000 0.3000 0.7000 0.7000 0.7000 0.3000 0.7000 0.3000 0.7000 0.7000 0.7000 0.7000 0.7000 0.7000 0.7000 0.3000 0.7000 0.7000 0.3000 0.3000 0.7000 0.7000 0.7000 0.7000 0.3000 0.7000 0.3000 0.7000 0.3000 0.3000 0.7000 0.7000 0.7000 0.7000 0.7000 0.3000 0.3000 0.3000 0.7000 0.3000 0.7000 0.3000 0.7000 0.7000 0.7000 0.3000 0.7000 0.7000 0.7000 0.3000 0.3000 0.3000 0.3000 0.7000 0.7000 0.3000 0.7000 0.7000 0.3000 0.3000 0.3000 0.7000 0.7000 0.3000 0.3000 0.3000 0.7000 0.7000 0.7000 0.7000 0.7000 0.7000 0.3000 0.7000 0.7000 0.7000 0.7000 0.7000 0.3000 0.7000 0.7000 0.7000 0.7000 0.7000 0.7000 0.3000 0.7000 0.3000 0.3000 0.3000 0.3000 0.3000 0.7000 0.3000 0.7000 0.3000 0.7000 0.3000 0.7000 0.7000 0.3000 0.7000 0.3000 0.3000 0.7000 0.3000 0.3000 0.7000 0.7000 0.3000 0.7000 0.3000 0.7000 0.7000 0.7000 0.3000 0.7000 0.7000 0.7000 0.7000 0.7000 0.3000 0.7000 0.7000 0.3000 0.7000 0.7000 0.3000 0.7000 0.7000 0.7000 0.7000 0.3000 0.3000 0.7000 0.7000 0.7000 0.7000 0.3000 0.7000 0.7000 0.7000 0.3000 0.3000 0.7000 0.7000 0.7000 0.7000 0.7000 0.7000 0.7000 0.7000 0.7000 0.7000 0.7000 0.7000 0.3000 0.3000 0.7000 0.7000 0.3000 0.7000 0.7000 0.7000 0.7000 0.7000 0.3000 0.3000 0.7000 0.7000 0.3000 0.3000 0.7000 0.3000 0.3000 0.7000 0.7000 0.3000 0.3000 0.3000 0.7000 0.3000 0.7000 0.3000 0.3000 0.7000 0.7000 0.3000 0.3000 0.7000 0.7000 0.7000 0.3000 0.7000 0.3000 0.7000 0.7000 0.3000 0.3000 0.3000 0.7000 0.7000 0.7000 0.3000 0.7000 0.3000 0.3000 0.7000 0.7000 0.7000 0.7000 0.7000 0.7000 0.7000 0.7000 0.7000 0.7000 0.7000 0.3000 0.3000 0.7000 0.3000 0.7000 0.3000 0.7000 0.3000 0.3000 0.7000 0.7000 0.7000 0.3000 0.3000 0.7000 0.7000 0.3000 0.7000 0.7000 0.7000 0.7000 0.7000 0.7000 0.7000 0.7000 0.7000 0.7000 0.7000 0.7000 0.7000 0.3000 0.7000 0.3000 0.7000 0.3000 0.7000 0.7000 0.7000 0.3000 0.7000 0.7000 0.7000 0.7000 0.3000 0.3000 0.7000 0.3000 0.3000 0.3000 0.3000 0.7000 0.3000 0.7000 0.7000 0.7000 0.3000 0.3000 0.7000 0.3000 0.3000 0.7000 0.3000 0.7000 0.3000 0.7000 0.7000 0.3000 0.3000 0.7000 0.7000 0.7000 0.3000 0.7000 0.7000 0.3000 0.7000 0.3000 0.3000 0.3000 0.7000 0.3000 0.3000 0.7000 0.7000 0.7000 0.3000 0.7000 0.7000 0.3000 0.3000 0.3000 0.3000 0.3000 0.7000 0.7000 0.7000 0.7000 0.7000 0.3000 0.7000 0.7000 0.3000 0.7000 0.3000 0.3000 0.3000 0.7000 0.3000 0.7000 0.7000 0.3000 0.7000 0.3000 0.7000 0.7000 0.3000 0.7000 0.3000 0.7000 0.3000 0.7000 0.7000 0.3000 0.7000 0.7000 0.3000 0.3000 0.7000 0.3000 0.7000 0.7000 0.7000 0.7000 0.7000 0.7000 0.7000 0.7000 0.7000 0.7000 0.3000 0.3000 0.7000 0.7000 0.3000 0.3000 0.7000 0.3000 0.7000 0.7000 0.3000 0.3000 0.7000 0.7000 0.3000 0.7000 0.7000 0.3000 0.3000 0.7000 0.3000 0.7000 0.7000 0.7000 0.7000 0.3000 0.7000 0.7000 0.7000 0.7000 0.7000 0.3000 0.7000 0.3000 0.3000 0.7000 0.7000 0.3000 0.7000 0.7000 0.7000 0.7000 0.3000 0.7000 0.7000 0.7000 0.7000 0.3000 0.3000 0.7000 0.3000 0.7000 0.3000 0.7000 0.7000 0.3000 0.7000 0.3000 0.3000 0.7000 0.7000 0.3000 0.7000 0.7000 0.7000 0.3000 0.7000 0.7000 0.7000 0.3000 0.3000 0.7000 0.7000 0.3000 0.7000 0.7000 0.7000 0.3000 0.3000 0.7000 0.7000 0.7000 0.7000 0.3000 0.7000 0.3000 0.7000 0.7000 0.3000 0.3000 0.7000 0.7000 0.3000 0.3000 0.7000 0.3000 0.7000 0.3000 0.3000 0.7000 0.3000 0.7000 0.7000 0.7000 0.7000 0.7000 0.3000 0.7000 0.3000 0.3000 0.7000 0.3000 0.7000 0.7000 0.7000 0.7000 0.7000 0.7000 0.3000 0.3000 0.3000 0.7000 0.7000 0.3000 0.3000 0.3000 0.7000 0.3000 0.7000 0.7000 0.7000 0.7000 0.3000 0.7000 0.7000 0.7000 0.3000 0.7000 0.3000 0.7000 0.3000 0.3000 0.7000 0.7000 0.7000 0.7000 0.3000 0.7000 0.3000 0.7000 0.7000 0.7000 0.3000 0.7000 0.3000 0.7000 0.3000 0.3000 0.7000 0.3000 0.7000 0.7000 0.7000 0.7000 0.7000 0.7000 0.3000 0.3000 0.7000 0.3000 0.3000 0.3000 0.3000 0.7000 0.3000 0.3000 0.7000 0.3000 0.3000 0.3000 0.7000 0.7000 0.7000 0.3000 0.3000 0.3000 0.7000 0.7000 0.7000 0.7000 0.7000 0.3000 0.7000 0.7000 0.7000 0.7000 0.7000 0.7000 0.3000 0.7000 0.3000 0.7000 0.3000 0.7000 0.7000 0.7000 0.3000 0.7000 0.3000 0.3000 0.3000 0.3000 0.7000 0.3000 0.7000 0.7000 0.7000 0.7000 0.7000 0.7000 0.7000 0.7000 0.3000 0.7000 0.7000 0.3000 0.7000 0.3000 0.7000 0.7000 0.3000 0.3000 0.3000 0.7000 0.3000 0.3000 0.7000 0.7000 0.3000 0.3000 0.3000 0.7000 0.7000 0.3000 0.3000 0.7000 0.3000 0.7000 0.7000 0.7000 0.7000 0.7000 0.7000 0.7000 0.7000 0.3000 0.7000 0.3000 0.7000 0.3000 0.7000 0.7000 0.7000 0.7000 0.3000 0.7000 0.3000 0.3000 0.3000 0.7000 0.7000 0.7000 0.7000 0.7000 0.7000 0.3000 0.3000 0.3000 0.3000 0.3000 0.7000 0.3000 0.3000 0.7000 0.7000 0.7000 0.7000 0.7000 0.7000 0.3000 0.7000 0.7000 0.3000 0.7000 0.3000 0.3000 0.7000 0.7000 0.7000 0.3000 0.7000 0.3000 0.7000 0.3000 0.7000 0.3000 0.3000 0.7000 0.7000 0.7000 0.7000 0.3000 0.7000 0.3000 0.3000 0.7000 0.3000 0.7000 0.7000 0.3000 0.3000 0.7000 0.3000 0.7000 0.7000 0.7000 0.3000 0.7000 0.3000 0.7000 0.3000 0.3000 0.3000 0.3000 0.3000 0.7000 0.7000 0.7000 0.7000 0.3000 0.3000 0.3000 0.7000 0.7000 0.7000 0.7000 0.3000 0.3000 0.7000 0.3000 0.3000 0.7000 0.3000 0.3000 0.3000 0.7000 0.3000 0.7000 0.7000 0.7000 0.3000 0.3000 0.3000 0.7000 0.3000 0.3000 0.7000 0.7000 0.7000 0.3000 0.7000 0.3000 0.7000 0.3000 0.3000 0.3000 0.3000 0.7000 0.7000 0.3000 0.7000 0.3000 0.3000 0.3000 0.7000 0.7000 0.3000 0.3000 0.7000 0.7000 0.3000 0.7000 0.7000 0.7000 0.7000 0.3000 0.3000 0.3000 0.3000 0.7000 0.7000 0.3000 0.7000 0.7000 0.7000 0.3000 0.7000 0.7000 0.3000 0.7000 0.7000 0.7000 0.7000 0.7000 0.3000 0.7000 0.7000 0.7000 0.3000 0.3000 0.7000 0.7000 0.7000 0.3000 0.3000 0.7000 0.7000 0.7000 0.7000 0.7000 0.3000 0.7000 0.7000 0.7000 0.3000 0.3000 0.3000 0.3000 0.3000 0.7000 0.7000 0.7000 0.3000 0.7000 0.7000 0.3000 0.7000 0.7000 0.7000 0.3000 0.7000 0.3000 0.7000 0.7000 0.7000 0.7000 0.7000 0.7000 0.7000 0.7000 0.7000 0.7000 0.3000 0.7000 0.7000 0.7000 0.3000 0.3000 0.3000 0.7000 0.7000 0.7000 0.3000 0.7000 0.7000 0.7000 0.3000 0.7000 0.3000 0.7000 0.7000 0.7000 0.7000 0.7000 0.3000 0.3000 0.3000 0.7000 0.3000 0.3000 0.7000 0.3000 0.7000 0.3000 0.3000 0.3000 0.7000 0.7000 0.3000 0.7000 0.7000 0.3000 0.7000 0.7000 0.3000 0.3000 0.3000 0.7000 0.7000 0.7000 0.3000 0.7000 0.7000 0.3000 0.3000 0.7000 0.7000 0.3000 0.3000 0.7000 0.3000 0.7000 0.3000 0.7000 0.3000 0.7000 0.3000 0.3000 0.7000 0.7000 0.7000 0.7000 0.7000 0.7000 0.3000 0.7000 0.3000 0.3000 0.7000 0.7000 0.7000 0.3000 0.7000 0.3000 0.7000 0.3000 0.3000 0.3000 0.3000 0.3000 0.7000 0.3000 0.7000 0.3000 0.7000 0.7000 0.7000 0.7000 0.3000 0.7000 0.3000 0.7000 0.3000 0.3000 0.7000 0.7000 0.7000 0.7000 0.7000 0.3000 0.3000 0.7000 0.3000 0.3000 0.7000 0.3000 0.7000 0.7000 0.3000 0.7000 0.7000 0.7000 0.3000 0.7000 0.7000 0.7000 0.7000 0.3000 0.7000 0.7000 0.7000 0.7000 0.7000 0.7000 0.7000 0.7000 0.7000 0.7000 0.7000 0.7000 0.7000 0.7000 0.3000 0.3000 0.7000 0.7000 0.3000 0.7000 0.7000 0.7000 0.3000 0.3000 0.3000 0.3000 0.3000 0.7000 0.7000 0.7000 0.3000 0.7000 0.7000 0.7000 0.3000 0.7000 0.7000 0.3000 0.7000 0.3000 0.7000 0.3000 0.3000 0.7000 0.7000 0.3000 0.7000 0.7000 0.7000 0.3000 0.7000 0.7000 0.3000 0.3000 0.7000 0.7000 0.3000 0.3000 0.7000 0.7000 0.3000 0.3000 0.7000 0.3000 0.3000 0.7000 0.7000 0.3000 0.7000 0.7000 0.7000 0.7000 0.3000 0.3000 0.3000 0.7000 0.3000 0.7000 0.3000 0.7000 0.3000 0.3000 0.7000 0.7000 0.3000 0.7000 0.3000 0.7000 0.3000 0.7000 0.7000 0.7000 0.7000 0.7000 0.7000 0.7000 0.7000 0.3000 0.7000 0.7000 0.3000 0.7000 0.3000 0.3000 0.3000 0.3000 0.7000 0.3000 0.3000 0.7000 0.7000 0.7000 0.7000 0.7000 0.3000 0.3000 0.7000 0.7000 0.7000 0.7000 0.3000 0.3000 0.7000 0.7000 0.7000 0.7000 0.7000 0.7000 0.7000 0.3000 0.7000 0.7000 0.7000 0.7000 0.3000 0.7000 0.3000 0.7000 0.7000 0.3000 0.7000 0.3000 0.7000 0.3000 0.7000 0.7000 0.7000 0.3000 0.3000 0.3000 0.7000 0.7000 0.3000 0.7000 0.7000 0.3000 0.3000 0.7000 0.7000 0.3000 0.7000 0.7000 0.7000 0.3000 0.3000 0.3000 0.3000 0.7000 0.7000 0.7000 0.3000 0.7000 0.3000 0.3000 0.3000 0.7000 0.7000 0.7000 0.7000 0.7000 0.7000 0.3000 0.7000 0.3000 0.7000 0.7000 0.3000 0.7000 0.7000 0.7000 0.3000 0.7000 0.7000 0.3000 0.3000 0.7000 0.7000 0.7000 0.3000 0.7000 0.3000 0.7000 0.7000 0.3000 0.7000 0.7000 0.3000 0.7000 0.7000 0.3000 0.3000 0.3000 0.7000 0.3000 0.3000 0.3000 0.7000 0.7000 0.7000 0.3000 0.7000 0.7000 0.7000 0.7000 0.7000 0.7000 0.3000 0.3000 0.7000 0.3000 0.7000 0.3000 0.3000 0.7000 0.7000 0.7000 0.7000 0.3000 0.7000 0.3000 0.3000 0.3000 0.7000 0.7000 0.3000 0.7000 0.7000 0.7000 0.7000 0.7000 0.7000 0.7000 0.7000 0.3000 0.3000 0.7000 0.7000 0.7000 0.3000 0.7000 0.3000 0.3000 0.7000 0.3000 0.3000 0.7000 0.7000 0.7000 0.7000 0.3000 0.7000 0.3000 0.3000 0.3000 0.3000 0.3000 0.7000 0.7000 0.3000 0.3000 0.7000 0.3000 0.3000 0.3000 0.7000 0.7000 0.7000 0.7000 0.3000 0.7000 0.3000 0.7000 0.3000 0.7000 0.7000 0.7000 0.7000 0.3000 0.7000 0.7000 0.7000 0.7000 0.3000 0.3000 0.3000 0.7000 0.3000 0.7000 0.7000 0.7000 0.7000 0.7000 0.3000 0.7000 0.7000 0.7000 0.7000 0.3000 0.7000 0.7000 0.7000 0.3000 0.7000 0.7000 0.7000 0.7000 0.7000 0.7000 0.7000 0.3000 0.7000 0.7000 0.7000 0.7000 0.3000 0.7000 0.7000 0.7000 0.7000 0.7000 0.3000 0.3000 0.3000 0.7000 0.7000 0.3000 0.7000 0.7000 0.3000 0.7000 0.7000 0.7000 0.7000 0.7000 0.7000 0.7000 0.3000 0.7000 0.7000 0.3000 0.7000 0.3000 0.3000 0.7000 0.3000 0.7000 0.7000 0.7000 0.7000 0.7000 0.7000 0.7000 0.3000 0.7000 0.7000 0.7000 0.7000 0.7000 0.3000 0.3000 0.7000 0.3000 0.3000 0.7000 0.3000 0.3000 0.7000 0.3000 0.3000 0.7000 0.3000 0.3000 0.7000 0.3000 0.3000 0.3000 0.3000 0.3000 0.7000 0.7000 0.7000 0.7000 0.7000 0.7000 0.7000 0.7000 0.3000 0.7000 0.3000 0.7000 0.3000 0.3000 0.7000 0.7000 0.7000 0.7000 0.3000 0.7000 0.3000 0.7000 0.7000 0.3000 0.7000 0.7000 0.7000 0.3000 0.3000 0.7000 0.3000 0.7000 0.7000 0.7000 0.3000 0.3000 0.7000 0.3000 0.7000 0.3000 0.7000 0.7000 0.3000 0.7000 0.7000 0.3000 0.7000 0.7000 0.7000 0.3000 0.7000 0.7000 0.3000 0.3000 0.7000 0.3000 0.3000 0.7000 0.3000 0.7000 0.3000 0.7000 0.7000 0.7000 0.7000 0.7000 0.7000 0.7000 0.7000 0.7000 0.7000 0.3000 0.7000 0.3000 0.7000 0.3000 0.3000 0.3000 0.7000 0.7000 0.3000 0.3000 0.7000 0.7000 0.7000 0.7000 0.7000 0.3000 0.7000 0.3000 0.3000 0.7000 0.3000 0.7000 0.7000 0.3000 0.7000 0.7000 0.7000 0.7000 0.7000 0.7000 0.3000 0.7000 0.7000 0.3000 0.7000 0.3000 0.3000 0.7000 0.7000 0.7000 0.7000 0.3000 0.7000 0.3000 0.7000 0.3000 0.3000 0.3000 0.3000 0.7000 0.3000 0.7000 0.3000 0.3000 0.3000 0.7000 0.7000 0.3000 0.7000 0.7000 0.3000 0.7000 0.7000 0.7000 0.3000 0.7000 0.3000 0.3000 0.7000 0.3000 0.3000 0.3000 0.3000 0.3000 0.3000 0.3000 0.7000 0.3000 0.3000 0.7000 0.3000 0.7000 0.7000 0.3000 0.7000 0.3000 0.3000 0.7000 0.7000 0.7000 0.3000 0.7000 0.7000 0.7000 0.7000 0.7000 0.3000 0.3000 0.3000 0.7000 0.7000 0.7000 0.7000 0.7000 0.3000 0.7000 0.7000 0.7000 0.7000 0.7000 0.7000 0.3000 0.7000 0.7000 0.3000 0.3000 0.7000 0.7000 0.7000 0.7000 0.7000 0.7000 0.3000 0.7000 0.7000 0.3000 0.3000 0.7000 0.3000 0.3000 0.3000 0.3000 0.7000 0.7000 0.7000 0.7000 0.7000 0.7000 0.7000 0.7000 0.3000 0.7000 0.7000 0.3000 0.3000 0.3000 0.7000 0.3000 0.7000 0.7000 0.3000 0.7000 0.7000 0.7000 0.3000 0.7000 0.7000 0.3000 0.7000 0.3000 0.3000 0.7000 0.3000 0.3000 0.3000 0.7000 0.3000 0.7000 0.3000 0.7000 0.3000 0.7000 0.7000 0.7000 0.7000 0.7000 0.7000 0.7000 0.3000 0.3000 0.7000 0.7000 0.3000 0.7000 0.3000 0.7000 0.3000 0.3000 0.7000 0.7000 0.3000 0.7000 0.7000 0.3000 0.7000 0.7000 0.3000 0.7000 0.3000 0.7000 0.3000 0.3000 0.3000 0.7000 0.3000 0.3000 0.7000 0.7000 0.3000 0.7000 0.7000 0.7000 0.7000 0.7000 0.3000 0.3000 0.7000 0.3000 0.3000 0.7000 0.3000 0.3000 0.7000 0.7000 0.7000 0.7000 0.7000 0.3000 0.7000 0.7000 0.3000 0.3000 0.3000 0.7000 0.7000 0.3000 0.7000 0.7000 0.3000 0.3000 0.7000 0.7000 0.3000 0.7000 0.7000 0.3000 0.3000 0.3000 0.7000 0.7000 0.7000 0.3000 0.7000 0.7000 0.3000 0.7000 0.7000 0.3000 0.3000 0.3000 0.3000 0.7000 0.7000 0.7000 0.3000 0.7000 0.3000 0.7000 0.3000 0.7000 0.3000 0.7000 0.7000 0.7000 0.7000 0.7000 0.7000 0.3000 0.7000 0.3000 0.7000 0.7000 0.7000 0.7000 0.7000 0.7000 0.7000 0.7000 0.7000 0.3000 0.7000 0.3000 0.3000 0.3000 0.3000 0.3000 0.3000 0.3000 0.7000 0.3000 0.7000 0.7000 0.3000 0.7000 0.7000 0.3000 0.7000 0.7000 0.3000 0.3000 0.7000 0.3000 0.3000 0.7000 0.7000 0.7000 0.7000 0.7000 0.3000 0.3000 0.7000 0.7000 0.7000 0.3000 0.7000 0.7000 0.7000 0.7000 0.7000 0.3000 0.7000 0.7000 0.3000 0.3000 0.7000 0.3000 0.7000 0.7000 0.3000 0.7000 0.7000 0.3000 0.7000 0.3000 0.7000 0.7000 0.3000 0.7000 0.3000 0.7000 0.7000 0.7000 0.3000 0.7000 0.7000 0.7000 0.3000 0.3000 0.7000 0.3000 0.7000 0.7000 0.7000 0.7000 0.3000 0.3000 0.7000 0.3000 0.7000 0.3000 0.7000 0.3000 0.3000 0.7000 0.7000 0.3000 0.7000 0.3000 0.7000 0.7000 0.7000 0.3000 0.3000 0.7000 0.7000 0.7000 0.7000 0.7000 0.7000 0.3000 0.7000 0.3000 0.3000 0.7000 0.7000 0.3000 0.3000 0.7000 0.7000 0.7000 0.3000 0.7000 0.7000 0.3000 0.7000 0.7000 0.3000 0.7000 0.7000 0.3000 0.3000 0.7000 0.3000 0.7000 0.3000 0.7000 0.7000 0.7000 0.7000 0.7000 0.3000 0.7000 0.7000 0.3000 0.3000 0.3000 0.3000 0.7000 0.7000 0.7000 0.3000 0.7000 0.3000 0.7000 0.7000 0.3000 0.7000 0.7000 0.7000 0.7000 0.7000 0.7000 0.7000 0.3000 0.7000 0.3000 0.3000 0.3000 0.7000 0.7000 0.3000 0.3000 0.7000 0.7000 0.7000 0.7000 0.7000 0.7000 0.3000 0.7000 0.7000 0.7000 0.3000 0.7000 0.7000 0.7000 0.7000 0.7000 0.3000 0.7000 0.7000 0.3000 0.7000 0.3000 0.7000 0.7000 0.7000 0.7000 0.3000 0.3000 0.3000 0.7000 0.7000 0.7000 0.7000 0.3000 0.7000 0.3000 0.7000 0.3000 0.7000 0.7000 0.3000 0.7000 0.7000 0.3000 0.3000 0.7000 0.7000 0.7000 0.7000 0.3000 0.7000 0.3000 0.7000 0.3000 0.3000 0.7000 0.7000 0.3000 0.3000 0.3000 0.3000 0.7000 0.3000 0.7000 0.7000 0.7000 0.7000 0.3000 0.3000 0.7000 0.3000 0.7000 0.7000 0.7000 0.7000 0.3000 0.3000 0.3000 0.7000 0.3000 0.7000 0.3000 0.3000 0.3000 0.3000 0.7000 0.7000 0.7000 0.3000 0.7000 0.3000 0.7000 0.7000 0.7000 0.3000 0.7000 0.7000 0.3000 0.3000 0.7000 0.7000 0.7000 0.7000 0.7000 0.3000 0.7000 0.7000 0.7000 0.7000 0.3000 0.3000 0.3000 0.7000 0.7000 0.7000 0.7000 0.7000 0.7000 0.3000 0.7000 0.7000 0.7000 0.7000 0.3000 0.7000 0.7000 0.7000 0.3000 0.3000 0.3000 0.3000 0.3000 0.7000 0.7000 0.3000 0.7000 0.7000 0.7000 0.7000 0.3000 0.7000 0.3000 0.3000 0.3000 0.7000 0.3000 0.7000 0.7000 0.7000 0.3000 0.7000 0.7000 0.3000 0.3000 0.3000 0.7000 0.7000 0.7000 0.3000 0.7000 0.7000 0.7000 0.7000 0.7000 0.3000 0.7000 0.7000 0.3000 0.3000 0.7000 0.3000 0.7000 0.3000 0.7000 0.7000 0.7000 0.7000 0.7000 0.7000 0.7000 0.3000 0.7000 0.3000 0.3000 0.7000 0.7000 0.7000 0.7000 0.3000 0.7000 0.3000 0.7000 0.7000 0.7000 0.7000 0.3000 0.3000 0.7000 0.3000 0.3000 0.7000 0.7000 0.7000 0.7000 0.7000 0.7000 0.7000 0.7000 0.7000 0.3000 0.3000 0.7000 0.7000 0.3000 0.7000 0.7000 0.3000 0.7000 0.7000 0.7000 0.7000 0.7000 0.3000 0.7000 0.3000 0.3000 0.3000 0.3000 0.7000 0.3000 0.3000 0.3000 0.7000 0.3000 0.3000 0.3000 0.3000 0.7000 0.3000 0.3000 0.3000 0.7000 0.3000 0.3000 0.7000 0.7000 0.7000 0.3000 0.7000 0.7000 0.7000 0.3000 0.3000 0.7000 0.3000 0.7000 0.7000 0.3000 0.3000 0.7000 0.3000 0.7000 0.3000 0.7000 0.7000 0.7000 0.3000 0.7000 0.7000 0.7000 0.7000 0.7000 0.7000 0.7000 0.3000 0.3000 0.3000 0.7000 0.7000 0.7000 0.7000 0.3000 0.3000 0.7000 0.7000 0.7000 0.7000 0.7000 0.3000 0.7000 0.3000 0.3000 0.7000 0.3000 0.7000 0.3000 0.7000 0.7000 0.7000 0.7000 0.7000 0.3000 0.3000 0.7000 0.3000 0.7000 0.7000 0.3000 0.3000 0.3000 0.7000 0.7000 0.3000 0.3000 0.7000 0.7000 0.7000 0.3000 0.3000 0.7000 0.7000 0.3000 0.7000 0.3000 0.7000 0.3000 0.3000 0.3000 0.7000 0.7000 0.7000 0.7000 0.3000 0.3000 0.7000 0.7000 0.7000 0.3000 0.3000 0.3000 0.7000 0.3000 0.3000 0.3000 0.7000 0.7000 0.7000 0.7000 0.3000 0.3000 0.3000 0.7000 0.3000 0.7000 0.3000 0.7000 0.7000 0.7000 0.3000 0.7000 0.7000 0.3000 0.3000 0.7000 0.7000 0.7000 0.7000 0.3000 0.3000 0.3000 0.3000 0.7000 0.7000 0.7000 0.7000 0.7000 0.3000 0.3000 0.3000 0.7000 0.7000 0.7000 0.3000 0.3000 0.7000 0.3000 0.7000 0.7000 0.7000 0.7000 0.7000 0.7000 0.7000 0.3000 0.7000 0.3000 0.3000 0.7000 0.7000 0.7000 0.7000 0.7000 0.3000 0.7000 0.7000 0.7000 0.3000 0.3000 0.3000 0.3000 0.3000 0.7000 0.3000 0.7000 0.3000 0.7000 0.3000 0.3000 0.7000 0.7000 0.7000 0.7000 0.7000 0.7000 0.7000 0.7000 0.7000 0.7000 0.7000 0.3000 0.7000 0.7000 0.7000 0.3000 0.3000 0.3000 0.3000 0.7000 0.3000 0.3000 0.7000 0.3000 0.3000 0.7000 0.3000 0.3000 0.3000 0.7000 0.7000 0.3000 0.7000 0.7000 0.7000 0.7000 0.7000 0.7000 0.3000 0.7000 0.7000 0.7000 0.3000 0.7000 0.3000 0.3000 0.3000 0.7000 0.7000 0.7000 0.7000 0.3000 0.7000 0.3000 0.3000 0.7000 0.3000 0.3000 0.7000 0.3000 0.7000 0.3000 0.3000 0.3000 0.3000 0.7000 0.7000 0.7000 0.7000 0.3000 0.7000 0.7000 0.3000 0.3000 0.7000 0.7000 0.7000 0.7000 0.3000 0.7000 0.7000 0.7000 0.3000 0.7000 0.3000 0.7000 0.3000 0.7000 0.7000 0.7000 0.3000 0.3000 0.7000 0.7000 0.7000 0.7000 0.7000 0.3000 0.3000 0.7000 0.3000 0.7000 0.7000 0.3000 0.7000 0.7000 0.3000 0.3000 0.3000 0.7000 0.7000 0.7000 0.7000 0.3000 0.7000 0.3000 0.7000 0.3000 0.3000 0.3000 0.7000 0.7000 0.7000 0.7000 0.3000 0.7000 0.7000 0.3000 0.3000 0.7000 0.3000 0.3000 0.7000 0.7000 0.7000 0.3000 0.3000 0.7000 0.7000 0.7000 0.3000 0.7000 0.3000 0.3000 0.3000 0.3000 0.7000 0.3000 0.7000 0.3000 0.3000 0.7000 0.7000 0.3000 0.3000 0.3000 0.7000 0.7000 0.3000 0.7000 0.3000 0.3000 0.3000 0.7000 0.3000 0.7000 0.3000 0.3000 0.3000 0.3000 0.7000 0.7000 0.7000 0.7000 0.3000 0.7000 0.7000 0.3000 0.3000 0.7000 0.7000 0.7000 0.3000 0.3000 0.3000 0.3000 0.3000 0.7000 0.7000 0.7000 0.7000 0.7000 0.3000 0.7000 0.7000 0.7000 0.7000 0.7000 0.7000 0.7000 0.3000 0.7000 0.3000 0.7000 0.3000 0.3000 0.7000 0.7000 0.3000 0.7000 0.3000 0.3000 0.3000 0.7000 0.7000 0.7000 0.7000 0.3000 0.7000 0.7000 0.7000 0.3000 0.7000 0.7000 0.3000 0.3000 0.7000 0.7000 0.3000 0.7000 0.3000 0.3000 0.7000 0.7000 0.3000 0.3000 0.7000 0.7000 0.7000 0.7000 0.7000 0.7000 0.7000 0.7000 0.3000 0.3000 0.3000 0.7000 0.3000 0.3000 0.3000 0.7000 0.3000 0.3000 0.7000 0.3000 0.3000 0.3000 0.7000 0.3000 0.7000 0.3000 0.3000 0.7000 0.3000 0.7000 0.3000 0.7000 0.3000 0.3000 0.7000 0.3000 0.7000 0.7000 0.7000 0.7000 0.7000 0.7000 0.7000 0.3000 0.3000 0.7000 0.3000 0.7000 0.3000 0.7000 0.7000 0.7000 0.3000 0.7000 0.7000 0.7000 0.7000 0.3000 0.7000 0.7000 0.7000 0.3000 0.7000 0.7000 0.3000 0.7000 0.7000 0.3000 0.7000 0.3000 0.7000 0.7000 0.7000 0.7000 0.3000 0.3000 0.7000 0.3000 0.3000 0.7000 0.7000 0.7000 0.7000 0.7000 0.3000 0.7000 0.7000 0.7000 0.3000 0.7000 0.3000 0.7000 0.7000 0.7000 0.3000 0.3000 0.3000 0.7000 0.7000 0.3000 0.7000 0.7000 0.3000 0.7000 0.7000 0.3000 0.3000 0.7000 0.7000 0.7000 0.3000 0.7000 0.7000 0.3000 0.7000 0.3000 0.3000 0.7000 0.3000 0.7000 0.3000 0.7000 0.7000 0.7000 0.7000 0.7000 0.7000 0.7000 0.3000 0.7000 0.7000 0.7000 0.3000 0.3000 0.3000 0.3000 0.7000 0.7000 0.3000 0.7000 0.7000 0.7000 0.3000 0.7000 0.3000 0.3000 0.3000 0.7000 0.7000 0.3000 0.3000 0.3000 0.3000 0.7000 0.7000 0.3000 0.7000 0.3000 0.7000 0.7000 0.7000 0.7000 0.7000 0.7000 0.7000 0.7000 0.3000 0.3000 0.7000 0.7000 0.7000 0.7000 0.7000 0.7000 0.7000 0.7000 0.3000 0.3000 0.7000 0.7000 0.7000 0.7000 0.3000 0.3000 0.3000 0.3000 0.3000 0.7000 0.7000 0.3000 0.7000 0.3000 0.7000 0.3000 0.3000 0.7000 0.3000 0.7000 0.3000 0.7000 0.7000 0.3000 0.7000 0.7000 0.3000 0.3000 0.7000 0.3000 0.7000 0.3000 0.7000 0.3000 0.7000 0.7000 0.7000 0.3000 0.3000 0.7000 0.7000 0.3000 0.7000 0.7000 0.3000 0.7000 0.7000 0.3000 0.7000 0.7000 0.3000 0.3000 0.3000 0.3000 0.3000 0.7000 0.3000 0.3000 0.7000 0.7000 0.7000 0.7000 0.3000 0.7000 0.7000 0.7000 0.3000 0.7000 0.7000 0.3000 0.3000 0.7000 0.7000 0.3000 0.7000 0.3000 0.7000 0.7000 0.7000 0.7000 0.7000 0.3000 0.7000 0.7000 0.7000 0.3000 0.7000 0.3000 0.3000 0.7000 0.7000 0.3000 0.7000 0.7000 0.3000 0.7000 0.7000 0.7000 0.3000 0.3000 0.7000 0.7000 0.7000 0.7000 0.7000 0.7000 0.7000 0.3000 0.3000 0.3000 0.3000 0.7000 0.7000 0.7000 0.3000 0.7000 0.7000 0.7000 0.7000 0.7000 0.3000 0.7000 0.7000 0.3000 0.3000 0.3000 0.7000 0.3000 0.7000 0.3000 0.3000 0.7000 0.3000 0.3000 0.3000 0.3000 0.3000 0.7000 0.7000 0.3000 0.7000 0.7000 0.7000 0.7000 0.7000 0.3000 0.3000 0.7000 0.7000 0.7000 0.3000 0.7000 0.7000 0.7000 0.3000 0.7000 0.3000 0.7000 0.3000 0.7000 0.3000 0.7000 0.3000 0.3000 0.7000 0.3000 0.7000 0.7000 0.7000 0.3000 0.7000 0.7000 0.7000 0.7000 0.3000 0.3000 0.7000 0.3000 0.7000 0.3000 0.3000 0.3000 0.3000 0.3000 0.7000 0.3000 0.7000 0.7000 0.3000 0.7000 0.7000 0.7000 0.7000 0.3000 0.3000 0.7000 0.3000 0.3000 0.7000 0.3000 0.3000 0.3000 0.7000 0.7000 0.3000 0.3000 0.7000 0.3000 0.7000 0.7000 0.7000 0.7000 0.3000 0.3000 0.3000 0.7000 0.3000 0.7000 0.7000 0.3000 0.3000 0.7000 0.7000 0.7000 0.7000 0.7000 0.7000 0.3000 0.3000 0.7000 0.7000 0.7000 0.3000 0.3000 0.7000 0.7000 0.7000 0.7000 0.3000 0.7000 0.7000 0.3000 0.3000 0.7000 0.3000 0.7000 0.7000 0.3000 0.7000 0.7000 0.7000 0.7000 0.7000 0.3000 0.7000 0.7000 0.3000 0.7000 0.7000 0.7000 0.7000 0.3000 0.3000 0.7000 0.3000 0.7000 0.7000 0.3000 0.3000 0.7000 0.7000 0.7000 0.7000 0.7000 0.7000 0.7000 0.7000 0.7000 0.7000 0.7000 0.7000 0.7000 0.3000 0.7000 0.3000 0.3000 0.7000 0.7000 0.3000 0.7000 0.7000 0.3000 0.3000 0.3000 0.7000 0.7000 0.7000 0.3000 0.3000 0.3000 0.3000 0.3000 0.7000 0.3000 0.7000 0.3000 0.7000 0.7000 0.7000 0.3000 0.3000 0.7000 0.7000 0.3000 0.7000 0.7000 0.3000 0.3000 0.3000 0.7000 0.3000 0.3000 0.3000 0.7000 0.7000 0.3000 0.3000 0.7000 0.3000 0.3000 0.7000 0.7000 0.3000 0.7000 0.7000 0.7000 0.7000 0.3000 0.3000 0.7000 0.7000 0.7000 0.7000 0.7000 0.3000 0.7000 0.7000 0.7000 0.7000 0.7000 0.3000 0.3000 0.3000 0.7000 0.3000 0.7000 0.3000 0.3000 0.7000 0.7000 0.3000 0.3000 0.7000 0.7000 0.7000 0.7000 0.7000 0.7000 0.7000 0.7000 0.3000 0.3000 0.7000 0.3000 0.3000 0.7000 0.3000 0.7000 0.7000 0.7000 0.7000 0.7000 0.7000 0.7000 0.7000 0.7000 0.7000 0.3000 0.7000 0.3000 0.3000 0.7000 0.3000 0.7000 0.7000 0.3000 0.7000 0.3000 0.7000 0.3000 0.7000 0.3000 0.7000 0.7000 0.7000 0.3000 0.7000 0.7000 0.7000 0.7000 0.7000 0.7000 0.7000 0.3000 0.7000 0.3000 0.7000 0.3000 0.7000 0.7000 0.3000 0.7000 0.3000 0.3000 0.3000 0.3000 0.7000 0.7000 0.3000 0.7000 0.7000 0.7000 0.3000 0.7000 0.3000 0.7000 0.7000 0.7000 0.7000 0.7000 0.7000 0.7000 0.7000 0.3000 0.7000 0.7000 0.3000 0.3000 0.7000 0.7000 0.7000 0.7000 0.7000 0.7000 0.3000 0.7000 0.7000 0.3000 0.3000 0.7000 0.7000 0.7000 0.3000 0.3000 0.3000 0.7000 0.7000 0.3000 0.3000 0.7000 0.7000 0.7000 0.3000 0.7000 0.7000 0.3000 0.7000 0.3000 0.3000 0.7000 0.3000 0.7000 0.7000 0.7000 0.7000 0.3000 0.7000 0.7000 0.3000 0.3000 0.3000 0.7000 0.7000 0.7000 0.7000 0.7000 0.7000 0.7000 0.3000 0.7000 0.3000 0.3000 0.3000 0.7000 0.7000 0.7000 0.7000 0.3000 0.7000 0.7000 0.7000 0.7000 0.3000 0.3000 0.3000 0.7000 0.3000 0.7000 0.3000 0.7000 0.3000 0.7000 0.3000 0.7000 0.7000 0.7000 0.7000 0.7000 0.3000 0.3000 0.7000 0.7000 0.7000 0.7000 0.3000 0.7000 0.7000 0.7000 0.7000 0.7000 0.3000 0.7000 0.3000 0.7000 0.3000 0.7000 0.7000 0.3000 0.3000 0.7000 0.3000 0.7000 0.7000 0.7000 0.7000 0.7000 0.7000 0.7000 0.7000 0.3000 0.7000 0.7000 0.7000 0.3000 0.7000 0.7000 0.7000 0.7000 0.3000 0.7000 0.7000 0.7000 0.7000 0.7000 0.3000 0.7000 0.7000 0.7000 0.3000 0.7000 0.3000 0.7000 0.7000 0.7000 0.3000 0.7000 0.3000 0.7000 0.3000 0.7000 0.7000 0.7000 0.3000 0.7000 0.7000 0.7000 0.7000 0.7000 0.7000 0.7000 0.7000 0.3000 0.3000 0.3000 0.3000 0.7000 0.7000 0.3000 0.3000 0.7000 0.7000 0.7000 0.3000 0.3000 0.3000 0.7000 0.7000 0.7000 0.7000 0.7000 0.3000 0.7000 0.3000 0.7000 0.7000 0.7000 0.3000 0.7000 0.7000 0.7000 0.7000 0.3000 0.7000 0.3000 0.7000 0.7000 0.7000 0.7000 0.7000 0.3000 0.3000 0.7000 0.7000 0.7000 0.3000 0.7000 0.7000 0.3000 0.7000 0.3000 0.3000 0.7000 0.3000 0.3000 0.3000 0.3000 0.3000 0.7000 0.3000 0.7000 0.3000 0.3000 0.7000 0.7000 0.3000 0.3000 0.3000 0.7000 0.7000 0.7000 0.7000 0.7000 0.3000 0.3000 0.7000 0.7000 0.7000 0.7000 0.7000 0.7000 0.7000 0.3000 0.3000 0.7000 0.7000 0.7000 0.3000 0.7000 0.3000 0.7000 0.7000 0.7000 0.7000 0.3000 0.7000 0.7000 0.3000 0.7000 0.3000 0.7000 0.7000 0.7000 0.3000 0.7000 0.7000 0.0000 0.0000 0.0000 0.0000 0.0000 0.0000 0.0000 0.0000 0.0000 0.0000 0.0000 0.0000 0.0000 0.0000 0.0000 0.0000 0.0000 0.0000 0.0000 0.0000 0.0000 0.0000 0.0000 0.0000 0.0000 0.0000 0.0000 0.0000 0.0000 0.0000 0.0000 0.0000 0.0000 0.0000 0.0000 0.0000 0.0000 0.0000 0.0000 0.0000 0.0000 0.0000 0.0000 0.0000 0.0000 0.0000 0.0000 0.0000 0.0000 0.0000 0.0000 0.0000 0.0000 0.0000 0.0000 0.0000 0.0000 0.0000 0.0000 0.0000 0.0000 0.0000 0.0000 0.0000 0.0000 0.0000 0.0000 0.0000 0.0000 0.0000 0.0000 0.0000 0.0000 0.0000 0.0000 0.0000 0.0000 0.0000 0.0000 0.0000 0.0000 0.0000 0.0000 0.0000 0.0000 0.0000 0.0000 0.0000 0.0000 0.0000 0.0000 0.0000 0.0000 0.0000 0.0000 0.0000 0.0000 0.0000 0.0000 0.0000 0.0000 0.0000 0.0000 0.0000 0.0000 0.0000 0.0000 0.0000 0.0000 0.0000 0.0000 0.0000 0.0000 0.0000 0.0000 0.0000 0.0000 0.0000 0.0000 0.0000 0.0000 0.0000 0.0000 0.0000 0.0000 0.0000 0.0000 0.0000 0.0000 0.0000 0.0000 0.0000 0.0000 0.0000 0.0000 0.0000 0.0000 0.0000 0.0000 0.0000 0.0000 0.0000 0.0000 0.0000 0.0000 0.0000 0.0000 0.0000 0.0000 0.0000 0.0000 0.0000 0.0000 0.0000 0.0000 0.0000 0.0000 0.0000 0.0000 0.0000 0.0000 0.0000 0.0000 0.0000 0.0000 0.0000 0.0000 0.0000 0.0000 0.0000 0.0000 0.0000 0.0000 0.0000 0.0000 0.0000 0.0000 0.0000 0.0000 0.0000 0.0000 0.0000 0.0000 0.0000 0.0000 0.0000 0.0000 0.0000 0.0000 0.0000 0.0000 0.0000 0.0000 0.0000 0.0000 0.0000 0.0000 0.0000 0.0000 0.0000 0.0000 0.0000 0.0000 0.0000 0.0000 0.0000 0.0000 0.0000 0.0000 0.0000 0.0000 0.0000 0.0000 0.0000 0.0000 0.0000 0.0000 0.0000 0.0000 0.0000 0.0000 0.0000 0.0000 0.0000 0.0000 0.0000 0.0000 0.0000 0.0000 0.0000 0.0000 0.0000 0.0000 0.0000 0.0000 0.0000 0.0000 0.0000 0.0000 0.0000 0.0000 0.0000 0.0000 0.0000 0.3000 0.3000 0.3000 0.7000 0.3000 0.3000 0.7000 0.3000 0.7000 0.3000 0.7000 0.3000 0.3000 0.3000 0.7000 0.3000 0.3000 0.3000 0.3000 0.3000 0.7000 0.3000 0.3000 0.3000 0.3000 0.3000 0.7000 0.3000 0.3000 0.3000 0.3000 0.7000 0.3000 0.3000 0.3000 0.3000 0.3000 0.3000 0.3000 0.3000 0.3000 0.3000 0.3000 0.3000 0.7000 0.7000 0.7000 0.3000 0.3000 0.7000 0.7000 0.3000 0.3000 0.3000 0.3000 0.3000 0.3000 0.3000 0.3000 0.3000 0.3000 0.3000 0.7000 0.3000 0.3000 0.3000 0.3000 0.3000 0.7000 0.3000 0.7000 0.3000 0.3000 0.7000 0.7000 0.3000 0.3000 0.3000 0.3000 0.3000 0.7000 0.3000 0.3000 0.7000 0.3000 0.7000 0.3000 0.7000 0.3000 0.3000 0.7000 0.3000 0.7000 0.3000 0.3000 0.7000 0.3000 0.3000 0.7000 0.3000 0.7000 0.3000 0.3000 0.7000 0.7000 0.7000 0.3000 0.3000 0.7000 0.7000 0.3000 0.3000 0.7000 0.7000 0.7000 0.3000 0.3000 0.3000 0.3000 0.7000 0.3000 0.3000 0.7000 0.3000 0.3000 0.3000 0.3000 0.3000 0.3000 0.3000 0.3000 0.3000 0.3000 0.3000 0.3000 0.3000 0.3000 0.3000 0.3000 0.7000 0.3000 0.3000 0.3000 0.7000 0.3000 0.7000 0.3000 0.7000 0.3000 0.7000 0.3000 0.3000 0.3000 0.3000 0.3000 0.3000 0.3000 0.3000 0.3000 0.3000 0.3000 0.3000 0.3000 0.3000 0.3000 0.3000 0.3000 0.3000 0.7000 0.7000 0.7000 0.7000 0.3000 0.3000 0.7000 0.7000 0.3000 0.7000 0.3000 0.7000 0.7000 0.3000 0.3000 0.3000 0.3000 0.3000 0.3000 0.3000 0.7000 0.3000 0.3000 0.3000 0.3000 0.3000 0.3000 0.3000 0.3000 0.3000 0.3000 0.3000 0.3000 0.7000 0.3000 0.3000 0.3000 0.3000 0.3000 0.3000 0.3000 0.3000 0.3000 0.3000 0.3000 0.3000 0.3000 0.3000 0.7000 0.3000 0.3000 0.3000 0.7000 0.3000 0.3000 0.7000 0.3000 0.3000 0.3000 0.7000 0.3000 0.3000 0.3000 0.7000 0.7000 0.3000 0.7000 0.7000 0.7000 0.3000 0.3000 0.3000 0.3000 0.7000 0.7000 0.3000 0.3000 0.3000 0.3000 0.3000 0.7000 0.3000 0.3000 0.3000 0.3000 0.3000 0.3000 0.3000 0.3000 0.3000 0.3000 0.3000 0.3000 0.3000 0.3000 0.3000 0.3000 0.7000 0.3000 0.3000 0.3000 0.7000 0.3000 0.7000 0.3000 0.3000 0.3000 0.3000 0.3000 0.3000 0.3000 0.7000 0.7000 0.3000 0.7000 0.3000 0.3000 0.3000 0.3000 0.3000 0.7000 0.7000 0.7000 0.3000 0.3000 0.3000 0.3000 0.3000 0.3000 0.3000 0.3000 0.3000 0.7000 0.3000 0.3000 0.3000 0.3000 0.3000 0.3000 0.7000 0.3000 0.7000 0.3000 0.7000 0.3000 0.3000 0.7000 0.3000 0.3000 0.3000 0.3000 0.7000 0.3000 0.3000 0.3000 0.3000 0.3000 0.3000 0.7000 0.3000 0.3000 0.3000 0.7000 0.3000 0.7000 0.7000 0.3000 0.3000 0.3000 0.3000 0.7000 0.3000 0.3000 0.7000 0.3000 0.3000 0.3000 0.7000 0.3000 0.3000 0.3000 0.3000 0.3000 0.3000 0.3000 0.3000 0.3000 0.3000 0.3000 0.7000 0.3000 0.3000 0.3000 0.3000 0.7000 0.3000 0.3000 0.7000 0.3000 0.7000 0.7000 0.7000 0.3000 0.3000 0.7000 0.3000 0.7000 0.7000 0.3000 0.3000 0.3000 0.3000 0.3000 0.3000 0.3000 0.3000 0.3000 0.3000 0.3000 0.7000 0.3000 0.3000 0.3000 0.7000 0.3000 0.3000 0.3000 0.3000 0.3000 0.7000 0.3000 0.3000 0.7000 0.3000 0.3000 0.3000 0.3000 0.3000 0.3000 0.3000 0.3000 0.3000 0.3000 0.7000 0.3000 0.3000 0.3000 0.3000 0.3000 0.3000 0.3000 0.3000 0.3000 0.3000 0.3000 0.3000 0.3000 0.3000 0.3000 0.3000 0.3000 0.7000 0.3000 0.3000 0.3000 0.3000 0.3000 0.3000 0.7000 0.7000 0.3000 0.7000 0.3000 0.3000 0.3000 0.3000 0.3000 0.7000 0.3000 0.3000 0.3000 0.3000 0.3000 0.3000 0.3000 0.7000 0.3000 0.3000 0.3000 0.7000 0.3000 0.7000 0.3000 0.3000 0.3000 0.7000 0.3000 0.3000 0.3000 0.3000 0.7000 0.3000 0.3000 0.7000 0.3000 0.3000 0.3000 0.3000 0.3000 0.3000 0.3000 0.7000 0.3000 0.3000 0.3000 0.3000 0.3000 0.3000 0.7000 0.3000 0.3000 0.3000 0.3000 0.3000 0.3000 0.3000 0.7000 0.3000 0.3000 0.3000 0.3000 0.3000 0.7000 0.3000 0.3000 0.3000 0.7000 0.7000 0.7000 0.3000 0.3000 0.3000 0.7000 0.3000 0.3000 0.3000 0.3000 0.7000 0.3000 0.3000 0.3000 0.3000 0.7000 0.3000 0.3000 0.3000 0.3000 0.3000 0.7000 0.3000 0.3000 0.3000 0.7000 0.3000 0.7000 0.3000 0.3000 0.3000 0.3000 0.3000 0.3000 0.3000 0.3000 0.3000 0.3000 0.3000 0.3000 0.7000 0.3000 0.3000 0.7000 0.7000 0.3000 0.3000 0.3000 0.3000 0.3000 0.3000 0.3000 0.3000 0.3000 0.3000 0.3000 0.3000 0.3000 0.3000 0.3000 0.3000 0.3000 0.3000 0.7000 0.3000 0.3000 0.3000 0.3000 0.3000 0.3000 0.3000 0.3000 0.7000 0.3000 0.3000 0.3000 0.3000 0.3000 0.3000 0.3000 0.3000 0.3000 0.3000 0.3000 0.3000 0.3000 0.7000 0.3000 0.3000 0.3000 0.3000 0.3000 0.7000 0.3000 0.3000 0.7000 0.3000 0.3000 0.3000 0.3000 0.3000 0.3000 0.3000 0.3000 0.3000 0.3000 0.3000 0.3000 0.3000 0.3000 0.7000 0.3000 0.3000 0.3000 0.7000 0.3000 0.7000 0.3000 0.3000 0.3000 0.3000 0.3000 0.3000 0.3000 0.7000 0.3000 0.7000 0.7000 0.3000 0.3000 0.3000 0.3000 0.3000 0.3000 0.3000 0.3000 0.3000 0.3000 0.3000 0.3000 0.7000 0.3000 0.3000 0.3000 0.7000 0.3000 0.3000 0.3000 0.7000 0.3000 0.7000 0.7000 0.7000 0.7000 0.3000 0.3000 0.3000 0.3000 0.3000 0.3000 0.3000 0.3000 0.3000 0.3000 0.3000 0.3000 0.7000 0.3000 0.3000 0.3000 0.3000 0.3000 0.7000 0.3000 0.7000 0.3000 0.3000 0.7000 0.3000 0.7000 0.3000 0.3000 0.3000 0.3000 0.3000 0.3000 0.3000 0.3000 0.3000 0.3000 0.3000 0.7000 0.3000 0.3000 0.3000 0.3000 0.3000 0.7000 0.3000 0.3000 0.7000 0.3000 0.3000 0.3000 0.3000 0.3000 0.7000 0.3000 0.3000 0.3000 0.3000 0.3000 0.3000 0.3000 0.7000 0.7000 0.3000 0.3000 0.7000 0.3000 0.3000 0.7000 0.7000 0.3000 0.3000 0.7000 0.3000 0.7000 0.3000 0.3000 0.3000 0.3000 0.3000 0.3000 0.3000 0.3000 0.3000 0.7000 0.3000 0.3000 0.3000 0.3000 0.3000 0.7000 0.3000 0.7000 0.3000 0.7000 0.3000 0.3000 0.3000 0.3000 0.3000 0.3000 0.3000 0.7000 0.7000 0.3000 0.7000 0.3000 0.3000 0.7000 0.3000 0.3000 0.3000 0.7000 0.3000 0.3000 0.7000 0.7000 0.3000 0.3000 0.3000 0.3000 0.7000 0.3000 0.7000 0.3000 0.3000 0.3000 0.3000 0.3000 0.3000 0.7000 0.7000 0.3000 0.7000 0.7000 0.3000 0.3000 0.3000 0.3000 0.3000 0.3000 0.3000 0.7000 0.3000 0.3000 0.3000 0.3000 0.7000 0.3000 0.3000 0.3000 0.3000 0.3000 0.7000 0.3000 0.3000 0.3000 0.7000 0.3000 0.3000 0.3000 0.7000 0.3000 0.3000 0.7000 0.7000 0.3000 0.3000 0.7000 0.7000 0.3000 0.3000 0.7000 0.7000 0.3000 0.3000 0.3000 0.7000 0.3000 0.3000 0.3000 0.3000 0.3000 0.3000 0.3000 0.3000 0.3000 0.3000 0.7000 0.3000 0.3000 0.3000 0.3000 0.3000 0.3000 0.3000 0.3000 0.3000 0.3000 0.3000 0.7000 0.3000 0.3000 0.7000 0.3000 0.7000 0.3000 0.7000 0.3000 0.3000 0.3000 0.3000 0.3000 0.3000 0.3000 0.7000 0.3000 0.7000 0.3000 0.3000 0.3000 0.3000 0.7000 0.3000 0.7000 0.3000 0.7000 0.3000 0.7000 0.7000 0.3000 0.3000 0.3000 0.3000 0.3000 0.3000 0.3000 0.3000 0.7000 0.3000 0.3000 0.3000 0.7000 0.3000 0.7000 0.3000 0.3000 0.3000 0.3000 0.3000 0.7000 0.7000 0.3000 0.3000 0.3000 0.3000 0.3000 0.7000 0.3000 0.3000 0.3000 0.3000 0.7000 0.3000 0.3000 0.7000 0.7000 0.3000 0.7000 0.7000 0.7000 0.3000 0.7000 0.3000 0.3000 0.3000 0.7000 0.3000 0.3000 0.3000 0.3000 0.3000 0.3000 0.3000 0.7000 0.3000 0.3000 0.3000 0.3000 0.7000 0.3000 0.3000 0.7000 0.3000 0.3000 0.3000 0.3000 0.3000 0.7000 0.3000 0.3000 0.3000 0.3000 0.3000 0.7000 0.3000 0.3000 0.3000 0.3000 0.7000 0.3000 0.3000 0.3000 0.3000 0.3000 0.7000 0.7000 0.7000 0.3000 0.7000 0.3000 0.3000 0.3000 0.3000 0.3000 0.3000 0.3000 0.3000 0.7000 0.3000 0.7000 0.7000 0.3000 0.7000 0.3000 0.3000 0.3000 0.3000 0.3000 0.7000 0.7000 0.7000 0.3000 0.3000 0.3000 0.3000 0.3000 0.3000 0.3000 0.3000 0.7000 0.7000 0.7000 0.3000 0.3000 0.7000 0.3000 0.3000 0.7000 0.3000 0.3000 0.3000 0.7000 0.7000 0.3000 0.7000 0.3000 0.3000 0.3000 0.7000 0.3000 0.3000 0.3000 0.7000 0.3000 0.3000 0.3000 0.3000 0.3000 0.7000 0.3000 0.7000 0.3000 0.3000 0.3000 0.3000 0.3000 0.7000 0.3000 0.3000 0.3000 0.7000 0.3000 0.3000 0.3000 0.3000 0.3000 0.3000 0.7000 0.3000 0.3000 0.7000 0.3000 0.7000 0.3000 0.7000 0.3000 0.3000 0.3000 0.3000 0.3000 0.3000 0.3000 0.3000 0.3000 0.3000 0.3000 0.3000 0.3000 0.3000 0.7000 0.7000 0.3000 0.7000 0.3000 0.7000 0.3000 0.7000 0.7000 0.3000 0.7000 0.3000 0.3000 0.3000 0.3000 0.3000 0.3000 0.3000 0.3000 0.3000 0.3000 0.7000 0.3000 0.7000 0.3000 0.3000 0.7000 0.3000 0.3000 0.3000 0.3000 0.3000 0.3000 0.3000 0.3000 0.3000 0.3000 0.3000 0.3000 0.3000 0.7000 0.3000 0.3000 0.3000 0.7000 0.7000 0.3000 0.3000 0.3000 0.3000 0.3000 0.3000 0.7000 0.7000 0.3000 0.3000 0.3000 0.7000 0.3000 0.7000 0.3000 0.3000 0.3000 0.3000 0.3000 0.3000 0.3000 0.3000 0.3000 0.7000 0.7000 0.3000 0.3000 0.3000 0.7000 0.7000 0.3000 0.3000 0.3000 0.3000 0.3000 0.3000 0.3000 0.3000 0.7000 0.3000 0.3000 0.3000 0.3000 0.7000 0.3000 0.3000 0.3000 0.3000 0.3000 0.3000 0.3000 0.3000 0.3000 0.3000 0.3000 0.7000 0.7000 0.3000 0.3000 0.3000 0.3000 0.3000 0.3000 0.3000 0.3000 0.3000 0.3000 0.7000 0.7000 0.7000 0.3000 0.3000 0.3000 0.7000 0.3000 0.7000 0.3000 0.3000 0.3000 0.3000 0.3000 0.7000 0.7000 0.3000 0.3000 0.3000 0.7000 0.3000 0.7000 0.3000 0.3000 0.3000 0.3000 0.3000 0.3000 0.7000 0.3000 0.3000 0.3000 0.7000 0.7000 0.7000 0.3000 0.7000 0.7000 0.3000 0.3000 0.3000 0.3000 0.3000 0.3000 0.7000 0.7000 0.3000 0.3000 0.3000 0.3000 0.7000 0.3000 0.3000 0.7000 0.7000 0.7000 0.3000 0.7000 0.3000 0.7000 0.7000 0.3000 0.3000 0.3000 0.3000 0.3000 0.3000 0.3000 0.7000 0.3000 0.3000 0.3000 0.3000 0.3000 0.3000 0.3000 0.3000 0.3000 0.3000 0.3000 0.3000 0.3000 0.3000 0.3000 0.3000 0.7000 0.3000 0.7000 0.3000 0.7000 0.3000 0.3000 0.7000 0.3000 0.3000 0.3000 0.3000 0.3000 0.3000 0.7000 0.7000 0.3000 0.7000 0.3000 0.3000 0.3000 0.3000 0.3000 0.3000 0.3000 0.7000 0.3000 0.3000 0.3000 0.3000 0.3000 0.3000 0.3000 0.3000 0.3000 0.3000 0.3000 0.3000 0.3000 0.3000 0.3000 0.3000 0.7000 0.3000 0.7000 0.7000 0.7000 0.3000 0.7000 0.3000 0.3000 0.3000 0.3000 0.3000 0.3000 0.7000 0.7000 0.3000 0.7000 0.3000 0.3000 0.7000 0.3000 0.7000 0.3000 0.3000 0.3000 0.3000 0.3000 0.3000 0.7000 0.3000 0.7000 0.7000 0.3000 0.3000 0.3000 0.3000 0.3000 0.3000 0.3000 0.7000 0.3000 0.3000 0.3000 0.3000 0.3000 0.3000 0.7000 0.3000 0.7000 0.3000 0.3000 0.3000 0.3000 0.3000 0.3000 0.7000 0.7000 0.3000 0.7000 0.3000 0.7000 0.3000 0.7000 0.3000 0.3000 0.3000 0.3000 0.3000 0.3000 0.3000 0.7000 0.3000 0.3000 0.3000 0.3000 0.3000 0.7000 0.3000 0.3000 0.3000 0.3000 0.7000 0.7000 0.3000 0.3000 0.3000 0.3000 0.3000 0.3000 0.7000 0.7000 0.3000 0.3000 0.3000 0.7000 0.3000 0.3000 0.3000 0.3000 0.7000 0.3000 0.3000 0.3000 0.3000 0.3000 0.7000 0.3000 0.3000 0.3000 0.3000 0.7000 0.3000 0.3000 0.7000 0.3000 0.3000 0.3000 0.3000 0.3000 0.3000 0.3000 0.3000 0.3000 0.3000 0.3000 0.3000 0.3000 0.3000 0.7000 0.3000 0.3000 0.7000 0.3000 0.3000 0.7000 0.3000 0.3000 0.7000 0.3000 0.3000 0.3000 0.7000 0.7000 0.3000 0.3000 0.7000 0.7000 0.3000 0.3000 0.3000 0.3000 0.3000 0.3000 0.7000 0.3000 0.3000 0.3000 0.3000 0.7000 0.3000 0.7000 0.3000 0.3000 0.3000 0.3000 0.3000 0.3000 0.3000 0.3000 0.3000 0.7000 0.7000 0.3000 0.3000 0.3000 0.7000 0.7000 0.7000 0.3000 0.7000 0.3000 0.3000 0.3000 0.0000 0.0000 0.0000 0.0000 0.0000 0.0000 0.0000 0.0000 0.0000 0.0000 0.0000 0.0000 0.0000 0.0000 0.0000 0.0000 0.0000 0.0000 0.0000 0.0000 0.0000 0.0000 0.0000 0.0000 0.0000 0.0000 0.0000 0.0000 0.0000 0.0000 0.0000 0.0000 0.0000 0.0000 0.0000 0.0000 0.0000 0.0000 0.0000 0.0000 0.0000 0.0000 0.0000 0.0000 0.0000 0.0000 0.0000 0.0000 0.0000 0.0000 0.0000 0.0000 0.0000 0.0000 0.0000 0.0000 0.0000 0.0000 0.0000 0.0000 0.0000 0.0000 0.0000 0.0000 0.0000 0.0000 0.0000 0.0000 0.0000 0.0000 0.0000 0.0000 0.0000 0.0000 0.0000 0.0000 0.0000 0.0000 0.0000 0.0000 0.0000 0.0000 0.0000 0.0000 0.0000 0.0000 0.0000 0.0000 0.0000 0.0000 0.0000 0.0000 0.0000 0.0000 0.0000 0.0000 0.0000 0.0000 0.0000 0.0000 0.0000 0.0000 0.0000 0.0000 0.0000 0.0000 0.0000 0.0000 0.0000 0.0000 0.0000 0.0000 0.0000 0.0000 0.0000 0.0000 0.0000 0.0000 0.0000 0.0000 0.0000 0.0000 0.0000 0.0000 0.0000 0.0000 0.0000 0.0000 0.0000 0.0000 0.0000 0.0000 0.0000 0.0000 0.0000 0.0000 0.0000 0.0000 0.0000 0.0000 0.0000 0.0000 0.0000 0.0000 0.0000 0.0000 0.0000 0.0000 0.0000 0.0000 0.0000 0.0000 0.0000 0.0000 0.0000 0.0000 0.0000 0.0000 0.0000 0.0000 0.0000 0.0000 0.0000 0.0000 0.0000 0.0000 0.0000 0.0000 0.0000 0.0000 0.0000 0.0000 0.0000 0.0000 0.0000 0.0000 0.0000 0.0000 0.0000 0.0000 0.0000 0.0000 0.0000 0.0000 0.0000 0.0000 0.0000 0.0000 0.0000 0.0000 0.0000 0.0000 0.0000 0.0000 0.0000 0.0000 0.0000 0.0000 0.0000 0.0000 0.0000 0.0000 0.0000 0.0000 0.0000 0.0000 0.0000 0.0000 0.0000 0.0000 0.0000 0.0000 0.0000 0.0000 0.0000 0.0000 0.0000 0.0000 0.0000 0.0000 0.0000 0.0000 0.0000 0.0000 0.0000 0.0000 0.0000 0.0000 0.0000 0.0000 0.0000 0.0000 0.0000 0.0000 0.0000 0.0000 0.0000 0.0000 0.0000 0.0000 0.0000 0.0000 0.0000 0.0000 0.0000 0.0000 0.0000 0.0000 0.0000 0.0000 0.0000 0.0000 0.0000 0.0000 0.0000 0.0000 0.0000 0.0000 0.0000 0.0000 0.0000 0.0000 0.0000 0.0000 0.0000 0.0000 0.0000 0.0000 0.0000 0.0000 0.0000 0.0000 0.0000 0.0000 0.0000 0.0000 0.0000 0.0000 0.0000 0.0000 0.0000 0.0000 0.0000 0.0000 0.0000 0.0000 0.0000 0.0000 0.0000 0.0000 0.0000 0.0000 0.0000 0.0000 0.0000 0.0000 0.0000 0.0000 0.0000 0.0000 0.0000 0.0000 0.0000 0.0000 0.0000 0.0000 0.0000 0.0000 0.0000 0.0000 0.0000 0.0000 0.0000 0.0000 0.0000 0.0000 0.0000 0.0000 0.0000 0.0000 0.0000 0.0000 0.0000 0.0000 0.0000 0.0000 0.0000 0.0000 0.0000 0.0000 0.0000 0.0000 0.0000 0.0000 0.0000 0.0000 0.0000 0.0000 0.0000 0.0000 0.0000 0.0000 0.0000 0.0000 0.0000 0.0000 0.0000 0.0000 0.0000 0.0000 0.0000 0.0000 0.0000 0.0000 0.0000 0.0000 0.0000 0.0000 0.0000 0.0000 0.0000 0.0000 0.0000 0.0000 0.0000 0.0000 0.0000 0.0000 0.0000 0.0000 0.0000 0.0000 0.0000 0.0000 0.0000 0.0000 0.0000 0.0000 0.0000 0.0000 0.0000 0.0000 0.0000 0.0000 0.0000 0.0000 0.0000 0.0000 0.0000 0.0000 0.0000 0.0000 0.0000 0.0000 0.0000 0.0000 0.0000 0.0000 0.0000 0.0000 0.0000 0.0000 0.0000 0.0000 0.0000 0.0000 0.0000 0.0000 0.0000 0.0000 0.0000 0.0000 0.0000 0.0000 0.0000 0.0000 0.0000 0.0000 0.0000 0.0000 0.0000 0.0000 0.0000 0.0000 0.0000 0.0000 0.0000 0.0000 0.0000 0.0000 0.0000 0.0000 0.0000 0.0000 0.0000 0.0000 0.0000 0.0000 0.0000 0.0000 0.0000 0.0000 0.0000 0.0000 0.0000 0.0000 0.0000 0.0000 0.0000 0.0000 0.0000 0.0000 0.0000 0.0000 0.0000 0.0000 0.0000 0.0000 0.0000 0.0000 0.0000 0.0000 0.0000 0.0000 0.0000 0.0000 0.0000 0.0000 0.0000 0.0000 0.0000 0.0000 0.0000 0.0000 0.0000 0.0000 0.0000 0.0000 0.0000 0.0000 0.0000 0.0000 0.0000 0.0000 0.0000 0.0000 0.0000 0.0000 0.0000 0.0000 0.0000 0.0000 0.0000 0.0000 0.0000 0.0000 0.0000 0.0000 0.0000 0.0000 0.0000 0.0000 0.0000 0.0000 0.0000 0.0000 0.0000 0.0000 0.0000 0.0000 0.0000 0.0000 0.0000 0.0000 0.0000 0.0000 0.0000 0.0000 0.0000 0.0000 0.0000 0.0000 0.0000 0.0000 0.0000 0.0000 0.0000 0.0000 0.0000 0.0000 0.0000 0.0000 0.0000 0.0000 0.0000 0.0000 0.0000 0.0000 0.0000 0.0000 0.0000 0.0000 0.0000 0.0000 0.0000 0.0000 0.0000 0.0000 0.0000 0.0000 0.0000 0.0000 0.0000 0.0000 0.0000 0.0000 0.0000 0.0000 0.0000 0.0000 0.0000 0.0000 0.0000 0.0000 0.0000 0.0000 0.0000 0.0000 0.0000 0.0000 0.0000 0.0000 0.0000 0.0000 0.0000 0.0000 0.0000 0.0000 0.0000 0.0000 0.0000 0.0000 0.0000 0.0000 0.0000 0.0000 0.0000 0.0000 0.0000 0.0000 0.0000 0.0000 0.0000 0.0000 0.0000 0.0000 0.0000 0.0000 0.0000 0.0000 0.0000 0.0000 0.0000 0.0000 0.0000 0.0000 0.0000 0.0000 0.0000 0.0000 0.0000 0.0000 0.0000 0.0000 0.0000 0.0000 0.0000 0.0000 0.0000 0.0000 0.0000 0.0000 0.0000 0.0000 0.0000 0.0000 0.0000 0.0000 0.0000 0.0000 0.0000 0.0000 0.0000 0.0000 0.0000 0.0000 0.0000 0.0000 0.0000 0.0000 0.0000 0.0000 0.0000 0.0000 0.0000 0.0000 0.0000 0.0000 0.0000 0.0000 0.0000 0.0000 0.0000 0.0000 0.0000 0.0000 0.0000 0.0000 0.0000 0.0000 0.0000 0.0000 0.0000 0.0000 0.0000 0.0000 0.0000 0.0000 0.0000 0.0000 0.0000 0.0000 0.0000 0.0000 0.0000 0.0000 0.0000 0.0000 0.0000 0.0000 0.0000 0.0000 0.0000 0.0000 0.0000 0.0000 0.0000 0.0000 0.0000 0.0000 0.0000 0.0000 0.0000 0.0000 0.0000 0.0000 0.0000 0.0000 0.0000 0.0000 0.0000 0.0000 0.0000 0.0000 0.0000 0.0000 0.0000 0.0000 0.0000 0.0000 0.0000 0.0000 0.0000 0.0000 0.0000 0.0000 0.0000 0.0000 0.0000 0.0000 0.0000 0.0000 0.0000 0.0000 0.0000 0.0000 0.0000 0.0000 0.0000 0.0000 0.0000 0.0000 0.0000 0.0000 0.0000 0.0000 0.0000 0.0000 0.0000 0.0000 0.0000 0.0000 0.0000 0.0000 0.0000 0.0000 0.0000 0.0000 0.0000 0.0000 0.0000 0.0000 0.0000 0.0000 0.0000 0.0000 0.0000 0.0000 0.0000 0.0000 0.0000 0.0000 0.0000 0.0000 0.0000 0.0000 0.0000 0.0000 0.0000 0.0000 0.0000 0.0000 0.0000 0.0000 0.0000 0.0000 0.0000 0.0000 0.0000 0.0000 0.0000 0.0000 0.0000 0.0000 0.0000 0.0000 0.0000 0.0000 0.0000 0.0000 0.0000 0.0000 0.0000 0.0000 0.0000 0.0000 0.0000 0.0000 0.0000 0.0000 0.0000 0.0000 0.0000 0.0000 0.0000 0.0000 0.0000 0.0000 0.0000 0.0000 0.0000 0.0000 0.0000 0.0000 0.0000 0.0000 0.0000 0.0000 0.0000 0.0000 0.0000 0.0000 0.0000 0.0000 0.0000 0.0000 0.0000 0.0000 0.0000 0.0000 0.0000 0.0000 0.0000 0.0000 0.0000 0.0000 0.0000 0.0000 0.0000 0.0000 0.0000 0.0000 0.0000 0.0000 0.0000 0.0000 0.0000 0.0000 0.0000 0.0000 0.0000 0.0000 0.0000 0.0000 0.0000 0.0000 0.0000 0.0000 0.0000 0.0000 0.0000 0.0000 0.0000 0.0000 0.0000 0.0000 0.0000 0.0000 0.0000 0.0000 0.0000 0.0000 0.0000 0.0000 0.0000 0.0000 0.0000 0.0000 0.0000 0.0000 0.0000 0.0000 0.0000 0.0000 0.0000 0.0000 0.0000 0.0000 0.0000 0.0000 0.0000 0.0000 0.0000 0.0000 0.0000 0.0000 0.0000 0.0000 0.0000 0.0000 0.0000 0.0000 0.0000 0.0000 0.0000 0.0000 0.0000 0.0000 0.0000 0.0000 0.0000 0.0000 0.0000 0.0000 0.0000 0.0000 0.0000 0.0000 0.0000 0.0000 0.0000 0.0000 0.0000 0.0000 0.0000 0.0000 0.0000 0.0000 0.0000 0.0000 0.0000 0.0000 0.0000 0.0000 0.0000 0.0000 0.0000 0.0000 0.0000 0.0000 0.0000 0.0000 0.0000 0.0000 0.0000 0.0000 0.0000 0.0000 0.0000 0.0000 0.0000 0.0000 0.0000 0.0000 0.0000 0.0000 0.0000 0.0000 0.0000 0.0000 0.0000 0.0000 0.0000 0.0000 0.0000 0.0000 0.0000 0.0000 0.0000 0.0000 0.0000 0.0000 0.0000 0.0000 0.0000 0.0000 0.0000 0.0000 0.0000 0.0000 0.0000 0.0000 0.0000 0.0000 0.0000 0.0000 0.0000 0.0000 0.0000 0.0000 0.0000 0.0000 0.0000 0.0000 0.0000 0.0000 0.0000 0.0000 0.0000 0.0000 0.0000 0.0000 0.0000 0.0000 0.0000 0.0000 0.0000 0.0000 0.0000 0.0000 0.0000 0.0000 0.0000 0.0000 0.0000 0.0000 0.0000 0.0000 0.0000 0.0000 0.0000 0.0000 0.0000 0.0000 0.0000 0.0000 0.0000 0.0000 0.0000 0.0000 0.0000 0.0000 0.0000 0.0000 0.0000 0.0000 0.0000 0.0000 0.0000 0.0000 0.0000 0.0000 0.0000 0.0000 0.0000 0.0000 0.0000 0.0000 0.0000 0.0000 0.0000 0.0000 0.0000 0.0000 0.0000 0.0000 0.0000 0.0000 0.0000 0.0000 0.0000 0.0000 0.0000 0.0000 0.0000 0.0000 0.0000 0.0000 0.0000 0.0000 0.0000 0.0000 0.0000 0.0000 0.0000 0.0000 0.0000 0.0000 0.0000 0.0000 0.0000 0.0000 0.0000 0.0000 0.0000 0.0000 0.0000 0.0000 0.0000 0.0000 0.0000 0.0000 0.0000 0.0000 0.0000 0.0000 0.0000 0.0000 0.0000 0.0000 0.0000 0.0000 0.0000 0.0000 0.0000 0.0000 0.0000 0.0000 0.0000 0.0000 0.0000 0.0000 0.0000 0.0000 0.0000 0.0000 0.0000 0.0000 0.0000 0.0000 0.0000 0.0000 0.0000 0.0000 0.0000 0.0000 0.0000 0.0000 0.0000 0.0000 0.0000 0.0000 0.0000 0.0000 0.0000 0.0000 0.0000 0.0000 0.0000 0.0000 0.0000 0.0000 0.0000 0.0000 0.0000 0.0000 0.0000 0.0000 0.0000 0.0000 0.0000 0.0000 0.0000 0.0000 0.0000 0.0000 0.0000 0.0000 0.0000 0.0000 0.0000 0.0000 0.0000 0.0000 0.0000 0.0000 0.0000 0.0000 0.0000 0.0000 0.0000 0.0000 0.0000 0.0000 0.0000 0.0000 0.0000 0.0000 0.0000 0.0000 0.0000 0.0000 0.0000 0.0000 0.0000 0.0000 0.0000 0.0000 0.0000 0.0000 0.0000 0.0000 0.0000 0.0000 0.0000 0.0000 0.0000 0.0000 0.0000 0.0000 0.0000 0.0000 0.0000 0.0000 0.0000 0.0000 0.0000 0.0000 0.0000 0.0000 0.0000 0.0000 0.0000 0.0000 0.0000 0.0000 0.0000 0.0000 0.0000 0.0000 0.0000 0.0000 0.0000 0.0000 0.0000 0.0000 0.0000 0.0000 0.0000 0.0000 0.0000 0.0000 0.0000 0.0000 0.0000 0.0000 0.0000 0.0000 0.0000 0.0000 0.0000 0.0000 0.0000 0.0000 0.0000 0.0000 0.0000 0.0000 0.0000 0.0000 0.0000 0.0000 0.0000 0.0000 0.0000 0.0000 0.0000 0.0000 0.0000 0.0000 0.0000 0.0000 0.0000 0.0000 0.0000 0.0000 0.0000 0.0000 0.0000 0.0000 0.0000 0.0000 0.0000 0.0000 0.0000 0.0000 0.0000 0.0000 0.0000 0.0000 0.0000 0.0000 0.0000 0.0000 0.0000 0.0000 0.0000 0.0000 0.0000 0.0000 0.0000 0.0000 0.0000 0.0000 0.0000 0.0000 0.0000 0.0000 0.0000 0.0000 0.0000 0.0000 0.0000 0.0000 0.0000 0.0000 0.0000 0.0000 0.0000 0.0000 0.0000 0.0000 0.0000 0.0000 0.0000 0.0000 0.0000 0.0000 0.0000 0.0000 0.0000 0.0000 0.0000 0.0000 0.0000 0.0000 0.0000 0.0000 0.0000 0.0000 0.0000 0.0000 0.0000 0.0000 0.0000 0.0000 0.0000 0.0000 0.0000 0.0000 0.0000 0.0000 0.0000 0.0000 0.0000 0.0000 0.0000 0.0000 0.0000 0.0000 0.0000 0.0000 0.0000 0.0000 0.0000 0.0000 0.0000 0.0000 0.0000 0.0000 0.0000 0.0000 0.0000 0.0000 0.0000 0.0000 0.0000 0.0000 0.0000 0.0000 0.0000 0.0000 0.0000 0.0000 0.0000 0.0000 0.0000 0.0000 0.0000 0.0000 0.0000 0.0000 0.0000 0.0000 0.0000 0.0000 0.0000 0.0000 0.0000 0.0000 0.0000 0.0000 0.0000 0.0000 0.0000 0.0000 0.0000 0.0000 0.0000 0.0000 0.0000 0.0000 0.0000 0.0000 0.0000 0.0000 0.0000 0.0000 0.0000 0.0000 0.0000 0.0000 0.0000 0.0000 0.0000 0.0000 0.0000 0.0000 0.0000 0.0000 0.0000 0.0000 0.0000 0.0000 0.0000 0.0000 0.0000 0.0000 0.0000 0.0000 0.0000 0.0000 0.0000 0.0000 0.0000 0.0000 0.0000 0.0000 0.0000 0.0000 0.0000 0.0000 0.0000 0.0000 0.0000 0.0000 0.0000 0.0000 0.0000 0.0000 0.0000 0.0000 0.0000 0.0000 0.0000 0.0000 0.0000 0.0000 0.0000 0.0000 0.0000 0.0000 0.0000 0.0000 0.0000 0.0000 0.0000 0.0000 0.0000 0.0000 0.0000 0.0000 0.0000 0.0000 0.0000 0.0000 0.0000 0.0000 0.0000 0.0000 0.0000 0.0000 0.0000 0.0000 0.0000 0.0000 0.0000 0.0000 0.0000 0.0000 0.0000 0.0000 0.0000 0.0000 0.0000 0.0000 0.0000 0.0000 0.0000 0.0000 0.0000 0.0000 0.0000 0.0000 0.0000 0.0000 0.0000 0.0000 0.0000 0.0000 0.0000 0.0000 0.0000 0.0000 0.0000 0.0000 0.0000 0.0000 0.0000 0.0000 0.0000 0.0000 0.0000 0.0000 0.0000 0.0000 0.0000 0.0000 0.0000 0.0000 0.0000 0.0000 0.0000 0.0000 0.0000 0.0000 0.0000 0.0000 0.0000 0.0000 0.0000 0.0000 0.0000 0.0000 0.0000 0.0000 0.0000 0.0000 0.0000 0.0000 0.0000 0.0000 0.0000 0.0000 0.0000 0.0000 0.0000 0.0000 0.0000 0.0000 0.0000 0.0000 0.0000 0.0000 0.0000 0.0000 0.0000 0.0000 0.0000 0.0000 0.0000 0.0000 0.0000 0.0000 0.0000 0.0000 0.0000 0.0000 0.0000 0.0000 0.0000 0.0000 0.0000 0.0000 0.0000 0.0000 0.0000 0.0000 0.0000 0.0000 0.0000 0.0000 0.0000 0.0000 0.0000 0.0000 0.0000 0.0000 0.0000 0.0000 0.0000 0.0000 0.0000 0.0000 0.0000 0.0000 0.0000 0.0000 0.0000 0.0000 0.0000 0.0000 0.0000 0.0000 0.0000 0.0000 0.0000 0.0000 0.0000 0.0000 0.0000 0.0000 0.0000 0.0000 0.0000 0.0000 0.0000 0.0000 0.0000 0.0000 0.0000 0.0000 0.0000 0.0000 0.0000 0.0000 0.0000 0.0000 0.0000 0.0000 0.0000 0.0000 0.0000 0.0000 0.0000 0.0000 0.0000 0.0000 0.0000 0.0000 0.0000 0.0000 0.0000 0.0000 0.0000 0.0000 0.0000 0.0000 0.0000 0.0000 0.0000 0.0000 0.0000 0.0000 0.0000 0.0000 0.0000 0.0000 0.0000 0.0000 0.0000 0.0000 0.0000 0.0000 0.0000 0.0000 0.0000 0.0000 0.0000 0.0000 0.0000 0.0000 0.0000 0.0000 0.0000 0.0000 0.0000 0.0000 0.0000 0.0000 0.0000 0.0000 0.0000 0.0000 0.0000 0.0000 0.0000 0.0000 0.0000 0.0000 0.0000 0.0000 0.0000 0.0000 0.0000 0.0000 0.0000 0.0000 0.0000 0.0000 0.0000 0.0000 0.0000 0.0000 0.0000 0.0000 0.0000 0.0000 0.0000 0.0000 0.0000 0.0000 0.0000 0.0000 0.0000 0.0000 0.0000 0.0000 0.0000 0.0000 0.0000 0.0000 0.0000 0.0000 0.0000 0.0000 0.0000 0.0000 0.0000 0.0000 0.0000 0.0000 0.0000 0.0000 0.0000 0.0000 0.0000 0.0000 0.0000 0.0000 0.0000 0.0000 0.0000 0.0000 0.0000 0.0000 0.0000 0.0000 0.0000 0.0000 0.0000 0.0000 0.0000 0.0000 0.0000 0.0000 0.0000 0.0000 0.0000 0.0000 0.0000 0.0000 0.0000 0.0000 0.0000 0.0000 0.0000 0.0000 0.0000 0.0000 0.0000 0.0000 0.0000 0.0000 0.0000 0.0000 0.0000 0.0000 0.0000 0.0000 0.0000 0.0000 0.0000 0.0000 0.0000 0.0000 0.0000 0.0000 0.0000 0.0000 0.0000 0.0000 0.0000 0.0000 0.0000 0.0000 0.0000 0.0000 0.0000 0.0000 0.0000 0.0000 0.0000 0.0000 0.0000 0.0000 0.0000 0.0000 0.0000 0.0000 0.0000 0.0000 0.0000 0.0000 0.0000 0.0000 0.0000 0.0000 0.0000 0.0000 0.0000 0.0000 0.0000 0.0000 0.0000 0.0000 0.0000 0.0000 0.0000 0.0000 0.0000 0.0000 0.0000 0.0000 0.0000 0.0000 0.0000 0.0000 0.0000 0.0000 0.0000 0.0000 0.0000 0.0000 0.0000 0.0000 0.0000 0.0000 0.0000 0.0000 0.0000 0.0000 0.0000 0.0000 0.0000 0.0000 0.0000 0.0000 0.0000 0.0000 0.0000 0.0000 0.0000 0.0000 0.0000 0.0000 0.0000 0.0000 0.0000 0.0000 0.0000 0.0000 0.0000 0.0000 0.0000 0.0000 0.0000 0.0000 0.0000 0.0000 0.0000 0.0000 0.0000 0.0000 0.0000 0.0000 0.0000 0.0000 0.0000 0.0000 0.0000 0.0000 0.0000 0.0000 0.0000 0.0000 0.0000 0.0000 0.0000 0.0000 0.0000 0.0000 0.0000 0.0000 0.0000 0.0000 0.0000 0.0000 0.0000 0.0000 0.0000 0.0000 0.0000 0.0000 0.0000 0.0000 0.0000 0.0000 0.0000 0.0000 0.0000 0.0000 0.0000 0.0000 0.0000 0.0000 0.0000 0.0000 0.0000 0.0000 0.0000 0.0000 0.0000 0.0000 0.0000 0.0000 0.0000 0.0000 0.0000 0.0000 0.0000 0.0000 0.0000 0.0000 0.0000 0.0000 0.0000 0.0000 0.0000 0.0000 0.0000 0.0000 0.0000 0.0000 0.0000 0.0000 0.0000 0.0000 0.0000 0.0000 0.0000 0.0000 0.0000 0.0000 0.0000 0.0000 0.0000 0.0000 0.0000 0.0000 0.0000 0.0000 0.0000 0.0000 0.0000 0.0000 0.0000 0.0000 0.0000 0.0000 0.0000 0.0000 0.0000 0.0000 0.0000 0.0000 0.0000 0.0000 0.0000 0.0000 0.0000 0.0000 0.0000 0.0000 0.0000 0.0000 0.0000 0.0000 0.0000 0.0000 0.0000 0.0000 0.0000 0.0000 0.0000 0.0000 0.0000 0.0000 0.0000 0.0000 0.0000 0.0000 0.0000 0.0000 0.0000 0.0000 0.0000 0.0000 0.0000 0.0000 0.0000 0.0000 0.0000 0.0000 0.0000 0.0000 0.0000 0.0000 0.0000 0.0000 0.0000 0.0000 0.0000 0.0000 0.0000 0.0000 0.0000 0.0000 0.0000 0.0000 0.0000 0.0000 0.0000 0.0000 0.0000 0.0000 0.0000 0.0000 0.0000 0.0000 0.0000 0.0000 0.0000 0.0000 0.0000 0.0000 0.0000 0.0000 0.0000 0.0000 0.0000 0.0000 0.0000 0.0000 0.0000 0.0000 0.0000 0.0000 0.0000 0.0000 0.0000 0.0000 0.0000 0.0000 0.0000 0.0000 0.0000 0.0000 0.0000 0.0000 0.0000 0.0000 0.0000 0.0000 0.0000 0.0000 0.0000 0.0000 0.0000 0.0000 0.0000 0.0000 0.0000 0.0000 0.0000 0.0000 0.0000 0.0000 0.0000 0.0000 0.0000 0.0000 0.0000 0.0000 0.0000 0.0000 0.0000 0.0000 0.0000 0.0000 0.0000 0.0000 0.0000 0.0000 0.0000 0.0000 0.0000 0.0000 0.0000 0.0000 0.0000 0.0000 0.0000 0.0000 0.0000 0.0000 0.0000 0.0000 0.0000 0.0000 0.0000 0.0000 0.0000 0.0000 0.0000 0.0000 0.0000 0.0000 0.0000 0.0000 0.0000 0.0000 0.0000 0.0000 0.0000 0.0000 0.0000 0.0000 0.0000 0.0000 0.0000 0.0000 0.0000 0.0000 0.0000 0.0000 0.0000 0.0000 0.0000 0.0000 0.0000 0.0000 0.0000 0.0000 0.0000 0.0000 0.0000 0.0000 0.0000 0.0000 0.0000 0.0000 0.0000 0.0000 0.0000 0.0000 0.0000 0.0000 0.0000 0.0000 0.0000 0.0000 0.0000 0.0000 0.0000 0.0000 0.0000 0.0000 0.0000 0.0000 0.0000 0.0000 0.0000 0.0000 0.0000 0.0000 0.0000 0.0000 0.0000 0.0000 0.0000 0.0000 0.0000 0.0000 0.0000 0.0000 0.0000 0.0000 0.0000 0.0000 0.0000 0.0000 0.0000 0.0000 0.0000 0.0000 0.0000 0.0000 0.0000 0.0000 0.0000 0.0000 0.0000 0.0000 0.0000 0.0000 0.0000 0.0000 0.0000 0.0000 0.0000 0.0000 0.0000 0.0000 0.0000 0.0000 0.0000 0.0000 0.0000 0.0000 0.0000 0.0000 0.0000 0.0000 0.0000 0.0000 0.0000 0.0000 0.0000 0.0000 0.0000 0.0000 0.0000 0.0000 0.0000 0.0000 0.0000 0.0000 0.0000 0.0000 0.0000 0.0000 0.0000 0.0000 0.0000 0.0000 0.0000 0.0000 0.0000 0.0000 0.0000 0.0000 0.0000 0.0000 0.0000 0.0000 0.0000 0.0000 0.0000 0.0000 0.0000 0.0000 0.0000 0.0000 0.0000 0.0000 0.0000 0.0000 0.0000 0.0000 0.0000 0.0000 0.0000 0.0000 0.0000 0.0000 0.0000 0.0000 0.0000 0.0000 0.0000 0.0000 0.0000 0.0000 0.0000 0.0000 0.0000 0.0000 0.0000 0.0000 0.0000 0.0000 0.0000 0.0000 0.0000 0.0000 0.0000 0.0000 0.0000 0.0000 0.0000 0.0000 0.0000 0.0000 0.0000 0.0000 0.0000 0.0000 0.0000 0.0000 0.0000 0.0000 0.0000 0.0000 0.0000 0.0000 0.0000 0.0000 0.0000 0.0000 0.0000 0.0000 0.0000 0.0000 0.0000 0.0000 0.0000 0.0000 0.0000 0.0000 0.0000 0.0000 0.0000 0.0000 0.0000 0.0000 0.0000 0.0000 0.0000 0.0000 0.0000 0.0000 0.0000 0.0000 0.0000 0.0000 0.0000 0.0000 0.0000 0.0000 0.0000 0.0000 0.0000 0.0000 0.0000 0.0000 0.0000 0.0000 0.0000 0.0000 0.0000 0.0000 0.0000 0.0000 0.0000 0.0000 0.0000 0.0000 0.0000 0.0000 0.0000 0.0000 0.0000 0.0000 0.0000 0.0000 0.0000 0.0000 0.0000 0.0000 0.0000 0.0000 0.0000 0.0000 0.0000 0.0000 0.0000 0.0000 0.0000 0.0000 0.0000 0.0000 0.0000 0.0000 0.0000 0.0000 0.0000 0.0000 0.0000 0.0000 0.0000 0.0000 0.0000 0.0000 0.0000 0.0000 0.0000 0.0000 0.0000 0.0000 0.0000 0.0000 0.0000 0.0000 0.0000 0.0000 0.0000 0.0000 0.0000 0.0000 0.0000 0.0000 0.0000 0.0000 0.0000 0.0000 0.0000 0.0000 0.0000 0.0000 0.0000 0.0000 0.0000 0.0000 0.0000 0.0000 0.0000 0.0000 0.0000 0.0000 0.0000 0.0000 0.0000 0.0000 0.0000 0.0000 0.0000 0.0000 0.0000 0.0000 0.0000 0.0000 0.0000 0.0000 0.0000 0.0000 0.0000 0.0000 0.0000 0.0000 0.0000 0.0000 0.0000 0.0000 0.0000 0.0000 0.0000 0.0000 0.0000 0.0000 0.0000 0.0000 0.0000 0.0000 0.0000 0.0000 0.0000 0.0000 0.0000 0.0000 0.0000 0.0000 0.0000 0.0000 0.0000 0.0000 0.0000 0.0000 0.0000 0.0000 0.0000 0.0000 0.0000 0.0000 0.0000 0.0000 0.0000 0.0000 0.0000 0.0000 0.0000 0.0000 0.0000 0.0000 0.0000 0.0000 0.0000 0.0000 0.0000 0.0000 0.0000 0.0000 0.0000 0.0000 0.0000 0.0000 0.0000 0.0000 0.0000 0.0000 0.0000 0.0000 0.0000 0.0000 0.0000 0.0000 0.0000 0.0000 0.0000 0.0000 0.0000 0.0000 0.0000 0.0000 0.0000 0.0000 0.0000 0.0000 0.0000 0.0000 0.0000 0.0000 0.0000 0.0000 0.0000 0.0000 0.0000 0.0000 0.0000 0.0000 0.0000 0.0000 0.0000 0.0000 0.0000 0.0000 0.0000 0.0000 0.0000 0.0000 0.0000 0.0000 0.0000 0.0000 0.0000 0.0000 0.0000 0.0000 0.0000 0.0000 0.0000 0.0000 0.0000 0.0000 0.0000 0.0000 0.0000 0.0000 0.0000 0.0000 0.0000 0.0000 0.0000 0.0000 0.0000 0.0000 0.0000 0.0000 0.0000 0.0000 0.0000 0.0000 0.0000 0.0000 0.0000 0.0000 0.0000 0.0000 0.0000 0.0000 0.0000 0.0000 0.0000 0.0000 0.0000 0.0000 0.0000 0.0000 0.0000 0.0000 0.0000 0.0000 0.0000 0.0000 0.0000 0.0000 0.0000 0.0000 0.0000 0.0000 0.0000 0.0000 0.0000 0.0000 0.0000 0.0000 0.0000 0.0000 0.0000 0.0000 0.0000 0.0000 0.0000 0.0000 0.0000 0.0000 0.0000 0.0000 0.0000 0.0000 0.0000 0.0000 0.0000 0.0000 0.0000 0.0000 0.0000 0.0000 0.0000 0.0000 0.0000 0.0000 0.0000 0.0000 0.0000 0.0000 0.0000 0.0000 0.0000 0.0000 0.0000 0.0000 0.0000 0.0000 0.0000 0.0000 0.0000 0.0000 0.0000 0.0000 0.0000 0.0000 0.0000 0.0000 0.0000 0.0000 0.0000 0.0000 0.0000 0.0000 0.0000 0.0000 0.0000 0.0000 0.0000 0.0000 0.0000 0.0000 0.0000 0.0000 0.0000 0.0000 0.0000 0.0000 0.0000 0.0000 0.0000 0.0000 0.0000 0.0000 0.0000 0.0000 0.0000 0.0000 0.0000 0.0000 0.0000 0.0000 0.0000 0.0000 0.0000 0.0000 0.0000 0.0000 0.0000 0.0000 0.0000 0.0000 0.0000 0.0000 0.0000 0.0000 0.0000 0.0000 0.0000 0.0000 0.0000 0.0000 0.0000 0.0000 0.0000 0.0000 0.0000 0.0000 0.0000 0.0000 0.0000 0.0000 0.0000 0.0000 0.0000 0.0000 0.0000 0.0000 0.0000 0.0000 0.0000 0.0000 0.0000 0.0000 0.0000 0.0000 0.0000 0.0000 0.0000 0.0000 0.0000 0.0000 0.0000 0.0000 0.0000 0.0000 0.0000 0.0000 0.0000 0.0000 0.0000 0.0000 0.0000 0.0000 0.0000 0.0000 0.0000 0.0000 0.0000 0.0000 0.0000 0.0000 0.0000 0.0000 0.0000 0.0000 0.0000 0.0000 0.0000 0.0000 0.0000 0.0000 0.0000 0.0000 0.0000 0.0000 0.0000 0.0000 0.0000 0.0000 0.0000 0.0000 0.0000 0.0000 0.0000 0.0000 0.0000 0.0000 0.0000 0.0000 0.0000 0.0000 0.0000 0.0000 0.0000 0.0000 0.0000 0.0000 0.0000 0.0000 0.0000 0.0000 0.0000 0.0000 0.0000 0.0000 0.0000 0.0000 0.0000 0.0000 0.0000 0.0000 0.0000 0.0000 0.0000 0.0000 0.0000 0.0000 0.0000 0.0000 0.0000 0.0000 0.0000 0.0000 0.0000 0.0000 0.0000 0.0000 0.0000 0.0000 0.0000 0.0000 0.0000 0.0000 0.0000 0.0000 0.0000 0.0000 0.0000 0.0000 0.0000 0.0000 0.0000 0.0000 0.0000 0.0000 0.0000 0.0000 0.0000 0.0000 0.0000 0.0000 0.0000 0.0000 0.0000 0.0000 0.0000 0.0000 0.0000 0.0000 0.0000 0.0000 0.0000 0.0000 0.0000 0.0000 0.0000 0.0000 0.0000 0.0000 0.0000 0.0000 0.0000 0.0000 0.0000 0.0000 0.0000 0.0000 0.0000 0.0000 0.0000 0.0000 0.0000 0.0000 0.0000 0.0000 0.0000 0.0000 0.0000 0.0000 0.0000 0.0000 0.0000 0.0000 0.0000 0.0000 0.0000 0.0000 0.0000 0.0000 0.0000 0.0000 0.0000 0.0000 0.0000 0.0000 0.0000 0.0000 0.0000 0.0000 0.0000 0.0000 0.0000 0.0000 0.0000 0.0000 0.0000 0.0000 0.0000 0.0000 0.0000 0.0000 0.0000 0.0000 0.0000 0.0000 0.0000 0.0000 0.0000 0.0000 0.0000 0.0000 0.0000 0.0000 0.0000 0.0000 0.0000 0.0000 0.0000 0.0000 0.0000 0.0000 0.0000 0.0000 0.0000 0.0000 0.0000 0.0000 0.0000 0.0000 0.0000 0.0000 0.0000 0.0000 0.0000 0.0000 0.0000 0.0000 0.0000 0.0000 0.0000 0.0000 0.0000 0.0000 0.0000 0.0000 0.0000 0.0000 0.0000 0.0000 0.0000 0.0000 0.0000 0.0000 0.0000 0.0000 0.0000 0.0000 0.0000 0.0000 0.0000 0.0000 0.0000 0.0000 0.0000 0.0000 0.0000 0.0000 0.0000 0.0000 0.0000 0.0000 0.0000 0.0000 0.0000 0.0000 0.0000 0.0000 0.0000 0.0000 0.0000 0.0000 0.0000 0.0000 0.0000 0.0000 0.0000 0.0000 0.0000 0.0000 0.0000 0.0000 0.0000 0.0000 0.0000 0.0000 0.0000 0.0000 0.0000 0.0000 0.0000 0.0000 0.0000 0.0000 0.0000 0.0000 0.0000 0.0000 0.0000 0.0000 0.0000 0.0000 0.0000 0.0000 0.0000 0.0000 0.0000 0.0000 0.0000 0.0000 0.0000 0.0000 0.0000 0.0000 0.0000 0.0000 0.0000 0.0000 0.0000 0.0000 0.0000 0.0000 0.0000 0.0000 0.0000 0.0000 0.0000 0.0000 0.0000 0.0000 0.0000 0.0000 0.0000 0.0000 0.0000 0.0000 0.0000 0.0000 0.0000 0.0000 0.0000 0.0000 0.0000 0.0000 0.0000 0.0000 0.0000 0.0000 0.0000 0.0000 0.0000 0.0000 0.0000 0.0000 0.0000 0.0000 0.0000 0.0000 0.0000 0.0000 0.0000 0.0000 0.0000 0.0000 0.0000 0.0000 0.0000 0.0000 0.0000 0.0000 0.0000 0.0000 0.0000 0.0000 0.0000 0.0000 0.0000 0.0000 0.0000 0.0000 0.0000 0.0000 0.0000 0.0000 0.0000 0.0000 0.0000 0.0000 0.0000 0.0000 0.0000 0.0000 0.0000 0.0000 0.0000 0.0000 0.0000 0.0000 0.0000 0.0000 0.0000 0.0000 0.0000 0.0000 0.0000 0.0000 0.0000 0.0000 0.0000 0.0000 0.0000 0.0000 0.0000 0.0000 0.0000 0.0000 0.0000 0.0000 0.0000 0.0000 0.0000 0.0000 0.0000 0.0000 0.0000 0.0000 0.0000 0.0000 0.0000 0.0000 0.0000 0.0000 0.0000 0.0000 0.0000 0.0000 0.0000 0.0000 0.0000 0.0000 0.0000 0.0000 0.0000 0.0000 0.0000 0.0000 0.0000 0.0000 0.0000 0.0000 0.0000 0.0000 0.0000 0.0000 0.0000 0.0000 0.0000 0.0000 0.0000 0.0000 0.0000 0.0000 0.0000 0.0000 0.0000 0.0000 0.0000 0.0000 0.0000 0.0000 0.0000 0.0000 0.0000 0.0000 0.0000 0.0000 0.0000 0.0000 0.0000 0.0000 0.0000 0.0000 0.0000 0.0000 0.0000 0.0000 0.0000 0.0000 0.0000 0.0000 0.0000 0.0000 0.0000 0.0000 0.0000 0.0000 0.0000 0.0000 0.0000 0.0000 0.0000 0.0000 0.0000 0.0000 0.0000 0.0000 0.0000 0.0000 0.0000 0.0000 0.0000 0.0000 0.0000 0.0000 0.0000 0.0000 0.0000 0.0000 0.0000 0.0000 0.0000 0.0000 0.0000 0.0000 0.0000 0.0000 0.0000 0.0000 0.0000 0.0000 0.0000 0.0000 0.0000 0.0000 0.0000 0.0000 0.0000 0.0000 0.0000 0.0000 0.0000 0.0000 0.0000 0.0000 0.0000 0.0000 0.0000 0.0000 0.0000 0.0000 0.0000 0.0000 0.0000 0.0000 0.0000 0.0000 0.0000 0.0000 0.0000 0.0000 0.0000 0.0000 0.0000 0.0000 0.0000 0.0000 0.0000 0.0000 0.0000 0.0000 0.0000 0.0000 0.0000 0.0000 0.0000 0.0000 0.0000 0.0000 0.0000 0.0000 0.0000 0.0000 0.0000 0.0000 0.0000 0.0000 0.0000 0.0000 0.0000 0.0000 0.0000 0.0000 0.0000 0.0000 0.0000 0.0000 0.0000 0.0000 0.0000 0.0000 0.0000 0.0000 0.0000 0.0000 0.0000 0.0000 0.0000 0.0000 0.0000 0.0000 0.0000 0.0000 0.0000 0.0000 0.0000 0.0000 0.0000 0.0000 0.0000 0.0000 0.0000 0.0000 0.0000 0.0000 0.0000 0.0000 0.0000 0.0000 0.0000 0.0000 0.0000 0.0000 0.0000 0.0000 0.0000 0.0000 0.0000 0.0000 0.0000 0.0000 0.0000 0.0000 0.0000 0.0000 0.0000 0.0000 0.0000 0.0000 0.0000 0.0000 0.0000 0.0000 0.0000 0.0000 0.0000 0.0000 0.0000 0.0000 0.0000 0.0000 0.0000 0.0000 0.0000 0.0000 0.0000 0.0000 0.0000 0.0000 0.0000 0.0000 0.0000 0.0000 0.0000 0.0000 0.0000 0.0000 0.0000 0.0000 0.0000 0.0000 0.0000 0.0000 0.0000 0.0000 0.0000 0.0000 0.0000 0.0000 0.0000 0.0000 0.0000 0.0000 0.0000 0.0000 0.0000 0.0000 0.0000 0.0000 0.0000 0.0000 0.0000 0.0000 0.0000 0.0000 0.0000 0.0000 0.0000 0.0000 0.0000 0.0000 0.0000 0.0000 0.0000 0.0000 0.0000 0.0000 0.0000 0.0000 0.0000 0.0000 0.0000 0.0000 0.0000 0.0000 0.0000 0.0000 0.0000 0.0000 0.0000 0.0000 0.0000 0.0000 0.0000 0.0000 0.0000 0.0000 0.0000 0.0000 0.0000 0.0000 0.0000 0.0000 0.0000 0.0000 0.0000 0.0000 0.0000 0.0000 0.0000 0.0000 0.0000 0.0000 0.0000 0.0000 0.0000 0.0000 0.0000 0.0000 0.0000 0.0000 0.0000 0.0000 0.0000 0.0000 0.0000 0.0000 0.0000 0.0000 0.0000 0.0000 0.0000 0.0000 0.0000 0.0000 0.0000 0.0000 0.0000 0.0000 0.0000 0.0000 0.0000 0.0000 0.0000 0.0000 0.0000 0.0000 0.0000 0.0000 0.0000 0.0000 0.0000 0.0000 0.0000 0.0000 0.0000 0.0000 0.0000 0.0000 0.0000 0.0000 0.0000 0.0000 0.0000 0.0000 0.0000 0.0000 0.0000 0.0000 0.0000 0.0000 0.0000 0.0000 0.0000 0.0000 0.0000 0.0000 0.0000 0.0000 0.0000 0.0000 0.0000 0.0000 0.0000 0.0000 0.0000 0.0000 0.0000 0.0000 0.0000 0.0000 0.0000 0.0000 0.0000 0.0000 0.0000 0.0000 0.0000 0.0000 0.0000 0.0000 0.0000 0.0000 0.0000 0.0000 0.0000 0.0000 0.0000 0.0000 0.0000 0.0000 0.0000 0.0000 0.0000 0.0000 0.0000 0.0000 0.0000 0.0000 0.0000 0.0000 0.0000 0.0000 0.0000 0.0000 0.0000 0.0000 0.0000 0.0000 0.0000 0.0000 0.0000 0.0000 0.0000 0.0000 0.0000 0.0000 0.0000 0.0000 0.0000 0.0000 0.0000 0.0000 0.0000 0.0000 0.0000 0.0000 0.0000 0.0000 0.0000 0.0000 0.0000 0.0000 0.0000 0.0000 0.0000 0.0000 0.0000 0.0000 0.0000 0.0000 0.0000 0.0000 0.0000 0.0000 0.0000 0.0000 0.0000 0.0000 0.0000 0.0000 0.0000 0.0000 0.0000 0.0000 0.0000 0.0000 0.0000 0.0000 0.0000 0.0000 0.0000 0.0000 0.0000 0.0000 0.0000 0.0000 0.0000 0.0000 0.0000 0.0000 0.0000 0.0000 0.0000 0.0000 0.0000 0.0000 0.0000 0.0000 0.0000 0.0000 0.0000 0.0000 0.0000 0.0000 0.0000 0.0000 0.0000 0.0000 0.0000 0.0000 0.0000 0.0000 0.0000 0.0000 0.0000 0.0000 0.0000 0.0000 0.0000 0.0000 0.0000 0.0000 0.0000 0.0000 0.0000 0.0000 0.0000 0.0000 0.0000 0.0000 0.0000 0.0000 0.0000 0.0000 0.0000 0.0000 0.0000 0.0000 0.0000 0.0000 0.0000 0.0000 0.0000 0.0000 0.0000 0.0000 0.0000 0.0000 0.0000 0.0000 0.0000 0.0000 0.0000 0.0000 0.0000 0.0000 0.0000 0.0000 0.0000 0.0000 0.0000 0.0000 0.0000 0.0000 0.0000 0.0000 0.0000 0.0000 0.0000 0.0000 0.0000 0.0000 0.0000 0.0000 0.0000 0.0000 0.0000 0.0000 0.0000 0.0000 0.0000 0.0000 0.0000 0.0000 0.0000 0.0000 0.0000 0.0000 0.0000 0.0000 0.0000 0.0000 0.0000 0.0000 0.0000 0.0000 0.0000 0.0000 0.0000 0.0000 0.0000 0.0000 0.0000 0.0000 0.0000 0.0000 0.0000 0.0000 0.0000 0.0000 0.0000 0.0000 0.0000 0.0000 0.0000 0.0000 0.0000 0.0000 0.0000 0.0000 0.0000 0.0000 0.0000 0.0000 0.0000 0.0000 0.0000 0.0000 0.0000 0.0000 0.0000 0.0000 0.0000 0.0000 0.0000 0.0000 0.0000 0.0000 0.0000 0.0000 0.0000 0.0000 0.0000 0.0000 0.0000 0.0000 0.0000 0.0000 0.0000 0.0000 0.0000 0.0000 0.0000 0.0000 0.0000 0.0000 0.0000 0.0000 0.0000 0.0000 0.0000 0.0000 0.0000 0.0000 0.0000 0.0000 0.0000 0.0000 0.0000 0.0000 0.0000 0.0000 0.0000 0.0000 0.0000 0.0000 0.0000 0.0000 0.0000 0.0000 0.0000 0.0000 0.0000 0.0000 0.0000 0.0000 0.0000 0.0000 0.0000 0.0000 0.0000 0.0000 0.0000 0.0000 0.0000 0.0000 0.0000 0.0000 0.0000 0.0000 0.0000 0.0000 0.0000 0.0000 0.0000 0.0000 0.0000 0.0000 0.0000 0.0000 0.0000 0.0000 0.0000 0.0000 0.0000 0.0000 0.0000 0.0000 0.0000 0.0000 0.0000 0.0000 0.0000 0.0000 0.0000 0.0000 0.0000 0.0000 0.0000 0.0000 0.0000 0.0000 0.0000 0.0000 0.0000 0.0000 0.0000 0.0000 0.0000 0.0000 0.0000 0.0000 0.0000 0.0000 0.0000 0.0000 0.0000 0.0000 0.0000 0.0000 0.0000 0.0000 0.0000 0.0000 0.0000 0.0000 0.0000 0.0000 0.0000 0.0000 0.0000 0.0000 0.0000 0.0000 0.0000 0.0000 0.0000 0.0000 0.0000 0.0000 0.0000 0.0000 0.0000 0.0000 0.0000 0.0000 0.0000 0.0000 0.0000 0.0000 0.0000 0.0000 0.0000 0.0000 0.0000 0.0000 0.0000 0.0000 0.0000 0.0000 0.0000 0.0000 0.0000 0.0000 0.0000 0.0000 0.0000 0.0000 0.0000 0.0000 0.0000 0.0000 0.0000 0.0000 0.0000 0.0000 0.0000 0.0000 0.0000 0.0000 0.0000 0.0000 0.0000 0.0000 0.0000 0.0000 0.0000 0.0000 0.0000 0.0000 0.0000 0.0000 0.0000 0.0000 0.0000 0.0000 0.0000 0.0000 0.0000 0.0000 0.0000 0.0000 0.0000 0.0000 0.0000 0.0000 0.0000 0.0000 0.0000 0.0000 0.0000 0.0000 0.0000 0.0000 0.0000 0.0000 0.0000 0.0000 0.0000 0.0000 0.0000 0.0000 0.0000 0.0000 0.0000 0.0000 0.0000 0.0000 0.0000 0.0000 0.0000 0.0000 0.0000 0.0000 0.0000 0.0000 0.0000 0.0000 0.0000 0.0000 0.0000 0.0000 0.0000 0.0000 0.0000 0.0000 0.0000 0.0000 0.0000 0.0000 0.0000 0.0000 0.0000 0.0000 0.0000 0.0000 0.0000 0.0000 0.0000 0.0000 0.0000 0.0000 0.0000 0.0000 0.0000 0.0000 0.0000 0.0000 0.0000 0.0000 0.0000 0.0000 0.0000 0.0000 0.0000 0.0000 0.0000 0.0000 0.0000 0.0000 0.0000 0.0000 0.0000 0.0000 0.0000 0.0000 0.0000 0.0000 0.0000 0.0000 0.0000 0.0000 0.0000 0.0000 0.0000 0.0000 0.0000 0.0000 0.0000 0.0000 0.0000 0.0000 0.0000 0.0000 0.0000 0.0000 0.0000 0.0000 0.0000 0.0000 0.0000 0.0000 0.0000 0.0000 0.0000 0.0000 0.0000 0.0000 0.0000 0.0000 0.0000 0.0000 0.0000 0.0000 0.0000 0.0000 0.0000 0.0000 0.0000 0.0000 0.0000 0.0000 0.0000 0.0000 0.0000 0.0000 0.0000 0.0000 0.0000 0.0000 0.0000 0.0000 0.0000 0.0000 0.0000 0.0000 0.0000 0.0000 0.0000 0.0000 0.0000 0.0000 0.0000 0.0000 0.0000 0.0000 0.0000 0.0000 0.0000 0.0000 0.0000 0.0000 0.0000 0.0000 0.0000 0.0000 0.0000 0.0000 0.0000 0.0000 0.0000 0.0000 0.0000 0.0000 0.0000 0.0000 0.0000 0.0000 0.0000 0.0000 0.0000 0.0000 0.0000 0.0000 0.0000 0.0000 0.0000 0.0000 0.0000 0.0000 0.0000 0.0000 0.0000 0.0000 0.0000 0.0000 0.0000 0.0000 0.0000 0.0000 0.0000 0.0000 0.0000 0.0000 0.0000 0.0000 0.0000 0.0000 0.0000 0.0000 0.0000 0.0000 0.0000 0.0000 0.0000 0.0000 0.0000 0.0000 0.0000 0.0000 0.0000 0.0000 0.0000 0.0000 0.0000 0.0000 0.0000 0.0000 0.0000 0.0000 0.0000 0.0000 0.0000 0.0000 0.0000 0.0000 0.0000 0.0000 0.0000 0.0000 0.0000 0.0000 0.0000 0.0000 0.0000 0.0000 0.0000 0.0000 0.0000 0.0000 0.0000 0.0000 0.0000 0.0000 0.0000 0.0000 0.0000 0.0000 0.0000 0.0000 0.0000 0.0000 0.0000 0.0000 0.0000 0.0000 0.0000 0.0000 0.0000 0.0000 0.0000 0.0000 0.0000 0.0000 0.0000 0.0000 0.0000 0.0000 0.0000 0.0000 0.0000 0.0000 0.0000 0.0000 0.0000 0.0000 0.0000 0.0000 0.0000 0.0000 0.0000 0.0000 0.0000 0.0000 0.0000 0.0000 0.0000 0.0000 0.0000 0.0000 0.0000 0.0000 0.0000 0.0000 0.0000 0.0000 0.0000 0.0000 0.0000 0.0000 0.0000 0.0000 0.0000 0.0000 0.0000 0.0000 0.0000 0.0000 0.0000 0.0000 0.0000 0.0000 0.0000 0.0000 0.0000 0.0000 0.0000 0.0000 0.0000 0.0000 0.0000 0.0000 0.0000 0.0000 0.0000 0.0000 0.0000 0.0000 0.0000 0.0000 0.0000 0.0000 0.0000 0.0000 0.0000 0.0000 0.0000 0.0000 0.0000 0.0000 0.0000 0.0000 0.0000 0.0000 0.0000 0.0000 0.0000 0.0000 0.0000 0.0000 0.0000 0.0000 0.0000 0.0000 0.0000 0.0000 0.0000 0.0000 0.0000 0.0000 0.0000 0.0000 0.0000 0.0000 0.0000 0.0000 0.0000 0.0000 0.0000 0.0000 0.0000 0.0000 0.0000 0.0000 0.0000 0.0000 0.0000 0.0000 0.0000 0.0000 0.0000 0.0000 0.0000 0.0000 0.0000 0.0000 0.0000 0.0000 0.0000 0.0000 0.0000 0.0000 0.0000 0.0000 0.0000 0.0000 0.0000 0.0000 0.0000 0.0000 0.0000 0.0000 0.0000 0.0000 0.0000 0.0000 0.0000 0.0000 0.0000 0.0000 0.0000 0.0000 0.0000 0.0000 0.0000 0.0000 0.0000 0.0000 0.0000 0.0000 0.0000 0.0000 0.0000 0.0000 0.0000 0.0000 0.0000 0.0000 0.0000 0.0000 0.0000 0.0000 0.0000 0.0000 0.0000 0.0000 0.0000 0.0000 0.0000 0.0000 0.0000 0.0000 0.0000 0.0000 0.0000 0.0000 0.0000 0.0000 0.0000 0.0000 0.0000 0.0000 0.0000 0.0000 0.0000 0.0000 0.0000 0.0000 0.0000 0.0000 0.0000 0.0000 0.0000 0.0000 0.0000 0.0000 0.0000 0.0000 0.0000 0.0000 0.0000 0.0000 0.0000 0.0000 0.0000 0.0000 0.0000 0.0000 0.0000 0.0000 0.0000 0.0000 0.0000 0.0000 0.0000 0.0000 0.0000 0.0000 0.0000 0.0000 0.0000 0.0000 0.0000 0.0000 0.0000 0.0000 0.0000 0.0000 0.0000 0.0000 0.0000 0.0000 0.0000 0.0000 0.0000 0.0000 0.0000 0.0000 0.0000 0.0000 0.0000 0.0000 0.0000 0.0000 0.0000 0.0000 0.0000 0.0000 0.0000 0.0000 0.0000 0.0000 0.0000 0.0000 0.0000 0.0000 0.0000 0.0000 0.0000 0.0000 0.0000 0.0000 0.0000 0.0000 0.0000 0.0000 0.0000 0.0000 0.0000 0.0000 0.0000 0.0000 0.0000 0.0000 0.0000 0.0000 0.0000 0.0000 0.0000 0.0000 0.0000 0.0000 0.0000 0.0000 0.0000 0.0000 0.0000 0.0000 0.0000 0.0000 0.0000 0.0000 0.0000 0.0000 0.0000 0.0000 0.0000 0.0000 0.0000 0.0000 0.0000 0.0000 0.0000 0.0000 0.0000 0.0000 0.0000 0.0000 0.0000
</DataArray>
<DataArray type="Int32" Name="lipid_id" format="ascii">
0 0 0 0 0 0 0 0 0 0 0 0 0 0 0 0 0 0 0 0 0 0 0 0 0 0 0 0 0 0 0 0 0 0 0 0 0 0 0 0 0 0 0 0 0 0 0 0 0 0 0 0 0 0 0 0 0 0 0 0 0 0 0 0 0 0 0 0 0 0 0 0 0 0 0 0 0 0 0 0 0 0 0 0 0 0 0 0 0 0 0 0 0 0 0 0 0 0 0 0 0 0 0 0 0 0 0 0 0 0 0 0 0 0 0 0 0 0 0 0 0 0 0 0 0 0 0 0 0 0 0 0 0 0 0 0 0 0 0 0 0 0 0 0 0 0 0 0 0 0 0 0 0 0 0 0 0 0 0 0 0 0 0 0 0 0 0 0 0 0 0 0 0 0 0 0 0 0 0 0 0 0 0 0 0 0 0 0 0 0 0 0 0 0 0 0 0 0 0 0 0 0 0 0 0 0 0 0 0 0 0 0 0 0 0 0 0 0 0 0 0 0 0 0 0 0 0 0 0 0 0 0 0 0 0 0 0 0 0 0 0 0 0 0 0 0 0 0 0 0 0 0 0 0 0 0 0 0 0 0 0 0 0 0 0 0 0 0 0 0 0 0 0 0 0 0 0 0 0 0 0 0 0 0 0 0 0 0 0 0 0 0 0 0 0 0 0 0 0 0 0 0 0 0 0 0 0 0 0 0 0 0 0 0 0 0 0 0 0 0 0 0 0 0 0 0 0 0 0 0 0 0 0 0 0 0 0 0 0 0 0 0 0 0 0 0 0 0 0 0 0 0 0 0 0 0 0 0 0 0 0 0 0 0 0 0 0 0 0 0 0 0 0 0 0 0 0 0 0 0 0 0 0 0 0 0 0 0 0 0 0 0 0 0 0 0 0 0 0 0 0 0 0 0 0 0 0 0 0 0 0 0 0 0 0 0 0 0 0 0 0 0 0 0 0 0 0 0 0 0 0 0 0 0 0 0 0 0 0 0 0 0 0 0 0 0 0 0 0 0 0 0 0 0 0 0 0 0 0 0 0 0 0 0 0 0 0 0 0 0 0 0 0 0 0 0 0 0 0 0 0 0 0 0 0 0 0 0 0 0 0 0 0 0 0 0 0 0 0 0 0 0 0 0 0 0 0 0 0 0 0 0 0 0 0 0 0 0 0 0 0 0 0 0 0 0 0 0 0 0 0 0 0 0 0 0 0 0 0 0 0 0 0 0 0 0 0 0 0 0 0 0 0 0 0 0 0 0 0 0 0 0 0 0 0 0 0 0 0 0 0 0 0 0 0 0 0 0 0 0 0 0 0 0 0 0 0 0 0 0 0 0 0 0 0 0 0 0 0 0 0 0 0 0 0 0 0 0 0 0 0 0 0 0 0 0 0 0 0 0 0 0 0 0 0 0 0 0 0 0 0 0 0 0 0 0 0 0 0 0 0 0 0 0 0 0 0 0 0 0 0 0 0 0 0 0 0 0 0 0 0 0 0 0 0 0 0 0 0 0 0 0 0 0 0 0 0 0 0 0 0 0 0 0 0 0 0 0 0 0 0 0 0 0 0 0 0 0 0 0 0 0 0 0 0 0 0 0 0 0 0 0 0 0 0 0 0 0 0 0 0 0 0 0 0 0 0 0 0 0 0 0 0 0 0 0 0 0 0 0 0 0 0 0 0 0 0 0 0 0 0 0 0 0 0 0 0 0 0 0 0 0 0 0 0 0 0 0 0 0 0 0 0 0 0 0 0 0 0 0 0 0 0 0 0 0 0 0 0 0 0 0 0 0 0 0 0 0 0 0 0 0 0 0 0 0 0 0 0 0 0 0 0 0 0 0 0 0 0 0 0 0 0 0 0 0 0 0 0 0 0 0 0 0 0 0 0 0 0 0 0 0 0 0 0 0 0 0 0 0 0 0 0 0 0 0 0 0 0 0 0 0 0 0 0 0 0 0 0 0 0 0 0 0 0 0 0 0 0 0 0 0 0 0 0 0 0 0 0 0 0 0 0 0 0 0 0 0 0 0 0 0 0 0 0 0 0 0 0 0 0 0 0 0 0 0 0 0 0 0 0 0 0 0 0 0 0 0 0 0 0 0 0 0 0 0 0 0 0 0 0 0 0 0 0 0 0 0 0 0 0 0 0 0 0 0 0 0 0 0 0 0 0 0 0 0 0 0 0 0 0 0 0 0 0 0 0 0 0 0 0 0 0 0 0 0 0 0 0 0 0 0 0 0 0 0 0 0 0 0 0 0 0 0 0 0 0 0 0 0 0 0 0 0 0 0 0 0 0 0 0 0 0 0 0 0 0 0 0 0 0 0 0 0 0 0 0 0 0 0 0 0 0 0 0 0 0 0 0 0 0 0 0 0 0 0 0 0 0 0 0 0 0 0 0 0 0 0 0 0 0 0 0 0 0 0 0 0 0 0 0 0 0 0 0 0 0 0 0 0 0 0 0 0 0 0 0 0 0 0 0 0 0 0 0 0 0 0 0 0 0 0 0 0 0 0 0 0 0 0 0 0 0 0 0 0 0 0 0 0 0 0 0 0 0 0 0 0 0 0 0 0 0 0 0 0 0 0 0 0 0 0 0 0 0 0 0 0 0 0 0 0 0 0 0 0 0 0 0 0 0 0 0 0 0 0 0 0 0 0 0 0 0 0 0 0 0 0 0 0 0 0 0 0 0 0 0 0 0 0 0 0 0 0 0 0 0 0 0 0 0 0 0 0 0 0 0 0 0 0 0 0 0 0 0 0 0 0 0 0 0 0 0 0 0 0 0 0 0 0 0 0 0 0 0 0 0 0 0 0 0 0 0 0 0 0 0 0 0 0 0 0 0 0 0 0 0 0 0 0 0 0 0 0 0 0 0 0 0 0 0 0 0 0 0 0 0 0 0 0 0 0 0 0 0 0 0 0 0 0 0 0 0 0 0 0 0 0 0 0 0 0 0 0 0 0 0 0 0 0 0 0 0 0 0 0 0 0 0 0 0 0 0 0 0 0 0 0 0 0 0 0 0 0 0 0 0 0 0 0 0 0 0 0 0 0 0 0 0 0 0 0 0 0 0 0 0 0 0 0 0 0 0 0 0 0 0 0 0 0 0 0 0 0 0 0 0 0 0 0 0 0 0 0 0 0 0 0 0 0 0 0 0 0 0 0 0 0 0 0 0 0 0 0 0 0 0 0 0 0 0 0 0 0 0 0 0 0 0 0 0 0 0 0 0 0 0 0 0 0 0 0 0 0 0 0 0 0 0 0 0 0 0 0 0 0 0 0 0 0 0 0 0 0 0 0 0 0 0 0 0 0 0 0 0 0 0 0 0 0 0 0 0 0 0 0 0 0 0 0 0 0 0 0 0 0 0 0 0 0 0 0 0 0 0 0 0 0 0 0 0 0 0 0 0 0 0 0 0 0 0 0 0 0 0 0 0 0 0 0 0 0 0 0 0 0 0 0 0 0 0 0 0 0 0 0 0 0 0 0 0 0 0 0 0 0 0 0 0 0 0 0 0 0 0 0 0 0 0 0 0 0 0 0 0 0 0 0 0 0 0 0 0 0 0 0 0 0 0 0 0 0 0 0 0 0 0 0 0 0 0 0 0 0 0 0 0 0 0 0 0 0 0 0 0 0 0 0 0 0 0 0 0 0 0 0 0 0 0 0 0 0 0 0 0 0 0 0 0 0 0 0 0 0 0 0 0 0 0 0 0 0 0 0 0 0 0 0 0 0 0 0 0 0 0 0 0 0 0 0 0 0 0 0 0 0 0 0 0 0 0 0 0 0 0 0 0 0 0 0 0 0 0 0 0 0 0 0 0 0 0 0 0 0 0 0 0 0 0 0 0 0 0 0 0 0 0 0 0 0 0 0 0 0 0 0 0 0 0 0 0 0 0 0 0 0 0 0 0 0 0 0 0 0 0 0 0 0 0 0 0 0 0 0 0 0 0 0 0 0 0 0 0 0 0 0 0 0 0 0 0 0 0 0 0 0 0 0 0 0 0 0 0 0 0 0 0 0 0 0 0 0 0 0 0 0 0 0 0 0 0 0 0 0 0 0 0 0 0 0 0 0 0 0 0 0 0 0 0 0 0 0 0 0 0 0 0 0 0 0 0 0 0 0 0 0 0 0 0 0 0 0 0 0 0 0 0 0 0 0 0 0 0 0 0 0 0 0 0 0 0 0 0 0 0 0 0 0 0 0 0 0 0 0 0 0 0 0 0 0 0 0 0 0 0 0 0 0 0 0 0 0 0 0 0 0 0 0 0 0 0 0 0 0 0 0 0 0 0 0 0 0 0 0 0 0 0 0 0 0 0 0 0 0 0 0 0 0 0 0 0 0 0 0 0 0 0 0 0 0 0 0 0 0 0 0 0 0 0 0 0 0 0 0 0 0 0 0 0 0 0 0 0 0 0 0 0 0 0 0 0 0 0 0 0 0 0 0 0 0 0 0 0 0 0 0 0 0 0 0 0 0 0 0 0 0 0 0 0 0 0 0 0 0 0 0 0 0 0 0 0 0 0 0 0 0 0 0 0 0 0 0 0 0 0 0 0 0 0 0 0 0 0 0 0 0 0 0 0 0 0 0 0 0 0 0 0 0 0 0 0 0 0 0 0 0 0 0 0 0 0 0 0 0 0 0 0 0 0 0 0 0 0 0 0 0 0 0 0 0 0 0 0 0 0 0 0 0 0 0 0 0 0 0 0 0 0 0 0 0 0 0 0 0 0 0 0 0 0 0 0 0 0 0 0 0 0 0 0 0 0 0 0 0 0 0 0 0 0 0 0 0 0 0 0 0 0 0 0 0 0 0 0 0 0 0 0 0 0 0 0 0 0 0 0 0 0 0 0 0 0 0 0 0 0 0 0 0 0 0 0 0 0 0 0 0 0 0 0 0 0 0 0 0 0 0 0 0 0 0 0 0 0 0 0 0 0 0 0 0 0 0 0 0 0 0 0 0 0 0 0 0 0 0 0 0 0 0 0 0 0 0 0 0 0 0 0 0 0 0 0 0 0 0 0 0 0 0 0 0 0 0 0 0 0 0 0 0 0 0 0 0 0 0 0 0 0 0 0 0 0 0 0 0 0 0 0 0 0 0 0 0 0 0 0 0 0 0 0 0 0 0 0 0 0 0 0 0 0 0 0 0 0 0 0 0 0 0 0 0 0 0 0 0 0 0 0 0 0 0 0 0 0 0 0 0 0 0 0 0 0 0 0 0 0 0 0 0 0 0 0 0 0 0 0 0 0 0 0 0 0 0 0 0 0 0 0 0 0 0 0 0 0 0 0 0 0 0 0 0 0 0 0 0 0 0 0 0 0 0 0 0 0 0 0 0 0 0 0 0 0 0 0 0 0 0 0 0 0 0 0 0 0 0 0 0 0 0 0 0 0 0 0 0 0 0 0 0 0 0 0 0 0 0 0 0 0 0 0 0 0 0 0 0 0 0 0 0 0 0 0 0 0 0 0 0 0 0 0 0 0 0 0 0 0 0 0 0 0 0 0 0 0 0 0 0 0 0 0 0 0 0 0 0 0 0 0 0 0 0 0 0 0 0 0 0 0 0 0 0 0 0 0 0 0 0 0 10 10 10 10 10 10 10 10 10 10 10 10 10 10 10 10 10 10 10 10 10 10 10 10 10 10 10 10 10 10 10 10 10 10 10 10 10 10 10 10 10 10 10 10 10 10 10 10 10 10 10 10 10 10 10 10 10 10 10 10 10 10 10 10 10 10 10 10 10 10 10 10 10 10 10 10 10 10 10 10 10 10 10 10 10 10 10 10 10 10 10 10 10 10 10 10 10 10 10 10 10 10 10 10 10 10 10 10 10 10 10 10 10 10 10 10 10 10 10 10 10 10 10 10 10 10 10 10 10 10 10 10 10 10 10 10 10 10 10 10 10 10 10 10 10 10 10 10 10 10 10 10 10 10 10 10 10 10 10 10 10 10 10 10 10 10 10 10 10 10 10 10 10 10 10 10 10 10 10 10 10 10 10 10 10 10 10 10 10 10 10 10 10 10 10 10 10 10 10 10 10 10 10 10 10 10 10 10 10 10 10 10 10 10 10 10 10 10 10 10 10 10 10 10 10 10 10 10 10 10 10 10 10 10 10 10 10 10 10 10 10 10 10 10 10 10 10 10 10 10 10 10 10 10 10 10 10 10 10 10 10 10 10 10 10 10 10 10 10 10 10 10 10 10 10 10 10 10 10 10 10 10 10 10 10 10 10 10 10 10 10 10 10 10 10 10 10 10 10 10 10 10 10 10 10 10 10 10 10 10 10 10 10 10 10 10 10 10 10 10 10 10 10 10 10 10 10 10 10 10 10 10 10 10 10 10 10 10 10 10 10 10 10 10 10 10 10 10 10 10 10 10 10 10 10 10 10 10 10 10 10 10 10 10 10 10 10 10 10 10 10 10 10 10 10 10 10 10 10 10 10 10 10 10 10 10 10 10 10 10 10 10 10 10 10 10 10 10 10 10 10 10 10 10 10 10 10 10 10 10 10 10 10 10 10 10 10 10 10 10 10 10 10 10 10 10 10 10 10 10 10 10 10 10 10 10 10 10 10 10 10 10 10 10 10 10 10 10 10 10 10 10 10 10 10 10 10 10 10 10 10 10 10 10 10 10 10 10 10 10 10 10 10 10 10 10 10 10 10 10 10 10 10 10 10 10 10 10 10 10 10 10 10 10 10 10 10 10 10 10 10 10 10 10 10 10 10 10 10 10 10 10 10 10 10 10 10 10 10 10 10 10 10 10 10 10 10 10 10 10 10 10 10 10 10 10 10 10 10 10 10 10 10 10 10 10 10 10 10 10 10 10 10 10 10 10 10 10 10 10 10 10 10 10 10 10 10 10 10 10 10 10 10 10 10 10 10 10 10 10 10 10 10 10 10 10 10 10 10 10 10 10 10 10 10 10 10 10 10 10 10 10 10 10 10 10 10 10 10 10 10 10 10 10 10 10 10 10 10 10 10 10 10 10 10 10 10 10 10 10 10 10 10 10 10 10 10 10 10 10 10 10 10 10 10 10 10 10 10 10 10 10 10 10 10 10 10 10 10 10 10 10 10 10 10 10 10 10 10 10 10 10 10 10 10 10 10 10 10 10 10 10 10 10 10 10 10 10 10 10 10 10 10 10 10 10 10 10 10 10 10 10 10 10 10 10 10 10 10 10 10 10 10 10 10 10 10 10 10 10 10 10 10 10 10 10 10 10 10 10 10 10 10 10 10 10 10 10 10 10 10 10 10 10 10 10 10 10 10 10 10 10 10 10 10 10 10 10 10 10 10 10 10 10 10 10 10 10 10 10 10 10 10 10 10 10 10 10 10 10 10 10 10 10 10 10 10 10 10 10 10 10 10 10 10 10 10 10 10 10 10 10 10 10 10 10 10 10 10 10 10 10 10 10 10 10 10 10 10 10 10 10 10 10 10 10 10 10 10 10 10 10 10 10 10 10 10 10 10 10 10 10 10 10 10 10 10 10 10 10 10 10 10 10 10 10 10 10 10 10 10 10 10 10 10 10 10 10 10 10 10 10 10 10 10 10 10 10 10 10 10 10 10 10 10 10 10 10 10 10 10 10 10 10 10 10 10 10 10 10 10 10 10 10 10 10 10 10 10 10 10 10 10 10 10 10 10 10 10 10 10 10 10 10 10 10 10 10 10 10 10 10 10 10 10 10 10 10 10 10 10 10 10 10 10 10 10 10 10 10 10 10 10 10 10 10 10 10 10 10 10 10 10 10 10 10 10 10 10 10 10 10 10 10 10 10 10 10 10 10 10 10 10 10 10 10 10 10 10 10 10 10 10 10 10 10 10 10 10 10 10 10 10 10 10 10 10 10 10 10 10 10 10 10 10 10 10 10 10 10 10 10 10 10 10 10 10 10 10 10 10 10 10 10 10 10 10 10 10 10 10 10 10 10 10 10 10 10 10 10 10 10 10 10 10 10 10 10 10 10 10 10 10 10 10 10 10 10 10 10 10 10 10 10 10 10 10 10 10 10 10 10 10 10 10 10 10 10 10 10 10 10 10 10 10 10 10 10 10 10 10 10 10 10 10 10 10 10 10 10 10 10 10 10 10 10 10 10 10 10 10 10 10 10 10 10 10 10 10 10 10 10 10 10 10 10 10 10 10 10 10 10 10 10 10 10 10 10 10 10 10 10 10 10 10 10 10 10 10 10 10 10 10 10 10 10 10 10 10 10 10 10 10 10 10 10 10 10 10 10 10 10 10 10 10 10 10 10 10 10 10 10 10 10 10 10 10 10 10 10 10 10 10 10 10 10 10 10 10 10 10 10 10 10 10 10 10 10 10 10 10 10 10 10 10 10 10 10 10 10 10 10 10 10 10 10 10 10 10 10 10 10 10 10 10 10 10 10 10 10 10 10 10 10 10 10 10 10 10 10 10 10 10 10 10 10 10 10 10 10 10 10 10 10 10 10 10 10 10 10 10 10 10 10 10 10 10 10 10 10 10 10 10 10 10 10 10 10 10 10 10 10 10 10 10 10 10 10 10 10 10 10 10 10 10 10 10 10 10 10 10 10 10 10 10 10 10 10 10 10 10 10 10 10 10 10 10 10 10 10 10 10 10 10 10 10 10 10 10 10 10 10 10 10 10 10 10 10 10 10 10 10 10 10 10 10 10 10 10 10 10 10 10 10 10 10 10 10 10 10 10 10 10 10 10 10 10 10 10 10 10 10 10 10 10 10 10 10 10 10 10 10 10 10 10 10 10 10 10 10 10 10 10 10 10 10 10 10 10 10 10 10 10 10 10 10 10 10 10 10 10 10 10 10 10 10 10 10 10 10 10 10 10 10 10 10 10 10 10 10 10 10 10 10 10 10 10 10 10 10 10 10 10 10 10 10 10 10 10 10 10 10 10 10 10 10 10 10 10 10 10 10 10 10 10 10 10 10 10 10 10 10 10 10 10 10 10 10 10 10 10 10 10 10 10 10 10 10 10 10 10 10 10 10 10 10 10 10 10 10 10 10 10 10 10 10 10 10 10 10 10 10 10 10 10 10 10 10 10 10 10 10 10 10 10 10 10 10 10 10 10 10 10 10 10 10 10 10 10 10 10 10 10 10 10 10 10 10 10 10 10 10 10 10 10 10 10 10 10 10 10 10 10 10 10 10 10 10 10 10 10 10 10 10 10 10 10 10 10 10 10 10 10 10 10 10 10 10 10 10 10 10 10 10 10 10 10 10 10 10 10 10 10 10 10 10 10 10 10 10 10 10 10 10 10 10 10 10 10 10 10 10 10 10 10 10 10 10 10 10 10 10 10 10 10 10 10 10 10 10 10 10 10 10 10 10 10 10 10 10 10 10 10 10 10 10 10 10 10 10 10 10 10 10 10 10 10 10 10 10 10 10 10 10 10 10 10 10 10 10 10 10 10 10 10 10 10 10 10 10 10 10 10 10 10 10 10 10 10 10 10 10 10 10 10 10 10 10 10 10 10 10 10 10 10 10 10 10 10 10 10 10 10 10 10 10 10 10 10 10 10 10 10 10 10 10 10 10 10 10 10 10 10 10 10 10 10 10 10 10 10 10 10 10 10 10 10 10 10 10 10 10 10 10 10 10 10 10 10 10 10 10 10 10 10 10 10 10 10 10 10 10 10 10 10 10 10 10 10 10 10 10 10 10 10 10 10 10 10 10 10 10 10 10 10 10 10 11 11 11 11 11 11 11 11 11 11 11 11 11 11 11 11 11 11 11 11 11 11 11 11 11 11 11 11 11 11 11 11 11 11 11 11 11 11 11 11 11 11 11 11 11 11 11 11 11 11 11 11 11 11 11 11 11 11 11 11 11 11 11 11 11 11 11 11 11 11 11 11 11 11 11 11 11 11 11 11 11 11 11 11 11 11 11 11 11 11 11 11 11 11 11 11 11 11 11 11 11 11 11 11 11 11 11 11 11 11 11 11 11 11 11 11 11 11 11 11 11 11 11 11 11 11 11 11 11 11 11 11 11 11 11 11 11 11 11 11 11 11 11 11 11 11 11 11 11 11 11 11 11 11 11 11 11 11 11 11 11 11 11 11 11 11 11 11 11 11 11 11 11 11 11 11 11 11 11 11 11 11 11 11 11 11 11 11 11 11 11 11 11 11 11 11 11 11 11 11 11 11 11 11 11 11 11 11 11 11 11 11 11 11 11 11 11 11 11 11 11 11 11 11 11 11 11 11 11 11 11 11 11 11 11 11 11 11 11 11 11 11 11 11 11 11 11 11 11 11 11 11 11 11 11 11 11 11 11 11 11 11 11 11 11 11 11 11 11 11 11 11 11 11 11 11 11 11 11 11 11 11 11 11 11 11 11 11 11 11 11 11 11 11 11 11 11 11 11 11 11 11 11 11 11 11 11 11 11 11 11 11 11 11 11 11 11 11 11 11 11 11 11 11 11 11 11 11 11 11 11 11 11 11 11 11 11 11 11 11 11 11 11 11 11 11 11 11 11 11 11 11 11 11 11 11 11 11 11 11 11 11 11 11 11 11 11 11 11 11 11 11 11 11 11 11 11 11 11 11 11 11 11 11 11 11 11 11 11 11 11 11 11 11 11 11 11 11 11 11 11 11 11 11 11 11 11 11 11 11 11 11 11 11 11 11 11 11 11 11 11 11 11 11 11 11 11 11 11 11 11 11 11 11 11 11 11 11 11 11 11 11 11 11 11 11 11 11 11 11 11 11 11 11 11 11 11 11 11 11 11 11 11 11 11 11 11 11 11 11 11 11 11 11 11 11 11 11 11 11 11 11 11 11 11 11 11 11 11 11 11 11 11 11 11 11 11 11 11 11 11 11 11 11 11 11 11 11 11 11 11 11 11 11 11 11 11 11 11 11 11 11 11 11 11 11 11 11 11 11 11 11 11 11 11 11 11 11 11 11 11 11 11 11 11 11 11 11 11 11 11 11 11 11 11 11 11 11 11 11 11 11 11 11 11 11 11 11 11 11 11 11 11 11 11 11 11 11 11 11 11 11 11 11 11 11 11 11 11 11 11 11 11 11 11 11 11 11 11 11 11 11 11 11 11 11 11 11 11 11 11 11 11 11 11 11 11 11 11 11 11 11 11 11 11 11 11 11 11 11 11 11 11 11 11 11 11 11 11 11 11 11 11 11 11 11 11 11 11 11 11 11 11 11 11 11 11 11 11 11 11 11 11 11 11 11 11 11 11 11 11 11 11 11 11 11 11 11 11 11 11 11 11 11 11 11 11 11 11 11 11 11 11 11 11 11 11 11 11 11 11 11 11 11 11 11 11 11 11 11 11 11 11 11 11 11 11 11 11 11 11 11 11 11 11 11 11 11 11 11 11 11 11 11 11 11 11 11 11 11 11 11 11 11 11 11 11 11 11 11 11 11 11 11 11 11 11 11 11 11 11 11 11 11 11 11 11 11 11 11 11 11 11 11 11 11 11 11 11 11 11 11 11 11 11 11 11 11 11 11 11 11 11 11 11 11 11 11 11 11 11 11 11 11 11 11 11 11 11 11 11 11 11 11 11 11 11 11 11 11 11 11 11 11 11 11 11 11 11 11 11 11 11 11 11 11 11 11 11 11 11 11 11 11 11 11 11 11 11 11 11 11 11 11 11 11 11 11 11 11 11 11 11 11 11 11 11 11 11 11 11 11 11 11 11 11 11 11 11 11 11 11 11 11 11 11 11 11 11 11 11 11 11 11 11 11 11 11 11 11 11 11 11 11 11 11 11 11 11 11 11 11 11 11 11 11 11 11 11 11 11 11 11 11 11 11 11 11 11 11 11 11 11 11 11 11 11 11 11 11 11 11 11 11 11 11 11 11 11 11 11 11 11 11 11 11 11 11 11 11 11 11 11 11 11 11 11 11 11 11 11 11 11 11 11 11 11 11 11 11 11 11 11 11 11 11 11 11 11 11 11 11 11 11 11 11 11 11 11 11 11 11 11 11 11 11 11 11 11 11 11 11 11 11 11 11 11 11 11 11 11 11 11 11 11 11 11 11 11 11 11 11 11 11 11 11 11 11 11 11 11 11 11 11 11 11 11 11 11 11 11 11 11 11 11 11 11 11 11 11 11 11 11 11 11 11 11 11 11 11 11 11 11 11 11 11 11 11 11 11 11 11 11 11 11 11 11 11 11 11 11 11 11 11 11 11 11 11 11 11 11 11 11 11 11 11 11 11 11 11 11 11 11 11 11 11 11 11 11 11 11 11 11 11 11 11 11 11 11 11 11 11 11 11 11 11 11 11 11 11 11 11 11 11 11 11 11 11 11 11 11 11 11 11 11 11 11 11 11 11 11 11 11 11 11 11 11 11 11 11 11 11 11 11 11 11 11 11 11 11 11 11 11 11 11 11 11 11 11 11 11 11 11 11 11 11 11 11 11 11 11 11 11 11 11 11 11 11 11 11 11 11 11 11 11 11 11 11 11 11 11 11 11 11 11 11 11 11 11 11 11 11 11 11 11 11 11 11 11 11 11 11 11 11 11 11 11 11 11 11 11 11 11 11 11 11 11 11 11 11 11 11 11 11 11 11 11 11 11 11 11 11 11 11 11 11 11 11 11 11 11 11 11 11 11 11 11 11 11 11 11 11 11 11 11 11 11 11 11 11 11 11 11 11 11 11 11 11 11 11 11 11 11 11 11 11 11 11 11 11 11 11 11 11 11 11 11 11 11 11 11 11 11 11 11 11 11 11 11 11 11 11 11 11 11 11 11 11 11 11 11 11 11 11 11 11 11 11 11 11 11 11 11 11 11 11 11 11 11 11 11 11 11 11 11 11 11 11 11 11 11 11 11 11 11 11 11 11 11 11 11 11 11 11 11 11 11 11 11 11 11 11 11 11 11 11 11 11 11 11 11 11 11 11 11 11 11 11 11 11 11 11 11 11 11 11 11 11 11 11 11 11 11 11 11 11 11 11 11 11 11 11 11 11 11 11 11 11 11 11 11 11 11 11 11 11 11 11 11 11 11 11 11 11 11 11 11 11 11 11 11 11 11 11 11 11 11 11 11 11 11 11 11 11 11 11 11 11 11 11 11 11 11 11 11 11 11 11 11 11 11 11 11 11 11 11 11 11 11 11 11 11 11 11 11 11 11 11 11 11 11 11 11 11 11 11 11 11 11 11 12 12 12 12 12 12 12 12 12 12 12 12 12 12 12 12 12 12 12 12 12 12 12 12 12 12 12 12 12 12 12 12 12 12 12 12 12 12 12 12 12 12 12 12 12 12 12 12 12 12 12 12 12 12 12 12 12 12 12 12 12 12 12 12 12 12 12 12 12 12 12 12 12 12 12 12 12 12 12 12 12 12 12 12 12 12 12 12 12 12 12 12 12 12 12 12 12 12 12 12 12 12 12 12 12 12 12 12 12 12 12 12 12 12 12 12 12 12 12 12 12 12 12 12 12 12 12 12 12 12 12 12 12 12 12 12 12 12 12 12 12 12 12 12 12 12 12 12 12 12 12 12 12 12 12 12 12 12 12 12 12 12 12 12 12 12 12 12 12 12 12 12 12 12 12 12 12 12 12 12 12 12 12 12 12 12 12 12 12 12 12 12 12 12 12 12 12 12 12 12 12 12 12 12 12 12 12 12 12 12 12 12 12 12 12 12 12 12 12 12 12 12 12 12 12 12 12 12 12 12 12 12 12 12 12 12 12 12 12 12 12 12 12 12 12 12 12 12 12 12 12 12 12 12 12 12 12 12 12 12 12 12 12 12 12 12 12 12 12 12 12 12 12 12 12 12 12 12 12 12 12 12 12 12 12 12 12 12 12 12 12 12 12 12 12 12 12 12 12 12 12 12 12 12 12 12 12 12 12 12 12 12 12 12 12 12 12 12 12 12 12 12 12 12 12 12 12 12 12 12 12 12 12 12 12 12 12 12 12 12 12 12 12 12 12 12 12 12 12 12 12 12 12 12 12 12 12 12 12 12 12 12 12 12 12 12 12 3 3 3 3 3 3 3 3 3 3 3 3 3 3 3 3 3 3 3 3 3 3 3 3 3 3 3 3 3 3 3 3 3 3 3 3 3 3 3 3 3 3 3 3 3 3 3 3 3 3 3 3 3 3 3 3 3 3 3 3 3 3 3 3 3 3 3 3 3 3 3 3 3 3 3 3 3 3 3 3 3 3 3 3 3 3 3 3 3 3 3 3 3 3 3 3 3 3 3 3 3 3 3 3 3 3 3 3 3 3 3 3 3 3 3 3 3 3 3 3 3 3 3 3 3 3 3 3 3 3 3 3 3 3 3 3 3 3 3 3 3 3 3 3 3 3 3 3 3 3 3 3 3 3 3 3 3 3 3 3 3 3 3 3 3 3 3 3 3 3 3 3 3 3 3 3 3 3 3 3 3 3 3 3 3 3 3 3 3 3 3 3 3 3 3 3 3 3 3 3 3 3 3 3 3 3 3 3 3 3 3 3 3 3 3 3 3 3 3 3 3 3 3 3 3 3 3 3 3 3 3 3 3 3 3 3 3 3 3 3 3 3 3 3 11 11 11 11 11 11 11 11 11 11 11 11 11 11 11 11 11 11 11 11 11 11 11 11 11 11 11 11 11 11 11 11 11 11 11 11 11 11 11 11 11 11 11 11 11 11 11 11 11 11 11 11 11 11 11 11 11 11 11 11 11 11 11 11 11 11 11 11 11 11 11 11 11 11 11 11 11 11 11 11 11 11 11 11 11 11 11 11 11 11 11 11 11 11 11 11 11 11 11 11 11 11 11 11 11 11 11 11 11 11 11 11 11 11 11 11 11 11 11 11 11 11 11 11 11 11 11 11 11 11 11 11 11 11 11 11 11 11 11 11 11 11 11 11 11 11 11 11 11 11 11 11 11 11 11 11 11 11 11 11 11 11 11 11 11 11 11 11 11 11 11 11 11 11 11 11 11 11 11 11 11 11 11 11 11 11 11 11 11 11 11 11 11 11 11 11 11 11 11 11 11 11 11 11 11 11 11 11 11 11 11 11 11 11 11 11 11 11 11 11 11 11 11 11 11 11 11 11 11 11 11 11 11 11 11 11 11 11 11 11 11 11 11 11 11 11 11 11 11 11 11 11 11 11 11 11 11 11 11 11 11 11 11 11 11 11 11 11 11 11 11 11 11 11 11 11 11 11 11 11 11 11 11 11 11 11 11 11 11 11 11 11 11 11 11 11 11 11 11 11 11 11 11 11 11 11 11 11 11 11 11 11 11 11 11 11 11 11 11 11 11 11 11 11 11 11 11 11 11 11 11 11 11 11 11 11 11 11 11 11 11 11 11 11 11 11 11 11 11 11 11 11 11 11 11 11 11 11 11 11 11 11 11 11 11 11 11 11 11 11 11 11 11 11 11 11 11 11 11 11 11 11 11 11 11 11 11 11 11 11 11 11 11 11 11 11 11 11 11 11 11 11 11 11 11 11 11 11 11 11 11 11 11 11 11 11 11 11 11 11 11 11 11 11 11 11 11 11 11 11 11 11 11 11 11 11 11 11 11 11 11 11 11 11 11 11 11 11 11 11 11 11 11 11 11 11 11 11 11 11 11 11 11 11 11 11 11 11 11 11 11 11 11 11 11 11 11 11 11 11 11 11 11 11 11 11 11 11 11 11 11 11 11 11 11 11 11 11 11 11 11 11 11 11 11 11 11 11 11 11 11 11 11 11 11 11 11 11 11 11 11 11 11 11 11 11 11 11 11 11 11 11 11 11 11 11 11 11 11 11 11 11 11 11 11 11 11 11 11 11 11 11 11 11 11 11 11 11 11 11 11 11 11 11 11 11 11 11 11 11 11 11 11 11 11 11 11 11 11 11 11 11 11 11 11 11 11 11 11 11 11 11 11 11 11 11 11 11 11 11 11 11 11 11 11 11 11 11 11 11 11 11 11 11 11 11 11 11 11 11 11 11 11 11 11 11 11 11 11 11 11 11 11 11 11 11 11 11 11 11 11 11 11 11 11 11 11 11 11 11 11 11 11 11 11 11 11 11 11 11 11 11 11 11 11 11 11 11 11 11 11 11 11 11 11 11 11 11 11 11 11 11 11 11 11 11 11 11 11 11 11 11 11 11 11 11 11 11 11 11 11 11 11 11 11 11 11 11 11 11 11 11 11 11 11 11 11 11 11 11 11 11 11 11 11 11 11 11 11 11 11 11 11 11 11 11 11 11 11 11 11 11 11 11 11 11 11 11 11 11 11 11 11 11 11 11 11 11 11 11 11 11 11 11 11 11 11 11 11 11 11 11 11 11 11 11 11 11 11 11 11 11 11 11 11 11 11 11 11 11 11 11 11 11 11 11 11 11 11 11 11 11 11 11 11 11 11 11 11 11 11 11 11 11 11 11 11 11 11 11 11 11 11 11 11 11 11 11 11 11 11 11 11 11 11 11 11 11 11 11 11 11 11 11 11 11 11 11 11 11 11 11 11 11 11 11 11 11 11 11 11 11 11 11 11 11 11 11 11 11 11 11 11 11 11 11 11 11 11 11 11 11 11 11 11 11 11 11 11 11 11 11 11 11 11 11 11 11 11 11 11 11 11 11 11 11 11 11 11 11 11 11 11 11 11 11 11 11 11 11 11 11 11 11 11 11 11 11 11 11 11 11 11 11 11 11 11 11 11 11 11 11 11 11 11 11 11 11 11 11 11 11 11 11 11 11 11 11 11 11 11 11 11 11 11 11 11 11 11 11 11 11 11 11 11 11 11 11 11 11 11 11 11 11 11 11 11 11 11 11 11 11 11 11 11 11 11 11 11 11 11 11 11 11 11 11 11 11 11 11 11 11 11 11 11 11 11 11 11 11 11 11 11 11 11 11 11 11 11 11 11 11 11 11 11 11 11 11 11 11 11 11 11 11 11 11 11 11 11 11 11 11 11 11 11 11 11 11 11 11 11 11 11 11 11 11 11 11 11 11 11 11 11 11 11 11 11 11 11 11 11 11 11 11 11 11 11 11 11 11 11 11 11 11 11 11 11 11 11 11 11 11 11 11 11 11 11 11 11 11 11 11 11 11 11 11 11 11 11 11 11 11 11 11 11 11 11 11 11 11 11 11 11 11 11 11 11 11 11 11 11 11 11 11 11 11 11 11 11 11 11 11 11 11 11 11 11 11 11 11 11 11 11 11 11 11 11 11 11 11 11 11 11 11 11 11 11 11 11 11 11 11 11 11 11 11 11 11 11 11 11 11 11 11 11 11 11 11 11 11 11 11 11 11 11 11 11 11 11 11 11 11 11 11 11 11 11 11 11 11 11 11 11 11 11 11 11 11 11 11 11 11 11 11 11 11 11 11 11 11 11 11 11 11 11 11 11 11 11 11 11 11 11 11 11 11 11 11 11 11 11 11 11 11 11 11 11 11 11 11 11 11 11 11 11 11 11 11 11 11 11 11 11 11 11 11 11 11 11 11 11 11 11 11 11 11 11 11 11 11 11 11 11 11 11 11 11 11 11 11 11 11 11 11 11 11 11 11 11 11 11 11 11 11 11 11 11 11 11 11 11 11 11 11 11 11 11 11 11 11 11 11 11 11 11 11 11 11 11 11 11 11 11 11 11 11 11 11 11 11 11 11 11 11 11 11 11 11 11 11 11 11 11 11 11 11 11 11 11 11 11 11 11 11 11 11 11 11 11 11 11 11 11 11 11 11 11 11 11 11 11 11 11 11 11 11 11 11 11 11 11 11 11 11 11 11 11 11 11 11 11 11 11 11 11 11 11 11 11 11 11 11 11 11 11 11 11 11 11 11 11 11 11 11 11 11 11 11 11 11 11 11 11 11 11 11 11 11 11 11 11 11 11 11 11 11 11 11 11 11 11 11 11 11 11 11 11 11 11 11 11 11 11 11 11 11 11 11 11 11 11 11 11 11 11 11 11 11 11 11 11 2 2 2 2 2 2 2 2 2 2 2 2 2 2 2 2 2 2 2 2 2 2 2 2 2 2 2 2 2 2 2 2 2 2 2 2 2 2 2 2 2 2 2 2 2 2 2 2 2 2 2 2 2 2 2 2 2 2 2 2 2 2 2 2 2 2 2 2 2 2 2 2 2 2 2 2 2 2 2 2 2 2 2 2 2 2 2 2 2 2 2 2 2 2 2 2 2 2 2 2 2 2 2 2 2 2 2 2 2 2 2 2 2 2 2 2 2 2 2 2 2 2 2 2 2 2 2 2 2 2 2 2 2 2 2 2 2 2 2 2 2 2 2 2 2 2 2 2 2 2 2 2 2 2 2 2 2 2 2 2 2 2 2 2 2 2 2 2 2 2 2 2 2 2 2 2 2 2 2 2 2 2 2 2 2 2 2 2 2 2 2 2 2 2 2 2 2 2 2 2 2 2 2 2 2 2 2 2 2 2 2 2 2 2 2 2 2 2 2 2 2 2 2 2 2 2 2 2 2 2 2 2 2 2 2 2 2 2 2 2 2 2 2 2 2 2 2 2 2 2 2 2 2 2 2 2 2 2 2 2 2 2 2 2 2 2 2 2 2 2 2 2 2 2 2 2 2 2 2 2 2 2 2 2 2 2 2 2 2 2 2 2 2 2 2 2 2 2 2 2 2 2 2 2 2 2 2 2 2 2 2 2 2 2 2 2 2 2 2 2 2 2 2 2 2 2 2 2 2 2 2 2 2 2 2 2 2 2 2 2 2 2 2 2 2 2 2 2 2 2 2 2 2 2 2 2 2 2 2 2 2 2 2 2 2 2 2 2 2 2 2 2 2 2 2 2 2 2 2 2 2 2 2 2 2 2 2 2 2 2 2 2 2 2 2 2 2 2 2 2 2 2 2 2 2 2 2 2 2 2 2 2 2 2 2 2 2 2 2 2 2 2 2 2 2 2 2 2 2 2 2 2 2 2 2 2 2 2 2 2 2 2 2 2 2 2 2 2 2 2 2 2 2 2 2 2 2 2 2 2 2 2 2 2 2 2 2 2 2 2 2 2 2 2 2 2 2 2 2 2 2 2 2 2 2 2 2 2 2 2 2 2 2 2 2 2 2 2 2 2 2 2 2 2 2 2 2 2 2 2 2 2 2 2 2 2 2 2 2 2 2 2 2 2 2 2 2 2 2 2 2 2 2 2 2 2 2 2 2 2 2 2 2 2 2 2 2 2 2 2 2 2 2 2 2 2 2 2 2 2 2 2 2 2 2 2 2 2 2 2 2 2 2 2 2 2 2 2 2 2 2 2 2 2 2 2 2 2 2 2 2 2 2 2 2 2 2 2 2 2 2 2 2 2 2 2 2 2 2 2 2 2 2 2 2 2 2 2 2 2 2 2 2 2 2 2 2 2 2 2 2 2 2 2 2 2 2 2 2 2 2 2 2 2 2 2 2 2 2 2 2 2 2 2 2 2 2 2 2 2 2 2 2 2 2 2 2 2 2 2 2 2 2 2 2 2 2 2 2 2 2 2 2 2 2 2 2 2 2 2 2 2 2 2 2 2 2 2 2 2 2 2 2 2 2 2 2 2 2 2 2 2 2 2 2 2 2 2 2 2 2 2 2 2 2 2 2 2 2 2 2 2 2 2 2 2 2 2 2 2 2 2 2 2 2 2 2 2 2 2 2 2 2 2 2 2 2 2 2 2 2 2 2 2 2 2 2 2 2 2 2 2 2 2 2 2 2 2 2 2 2 2 2 2 2 2 2 2 2 2 2 2 2 2 2 2 2 2 2 2 2 2 2 2 2 2 2 2 2 2 2 2 2 2 2 2 2 2 2 2 2 2 2 2 2 2 2 2 2 2 2 2 2 2 2 2 2 2 2 2 2 2 2 2 2 2 2 2 2 2 2 2 2 2 2 2 2 2 2 2 2 2 2 2 2 2 2 2 2 2 2 2 2 2 2 2 2 2 2 2 2 2 2 2 2 2 2 2 2 2 2 2 2 2 2 2 2 2 2 2 2 2 2 2 2 2 2 2 2 2 2 2 2 2 2 2 2 2 2 2 2 2 2 2 2 2 2 2 2 2 2 2 2 2 2 2 2 2 2 2 2 2 2 2 2 2 2 2 2 2 2 2 2 2 2 2 2 2 2 2 2 2 2 2 2 2 2 2 2 2 2 2 2 2 2 2 2 2 2 2 2 2 2 2 2 2 2 2 2 2 2 2 2 2 2 2 2 2 2 2 2 2 2 2 2 2 2 2 2 2 2 2 2 2 2 2 2 2 2 2 2 2 2 2 2 2 2 2 2 2 2 2 2 2 2 2 2 2 2 2 2 2 2 2 2 2 2 2 2 2 2 2 2 2 2 2 2 2 2 2 2 2 2 2 2 2 2 2 2 2 2 2 2 2 2 2 2 2 2 2 2 2 2 2 2 2 2 2 2 2 2 2 2 2 2 2 2 2 2 2 2 2 2 2 2 2 2 2 2 2 2 2 2 2 2 2 2 2 2 2 2 2 2 2 2 2 2 2 2 2 2 2 2 2 2 2 2 2 2 2 2 2 2 2 2 2 2 2 2 2 2 2 2 2 2 2 2 2 2 2 2 2 2 2 2 2 2 2 2 2 2 2 2 2 2 2 2 2 2 2 2 2 2 2 2 2 2 2 2 2 2 2 2 2 2 2 2 2 2 2 2 2 2 2 2 2 2 2 2 2 2 2 2 2 2 2 2 2 2 2 2 2 2 2 2 2 2 2 2 2 2 2 2 2 2 2 2 2 2 2 2 2 2 2 2 2 2 2 2 2 2 2 2 2 2 2 2 2 2 2 2 2 2 2 2 2 2 2 2 2 2 2 2 2 2 2 2 2 2 2 2 2 2 2 2 2 2 2 2 2 2 2 2 2 2 2 2 2 2 2 2 2 2 2 2 2 2 2 2 2 2 2 2 2 2 2 2 2 2 2 2 2 2 2 2 2 2 2 2 2 2 2 2 2 2 2 2 2 2 2 2 2 2 2 2 2 2 2 2 2 2 2 2 2 2 2 2 2 2 2 0 0 0 0 0 0 0 0 0 0 0 0 0 0 0 0 0 0 0 0 0 0 0 0 0 0 0 0 0 0 0 0 0 0 0 0 0 0 0 0 0 0 0 0 0 0 0 0 0 0 0 0 0 0 0 0 0 0 0 0 0 0 0 0 0 0 0 0 0 0 0 0 0 0 0 0 0 0 0 0 0 0 0 0 0 0 0 0 0 0 0 0 0 0 0 0 0 0 0 0 0 0 0 0 0 0 0 0 0 0 0 0 0 0 0 0 0 0 0 0 0 0 0 0 0 0 0 0 0 0 0 0 0 0 0 0 0 0 0 0 0 0 0 0 0 0 0 0 0 0 0 0 0 0 0 0 0 0 0 0 0 0 0 0 0 0 0 0 0 0 0 0 0 0 0 0 0 0 0 0 0 0 0 0 0 0 0 0 0 0 0 0 0 0 0 0 0 0 0 0 0 0 0 0 0 0 0 0 0 0 0 0 0 0 0 0 0 0 0 0 0 0 0 0 0 0 0 0 0 0 0 0 0 0 0 0 0 0 0 0 0 0 0 0 0 0 0 0 0 0 0 0 0 0 0 0 0 0 0 0 0 0 0 0 0 0 0 0 0 0 0 0 0 0 0 0 0 0 0 0 0 0 0 0 0 0 0 0 0 0 0 0 0 0 0 0 0 0 0 0 0 0 0 0 0 0 0 0 0 0 0 0 0 0 0 0 0 0 0 0 0 0 0 0 0 0 0 0 0 0 0 0 0 0 0 0 0 0 0 0 0 0 0 0 0 0 0 0 0 0 0 0 0 0 0 0 0 0 0 0 0 0 0 0 0 0 0 0 0 0 0 0 0 0 0 0 0 0 0 0 0 0 0 0 0 0 0 0 0 0 0 0 0 0 0 0 0 0 0 0 0 0 0 0 0 0 0 0 0 0 0 0 0 0 0 0 0 0 0 0 0 0 0 0 0 0 0 0 0 0 0 0 0 0 0 0 0 0 0 0 0 0 0 0 0 0 0 0 0 0 0 0 0 0 0 0 0 0 0 0 0 0 0 0 0 0 0 0 0 0 0 0 0 0 0 0 0 0 0 0 0 0 0 0 0 0 0 0 0 0 0 0 0 0 0 0 0 0 0 0 0 0 0 0 0 0 0 0 0 0 0 0 0 0 0 0 0 0 0 0 0 0 0 0 0 0 0 0 0 0 0 0 0 0 0 0 0 0 0 0 0 0 0 0 0 0 0 0 0 0 0 0 0 0 0 0 0 0 0 0 0 0 0 0 0 0 0 0 0 0 0 0 0 0 0 0 0 0 0 0 0 0 0 0 0 0 0 0 0 0 0 0 0 0 0 0 0 0 0 0 0 0 0 0 0 0 0 0 0 0 0 0 0 0 0 0 0 0 0 0 0 0 0 0 0 0 0 0 0 0 0 0 0 0 0 0 0 0 0 0 0 0 0 0 0 0 0 0 0 0 0 0 0 0 0 0 0 0 0 0 0 0 0 0 0 0 0 0 0 0 0 0 0 0 0 0 0 0 0 0 0 0 0 0 0 0 0 0 0 0 0 0 0 0 0 0 0 0 0 0 0 0 0 0 0 0 0 0 0 0 0 0 0 0 0 0 0 0 0 0 0 0 0 0 0 0 0 0 0 0 0 0 0 0 0 0 0 0 0 0 0 0 0 0 0 0 0 0 0 0 0 0 0 0 0 0 0 0 0 0 0 0 0 0 0 0 0 0 0 0 0 0 0 0 0 0 0 0 0 0 0 0 0 0 0 0 0 0 0 0 0 0 0 0 0 0 0 0 0 0 0 0 0 0 0 0 0 0 0 0 0 0 0 0 0 0 0 0 0 0 0 0 0 0 0 0 0 0 0 0 0 0 0 0 0 0 0 0 0 0 0 0 0 0 0 0 0 0 0 0 0 0 0 0 0 0 0 0 0 0 0 0 0 0 0 0 0 0 0 0 0 0 0 0 0 0 0 0 0 0 0 0 0 0 0 0 0 0 0 0 0 0 0 0 0 0 0 0 0 0 0 0 0 0 0 0 0 0 0 0 0 0 0 0 0 0 0 0 0 0 0 0 0 0 0 0 0 0 0 0 0 0 0 0 0 0 0 0 0 0 0 0 0 0 0 0 0 0 0 0 0 0 0 0 0 0 0 0 0 0 0 0 0 0 0 0 0 0 0 0 0 0 0 0 0 0 0 0 0 0 0 0 0 0 0 0 0 0 0 0 0 0 0 0 0 0 0 0 0 0 0 0 0 0 0 0 0 0 0 0 0 0 0 0 0 0 0 0 0 0 0 0 0 0 0 0 0 0 0 0 0 0 0 0 0 0 0 0 0 0 0 0 0 0 0 0 0 0 0 0 0 0 0 0 0 0 0 0 0 0 0 0 0 0 0 0 0 0 0 0 0 0 0 0 0 0 0 0 0 0 0 0 0 0 0 0 0 0 0 0 0 0 0 0 0 0 0 0 0 0 0 0 0 0 0 0 1 1 1 1 1 1 1 1 1 1 1 1 1 1 1 1 1 1 1 1 1 1 1 1 1 1 1 1 1 1 1 1 1 1 1 1 1 1 1 1 1 1 1 1 1 1 1 1 1 1 1 1 1 1 1 1 1 1 1 1 1 1 1 1 1 1 1 1 1 1 1 1 1 1 1 1 1 1 1 1 1 1 1 1 1 1 1 1 1 1 1 1 1 1 1 1 1 1 1 1 1 1 1 1 1 1 1 1 1 1 1 1 1 1 1 1 1 1 1 1 1 1 1 1 1 1 1 1 1 1 1 1 1 1 1 1 1 1 1 1 1 1 1 1 1 1 1 1 1 1 1 1 1 1 1 1 1 1 1 1 1 1 1 1 1 1 1 1 1 1 1 1 1 1 1 1 1 1 1 1 1 1 1 1 1 1 1 1 1 1 1 1 1 1 1 1 1 1 1 1 1 1 1 1 1 1 1 1 1 1 1 1 1 1 1 1 1 1 1 1 1 1 1 1 1 1 1 1 1 1 1 1 1 1 1 1 1 1 1 1 1 1 1 1 1 1 1 1 1 1 1 1 1 1 1 1 1 1 1 1 1 1 1 1 1 1 1 1 1 1 1 1 1 1 1 1 1 1 1 1 1 1 1 1 1 1 1 1 1 1 1 1 1 1 1 1 1 1 1 1 1 1 1 1 1 1 1 1 1 1 1 1 1 1 1 1 1 1 1 1 1 1 1 1 1 1 1 1 1 1 1 1 1 1 1 1 1 1 1 1 1 1 1 1 1 1 1 1 1 1 1 1 1 1 1 1 1 1 1 1 1 1 1 1 1 1 1 1 1 1 1 1 1 1 1 1 1 1 1 1 1 1 1 1 1 1 1 1 1 1 1 1 1 1 1 1 1 1 1 1 1 1 1 1 1 1 1 1 1 1 1 1 1 1 1 1 1 1 1 1 1 1 1 1 1 1 1 1 1 1 1 1 1 1 1 1 1 1 1 1 1 1 1 1 1 1 1 1 1 1 1 1 1 1 1 1 1 1 1 1 1 1 1 1 1 1 1 1 1 1 1 1 1 1 1 1 1 1 1 1 1 1 1 1 1 1 1 1 1 1 1 1 1 1 1 1 1 1 1 1 1 1 1 1 1 1 1 1 1 1 1 1 1 1 1 1 1 1 1 1 1 1 1 1 1 1 1 1 1 1 1 1 1 1 1 1 1 1 1 1 1 1 1 1 1 1 1 1 1 1 1 1 1 1 1 1 1 1 1 1 1 1 1 1 1 1 1 1 1 1 1 1 1 1 1 1 1 1 1 1 1 1 1 1 1 1 1 1 1 1 1 1 1 1 1 1 1 1 1 1 1 1 1 1 1 1 1 1 1 1 1 1 1 1 1 1 1 1 1 1 1 1 1 1 1 1 1 1 1 1 1 1 1 1 1 1 1 1 1 1 1 1 1 1 1 1 1 1 1 1 1 1 1 1 1 1 1 1 1 1 1 1 1 1 1 1 1 1 1 1 1 1 1 1 1 1 1 1 1 1 1 1 1 1 1 1 1 1 1 1 1 1 1 1 1 1 1 1 1 1 1 1 1 1 1 1 1 1 1 1 1 1 1 1 1 1 1 1 1 1 1 1 1 1 1 1 1 1 1 1 1 1 1 1 1 1 1 1 1 1 1 1 1 1 1 1 1 1 1 1 1 1 1 1 1 1 1 1 1 1 1 1 1 1 1 1 1 1 1 1 1 13 13 13 13 13 13 13 13 13 13 13 13 13 13 13 13 13 13 13 13 13 13 13 13 13 13 13 13 13 13 13 13 13 13 13 13 13 13 13 13 13 13 13 13 13 13 13 13 13 13 13 13 13 13 13 13 13 13 13 13 13 13 13 13 13 13 13 13 13 13 13 13 13 13 13 13 13 13 13 13 13 13 13 13 13 13 13 13 13 13 13 13 13 13 13 13 13 13 13 13 13 13 13 13 13 13 13 13 13 13 13 13 13 13 13 13 13 13 13 13 13 13 13 13 13 13 13 13 13 13 13 13 13 13 13 13 13 13 13 13 13 13 13 13 13 13 13 13 13 13 13 13 13 13 13 13 13 13 13 13 13 13 13 13 13 13 13 13 13 13 13 13 13 13 13 13 13 13 13 13 13 13 13 13 13 13 13 13 13 13 13 13 13 13 13 13 13 13 13 13 13 13 13 13 13 13 13 13 13 13 13 13 13 13 13 13 13 13 13 13 13 13 13 13 13 13 13 13 13 13 13 13 13 13 13 13 13 13 13 13 13 13 13 13 13 13 13 13 13 13 13 13 13 13 13 13 13 13 13 13 13 13 13 13 13 13 13 13 13 13 13 13 13 13 13 13 13 13 13 13 13 13 13 13 13 13 13 13 13 13 13 13 13 13 13 13 13 13 13 13 13 13 13 13 13 13 13 13 13 13 13 13 13 13 13 13 13 13 13 13 13 13 13 13 13 13 13 13 13 13 13 13 13 13 13 13 13 13 13 13 13 13 13 13 13 13 13 13 13 13 13 5 5 5 5 5 5 5 5 5 5 5 5 5 5 5 5 5 5 5 5 5 5 5 5 5 5 5 5 5 5 5 5 5 5 5 5 5 5 5 5 5 5 5 5 5 5 5 5 5 5 5 5 5 5 5 5 5 5 5 5 5 5 5 5 5 5 5 5 5 5 5 5 5 5 5 5 5 5 5 5 5 5 5 5 5 5 5 5 5 5 5 5 5 5 5 5 5 5 5 5 5 5 5 5 5 5 5 5 5 5 5 5 5 5 5 5 5 5 5 5 5 5 5 5 5 5 5 5 5 5 5 5 5 5 5 5 5 5 5 5 5 5 5 5 5 5 5 5 5 5 5 5 5 5 5 5 5 5 5 5 5 5 5 5 5 5 5 5 5 5 5 5 5 5 5 5 5 5 5 5 5 5 5 5 5 5 5 5 5 5 5 5 5 5 5 5 5 5 5 5 5 5 5 5 5 5 5 5 5 5 5 5 5 5 5 5 5 5 5 5 5 5 5 5 5 5 5 5 5 5 5 5 5 5 5 5 5 5 5 5 5 5 5 5 5 5 5 5 5 5 5 5 5 5 5 5 5 5 5 5 5 5 5 5 5 5 5 5 5 5 5 5 5 5 5 5 5 5 5 5 5 5 5 5 5 5 5 5 5 5 5 5 5 5 5 5 5 5 5 5 5 5 5 5 5 5 5 5 5 5 5 5 4 4 4 4 4 4 4 4 4 4 4 4 4 4 4 4 4 4 4 4 4 4 4 4 4 4 4 4 4 4 4 4 4 4 4 4 4 4 4 4 4 4 4 4 4 4 4 4 4 4 4 4 4 4 4 4 4 4 4 4 4 4 4 4 4 4 4 4 4 4 4 4 4 4 4 4 4 4 4 4 4 4 4 4 4 4 4 4 4 4 4 4 4 4 4 4 4 4 4 4 4 4 4 4 4 4 4 4 4 4 4 4 4 4 4 4 4 4 4 4 4 4 4 4 4 4 4 4 4 4 4 4 4 4 4 4 4 4 4 4 4 4 4 4 4 4 4 4 4 4 4 4 4 4 4 4 4 4 4 4 4 4 4 4 4 4 4 4 4 4 4 4 4 4 4 4 4 4 4 4 4 4 4 4 4 4 4 4 4 4 4 4 4 4 4 4 4 4 4 4 4 4 4 4 4 4 4 4 4 4 4 4 4 4 4 4 4 4 4 4 4 4 4 4 4 4 4 4 4 4 4 4 4 4 4 4 4 4 4 4 4 4 4 4 4 4 4 4 4 4 4 4 4 4 4 4 8 8 8 8 8 8 8 8 8 8 8 8 8 8 8 8 8 8 8 8 8 8 8 8 8 8 8 8 8 8 8 8 8 8 8 8 8 8 8 8 8 8 8 8 8 8 8 8 8 8 8 8 8 8 8 8 8 8 8 8 8 8 8 8 8 8 8 8 8 8 8 8 8 8 8 8 8 8 8 8 8 8 8 8 8 8 8 8 8 8 8 8 8 8 8 8 8 8 8 8 8 8 8 8 8 8 8 8 8 8 8 8 8 8 8 8 8 8 8 8 8 8 8 8 8 8 8 8 8 8 8 8 8 8 8 8 8 8 8 8 8 8 8 8 8 8 8 8 8 8 8 8 8 8 8 8 8 8 8 8 8 8 8 8 8 8 8 8 8 8 8 8 8 8 8 8 8 8 8 8 8 8 8 8 8 8 8 8 8 8 8 8 8 8 8 8 8 8 3 3 3 3 3 3 3 3 3 3 3 3 3 3 3 3 3 3 3 3 3 3 3 3 3 3 3 3 3 3 3 3 3 3 3 3 3 3 3 3 3 3 3 3 3 3 3 3 3 3 3 3 3 3 3 3 3 3 3 3 3 3 3 3 3 3 3 3 3 3 3 3 3 3 3 3 3 3 3 3 3 3 3 3 3 3 3 3 3 3 3 3 3 3 3 3 3 3 3 3 3 3 3 3 3 3 3 3 3 3 3 3 3 3 3 3 3 3 3 3 3 3 3 3 3 3 3 3 3 3 3 3 3 3 3 3 3 3 3 3 3 3 3 3 3 3 3 3 3 3 3 3 3 3 3 3 3 3 3 3 3 3 3 3 3 3 3 3 3 3 3 9 9 9 9 9 9 9 9 9 9 9 9 9 9 9 9 9 9 9 9 9 9 9 9 9 9 9 9 9 9 9 9 9 9 9 9 9 9 9 9 9 9 9 9 9 9 9 9 9 9 9 9 9 9 9 9 9 9 9 9 9 9 9 9 9 9 9 9 9 9 9 9 9 9 9 9 9 9 9 9 9 9 9 9 9 9 9 9 9 9 9 9 9 9 9 9 9 9 9 9 9 9 9 9 9 9 9 9 9 9
</DataArray>
<DataArray type="Int32" Name="leaflet" format="ascii">
0 0 0 0 0 0 0 0 0 0 0 0 0 0 0 0 0 0 0 0 0 0 0 0 0 0 0 0 0 0 0 0 0 0 0 0 0 0 0 0 0 0 0 0 0 0 0 0 0 0 0 0 0 0 0 0 0 0 0 0 0 0 0 0 0 0 0 0 0 0 0 0 0 0 0 0 0 0 0 0 0 0 0 0 0 0 0 0 0 0 0 0 0 0 0 0 0 0 0 0 0 0 0 0 0 0 0 0 0 0 0 0 0 0 0 0 0 0 0 0 0 0 0 0 0 0 0 0 0 0 0 0 0 0 0 0 0 0 0 0 0 0 0 0 0 0 0 0 0 0 0 0 0 0 0 0 0 0 0 0 0 0 0 0 0 0 0 0 0 0 0 0 0 0 0 0 0 0 0 0 0 0 0 0 0 0 0 0 0 0 0 0 0 0 0 0 0 0 0 0 0 0 0 0 0 0 0 0 0 0 0 0 0 0 0 0 0 0 0 0 0 0 0 0 0 0 0 0 0 0 0 0 0 0 0 0 0 0 0 0 0 0 0 0 0 0 0 0 0 0 0 0 0 0 0 0 0 0 0 0 0 0 0 0 0 0 0 0 0 0 0 0 0 0 0 0 0 0 0 0 0 0 0 0 0 0 0 0 0 0 0 0 0 0 0 0 0 0 0 0 0 0 0 0 0 0 0 0 0 0 0 0 0 0 0 0 0 0 0 0 0 0 0 0 0 0 0 0 0 0 0 0 0 0 0 0 0 0 0 0 0 0 0 0 0 0 0 0 0 0 0 0 0 0 0 0 0 0 0 0 0 0 0 0 0 0 0 0 0 0 0 0 0 0 0 0 0 0 0 0 0 0 0 0 0 0 0 0 0 0 0 0 0 0 0 0 0 0 0 0 0 0 0 0 0 0 0 0 0 0 0 0 0 0 0 0 0 0 0 0 0 0 0 0 0 0 0 0 0 0 0 0 0 0 0 0 0 0 0 0 0 0 0 0 0 0 0 0 0 0 0 0 0 0 0 0 0 0 0 0 0 0 0 0 0 0 0 0 0 0 0 0 0 0 0 0 0 0 0 0 0 0 0 0 0 0 0 0 0 0 0 0 0 0 0 0 0 0 0 0 0 0 0 0 0 0 0 0 0 0 0 0 0 0 0 0 0 0 0 0 0 0 0 0 0 0 0 0 0 0 0 0 0 0 0 0 0 0 0 0 0 0 0 0 0 0 0 0 0 0 0 0 0 0 0 0 0 0 0 0 0 0 0 0 0 0 0 0 0 0 0 0 0 0 0 0 0 0 0 0 0 0 0 0 0 0 0 0 0 0 0 0 0 0 0 0 0 0 0 0 0 0 0 0 0 0 0 0 0 0 0 0 0 0 0 0 0 0 0 0 0 0 0 0 0 0 0 0 0 0 0 0 0 0 0 0 0 0 0 0 0 0 0 0 0 0 0 0 0 0 0 0 0 0 0 0 0 0 0 0 0 0 0 0 0 0 0 0 0 0 0 0 0 0 0 0 0 0 0 0 0 0 0 0 0 0 0 0 0 0 0 0 0 0 0 0 0 0 0 0 0 0 0 0 0 0 0 0 0 0 0 0 0 0 0 0 0 0 0 0 0 0 0 0 0 0 0 0 0 0 0 0 0 0 0 0 0 0 0 0 0 0 0 0 0 0 0 0 0 0 0 0 0 0 0 0 0 0 0 0 0 0 0 0 0 0 0 0 0 0 0 0 0 0 0 0 0 0 0 0 0 0 0 0 0 0 0 0 0 0 0 0 0 0 0 0 0 0 0 0 0 0 0 0 0 0 0 0 0 0 0 0 0 0 0 0 0 0 0 0 0 0 0 0 0 0 0 0 0 0 0 0 0 0 0 0 0 0 0 0 0 0 0 0 0 0 0 0 0 0 0 0 0 0 0 0 0 0 0 0 0 0 0 0 0 0 0 0 0 0 0 0 0 0 0 0 0 0 0 0 0 0 0 0 0 0 0 0 0 0 0 0 0 0 0 0 0 0 0 0 0 0 0 0 0 0 0 0 0 0 0 0 0 0 0 0 0 0 0 0 0 0 0 0 0 0 0 0 0 0 0 0 0 0 0 0 0 0 0 0 0 0 0 0 0 0 0 0 0 0 0 0 0 0 0 0 0 0 0 0 0 0 0 0 0 0 0 0 0 0 0 0 0 0 0 0 0 0 0 0 0 0 0 0 0 0 0 0 0 0 0 0 0 0 0 0 0 0 0 0 0 0 0 0 0 0 0 0 0 0 0 0 0 0 0 0 0 0 0 0 0 0 0 0 0 0 0 0 0 0 0 0 0 0 0 0 0 0 0 0 0 0 0 0 0 0 0 0 0 0 0 0 0 0 0 0 0 0 0 0 0 0 0 0 0 0 0 0 0 0 0 0 0 0 0 0 0 0 0 0 0 0 0 0 0 0 0 0 0 0 0 0 0 0 0 0 0 0 0 0 0 0 0 0 0 0 0 0 0 0 0 0 0 0 0 0 0 0 0 0 0 0 0 0 0 0 0 0 0 0 0 0 0 0 0 0 0 0 0 0 0 0 0 0 0 0 0 0 0 0 0 0 0 0 0 0 0 0 0 0 0 0 0 0 0 0 0 0 0 0 0 0 0 0 0 0 0 0 0 0 0 0 0 0 0 0 0 0 0 0 0 0 0 0 0 0 0 0 0 0 0 0 0 0 0 0 0 0 0 0 0 0 0 0 0 0 0 0 0 0 0 0 0 0 0 0 0 0 0 0 0 0 0 0 0 0 0 0 0 0 0 0 0 0 0 0 0 0 0 0 0 0 0 0 0 0 0 0 0 0 0 0 0 0 0 0 0 0 0 0 0 0 0 0 0 0 0 0 0 0 0 0 0 0 0 0 0 0 0 0 0 0 0 0 0 0 0 0 0 0 0 0 0 0 0 0 0 0 0 0 0 0 0 0 0 0 0 0 0 0 0 0 0 0 0 0 0 0 0 0 0 0 0 0 0 0 0 0 0 0 0 0 0 0 0 0 0 0 0 0 0 0 0 0 0 0 0 0 0 0 0 0 0 0 0 0 0 0 0 0 0 0 0 0 0 0 0 0 0 0 0 0 0 0 0 0 0 0 0 0 0 0 0 0 0 0 0 0 0 0 0 0 0 0 0 0 0 0 0 0 0 0 0 0 0 0 0 0 0 0 0 0 0 0 0 0 0 0 0 0 0 0 0 0 0 0 0 0 0 0 0 0 0 0 0 0 0 0 0 0 0 0 0 0 0 0 0 0 0 0 0 0 0 0 0 0 0 0 0 0 0 0 0 0 0 0 0 0 0 0 0 0 0 0 0 0 0 0 0 0 0 0 0 0 0 0 0 0 0 0 0 0 0 0 0 0 0 0 0 0 0 0 0 0 0 0 0 0 0 0 0 0 0 0 0 0 0 0 0 0 0 0 0 0 0 0 0 0 0 0 0 0 0 0 0 0 0 0 0 0 0 0 0 0 0 0 0 0 0 0 0 0 0 0 0 0 0 0 0 0 0 0 0 0 0 0 0 0 0 0 0 0 0 0 0 0 0 0 0 0 0 0 0 0 0 0 0 0 0 0 0 0 0 0 0 0 0 0 0 0 0 0 0 0 0 0 0 0 0 0 0 0 0 0 0 0 0 0 0 0 0 0 0 0 0 0 0 0 0 0 0 0 0 0 0 0 0 0 0 0 0 0 0 0 0 0 0 0 0 0 0 0 0 0 0 0 0 0 0 0 0 0 0 0 0 0 0 0 0 0 0 0 0 0 0 0 0 0 0 0 0 0 0 0 0 0 0 0 0 0 0 0 0 0 0 0 0 0 0 0 0 0 0 0 0 0 0 0 0 0 0 0 0 0 0 0 0 0 0 0 0 0 0 0 0 0 0 0 0 0 0 0 0 0 0 0 0 0 0 0 0 0 0 0 0 0 0 0 0 0 0 0 0 0 0 0 0 0 0 0 0 0 0 0 0 0 0 0 0 0 0 0 0 0 0 0 0 0 0 0 0 0 0 0 0 0 0 0 0 0 0 0 0 0 0 0 0 0 0 0 0 0 0 0 0 0 0 0 0 0 0 0 0 0 0 0 0 0 0 0 0 0 0 0 0 0 0 0 0 0 0 0 0 0 0 0 0 0 0 0 0 0 0 0 0 0 0 0 0 0 0 0 0 0 0 0 0 0 0 0 0 0 0 0 0 0 0 0 0 0 0 0 0 0 0 0 0 0 0 0 0 0 0 0 0 0 0 0 0 0 0 0 0 0 0 0 0 0 0 0 0 0 0 0 0 0 0 0 0 0 0 0 0 0 0 0 0 0 0 0 0 0 0 0 0 0 0 0 0 0 0 0 0 0 0 0 0 0 0 0 0 0 0 0 0 0 0 0 0 0 0 0 0 0 0 0 0 0 0 0 0 0 0 0 0 0 0 0 0 0 0 0 0 0 0 0 0 0 0 0 0 0 0 0 0 0 0 0 0 0 0 0 0 0 0 0 0 0 0 0 0 0 0 0 0 0 0 0 0 0 0 0 0 0 0 0 0 0 0 0 0 0 0 0 0 0 0 0 0 0 0 0 0 0 0 0 0 0 0 0 0 0 0 0 0 0 0 0 0 0 0 0 0 0 0 0 0 0 0 0 0 0 0 0 0 0 0 0 0 0 0 0 0 0 0 0 0 0 0 0 0 0 0 0 0 0 0 0 0 0 0 0 0 0 0 0 0 0 0 0 0 0 0 0 0 0 0 0 0 0 0 0 0 0 0 0 0 0 0 0 0 0 0 0 0 0 0 0 0 0 0 0 0 0 0 0 0 0 0 0 0 0 0 0 0 0 0 0 0 0 0 0 0 0 0 0 0 0 0 0 0 0 0 0 0 0 0 0 0 0 0 0 0 0 0 0 0 0 0 0 0 0 0 0 0 0 0 0 0 0 0 0 0 0 0 0 0 0 0 0 0 0 0 0 0 0 0 0 0 0 0 0 0 0 0 0 0 0 0 0 0 0 0 0 0 0 0 0 0 0 0 0 0 0 0 0 0 0 0 0 0 0 0 0 0 0 0 0 0 0 0 0 0 0 0 0 0 0 0 0 0 0 0 0 0 0 0 0 0 0 0 0 0 0 0 0 0 0 0 0 0 0 0 0 0 0 0 0 0 0 0 0 0 0 0 0 0 0 0 0 0 0 0 0 0 0 0 0 0 0 0 0 0 0 0 0 0 0 0 0 0 0 0 0 0 0 0 0 0 0 0 0 0 0 0 0 0 0 0 0 0 0 0 0 0 0 0 0 0 0 0 0 0 0 0 0 0 0 0 0 0 0 0 0 0 0 0 0 0 0 0 0 0 0 0 0 0 0 0 0 0 0 0 0 0 0 0 0 0 0 0 0 0 0 0 0 0 0 0 0 0 0 0 0 0 0 0 0 0 0 0 0 0 0 0 0 0 0 0 0 0 0 0 0 0 0 0 0 0 0 0 0 0 0 0 0 0 0 0 0 0 0 0 0 0 0 0 0 0 0 0 0 0 0 0 0 0 0 0 0 0 0 0 0 0 0 0 0 0 0 0 0 0 0 0 0 0 0 0 0 0 0 0 0 0 0 0 0 0 0 0 0 0 0 0 0 0 0 0 0 0 0 0 0 0 0 0 0 0 0 0 0 0 0 0 0 0 0 0 0 0 0 0 0 0 0 0 0 0 0 0 0 0 0 0 0 0 0 0 0 0 0 0 0 0 0 0 0 0 0 0 0 0 0 0 0 0 0 0 0 0 0 0 0 0 0 0 0 0 0 0 0 0 0 0 0 0 0 0 0 0 0 0 0 0 0 0 0 0 0 0 0 0 0 0 0 0 0 0 0 0 0 0 0 0 0 0 0 0 0 0 0 0 0 0 0 0 0 0 0 0 0 0 0 0 0 0 0 0 0 0 0 0 0 0 0 0 0 0 0 0 0 0 0 0 0 0 0 0 0 0 0 0 0 0 0 0 0 0 0 0 0 0 0 0 0 0 0 0 0 0 0 0 0 0 0 0 0 0 0 0 0 0 0 0 0 0 0 0 0 0 0 0 0 0 0 0 0 0 0 0 0 0 0 0 0 0 0 0 0 0 0 0 0 0 0 0 0 0 0 0 0 0 0 0 0 0 0 0 0 0 0 0 0 0 0 0 0 0 0 0 0 0 0 0 0 0 0 0 0 0 0 0 0 0 0 0 0 0 0 0 0 0 0 0 0 0 0 0 0 0 0 0 0 0 0 0 0 0 0 0 0 0 0 0 0 0 0 0 0 0 0 0 0 0 0 0 0 0 0 0 0 0 0 0 0 0 0 0 0 0 0 0 0 0 0 0 0 0 0 0 0 0 0 0 0 0 0 0 0 0 0 0 0 0 0 0 0 0 0 0 0 0 0 0 0 0 0 0 0 0 0 0 0 0 0 0 0 0 0 0 0 0 0 0 0 0 0 0 0 0 0 0 0 0 0 0 0 0 0 0 0 0 0 0 0 0 0 0 0 0 0 0 0 0 0 0 0 0 0 0 0 0 0 0 0 0 0 0 0 0 0 0 0 0 0 0 0 0 0 0 0 0 0 0 0 0 0 0 0 0 0 0 0 0 0 0 0 0 0 0 0 0 0 0 0 0 0 0 0 0 0 0 0 0 0 0 0 0 0 0 0 0 0 0 0 0 0 0 0 0 0 0 0 0 0 0 0 0 0 0 0 0 0 0 0 0 0 0 0 0 0 0 0 0 0 0 0 0 0 0 0 0 0 0 0 0 0 0 0 0 0 0 0 0 0 0 0 0 0 0 0 0 0 0 0 0 0 0 0 0 0 0 0 0 0 0 0 0 0 0 0 0 0 0 0 0 0 0 0 0 0 0 0 0 0 0 0 0 0 0 0 0 0 0 0 0 0 0 0 0 0 0 0 0 0 0 0 0 0 0 0 0 0 0 0 0 0 0 0 0 0 0 0 0 0 0 0 0 0 0 0 0 0 0 0 0 0 0 0 0 0 0 0 0 0 0 0 0 0 0 0 0 0 0 0 0 0 0 0 0 0 0 0 0 0 0 0 0 0 0 0 0 0 0 0 0 0 0 0 0 0 0 0 0 0 0 0 0 0 0 0 0 0 0 0 0 0 0 0 0 0 0 0 0 0 0 0 0 0 0 0 0 0 0 0 0 0 0 0 0 0 0 0 0 0 0 0 0 0 0 0 0 0 0 0 0 0 0 0 0 0 0 0 0 0 0 0 0 0 0 0 0 0 0 0 0 0 0 0 0 0 0 0 0 0 0 0 0 0 0 0 0 0 0 0 0 0 0 0 0 0 0 0 0 0 0 0 0 0 0 0 0 0 0 0 0 0 0 0 0 0 0 0 0 0 0 0 0 0 0 0 0 0 0 0 0 0 0 0 0 0 0 0 0 0 0 0 0 0 0 0 0 0 0 0 0 0 0 0 0 0 0 0 0 0 0 0 0 0 0 0 0 0 0 0 0 0 0 0 0 0 0 0 0 0 0 0 0 0 0 0 0 0 0 0 0 0 0 0 0 0 0 0 0 0 0 0 0 0 0 0 0 0 0 0 0 0 0 0 0 0 0 0 0 0 0 0 0 0 0 0 0 0 0 0 0 0 0 0 0 0 0 0 0 0 0 0 0 0 0 0 0 0 0 0 0 0 0 0 0 0 0 0 0 0 0 0 0 0 0 0 0 0 0 0 0 0 0 0 0 0 0 0 0 0 0 0 0 0 0 0 0 0 0 0 0 0 0 0 0 0 0 0 0 0 0 0 0 0 0 0 0 0 0 0 0 0 0 0 0 0 0 0 0 0 0 0 0 0 0 0 0 0 0 0 0 0 0 0 0 0 0 0 0 0 0 0 0 0 0 0 0 0 0 0 0 0 0 0 0 0 0 0 0 0 0 0 0 0 0 0 0 0 0 0 0 0 0 0 0 0 0 0 0 0 0 0 0 0 0 0 0 0 0 0 0 0 0 0 0 0 0 0 0 0 0 0 0 0 0 0 0 0 0 0 0 0 0 0 0 0 0 0 0 0 0 0 0 0 0 0 0 0 0 0 0 0 0 0 0 0 0 0 0 0 0 0 0 0 0 0 0 0 0 0 0 0 0 0 0 0 0 0 0 0 0 0 0 0 0 0 0 0 0 0 0 0 0 0 0 0 0 0 0 0 0 0 0 0 0 0 0 0 0 0 0 0 0 0 0 0 0 0 0 0 0 0 0 0 0 0 0 0 0 0 0 0 0 0 0 0 0 0 0 0 0 0 0 0 0 0 0 0 0 0 0 0 0 0 0 0 0 0 0 0 0 0 0 0 0 0 0 0 0 0 0 0 0 0 0 0 0 0 0 0 0 0 0 0 0 0 0 0 0 0 0 0 0 0 0 0 0 0 0 0 0 0 0 0 0 0 0 0 0 0 0 0 0 0 0 0 0 0 0 0 0 0 0 0 0 0 0 0 0 0 0 0 0 0 0 0 0 0 0 0 0 0 0 0 0 0 0 0 0 0 0 0 0 0 0 0 0 0 0 0 0 0 0 0 0 0 0 0 0 0 0 0 0 0 0 0 0 0 0 0 0 0 0 0 0 0 0 0 0 0 0 0 0 0 0 0 0 0 0 0 0 0 0 0 0 0 0 0 0 0 0 0 0 0 0 0 0 0 0 0 0 0 0 0 0 0 0 0 0 0 0 0 0 0 0 0 0 0 0 0 0 0 0 0 0 0 0 0 0 0 0 0 0 0 0 0 0 0 0 0 0 0 0 0 0 0 0 0 0 0 0 0 0 0 0 0 0 0 0 0 0 0 0 0 0 0 0 0 0 0 0 0 0 0 0 0 0 0 0 0 0 0 0 0 0 0 0 0 0 0 0 0 0 0 0 0 0 0 0 0 0 0 0 0 0 0 0 0 0 0 0 0 0 0 0 0 0 0 0 0 0 0 0 0 0 0 0 0 0 0 0 0 0 0 0 0 0 0 0 0 0 0 0 0 0 0 0 0 0 0 0 0 0 0 0 0 0 0 0 0 0 0 0 0 0 0 0 0 0 0 0 0 0 0 0 0 0 0 0 0 0 0 0 0 0 0 0 0 0 0 0 0 0 0 0 0 0 0 0 0 0 0 0 0 0 0 0 0 0 0 0 0 0 0 0 0 0 0 0 0 0 0 0 0 0 0 0 0 0 0 0 0 0 0 0 0 0 0 0 0 0 0 0 0 0 0 0 0 0 0 0 0 0 0 0 0 0 0 0 0 0 0 0 0 0 0 0 0 0 0 0 0 0 0 0 0 0 0 0 0 0 0 0 0 0 0 0 0 0 0 0 0 0 0 0 0 0 0 0 0 0 0 0 0 0 0 0 0 0 0 0 0 0 0 0 0 0 0 0 0 0 0 0 0 0 0 0 0 0 0 0 0 0 0 0 0 0 0 0 0 0 0 0 0 0 0 0 0 0 0 0 0 0 0 0 0 0 0 0 0 0 0 0 0 0 0 0 0 0 0 0 0 0 0 0 0 0 0 0 0 0 0 0 0 0 0 0 0 0 0 0 0 0 0 0 0 0 0 0 0 0 0 0 0 0 0 0 0 0 0 0 0 0 0 0 0 0 0 0 0 0 0 0 0 0 0 0 0 0 0 0 0 0 0 0 0 0 0 0 0 0 0 0 0 0 0 0 0 0 0 0 0 0 0 0 0 0 0 0 0 0 0 0 0 0 0 0 0 0 0 0 0 0 0 0 0 0 0 0 0 0 0 0 0 0 0 0 0 0 0 0 0 0 0 0 0 0 0 0 0 0 0 0 0 0 0 0 0 0 0 0 0 0 0 0 0 0 0 0 0 0 0 0 0 0 0 0 0 0 0 0 0 0 0 0 0 0 0 0 0 0 0 0 0 0 0 0 0 0 0 0 0 0 0 0 0 0 0 0 0 0 0 0 0 0 0 0 0 0 0 0 0 0 0 0 0 0 0 0 0 0 0 0 0 0 0 0 0 0 0 0 0 0 0 0 0 0 0 0 0 0 0 0 0 0 0 0 0 0 0 0 0 0 0 0 0 0 0 0 0 0 0 0 0 0 0 0 0 0 0 0 0 0 0 0 0 0 0 0 0 0 0 0 0 0 0 0 0 0 0 0 0 0 0 0 0 0 0 0 0 0 0 0 0 0 0 0 0 0 0 0 0 0 0 0 0 0 0 0 0 0 0 0 0 0 0 0 0 0 0 0 0 0 0 0 0 0 0 0 0 0 0 0 0 0 0 0 0 0 0 0 0 0 0 0 0 0 0 0 0 0 0 0 0 0 0 0 0 0 0 0 0 0 0 0 0 0 0 0 0 0 0 0 0 0 0 0 0 0 0 0 0 0 0 0 0 0 0 0 0 0 0 0 0 0 0 0 0 0 0 0 0 0 0 0 0 0 0 0 0 0 0 0 0 0 0 0 0 0 0 0 0 0 0 0 0 0 0 0 0 0 0 0 0 0 0 0 0 0 0 0 0 0 0 0 0 0 0 0 0 0 0 0 0 0 0 0 0 0 0 0 0 0 0 0 0 0 0 0 0 0 0 0 0 0 0 0 0 0 0 0 0 0 0 0 0 0 0 0 0 0 0 0 0 0 0 0 0 0 0 0 0 0 0 0 0 0 0 0 0 0 0 0 0 0 0 0 0 0 0 0 0 0 0 0 0 0 0 0 0 0 0 0 0 0 0 0 0 0 0 0 0 0 0 0 0 0 0 0 0 0 0 0 0 0 0 0 0 0 0 0 0 0 0 0 0 0 0 0 0 0 0 0 0 0 0 0 0 0 0 0 0 0 0 0 0 0 0 0 0 0 0 0 0 0 0 0 0 0 0 0 0 0 0 0 0 0 0 0 0 0 0 0 0 0 0 0 0 0 0 0 0 0 0 0 0 0 0 0 0 0 0 0 0 0 0 0 0 0 0 0 0 0 0 0 0 0 0 0 0 0 0 0 0 0 0 0 0 0 0 0 0 0 0 0 0 0 0 0 0 0 0 0 0 0 0 0 0 0 0 0 0 0 0 0 0 0 0 0 0 0 0 0 0 0 0 0 0 0 0 0 0 0 0 0 0 0 0 0 0 0 0 0 0 0 0 0 0 0 0 0 0 0 0 0 0 0 0 0 0 0 0 0 0 0 0 0 0 0 0 0 0 0 0 0 0 0 0 0 0 0 0 0 0 0 0 0 0 0 0 0 0 0 0 0 0 0 0 0 0 0 0 0 0 0 0 0 0 0 0 0 0 0 0 0 0 0 0 0 0 0 0 0 0 0 0 0 0 0 0 0 0 0 0 0 0 0 0 0 0 0 0 0 0 0 0 0 0 0 0 0 0 0 0 0 0 0 0 0 0 0 0 0 0 0 0 0 0 0 0 0 0 0 0 0 0 0 0 0 0 0 0 0 0 0 0 0 0 0 0 0 0 0 0 0 0 0 0 0 0 0 0 0 0 0 0 0 0 0 0 0 0 0 0 0 0 0 0 0 0 0 0 0 0 0 0 0 0 0 0 0 0 0 0 0 0 0 0 0 0 0 0 0 0 0 0 0 0 0 0 0 0 0 0 0 0 0 0 0 0 0 0 0 0 0 0 0 0 0 0 0 0 0 0 0 0 0 0 0 0 0 0 0 0 0 0 0 0 0 0 0 0 0 0 0 0 0 0 0 0 0 0 0 0 0 0 0 0 0 0 0 0 0 0 0 0 0 0 0 0 0 0 0 0 0 0 0 0 0 0 0 0 0 0 0 0 0 0 0 0 0 0 0 0 0 0 0 0 0 0 0 0 0 0 0 0 0 0 0 0 0 0 0 0 0 0 0 0 0 0 0 0 0 0 0 0 0 0 0 0 0 0 0 0 0 0 0 0 0 0 0 0 0 0 0 0 0 0 0 0 0 0 0 0 0 0 0 0 0 0 0 0 0 0 0 0 0 0 0 0 0 0 0 0 0 0 0 0 0 0 0 0 0 0 0 0 0 0 0 0 0 0 0 0 0 0 0 0 0 0 0 0 0 0 0 0 0 0 0 0 0 0 0 0 0 0 0 0 0 0 0 0 0 0 0 0 0 0 0 0 0 0 0 0 0 0 0 0 0 0 0 0 0 0 0 0 0 0 0 0 0 0 0 0 0 0 0 0 0 0 0 0 0 0 0 0 0 0 0 0 0 0 0 0 0 0 0 0 0 0 0 0 0 0 0 0 0 0 0 0 0 0 0 0 0 0 0 0 0 0 0 0 0 0 0 0 0 0 0 0 0 0 0 0 0 0 0 0 0 0 0 0 0 0 0 0 0 0 0 0 0 0 0 0 0 0 0 0 0 0 0 0 0 0 0 0 0 0 0 0 0 0 0 0 0 0 0 0 0 0 0 0 0 0 0 0 0 0 0 0 0 0 0 0 0 0 0 0 0 0 0 0 0 0 0 0 0 0 0 0 0 0 0 0 0 0 0 0 0 0 0 0 0 0 0 0 0 0 0 0 0 0 0 0 0 0 0 0 0 0 0 0 0 0 0 0 0 0 0 0 0 0 0 0 0 0 0 0 0 0 0 0 0 0 0 0 0 0 0 0 0 0 0 0 0 0 0 0 0 0 0 0 0 0 0 0 0 0 0 0 0 0 0 0 0 0 0 0 0 0 0 0 0 0 0 0 0 0 0 0 0 0 0 0 0 0 0 0 0 0 0 0 0 0 0 0 0 0 0 0 0 0 0 0 0 0 0 0 0 0 0 0 0 0 0 0 0 0 0 0 0 0 0 0 0 0 0 0 0 0 0 0 0 0 0 0 0 0 0 0 0 0 0 0 0 0 0 0 0 0 0 0 0 0 0 0 0 0 0 0 0 0 0 0 0 0 0 0 0 0 0 0 0 0 0 0 0 0 0 0 0 0 0 0 0 0 0 0 0 0 0 0 0 0 0 0 0 0 0 0 0 0 0 0 0 0 0 0 0 0 0 0 0 0 0 0 0 0 0 0 0 0 0 0 0 0 0 0 0 0 0 0 0 0 0 0 0 0 0 0 0 0 0 0 0 0 0 0 0 0 0 0 0 0 0 0 0 0 0 0 0 0 0 0 0 0 0 0 0 0 0 0 0 0 0 0 0 0 0 0 0 0 0 0 0 0 0 0 0 0 0 0 0 0 0 0 0 0 0 0 0 0 0 0 0 0 0 0 0 0 0 0 0 0 0 0 0 0 0 0 0 0 0 0 0 0 0 0 0 0 0 0 0 0 0 0 0 0 0 0 0 0 0 0 0 0 0 0 0 0 0 0 0 0 0 0 0 0 0 0 0 0 0 0 0 0 0 0 0 0 0 0 0 0 0 0 0 0 0 0 0 0 0 0 0 0 0 0 0 0 0 0 0 0 0 0 0 0 0 0 0 0 0 0 0 0 0 0 0 0 0 0 0 0 0 0 0 0 0 0 0 0 0 0 0 0 0 0 0 0 0 0 0 0 0 0 0 0 0 0 0 0 0 0 0 0 0 0 0 0 0 0 0 0 0 0 0 0 0 0 0 0 0 0 0 0 0 0 0 0 0 0 0 0 0 0 0 0 0 0 0 0 0 0 0 0 0 0 0 0 0 0 0 0 0 0 0 0 0 0 0 0 0 0 0 0 0 0 0 0 0 0 0 0 0 0 0 0 0 0 0 0 0 0 0 0 0 0 0 0 0 0 0 0 0 0 0 0 0 0 0 0 0 0 0 0 0 0 0 0 0 0 0 0 0 0 0 0 0 0 0 0 0 0 0 0 0 0 0 0 0 0 0 0 0 0 0 0 0 0 0 0 0 0 0 0 0 0 0 0 0 0 0 0 0 0 0 0 0 0 0 0 0 0 0 0 0 0 0 0 0 0 0 0 0 0 0 0 0 0 0 0 0 0 0 0 0 0 0 0 0 0 0 0 0 0 0 0 0 0 0 0 0 0 0 0 0 0 0 0 0 0 0 0 0 0 0 0 0 0 0 0 0 0 0 0 0 0 0 0 0 0 0 0 0 0 0 0 0 0 0 0 0 0 0 0 0 0 0 0 0 0 0 0 0 0 0 0 0 0 0 0 0 0 0 0 0 0 0 0 0 0 0 0 0 0 0 0 0 0 0 0 0 0 0 0 0 0 0 0 0 0 0 0 0 0 0 0 0 0 0 0 0 0 0 0 0 0 0 0 0 0 0 0 0 0 0 0 0 0 0 0 0 0 0 0 0 0 0 0 0 0 0 0 0 0 0 0 0 0 0 0 0 0 0 0 0 0 0 0 0 0 0 0 0 0 0 0 0 0 0 0 0 0 0 0 0 0 0 0 0 0 0 0 0 0 0 0 0 0 0 0 0 0 0 0 0 0 0 0 0 0 0 0 0 0 0 0 0 0 0 0 0 0 0 0 0 0 0 0 0 0 0 0 0 0 0 0 0 0 0 0 0 0 0 0 0 0 0 0 0 0 0 0 0 0 0 0 0 0 0 0 0 0 0 0 0 0 0 1 1 1 1 1 1 1 1 1 1 1 1 1 1 1 1 1 1 1 1 1 1 1 1 1 1 1 1 1 1 1 1 1 1 1 1 1 1 1 1 1 1 1 1 1 1 1 1 1 1 1 1 1 1 1 1 1 1 1 1 1 1 1 1 1 1 1 1 1 1 1 1 1 1 1 1 1 1 1 1 1 1 1 1 1 1 1 1 1 1 1 1 1 1 1 1 1 1 1 1 1 1 1 1 1 1 1 1 1 1 1 1 1 1 1 1 1 1 1 1 1 1 1 1 1 1 1 1 1 1 1 1 1 1 1 1 1 1 1 1 1 1 1 1 1 1 1 1 1 1 1 1 1 1 1 1 1 1 1 1 1 1 1 1 1 1 1 1 1 1 1 1 1 1 1 1 1 1 1 1 1 1 1 1 1 1 1 1 1 1 1 1 1 1 1 1 1 1 1 1 1 1 1 1 1 1 1 1 1 1 1 1 1 1 1 1 1 1 1 1 1 1 1 1 1 1 1 1 1 1 1 1 1 1 1 1 1 1 1 1 1 1 1 1 1 1 1 1 1 1 1 1 1 1 1 1 1 1 1 1 1 1 1 1 1 1 1 1 1 1 1 1 1 1 1 1 1 1 1 1 1 1 1 1 1 1 1 1 1 1 1 1 1 1 1 1 1 1 1 1 1 1 1 1 1 1 1 1 1 1 1 1 1 1 1 1 1 1 1 1 1 1 1 1 1 1 1 1 1 1 1 1 1 1 1 1 1 1 1 1 1 1 1 1 1 1 1 1 1 1 1 1 1 1 1 1 1 1 1 1 1 1 1 1 1 1 1 1 1 1 1 1 1 1 1 1 1 1 1 1 1 1 1 1 1 1 1 1 1 1 1 1 1 1 1 1 1 1 1 1 1 1 1 1 1 1 1 1 1 1 1 1 1 1 1 1 1 1 1 1 1 1 1 1 1 1 1 1 1 1 1 1 1 1 1 1 1 1 1 1 1 1 1 1 1 1 1 1 1 1 1 1 1 1 1 1 1 1 1 1 1 1 1 1 1 1 1 1 1 1 1 1 1 1 1 1 1 1 1 1 1 1 1 1 1 1 1 1 1 1 1 1 1 1 1 1 1 1 1 1 1 1 1 1 1 1 1 1 1 1 1 1 1 1 1 1 1 1 1 1 1 1 1 1 1 1 1 1 1 1 1 1 1 1 1 1 1 1 1 1 1 1 1 1 1 1 1 1 1 1 1 1 1 1 1 1 1 1 1 1 1 1 1 1 1 1 1 1 1 1 1 1 1 1 1 1 1 1 1 1 1 1 1 1 1 1 1 1 1 1 1 1 1 1 1 1 1 1 1 1 1 1 1 1 1 1 1 1 1 1 1 1 1 1 1 1 1 1 1 1 1 1 1 1 1 1 1 1 1 1 1 1 1 1 1 1 1 1 1 1 1 1 1 1 1 1 1 1 1 1 1 1 1 1 1 1 1 1 1 1 1 1 1 1 1 1 1 1 1 1 1 1 1 1 1 1 1 1 1 1 1 1 1 1 1 1 1 1 1 1 1 1 1 1 1 1 1 1 1 1 1 1 1 1 1 1 1 1 1 1 1 1 1 1 1 1 1 1 1 1 1 1 1 1 1 1 1 1 1 1 1 1 1 1 1 1 1 1 1 1 1 1 1 1 1 1 1 1 1 1 1 1 1 1 1 1 1 1 1 1 1 1 1 1 1 1 1 1 1 1 1 1 1 1 1 1 1 1 1 1 1 1 1 1 1 1 1 1 1 1 1 1 1 1 1 1 1 1 1 1 1 1 1 1 1 1 1 1 1 1 1 1 1 1 1 1 1 1 1 1 1 1 1 1 1 1 1 1 1 1 1 1 1 1 1 1 1 1 1 1 1 1 1 1 1 1 1 1 1 1 1 1 1 1 1 1 1 1 1 1 1 1 1 1 1 1 1 1 1 1 1 1 1 1 1 1 1 1 1 1 1 1 1 1 1 1 1 1 1 1 1 1 1 1 1 1 1 1 1 1 1 1 1 1 1 1 1 1 1 1 1 1 1 1 1 1 1 1 1 1 1 1 1 1 1 1 1 1 1 1 1 1 1 1 1 1 1 1 1 1 1 1 1 1 1 1 1 1 1 1 1 1 1 1 1 1 1 1 1 1 1 1 1 1 1 1 1 1 1 1 1 1 1 1 1 1 1 1 1 1 1 1 1 1 1 1 1 1 1 1 1 1 1 1 1 1 1 1 1 1 1 1 1 1 1 1 1 1 1 1 1 1 1 1 1 1 1 1 1 1 1 1 1 1 1 1 1 1 1 1 1 1 1 1 1 1 1 1 1 1 1 1 1 1 1 1 1 1 1 1 1 1 1 1 1 1 1 1 1 1 1 1 1 1 1 1 1 1 1 1 1 1 1 1 1 1 1 1 1 1 1 1 1 1 1 1 1 1 1 1 1 1 1 1 1 1 1 1 1 1 1 1 1 1 1 1 1 1 1 1 1 1 1 1 1 1 1 1 1 1 1 1 1 1 1 1 1 1 1 1 1 1 1 1 1 1 1 1 1 1 1 1 1 1 1 1 1 1 1 1 1 1 1 1 1 1 1 1 1 1 1 1 1 1 1 1 1 1 1 1 1 1 1 1 1 1 1 1 1 1 1 1 1 1 1 1 1 1 1 1 1 1 1 1 1 1 1 1 1 1 1 1 1 1 1 1 1 1 1 1 1 1 1 1 1 1 1 1 1 1 1 1 1 1 1 1 1 1 1 1 1 1 1 1 1 1 1 1 1 1 1 1 1 1 1 1 1 1 1 1 1 1 1 1 1 1 1 1 1 1 1 1 1 1 1 1 1 1 1 1 1 1 1 1 1 1 1 1 1 1 1 1 1 1 1 1 1 1 1 1 1 1 1 1 1 1 1 1 1 1 1 1 1 1 1 1 1 1 1 1 1 1 1 1 1 1 1 1 1 1 1 1 1 1 1 1 1 1 1 1 1 1 1 1 1 1 1 1 1 1 1 1 1 1 1 1 1 1 1 1 1 1 1 1 1 1 1 1 1 1 1 1 1 1 1 1 1 1 1 1 1 1 1 1 1 1 1 1 1 1 1 1 1 1 1 1 1 1 1 1 1 1 1 1 1 1 1 1 1 1 1 1 1 1 1 1 1 1 1 1 1 1 1 1 1 1 1 1 1 1 1 1 1 1 1 1 1 1 1 1 1 1 1 1 1 1 1 1 1 1 1 1 1 1 1 1 1 1 1 1 1 1 1 1 1 1 1 1 1 1 1 1 1 1 1 1 1 1 1 1 1 1 1 1 1 1 1 1 1 1 1 1 1 1 1 1 1 1 1 1 1 1 1 1 1 1 1 1 1 1 1 1 1 1 1 1 1 1 1 1 1 1 1 1 1 1 1 1 1 1 1 1 1 1 1 1 1 1 1 1 1 1 1 1 1 1 1 1 1 1 1 1 1 1 1 1 1 1 1 1 1 1 1 1 1 1 1 1 1 1 1 1 1 1 1 1 1 1 1 1 1 1 1 1 1 1 1 1 1 1 1 1 1 1 1 1 1 1 1 1 1 1 1 1 1 1 1 1 1 1 1 1 1 1 1 1 1 1 1 1 1 1 1 1 1 1 1 1 1 1 1 1 1 1 1 1 1 1 1 1 1 1 1 1 1 1 1 1 1 1 1 1 1 1 1 1 1 1 1 1 1 1 1 1 1 1 1 1 1 1 1 1 1 1 1 1 1 1 1 1 1 1 1 1 1 1 1 1 1 1 1 1 1 1 1 1 1 1 1 1 1 1 1 1 1 1 1 1 1 1 1 1 1 1 1 1 1 1 1 1 1 1 1 1 1 1 1 1 1 1 1 1 1 1 1 1 1 1 1 1 1 1 1 1 1 1 1 1 1 1 1 1 1 1 1 1 1 1 1 1 1 1 1 1 1 1 1 1 1 1 1 1 1 1 1 1 1 1 1 1 1 1 1 1 1 1 1 1 1 1 1 1 1 1 1 1 1 1 1 1 1 1 1 1 1 1 1 1 1 1 1 1 1 1 1 1 1 1 1 1 1 1 1 1 1 1 1 1 1 1 1 1 1 1 1 1 1 1 1 1 1 1 1 1 1 1 1 1 1 1 1 1 1 1 1 1 1 1 1 1 1 1 1 1 1 1 1 1 1 1 1 1 1 1 1 1 1 1 1 1 1 1 1 1 1 1 1 1 1 1 1 1 1 1 1 1 1 1 1 1 1 1 1 1 1 1 1 1 1 1 1 1 1 1 1 1 1 1 1 1 1 1 1 1 1 1 1 1 1 1 1 1 1 1 1 1 1 1 1 1 1 1 1 1 1 1 1 1 1 1 1 1 1 1 1 1 1 1 1 1 1 1 1 1 1 1 1 1 1 1 1 1 1 1 1 1 1 1 1 1 1 1 1 1 1 1 1 1 1 1 1 1 1 1 1 1 1 1 1 1 1 1 1 1 1 1 1 1 1 1 1 1 1 1 1 1 1 1 1 1 1 1 1 1 1 1 1 1 1 1 1 1 1 1 1 1 1 1 1 1 1 1 1 1 1 1 1 1 1 1 1 1 1 1 1 1 1 1 1 1 1 1 1 1 1 1 1 1 1 1 1 1 1 1 1 1 1 1 1 1 1 1 1 1 1 1 1 1 1 1 1 1 1 1 1 1 1 1 1 1 1 1 1 1 1 1 1 1 1 1 1 1 1 1 1 1 1 1 1 1 1 1 1 1 1 1 1 1 1 1 1 1 1 1 1 1 1 1 1 1 1 1 1 1 1 1 1 1 1 1 1 1 1 1 1 1 1 1 1 1 1 1 1 1 1 1 1 1 1 1 1 1 1 1 1 1 1 1 1 1 1 1 1 1 1 1 1 1 1 1 1 1 1 1 1 1 1 1 1 1 1 1 1 1 1 1 1 1 1 1 1 1 1 1 1 1 1 1 1 1 1 1 1 1 1 1 1 1 1 1 1 1 1 1 1 1 1 1 1 1 1 1 1 1 1 1 1 1 1 1 1 1 1 1 1 1 1 1 1 1 1 1 1 1 1 1 1 1 1 1 1 1 1 1 1 1 1 1 1 1 1 1 1 1 1 1 1 1 1 1 1 1 1 1 1 1 1 1 1 1 1 1 1 1 1 1 1 1 1 1 1 1 1 1 1 1 1 1 1 1 1 1 1 1 1 1 1 1 1 1 1 1 1 1 1 1 1 1 1 1 1 1 1 1 1 1 1 1 1 1 1 1 1 1 1 1 1 1 1 1 1 1 1 1 1 1 1 1 1 1 1 1 1 1 1 1 1 1 1 1 1 1 1 1 1 1 1 1 1 1 1 1 1 1 1 1 1 1 1 1 1 1 1 1 1 1 1 1 1 1 1 1 1 1 1 1 1 1 1 1 1 1 1 1 1 1 1 1 1 1 1 1 1 1 1 1 1 1 1 1 1 1 1 1 1 1 1 1 1 1 1 1 1 1 1 1 1 1 1 1 1 1 1 1 1 1 1 1 1 1 1 1 1 1 1 1 1 1 1 1 1 1 1 1 1 1 1 1 1 1 1 1 1 1 1 1 1 1 1 1 1 1 1 1 1 1 1 1 1 1 1 1 1 1 1 1 1 1 1 1 1 1 1 1 1 1 1 1 1 1 1 1 1 1 1 1 1 1 1 1 1 1 1 1 1 1 1 1 1 1 1 1 1 1 1 1 1 1 1 1 1 1 1 1 1 1 1 1 1 1 1 1 1 1 1 1 1 1 1 1 1 1 1 1 1 1 1 1 1 1 1 1 1 1 1 1 1 1 1 1 1 1 1 1 1 1 1 1 1 1 1 1 1 1 1 1 1 1 1 1 1 1 1 1 1 1 1 1 1 1 1 1 1 1 1 1 1 1 1 1 1 1 1 1 1 1 1 1 1 1 1 1 1 1 1 1 1 1 1 1 1 1 1 1 1 1 1 1 1 1 1 1 1 1 1 1 1 1 1 1 1 1 1 1 1 1 1 1 1 1 1 1 1 1 1 1 1 1 1 1 1 1 1 1 1 1 1 1 1 1 1 1 1 1 1 1 1 1 1 1 1 1 1 1 1 1 1 1 1 1 1 1 1 1 1 1 1 1 1 1 1 1 1 1 1 1 1 1 1 1 1 1 1 1 1 1 1 1 1 1 1 1 1 1 1 1 1 1 1 1 1 1 1 1 1 1 1 1 1 1 1 1 1 1 1 1 1 1 1 1 1 1 1 1 1 1 1 1 1 1 1 1 1 1 1 1 1 1 1 1 1 1 1 1 1 1 1 1 1 1 1 1 1 1 1 1 1 1 1 1 1 1 1 1 1 1 1 1 1 1 1 1 1 1 1 1 1 1 1 1 1 1 1 1 1 1 1 1 1 1 1 1 1 1 1 1 1 1 1 1 1 1 1 1 1 1 1 1 1 1 1 1 1 1 1 1 1 1 1 1 1 1 1 1 1 1 1 1 1 1 1 1 1 1 1 1 1 1 1 1 1 1 1 1 1 1 1 1 1 1 1 1 1 1 1 1 1 1 1 1 1 1 1 1 1 1 1 1 1 1 1 1 1 1 1 1 1 1 1 1 1 1 1 1 1 1 1 1 1 1 1 1 1 1 1 1 1 1 1 1 1 1 1 1 1 1 1 1 1 1 1 1 1 1 1 1 1 1 1 1 1 1 1 1 1 1 1 1 1 1 1 1 1 1 1 1 1 1 1 1 1 1 1 1 1 1 1 1 1 1 1 1 1 1 1 1 1 1 1 1 1 1 1 1 1 1 1 1 1 1 1 1 1 1 1 1 1 1 1 1 1 1 1 1 1 1 1 1 1 1 1 1 1 1 1 1 1 1 1 1 1 1 1 1 1 1 1 1 1 1 1 1 1 1 1 1 1 1 1 1 1 1 1 1 1 1 1 1 1 1 1 1 1 1 1 1 1 1 1 1 1 1 1 1 1 1 1 1 1 1 1 1 1 1 1 1 1 1 1 1 1 1 1 1 1 1 1 1 1 1 1 1 1 1 1 1 1 1 1 1 1 1 1 1 1 1 1 1 1 1 1 1 1 1 1 1 1 1 1 1 1 1 1 1 1 1 1 1 1 1 1 1 1 1 1 1 1 1 1 1 1 1 1 1 1 1 1 1 1 1 1 1 1 1 1 1 1 1 1 1 1 1 1 1 1 1 1 1 1 1 1 1 1 1 1 1 1 1 1 1 1 1 1 1 1 1 1 1 1 1 1 1 1 1 1 1 1 1 1 1 1 1 1 1 1 1 1 1 1 1 1 1 1 1 1 1 1 1 1 1 1 1 1 1 1 1 1 1 1 1 1 1 1 1 1 1 1 1 1 1 1 1 1 1 1 1 1 1 1 1 1 1 1 1 1 1 1 1 1 1 1 1 1 1 1 1 1 1 1 1 1 1 1 1 1 1 1 1 1 1 1 1 1 1 1 1 1 1 1 1 1 1 1 1 1 1 1 1 1 1 1 1 1 1 1 1 1 1 1 1 1 1 1 1 1 1 1 1 1 1 1 1 1 1 1 1 1 1 1 1 1 1 1 1 1 1 1 1 1 1 1 1 1 1 1 1 1 1 1 1 1 1 1 1 1 1 1 1 1 1 1 1 1 1 1 1 1 1 1 1 1 1 1 1 1 1 1 1 1 1 1 1 1 1 1 1 1 1 1 1 1 1 1 1 1 1 1 1 1 1 1 1 1 1 1 1 1 1 1 1 1 1 1 1 1 1 1 1 1 1 1 1 1 1 1 1 1 1 1 1 1 1 1 1 1 1 1 1 1 1 1 1 1 1 1 1 1 1 1 1 1 1 1 1 1 1 1 1 1 1 1 1 1 1 1 1 1 1 1 1 1 1 1 1 1 1 1 1 1 1 1 1 1 1 1 1 1 1 1 1 1 1 1 1 1 1 1 1 1 1 1 1 1 1 1 1 1 1 1 1 1 1 1 1 1 1 1 1 1 1 1 1 1 1 1 1 1 1 1 1 1 1 1 1 1 1 1 1 1 1 1 1 1 1 1 1 1 1 1 1 1 1 1 1 1 1 1 1 1 1 1 1 1 1 1 1 1 1 1 1 1 1 1 1 1 1 1 1 1 1 1 1 1 1 1 1 1 1 1 1 1 1 1 1 1 1 1 1 1 1 1 1 1 1 1 1 1 1 1 1 1 1 1 1 1 1 1 1 1 1 1 1 1 1 1 1 1 1 1 1 1 1 1 1 1 1 1 1 1 1 1 1 1 1 1 1 1 1 1 1 1 1 1 1 1 1 1 1 1 1 1 1 1 1 1 1 1 1 1 1 1 1 1 1 1 1 1 1 1 1 1 1 1 1 1 1 1 1 1 1 1 1 1 1 1 1 1 1 1 1 1 1 1 1 1 1 1 1 1 1 1 1 1 1 1 1 1 1 1 1 1 1 1 1 1 1 1 1 1 1 1 1 1 1 1 1 1 1 1 1 1 1 1 1 1 1 1 1 1 1 1 1 1 1 1 1 1 1 1 1 1 1 1 1 1 1 1 1 1 1 1 1 1 1 1 1 1 1 1 1 1 1 1 1 1 1 1 1 1 1 1 1 1 1 1 1 1 1 1 1 1 1 1 1 1 1 1 1 1 1 1 1 1 1 1 1 1 1 1 1 1 1 1 1 1 1 1 1 1 1 1 1 1 1 1 1 1 1 1 1 1 1 1 1 1 1 1 1 1 1 1 1 1 1 1 1 1 1 1 1 1 1 1 1 1 1 1 1 1 1 1 1 1 1 1 1 1 1 1 1 1 1 1 1 1 1 1 1 1 1 1 1 1 1 1 1 1 1 1 1 1 1 1 1 1 1 1 1 1 1 1 1 1 1 1 1 1 1 1 1 1 1 1 1 1 1 1 1 1 1 1 1 1 1 1 1 1 1 1 1 1 1 1 1 1 1 1 1 1 1 1 1 1 1 1 1 1 1 1 1 1 1 1 1 1 1 1 1 1 1 1 1 1 1 1 1 1 1 1 1 1 1 1 1 1 1 1 1 1 1 1 1 1 1 1 1 1 1 1 1 1 1 1 1 1 1 1 1 1 1 1 1 1 1 1 1 1 1 1 1 1 1 1 1 1 1 1 1 1 1 1 1 1 1 1 1 1 1 1 1 1 1 1 1 1 1 1 1 1 1 1 1 1 1 1 1 1 1 1 1 1 1 1 1 1 1 1 1 1 1 1 1 1 1 1 1 1 1 1 1 1 1 1 1 1 1 1 1 1 1 1 1 1 1 1 1 1 1 1 1 1 1 1 1 1 1 1 1 1 1 1 1 1 1 1 1 1 1 1 1 1 1 1 1 1 1 1 1 1 1 1 1 1 1 1 1 1 1 1 1 1 1 1 1 1 1 1 1 1 1 1 1 1 1 1 1 1 1 1 1 1 1 1 1 1 1 1 1 1 1 1 1 1 1 1 1 1 1 1 1 1 1 1 1 1 1 1 1 1 1 1 1 1 1 1 1 1 1 1 1 1 1 1 1 1 1 1 1 1 1 1 1 1 1 1 1 1 1 1 1 1 1 1 1 1 1 1 1 1 1 1 1 1 1 1 1 1 1 1 1 1 1 1 1 1 1 1 1 1 1 1 1 1 1 1 1 1 1 1 1 1 1 1 1 1 1 1 1 1 1 1 1 1 1 1 1 1 1 1 1 1 1 1 1 1 1 1 1 1 1 1 1 1 1 1 1 1 1 1 1 1 1 1 1 1 1 1 1 1 1 1 1 1 1 1 1 1 1 1 1 1 1 1 1 1 1 1 1 1 1 1 1 1 1 1 1 1 1 1 1 1 1 1 1 1 1 1 1 1 1 1 1 1 1 1 1 1 1 1 1 1 1 1 1 1 1 1 1 1 1 1 1 1 1 1 1 1 1 1 1 1 1 1 1 1 1 1 1 1 1 1 1 1 1 1 1 1 1 1 1 1 1 1 1 1 1 1 1 1 1 1 1 1 1 1 1 1 1 1 1 1 1 1 1 1 1 1 1 1 1 1 1 1 1 1 1 1 1 1 1 1 1 1 1 1 1 1 1 1 1 1 1 1 1 1 1 1 1 1 1 1 1 1 1 1 1 1 1 1 1 1 1 1 1 1 1 1 1 1 1 1 1 1 1 1 1 1 1 1 1 1 1 1 1 1 1 1 1 1 1 1 1 1 1 1 1 1 1 1 1 1 1 1 1 1 1 1 1 1 1 1 1 1 1 1 1 1 1 1 1 1 1 1 1 1 1 1 1 1 1 1 1 1 1 1 1 1 1 1 1 1 1 1 1 1 1 1 1 1 1 1 1 1 1 1 1 1 1 1 1 1 1 1 1 1 1 1 1 1 1 1 1 1 1 1 1 1 1 1 1 1 1 1 1 1 1 1 1 1 1 1 1 1 1 1 1 1 1 1 1 1 1 1 1 1 1 1 1 1 1 1 1 1 1 1 1 1 1 1 1 1 1 1 1 1 1 1 1 1 1 1 1 1 1 1 1 1 1 1 1 1 1 1 1 1 1 1 1 1 1 1 1 1 1 1 1 1 1 1 1 1 1 1 1 1 1 1 1 1 1 1 1 1 1 1 1 1 1 1 1 1 1 1 1 1 1 1 1 1 1 1 1 1 1 1 1 1 1 1 1 1 1 1 1 1 1 1 1 1 1 1 1 1 1 1 1 1 1 1 1 1 1 1 1 1 1 1 1 1 1 1 1 1 1 1 1 1 1 1 1 1 1 1 1 1 1 1 1 1 1 1 1 1 1 1 1 1 1 1 1 1 1 1 1 1 1 1 1 1 1 1 1 1 1 1 1 1 1 1 1 1 1 1 1 1 1 1 1 1 1 1 1 1 1 1 1 1 1 1 1 1 1 1 1 1 1 1 1 1 1 1 1 1 1 1 1 1 1 1 1 1 1 1 1 1 1 1 1 1 1 1 1 1 1 1 1 1 1 1 1 1 1 1 1 1 1 1 1 1 1 1 1 1 1 1 1 1 1 1 1 1 1 1 1 1 1 1 1 1 1 1 1 1 1 1 1 1 1 1 1 1 1 1 1 1 1 1 1 1 1 1 1 1 1 1 1 1 1 1 1 1 1 1 1 1 1 1 1 1 1 1 1 1 1 1 1 1 1 1 1 1 1 1 1 1 1 1 1 1 1 1 1 1 1 1 1 1 1 1 1 1 1 1 1 1 1 1 1 1 1 1 1 1 1 1 1 1 1 1 1 1 1 1 1 1 1 1 1 1 1 1 1 1 1 1 1 1 1 1 1 1 1 1 1 1 1 1 1 1 1 1 1 1 1 1 1 1 1 1 1 1 1 1 1 1 1 1 1 1 1 1 1 1 1 1 1 1 1 1 1 1 1 1 1 1 1 1 1 1 1 1 1 1 1 1 1 1 1 1 1 1 1 1 1 1 1 1 1 1 1 1 1 1 1 1 1 1 1 1 1 1 1 1 1 1 1 1 1 1 1 1 1 1 1 1 1 1 1 1 1 1 1 1 1 1 1 1 1 1 1 1 1 1 1 1 1 1 1 1 1 1 1 1 1 1 1 1 1 1 1 1 1 1 1 1 1 1 1 1 1 1 1 1 1 1 1 1 1 1 1 1 1 1 1 1 1 1 1 1 1 1 1 1 1 1 1 1 1 1 1 1 1 1 1 1 1 1 1 1 1 1 1 1 1 1 1 1 1 1 1 1 1 1 1 1 1 1 1 1 1 1 1 1 1 1 1 1 1 1 1 1 1 1 1 1 1 1 1 1 1 1 1 1 1 1 1 1 1 1 1 1 1 1 1 1 1 1 1 1 1 1 1 1 1 1 1 1 1 1 1 1 1 1 1 1 1 1 1 1 1 1 1 1 1 1 1 1 1 1 1 1 1 1 1 1 1 1 1 1 1 1 1 1 1 1 1 1 1 1 1 1 1 1 1 1 1 1 1 1 1 1 1 1 1 1 1 1 1 1 1 1 1 1 1 1 1 1 1 1 1 1 1 1 1 1 1 1 1 1 1 1 1 1 1 1 1 1 1 1 1 1 1 1 1 1 1 1 1 1 1 1 1 1 1 1 1 1 1 1 1 1 1 1 1 1 1 1 1 1 1 1 1 1 1 1 1 1 1 1 1 1 1 1 1 1 1 1 1 1 1 1 1 1 1 1 1 1 1 1 1 1 1 1 1 1 1 1 1 1 1 1 1 1 1 1 1 1 1 1 1 1 1 1 1 1 1 1 1 1 1 1 1 1 1 1 1 1 1 1 1 1 1 1 1 1 1 1 1 1 1 1 1 1 1 1 1 1 1 1 1 1 1 1 1 1 1 1 1 1 1 1 1 1 1 1 1 1 1 1 1 1 1 1 1 1 1 1 1 1 1 1 1 1 1 1 1 1 1 1 1 1 1 1 1 1 1 1 1 1 1 1 1 1 1 1 1 1 1 1 1 1 1 1 1 1 1 1 1 1 1 1 1 1 1 1 1 1 1 1 1 1 1 1 1 1 1 1 1 1 1 1 1 1 1 1 1 1 1 1 1 1 1 1 1 1 1 1 1 1 1 1 1 1 1 1 1 1 1 1 1 1 1 1 1 1 1 1 1 1 1 1 1 1 1 1 1 1 1 1 1 1 1 1 1 1 1 1 1 1 1 1 1 1 1 1 1 1 1 1 1 1 1 1 1 1 1 1 1 1 1 1 1 1 1 1 1 1 1 1 1 1 1 1 1 1 1 1 1 1 1 1 1 1 1 1 1 1 1 1 1 1 1 1 1 1 1 1 1 1 1 1 1 1 1 1 1 1 1 1 1 1 1 1 1 1 1 1 1 1 1 1 1 1 1 1 1 1 1 1 1 1 1 1 1 1 1 1 1 1 1 1 1 1 1 1 1 1 1 1 1 1 1 1 1 1 1 1 1 1 1 1 1 1 1 1 1 1 1 1 1 1 1 1 1 1 1 1 1 1 1 1 1 1 1 1 1 1 1 1 1 1 1 1 1 1 1 1 1 1 1 1 1 1 1 1 1 1 1 1 1 1 1 1 1 1 1 1 1 1 1 1 1 1 1 1 1 1 1 1 1 1 1 1 1 1 1 1 1 1 1 1 1 1 1 1 1 1 1 1 1 1 1 1 1 1 1 1 1 1 1 1 1 1 1 1 1 1 1 1 1 1 1 1 1 1 1 1 1 1 1 1 1 1 1 1 1 1 1 1 1 1 1 1 1 1 1 1 1 1 1 1 1 1 1 1 1 1 1 1 1 1 1 1 1 1 1 1 1 1 1 1 1 1 1 1 1 1 1 1 1 1 1 1 1 1 1 1 1 1 1 1 1 1 1 1 1 1 1 1 1 1 1 1 1 1 1 1 1 1 1 1 1 1 1 1 1 1 1 1 1 1 1 1 1 1 1 1 1 1 1 1 1 1 1 1 1 1 1 1 1 1 1 1 1 1 1 1 1 1 1 1 1 1 1 1 1 1 1 1 1 1 1 1 1 1 1 1 1 1 1 1 1 1 1 1 1 1 1 1 1 1 1 1 1 1 1 1 1 1 1 1 1 1 1 1 1 1 1 1 1 1 1 1 1 1 1 1 1 1 1 1 1 1 1 1 1 1 1 1 1 1 1 1 1 1 1 1 1 1 1 1 1 1 1 1 1 1 1 1 1 1 1 1 1 1 1 1 1 1 1 1 1 1 1 1 1 1 1 1 1 1 1 1 1 1 1 1 1 1 1 1 1 1 1 1 1 1 1 1 1 1 1 1 1 1 1
</DataArray>
<DataArray type="Int32" Name="phase" format="ascii">
1 1 1 1 1 1 1 1 1 1 1 1 1 1 1 1 1 1 1 1 1 1 1 1 1 1 1 1 1 1 1 1 1 1 1 1 1 1 1 1 1 1 1 1 1 1 1 1 1 1 1 1 1 1 1 1 1 1 1 1 1 1 1 1 1 1 1 1 1 1 1 1 1 1 1 1 1 1 1 1 1 1 1 1 1 1 1 1 1 1 1 1 1 1 1 1 1 1 1 1 1 1 1 1 1 1 1 1 1 1 1 1 1 1 1 1 1 1 1 1 1 1 1 1 1 1 1 1 1 1 1 1 1 1 1 1 1 1 1 1 1 1 1 1 1 1 1 1 1 1 1 1 1 1 1 1 1 1 1 1 1 1 1 1 1 1 1 1 1 1 1 1 1 1 1 1 1 1 1 1 1 1 1 1 1 1 1 1 1 1 1 1 1 1 1 1 1 1 1 1 1 1 1 1 1 1 1 1 1 1 1 1 1 1 1 1 1 1 1 1 1 1 1 1 1 1 1 1 1 1 1 1 1 1 1 1 1 1 1 1 1 1 1 1 1 1 1 1 1 1 1 1 1 1 1 1 1 1 1 1 1 1 1 1 1 1 1 1 1 1 1 1 1 1 1 1 1 1 1 1 1 1 1 1 1 1 1 1 1 1 1 1 1 1 1 1 1 1 1 1 1 1 1 1 1 1 1 1 1 1 1 1 1 1 1 1 1 1 1 1 1 1 1 1 1 1 1 1 1 1 1 1 1 1 1 1 1 1 1 1 1 1 1 1 1 1 1 1 1 1 1 1 1 1 1 1 1 1 1 1 1 1 1 1 1 1 1 1 1 1 1 1 1 1 1 1 1 1 1 1 1 1 1 1 1 1 1 1 1 1 1 1 1 1 1 1 1 1 1 1 1 1 1 1 1 1 1 1 1 1 1 1 1 1 1 1 1 1 1 1 1 1 1 1 1 1 1 1 1 1 1 1 1 1 1 1 1 1 1 1 1 1 1 1 1 1 1 1 1 1 1 1 1 1 1 1 1 1 1 1 1 1 1 1 1 1 1 1 1 1 1 1 1 1 1 1 1 1 1 1 1 1 1 1 1 1 1 1 1 1 1 1 1 1 1 1 1 1 1 1 1 1 1 1 1 1 1 1 1 1 1 1 1 1 1 1 1 1 1 1 1 1 1 1 1 1 1 1 1 1 1 1 1 1 1 1 1 1 1 1 1 1 1 1 1 1 1 1 1 1 1 1 1 1 1 1 1 1 1 1 1 1 1 1 1 1 1 1 1 1 1 1 1 1 1 1 1 1 1 1 1 1 1 1 1 1 1 1 1 1 1 1 1 1 1 1 1 1 1 1 1 1 1 1 1 1 1 1 1 1 1 1 1 1 1 1 1 1 1 1 1 1 1 1 1 1 1 1 1 1 1 1 1 1 1 1 1 1 1 1 1 1 1 1 1 1 1 1 1 1 1 1 1 1 1 1 1 1 1 1 1 1 1 1 1 1 1 1 1 1 1 1 1 1 1 1 1 1 1 1 1 1 1 1 1 1 1 1 1 1 1 1 1 1 1 1 1 1 1 1 1 1 1 1 1 1 1 1 1 1 1 1 1 1 1 1 1 1 1 1 1 1 1 1 1 1 1 1 1 1 1 1 1 1 1 1 1 1 1 1 1 1 1 1 1 1 1 1 1 1 1 1 1 1 1 1 1 1 1 1 1 1 1 1 1 1 1 1 1 1 1 1 1 1 1 1 1 1 1 1 1 1 1 1 1 1 1 1 1 1 1 1 1 1 1 1 1 1 1 1 1 1 1 1 1 1 1 1 1 1 1 1 1 1 1 1 1 1 1 1 1 1 1 1 1 1 1 1 1 1 1 1 1 1 1 1 1 1 1 1 1 1 1 1 1 1 1 1 1 1 1 1 1 1 1 1 1 1 1 1 1 1 1 1 1 1 1 1 1 1 1 1 1 1 1 1 1 1 1 1 1 1 1 1 1 1 1 1 1 1 1 1 1 1 1 1 1 1 1 1 1 1 1 1 1 1 1 1 1 1 1 1 1 1 1 1 1 1 1 1 1 1 1 1 1 1 1 1 1 1 1 1 1 1 1 1 1 1 1 1 1 1 1 1 1 1 1 1 1 1 1 1 1 1 1 1 1 1 1 1 1 1 1 1 1 1 1 1 1 1 1 1 1 1 1 1 1 1 1 1 1 1 1 1 1 1 1 1 1 1 1 1 1 1 1 1 1 1 1 1 1 1 1 1 1 1 1 1 1 1 1 1 1 1 1 1 1 1 1 1 1 1 1 1 1 1 1 1 1 1 1 1 1 1 1 1 1 1 1 1 1 1 1 1 1 1 1 1 1 1 1 1 1 1 1 1 1 1 1 1 1 1 1 1 1 1 1 1 1 1 1 1 1 1 1 1 1 1 1 1 1 1 1 1 1 1 1 1 1 1 1 1 1 1 1 1 1 1 1 1 1 1 1 1 1 1 1 1 1 1 1 1 1 1 1 1 1 1 1 1 1 1 1 1 1 1 1 1 1 1 1 1 1 1 1 1 1 1 1 1 1 1 1 1 1 1 1 1 1 1 1 1 1 1 1 1 1 1 1 1 1 1 1 1 1 1 1 1 1 1 1 1 1 1 1 1 1 1 1 1 1 1 1 1 1 1 1 1 1 1 1 1 1 1 1 1 1 1 1 1 1 1 1 1 1 1 1 1 1 1 1 1 1 1 1 1 1 1 1 1 1 1 1 1 1 1 1 1 1 1 1 1 1 1 1 1 1 1 1 1 1 1 1 1 1 1 1 1 1 1 1 1 1 1 1 1 1 1 1 1 1 1 1 1 1 1 1 1 1 1 1 1 1 1 1 1 1 1 1 1 1 1 1 1 1 1 1 1 1 1 1 1 1 1 1 1 1 1 1 1 1 1 1 1 1 1 1 1 1 1 1 1 1 1 1 1 1 1 1 1 1 1 1 1 1 1 1 1 1 1 1 1 1 1 1 1 1 1 1 1 1 1 1 1 1 1 1 1 1 1 1 1 1 1 1 1 1 1 1 1 1 1 1 1 1 1 1 1 1 1 1 1 1 1 1 1 1 1 1 1 1 1 1 1 1 1 1 1 1 1 1 1 1 1 1 1 1 1 1 1 1 1 1 1 1 1 1 1 1 1 1 1 1 1 1 1 1 1 1 1 1 1 1 1 1 1 1 1 1 1 1 1 1 1 1 1 1 1 1 1 1 1 1 1 1 1 1 1 1 1 1 1 1 1 1 1 1 1 1 1 1 1 1 1 1 1 1 1 1 1 1 1 1 1 1 1 1 1 1 1 1 1 1 1 1 1 1 1 1 1 1 1 1 1 1 1 1 1 1 1 1 1 1 1 1 1 1 1 1 1 1 1 1 1 1 1 1 1 1 1 1 1 1 1 1 1 1 1 1 1 1 1 1 1 1 1 1 1 1 1 1 1 1 1 1 1 1 1 1 1 1 1 1 1 1 1 1 1 1 1 1 1 1 1 1 1 1 1 1 1 1 1 1 1 1 1 1 1 1 1 1 1 1 1 1 1 1 1 1 1 1 1 1 1 1 1 1 1 1 1 1 1 1 1 1 1 1 1 1 1 1 1 1 1 1 1 1 1 1 1 1 1 1 1 1 1 1 1 1 1 1 1 1 1 1 1 1 1 1 1 1 1 1 1 1 1 1 1 1 1 1 1 1 1 1 1 1 1 1 1 1 1 1 1 1 1 1 1 1 1 1 1 1 1 1 1 1 1 1 1 1 1 1 1 1 1 1 1 1 1 1 1 1 1 1 1 1 1 1 1 1 1 1 1 1 1 1 1 1 1 1 1 1 1 1 1 1 1 1 1 1 1 1 1 1 1 1 1 1 1 1 1 1 1 1 1 1 1 1 1 1 1 1 1 1 1 1 1 1 1 1 1 1 1 1 1 1 1 1 1 1 1 1 1 1 1 1 1 1 1 1 1 1 1 1 1 1 1 1 1 1 1 1 1 1 1 1 1 1 1 1 1 1 1 1 1 1 1 1 1 1 1 1 1 1 1 1 1 1 1 1 1 1 1 1 1 1 1 1 1 1 1 1 1 1 1 1 1 1 1 1 1 1 1 1 1 1 1 1 1 1 1 1 1 1 1 1 1 1 1 1 1 1 1 1 1 1 1 1 1 1 1 1 1 1 1 1 1 1 1 1 1 1 1 1 1 1 1 1 1 1 1 1 1 1 1 1 1 1 1 1 1 1 1 1 1 1 1 1 1 1 1 1 1 1 1 1 1 1 1 1 1 1 1 1 1 1 1 1 1 1 1 1 1 1 1 1 1 1 1 1 1 1 1 1 1 1 1 1 1 1 1 1 1 1 1 1 1 1 1 1 1 1 1 1 1 1 1 1 1 1 1 1 1 1 1 1 1 1 1 1 1 1 1 1 1 1 1 1 1 1 1 1 1 1 1 1 1 1 1 1 1 1 1 1 1 1 1 1 1 1 1 1 1 1 1 1 1 1 1 1 1 1 1 1 1 1 1 1 1 1 1 1 1 1 1 1 1 1 1 1 1 1 1 1 1 1 1 1 1 1 1 1 1 1 1 1 1 1 1 1 1 1 1 1 1 1 1 1 1 1 1 1 1 1 1 1 1 1 1 1 1 1 1 1 1 1 1 1 1 1 1 1 1 1 1 1 1 1 1 1 1 1 1 1 1 1 1 1 1 1 1 1 1 1 1 1 1 1 1 1 1 1 1 1 1 1 1 1 1 1 1 1 1 1 1 1 1 1 1 1 1 1 1 1 1 1 1 1 1 1 1 1 1 1 1 1 1 1 1 1 1 1 1 1 1 1 1 1 1 1 1 1 1 1 1 1 1 1 1 1 1 1 1 1 1 1 1 1 1 1 1 1 1 1 1 1 1 1 1 1 1 1 1 1 1 1 1 1 1 1 1 1 1 1 1 1 1 1 1 1 1 1 1 1 1 1 1 1 1 1 1 1 1 1 1 1 1 1 1 1 1 1 1 1 1 1 1 1 1 1 1 1 1 1 1 1 1 1 1 1 1 1 1 1 1 1 1 1 1 1 1 1 1 1 1 1 1 1 1 1 1 1 1 1 1 1 1 1 1 1 1 1 1 1 1 1 1 1 1 1 1 1 1 1 1 1 1 1 1 1 1 1 1 1 1 1 1 1 1 1 1 1 1 1 1 1 1 1 1 1 1 1 1 1 1 1 1 1 1 1 1 1 1 1 1 1 1 1 1 1 1 1 1 1 1 1 1 1 1 1 1 1 1 1 1 1 1 1 1 1 1 1 1 1 1 1 1 1 1 1 1 1 1 1 1 1 1 1 1 1 1 1 1 1 1 1 1 1 1 1 1 1 1 1 1 1 1 1 1 1 1 1 1 1 1 1 1 1 1 1 1 1 1 1 1 1 1 1 1 1 1 1 1 1 1 1 1 1 1 1 1 1 1 1 1 1 1 1 1 1 1 1 1 1 1 1 1 1 1 1 1 1 1 1 1 1 1 1 1 1 1 1 1 1 1 1 1 1 1 1 1 1 1 1 1 1 1 1 1 1 1 1 1 1 1 1 0 0 0 0 0 0 0 0 0 0 0 0 0 0 0 0 0 0 0 0 0 0 0 0 0 0 0 0 0 0 0 0 0 0 0 0 0 0 0 0 0 0 0 0 0 0 0 0 0 0 0 0 0 0 0 0 0 0 0 0 0 0 0 0 0 0 0 0 0 0 0 0 0 0 0 0 0 0 0 0 0 0 0 0 0 0 0 0 0 0 0 0 0 0 0 0 0 0 0 0 0 0 0 0 0 0 0 0 0 0 0 0 0 0 0 0 0 0 0 0 0 0 0 0 0 0 0 0 0 0 0 0 0 0 0 0 0 0 0 0 0 0 0 0 0 0 0 0 0 0 0 0 0 0 0 0 0 0 0 0 0 0 0 0 0 0 0 0 0 0 0 0 0 0 0 0 0 0 0 0 0 0 0 0 0 0 0 0 0 0 0 0 0 0 0 0 0 0 0 0 0 0 0 0 0 0 0 0 0 0 0 0 0 0 0 0 0 0 0 0 0 0 0 0 0 0 0 0 0 0 0 0 0 0 0 0 0 0 0 0 0 0 0 0 0 0 0 0 0 0 0 0 0 0 0 0 0 0 0 0 0 0 0 0 0 0 0 0 0 0 0 0 0 0 0 0 0 0 0 0 0 0 0 0 0 0 0 0 0 0 0 0 0 0 0 0 0 0 0 0 0 0 0 0 0 0 0 0 0 0 0 0 0 0 0 0 0 0 0 0 0 0 0 0 0 0 0 0 0 0 0 0 0 0 0 0 0 0 0 0 0 0 0 0 0 0 0 0 0 0 0 0 0 0 0 0 0 0 0 0 0 0 0 0 0 0 0 0 0 0 0 0 0 0 0 0 0 0 0 0 0 0 0 0 0 0 0 0 0 0 0 0 0 0 0 0 0 0 0 0 0 0 0 0 0 0 0 0 0 0 0 0 0 0 0 0 0 0 0 0 0 0 0 0 0 0 0 0 0 0 0 0 0 0 0 0 0 0 0 0 0 0 0 0 0 0 0 0 0 0 0 0 0 0 0 0 0 0 0 0 0 0 0 0 0 0 0 0 0 0 0 0 0 0 0 0 0 0 0 0 0 0 0 0 0 0 0 0 0 0 0 0 0 0 0 0 0 0 0 0 0 0 0 0 0 0 0 0 0 0 0 0 0 0 0 0 0 0 0 0 0 0 0 0 0 0 0 0 0 0 0 0 0 0 0 0 0 0 0 0 0 0 0 0 0 0 0 0 0 0 0 0 0 0 0 0 0 0 0 0 0 0 0 0 0 0 0 0 0 0 0 0 0 0 0 0 0 0 0 0 0 0 0 0 0 0 0 0 0 0 0 0 0 0 0 0 0 0 0 0 0 0 0 0 0 0 0 0 0 0 0 0 0 0 0 0 0 0 0 0 0 0 0 0 0 0 0 0 0 0 0 0 0 0 0 0 0 0 0 0 0 0 0 0 0 0 0 0 0 0 0 0 0 0 0 0 0 0 0 0 0 0 0 0 0 0 0 0 0 0 0 0 0 0 0 0 0 0 0 0 0 0 0 0 0 0 0 0 0 0 0 0 0 0 0 0 0 0 0 0 0 0 0 0 0 0 0 0 0 0 0 0 0 0 0 0 0 0 0 0 0 0 0 0 0 0 0 0 0 0 0 0 0 0 0 0 0 0 0 0 0 0 0 0 0 0 0 0 0 0 0 0 0 0 0 0 0 0 0 0 0 0 0 0 0 0 0 0 0 0 0 0 0 0 0 0 0 0 0 0 0 0 0 0 0 0 0 0 0 0 0 0 0 0 0 0 0 0 0 0 0 0 0 0 0 0 0 0 0 0 0 0 0 0 0 0 0 0 0 0 0 0 0 0 0 0 0 0 0 0 0 0 0 0 0 0 0 0 0 0 0 0 0 0 0 0 0 0 0 0 0 0 0 0 0 0 0 0 0 0 0 0 0 0 0 0 0 0 0 0 0 0 0 0 0 0 0 0 0 0 0 0 0 0 0 0 0 0 0 0 0 0 0 0 0 0 0 0 0 0 0 0 0 0 0 0 0 0 0 0 0 0 0 0 0 0 0 0 0 0 0 0 0 0 0 0 0 0 0 0 0 0 0 0 0 0 0 0 0 0 0 0 0 0 0 0 0 0 0 0 0 0 0 0 0 0 0 0 0 0 0 0 0 0 0 0 0 0 0 0 0 0 0 0 0 0 0 0 0 0 0 0 0 0 0 0 0 0 0 0 0 0 0 0 0 0 0 0 0 0 0 0 0 0 0 0 0 0 0 0 0 0 0 0 0 0 0 0 0 0 0 0 0 0 0 0 0 0 0 0 0 0 0 0 0 0 0 0 0 0 0 0 0 0 0 0 0 0 0 0 0 0 0 0 0 0 0 0 0 0 0 0 0 0 0 0 0 0 0 0 0 0 0 0 0 0 0 0 0 0 0 0 0 0 0 0 0 0 0 0 0 0 0 0 0 0 0 0 0 0 0 0 0 0 0 0 0 0 0 0 0 0 0 0 0 0 0 0 0 0 0 0 0 0 0 0 0 0 0 0 0 0 0 0 0 0 0 0 0 0 0 0 0 0 0 0 0 0 0 0 0 0 0 0 0 0 0 0 0 0 0 0 0 0 0 0 0 0 0 0 0 0 0 0 0 0 0 0 0 0 0 0 0 0 0 0 0 0 0 0 0 0 0 0 0 0 0 0 0 0 0 0 0 0 0 0 0 0 0 0 0 0 0 0 0 0 0 0 0 0 0 0 0 0 0 0 0 0 0 0 0 0 0 0 0 0 0 0 0 0 0 0 0 0 0 0 0 0 0 0 0 0 0 0 0 0 0 0 0 0 0 0 0 0 0 0 0 0 0 0 0 0 0 0 0 0 0 0 0 0 0 0 0 0 0 0 0 0 0 0 0 0 0 0 0 0 0 0 0 0 0 0 0 0 0 0 0 0 0 0 0 0 0 0 0 0 0 0 0 0 0 0 0 0 0 0 0 0 0 0 0 0 0 0 0 0 0 0 0 0 0 0 0 0 0 0 0 0 0 0 0 0 0 0 0 0 0 0 0 0 0 0 0 0 0 0 0 0 0 0 0 0 0 0 0 0 0 0 0 0 0 0 0 0 0 0 0 0 0 0 0 0 0 0 0 0 0 0 0 0 0 0 0 0 0 0 0 0 0 0 0 0 0 0 0 0 0 0 0 0 0 0 0 0 0 0 0 0 0 0 0 0 0 0 0 0 0 0 0 0 0 0 0 0 0 0 0 0 0 0 0 0 0 0 0 0 0 0 0 0 0 0 0 0 0 0 0 0 0 0 0 0 0 0 0 0 0 0 0 0 0 0 0 0 0 0 0 0 0 0 0 0 0 0 0 0 0 0 0 0 0 0 0 0 0 0 0 0 0 0 0 0 0 0 0 0 0 0 0 0 0 0 0 0 0 0 0 0 0 0 0 0 0 0 0 0 0 0 0 0 0 0 0 0 0 0 0 0 0 0 0 0 0 0 0 0 0 0 0 0 0 0 0 0 0 0 0 0 0 0 0 0 0 0 0 0 0 0 0 0 0 0 0 0 0 0 0 0 0 0 0 0 0 0 0 0 0 0 0 0 0 0 0 0 0 0 0 0 0 0 0 0 0 0 0 0 0 0 0 0 0 0 0 0 0 0 0 0 0 0 0 0 0 0 0 0 0 0 0 0 0 0 0 0 0 0 0 0 0 0 0 0 0 0 0 0 0 0 0 0 0 0 0 0 0 0 0 0 0 0 0 0 0 0 0 0 0 0 0 0 0 0 0 0 0 0 0 0 0 0 0 0 0 0 0 0 0 0 0 0 0 0 0 0 0 0 0 0 0 0 0 0 0 0 0 0 0 0 0 0 0 0 0 0 0 0 0 0 0 0 0 0 0 0 0 0 0 0 0 0 0 0 0 0 0 0 0 0 0 0 0 0 0 0 0 0 0 0 0 0 0 0 0 0 0 0 0 0 0 0 0 0 0 0 0 0 0 0 0 0 0 0 0 0 0 0 0 0 0 0 0 0 0 0 0 0 0 0 0 0 0 0 0 0 0 0 0 0 0 0 0 0 0 0 0 0 0 0 0 0 0 0 0 0 0 0 0 0 0 0 0 0 0 0 0 0 0 0 0 0 0 0 0 0 0 0 0 0 0 0 0 0 0 0 0 0 0 0 0 0 0 0 0 0 0 0 0 0 0 0 0 0 0 0 0 0 0 0 0 0 0 0 0 0 0 0 0 0 0 0 0 0 0 0 0 0 0 0 0 0 0 0 0 0 0 0 0 0 0 0 0 0 0 0 0 0 0 0 0 0 0 0 0 0 0 0 0 0 0 0 0 0 0 0 0 0 0 0 0 0 0 0 0 0 0 0 0 0 0 0 0 0 0 0 0 0 0 0 0 0 0 0 0 0 0 0 0 0 0 0 0 0 0 0 0 0 0 0 0 0 0 0 0 0 0 0 0 0 0 0 0 0 0 0 0 0 0 0 0 0 0 0 0 0 0 0 0 0 0 0 0 0 0 0 0 0 0 0 0 0 0 0 0 0 0 0 0 0 0 0 0 0 0 0 0 0 0 0 0 0 0 0 0 0 0 0 0 0 0 0 0 0 0 0 0 0 0 0 0 0 0 0 0 0 0 0 0 0 0 0 0 0 0 0 0 0 0 0 0 0 0 0 0 0 0 0 0 0 0 0 0 0 0 0 0 0 0 0 0 0 0 0 0 0 0 0 0 0 0 0 0 0 0 0 0 0 0 0 0 0 0 0 0 0 0 0 0 0 0 0 0 0 0 0 0 0 0 0 0 0 0 0 0 0 0 0 0 0 0 0 0 0 0 0 0 0 0 0 0 0 0 0 0 0 0 0 0 0 0 0 0 0 0 0 0 0 0 0 0 0 0 0 0 0 0 0 0 0 0 0 0 0 0 0 0 0 0 0 0 0 0 0 0 0 0 0 0 0 0 0 0 0 0 0 0 0 0 0 0 0 0 0 0 0 0 0 0 0 0 0 0 0 0 0 0 0 0 0 0 0 0 0 0 0 0 0 0 0 0 0 0 0 0 0 0 0 0 0 0 0 0 0 0 0 0 0 0 0 0 0 0 0 0 0 0 0 0 0 0 0 0 0 0 0 0 0 0 0 0 0 0 0 0 0 0 0 0 0 0 0 0 0 0 0 0 0 0 0 0 0 0 0 0 0 0 0 0 0 0 0 0 0 0 0 0 0 0 0 0 0 0 0 0 0 0 0 0 0 0 0 0 0 0 0 0 0 0 0 0 0 0 0 0 0 0 0 0 0 0 0 0 0 0 0 0 0 0 0 0 0 0 0 0 0 0 0 0 0 0 0 0 0 0 0 0 0 0 0 0 0 0 0 0 0 0 0 0 0 0 0 0 0 0 0 0 0 0 0 0 0 0 0 0 0 0 0 0 0 0 0 0 0 0 0 0 0 0 0 0 0 0 0 0 0 0 0 0 0 0 0 0 0 0 0 0 0 0 0 0 0 0 0 0 0 0 0 0 0 0 0 0 0 0 0 0 0 0 0 0 0 0 0 0 0 0 0 0 0 0 0 0 0 0 0 0 0 0 0 0 0 0 0 0 0 0 0 0 0 0 0 0 0 0 0 0 0 0 0 0 0 0 0 0 0 0 0 0 0 0 0 0 0 0 0 0 0 0 0 0 0 0 0 0 0 0 0 0 0 0 0 0 0 0 0 0 0 0 0 0 0 0 0 0 0 0 0 0 0 0 0 0 0 0 0 0 0 0 0 0 0 0 0 0 0 0 0 0 0 0 0 0 0 0 0 0 0 0 0 0 0 0 0 0 0 0 0 0 0 0 0 0 0 0 0 0 0 0 0 0 0 0 0 0 0 0 0 0 0 0 0 0 0 0 0 0 0 0 0 0 0 0 0 0 0 0 0 0 0 0 0 0 0 0 0 0 0 0 0 0 0 0 0 0 0 0 0 0 0 0 0 0 0 0 0 0 0 0 0 0 0 0 0 0 0 0 0 0 0 0 0 0 0 0 0 0 0 0 0 0 0 0 0 0 0 0 0 0 0 0 0 0 0 0 0 0 0 0 0 0 0 0 0 0 0 0 0 0 0 0 0 0 0 0 0 0 0 0 0 0 0 0 0 0 0 0 0 0 0 0 0 0 0 0 0 0 0 0 0 0 0 0 0 0 0 0 0 0 0 0 0 0 0 0 0 0 0 0 0 0 0 0 0 0 0 0 0 0 0 0 0 0 0 0 0 0 0 0 0 0 0 0 0 0 0 0 0 0 0 0 0 0 0 0 0 0 0 0 0 0 0 0 0 0 0 0 0 0 0 0 0 0 0 0 0 0 0 0 0 0 0 0 0 0 0 0 0 0 0 0 0 0 0 0 0 0 0 0 0 0 0 0 0 0 0 0 0 0 0 0 0 0 0 0 0 0 0 0 0 0 0 0 0 0 0 0 0 0 0 0 0 0 0 0 0 0 0 0 0 0 0 0 0 0 0 0 0 0 0 0 0 0 0 0 0 0 0 0 0 0 0 0 0 0 0 0 0 0 0 0 0 0 0 0 0 0 0 0 0 0 0 0 0 0 0 0 0 0 0 0 0 0 0 0 0 0 0 0 0 0 0 0 0 0 0 0 0 0 0 0 0 0 0 0 0 0 0 0 0 0 0 0 0 0 0 0 0 0 0 0 0 0 0 0 0 0 0 0 0 0 0 0 0 0 0 0 0 0 0 0 0 0 0 0 0 0 0 0 0 0 0 0 0 0 0 0 0 0 0 0 0 0 0 0 0 0 0 0 0 0 0 0 0 0 0 0 0 0 0 0 0 0 0 0 0 0 0 0 0 0 0 0 0 0 0 0 0 0 0 0 0 0 0 0 0 0 0 0 0 0 0 0 0 0 0 0 0 0 0 0 0 0 0 0 0 0 0 0 0 0 0 0 0 0 0 0 0 0 0 0 0 0 0 0 0 0 0 0 0 0 0 0 0 0 0 0 0 0 0 0 0 0 0 0 0 0 0 0 0 0 0 0 0 0 0 0 0 0 0 0 0 0 0 0 0 0 0 0 0 0 0 0 0 0 0 0 0 0 0 0 0 0 0 0 0 0 0 0 0 0 0 0 0 0 0 0 0 0 0 0 0 0 0 0 0 0 0 0 0 0 0 0 0 0 0 0 0 0 0 0 0 0 0 0 0 0 0 0 0 0 0 0 0 0 0 0 0 0 0 0 0 0 0 0 0 0 0 0 0 0 0 0 0 0 0 0 0 0 0 0 0 0 0 0 0 0 0 0 0 0 0 0 0 0 0 0 0 0 0 0 0 0 0 0 0 0 0 0 0 0 0 0 0 0 0 0 0 0 0 0 0 0 0 0 0 0 0 0 0 0 0 0 0 0 0 0 0 0 0 0 0 0 0 0 0 0 0 0 0 0 0 0 0 0 0 0 0 0 0 0 0 0 0 0 0 0 0 0 0 0 0 0 0 0 0 0 0 0 0 0 0 0 0 0 0 0 0 0 0 0 0 0 0 0 0 0 0 0 0 0 0 0 0 0 0 0 0 0 0 0 0 0 0 0 0 0 0 0 0 0 0 0 0 0 0 0 0 0 0 0 0 0 0 0 0 0 0 0 0 0 0 0 0 0 0 0 0 0 0 0 0 0 0 0 0 0 0 0 0 0 0 0 0 0 0 0 0 0 0 0 0 0 0 0 0 0 0 0 0 0 0 0 0 0 0 0 0 0 0 0 0 0 0 0 0 0 0 0 0 0 0 0 0 0 0 0 0 0 0 0 0 0 0 0 0 0 0 0 0 0 0 0 0 0 0 0 0 0 0 0 0 0 0 0 0 0 0 0 0 0 0 0 0 0 0 0 0 0 0 0 0 0 0 0 0 0 0 0 0 0 0 0 0 0 0 0 0 0 0 0 0 0 0 0 0 0 0 0 0 0 0 0 0 0 0 0 0 0 0 0 0 0 0 0 0 0 0 0 0 0 0 0 0 0 0 0 0 0 0 0 0 0 0 0 0 0 0 0 0 0 0 0 0 0 0 0 0 0 0 0 0 0 0 0 0 0 0 0 0 0 0 0 0 0 0 0 0 0 0 0 0 0 0 0 0 0 0 0 0 0 0 0 0 0 0 0 0 0 0 0 0 0 0 0 0 0 0 0 0 0 0 0 0 0 0 0 0 0 0 0 0 0 0 0 0 0 0 0 0 0 0 0 0 0 0 0 0 0 0 0 0 0 0 0 0 0 0 0 0 0 0 0 0 0 0 0 0 0 0 0 0 0 0 0 0 0 0 0 0 0 0 0 0 0 0 0 0 0 0 0 0 0 0 0 0 0 0 0 0 0 0 0 0 0 0 1 1 1 1 1 1 1 1 1 1 1 1 1 1 1 1 1 1 1 1 1 1 1 1 1 1 1 1 1 1 1 1 1 1 1 1 1 1 1 1 1 1 1 1 1 1 1 1 1 1 1 1 1 1 1 1 1 1 1 1 1 1 1 1 1 1 1 1 1 1 1 1 1 1 1 1 1 1 1 1 1 1 1 1 1 1 1 1 1 1 1 1 1 1 1 1 1 1 1 1 1 1 1 1 1 1 1 1 1 1 1 1 1 1 1 1 1 1 1 1 1 1 1 1 1 1 1 1 1 1 1 1 1 1 1 1 1 1 1 1 1 1 1 1 1 1 1 1 1 1 1 1 1 1 1 1 1 1 1 1 1 1 1 1 1 1 1 1 1 1 1 1 1 1 1 1 1 1 1 1 1 1 1 1 1 1 1 1 1 1 1 1 1 1 1 1 1 1 1 1 1 1 1 1 1 1 1 1 1 1 1 1 1 1 1 1 1 1 1 1 1 1 1 1 1 1 1 1 1 1 1 1 1 1 1 1 1 1 1 1 1 1 1 1 0 0 0 0 0 0 0 0 0 0 0 0 0 0 0 0 0 0 0 0 0 0 0 0 0 0 0 0 0 0 0 0 0 0 0 0 0 0 0 0 0 0 0 0 0 0 0 0 0 0 0 0 0 0 0 0 0 0 0 0 0 0 0 0 0 0 0 0 0 0 0 0 0 0 0 0 0 0 0 0 0 0 0 0 0 0 0 0 0 0 0 0 0 0 0 0 0 0 0 0 0 0 0 0 0 0 0 0 0 0 0 0 0 0 0 0 0 0 0 0 0 0 0 0 0 0 0 0 0 0 0 0 0 0 0 0 0 0 0 0 0 0 0 0 0 0 0 0 0 0 0 0 0 0 0 0 0 0 0 0 0 0 0 0 0 0 0 0 0 0 0 0 0 0 0 0 0 0 0 0 0 0 0 0 0 0 0 0 0 0 0 0 0 0 0 0 0 0 0 0 0 0 0 0 0 0 0 0 0 0 0 0 0 0 0 0 0 0 0 0 0 0 0 0 0 0 0 0 0 0 0 0 0 0 0 0 0 0 0 0 0 0 0 0 0 0 0 0 0 0 0 0 0 0 0 0 0 0 0 0 0 0 0 0 0 0 0 0 0 0 0 0 0 0 0 0 0 0 0 0 0 0 0 0 0 0 0 0 0 0 0 0 0 0 0 0 0 0 0 0 0 0 0 0 0 0 0 0 0 0 0 0 0 0 0 0 0 0 0 0 0 0 0 0 0 0 0 0 0 0 0 0 0 0 0 0 0 0 0 0 0 0 0 0 0 0 0 0 0 0 0 0 0 0 0 0 0 0 0 0 0 0 0 0 0 0 0 0 0 0 0 0 0 0 0 0 0 0 0 0 0 0 0 0 0 0 0 0 0 0 0 0 0 0 0 0 0 0 0 0 0 0 0 0 0 0 0 0 0 0 0 0 0 0 0 0 0 0 0 0 0 0 0 0 0 0 0 0 0 0 0 0 0 0 0 0 0 0 0 0 0 0 0 0 0 0 0 0 0 0 0 0 0 0 0 0 0 0 0 0 0 0 0 0 0 0 0 0 0 0 0 0 0 0 0 0 0 0 0 0 0 0 0 0 0 0 0 0 0 0 0 0 0 0 0 0 0 0 0 0 0 0 0 0 0 0 0 0 0 0 0 0 0 0 0 0 0 0 0 0 0 0 0 0 0 0 0 0 0 0 0 0 0 0 0 0 0 0 0 0 0 0 0 0 0 0 0 0 0 0 0 0 0 0 0 0 0 0 0 0 0 0 0 0 0 0 0 0 0 0 0 0 0 0 0 0 0 0 0 0 0 0 0 0 0 0 0 0 0 0 0 0 0 0 0 0 0 0 0 0 0 0 0 0 0 0 0 0 0 0 0 0 0 0 0 0 0 0 0 0 0 0 0 0 0 0 0 0 0 0 0 0 0 0 0 0 0 0 0 0 0 0 0 0 0 0 0 0 0 0 0 0 0 0 0 0 0 0 0 0 0 0 0 0 0 0 0 0 0 0 0 0 0 0 0 0 0 0 0 0 0 0 0 0 0 0 0 0 0 0 0 0 0 0 0 0 0 0 0 0 0 0 0 0 0 0 0 0 0 0 0 0 0 0 0 0 0 0 0 0 0 0 0 0 0 0 0 0 0 0 0 0 0 0 0 0 0 0 0 0 0 0 0 0 0 0 0 0 0 0 0 0 0 0 0 0 0 0 0 0 0 0 0 0 0 0 0 0 0 0 0 0 0 0 0 0 0 0 0 0 0 0 0 0 0 0 0 0 0 0 0 0 0 0 0 0 0 0 0 0 0 0 0 0 0 0 0 0 0 0 0 0 0 0 0 0 0 0 0 0 0 0 0 0 0 0 0 0 0 0 0 0 0 0 0 0 0 0 0 0 0 0 0 0 0 0 0 0 0 0 0 0 0 0 0 0 0 0 0 0 0 0 0 0 0 0 0 0 0 0 0 0 0 0 0 0 0 0 0 0 0 0 0 0 0 0 0 0 0 0 0 0 0 0 0 0 0 0 0 0 0 0 0 0 0 0 0 0 0 0 0 0 0 0 0 0 0 0 0 0 0 0 0 0 0 0 0 0 0 0 0 0 0 0 0 0 0 0 0 0 0 0 0 0 0 0 0 0 0 0 0 0 0 0 0 0 0 0 0 0 0 0 0 0 0 0 0 0 0 0 0 0 0 0 0 0 0 0 0 0 0 0 0 0 0 0 0 0 0 0 0 0 0 0 0 0 0 0 0 0 0 0 0 0 0 0 0 0 0 0 0 0 0 0 0 0 0 0 0 0 0 0 0 0 0 0 0 0 0 0 0 0 0 0 0 0 0 0 0 0 0 0 0 0 0 0 0 0 0 0 0 0 0 0 0 0 0 0 0 0 0 0 0 0 0 0 0 0 0 0 0 0 0 0 0 0 0 0 0 0 0 0 0 0 0 0 0 0 0 0 0 0 0 0 0 0 0 0 0 0 0 0 0 0 0 0 0 0 0 0 0 0 0 0 0 0 0 0 0 0 0 0 0 0 0 0 0 0 0 0 0 0 0 0 0 0 0 0 0 0 0 0 0 0 0 0 0 0 0 0 0 0 0 0 0 0 0 0 0 0 0 0 0 0 0 0 0 0 0 0 0 0 0 0 0 0 0 0 0 0 0 0 0 0 0 0 0 0 0 0 0 0 0 0 0 0 0 0 0 0 0 0 0 0 0 0 0 0 0 0 0 0 0 0 0 0 0 0 0 0 0 0 0 0 0 0 0 0 0 0 0 0 0 0 0 0 0 0 0 0 0 0 0 0 0 0 0 0 0 0 0 0 0 0 0 0 0 0 0 0 0 0 0 0 0 0 0 0 0 0 0 0 0 0 0 0 0 0 0 0 0 0 0 0 0 0 0 0 0 0 0 0 0 0 0 0 0 0 0 0 0 0 0 0 0 0 0 0 0 0 0 0 0 0 0 0 0 0 0 0 0 0 0 0 0 0 0 0 0 0 0 0 0 0 0 0 0 0 0 0 0 0 0 0 0 0 0 0 0 0 0 0 0 0 0 0 0 0 0 0 0 0 0 0 0 0 0 0 0 0 0 0 0 0 0 0 0 0 0 0 0 0 0 0 0 0 0 0 0 0 0 0 0 0 0 0 0 0 0 0 0 0 0 0 0 0 0 0 0 0 0 0 0 0 0 0 0 0 0 0 0 0 0 0 0 0 0 0 0 0 0 0 0 0 0 0 0 0 0 0 0 0 0 0 0 0 0 0 0 0 0 0 0 0 0 0 0 0 0 0 0 0 0 0 0 0 0 0 0 0 0 0 0 0 0 0 0 0 0 0 0 0 0 0 0 0 0 0 0 0 0 0 0 0 0 0 0 0 0 0 0 1 1 1 1 1 1 1 1 1 1 1 1 1 1 1 1 1 1 1 1 1 1 1 1 1 1 1 1 1 1 1 1 1 1 1 1 1 1 1 1 1 1 1 1 1 1 1 1 1 1 1 1 1 1 1 1 1 1 1 1 1 1 1 1 1 1 1 1 1 1 1 1 1 1 1 1 1 1 1 1 1 1 1 1 1 1 1 1 1 1 1 1 1 1 1 1 1 1 1 1 1 1 1 1 1 1 1 1 1 1 1 1 1 1 1 1 1 1 1 1 1 1 1 1 1 1 1 1 1 1 1 1 1 1 1 1 1 1 1 1 1 1 1 1 1 1 1 1 1 1 1 1 1 1 1 1 1 1 1 1 1 1 1 1 1 1 1 1 1 1 1 1 1 1 1 1 1 1 1 1 1 1 1 1 1 1 1 1 1 1 1 1 1 1 1 1 1 1 1 1 1 1 1 1 1 1 1 1 1 1 1 1 1 1 1 1 1 1 1 1 1 1 1 1 1 1 1 1 1 1 1 1 1 1 1 1 1 1 1 1 1 1 1 1 1 1 1 1 1 1 1 1 1 1 1 1 1 1 1 1 1 1 1 1 1 1 1 1 1 1 1 1 1 1 1 1 1 1 1 1 1 1 1 1 1 1 1 1 1 1 1 1 1 1 1 1 1 1 1 1 1 1 1 1 1 1 1 1 1 1 1 1 1 1 1 1 1 1 1 1 1 1 1 1 1 1 1 1 1 1 1 1 1 1 1 1 1 1 1 1 1 1 1 1 1 1 1 1 1 1 1 1 1 1 1 1 1 1 1 1 1 1 1 1 1 1 1 1 1 1 1 1 1 1 1 1 1 1 1 1 1 1 1 1 1 1 1 1 1 1 1 1 1 1 1 1 1 1 1 1 1 1 1 1 1 1 1 1 1 1 1 1 1 1 1 1 1 1 1 1 1 1 1 1 1 1 1 1 1 1 1 1 1 1 1 1 1 1 1 1 1 1 1 1 1 1 1 1 1 1 1 1 1 1 1 1 1 1 1 1 1 1 1 1 1 1 1 1 1 1 1 1 1 1 1 1 1 1 1 1 1 1 1 1 1 1 1 1 1 1 1 1 1 1 1 1 1 1 1 1 1 1 1 1 1 1 1 1 1 1 1 1 1 1 1 1 1 1 1 1 1 1 1 1 1 1 1 1 1 1 1 1 1 1 1 1 1 1 1 1 1 1 1 1 1 1 1 1 1 1 1 1 1 1 1 1 1 1 1 1 1 1 1 1 1 1 1 1 1 1 1 1 1 1 1 1 1 1 1 1 1 1 1 1 1 1 1 1 1 1 1 1 1 1 1 1 1 1 1 1 1 1 1 1 1 1 1 1 1 1 1 1 1 1 1 1 1 1 1 1 1 1 1 1 1 1 1 1 1 1 1 1 1 1 1 1 1 1 1 1 1 1 1 1 1 1 1 1 1 1 1 1 1 1 1 1 1 1 1 1 1 1 1 1 1 1 1 1 1 1 1 1 1 1 1 1 1 1 1 1 1 1 1 1 1 1 1 1 1 1 1 1 1 1 1 1 1 1 1 1 1 1 1 1 1 1 1 1 1 1 1 1 1 1 1 1 1 1 1 1 1 1 1 1 1 1 1 1 1 1 1 1 1 1 1 1 1 1 1 1 1 1 1 1 1 1 1 1 1 1 1 1 1 1 1 1 1 1 1 1 1 1 1 1 1 1 1 1 1 1 1 1 1 1 1 1 1 1 1 1 1 1 1 1 1 1 1 1 1 1 1 1 1 1 1 1 1 1 1 1 1 1 1 1 1 1 1 1 1 1 1 1 1 1 1 1 1 1 1 1 1 1 1 1 1 1 1 1 1 1 1 1 1 1 1 1 1 1 1 1 1 1 1 1 1 1 1 1 1 1 1 1 1 1 1 1 1 1 1 1 1 1 1 1 1 1 1 1 1 1 1 1 1 1 1 1 1 1 1 1 1 1 1 1 1 1 1 1 1 1 1 1 1 1 1 1 1 1 1 1 1 1 1 1 1 1 1 1 1 1 1 1 1 1 1 1 1 1 1 1 1 1 1 1 1 1 1 1 1 1 1 1 1 1 1 1 1 1 1 1 1 1 1 1 1 1 1 1 1 1 1 1 1 1 1 1 1 1 1 1 1 1 1 1 1 1 1 1 1 1 1 1 1 1 1 1 1 1 1 1 1 1 1 1 1 1 1 1 1 1 1 1 1 1 1 1 1 1 1 1 1 1 1 1 1 1 1 1 1 1 1 1 1 1 1 1 1 1 1 1 1 1 1 1 1 1 1 1 1 1 1 1 1 1 1 1 1 1 1 1 1 1 1 1 1 1 1 1 1 1 1 1 1 1 1 1 1 1 1 1 1 1 1 1 1 1 1 1 1 1 1 1 1 1 1 1 1 1 1 1 1 1 1 1 1 1 1 1 1 1 1 1 1 1 1 1 1 1 1 1 1 1 1 1 1 1 1 1 1 1 1 1 1 1 1 1 1 1 1 1 1 1 1 1 1 1 1 1 1 1 1 1 1 1 1 1 1 1 1 1 1 1 1 1 1 1 1 1 1 1 1 1 1 1 1 1 1 1 1 1 1 1 1 1 1 1 1 1 1 1 1 1 1 1 1 1 1 1 1 1 1 1 1 1 1 1 1 1 1 1 1 1 1 1 1 1 1 1 1 1 1 1 1 1 1 1 1 1 1 1 1 1 1 1 1 1 1 1 1 1 1 1 1 1 1 1 1 1 1 1 1 1 1 1 1 1 1 1 1 1 1 1 1 1 1 1 1 1 1 1 1 1 1 1 1 1 1 1 1 1 1 1 1 1 1 1 1 1 1 1 1 1 1 1 1 1 1 1 1 1 1 1 1 1 1 1 1 1 1 1 1 1 1 1 1 1 1 1 1 1 1 1 1 1 1 1 1 1 1 1 1 1 1 1 1 1 1 1 1 1 1 1 1 1 1 1 1 1 1 1 1 1 1 1 1 1 1 1 1 1 1 1 1 1 1 1 1 1 1 1 1 1 1 1 1 1 1 1 1 1 1 1 1 1 1 1 1 1 1 1 1 1 1 1 1 1 1 1 1 1 1 1 1 1 1 1 1 1 1 1 1 1 1 1 1 1 1 1 1 1 1 1 1 1 1 1 1 1 1 1 1 1 1 1 1 1 1 1 1 1 1 1 1 1 1 1 1 1 1 1 1 1 1 1 1 1 1 1 1 1 1 1 1 1 1 1 1 1 1 1 1 1 1 1 1 1 1 1 1 1 1 1 1 1 1 1 1 1 1 1 1 1 1 1 1 1 1 1 1 1 1 1 1 1 1 1 1 1 1 1 1 1 1 1 1 1 1 1 1 1 1 1 1 1 1 1 1 1 1 1 1 1 1 1 1 1 1 1 1 1 1 1 1 1 1 1 1 1 1 1 1 1 1 1 1 1 1 1 1 1 1 1 1 1 1 1 1 1 1 1 1 1 1 1 1 1 1 1 1 1 1 1 1 1 1 1 1 1 1 1 1 1 1 1 1 1 1 1 1 1 1 1 1 1 1 1 1 1 1 1 1 1 1 1 1 1 1 1 1 1 1 1 1 1 1 1 1 1 1 1 1 1 1 1 1 1 1 1 1 1 1 1 1 1 1 1 1 1 1 1 1 1 1 1 1 1 1 1 1 1 1 1 1 1 1 1 1 1 1 1 1 1 1 1 1 1 1 1 1 1 1 1 1 1 1 1 1 1 1 1 1 1 1 1 1 1 1 1 1 1 1 1 1 1 1 1 1 1 1 1 1 1 1 1 1 1 1 1 1 1 1 1 1 1 1 1 1 1 1 1 1 1 1 1 1 1 1 1 1 1 1 1 1 1 1 1 1 1 1 1 1 1 1 1 1 1 1 1 1 1 1 1 1 1 1 1 1 1 1 1 1 1 1 1 1 1 1 1 1 1 1 1 1 1 1 1 1 1 1 1 1 1 1 1 1 1 1 1 1 1 1 1 1 1 1 1 1 1 1 1 1 1 1 1 1 1 1 1 1 1 1 1 1 1 1 1 1 1 1 1 1 1 1 1 1 1 1 1 1 1 1 1 1 1 1 1 1 1 1 1 1 1 1 1 1 1 1 1 1 1 1 1 1 1 1 1 1 1 1 1 1 1 1 1 1 1 1 1 1 1 1 1 1 1 1 1 1 1 1 1 1 1 1 1 1 1 1 1 1 1 1 1 1 1 1 1 1 1 1 1 1 1 1 1 1 1 1 1 1 1 1 1 1 1 1 1 1 1 1 1 1 1 1 1 1 1 1 1 1 1 1 1 1 1 1 1 1 1 1 1 1 1 1 1 1 1 1 1 1 1 1 1 1 1 1 1 1 1 1 1 1 1 1 1 1 1 1 1 1 1 1 1 1 1 1 1 1 1 1 1 1 1 1 1 1 1 1 1 1 1 1 1 1 1 1 1 1 1 1 1 1 1 1 1 1 1 1 1 1 1 1 1 1 1 1 1 1 1 1 1 1 1 1 1 1 1 1 1 1 1 1 1 1 1 1 1 1 1 1 1 1 1 1 1 1 1 1 1 1 1 1 1 1 1 1 1 1 1 1 1 1 1 1 1 1 1 1 1 1 1 1 1 1 1 1 1 1 1 1 1 1 1 1 1 1 1 1 1 1 1 1 1 1 1 1 1 1 1 1 1 1 1 1 1 1 1 1 1 1 1 1 1 1 1 1 1 1 1 1 1 1 1 1 1 1 1 1 1 1 1 1 1 1 1 1 1 1 1 1 1 1 1 1 1 1 1 1 1 1 1 1 1 1 1 1 1 1 1 1 1 1 1 1 1 1 1 1 1 1 1 1 1 1 1 1 1 1 1 1 1 1 1 1 1 1 1 1 1 1 1 1 1 1 1 1 1 1 1 1 1 1 1 1 1 1 1 1 1 1 1 1 1 1 1 1 1 1 1 1 1 1 1 1 1 1 1 1 1 1 1 1 1 1 1 1 1 1 1 1 1 1 1 1 1 1 1 1 1 1 1 1 1 1 1 1 1 1 1 1 1 1 1 1 1 1 1 1 1 1 1 1 1 1 1 1 1 1 1 1 1 1 1 1 1 1 1 1 1 1 1 1 1 1 1 1 1 1 1 1 1 1 1 1 1 1 1 1 1 1 1 1 1 1 1 1 1 1 1 1 1 1 1 1 1 1 1 1 1 1 1 1 1 1 1 1 1 1 1 1 1 1 1 1 1 1 1 1 1 1 1 1 1 1 1 1 1 1 1 1 1 1 1 1 1 1 1 1 1 1 1 1 1 1 1 1 1 1 1 1 1 1 1 1 1 1 1 1 1 1 1 1 1 1 1 1 1 1 1 1 1 1 1 1 1 1 1 1 1 1 1 1 1 1 1 1 1 1 1 1 1 1 1 1 1 1 1 1 1 1 1 1 1 1 1 1 1 1 1 1 1 1 1 1 1 1 1 1 1 1 1 1 1 1 1 1 1 1 1 1 1 1 1 1 1 1 1 1 1 1 1 1 1 1 1 1 1 1 1 1 1 1 1 1 1 1 1 1 1 1 1 1 1 1 1 1 1 1 1 1 1 1 1 1 1 1 1 1 1 1 1 1 1 1 1 1 1 1 1 1 1 1 1 1 1 1 1 1 1 1 1 1 1 1 1 1 1 1 1 1 1 1 1 1 1 1 1 1 1 1 1 1 1 1 1 1 1 1 1 1 1 1 1 1 1 1 1 1 1 1 1 1 1 1 1 1 1 1 1 1 1 1 1 1 1 1 1 1 1 1 1 1 1 1 1 1 1 1 1 1 1 1 1 1 1 1 1 1 1 1 1 1 1 1 1 1 1 1 1 1 1 1 1 1 1 1 1 1 1 1 1 1 1 1 1 1 1 1 1 1 1 1 1 1 1 1 1 1 1 1 1 1 1 1 1 1 1 1 1 1 1 1 1 1 1 1 1 1 1 1 1 1 1 1 1 1 1 1 1 1 1 1 1 1 1 1 1 1 1 1 1 1 1 1 1 1 1 1 1 1 1 1 1 1 1 1 1 1 1 1 1 1 1 1 1 1 1 1 1 1 1 1 1 1 1 1 1 1 1 1 1 1 1 1 1 1 1 1 1 1 1 1 1 1 1 1 1 1 1 1 1 1 1 1 1 1 1 1 1 1 1 1 1 1 1 1 1 1 1 1 1 1 1 1 1 1 1 1 1 1 1 1 1 1 1 1 1 1 1 1 1 1 1 1 1 1 1 1 1 1 1 1 1 1 1 1 1 1 1 1 1 1 1 1 1 1 1 1 1 1 1 1 1 1 1 1 1 1 1 1 1 1 1 1 1 1 1 1 1 1 1 1 1 1 1 1 1 1 1 1 1 1 1 1 1 1 1 1 1 1 1 1 1 1 1 1 1 1 1 1 1 1 1 1 1 1 1 1 1 1 1 1 1 1 1 1 1 1 1 1 1 1 1 1 1 1 1 1 1 1 1 1 1 1 1 1 1 1 1 1 1 1 1 1 1 1 1 1 1 1 1 1 1 1 1 1 1 1 1 1 1 1 1 1 1 1 1 1 1 1 1 1 1 1 1 1 1 1 1 1 1 1 1 1 1 1 1 1 1 1 1 1 1 1 1 1 1 1 1 1 1 1 1 1 1 1 1 1 1 1 1 1 1 1 1 1 1 1 1 1 1 1 1 1 1 1 1 1 1 1 1 1 1 1 1 1 1 1 1 1 1 1 1 1 1 1 1 1 1 1 1 1 1 1 1 1 1 1 1 1 1 1 1 1 1 1 1 1 1 1 1 1 1 1 1 1 1 1 1 1 1 1 1 1 1 1 1 1 1 1 1 1 1 1 1 1 1 1 1 1 1 1 1 1 1 1 1 1 1 1 1 1 1 1 1 1 1 1 1 1 1 1 1 1 1 1 1 1 1 1 1 1 1 1 1 1 1 1 1 1 1 1 1 1 1 1 1 1 1 1 1 1 1 1 1 1 1 1 1 1 1 1 1 1 1 1 1 1 1 1 1 1 1 1 1 1 1 1 1 1 1 1 1 1 1 1 1 1 1 1 1 1 1 1 1 1 1 1 1 1 1 1 1 1 1 1 1 1 1 1 1 1 1 1 1 1 1 1 1 1 1 1 1 1 1 1 1 1 1 1 1 1 1 1 1 1 1 1 1 1 1 1 1 1 1 1 1 1 1 1 1 1 1 1 1 1 1 1 1 1 1 1 1 1 1 1 1 1 1 1 1 1 1 1 1 1 1 1 1 1 1 1 1 1 1 1 1 1 1 1 1 1 1 1 1 1 1 1 1 1 1 1 1 1 1 1 1 1 1 1 1 1 1 1 1 1 1 1 1 1 1 1 1 1 1 1 1 1 1 1 1 1 1 1 1 1 1 1 1 1 1 1 1 1 1 1 1 1 1 1 1 1 1 1 1 1 1 1 1 1 1 1 1 1 1 1 1 1 1 1 1 1 1 1 1 1 1 1 1 1 1 1 1 1 1 1 1 1 1 1 1 1 1 1 1 1 1 1 1 1 1 1 1 1 1 1 1 1 1 1 1 1 1 1 1 1 1 1 1 1 1 1 1 1 1 1 1 1 1 1 1 1 1 1 1 1 1 1 1 1 1 1 1 1 1 1 1 1 1 1 1 1 1 1 1 1 1 1 1 1 1 1 1 1 1 1 1 1 1 1 1 1 1 1 1 1 1 1 1 1 1 1 1 1 1 1 1 1 1 1 1 1 1 1 1 1 1 1 1 1 1 1 1 1 1 1 1 1 1 1 1 1 1 1 1 1 1 1 1 1 1 1 1 1 1 1 1 1 1 1 1 1 1 1 1 1 1 1 1 1 1 1 1 1 1 1 1 1 1 1 1 1 1 1 1 1 1 1 1 1 1 1 1 1 1 1 1 1 1 1 1 1 1 1 1 1 1 1 1 1 1 1 1 1 1 1 1 1 1 1 1 1 1 1 1 1 1 1 1 1 1 1 1 1 1 1 1 1 1 1 1 1 1 1 1 1 1 1 1 1 1 1 1 1 1 1 1 1 1 1 1 1 1 1 1 1 1 1 1 1 1 1 1 1 1 1 1 1 1 1 1 1 1 1 1 1 1 1 1 1 1 1 1 1 1 1 1 1 1 1 1 1 1 1 1 1 1 1 1 1 1 1 1 1 1 1 1 1 1 1 1 1 1 1 1 1 1 1 1 1 1 1 1 1 1 1 1 1 1 1 1 1 1 1 1 1 1 1 1 1 1 1 1 1 1 1 1 1 1 1 1 1 1 1 1 1 1 1 1 1 1 1 1 1 1 1 1 1 1 1 1 1 1 1 1 1 1 1 1 1 1 1 1 1 1 1 1 1 1 1 1 1 1 1 1 1 1 1 1 1 1 1 1 1 1 1 1 1 1 1 1 1 1 1 1 1 1 1 1 1 1 1 1 1 1 1 1 1 1 1 1 1 1 1 1 1 1 1 1 1 1 1 1 1 1 1 1 1 1 1 1 1 1 1 1 1 1 1 1 1 1 1 1 1 1 1 1 1 1 1 1 1 1 1 1 1 1 1 1 1 1 1 1 1 1 1 1 1 1 1 1 1 1 1 1 1 1 1 1 1 1 1 1 1 1 1 1 1 1 1 1 1 1 1 1 1 1 1 1 1 1 1 1 1 1 1 1 1 1 1 1 1 1 1 1 1 1 1 1 1 1 1 1 1 1 1 1 1 1 1 1 1 1 1 1 1 1 1 1 1 1 1 1 1 1 1 1 1 1 1 1 1 1 1 1 1 1 1 1 1 1 1 1 1 1 1 1 1 1 1 1 1 1 1 1 1 1 1 1 1 1 1 1 1 1 1 1 1 1 1 1 1 1 1 1 1 1 1 1 1 1 1 1 1 1 1 1 1 1 1 1 1 1 1 1 1 1 1 1 1 1 1 1 1 1 1 1 1 1 1 1 1 1 1 1 1 1 1 1 1 1 1 1 1 1 1 1 1 1 1 1 1 1 1 1 1 1 1 1 1 1 1 1 1 1 1 1 1 1 1 1 1 1 1 1 1 1 1 1 1 1 1 1 1 1 1 1 1 1 1 1 1 1 1 1 1 1 1 1 1 1 1 1 1 1 1 1 1 1 1 1 1 1 1 1 1 1 1 1 1 1 1 1 1 1 1 1 1 1 1 1 1 1 1 1 1 1 1 1 1 1 1 1 1 1 1 1 1 1 1 1 1 1 1 1 1 1 1 1 1 1 1 1 1 1 1 1 1 1 1 1 1 1 1 1 1 1 1 1 1 1 1 1 1 1 1 1 1 1 1 1 1 1 1 1 1 1 1 1 1 1 1 1 1 1 1 1 1 1 1 1 1 1 1 1 1 1 1 1 1 1 1 1 1 1 1 1 1 1 1 1 1 1 1 1 1 1 1 1 1 1 1 1 1 1 1 1 1 1 1 1 1 1 1 1 1 1 1 1 1 1 1 1 1 1 1 1 1 1 1 1 1 1 1 1 1 1 1 1 1 1 1 1 1 1 1 1 1 1 1 1 1 1 1 1 1 1 1 1 1 1 1 1 1 1 1 1 1 1 1 1 1 1 1 1 1 1 1 1 1 1 1 1 1 1 1 1 1 1 1 1 1 1 1 1 1 1 1 1 1 1 1 1 1 1 1 1 1 1 1 1 1 1 1 1 1 1 1 1 1 1 1 1 1 1 1 1 1 1 1 1 1 1 1 1 1 1 1 1 1 1 1 1 1 1 1 1 1 1 1 1 1 1 1 1 1 1 1 1 1 1 1 1 1 1 1 1 1 1 1 1 1 1 1 1 1 1 1 1 1 1 1 1 1 1 1 1 1 1 1 1 1 1 1 1 1 1 1 1 1 1 1 1 1 1 1 1 1 1 1 1 1 1 1 1 1 1 1 1 1 1 1 1 1 1 1 1 1 1 1 1 1 1 1 1 1 1 1 1 1 1 1 1 1 1 1 1 1 1 1 1 1 1 1 1 1 1 1 1 1 1 1 1 1 1 1 1 1 1 1 1 1 1 1 1 1 1 1 1 1 1 1 1 1 1 1 1 1 1 1 1 1 1 1 1 1 1 1 1 1 1 1 1 1 1 1 1 1 1 1 1 1 1 1 1 1 1 1 1 1 1 1 1 1 1 1 1 1 1 1 1 1 1 1 1 1 1 1 1 1 1 1 1 1 1 1 1 1 1 1 1 1 1 1 1 1 1 1 1 1 1 1 1 1 1 1 1 1 1 1 1 1 1 1 1 1 1 1 1 1 1 1 1 1 1 1 1 1 1 1 1 1 1 1 1 1 1 1 1 1 1 1 1 1 1 1 1 1 1 1 1 1 1 1 1 1 1 1 1 1 1 1 1 1 1 1 1 1 1 1 1 1 1 1 1 1
</DataArray>
<DataArray type="Int32" Name="n_doublebonds" format="ascii">
1 1 1 1 1 1 1 1 1 1 1 1 1 1 1 1 1 1 1 1 1 1 1 1 1 1 1 1 1 1 1 1 1 1 1 1 1 1 1 1 1 1 1 1 1 1 1 1 1 1 1 1 1 1 1 1 1 1 1 1 1 1 1 1 1 1 1 1 1 1 1 1 1 1 1 1 1 1 1 1 1 1 1 1 1 1 1 1 1 1 1 1 1 1 1 1 1 1 1 1 1 1 1 1 1 1 1 1 1 1 1 1 1 1 1 1 1 1 1 1 1 1 1 1 1 1 1 1 1 1 1 1 1 1 1 1 1 1 1 1 1 1 1 1 1 1 1 1 1 1 1 1 1 1 1 1 1 1 1 1 1 1 1 1 1 1 1 1 1 1 1 1 1 1 1 1 1 1 1 1 1 1 1 1 1 1 1 1 1 1 1 1 1 1 1 1 1 1 1 1 1 1 1 1 1 1 1 1 1 1 1 1 1 1 1 1 1 1 1 1 1 1 1 1 1 1 1 1 1 1 1 1 1 1 1 1 1 1 1 1 1 1 1 1 1 1 1 1 1 1 1 1 1 1 1 1 1 1 1 1 1 1 1 1 1 1 1 1 1 1 1 1 1 1 1 1 1 1 1 1 1 1 1 1 1 1 1 1 1 1 1 1 1 1 1 1 1 1 1 1 1 1 1 1 1 1 1 1 1 1 1 1 1 1 1 1 1 1 1 1 1 1 1 1 1 1 1 1 1 1 1 1 1 1 1 1 1 1 1 1 1 1 1 1 1 1 1 1 1 1 1 1 1 1 1 1 1 1 1 1 1 1 1 1 1 1 1 1 1 1 1 1 1 1 1 1 1 1 1 1 1 1 1 1 1 1 1 1 1 1 1 1 1 1 1 1 1 1 1 1 1 1 1 1 1 1 1 1 1 1 1 1 1 1 1 1 1 1 1 1 1 1 1 1 1 1 1 1 1 1 1 1 1 1 1 1 1 1 1 1 1 1 1 1 1 1 1 1 1 1 1 1 1 1 1 1 1 1 1 1 1 1 1 1 1 1 1 1 1 1 1 1 1 1 1 1 1 1 1 1 1 1 1 1 1 1 1 1 1 1 1 1 1 1 1 1 1 1 1 1 1 1 1 1 1 1 1 1 1 1 1 1 1 1 1 1 1 1 1 1 1 1 1 1 1 1 1 1 1 1 1 1 1 1 1 1 1 1 1 1 1 1 1 1 1 1 1 1 1 1 1 1 1 1 1 1 1 1 1 1 1 1 1 1 1 1 1 1 1 1 1 1 1 1 1 1 1 1 1 1 1 1 1 1 1 1 1 1 1 1 1 1 1 1 1 1 1 1 1 1 1 1 1 1 1 1 1 1 1 1 1 1 1 1 1 1 1 1 1 1 1 1 1 1 1 1 1 1 1 1 1 1 1 1 1 1 1 1 1 1 1 1 1 1 1 1 1 1 1 1 1 1 1 1 1 1 1 1 1 1 1 1 1 1 1 1 1 1 1 1 1 1 1 1 1 1 1 1 1 1 1 1 1 1 1 1 1 1 1 1 1 1 1 1 1 1 1 1 1 1 1 1 1 1 1 1 1 1 1 1 1 1 1 1 1 1 1 1 1 1 1 1 1 1 1 1 1 1 1 1 1 1 1 1 1 1 1 1 1 1 1 1 1 1 1 1 1 1 1 1 1 1 1 1 1 1 1 1 1 1 1 1 1 1 1 1 1 1 1 1 1 1 1 1 1 1 1 1 1 1 1 1 1 1 1 1 1 1 1 1 1 1 1 1 1 1 1 1 1 1 1 1 1 1 1 1 1 1 1 1 1 1 1 1 1 1 1 1 1 1 1 1 1 1 1 1 1 1 1 1 1 1 1 1 1 1 1 1 1 1 1 1 1 1 1 1 1 1 1 1 1 1 1 1 1 1 1 1 1 1 1 1 1 1 1 1 1 1 1 1 1 1 1 1 1 1 1 1 1 1 1 1 1 1 1 1 1 1 1 1 1 1 1 1 1 1 1 1 1 1 1 1 1 1 1 1 1 1 1 1 1 1 1 1 1 1 1 1 1 1 1 1 1 1 1 1 1 1 1 1 1 1 1 1 1 1 1 1 1 1 1 1 1 1 1 1 1 1 1 1 1 1 1 1 1 1 1 1 1 1 1 1 1 1 1 1 1 1 1 1 1 1 1 1 1 1 1 1 1 1 1 1 1 1 1 1 1 1 1 1 1 1 1 1 1 1 1 1 1 1 1 1 1 1 1 1 1 1 1 1 1 1 1 1 1 1 1 1 1 1 1 1 1 1 1 1 1 1 1 1 1 1 1 1 1 1 1 1 1 1 1 1 1 1 1 1 1 1 1 1 1 1 1 1 1 1 1 1 1 1 1 1 1 1 1 1 1 1 1 1 1 1 1 1 1 1 1 1 1 1 1 1 1 1 1 1 1 1 1 1 1 1 1 1 1 1 1 1 1 1 1 1 1 1 1 1 1 1 1 1 1 1 1 1 1 1 1 1 1 1 1 1 1 1 1 1 1 1 1 1 1 1 1 1 1 1 1 1 1 1 1 1 1 1 1 1 1 1 1 1 1 1 1 1 1 1 1 1 1 1 1 1 1 1 1 1 1 1 1 1 1 1 1 1 1 1 1 1 1 1 1 1 1 1 1 1 1 1 1 1 1 1 1 1 1 1 1 1 1 1 1 1 1 1 1 1 1 1 1 1 1 1 1 1 1 1 1 1 1 1 1 1 1 1 1 1 1 1 1 1 1 1 1 1 1 1 1 1 1 1 1 1 1 1 1 1 1 1 1 1 1 1 1 1 1 1 1 1 1 1 1 1 1 1 1 1 1 1 1 1 1 1 1 1 1 1 1 1 1 1 1 1 1 1 1 1 1 1 1 1 1 1 1 1 1 1 1 1 1 1 1 1 1 1 1 1 1 1 1 1 1 1 1 1 1 1 1 1 1 1 1 1 1 1 1 1 1 1 1 1 1 1 1 1 1 1 1 1 1 1 1 1 1 1 1 1 1 1 1 1 1 1 1 1 1 1 1 1 1 1 1 1 1 1 1 1 1 1 1 1 1 1 1 1 1 1 1 1 1 1 1 1 1 1 1 1 1 1 1 1 1 1 1 1 1 1 1 1 1 1 1 1 1 1 1 1 1 1 1 1 1 1 1 1 1 1 1 1 1 1 1 1 1 1 1 1 1 1 1 1 1 1 1 1 1 1 1 1 1 1 1 1 1 1 1 1 1 1 1 1 1 1 1 1 1 1 1 1 1 1 1 1 1 1 1 1 1 1 1 1 1 1 1 1 1 1 1 1 1 1 1 1 1 1 1 1 1 1 1 1 1 1 1 1 1 1 1 1 1 1 1 1 1 1 1 1 1 1 1 1 1 1 1 1 1 1 1 1 1 1 1 1 1 1 1 1 1 1 1 1 1 1 1 1 1 1 1 1 1 1 1 1 1 1 1 1 1 1 1 1 1 1 1 1 1 1 1 1 1 1 1 1 1 1 1 1 1 1 1 1 1 1 1 1 1 1 1 1 1 1 1 1 1 1 1 1 1 1 1 1 1 1 1 1 1 1 1 1 1 1 1 1 1 1 1 1 1 1 1 1 1 1 1 1 1 1 1 1 1 1 1 1 1 1 1 1 1 1 1 1 1 1 1 1 1 1 1 1 1 1 1 1 1 1 1 1 1 1 1 1 1 1 1 1 1 1 1 1 1 1 1 1 1 1 1 1 1 1 1 1 1 1 1 1 1 1 1 1 1 1 1 1 1 1 1 1 1 1 1 1 1 1 1 1 1 1 1 1 1 1 1 1 1 1 1 1 1 1 1 1 1 1 1 1 1 1 1 1 1 1 1 1 1 1 1 1 1 1 1 1 1 1 1 1 1 1 1 1 1 1 1 1 1 1 1 1 1 1 1 1 1 1 1 1 1 1 1 1 1 1 1 1 1 1 1 1 1 1 1 1 1 1 1 1 1 1 1 1 1 1 1 1 1 1 1 1 1 1 1 1 1 1 1 1 1 1 1 1 1 1 1 1 1 1 1 1 1 1 1 1 1 1 1 1 1 1 1 1 1 1 1 1 1 1 1 1 1 1 1 1 1 1 1 1 1 1 1 1 1 1 1 1 1 1 1 1 1 1 1 1 1 1 1 1 1 1 1 1 1 1 1 1 1 1 1 1 1 1 1 1 1 1 1 1 1 1 1 1 1 1 1 1 1 1 1 1 1 1 1 1 1 1 1 1 1 1 1 1 1 1 1 1 1 1 1 1 1 1 1 1 1 1 1 1 1 1 1 1 1 1 1 1 1 1 1 1 1 1 1 1 1 1 1 1 1 1 1 1 1 1 1 1 1 1 1 1 1 1 1 1 1 1 1 1 1 1 1 1 1 1 1 1 1 1 1 1 1 1 1 1 1 1 1 1 1 1 1 1 1 1 1 1 1 1 1 1 1 1 1 1 1 1 1 1 1 1 1 1 1 1 1 1 1 1 1 1 1 1 1 1 1 1 1 1 1 1 1 1 1 1 1 1 1 1 1 1 1 1 1 1 1 1 1 1 1 1 1 1 1 1 1 1 1 1 1 1 1 1 1 1 1 1 1 1 1 1 1 1 1 1 1 1 1 1 1 1 1 1 1 1 1 1 1 1 1 1 1 1 1 1 1 1 1 1 1 1 1 1 1 1 1 1 1 1 1 1 1 1 1 1 1 1 1 1 1 1 1 1 1 1 1 1 1 1 1 1 1 1 1 1 1 1 1 1 1 1 1 1 1 1 1 1 1 1 1 1 1 1 1 1 1 1 1 1 1 1 1 1 1 1 1 1 1 1 1 1 1 1 1 1 1 1 1 1 1 1 1 1 1 1 1 1 1 1 1 1 1 1 1 1 1 1 1 1 1 1 1 1 1 1 1 1 1 1 1 1 1 1 1 1 1 1 1 1 1 1 1 1 1 1 1 1 1 1 1 1 1 1 1 1 1 1 1 1 1 1 1 1 1 1 1 1 1 1 1 1 1 1 1 1 1 1 1 1 1 1 1 1 1 1 1 1 1 1 1 1 1 1 1 1 1 1 1 1 1 1 1 1 1 1 1 1 1 1 1 1 1 1 1 1 1 1 1 1 1 1 1 1 1 1 1 1 1 1 1 1 1 1 1 1 1 1 1 1 1 1 1 1 1 1 1 1 1 1 1 1 1 1 1 1 1 1 1 1 1 1 1 1 1 1 1 1 1 1 1 1 1 1 1 1 1 1 1 1 1 1 1 1 1 1 1 1 1 1 1 1 1 1 1 1 1 1 1 1 1 1 1 1 1 1 1 1 1 1 1 1 1 1 1 1 1 1 1 1 1 1 1 1 1 1 1 1 1 1 1 1 1 1 1 1 1 1 1 1 1 1 1 1 1 1 1 1 1 1 1 1 1 1 1 1 1 1 1 1 1 1 1 1 1 1 1 1 1 1 1 1 1 1 1 1 1 1 1 1 1 1 1 1 1 1 1 1 1 1 1 1 1 1 1 1 1 1 1 1 1 1 1 1 1 1 1 1 1 1 1 1 1 1 1 1 1 1 1 1 1 1 1 1 1 1 1 1 1 1 1 1 1 1 1 1 1 1 1 1 1 1 1 1 1 1 1 1 1 1 1 1 1 1 1 1 1 1 1 1 1 1 1 1 1 1 1 1 1 1 1 1 1 1 1 1 1 1 1 1 1 1 1 1 1 1 1 1 1 1 1 1 1 1 1 1 1 1 1 1 1 1 1 1 1 1 1 1 1 1 1 1 1 1 1 1 1 1 1 1 1 1 1 1 1 1 1 1 1 1 1 1 1 1 1 1 1 1 1 1 1 1 1 1 1 1 1 1 1 1 1 1 1 1 1 1 1 1 1 1 1 1 1 1 1 1 1 1 1 1 1 1 1 1 1 1 1 1 1 1 1 1 1 1 1 1 1 1 1 1 1 1 1 1 1 1 1 1 1 1 1 1 1 1 1 1 1 1 1 1 1 1 1 1 1 1 1 1 1 1 1 1 1 1 1 1 1 1 1 1 1 1 1 1 1 1 1 1 1 1 1 1 1 1 1 1 1 1 1 1 1 1 1 1 1 1 1 1 1 1 1 1 1 1 1 1 1 1 1 1 1 1 1 1 1 1 1 1 1 1 1 1 1 1 1 1 1 1 1 1 1 1 1 1 1 1 1 1 1 1 1 1 1 1 1 1 1 1 1 1 1 1 1 1 1 1 1 1 1 1 1 1 1 1 1 1 1 1 1 1 1 1 1 1 1 1 1 1 1 1 1 1 1 1 1 1 1 1 1 1 1 1 1 1 1 1 1 1 1 1 1 1 1 1 1 1 1 1 1 1 1 1 1 1 1 1 1 1 1 1 1 1 1 1 1 1 1 1 1 1 1 1 1 1 1 1 1 1 1 1 1 1 1 1 1 1 1 1 1 1 1 1 1 1 1 1 1 1 1 1 1 1 1 1 1 1 1 1 1 1 1 1 1 1 1 1 1 1 1 1 1 1 1 1 1 1 1 1 1 1 1 1 1 1 1 1 1 1 1 1 1 1 1 1 1 1 1 1 1 1 1 1 1 1 1 1 1 1 1 1 1 1 1 1 1 1 1 1 1 1 1 1 1 1 1 1 1 1 1 1 1 1 1 1 1 1 1 1 1 1 1 1 1 1 1 1 1 1 1 1 1 1 1 1 1 1 1 1 1 1 1 1 1 1 1 1 1 1 1 1 1 1 1 1 1 1 1 1 1 1 1 1 1 1 1 1 1 1 1 1 1 1 1 1 1 1 1 1 1 1 1 1 1 1 1 1 1 1 1 1 1 1 1 1 1 1 1 1 1 1 1 1 1 1 1 1 1 1 1 1 1 1 1 1 1 1 1 1 1 1 1 1 1 1 1 1 1 1 1 1 1 1 1 1 1 1 1 1 1 1 1 1 1 1 1 1 1 1 1 1 1 1 1 1 1 1 1 1 1 1 1 1 1 1 1 1 1 1 1 1 1 1 1 1 1 1 1 1 1 1 1 1 1 1 1 1 1 1 1 1 1 1 1 1 1 1 1 1 1 1 1 1 1 1 1 1 1 1 1 1 1 1 1 1 1 1 1 1 1 1 1 1 1 1 1 1 1 1 1 1 1 1 1 1 1 1 1 1 1 1 1 1 1 1 1 1 1 1 1 1 1 1 1 1 1 1 1 1 1 1 1 1 1 1 1 1 1 1 1 1 1 1 1 1 1 1 1 1 1 1 1 1 1 1 1 1 1 1 1 1 1 1 1 1 1 1 1 1 1 1 1 1 1 1 1 1 1 1 1 1 1 1 1 1 1 1 1 1 1 1 1 1 1 1 1 1 1 1 1 1 1 1 1 1 1 1 1 1 1 1 1 1 1 1 1 1 1 1 1 1 1 1 1 1 1 1 1 1 1 1 1 1 1 1 1 1 1 1 1 1 1 1 1 1 1 1 1 1 1 1 1 1 1 1 1 1 1 1 1 1 1 1 1 1 1 1 1 1 1 1 1 1 1 1 1 1 1 1 1 1 1 1 1 1 1 1 1 1 1 1 1 1 1 1 1 1 1 1 1 1 1 1 1 1 1 1 1 1 1 1 1 1 1 1 1 1 1 1 1 1 1 1 1 1 1 1 1 1 1 1 1 1 1 1 1 1 1 1 1 1 1 1 1 1 1 1 1 1 1 1 1 1 1 1 1 1 1 1 1 1 1 1 1 1 1 1 1 1 1 1 1 1 1 1 1 1 1 1 1 1 1 1 1 1 1 1 1 1 1 1 1 1 1 1 1 1 1 1 1 1 1 1 1 1 1 1 1 1 1 1 1 1 1 1 1 1 1 1 1 1 1 1 1 1 1 1 1 1 1 1 1 1 1 1 1 1 1 1 1 1 1 1 1 1 1 1 1 1 1 1 1 1 1 1 1 1 1 1 1 1 1 1 1 1 1 1 1 1 1 1 1 1 1 1 1 1 1 1 1 1 1 1 1 1 1 1 1 1 1 1 1 1 1 1 1 1 1 1 1 1 1 1 1 1 1 1 1 1 1 1 1 1 1 1 1 1 1 1 1 1 1 1 1 1 1 1 1 1 1 1 1 1 1 1 1 1 1 1 1 1 1 1 1 1 1 1 1 1 1 1 1 1 1 1 1 1 1 1 1 1 1 1 1 1 1 1 1 1 1 1 1 1 1 1 1 1 1 1 1 1 1 1 1 1 1 1 1 1 1 1 1 1 1 1 1 1 1 1 1 1 1 1 1 1 1 1 1 1 1 1 1 1 1 1 1 1 1 1 1 1 1 1 1 1 1 1 1 1 1 1 1 1 1 1 1 1 1 1 1 1 1 1 1 1 1 1 1 1 1 1 1 1 1 1 1 1 1 1 1 1 1 1 1 1 1 1 1 1 1 1 1 1 1 1 1 1 1 1 1 1 1 1 1 1 1 1 1 1 1 1 1 1 1 1 1 1 1 1 1 1 1 1 1 1 1 1 1 1 1 1 1 1 1 1 1 1 1 1 1 1 1 1 1 1 1 1 1 1 1 1 1 1 1 1 1 1 1 1 1 1 1 1 1 1 1 1 1 1 1 1 1 1 1 1 1 1 1 1 1 1 1 1 1 1 1 1 1 1 1 1 1 1 1 1 1 1 1 1 1 1 1 1 1 1 1 1 1 1 1 1 1 1 1 1 1 1 1 1 1 1 1 1 1 1 1 1 1 1 1 1 1 1 1 1 1 1 1 1 1 1 1 1 1 1 1 1 1 1 1 1 1 1 1 1 1 1 1 1 1 1 1 1 1 1 1 1 1 1 1 1 1 1 1 1 1 1 1 1 1 1 1 1 1 1 1 1 1 1 1 1 1 1 1 1 1 1 1 1 1 1 1 1 1 1 1 1 1 1 1 1 1 1 1 1 1 1 1 1 1 1 1 1 1 1 1 1 1 1 1 1 1 1 1 1 1 1 1 1 1 1 1 1 1 1 1 1 1 1 1 1 1 1 1 1 1 1 1 1 1 1 1 1 1 1 1 1 1 1 1 1 1 1 1 1 1 1 1 1 1 1 1 1 1 1 1 1 1 1 1 1 1 1 1 1 1 1 1 1 1 1 1 1 1 1 1 1 1 1 1 1 1 1 1 1 1 1 1 1 1 1 1 1 1 1 1 1 1 1 1 1 1 1 1 1 1 1 1 1 1 1 1 1 1 1 1 1 1 1 1 1 1 1 1 1 1 1 1 1 1 1 1 1 1 1 1 1 1 1 1 1 1 1 1 1 1 1 1 1 1 1 1 1 1 1 1 1 1 1 1 1 1 1 1 1 1 1 1 1 1 1 1 1 1 1 1 1 1 1 1 1 1 1 1 1 1 1 1 1 1 1 1 1 1 1 1 1 1 1 1 1 1 1 1 1 1 1 1 1 1 1 1 1 1 1 1 1 1 1 1 1 1 1 1 1 1 1 1 1 1 1 1 1 1 1 1 1 1 1 1 1 1 1 1 1 1 1 1 1 1 1 1 1 1 1 1 1 1 1 1 1 1 1 1 1 1 1 1 1 1 1 1 1 1 1 1 1 1 1 1 1 1 1 1 1 1 1 1 1 1 1 1 1 1 1 1 1 1 1 1 1 1 1 1 1 1 1 1 1 1 1 1 1 1 1 1 1 1 1 1 1 1 1 1 1 1 1 1 1 1 1 1 1 1 1 1 1 1 1 1 1 1 1 1 1 1 1 1 1 1 1 1 1 1 1 1 1 1 1 1 1 1 1 1 1 1 1 1 1 1 1 1 1 1 1 1 1 1 1 1 1 1 1 1 1 1 1 1 1 1 1 1 1 1 1 1 1 1 1 1 1 1 1 1 1 1 1 1 1 1 1 1 1 1 1 1 1 1 1 1 1 1 1 1 1 1 1 1 1 1 1 1 1 1 1 1 1 1 1 1 1 1 1 1 1 1 1 1 1 1 1 1 1 1 1 1 1 1 1 1 1 1 1 1 1 1 1 1 1 1 1 1 1 1 1 1 1 1 1 1 1 1 1 1 1 1 1 1 1 1 1 1 1 1 1 1 1 1 1 1 1 1 1 1 1 1 1 1 1 1 1 1 1 1 1 1 1 1 1 1 1 1 1 1 1 1 1 1 1 1 1 1 1 1 1 1 1 1 1 1 1 1 1 1 1 1 1 1 1 1 1 1 1 1 1 1 1 1 1 1 1 1 1 1 1 1 1 1 1 1 1 1 1 1 1 1 1 1 1 1 1 1 1 1 1 1 1 1 1 1 1 1 1 1 1 1 1 1 1 1 1 1 1 1 1 1 1 1 1 1 1 1 1 1 1 1 1 1 1 1 1 1 1 1 1 1 1 1 1 1 1 1 1 1 1 1 1 1 1 1 1 1 1 1 1 1 1 1 1 1 1 1 1 1 1 1 1 1 1 1 1 1 1 1 1 1 1 1 1 1 1 1 1 1 1 1 1 1 1 1 1 1 1 1 1 1 1 1 1 1 1 1 1 1 1 1 1 1 1 1 1 1 1 1 1 1 1 1 1 1 1 1 1 1 1 1 1 1 1 1 1 1 1 1 1 1 1 1 1 1 1 1 1 1 1 1 1 1 1 1 1 1 1 1 1 1 1 1 1 1 1 1 1 1 1 1 1 1 1 1 1 1 1 1 1 1 1 1 1 1 1 1 1 1 1 1 1 1 1 1 1 1 1 1 1 1 1 1 1 1 1 1 1 1 1 1 1 1 1 1 1 1 1 1 1 1 1 1 1 1 1 1 1 1 1 1 1 1 1 1 1 1 1 1 1 1 1 1 1 1 1 1 1 1 1 1 1 1 1 1 1 1 1 1 1 1 1 1 1 1 1 1 1 1 1 1 1 1 1 1 1 1 1 1 1 1 1 1 1 1 1 1 1 1 1 1 1 1 1 1 1 1 1 1 1 1 1 1 1 1 1 1 1 1 1 1 1 1 1 1 1 1 1 1 1 1 1 1 1 1 1 1 1 1 1 1 1 1 1 1 1 1 1 1 1 1 1 1 1 1 1 1 1 1 1 1 1 1 1 1 1 1 1 1 1 1 1 1 1 1 1 1 1 1 1 1 1 1 1 1 1 1 1 1 1 1 1 1 1 1 1 1 1 1 1 1 1 1 1 1 1 1 1 1 1 1 1 1 1 1 1 1 1 1 1 1 1 1 1 1 1 1 1 1 1 1 1 1 1 1 1 1 1 1 1 1 1 1 1 1 1 1 1 1 1 1 1 1 1 1 1 1 1 1 1 1 1 1 1 1 1 1 1 1 1 1 1 1 1 1 1 1 1 1 1 1 1 1 1 1 1 1 1 1 1 1 1 1 1 1 1 1 1 1 1 1 1 1 1 1 1 1 1 1 1 1 1 1 1 1 1 1 1 1 1 1 1 1 1 1 1 1 1 1 1 1 1 1 1 1 1 1 1 1 1 1 1 1 1 1 1 1 1 1 1 1 1 1 1 1 1 1 1 1 1 1 1 1 1 1 1 1 1 1 1 1 1 1 1 1 1 1 1 1 1 1 1 1 1 1 1 1 1 1 1 1 1 1 1 1 1 1 1 1 1 1 1 1 1 1 1 1 1 1 1 1 1 1 1 1 1 1 1 1 1 1 1 1 1 1 1 1 1 1 1 1 1 1 1 1 1 1 1 1 1 1 1 1 1 1 1 1 1 1 1 1 1 1 1 1 1 1 1 1 1 1 1 1 1 1 1 1 1 1 1 1 1 1 1 1 1 1 1 1 1 1 1 1 1 1 1 1 1 1 1 1 1 1 1 1 1 1 1 1 1 1 1 1 1 1 1 1 1 1 1 1 1 1 1 1 1 1 1 1 1 1 1 1 1 1 1 1 1 1 1 1 1 1 1 1 1 1 1 1 1 1 1 1 1 1 1 1 1 1 1 1 1 1 1 1 1 1 1 1 1 1 1 1 1 1 1 1 1 1 1 1 1 1 1 1 1 1 1 1 1 1 1 1 1 1 1 1 1 1 1 1 1 1 1 1 1 1 1 1 1 1 1 1 1 1 1 1 1 1 1 1 1 1 1 1 1 1 1 1 1 1 1 1 1 1 1 1 1 1 1 1 1 1 1 1 1 1 1 1 1 1 1 1 1 1 1 1 1 1 1 1 1 1 1 1 1 1 1 1 1 1 1 1 1 1 1 1 1 1 1 1 1 1 1 1 1 1 1 1 1 1 1 1 1 1 1 1 1 1 1 1 1 1 1 1 1 1 1 1 1 1 1 1 1 1 1 1 1 1 1 1 1 1 1 1 1 1 1 1 1 1 1 1 1 1 1 1 1 1 1 1 1 1 1 1 1 1 1 1 1 1 1 1 1 1 1 1 1 1 1 1 1 1 1 1 1 1 1 1 1 1 1 1 1 1 1 1 1 1 1 1 1 1 1 1 1 1 1 1 1 1 1 1 1 1 1 1 1 1 1 1 1 1 1 1 1 1 1 1 1 1 1 1 1 1 1 1 1 1 1 1 1 1 1 1 1 1 1 1 1 1 1 1 1 1 1 1 1 1 1 1 1 1 1 1 1 1 1 1 1 1 1 1 1 1 1 1 1 1 1 1 1 1 1 1 1 1 1 1 1 1 1 1 1 1 1 1 1 1 1 1 1 1 1 1 1 1 1 1 1 1 1 1 1 1 1 1 1 1 1 1 1 1 1 1 1 1 1 1 1 1 1 1 1 1 1 1 1 1 1 1 1 1 1 1 1 1 1 1 1 1 1 1 1 1 1 1 1 1 1 1 1 1 1 1 1 1 1 1 1 1 1 1 1 1 1 1 1 1 1 1 1 1 1 1 1 1 1 1 1 1 1 1 1 1 1 1 1 1 1 1 1 1 1 1 1 1 1 1 1 1 1 1 1 1 1 1 1 1 1 1 1 1 1 1 1 1 1 1 1 1 1 1 1 1 1 1 1 1 1 1 1 1 1 1 1 1 1 1 1 1 1 1 1 1 1 1 1 1 1 1 1 1 1 1 1 1 1 1 1 1 1 1 1 1 1 1 1 1 1 1 1 1 1 1 1 1 1 1 1 1 1 1 1 1 1 1 1 1 1 1 1 1 1 1 1 1 1 1 1 1 1 1 1 1 1 1 1 1 1 1 1 1 1 1 1 1 1 1 1 1 1 1 1 1 1 1 1 1 1 1 1 1 1 1 1 1 1 1 1 1 1 1 1 1 1 1 1 1 1 1 1 1 1 1 1 1 1 1 1 1 1 1 1 1 1 1 1 1 1 1 1 1 1 1 1 1 1 1 1 1 1 1 1 1 1 1 1 1 1 1 1 1 1 1 1 1 1 1 1 1 1 1 1 1 1 1 1 1 1 1 1 1 1 1 1 1 1 1 1 1 1 1 1 1 1 1 1 1 1 1 1 1 1 1 1 1 1 1 1 1 1 1 1 1 1 1 1 1 1 1 1 1 1 1 1 1 1 1 1 1 1 1 1 1 1 1 1 1 1 1 1 1 1 1 1 1 1 1 1 1 1 1 1 1 1 1 1 1 1 1 1 1 1 1 1 1 1 1 1 1 1 1 1 1 1 1 1 1 1 1 1 1 1 1 1 1 1 1 1 1 1 1 1 1 1 1 1 1 1 1 1 1 1 1 1 1 1 1 1 1 1 1 1 1 1 1 1 1 1 1 1 1 1 1 1 1 1 1 1 1 1 1 1 1 1 1 1 1 1 1 1 1 1 1 1 1 1 1 1 1 1 1 1 1 1 1 1 1 1 1 1 1 1 1 1 1 1 1 1 1 1 1 1 1 1 1 1 1 1 1 1 1 1 1 1 1 1 1 1 1 1 1 1 1 1 1 1 1 1 1 1 1 1 1 1 1 1 1 1 1 1 1 1 1 1 1 1 1 1 1 1 1 1 1 1 1 1 1 1 1 1 1 4 4 4 4 4 4 4 4 4 4 4 4 4 4 4 4 4 4 4 4 4 4 4 4 4 4 4 4 4 4 4 4 4 4 4 4 4 4 4 4 4 4 4 4 4 4 4 4 4 4 4 4 4 4 4 4 4 4 4 4 4 4 4 4 4 4 4 4 4 4 4 4 4 4 4 4 4 4 4 4 4 4 4 4 4 4 4 4 4 4 4 4 4 4 4 4 4 4 4 4 4 4 4 4 4 4 4 4 4 4 4 4 4 4 4 4 4 4 4 4 4 4 4 4 4 4 4 4 4 4 4 4 4 4 4 4 4 4 4 4 4 4 4 4 4 4 4 4 4 4 4 4 4 4 4 4 4 4 4 4 4 4 4 4 4 4 4 4 4 4 4 4 4 4 4 4 4 4 4 4 4 4 4 4 4 4 4 4 4 4 4 4 4 4 4 4 4 4 4 4 4 4 4 4 4 4 4 4 4 4 4 4 4 4 4 4 4 4 4 4 4 4 4 4 4 4 4 4 4 4 4 4 4 4 4 4 4 4 4 4 4 4 4 4 1 1 1 1 1 1 1 1 1 1 1 1 1 1 1 1 1 1 1 1 1 1 1 1 1 1 1 1 1 1 1 1 1 1 1 1 1 1 1 1 1 1 1 1 1 1 1 1 1 1 1 1 1 1 1 1 1 1 1 1 1 1 1 1 1 1 1 1 1 1 1 1 1 1 1 1 1 1 1 1 1 1 1 1 1 1 1 1 1 1 1 1 1 1 1 1 1 1 1 1 1 1 1 1 1 1 1 1 1 1 1 1 1 1 1 1 1 1 1 1 1 1 1 1 1 1 1 1 1 1 1 1 1 1 1 1 1 1 1 1 1 1 1 1 1 1 1 1 1 1 1 1 1 1 1 1 1 1 1 1 1 1 1 1 1 1 1 1 1 1 1 1 1 1 1 1 1 1 1 1 1 1 1 1 1 1 1 1 1 1 1 1 1 1 1 1 1 1 1 1 1 1 1 1 1 1 1 1 1 1 1 1 1 1 1 1 1 1 1 1 1 1 1 1 1 1 1 1 1 1 1 1 1 1 1 1 1 1 1 1 1 1 1 1 1 1 1 1 1 1 1 1 1 1 1 1 1 1 1 1 1 1 1 1 1 1 1 1 1 1 1 1 1 1 1 1 1 1 1 1 1 1 1 1 1 1 1 1 1 1 1 1 1 1 1 1 1 1 1 1 1 1 1 1 1 1 1 1 1 1 1 1 1 1 1 1 1 1 1 1 1 1 1 1 1 1 1 1 1 1 1 1 1 1 1 1 1 1 1 1 1 1 1 1 1 1 1 1 1 1 1 1 1 1 1 1 1 1 1 1 1 1 1 1 1 1 1 1 1 1 1 1 1 1 1 1 1 1 1 1 1 1 1 1 1 1 1 1 1 1 1 1 1 1 1 1 1 1 1 1 1 1 1 1 1 1 1 1 1 1 1 1 1 1 1 1 1 1 1 1 1 1 1 1 1 1 1 1 1 1 1 1 1 1 1 1 1 1 1 1 1 1 1 1 1 1 1 1 1 1 1 1 1 1 1 1 1 1 1 1 1 1 1 1 1 1 1 1 1 1 1 1 1 1 1 1 1 1 1 1 1 1 1 1 1 1 1 1 1 1 1 1 1 1 1 1 1 1 1 1 1 1 1 1 1 1 1 1 1 1 1 1 1 1 1 1 1 1 1 1 1 1 1 1 1 1 1 1 1 1 1 1 1 1 1 1 1 1 1 1 1 1 1 1 1 1 1 1 1 1 1 1 1 1 1 1 1 1 1 1 1 1 1 1 1 1 1 1 1 1 1 1 1 1 1 1 1 1 1 1 1 1 1 1 1 1 1 1 1 1 1 1 1 1 1 1 1 1 1 1 1 1 1 1 1 1 1 1 1 1 1 1 1 1 1 1 1 1 1 1 1 1 1 1 1 1 1 1 1 1 1 1 1 1 1 1 1 1 1 1 1 1 1 1 1 1 1 1 1 1 1 1 1 1 1 1 1 1 1 1 1 1 1 1 1 1 1 1 1 1 1 1 1 1 1 1 1 1 1 1 1 1 1 1 1 1 1 1 1 1 1 1 1 1 1 1 1 1 1 1 1 1 1 1 1 1 1 1 1 1 1 1 1 1 1 1 1 1 1 1 1 1 1 1 1 1 1 1 1 1 1 1 1 1 1 1 1 1 1 1 1 1 1 1 1 1 1 1 1 1 1 1 1 1 1 1 1 1 1 1 1 1 1 1 1 1 1 1 1 1 1 1 1 1 1 1 1 1 1 1 1 1 1 1 1 1 1 1 1 1 1 1 1 1 1 1 1 1 1 1 1 1 1 1 1 1 1 1 1 1 1 1 1 1 1 1 1 1 1 1 1 1 1 1 1 1 1 1 1 1 1 1 1 1 1 1 1 1 1 1 1 1 1 1 1 1 1 1 1 1 1 1 1 1 1 1 1 1 1 1 1 1 1 1 1 1 1 1 1 1 1 1 1 1 1 1 1 1 1 1 1 1 1 1 1 1 1 1 1 1 1 1 1 1 1 1 1 1 1 1 1 1 1 1 1 1 1 1 1 1 1 1 1 1 1 1 1 1 1 1 1 1 1 1 1 1 1 1 1 1 1 1 1 1 1 1 1 1 1 1 1 1 1 1 1 1 1 1 1 1 1 1 1 1 1 1 1 1 1 1 1 1 1 1 1 1 1 1 1 1 1 1 1 1 1 1 1 1 1 1 1 1 1 1 1 1 1 1 1 1 1 1 1 1 1 1 1 1 1 1 1 1 1 1 1 1 1 1 1 1 1 1 1 1 1 1 1 1 1 1 1 1 1 1 1 1 1 1 1 1 1 1 1 1 1 1 1 1 1 1 1 1 1 1 1 1 1 1 1 1 1 1 1 1 1 1 1 1 1 1 1 1 1 1 1 1 1 1 1 1 1 1 1 1 1 1 1 1 1 1 1 1 1 1 1 1 1 1 1 1 1 1 1 1 1 1 1 1 1 1 1 1 1 1 1 1 1 1 1 1 1 1 1 1 1 1 1 1 1 1 1 1 1 1 1 1 1 1 1 1 1 1 1 1 1 1 1 1 1 1 1 1 1 1 1 1 1 1 1 1 1 1 1 1 1 1 1 1 1 1 1 1 1 1 1 1 1 1 1 1 1 1 1 1 1 1 1 1 1 1 1 1 1 1 1 1 1 1 1 1 1 1 1 1 1 1 1 1 1 1 1 1 1 1 1 1 1 1 1 1 1 1 1 1 1 1 1 1 1 1 1 1 1 1 1 1 1 1 1 1 1 1 1 1 1 1 1 1 1 1 1 1 1 1 1 1 1 1 1 1 1 1 1 1 1 1 1 1 1 1 1 1 1 1 1 1 1 1 1 1 1 1 1 1 1 1 1 1 1 1 1 1 1 1 1 1 1 1 1 1 1 1 1 1 1 1 1 1 1 1 1 1 1 1 1 1 1 1 1 1 1 1 1 1 1 1 1 1 1 1 1 1 1 1 1 1 1 1 1 1 1 1 1 1 1 1 1 1 1 1 1 1 1 1 1 1 1 1 1 1 1 1 1 1 1 1 1 1 1 1 1 1 1 1 1 1 1 1 1 1 1 1 1 1 1 1 1 1 1 1 1 1 1 1 1 1 1 1 1 1 1 1 1 1 1 1 1 1 1 1 1 1 1 1 1 1 1 1 1 1 1 1 1 1 1 1 1 1 1 1 1 1 1 1 1 1 1 1 1 1 1 1 1 1 1 1 1 1 1 1 1 1 1 1 1 1 1 1 1 1 1 1 1 1 1 1 1 1 1 1 1 1 1 1 1 1 1 1 1 1 1 1 1 1 1 1 1 1 1 1 1 1 1 1 1 1 1 1 1 1 1 1 1 1 1 1 1 1 1 1 1 1 1 1 1 1 1 1 1 1 1 1 1 1 1 1 1 1 1 1 1 1 1 1 1 1 1 1 1 1 1 1 1 1 1 1 1 1 1 1 1 1 1 1 1 1 1 1 1 1 1 1 1 1 1 1 1 1 1 1 1 1 1 1 1 1 1 1 1 1 1 1 1 1 1 1 1 1 1 1 1 1 1 1 1 1 1 1 1 1 1 1 1 1 1 1 1 1 1 1 1 1 1 1 1 1 1 1 1 1 1 1 1 1 1 1 1 1 1 1 1 1 1 1 1 1 1 1 1 1 1 1 1 1 1 1 1 1 1 1 1 1 1 1 1 1 1 1 1 1 1 1 1 1 1 1 1 1 1 1 1 1 1 1 1 1 1 1 1 1 1 1 1 1 1 1 1 1 1 1 1 1 1 1 1 1 1 1 1 1 1 1 1 1 1 1 1 1 1 1 1 1 1 1 1 1 1 1 1 1 1 1 1 1 1 1 1 1 1 1 1 1 1 1 1 1 1 1 1 1 1 1 1 1 1 1 1 1 1 1 1 1 1 1 1 1 1 1 1 1 1 1 1 1 1 1 1 1 1 1 1 1 1 1 1 1 1 1 1 1 1 1 1 1 1 1 1 1 1 1 1 1 1 1 1 1 1 1 1 1 1 1 1 1 1 1 1 1 1 1 1 1 1 1 1 1 1 1 1 1 1 1 1 1 1 1 1 1 1 1 1 1 1 1 1 1 1 1 1 1 1 1 1 1 1 1 1 1 1 1 1 1 1 1 1 1 1 1 1 1 1 1 1 1 1 1 1 1 1 1 1 1 1 1 1 1 1 1 1 1 1 1 1 1 1 1 1 1 1 1 1 1 1 1 1 1 1 1 1 1 1 1 1 1 1 1 1 1 1 1 1 1 1 1 1 1 1 1 1 1 1 1 1 1 1 1 1 1 1 1 1 1 1 1 1 1 1 1 1 1 1 1 1 1 1 1 1 1 1 1 1 1 1 1 1 1 1 1 1 1 1 1 1 1 1 1 1 1 1 1 1 1 1 1 1 1 1 1 1 1 1 1 1 1 1 1 1 1 1 1 1 1 1 1 1 1 1 1 1 1 1 1 1 1 1 1 1 1 1 1 1 1 1 1 1 1 1 1 1 1 1 1 1 1 1 1 1 1 1 1 1 1 1 1 1 1 1 1 1 1 1 1 1 1 1 1 1 1 1 1 1 1 1 1 1 1 1 1 1 1 1 1 1 1 1 1 1 1 1 1 1 1 1 1 1 1 1 1 1 1 1 1 1 1 1 1 1 1 1 1 1 1 1 1 1 1 1 1 1 1 1 1 1 1 1 1 1 1 1 1 1 1 1 1 1 1 1 1 1 1 1 1 1 1 1 1 1 1 1 1 1 1 1 1 1 1 1 1 1 1 1 1 1 1 1 1 1 1 1 1 1 1 1 1 1 1 1 1 1 1 1 1 1 1 1 1 1 1 1 1 1 1 1 1 1 1 1 1 1 1 1 1 1 1 1 1 1 1 1 1 1 1 1 1 1 1 1 1 1 1 1 1 1 1 1 1 1 1 1 1 1 1 1 1 1 1 1 1 1 1 1 1 1 1 1 1 1 1 1 1 1 1 1 1 1 1 1 1 1 1 1 1 1 1 1 1 1 1 1 1 1 1 1 1 1 1 1 1 1 1 1 1 1 1 1 1 1 1 1 1 1 1 1 1 1 1 1 1 1 1 1 1 1 1 1 1 1 1 1 1 1 1 1 1 1 1 1 1 1 1 1 1 1 1 1 1 1 1 1 1 1 1 1 1 1 1 1 1 1 1 1 1 1 1 1 1 1 1 1 1 1 1 1 1 1 1 1 1 1 1 1 1 1 1 1 1 1 1 1 1 1 1 1 1 1 1 1 1 1 1 1 1 1 1 1 1 1 1 1 1 1 1 1 1 1 1 1 1 1 1 1 1 1 1 1 1 1 1 1 1 1 1 1 1 1 1 1 1 1 1 1 1 1 1 1 1 1 1 1 1 1 1 1 1 1 1 1 1 1 1 1 1 1 1 1 1 1 1 1 1 1 1 1 1 1 1 1 1 1 1 1 1 1 1 1 1 1 1 1 1 1 1 1 1 1 1 1 1 1 1 1 1 1 1 1 1 1 1 1 1 1 1 1 1 1 1 1 1 1 1 1 1 1 1 1 1 1 1 1 1 1 1 1 1 1 1 1 1 1 1 1 1 1 1 1 1 1 1 1 1 1 1 1 1 1 1 1 1 1 1 1 1 1 1 1 1 1 1 1 1 1 1 1 1 1 1 1 1 1 1 1 1 1 1 1 1 1 1 1 1 1 1 1 1 1 1 1 1 1 1 1 1 1 1 1 1 1 1 1 1 1 1 1 1 1 1 1 1 1 1 1 1 1 1 1 1 1 1 1 1 1 1 1 1 1 1 1 1 1 1 1 1 1 1 1 1 1 1 1 1 1 1 1 1 1 1 1 1 1 1 1 1 1 1 1 1 1 1 1 1 1 1 1 1 1 1 1 1 1 1 1 1 1 1 1 1 1 1 1 1 1 1 1 1 1 1 1 1 1 1 1 1 1 1 1 1 1 1 1 1 1 1 1 1 1 1 1 1 1 1 1 1 1 1 1 1 1 1 1 1 1 1 1 1 1 1 1 1 1 1 1 1 1 1 1 1 1 1 1 1 1 1 1 1 1 1 1 1 1 1 1 1 1 1 1 1 1 1 1 1 1 1 1 1 1 1 1 1 1 1 1 1 1 1 1 1 1 1 1 1 1 1 1 1 1 1 1 1 1 1 1 1 1 1 1 1 1 1 1 1 1 1 1 1 1 1 1 1 1 1 1 1 1 1 1 1 1 1 1 1 1 1 1 1 1 1 1 1 1 1 1 1 1 1 1 1 1 1 1 1 1 1 1 1 1 1 1 1 1 1 1 1 1 1 1 1 1 1 1 1 1 1 1 1 1 1 1 1 1 1 1 1 1 1 1 1 1 1 1 1 1 1 1 1 1 1 1 1 1 1 1 1 1 1 1 1 1 1 1 1 1 1 1 1 1 1 1 1 1 1 1 1 1 1 1 1 1 1 1 1 1 1 1 1 1 1 1 1 1 1 1 1 1 1 1 1 1 1 1 1 1 1 1 1 1 1 1 1 1 1 1 1 1 1 1 1 1 1 1 1 1 1 1 1 1 1 1 1 1 1 1 1 1 1 1 1 1 1 1 1 1 1 1 1 1 1 1 1 1 1 1 1 1 1 1 1 1 1 1 1 1 1 1 1 1 1 1 1 1 1 1 1 1 1 1 1 1 1 1 1 1 1 1 1 1 1 1 1 1 1 1 1 1 1 1 1 1 1 1 1 1 1 1 1 1 1 1 1 1 1 1 1 1 1 1 1 1 1 1 1 1 1 1 1 1 1 1 1 1 1 1 1 1 1 1 1 1 1 1 1 1 1 1 1 1 1 1 1 1 1 1 1 1 1 1 1 1 1 1 1 1 1 1 1 1 1 1 1 1 1 1 1 1 1 1 1 1 1 1 1 1 1 1 1 1 1 1 1 1 1 1 1 1 1 1 1 1 1 1 1 1 1 1 1 1 1 1 1 1 1 1 1 1 1 1 1 1 1 1 1 1 1 1 1 1 1 1 1 1 1 1 1 1 1 1 1 1 1 1 1 1 1 1 1 1 1 1 1 1 1 1 1 1 1 1 1 1 1 1 1 1 1 1 1 1 1 1 1 1 1 1 1 1 1 1 1 1 1 1 1 1 1 1 1 1 1 1 1 1 1 1 1 1 1 1 1 1 1 1 1 1 1 1 1 1 1 1 1 1 1 1 1 1 1 1 1 1 1 1 1 1 1 1 1 1 1 1 1 1 1 1 1 1 1 1 1 1 1 1 1 1 1 1 1 1 1 1 1 1 1 1 1 1 1 1 1 1 1 1 1 1 1 1 1 1 1 1 1 1 1 1 1 1 1 1 1 1 1 1 1 1 1 1 1 1 1 1 1 1 1 1 1 1 1 1 1 1 1 1 1 1 1 1 1 1 1 1 1 1 1 1 1 1 1 1 1 1 1 1 1 1 1 1 1 1 1 1 1 1 1 1 1 1 1 1 1 1 1 1 1 1 1 1 1 1 1 1 1 1 1 1 1 1 1 1 1 1 1 1 1 1 1 1 1 1 1 1 1 1 1 1 1 1 1 1 1 1 1 1 1 1 1 1 1 1 1 1 1 1 1 1 1 1 1 1 1 1 1 1 1 1 1 1 1 1 1 1 1 1 1 1 1 1 1 1 1 1 1 1 1 1 1 1 1 1 1 1 1 1 1 1 1 1 1 1 1 1 1 1 1 1 1 1 1 1 1 1 1 1 1 1 1 1 1 1 1 1 1 1 1 1 1 1 1 1 1 1 1 1 1 1 1 1 1 1 1 1 1 1 1 1 1 1 1 1 1 1 1 1 1 1 1 1 1 1 1 1 1 1 1 1 1 1 1 1 1 1 1 1 1 1 1 1 1 1 1 1 1 1 1 1 1 1 1 1 1 1 1 1 1 1 1 1 1 1 1 1 1 1 1 1 1 1 1 1 1 1 1 1 1 1 1 1 1 1 1 1 1 1 1 1 1 1 1 1 1 1 1 1 1 1 1 1 1 1 1 1 1 1 1 1 1 1 1 1 1 1 1 1 1 1 1 1 1 1 1 1 1 1 1 1 1 1 1 1 1 1 1 1 1 1 1 1 1 1 1 1 1 1 1 1 1 1 1 1 1 1 1 1 1 1 1 1 1 1 1 1 1 1 1 1 1 1 1 1 1 1 1 1 1 1 1 1 1 1 1 1 1 1 1 1 1 1 1 1 1 1 1 1 1 1 1 1 1 1 1 1 1 1 1 1 1 1 1 1 1 1 1 1 1 1 1 1 1 1 1 1 1 1 1 1 1 1 1 1 1 1 1 1 1 1 1 1 1 1 1 1 1 1 1 1 1 1 1 1 1 1 1 1 1 1 1 1 1 1 1 1 1 1 1 1 1 1 1 1 1 1 1 1 1 1 1 1 1 1 1 1 1 1 1 1 1 1 1 1 1 1 1 1 1 1 1 1 1 1 1 1 1 1 1 1 1 1 1 1 1 1 1 1 1 1 1 1 1 1 1 1 1 1 1 1 1 1 1 1 1 1 1 1 1 1 1 1 1 1 1 1 1 1 1 1 1 1 1 1 1 1 1 1 1 1 1 1 1 1 1 1 1 1 1 1 1 1 1 1 1 1 1 1 1 1 1 1 1 1 1 1 1 1 1 1 1 1 1 1 1 1 1 1 1 1 1 1 1 1 1 1 1 1 1 1 1 1 1 1 1 1 1 1 1 1 1 1 1 1 1 1 1 1 1 1 1 1 1 1 1 1 1 1 1 1 1 1 1 1 1 1 1 1 1 1 1 1 1 1 1 1 1 1 1 1 1 1 1 1 1 1 1 1 1 1 1 1 1 1 1 1 1 1 1 1 1 1 1 1 1 1 1 1 1 1 1 1 1 1 1 1 1 1 1 1 1 1 1 1 1 1 1 1 1 1 1 1 1 1 1 1 1 1 1 1 1 1 1 1 1 1 1 1 1 1 1 1 1 1 1 1 1 1 1 1 1 1 1 1 1 1 1 1 1 1 1 1 1 1 1 1 1 1 1 1 1 1 1 1 1 1 1 1 1 1 1 1 1 1 1 1 1 1 1 1 1 1 1 1 1 1 1 1 1 1 1 1 1 1 1 1 1 1 1 1 1 1 1 1 1 1 1 1 1 1 1 1 1 1 1 1 1 1 1 1 1 1 1 1 1 1 1 1 1 1 1 1 1 1 1 1 1 1 1 1 1 1 1 1 1 1 1 1 1 1 1 1 1 1 1 1 1 1 1 1 1 1 1 1 1 1 1 1 1 1 1 1 1 1 1 1 1 1 1 1 1 1 1 1 1 1 1 1 1 1 1 1 1 1 1 1 1 1 1 1 1 1 1 1 1 1 1 1 1 1 1 1 1 1 1 1 1 1 1 1 1 1 1 1 1 1 1 1 1 1 1 1 1 1 1 1 1 1 1 1 1 1 1 1 1 1 1 1 1 1 1 1 1 1 1 1 1 1 1 1 1 1 1 1 1 1 1 1 1 1 1 1 1 1 1 1 1 1 1 1 1 1 1 1 1 1 1 1 1 1 1 1 1 1 1 1 1 1 1 1 1 1 1 1 1 1 1 1 1 1 1 1 1 1 1 1 1 1 1 1 1 1 1 1 1 1 1 1 1 1 1 1 1 1 1 1 1 1 1 1 1 1 1 1 1 1 1 1 1 1 1 1 1 1 1 1 1 1 1 1 1 1 1 1 1 1 1 1 1 1 1 1 1 1 1 1 1 1 1 1 1 1 1 1 1 1 1 1 1 1 1 1 1 1 1 1 1 1 1 1 1 1 1 1 1 1 1 1 1 1 1 1 1 1 1 1 1 1 1 1 1 1 1 1 1 1 1 1 1 1 1 1 1 1 1 1 1 1 1 1 1 1 1 1 1 1 1 1 1 1 1 1 1 1 1 1 1 1 1 1 1 1 1 1 1 1 1 1 1 1 1 1 1 1 1 1 1 1 1 1 1 1 1 1 1 1 1 1 1 1 1 1 1 1 1 1 1 1 1 1 1 1 1 1 1 1 1 1 1 1 1 1 1 1 1 1 1 1 1 1 1 1 1 1 1 1 1 1 1 1 1 1 1 1 1 1 1 1 1 1 1 1 1 1 1 1 1 1 1 1 1 1 1 1 1 1 1 1 1 1 1 1 1 1 1 1 1 1 1 1 1 1 1 1 1 1 1 1 1 1 1 1 1 1 1 1 1 1 1 1 1 1 1 1 1 1 1 1 1 1 1 1 1 1 1 1 1 1 1 1 1 1 1 1 1 1 1 1 1 1 1 1 1 1 1 1 1 1 1 1 1 1 1 1 1 1 1 1 1 1 1 1 1 1 1 1 1 1 1 1 1 1 1 1 1 1 1 1 1 1 1 1 1 1 1 1 1 1 1 1 1 1 1 1 1 1 1 1 1 1 1 1 1 1 1 1 1 1 1 1 1 1 1 1 1 1 1 1 1 1 1 1 1 1 1 1 1 1 1 1 1 1 1 1 1 1 1 1 1 1 1 1 1 1 1 1 1 1 1 1 1 1 1 1 1 1 1 1 1 1 1 1 1 1 1 1 1 1 1 1 1 1 1 1 1 1 1 1 1 1 1 1 1 1 1 1 1 1 1 1 1 1 1 1 1 1 1 1 1 1 1 1 1 1 1 1 1 1 1 1 1 1 1 1 1 1 1 1 1 1 1 1 1 1 1 1 1 1 1 1 1 1 1 1 1 1 1 1 1 1 1 1 1 1 1 1 1 1 1 1 1 1 1 1 1 1 1 1 1 1 1 1 1 1 1 1 1 1 1 1 1 1 1 1 1 1 1 1 1 1 1 1 1 1 1 1 1 1 1 1 1 1 1 1 1 1 1 1 1 1 1 1 1 1 1 1 1 1 1 1 1 1 1 1 1 1 1 1 1 1 1 1 1 1 1 1 1 1 1 1 1 1 1 1 1 1 1 1 1 1 1 1 1 1 1 1 1 1 1 1 1 1 1 1 1 1 1 1 1 1 1 1 1 1 1 1 1 1 1 1 1 1 1 1 1 1 1 1 1 1 1 1 1 1 1 1 1 1 1 1 1 1 1 1 1 1 1 1 1 1 1 1 1 1 1 1 1 1 1 1 1 1 1 1 1 1 1 1 1 1 1 1 1 1 1 1 1 1 1 1 1 1 1 1 1 1 1 1 1 1 1 1 1 1 1 1 1 1 1 1 1 1 1 1 1 1 1 1 1 1 1 1 1 1 1 1 1 1 1 1 1 1 1 1 1 1 1 1 1 1 1 1 1 1 1 1 1 1 1 1 1 1 1 1 1 1 1 1 1 1 1 1 1 1 1 1 1 1 1 1 1 1 1 1 1 1 1 1 1 1 1 1 1 1 1 1 1 1 1 1 1 1 1 1 1 1 1 1 4 4 4 4 4 4 4 4 4 4 4 4 4 4 4 4 4 4 4 4 4 4 4 4 4 4 4 4 4 4 4 4 4 4 4 4 4 4 4 4 4 4 4 4 4 4 4 4 4 4 4 4 4 4 4 4 4 4 4 4 4 4 4 4 4 4 4 4 4 4 4 4 4 4 4 4 4 4 4 4 4 4 4 4 4 4 4 4 4 4 4 4 4 4 4 4 4 4 4 4 4 4 4 4 4 4 4 4 4 4 4 4 4 4 4 4 4 4 4 4 4 4 4 4 4 4 4 4 4 4 4 4 4 4 4 4 4 4 4 4 4 4 4 4 4 4 4 4 4 4 4 4 4 4 4 4 4 4 4 4 4 4 4 4 4 4 4 4 4 4 4 4 4 4 4 4 4 4 4 4 4 4 4 4 4 4 4 4 4 4 4 4 4 4 4 4 4 4 4 4 4 4 4 4 4 4 4 4 4 4 4 4 4 4 4 4 4 4 4 4 4 4 4 4 4 4 4 4 4 4 4 4 4 4 4 4 4 4 4 4 4 4 4 4 4 4 4 4 4 4 4 4 4 4 4 4 4 4 4 4 4 4 4 4 4 4 4 4 4 4 4 4 4 4 4 4 4 4 4 4 4 4 4 4 4 4 4 4 4 4 4 4 4 4 4 4 4 4 4 4 4 4 4 4 4 4 4 4 4 4 4 4 4 4 4 4 4 4 4 4 4 4 4 4 4 4 4 4 4 4 4 4 4 4 4 4 4 4 4 4 4 4 4 4 4 4 4 4 4 4 4 4 4 4 4 4 4 4 4 4 4 4 4 4 4 4 4 4 4 4 4 4 4 4 4 4 4 4 4 4 4 4 4 4 4 4 4 4 4 4 4 4 4 4 4 4 4 4 4 4 4 4 4 4 4 4 4 4 4 4 4 4 4 4 4 4 4 4 4 4 4 4 4 4 4 4 4 4 4 4 4 4 4 4 4 4 4 4 4 4 4 4 4 4 4 4 4 4 4 4 4 4 4 4 4 4 4 4 4 4 4 4 4 4 4 4 4 4 4 4 4 4 4 4 4 4 4 4 4 4 4 4 4 4 4 4 4 4 4 4 4 4 4 4 4 4 4 4 4 4 4 4 4 4 4 4 4 4 4 4 4 4 4 4 4 4 4 4 4 4 4 4 4 4 4 4 4 4 4 4 4 4 4 4 4 4 4 4 4 4 4 4 4 4 4 4 4 4 4 4 4 4 4 4 4 4 4 4 4 4 4 4 4 4 4 4 4 4 4 4 4 4 4 4 4 4 4 4 4 4 4 4 4 4 4 4 4 4 4 4 4 4 4 4 4 4 4 4 4 4 4 4 4 4 4 4 4 4 4 4 4 4 4 4 4 4 4 4 4 4 4 4 4 4 4 4 4 4 4 4 4 4 4 4 4 4 4 4 4 4 4 4 4 4 4 4 4 4 4 4 4 4 4 4 4 4 4 4 4 4 4 4 4 4 4 4 4 4 4 4 4 4 4 4 4 4 4 4 4 4 4 4 4 4 4 4 4 4 4 4 4 4 4 4 4 4 4 4 4 4 4 4 4 4 4 4 4 4 4 4 4 4 4 4 4 4 4 4 4 4 4 4 4 4 4 4 4 4 4 4 4 4 4 4 4 4 4 4 4 4 4 4 4 4 4 4 4 4 4 4 4 4 4 4 4 4 4 4 4 4 4 4 4 4 4 4 4 4 4 4 4 4 4 4 4 4 4 4 4 4 4 4 4 4 4 4 4 4 4 4 4 4 4 4 4 4 4 4 4 4 4 4 4 4 4 4 4 4 4 4 4 4 4 4 4 4 4 4 4 4 4 4 4 4 4 4 4 4 4 4 4 4 4 4 4 4 4 4 4 4 4 4 4 4 4 4 4 4 4 4 4 4 4 4 4 4 4 4 4 4 4 4 4 4 4 4 4 4 4 4 4 4 4 4 4 4 4 4 4 4 4 4 4 4 4 4 4 4 4 4 4 4 4 4 4 4 4 4 4 4 4 4 4 4 4 4 4 4 4 4 4 4 4 4 4 4 4 4 4 4 4 4 4 4 4 4 4 4 4 4 4 4 4 4 4 4 4 4 4 4 4 4 4 4 4 4 4 4 4 4 4 4 4 4 4 4 4 4 4 4 4 4 4 4 4 4 4 4 4 4 4 4 4 4 4 4 4 4 4 4 4 4 4 4 4 4 4 4 4 4 4 4 4 4 4 4 4 4 4 4 4 4 4 4 4 4 4 4 4 4 4 4 4 4 4 4 4 4 4 4 4 4 4 4 4 4 4 4 4 4 4 4 4 4 4 4 4 4 4 4 4 4 4 4 4 4 4
</DataArray>
</PointData>
</Piece>
</PolyData>
</VTKFile>
