<?xml version="1.0"?>
<VTKFile type="PolyData" version="0.1" byte_order="LittleEndian">
<PolyData>
<Piece NumberOfPoints="13259" NumberOfVerts="0" NumberOfLines="0" NumberOfStrips="0" NumberOfPolys="0">
<Points>
<DataArray type="Float32" NumberOfComponents="3" format="ascii">
313.655 293.317 20.892 459.887 206.797 17.831 250.893 166.987 18.460 405.355 281.157 18.399 429.420 195.841 18.516 127.034 423.581 15.981 307.414 177.578 22.096 69.791 459.082 19.786 449.430 493.686 18.545 231.960 476.631 14.930 100.937 349.831 15.759 293.260 72.854 16.357 341.437 12.191 19.172 327.182 196.599 22.001 144.906 34.009 14.293 495.735 494.796 18.891 295.764 136.804 20.678 467.569 129.122 19.100 471.719 409.963 17.892 391.386 373.297 20.535 489.107 390.656 20.187 364.459 248.718 17.937 474.868 245.841 14.894 9.183 149.246 16.202 385.822 494.351 18.062 292.029 119.013 19.912 99.454 198.338 15.588 17.606 380.744 20.530 126.907 392.845 17.541 0.236 459.490 18.088 381.525 466.310 18.543 178.390 296.612 20.989 474.888 321.485 15.219 418.090 232.269 19.408 285.992 114.812 19.072 469.639 178.550 16.276 449.918 463.577 19.037 10.570 401.680 20.044 381.964 349.431 18.677 471.633 296.233 16.725 43.622 429.962 22.804 31.300 66.109 19.531 60.568 404.438 21.786 184.491 385.318 17.123 233.517 464.619 15.027 169.169 23.706 12.112 440.894 235.638 18.684 499.852 332.312 15.996 192.664 310.810 20.688 254.241 12.181 13.891 22.530 452.441 18.943 129.140 249.074 17.544 466.126 363.252 19.204 55.348 49.296 17.760 318.694 212.978 20.107 262.995 487.224 16.093 106.825 19.059 15.601 430.255 446.477 19.305 29.502 380.560 20.487 450.951 95.806 19.805 72.599 279.342 16.035 364.538 497.753 19.172 92.090 14.018 15.946 89.062 303.590 15.206 157.328 287.002 21.493 130.270 481.199 15.631 126.678 388.610 17.988 31.207 215.884 18.403 320.183 480.269 17.851 212.193 220.471 18.605 120.609 173.319 16.433 181.869 22.778 12.206 342.679 466.818 18.798 204.854 43.127 11.203 273.253 397.535 19.347 341.457 168.729 20.708 54.682 119.948 17.664 323.547 274.002 20.392 298.690 77.523 15.159 194.248 178.121 18.447 279.159 379.720 21.866 32.332 314.620 16.471 460.269 273.141 16.655 237.174 394.012 19.031 251.827 221.151 17.032 416.683 124.083 19.961 378.024 215.430 19.941 357.667 297.273 19.079 121.555 11.745 14.762 2.513 426.708 20.991 431.229 44.015 19.387 495.286 145.128 16.679 274.961 333.022 19.306 358.411 408.179 22.228 273.853 450.064 18.562 12.695 178.256 15.395 5.109 322.749 15.590 413.173 102.953 18.954 254.986 64.471 12.096 169.030 417.071 17.036 463.658 465.773 19.074 19.128 296.197 15.693 494.449 22.175 20.751 355.898 246.643 17.583 208.523 71.274 12.883 31.555 476.551 20.768 480.317 214.551 17.119 19.616 498.277 18.976 431.038 7.160 17.115 12.279 48.674 20.463 468.416 213.764 16.473 473.959 202.105 15.917 328.081 481.103 17.634 198.540 459.733 15.421 12.172 249.915 14.953 157.155 47.068 13.261 38.916 290.403 15.795 89.629 53.671 17.407 407.040 268.199 19.191 99.746 256.573 16.657 0.918 58.469 20.403 439.538 379.651 19.298 468.916 442.288 18.810 381.673 137.185 21.358 137.938 422.417 16.472 342.735 476.731 18.769 332.554 333.138 20.745 364.130 319.323 19.953 20.654 254.698 14.664 420.838 298.486 18.917 211.444 131.339 16.483 489.200 154.322 15.524 143.472 79.740 15.474 21.022 375.436 21.087 430.928 77.074 20.616 222.991 302.295 19.013 7.936 4.613 20.432 334.870 423.153 20.975 234.427 299.549 18.250 153.875 274.099 21.003 76.722 494.449 17.896 236.487 275.103 17.593 312.992 305.294 21.211 110.285 452.574 17.698 195.772 94.982 15.321 233.876 329.948 18.469 186.540 99.747 15.189 398.131 16.935 18.452 6.377 238.412 14.554 182.416 202.033 19.276 111.008 209.740 17.125 6.461 370.307 19.621 297.212 337.076 19.789 468.917 262.826 15.793 234.169 17.531 12.659 131.883 173.089 17.912 21.354 27.956 21.384 359.722 85.863 20.012 170.766 190.211 18.581 400.326 160.663 20.397 479.979 256.987 15.386 378.295 84.742 19.770 274.816 143.291 19.710 411.154 422.002 20.097 25.350 133.256 17.373 257.640 226.199 17.868 19.324 302.627 15.265 209.497 397.234 17.468 7.709 466.997 18.388 319.757 40.782 15.686 167.127 173.877 17.971 357.979 207.834 19.181 332.015 376.516 23.690 10.247 475.559 18.474 55.627 274.919 15.839 97.959 379.118 17.048 220.406 352.339 18.056 363.886 137.296 20.767 116.853 83.802 17.040 122.432 112.398 18.365 262.451 12.661 14.412 101.455 30.718 15.745 288.701 499.684 16.082 444.990 334.824 17.023 413.719 356.232 17.838 269.210 338.565 19.297 34.452 7.214 20.197 354.453 380.525 22.776 277.997 195.485 19.841 293.173 1.111 13.918 323.685 285.352 20.225 101.238 273.158 15.797 176.316 129.214 16.582 321.057 151.150 20.887 188.156 416.892 16.875 212.341 61.812 12.620 26.344 58.427 19.753 201.194 440.209 15.903 347.161 333.535 20.283 405.707 242.851 17.561 397.244 113.170 20.528 284.415 470.232 18.403 480.916 48.191 20.555 246.638 113.439 15.170 6.072 0.644 20.397 335.838 406.391 22.516 286.600 308.349 20.216 205.279 191.170 19.548 7.474 235.468 15.763 65.734 364.772 17.531 411.396 6.743 17.766 7.628 434.319 20.210 408.898 259.961 17.238 438.555 440.935 19.065 250.073 450.555 16.726 133.881 415.273 15.985 332.983 280.897 19.569 122.623 409.623 16.388 127.133 196.243 16.924 309.659 332.346 20.767 451.519 299.448 16.362 498.500 214.139 16.379 115.962 130.315 17.419 138.688 5.459 13.361 425.994 130.006 20.964 450.466 188.800 17.455 104.437 382.760 17.600 54.531 226.008 17.679 471.765 424.996 18.834 252.823 184.864 20.385 6.132 441.440 19.185 411.199 340.628 18.787 252.654 412.904 17.315 106.167 158.937 18.183 288.575 328.750 19.380 37.287 275.439 15.704 223.222 5.183 13.068 249.429 404.866 18.057 129.771 6.380 14.295 221.962 123.609 15.746 282.637 232.323 18.464 400.106 351.076 19.301 231.375 261.677 15.989 16.858 226.968 15.983 284.657 215.984 18.541 356.670 293.597 18.707 18.456 343.014 15.971 482.459 13.015 20.107 263.174 17.280 14.459 172.520 15.891 11.609 84.162 0.674 16.236 304.563 1.805 15.180 292.402 202.972 20.173 337.415 304.585 19.269 223.048 481.973 15.230 439.960 47.797 20.252 292.097 334.296 20.051 95.396 29.120 15.435 298.222 345.179 20.070 8.058 168.674 15.945 114.622 196.117 16.919 254.841 266.319 16.348 217.895 173.690 19.424 335.080 142.700 20.758 110.113 13.402 15.524 420.642 252.361 17.704 473.546 269.840 15.949 8.473 232.989 16.467 117.230 357.059 16.491 131.551 458.626 16.512 274.791 250.541 18.233 91.464 441.551 18.536 185.744 364.728 17.500 36.610 393.399 21.561 131.378 291.846 17.625 93.005 311.059 15.406 264.504 111.923 15.872 114.057 70.270 16.484 115.120 380.529 16.388 476.473 248.135 15.310 386.968 40.006 20.207 462.348 352.493 18.945 309.557 202.518 20.782 151.512 335.251 18.336 63.260 180.347 18.897 289.358 267.894 19.528 143.100 156.060 17.288 431.184 64.874 19.943 192.259 113.178 17.362 144.017 197.756 17.488 377.889 489.059 17.929 466.255 482.078 17.611 203.786 137.718 17.258 88.364 471.796 17.458 307.767 456.435 17.611 37.020 12.593 21.738 228.862 231.689 18.344 439.817 453.388 17.562 487.947 488.592 17.972 165.156 355.142 18.469 249.854 369.064 20.275 459.768 118.957 19.475 190.197 0.418 13.118 475.658 273.766 15.648 73.509 94.685 18.895 25.636 2.362 20.341 382.471 29.683 18.915 347.081 357.604 21.339 383.610 71.489 19.632 123.591 476.718 16.554 203.708 233.409 18.903 79.604 309.848 15.724 389.220 348.638 19.034 258.815 102.566 14.718 1.819 340.010 16.202 67.835 392.686 20.909 225.714 322.012 19.271 380.224 173.959 20.945 204.609 341.653 18.841 131.879 394.022 16.616 220.075 415.978 17.810 430.758 5.641 17.924 149.731 52.759 12.983 302.469 197.156 20.644 420.277 227.887 20.383 425.666 297.289 16.884 356.404 66.193 18.989 374.601 408.252 22.615 55.015 404.700 21.903 119.259 41.501 15.283 241.717 316.154 18.085 259.009 111.176 15.636 220.303 338.478 19.929 3.252 65.545 19.571 161.228 80.451 14.463 15.866 459.417 20.083 228.864 101.680 14.263 313.781 458.525 18.096 88.559 350.720 16.401 46.187 161.045 17.060 52.320 293.306 16.564 355.904 4.114 19.455 251.813 494.289 15.638 419.038 302.547 18.411 211.245 256.803 18.098 3.548 17.854 21.193 462.802 215.166 16.391 319.024 446.688 19.374 92.409 398.428 18.688 44.709 280.352 15.980 338.744 441.714 20.349 71.195 423.772 19.980 211.663 111.438 15.812 286.215 369.848 22.532 193.177 102.506 16.329 122.243 296.633 17.065 191.036 290.259 20.621 37.205 166.643 16.786 235.597 256.702 15.639 296.084 325.722 19.953 381.462 329.420 18.735 316.450 190.389 21.537 460.735 52.962 20.571 192.862 327.204 18.485 205.927 495.150 12.292 289.279 375.497 22.459 183.894 275.205 21.407 301.942 468.987 17.583 141.883 328.928 18.739 392.872 453.709 20.866 42.699 47.982 17.781 189.763 157.313 17.493 313.686 113.176 20.708 314.876 386.686 23.390 215.228 67.287 12.630 240.752 303.949 17.777 360.551 369.578 20.941 264.578 162.345 19.101 150.311 6.314 12.590 388.080 99.606 19.923 290.448 218.186 19.877 233.503 13.140 14.072 433.584 108.892 19.149 253.530 100.949 12.820 267.225 238.404 18.006 302.581 217.871 19.074 130.807 79.024 16.705 91.389 131.289 18.116 221.827 30.279 12.652 208.896 388.034 16.921 379.095 281.607 19.189 281.566 82.785 13.946 59.766 476.203 18.842 159.387 189.481 17.506 371.602 203.287 20.057 308.051 6.839 15.480 129.007 257.770 19.919 257.110 286.385 18.559 346.661 488.984 18.631 442.607 469.601 17.888 310.085 412.688 21.985 375.896 160.784 21.062 256.719 328.157 18.577 440.647 488.433 17.753 431.307 238.472 17.628 277.414 64.058 14.463 42.865 166.461 16.784 225.895 107.882 14.775 209.997 484.445 13.523 33.381 101.474 18.960 306.768 128.534 20.317 402.327 267.995 18.138 363.713 407.477 22.635 444.075 228.054 17.305 478.936 301.516 15.948 449.600 343.942 19.117 486.402 223.042 16.380 454.924 269.326 16.888 73.160 464.006 19.150 15.280 481.151 19.335 360.367 445.166 20.946 439.613 286.612 17.074 447.388 75.845 20.649 222.351 293.077 18.633 63.912 17.091 17.124 290.616 470.188 18.503 478.068 183.078 17.129 30.626 143.773 17.240 28.716 304.355 16.058 433.706 273.636 16.826 230.559 214.601 19.156 306.570 196.482 21.307 245.671 481.722 16.138 145.864 272.978 21.096 9.674 124.622 18.305 193.256 87.070 14.180 113.289 435.889 17.853 51.298 315.532 16.398 486.819 58.977 20.983 304.069 260.293 19.795 102.804 130.787 18.610 495.761 200.872 16.499 322.367 498.221 19.016 76.412 30.232 16.107 12.211 380.170 20.817 9.735 447.690 19.321 159.863 155.182 17.046 381.860 161.208 21.146 461.500 305.537 16.622 210.397 137.985 16.111 205.860 24.029 11.796 499.958 120.462 19.532 262.844 460.176 18.599 324.621 351.903 21.040 480.978 21.514 20.546 144.675 381.072 17.434 195.418 296.961 19.150 66.459 493.725 18.779 262.449 332.985 18.734 130.282 92.091 15.871 436.405 373.049 20.624 137.344 362.564 17.072 309.458 118.007 21.514 499.463 248.004 13.902 70.198 148.195 17.642 219.219 132.623 16.112 204.237 386.175 17.944 499.748 11.149 20.473 202.462 244.113 19.258 10.002 111.919 18.248 4.351 150.320 15.364 270.978 269.678 17.267 397.699 404.408 22.879 4.590 7.674 20.361 108.296 113.313 18.714 406.555 207.892 20.809 402.402 391.822 22.746 257.577 498.613 13.899 326.464 29.295 17.096 168.830 242.533 20.423 180.627 303.843 20.294 259.509 208.014 18.501 486.314 202.997 16.652 203.822 375.758 18.777 46.087 17.898 20.753 167.557 305.075 20.154 457.495 249.409 15.898 90.522 23.493 15.063 437.706 470.542 18.668 32.783 280.785 15.580 287.234 91.929 15.361 303.653 0.241 15.069 14.013 203.511 16.701 51.615 377.658 20.017 328.683 72.067 18.421 111.861 128.047 18.346 11.702 332.493 15.484 238.099 239.132 17.014 199.467 186.478 19.194 74.675 250.491 15.659 281.228 309.105 20.535 96.702 107.046 18.169 424.043 100.892 19.696 313.457 482.312 17.158 321.351 303.828 19.898 121.684 46.875 15.566 228.929 183.950 20.410 159.918 91.085 15.767 16.603 493.195 19.756 150.700 208.654 17.628 167.159 499.617 12.842 205.550 114.279 16.312 332.615 325.057 20.079 373.941 415.833 21.739 116.153 179.242 17.274 379.987 191.067 19.375 335.347 410.679 21.977 88.830 160.643 18.960 6.645 107.251 18.607 366.215 154.829 20.125 241.077 160.365 17.580 339.303 242.656 17.654 19.538 130.911 18.104 440.465 404.903 19.409 283.869 69.361 15.597 245.291 252.118 15.244 193.331 60.355 12.687 123.108 342.040 16.109 410.015 201.332 21.662 160.597 135.414 18.731 174.023 80.749 14.131 88.427 363.623 15.525 203.487 48.096 11.561 292.722 57.728 15.251 172.754 435.658 17.289 499.622 95.859 18.779 310.300 24.288 15.124 409.998 440.720 20.688 109.014 478.423 16.120 293.395 1.647 14.440 223.903 203.662 18.969 179.368 194.971 18.636 41.420 445.156 21.333 179.575 59.649 12.466 218.622 403.825 17.117 231.018 107.308 13.731 436.097 326.468 17.342 416.672 42.061 19.106 159.263 394.414 17.643 408.505 419.368 21.745 248.285 293.565 18.020 265.040 30.906 13.211 128.192 93.736 17.176 484.699 59.316 20.674 398.113 213.186 20.474 401.542 60.357 18.788 379.283 313.702 17.573 381.956 76.449 19.168 137.325 267.652 18.762 0.239 202.519 16.704 33.080 125.921 17.805 300.894 277.918 21.476 484.682 53.967 20.395 129.628 60.382 15.711 274.425 34.574 15.458 136.511 436.267 16.541 295.773 458.280 18.516 179.580 314.914 19.355 358.744 269.670 20.355 265.928 452.947 19.059 306.518 35.042 15.386 290.104 64.609 16.456 428.643 394.188 20.096 37.875 489.122 19.500 447.510 267.848 17.547 483.963 65.332 20.531 404.952 399.565 22.338 297.545 398.742 22.639 286.472 168.007 21.665 463.022 93.724 20.007 3.888 446.772 18.628 482.272 190.619 16.827 281.816 499.577 15.329 205.295 298.176 18.479 119.150 4.672 15.598 54.442 204.271 17.059 485.566 248.136 16.037 27.194 29.264 19.796 429.140 88.921 19.488 193.352 1.173 12.592 317.443 36.793 15.477 192.677 170.029 17.556 138.579 344.447 17.655 300.840 101.571 18.984 400.400 433.519 21.384 338.647 459.507 21.017 183.494 247.159 20.594 23.947 465.187 19.429 197.798 30.496 12.783 220.635 463.200 16.092 342.101 332.998 19.653 181.770 4.932 13.069 4.658 64.860 20.096 469.551 191.018 16.770 268.524 417.743 18.810 240.395 308.609 18.144 257.978 426.204 17.890 59.057 89.360 18.584 220.849 298.432 18.055 445.854 452.301 18.690 6.903 143.067 17.027 389.021 77.146 20.313 256.827 215.382 17.576 103.756 94.831 17.539 204.907 198.264 20.206 28.860 84.909 19.813 66.999 107.094 18.572 398.535 87.857 19.337 39.124 209.533 16.548 41.554 498.678 20.084 198.740 480.020 14.260 402.209 219.178 19.872 425.853 16.966 17.817 176.747 203.762 19.373 137.076 90.270 16.071 89.888 385.176 16.952 220.467 24.531 12.432 81.121 47.898 15.687 429.433 429.673 19.208 201.088 293.591 19.256 481.698 238.086 15.903 148.963 99.497 17.113 344.530 325.751 20.503 30.769 72.320 18.167 398.314 406.265 22.788 349.336 224.817 19.642 218.400 183.267 19.918 235.092 444.998 16.261 228.755 89.244 12.256 427.347 404.711 20.240 47.880 431.884 21.809 490.520 399.768 20.311 355.020 440.657 19.566 174.344 291.534 20.999 486.483 309.421 15.029 488.391 89.154 21.047 65.883 368.634 17.969 180.836 339.390 17.770 94.451 245.881 16.684 496.716 124.236 19.170 449.510 404.066 18.202 317.497 53.788 16.757 253.475 469.530 17.479 303.313 21.867 15.406 26.347 327.369 15.980 226.373 338.822 19.117 329.505 108.128 21.496 296.584 291.745 20.046 418.348 399.341 20.787 202.880 64.659 12.758 338.661 338.824 19.936 211.676 5.893 12.095 340.034 131.367 21.593 42.927 152.721 17.989 63.203 281.011 15.674 132.893 356.875 17.485 155.956 421.367 17.130 191.625 7.469 11.966 351.646 81.806 21.383 84.246 498.914 16.621 62.476 385.067 20.208 233.722 218.039 19.585 282.299 357.676 21.406 469.609 105.575 19.885 334.459 452.456 20.155 476.430 5.962 18.543 65.296 293.422 17.230 352.882 260.480 19.267 138.304 125.498 17.559 91.416 400.141 18.766 135.334 404.078 17.170 18.912 368.096 20.421 446.644 413.775 19.188 201.715 71.475 12.855 201.409 177.664 18.893 170.859 319.666 19.004 343.243 102.173 21.201 80.294 120.201 18.152 216.365 435.323 15.931 388.527 196.129 19.983 40.513 71.293 19.295 331.779 350.815 21.611 300.342 459.947 19.017 180.077 435.051 17.609 166.330 215.655 19.022 387.235 290.644 19.724 395.359 254.780 18.580 92.266 237.366 17.868 335.448 333.799 19.196 63.464 5.887 17.277 282.978 148.991 20.690 8.254 60.730 19.822 299.040 238.699 18.747 478.499 16.575 21.240 254.519 47.677 13.404 22.186 411.519 21.489 109.989 214.592 18.064 77.239 346.980 16.747 315.471 361.584 22.983 236.632 155.351 16.604 478.744 280.734 15.598 167.429 50.576 13.071 250.087 322.520 18.672 16.417 230.394 16.605 372.105 104.881 20.222 470.685 357.423 18.534 401.014 172.427 21.086 132.170 28.772 14.741 233.356 247.748 16.459 488.094 95.167 18.997 8.170 463.808 18.863 246.380 123.700 15.908 17.374 208.296 16.583 111.259 94.096 17.921 229.126 83.828 12.751 20.724 470.572 18.930 136.621 53.264 14.602 306.417 107.694 19.829 42.956 192.685 17.710 162.382 351.473 19.045 342.573 250.368 18.062 24.433 97.877 18.684 81.106 220.531 17.277 461.257 4.310 18.750 384.808 96.961 19.571 490.546 184.116 16.109 368.616 447.966 20.577 307.017 232.066 18.649 438.377 179.407 19.092 314.659 52.956 16.535 153.296 489.131 12.436 168.153 375.502 16.958 102.884 15.821 15.442 34.501 33.070 20.322 81.347 411.320 20.321 196.742 339.969 17.668 440.737 376.779 19.379 418.124 11.379 19.306 281.126 65.535 14.867 481.954 152.163 16.642 185.902 31.265 13.391 372.297 344.982 18.439 437.418 297.532 17.096 192.673 480.700 14.079 170.760 176.876 18.141 301.962 112.799 20.363 337.076 18.128 20.246 20.510 385.967 20.988 435.094 48.295 20.053 487.500 71.787 20.644 415.987 386.061 21.792 168.800 412.203 15.803 447.294 90.082 20.096 337.062 59.652 17.567 195.271 167.082 18.931 432.638 72.785 18.550 174.301 72.661 14.335 347.612 82.943 19.360 271.003 172.234 20.806 271.595 185.109 20.802 400.281 244.133 16.108 298.238 81.154 16.818 213.975 417.643 18.047 370.147 364.144 19.165 358.633 149.255 20.509 274.749 155.488 20.701 84.372 463.399 18.275 94.650 313.687 16.085 33.356 389.025 20.694 196.139 131.647 16.327 204.277 469.609 14.865 43.076 33.984 18.311 198.253 100.672 13.597 487.160 331.431 17.042 415.022 427.730 20.168 354.899 251.906 18.609 255.485 62.222 13.342 340.663 497.851 19.394 175.330 115.537 17.748 46.001 100.982 18.947 311.107 172.982 22.136 265.693 493.650 16.452 171.883 276.168 20.702 445.309 357.253 19.154 450.525 450.151 18.311 77.940 261.134 17.190 227.071 314.904 19.158 384.626 246.539 18.063 110.173 133.583 17.450 268.232 369.189 20.657 255.048 191.229 20.645 52.338 53.118 17.910 146.395 0.504 13.482 464.536 207.722 16.803 85.069 367.066 16.195 250.707 442.077 17.905 275.509 464.040 19.514 175.996 475.017 14.595 200.358 23.794 12.269 228.693 447.109 16.337 414.677 3.283 17.578 385.630 476.233 18.260 42.157 109.368 17.490 403.806 277.025 19.197 419.997 24.354 19.730 11.794 487.960 20.503 258.778 290.641 19.196 192.986 369.007 15.790 360.648 250.976 18.428 357.590 117.997 20.915 399.472 298.993 19.270 147.277 333.499 18.302 294.284 4.942 15.601 113.491 184.427 16.771 392.340 31.333 19.559 285.261 462.284 18.375 471.753 339.716 16.381 385.021 286.631 18.700 227.532 364.873 19.044 278.919 207.677 18.175 23.418 48.680 20.130 194.085 423.780 17.005 304.365 417.806 20.351 436.079 397.802 19.511 374.551 326.655 19.186 492.232 480.639 19.598 331.879 55.235 18.881 251.947 232.553 17.368 22.711 6.855 19.657 234.618 357.768 19.439 170.147 355.556 18.193 454.235 101.228 19.323 240.038 353.816 19.988 178.182 106.521 16.971 462.049 76.089 19.969 346.564 251.246 18.076 444.855 369.123 18.980 435.963 77.652 19.599 404.630 89.480 19.196 271.031 65.001 14.574 219.282 213.342 18.529 344.255 53.202 17.698 186.126 375.005 18.101 485.081 254.829 15.192 8.416 424.226 22.108 481.224 249.354 15.429 432.303 227.708 18.555 313.976 321.007 20.273 234.525 78.007 11.832 194.605 107.362 15.233 376.596 11.798 19.508 420.304 79.325 19.101 316.311 475.652 17.991 297.663 191.739 21.285 36.260 212.918 17.605 327.712 207.354 21.099 341.244 285.897 20.157 102.809 339.091 16.191 3.831 207.300 16.375 200.294 65.249 12.361 277.267 184.410 20.161 390.559 201.979 20.476 38.498 482.565 19.422 249.574 239.007 16.188 133.557 35.555 14.106 242.829 426.614 18.051 328.110 79.035 18.382 44.256 4.182 18.964 194.567 321.805 18.969 287.816 475.269 19.218 341.784 22.948 20.032 363.828 445.952 20.613 223.311 172.542 19.152 321.961 452.478 20.023 4.562 94.641 18.489 124.273 470.991 17.711 56.836 338.400 16.836 83.849 225.489 17.108 193.905 375.647 16.302 58.790 206.939 17.652 455.243 333.092 17.769 497.500 459.780 18.694 478.450 134.998 17.645 322.058 489.999 17.387 91.164 260.242 16.910 191.579 410.823 16.918 459.770 293.070 16.914 438.630 393.921 19.321 114.901 23.010 15.042 365.853 243.166 18.220 79.603 405.964 20.083 305.928 102.148 20.145 130.170 207.870 17.954 243.068 194.920 20.077 38.514 398.731 21.997 483.848 136.409 18.403 378.726 117.270 20.693 105.593 138.198 18.049 72.226 342.938 15.584 220.382 474.885 14.870 78.499 368.934 16.680 111.391 314.706 15.871 45.830 224.201 17.434 229.570 167.014 18.893 156.210 4.339 12.757 415.743 131.245 21.447 311.157 214.229 19.346 410.236 286.003 18.677 166.630 154.939 17.519 366.815 239.023 18.585 228.635 297.655 18.509 1.927 219.554 15.817 146.141 292.641 18.874 104.208 225.356 16.908 481.138 310.833 15.993 485.423 18.919 20.992 100.752 40.404 17.336 209.774 90.088 14.529 392.954 352.070 19.105 339.484 347.303 21.739 47.894 70.845 18.599 384.677 211.272 19.534 1.949 475.338 19.503 424.914 55.641 19.191 360.995 158.435 20.887 341.421 214.178 19.396 364.624 227.354 18.716 453.976 77.493 20.466 92.292 273.295 16.206 165.319 310.749 19.491 7.596 219.374 15.250 454.129 232.260 16.388 48.594 191.903 17.874 265.709 64.653 13.654 73.501 154.644 18.082 286.799 380.556 22.809 391.685 155.123 20.459 221.905 89.451 13.074 12.911 314.674 15.267 8.751 339.492 16.611 329.974 251.074 19.176 58.433 450.774 21.037 238.501 141.217 16.690 85.451 23.822 16.310 490.675 279.903 14.771 386.988 62.710 19.637 447.129 48.321 20.858 360.885 392.782 23.124 373.530 312.667 18.790 252.897 89.940 12.667 218.738 243.103 18.706 344.869 207.351 20.641 320.793 209.216 20.651 349.536 90.514 21.138 451.576 256.572 17.533 406.095 63.302 18.851 479.270 220.917 15.391 324.543 96.415 20.568 438.357 498.054 18.728 404.770 431.616 21.030 494.219 226.969 16.612 392.110 136.003 21.531 454.294 42.743 19.324 269.368 446.470 18.025 260.016 147.587 18.624 88.657 7.245 16.735 299.976 260.885 20.345 323.714 372.139 23.777 81.787 102.052 18.716 465.661 316.785 17.003 32.510 53.099 19.905 85.405 452.388 19.709 468.858 386.404 19.341 346.201 190.912 21.426 278.278 161.078 20.756 225.186 493.746 14.034 406.718 288.852 18.241 375.918 481.177 18.654 446.793 190.197 17.844 209.445 53.690 11.485 319.457 400.505 23.529 355.669 373.360 21.777 328.512 476.674 17.571 9.421 316.622 16.322 301.782 350.934 20.087 139.013 279.901 19.599 278.633 255.742 17.548 312.995 274.023 21.299 329.836 272.140 20.461 135.501 185.529 15.906 18.685 440.784 19.451 58.735 421.468 22.344 50.980 305.055 16.169 72.329 139.419 18.880 151.509 388.291 16.838 427.780 237.189 18.121 205.608 367.888 17.321 294.730 55.339 16.122 412.422 154.452 20.289 48.007 295.955 15.723 493.587 261.393 14.454 338.071 54.940 18.325 18.251 81.445 18.777 157.634 457.783 16.419 206.591 256.028 17.763 4.679 289.328 14.755 172.303 101.721 16.575 270.598 459.031 18.910 417.092 194.988 20.146 121.624 284.149 17.051 411.721 290.208 17.942 343.413 113.180 21.678 423.712 165.126 20.920 18.263 416.356 21.125 69.840 327.038 16.635 2.047 398.672 20.578 227.140 451.266 16.331 365.139 463.697 19.707 477.830 386.695 20.318 401.966 254.734 17.378 348.319 262.087 19.094 259.680 219.816 17.807 122.195 199.532 17.073 29.249 3.529 20.449 415.626 143.591 20.478 214.811 106.302 16.300 473.532 304.064 16.439 395.879 82.978 18.746 341.001 386.632 23.360 382.891 61.174 18.311 359.875 334.774 18.913 219.628 208.361 19.400 289.520 30.727 14.726 6.698 238.629 15.755 204.131 410.768 17.850 415.898 119.478 20.451 127.253 308.648 17.827 127.064 429.055 17.453 5.496 191.390 16.315 130.477 363.098 17.311 255.140 345.378 20.532 47.671 222.313 17.718 496.827 304.001 15.535 264.799 136.028 18.275 377.285 499.326 18.741 108.438 424.945 17.492 397.587 270.302 17.896 414.199 297.002 17.237 440.196 260.688 16.829 160.354 39.453 12.592 306.929 192.313 22.445 349.534 310.097 20.085 475.715 357.751 19.168 185.575 436.272 16.275 136.180 119.047 16.731 336.038 318.850 20.598 432.421 95.840 19.191 424.683 476.503 18.320 157.831 179.885 16.863 320.574 226.091 19.058 7.165 262.016 14.181 267.342 379.976 21.119 351.517 77.815 19.022 325.505 69.731 18.048 98.759 76.487 15.755 346.951 403.241 22.456 31.956 220.632 16.566 385.542 487.578 17.458 213.352 248.919 17.328 441.544 209.028 18.946 361.354 219.193 19.304 206.136 382.355 17.907 466.663 281.116 16.285 172.490 5.632 12.454 276.579 201.899 19.383 383.480 293.724 19.527 353.207 345.342 19.495 116.417 34.385 15.611 311.213 189.760 22.381 120.757 481.051 15.304 247.287 407.981 17.940 404.430 422.689 21.598 468.180 488.869 18.412 342.956 263.034 17.805 98.146 394.539 18.670 161.292 173.561 17.304 3.560 52.949 20.228 332.754 362.699 22.957 97.050 341.516 16.801 9.612 470.199 19.087 9.718 183.991 16.530 70.809 159.732 18.093 211.823 212.498 18.929 81.307 203.458 16.158 376.422 493.499 19.226 447.519 278.850 16.797 311.358 180.730 22.042 225.214 458.299 15.984 221.906 493.268 13.775 234.429 89.960 12.935 119.732 78.656 16.986 319.938 335.960 20.932 1.963 253.813 14.757 291.202 385.560 22.864 334.374 47.395 17.865 116.405 476.665 16.975 203.661 361.969 16.078 277.337 247.066 18.351 240.647 24.618 11.004 239.777 398.360 18.427 205.405 305.081 19.457 2.816 438.255 19.325 69.299 36.319 16.294 455.068 410.713 17.763 78.048 106.308 17.947 259.793 277.528 17.054 31.738 190.038 17.499 106.376 292.214 16.012 49.196 41.215 17.805 444.655 294.770 18.381 192.601 40.840 11.375 216.512 125.338 17.627 195.722 147.085 16.996 138.866 46.850 13.531 133.457 249.500 19.907 381.219 231.057 19.532 106.873 90.716 17.662 476.547 59.399 20.680 234.884 387.104 18.508 134.097 463.322 18.382 138.357 248.792 20.035 92.890 184.942 16.064 361.278 148.850 20.678 54.736 489.968 18.668 370.078 23.054 19.897 7.527 309.358 15.138 405.168 124.675 20.362 362.711 362.636 20.631 386.596 327.498 19.448 174.684 254.530 20.549 255.461 261.664 16.291 308.255 243.490 18.527 109.358 287.450 17.215 80.403 29.393 15.430 357.041 351.684 18.956 143.289 482.034 14.985 189.224 261.928 20.504 178.142 452.496 15.160 427.237 226.320 20.084 115.874 108.508 16.689 29.377 284.229 14.824 113.898 391.909 17.944 488.969 442.822 18.465 169.235 154.353 17.862 396.548 438.517 20.680 83.986 212.751 16.966 7.117 149.406 15.873 177.307 178.886 17.956 451.426 1.658 17.919 424.252 268.280 17.681 213.345 319.571 19.144 287.994 36.435 15.682 259.100 304.395 20.168 462.606 35.798 19.653 247.594 304.367 18.970 68.213 5.918 18.463 34.660 118.524 18.032 307.894 78.031 16.811 358.222 15.804 19.844 444.886 118.844 19.200 406.155 335.061 18.609 197.178 266.682 19.973 463.292 439.987 18.823 129.086 227.178 17.661 487.215 382.740 21.064 93.355 290.826 15.721 408.161 68.879 19.606 123.963 294.510 17.139 117.243 363.297 16.450 245.694 120.210 16.182 241.849 254.444 16.034 469.269 417.687 18.410 38.643 64.605 19.867 383.600 191.297 20.398 246.171 196.465 17.842 402.785 380.583 21.409 180.472 54.261 12.138 23.161 98.381 18.710 221.751 115.074 15.503 388.829 297.349 19.319 267.399 214.746 17.962 492.970 327.948 17.023 343.437 430.381 21.237 179.368 18.202 12.122 275.070 274.078 18.038 298.282 369.113 22.458 467.248 492.844 18.067 51.325 220.858 17.644 397.505 105.504 19.932 423.523 183.563 19.706 470.480 244.231 15.181 20.237 279.445 14.490 39.094 471.162 19.603 445.559 178.835 17.759 387.478 137.309 21.087 367.468 424.074 21.738 34.275 0.508 20.106 472.816 384.608 19.279 389.537 256.798 18.578 316.003 71.832 18.354 235.123 291.294 17.943 434.417 286.827 18.199 109.333 178.411 17.124 17.355 334.220 16.151 205.862 240.003 19.189 270.915 29.994 15.558 141.792 144.327 16.711 240.272 183.849 19.693 66.699 423.219 20.938 241.881 148.796 16.553 276.908 112.945 16.408 361.324 126.330 21.160 247.736 267.955 16.885 82.714 435.162 18.512 154.920 304.308 20.376 221.988 101.244 16.017 130.249 469.956 16.252 90.119 481.874 17.678 343.978 467.572 19.419 275.642 338.584 20.460 74.611 23.417 17.608 5.051 37.037 22.063 189.061 10.283 13.655 292.450 320.482 19.380 312.270 487.616 15.790 425.579 369.710 18.855 300.260 267.540 20.775 3.432 173.598 15.407 493.940 475.003 18.746 364.364 368.108 21.399 217.749 100.683 15.089 333.896 79.832 19.525 55.171 451.752 20.967 363.892 107.108 20.847 296.597 424.133 19.285 2.340 492.915 19.996 46.946 197.889 16.196 75.307 326.223 15.308 237.762 57.915 11.441 265.010 351.806 20.558 265.841 277.183 17.044 316.522 499.925 17.259 70.797 274.289 16.261 378.368 22.581 19.675 310.539 476.040 18.335 428.517 339.966 17.487 444.937 58.840 20.036 461.805 384.422 19.168 402.414 65.581 17.914 186.060 138.286 16.737 130.053 282.642 17.994 371.556 488.976 19.246 361.013 96.074 20.729 191.697 233.205 20.732 360.699 464.037 19.052 57.998 142.434 16.116 267.828 226.690 17.573 101.855 34.629 15.731 379.269 416.243 22.109 86.886 119.894 17.924 91.415 417.410 19.585 117.880 399.406 17.199 211.277 369.624 18.490 141.752 451.264 17.206 129.034 272.355 19.261 108.163 4.917 15.560 186.917 208.502 19.411 491.789 493.978 19.781 301.827 290.163 20.365 151.317 51.748 14.013 282.358 48.712 16.822 382.496 45.469 19.656 207.481 153.576 18.015 79.758 474.018 16.796 100.085 173.356 16.725 497.383 423.200 19.402 296.601 477.826 17.367 7.449 90.419 19.341 407.563 236.639 18.883 258.536 5.574 14.560 17.983 355.306 17.843 295.687 101.375 16.644 136.055 83.373 15.805 5.926 489.140 19.550 483.263 111.739 19.421 258.798 135.787 17.446 197.568 304.140 19.615 311.095 249.361 19.508 496.768 118.394 18.523 308.390 16.793 14.277 450.454 476.475 19.116 45.037 227.838 17.391 12.775 108.434 19.131 172.538 45.266 12.835 23.802 261.547 14.641 414.305 416.842 20.794 498.737 191.157 17.008 404.034 154.645 21.472 14.270 290.112 15.834 332.701 135.184 22.216 171.146 405.150 17.180 206.969 288.138 18.936 339.344 88.287 19.837 8.660 294.102 14.914 319.409 374.537 23.558 11.849 71.324 20.095 211.944 147.862 16.637 169.610 251.792 20.728 254.559 333.520 18.812 114.155 302.674 15.655 315.973 228.920 18.756 422.146 309.362 18.028 270.426 195.868 19.229 55.198 214.920 17.386 114.399 160.733 17.779 277.165 220.209 17.826 274.680 81.227 13.329 152.042 190.469 17.391 339.372 416.018 21.593 499.884 190.165 16.447 482.562 417.454 18.658 91.217 213.223 16.603 397.928 117.962 20.202 392.261 220.163 19.463 86.675 173.498 17.340 432.002 488.298 18.547 6.668 46.167 20.631 289.675 290.929 19.915 26.349 254.809 15.406 448.554 6.262 17.620 173.327 364.310 17.706 104.886 292.301 16.159 211.041 159.320 18.033 61.341 499.328 18.272 240.655 173.216 19.778 91.126 499.759 16.750 419.310 101.088 19.792 130.395 445.544 17.677 460.335 401.061 17.342 0.386 453.616 18.062 67.950 307.504 16.738 309.818 499.046 16.214 300.110 73.099 16.114 4.254 494.645 19.861 240.888 480.181 14.925 473.158 162.000 17.086 478.498 101.868 19.969 10.668 494.306 19.868 437.419 413.796 19.678 46.955 149.095 17.516 151.966 499.644 13.260 168.712 42.643 12.372 401.066 196.464 21.152 113.036 78.481 17.089 86.468 490.066 16.124 120.780 303.588 17.553 195.724 189.300 19.749 213.190 356.796 17.830 91.945 70.527 16.146 377.187 106.482 20.499 181.975 238.835 21.276 419.120 148.902 19.316 3.318 220.294 15.927 131.936 488.478 15.759 16.234 350.935 16.603 335.855 107.119 21.180 223.363 410.724 18.818 499.232 271.995 14.489 282.295 418.497 19.004 467.282 369.720 18.844 30.876 439.999 20.103 326.363 124.262 21.482 136.249 475.730 16.123 150.749 113.063 17.826 73.941 285.992 16.752 92.105 452.312 18.172 374.078 89.035 20.223 391.851 307.404 19.044 478.269 65.918 21.420 155.883 340.791 18.907 149.650 57.275 14.109 297.580 59.363 15.996 11.640 323.872 15.030 38.588 465.047 20.353 288.647 446.796 18.070 2.031 207.496 17.495 366.311 72.602 19.176 237.918 225.557 17.474 249.431 65.785 11.294 239.112 28.727 12.624 31.189 107.286 18.998 350.026 6.244 18.983 432.539 11.880 17.540 293.288 147.062 21.594 392.061 213.983 19.791 297.626 155.284 21.178 61.731 416.826 20.769 328.692 262.465 18.106 483.964 411.609 19.233 306.575 479.492 17.558 390.700 118.294 21.219 114.716 212.081 17.298 292.673 390.738 22.646 94.410 446.624 17.526 134.242 107.746 17.145 245.366 457.641 16.919 472.455 114.207 20.039 320.767 232.767 18.657 51.351 200.234 17.280 250.114 332.542 19.241 53.201 499.121 19.028 382.559 115.329 19.667 481.618 262.892 14.859 448.774 410.497 18.402 293.692 142.453 20.897 402.801 335.207 19.971 312.609 90.338 17.790 73.202 383.476 19.195 73.427 295.711 16.594 35.539 106.394 18.036 400.027 237.467 18.373 97.842 2.610 15.407 274.909 166.542 21.813 149.258 373.531 17.622 276.058 446.414 19.594 440.601 3.096 18.417 481.311 95.578 20.182 499.303 18.477 21.298 210.524 315.498 18.737 205.735 173.113 19.082 358.591 403.819 22.028 334.360 201.182 21.348 190.258 297.317 20.634 34.138 255.353 15.082 327.044 174.273 21.612 189.320 476.635 13.579 66.273 83.119 19.231 127.184 22.784 13.695 106.260 41.784 15.436 446.382 392.857 18.011 65.848 115.891 18.910 471.381 194.203 16.327 24.858 406.266 22.056 254.324 195.552 18.953 164.510 130.238 17.558 143.182 54.064 14.853 399.393 375.676 21.612 85.530 475.405 17.131 217.022 368.931 19.216 131.711 130.298 17.635 234.924 52.620 12.954 140.167 488.549 14.626 359.444 274.642 20.158 433.631 368.628 19.499 139.373 17.688 14.373 497.162 326.739 15.901 493.474 130.661 19.118 226.218 189.891 18.495 57.353 147.721 17.958 225.124 96.999 13.963 195.003 487.243 12.180 347.205 405.816 22.743 162.886 18.585 11.777 469.874 446.580 18.677 398.387 239.460 18.499 257.038 179.365 20.572 211.957 446.725 15.654 184.122 191.400 18.622 254.348 360.997 20.346 20.642 113.490 18.234 229.476 161.916 18.271 468.765 287.737 15.959 455.633 17.644 17.749 414.358 166.938 20.860 373.993 446.679 19.991 88.173 327.569 15.271 316.782 249.303 18.919 399.230 331.039 19.485 236.334 494.500 14.805 399.539 137.969 21.131 88.102 346.915 14.969 439.961 167.966 18.600 454.519 285.622 16.277 243.037 296.834 17.673 486.901 497.829 19.357 228.430 59.395 12.401 407.065 139.952 21.260 140.474 267.810 19.609 334.641 89.803 18.975 14.079 405.746 20.223 412.639 97.137 19.986 292.689 35.846 15.060 477.979 208.228 16.667 188.801 143.022 16.799 386.344 341.741 18.472 245.036 4.522 13.189 478.916 361.764 19.590 152.710 392.937 18.208 490.007 268.201 16.007 371.245 499.955 19.308 253.822 439.616 16.975 346.886 23.255 20.030 313.992 266.956 21.536 152.789 442.260 16.727 400.124 464.100 17.972 402.272 355.948 18.372 453.481 327.127 17.677 9.730 376.721 20.255 236.920 1.287 13.445 103.666 23.566 16.102 447.302 220.301 17.591 422.161 59.478 20.569 314.851 232.691 18.087 389.000 35.205 20.271 157.686 143.878 17.427 28.716 347.004 18.653 409.228 315.507 18.752 60.508 370.075 19.356 2.757 230.919 16.718 205.467 88.745 15.055 249.018 95.801 12.824 372.946 458.346 19.854 354.170 132.761 21.652 9.891 305.306 14.734 100.768 160.933 18.190 160.398 458.893 16.576 175.216 261.934 21.847 227.634 475.684 14.262 448.920 30.937 18.177 422.543 477.355 17.684 57.762 112.328 17.905 491.272 43.923 20.886 151.720 250.048 20.518 226.467 394.526 18.366 78.559 447.506 19.278 58.320 489.700 18.665 329.984 81.151 19.073 24.079 346.076 17.534 215.322 26.806 11.197 167.841 363.014 18.248 36.374 285.606 15.487 493.272 54.427 20.901 481.096 2.062 19.913 368.511 310.370 19.733 286.366 19.904 14.523 388.103 437.940 21.146 411.953 218.693 20.852 415.700 488.624 17.158 150.361 168.789 17.355 464.515 60.063 20.349 383.576 254.910 18.524 153.728 262.599 21.820 259.282 373.944 20.952 427.221 88.548 19.779 257.846 338.856 19.524 322.415 350.322 20.726 358.014 100.351 20.731 330.552 456.121 19.010 377.865 71.779 19.237 228.084 136.236 16.136 148.730 184.189 17.909 337.320 99.996 20.904 167.455 7.298 11.771 220.457 393.497 16.948 71.946 320.815 15.147 443.657 112.928 19.390 35.993 418.329 22.844 463.721 249.803 15.605 228.829 280.455 18.308 327.893 398.511 25.035 143.453 113.553 17.374 157.675 255.658 22.069 411.456 231.663 19.726 75.124 266.519 16.178 314.560 5.806 16.921 421.170 195.801 20.496 328.412 151.319 21.432 406.320 159.482 20.618 394.133 282.438 18.383 129.883 135.621 18.346 268.147 156.565 19.929 154.463 137.956 16.139 176.005 483.234 13.270 305.267 489.536 15.958 311.327 129.856 21.561 407.057 332.233 18.152 332.568 164.025 21.661 346.011 465.662 18.491 289.267 242.955 18.156 238.424 166.443 19.438 6.403 24.792 21.136 262.499 405.859 19.561 390.391 412.314 21.562 388.834 183.893 20.704 183.098 331.957 18.479 167.101 475.583 15.204 131.872 149.402 16.621 436.928 303.511 18.649 313.623 280.375 20.836 461.330 138.245 18.493 145.507 46.939 14.275 13.897 308.348 15.473 9.264 102.314 18.725 148.937 137.555 16.646 437.070 119.809 19.486 43.364 464.872 20.641 433.788 393.810 19.414 271.956 16.948 15.029 309.232 429.118 19.946 351.353 339.577 19.822 149.868 161.459 16.886 216.745 494.047 14.173 445.968 404.014 17.803 8.448 398.543 21.171 73.072 417.475 21.164 483.433 267.331 15.131 293.259 48.134 15.362 457.056 190.115 16.228 434.391 315.078 17.840 265.651 197.500 19.886 265.700 411.043 19.717 79.303 427.096 19.657 61.545 83.510 18.175 76.546 421.709 20.641 223.700 279.372 18.893 434.035 1.014 19.186 352.866 287.668 18.005 80.399 189.375 15.774 367.621 326.554 19.419 378.748 41.740 20.483 1.056 352.825 18.631 274.691 106.000 14.581 153.058 346.194 18.955 54.006 252.019 15.967 310.855 309.726 20.184 409.189 118.401 20.068 294.915 435.530 18.476 19.891 95.799 19.288 136.987 233.283 18.572 206.666 272.926 19.379 142.869 433.089 17.814 491.858 440.283 19.903 383.230 65.319 18.654 27.897 423.489 21.556 290.790 262.711 19.670 2.798 99.605 18.934 205.079 423.742 16.001 296.104 387.182 23.073 243.621 262.054 15.783 404.281 42.748 18.634 154.432 203.743 18.493 310.767 254.728 19.639 194.352 403.389 16.064 377.073 333.678 19.860 229.765 267.318 16.975 190.462 178.598 18.505 441.757 435.769 18.700 414.598 286.629 18.902 144.976 161.986 17.507 142.012 126.584 17.915 462.500 321.681 17.534 390.780 21.435 19.334 202.299 475.863 14.473 366.179 402.360 22.249 296.418 494.814 16.043 147.547 248.725 21.040 384.649 369.686 21.677 59.653 204.460 17.628 239.407 193.714 19.840 219.278 155.110 17.485 177.185 465.713 14.502 467.456 53.724 20.773 57.738 160.263 18.846 391.241 499.456 17.805 17.698 99.928 19.314 441.593 280.427 17.259 200.641 1.277 11.966 426.944 381.764 20.840 202.184 166.207 18.397 107.252 5.852 15.808 193.608 495.071 12.670 295.920 65.977 15.387 319.926 493.884 17.578 479.914 202.965 15.945 369.090 43.269 19.948 184.427 465.987 15.759 466.560 112.479 18.646 127.159 71.487 16.265 413.422 266.859 18.687 444.731 43.157 20.070 211.681 266.944 17.649 186.977 186.333 18.916 199.161 244.068 20.431 284.252 12.931 14.953 293.587 343.332 19.881 429.206 397.870 20.452 97.400 131.606 17.904 246.683 221.226 17.929 396.426 200.129 21.435 495.258 0.658 19.821 176.207 394.026 15.841 390.863 422.885 21.753 19.462 272.212 14.689 211.946 327.377 18.825 212.660 474.582 14.668 173.852 469.768 15.200 151.499 415.039 15.932 14.093 470.100 19.216 423.863 409.705 19.537 266.068 184.031 21.071 149.839 445.784 17.067 182.952 368.915 18.270 263.742 327.194 19.739 268.880 143.129 18.795 293.382 350.785 19.978 412.107 25.307 19.007 418.900 83.574 19.587 361.054 381.983 21.784 251.597 30.867 12.923 47.573 42.586 19.031 1.829 363.176 19.289 469.285 426.568 19.358 225.206 224.993 18.957 429.173 421.985 19.502 449.152 290.019 16.900 415.473 452.177 19.101 146.204 463.051 15.924 474.293 18.928 19.638 120.326 266.297 17.594 155.041 55.770 13.149 412.542 387.529 20.761 159.034 75.220 14.160 270.552 473.005 17.468 427.166 153.829 20.864 428.603 310.089 17.177 331.011 155.438 20.343 147.135 83.591 16.429 137.410 30.623 14.872 184.563 448.208 15.219 486.292 373.620 19.556 482.434 129.985 18.789 46.463 291.787 16.083 333.410 292.196 19.478 60.779 335.104 16.177 478.682 78.215 21.110 252.501 351.095 20.715 61.306 48.375 17.931 340.577 82.457 18.779 363.666 470.161 18.847 54.020 285.120 16.246 67.871 192.282 17.161 413.607 106.324 20.266 149.987 232.978 20.219 181.422 391.461 16.163 463.028 308.572 15.839 183.438 35.109 13.137 9.297 64.580 19.434 9.183 135.965 17.624 214.139 441.540 15.914 139.693 370.733 18.393 36.722 226.036 17.590 466.713 374.880 17.872 191.868 44.782 12.601 169.262 201.818 19.165 383.689 379.289 22.687 425.871 202.221 20.036 83.118 123.642 19.156 6.336 155.554 15.927 494.507 333.184 16.405 106.472 255.140 17.086 12.354 276.394 13.814 138.877 417.741 16.583 300.477 488.403 15.580 90.675 493.292 16.204 444.755 168.544 19.889 390.629 329.361 18.867 465.601 236.969 15.764 166.858 275.517 21.663 146.226 309.811 17.731 327.968 380.259 23.710 191.019 236.553 20.953 110.829 3.488 14.402 80.399 179.644 18.482 199.373 227.859 18.652 68.829 184.380 17.775 142.848 338.412 18.345 171.308 65.881 13.670 415.185 0.655 18.048 347.018 154.988 20.897 171.168 499.838 13.395 341.959 321.129 20.116 177.599 212.356 18.696 467.343 174.757 15.943 167.452 125.398 17.086 435.340 112.301 19.653 363.554 30.634 19.291 381.485 398.444 23.170 100.497 279.096 16.200 296.919 313.777 20.066 187.695 233.131 20.447 334.431 3.800 17.892 375.371 276.549 19.708 243.532 416.124 16.975 130.225 336.512 17.771 280.662 333.341 19.317 267.333 299.818 19.415 463.992 141.958 18.353 5.101 245.133 14.628 117.705 288.228 16.592 205.717 317.672 17.301 230.467 1.376 13.276 165.923 344.684 19.599 428.735 351.180 18.007 360.176 0.031 19.316 263.662 1.497 15.438 427.547 319.471 16.951 153.911 328.178 19.673 239.289 452.443 15.622 377.460 201.646 20.288 5.925 333.046 16.228 96.087 411.254 19.765 382.462 83.200 18.482 206.765 346.258 17.450 488.701 144.297 16.158 366.908 349.893 19.225 458.886 161.194 17.668 388.820 18.678 19.884 140.354 440.925 18.131 1.573 151.103 16.122 495.747 375.129 20.313 387.688 322.806 20.050 466.761 261.419 16.282 309.403 29.718 15.773 170.735 117.986 17.335 301.955 433.851 19.713 145.752 58.843 14.129 412.098 160.184 21.659 421.117 346.781 18.931 105.554 250.146 16.459 289.673 398.910 22.735 227.052 208.233 18.185 306.625 398.375 24.054 375.442 109.547 19.418 358.630 142.580 21.173 160.440 129.234 17.886 87.397 315.799 15.637 462.166 197.258 16.892 499.684 261.274 15.236 68.225 419.443 20.976 200.703 238.015 19.649 96.217 237.578 16.860 423.782 291.471 17.020 389.039 335.425 19.052 100.053 103.697 17.694 385.536 411.757 23.160 192.992 476.205 14.921 485.282 352.817 18.348 467.844 66.101 20.914 491.868 374.215 19.517 339.001 138.851 23.058 303.384 452.797 18.210 29.046 125.091 18.153 152.379 474.683 14.807 367.062 394.895 23.952 251.195 69.958 13.723 93.272 374.322 15.456 237.706 430.970 17.227 126.325 279.677 17.743 164.602 30.941 11.527 206.921 434.871 16.078 429.381 35.815 19.430 177.293 413.761 17.023 9.026 196.333 16.176 377.007 452.252 20.889 193.029 119.642 17.193 48.473 417.324 23.201 60.446 309.430 16.892 453.272 445.413 18.931 168.505 493.635 12.635 134.456 260.641 19.671 187.993 442.264 16.658 487.938 35.352 21.243 272.779 499.827 15.957 302.945 150.172 21.360 177.300 0.064 12.277 226.853 143.316 17.032 179.847 481.678 13.693 170.465 368.609 19.359 274.381 425.280 19.141 1.800 410.957 20.267 252.855 460.203 15.809 159.175 202.732 18.303 130.389 220.900 18.126 30.607 309.184 15.322 462.599 83.319 20.640 5.487 199.918 16.692 456.214 156.984 17.760 119.747 393.750 16.491 138.243 59.715 15.294 272.022 42.187 14.652 287.741 59.395 15.280 211.635 493.935 12.731 107.122 375.450 16.563 69.128 77.653 18.235 19.761 203.402 17.388 135.529 159.543 17.004 178.391 251.900 20.704 166.401 215.277 19.214 206.932 106.945 15.830 113.937 319.624 15.954 171.310 453.815 16.014 267.801 36.908 13.668 412.793 475.157 18.506 250.304 307.926 18.612 13.570 267.869 13.584 464.848 370.766 19.086 337.328 161.046 21.606 393.259 172.880 21.109 240.063 19.684 12.765 115.812 188.723 15.848 405.987 458.146 19.411 212.476 140.026 16.302 14.639 112.688 17.943 98.572 372.028 15.425 231.224 345.081 18.971 400.470 340.775 18.857 274.132 438.503 18.461 315.446 208.780 21.345 97.837 416.510 18.889 361.238 256.281 18.751 494.256 416.563 19.968 83.371 445.554 18.960 59.427 166.284 18.622 237.989 13.511 13.476 132.294 436.419 17.035 41.772 249.015 15.503 54.730 342.872 17.322 11.240 123.973 17.999 182.172 486.575 13.287 285.260 118.533 18.651 283.491 267.744 18.757 109.699 227.725 18.002 429.697 219.680 18.952 481.920 228.382 14.966 252.963 315.114 17.791 305.567 247.388 19.153 337.762 207.814 20.206 277.923 282.013 18.648 145.906 451.409 17.065 456.288 317.881 16.928 188.282 399.001 16.217 446.638 336.725 17.263 270.896 126.018 18.567 338.270 195.652 20.731 359.371 225.879 19.571 451.725 69.503 21.023 436.906 493.309 16.866 403.903 173.889 20.812 7.931 17.348 19.820 107.459 197.031 16.277 326.349 6.402 17.461 119.092 63.449 15.569 102.916 298.743 16.609 211.242 433.664 16.436 51.632 171.921 18.393 283.157 435.659 19.495 118.190 221.811 17.830 187.393 219.299 19.841 259.793 446.696 17.875 390.436 466.424 18.166 190.634 269.709 19.768 452.885 83.169 21.315 387.665 435.285 21.811 75.778 278.258 16.100 273.864 297.922 19.431 304.644 328.523 20.046 163.138 11.578 13.007 414.899 391.650 20.065 346.986 62.307 18.664 24.980 397.708 21.134 441.551 195.628 18.958 385.722 162.373 20.813 40.058 256.961 15.762 470.555 464.416 18.664 300.682 464.261 19.034 473.607 35.852 21.151 5.476 463.224 17.519 413.155 261.854 17.706 179.689 183.665 19.166 7.630 47.909 20.023 5.811 121.192 18.587 135.171 321.396 18.615 449.814 326.826 16.376 458.143 72.076 20.890 159.268 405.042 17.135 352.665 143.862 21.490 353.409 487.524 19.435 371.260 218.661 19.774 352.749 161.614 20.938 209.731 209.372 20.935 10.394 35.848 20.989 282.397 302.436 19.863 223.727 18.466 12.656 264.222 452.662 18.388 422.654 219.285 20.137 232.904 72.341 12.280 148.319 391.783 17.266 330.067 221.119 19.127 423.397 302.714 17.449 181.012 206.716 20.059 475.835 238.358 15.157 151.279 106.037 17.351 215.481 387.301 18.371 217.328 220.949 19.935 410.111 52.084 19.112 401.889 475.419 16.666 27.731 8.415 19.841 396.068 191.837 20.632 472.770 279.370 16.156 319.464 7.503 17.703 256.442 462.777 16.833 318.412 60.462 16.243 350.085 220.682 19.983 120.860 130.192 17.526 407.701 405.866 20.935 112.297 337.373 16.032 123.643 138.761 18.090 94.655 140.401 18.103 106.111 409.517 18.207 268.156 165.611 21.126 62.625 391.493 20.318 163.789 439.901 16.485 105.384 260.693 16.835 449.174 314.454 16.813 159.503 101.525 16.415 399.091 260.273 19.549 113.445 463.758 16.518 384.987 374.883 21.212 83.554 417.342 19.965 424.483 339.608 17.899 217.663 256.615 17.818 296.206 446.777 18.766 406.138 148.120 20.572 104.953 495.043 15.803 435.004 481.421 17.789 57.391 472.405 18.962 467.563 83.350 20.621 425.033 207.979 19.840 32.219 93.531 19.219 378.491 427.544 21.968 407.646 497.303 17.083 5.705 498.502 20.238 145.811 321.488 17.999 425.043 48.253 20.156 129.355 414.931 16.398 5.470 284.766 14.581 233.597 469.507 14.927 166.461 56.415 12.613 51.173 327.749 15.982 320.170 410.722 22.298 420.362 161.654 21.434 464.429 189.378 16.612 365.590 453.605 20.137 290.254 168.326 21.658 9.427 112.265 18.998 357.444 185.468 21.533 249.877 275.704 17.328 285.757 488.765 16.155 365.274 190.978 19.480 426.055 0.330 17.898 223.309 231.317 18.267 270.717 482.065 16.105 185.596 266.194 20.287 481.467 320.367 16.365 263.041 474.404 16.470 401.633 280.753 18.884 326.576 202.558 21.484 266.225 243.897 17.897 68.115 463.454 18.244 111.036 423.421 17.396 415.818 248.423 17.478 56.655 100.637 18.662 301.967 362.532 22.584 30.035 203.134 17.954 62.366 64.407 18.289 480.984 453.497 19.612 322.711 402.839 23.750 472.838 255.096 15.613 10.245 498.870 20.067 232.146 47.509 11.658 20.401 245.361 15.935 423.731 6.010 17.951 201.300 333.417 19.137 82.557 7.100 17.106 357.202 221.341 18.971 178.293 350.533 19.328 2.736 380.621 19.969 241.413 409.886 17.719 6.280 156.728 15.034 111.084 166.601 17.318 403.033 51.179 18.924 58.117 360.796 18.526 59.937 226.854 16.453 50.886 5.521 19.076 264.728 373.625 19.977 439.361 368.502 18.558 60.588 212.935 17.825 453.974 160.751 18.890 114.281 52.549 15.964 442.778 481.135 17.641 237.760 129.456 16.976 182.168 134.086 17.214 9.064 412.768 21.311 168.546 28.801 11.885 391.449 427.632 21.693 200.762 190.169 20.342 40.810 279.308 15.980 37.342 478.592 19.883 122.410 119.589 17.632 397.545 124.834 21.246 3.318 326.656 14.950 447.828 122.717 20.289 385.935 361.948 20.710 5.548 85.788 19.551 117.890 196.480 17.282 475.070 415.403 18.337 260.784 144.638 18.406 256.536 82.063 12.279 300.413 136.127 21.808 15.005 257.404 13.894 80.189 41.372 15.798 3.502 78.608 20.493 83.479 286.333 15.565 313.665 101.761 19.817 125.096 189.353 16.831 119.172 372.587 16.296 466.996 148.196 17.844 43.115 495.067 19.437 142.895 243.870 21.209 246.728 207.643 18.037 453.786 207.667 17.363 134.484 469.177 15.477 155.581 387.899 18.028 389.455 207.584 21.502 379.034 304.044 19.541 155.521 291.711 20.171 184.283 303.559 19.403 326.095 268.012 20.524 129.151 355.769 17.165 318.452 417.207 20.606 498.662 93.491 19.497 144.340 120.515 16.158 121.999 84.081 16.991 258.884 409.882 19.278 218.677 27.639 11.707 432.283 499.611 17.616 286.851 0.965 15.331 147.511 290.487 19.511 72.395 58.671 16.350 208.565 1.454 12.696 451.995 278.982 16.302 167.633 387.366 16.920 108.140 58.247 14.644 52.763 352.564 18.281 332.657 148.262 21.097 445.003 328.446 18.076 202.791 101.445 14.769 45.520 374.591 20.229 30.329 261.209 15.180 276.958 423.900 19.163 149.894 267.332 20.945 292.182 141.298 21.153 254.402 135.871 16.897 328.958 177.312 22.315 127.364 370.061 17.235 327.023 469.825 16.825 82.928 243.376 16.472 372.800 9.375 20.278 310.127 35.899 14.866 370.113 172.600 20.808 154.925 171.542 16.871 251.256 4.323 14.428 318.119 452.226 19.385 15.245 185.677 16.540 204.435 6.325 11.120 368.715 398.006 21.862 278.741 435.068 18.487 487.937 285.782 15.488 112.396 220.884 17.747 472.223 124.424 18.606 441.273 65.515 20.747 116.086 94.878 16.847 174.432 184.726 17.966 317.148 355.667 22.827 317.551 342.869 20.602 467.172 41.011 21.081 497.562 161.447 15.203 51.073 266.995 15.125 300.954 303.469 20.172 179.215 416.529 16.645 489.223 417.721 19.450 497.322 410.649 19.517 176.206 239.755 21.547 429.712 470.762 18.622 313.371 67.788 17.292 43.251 142.252 16.246 463.329 286.194 16.113 103.623 499.627 16.172 272.260 488.333 15.539 85.320 441.044 18.911 16.361 338.493 16.201 155.529 41.758 12.931 460.489 232.177 16.446 224.295 377.832 18.383 460.602 446.330 18.604 390.683 95.975 19.040 73.098 397.943 21.509 352.907 320.011 18.983 298.646 438.417 18.990 184.425 72.056 13.382 335.183 357.853 22.480 282.012 62.802 15.876 404.792 129.910 21.685 132.922 100.874 16.346 200.820 200.593 20.197 198.752 77.672 13.361 207.401 262.394 18.444 312.260 327.856 19.859 80.502 141.670 17.775 379.491 142.664 20.200 36.949 363.661 20.087 331.478 411.850 22.487 200.050 262.465 19.378 291.448 298.434 20.187 85.434 107.569 17.956 309.026 326.799 20.532 259.529 399.270 18.860 308.421 304.685 19.203 236.578 416.039 18.924 368.207 77.829 20.025 368.873 483.025 18.996 71.416 351.601 17.124 278.927 106.969 14.998 405.064 338.667 19.257 407.887 489.141 16.280 394.925 435.212 20.821 348.929 197.750 19.808 122.867 459.417 17.068 64.522 147.916 17.403 1.170 167.300 14.270 25.577 238.881 15.589 230.123 384.731 18.635 122.714 417.385 17.123 6.761 76.644 20.391 221.961 5.960 13.845 67.698 41.718 17.210 113.157 151.115 18.706 287.503 162.349 21.060 27.496 265.607 14.354 114.355 368.347 17.538 377.742 44.973 20.565 97.382 458.815 18.000 424.633 342.604 17.893 184.365 90.723 15.448 333.057 429.365 20.412 463.324 452.927 19.630 48.827 352.281 18.055 112.827 100.369 17.813 383.230 322.760 19.508 283.671 388.585 22.575 441.517 5.551 18.292 491.503 135.826 18.827 421.438 333.526 18.183 4.940 250.049 15.119 205.569 429.867 16.723 56.557 152.524 17.962 9.838 327.608 15.150 80.516 334.876 15.516 384.365 131.106 20.801 53.894 185.054 18.073 498.775 178.007 15.650 495.631 190.253 17.368 420.776 201.699 20.090 122.738 346.620 16.948 98.229 11.589 15.021 453.999 315.261 17.366 199.623 405.377 17.293 155.709 483.827 13.790 241.350 447.477 15.842 141.792 429.094 16.402 315.749 324.027 20.757 103.451 328.913 16.300 279.445 369.823 22.528 168.426 351.896 18.083 259.880 195.800 19.183 260.410 230.069 17.100 184.234 477.094 13.456 111.244 358.996 15.301 22.090 206.701 16.985 365.751 256.654 18.443 113.930 4.623 14.902 69.489 101.447 17.868 242.155 439.193 16.127 248.800 179.706 20.228 251.697 482.032 15.999 218.039 54.605 12.193 142.844 387.384 16.321 67.208 214.868 16.890 368.472 89.828 19.262 204.582 329.500 18.731 217.705 42.199 10.762 350.352 292.995 20.321 162.066 423.646 16.882 357.474 125.915 20.957 35.163 409.845 21.846 1.145 130.978 18.686 141.552 364.082 18.569 164.085 488.535 12.467 340.968 96.285 20.157 36.215 142.170 17.120 72.616 13.867 17.948 193.988 31.678 12.151 280.462 327.836 19.008 49.084 344.448 16.679 119.569 446.857 17.983 188.739 382.607 16.831 377.213 358.709 18.881 346.111 6.497 18.218 341.643 143.552 21.491 10.856 229.299 15.704 162.062 6.841 12.167 9.814 63.710 19.686 43.990 201.994 17.368 164.687 119.234 16.635 161.253 268.308 21.361 439.387 82.312 19.639 212.139 82.330 12.405 346.232 20.048 19.641 58.446 6.534 18.191 442.646 262.257 16.603 22.978 166.680 15.472 155.445 5.653 12.396 280.769 451.131 19.602 4.162 171.159 14.428 46.895 305.268 16.418 93.991 17.178 16.405 363.185 440.583 20.754 49.679 4.166 17.964 164.895 250.845 20.171 63.714 433.154 20.573 241.451 350.365 20.034 368.468 414.766 22.863 188.255 58.850 11.518 133.501 143.109 17.159 33.202 197.448 17.319 48.551 107.982 18.496 343.250 30.195 19.169 346.702 96.833 20.555 394.472 484.520 18.344 359.975 256.772 17.881 91.755 379.868 16.848 260.153 352.584 21.037 385.014 107.333 19.484 468.567 36.358 20.610 237.738 439.499 16.139 499.665 463.756 18.891 354.986 22.516 20.697 283.671 4.820 15.239 351.135 149.066 20.551 10.870 221.512 16.454 475.086 441.156 19.578 267.148 321.138 19.742 171.791 150.987 17.859 16.414 215.497 16.480 369.013 303.885 19.365 445.454 381.667 19.087 381.544 292.840 19.396 497.390 446.183 19.008 214.236 428.561 17.597 376.757 374.658 21.737 149.031 327.352 19.290 120.521 69.726 15.910 141.641 261.549 20.377 151.785 45.915 13.218 405.043 472.359 17.316 47.904 118.019 17.494 492.477 462.875 19.303 282.242 40.169 15.332 131.894 114.004 17.603 343.315 76.107 18.905 101.058 148.335 17.133 447.651 398.236 17.591 133.700 285.439 18.064 82.475 258.055 16.907 283.334 155.409 20.886 335.778 179.031 20.771 9.013 314.744 15.113 471.210 77.712 20.544 488.885 314.161 15.218 408.072 444.395 19.429 469.445 345.541 19.089 8.321 23.965 20.790 219.237 439.222 17.044 248.807 365.435 20.508 371.185 410.526 22.428 104.825 400.033 18.041 189.350 404.513 15.595 394.326 78.719 19.798 183.481 284.781 20.319 110.280 393.550 17.440 104.930 144.922 18.052 12.031 81.631 19.480 277.067 494.468 15.221 8.774 256.033 14.927 244.863 239.285 17.020 334.674 14.281 18.929 181.484 154.164 17.320 274.727 345.129 19.384 78.053 252.315 16.956 266.256 482.574 16.400 247.447 470.174 17.169 212.490 489.367 13.278 66.014 441.312 20.225 384.360 154.650 21.042 245.890 326.250 18.165 456.439 94.881 19.890 384.953 358.834 18.590 295.932 168.646 21.339 12.178 11.134 20.010 478.725 89.882 20.373 451.026 106.841 19.068 20.018 465.164 19.156 329.127 141.419 20.407 313.070 42.342 16.955 278.261 232.890 17.174 225.363 9.510 13.347 235.236 464.972 15.991 181.627 320.851 20.204 392.466 217.884 19.275 67.371 499.424 18.365 450.750 48.736 19.384 250.284 383.046 20.058 411.310 351.924 19.758 115.745 406.148 16.979 131.804 398.834 17.681 420.267 273.930 17.843 437.327 278.442 18.477 239.360 101.667 14.279 98.392 24.065 15.648 221.772 39.984 11.248 228.154 350.678 18.910 37.974 261.486 15.743 324.499 387.000 23.797 495.545 426.090 19.559 61.215 429.743 21.442 363.516 12.160 19.689 50.074 238.047 17.202 94.140 5.237 15.270 120.640 465.499 15.966 201.152 119.223 16.441 49.837 272.091 15.204 233.802 224.404 18.059 237.936 83.735 11.039 324.059 120.954 21.714 150.871 357.606 20.018 9.902 279.547 14.624 159.253 37.285 13.048 296.324 280.646 19.886 413.437 179.804 20.536 202.196 147.542 16.140 171.031 13.191 12.060 385.243 166.403 21.321 84.001 161.329 19.854 420.305 286.307 18.141 95.373 66.340 15.383 117.771 385.795 17.897 390.592 393.319 22.686 14.496 346.014 17.534 265.319 89.144 13.201 41.679 218.549 17.938 419.731 95.323 19.310 307.303 51.730 15.628 173.336 41.924 13.399 303.035 45.644 15.318 447.534 36.819 19.247 298.584 96.279 18.348 72.034 489.837 17.378 61.128 157.169 17.781 312.154 107.826 19.139 134.160 239.717 18.589 324.563 52.948 17.207 463.706 269.168 16.352 349.667 498.635 20.158 322.222 344.656 22.068 463.639 219.501 16.703 401.676 294.716 18.315 182.235 130.525 16.835 319.341 183.866 21.763 438.331 143.173 19.522 429.060 281.340 17.935 406.831 226.960 18.298 433.782 311.302 18.194 258.728 4.554 15.012 335.064 259.698 19.602 99.373 184.639 16.426 473.845 171.286 17.459 341.688 154.699 20.648 126.002 124.503 18.065 285.463 178.769 21.132 291.417 286.083 19.576 474.924 377.473 19.236 322.684 415.551 22.440 196.683 218.868 20.787 43.403 475.939 19.573 14.280 120.218 18.314 467.565 22.252 19.834 465.408 226.400 15.738 2.141 301.686 16.286 132.199 59.995 16.276 338.735 111.033 22.546 170.864 488.421 12.360 248.346 230.541 18.434 398.405 470.965 17.373 448.131 229.635 17.178 388.310 385.140 22.805 445.926 440.853 18.683 121.635 487.798 14.420 353.987 36.326 19.225 59.127 457.667 20.398 393.255 398.686 23.117 362.254 351.021 19.702 262.654 167.284 20.352 40.656 29.939 19.931 71.050 244.219 17.155 431.322 203.056 19.238 293.618 428.136 19.500 333.942 247.719 18.306 440.393 434.109 19.389 440.326 254.647 16.173 338.059 470.563 18.418 104.706 178.841 16.743 397.945 464.965 19.090 140.545 165.949 16.659 375.743 196.518 19.807 466.687 435.106 18.567 100.690 88.235 16.844 384.528 177.666 21.663 484.582 174.715 15.895 375.583 351.208 18.615 103.643 428.888 18.520 299.697 499.583 15.434 385.775 283.425 18.731 371.858 35.273 20.731 277.525 373.727 22.838 206.305 201.553 19.605 51.938 113.377 17.894 261.401 130.782 17.401 217.138 292.002 18.756 323.442 425.923 20.232 105.702 54.057 15.083 8.349 172.523 16.060 276.418 30.261 14.102 120.719 52.443 15.169 187.730 166.751 18.448 58.765 411.381 21.872 362.505 110.634 20.761 482.811 70.781 21.331 271.433 102.112 15.528 491.220 127.373 18.756 70.830 410.253 20.785 407.691 213.644 20.688 11.027 450.421 18.349 183.944 439.517 16.303 473.615 363.118 20.102 331.047 446.809 20.534 201.207 58.838 12.029 217.772 481.132 15.084 441.186 232.211 18.221 309.327 469.987 17.997 21.772 134.799 17.800 138.881 99.732 16.565 71.798 202.833 17.414 89.947 220.164 16.667 474.354 469.682 18.060 329.317 417.283 21.206 437.254 4.681 17.732 146.661 24.093 14.300 198.017 138.097 16.298 373.055 54.229 19.021 222.720 238.677 16.746 86.952 112.365 18.015 238.821 292.458 17.666 220.039 70.291 11.527 435.136 338.522 17.480 74.657 338.033 15.551 288.150 137.474 19.914 463.711 12.569 18.989 467.493 270.063 16.397 273.960 403.082 19.663 44.034 451.998 20.547 69.484 220.980 17.290 106.083 243.061 17.174 398.881 231.821 18.989 351.547 326.559 20.343 232.110 82.248 12.541 416.904 436.099 19.535 291.753 278.236 19.299 143.366 392.515 18.687 280.107 404.834 20.020 471.104 321.820 16.189 360.941 263.531 18.932 339.794 423.809 21.984 95.748 320.127 15.677 457.689 100.010 20.504 166.143 113.517 17.294 393.740 88.899 19.772 15.462 372.716 19.853 430.374 168.746 19.236 453.859 339.780 17.177 446.527 363.102 18.487 183.073 215.031 19.247 344.954 89.171 20.431 397.687 43.168 19.462 310.206 320.557 20.306 274.108 261.694 17.716 445.108 239.203 18.266 297.172 47.601 15.592 206.547 177.849 20.104 378.294 463.984 18.278 420.305 464.408 19.495 195.872 440.261 15.915 3.854 126.199 18.170 48.002 166.223 17.612 28.378 88.599 18.987 290.253 422.671 19.571 461.043 361.484 19.811 115.971 202.252 17.436 476.092 392.938 19.429 478.410 434.860 19.345 381.346 149.643 21.475 367.395 380.863 22.667 455.224 182.915 16.657 193.495 10.649 13.182 167.265 183.619 18.751 113.044 374.917 16.930 462.508 344.936 18.976 127.482 492.640 14.932 109.351 426.950 17.759 73.125 0.934 16.807 120.120 232.826 18.719 177.098 404.990 17.168 238.918 230.932 18.101 260.166 23.396 13.821 138.425 220.504 17.582 465.838 128.436 19.478 359.188 326.283 19.598 200.117 53.775 11.994 76.033 254.941 16.253 100.907 231.575 16.738 349.289 278.520 20.503 394.359 443.192 21.239 478.558 113.705 20.453 464.966 327.448 16.977 262.918 463.647 18.956 234.166 403.885 19.115 94.197 328.824 16.910 406.531 262.819 17.898 261.625 238.474 16.082 11.796 438.370 20.016 234.155 399.706 18.114 495.406 344.539 18.231 200.463 13.138 11.792 467.511 302.330 17.439 392.461 229.246 19.221 62.304 345.812 16.960 400.965 69.508 18.873 83.801 429.715 19.905 417.726 471.127 17.091 422.205 434.574 20.547 149.334 90.955 15.596 315.941 13.253 16.998 245.905 0.450 13.033 475.700 298.326 17.222 425.081 386.399 20.642 245.495 309.682 18.165 321.514 176.064 21.980 50.615 18.344 18.990 176.913 63.406 12.944 55.433 464.379 19.397 376.488 36.744 19.797 436.706 126.033 19.645 190.244 189.487 19.243 255.340 499.843 14.433 470.289 141.846 17.661 351.902 461.803 18.758 359.204 397.838 22.913 187.407 35.746 12.867 150.934 30.069 13.032 185.005 1.643 11.703 435.405 254.480 17.026 191.505 444.427 16.016 62.970 356.107 17.277 377.914 286.071 19.779 239.982 389.404 18.106 240.598 244.438 16.562 430.870 149.590 21.041 226.238 273.958 18.697 116.890 1.365 15.527 78.309 414.764 20.380 339.348 47.862 18.143 348.130 35.546 19.522 49.137 261.046 16.422 99.246 141.668 18.374 27.695 351.738 18.278 9.422 89.325 19.305 296.711 112.448 19.212 322.371 179.134 21.002 9.109 279.276 14.746 464.273 5.772 18.400 348.177 201.860 20.412 7.394 262.201 15.167 79.375 357.471 16.425 379.586 482.601 18.574 357.775 203.137 20.592 191.879 427.642 16.211 492.139 4.768 19.266 32.952 274.912 14.592 241.584 359.536 20.261 103.720 452.147 17.719 41.899 366.925 18.637 50.962 320.812 16.649 439.531 189.759 18.534 372.360 392.174 23.405 261.133 83.798 12.593 439.238 68.977 19.759 178.744 364.932 18.105 390.693 404.190 23.266 349.947 42.980 18.887 428.316 189.514 20.158 224.520 262.248 15.908 210.956 125.178 16.694 474.949 262.951 15.655 80.399 212.340 16.914 46.556 243.460 16.026 316.397 177.732 22.378 239.829 339.016 18.681 232.647 132.591 16.079 461.220 243.283 15.252 483.567 290.337 15.600 204.301 220.097 19.978 317.600 381.481 23.667 259.468 268.712 17.885 261.457 297.084 19.173 102.941 498.522 15.601 456.047 225.621 17.205 138.049 494.561 14.875 1.777 423.628 20.027 273.602 321.289 19.322 255.803 71.753 13.393 201.506 486.689 13.288 280.802 169.145 21.616 489.392 478.944 18.445 412.744 171.066 20.516 53.464 236.531 16.259 75.435 314.778 16.551 327.420 438.918 19.287 206.289 357.301 17.728 377.998 499.542 18.442 482.831 274.755 15.857 307.339 480.826 16.592 345.692 320.048 19.905 419.926 120.309 20.230 432.632 60.627 19.734 414.397 72.161 18.908 282.876 365.107 21.928 332.471 314.680 20.469 335.534 129.829 21.892 198.057 15.902 15.294 353.382 499.336 22.335 81.859 78.197 21.159 36.788 405.166 25.296 49.863 37.233 21.591 319.839 174.859 25.708 422.321 278.634 20.858 9.131 363.286 22.966 3.624 453.578 22.054 138.129 285.193 22.022 263.761 220.649 20.650 393.719 342.217 21.289 415.944 83.848 22.831 295.694 178.818 23.918 265.655 427.751 21.416 355.386 303.912 22.819 241.441 124.287 19.950 371.006 136.256 25.670 103.057 440.049 21.314 489.709 179.466 19.202 247.037 397.677 22.314 75.600 89.520 21.491 4.932 268.841 17.931 102.642 237.974 21.234 16.883 52.125 22.670 421.082 369.090 24.163 98.343 201.397 19.316 277.074 458.676 23.169 467.390 338.459 20.584 101.641 332.970 19.650 3.967 196.847 19.465 5.583 415.527 22.854 418.306 411.148 24.207 73.374 393.649 24.162 80.913 468.854 21.196 115.315 30.202 18.676 24.497 478.899 22.172 145.912 284.934 23.012 130.240 160.790 20.543 8.343 160.906 18.588 234.803 4.727 17.025 75.591 304.420 19.560 110.174 81.692 20.240 137.521 304.694 21.805 1.699 416.476 23.547 261.766 60.243 16.753 79.873 159.348 22.457 327.999 119.158 24.376 190.294 209.327 22.960 320.401 457.752 22.879 207.021 402.656 21.669 282.489 422.262 23.638 291.480 82.456 19.750 354.560 12.235 23.617 486.095 279.298 18.484 356.585 87.834 24.711 359.043 498.592 22.466 157.589 356.940 22.354 32.292 28.488 24.313 350.178 49.712 21.804 24.357 378.304 24.193 188.273 489.197 16.836 366.835 214.281 23.704 253.396 339.024 22.516 259.783 77.657 17.427 116.656 273.177 20.789 378.655 441.524 24.658 1.526 238.363 17.689 165.116 467.171 18.204 367.513 46.629 23.033 380.008 387.440 25.762 141.918 177.643 20.319 232.549 184.230 22.483 234.708 208.293 22.628 315.788 464.475 22.804 318.231 441.476 23.661 343.083 41.601 22.320 232.591 26.373 15.892 364.848 436.514 24.716 91.795 332.924 19.173 206.396 308.570 21.910 102.676 59.468 18.289 489.806 209.636 20.090 347.775 178.049 23.919 273.475 383.074 25.557 161.899 24.978 15.185 398.186 476.797 21.596 345.097 160.470 24.228 261.792 358.771 24.063 83.944 493.558 20.266 146.732 236.711 24.026 449.713 12.003 21.200 157.810 226.421 24.242 333.039 384.999 28.150 462.686 202.462 19.553 174.208 245.099 25.619 475.726 84.618 24.009 55.597 439.402 24.631 168.982 422.478 20.864 159.491 7.695 15.642 459.925 82.667 25.153 71.206 47.563 19.560 58.899 79.302 22.495 137.210 411.349 19.670 474.732 334.275 19.680 440.604 474.332 22.698 296.781 471.453 21.562 485.151 481.480 22.118 131.162 185.200 19.156 273.917 24.235 18.779 82.306 314.690 20.568 342.711 118.523 25.281 126.593 304.367 20.954 48.262 464.645 23.107 246.814 381.252 24.146 428.178 252.417 21.069 477.981 398.705 22.595 372.577 441.664 24.334 280.398 96.563 18.977 447.594 136.291 23.690 268.690 499.625 19.531 11.744 464.327 22.346 8.911 352.751 22.529 124.994 482.334 19.118 123.443 191.813 20.434 171.667 236.526 25.757 277.720 5.351 18.736 326.621 363.821 26.766 415.190 18.698 21.178 148.185 5.819 16.709 299.285 453.653 22.383 4.431 5.800 23.799 320.816 156.320 24.185 392.684 418.000 24.750 435.806 444.737 22.522 499.710 84.642 23.328 226.971 328.685 21.560 490.789 65.574 23.950 26.049 180.470 20.624 209.979 291.376 21.673 228.834 409.165 21.401 279.092 474.265 21.178 499.533 295.144 18.915 4.649 143.354 19.782 352.803 400.733 25.549 160.799 160.790 20.564 269.648 78.653 16.708 229.717 29.749 15.439 344.986 340.270 23.605 27.000 42.030 25.000 232.586 268.392 20.677 298.145 272.580 23.095 462.799 157.643 20.900 211.321 171.506 21.437 200.547 144.285 20.811 326.416 112.187 25.359 492.950 368.501 22.483 465.627 185.187 20.130 144.772 358.517 20.906 122.891 312.670 20.702 35.698 452.356 23.933 31.640 76.983 22.410 376.032 245.997 21.688 274.797 46.268 19.016 344.004 492.598 23.758 401.863 304.126 22.385 183.492 296.770 23.981 315.429 6.146 20.453 280.442 12.444 18.911 268.668 442.647 22.524 313.317 125.693 24.769 45.749 385.389 24.351 281.008 191.401 22.922 134.895 154.210 21.557 59.226 230.812 21.016 304.776 310.060 23.174 393.374 494.857 20.789 76.292 355.419 19.612 149.378 154.911 20.198 134.467 165.086 19.757 121.259 338.881 21.065 446.491 286.205 20.826 226.962 486.496 18.045 154.621 454.549 19.339 479.712 382.135 23.050 371.868 335.085 22.648 286.341 202.269 22.053 261.896 417.122 21.976 168.558 458.443 19.560 446.843 498.795 21.431 394.237 111.771 22.599 306.389 346.477 23.824 84.463 82.514 21.326 139.488 227.282 22.913 326.333 232.917 22.425 400.437 100.926 23.272 412.216 31.799 22.724 245.829 278.932 20.303 424.823 76.378 23.707 422.749 329.998 21.485 493.502 307.426 18.902 50.414 207.530 21.051 44.427 488.129 23.347 448.199 350.935 22.733 174.360 432.143 20.726 144.660 142.552 20.837 260.566 387.512 22.853 348.498 11.639 23.663 103.745 458.764 21.380 107.971 23.540 19.275 324.814 151.002 24.324 1.112 35.807 25.431 131.917 9.340 17.661 108.531 261.102 19.969 279.679 262.774 21.715 40.234 302.303 19.613 1.704 204.646 20.574 491.452 243.613 19.365 429.695 126.129 23.498 316.064 83.731 21.524 134.760 315.785 21.097 297.431 375.332 26.552 126.531 327.601 20.361 499.247 367.110 22.164 93.998 221.155 20.789 302.513 175.257 25.797 36.070 471.180 23.419 51.793 66.090 21.590 178.427 48.040 16.019 354.171 275.952 23.524 165.120 45.491 15.881 357.263 386.015 25.631 116.201 286.185 19.297 401.599 214.310 24.152 352.206 113.190 24.211 23.460 369.616 23.386 244.446 142.396 20.479 141.221 202.450 21.394 175.158 23.940 16.256 340.383 226.057 22.786 333.645 114.427 25.828 13.787 64.103 23.448 25.516 244.473 19.063 134.079 71.142 18.591 57.884 17.272 21.731 311.117 60.839 19.241 178.578 281.178 24.721 490.183 149.437 19.428 63.765 185.163 21.828 138.442 374.267 22.103 197.455 374.139 21.409 32.437 185.200 21.042 129.084 327.457 20.659 363.168 339.836 22.203 477.707 5.621 22.796 450.523 381.769 22.446 450.808 486.651 22.045 418.234 446.931 23.506 319.669 279.919 23.603 249.144 190.099 23.274 3.298 135.682 20.817 249.980 297.110 22.123 114.748 137.934 21.549 67.594 12.504 20.798 320.606 266.534 23.653 22.741 339.903 19.261 430.940 327.583 20.675 306.395 236.949 22.039 376.984 324.117 22.891 98.850 483.777 20.350 64.341 124.286 21.076 3.225 470.377 21.872 211.627 64.869 15.439 155.164 375.530 22.088 484.664 6.515 23.863 123.872 232.477 20.995 455.019 302.610 21.015 113.377 42.612 20.003 366.633 499.725 22.344 478.445 411.804 23.217 252.737 207.570 21.660 363.891 42.773 21.773 55.836 189.545 21.616 57.750 389.350 24.506 236.790 120.888 18.914 175.264 160.257 21.010 250.019 105.431 17.091 8.226 51.917 23.679 56.528 303.735 20.406 144.104 89.729 19.418 6.760 296.979 18.432 335.943 346.071 24.142 461.012 280.695 19.396 468.460 391.674 22.374 150.611 420.140 21.011 24.598 499.943 23.036 200.261 498.950 16.220 427.015 20.992 21.282 24.072 142.657 20.463 135.082 272.433 22.973 499.469 24.975 24.752 245.137 101.390 16.725 87.992 340.459 19.668 228.651 169.967 22.277 30.707 156.067 19.691 295.145 243.499 22.003 197.689 251.224 22.811 159.952 23.615 16.508 72.578 166.665 22.365 389.485 367.550 24.181 253.945 53.514 16.115 362.615 267.780 23.803 353.447 432.922 25.304 7.510 393.931 24.738 295.704 29.305 18.743 406.042 84.778 21.990 184.238 76.544 17.133 214.077 11.132 16.439 326.942 8.772 20.285 297.328 257.009 22.525 461.459 338.033 20.600 317.196 393.958 26.272 425.136 40.406 23.159 254.896 166.812 21.971 195.616 142.308 20.721 453.174 459.179 22.305 276.885 12.474 19.622 452.807 356.481 22.962 38.046 5.137 22.751 174.052 386.899 20.151 18.815 22.268 23.913 340.507 238.633 21.702 333.759 233.263 22.559 329.150 369.846 26.241 188.626 248.701 24.208 417.412 308.580 20.811 6.560 346.052 20.607 358.894 11.786 22.559 90.561 177.430 20.083 438.224 409.800 23.212 26.861 374.151 24.257 132.699 200.653 20.252 410.091 453.306 23.383 124.775 268.169 20.591 207.865 438.441 18.946 3.093 315.580 18.232 473.116 309.027 20.946 344.889 456.570 22.963 59.049 350.674 21.008 111.088 369.658 19.448 450.083 213.448 21.901 184.466 1.527 16.114 459.244 126.458 23.131 452.907 352.088 21.801 313.890 143.181 23.210 499.759 130.087 21.338 79.181 272.761 19.227 157.128 184.502 20.779 204.227 184.651 23.173 82.970 54.816 19.482 491.732 457.653 20.915 442.371 137.508 24.095 219.942 470.405 19.193 255.462 249.509 19.853 17.676 11.451 23.530 34.442 481.169 23.125 354.122 356.465 23.204 374.088 322.215 22.938 399.898 275.281 22.563 137.460 136.212 21.274 54.668 428.084 25.630 271.729 291.900 21.551 194.565 334.990 21.770 161.849 207.302 21.598 430.262 303.934 20.975 380.942 8.752 22.506 447.814 19.900 20.583 54.685 391.569 25.391 269.467 465.391 22.431 268.833 310.947 22.955 231.743 152.550 20.985 59.751 54.560 21.394 75.432 406.776 24.218 171.939 295.455 24.390 498.173 297.312 18.192 301.858 300.572 23.782 404.196 49.078 22.638 402.371 286.147 22.088 295.353 463.636 22.957 386.071 35.643 22.974 292.494 442.328 23.395 154.305 102.118 21.582 367.000 94.843 24.690 173.147 229.449 24.533 166.087 417.640 20.500 70.279 135.659 21.338 291.572 160.906 24.030 106.923 207.001 20.345 217.704 95.612 18.186 12.659 428.078 24.519 290.819 458.517 22.879 416.454 210.047 23.926 326.170 67.243 20.064 24.200 310.380 18.976 497.501 397.652 24.541 417.056 8.808 21.913 97.197 178.713 20.146 37.502 191.402 20.368 127.084 119.120 20.725 184.233 106.094 19.564 454.423 124.071 22.614 7.010 14.879 23.784 316.865 202.869 24.393 189.940 23.043 16.366 244.859 69.996 15.163 355.243 482.701 21.736 437.736 59.129 24.494 153.331 369.508 22.133 100.113 399.256 22.357 397.247 187.012 24.735 11.548 129.022 20.991 51.039 88.024 22.614 209.766 41.540 13.965 43.431 95.022 21.632 190.818 17.688 15.821 218.558 354.650 22.415 495.243 312.084 18.071 0.335 499.999 23.595 69.817 51.599 20.121 169.586 217.255 23.186 34.481 351.677 20.668 60.712 487.027 23.506 313.929 342.227 24.512 334.673 0.154 21.168 260.454 434.202 21.527 122.691 155.164 21.415 43.945 64.414 20.879 330.843 123.844 25.549 19.711 480.182 22.621 390.348 241.227 21.666 364.774 290.924 24.079 142.007 130.564 19.842 381.992 405.597 26.918 171.964 266.298 24.696 366.381 489.370 22.345 275.326 387.437 24.804 393.467 291.875 22.371 486.153 397.904 23.413 433.288 83.379 23.879 471.542 47.347 25.087 200.267 154.638 21.464 78.888 52.705 20.663 165.217 262.322 24.567 87.877 238.604 20.519 166.710 423.352 20.999 306.800 290.580 23.680 193.202 350.592 20.351 211.689 333.683 23.162 446.570 149.934 23.039 388.799 112.811 25.081 7.339 3.499 23.072 361.887 79.071 22.966 63.360 233.036 20.734 465.413 178.182 20.948 375.104 41.077 23.383 7.356 72.666 23.581 425.852 96.477 22.918 313.803 470.283 21.035 40.156 183.520 21.009 329.615 421.959 25.050 456.089 465.342 21.981 84.699 70.658 20.870 223.440 284.366 22.502 298.832 108.217 22.601 461.728 272.722 20.132 275.769 310.186 24.381 28.178 404.068 24.388 488.207 451.673 23.207 159.936 453.945 20.255 8.893 208.084 20.687 122.609 250.976 21.305 91.113 266.529 19.489 5.045 471.495 22.315 194.033 464.316 18.672 278.973 481.482 20.037 332.445 320.576 23.290 59.644 65.695 21.505 137.900 329.492 21.251 220.692 0.587 16.741 388.496 124.833 24.019 234.506 125.093 20.942 187.938 18.785 16.860 72.272 118.754 22.451 113.244 172.333 20.122 205.736 18.535 15.564 72.266 132.425 21.833 0.398 256.038 18.608 140.577 86.209 18.720 140.364 120.348 21.888 429.870 137.638 23.607 369.675 293.211 22.820 107.328 101.647 20.875 174.226 412.702 19.468 470.971 406.073 22.776 1.735 375.608 24.099 106.262 167.971 20.812 357.091 59.684 20.537 370.292 179.068 24.014 403.059 35.442 23.049 314.406 350.602 24.559 15.509 242.662 18.306 490.609 422.911 23.649 100.871 110.816 21.979 247.475 161.979 21.650 407.221 369.421 23.972 266.987 47.427 17.581 57.642 172.255 22.292 84.295 155.256 21.238 148.232 476.711 18.481 261.968 120.348 20.378 452.943 387.281 22.297 247.559 5.813 16.561 373.308 403.924 26.714 111.507 35.502 17.910 324.439 263.164 23.056 148.931 482.992 16.503 65.464 207.981 20.809 87.723 178.626 19.929 224.771 258.719 21.172 455.353 214.492 20.341 35.820 383.996 24.527 40.259 387.392 24.601 2.857 30.434 25.123 334.031 227.075 21.584 399.242 487.734 20.512 214.808 453.413 18.975 141.280 352.218 20.934 117.171 492.334 18.910 375.879 67.286 23.289 280.576 318.533 23.728 385.207 427.540 25.077 179.560 172.419 22.419 138.443 481.173 18.491 251.772 4.942 18.251 1.392 398.474 23.244 252.605 279.811 20.399 351.847 62.108 21.672 87.188 138.959 22.196 369.454 227.137 23.005 436.965 464.154 22.452 185.597 214.259 23.085 110.183 274.271 20.140 18.716 40.979 24.471 58.331 448.817 24.904 494.565 44.289 24.489 319.472 244.647 21.477 24.271 249.364 18.424 182.518 310.066 23.314 40.808 117.720 21.548 435.920 42.342 23.409 219.165 377.429 21.706 453.095 136.078 23.990 184.508 174.069 22.094 440.500 19.712 21.606 428.340 215.092 21.701 170.431 108.676 20.012 198.587 398.098 20.464 237.098 321.820 21.383 237.696 406.593 22.859 372.362 310.452 22.530 34.301 374.278 23.802 391.896 39.900 23.262 231.525 203.094 22.333 323.811 308.559 24.110 179.644 446.914 19.197 64.271 52.561 20.657 438.434 36.092 21.922 394.905 360.954 22.296 105.033 105.981 20.529 389.729 498.522 21.426 146.251 415.195 20.688 22.321 316.036 18.437 2.861 123.017 22.328 147.175 487.786 17.474 205.878 477.051 17.786 276.384 4.752 18.698 249.047 478.560 18.476 77.422 499.751 21.065 439.285 26.227 20.974 167.669 17.162 15.225 470.376 450.998 22.057 151.591 34.721 17.725 484.107 494.279 21.937 172.029 36.617 15.959 125.312 65.192 19.516 372.617 265.264 21.416 147.292 79.601 19.333 333.991 379.570 27.489 375.190 230.691 22.842 258.757 172.862 24.122 355.042 333.012 23.067 53.995 261.154 18.601 282.244 22.464 17.931 126.200 242.950 22.808 381.358 446.672 23.732 102.039 361.693 20.081 300.784 409.857 24.773 165.881 482.326 17.068 89.952 185.024 19.898 140.663 298.719 22.344 459.601 90.124 24.503 206.463 393.627 21.161 499.363 250.151 17.222 86.899 28.617 17.898 428.059 113.477 23.206 251.375 359.462 24.141 292.639 132.144 24.161 178.910 70.144 16.978 307.032 445.906 22.250 248.117 243.961 19.094 108.642 499.620 19.257 199.475 160.520 21.314 398.424 290.189 21.569 333.985 19.068 21.874 367.051 6.519 23.338 54.886 165.779 22.846 282.458 284.746 23.506 74.195 67.476 20.163 261.307 344.143 22.998 163.303 196.989 21.223 457.049 427.994 22.004 162.349 400.062 21.806 53.180 96.308 23.219 407.928 154.275 24.302 264.666 304.868 23.407 126.132 47.780 18.515 49.751 82.717 22.433 224.508 383.541 22.223 492.112 118.763 22.230 40.044 174.248 21.396 281.379 400.133 24.145 45.167 76.365 21.996 36.582 440.837 24.271 489.875 112.925 22.493 426.914 333.261 20.739 417.294 481.453 20.277 284.893 280.234 23.061 360.639 153.235 23.975 268.977 403.964 23.181 156.313 278.618 24.640 173.098 460.724 19.256 347.927 141.103 25.586 52.077 397.521 25.954 278.649 213.497 20.718 319.001 180.211 25.041 342.694 189.414 24.966 64.415 244.106 19.316 252.047 388.249 23.560 144.055 420.734 20.446 429.435 493.524 20.997 95.870 208.186 19.504 391.177 180.677 24.236 107.212 190.536 19.606 317.276 104.713 23.353 419.509 69.576 22.669 218.745 83.085 15.940 255.872 391.939 22.057 175.552 236.639 25.563 420.526 214.159 25.038 219.299 227.453 22.054 432.301 153.613 23.994 90.248 377.869 18.951 141.526 444.444 19.803 64.363 326.731 21.040 263.786 53.587 16.695 97.850 94.474 20.634 423.306 363.227 22.361 49.175 47.159 20.608 67.201 143.282 21.519 241.923 35.851 16.195 2.368 480.379 22.572 90.429 430.072 23.112 463.564 335.033 20.680 221.803 35.779 15.146 375.085 213.215 23.200 490.354 121.160 22.232 374.756 310.622 22.038 252.701 75.405 16.241 476.410 430.643 22.084 451.541 320.409 19.799 351.769 317.115 21.988 279.668 297.911 24.003 128.164 487.288 18.528 39.918 6.548 22.864 381.248 89.105 24.991 344.250 353.159 24.461 154.838 434.135 20.808 67.016 7.879 20.434 496.996 196.779 20.023 207.058 48.227 15.647 421.555 357.515 23.140 291.131 316.452 24.237 294.738 88.240 19.928 55.995 313.556 20.502 433.236 178.313 23.657 96.315 76.913 20.002 75.937 362.299 20.052 55.062 381.756 23.822 95.633 112.131 21.966 44.446 399.888 26.193 81.170 0.336 19.995 175.982 82.737 17.122 39.550 267.670 19.753 240.170 53.910 15.434 156.364 160.704 20.225 407.753 256.560 21.146 9.240 446.105 22.567 377.526 178.156 24.335 69.859 125.723 22.115 52.736 477.367 23.179 178.566 441.483 20.001 362.605 496.165 22.170 30.653 167.594 20.073 101.883 304.906 19.373 275.381 356.436 24.647 289.855 497.490 18.933 330.656 184.311 25.183 424.391 234.452 20.971 294.714 176.206 25.292 111.045 459.428 20.967 100.863 457.216 21.114 216.252 195.286 23.230 301.299 4.542 19.212 75.693 177.234 22.098 98.361 190.523 19.066 201.208 452.898 19.355 425.212 85.217 24.194 148.760 220.099 23.896 488.240 299.458 18.510 98.406 155.072 22.365 412.555 301.884 21.176 75.500 137.525 21.266 18.177 190.527 20.315 460.298 422.545 22.210 348.981 209.211 23.766 282.839 101.346 18.592 356.577 365.009 24.291 496.962 6.594 23.451 183.694 483.797 17.484 237.281 37.661 16.050 231.425 394.659 21.913 453.126 5.020 22.200 291.570 24.147 18.174 466.419 76.134 23.757 224.958 166.422 22.629 198.152 446.400 19.259 397.517 400.197 26.794 408.716 392.527 25.249 70.751 266.360 19.809 199.279 309.813 23.086 449.170 184.926 20.599 491.110 255.127 18.283 14.049 434.672 24.071 101.807 208.062 20.372 136.180 310.900 21.971 110.307 379.897 20.748 48.094 476.902 23.217 168.903 150.843 20.917 311.427 298.290 24.195 184.392 414.369 21.132 55.248 58.181 19.712 170.389 312.265 23.508 368.456 127.381 24.149 253.033 368.794 23.177 194.634 426.919 20.101 29.973 356.282 21.578 310.920 405.270 26.321 456.621 143.116 21.762 15.374 0.063 23.406 108.424 237.818 20.753 275.301 19.528 18.825 116.724 309.506 19.505 179.273 254.094 25.324 386.329 398.943 25.745 109.650 325.541 19.940 177.067 120.131 21.831 145.110 302.590 22.228 494.495 499.570 22.612 120.656 141.346 22.048 494.376 357.512 22.065 213.153 93.205 17.879 370.319 387.504 26.555 382.150 277.824 22.326 240.560 64.309 14.722 324.136 142.658 24.995 467.465 101.301 22.916 370.961 214.458 22.941 94.360 353.410 19.664 252.943 125.789 20.951 92.089 47.431 19.394 44.693 110.898 20.665 381.415 234.654 22.268 115.671 453.069 21.574 164.464 391.601 20.091 393.589 66.788 23.265 428.158 499.074 22.408 28.652 298.374 19.491 168.072 80.872 17.881 316.745 238.180 22.445 369.698 247.527 22.375 190.783 394.072 19.379 442.659 12.296 20.764 370.138 275.682 23.355 478.616 492.063 22.625 177.393 369.629 22.105 284.334 446.078 22.651 145.770 226.577 23.465 185.568 111.656 20.865 159.605 306.411 23.022 204.848 60.231 16.259 362.183 419.914 24.605 364.777 285.838 23.071 75.761 481.397 20.795 456.271 452.561 22.371 15.497 14.938 23.229 464.773 393.842 22.551 139.995 25.710 17.877 178.956 328.170 22.760 350.172 118.918 24.397 292.404 10.747 18.076 446.501 94.107 22.586 313.052 492.956 20.476 126.912 166.393 20.163 85.482 297.265 19.545 102.575 155.651 21.348 326.181 339.977 24.568 94.568 303.671 20.321 379.734 131.199 24.476 142.171 409.710 20.130 102.340 321.495 19.660 484.218 458.722 23.108 323.275 184.579 24.525 423.589 5.446 20.963 339.979 298.905 23.240 476.644 456.833 21.743 499.282 49.830 23.654 387.276 446.818 23.657 498.201 333.560 19.589 226.447 459.018 19.590 264.763 469.121 20.286 131.808 42.389 18.155 121.645 215.140 20.805 67.474 22.588 20.704 211.908 345.998 21.296 448.695 448.143 21.869 225.314 155.829 20.529 287.290 407.890 23.540 382.352 317.350 22.887 350.982 230.598 22.074 164.962 428.338 21.520 164.326 206.718 21.483 81.343 269.090 20.484 226.653 54.753 15.843 195.911 0.335 16.222 107.946 304.511 19.166 93.239 278.943 19.524 119.623 380.512 20.254 302.021 376.472 26.680 163.044 379.483 21.732 132.749 380.729 21.496 390.134 452.853 24.370 395.587 154.890 24.305 448.515 244.818 19.556 336.750 463.538 22.538 0.818 70.618 23.894 434.194 66.344 22.638 39.236 458.705 23.564 165.317 237.683 24.873 339.891 350.887 24.546 159.209 257.980 24.595 401.022 202.649 25.475 394.242 47.194 22.413 275.080 57.738 18.541 174.210 6.614 16.596 154.905 364.049 22.319 255.029 238.531 20.775 71.236 254.224 19.908 426.051 350.748 21.756 97.566 295.570 19.165 494.269 71.395 23.848 27.498 219.238 20.417 468.760 249.290 19.643 148.001 261.967 22.856 257.480 245.647 20.253 256.662 203.099 21.925 432.145 214.008 22.859 426.876 284.889 22.332 209.297 36.877 14.903 306.978 63.663 20.686 217.798 278.584 21.608 9.128 435.467 24.447 103.989 358.536 18.896 375.470 78.056 23.273 38.185 112.638 21.881 141.279 214.291 23.165 320.977 19.470 20.989 424.506 423.147 22.875 458.057 489.791 21.241 66.423 262.496 18.990 494.995 322.329 19.264 307.851 124.955 24.550 150.458 0.053 15.693 211.099 190.721 22.883 34.595 495.144 23.270 477.776 197.877 21.175 21.171 183.122 20.778 188.877 345.175 20.177 120.468 279.820 20.457 81.186 457.889 22.740 61.814 197.626 21.042 267.639 120.742 20.697 346.486 368.268 26.809 261.350 189.763 23.304 474.328 220.950 18.975 331.444 388.118 27.263 230.783 286.580 20.733 65.033 29.053 20.281 225.898 358.987 22.952 243.787 177.980 22.570 491.171 196.289 20.400 81.578 450.350 23.663 494.490 381.048 23.812 78.062 154.098 21.210 4.268 196.207 19.714 88.365 16.917 19.379 3.054 457.781 21.799 272.178 138.765 22.159 338.912 29.243 22.907 363.635 171.195 24.341 66.052 447.914 24.255 369.949 148.586 23.029 384.014 21.243 21.475 473.521 292.815 19.962 170.503 391.579 19.648 146.322 63.125 18.048 162.247 386.974 21.051 283.931 78.450 19.073 498.603 378.610 22.537 475.502 477.119 21.378 309.514 423.701 24.398 309.248 12.544 19.431 488.057 167.395 19.300 420.129 381.307 25.113 345.372 435.163 23.974 46.409 432.557 25.547 127.880 1.223 17.971 36.787 203.630 19.792 461.156 314.202 19.805 127.226 179.143 20.496 289.154 4.139 17.873 5.122 422.774 23.213 489.322 76.945 24.335 206.386 398.320 20.861 267.495 449.212 22.049 303.099 256.362 22.961 452.059 309.594 20.739 222.860 446.187 18.990 363.184 5.237 21.888 14.321 363.022 23.199 490.659 291.862 18.716 70.568 338.461 20.530 491.482 220.041 19.654 301.160 184.039 25.248 357.380 236.992 22.283 43.838 417.640 25.325 8.034 102.216 21.846 290.284 415.198 22.472 304.044 441.084 23.260 61.464 436.055 25.877 301.294 444.870 22.152 63.477 302.702 19.517 427.463 356.659 22.630 463.339 70.455 24.006 468.063 11.124 22.013 113.425 243.671 20.951 349.559 345.036 24.262 162.508 184.761 21.226 244.339 395.123 22.368 292.725 225.755 22.524 408.376 275.932 21.775 396.015 20.602 22.000 45.641 11.051 23.717 198.452 195.077 23.770 340.300 379.170 26.597 78.973 131.931 22.386 65.312 349.252 21.189 59.632 107.019 22.573 238.684 420.409 20.571 275.571 129.500 23.084 386.830 457.316 22.803 386.756 66.319 22.567 316.886 429.600 23.795 420.788 107.629 23.071 237.353 159.812 21.041 407.389 167.787 25.748 243.603 285.003 21.275 397.605 6.104 21.331 180.560 165.529 22.024 125.776 88.180 20.093 71.746 226.680 20.922 119.037 314.573 20.791 395.013 103.117 23.808 107.111 385.695 21.215 293.501 452.944 22.199 425.755 313.483 21.152 327.511 243.389 21.410 228.486 17.613 16.199 247.800 17.788 15.591 363.811 453.251 24.196 216.315 336.887 22.503 132.342 245.036 22.821 7.101 345.142 20.955 327.281 190.681 24.404 329.377 404.520 27.554 265.338 254.253 19.357 479.635 292.696 20.154 275.133 364.919 25.079 90.355 58.936 19.500 19.953 88.463 23.806 47.438 455.595 24.762 288.750 173.720 24.636 226.273 439.976 20.225 91.677 119.572 22.588 208.803 458.490 18.783 495.557 41.844 24.487 63.866 172.578 22.222 257.832 130.380 21.033 219.232 107.847 18.117 369.067 316.025 22.634 122.738 405.802 21.178 420.250 486.809 19.222 202.989 130.858 20.409 89.978 499.467 20.265 203.719 160.430 21.954 330.571 22.705 21.918 9.186 245.383 17.914 152.353 404.872 20.247 214.843 448.549 18.781 229.127 452.914 18.912 452.053 393.319 21.637 288.590 295.591 22.880 465.228 381.147 22.983 243.980 137.689 20.499 317.168 311.132 24.186 407.271 232.321 23.744 56.769 108.787 22.120 498.832 141.888 20.048 283.957 494.101 18.952 384.849 11.406 21.354 18.593 108.822 21.364 142.187 282.153 22.805 109.087 117.738 21.629 475.293 2.237 22.600 282.618 292.571 22.776 141.937 331.646 22.544 458.165 129.490 23.433 136.161 458.112 21.592 371.585 96.376 25.366 0.112 443.517 22.828 21.014 352.146 22.433 248.760 352.242 24.267 222.412 219.518 21.875 253.077 398.455 22.166 154.990 112.666 20.830 8.301 269.137 17.783 316.023 217.237 23.120 411.915 363.212 23.469 484.818 30.443 24.325 242.545 220.045 21.143 427.972 376.172 24.167 290.876 124.597 23.237 269.692 71.341 15.799 8.854 322.670 19.235 165.873 231.527 23.853 48.255 489.220 23.676 454.174 197.651 20.475 255.773 370.282 23.945 207.275 279.833 23.164 322.252 219.445 23.474 241.044 384.723 23.249 337.046 231.955 21.978 458.926 24.973 23.581 159.177 470.541 18.706 227.445 77.300 15.235 76.320 4.969 21.643 300.649 41.365 18.768 174.712 330.588 22.640 120.866 136.031 23.071 454.863 220.208 20.112 315.609 140.968 24.069 234.602 5.516 16.314 183.232 119.737 21.116 45.664 265.798 19.198 66.286 251.582 19.350 156.887 322.165 23.467 187.471 458.264 19.850 421.833 140.811 24.784 298.066 379.028 26.584 60.011 57.029 20.283 75.971 412.044 24.709 264.965 435.905 21.258 473.098 0.583 22.302 355.941 493.982 23.407 456.208 415.424 21.135 139.266 351.428 21.276 146.990 212.308 22.381 492.239 7.250 24.034 488.183 213.734 19.960 251.865 203.644 21.447 93.126 54.024 20.583 0.647 463.747 21.779 88.607 154.539 20.717 137.918 207.357 21.856 324.090 22.645 20.934 368.982 66.609 23.112 485.630 232.736 18.707 137.115 387.857 21.072 236.904 344.691 22.456 308.561 39.878 18.806 152.587 225.501 23.423 466.135 165.237 21.165 440.976 88.110 22.689 197.529 88.932 16.782 405.670 135.259 24.432 66.916 333.370 20.147 51.223 77.487 21.961 41.445 161.407 20.935 188.343 292.134 23.368 358.874 460.399 23.043 154.868 147.213 20.659 331.422 41.859 20.563 64.944 483.210 22.039 219.100 263.665 21.131 50.667 101.332 22.516 305.001 225.270 22.819 148.782 124.400 20.905 364.917 132.326 24.004 40.422 440.164 24.467 455.367 297.961 21.342 60.975 96.666 22.510 367.124 443.511 24.531 25.724 202.395 20.455 201.101 83.110 16.906 210.589 30.184 14.827 284.829 227.159 20.512 188.409 357.131 21.203 161.851 244.786 24.182 8.455 222.987 20.559 479.790 327.472 18.046 328.353 255.142 22.252 125.903 499.966 18.288 476.112 180.044 19.441 35.152 206.928 20.852 218.211 178.956 22.266 367.936 434.265 24.484 68.188 433.655 25.268 98.304 214.099 20.448 74.200 487.143 21.205 21.019 397.049 25.675 149.255 351.582 22.345 164.457 201.692 22.376 395.071 343.656 22.919 377.849 168.396 23.339 432.858 452.019 22.651 31.140 464.923 23.390 484.795 329.039 20.886 486.649 499.828 23.345 364.140 184.934 23.955 93.680 230.030 19.815 53.491 124.748 20.826 281.616 224.624 21.366 148.200 403.709 21.033 5.436 119.823 21.734 191.668 470.831 18.880 323.511 204.326 23.960 181.068 410.208 19.712 197.900 388.156 21.340 99.772 268.694 19.739 272.845 375.516 24.534 10.196 339.868 19.116 50.897 386.852 24.326 149.134 341.786 22.472 79.681 93.989 21.234 73.714 4.475 20.562 316.514 25.393 18.540 81.772 362.364 20.268 396.106 487.499 20.906 383.215 54.364 22.891 407.122 34.460 22.337 218.407 346.032 21.530 445.714 82.984 24.145 77.102 488.948 21.381 176.483 191.388 22.223 271.411 112.964 19.642 269.063 498.810 19.136 212.160 179.046 23.227 402.586 191.391 23.813 93.168 41.319 18.228 230.711 60.946 16.896 47.855 9.969 22.774 486.663 425.727 23.658 394.285 327.023 22.757 66.531 136.576 21.757 477.470 41.944 24.546 287.004 273.976 23.221 494.181 106.419 22.460 259.238 40.017 17.067 465.346 256.205 18.800 161.519 411.781 20.155 244.493 465.982 20.929 378.655 239.179 22.994 0.707 69.414 23.345 73.132 34.794 19.704 268.674 392.396 23.861 138.563 243.640 23.431 22.071 326.629 19.056 499.838 405.572 23.447 82.590 387.481 21.111 6.662 452.611 21.795 264.173 41.337 16.527 432.586 251.378 20.661 77.428 103.104 22.058 268.842 489.256 18.927 470.538 156.379 19.626 0.076 310.263 18.189 425.008 64.479 22.591 137.037 256.392 23.415 489.948 304.888 19.397 287.628 350.480 24.216 448.438 198.388 21.229 40.751 102.105 21.626 435.509 17.480 20.886 464.652 108.038 23.296 5.765 249.864 17.631 325.405 191.047 24.257 429.533 458.723 22.319 212.034 36.272 14.002 448.302 114.083 23.834 451.593 366.892 22.741 268.285 22.958 18.488 35.342 153.503 19.509 414.229 174.691 24.519 353.435 310.489 22.752 238.551 0.033 16.817 424.816 320.754 21.919 442.727 361.631 22.165 36.396 331.306 19.321 235.523 422.000 19.978 345.617 297.563 22.906 484.070 338.687 19.554 371.142 498.524 22.696 61.551 13.403 22.579 82.192 302.517 18.574 190.349 422.749 20.372 178.134 273.614 23.704 149.023 172.126 21.047 6.572 178.583 18.145 496.938 434.271 22.591 6.264 36.642 24.746 353.311 201.967 24.152 288.766 52.610 19.069 184.912 410.566 19.570 163.303 225.611 23.974 348.513 106.633 24.734 112.711 340.773 21.298 207.933 94.607 19.400 113.160 113.199 20.565 305.544 139.911 26.000 164.662 334.616 22.745 219.530 10.299 16.769 99.858 248.344 21.473 11.099 368.665 23.084 288.925 87.130 18.491 91.331 108.263 22.716 152.978 177.561 20.277 194.528 263.755 23.498 495.321 244.591 18.486 385.847 301.497 22.327 16.224 385.435 25.430 493.155 469.980 22.355 499.342 143.464 19.233 441.517 387.912 22.892 191.417 387.464 19.583 308.241 186.676 25.045 247.668 183.654 23.371 417.925 89.338 23.064 434.405 261.670 20.567 64.948 375.522 23.167 342.076 434.799 24.733 119.588 160.333 21.216 420.469 183.954 24.722 9.124 31.206 25.224 427.365 71.697 22.737 307.540 280.430 25.743 481.401 119.652 23.149 285.340 83.679 18.677 337.952 214.783 22.769 327.194 435.693 23.200 347.898 132.394 24.986 197.356 351.007 21.217 36.242 58.960 22.985 67.172 321.297 20.957 453.209 291.747 21.473 47.244 131.860 22.486 184.859 313.903 23.367 400.951 108.181 23.323 304.217 273.970 24.068 374.606 234.779 22.728 322.365 475.587 21.555 48.622 498.501 23.448 204.236 445.991 19.151 268.457 251.720 21.402 13.761 328.314 19.769 244.499 321.022 21.494 343.594 438.764 23.703 443.659 267.241 20.238 444.266 345.518 21.955 410.750 5.151 21.828 237.713 214.905 21.687 477.608 338.986 20.824 263.990 362.591 23.800 324.061 102.590 23.414 221.238 138.106 20.568 441.972 400.642 22.676 358.840 108.203 24.013 16.767 171.922 20.170 208.816 352.415 20.840 155.248 316.153 22.890 387.217 421.881 26.723 454.040 248.677 20.229 98.395 285.138 19.641 90.960 285.270 20.997 9.796 461.144 22.317 330.823 226.809 22.660 250.330 416.196 20.550 436.222 170.714 23.835 341.508 357.094 25.343 188.980 106.584 19.591 392.135 6.137 21.594 305.837 428.448 24.364 137.773 40.208 18.242 22.714 83.028 22.621 322.509 358.491 25.677 10.984 197.182 19.905 216.415 399.287 21.221 56.089 71.057 22.121 475.719 488.771 21.083 48.039 128.557 21.285 79.616 24.519 19.357 345.603 423.595 24.662 159.369 298.758 23.609 20.132 489.284 23.012 315.155 152.757 25.268 222.597 196.011 22.939 124.290 440.923 21.074 184.072 40.700 15.774 411.425 255.241 20.854 370.573 53.468 23.293 431.922 102.054 23.379 457.757 404.279 21.253 231.399 176.745 23.064 57.888 184.449 21.434 425.747 464.130 22.439 132.489 325.586 20.062 460.254 149.350 22.470 457.614 202.281 20.010 30.673 237.354 20.412 161.561 432.273 20.433 255.334 379.509 24.579 248.023 170.674 22.269 214.299 237.792 21.054 110.063 405.846 20.690 308.379 209.177 24.640 352.591 244.902 19.721 224.166 266.367 20.972 256.402 452.029 21.149 473.692 315.476 20.429 265.159 392.574 23.801 202.209 214.871 23.584 46.156 424.938 25.781 75.129 206.441 20.108 51.831 26.787 22.163 277.397 150.979 23.721 489.454 189.134 20.505 468.288 60.570 24.080 489.336 130.825 22.393 110.666 419.303 21.207 99.781 495.066 19.361 6.583 428.116 24.148 320.275 12.069 20.134 233.717 411.728 21.055 267.754 335.948 23.142 15.802 88.045 22.063 28.742 279.412 19.109 40.633 236.378 19.954 373.234 282.150 23.631 476.121 129.876 22.799 18.751 405.681 24.680 404.207 457.560 23.487 173.439 287.912 23.552 77.813 166.506 23.476 96.927 36.833 20.082 486.861 319.249 19.279 135.677 95.891 20.922 277.825 42.044 18.648 157.457 82.080 18.631 298.481 202.503 23.990 486.765 264.583 17.986 71.966 189.153 20.096 366.399 279.987 23.551 266.526 286.796 21.927 276.752 316.299 23.748 458.412 35.191 22.733 330.920 4.789 21.861 424.036 134.843 23.284 243.978 215.690 21.555 389.381 44.429 22.730 390.705 343.801 21.643 328.263 238.299 20.967 156.744 244.544 24.630 142.455 27.794 17.748 94.827 99.927 20.863 313.953 136.793 24.436 495.316 93.261 22.979 301.035 125.683 24.397 90.670 463.600 21.404 43.009 59.024 21.654 66.222 227.091 20.632 83.351 278.581 20.352 454.225 377.613 22.933 332.718 159.301 24.729 280.098 179.992 24.335 488.670 102.480 22.288 304.803 213.506 23.258 397.890 61.748 22.330 352.464 226.972 21.426 39.583 137.952 20.264 439.133 226.002 21.896 420.015 329.915 20.212 478.824 484.028 22.208 2.430 434.307 23.821 169.359 161.117 21.014 322.547 149.578 23.737 326.336 290.219 23.427 43.246 307.786 19.242 41.880 404.189 25.630 288.973 302.333 24.046 275.771 469.749 21.299 272.662 410.603 23.264 373.430 420.387 25.788 319.491 29.765 19.432 186.449 281.928 23.669 0.176 357.156 21.517 447.293 385.865 22.617 0.384 226.246 19.392 17.406 476.696 22.127 109.238 465.397 21.245 462.547 477.404 21.527 440.699 248.453 20.300 140.486 2.267 16.840 487.346 83.241 24.124 60.483 238.231 19.978 477.135 499.624 22.161 247.260 386.616 22.950 155.746 221.537 23.989 267.851 179.542 23.424 55.173 356.571 22.329 103.526 81.452 19.192 23.473 416.037 24.929 364.214 196.520 23.487 447.244 208.799 21.836 313.414 17.241 18.855 263.674 337.510 21.999 416.334 419.290 24.136 231.469 334.488 22.467 164.002 367.312 22.346 163.945 190.168 21.109 302.968 403.886 26.283 220.135 321.759 22.297 88.982 421.070 22.133 5.274 362.595 23.112 446.676 457.896 22.298 56.685 368.252 21.817 104.455 444.796 22.743 49.339 333.909 20.171 120.921 237.373 21.764 172.355 198.637 22.797 276.313 267.448 21.506 360.791 36.385 23.500 23.240 333.496 19.242 284.642 483.823 19.992 8.177 328.587 18.662 414.200 369.543 23.061 164.744 36.570 15.550 394.880 37.540 23.287 214.272 5.090 16.305 268.966 5.357 18.351 371.383 27.983 23.876 446.858 63.654 24.402 356.542 113.438 23.378 121.321 39.012 19.174 163.255 86.524 18.376 355.219 31.060 22.707 384.520 333.301 22.633 243.423 346.178 24.402 496.770 231.772 19.097 189.606 321.746 23.892 393.876 124.966 24.141 396.822 355.623 22.208 357.037 195.574 23.670 21.390 160.068 19.541 9.140 30.383 24.360 125.577 16.729 18.262 250.542 262.393 19.576 303.805 381.368 26.426 456.713 10.818 20.980 396.728 336.136 22.362 345.594 481.346 22.041 18.389 312.601 19.264 409.919 16.245 23.364 371.191 206.435 24.553 207.161 486.376 16.092 69.794 316.568 21.210 336.621 6.430 22.349 350.435 173.596 25.370 25.677 226.113 19.994 436.405 417.222 22.916 304.707 12.527 18.733 53.826 422.055 25.670 412.247 113.870 24.251 30.689 251.254 18.502 371.522 82.318 24.637 386.711 7.243 22.394 470.265 0.157 22.768 9.195 459.047 21.826 499.717 0.399 23.583 108.390 221.563 21.174 153.850 427.652 20.082 206.248 5.743 14.866 69.552 197.174 20.623 184.305 11.377 15.723 226.142 417.530 22.651 305.323 119.703 24.387 452.465 494.258 21.989 246.311 492.467 18.181 94.973 433.867 21.131 120.115 343.176 20.803 71.019 291.305 20.054 196.874 280.016 23.467 495.773 206.855 20.268 5.539 12.335 24.156 356.415 172.705 24.336 283.560 374.718 25.780 362.609 54.210 22.029 0.557 226.296 19.159 218.796 410.294 21.162 461.349 434.948 21.786 159.779 0.747 16.073 376.134 435.613 25.483 258.299 126.607 21.562 42.724 24.245 23.718 359.317 232.243 21.837 66.486 0.929 21.429 197.847 230.331 23.109 288.262 233.111 20.849 67.511 295.209 19.944 403.253 23.758 22.828 282.268 35.564 19.183 461.630 23.921 23.964 366.276 61.331 22.893 142.173 35.544 17.662 351.353 30.838 24.076 17.541 7.521 23.401 162.918 144.877 21.804 162.108 219.253 22.958 465.877 293.437 20.166 44.889 471.082 23.480 126.851 129.897 20.212 17.839 180.087 20.006 300.694 6.468 18.895 367.881 221.557 23.028 121.432 58.762 18.581 46.790 209.486 21.331 173.114 399.527 21.127 21.983 230.555 18.821 333.714 190.650 24.889 362.511 434.143 24.483 90.421 89.456 20.874 38.313 246.238 18.302 374.510 471.125 22.427 244.947 489.620 18.584 33.520 305.686 20.119 114.186 153.638 20.917 363.748 459.468 23.903 288.442 482.100 20.893 251.741 225.288 20.809 249.160 250.303 20.457 103.233 486.725 18.604 159.072 333.559 22.847 281.942 426.999 22.585 118.733 243.781 21.882 172.555 335.192 22.326 450.836 154.120 22.840 205.507 320.559 22.115 14.102 6.273 24.153 199.658 429.619 20.297 93.154 405.707 23.175 482.896 109.900 22.568 360.932 311.400 23.058 437.206 221.776 23.204 321.225 421.184 26.128 389.315 13.790 22.502 383.285 344.488 22.245 453.085 286.269 20.843 218.576 285.181 22.583 6.507 132.948 20.844 458.543 107.972 23.798 101.668 317.306 19.606 397.546 165.937 24.631 161.468 496.047 15.627 265.993 78.532 17.354 57.388 6.027 21.910 37.938 354.293 21.623 476.923 70.139 24.571 104.513 464.911 21.224 340.082 310.409 22.813 289.403 3.032 19.452 419.594 157.964 24.448 425.204 459.760 21.666 145.483 222.646 23.007 271.227 423.790 21.820 69.066 206.973 21.379 59.982 130.598 22.170 406.408 6.327 21.784 30.658 369.085 24.324 44.040 184.893 21.489 222.274 244.010 21.126 414.735 362.642 23.182 474.150 116.637 22.279 9.759 362.259 22.875 46.350 172.508 21.205 442.897 491.972 20.029 217.807 423.211 20.324 485.734 83.724 24.743 411.383 245.862 21.768 65.694 177.885 22.849 78.419 19.072 19.781 122.484 318.427 20.626 196.398 49.995 15.298 477.113 11.120 23.121 176.622 498.519 15.843 264.114 386.575 23.302 81.027 233.668 20.626 358.291 315.034 23.038 226.227 250.339 20.527 38.748 89.973 22.548 180.408 96.630 19.241 449.178 174.947 21.870 288.056 255.345 22.343 369.053 181.687 24.081 119.410 257.606 21.100 84.500 189.820 19.642 447.061 320.757 20.881 177.149 488.791 17.085 132.975 48.238 18.766 343.174 315.187 23.247 28.838 0.576 24.055 207.343 166.616 21.572 495.309 289.390 18.175 133.900 451.815 21.784 107.190 362.409 20.458 1.695 89.953 23.001 430.046 269.431 21.292 128.598 349.352 20.750 48.299 177.231 21.816 402.815 346.770 21.828 284.311 316.834 24.543 347.309 166.698 24.301 73.285 216.499 20.260 315.337 78.123 22.213 480.532 158.911 19.777 181.263 396.690 19.025 123.517 166.141 20.202 101.148 471.743 20.621 223.214 161.908 21.952 407.983 476.326 20.846 96.669 452.028 21.000 114.328 166.791 20.933 196.739 449.680 18.474 252.036 112.189 19.302 273.912 219.975 22.100 162.347 339.474 23.291 492.837 178.400 19.932 228.956 111.306 18.855 451.245 415.644 22.736 467.081 231.287 19.718 321.010 291.992 23.463 413.216 59.847 21.881 208.375 244.634 22.163 127.497 202.043 20.256 344.192 460.559 22.706 92.289 487.840 20.573 371.994 143.046 23.605 309.958 238.574 21.884 21.150 123.133 21.465 6.847 192.420 19.782 66.917 165.917 21.509 16.299 148.710 20.016 266.248 59.660 17.388 449.094 468.908 22.333 40.300 132.090 20.867 227.225 461.989 19.092 163.714 403.784 21.389 478.076 226.859 20.059 158.574 426.428 21.164 422.802 315.076 21.100 27.438 112.779 21.568 9.434 304.762 18.190 130.841 316.139 21.265 243.256 167.333 21.792 282.522 486.941 19.386 90.184 474.105 20.800 108.077 351.387 19.255 127.715 101.951 20.519 33.659 457.956 23.584 310.378 452.305 22.809 124.922 6.693 18.744 221.396 388.448 21.272 412.446 481.414 20.738 157.457 469.236 18.197 8.746 480.347 22.649 51.792 339.807 19.753 194.092 287.158 23.869 414.369 404.767 24.421 156.882 213.788 21.568 88.301 257.085 20.234 492.787 159.852 18.161 259.560 50.587 17.345 313.801 374.338 27.204 387.218 469.782 21.112 335.524 402.434 27.005 234.067 316.162 21.472 424.462 122.324 23.160 181.999 84.650 17.571 418.994 29.137 22.361 372.683 381.120 25.703 251.850 302.145 21.613 491.554 404.099 23.890 29.943 58.075 23.319 373.708 131.022 24.521 411.497 410.518 24.576 205.268 75.846 16.333 380.553 375.409 25.187 301.649 206.283 24.282 167.210 4.266 15.837 34.771 159.866 19.943 497.889 392.028 22.948 389.412 287.248 22.766 65.297 76.461 22.365 50.756 361.813 22.587 169.221 257.242 24.683 98.883 4.670 19.706 412.938 183.336 24.936 303.528 171.214 25.248 283.891 137.159 24.305 314.319 447.272 22.537 221.391 422.799 20.924 326.253 423.681 24.796 341.163 455.576 23.984 429.936 290.118 21.141 341.882 233.393 21.689 353.521 165.820 24.548 4.429 387.771 24.218 1.576 54.323 22.911 393.166 161.097 24.872 458.414 238.677 19.139 400.749 205.754 24.012 115.717 491.070 19.964 186.209 195.541 24.152 166.881 146.233 20.887 480.683 404.612 22.870 201.340 284.779 24.802 407.460 94.400 23.513 253.412 160.150 22.720 468.441 88.058 24.847 347.040 274.349 23.340 261.867 443.685 21.838 361.019 358.329 22.464 478.018 315.489 19.299 316.071 93.733 21.547 196.504 357.177 21.147 411.443 44.076 22.443 438.456 308.428 20.649 437.361 275.309 21.318 262.493 498.842 18.808 480.853 178.050 19.930 135.695 369.580 21.461 264.061 292.402 21.855 123.992 273.269 20.416 129.155 36.933 17.866 189.228 214.933 24.739 461.543 6.550 22.439 100.592 373.316 19.552 293.019 93.919 19.975 186.111 255.331 24.941 293.805 266.887 23.785 259.756 256.488 21.301 189.501 227.680 24.507 369.651 435.156 26.175 237.807 96.879 17.057 463.518 416.224 21.127 157.930 249.184 24.082 395.135 142.158 24.363 198.229 363.737 20.772 143.520 41.710 18.139 481.621 165.228 19.904 41.113 263.049 19.336 388.420 382.353 26.200 499.102 338.653 20.326 11.907 285.714 18.492 182.158 234.295 23.531 25.572 391.419 24.974 43.000 393.958 25.551 236.793 286.416 20.933 85.515 10.344 19.881 430.392 53.405 23.632 382.843 201.896 24.477 128.230 214.065 21.177 440.848 314.220 20.945 376.265 118.341 23.484 484.393 364.524 21.951 62.758 340.723 21.224 432.904 191.377 22.659 372.238 153.904 24.149 311.286 369.012 26.072 367.521 268.273 23.189 433.604 355.164 22.505 436.238 184.283 23.285 282.407 255.151 21.975 172.296 89.638 18.103 336.589 371.090 27.495 454.350 170.791 21.208 83.523 197.340 19.366 251.066 34.948 15.601 41.363 213.774 20.919 47.685 23.232 22.517 103.501 69.676 18.728 43.332 231.251 20.126 109.135 76.635 19.178 87.269 167.470 20.918 189.627 273.029 23.712 471.141 309.311 19.288 380.072 392.003 26.705 384.752 414.636 26.905 293.007 189.416 24.177 0.704 476.701 22.884 224.309 174.997 22.230 24.776 214.880 20.463 0.795 403.987 23.963 427.278 243.730 20.576 26.255 21.575 24.942 340.452 431.087 25.152 228.061 6.546 17.371 0.472 167.107 19.192 105.448 402.275 21.991 145.375 180.596 20.573 309.471 464.394 21.173 326.580 410.439 25.832 263.856 370.918 24.088 308.976 316.323 23.342 352.409 268.395 23.133 79.289 238.787 19.509 164.304 92.898 19.426 495.109 28.797 25.816 108.352 440.645 22.707 452.928 434.682 22.278 220.624 428.567 20.301 342.051 406.711 27.283 498.175 77.271 24.077 17.933 59.525 22.807 173.453 338.833 22.288 226.151 333.420 22.357 492.272 155.097 18.948 96.689 165.547 21.333 91.456 369.718 19.793 11.112 293.975 18.315 265.811 232.586 20.940 304.862 461.591 22.063 127.407 82.185 19.699 142.306 472.195 19.907 195.005 221.760 23.946 323.847 249.082 21.921 66.772 238.968 21.159 300.863 243.971 22.565 334.098 23.099 21.284 122.912 1.879 17.705 431.308 379.456 22.867 77.698 464.056 21.809 295.776 184.629 24.831 296.402 34.788 18.824 266.053 397.858 23.324 244.358 61.007 15.534 354.940 443.574 24.021 81.760 373.743 19.842 172.958 207.888 22.696 121.103 423.866 20.440 150.200 83.279 18.850 138.035 195.664 20.458 63.996 412.589 24.444 26.416 205.349 20.869 457.229 261.987 19.774 342.767 72.752 22.796 433.246 415.441 22.418 268.815 95.597 17.439 402.190 247.899 21.037 274.383 119.003 22.210 240.757 6.853 17.639 378.880 345.061 21.684 21.235 6.293 23.935 123.240 376.536 19.840 151.748 285.291 24.426 179.355 123.892 21.173 398.592 285.631 22.195 280.542 411.952 23.655 444.142 244.721 21.276 164.905 105.532 20.602 180.904 375.550 21.350 251.694 244.248 18.789 411.885 124.971 23.749 131.960 54.551 19.187 407.514 325.775 21.788 287.888 361.500 25.829 200.855 418.120 19.843 106.041 468.208 20.596 41.179 179.055 21.141 336.803 6.102 22.292 137.220 337.610 20.237 254.191 146.320 22.136 422.024 451.450 23.109 48.339 216.117 20.838 441.375 303.573 21.008 438.412 108.249 22.092 278.399 409.812 23.227 487.182 104.284 21.940 397.006 441.526 23.623 151.273 309.493 22.980 422.099 418.321 23.682 479.439 33.508 24.756 272.425 4.679 19.213 139.027 107.443 20.273 128.527 404.514 20.488 369.536 257.125 21.302 194.483 81.199 15.899 485.616 183.664 20.364 498.848 6.959 24.080 179.845 267.696 23.911 471.256 201.017 18.580 30.171 120.568 21.133 361.738 278.721 23.544 112.259 90.611 20.742 74.840 237.876 21.346 497.247 58.334 23.277 494.579 273.730 17.871 191.989 53.554 15.335 125.085 78.348 19.133 461.474 471.261 22.386 232.885 440.973 19.561 447.508 257.165 20.653 33.305 363.891 22.389 483.266 435.301 22.772 6.459 96.030 22.287 320.231 89.707 22.275 255.754 417.594 21.514 136.354 292.128 21.107 35.597 90.034 22.738 132.857 339.534 20.936 183.449 177.611 22.478 173.648 493.719 16.595 180.709 150.441 21.910 4.659 132.480 21.225 457.410 60.883 24.586 1.783 345.316 21.742 183.838 249.266 24.871 445.844 156.137 23.100 320.487 78.422 22.279 190.745 82.796 16.083 387.765 251.607 21.261 90.005 357.796 19.103 201.309 95.702 18.157 298.049 76.106 20.439 148.605 434.364 19.744 85.032 60.961 20.054 193.383 136.510 19.200 58.876 327.428 20.026 155.087 124.367 21.298 421.340 399.358 23.735 327.318 169.273 24.984 237.965 334.303 21.081 102.911 286.621 19.771 431.554 331.150 21.851 240.077 40.759 16.240 270.252 351.484 22.942 299.406 315.662 23.221 382.845 308.206 22.079 296.861 213.819 22.128 427.352 435.461 22.538 404.708 113.033 23.832 108.059 202.027 20.100 25.451 136.640 21.214 184.962 140.941 21.042 353.148 94.719 24.639 366.657 24.744 22.724 308.459 162.701 25.096 240.331 494.841 17.443 454.352 421.287 21.870 255.198 106.720 17.175 440.498 320.741 20.694 202.641 481.093 17.926 89.302 433.520 22.491 228.971 243.127 20.096 395.750 10.779 21.493 299.200 499.822 18.419 315.198 273.191 24.450 37.520 368.262 23.775 352.490 412.031 24.811 135.669 333.762 21.593 15.665 124.345 21.791 108.873 269.528 19.406 488.959 410.786 23.682 443.335 74.850 23.511 184.057 345.508 21.048 431.953 363.487 22.043 132.576 303.625 20.619 496.780 219.989 19.500 25.247 489.052 22.908 133.305 177.886 19.941 408.624 108.155 23.466 6.425 213.461 19.354 367.340 496.803 21.599 96.139 173.090 21.165 31.216 225.879 21.391 411.059 208.929 24.516 224.148 131.054 19.597 281.270 439.102 22.262 472.340 136.385 21.852 417.177 292.912 21.399 233.778 379.921 22.189 337.103 291.578 23.020 134.863 23.262 16.356 355.382 160.786 24.439 62.518 285.860 20.564 244.375 225.304 20.628 404.870 493.866 20.878 53.195 320.686 19.732 402.767 404.513 26.039 349.709 409.129 26.189 416.289 266.238 21.099 331.100 196.057 23.756 449.704 426.364 22.658 366.747 110.815 22.738 424.978 446.590 23.469 190.433 65.517 15.360 499.378 214.396 19.416 307.926 175.671 25.431 178.749 437.582 20.234 222.624 148.224 19.394 99.537 46.908 19.572 325.224 47.246 20.331 55.469 418.084 24.583 17.751 49.946 23.127 53.001 435.893 25.992 178.283 100.878 18.948 373.826 59.910 23.333 249.326 42.098 16.330 476.883 172.111 19.522 326.631 457.982 23.310 151.040 238.105 23.775 423.991 59.278 22.792 36.107 24.728 23.790 26.892 197.530 21.473 171.546 477.332 16.994 45.716 88.614 22.835 75.598 458.767 22.758 404.233 27.954 23.136 265.294 106.535 17.400 455.136 245.856 19.482 6.343 202.698 19.129 131.557 374.695 20.820 285.658 89.106 17.962 272.087 434.248 21.700 230.003 350.028 22.799 398.221 0.539 22.268 495.521 483.182 23.517 212.397 0.407 15.325 246.757 316.352 21.951 109.088 486.265 19.488 499.575 308.802 19.107 169.077 129.500 20.775 348.558 473.802 22.429 49.747 279.251 19.472 254.152 19.120 15.451 429.886 162.018 23.615 235.371 41.102 16.103 180.123 143.101 20.181 188.684 453.614 18.891 327.293 392.425 27.323 121.126 452.334 22.074 417.935 179.336 23.799 42.362 499.271 21.827 198.165 494.431 16.766 484.881 446.763 21.506 176.802 29.846 15.797 82.772 149.409 19.913 451.522 237.297 20.306 34.480 238.400 18.963 454.297 428.385 23.698 59.939 23.519 21.169 113.347 19.117 19.085 129.630 297.162 21.633 55.295 499.618 21.891 455.128 167.437 21.758 440.601 125.693 22.958 273.615 212.993 21.418 388.628 7.392 21.426 291.169 125.222 23.715 174.549 53.207 15.833 263.978 156.356 22.550 203.773 267.860 22.601 322.445 237.898 22.573 350.422 54.718 21.120 230.610 35.268 15.320 40.978 194.485 21.634 382.328 422.561 26.349 248.182 393.262 22.108 240.606 208.953 21.509 128.497 477.034 17.951 429.913 244.274 21.771 345.818 3.346 23.822 108.930 106.638 20.286 166.927 316.055 22.504 319.837 385.284 28.027 446.227 101.722 23.788 244.926 46.623 16.555 491.521 433.915 22.579 320.721 432.815 23.349 144.135 256.181 24.371 481.112 53.522 24.088 470.387 476.452 21.430 124.268 160.776 22.409 1.119 350.188 20.747 413.112 345.575 22.865 338.163 360.174 27.255 484.143 422.833 22.558 36.040 298.210 20.415 128.996 378.554 21.791 490.581 363.353 22.693 421.273 174.231 24.145 474.884 212.518 20.545 98.406 357.610 19.489 106.956 232.666 21.724 144.065 135.102 21.329 475.914 28.046 24.776 197.629 206.363 23.352 27.627 101.516 22.664 432.092 23.252 22.584 495.546 88.774 23.997 377.046 477.706 21.647 188.171 203.520 23.561 272.523 148.827 23.285 200.046 274.165 24.725 220.877 191.849 23.476 498.007 386.314 25.398 59.065 30.622 22.462 298.875 355.125 25.670 233.000 481.397 19.119 234.667 244.320 20.777 252.077 420.360 21.980 232.959 0.037 17.996 460.210 65.656 24.808 226.157 397.345 21.740 253.495 434.516 21.084 87.604 148.621 21.299 250.812 211.608 22.127 320.417 109.330 25.298 125.941 432.842 21.253 320.801 256.132 23.398 309.091 225.579 23.320 340.272 316.417 24.346 330.473 490.135 21.847 229.305 292.451 22.383 488.172 238.690 19.985 322.479 7.841 21.412 174.858 283.466 25.379 293.666 238.921 22.277 106.652 126.718 21.659 143.670 457.526 20.813 122.284 368.217 20.765 44.501 32.101 23.067 402.414 118.980 23.949 306.883 375.303 27.429 273.253 363.705 25.317 187.223 124.777 20.634 257.487 119.995 21.305 142.681 374.630 21.885 331.174 434.948 24.992 138.759 274.686 23.299 191.264 338.943 21.975 338.293 122.122 25.240 62.270 70.770 22.070 36.073 248.049 19.649 96.425 308.644 19.507 425.548 489.708 22.116 38.905 78.346 22.912 117.004 439.349 23.006 63.963 268.175 19.985 212.089 392.182 22.700 119.457 350.880 20.489 218.203 311.398 22.263 449.816 5.489 22.583 149.182 470.168 19.379 119.868 411.233 20.347 254.512 296.916 22.399 458.375 176.324 21.478 138.205 77.437 19.895 498.796 172.960 19.024 141.785 231.696 23.746 148.615 201.646 20.807 411.612 433.452 24.805 44.853 254.613 19.633 199.852 320.576 22.852 209.316 415.449 21.735 315.505 261.335 25.543 343.871 410.669 25.406 412.959 308.580 22.418 435.006 129.254 24.497 127.301 148.313 21.809 216.887 304.790 23.454 397.305 367.493 24.237 478.886 269.667 19.057 447.161 161.013 22.853 3.541 443.598 24.148 229.306 124.428 20.364 92.987 35.576 20.383 4.390 2.146 24.167 488.886 446.596 23.702 451.005 225.829 22.914 58.518 298.571 20.406 69.964 363.177 21.010 100.518 18.233 19.026 22.178 147.420 19.794 20.745 458.113 23.799 441.847 219.528 23.238 36.911 339.028 19.650 334.815 308.782 23.718 410.102 75.430 23.250 362.414 304.731 22.796 150.705 321.624 22.679 170.011 261.375 25.141 148.291 40.230 18.576 334.316 207.069 24.769 218.742 240.028 23.247 135.332 442.272 22.196 70.715 376.627 21.945 70.955 28.552 20.425 52.486 457.392 24.445 134.156 499.991 18.159 171.624 344.488 23.971 499.458 489.350 23.943 57.640 42.253 21.860 446.299 248.141 21.287 58.723 196.330 21.207 67.869 489.898 23.089 23.717 72.210 23.303 388.685 168.888 25.455 280.293 152.980 23.433 36.231 343.320 20.552 335.153 165.810 25.358 102.608 47.199 19.481 86.070 250.552 20.662 96.037 493.732 19.355 235.156 302.135 21.602 314.321 434.834 24.268 124.224 399.250 21.709 309.525 83.371 21.784 479.870 351.479 22.159 294.890 230.542 22.416 424.699 430.613 24.278 264.873 5.593 18.540 243.245 364.682 23.987 445.819 275.082 21.994 361.557 89.763 25.265 159.322 0.103 16.613 39.946 493.303 23.202 350.815 374.766 26.201 421.398 45.799 22.720 70.716 174.131 23.531 299.761 12.087 18.277 117.583 46.663 18.971 50.579 356.300 21.648 65.997 427.424 24.782 145.765 129.464 21.151 480.892 148.329 21.112 2.851 111.399 22.843 470.307 165.824 20.545 190.382 186.051 22.522 187.596 148.201 21.243 53.358 446.370 26.160 3.191 99.818 23.509 158.017 166.418 21.265 426.900 450.220 22.921 192.037 5.760 17.446 7.504 478.510 22.614 119.764 470.677 20.056 277.171 172.068 23.673 254.367 257.465 20.770 342.508 274.451 23.109 198.008 6.308 15.423 237.643 48.151 16.624 338.448 278.474 23.671 300.423 385.942 27.366 130.979 64.828 20.882 332.158 174.363 26.138 2.782 184.115 19.317 274.078 177.937 23.813 331.245 101.759 24.297 262.399 35.751 18.142 487.445 368.971 23.942 465.403 194.959 20.489 195.800 314.628 23.217 271.796 328.320 23.751 18.825 393.478 24.748 195.480 22.883 15.781 470.702 53.780 25.073 212.124 0.659 16.308 485.788 346.354 21.132 221.556 314.024 22.593 285.813 32.486 19.177 219.590 143.294 21.610 385.995 30.090 23.671 142.717 0.389 17.486 428.285 389.072 23.164 350.988 17.410 24.344 216.663 113.384 20.396 329.095 12.634 23.399 399.216 364.578 24.023 143.621 397.584 21.515 106.448 27.978 19.762 425.887 273.535 22.011 166.841 103.560 22.032 104.694 213.309 22.297 345.050 217.759 23.436 430.823 28.232 21.679 477.309 169.239 19.663 435.346 459.304 22.356 139.615 191.537 21.184 284.390 221.280 22.660 52.567 309.730 19.274 173.541 447.359 19.049 206.464 251.256 23.174 165.851 179.472 21.772 486.584 274.857 18.732 432.263 208.063 22.795 8.498 357.745 22.880 298.236 321.090 24.558 222.212 54.318 16.509 223.613 67.283 16.351 344.639 196.407 25.548 77.411 43.319 21.087 145.950 296.063 22.865 331.253 256.181 22.386 328.403 163.697 23.744 319.364 297.314 25.188 484.314 467.047 22.302 285.030 450.705 23.723 234.223 414.739 22.208 88.717 63.711 19.723 267.910 476.258 21.888 6.796 0.204 24.649 441.904 161.326 22.682 4.135 184.519 20.055 300.615 119.672 25.044 487.732 405.668 25.229 213.903 119.069 21.229 216.685 161.119 22.098 308.474 112.974 23.565 207.134 0.041 15.585 29.497 0.327 23.886 90.666 166.836 21.760 395.368 232.614 23.476 237.909 108.850 18.871 157.921 261.014 25.774 142.043 236.677 24.465 209.575 411.861 21.417 266.338 206.564 22.583 250.008 84.488 16.102 382.852 1.960 22.561 369.903 462.552 23.569 442.672 0.564 21.404 356.110 280.171 23.767 262.646 178.660 24.926 27.527 446.997 23.997 100.238 411.341 23.493 437.640 362.706 22.521 221.533 333.712 22.748 90.339 101.412 22.046 331.787 245.060 21.995 276.655 100.302 19.631 333.682 76.584 23.588 330.087 449.302 23.601 402.249 142.564 24.986 396.590 130.722 24.101 18.865 71.126 23.632 472.664 232.739 19.471 264.341 314.682 23.570 10.188 384.116 25.699 361.625 179.361 24.662 0.148 428.748 24.478 117.622 112.731 21.104 151.047 302.670 23.912 167.402 76.483 18.181 33.267 391.638 26.560 119.339 5.807 18.797 242.416 4.182 16.431 139.988 403.633 20.437 65.089 47.746 20.650 386.441 173.573 24.800 307.504 136.192 25.038 156.208 17.899 16.969 13.032 144.582 20.976 266.573 101.375 17.373 62.550 256.488 19.124 272.357 55.597 18.075 7.537 386.420 24.154 102.620 308.866 21.157 487.372 464.345 22.150 48.373 60.171 21.709 193.577 278.734 24.848 298.414 296.843 24.128 215.341 296.982 22.390 317.795 406.032 27.127 480.555 332.247 19.891 345.630 382.946 26.935 1.956 279.359 16.907 358.774 474.469 22.090 48.538 393.309 25.647 182.457 67.804 17.085 19.677 77.571 24.054 362.403 373.839 24.165 460.926 494.723 23.095 454.248 6.349 22.996 209.447 364.559 21.538 494.172 488.671 23.359 215.222 465.665 19.257 183.456 47.534 16.131 113.597 409.888 20.665 37.503 47.161 23.021 85.449 356.498 19.460 219.785 454.930 20.871 178.441 310.922 24.970 306.194 340.765 24.361 23.785 287.909 18.977 273.239 161.624 24.484 346.660 65.188 22.368 326.490 313.033 24.777 4.497 276.610 18.074 468.463 136.506 22.633 262.590 212.633 23.165 102.860 203.075 20.865 404.183 179.850 25.852 277.817 400.122 24.419 358.288 6.034 23.180 9.746 422.567 24.213 251.287 464.583 21.328 312.537 316.338 23.240 352.663 180.684 24.041 9.765 136.147 21.351 191.159 399.064 20.032 122.015 30.524 18.854 119.856 456.896 20.406 250.730 0.131 17.522 66.640 59.574 20.358 260.324 202.339 23.635 135.424 298.019 22.787 148.859 496.322 16.577 365.532 101.506 24.938 3.298 316.059 19.180 6.677 9.505 23.741 263.201 47.050 17.014 450.836 202.740 22.398 45.963 4.165 24.059 66.770 273.564 19.675 421.860 36.765 23.047 464.903 220.076 21.188 7.770 40.857 25.339 77.875 124.075 23.393 456.991 474.519 22.671 108.406 71.180 19.849 171.745 380.931 22.001 269.672 230.260 21.938 214.225 362.397 22.503 93.767 124.393 22.528 353.582 0.955 23.383 456.001 499.489 22.038 288.426 391.789 26.039 97.045 441.801 22.651 353.537 106.231 26.074 282.500 173.480 24.443 28.522 459.058 24.823 366.203 167.214 25.146 333.038 66.885 23.053 197.449 6.140 16.014 282.431 162.135 24.374 263.545 94.387 16.991 454.128 390.771 20.874 390.274 189.505 24.206 12.719 358.363 22.165 281.812 392.195 25.712 261.802 251.568 20.297 489.203 339.205 20.886 261.619 494.534 19.494 363.132 67.951 23.251 11.821 189.379 20.759 441.154 101.146 23.145 192.400 196.592 23.575 194.933 417.345 20.321 465.713 159.821 20.843 373.834 19.648 23.958 30.881 319.902 20.068 275.725 415.525 23.036 84.070 183.256 21.187 70.884 388.376 23.193 279.244 463.870 23.401 354.177 47.345 21.904 448.705 375.037 22.648 16.933 161.414 19.930 65.750 132.049 21.586 281.414 0.103 19.270 5.236 340.287 21.012 52.426 137.198 21.097 158.363 368.566 22.260 180.098 244.322 25.213 447.684 53.449 24.658 166.513 464.909 19.409 287.152 416.630 23.216 214.018 153.128 21.219 307.153 388.535 27.166 307.595 362.851 26.727 213.089 225.951 22.790 431.764 406.052 23.363 422.033 262.333 21.195 76.952 245.231 20.042 202.646 458.524 20.082 248.728 286.592 21.754 41.995 286.106 19.315 302.380 340.965 24.413 151.854 94.997 20.477 369.388 264.127 21.946 195.627 157.665 21.665 471.903 183.364 19.973 3.823 374.695 23.182 140.986 6.416 17.327 11.377 162.902 19.180 290.924 17.617 18.143 420.163 130.673 25.231 232.621 434.528 20.919 198.098 126.574 21.606 433.518 149.841 24.740 266.563 345.392 22.922 209.873 196.703 23.689 78.712 59.541 20.182 402.994 385.330 25.320 9.072 6.270 24.747 187.635 310.366 24.072 75.190 469.736 22.228 237.168 262.495 21.055 291.864 273.850 24.378 471.917 327.669 19.632 125.918 185.715 20.870 88.204 42.067 21.347 326.975 47.974 20.809 224.087 347.001 23.045 197.336 173.110 22.320 415.360 224.591 23.818 78.486 295.761 20.321 189.318 130.472 20.636 316.106 244.524 23.388 168.042 195.405 22.966 261.074 314.572 23.396 326.465 89.451 22.552 0.979 18.629 24.543 244.376 375.655 23.724 192.293 438.403 20.007 153.442 119.372 20.888 475.785 144.492 21.705 157.525 342.817 23.362 88.679 232.219 20.191 479.434 440.512 22.748 346.693 267.753 22.791 444.635 107.441 23.234 22.765 174.073 20.297 63.266 112.562 22.480 398.427 148.013 25.160 354.815 300.205 22.908 55.428 143.294 21.698 262.403 422.045 21.663 493.277 299.268 18.981 83.195 481.979 21.802 93.361 88.998 21.440 454.647 362.943 22.318 192.120 163.378 22.367 244.145 81.348 15.679 178.100 14.402 16.498 53.655 178.321 22.878 150.384 252.920 25.193 141.087 478.734 18.260 470.958 382.438 23.631 145.876 428.430 20.582 186.405 3.266 17.285 468.240 275.480 20.493 11.837 417.303 24.778 167.073 227.020 23.928 314.298 254.518 23.468 66.878 450.904 24.287 241.024 457.264 20.940 336.866 383.186 26.570 185.816 468.146 19.299 165.504 327.638 23.709 0.727 391.297 25.812 259.075 65.363 16.025 78.712 397.520 22.665 266.590 356.261 26.004 370.091 159.211 25.129 152.412 380.695 21.569 377.762 60.489 23.238 164.557 298.745 24.152 475.232 95.640 22.937 11.583 213.467 21.174 130.197 343.736 21.013 480.795 428.688 23.464 303.650 16.155 19.076 354.956 402.897 26.598 190.501 369.271 21.295 83.070 137.204 22.811 324.398 131.341 25.344 101.739 445.722 22.971 409.539 355.799 22.137 5.072 166.728 18.450 399.951 459.386 23.295 406.486 299.214 23.061 292.201 105.645 21.368 12.945 94.795 23.474 255.030 309.258 22.837 140.975 66.597 18.601 117.163 142.216 22.215 409.479 150.532 24.007 55.692 277.515 21.433 1.481 272.160 18.797 217.001 266.947 22.315 488.566 77.132 24.190 237.213 487.292 18.781 81.578 393.608 22.724 325.891 376.290 27.473 488.176 355.009 22.463 436.239 99.753 22.999 284.174 106.448 20.301 287.962 181.907 25.160 391.606 469.667 21.811 105.540 318.392 20.136 298.457 226.411 22.046 477.383 404.007 23.399 470.800 86.927 24.835 289.249 43.229 20.299 93.147 422.517 23.118 124.178 464.634 20.518 284.436 52.783 18.855 450.496 422.564 22.844 153.964 232.834 24.326 113.177 267.987 20.070 468.704 225.490 20.322 307.266 434.249 23.447 371.145 284.035 24.081 200.370 107.145 20.799 132.323 194.512 21.598 371.744 47.679 23.747 453.745 439.000 23.380 234.464 354.127 22.960 352.609 483.496 22.460 438.051 386.684 23.071 349.874 351.119 25.074 384.355 119.071 24.492 55.998 335.844 20.482 259.587 458.333 21.540 335.550 287.974 24.851 75.528 430.761 23.676 137.579 67.811 20.089 329.871 357.206 25.671 146.804 439.140 21.322 345.045 257.616 21.456 367.898 458.547 23.601 193.734 346.782 20.886 6.799 80.396 23.684 35.238 83.857 22.871 255.354 404.387 22.862 392.068 182.327 25.087 52.617 36.076 23.434 310.357 262.748 24.307 297.418 151.312 25.017 373.630 427.320 27.192 355.823 77.624 23.897 150.014 65.263 18.764 209.286 76.498 17.204 325.187 16.928 21.370 226.583 197.677 23.222 151.134 131.947 21.164 227.455 423.380 21.908 451.021 335.282 20.405 356.624 391.538 27.030 305.024 367.494 26.287 236.110 339.146 22.528 356.414 138.017 24.566 463.215 499.913 21.822 110.520 492.854 18.909 433.286 33.985 23.176 328.827 346.026 25.101 211.761 286.177 22.632 115.081 0.033 19.776 175.669 321.197 23.076 336.868 170.878 25.118 329.344 309.271 24.175 120.427 178.213 20.369 389.780 319.153 22.754 452.660 481.960 23.313 17.825 285.731 17.701 98.413 433.798 22.785 11.753 374.468 23.702 380.640 468.116 23.722 234.095 231.957 21.708 431.705 231.864 22.799 6.969 358.275 22.326 103.743 188.022 19.408 422.481 472.257 22.845 67.816 403.893 23.871 435.336 232.586 23.740 415.824 47.979 23.889 331.381 131.241 25.582 316.281 119.612 25.562 181.135 293.188 24.014 483.278 0.288 22.553 20.988 221.425 20.757 319.954 124.911 25.565 214.641 51.199 16.323 79.543 171.249 21.081 98.917 346.397 20.073 287.162 322.515 23.305 37.742 41.108 23.391 489.135 19.205 24.418 363.259 215.376 23.378 111.208 468.605 21.714 254.982 445.942 21.260 43.423 358.517 23.014 10.091 79.600 23.338 36.305 71.400 23.291 375.322 30.838 24.532 73.244 263.895 21.084 58.339 482.593 24.126 248.316 75.541 17.263 499.847 2.226 23.744 238.568 475.999 19.568 86.729 321.236 20.301 272.996 392.409 23.984 395.801 24.040 23.453 52.814 482.593 23.703 304.703 71.702 21.321 76.025 197.400 20.757 270.137 280.632 21.333 1.902 416.877 24.270 57.399 244.546 20.464 333.809 490.077 22.330 298.361 310.150 24.443 179.206 160.591 21.086 365.482 345.611 23.723 430.688 18.950 20.827 433.548 464.457 22.399 409.387 465.275 23.241 351.085 493.506 22.885 93.068 322.226 20.250 62.832 219.051 20.475 221.723 44.853 15.332 262.535 261.295 19.899 316.138 284.876 24.510 127.663 454.314 20.777 150.066 242.845 25.366 291.698 356.634 25.917 85.314 201.450 20.386 401.520 169.169 25.280 216.647 78.647 16.887 199.743 297.773 22.689 493.645 250.269 17.363 420.336 392.395 23.638 158.016 476.078 18.128 23.146 191.217 20.718 320.003 138.843 25.306 380.859 207.612 23.775 286.283 250.928 22.344 344.539 149.902 25.158 361.343 119.241 24.430 207.459 119.876 20.348 302.641 493.359 18.935 47.500 313.668 20.838 362.158 207.872 24.169 75.973 373.211 20.943 251.592 325.325 23.747 191.424 126.476 20.423 116.667 249.001 20.735 457.985 381.355 22.927 79.389 71.708 21.400 201.737 37.615 15.959 499.371 153.888 19.927 228.634 67.065 15.371 417.918 5.221 21.787 328.497 498.972 21.237 364.492 355.053 23.578 438.487 214.885 23.762 282.042 459.375 23.495 468.956 238.773 18.888 482.401 356.155 22.601 495.495 101.644 22.874 414.548 472.114 21.807 145.492 149.002 21.133 424.334 30.894 21.490 322.930 84.267 22.027 359.902 285.387 23.893 290.318 206.470 23.414 268.436 107.811 19.232 1.460 40.834 26.466 436.164 207.695 23.150 156.175 409.873 21.352 402.143 82.708 22.771 19.104 434.945 24.791 378.467 369.354 25.962 455.722 346.757 21.305 417.450 136.421 24.216 310.870 499.207 19.316 36.545 429.401 26.196 6.781 475.001 23.145 302.840 28.446 18.296 375.197 303.258 22.625 97.477 117.350 21.851 195.405 394.280 20.676 72.083 499.732 21.061 244.686 475.549 20.252 380.623 432.105 26.582 270.202 315.343 24.602 245.584 448.478 21.043 405.953 439.833 25.679 438.072 348.808 21.465 497.276 147.402 20.227 364.552 144.550 24.550 425.840 166.303 25.140 440.715 411.706 22.903 411.739 196.310 25.329 469.471 333.306 20.012 3.775 160.772 19.565 113.316 482.817 18.896 2.981 90.225 23.075 17.039 119.360 22.768 427.988 178.497 23.976 61.247 381.671 24.047 154.608 445.612 21.110 331.341 492.860 21.763 245.685 333.191 22.581 1.571 152.849 19.016 6.834 487.344 24.015 416.593 244.355 20.832 14.033 409.046 24.498 323.850 59.588 21.199 87.425 411.477 23.191 142.805 9.936 15.900 353.671 119.885 25.258 305.311 96.243 22.083 280.452 118.402 21.842 342.578 201.718 23.417 148.373 411.447 20.955 17.926 240.210 19.637 487.951 161.553 18.765 24.670 119.457 22.410 364.055 483.197 22.488 448.954 41.576 23.246 18.316 362.607 23.493 386.060 240.439 23.623 373.772 356.956 23.237 135.030 190.154 21.119 375.037 6.429 23.000 369.453 102.413 24.083 440.991 129.709 23.214 91.508 391.275 22.642 490.829 170.932 19.654 47.499 410.618 26.471 331.097 296.294 24.885 424.093 255.668 21.322 275.588 71.861 17.849 14.737 41.185 26.514 473.610 350.615 22.233 445.044 307.019 20.695 460.322 258.041 20.905 251.315 13.189 18.076 189.772 499.789 17.383 97.814 0.162 19.714 101.014 4.641 19.345 341.043 368.614 27.426 281.125 196.852 23.029 111.430 47.606 19.290 472.785 101.983 23.723 17.340 137.009 20.661 418.357 280.098 21.242 425.999 107.108 23.635 12.435 57.139 24.260 346.733 138.825 25.998 474.308 494.930 22.181 408.841 252.293 21.776 310.714 146.219 25.305 254.983 376.690 24.448 184.380 53.645 16.274 402.800 369.374 24.725 399.792 41.023 22.203 220.481 1.479 17.437 171.610 352.145 22.711 459.757 375.112 22.463 366.881 475.585 23.084 159.559 232.364 24.085 145.885 94.779 20.787 495.082 64.987 24.124 213.263 374.885 22.276 474.630 150.384 21.168 485.315 315.547 18.980 258.473 423.711 21.928 125.069 362.784 20.419 299.267 251.724 22.260 494.155 391.282 24.474 162.324 150.387 20.736 368.158 84.482 24.521 347.285 286.761 23.760 335.215 33.261 21.617 471.872 459.449 23.212 30.378 179.501 20.722 324.400 399.679 27.886 38.977 53.371 23.946 16.341 303.245 19.932 405.777 50.478 22.390 277.625 303.775 23.840 372.269 451.614 23.741 76.148 290.345 20.716 404.836 361.409 23.792 203.524 280.452 23.575 150.404 279.433 25.703 285.408 333.997 23.802 353.967 74.823 24.175 378.640 381.384 26.236 276.585 95.298 18.910 444.825 70.395 23.344 178.047 336.244 22.060 184.040 161.157 21.725 357.499 486.829 22.573 380.491 458.198 25.034 436.222 160.192 24.654 40.870 145.122 20.673 319.928 100.414 22.169 72.839 370.060 20.930 4.771 417.396 23.952 10.051 238.424 19.314 261.273 309.110 23.417 410.238 129.605 25.534 64.039 99.976 22.036 209.162 230.878 23.199 234.403 279.608 21.349 94.736 82.440 20.893 85.909 46.245 20.959 410.053 396.727 25.111 151.989 298.368 23.541 14.409 2.101 24.159 469.421 94.847 23.249 467.382 16.149 22.783 352.939 211.702 23.898 316.625 146.393 24.244 339.705 494.796 22.803 361.956 388.882 26.915 408.030 191.191 25.416 137.225 399.160 20.159 244.714 11.146 16.865 377.932 155.451 25.280 299.838 423.803 23.852 468.837 480.885 22.226 194.624 70.519 16.817 301.311 53.248 19.376 125.090 4.560 18.479 8.916 41.879 25.556 4.399 5.424 24.995 37.122 322.491 19.723 81.190 65.739 19.857 58.070 397.684 25.737 59.467 321.645 21.192 467.115 4.991 22.432 407.392 176.912 25.449 496.628 114.687 22.925 5.288 70.003 23.384 361.573 325.537 23.635 413.751 12.489 22.357 2.094 12.757 24.541 23.288 274.585 18.151 194.971 379.625 22.159 363.456 19.521 24.496 382.285 494.939 22.278 46.729 285.659 19.776 454.537 112.249 24.599 44.842 56.161 22.245 84.198 393.520 22.655 495.513 256.067 18.614 199.233 435.143 21.076 186.474 65.374 16.035 67.985 93.724 23.325 367.897 375.191 25.806 67.138 202.602 20.717 78.422 83.964 21.912 322.597 1.430 22.117 11.686 392.496 25.287 158.995 11.579 16.132 332.910 481.860 21.465 406.075 4.270 21.668 326.597 136.271 24.329 47.896 483.337 24.530 92.553 93.840 22.109 69.313 111.274 22.445 85.876 128.920 22.583 57.159 289.691 20.124 485.704 40.657 25.771 459.018 410.772 21.957 440.133 499.036 22.171 143.562 104.172 21.181 29.974 35.800 25.118 87.703 283.091 19.861 345.096 243.720 21.281 405.546 78.482 23.257 162.676 124.360 20.985 109.001 279.981 20.635 459.261 172.656 21.670 97.809 429.292 23.440 275.585 88.825 18.527 283.801 344.264 24.449 225.985 403.832 21.375 184.131 59.187 15.566 478.636 421.612 22.480 374.355 479.469 22.130 25.855 78.002 23.431 92.383 297.324 20.262 216.300 20.221 16.656 112.221 386.857 21.029 264.783 285.625 21.538 106.721 333.429 20.495 216.803 87.870 17.105 308.839 219.386 22.591 442.847 292.672 20.574 4.701 215.247 21.066 121.153 226.623 22.213 147.850 315.965 22.575 288.134 285.591 22.731 301.630 65.179 20.571 286.969 261.574 22.561 229.658 141.655 20.600 12.304 255.709 19.225 441.510 53.924 24.893 6.392 404.361 24.389 12.210 167.594 19.756 105.377 149.171 20.897 180.417 261.513 24.250 476.090 344.884 22.958 249.123 91.833 16.064 108.261 154.249 21.586 49.273 153.353 22.139 397.974 385.769 25.395 151.079 22.844 17.411 59.941 499.375 21.787 304.508 82.448 22.460 198.141 345.864 21.313 157.896 120.898 21.149 89.032 457.395 22.657 381.322 123.026 25.146 406.906 101.633 23.293 425.062 148.464 23.926 155.215 29.844 16.726 334.151 268.140 23.317 230.588 94.354 17.604 49.258 0.221 23.870 220.802 396.694 22.229 221.086 166.232 22.109 345.253 124.007 25.188 438.595 12.213 21.371 117.162 226.140 21.665 2.652 159.846 19.241 362.284 190.106 24.948 235.622 114.097 19.243 333.745 416.224 25.981 307.022 334.171 24.367 315.416 193.889 26.517 446.294 305.357 20.804 443.217 464.604 22.557 90.582 226.580 21.182 105.873 345.506 20.054 467.352 468.667 22.704 437.843 334.205 21.678 208.773 469.720 19.060 112.754 291.178 19.365 349.165 255.712 21.973 243.199 109.377 19.207 310.923 69.158 21.274 268.156 202.605 22.603 337.529 443.092 24.282 250.008 338.422 22.801 6.577 283.985 18.649 476.895 234.223 20.223 351.001 125.740 25.958 304.573 201.936 25.319 408.424 381.699 24.671 436.698 343.047 22.360 165.463 165.218 21.532 328.220 446.726 24.289 76.560 389.103 22.335 159.700 415.424 20.568 162.055 322.573 24.001 271.490 492.790 20.922 348.126 363.873 25.327 87.277 37.699 20.235 33.994 231.056 20.517 379.824 52.500 24.177 446.253 487.744 23.173 457.279 498.660 22.041 94.682 385.505 21.261 101.095 329.496 19.624 210.119 100.040 19.228 158.827 274.476 25.440 344.411 414.735 26.069 240.968 327.263 21.504 287.419 46.250 19.548 278.764 143.153 23.793 34.572 41.092 24.454 463.886 488.711 21.872 25.826 435.936 24.713 67.150 154.340 22.382 171.001 2.593 16.280 173.789 57.543 17.021 2.849 111.738 23.600 300.476 428.762 23.785 357.680 70.945 23.953 102.505 371.082 20.298 485.578 242.954 19.268 335.566 95.750 23.750 116.760 416.063 21.380 142.838 5.450 17.214 316.877 299.229 24.108 298.527 393.306 26.529 134.635 213.982 21.710 150.633 143.381 21.284 81.634 424.351 24.176 380.654 364.774 23.100 162.224 479.974 17.317 204.156 124.114 20.748 440.002 153.435 23.258 360.168 315.606 22.490 87.251 76.471 21.042 106.741 415.817 22.629 351.236 369.346 26.149 294.054 380.858 27.089 244.603 130.518 20.242 112.586 362.259 20.552 338.110 218.589 24.092 352.403 464.952 23.582 63.386 274.057 20.081 224.126 23.195 16.973 136.965 148.574 20.274 62.787 399.481 25.739 383.830 437.894 25.930 238.582 72.116 14.429 465.526 350.876 22.645 14.909 446.775 23.123 0.413 486.983 23.444 28.062 171.576 20.929 483.351 463.768 22.477 250.558 488.547 19.612 87.172 290.333 20.010 401.622 499.199 21.006 113.628 230.411 22.341 186.682 285.934 25.010 21.980 65.509 23.577 109.343 344.749 20.188 38.256 420.943 25.376 435.891 7.076 21.331 161.160 48.527 17.702 251.702 171.306 23.686 123.444 429.915 21.359 374.255 207.600 23.837 2.359 135.551 20.747 98.186 138.988 22.138 325.801 305.831 24.227 33.170 338.331 20.516 20.053 19.030 24.591 43.015 339.252 20.513 472.823 433.569 23.059 366.939 179.454 24.913 302.666 232.784 22.870 436.804 268.402 21.417 420.136 499.025 21.447 430.769 409.485 22.681 411.719 137.385 24.966 248.927 53.130 16.292 148.885 18.432 16.751 374.811 362.082 24.636 299.416 285.351 24.975 8.734 185.382 19.921 276.185 290.377 21.711 435.556 89.182 23.515 457.381 47.854 24.472 183.054 377.993 21.041 79.762 439.026 23.343 423.281 482.572 20.768 95.864 149.376 21.391 26.175 292.873 20.359 497.302 468.797 22.490 390.449 132.100 25.542 461.537 481.465 22.233 69.152 354.661 22.001 136.555 173.243 21.800 7.997 171.385 20.141 453.564 88.898 25.056 40.447 328.324 20.764 292.259 206.741 23.363 392.438 145.866 25.395 159.988 463.167 20.416 4.701 232.110 19.458 341.525 441.869 24.651 206.609 11.584 14.043 443.100 171.638 22.798 485.995 9.818 23.782 228.181 471.306 19.016 399.144 76.470 22.753 380.598 185.380 24.149 416.648 353.738 23.036 420.292 0.216 21.195 207.979 144.359 21.239 352.075 190.892 24.341 245.847 254.542 20.115 56.930 125.470 21.566 46.171 329.918 19.594 79.353 16.311 19.810 37.840 348.476 21.880 416.503 238.266 22.159 249.648 60.321 15.946 382.012 411.551 26.546 233.586 458.595 21.060 130.327 412.586 19.660 335.226 118.734 25.453 203.737 31.281 15.694 71.440 470.892 21.556 389.397 108.387 24.225 384.456 451.629 25.440 436.672 28.699 21.269 51.222 410.522 25.508 82.257 208.890 20.504 4.296 293.159 18.997 130.877 320.309 21.176 289.113 194.453 24.928 61.023 463.760 23.252 441.543 30.317 22.183 24.606 156.710 20.393 5.764 404.788 24.139 212.033 5.108 16.084 5.417 333.007 19.696 337.682 78.079 23.132 451.621 36.369 23.117 181.570 3.354 17.437 62.841 314.922 21.384 263.105 227.709 21.234 286.392 188.784 24.227 82.141 172.374 22.664 343.278 302.061 23.530 39.207 411.007 25.979 15.043 198.489 21.171 476.876 452.986 22.984 244.639 95.327 16.736 212.807 309.623 22.587 57.883 265.418 19.405 351.369 6.432 22.215 444.231 23.406 22.913 466.301 420.834 21.911 373.612 400.794 26.329 441.411 447.855 22.213 455.098 30.680 23.968 291.992 410.044 25.185 319.402 67.350 21.426 27.666 453.592 23.083 207.525 465.315 18.866 363.883 244.780 22.240 174.780 93.702 17.362 316.122 131.820 26.472 220.219 201.794 23.867 364.374 259.248 22.884 75.177 110.342 22.541 382.702 0.203 22.593 149.201 457.977 19.593 295.775 410.125 25.603 349.297 470.617 21.969 214.850 314.548 23.341 339.376 184.663 26.276 342.816 59.070 22.627 373.197 339.120 21.894 329.866 285.875 24.909 319.644 487.427 20.171 495.167 59.367 24.693 132.860 224.456 22.509 374.647 6.072 23.043 181.366 89.836 18.252 303.994 145.511 26.177 386.106 147.779 24.862 423.148 161.389 25.433 494.568 285.692 18.860 463.592 119.240 23.767 32.438 292.232 19.856 268.510 260.927 21.907 71.132 64.107 20.415 431.311 172.108 23.948 122.994 95.506 21.468 226.778 214.962 22.104 40.130 375.578 24.700 131.774 421.607 19.990 266.047 266.456 20.850 234.922 201.882 22.445 415.610 440.144 23.661 142.243 185.306 21.075 491.010 29.357 25.476 323.817 281.275 23.550 316.662 398.414 27.577 251.513 429.993 21.819 108.536 321.984 21.094 374.300 294.597 23.882 34.523 244.200 20.014 38.911 231.448 21.092 145.312 492.668 17.400 350.422 362.606 26.410 140.693 95.699 20.966 219.902 363.172 22.997 231.046 488.274 19.414 353.619 477.449 22.950 30.944 8.094 24.592 360.251 128.367 25.049 274.541 285.663 21.773 498.786 380.595 24.402 95.609 487.656 20.154 42.388 83.723 23.365 81.904 6.761 20.624 218.262 470.241 18.464 18.528 36.544 24.999 430.714 314.037 21.410 129.372 439.839 21.749 280.161 342.834 23.484 68.352 71.528 22.019 205.877 51.868 15.649 164.124 213.424 23.010 459.342 457.297 22.929 125.788 351.313 21.558 161.016 315.236 23.665 151.482 361.971 22.807 179.368 387.498 19.641 458.004 310.840 21.371 485.340 6.350 23.161 477.070 30.242 25.849 64.077 88.353 22.886 482.924 476.533 22.857 227.442 310.016 22.484 285.437 428.043 23.923 274.736 499.055 19.578 499.383 177.421 19.144 483.810 283.692 18.972 358.589 46.868 23.486 246.365 150.374 21.233 336.108 156.729 24.823 106.109 339.294 20.542 293.079 369.246 27.243 450.373 261.280 21.056 312.230 45.417 20.013 474.569 106.998 23.688 306.054 90.043 21.781 254.424 36.076 17.281 460.596 30.533 23.007 140.427 379.766 22.188 443.457 142.211 24.369 435.605 142.343 23.685 168.193 428.159 21.492 372.021 193.168 23.364 122.940 310.546 21.110 355.204 237.695 22.696 463.673 429.458 22.999 114.933 297.616 20.258 87.811 241.683 20.812 108.307 431.497 22.266 15.606 77.399 23.174 197.308 411.900 20.883 201.939 383.303 20.277 191.712 149.796 21.883 396.835 381.430 26.086 197.111 200.958 24.731 157.820 104.268 20.577 118.671 125.408 21.388 271.227 89.253 16.602 342.750 488.264 21.721 371.846 239.507 21.869 272.462 227.568 21.396 2.179 266.584 18.774 39.980 316.271 20.677 247.519 435.055 21.338 333.737 476.554 21.762 210.653 304.430 22.750 180.322 457.920 19.467 407.661 12.163 23.077 393.249 314.997 22.721 0.796 451.785 22.381 307.741 356.639 25.083 79.724 381.583 20.976 184.800 350.602 22.458 283.223 186.065 24.437 334.942 499.794 22.727 411.632 64.601 23.686 143.932 172.332 20.289 4.256 303.837 19.729 117.368 261.881 20.750 188.670 118.715 21.426 335.841 236.213 22.250 71.200 90.544 21.942 76.552 435.881 23.463 63.308 41.765 20.951 344.688 376.128 26.761 269.507 131.481 22.227 487.968 106.327 22.676 381.128 100.869 23.844 35.541 498.865 23.337 93.875 363.052 20.080 445.930 214.476 22.024 329.646 159.589 25.779 497.904 138.039 22.065 320.570 313.968 24.240 15.579 29.243 25.625 397.335 178.844 26.006 433.015 476.664 21.330 496.704 350.702 22.216 486.869 148.214 20.183 96.270 196.003 19.889 266.181 171.371 24.568 74.492 477.197 21.775 97.720 125.460 21.827 176.334 167.178 21.532 445.737 420.702 23.657 482.861 87.332 24.825 18.281 248.862 18.551 334.822 275.939 24.090 377.845 404.547 27.699 48.511 381.171 23.854 449.472 434.701 22.118 228.957 435.218 20.544 94.549 257.209 20.526 0.502 82.121 25.008 320.727 340.602 24.711 249.939 1.185 16.522 403.693 350.667 23.469 377.297 96.279 24.154 290.213 436.189 22.765 341.573 499.252 22.307 473.311 205.555 19.978 171.424 464.760 18.887 234.877 194.712 23.324 159.182 239.665 24.543 326.505 221.191 22.740 444.543 477.527 21.925 368.140 232.123 23.097 122.597 169.823 20.850 414.780 311.627 21.978 154.846 196.513 20.476 348.251 173.708 24.456 285.693 351.700 25.154 123.882 254.700 21.640 244.666 189.739 23.278 206.439 333.145 22.246 331.806 470.154 22.697 146.278 151.848 19.025 162.031 112.454 20.570 30.376 333.127 19.532 144.624 314.855 21.976 499.372 281.249 18.412 437.299 137.497 23.558 161.084 328.789 22.918 287.607 130.096 23.432 224.336 1.158 17.623 217.746 487.417 17.208 222.195 498.413 17.059 341.506 176.454 24.964 97.522 470.499 21.902 406.977 16.240 22.506 23.862 12.200 24.467 277.100 78.964 18.484 223.525 367.304 22.224 4.293 327.117 18.253 297.718 41.314 19.361 283.297 209.412 22.901 168.433 440.480 20.792 167.356 340.945 23.291 498.801 107.583 22.577 373.545 71.401 22.987 1.254 78.596 23.395 79.297 75.539 19.766 450.584 499.665 22.393 4.996 387.934 24.585 414.526 204.657 23.739 244.506 202.120 22.235 232.067 321.704 21.569 134.171 1.311 17.250 162.648 282.699 23.713 222.932 183.207 22.631 247.855 28.865 15.878 100.397 227.817 19.573 322.768 469.588 21.662 314.518 423.275 23.826 293.853 485.866 19.166 313.420 31.566 19.127 391.093 142.423 24.992 211.279 272.587 21.149 95.327 485.262 19.066 469.885 71.853 24.945 221.213 435.360 19.596 86.559 275.048 19.535 289.744 154.254 25.603 42.264 298.313 19.911 474.186 368.546 23.080 348.997 183.997 24.096 234.828 30.030 15.944 454.085 147.203 22.607 70.657 304.307 19.856 260.009 273.899 20.214 78.873 320.578 19.070 210.734 69.331 16.565 98.670 475.004 20.905 41.400 324.060 20.041 376.923 421.028 25.765 4.749 308.974 19.398 473.935 5.695 22.273 213.849 202.271 22.967 208.757 453.464 18.450 210.224 16.036 16.763 6.061 60.211 23.699 421.800 404.134 24.702 442.371 459.131 21.495 272.402 190.817 23.904 139.439 465.578 19.132 418.641 220.257 22.445 213.474 382.239 21.681 400.664 95.321 22.896 408.260 89.123 23.270 117.655 150.359 21.315 29.115 412.041 25.043 58.704 255.215 19.247 110.079 2.137 18.568 107.666 184.730 20.015 483.609 345.126 22.126 391.276 477.194 21.139 124.405 446.110 21.505 69.497 481.026 23.039 16.217 166.397 19.976 245.333 0.288 16.052 310.347 381.127 26.272 463.421 403.297 21.958 43.509 345.679 20.180 234.892 64.931 15.110 386.482 304.891 21.930 347.858 238.257 22.834 209.450 422.020 20.980 155.088 397.588 20.365 198.750 249.252 22.832 487.681 22.622 25.630 36.941 309.233 19.490 95.971 270.373 19.709 93.690 200.839 19.679 159.489 292.657 23.353 494.017 34.825 24.710 203.403 291.746 22.302 329.395 215.197 23.208 255.553 323.481 21.863 285.878 144.423 24.489 429.040 482.320 20.876 180.929 113.585 21.160 24.326 34.217 24.507 368.018 341.773 21.790 102.088 392.873 20.993 486.240 386.817 23.791 267.683 82.807 17.089 289.157 337.503 22.924 112.380 398.989 21.140 75.538 186.511 21.152 351.730 383.785 26.872 49.629 94.789 22.244 320.459 197.761 24.653 90.444 208.436 18.525 142.989 208.215 21.336 90.796 142.581 20.835 241.058 87.754 15.558 460.865 329.503 19.992 32.487 172.853 20.159 250.952 141.500 20.757 426.737 416.025 23.385 313.818 183.625 25.403 93.359 249.014 19.743 77.219 284.697 19.361 471.013 398.389 23.520 211.406 337.701 22.047 434.003 298.990 21.450 32.617 398.843 25.924 54.072 295.934 19.816 2.929 279.373 18.802 402.863 498.046 20.427 226.022 353.896 22.344 230.074 7.011 16.921 35.327 95.191 21.501 390.237 83.092 22.556 305.683 496.022 19.596 140.584 311.392 21.033 499.967 266.109 17.645 469.052 396.982 22.982 218.185 61.547 15.969 121.982 17.582 18.495 242.828 136.005 20.951 199.099 258.830 22.091 130.335 5.762 18.530 128.301 106.319 20.793 201.843 368.631 20.721 25.626 323.694 19.682 272.551 476.610 19.974 495.752 81.881 23.385 308.962 267.264 26.541 326.687 463.371 21.131 166.092 286.746 23.818 113.532 281.041 19.820 100.189 65.045 18.894 488.720 51.206 24.242 411.133 294.579 21.921 28.394 16.859 24.394 146.240 190.411 20.447 23.262 440.821 23.264 184.637 328.356 22.350 326.589 41.597 20.900 184.877 495.376 16.532 83.464 350.131 18.699 170.974 167.145 21.812 307.943 5.970 18.939 302.372 90.549 20.863 493.021 451.032 22.750 52.287 492.642 22.434 396.189 75.294 23.219 29.929 417.939 25.238 79.273 12.359 18.873 467.329 410.337 20.906 426.578 143.810 23.832 347.679 380.011 25.949 190.644 69.876 16.322 476.258 47.666 23.796 208.722 226.051 24.161 396.757 226.088 22.800 100.704 387.682 20.545 189.551 243.616 23.116 371.642 371.363 24.992 52.920 243.921 19.919 121.981 355.542 19.714 286.147 440.022 22.893 71.592 445.749 23.184 166.437 266.233 25.313 50.136 254.011 20.156 175.537 132.292 21.185 45.906 458.721 23.155 374.082 170.947 23.407 139.619 71.211 19.672 185.932 223.781 23.386 235.959 250.818 20.648 497.624 240.283 19.168 101.578 245.528 20.165 348.642 70.958 22.981 382.173 142.205 25.065 200.744 393.630 21.848 433.075 440.285 23.025 229.740 39.624 15.493 3.976 296.777 18.428 10.513 261.684 17.883 455.426 439.172 22.547 49.215 312.029 20.194 489.975 351.314 21.846 0.256 36.906 25.986 108.984 174.517 20.475 365.928 202.999 24.873 55.577 83.059 22.860 292.726 310.050 23.643 159.918 487.446 16.358 191.252 459.045 18.421 484.596 304.600 18.773 59.986 220.041 20.984 9.774 52.811 24.517 458.074 41.606 23.361 183.355 355.738 21.268 477.178 470.294 22.742 359.701 344.841 23.415 437.395 93.832 23.345 199.817 421.020 21.391 25.069 53.398 24.768 390.967 301.982 23.397 74.680 71.634 21.706 98.945 57.770 20.000 95.734 160.734 21.957 63.967 458.498 24.086 96.734 262.877 19.577 101.489 52.938 19.643 218.776 276.773 21.696 332.322 304.451 24.100 73.532 308.548 20.354 343.706 292.723 23.734 394.295 196.763 25.065 400.364 5.384 21.992 294.681 220.934 22.874 409.610 1.724 20.827 138.350 5.378 17.868 369.978 18.229 24.206 38.567 124.813 21.953 459.817 113.048 23.105 360.605 167.345 25.500 30.479 428.933 25.856 255.674 488.456 19.421 83.840 407.293 24.111 1.639 355.854 22.392 83.246 331.120 20.456 452.891 470.553 22.113 29.128 148.471 20.210 357.709 51.637 22.482 329.746 35.728 21.772 366.956 36.047 24.254 209.146 182.043 22.931 9.718 208.228 20.953 409.442 48.415 22.709 474.190 448.819 23.258 354.215 457.522 22.893 298.153 22.436 19.332 395.220 393.060 27.213 148.028 12.454 17.246 77.007 230.762 21.854 96.302 463.829 21.497 371.836 165.200 25.144 259.340 16.728 17.094 310.321 416.398 25.340 452.558 54.635 24.801 25.394 298.042 19.856 53.718 23.858 22.908 167.188 277.847 24.860 280.584 251.264 21.748 117.650 208.654 22.003 264.139 381.130 23.753 19.227 142.082 20.712 6.792 177.878 19.718 480.394 368.546 23.432 26.478 183.865 20.888 275.977 53.155 19.040 466.340 30.573 23.623 26.834 340.690 20.103 2.009 445.466 22.432 316.378 368.958 26.843 218.153 349.296 22.234 193.613 224.844 24.848 250.265 152.293 22.698 410.159 344.582 22.224 96.864 275.641 20.898 471.267 41.485 24.943 463.451 299.203 21.146 84.791 309.087 19.971 322.373 392.810 28.632 476.028 380.941 24.162 202.184 358.488 21.476 292.102 179.552 25.772 115.679 347.232 20.073 450.450 178.583 21.133 460.490 183.205 20.947 231.086 273.684 22.180 5.937 108.496 22.184 404.532 482.933 20.590 388.059 481.625 22.653 198.607 328.533 23.420 61.392 261.501 19.155 70.743 232.001 21.540 176.835 346.340 22.356 387.918 243.598 23.547 446.651 202.525 21.419 475.824 462.672 23.448 9.413 494.152 25.196 2.637 244.182 17.708 34.321 269.508 19.857 333.711 338.189 24.561 417.261 115.418 22.984 405.915 224.226 24.707 425.465 112.581 23.614 27.747 469.865 24.303 80.043 227.038 20.327 19.848 267.847 19.032 192.233 255.829 24.199 110.707 310.066 19.432 56.123 135.447 21.836 433.403 120.591 23.847 473.919 6.393 23.009 190.306 93.620 17.950 163.721 0.786 16.054 34.520 177.492 20.016 21.975 423.330 24.723 30.478 315.702 20.243 38.970 434.592 25.379 283.759 126.066 23.990 158.970 439.392 20.052 334.994 440.387 25.014 119.680 88.555 21.316 296.668 4.901 18.155 496.333 362.961 24.138 274.463 238.799 21.855 364.112 398.099 27.249 263.329 5.882 17.528 448.018 23.626 23.415 258.380 484.405 19.265 473.416 64.597 24.382 362.275 24.398 24.986 195.768 213.689 24.841 310.853 347.891 24.657 118.830 433.372 20.962 414.891 215.172 23.298 499.401 499.342 23.898 414.438 381.073 23.711 87.706 6.056 20.382 479.663 446.391 22.949 151.221 11.793 17.925 461.473 18.392 23.883 323.000 32.531 22.056 66.200 345.424 20.563 417.090 53.599 23.321 160.667 303.223 23.398 243.507 471.328 21.313 382.243 339.471 23.115 77.322 353.272 20.879 485.715 125.117 22.792 132.929 493.519 17.624 189.572 465.496 18.774 333.446 28.676 22.104 34.648 432.487 26.520 4.020 42.716 25.819 299.162 415.560 23.782 218.641 234.062 23.572 338.735 483.195 22.982 477.447 288.371 19.503 115.073 118.541 21.736 372.516 183.212 24.822 401.863 485.748 20.833 11.258 296.552 19.068 93.878 4.322 19.662 392.457 206.733 25.521 284.892 129.561 23.282 113.156 352.025 20.612 197.771 42.594 15.279 31.499 11.015 24.643 389.768 487.579 22.103 474.643 22.549 22.613 414.741 34.345 23.273 249.897 23.748 16.733 50.147 406.737 26.014 399.003 30.395 23.212 312.175 410.551 26.498 1.176 263.234 18.647 403.279 220.370 23.175 243.617 154.314 21.409 338.159 147.791 25.232 166.668 90.084 20.121 497.708 183.972 19.205 132.540 386.284 22.352 238.535 298.006 21.313 181.146 76.996 16.847 39.780 17.489 23.257 252.334 43.197 17.250 27.545 65.057 23.207 229.915 238.098 21.173 114.250 445.882 22.337 419.621 375.987 24.380 379.267 196.475 23.156 217.940 458.390 19.785 74.379 440.382 23.135 158.030 96.308 19.731 373.638 101.331 24.003 278.369 137.160 23.496 455.328 65.241 25.195 151.590 197.373 21.582 311.740 391.165 27.906 13.977 279.925 18.131 24.859 159.209 20.766 82.142 397.985 22.347 50.849 469.293 24.462 148.513 149.403 20.606 263.982 124.439 20.869 181.580 455.136 19.678 31.479 488.394 23.001 123.689 54.764 18.892 306.775 393.596 27.275 21.823 54.176 22.769 288.072 356.300 24.847 415.414 335.017 21.406 191.798 362.373 20.908 30.465 326.821 19.886 163.133 135.539 21.217 295.992 482.009 20.502 92.905 191.086 19.152 291.544 475.601 20.840 148.567 398.296 21.842 205.643 206.932 23.151 32.350 19.274 23.684 218.048 1.608 15.920 0.325 286.774 18.060 34.440 113.483 21.145 115.756 428.499 21.423 156.814 209.233 22.070 261.302 320.677 23.155 262.918 429.024 20.553 382.593 269.543 23.152 246.639 424.884 20.270 241.171 436.821 20.310 105.275 119.541 21.323 303.957 58.875 18.544 305.729 285.826 23.785 417.931 492.981 21.383 412.822 446.418 23.443 489.520 47.232 23.872 272.613 386.777 24.313 42.794 333.260 19.402 193.860 36.304 16.581 491.228 231.201 19.036 0.820 435.687 22.751 350.177 102.518 23.970 349.222 388.653 26.420 123.573 24.117 18.387 28.240 233.077 19.543 264.784 148.448 21.679 427.826 439.982 22.153 109.999 141.090 22.361 157.342 267.692 24.759 14.673 319.132 19.422 457.360 369.414 22.397 421.380 440.732 23.205 431.925 256.308 20.843 252.771 132.580 21.397 257.782 142.003 21.178 381.741 243.202 22.029 208.783 213.133 24.134 257.051 157.221 21.747 0.023 367.252 21.918 126.728 29.132 17.855 318.507 499.768 19.918 117.273 10.786 17.872 469.587 119.122 22.513 363.339 3.121 22.316 270.965 255.337 19.915 398.087 491.426 20.188 255.696 23.849 16.365 144.295 72.985 17.987 490.447 387.855 23.663 195.980 272.913 23.616 385.112 392.276 26.869 422.128 192.094 23.375 57.049 376.670 23.805 342.557 36.592 22.817 1.766 480.663 23.428 215.340 261.556 21.020 2.420 31.329 25.601 15.910 220.968 20.061 260.093 90.297 16.516 267.552 189.220 23.664 0.523 320.780 19.186 30.135 24.218 23.989 311.546 357.682 24.934 347.445 217.257 22.815 59.591 251.094 18.824 240.510 78.809 15.766 82.448 340.507 19.288 87.921 194.815 17.914 128.211 142.099 21.204 498.527 106.849 22.138 254.915 475.163 20.756 445.363 130.903 23.585 128.555 237.859 21.889 294.641 362.905 25.981 380.925 8.057 22.336 327.868 494.403 22.062 350.620 136.994 24.832 389.988 248.092 21.861 52.301 131.790 21.726 85.871 143.073 21.401 325.279 317.648 24.405 20.506 291.585 18.853 415.461 190.791 24.533 302.051 483.267 20.031 499.987 46.282 25.592 47.374 251.532 19.845 356.574 468.911 21.769 192.226 316.893 23.722 376.418 268.403 22.511 7.397 275.346 18.096 136.537 446.543 22.458 167.223 291.803 24.536 435.912 244.679 21.123 435.214 52.385 23.686 449.925 129.442 23.534 114.760 59.739 18.710 320.157 362.153 26.727 391.875 385.820 26.282 5.323 430.351 22.467 367.843 470.514 22.126 59.811 191.543 21.606 77.424 219.071 21.055 321.561 465.187 21.946 424.568 375.680 23.223 462.688 499.475 21.851 250.035 48.398 16.898 202.976 351.128 21.267 147.710 369.806 21.283 467.775 456.786 21.257 463.940 49.259 23.992 140.813 355.279 21.421 297.150 130.483 25.243 350.277 302.673 23.190 261.963 471.058 20.985 393.506 242.785 20.065 302.949 399.664 26.098 364.242 297.825 22.099 215.816 137.364 19.721 65.354 470.561 22.196 398.116 249.222 22.214 427.116 11.792 22.201 257.439 362.850 24.294 452.694 488.245 -17.223 55.268 39.593 -18.075 487.780 258.245 -21.314 234.292 204.184 -16.770 202.269 155.255 -18.345 459.713 116.258 -16.106 322.438 389.218 -10.758 161.911 430.974 -18.328 14.435 57.395 -16.240 132.672 345.603 -18.361 499.553 209.345 -19.492 119.732 358.218 -18.704 451.316 74.574 -15.657 287.145 240.555 -16.808 153.109 105.371 -17.936 209.222 300.458 -17.012 97.175 49.795 -19.911 214.815 295.138 -16.589 293.559 374.519 -12.355 46.490 228.824 -18.415 220.442 130.342 -19.776 365.090 191.088 -16.515 387.110 171.947 -15.976 342.128 159.418 -14.379 492.340 284.950 -20.587 2.892 240.653 -20.669 498.959 394.535 -15.849 178.772 166.661 -17.912 251.359 261.225 -19.798 90.214 117.610 -16.459 179.956 369.776 -18.868 197.471 128.923 -20.073 382.941 197.683 -15.560 448.356 376.238 -17.029 354.639 488.036 -17.526 57.279 378.705 -15.618 59.905 437.778 -13.571 177.641 93.525 -21.880 421.202 5.097 -17.543 4.140 253.586 -21.651 138.958 345.177 -17.513 80.028 93.792 -18.129 388.898 291.169 -17.414 40.116 402.057 -12.967 170.388 0.836 -23.059 93.385 358.752 -19.774 185.360 55.673 -22.726 210.056 141.209 -19.384 298.105 338.484 -15.230 245.707 155.643 -18.670 416.654 449.930 -16.422 135.623 338.378 -18.092 414.877 265.092 -18.317 319.556 244.386 -16.950 169.723 481.321 -21.823 279.583 215.812 -18.185 127.301 18.465 -20.713 146.400 304.805 -16.834 379.204 289.971 -16.613 392.957 98.375 -16.081 447.032 18.426 -17.916 467.846 148.560 -18.551 173.488 24.556 -23.523 173.815 260.264 -15.554 441.839 43.962 -14.706 297.114 399.928 -14.429 2.044 313.576 -20.971 136.163 120.723 -18.272 108.503 315.223 -20.678 11.035 246.414 -21.436 432.141 153.483 -15.606 110.168 226.981 -17.936 483.502 451.231 -16.225 391.046 184.914 -14.648 95.559 172.649 -18.420 305.792 496.022 -19.207 6.651 333.452 -18.908 128.183 79.364 -20.010 190.593 81.683 -21.966 431.285 86.149 -15.449 334.623 104.036 -14.977 284.300 328.319 -15.986 36.563 384.454 -14.333 351.541 181.321 -14.340 412.614 443.524 -15.743 379.994 306.993 -17.032 137.502 478.753 -20.416 221.946 191.702 -15.796 256.863 415.402 -18.386 149.907 456.388 -18.008 8.916 196.428 -18.244 72.484 104.882 -17.374 131.417 336.527 -18.558 256.798 456.593 -18.539 325.778 370.449 -11.614 415.056 297.263 -17.555 56.521 499.430 -16.556 21.642 7.166 -15.590 43.088 13.364 -16.004 100.341 221.592 -19.307 272.177 44.891 -20.653 489.951 313.579 -19.953 382.554 357.033 -16.773 342.528 130.111 -14.243 478.152 4.235 -16.727 28.335 375.217 -15.240 15.068 105.126 -17.447 410.949 43.796 -16.450 237.693 284.846 -18.287 344.505 185.378 -15.387 133.809 164.079 -18.191 457.318 457.471 -16.980 432.968 375.505 -15.986 22.769 167.103 -20.595 371.423 17.931 -16.160 169.669 104.422 -18.130 357.638 469.242 -17.664 397.482 304.014 -18.250 176.670 8.075 -22.351 18.456 50.403 -15.477 318.833 97.757 -17.059 353.309 227.656 -16.637 376.112 473.226 -17.546 183.741 154.440 -17.633 176.337 36.428 -23.739 193.092 5.846 -23.714 476.230 98.661 -14.386 470.271 388.160 -16.325 126.538 284.907 -18.766 212.085 161.239 -16.800 268.567 309.737 -15.261 40.815 414.418 -13.246 207.624 406.601 -18.111 207.980 15.257 -23.521 200.111 228.306 -16.089 112.627 438.727 -16.865 327.179 401.639 -12.055 430.069 425.282 -16.037 341.351 228.565 -16.387 348.883 63.208 -17.269 297.288 266.720 -15.067 433.735 217.837 -16.589 456.011 358.293 -15.942 211.721 25.663 -23.767 493.911 208.747 -17.877 236.591 272.347 -18.619 465.710 414.411 -16.986 47.533 386.584 -15.460 468.095 380.608 -17.848 126.475 167.435 -18.862 386.249 63.945 -15.782 214.438 287.783 -17.183 452.876 477.191 -16.438 72.098 375.076 -16.884 212.075 357.969 -18.543 201.662 222.936 -14.586 173.005 93.332 -21.769 473.273 80.424 -15.358 312.580 395.250 -12.941 346.805 198.343 -14.200 218.683 60.035 -23.397 253.543 192.547 -15.871 172.524 56.756 -23.633 459.774 155.705 -17.253 227.083 475.285 -20.990 241.128 401.387 -16.404 354.400 62.165 -16.828 269.504 426.028 -17.058 405.274 419.384 -14.548 94.345 4.878 -19.743 68.294 47.620 -19.201 40.831 376.741 -15.290 234.059 390.467 -15.999 461.640 357.187 -15.773 89.969 427.735 -16.702 338.094 74.241 -16.683 369.549 423.454 -12.935 148.021 43.259 -21.253 325.891 493.434 -18.692 126.422 93.875 -18.633 43.593 254.012 -20.752 32.252 6.374 -15.683 438.817 450.183 -16.779 57.052 345.462 -18.208 269.698 48.593 -19.996 462.421 494.379 -17.114 347.073 166.408 -14.237 374.720 212.289 -15.387 441.492 141.777 -16.367 240.688 19.374 -23.637 434.043 342.562 -18.107 446.625 288.750 -18.256 402.847 230.813 -17.432 163.849 161.378 -18.704 310.230 252.051 -16.306 347.536 278.097 -16.879 115.931 222.896 -18.176 276.482 41.052 -20.172 172.699 439.037 -19.174 311.670 85.437 -17.927 204.083 31.965 -24.694 365.244 263.307 -16.602 320.766 300.995 -14.747 109.394 155.771 -18.306 377.738 179.117 -14.851 298.160 16.751 -20.509 284.210 143.463 -15.171 310.022 326.402 -15.248 37.876 260.780 -21.578 471.356 302.579 -19.379 303.992 403.529 -13.273 19.376 136.323 -18.754 259.064 42.586 -21.267 88.816 246.503 -17.849 445.010 272.018 -19.005 403.839 212.460 -14.764 33.974 488.314 -16.335 232.683 137.365 -19.940 334.497 213.868 -15.276 238.995 62.298 -23.562 70.661 179.893 -17.543 278.272 377.579 -13.523 430.347 161.244 -15.694 46.534 412.302 -13.446 168.915 258.453 -14.630 447.652 433.124 -17.872 393.174 110.176 -16.084 253.643 263.281 -18.950 289.463 430.513 -16.570 253.114 400.497 -17.380 278.438 80.006 -21.407 215.884 470.086 -20.795 39.170 334.163 -19.307 448.985 381.505 -16.849 4.784 18.387 -14.682 66.932 45.843 -18.876 40.607 154.636 -18.632 68.295 395.910 -14.991 444.234 283.087 -18.058 287.040 443.341 -16.507 333.864 334.342 -14.310 37.481 12.874 -15.629 155.635 261.142 -15.453 394.240 418.655 -13.038 433.523 370.079 -16.968 152.083 493.210 -22.660 370.073 401.696 -12.444 305.735 94.413 -17.456 44.694 58.855 -17.179 231.645 438.970 -19.545 224.603 24.618 -23.471 216.643 130.154 -20.336 292.066 489.507 -19.041 400.394 359.887 -16.676 430.218 313.607 -18.291 78.079 351.939 -19.127 497.971 451.088 -17.095 468.946 48.785 -14.630 393.523 123.469 -14.264 215.170 438.492 -20.130 340.753 463.903 -17.314 74.265 211.530 -19.199 398.531 142.051 -14.411 145.520 103.074 -18.506 458.362 297.031 -18.553 409.542 116.960 -16.281 424.962 147.840 -15.933 362.445 452.253 -16.161 204.086 85.731 -22.157 135.017 33.377 -21.998 187.306 445.127 -19.490 166.444 284.338 -13.902 132.372 122.962 -18.498 148.693 272.054 -14.747 123.170 452.032 -18.410 390.594 82.339 -16.791 40.213 364.548 -15.753 160.155 227.732 -15.226 62.493 326.700 -18.244 487.728 272.486 -21.243 199.720 420.162 -18.873 497.704 388.553 -16.144 250.398 9.060 -21.898 96.945 181.087 -19.081 120.288 43.027 -20.663 491.136 240.138 -20.120 162.755 269.928 -14.671 14.865 304.586 -20.299 296.462 291.647 -15.264 97.725 280.085 -19.867 225.605 495.595 -22.022 75.019 149.565 -19.003 179.227 70.777 -22.923 3.064 340.377 -18.782 393.592 470.341 -16.863 311.058 96.785 -17.572 277.241 239.350 -18.831 411.027 365.456 -16.672 183.975 204.628 -16.183 286.318 469.093 -18.325 246.991 28.533 -22.904 285.905 159.800 -14.524 479.069 0.869 -16.351 258.947 205.647 -16.930 421.461 425.668 -15.730 169.459 72.469 -22.515 301.192 339.760 -14.949 339.774 247.916 -18.248 467.873 163.181 -18.841 346.593 310.232 -15.557 481.110 257.692 -20.869 473.597 131.562 -16.618 356.567 137.600 -14.949 74.419 370.613 -17.706 249.585 240.321 -19.777 65.193 247.424 -20.051 441.635 155.844 -15.349 219.389 376.251 -17.276 7.179 233.976 -20.178 144.787 499.400 -21.535 8.367 363.782 -16.152 234.642 241.244 -19.418 2.125 487.605 -16.157 305.586 344.977 -15.734 478.433 37.627 -15.661 292.250 12.469 -21.725 66.875 326.569 -17.908 388.922 488.547 -17.219 145.699 439.199 -18.572 435.182 457.861 -16.294 147.742 29.936 -21.984 21.581 290.667 -19.906 263.325 120.351 -18.613 57.287 369.603 -16.718 60.074 253.572 -19.192 315.434 32.074 -19.607 146.422 240.092 -15.816 195.396 338.077 -18.275 125.147 159.262 -17.902 56.867 154.743 -17.356 200.130 16.978 -23.936 384.547 375.938 -13.214 16.216 75.133 -16.725 4.806 0.282 -16.034 29.205 227.397 -19.538 282.081 6.799 -21.260 317.762 234.201 -17.359 268.852 223.703 -18.003 463.073 123.042 -15.327 277.824 412.346 -16.365 191.012 487.013 -22.889 409.993 278.011 -16.523 357.613 481.500 -17.753 338.511 258.409 -17.598 438.457 111.434 -16.555 307.771 191.628 -12.869 22.966 154.389 -18.448 23.565 436.266 -15.144 406.605 454.967 -16.072 127.985 115.778 -18.543 99.735 197.490 -20.292 118.715 98.328 -18.387 132.870 149.746 -18.418 125.667 23.711 -20.618 216.380 217.991 -16.528 332.248 12.963 -17.364 245.334 164.659 -17.075 29.426 418.850 -13.937 449.160 147.766 -15.240 10.938 66.342 -15.944 25.748 261.731 -21.195 180.729 173.395 -17.329 31.804 98.548 -16.908 342.051 1.635 -16.839 352.940 117.079 -14.977 391.365 230.855 -16.451 42.856 173.033 -17.925 362.229 470.371 -16.651 419.329 309.254 -17.764 336.568 362.892 -13.568 135.347 53.595 -20.965 463.575 55.718 -15.124 428.176 44.432 -16.078 461.159 158.607 -18.547 256.721 462.710 -17.422 203.239 477.647 -21.823 144.041 456.797 -18.863 37.059 72.464 -17.656 124.082 187.159 -17.912 96.353 227.378 -18.344 357.253 405.206 -12.845 100.807 62.097 -19.850 30.013 372.215 -16.044 325.380 134.145 -14.584 385.735 117.150 -14.550 234.410 278.484 -18.201 489.054 147.546 -19.398 159.931 339.211 -16.104 53.265 153.980 -19.066 0.309 378.562 -15.027 467.770 124.072 -15.659 151.843 92.044 -19.728 10.065 303.723 -19.626 361.205 330.144 -15.712 237.547 105.362 -21.351 316.794 55.467 -20.001 345.661 291.802 -16.389 306.689 480.483 -19.670 93.686 61.154 -19.576 325.028 419.756 -13.396 232.257 329.213 -17.363 437.388 493.460 -18.358 498.816 196.917 -19.039 125.289 399.886 -18.589 236.058 12.942 -22.367 385.175 426.909 -14.192 328.775 353.046 -13.575 45.451 178.680 -18.592 46.425 285.346 -20.487 158.796 166.419 -18.228 317.910 137.067 -14.506 446.713 266.060 -17.458 146.097 420.309 -18.087 404.799 383.311 -14.003 412.458 123.085 -16.298 142.047 74.281 -20.038 391.261 296.470 -16.726 45.225 272.493 -20.282 425.622 418.083 -15.667 205.212 128.399 -19.491 180.423 331.760 -16.896 99.146 258.853 -19.909 121.572 290.019 -19.117 19.443 409.298 -15.546 439.829 204.890 -16.072 364.392 215.832 -15.906 321.999 56.285 -18.307 243.510 98.364 -23.409 451.827 203.250 -16.445 184.050 130.212 -19.422 160.070 42.663 -23.025 272.775 139.903 -16.745 304.566 63.244 -18.732 309.798 414.862 -13.703 430.332 258.769 -19.193 72.363 162.094 -17.759 12.920 413.124 -15.205 400.067 393.523 -12.542 320.067 146.543 -15.565 462.628 333.328 -19.198 208.953 339.618 -17.337 96.167 240.842 -19.310 360.912 445.641 -15.631 258.473 278.162 -17.867 352.516 253.624 -17.060 81.721 407.600 -15.368 447.552 338.908 -18.095 401.961 210.138 -13.303 320.879 443.243 -16.290 203.393 462.761 -20.610 204.095 485.242 -22.711 488.362 441.308 -16.689 250.089 23.546 -22.980 81.208 468.018 -17.528 274.844 433.255 -17.301 45.158 234.331 -18.157 181.630 6.302 -21.892 289.492 228.966 -18.045 111.750 111.101 -17.527 195.428 430.727 -19.060 424.326 367.511 -15.687 475.305 229.706 -20.517 330.721 438.710 -15.754 181.116 55.076 -23.505 321.833 119.716 -14.591 333.350 499.801 -17.426 398.532 415.005 -14.339 473.796 134.067 -16.845 445.936 81.092 -15.029 463.541 426.084 -17.427 287.222 171.937 -15.292 453.004 0.107 -17.376 365.436 78.839 -15.750 271.338 462.978 -17.426 212.073 110.118 -19.354 175.384 321.863 -15.793 7.578 320.205 -19.614 490.036 190.991 -19.396 250.906 322.219 -16.983 307.525 209.369 -15.135 257.231 123.403 -17.647 182.531 294.797 -15.131 467.591 406.703 -17.588 226.301 390.698 -16.769 246.296 464.242 -19.287 18.476 295.816 -20.659 112.358 196.107 -18.739 495.642 340.418 -19.040 302.235 31.475 -19.912 202.904 313.840 -16.208 163.123 351.213 -16.691 72.851 110.774 -17.454 3.231 353.638 -16.938 390.197 105.011 -15.412 459.262 192.742 -18.939 59.929 43.731 -18.091 118.655 29.955 -21.236 1.059 356.308 -17.181 62.535 135.382 -16.905 297.363 86.163 -18.639 130.425 73.850 -19.015 218.721 363.143 -16.929 489.041 197.682 -19.134 456.036 419.403 -17.012 83.885 5.374 -19.663 262.990 383.682 -16.618 393.123 393.766 -13.147 388.140 124.293 -14.722 60.437 88.457 -16.337 119.023 285.736 -19.508 350.500 332.768 -14.967 166.232 6.008 -24.515 242.393 276.823 -18.324 446.630 464.275 -16.774 233.688 252.923 -20.243 498.586 283.750 -20.641 211.585 487.402 -22.672 261.244 348.055 -15.431 130.989 221.812 -18.518 53.046 82.534 -16.988 273.750 318.947 -15.362 160.665 77.291 -21.646 268.508 296.509 -16.633 450.639 97.449 -15.950 188.767 427.103 -18.659 282.680 129.430 -16.100 124.427 308.781 -18.206 29.890 363.636 -15.881 312.275 246.004 -16.038 297.048 67.342 -20.245 171.926 176.873 -17.655 13.684 149.170 -19.996 119.506 481.616 -19.864 270.267 211.350 -16.780 159.370 424.014 -18.940 452.641 153.865 -16.054 477.998 17.811 -15.832 452.086 194.099 -17.154 208.850 192.582 -14.941 320.181 152.190 -15.558 2.415 301.455 -21.262 475.036 394.957 -16.117 236.488 73.895 -23.917 466.648 215.272 -19.239 100.629 192.347 -20.888 483.256 439.082 -16.651 253.345 92.465 -23.072 153.905 424.501 -19.058 458.127 7.279 -18.532 78.254 328.992 -19.720 114.971 129.857 -17.984 203.501 118.180 -20.196 414.888 475.066 -19.165 258.792 389.847 -16.007 352.850 313.849 -16.565 249.779 496.075 -21.753 441.892 381.501 -15.100 0.450 334.725 -18.918 326.528 253.795 -15.791 66.394 314.807 -18.259 314.931 400.913 -13.526 495.454 290.523 -20.420 382.139 184.509 -15.722 287.348 331.741 -16.742 334.820 131.963 -14.839 9.908 131.284 -17.362 57.165 99.022 -17.087 424.646 248.549 -18.656 183.582 109.509 -19.206 132.273 422.293 -18.950 437.117 124.192 -15.648 445.353 182.908 -18.012 275.903 72.911 -20.545 235.065 462.980 -19.004 479.858 197.844 -19.215 47.691 117.218 -17.778 149.525 161.854 -18.987 6.309 468.925 -16.604 220.437 356.601 -17.276 396.192 221.423 -16.575 105.326 396.037 -17.460 41.498 463.535 -15.093 152.709 266.412 -15.477 180.061 124.795 -19.153 318.429 66.795 -17.872 378.474 326.851 -16.913 160.172 280.216 -13.959 260.175 67.374 -22.308 82.939 73.306 -18.802 298.928 173.284 -13.942 404.242 331.594 -16.761 484.815 141.290 -20.024 405.736 266.014 -17.269 408.300 323.025 -18.417 470.271 55.529 -14.919 475.694 209.132 -20.459 111.448 36.443 -19.909 62.511 199.647 -18.092 339.185 146.939 -14.527 316.891 344.465 -15.321 499.207 137.690 -19.091 274.042 184.582 -14.560 437.733 134.722 -14.912 379.167 488.367 -17.450 11.877 61.793 -15.806 389.488 357.004 -16.257 99.321 234.482 -19.402 295.976 43.769 -20.074 124.240 253.532 -17.439 431.601 24.406 -17.649 322.949 82.410 -16.704 32.071 198.930 -18.479 491.499 300.766 -20.945 301.456 316.919 -15.059 35.349 30.941 -15.005 211.846 497.101 -24.026 419.678 363.390 -17.236 183.251 448.155 -20.013 80.024 333.632 -20.331 409.464 152.710 -15.272 375.988 81.228 -15.806 223.817 100.149 -21.942 14.658 346.556 -17.601 230.974 50.462 -24.156 67.192 114.996 -17.179 427.233 432.399 -15.575 128.032 486.756 -21.558 488.995 400.962 -15.316 129.548 339.415 -19.577 175.750 87.754 -21.621 147.766 414.980 -18.740 219.913 72.752 -23.367 48.040 43.529 -18.240 353.142 440.292 -14.819 175.356 348.760 -16.109 81.353 345.931 -19.720 403.972 299.091 -17.699 10.541 414.795 -14.680 266.563 495.542 -20.020 447.210 327.686 -18.812 215.035 476.509 -20.906 27.186 0.248 -15.463 98.664 345.227 -19.772 141.424 1.024 -23.022 269.346 468.585 -16.774 274.974 309.469 -15.162 44.769 432.832 -13.984 106.628 455.161 -18.502 113.221 393.443 -17.925 185.823 139.925 -19.153 268.940 444.003 -17.456 178.564 44.324 -23.001 154.056 193.867 -18.110 232.804 486.052 -20.766 499.424 422.253 -16.101 189.868 222.507 -15.937 312.963 470.214 -17.239 62.580 258.491 -19.238 333.606 80.461 -16.402 26.732 468.526 -14.972 305.967 165.908 -14.026 302.900 223.112 -16.953 190.280 7.830 -22.203 168.118 253.729 -14.274 385.506 259.889 -17.745 10.216 241.335 -20.919 207.763 161.766 -17.479 22.320 30.102 -14.837 49.754 370.182 -16.939 248.004 116.393 -20.520 5.532 158.722 -20.277 143.802 184.306 -18.998 480.041 444.916 -15.994 250.426 150.834 -18.043 244.212 491.958 -20.866 347.544 436.535 -15.329 79.132 217.520 -19.428 430.363 407.591 -16.525 264.060 260.990 -19.721 138.078 332.648 -17.696 163.761 345.486 -16.984 101.522 308.245 -20.182 227.964 18.281 -23.381 301.782 381.760 -11.578 455.881 492.505 -17.674 2.950 105.233 -17.048 64.499 291.267 -18.795 161.543 393.981 -18.891 298.630 25.446 -20.938 8.507 326.249 -20.275 360.240 103.101 -14.818 244.333 208.138 -17.736 100.190 396.074 -16.752 371.585 321.288 -16.424 122.425 67.393 -20.494 442.759 252.734 -19.395 399.916 370.228 -15.168 492.603 98.284 -16.226 296.890 327.340 -15.700 37.346 99.846 -16.818 25.206 136.068 -19.024 247.751 0.673 -22.793 223.686 383.810 -17.553 291.238 473.621 -17.758 292.694 370.358 -13.914 283.241 254.239 -17.480 16.504 449.158 -15.991 497.660 327.581 -19.933 437.323 498.638 -17.087 147.769 18.769 -21.740 86.150 4.101 -20.093 134.938 264.991 -17.114 371.896 389.380 -13.286 391.032 491.649 -18.650 80.736 172.947 -18.011 296.543 165.510 -15.337 225.741 397.731 -18.231 14.678 266.387 -22.010 186.182 230.355 -14.763 446.655 450.780 -17.338 257.221 134.905 -18.429 240.687 214.983 -17.217 49.006 260.858 -19.649 256.993 327.818 -17.150 301.816 183.772 -15.130 297.971 2.294 -21.053 283.032 370.235 -13.877 324.585 245.516 -16.855 250.856 222.850 -18.679 229.764 265.194 -20.086 319.105 284.969 -15.497 85.837 462.846 -17.039 155.856 127.239 -18.814 91.663 290.456 -20.450 350.227 100.579 -15.142 477.682 262.391 -20.510 397.293 410.291 -13.960 340.587 217.471 -16.059 162.594 483.865 -22.206 312.077 432.487 -15.784 268.384 246.321 -18.841 220.309 7.413 -23.092 162.330 10.710 -23.649 69.145 4.539 -17.006 227.454 30.703 -23.936 251.453 326.042 -16.818 166.960 418.040 -19.310 5.924 473.652 -15.850 189.886 161.092 -18.358 486.476 367.637 -16.130 460.598 252.874 -19.057 270.788 54.002 -21.123 38.316 471.505 -16.074 112.156 493.133 -21.116 78.902 475.674 -18.073 131.154 111.420 -18.961 444.358 62.521 -14.877 165.588 202.372 -16.991 144.264 49.013 -21.360 315.580 178.962 -14.067 128.801 314.021 -18.305 159.315 289.088 -14.751 21.673 365.134 -16.022 38.182 37.799 -16.613 10.682 118.111 -16.846 199.056 271.111 -16.841 174.811 183.809 -17.792 8.861 378.743 -15.345 7.113 63.796 -16.396 140.133 315.642 -17.804 480.270 97.006 -15.020 421.863 166.751 -14.996 187.068 248.388 -14.379 92.755 364.944 -19.590 362.218 404.610 -12.371 38.630 172.654 -19.224 448.135 94.095 -15.989 31.873 121.721 -17.643 212.040 223.743 -16.128 178.708 292.092 -16.024 0.996 124.966 -17.120 125.542 40.323 -20.379 345.092 61.113 -16.946 0.424 13.600 -16.166 261.347 467.653 -18.471 491.201 414.519 -17.149 123.692 38.336 -20.866 335.254 42.472 -18.426 194.576 197.329 -16.362 21.102 67.946 -15.278 90.505 490.007 -19.840 79.531 253.475 -19.936 401.666 401.703 -13.040 53.332 365.439 -17.141 409.712 428.284 -14.156 207.279 358.159 -18.359 333.842 180.491 -14.144 452.245 141.778 -16.501 446.605 123.119 -16.890 356.405 36.085 -16.770 60.454 129.931 -16.741 196.410 474.771 -21.691 129.707 0.865 -21.722 436.795 479.826 -17.261 353.060 327.125 -16.105 133.194 202.014 -18.764 181.680 25.706 -23.525 110.557 139.313 -17.288 5.746 481.853 -16.121 368.282 233.891 -16.273 344.774 438.279 -14.649 359.726 488.192 -17.506 233.402 334.605 -17.659 206.952 306.692 -16.590 165.133 81.766 -20.712 15.328 402.218 -15.239 415.163 54.651 -16.113 350.433 480.610 -16.728 28.889 305.904 -19.948 415.148 215.862 -15.366 409.582 322.489 -17.146 368.068 173.304 -15.400 274.565 227.210 -18.119 368.472 382.477 -13.663 292.035 218.316 -16.734 57.227 432.537 -14.324 422.778 209.925 -16.577 106.640 60.442 -20.722 459.332 2.010 -17.779 494.237 310.158 -20.305 272.318 470.256 -18.034 182.864 399.525 -19.566 18.790 259.543 -21.622 43.483 258.848 -20.362 484.251 365.283 -16.842 23.066 400.302 -15.940 412.060 134.672 -14.809 111.058 306.449 -18.870 235.950 290.338 -17.322 458.772 18.653 -18.072 10.131 481.370 -16.619 426.008 2.501 -17.106 6.820 257.250 -21.986 166.196 462.073 -20.061 43.203 73.288 -17.060 427.008 54.794 -15.763 458.028 431.387 -17.815 18.472 112.000 -17.354 447.801 143.501 -15.307 492.304 135.148 -18.099 199.121 260.840 -15.636 127.598 6.344 -22.410 242.121 462.314 -19.141 140.585 177.313 -19.529 356.974 161.420 -14.702 488.289 319.958 -20.769 162.761 320.940 -15.682 170.412 278.044 -15.285 411.370 26.066 -16.019 289.849 192.545 -14.587 358.773 46.473 -17.527 83.884 438.188 -16.231 470.769 252.742 -20.279 122.870 370.104 -19.577 191.640 412.184 -18.508 474.068 43.466 -14.161 334.771 253.803 -17.701 255.972 492.423 -22.152 493.901 24.896 -14.213 371.657 498.308 -16.700 363.073 222.809 -16.335 210.153 218.331 -16.206 247.026 79.321 -23.335 67.303 282.642 -19.125 120.797 454.945 -18.075 273.026 129.835 -18.120 19.912 227.228 -19.148 491.197 177.649 -18.793 50.563 344.375 -18.692 382.204 487.022 -18.030 264.373 377.515 -14.596 291.093 128.780 -15.055 374.496 363.219 -16.001 369.292 1.340 -16.759 12.207 123.030 -16.829 461.255 234.824 -19.807 8.964 240.272 -20.847 66.927 185.142 -17.980 191.454 43.013 -22.776 194.943 417.949 -19.390 112.191 246.834 -18.680 369.007 394.948 -13.110 311.453 184.703 -14.446 227.117 351.292 -16.270 291.044 5.967 -20.222 6.353 36.731 -13.290 355.546 24.976 -16.485 54.885 339.229 -18.944 74.075 381.787 -17.659 117.312 18.123 -20.307 4.879 72.385 -16.098 192.230 381.159 -18.373 25.044 221.510 -18.067 404.179 473.948 -17.624 340.699 435.100 -14.826 273.144 401.980 -15.364 30.030 174.062 -19.128 122.578 276.853 -19.387 273.791 239.880 -17.515 436.431 369.604 -16.202 29.427 428.193 -13.658 499.114 0.917 -16.321 397.476 205.133 -14.497 87.890 172.364 -18.085 46.788 316.469 -19.227 3.491 142.855 -19.907 52.018 245.909 -19.792 181.584 338.461 -17.565 499.181 97.054 -17.402 8.605 264.879 -22.506 240.581 43.689 -22.632 347.614 155.179 -16.458 370.715 350.681 -17.846 0.246 26.020 -14.033 335.624 204.566 -15.841 311.614 309.003 -14.914 242.548 195.770 -16.779 196.201 265.069 -16.589 171.967 77.286 -21.315 422.527 227.808 -16.610 3.526 266.287 -21.305 409.596 207.368 -14.300 189.635 25.362 -23.239 287.020 358.310 -13.262 305.867 468.890 -18.211 112.776 158.602 -18.876 161.873 104.095 -18.630 489.099 89.230 -15.641 372.911 440.226 -15.220 277.543 118.590 -17.072 497.539 266.309 -21.023 42.470 419.629 -13.541 37.755 347.696 -18.351 32.349 214.468 -18.791 293.834 308.203 -16.566 353.330 319.968 -16.962 8.454 130.307 -17.313 238.199 260.442 -20.267 149.391 185.062 -19.007 340.284 442.232 -14.795 188.337 476.745 -21.952 48.464 420.405 -13.217 214.715 326.994 -16.309 429.091 104.585 -15.761 384.348 204.049 -15.497 129.588 159.339 -18.450 232.862 424.891 -18.687 469.710 137.305 -17.448 409.585 93.634 -16.652 270.734 277.783 -18.409 258.570 220.515 -18.279 6.092 51.413 -15.244 5.743 259.187 -21.170 438.872 162.286 -17.028 5.288 345.812 -18.000 106.159 235.304 -18.550 78.108 230.439 -17.921 175.840 149.823 -19.051 467.583 153.284 -17.457 489.256 252.767 -20.738 453.534 431.283 -16.688 16.594 190.917 -18.141 198.765 185.730 -15.552 33.885 301.631 -19.470 437.434 415.888 -16.577 302.865 352.815 -14.620 241.971 233.222 -17.705 35.542 191.024 -17.867 245.847 123.889 -19.355 488.669 124.284 -16.941 470.424 399.145 -16.330 189.933 418.487 -18.913 160.789 436.443 -19.100 386.973 356.995 -16.150 358.170 78.783 -15.021 211.394 164.466 -16.916 237.313 468.574 -18.602 345.838 178.926 -14.048 293.862 253.477 -16.636 256.937 97.694 -22.343 94.072 87.290 -19.784 449.309 344.436 -17.207 103.219 473.452 -19.051 234.496 43.797 -23.723 251.915 369.542 -15.338 419.202 311.837 -17.656 87.209 457.268 -17.787 339.487 495.585 -17.199 479.403 365.517 -16.361 332.413 283.694 -15.909 396.887 325.952 -16.490 428.946 234.550 -17.040 202.294 345.903 -17.749 53.964 272.057 -20.138 181.470 415.692 -18.325 452.771 31.127 -16.692 455.624 315.772 -20.433 118.859 89.063 -18.604 457.868 56.731 -14.525 7.101 346.484 -17.299 227.156 486.339 -21.646 309.534 214.790 -16.450 183.952 461.304 -20.221 399.841 467.803 -16.685 138.931 246.789 -15.603 145.383 265.678 -16.374 452.709 7.018 -17.652 376.557 245.764 -17.036 286.559 192.491 -15.510 143.953 443.367 -18.633 218.470 136.625 -19.885 254.911 178.443 -16.631 37.465 25.293 -15.139 156.655 136.912 -18.087 372.516 167.847 -14.503 203.955 420.250 -18.356 7.966 222.026 -19.352 324.999 191.588 -14.157 116.195 301.717 -19.119 215.061 43.565 -24.725 29.714 320.398 -20.289 336.661 39.671 -17.958 302.296 327.373 -15.948 495.825 424.960 -16.056 456.320 224.448 -18.275 11.153 474.743 -16.799 128.153 352.213 -18.093 117.580 190.087 -18.836 86.416 432.793 -16.692 197.580 93.569 -22.509 426.556 415.160 -16.045 16.213 363.168 -16.580 321.941 450.886 -16.000 164.973 497.032 -24.214 181.022 150.082 -18.447 143.605 381.138 -18.281 57.783 160.372 -16.782 0.954 368.579 -15.509 379.875 51.839 -16.269 94.302 13.141 -21.261 212.082 400.913 -17.979 58.754 301.941 -19.457 478.065 67.909 -15.060 234.719 105.651 -22.256 337.031 1.175 -17.134 71.303 339.558 -19.716 408.235 178.140 -14.812 468.898 307.394 -19.902 398.343 45.271 -16.714 68.973 220.952 -18.458 110.393 129.052 -17.858 122.107 179.813 -18.895 252.749 426.575 -18.831 20.645 325.903 -20.265 182.003 236.228 -15.232 230.394 468.244 -18.740 382.469 236.960 -17.021 475.121 323.434 -20.359 46.527 101.872 -18.959 98.062 362.226 -19.004 491.206 277.349 -20.862 271.331 77.470 -23.287 2.322 401.252 -15.274 50.368 356.256 -18.336 331.650 110.848 -15.030 277.761 19.404 -19.855 45.045 32.566 -17.865 259.632 215.194 -17.705 258.844 376.503 -15.367 405.263 75.189 -17.658 436.123 350.040 -17.482 230.772 284.911 -18.778 298.211 439.453 -17.425 118.602 43.448 -20.812 407.657 488.893 -18.950 327.866 396.083 -11.573 122.617 240.367 -17.759 458.667 486.491 -16.639 243.190 431.896 -17.926 24.294 147.923 -18.859 430.553 483.018 -18.198 438.036 439.155 -16.749 4.585 65.844 -15.342 276.668 86.980 -21.511 218.869 121.700 -19.462 85.041 481.015 -17.622 145.412 5.194 -22.706 201.709 265.840 -17.188 170.446 339.359 -16.596 423.218 111.721 -16.170 216.238 401.315 -18.499 302.005 202.027 -15.209 166.410 222.572 -15.007 397.930 458.432 -16.258 299.564 321.463 -15.914 239.756 457.559 -19.765 446.279 408.548 -17.324 14.184 413.802 -15.460 378.679 241.799 -16.986 256.664 247.794 -20.205 272.942 66.798 -22.579 156.818 455.888 -19.743 56.096 124.733 -18.442 495.913 93.242 -16.634 112.719 456.775 -18.183 265.155 155.860 -16.858 238.306 437.334 -17.955 191.465 291.263 -15.871 368.369 11.647 -16.036 339.048 343.511 -15.226 20.301 302.112 -19.380 343.481 270.519 -16.973 236.972 331.189 -17.592 490.585 142.163 -19.825 262.961 272.868 -18.911 424.655 470.476 -16.884 15.427 128.644 -17.136 311.969 23.755 -20.725 44.694 241.817 -17.929 96.479 475.314 -18.481 233.208 272.484 -18.376 292.328 422.847 -16.235 62.204 273.218 -18.361 375.029 482.119 -17.306 221.100 353.354 -16.910 17.653 244.794 -20.490 50.744 284.853 -20.044 185.984 69.191 -22.810 356.566 498.924 -17.230 145.697 399.959 -18.633 39.388 31.068 -15.469 408.407 228.908 -16.471 410.763 451.193 -16.819 347.134 32.302 -16.402 405.337 185.217 -15.092 219.523 111.005 -19.734 453.773 241.988 -20.330 386.144 395.191 -13.437 454.650 63.727 -14.220 425.994 306.920 -17.625 259.696 191.509 -15.577 65.824 240.873 -18.292 124.799 76.794 -19.576 393.344 208.784 -14.664 117.866 7.319 -21.346 445.433 352.085 -16.622 325.208 62.471 -18.824 178.318 263.360 -14.905 62.443 348.548 -18.826 365.140 6.033 -17.418 381.138 116.696 -14.861 168.934 407.985 -18.542 114.059 295.243 -19.020 496.940 18.523 -14.471 35.729 234.955 -19.548 90.842 67.813 -19.789 59.876 387.521 -15.238 115.279 254.498 -18.427 290.496 202.081 -16.343 458.025 263.947 -18.694 46.340 61.213 -18.033 69.686 159.288 -17.787 29.515 272.773 -20.912 52.998 422.008 -13.194 6.355 133.761 -18.783 159.940 92.867 -19.346 148.928 319.051 -16.187 102.674 254.127 -19.194 416.795 365.404 -16.535 457.096 444.940 -17.600 55.524 197.627 -17.945 22.546 461.252 -17.017 316.284 80.769 -16.626 238.785 199.191 -17.265 498.675 331.907 -19.661 485.177 289.953 -20.142 281.290 307.222 -14.456 492.678 1.659 -15.857 123.937 363.999 -19.009 154.464 307.983 -16.701 25.296 199.836 -17.765 287.613 220.601 -16.743 484.763 474.459 -17.056 481.796 11.568 -16.106 358.735 400.481 -12.913 336.886 196.910 -15.330 468.427 183.282 -19.486 466.525 83.120 -15.839 195.391 37.028 -24.265 131.872 11.828 -21.105 280.577 433.104 -17.150 103.421 365.993 -19.791 399.696 184.635 -14.573 33.832 117.715 -17.732 100.445 443.411 -16.094 41.268 216.643 -18.496 259.682 254.487 -18.572 202.498 166.279 -16.989 401.006 499.004 -17.928 94.803 271.636 -19.671 35.590 413.663 -14.002 312.028 196.330 -14.172 106.543 498.638 -20.331 192.155 240.948 -15.312 412.132 495.050 -18.276 382.464 1.174 -16.436 398.600 352.364 -16.473 438.489 463.235 -16.938 163.105 419.898 -19.365 302.883 18.940 -21.629 147.962 203.106 -17.978 125.983 14.320 -20.607 243.923 6.040 -22.788 54.005 447.256 -14.669 101.165 86.175 -18.005 367.138 203.131 -15.644 331.603 308.586 -14.838 40.540 265.204 -20.677 10.371 6.206 -14.973 385.720 462.247 -16.705 82.405 259.089 -18.993 329.327 382.323 -11.960 217.903 254.407 -18.063 218.082 321.745 -16.965 3.050 438.953 -16.709 86.573 1.399 -20.306 66.260 130.515 -17.262 428.228 29.291 -17.755 68.196 198.555 -18.051 246.558 193.649 -16.747 232.380 364.191 -17.380 184.035 178.997 -17.383 244.415 404.959 -16.970 128.674 277.470 -17.810 281.423 488.314 -19.433 109.092 93.101 -18.372 102.854 241.014 -17.138 483.180 340.313 -18.456 69.738 1.529 -17.558 376.746 297.301 -16.886 201.476 412.884 -18.772 76.380 202.378 -18.894 458.899 332.679 -19.041 369.716 184.595 -15.453 342.089 109.835 -14.605 110.875 104.861 -18.153 119.237 260.094 -17.973 3.387 251.541 -20.747 24.844 370.601 -15.998 211.439 266.518 -16.905 153.786 338.229 -16.002 288.085 119.311 -17.141 282.178 271.270 -16.564 216.708 4.334 -24.178 50.643 160.777 -18.154 334.500 474.279 -16.781 10.320 488.056 -15.816 237.019 359.920 -16.348 228.953 85.565 -23.479 181.721 142.041 -18.280 365.166 474.087 -16.569 372.789 236.270 -16.774 43.601 469.163 -15.202 355.078 223.362 -15.804 375.947 113.191 -15.898 478.848 390.169 -16.103 230.597 125.290 -19.638 314.068 125.811 -14.378 152.627 60.106 -22.089 72.392 1.940 -17.842 4.346 190.210 -18.790 395.061 78.554 -16.550 261.432 247.179 -19.265 303.054 181.085 -13.795 225.908 6.481 -22.197 185.177 340.227 -17.701 441.897 456.428 -16.654 182.845 79.577 -21.928 392.984 72.987 -16.236 404.503 351.718 -15.520 464.113 49.133 -14.036 153.176 303.538 -15.995 358.555 473.689 -16.665 248.836 134.922 -17.715 308.513 240.123 -17.038 172.137 128.379 -18.415 467.490 246.308 -21.282 62.942 38.452 -19.155 391.394 128.685 -14.612 340.583 450.776 -15.819 245.199 130.410 -18.281 130.153 328.575 -17.902 46.029 217.015 -17.947 247.645 426.653 -18.168 272.392 165.024 -15.536 139.877 43.458 -20.886 444.045 148.236 -17.302 188.595 54.171 -23.781 15.484 92.266 -16.309 355.939 401.007 -13.085 361.387 233.733 -17.582 460.321 481.439 -18.093 191.503 164.649 -16.647 475.186 0.624 -17.107 222.460 291.794 -17.358 265.820 117.864 -18.091 390.773 188.632 -14.873 227.295 165.999 -16.672 361.763 37.224 -15.997 204.013 105.079 -19.831 284.746 198.682 -15.748 151.937 173.981 -18.446 425.201 126.170 -15.058 28.903 336.639 -18.789 362.057 319.010 -16.241 93.210 406.165 -16.574 167.226 248.032 -14.260 423.869 333.990 -18.154 414.864 413.024 -14.697 57.927 363.190 -17.419 362.973 369.494 -13.884 330.276 345.659 -14.255 456.464 174.024 -17.536 458.978 128.440 -15.955 457.261 394.983 -17.047 166.455 438.762 -19.338 464.208 111.463 -15.812 332.495 76.501 -17.786 34.264 439.564 -15.468 175.691 439.216 -18.621 200.726 7.270 -23.930 25.277 191.216 -18.416 494.339 4.805 -16.240 165.322 388.761 -18.888 6.901 209.161 -18.665 469.152 357.253 -16.677 144.232 149.216 -18.927 436.421 210.928 -16.008 118.861 433.355 -18.738 437.664 443.836 -16.730 497.494 242.452 -20.689 424.604 430.272 -15.953 222.533 321.625 -17.232 481.900 7.114 -15.855 243.387 482.008 -20.152 396.651 441.129 -15.365 237.754 112.130 -20.091 475.770 35.134 -15.692 274.349 345.519 -15.274 365.277 167.122 -15.206 127.212 103.438 -18.582 87.194 137.271 -17.232 406.548 165.995 -15.392 233.710 349.585 -15.784 5.246 129.691 -17.235 41.485 303.357 -19.377 212.414 394.621 -17.407 91.695 54.477 -19.993 472.254 277.138 -19.688 69.282 278.503 -20.476 127.352 437.092 -17.968 495.392 203.190 -20.018 312.187 63.324 -18.590 31.011 248.183 -19.962 132.330 396.073 -18.366 361.978 49.515 -16.633 342.355 87.104 -15.457 390.076 389.310 -12.865 481.371 153.788 -18.972 294.702 297.051 -16.254 241.859 291.198 -17.874 6.809 273.263 -20.885 393.490 346.385 -16.737 145.306 23.577 -21.273 186.035 147.564 -19.146 181.635 395.856 -20.299 475.549 158.216 -18.569 37.075 308.525 -19.357 386.834 469.775 -18.215 394.634 37.448 -16.602 461.419 147.273 -17.464 416.013 128.998 -15.711 140.339 129.565 -18.014 379.450 287.371 -15.829 404.885 104.840 -16.403 399.501 133.922 -14.320 122.059 350.586 -18.964 157.182 47.475 -22.512 323.734 345.978 -14.363 310.335 437.309 -15.689 117.085 395.408 -17.468 435.411 411.297 -15.792 145.794 316.641 -17.020 91.112 275.608 -19.698 285.814 74.733 -20.778 36.084 402.424 -14.141 28.472 73.753 -16.349 270.377 234.287 -18.214 320.231 253.502 -15.648 191.561 363.316 -18.668 164.053 408.150 -19.140 99.855 7.461 -19.881 57.275 14.568 -16.686 300.026 245.475 -16.618 301.014 74.242 -19.622 256.467 418.580 -17.489 5.391 97.486 -17.393 394.090 214.428 -14.045 183.062 266.595 -15.273 21.304 232.665 -19.978 5.008 430.375 -16.037 329.872 167.781 -15.291 361.385 196.500 -16.112 152.234 407.452 -19.019 266.034 463.462 -17.795 104.011 222.596 -17.705 165.846 363.708 -17.097 469.893 67.036 -15.630 81.578 208.974 -18.793 115.309 178.071 -19.565 438.167 410.923 -16.736 106.176 368.521 -18.089 194.580 308.280 -15.888 480.802 250.551 -20.605 60.158 488.425 -16.598 457.691 369.164 -16.545 335.223 165.918 -13.269 198.918 481.493 -21.108 251.624 68.080 -22.963 327.240 227.315 -16.132 63.754 320.913 -19.151 365.599 270.796 -16.620 236.888 420.226 -17.419 387.703 481.689 -18.131 485.704 411.769 -16.311 405.699 481.531 -19.039 78.505 165.899 -17.469 57.786 230.949 -18.393 95.461 116.503 -17.034 242.618 445.359 -19.227 2.165 339.717 -18.817 462.658 345.635 -18.303 380.420 370.995 -14.501 410.187 54.736 -17.425 103.115 462.793 -18.768 333.260 19.979 -17.833 197.724 104.308 -19.979 261.931 296.235 -17.528 346.911 81.327 -15.824 164.106 301.788 -16.577 130.904 492.953 -21.325 0.284 125.305 -17.469 419.738 237.206 -17.266 499.462 209.997 -18.821 48.215 400.210 -14.030 274.132 369.902 -13.064 295.637 61.332 -20.108 162.721 493.024 -23.942 192.976 236.872 -14.377 356.573 55.708 -17.234 2.010 234.866 -20.465 256.550 199.706 -16.495 320.201 121.236 -14.143 206.936 470.215 -21.322 3.241 105.779 -17.386 179.981 155.372 -18.474 137.467 48.114 -20.585 6.821 458.429 -18.559 280.859 87.285 -21.432 53.258 5.423 -16.662 358.492 458.349 -15.975 278.487 277.214 -16.251 455.297 285.828 -19.514 127.418 68.170 -19.948 275.004 382.658 -14.320 214.600 424.381 -18.298 374.670 86.486 -15.303 323.342 483.788 -18.089 468.263 109.935 -16.224 8.739 350.110 -17.773 477.163 417.879 -16.789 392.523 369.556 -14.606 472.365 242.513 -19.982 261.210 149.285 -16.967 148.342 325.295 -17.500 331.436 57.055 -18.215 457.273 185.788 -18.963 213.012 61.866 -24.192 1.954 321.568 -20.245 381.435 498.127 -17.123 397.173 166.924 -14.830 301.629 195.492 -15.421 327.093 432.837 -15.871 373.662 288.882 -15.776 317.237 1.542 -19.217 449.562 0.111 -17.868 79.267 141.294 -18.757 371.037 86.372 -15.072 165.328 315.317 -16.643 50.652 183.886 -17.917 492.376 465.422 -16.244 227.541 339.952 -16.487 1.763 401.290 -14.894 138.833 6.323 -22.125 468.118 297.356 -18.671 433.785 116.618 -15.672 152.287 178.884 -18.115 391.897 364.898 -15.635 81.363 452.360 -17.277 345.818 357.337 -14.650 413.887 349.739 -16.505 463.370 401.316 -16.170 331.588 159.701 -13.819 151.818 202.082 -17.664 376.600 417.390 -12.238 393.802 480.964 -18.311 403.130 427.506 -14.354 135.488 277.599 -16.745 350.635 135.986 -14.238 338.199 438.774 -14.834 2.277 54.177 -15.742 95.665 208.920 -18.790 16.313 167.029 -19.614 283.522 277.680 -17.366 300.953 235.939 -17.017 131.047 246.414 -16.875 183.686 351.569 -17.801 209.745 464.736 -20.469 431.579 14.725 -17.276 355.088 339.194 -15.996 227.413 86.713 -22.183 0.437 87.718 -16.443 117.404 153.750 -18.700 372.517 208.061 -16.383 464.220 140.920 -16.768 254.436 53.813 -23.273 219.542 258.507 -18.536 408.298 377.765 -15.062 439.826 278.882 -18.912 388.919 371.434 -15.118 115.469 81.216 -18.540 228.150 103.119 -21.576 206.955 495.556 -24.483 81.665 183.525 -18.387 184.483 277.168 -14.876 242.133 168.367 -18.237 300.576 37.857 -19.780 143.844 245.194 -15.265 255.984 172.167 -16.049 349.921 26.627 -16.009 345.996 54.701 -17.624 187.561 482.118 -21.606 136.141 162.266 -18.409 6.910 469.985 -17.490 171.826 117.547 -18.345 21.979 92.774 -15.919 119.064 58.925 -20.314 82.131 198.210 -19.983 433.089 457.344 -15.574 461.155 352.373 -16.408 36.399 62.803 -15.564 187.876 99.892 -20.080 216.745 97.075 -20.791 456.745 256.639 -19.034 134.366 241.845 -16.573 484.178 190.289 -19.143 2.531 117.097 -16.815 259.185 31.641 -21.450 325.107 170.598 -13.740 75.402 322.884 -19.569 182.439 247.780 -14.394 47.923 7.129 -16.494 437.221 294.009 -19.080 249.408 161.192 -17.716 303.199 264.713 -15.309 412.329 382.601 -14.364 458.797 377.059 -17.405 305.574 197.250 -14.826 341.657 321.960 -15.580 403.374 462.717 -17.943 419.132 494.168 -18.273 48.903 279.732 -19.877 17.785 492.231 -16.268 10.633 164.407 -19.338 48.870 455.079 -15.273 445.539 117.954 -15.862 409.609 0.310 -18.141 186.171 41.070 -23.964 133.161 190.795 -18.970 49.822 14.527 -17.032 387.665 6.823 -17.640 451.008 327.285 -18.238 155.431 123.227 -17.913 213.957 377.431 -17.224 387.233 446.563 -14.818 421.762 357.277 -15.682 312.682 382.556 -12.550 254.181 413.829 -17.545 238.684 227.750 -17.319 368.430 148.508 -15.174 431.647 322.224 -18.064 125.988 136.452 -18.148 70.513 350.022 -19.867 196.023 406.847 -18.956 399.757 335.230 -15.817 136.009 378.428 -18.683 454.240 210.167 -18.782 207.485 145.256 -19.079 91.664 164.438 -18.108 289.008 320.042 -15.332 51.477 391.660 -12.737 447.299 277.432 -18.852 162.324 223.256 -15.221 3.275 289.419 -20.917 1.472 159.814 -20.266 287.562 419.651 -16.572 339.847 369.317 -13.484 153.045 2.014 -23.054 29.280 413.539 -14.522 45.139 248.833 -19.366 199.323 153.586 -18.289 288.238 26.380 -20.758 30.093 497.460 -16.538 313.445 346.784 -15.316 367.325 107.695 -15.047 349.391 209.612 -16.083 181.398 284.101 -14.944 476.749 460.040 -17.060 195.632 251.033 -16.689 300.852 136.024 -15.027 472.098 118.112 -15.800 45.198 393.987 -14.074 438.061 258.426 -19.311 426.278 228.312 -15.836 4.038 53.118 -16.044 268.423 363.167 -14.235 241.426 328.049 -16.944 450.273 171.563 -17.420 192.645 281.448 -15.732 309.847 78.906 -17.947 151.686 388.321 -17.876 251.780 242.294 -18.961 80.135 223.990 -17.937 176.786 487.340 -23.015 187.089 13.466 -22.464 328.586 376.679 -13.010 3.997 474.529 -17.484 41.687 289.692 -18.839 365.323 366.879 -15.716 443.179 332.717 -18.792 158.421 246.077 -15.318 43.861 119.573 -18.211 270.825 5.903 -20.265 366.441 290.118 -17.172 494.232 300.444 -19.727 423.130 277.249 -17.876 383.206 37.264 -15.348 354.754 498.593 -17.435 407.042 272.884 -16.787 221.044 387.187 -16.923 175.538 467.978 -19.571 496.997 395.066 -16.146 38.994 433.362 -14.019 144.978 296.147 -16.430 102.314 328.794 -19.749 207.326 295.368 -16.112 403.233 204.248 -14.558 446.782 228.246 -17.944 210.420 68.648 -23.187 67.548 167.063 -17.289 393.567 24.017 -16.689 119.192 444.702 -17.993 57.903 116.014 -16.807 341.682 123.878 -14.138 443.256 216.163 -17.032 96.554 462.190 -18.236 120.873 460.152 -18.241 186.726 36.108 -23.100 455.652 6.830 -18.514 82.608 356.132 -19.081 419.402 32.516 -16.190 52.666 499.628 -17.314 172.913 310.678 -15.556 121.429 172.194 -19.251 474.621 5.488 -16.673 53.693 276.588 -19.170 95.086 249.692 -19.489 353.104 411.119 -13.301 122.969 383.691 -17.912 447.893 68.988 -15.366 124.837 482.945 -20.004 76.112 151.003 -18.289 138.123 0.917 -22.254 74.505 73.440 -18.483 45.811 303.774 -18.981 257.408 236.516 -19.244 200.148 60.886 -23.412 62.173 50.031 -17.791 329.406 214.007 -16.296 183.600 191.917 -17.362 347.443 129.419 -14.465 51.914 167.826 -18.192 354.852 463.355 -16.609 339.083 123.536 -14.065 256.905 321.001 -16.160 158.004 418.905 -18.071 198.993 17.221 -23.453 376.181 433.213 -13.942 320.932 6.092 -16.503 248.523 87.287 -23.318 180.594 322.750 -15.375 407.418 143.448 -14.311 180.166 407.103 -19.788 415.201 271.824 -18.213 490.718 31.918 -14.074 51.384 147.624 -18.734 341.414 459.570 -15.499 199.346 37.940 -22.990 33.705 145.224 -18.576 274.245 288.404 -16.809 155.074 23.329 -22.696 9.447 451.576 -16.535 443.981 494.012 -17.902 79.343 42.702 -20.729 484.278 228.803 -20.161 301.534 409.142 -14.436 442.493 337.674 -18.861 343.541 282.723 -16.302 329.594 54.333 -17.950 162.625 283.919 -14.379 106.144 328.037 -20.486 494.998 378.502 -16.120 445.324 489.330 -16.692 166.096 445.997 -19.609 308.738 351.326 -15.637 227.317 400.600 -17.317 55.011 462.226 -15.920 178.174 106.694 -19.055 87.151 110.807 -16.821 281.163 333.902 -15.649 34.415 475.128 -15.433 297.993 143.879 -14.918 157.946 156.113 -19.099 47.505 487.125 -17.486 414.044 482.735 -18.957 138.531 400.706 -19.139 247.740 251.754 -20.083 243.644 457.819 -19.535 67.443 351.499 -18.040 87.386 393.243 -17.147 8.975 79.798 -16.856 279.993 98.899 -21.002 449.281 257.646 -18.600 163.284 230.828 -14.575 499.233 161.422 -21.091 414.704 19.094 -17.718 308.379 31.797 -19.646 346.509 204.325 -16.035 290.396 161.586 -13.564 90.691 413.356 -15.269 425.178 493.902 -18.693 280.585 284.945 -17.073 140.938 142.062 -20.291 442.344 191.461 -16.457 228.346 53.263 -23.418 358.698 131.128 -14.513 148.701 227.599 -14.702 123.438 388.861 -18.169 350.446 203.365 -15.534 34.104 296.620 -19.433 299.192 80.309 -18.491 307.284 457.022 -17.666 496.646 56.367 -15.346 374.816 80.004 -15.196 407.798 220.588 -15.961 141.424 243.355 -15.645 397.639 252.476 -18.056 29.543 252.285 -20.119 216.576 222.196 -16.247 25.691 158.728 -19.597 428.618 399.319 -15.038 365.339 278.382 -15.904 470.387 480.610 -17.364 289.510 450.830 -17.165 375.684 445.043 -14.229 27.269 105.065 -17.412 278.132 353.155 -14.146 19.915 321.599 -20.725 373.439 475.602 -16.799 445.973 203.005 -18.076 319.435 431.665 -15.883 401.611 213.694 -15.093 381.306 427.216 -12.958 210.356 389.317 -17.815 303.167 216.366 -16.317 53.158 328.255 -18.420 1.760 178.424 -20.298 237.228 85.836 -23.807 339.732 207.372 -16.148 27.126 431.709 -15.258 66.043 438.940 -14.434 102.185 248.656 -19.143 30.489 224.461 -19.429 334.910 115.558 -13.846 390.011 6.844 -17.417 196.718 319.469 -15.548 380.080 138.054 -14.961 307.488 50.119 -20.248 154.886 18.934 -23.124 109.015 239.585 -19.024 449.362 26.824 -17.934 324.305 270.657 -15.380 495.924 349.712 -18.304 403.308 271.499 -17.737 465.407 460.816 -17.293 77.101 191.610 -19.081 216.176 337.811 -17.446 326.342 316.325 -16.147 345.851 265.755 -17.457 418.033 370.215 -15.343 125.877 454.609 -18.348 306.338 332.766 -16.003 94.301 475.203 -18.041 16.327 177.935 -18.688 249.193 499.967 -21.389 55.182 359.911 -16.819 33.595 362.796 -16.176 12.148 41.581 -14.742 348.169 251.801 -17.534 159.461 47.158 -22.964 248.479 486.526 -20.806 453.697 264.858 -19.171 446.805 130.797 -16.368 70.308 358.359 -18.001 402.258 42.882 -16.481 325.463 260.171 -16.098 127.182 239.691 -17.873 307.685 44.572 -20.499 327.537 91.702 -17.152 93.569 233.962 -18.408 344.393 98.227 -15.530 443.808 195.651 -16.962 44.490 499.479 -15.626 349.457 345.811 -14.631 297.795 7.882 -20.107 353.849 129.549 -14.039 379.739 42.571 -15.883 357.608 98.776 -14.962 308.888 144.635 -15.396 466.846 449.104 -16.793 54.737 467.606 -16.471 227.602 153.833 -18.071 390.629 335.314 -16.233 340.839 240.954 -17.567 465.294 339.889 -17.972 309.853 140.064 -14.203 292.178 30.664 -20.160 258.327 90.773 -23.098 277.067 105.301 -19.815 499.509 186.638 -20.889 90.698 7.356 -19.307 288.409 389.992 -13.654 415.243 498.703 -17.707 342.984 81.392 -15.981 184.237 136.205 -18.904 78.583 37.803 -20.395 490.916 41.831 -14.759 374.098 24.008 -15.827 304.118 110.434 -15.589 425.166 406.626 -15.836 325.216 309.003 -15.487 499.318 456.904 -17.305 330.511 78.730 -17.103 385.522 350.643 -17.157 21.320 0.438 -15.007 361.113 110.245 -14.850 411.296 254.499 -18.733 450.059 123.203 -15.834 427.964 128.487 -14.746 153.705 11.282 -24.224 240.850 54.107 -23.643 328.592 479.627 -17.102 261.897 59.211 -21.270 165.042 290.938 -14.214 128.503 265.411 -17.662 494.154 369.301 -16.759 67.836 369.199 -17.374 230.413 426.209 -18.123 455.589 277.842 -19.092 469.606 6.153 -16.268 294.029 110.113 -17.164 389.739 475.948 -17.776 196.409 167.965 -17.904 110.423 82.427 -19.354 252.712 254.916 -20.573 399.721 122.765 -14.253 362.854 114.063 -16.017 21.431 241.486 -20.319 491.294 268.359 -20.056 312.270 151.166 -13.821 451.774 198.476 -17.404 5.948 309.400 -20.772 118.353 51.294 -20.691 121.624 29.035 -21.128 8.894 290.624 -19.995 6.682 384.228 -15.250 9.201 165.978 -19.200 400.538 35.900 -15.736 183.392 304.753 -15.919 268.327 346.775 -15.515 243.931 54.238 -23.560 236.206 381.441 -16.191 453.980 424.992 -17.116 136.982 370.380 -17.567 343.779 7.672 -16.811 434.617 80.040 -15.994 330.252 149.287 -15.459 395.941 365.021 -16.242 223.504 356.609 -17.018 90.700 340.380 -20.287 262.111 442.504 -18.381 315.602 364.729 -12.872 164.619 191.356 -17.006 133.049 207.597 -17.514 292.423 314.538 -15.650 495.122 148.471 -20.986 280.569 444.831 -17.185 249.056 396.348 -17.516 453.505 178.704 -18.774 279.249 390.607 -14.956 439.140 85.455 -15.845 194.010 369.215 -19.243 468.862 61.756 -15.406 99.064 349.772 -19.650 339.047 135.070 -13.943 178.572 240.942 -14.114 376.085 461.583 -17.343 77.217 172.733 -17.040 334.488 95.274 -15.330 64.343 57.968 -18.078 359.620 54.676 -16.862 85.575 319.720 -19.462 412.704 71.468 -16.429 156.752 443.850 -20.466 13.115 4.372 -15.182 79.734 123.076 -16.666 439.323 272.161 -18.234 130.007 85.329 -19.847 1.975 17.106 -14.781 426.268 338.205 -17.712 201.924 50.327 -24.203 61.027 265.656 -19.380 418.523 98.827 -16.388 165.728 278.072 -14.862 110.271 191.415 -20.380 439.988 238.214 -18.153 451.419 291.264 -17.803 202.018 201.273 -15.523 152.321 448.477 -18.221 451.554 37.682 -16.367 450.825 62.431 -14.947 322.299 436.821 -16.800 192.434 470.625 -21.525 188.193 0.457 -22.372 329.277 363.299 -13.246 253.514 167.122 -16.810 498.691 383.254 -15.254 443.053 442.928 -16.760 16.754 42.966 -15.151 134.066 117.370 -18.983 93.818 215.338 -20.123 428.648 7.598 -17.932 3.640 152.779 -20.759 225.019 258.216 -18.387 263.162 85.782 -22.350 54.696 393.395 -13.997 407.164 38.955 -16.518 375.557 357.863 -17.073 55.004 108.756 -17.581 178.779 61.039 -23.947 401.619 293.579 -16.271 23.582 173.359 -19.140 369.722 239.976 -17.166 156.271 233.399 -14.801 131.753 172.295 -19.006 461.163 271.856 -19.646 438.271 470.303 -17.437 286.708 285.906 -16.897 203.792 215.843 -15.241 465.367 437.908 -16.015 276.021 393.881 -14.843 123.608 2.044 -21.286 198.987 2.058 -23.389 117.815 73.988 -19.383 369.158 294.649 -16.738 171.041 363.251 -17.632 339.656 56.135 -16.746 354.832 110.386 -15.509 470.972 314.780 -19.342 405.406 84.609 -16.152 28.180 203.019 -18.027 229.465 68.951 -24.451 484.269 7.534 -16.335 195.031 73.937 -22.928 38.856 242.156 -19.476 123.972 416.865 -18.240 261.475 352.440 -15.344 8.962 254.035 -20.810 156.973 492.872 -22.583 148.574 48.312 -21.755 233.750 354.951 -16.429 329.183 278.000 -16.563 422.711 329.347 -17.827 43.899 184.289 -18.265 231.891 248.307 -18.670 294.652 139.232 -16.205 323.479 105.853 -15.368 83.873 413.358 -15.055 385.075 166.869 -15.280 117.925 232.438 -17.750 78.463 302.059 -20.233 101.848 468.699 -19.359 120.193 148.582 -18.391 428.616 204.367 -17.064 196.315 401.542 -18.916 269.923 265.779 -17.893 263.809 112.915 -20.112 365.119 127.947 -14.675 171.786 453.044 -20.087 16.429 23.365 -14.410 447.397 473.271 -17.906 404.000 165.019 -14.817 472.064 178.294 -19.383 472.549 374.690 -15.289 176.090 49.715 -23.148 484.133 166.835 -20.111 413.751 190.805 -14.858 182.137 308.775 -15.717 44.950 357.677 -17.841 20.453 343.921 -18.640 395.032 172.621 -13.900 444.792 499.963 -17.818 93.798 25.730 -20.646 250.984 364.700 -15.957 19.791 116.630 -18.418 12.971 185.706 -22.148 86.850 309.310 -24.447 250.074 405.871 -21.733 257.043 109.749 -24.156 52.172 70.356 -19.521 289.192 186.822 -17.902 99.917 320.448 -24.315 435.366 144.295 -19.008 248.605 470.136 -22.676 55.160 231.756 -22.034 97.403 31.168 -23.383 423.256 480.314 -21.622 148.184 147.350 -22.344 401.261 146.676 -17.888 177.045 382.638 -22.340 116.064 476.174 -23.244 203.245 350.524 -22.048 30.147 384.163 -18.779 61.517 308.624 -22.434 380.724 408.912 -15.625 370.675 68.440 -19.797 125.359 213.676 -21.620 176.596 396.571 -23.520 358.728 396.659 -17.230 305.965 415.728 -17.297 488.330 74.503 -18.396 102.649 117.372 -22.098 396.881 477.029 -21.763 252.879 291.538 -21.509 395.451 437.484 -17.883 230.134 394.244 -20.745 399.651 421.913 -17.503 283.530 203.839 -19.979 382.970 98.295 -19.775 394.294 486.741 -21.950 392.583 439.051 -18.061 6.993 6.161 -19.233 470.111 450.560 -20.249 102.789 338.702 -23.055 228.913 302.178 -20.868 96.827 18.352 -23.740 278.860 340.649 -19.824 371.789 219.739 -20.061 113.555 266.728 -22.804 224.600 468.680 -23.950 461.665 445.042 -19.585 14.001 253.196 -24.162 471.317 325.315 -22.691 344.046 245.373 -21.214 254.830 29.671 -27.255 51.568 315.839 -22.342 252.839 340.325 -20.534 1.120 303.422 -24.127 44.582 161.812 -21.514 175.682 99.793 -23.701 318.389 199.031 -18.568 47.371 122.838 -20.668 409.267 436.030 -18.434 283.017 166.605 -18.841 461.878 469.600 -20.148 488.208 405.743 -19.312 397.948 425.684 -17.869 2.377 166.544 -24.033 214.451 277.093 -20.317 428.476 476.153 -20.494 199.043 358.379 -22.010 216.885 295.533 -20.881 293.722 50.182 -23.457 51.844 216.432 -22.199 198.751 5.252 -27.728 337.205 49.850 -21.141 499.480 449.009 -20.735 97.744 143.214 -20.929 422.648 342.228 -21.650 134.610 437.153 -23.117 443.327 387.192 -18.669 252.699 350.700 -19.156 316.879 378.673 -15.221 122.511 427.687 -20.336 400.042 345.639 -21.378 133.785 357.024 -21.486 80.106 460.776 -21.161 60.350 91.940 -19.903 306.253 371.946 -16.407 220.361 343.604 -20.683 150.263 372.285 -20.535 181.414 454.177 -22.749 3.474 214.899 -23.319 22.920 453.690 -19.761 36.799 141.501 -23.111 112.789 63.101 -23.685 212.809 269.745 -20.696 109.662 31.284 -23.520 479.380 223.260 -24.050 278.768 191.315 -19.285 229.628 252.929 -22.560 159.182 52.094 -25.784 84.550 181.212 -21.773 8.541 476.338 -21.039 449.580 160.283 -20.825 494.335 48.652 -18.347 291.290 68.238 -23.602 11.184 383.342 -18.268 242.979 377.257 -19.540 439.837 332.217 -21.973 3.034 462.642 -20.313 388.565 450.431 -19.141 219.656 408.100 -21.411 392.444 179.699 -17.925 19.356 37.313 -18.251 183.271 271.756 -17.572 406.612 402.088 -18.538 356.751 345.353 -19.316 394.970 432.256 -17.872 265.708 496.836 -23.401 319.364 112.040 -18.004 224.569 148.175 -22.362 233.399 69.699 -27.514 403.834 2.036 -21.151 22.732 199.650 -22.070 340.291 420.339 -16.903 41.932 489.313 -19.745 494.236 334.970 -22.674 126.174 195.806 -22.546 289.749 177.023 -18.307 105.301 7.462 -23.977 267.376 455.353 -19.984 192.346 270.427 -17.967 384.324 191.123 -18.133 220.468 0.872 -25.850 327.373 337.734 -18.865 0.802 346.733 -21.425 290.949 278.714 -18.959 119.358 135.432 -19.847 425.041 272.410 -21.966 100.939 153.570 -21.498 147.332 62.005 -24.934 292.544 458.133 -20.575 16.870 499.915 -19.785 493.842 73.194 -19.218 402.183 436.720 -17.640 37.990 87.062 -19.610 75.550 419.645 -18.411 8.955 499.866 -18.238 459.281 216.104 -22.186 94.856 37.325 -23.658 393.087 285.661 -20.094 51.556 55.257 -21.236 480.057 162.126 -22.534 120.796 401.775 -22.667 426.107 421.984 -19.542 87.152 420.546 -19.385 343.274 492.122 -21.966 338.172 61.010 -20.451 293.828 432.686 -20.227 36.682 284.672 -22.850 333.068 228.741 -20.700 258.655 18.254 -25.707 405.482 172.705 -17.380 389.301 75.238 -20.288 151.180 400.051 -22.165 365.739 350.233 -20.279 166.880 150.483 -21.104 304.206 189.932 -18.176 196.902 44.189 -27.836 453.122 272.030 -21.957 453.504 494.636 -20.360 89.250 449.658 -20.862 189.090 432.749 -21.852 496.700 439.619 -19.628 405.809 282.610 -20.382 1.810 234.339 -23.834 161.220 457.702 -23.233 249.998 307.387 -20.756 181.154 481.354 -25.667 64.480 356.638 -22.736 499.750 307.894 -24.602 396.559 67.549 -20.147 223.739 363.355 -19.552 163.971 295.740 -19.545 232.962 406.363 -19.833 77.629 363.777 -22.582 256.163 160.701 -21.024 247.564 264.274 -22.915 485.351 31.790 -17.520 210.908 44.302 -27.466 72.586 425.177 -18.601 450.366 136.005 -20.266 305.887 257.573 -21.053 40.010 181.284 -20.449 5.714 283.256 -24.334 360.485 134.378 -19.118 452.951 166.867 -20.758 253.623 499.238 -25.319 171.309 6.398 -27.303 224.621 377.050 -19.228 363.006 499.347 -19.526 319.036 467.253 -21.491 401.841 282.778 -20.579 202.757 363.623 -22.499 393.366 44.921 -20.367 381.631 170.774 -18.874 315.127 474.791 -21.110 483.718 57.957 -18.897 395.376 179.329 -18.586 254.083 486.978 -23.924 440.057 265.029 -22.079 48.777 352.035 -20.850 471.444 93.203 -18.406 47.281 337.228 -22.210 203.420 399.725 -21.377 264.683 401.611 -20.137 368.095 358.478 -21.183 309.852 36.982 -24.372 192.408 345.691 -21.802 342.366 155.938 -18.571 106.527 382.296 -21.820 3.160 9.609 -18.460 116.153 365.049 -22.327 140.204 475.268 -23.114 87.817 300.531 -23.064 333.163 337.993 -19.011 133.770 66.708 -22.670 249.172 432.735 -21.492 13.538 283.522 -24.649 440.534 179.398 -20.892 133.292 388.427 -21.025 15.249 80.275 -20.165 84.648 149.265 -21.627 100.468 208.879 -22.328 224.154 66.781 -28.060 499.231 74.275 -19.187 460.920 142.486 -19.865 390.121 281.590 -19.488 259.520 302.707 -20.493 183.168 357.041 -22.144 69.914 481.252 -20.234 432.232 212.964 -19.894 163.144 144.047 -21.172 50.968 481.108 -19.067 399.453 493.395 -21.736 296.200 126.809 -19.044 408.175 340.238 -20.960 272.215 328.606 -19.907 12.242 220.929 -22.961 178.195 66.346 -26.007 73.097 487.019 -21.608 233.497 216.747 -19.857 310.304 48.805 -22.925 68.960 72.214 -20.734 216.401 368.318 -21.046 240.495 210.862 -20.642 365.773 388.969 -16.942 65.170 266.177 -23.509 150.803 68.764 -24.485 86.651 143.448 -22.445 64.429 24.212 -22.748 240.227 450.910 -23.170 156.632 186.764 -21.867 288.251 259.536 -19.502 420.249 378.404 -18.872 38.158 294.962 -23.206 231.249 320.659 -21.256 374.451 62.407 -20.464 74.376 332.791 -23.553 34.047 210.234 -22.264 34.684 425.630 -16.776 269.678 118.503 -21.958 225.840 499.505 -25.136 267.332 61.844 -25.254 437.974 284.375 -21.620 235.097 492.570 -24.733 278.994 383.685 -18.633 304.774 22.244 -23.444 205.627 55.163 -27.330 246.144 203.474 -21.404 89.790 252.540 -22.668 484.700 208.530 -22.330 481.781 104.075 -19.666 271.456 123.738 -22.162 12.153 35.732 -18.319 294.985 0.769 -23.915 54.595 290.548 -22.359 190.157 499.435 -26.832 21.641 387.268 -18.342 342.956 180.265 -18.413 249.083 174.438 -20.537 52.795 414.356 -16.721 309.801 17.205 -25.043 308.281 290.353 -18.872 298.144 192.119 -16.945 232.784 314.142 -20.298 340.098 375.784 -16.368 112.701 49.790 -24.008 405.166 11.457 -20.536 310.259 234.688 -20.455 312.343 421.808 -17.535 330.861 185.507 -17.796 248.499 51.029 -27.124 441.165 105.371 -19.675 81.903 202.589 -23.340 363.868 154.288 -18.139 46.966 167.112 -21.303 3.334 364.453 -20.170 158.975 473.399 -23.786 70.520 57.030 -23.235 439.628 36.162 -20.284 323.398 454.118 -19.867 477.132 278.025 -24.479 450.052 283.497 -22.873 198.228 302.044 -19.827 74.868 444.707 -19.555 404.538 69.226 -19.930 383.351 366.220 -19.305 295.145 175.070 -17.409 430.674 271.459 -21.513 109.409 44.534 -23.302 264.455 179.229 -18.846 58.646 406.712 -16.475 339.130 385.408 -16.476 91.591 203.259 -23.643 138.597 322.268 -21.123 44.649 147.844 -22.433 21.528 340.356 -22.412 255.870 11.305 -26.184 195.956 190.422 -19.481 55.241 134.560 -21.101 203.211 377.752 -22.079 272.128 450.658 -20.758 439.936 306.449 -22.052 185.837 7.863 -25.935 434.799 246.312 -21.972 248.692 438.354 -22.447 22.721 81.023 -20.830 459.062 365.431 -20.618 16.036 315.164 -24.304 36.101 350.024 -22.327 121.059 341.965 -22.204 193.854 0.143 -26.416 82.482 338.593 -21.800 136.047 23.485 -24.808 13.417 407.030 -19.336 4.036 192.765 -22.783 357.286 74.183 -18.520 52.685 425.006 -16.844 428.595 264.286 -22.568 443.051 173.278 -19.905 431.782 100.015 -20.583 495.337 462.393 -20.977 106.919 75.447 -23.599 305.685 379.620 -15.069 87.453 223.056 -22.172 348.417 459.335 -19.502 253.399 214.544 -21.652 87.535 336.268 -22.997 65.661 464.980 -19.890 241.677 273.834 -21.788 231.377 442.932 -23.070 497.821 488.088 -19.842 97.604 137.561 -21.306 71.089 140.892 -20.777 219.461 185.091 -19.997 463.724 353.571 -19.915 265.055 289.434 -21.062 208.366 201.960 -18.900 142.772 208.568 -20.314 6.338 332.306 -22.716 80.233 319.989 -22.534 194.374 60.709 -27.185 331.894 272.884 -20.049 96.812 426.703 -20.763 348.000 5.194 -19.574 237.078 442.264 -22.769 231.056 492.887 -25.642 330.556 369.771 -15.530 16.582 117.660 -20.753 365.800 240.157 -20.443 448.319 215.018 -21.130 248.604 124.048 -23.064 300.494 121.348 -18.087 334.188 384.216 -15.404 336.266 185.038 -18.054 389.249 463.849 -20.153 66.847 36.022 -22.620 95.896 340.124 -23.237 89.581 358.023 -23.241 383.120 456.634 -19.603 37.977 184.035 -21.261 352.991 66.276 -20.523 33.085 264.421 -23.711 227.045 313.752 -20.770 266.235 338.157 -19.342 100.355 371.391 -22.143 474.699 271.645 -23.611 286.845 0.411 -24.726 342.824 198.296 -18.932 282.103 61.478 -23.959 472.995 495.245 -20.018 196.983 315.551 -18.867 446.344 6.145 -21.525 286.017 348.214 -19.313 114.221 340.897 -22.655 211.733 334.671 -20.827 69.618 86.100 -20.891 460.822 85.280 -19.097 305.888 267.972 -17.654 278.716 345.262 -19.604 267.161 37.690 -24.736 134.388 104.287 -22.323 279.222 67.175 -24.682 419.249 9.970 -20.825 250.292 235.859 -21.974 366.502 16.301 -19.257 297.953 205.053 -19.214 205.368 73.326 -26.006 281.091 134.364 -20.349 86.821 21.989 -23.135 111.814 419.186 -21.201 346.422 304.318 -18.806 219.118 162.567 -20.979 61.477 297.461 -22.997 3.522 265.692 -25.429 116.262 488.980 -23.558 6.293 419.873 -19.180 294.759 150.770 -17.583 275.548 149.904 -19.646 135.716 426.625 -22.773 418.118 245.498 -22.380 192.215 176.375 -20.561 111.046 404.615 -21.694 252.444 278.220 -22.416 376.283 111.574 -18.644 211.985 309.201 -20.771 38.008 493.177 -19.353 481.236 384.393 -19.045 422.632 45.280 -19.487 232.430 191.514 -19.468 237.983 481.446 -23.485 11.189 376.529 -18.646 173.956 369.807 -21.440 461.963 173.433 -22.400 293.244 99.258 -23.143 464.118 397.137 -20.546 45.818 265.194 -24.367 351.171 375.836 -16.261 116.898 224.333 -21.775 295.635 210.128 -18.758 104.065 376.086 -21.416 103.552 98.045 -22.431 360.018 410.098 -16.005 3.810 228.070 -23.930 237.310 311.153 -21.381 333.537 265.833 -19.753 479.277 432.082 -19.581 351.700 260.449 -20.669 149.085 95.455 -23.251 189.479 204.032 -19.563 144.192 407.045 -21.590 350.059 369.108 -16.982 53.308 301.759 -22.388 348.216 18.564 -19.261 297.103 475.048 -21.392 467.974 394.378 -20.665 95.939 197.551 -23.944 407.161 407.553 -18.403 368.856 24.903 -19.713 37.259 457.006 -19.297 155.854 160.592 -21.758 317.100 12.084 -23.034 309.524 463.259 -20.419 246.312 228.888 -21.366 150.958 487.898 -26.314 230.351 110.690 -23.899 312.000 105.341 -20.533 348.878 185.489 -18.416 10.096 217.178 -22.568 237.449 432.622 -21.850 270.860 405.375 -18.321 301.720 129.188 -18.606 282.370 406.936 -19.175 39.730 129.344 -21.634 20.603 104.077 -20.965 477.009 29.132 -17.808 199.903 335.850 -20.775 389.931 313.410 -20.289 97.198 252.501 -23.023 438.193 394.318 -20.139 490.026 105.497 -20.081 491.803 288.687 -23.300 461.559 406.574 -21.799 55.543 208.249 -22.578 40.361 105.303 -21.521 362.385 185.900 -18.881 225.915 147.048 -22.932 247.429 102.530 -24.943 386.460 314.264 -19.985 216.596 55.839 -27.589 100.244 419.986 -19.683 304.795 499.406 -22.482 308.682 401.889 -17.352 92.922 136.613 -21.832 350.834 381.147 -16.686 263.136 302.882 -20.508 476.516 468.263 -21.551 215.262 19.261 -26.640 269.762 371.909 -18.258 242.373 344.759 -20.202 242.441 71.365 -27.200 55.011 481.101 -19.585 161.374 186.670 -21.724 376.947 5.818 -19.892 170.886 396.656 -22.813 260.348 229.060 -21.495 437.580 22.700 -21.335 367.269 44.881 -18.993 465.448 289.665 -22.719 416.262 278.733 -21.451 116.996 67.896 -23.295 284.281 341.407 -20.067 394.678 385.379 -16.772 6.724 409.703 -19.006 122.485 102.971 -21.747 103.602 402.456 -21.240 180.293 188.296 -20.407 471.257 437.769 -19.865 225.530 327.816 -19.607 336.041 110.443 -18.333 494.622 161.024 -24.488 84.582 314.554 -23.115 275.342 332.959 -19.828 424.015 314.237 -22.127 317.243 138.943 -17.932 154.735 474.509 -24.917 140.953 485.910 -25.422 191.558 476.171 -24.568 205.647 368.681 -20.655 182.733 438.885 -22.777 160.830 303.021 -19.438 25.456 498.828 -19.234 71.836 188.813 -22.565 48.951 269.925 -23.318 414.850 396.135 -18.561 5.331 209.189 -22.242 23.948 14.155 -18.535 384.104 178.146 -17.075 323.019 283.904 -19.056 464.004 222.988 -22.205 10.006 438.815 -19.161 352.959 13.898 -19.509 255.479 357.654 -19.468 17.388 185.538 -22.360 26.098 5.769 -18.529 99.457 109.402 -20.163 46.984 154.509 -21.626 6.684 100.422 -19.955 13.380 335.244 -22.794 458.134 292.956 -21.242 168.300 331.919 -20.318 333.740 486.398 -21.703 477.264 154.453 -23.341 104.145 269.698 -22.838 461.302 166.072 -21.768 106.171 443.243 -21.114 104.257 479.991 -22.706 282.545 51.040 -23.772 351.630 158.788 -17.691 79.611 297.410 -23.065 44.034 221.895 -21.879 468.115 457.873 -19.649 317.784 382.599 -15.744 381.787 473.721 -21.058 471.361 477.043 -21.379 385.096 248.352 -20.743 126.791 56.138 -23.017 391.830 160.223 -18.096 37.643 146.838 -22.081 140.579 107.611 -23.004 396.914 107.848 -19.216 490.692 80.693 -17.556 396.226 63.941 -20.004 140.419 168.430 -21.732 264.955 4.493 -24.778 68.648 333.986 -23.078 39.018 371.341 -19.078 30.933 49.380 -18.615 112.944 258.243 -22.508 24.401 211.829 -21.749 345.638 105.327 -17.716 6.752 371.057 -19.798 24.752 232.992 -21.869 129.666 475.558 -23.183 242.606 486.178 -25.081 101.700 426.148 -21.128 366.817 219.527 -19.555 217.839 314.669 -19.865 86.383 363.057 -22.544 145.889 121.747 -22.252 204.685 457.731 -23.715 374.974 265.340 -20.246 178.991 178.192 -21.787 238.052 148.016 -22.043 251.283 209.960 -20.490 113.686 184.938 -22.766 361.654 344.645 -20.343 467.291 495.916 -21.099 200.164 309.752 -18.808 318.338 87.299 -21.704 267.509 76.790 -25.908 397.208 92.180 -20.035 365.618 441.149 -19.220 33.105 91.865 -21.089 336.049 221.887 -20.363 220.121 483.002 -25.572 306.819 282.310 -18.761 16.073 350.942 -22.378 147.515 77.032 -24.457 233.860 17.927 -26.136 460.629 454.110 -20.548 476.091 446.156 -19.447 363.367 445.440 -19.110 476.104 23.208 -19.003 260.280 315.479 -19.308 97.165 401.760 -19.911 307.129 135.037 -18.978 141.734 339.913 -20.926 233.791 401.066 -20.817 380.344 413.956 -17.075 279.130 31.128 -23.846 376.975 76.618 -19.855 89.524 284.150 -23.004 201.289 424.201 -22.007 186.889 209.449 -20.690 11.324 321.454 -23.733 63.605 362.963 -21.378 445.061 359.018 -20.679 101.217 352.484 -22.962 316.136 487.656 -21.667 99.419 493.934 -23.447 382.469 396.913 -15.212 247.143 449.559 -22.915 498.904 246.605 -24.174 12.185 469.476 -20.645 154.087 320.798 -21.142 394.502 297.147 -19.659 250.323 445.868 -21.377 238.021 352.649 -18.772 25.770 478.404 -19.844 356.771 309.798 -19.826 229.752 437.530 -23.160 465.478 255.149 -23.416 122.216 378.902 -22.156 260.009 265.300 -22.680 498.040 130.215 -20.584 280.134 318.216 -19.468 65.193 1.042 -22.090 370.317 457.439 -19.668 205.835 6.215 -28.089 191.092 141.255 -22.423 5.425 12.524 -19.261 343.356 296.874 -18.920 129.530 364.934 -21.216 486.612 499.337 -20.474 9.103 56.058 -19.196 414.372 487.573 -22.198 170.011 252.079 -17.299 291.982 221.916 -20.370 420.057 289.066 -21.114 274.260 197.246 -19.698 49.860 75.390 -20.933 454.141 17.647 -20.663 431.127 197.162 -19.213 103.909 93.157 -22.241 205.728 136.057 -22.978 160.173 252.374 -17.868 397.253 375.115 -17.092 373.292 131.238 -17.540 33.417 79.689 -19.713 201.655 457.624 -24.115 415.996 306.895 -20.721 118.630 318.541 -21.937 337.301 467.766 -20.530 11.085 465.642 -21.082 393.242 376.240 -18.283 385.816 212.823 -18.857 263.037 234.372 -22.734 169.206 431.011 -22.828 3.535 129.413 -21.179 339.583 41.704 -21.122 93.864 163.513 -21.136 85.479 278.986 -24.106 480.690 499.843 -20.243 267.945 110.583 -22.373 267.109 284.906 -21.428 401.422 263.351 -20.920 135.841 209.938 -20.954 70.833 456.530 -19.757 139.734 326.923 -22.275 442.912 247.416 -22.759 412.472 87.487 -19.948 440.740 78.663 -18.636 35.504 136.866 -22.967 436.896 235.110 -20.820 345.308 7.428 -19.959 234.877 143.223 -22.656 428.137 486.522 -20.579 64.800 450.383 -19.223 348.797 11.411 -19.471 148.688 219.446 -18.944 273.153 98.497 -26.337 294.206 493.365 -24.772 3.338 140.838 -22.374 90.918 98.184 -21.695 29.246 395.576 -18.374 337.112 171.850 -17.494 149.733 246.772 -19.061 219.436 394.454 -21.056 281.905 0.044 -24.541 448.800 209.418 -20.124 300.873 139.647 -17.645 366.447 340.706 -20.745 62.792 332.904 -22.791 153.230 255.624 -18.590 118.105 161.148 -22.825 374.477 244.686 -21.338 105.300 248.129 -21.627 47.442 55.391 -21.769 121.121 228.234 -20.395 386.113 434.311 -16.961 339.663 279.298 -19.720 473.284 61.923 -18.294 116.425 312.639 -23.093 149.717 481.354 -25.989 421.953 79.280 -20.091 76.971 234.891 -22.863 230.079 344.034 -20.225 193.156 171.723 -21.756 321.938 279.185 -19.423 18.376 445.288 -18.680 150.678 296.749 -20.119 199.802 210.835 -17.992 4.792 171.203 -23.222 307.087 227.273 -21.298 82.501 235.286 -23.563 495.537 495.166 -19.625 301.345 421.031 -18.214 245.502 335.090 -20.130 49.544 461.233 -18.990 274.363 358.093 -18.122 33.024 389.423 -17.311 74.147 499.818 -21.491 247.777 276.824 -22.393 137.350 109.833 -21.959 288.387 152.851 -18.446 73.560 98.529 -22.044 466.123 389.632 -19.862 343.580 1.720 -20.876 318.019 254.563 -20.065 498.728 259.042 -24.540 479.958 469.560 -20.481 277.716 462.671 -20.725 377.933 124.778 -18.626 225.707 311.184 -21.366 363.234 228.547 -20.746 196.326 78.360 -26.330 100.121 160.164 -21.628 50.733 452.836 -17.931 178.640 117.999 -22.189 228.598 229.302 -21.148 103.729 295.383 -22.658 167.183 227.934 -19.264 4.714 482.204 -19.642 221.404 24.170 -27.504 180.852 445.896 -23.797 391.507 444.192 -18.051 259.627 152.953 -20.626 151.987 364.338 -20.450 145.513 215.854 -21.310 399.110 192.691 -17.993 305.961 444.796 -20.871 326.031 462.746 -21.540 169.698 217.253 -19.896 373.530 451.739 -17.954 458.305 109.508 -19.814 379.008 260.790 -20.675 73.725 62.311 -23.003 225.953 196.832 -20.492 36.601 271.544 -24.043 219.547 303.479 -21.570 146.201 488.970 -25.057 453.962 54.545 -18.073 95.021 307.122 -23.606 284.225 78.874 -24.719 13.857 372.104 -18.897 209.763 414.635 -21.978 226.813 91.845 -26.149 420.505 474.361 -21.761 446.950 153.736 -19.422 469.667 418.672 -21.035 438.757 17.992 -20.721 477.605 48.738 -18.090 155.088 346.667 -19.955 360.409 192.168 -18.594 226.406 444.670 -23.427 294.112 257.875 -19.123 486.917 110.602 -19.968 340.927 315.241 -19.586 323.156 313.223 -18.879 152.603 381.003 -21.936 73.653 194.123 -22.299 386.411 99.870 -19.532 249.936 479.941 -23.768 0.510 357.710 -20.671 456.235 310.701 -22.089 35.508 451.632 -18.820 293.303 186.064 -18.693 391.065 256.620 -20.696 277.552 451.845 -19.986 149.664 360.275 -21.023 65.414 375.097 -19.743 199.956 432.258 -22.606 189.969 218.061 -19.177 349.125 235.281 -21.585 0.244 197.380 -23.003 185.429 488.385 -26.428 258.123 115.974 -24.180 0.998 321.835 -24.527 136.536 196.790 -21.339 149.724 110.626 -21.087 133.529 306.836 -20.577 9.930 389.541 -18.379 141.756 376.247 -21.600 281.534 363.862 -17.450 177.739 450.170 -22.649 246.138 93.735 -27.392 335.161 376.942 -15.175 453.653 131.436 -19.267 198.351 321.528 -20.044 90.741 179.046 -22.451 76.513 407.474 -18.732 254.524 80.300 -25.290 137.806 380.514 -21.547 62.738 444.269 -18.312 394.279 197.568 -18.168 487.344 456.660 -21.273 302.342 463.778 -20.794 486.256 246.334 -23.942 97.254 455.177 -22.347 125.577 467.425 -22.955 315.965 351.622 -16.904 365.943 93.976 -17.680 336.018 309.688 -19.004 428.135 389.024 -19.462 18.798 481.715 -20.797 499.197 444.454 -20.639 282.248 12.208 -24.729 408.156 135.595 -17.831 27.619 304.526 -24.171 98.414 375.608 -22.781 82.711 425.567 -19.477 65.113 475.035 -20.859 158.846 401.012 -21.888 148.293 475.283 -22.945 433.150 203.170 -19.864 471.377 365.205 -19.202 383.187 314.492 -20.029 483.142 18.080 -19.605 496.090 192.801 -22.613 499.358 61.619 -19.436 2.660 355.837 -19.396 81.370 110.951 -20.374 197.552 463.387 -24.661 329.652 418.783 -17.440 94.573 321.205 -23.235 318.217 173.713 -17.534 237.831 50.604 -26.259 426.596 444.527 -20.197 251.509 74.474 -26.264 141.402 264.440 -19.362 91.624 401.680 -19.252 303.675 81.868 -22.409 455.670 246.036 -22.168 82.860 162.432 -20.663 455.806 35.295 -20.088 401.122 190.108 -18.117 428.779 214.558 -19.247 473.595 123.857 -20.027 419.109 92.725 -19.671 285.423 383.197 -17.411 222.347 80.229 -26.904 186.999 328.266 -20.728 364.350 314.286 -20.030 217.389 445.718 -23.177 152.299 36.001 -26.815 360.185 254.718 -21.867 339.523 17.938 -20.610 221.636 118.654 -22.932 216.209 81.765 -27.074 141.548 215.860 -20.323 74.463 184.280 -20.873 481.093 358.062 -20.095 142.799 321.595 -20.434 73.228 307.491 -22.797 488.514 495.588 -19.361 93.135 0.359 -22.567 475.338 73.632 -19.255 435.020 464.782 -20.473 219.560 197.118 -20.100 200.167 74.211 -26.694 411.431 344.819 -20.759 60.902 432.401 -16.588 56.902 6.107 -20.798 0.284 175.062 -23.710 343.730 334.383 -18.510 17.331 278.459 -24.921 242.682 222.334 -21.486 248.194 302.312 -21.244 211.890 495.050 -26.519 205.678 431.348 -21.822 187.611 396.148 -23.214 78.713 264.494 -22.170 438.526 375.800 -20.261 354.136 106.868 -18.559 13.517 195.301 -22.665 90.823 327.821 -23.433 168.889 88.277 -24.308 237.304 161.880 -21.781 167.158 344.606 -20.477 279.560 180.033 -17.977 73.244 468.513 -20.881 57.607 283.355 -22.557 141.284 498.691 -25.177 266.687 124.889 -21.674 428.517 327.164 -22.091 93.353 284.212 -23.355 256.479 497.986 -23.815 224.430 294.608 -20.188 323.620 67.722 -21.522 435.301 439.728 -20.240 253.832 437.958 -21.886 112.020 86.174 -22.985 84.014 54.916 -22.565 186.779 457.684 -23.855 205.527 498.126 -26.432 88.170 98.046 -22.339 35.891 43.911 -19.859 16.402 461.678 -19.543 237.320 223.574 -20.756 379.647 191.773 -19.333 287.877 295.984 -20.805 119.970 35.336 -23.831 60.585 424.400 -17.054 12.791 310.036 -25.065 495.501 258.897 -24.479 323.248 351.457 -17.275 41.904 142.929 -22.031 290.923 43.677 -23.729 327.236 427.346 -18.185 9.361 117.473 -20.301 305.879 308.150 -20.324 219.441 271.244 -22.177 446.464 413.419 -19.723 176.590 285.124 -17.835 290.681 255.103 -21.057 336.640 289.691 -18.519 327.052 313.290 -18.577 461.015 431.952 -20.294 152.180 142.953 -23.269 8.180 252.760 -24.849 261.211 0.623 -23.875 248.710 245.133 -23.249 151.661 395.621 -22.004 358.305 461.783 -19.429 117.152 407.869 -21.888 262.916 222.273 -21.310 323.734 222.181 -20.589 497.898 87.769 -20.682 324.756 441.011 -19.442 156.871 209.661 -21.489 255.365 407.311 -22.000 446.954 165.901 -21.251 422.317 190.693 -19.331 117.527 402.526 -22.099 219.215 384.982 -21.142 325.753 387.653 -14.812 404.208 128.773 -17.301 261.396 46.859 -25.165 279.239 456.626 -20.570 425.600 455.708 -19.799 374.712 368.394 -18.371 196.824 0.937 -27.112 494.534 480.367 -19.590 335.138 303.439 -18.378 409.370 66.676 -20.415 416.469 417.387 -19.284 165.180 403.340 -22.564 100.051 282.168 -22.158 50.979 49.688 -21.293 473.102 266.179 -23.597 310.296 0.158 -23.227 260.200 54.352 -26.110 432.354 487.246 -22.954 53.718 92.779 -19.409 4.822 426.095 -19.374 218.168 283.129 -20.944 77.290 17.610 -22.749 453.899 401.367 -21.096 212.745 229.423 -20.019 348.515 91.242 -19.012 228.918 80.981 -26.212 213.972 157.612 -20.246 49.417 81.769 -20.795 111.649 322.944 -23.130 417.677 180.176 -19.040 9.268 226.897 -23.721 13.831 395.970 -17.938 375.923 174.464 -18.764 60.101 217.068 -22.377 452.976 469.614 -19.848 253.714 473.485 -21.453 0.541 482.067 -19.665 403.898 59.656 -20.702 389.644 275.831 -20.142 376.381 184.883 -18.939 367.800 252.455 -21.817 72.929 305.159 -22.595 143.840 158.814 -23.154 132.898 269.641 -19.316 462.569 247.451 -23.350 224.427 7.666 -26.235 327.544 179.095 -17.962 162.965 233.704 -17.804 410.665 235.408 -21.308 330.622 87.368 -19.798 290.188 327.944 -18.982 268.394 384.723 -17.153 105.754 347.113 -23.301 355.010 388.050 -15.949 218.079 231.796 -19.587 330.090 26.345 -21.539 364.631 53.704 -19.860 41.223 91.883 -20.045 271.155 284.788 -21.369 216.995 493.112 -25.931 103.003 439.467 -20.674 491.054 473.847 -21.020 244.935 469.347 -22.853 488.714 397.384 -18.788 213.100 37.005 -27.805 336.202 233.281 -20.288 160.429 486.052 -26.448 145.297 173.162 -22.125 264.874 202.175 -20.404 470.836 6.914 -19.892 496.899 32.087 -17.813 70.444 475.800 -21.084 262.012 80.181 -25.420 266.607 449.110 -21.018 106.803 125.252 -20.841 318.270 336.051 -18.835 481.774 409.371 -20.817 435.692 63.048 -18.995 278.648 253.240 -20.646 84.795 228.529 -22.250 366.369 302.567 -20.106 209.249 4.982 -26.936 225.157 480.052 -23.740 311.607 212.808 -19.968 149.647 285.725 -18.281 220.176 453.392 -23.679 468.647 234.196 -23.555 372.793 461.634 -19.883 334.245 449.006 -19.488 448.869 49.887 -18.365 444.347 34.022 -20.319 484.748 486.329 -20.557 481.551 458.668 -20.595 384.825 233.639 -20.457 363.275 4.966 -20.486 11.562 12.449 -19.074 346.503 477.808 -20.390 110.282 462.333 -21.684 352.607 41.624 -19.748 110.153 266.512 -22.603 118.532 271.557 -23.369 330.627 492.499 -20.659 142.994 481.253 -23.506 184.347 412.459 -23.700 46.599 371.767 -18.760 114.746 276.935 -22.072 463.461 4.995 -20.682 2.658 118.734 -20.615 267.318 413.006 -20.037 450.140 423.277 -19.521 334.825 418.542 -17.395 425.120 174.452 -19.000 87.325 124.407 -21.948 109.588 376.146 -22.279 91.379 104.380 -21.433 488.251 98.992 -20.071 330.465 175.447 -17.777 176.064 407.166 -23.001 97.055 164.947 -21.396 430.338 137.191 -19.050 0.213 457.495 -20.925 141.356 68.646 -23.343 443.697 323.121 -21.898 98.999 73.686 -23.964 141.856 423.723 -22.805 304.950 321.477 -18.777 6.398 85.706 -19.046 452.453 277.329 -21.944 435.752 263.380 -22.118 493.771 345.523 -21.514 250.529 185.735 -19.128 32.222 188.177 -21.516 320.004 492.350 -22.349 36.280 239.924 -22.426 91.899 153.162 -21.519 307.922 297.968 -18.872 242.882 395.305 -20.089 109.840 439.550 -20.664 85.731 449.476 -20.523 469.832 339.364 -22.654 379.223 67.149 -20.115 475.082 345.694 -20.491 217.298 333.375 -21.185 207.297 209.331 -19.634 4.051 450.814 -20.225 219.941 154.928 -21.936 7.721 463.043 -20.265 251.328 152.207 -20.552 130.847 142.340 -21.095 104.427 207.539 -21.924 146.624 377.312 -22.466 255.773 25.484 -26.211 144.840 109.250 -22.334 79.115 118.338 -20.650 427.555 353.822 -20.146 304.607 228.404 -20.064 483.719 51.793 -18.548 277.183 205.148 -20.067 349.917 36.004 -20.718 68.845 63.640 -21.544 128.333 303.037 -21.699 413.877 116.929 -19.398 232.606 301.442 -21.018 138.665 357.783 -21.416 422.250 254.680 -22.552 45.299 191.415 -21.568 366.653 452.746 -18.655 120.863 55.655 -24.788 40.992 449.870 -18.115 1.326 380.122 -20.120 276.375 5.882 -23.713 159.097 328.414 -19.785 288.492 93.627 -24.464 54.790 172.308 -19.210 447.702 402.813 -21.031 380.790 347.044 -20.576 338.596 144.748 -17.998 105.108 19.478 -24.214 15.905 390.367 -17.511 145.062 349.786 -20.454 210.159 123.435 -23.125 371.490 272.190 -20.839 106.694 85.888 -23.130 326.829 339.677 -18.742 325.027 25.295 -22.285 499.251 179.129 -24.476 404.841 277.644 -20.431 452.957 252.648 -22.125 56.274 49.303 -22.256 196.735 375.933 -21.838 113.649 6.622 -23.719 77.251 375.829 -21.213 3.103 413.362 -18.801 108.558 474.711 -22.610 354.240 166.163 -18.230 466.173 258.775 -23.472 332.531 404.775 -15.693 234.785 23.436 -26.568 287.375 145.428 -19.732 304.323 291.239 -19.027 128.931 454.468 -22.248 351.688 357.197 -19.084 334.793 140.405 -18.046 202.208 394.064 -22.025 384.018 450.949 -18.948 99.579 192.715 -23.476 72.738 66.314 -22.046 61.321 419.013 -17.738 139.876 202.770 -22.580 469.441 188.362 -22.685 417.882 335.071 -21.811 415.304 30.520 -19.565 142.472 414.048 -21.349 377.008 101.749 -19.283 107.849 453.595 -21.509 476.282 250.414 -23.943 471.661 486.031 -21.246 364.341 173.873 -18.840 97.896 312.569 -23.026 432.477 54.114 -19.580 10.824 403.673 -18.907 438.914 352.836 -20.442 185.756 195.886 -20.433 144.041 471.070 -23.291 53.708 177.742 -20.818 468.308 370.787 -20.298 84.876 486.541 -22.538 0.712 7.811 -18.905 11.015 458.133 -20.958 274.469 498.310 -22.786 125.542 111.151 -22.381 85.117 188.243 -23.728 308.768 389.290 -15.860 384.738 341.046 -20.786 308.459 181.433 -17.334 214.348 87.392 -25.149 310.153 373.881 -16.090 9.061 314.219 -24.895 490.027 364.805 -21.334 183.001 387.044 -21.875 448.501 369.753 -20.421 249.329 110.711 -23.440 464.084 320.115 -22.567 381.610 382.677 -17.171 85.164 216.446 -22.674 201.878 445.518 -23.797 425.504 258.366 -22.049 298.913 454.497 -20.863 484.143 351.392 -21.409 442.672 294.797 -22.085 450.190 358.311 -20.556 455.160 301.490 -22.419 335.662 6.426 -20.846 230.810 457.930 -23.298 143.929 223.241 -20.082 282.592 414.069 -19.355 219.088 162.300 -21.440 423.687 323.644 -21.604 430.947 59.818 -18.452 394.230 460.731 -19.621 367.744 482.322 -21.556 26.786 55.919 -19.380 498.843 98.593 -20.864 257.730 60.959 -26.238 130.915 35.988 -24.990 233.143 179.014 -20.364 120.817 412.763 -22.453 430.121 74.419 -20.217 479.034 302.111 -23.843 269.971 251.919 -21.500 333.457 439.068 -19.167 2.039 345.338 -20.686 315.162 230.606 -20.106 169.996 499.895 -26.756 372.239 103.882 -19.344 290.671 365.348 -17.089 426.432 164.937 -18.858 474.752 222.779 -22.726 2.913 316.009 -24.570 458.449 228.553 -22.779 312.152 109.891 -18.704 422.844 296.593 -21.691 105.735 432.836 -21.038 149.269 470.074 -25.030 135.795 88.027 -22.449 452.828 116.821 -20.074 203.303 6.089 -27.214 412.880 196.923 -18.041 271.521 333.798 -20.006 475.723 297.407 -22.965 151.813 376.326 -21.718 312.810 479.892 -21.846 311.835 333.842 -17.964 261.957 499.949 -24.133 166.935 235.844 -18.092 119.837 499.024 -23.857 238.221 131.531 -22.180 21.247 193.152 -21.452 158.921 17.631 -26.140 108.020 359.064 -23.168 135.605 309.984 -20.228 104.342 333.453 -23.200 110.995 74.097 -22.589 448.263 305.163 -22.345 434.982 401.199 -20.027 159.658 142.085 -21.869 464.258 74.556 -19.051 61.450 148.175 -21.758 5.248 24.717 -17.749 370.704 445.300 -19.033 352.787 30.365 -20.137 229.434 385.970 -20.924 146.062 6.522 -25.870 65.546 106.061 -20.977 421.282 68.455 -19.817 275.349 210.760 -20.099 11.977 25.432 -16.955 457.329 322.024 -22.533 301.173 170.309 -18.539 57.676 341.675 -22.560 195.098 135.165 -22.513 491.895 129.212 -21.178 260.927 98.822 -25.435 99.123 481.272 -21.706 11.334 203.132 -22.734 10.742 492.724 -19.910 415.738 341.698 -20.559 470.625 140.751 -21.946 152.822 273.053 -18.762 7.437 205.104 -22.635 410.169 446.344 -19.024 410.933 457.775 -20.195 486.828 38.861 -17.045 61.482 237.218 -22.591 77.580 56.200 -22.239 297.359 8.353 -24.693 465.417 30.348 -19.665 404.817 5.437 -20.861 464.780 210.177 -22.968 290.359 266.921 -18.939 367.696 344.713 -20.391 90.295 352.791 -23.432 40.165 57.063 -20.577 266.401 215.370 -21.180 206.438 183.863 -19.139 255.342 430.938 -22.312 220.706 216.484 -19.472 229.578 420.606 -20.112 434.181 229.060 -20.833 352.984 288.375 -19.999 111.965 0.276 -23.529 228.270 413.470 -21.024 361.246 291.423 -20.209 476.903 487.625 -21.674 29.541 312.659 -24.520 53.649 486.203 -19.433 377.519 91.805 -19.396 340.713 168.475 -18.120 278.803 437.405 -21.236 118.210 246.078 -20.994 288.854 85.785 -23.867 425.326 48.780 -18.971 79.168 488.356 -22.731 73.617 79.600 -21.187 33.247 166.499 -22.193 208.725 35.958 -27.551 312.786 494.388 -22.862 159.568 5.685 -27.665 173.537 246.727 -16.588 122.579 120.631 -21.821 134.305 288.345 -20.778 55.342 308.832 -23.120 464.966 177.571 -22.324 192.048 105.583 -23.948 402.522 246.795 -21.997 198.323 438.389 -23.188 29.106 30.580 -18.046 329.116 288.190 -19.629 380.047 146.774 -18.495 302.248 254.966 -19.492 231.366 23.485 -27.006 463.952 19.045 -19.598 5.359 457.135 -20.647 186.021 122.901 -21.815 35.152 499.046 -19.171 86.522 271.543 -22.908 300.973 210.477 -18.949 274.945 481.697 -22.667 337.528 271.580 -20.255 66.427 213.219 -22.172 84.895 45.203 -22.552 458.713 70.557 -18.159 42.903 5.960 -19.496 414.302 469.152 -22.015 215.627 240.835 -20.917 24.092 100.971 -20.753 239.726 384.610 -18.344 106.992 160.797 -21.735 153.150 11.228 -26.562 297.236 410.106 -18.183 16.079 100.637 -19.878 283.381 153.601 -18.913 341.847 118.306 -16.305 229.275 203.579 -20.426 12.423 86.914 -20.147 285.907 46.961 -23.794 225.720 234.963 -21.896 232.395 234.298 -21.134 5.895 26.286 -17.474 433.510 315.862 -21.676 243.532 60.266 -27.366 32.979 279.739 -24.000 240.776 241.207 -22.816 244.115 133.599 -22.496 433.760 43.784 -18.935 55.909 62.184 -22.358 207.135 258.512 -20.314 11.245 433.740 -18.753 467.611 375.831 -19.977 263.728 275.827 -22.414 326.404 16.390 -22.094 375.710 134.621 -17.699 78.887 278.880 -22.631 282.135 235.014 -22.114 409.448 257.773 -21.143 135.839 141.650 -22.274 60.743 58.150 -21.553 325.280 234.523 -20.969 302.119 42.323 -24.019 377.534 279.977 -19.419 297.164 386.565 -16.016 100.652 11.086 -24.651 116.007 103.939 -22.107 407.748 215.468 -19.240 309.930 302.509 -18.618 287.898 368.529 -17.936 336.510 96.599 -19.223 447.323 0.558 -22.138 195.885 240.995 -20.307 483.473 266.410 -25.234 163.705 125.792 -21.865 136.264 304.761 -20.522 311.359 221.272 -21.077 325.353 85.946 -20.423 121.312 438.327 -21.593 322.295 92.157 -20.229 225.447 187.228 -19.742 411.100 247.125 -21.766 388.022 341.917 -21.247 491.375 375.645 -18.766 222.490 135.589 -22.179 145.999 338.536 -20.975 262.375 407.621 -19.581 113.372 442.726 -20.895 315.734 339.504 -19.148 112.058 124.628 -20.841 338.122 11.838 -19.930 44.140 321.353 -22.897 263.087 333.379 -20.888 447.270 104.880 -20.371 302.061 388.574 -15.563 193.647 394.631 -23.809 60.319 411.787 -17.734 146.524 80.038 -23.999 345.634 49.728 -20.800 273.398 18.408 -25.166 467.241 86.095 -18.173 487.341 481.372 -20.003 267.248 167.867 -18.523 306.425 38.190 -23.860 58.118 206.306 -21.236 9.339 363.476 -19.621 36.913 408.167 -17.491 6.181 111.193 -20.925 266.747 479.544 -22.544 369.448 246.309 -20.550 1.243 443.651 -20.227 112.109 356.948 -22.366 7.775 88.160 -20.499 286.780 394.261 -18.566 131.911 321.389 -22.152 175.427 131.193 -21.933 23.434 129.041 -20.785 252.571 361.952 -18.539 62.707 185.320 -21.146 71.891 448.889 -19.171 75.799 21.681 -21.758 85.532 79.847 -22.006 402.102 255.590 -21.369 192.277 123.281 -22.623 376.478 457.566 -19.857 173.556 389.439 -23.174 303.629 279.526 -18.861 419.601 154.158 -17.577 484.303 375.788 -19.212 41.023 351.991 -20.718 294.358 357.740 -18.126 275.278 49.658 -24.405 71.826 465.355 -20.637 357.827 227.850 -20.441 457.593 408.936 -21.049 455.904 345.166 -21.223 133.709 47.927 -24.405 280.538 258.397 -21.991 398.420 42.576 -20.461 29.581 81.934 -19.075 10.710 41.839 -18.280 0.858 38.356 -17.784 319.011 272.333 -18.941 148.657 346.574 -19.990 274.834 173.012 -18.481 428.137 91.609 -19.885 173.797 350.904 -21.285 381.123 262.358 -21.663 1.343 13.692 -19.848 140.834 272.555 -18.052 42.402 37.160 -20.037 413.110 258.995 -20.940 349.226 493.921 -20.959 134.789 43.747 -24.801 10.451 315.740 -23.569 140.563 350.173 -21.285 70.863 80.363 -20.412 29.659 156.391 -24.199 300.704 432.168 -20.141 476.911 81.672 -18.165 187.972 113.326 -22.274 194.261 298.683 -19.191 208.921 253.351 -20.460 46.453 210.652 -21.917 383.898 68.466 -20.076 406.436 458.932 -20.175 62.679 222.806 -21.710 436.574 320.014 -21.053 97.350 291.295 -23.531 51.209 308.527 -22.877 93.810 257.565 -21.792 358.132 372.112 -17.763 95.645 223.473 -22.631 191.204 376.857 -22.387 354.111 380.949 -16.786 113.005 271.433 -22.142 480.949 23.632 -18.268 172.070 19.006 -27.378 187.228 234.259 -18.823 409.973 414.964 -18.073 147.907 130.076 -20.501 324.962 123.491 -17.469 197.094 277.682 -18.988 441.419 302.189 -22.691 43.863 213.152 -22.204 499.352 409.682 -19.328 495.485 110.200 -20.248 384.931 286.426 -19.608 305.453 7.562 -22.747 399.743 431.836 -17.831 103.022 278.406 -22.839 413.866 159.539 -18.496 408.096 332.385 -20.738 110.645 402.207 -21.650 64.970 142.578 -21.747 125.510 433.156 -22.005 67.464 494.707 -22.036 382.970 294.967 -19.834 200.407 370.815 -22.638 458.827 94.818 -18.027 74.572 48.906 -22.841 303.535 117.642 -18.365 229.157 450.867 -23.524 405.988 293.181 -19.672 433.678 296.092 -22.153 96.833 205.403 -22.695 482.975 92.050 -17.866 16.047 438.785 -19.020 93.130 432.436 -20.351 453.621 78.882 -18.412 112.441 206.082 -21.650 494.181 356.679 -19.410 14.538 240.339 -24.519 97.876 487.588 -23.125 362.556 479.627 -21.439 360.064 416.696 -16.921 202.514 112.307 -22.181 421.468 285.574 -20.899 98.722 81.334 -22.975 11.053 355.425 -21.232 267.161 147.221 -20.367 409.405 5.883 -21.529 171.590 289.655 -19.067 61.547 483.198 -19.380 249.295 283.828 -21.284 286.813 377.803 -17.685 378.918 204.042 -19.210 416.420 78.473 -19.483 421.401 436.460 -20.065 432.200 467.138 -19.382 5.164 60.221 -19.621 215.731 117.317 -22.642 438.752 196.969 -20.582 122.301 477.859 -24.074 439.741 346.340 -21.571 492.594 294.591 -23.871 353.596 191.111 -18.229 31.060 257.413 -23.805 275.774 110.885 -21.171 220.856 39.077 -28.114 43.914 297.253 -22.773 317.827 357.218 -16.064 174.210 162.536 -21.367 177.148 315.320 -20.050 20.553 384.456 -18.918 139.033 417.726 -23.309 405.018 251.230 -21.715 289.549 142.716 -18.660 462.153 283.081 -23.506 480.788 420.201 -20.525 100.840 383.232 -21.503 234.132 153.879 -22.371 375.098 426.521 -16.433 454.003 381.861 -21.180 162.683 172.307 -21.253 169.558 369.515 -21.225 284.226 426.762 -19.371 102.567 79.529 -23.194 468.842 285.129 -23.250 58.538 31.386 -21.573 286.664 209.763 -20.790 246.665 289.346 -21.371 473.335 203.752 -22.765 84.297 130.237 -20.735 407.851 111.488 -19.402 353.553 154.003 -18.008 476.783 308.296 -23.833 269.693 269.568 -21.810 195.915 55.015 -27.465 398.969 118.420 -18.416 498.811 50.250 -18.042 461.933 421.609 -21.125 152.032 289.156 -18.807 118.043 381.924 -22.150 10.107 140.824 -21.349 204.657 335.229 -19.328 449.527 322.383 -21.662 407.207 359.231 -19.980 203.024 0.875 -27.084 57.256 72.837 -21.582 240.944 157.037 -21.045 259.057 365.894 -18.909 421.534 416.505 -18.383 277.709 60.364 -24.762 16.486 63.206 -19.834 61.669 393.717 -17.282 118.274 293.393 -22.601 479.147 450.517 -20.853 173.818 499.956 -26.810 76.092 36.614 -22.027 458.361 499.052 -20.888 74.948 246.333 -23.753 282.904 19.037 -23.614 351.000 72.974 -20.047 472.856 166.704 -22.000 478.664 165.401 -23.578 124.027 315.261 -21.732 316.003 302.369 -18.369 499.293 171.045 -24.678 478.257 291.278 -23.382 94.193 345.439 -23.436 255.311 271.280 -21.586 327.254 302.677 -19.141 395.652 328.501 -19.977 486.127 162.866 -22.916 10.492 387.526 -18.389 142.850 370.121 -21.679 230.751 172.517 -19.386 5.293 322.886 -24.692 263.448 184.802 -18.386 75.267 298.219 -23.351 444.879 241.526 -21.363 96.502 389.802 -22.243 97.371 103.470 -22.255 84.269 388.250 -20.756 103.922 69.136 -24.024 419.331 23.626 -20.962 250.649 197.584 -19.547 26.323 400.292 -17.499 91.167 190.514 -24.723 369.033 209.008 -19.949 87.857 346.201 -23.881 299.306 100.048 -21.825 269.618 3.118 -23.559 21.594 487.495 -19.381 246.459 216.424 -21.112 493.518 37.664 -17.574 455.876 80.880 -18.113 372.061 302.744 -21.089 26.482 166.397 -22.207 369.200 306.986 -20.350 372.580 42.274 -19.901 451.446 12.123 -21.867 87.182 159.897 -20.300 293.463 350.867 -17.561 49.777 296.499 -22.858 472.145 31.715 -17.632 369.392 265.023 -20.387 482.289 211.669 -23.290 59.232 166.770 -20.885 429.181 438.555 -19.330 299.745 50.465 -23.112 372.241 418.570 -16.477 403.873 148.273 -18.766 113.676 388.725 -22.840 411.820 222.579 -19.726 440.719 326.286 -22.371 127.158 61.909 -23.433 436.103 409.027 -19.834 220.468 400.064 -22.425 3.996 31.890 -18.195 364.789 416.293 -17.493 126.545 325.446 -22.521 319.656 23.624 -24.581 452.461 338.123 -22.197 287.337 111.173 -20.738 68.397 148.401 -20.992 478.039 437.445 -19.631 269.383 182.803 -19.095 292.980 272.297 -19.209 263.031 209.817 -19.546 238.816 173.782 -19.298 11.133 295.668 -23.529 386.396 12.626 -21.498 195.431 449.344 -23.442 283.997 451.604 -20.410 169.954 426.267 -23.047 471.984 410.965 -20.753 88.584 61.904 -22.743 440.612 3.843 -21.641 177.749 235.241 -18.054 494.194 406.917 -18.665 224.319 48.378 -26.539 10.492 29.308 -17.168 110.842 432.526 -22.668 480.373 147.676 -21.285 325.479 197.213 -18.074 213.935 173.815 -20.014 341.550 36.741 -19.697 317.178 192.510 -17.854 455.134 66.618 -18.462 87.906 406.917 -18.378 483.638 301.705 -23.937 136.921 75.760 -23.199 50.457 34.337 -21.009 444.626 137.207 -19.429 418.301 431.245 -19.409 303.000 426.066 -18.739 360.341 4.406 -19.940 55.935 321.962 -21.107 454.172 439.120 -22.332 4.275 413.578 -18.607 3.594 327.325 -24.390 39.719 43.450 -21.050 435.079 31.587 -20.235 320.296 6.680 -22.594 270.627 159.053 -19.242 280.025 38.549 -25.186 132.589 232.273 -21.208 193.942 456.363 -24.263 9.258 6.161 -19.398 86.713 48.402 -22.624 341.351 409.185 -17.512 172.012 376.526 -22.284 14.375 291.379 -24.660 65.130 68.022 -20.912 169.920 270.962 -17.489 18.298 197.710 -20.894 272.523 456.398 -20.400 239.892 115.527 -23.755 247.264 371.308 -18.130 244.041 48.983 -26.596 390.367 30.824 -19.669 285.416 240.946 -22.747 164.160 20.332 -28.202 17.891 271.161 -25.045 101.060 227.786 -22.383 341.208 105.319 -18.538 7.876 370.007 -19.943 456.288 197.808 -21.975 453.049 228.695 -21.496 235.721 36.152 -28.000 92.980 499.858 -23.317 426.625 185.355 -19.401 425.780 395.207 -19.201 130.868 485.064 -24.485 14.869 340.584 -22.241 5.695 42.986 -18.048 256.673 345.732 -19.118 336.651 443.062 -18.467 54.288 205.523 -21.419 490.948 115.202 -20.114 117.175 338.872 -22.394 482.564 462.812 -21.231 158.908 133.478 -20.740 259.497 473.784 -22.470 416.776 141.490 -18.411 398.338 215.747 -18.806 355.089 147.506 -18.313 235.270 129.317 -22.977 257.777 425.548 -23.042 298.468 466.891 -20.835 72.723 43.590 -22.281 41.409 316.623 -22.836 488.789 186.551 -23.134 260.479 283.245 -20.762 497.813 496.764 -19.868 233.530 91.056 -26.313 118.413 197.982 -21.986 83.171 92.541 -21.495 310.645 450.196 -21.075 10.366 42.629 -18.117 9.905 1.301 -19.271 96.498 266.085 -23.100 143.142 252.856 -18.971 146.613 194.300 -21.433 60.670 402.266 -16.610 419.262 294.987 -20.367 335.405 433.586 -17.891 205.754 172.069 -21.196 222.500 271.908 -21.792 65.544 382.507 -19.442 82.648 105.729 -21.623 218.256 13.801 -26.763 243.546 320.928 -21.429 417.993 300.703 -21.795 102.051 263.526 -22.783 348.159 244.276 -22.177 95.904 395.502 -21.896 40.070 229.847 -22.296 182.319 435.435 -22.020 162.947 111.275 -21.904 72.009 205.622 -23.055 79.083 402.581 -20.044 472.311 105.154 -19.478 247.399 402.212 -20.820 445.082 315.097 -22.312 406.023 1.473 -20.494 431.242 147.946 -19.433 240.597 185.186 -18.449 167.303 457.232 -23.424 325.458 469.043 -21.259 181.349 159.696 -22.675 469.465 37.867 -18.364 45.206 473.983 -20.265 349.789 108.812 -18.453 4.871 202.835 -23.335 3.705 6.453 -19.000 210.933 149.375 -22.208 116.152 425.879 -21.927 64.068 369.323 -22.096 426.353 25.575 -21.524 342.182 92.135 -19.265 240.946 6.869 -25.101 128.509 389.064 -22.153 19.220 420.419 -17.206 412.564 271.747 -20.477 467.819 209.416 -22.041 38.401 199.026 -22.063 407.353 349.375 -21.462 405.935 233.619 -20.937 21.738 141.448 -21.735 281.427 73.575 -23.523 73.173 18.766 -22.775 377.815 272.140 -20.384 415.333 204.338 -20.050 180.104 99.578 -25.782 183.496 18.078 -27.447 7.474 351.981 -21.120 53.279 395.760 -17.249 33.900 314.624 -23.538 31.229 333.324 -23.879 284.322 217.212 -20.528 499.406 110.899 -20.418 100.534 272.630 -23.000 250.971 35.636 -26.665 252.701 116.833 -23.594 151.984 214.823 -20.076 260.235 437.873 -20.900 315.886 277.166 -18.434 180.259 378.552 -22.029 154.777 99.155 -22.711 408.313 6.929 -22.064 426.842 36.637 -20.691 213.334 482.029 -24.837 154.865 31.436 -24.906 437.080 148.887 -19.129 389.741 339.575 -20.472 193.180 67.464 -26.255 359.501 315.052 -19.309 32.195 344.927 -21.866 409.894 304.258 -21.384 158.249 352.126 -20.369 324.324 12.850 -21.556 316.780 312.566 -19.745 250.944 381.759 -19.765 482.921 480.114 -21.542 431.186 104.920 -19.931 33.282 252.287 -23.415 466.371 326.512 -22.186 207.765 315.622 -20.256 387.538 457.274 -19.518 331.682 235.358 -21.113 499.837 285.637 -24.101 465.364 91.308 -17.522 132.205 62.905 -22.885 387.488 419.372 -16.995 18.021 221.055 -23.450 419.421 350.467 -20.883 58.869 475.520 -20.586 285.118 2.139 -24.218 382.410 152.685 -18.280 199.284 296.841 -19.201 44.749 345.923 -21.982 338.316 24.492 -19.465 436.699 382.630 -20.720 77.663 104.734 -21.169 172.798 433.520 -22.472 203.248 142.182 -22.430 313.910 177.038 -16.269 199.408 135.340 -22.162 332.985 296.715 -18.858 279.901 400.972 -19.362 106.337 24.539 -23.074 84.406 352.833 -22.572 44.504 458.024 -18.648 162.351 25.603 -26.739 411.233 147.516 -17.577 483.038 217.075 -23.474 485.199 315.044 -23.982 139.286 468.307 -22.717 348.737 464.519 -20.295 144.260 331.759 -21.309 317.214 449.088 -19.953 189.639 265.521 -19.552 425.542 223.848 -19.489 444.137 396.621 -20.525 386.632 78.824 -19.298 447.893 365.787 -20.518 484.502 426.290 -20.373 310.909 170.245 -17.068 271.121 475.630 -21.221 53.598 228.293 -21.418 477.339 12.119 -19.718 371.678 315.134 -19.692 301.326 451.298 -20.345 41.861 442.957 -18.507 49.363 170.961 -20.720 428.635 153.921 -19.181 212.190 47.746 -25.925 21.256 432.055 -18.358 330.091 223.075 -20.072 55.039 149.204 -20.998 251.577 356.992 -19.631 3.952 204.530 -22.428 266.451 32.014 -24.670 311.054 319.515 -19.792 191.253 117.338 -22.284 465.853 67.827 -18.599 317.393 60.752 -23.018 156.298 466.935 -23.910 443.890 6.176 -20.548 317.438 106.720 -19.393 409.600 388.158 -17.802 81.820 307.727 -23.420 131.196 99.426 -22.191 475.952 383.730 -19.660 415.104 40.897 -20.237 197.869 177.931 -19.898 5.388 47.241 -18.921 121.930 252.806 -21.077 73.857 390.958 -19.895 345.267 350.792 -18.689 110.489 335.155 -22.626 39.673 473.672 -18.777 384.534 93.502 -20.548 277.942 290.326 -19.989 256.548 86.285 -26.628 477.762 216.915 -22.388 16.124 377.349 -19.182 178.592 384.278 -22.061 281.210 25.956 -23.712 430.911 140.807 -18.753 377.943 165.347 -18.292 42.239 191.031 -21.568 278.984 468.352 -19.238 471.687 20.596 -19.769 400.357 7.089 -21.212 329.099 153.968 -18.208 365.963 33.372 -18.748 284.515 43.497 -23.392 190.738 154.160 -22.170 300.621 334.234 -18.938 7.508 487.254 -19.717 148.734 119.298 -21.226 63.206 407.091 -18.025 498.301 494.226 -20.697 383.696 279.961 -20.053 177.771 130.805 -21.522 62.337 111.682 -20.505 308.410 475.130 -21.835 43.996 406.760 -17.084 430.742 1.935 -22.220 407.158 63.205 -20.593 359.219 203.221 -18.635 38.019 0.989 -19.562 160.513 118.281 -21.715 358.915 301.930 -20.056 173.584 481.537 -25.766 309.896 356.817 -17.288 53.901 458.177 -19.497 301.190 285.122 -19.423 5.598 284.561 -24.256 43.366 493.997 -19.823 67.161 380.633 -19.745 266.524 474.712 -21.683 216.263 104.135 -23.037 216.315 484.939 -25.419 258.525 260.102 -22.397 318.667 481.816 -22.203 298.271 376.292 -16.546 97.989 0.790 -23.233 258.134 50.903 -24.953 25.383 384.900 -17.669 355.349 283.245 -20.010 308.601 313.837 -19.433 150.322 461.118 -22.756 186.221 466.368 -24.367 454.517 362.824 -20.427 287.421 60.344 -24.872 385.554 140.935 -18.196 178.605 190.636 -21.069 336.181 479.057 -20.477 191.314 482.929 -25.675 331.972 445.988 -18.559 161.114 146.001 -22.353 379.295 5.295 -20.140 427.846 288.312 -21.135 223.416 229.686 -20.379 73.157 414.132 -18.013 95.299 183.241 -22.955 291.857 384.702 -16.727 303.466 499.785 -23.764 426.230 68.907 -18.739 235.817 228.915 -21.927 384.198 323.308 -19.773 127.377 336.871 -21.872 444.177 220.019 -20.614 197.868 146.874 -22.981 216.970 68.920 -26.365 68.212 211.124 -21.836 150.786 419.020 -21.804 338.273 459.010 -18.853 17.005 358.504 -20.880 229.718 178.023 -19.938 80.660 49.395 -21.592 418.647 405.584 -18.525 445.665 192.243 -21.265 98.703 296.379 -21.998 83.414 264.584 -22.352 247.486 15.353 -26.168 424.160 160.891 -17.877 487.885 220.941 -23.908 238.728 81.397 -27.425 402.166 11.146 -20.533 28.668 350.759 -22.332 435.452 288.731 -21.838 57.507 238.253 -21.591 413.753 390.666 -18.436 397.719 240.854 -20.663 66.150 204.264 -22.427 468.145 431.218 -20.017 136.953 258.813 -19.419 6.206 408.994 -19.535 2.817 178.958 -23.703 94.362 152.525 -21.828 476.149 195.766 -22.437 351.543 216.086 -20.428 312.052 406.467 -17.896 240.371 10.742 -25.481 208.978 327.590 -20.163 262.844 494.914 -24.032 79.834 498.595 -22.440 494.149 458.991 -20.941 25.121 122.104 -20.032 261.080 394.799 -19.366 35.057 154.721 -22.167 222.101 177.440 -20.383 4.319 353.757 -20.186 100.802 359.333 -23.244 453.628 350.864 -20.741 171.767 81.486 -24.387 479.016 129.540 -20.350 175.478 122.323 -21.291 440.342 68.244 -20.620 291.147 18.556 -24.691 363.959 0.942 -20.220 347.943 48.109 -20.885 2.927 93.190 -20.039 288.511 166.179 -17.242 71.747 419.984 -18.384 325.964 209.608 -17.642 76.135 136.876 -20.137 232.336 498.552 -24.613 229.947 239.817 -22.506 127.146 415.445 -22.508 257.342 293.720 -20.770 36.844 0.939 -18.309 146.920 252.857 -19.138 370.056 197.170 -19.627 204.040 68.711 -27.122 201.671 94.984 -24.733 413.784 432.747 -18.862 114.220 166.468 -21.377 70.195 295.555 -22.808 369.087 35.649 -18.738 1.565 277.930 -25.223 304.738 366.450 -17.271 374.917 307.692 -20.454 2.081 70.785 -19.483 307.195 184.422 -17.088 491.727 5.516 -19.732 26.542 36.832 -18.319 492.483 174.381 -24.008 319.537 316.598 -19.274 484.441 326.720 -22.189 361.748 376.353 -16.859 81.146 11.729 -23.495 19.727 369.576 -19.139 84.406 116.554 -21.106 353.374 6.444 -20.154 372.395 278.103 -20.268 304.603 407.303 -18.426 162.139 368.177 -21.206 111.541 168.529 -21.485 367.874 160.220 -18.912 350.009 149.289 -18.468 287.529 455.339 -19.966 246.804 178.526 -20.112 1.644 184.193 -22.623 417.392 34.370 -19.537 31.326 445.209 -18.817 31.583 136.023 -22.944 294.865 26.569 -23.630 74.570 165.784 -20.164 240.336 68.494 -27.310 214.469 229.406 -19.739 347.813 487.724 -20.714 406.991 160.673 -18.194 441.578 288.521 -22.155 256.036 470.617 -22.377 346.309 324.379 -18.796 29.820 460.893 -19.398 390.689 15.763 -20.330 120.715 191.603 -23.051 327.957 129.514 -18.356 499.178 273.864 -23.965 368.987 68.575 -20.009 472.374 290.956 -22.962 109.206 66.542 -24.689 66.895 179.269 -19.821 44.618 135.953 -20.574 499.503 60.504 -20.070 282.319 401.321 -17.804 164.147 129.010 -21.981 166.832 105.700 -22.120 338.735 263.740 -20.784 169.049 24.824 -26.588 331.097 357.770 -17.136 186.193 291.169 -19.188 86.150 72.937 -21.801 301.440 303.139 -18.765 52.492 191.157 -20.348 6.524 73.445 -18.469 204.080 78.108 -26.570 302.574 54.168 -23.162 142.057 492.648 -25.128 476.556 186.325 -22.864 349.087 295.655 -19.434 233.195 473.619 -23.177 460.945 411.437 -21.238 37.390 247.352 -23.612 185.805 213.778 -20.055 111.888 22.584 -24.827 43.843 332.589 -22.681 391.170 413.976 -16.449 138.412 275.572 -20.180 316.477 499.671 -22.743 476.628 327.986 -23.461 30.038 457.936 -20.153 411.206 13.535 -20.689 207.726 283.263 -20.040 365.049 400.950 -15.875 480.575 173.898 -22.515 23.278 313.434 -23.742 165.738 118.869 -22.311 140.566 289.312 -20.842 166.725 260.455 -17.182 28.281 216.532 -21.550 336.801 159.930 -19.116 136.099 414.370 -22.930 137.052 223.205 -21.070 54.102 449.281 -17.559 361.218 286.321 -19.719 280.292 5.568 -23.512 481.421 180.757 -23.143 332.682 397.460 -14.902 225.950 73.545 -27.426 295.302 36.911 -23.981 63.608 245.596 -21.938 465.275 487.614 -21.071 456.542 124.026 -19.401 126.797 229.794 -20.829 105.965 183.604 -22.815 458.731 303.186 -20.895 191.640 444.448 -23.598 135.584 13.338 -25.532 395.780 276.322 -20.885 148.348 209.309 -20.488 383.605 6.230 -20.379 207.353 196.574 -19.295 206.565 191.691 -19.867 5.707 431.911 -18.859 120.959 486.990 -24.076 10.484 304.326 -22.890 375.202 345.278 -20.509 140.159 78.261 -22.775 49.344 99.367 -19.411 53.361 401.340 -16.560 181.727 467.909 -23.748 63.557 493.976 -20.090 410.716 372.140 -18.301 415.576 252.112 -21.973 431.619 247.441 -21.194 203.435 290.350 -19.722 131.622 405.975 -22.703 396.670 278.787 -20.223 295.354 226.040 -19.728 7.339 248.392 -25.093 398.475 156.559 -18.829 102.621 290.306 -23.262 38.290 446.206 -18.737 89.992 390.074 -21.881 362.823 333.005 -21.202 488.255 4.775 -19.511 62.226 288.962 -23.242 367.224 49.903 -20.129 7.587 340.263 -21.817 317.285 421.495 -18.272 446.262 179.055 -21.366 247.363 99.791 -25.652 213.445 7.375 -27.119 346.293 141.331 -18.582 195.505 487.891 -25.309 179.618 364.382 -21.241 38.212 221.299 -21.703 351.210 385.650 -16.396 340.715 328.619 -19.057 456.115 24.705 -18.927 9.892 93.113 -19.400 156.689 365.172 -20.283 410.954 107.094 -19.193 483.386 80.694 -17.830 253.906 5.263 -25.197 350.769 431.460 -17.383 250.223 272.175 -22.561 257.462 282.360 -21.518 67.445 172.780 -20.188 443.460 111.320 -20.049 171.643 205.462 -20.961 361.226 88.008 -18.610 115.829 134.551 -20.549 330.480 433.426 -19.089 108.226 290.084 -22.988 489.265 453.136 -20.259 87.930 187.998 -23.329 87.617 87.062 -21.868 420.214 159.364 -18.788 476.241 111.013 -19.215 85.666 403.523 -18.831 6.637 397.148 -18.374 160.467 7.454 -26.833 497.868 154.803 -23.319 277.888 165.402 -16.783 155.271 36.902 -25.628 206.450 319.812 -20.009 298.120 464.280 -20.802 19.703 211.499 -22.768 307.495 130.234 -18.392 45.427 202.406 -22.224 413.646 99.540 -19.318 341.904 31.084 -19.212 466.133 204.130 -23.078 74.669 346.154 -22.410 307.887 202.184 -17.465 285.885 178.082 -18.994 363.121 260.002 -21.587 190.774 400.827 -23.766 134.770 153.050 -21.959 26.208 308.526 -24.935 3.685 1.566 -19.270 212.307 446.026 -24.595 61.426 60.597 -22.205 374.492 11.214 -19.610 65.608 18.072 -21.667 472.381 216.994 -22.451 118.242 11.667 -23.696 342.158 305.306 -18.787 125.293 296.449 -21.900 319.848 258.405 -19.194 210.474 449.906 -24.056 168.611 196.276 -20.582 259.901 142.536 -20.967 297.809 118.207 -18.496 226.788 215.926 -20.723 96.050 57.447 -23.750 366.499 105.294 -18.670 499.569 430.978 -20.338 370.512 214.080 -18.806 342.952 233.946 -21.170 418.812 399.602 -18.953 194.230 183.384 -19.990 359.067 28.527 -19.036 218.265 5.720 -27.085 78.375 413.592 -19.223 418.498 343.555 -21.169 446.988 439.116 -20.686 416.747 68.220 -19.961 352.607 265.395 -21.150 135.082 128.059 -20.977 337.978 426.600 -17.746 106.322 50.822 -24.124 129.417 289.827 -21.555 14.237 74.192 -19.652 220.660 42.269 -27.544 364.216 307.293 -20.791 483.514 494.729 -20.334 219.252 248.668 -22.236 338.118 5.871 -20.697 51.138 197.328 -21.770 195.134 358.803 -21.736 108.308 134.858 -20.880 370.333 55.970 -19.959 179.206 328.814 -20.502 122.465 167.386 -21.879 158.393 452.037 -22.433 406.644 124.904 -18.893 194.296 95.616 -23.724 443.788 209.828 -19.908 20.956 351.880 -20.572 0.388 1.316 -18.946 392.348 148.512 -18.787 323.563 395.845 -14.531 291.392 498.176 -22.970 42.338 202.085 -21.686 236.261 79.485 -27.439 75.420 396.617 -19.071 30.812 61.184 -19.109 193.392 25.004 -26.927 378.147 364.992 -19.404 99.207 173.652 -22.221 246.010 384.332 -18.275 187.335 63.543 -26.610 253.843 450.013 -21.953 50.329 86.613 -20.578 334.313 382.265 -14.313 258.846 448.863 -22.311 420.952 301.941 -21.948 497.640 6.011 -19.169 114.653 498.953 -23.756 56.888 245.037 -23.062 52.753 468.215 -18.452 341.778 192.606 -18.204 475.619 91.666 -19.919 373.154 262.477 -20.259 331.589 126.311 -18.117 462.721 499.872 -21.058 384.754 411.443 -17.042 259.334 128.409 -20.789 0.421 71.918 -19.841 204.980 437.668 -24.119 311.042 282.534 -18.812 422.932 93.597 -19.848 465.924 336.209 -21.827 155.765 151.113 -22.094 114.383 5.593 -23.333 242.445 301.732 -21.654 40.397 426.622 -17.097 151.411 232.635 -18.439 363.352 246.705 -21.028 131.999 259.794 -21.115 486.462 295.694 -24.591 91.678 369.995 -22.400 413.348 209.366 -17.517 490.567 339.139 -22.305 419.368 86.259 -20.652 127.408 377.288 -20.963 204.955 109.349 -22.591 215.587 362.601 -20.851 491.283 220.332 -22.798 382.157 109.368 -18.834 423.186 449.961 -20.223 70.369 253.590 -23.076 293.375 88.906 -23.164 407.643 192.098 -18.624 253.825 203.274 -20.326 200.366 407.429 -21.466 346.003 314.421 -19.338 57.326 176.288 -21.169 213.488 343.827 -20.744 107.617 364.509 -22.192 186.020 50.020 -27.630 140.054 135.954 -20.878 188.067 309.122 -18.927 440.455 116.792 -19.309 237.586 247.525 -22.293 43.663 309.294 -21.660 334.978 414.961 -16.283 474.108 85.308 -18.489 381.810 243.987 -21.566 11.328 446.927 -20.478 267.327 438.645 -21.413 447.274 415.887 -20.138 358.276 18.088 -19.335 68.917 269.878 -23.258 87.074 198.307 -23.663 292.164 55.390 -24.624 273.353 93.904 -25.022 393.125 457.363 -20.288 276.789 248.257 -21.470 383.920 0.617 -20.501 252.072 349.177 -19.419 450.745 108.404 -19.673 292.726 247.583 -19.986 167.394 52.248 -25.563 252.029 108.103 -25.563 124.709 272.443 -21.358 304.837 359.228 -18.871 322.622 499.418 -21.123 490.659 167.616 -23.756 95.197 294.934 -23.176 463.313 197.660 -22.861 168.705 210.027 -21.360 214.542 0.391 -27.066 100.114 185.407 -22.918 192.247 66.943 -27.295 228.261 461.400 -23.247 205.789 26.554 -26.108 464.785 130.499 -20.093 5.620 492.563 -19.387 348.293 399.964 -16.980 199.334 466.678 -24.897 496.281 313.880 -24.330 9.903 327.708 -23.991 135.453 178.453 -23.155 238.799 98.187 -25.809 457.832 96.299 -20.756 326.269 411.219 -16.698 416.604 201.041 -19.229 40.915 68.542 -20.359 371.346 326.585 -20.378 317.134 326.006 -18.464 422.488 339.601 -20.810 443.785 160.757 -20.500 318.208 209.275 -18.720 26.757 117.360 -20.620 51.618 117.971 -21.746 315.615 241.238 -19.648 434.621 178.512 -19.051 456.357 480.264 -19.846 92.909 442.559 -18.565 265.500 312.170 -19.205 220.404 426.847 -21.983 269.312 196.966 -20.138 75.878 492.915 -21.194 466.450 172.924 -22.311 462.371 381.406 -20.272 186.756 254.472 -19.203 165.843 178.978 -21.451 137.509 293.785 -20.834 273.371 352.531 -18.782 27.054 328.134 -23.827 297.861 313.909 -18.704 237.424 394.880 -21.333 348.906 221.604 -20.132 42.133 80.709 -20.544 142.641 345.508 -20.790 268.099 434.087 -21.316 70.350 444.180 -18.928 477.919 204.312 -22.608 364.659 327.347 -18.822 18.257 171.889 -22.098 95.354 417.765 -21.023 498.507 222.392 -23.261 236.000 235.239 -22.117 11.626 48.960 -19.492 460.175 177.999 -21.624 489.443 26.310 -17.491 103.203 179.523 -21.923 126.568 444.399 -22.516 297.435 425.317 -19.699 456.991 147.557 -18.970 195.140 160.915 -21.131 232.793 3.812 -25.732 164.496 31.095 -27.130 499.346 307.861 -24.445 89.049 445.376 -21.282 178.278 80.800 -24.926 170.069 38.099 -27.857 79.223 131.307 -20.001 377.775 216.948 -19.739 192.604 277.216 -18.196 68.751 260.422 -23.011 100.076 124.089 -20.974 226.552 163.385 -21.576 33.391 290.789 -23.725 85.196 212.826 -23.254 11.769 231.971 -23.281 415.377 242.307 -21.102 47.585 91.395 -20.121 428.160 419.261 -20.161 212.268 210.542 -20.405 323.959 186.060 -17.067 305.232 74.236 -21.851 114.805 461.563 -21.936 421.514 6.303 -21.522 385.278 389.229 -15.826 77.527 290.647 -22.224 407.425 371.431 -18.683 476.954 282.638 -23.860 208.354 498.806 -26.639 442.565 23.577 -21.776 113.718 234.207 -21.878 423.415 499.721 -21.434 147.104 289.896 -20.946 455.593 10.954 -20.880 357.926 179.804 -18.536 107.568 351.165 -24.141 400.030 197.800 -17.575 58.765 143.125 -22.118 412.702 109.485 -18.691 492.013 183.326 -23.431 186.527 297.128 -20.280 261.094 79.992 -26.573 4.612 217.184 -22.447 156.692 172.719 -22.707 460.276 201.320 -21.633 130.484 152.739 -22.465 325.616 157.887 -17.650 436.502 445.828 -21.048 91.729 19.711 -22.958 145.824 139.981 -22.148 332.297 429.267 -18.441 309.005 264.877 -18.821 406.569 99.404 -19.440 456.604 134.477 -19.351 449.617 334.122 -21.174 449.447 405.359 -21.622 355.729 233.752 -20.570 221.720 277.097 -21.786 317.199 90.643 -21.469 363.239 100.818 -18.055 490.583 423.953 -18.257 87.307 237.143 -21.622 171.443 215.319 -19.326 479.133 42.616 -18.627 114.982 376.285 -21.040 322.344 239.458 -20.169 132.456 4.953 -25.468 456.534 234.559 -22.955 3.390 275.689 -24.461 90.330 265.250 -22.466 423.598 13.305 -21.017 349.338 117.712 -17.944 370.307 283.553 -19.573 375.611 315.298 -20.602 345.511 416.663 -18.265 41.363 328.154 -23.540 119.449 184.800 -22.227 30.625 140.733 -22.194 25.322 276.469 -24.814 234.556 337.929 -20.050 404.474 486.452 -21.548 194.740 493.441 -26.717 311.311 8.166 -23.093 429.283 18.203 -21.218 498.727 81.409 -18.477 479.114 267.484 -24.234 70.177 406.997 -18.667 164.209 470.505 -23.985 483.128 295.438 -23.279 10.355 19.595 -19.500 121.044 266.512 -21.253 392.927 451.561 -18.934 126.586 87.908 -22.197 6.919 233.671 -23.957 221.660 29.686 -26.759 7.197 7.436 -19.588 280.600 159.559 -18.007 443.075 345.538 -21.569 330.894 6.356 -20.691 363.450 130.590 -18.545 461.557 63.553 -18.958 241.706 172.673 -18.968 374.843 232.948 -20.891 12.701 159.023 -24.428 391.617 153.337 -18.072 265.958 92.089 -25.981 383.715 438.786 -17.317 14.928 209.042 -22.421 368.703 372.989 -18.284 2.253 91.461 -19.632 27.365 266.919 -24.337 10.260 228.288 -23.651 275.016 159.305 -18.187 297.756 394.236 -16.499 418.493 185.268 -18.844 58.939 278.948 -22.780 187.577 283.375 -17.554 499.295 430.118 -19.795 350.128 440.398 -18.355 483.603 240.739 -24.513 296.828 301.969 -19.358 134.149 354.200 -20.820 414.033 334.724 -20.680 65.607 228.758 -22.763 196.911 203.157 -19.646 134.639 365.220 -21.210 473.032 464.018 -22.093 268.081 85.456 -26.407 360.904 24.099 -19.220 204.524 240.327 -20.526 200.041 495.029 -25.394 27.183 355.740 -20.594 312.826 19.258 -23.111 149.944 333.248 -20.126 82.059 481.495 -21.959 138.449 393.783 -21.190 26.231 297.627 -24.041 411.725 312.207 -20.120 287.236 97.597 -24.322 10.291 426.599 -18.287 345.622 259.523 -21.660 149.189 24.530 -25.231 43.975 383.642 -19.251 187.708 347.791 -22.355 490.604 66.192 -18.341 140.943 93.195 -22.912 299.017 444.473 -20.830 43.281 50.729 -20.974 167.533 6.162 -26.962 265.259 5.502 -24.736 152.499 116.209 -21.413 9.074 107.537 -20.502 371.110 192.369 -18.966 298.734 61.481 -22.293 278.655 93.087 -24.876 265.146 359.001 -18.269 275.929 305.030 -17.594 260.796 338.817 -19.122 337.339 320.036 -20.220 209.882 259.814 -20.769 27.968 241.665 -23.599 468.701 105.684 -19.315 59.418 82.952 -20.989 9.932 31.489 -18.035 263.745 35.256 -25.700 432.640 7.188 -22.493 68.532 136.605 -22.461 71.675 241.727 -21.436 243.587 297.040 -21.243 334.888 316.178 -19.649 81.817 17.490 -24.927 34.775 178.124 -22.916 91.771 461.668 -21.638 247.782 44.720 -26.397 296.001 450.015 -20.127 359.737 124.924 -17.631 113.525 468.198 -22.541 345.124 368.656 -16.665 227.809 278.203 -21.747 368.894 333.466 -21.115 467.774 476.482 -21.521 21.037 415.306 -17.819 6.963 306.825 -24.093 473.417 432.995 -20.681 234.662 265.808 -22.909 391.797 236.921 -20.551 394.449 86.959 -19.874 217.238 177.200 -20.486 157.809 296.910 -18.975 286.838 483.162 -22.295 356.298 297.515 -19.688 40.098 17.665 -19.472 3.373 436.467 -19.673 428.096 365.230 -19.449 355.104 270.139 -19.162 408.158 397.894 -18.055 196.196 334.245 -21.116 2.734 43.920 -18.535 289.198 245.920 -20.594 327.702 449.978 -19.755 215.694 413.420 -21.366 315.981 290.278 -17.897 460.966 31.835 -18.673 21.886 265.481 -24.634 222.865 332.801 -19.306 250.024 11.067 -25.433 485.585 86.715 -18.780 17.267 146.115 -22.048 342.070 425.302 -17.664 276.660 497.618 -22.800 21.745 54.547 -19.593 65.201 388.444 -18.370 498.768 117.204 -19.719 284.674 350.794 -19.324 0.080 371.044 -19.662 61.527 161.375 -20.890 342.248 308.100 -18.360 389.588 335.554 -20.084 165.744 134.121 -21.782 324.287 74.774 -21.309 196.222 216.095 -18.867 126.075 246.783 -20.248 278.379 229.421 -21.542 331.316 409.324 -15.789 384.201 289.469 -20.163 230.202 257.726 -22.995 226.462 344.308 -20.516 119.655 468.694 -21.936 7.402 135.712 -22.276 332.269 456.044 -19.570 77.230 481.678 -21.976 409.891 290.195 -20.706 360.497 321.998 -20.485 135.963 93.872 -21.239 488.543 216.733 -22.544 398.824 390.488 -17.805 496.835 278.488 -23.690 18.102 160.251 -24.323 340.917 291.114 -19.498 48.790 102.897 -20.232 474.210 170.428 -22.197 388.438 300.651 -20.072 24.448 481.082 -19.662 14.945 112.175 -20.586 327.143 104.477 -18.139 325.908 358.250 -17.303 299.251 493.713 -23.166 490.842 265.547 -24.693 444.063 13.526 -22.337 194.223 147.823 -22.552 255.872 74.678 -26.774 25.604 85.828 -19.477 266.014 264.510 -22.421 214.202 92.085 -25.725 109.670 425.738 -21.642 230.221 42.416 -27.442 400.246 100.692 -19.434 469.196 221.922 -23.828 293.751 344.005 -18.237 344.659 379.764 -16.439 115.743 372.690 -22.101 151.760 259.826 -17.454 321.400 200.502 -17.525 449.946 214.665 -19.929 296.493 217.478 -20.431 18.475 86.395 -19.360 340.724 405.178 -16.087 343.527 23.334 -20.632 173.547 401.814 -22.976 377.485 438.671 -17.592 423.019 381.542 -19.697 186.107 261.601 -18.924 15.118 259.831 -24.646 6.198 147.191 -23.108 153.421 275.187 -18.617 357.532 184.996 -18.364 135.780 173.892 -22.097 326.788 175.494 -17.426 79.261 315.166 -23.271 265.247 144.036 -20.014 443.200 234.631 -20.396 496.619 107.790 -20.813 370.746 140.997 -18.399 485.102 115.302 -20.017 72.233 265.803 -23.080 80.811 98.870 -21.536 264.173 131.048 -22.188 111.148 345.347 -22.773 401.851 31.783 -20.163 398.159 288.637 -19.742 143.551 283.293 -18.575 39.584 482.441 -19.901 401.792 116.577 -18.456 392.385 220.870 -20.313 104.601 390.370 -22.361 304.508 394.522 -16.105 84.219 66.554 -23.105 33.153 161.051 -22.245 113.219 148.356 -21.477 426.044 498.003 -21.985 466.399 314.051 -23.066 107.421 302.092 -23.112 64.532 427.214 -18.118 494.060 381.424 -20.401 170.441 124.163 -22.047 209.002 119.692 -22.182 377.261 143.274 -17.692 462.744 135.946 -19.213 307.538 176.666 -17.769 439.224 367.188 -21.402 211.059 374.838 -20.737 438.259 50.142 -19.422 261.218 73.476 -25.807 294.277 333.173 -18.291 72.921 6.608 -21.605 473.776 332.603 -23.485 356.334 454.336 -19.358 231.538 196.064 -20.199 403.160 379.104 -17.958 111.138 389.039 -21.486 312.820 294.611 -18.273 418.591 358.174 -21.008 299.721 360.263 -16.542 220.837 253.468 -22.180 124.074 369.823 -21.848 169.423 322.591 -20.758 381.648 432.002 -17.377 476.411 358.459 -19.573 179.169 402.827 -23.365 51.577 131.697 -21.327 12.811 270.960 -25.106 209.746 92.165 -24.159 198.291 122.132 -22.733 457.797 272.868 -23.004 48.886 328.439 -22.642 220.292 487.038 -24.914 499.841 149.826 -23.657 147.689 181.278 -22.520 325.533 0.035 -21.672 482.937 283.057 -23.489 8.623 111.223 -20.701 108.902 488.556 -23.309 126.827 357.192 -22.179 257.371 482.022 -23.776 243.148 35.914 -25.939 238.526 319.595 -20.122 330.277 35.594 -21.713 16.869 394.203 -18.035 463.191 370.206 -20.421 176.413 359.801 -21.018 380.476 467.509 -20.017 418.428 209.702 -18.875 450.756 294.040 -21.670 299.682 111.057 -19.112 322.827 31.145 -22.431 289.100 79.419 -23.395 199.025 411.915 -20.979 263.269 13.876 -24.241 407.479 433.709 -18.418 263.511 66.210 -26.437 433.442 362.699 -20.681 381.495 123.167 -19.088 373.181 283.975 -19.280 347.979 466.044 -19.798 285.289 270.764 -19.533 191.028 32.605 -27.174 143.193 135.249 -22.119 283.873 292.029 -19.400 422.240 216.310 -20.241 42.631 86.815 -20.349 339.456 251.882 -21.213 430.786 110.075 -20.222 53.209 240.147 -22.459 157.522 392.897 -22.285 374.237 0.126 -20.213 106.504 147.834 -20.587 7.583 281.373 -24.345 38.606 340.732 -23.079 317.551 74.543 -20.256 73.298 129.414 -20.869 62.263 499.680 -20.914 491.168 325.395 -22.560 136.521 451.031 -21.949 360.656 387.660 -16.668 328.951 29.727 -20.714 358.590 165.898 -17.251 425.519 75.375 -18.949 178.381 388.946 -22.883 205.774 380.655 -21.867 121.193 203.458 -21.430 6.079 394.418 -18.684 368.445 493.835 -21.004 279.215 196.688 -18.280 430.582 359.611 -20.988 467.361 0.199 -20.477 409.509 38.187 -19.762 44.809 123.141 -21.438 324.160 47.262 -23.777 353.031 123.287 -18.910 184.644 49.504 -26.711 197.017 86.211 -25.726 130.673 283.083 -21.972 493.443 432.915 -20.042 361.548 384.465 -16.389 342.051 66.583 -20.271 294.663 135.873 -17.439 178.540 5.177 -26.497 381.085 420.473 -16.432 138.612 408.091 -22.322 422.415 263.932 -22.763 469.232 197.634 -23.410 98.250 438.101 -20.698 158.482 202.532 -21.416 493.590 319.800 -25.045 154.030 313.956 -19.785 210.968 351.635 -21.630 49.488 408.293 -17.476 23.481 184.028 -20.849 111.203 277.637 -23.258 323.476 229.623 -19.619 265.773 254.096 -22.206 107.335 5.646 -24.165 401.619 142.765 -17.670 54.962 183.355 -21.428 168.506 183.119 -21.046 284.774 488.466 -23.229 102.321 412.948 -21.036 452.675 450.128 -20.388 440.571 56.896 -18.971 170.317 488.325 -26.126 357.162 246.552 -22.062 9.379 190.889 -23.698 431.281 171.496 -18.682 342.320 174.774 -18.644 102.395 128.949 -21.185 351.407 0.078 -20.209 429.523 37.026 -20.956 423.551 134.958 -18.369 124.080 130.790 -21.098 121.460 303.931 -21.724 440.887 167.754 -19.672 26.628 419.411 -18.182 61.834 123.757 -20.995 297.172 170.623 -17.173 292.580 497.476 -23.789 465.552 279.401 -22.809 4.787 154.537 -23.537 481.768 234.404 -23.796 367.256 140.076 -19.130 418.170 332.161 -21.609 181.978 199.339 -20.396 141.299 387.239 -21.547 52.725 253.561 -22.834 240.447 315.492 -21.013 295.998 6.066 -23.685 37.345 160.691 -22.825 293.127 198.052 -19.494 494.448 470.022 -21.148 89.804 238.338 -22.293 180.057 87.110 -24.924 85.094 4.142 -22.214 234.786 5.669 -25.245 330.227 159.971 -18.354 339.244 363.776 -17.026 430.882 50.694 -18.898 499.504 297.277 -23.870 263.388 427.409 -21.888 209.246 428.110 -22.780 313.331 11.139 -22.736 54.444 351.875 -21.905 159.337 412.074 -22.201 18.945 11.907 -18.596 381.218 161.202 -18.504 180.214 302.315 -20.314 81.011 248.726 -22.620 461.921 0.394 -20.568 212.262 384.817 -20.349 379.325 152.670 -19.082 459.941 327.135 -21.602 135.490 150.107 -22.021 420.003 1.502 -20.507 360.430 340.227 -19.281 113.417 99.900 -21.954 126.152 423.932 -22.778 3.459 28.530 -17.791 123.084 3.784 -23.351 170.373 155.967 -21.684 63.516 97.897 -21.654 267.897 13.437 -24.296 455.041 160.945 -20.835 442.033 312.771 -22.338 115.517 92.349 -22.557 375.031 35.741 -19.595 333.435 0.490 -21.396 243.582 159.333 -21.282 381.056 13.357 -19.478 83.494 87.014 -22.070 297.810 106.684 -19.157 305.585 86.800 -20.785 343.682 73.858 -19.824 146.835 367.250 -20.445 136.661 490.939 -24.591 464.717 241.284 -23.688 153.022 240.892 -18.945 24.083 271.601 -23.531 159.218 191.294 -21.664 24.575 24.289 -18.837 167.290 474.703 -24.884 366.185 463.515 -19.876 345.980 211.817 -19.438 82.587 476.795 -22.435 499.004 112.178 -20.290 375.245 158.703 -18.634 441.260 94.329 -19.893 338.132 282.752 -18.960 204.320 446.014 -24.143 259.500 104.233 -25.135 314.161 145.736 -17.434 350.319 285.486 -20.112 369.864 99.552 -18.971 76.795 271.894 -23.340 314.545 203.472 -18.176 309.945 340.461 -18.807 177.665 494.663 -27.240 208.783 474.753 -24.139 76.617 457.707 -19.726 12.951 136.157 -21.708 284.956 103.571 -21.664 480.736 352.852 -20.078 384.731 296.195 -20.752 191.226 191.018 -19.578 332.806 463.811 -20.087 478.197 376.740 -19.024 22.949 276.672 -25.618 433.850 428.996 -19.738 325.105 35.332 -21.743 358.405 351.020 -19.594 106.476 284.852 -22.880 328.981 265.253 -19.996 349.354 217.116 -18.737 124.611 154.898 -21.739 293.291 406.977 -19.304 54.592 16.374 -19.016 173.818 208.973 -19.687 328.871 141.657 -17.484 253.277 44.195 -26.710 240.340 190.611 -18.318 374.711 49.806 -19.935 33.672 493.992 -20.067 2.862 239.097 -24.892 4.918 78.746 -19.609 410.096 129.252 -19.048 103.792 142.457 -21.103 255.410 383.378 -19.259 69.974 436.493 -17.927 435.559 129.691 -19.726 288.859 437.656 -19.565 210.899 407.389 -21.577 253.299 316.225 -20.630 397.852 498.933 -22.245 221.552 413.997 -21.366 7.912 148.897 -23.951 253.896 228.924 -22.522 278.957 142.933 -19.402 407.889 239.186 -20.450 233.557 117.666 -23.038 94.546 4.006 -23.806 417.727 468.124 -19.888 470.425 24.584 -19.000 393.960 0.426 -21.614 124.873 495.312 -25.053 138.559 455.744 -21.229 182.554 208.310 -19.465 122.939 215.343 -22.576 433.542 254.928 -22.097 20.931 284.506 -23.533 456.655 73.129 -18.775 336.893 357.046 -17.159 124.660 125.050 -20.703 356.514 333.668 -20.739 35.736 228.800 -22.176 412.784 48.604 -21.609 162.126 208.960 -20.940 219.715 438.816 -22.971 144.808 35.934 -25.609 4.101 377.500 -18.708 382.073 56.052 -20.047 150.589 135.364 -21.345 413.098 172.378 -17.046 483.491 69.002 -17.899 55.199 297.251 -22.585 187.958 86.348 -25.069 251.413 462.310 -21.633 138.026 432.722 -23.488 314.232 439.102 -19.590 16.767 67.811 -19.055 150.385 433.536 -22.113 303.827 68.231 -23.600 264.873 228.730 -23.071 155.996 221.059 -19.154 10.879 498.732 -19.825 430.755 302.683 -21.424 388.092 112.159 -18.552 255.651 334.210 -20.191 198.737 171.439 -20.352 338.164 452.655 -19.069 232.241 208.571 -20.400 404.838 388.231 -17.010 28.092 450.825 -19.033 153.843 166.069 -22.213 261.415 5.664 -25.005 2.542 471.357 -20.002 374.528 414.717 -16.486 297.729 30.417 -24.212 437.620 185.971 -19.741 358.767 199.822 -18.564 463.452 26.230 -19.070 244.727 308.192 -20.711 281.973 111.255 -20.879 207.472 240.462 -20.117 30.454 359.690 -19.877 220.870 469.940 -24.299 267.750 419.442 -19.911 157.354 382.217 -21.209 449.033 442.781 -20.446 288.770 401.600 -18.296 483.385 105.285 -19.472 125.594 409.911 -22.989 477.448 337.632 -22.470 299.950 273.391 -18.482 141.749 154.440 -22.965 415.663 464.548 -20.427 282.972 55.550 -23.737 154.038 228.141 -18.814 283.087 313.922 -19.793 217.196 172.775 -21.000 76.805 86.131 -20.493 347.301 340.540 -18.508 496.934 167.410 -24.251 233.428 307.956 -20.707 16.302 5.747 -18.547 205.273 221.167 -19.075 321.098 413.328 -15.847 170.001 29.672 -26.780 256.571 36.108 -25.790 225.352 222.442 -19.667 446.615 42.238 -19.771 1.503 297.544 -23.825 460.258 240.582 -22.275 188.106 128.669 -22.897 416.882 149.235 -19.109 313.151 269.688 -18.661 78.987 32.746 -23.407 356.703 49.368 -21.301 279.417 396.926 -18.584 126.302 8.236 -25.005 341.890 337.546 -18.524 327.158 489.853 -21.526 218.997 454.785 -24.725 439.088 489.030 -21.231 101.170 36.404 -22.157 49.089 6.026 -20.577 383.620 327.540 -20.119 21.100 377.839 -19.197 325.051 408.502 -15.866 474.280 456.998 -19.800 321.512 175.934 -17.746 140.350 445.577 -21.413 93.363 334.544 -22.753 430.291 220.807 -18.995 363.553 396.171 -16.049 18.136 7.649 -20.026 315.145 216.125 -19.245 435.671 434.597 -20.176 215.935 206.083 -20.242 326.108 110.942 -18.421 206.872 396.609 -22.108 79.885 284.851 -23.482 393.364 235.118 -20.906 306.997 118.201 -18.104 240.968 474.689 -23.656 196.833 119.174 -22.668 183.432 6.574 -27.189 401.576 413.022 -16.790 415.571 5.450 -20.489 358.065 216.420 -19.438 220.167 368.354 -20.616 145.702 154.202 -22.897 120.382 19.727 -24.328 25.099 443.870 -18.388 138.642 282.264 -20.452 151.850 42.894 -25.588 386.792 135.667 -17.552 182.298 64.275 -28.018 196.206 386.576 -22.584 279.706 224.403 -21.053 343.980 136.418 -18.148 266.223 498.767 -23.079 124.819 262.412 -21.784 404.200 80.656 -19.545 218.942 48.632 -27.550 353.012 397.618 -16.222 173.654 457.870 -22.918 354.357 349.579 -19.148 207.671 438.234 -23.461 50.178 494.339 -20.243 423.893 64.822 -19.722 494.871 444.647 -19.867 470.318 321.979 -23.545 441.077 401.715 -20.644 482.752 370.284 -19.317 372.269 203.301 -19.425 400.217 480.019 -22.139 180.698 231.422 -18.088 436.214 172.268 -20.338 96.636 483.212 -23.105 433.702 278.878 -20.828 266.769 193.794 -18.471 452.773 462.063 -21.252 345.984 345.473 -17.606 18.615 333.995 -23.635 7.395 446.496 -20.523 117.619 124.182 -21.123 443.087 369.823 -19.419 260.033 240.915 -22.097 288.507 461.371 -18.952 35.243 462.962 -19.320 174.466 53.849 -26.565 130.704 138.479 -20.984 71.428 215.893 -22.908 245.038 88.394 -26.420 163.718 308.290 -19.146 483.103 279.668 -24.557 31.694 407.243 -17.818 183.535 376.125 -21.850 384.007 300.561 -20.639 41.125 167.460 -21.747 52.400 221.047 -21.334 371.546 4.636 -19.997 334.653 67.204 -20.587 384.173 18.812 -20.511 84.195 254.328 -22.236 130.852 204.562 -21.547 330.385 6.421 -20.595 153.243 438.971 -22.517 37.339 359.161 -21.233 106.683 299.763 -23.059 293.437 303.230 -20.208 23.066 393.885 -17.629 334.908 154.025 -18.025 409.848 335.872 -20.150 65.909 252.677 -23.224 423.914 233.600 -20.101 429.644 284.242 -21.962 80.895 395.215 -20.094 284.033 388.701 -18.029 313.347 158.032 -17.641 100.591 430.530 -19.938 264.079 350.699 -19.676 239.746 1.523 -24.944 6.373 12.418 -19.012 385.948 57.745 -18.809 328.205 205.307 -18.260 352.078 302.523 -20.157 25.681 63.966 -19.475 253.001 143.392 -21.277 177.414 418.615 -21.353 475.346 406.110 -20.698 269.609 172.192 -18.528 227.010 173.144 -19.405 19.049 309.439 -24.279 109.211 217.727 -21.785 284.880 265.310 -19.953 161.636 359.515 -21.179 490.695 202.820 -22.310 368.239 136.430 -19.081 307.895 122.746 -18.428 7.487 383.881 -18.559 492.999 245.897 -23.405 258.640 399.891 -19.711 197.530 89.266 -25.673 288.119 40.176 -24.202 203.472 391.510 -21.178 263.707 106.124 -24.510 156.371 283.936 -18.262 67.658 320.662 -22.477 374.230 494.021 -19.075 94.896 328.043 -23.357 261.673 135.418 -22.014 232.343 433.068 -21.756 282.161 476.938 -21.349 332.897 467.792 -19.984 389.943 142.233 -17.846 112.741 13.860 -23.027 76.879 338.736 -23.830 316.701 394.348 -15.564 451.951 483.894 -19.964 2.379 327.403 -24.888 346.993 413.196 -17.727 492.776 420.561 -19.887 443.083 49.027 -19.075 445.298 73.709 -19.031 206.967 11.106 -27.809 87.328 227.420 -22.445 2.947 361.942 -19.727 135.489 326.010 -22.362 400.415 384.389 -16.997 469.906 470.033 -20.671 58.393 191.877 -21.996 34.002 374.939 -18.237 82.271 494.867 -22.076 189.355 342.319 -21.791 495.687 67.810 -18.212 315.998 265.908 -17.730 106.471 492.140 -24.081 333.335 277.299 -19.764 106.436 403.567 -21.638 478.410 239.848 -23.862 387.002 196.549 -18.114 304.702 376.819 -15.978 174.269 171.190 -21.247 68.253 432.583 -18.339 68.455 110.809 -21.315 51.519 321.044 -21.835 230.652 98.247 -26.354 482.120 2.821 -19.890 335.559 31.598 -22.003 161.686 316.258 -19.462 481.774 128.600 -21.002 186.238 150.724 -21.844 167.457 90.880 -23.576 181.799 116.497 -21.720 200.441 311.337 -18.975 176.315 119.835 -21.418 242.087 350.396 -19.258 214.050 392.081 -20.516 176.645 116.138 -22.109 213.457 120.591 -22.229 174.154 87.509 -24.476 200.412 184.716 -19.962 180.268 179.823 -20.808 229.835 390.097 -21.042 198.065 381.842 -21.764 237.081 315.639 -20.467 190.301 154.466 -21.378 215.316 345.913 -20.284 170.576 83.076 -23.884 159.431 138.429 -21.942 189.932 153.435 -21.441 140.935 165.118 -21.887 208.680 120.907 -22.731 185.602 153.787 -20.641 158.363 131.290 -22.783 169.174 108.713 -21.242 175.673 111.017 -22.020 221.628 335.911 -20.598 149.642 83.448 -23.957 135.089 102.019 -21.908 243.561 325.419 -20.306 220.864 164.815 -20.553 152.795 86.140 -24.141 213.821 373.410 -20.931 184.849 153.517 -21.719 139.468 119.466 -22.099 160.007 106.290 -21.441 261.688 364.710 -18.704 166.345 137.535 -22.780 171.489 80.578 -24.553 181.006 104.893 -22.495 143.036 130.146 -21.832 133.648 113.815 -22.273 180.426 127.370 -22.286 169.297 165.218 -22.009 129.193 140.539 -20.642 159.352 120.610 -22.241 177.920 164.383 -22.114 185.970 161.870 -21.568 185.836 144.376 -21.375 205.110 337.732 -20.243 188.453 132.646 -21.956 162.907 106.679 -21.643 164.635 77.500 -25.201 221.522 387.892 -21.737 214.106 358.613 -21.573 214.794 375.043 -20.916 164.027 119.365 -22.645 202.245 377.091 -22.247 154.516 118.829 -21.980 218.299 338.325 -20.953 185.427 349.120 -22.205 182.153 131.216 -22.648 156.571 107.464 -22.045 191.668 347.353 -22.126 131.472 130.321 -20.415 160.004 98.325 -23.209 166.100 97.678 -22.114 235.304 336.205 -21.091 216.075 348.855 -21.569 217.732 308.273 -20.531 183.019 143.529 -21.949 165.246 99.643 -23.180 215.303 338.839 -20.536 167.096 110.901 -22.081 183.146 156.778 -21.039 131.968 71.026 -23.344 144.784 134.231 -21.710 154.641 87.935 -22.593 215.329 355.996 -21.374 156.659 111.564 -21.497 169.342 85.264 -24.095 184.276 145.421 -22.298 258.306 376.124 -18.679 163.450 137.629 -21.859 194.254 189.565 -19.695 199.782 88.449 -25.045 190.471 147.096 -21.372 195.615 396.852 -22.653 188.440 142.060 -22.068 237.544 391.065 -21.113 218.721 402.478 -21.367 184.805 349.210 -21.859 217.702 360.901 -20.376 182.266 64.594 -27.201 208.762 113.784 -22.887 224.746 350.931 -20.136 122.948 98.376 -21.714 186.004 176.952 -20.976 227.867 339.023 -21.209 218.883 127.388 -22.252 148.772 121.743 -22.060 221.927 349.281 -19.004 187.104 133.128 -22.553 212.438 343.456 -19.634 248.535 364.445 -19.176 217.564 356.009 -20.939 219.627 376.643 -20.833 252.865 367.141 -18.710 183.996 161.926 -22.192 196.177 200.327 -19.055 159.048 117.512 -21.911 186.908 189.798 -19.043 187.941 148.060 -22.771 208.599 383.094 -20.856 222.471 389.659 -21.188 205.546 113.452 -21.764 221.691 354.940 -20.719 183.929 153.521 -21.807 177.024 101.501 -23.652 174.092 101.082 -24.106 196.831 333.673 -21.789 216.619 372.340 -20.172 186.605 151.992 -22.634 182.730 95.338 -23.687 240.298 361.339 -19.715 176.469 97.761 -24.568 215.992 346.294 -21.702 165.827 75.803 -25.656 169.848 146.304 -21.896 194.977 140.070 -23.150 214.422 178.164 -19.976 216.716 352.818 -21.648 135.687 92.448 -23.095 232.512 344.044 -20.632 165.875 114.219 -21.831 152.222 153.500 -22.196 189.978 134.262 -21.910 215.489 353.352 -21.496 163.363 108.515 -22.585 157.471 101.416 -23.251 246.023 377.946 -19.398 216.785 363.166 -21.565 143.259 105.225 -22.505 236.747 321.366 -21.433 182.673 159.551 -21.022 189.402 142.211 -22.911 186.109 360.063 -22.398 207.311 143.957 -22.746 207.223 174.685 -20.471 204.866 350.927 -21.455 203.012 330.135 -19.262 258.269 364.575 -18.720 126.599 78.327 -21.909 157.818 96.065 -22.687 217.091 350.605 -20.485 157.873 100.540 -22.920 176.247 180.857 -19.978 242.299 357.501 -19.462 144.943 141.021 -22.739 214.739 342.627 -19.301 197.108 140.123 -23.137 196.124 175.445 -20.861 195.254 321.450 -19.496 167.245 135.726 -22.000 219.687 354.809 -19.794 157.891 128.468 -22.034 149.342 144.613 -22.393 179.721 184.026 -20.250 160.743 132.794 -22.142 170.191 111.701 -22.152 204.080 325.275 -19.196 207.103 332.776 -20.458 162.212 100.271 -22.410 211.616 375.243 -21.119 140.410 132.322 -22.307 206.876 129.439 -22.435 211.952 174.114 -19.717 186.010 118.373 -21.698 147.629 66.587 -23.614 202.739 315.930 -19.788 174.452 129.256 -22.663 168.614 150.787 -21.457 154.020 121.048 -22.165 203.198 361.749 -21.184 219.991 355.018 -21.172 152.927 114.232 -21.763 164.064 152.547 -21.461 207.931 123.089 -22.708 219.462 170.168 -20.140 114.955 108.422 -21.208 184.769 187.121 -19.822 215.973 370.938 -20.217 156.559 157.078 -22.872 159.565 110.922 -22.893 232.953 360.348 -19.718 208.050 346.608 -21.241 256.503 361.168 -19.246 204.073 151.503 -21.665 215.535 345.161 -20.870 208.036 364.449 -21.757 209.555 359.281 -21.454 185.611 129.655 -22.560 184.461 344.544 -20.495 191.793 119.605 -22.634 211.626 384.232 -20.633 214.415 386.490 -21.271 158.724 107.915 -23.014 226.397 333.910 -19.880 238.345 347.527 -20.470 194.881 374.134 -21.621 249.772 337.422 -20.104 185.038 96.493 -24.692 179.881 149.792 -21.826 211.243 351.728 -20.840 168.308 108.413 -22.347 183.022 127.511 -22.248 184.483 152.527 -21.626 213.937 121.991 -23.731 251.685 369.241 -18.846 245.436 379.240 -19.166 143.504 130.205 -21.685 183.390 138.819 -22.974 218.262 352.776 -21.254 143.597 105.442 -21.201 240.942 359.551 -19.331 161.952 109.166 -21.742 167.202 127.172 -22.136 258.524 355.976 -19.222 247.201 381.796 -19.688 187.940 85.290 -25.319 170.942 149.644 -21.922 201.208 368.682 -22.169 205.336 126.972 -23.397 157.319 183.599 -21.534 133.455 102.553 -22.206 203.264 335.571 -20.022 194.003 120.907 -22.868 184.458 154.441 -21.656 174.989 354.698 -21.693 172.340 88.140 -24.236 189.763 153.236 -21.090 221.859 168.004 -20.184 206.636 166.671 -20.734 167.923 99.176 -23.524 160.184 119.190 -22.170 214.782 145.991 -22.643 194.336 162.856 -21.506 168.380 117.488 -22.338 195.375 153.119 -22.006 222.811 316.142 -20.775 194.562 106.979 -23.401 157.664 152.089 -22.500 206.844 189.266 -19.720 245.576 357.807 -18.683 178.655 156.967 -21.532 180.199 162.791 -21.782 151.584 134.399 -22.236 163.119 166.474 -22.099 203.772 131.366 -21.995 172.471 154.260 -21.897 207.870 157.714 -22.762 218.320 353.928 -20.598 224.873 375.301 -20.764 136.587 92.889 -22.072 210.628 342.342 -21.195 159.333 144.184 -21.462 137.061 149.549 -21.734 147.369 115.549 -20.887 128.382 135.006 -20.602 176.548 147.013 -22.243 141.952 141.271 -23.013 182.367 150.397 -22.844 198.970 151.733 -23.148 132.420 133.900 -20.758 123.325 125.700 -22.140 214.671 138.821 -23.234 221.600 360.407 -20.611 185.744 153.455 -20.757 145.042 151.920 -22.254 179.813 128.633 -22.148 190.839 140.802 -22.466 162.469 107.711 -21.623 168.868 110.684 -21.876 153.865 113.904 -22.075 187.958 100.213 -25.150 165.330 112.076 -22.105 217.400 394.352 -21.420 189.221 153.955 -21.646 208.923 142.984 -22.744 164.046 140.415 -22.675 178.335 342.292 -20.927 203.837 122.218 -22.042 144.590 105.173 -20.892 228.805 148.347 -22.085 174.785 65.806 -26.176 209.205 371.719 -21.039 195.741 100.583 -23.916 180.460 152.496 -21.354 148.775 136.623 -21.288 150.437 105.684 -21.016 215.294 188.890 -18.458 209.239 347.048 -21.164 193.826 152.876 -21.480 209.242 113.838 -22.882 232.130 166.318 -20.534 181.788 145.771 -21.640 173.189 88.891 -24.547 218.602 327.310 -19.454 167.098 113.040 -21.881 15.509 204.739 -22.306 427.535 375.303 -19.990 360.985 296.290 -20.932 297.537 180.777 -17.262 320.819 339.630 -18.574 100.346 98.858 -22.682 244.945 421.008 -21.034 8.115 55.536 -19.431 125.448 393.152 -21.945 220.197 19.304 -26.332 243.239 360.284 -18.610 325.918 499.802 -21.102 347.613 64.325 -20.483 481.855 60.890 -17.391 103.193 320.812 -23.402 47.340 19.401 -19.691 277.606 327.855 -19.416 473.557 481.282 -20.469 432.241 0.567 -21.408 119.572 111.876 -21.820 74.032 6.872 -22.599 255.344 393.622 -21.035 362.672 147.730 -18.917 304.612 431.556 -20.097 252.684 129.124 -21.477 280.387 171.490 -18.935 363.025 271.186 -19.215 498.940 258.695 -25.199 95.225 68.747 -23.782 118.486 493.375 -24.293 316.578 414.665 -17.191 263.491 157.489 -19.684 450.568 184.876 -21.120 60.219 283.659 -23.020 373.053 487.898 -21.019 228.577 499.504 -25.390 419.066 110.973 -19.976 453.571 92.319 -18.420 164.257 381.607 -22.335 330.788 199.897 -18.846 402.627 288.317 -20.641 352.329 95.360 -18.203 71.062 315.047 -21.735 408.437 81.454 -20.011 356.466 210.134 -20.066 353.835 474.833 -20.648 456.788 315.669 -23.152 392.242 240.378 -21.251 37.317 420.800 -17.282 498.750 495.506 -18.517 8.143 299.111 -23.496 7.425 37.314 -18.647 308.515 56.693 -22.909 180.560 252.388 -18.023 215.923 142.656 -23.673 451.321 418.935 -20.293 438.331 98.225 -20.121 456.026 86.429 -18.066 9.370 151.805 -24.725 126.251 345.199 -23.168 140.071 190.123 -22.506 10.293 403.112 -17.724 3.939 464.385 -21.527 387.366 409.010 -16.299 15.117 155.573 -24.039 415.264 183.542 -18.363 212.286 184.274 -20.333 53.284 141.537 -21.521 431.075 395.858 -20.707 401.305 172.638 -17.394 194.308 225.279 -18.117 206.189 481.037 -25.671 175.650 491.962 -27.214 107.248 1.992 -24.173 0.423 482.346 -20.608 432.445 124.275 -19.409 337.248 294.960 -18.839 489.100 418.971 -20.426 365.794 378.297 -17.405 18.637 426.381 -17.925 326.322 100.299 -19.908 364.960 488.455 -20.137 389.266 330.235 -20.106 299.201 130.258 -17.112 3.103 228.307 -23.827 94.443 48.510 -23.637 126.468 48.728 -23.882 149.893 197.322 -21.837 7.079 196.751 -22.887 269.128 98.593 -25.956 207.927 179.165 -21.361 295.078 322.572 -18.687 306.574 236.156 -20.961 83.560 378.889 -21.121 441.218 482.472 -22.200 424.826 97.980 -19.824 467.771 258.603 -23.407 374.486 334.336 -21.157 26.051 129.333 -22.390 208.829 291.279 -19.450 109.281 412.961 -20.720 188.674 387.739 -22.818 8.650 105.157 -21.383 490.321 350.208 -21.729 419.106 136.566 -18.734 378.571 322.165 -20.181 72.560 92.074 -20.590 164.041 244.488 -18.142 421.767 129.479 -19.733 357.982 117.219 -19.267 429.736 492.137 -21.440 481.692 85.460 -18.443 67.264 10.898 -22.606 54.075 382.720 -18.113 178.007 213.556 -18.674 123.929 90.427 -22.109 460.541 306.784 -22.924 10.943 291.087 -23.531 84.767 288.365 -23.997 86.112 295.109 -23.261 384.626 209.705 -19.866 153.680 154.179 -21.708 51.938 22.950 -19.997 442.090 97.050 -19.522 440.413 129.070 -19.284 432.186 324.873 -22.321 361.969 363.931 -18.330 310.255 363.420 -17.074 329.904 116.930 -17.999 453.387 376.000 -21.086 175.354 446.956 -24.057 16.953 215.941 -22.637 477.089 226.746 -23.337 404.223 91.870 -19.605 173.632 196.120 -20.269 315.223 43.136 -22.792 364.044 63.641 -20.274 83.925 147.725 -21.136 274.362 24.860 -24.987 467.877 301.983 -22.511 75.089 120.404 -20.964 408.388 315.299 -21.269 109.452 18.030 -23.621 207.695 234.001 -19.962 57.926 497.326 -21.082 4.371 183.826 -23.469 31.202 72.935 -19.683 435.432 389.819 -19.880 429.936 444.986 -19.626 193.342 211.987 -18.220 190.827 304.690 -19.663 272.565 499.307 -23.281 247.296 340.136 -20.759 163.937 198.686 -21.015 242.448 350.588 -20.011 135.187 1.276 -25.687 248.343 419.628 -21.936 336.997 333.860 -18.281 6.202 419.262 -19.692 454.616 6.556 -21.254 270.056 394.398 -18.239 22.213 179.782 -22.807 465.505 266.409 -22.648 203.622 277.545 -19.399 55.591 375.978 -19.413 484.141 253.017 -24.281 180.506 34.873 -26.104 34.776 6.531 -20.688 357.053 125.155 -17.419 247.497 415.612 -21.290 169.871 327.925 -19.811 402.793 179.835 -18.629 389.237 428.833 -16.924 123.797 147.833 -21.728 91.807 128.718 -20.777 145.758 166.135 -22.027 361.605 359.016 -20.704 265.271 55.047 -26.251 5.105 184.549 -23.877 92.450 92.877 -22.614 262.159 25.323 -26.774 95.535 214.681 -21.911 408.081 462.799 -20.704 131.232 294.954 -20.695 445.854 387.306 -19.636 247.420 476.585 -23.420 35.783 49.534 -20.375 54.158 335.125 -22.803 97.665 129.766 -21.428 93.900 495.183 -23.691 191.054 427.026 -22.981 425.183 242.585 -21.701 491.861 18.461 -19.010 155.311 1.659 -26.766 341.461 471.171 -20.533 452.304 103.088 -19.968 307.119 426.378 -18.889 236.931 5.121 -26.120 256.108 19.943 -26.022 164.766 155.126 -21.413 404.623 19.181 -20.527 11.295 337.352 -23.124 204.383 302.033 -20.428 293.914 443.750 -19.903 46.969 376.927 -19.632 288.077 12.192 -24.698 159.658 83.522 -23.837 210.853 98.051 -23.926 69.991 293.944 -22.676 154.061 352.160 -20.594 279.254 56.399 -23.915 27.261 289.555 -23.767 186.941 186.442 -19.765 329.629 49.323 -21.528 316.283 426.980 -19.109 360.073 91.781 -18.525 101.946 105.357 -21.982 476.840 402.449 -20.493 416.910 289.828 -21.565 280.357 475.335 -20.421 368.708 59.660 -19.484 14.626 488.865 -19.763 333.310 259.985 -20.927 347.227 192.277 -17.593 5.491 495.727 -18.891 225.643 369.177 -19.216 481.849 185.117 -21.946 149.771 308.965 -20.101 28.057 68.515 -19.274 187.709 409.875 -22.552 425.844 462.333 -20.514 213.011 246.272 -21.608 105.806 418.814 -20.978 441.305 30.813 -20.808 37.451 318.856 -23.645 318.697 459.661 -20.433 340.001 6.756 -19.920 39.043 391.158 -17.088 412.566 404.645 -18.262 230.468 61.508 -25.862 125.416 222.891 -22.537 63.228 152.864 -21.146 90.803 452.861 -21.300 279.886 122.608 -22.585 152.016 6.347 -27.022 358.041 1.553 -18.996 209.836 154.799 -21.118 11.458 419.373 -18.081 240.419 91.311 -26.428 50.316 445.354 -18.563 188.534 135.338 -21.993 61.530 469.617 -20.321 357.213 493.324 -20.563 194.626 259.484 -18.209 311.635 324.751 -20.355 243.184 26.914 -26.899 344.028 204.209 -19.521 325.221 296.238 -18.649 383.233 73.322 -19.634 388.003 147.674 -18.178 496.117 228.615 -23.129 144.424 86.914 -23.099 2.928 388.680 -18.689 377.921 339.905 -21.040 33.264 132.397 -21.775 378.960 450.771 -18.868 491.965 54.822 -18.433 273.442 192.797 -18.546 337.010 416.260 -16.688 320.797 360.676 -16.471 131.440 197.171 -22.892 170.744 190.048 -20.861 84.824 301.978 -23.362 369.812 468.940 -20.661 132.143 24.264 -23.510 373.363 95.428 -19.652 128.660 214.675 -21.647 64.576 29.475 -21.738 176.623 462.310 -23.864 180.211 258.765 -18.961 315.456 7.848 -23.251 458.710 105.905 -19.709 140.368 461.905 -21.543 303.398 91.723 -22.325 160.488 136.497 -22.431 273.089 181.015 -19.243 286.900 234.947 -21.591 309.555 277.822 -17.478 300.288 12.931 -24.069 362.861 209.159 -19.062 467.442 446.787 -19.425 28.171 179.930 -22.279 214.942 303.270 -19.871 107.822 468.131 -22.283 298.377 297.252 -19.855 288.572 338.674 -19.670 494.182 61.460 -19.298 257.956 209.121 -19.837 3.159 425.425 -19.046 289.318 427.299 -19.324 238.215 407.556 -21.340 301.198 257.521 -20.615 196.693 228.781 -19.291 425.379 282.813 -20.735 481.676 308.459 -22.960 317.553 296.180 -19.328 7.975 0.567 -19.312 345.075 499.872 -20.632 332.109 136.661 -17.860 333.358 192.348 -17.954 303.399 488.102 -23.462 36.380 19.878 -18.633 383.827 106.160 -18.751 209.689 12.455 -28.063 371.343 178.572 -17.950 9.165 453.672 -20.883 224.487 110.397 -22.222 171.187 383.082 -22.715 391.519 92.291 -20.585 265.770 327.243 -19.363 15.865 225.879 -22.626 168.907 469.312 -24.357 496.432 412.355 -18.891 168.998 357.123 -20.966 488.158 234.110 -23.773 6.397 246.217 -25.330 130.934 177.897 -21.672 128.286 192.423 -22.569 278.117 153.178 -18.416 101.549 0.415 -24.121 271.827 152.703 -20.527 140.759 16.515 -26.153 206.821 272.483 -19.920 89.151 37.118 -23.551 212.649 30.815 -27.046 165.250 212.225 -19.484 370.311 73.777 -19.824 399.202 227.616 -21.181 424.969 141.637 -18.200 114.472 291.018 -22.954 243.774 260.168 -23.064 300.469 92.768 -22.005 91.925 143.519 -21.846 8.557 68.162 -19.898 279.491 426.102 -19.625 494.885 11.227 -18.936 68.244 233.545 -21.048 25.557 456.803 -18.646 271.244 412.811 -19.731 271.356 301.985 -19.664 212.850 431.778 -23.679 99.738 148.303 -20.643 371.323 376.700 -16.762 378.934 103.918 -19.789 155.732 86.932 -22.762 322.227 377.534 -16.073 135.027 7.328 -25.231 140.520 28.948 -24.958 483.811 203.036 -22.566 30.936 234.398 -22.741 136.092 399.845 -21.998 204.671 339.838 -22.586 274.815 409.025 -19.915 383.820 480.533 -22.230 226.892 127.827 -22.848 274.849 495.040 -22.992 159.245 370.016 -20.390 14.476 141.890 -22.439 271.963 29.513 -24.799 396.492 244.728 -21.903 443.657 468.740 -20.541 190.688 328.787 -20.864 199.225 26.108 -26.311 149.081 122.854 -21.572 343.832 468.820 -19.714 459.694 426.187 -20.368 22.699 18.799 -18.756 318.052 37.685 -22.782 414.342 227.229 -20.571 460.131 35.950 -19.601 489.763 50.337 -18.937 262.648 456.699 -21.058 185.294 370.814 -22.520 247.448 389.322 -19.165 100.934 25.124 -23.251 378.467 499.736 -21.802 225.579 431.877 -22.846 82.534 443.519 -19.609 449.124 254.079 -22.240 262.457 307.955 -20.511 279.507 356.726 -17.819 227.729 190.565 -19.706 110.025 117.899 -21.424 429.118 117.792 -19.809 293.820 481.794 -21.805 143.557 69.954 -24.511 328.684 43.713 -21.302 269.473 312.762 -18.972 227.208 118.206 -23.856 478.816 55.273 -17.814 215.602 433.801 -22.805 75.169 223.919 -21.942 28.033 16.477 -18.407 352.846 240.792 -20.850 397.694 75.912 -19.578 7.104 358.943 -20.910 223.698 242.886 -22.060 281.531 491.766 -23.854 197.504 195.552 -19.603 113.479 381.002 -21.499 421.094 107.397 -19.803 17.614 326.947 -23.753 346.153 376.253 -17.159 486.528 333.021 -22.370 133.130 229.523 -20.250 205.864 51.307 -27.095 409.102 357.740 -20.277 289.987 123.173 -19.514 51.544 381.626 -19.850 55.882 86.803 -20.646 171.328 410.455 -22.369 369.321 4.181 -20.694 30.102 86.136 -19.502 177.592 279.715 -18.446 457.174 43.794 -19.362 468.744 14.427 -20.360 421.437 178.979 -18.685 474.018 236.270 -23.278 254.464 388.751 -19.021 201.178 452.337 -23.380 320.801 474.965 -20.874 417.064 444.348 -19.394 427.220 320.790 -21.402 77.990 389.544 -20.057 340.589 350.705 -18.414 411.241 265.844 -20.618 105.574 258.013 -22.851 403.572 341.623 -20.811 54.010 31.988 -21.552 155.596 57.492 -26.887 133.577 71.996 -22.953 250.009 323.923 -20.140 146.343 160.783 -21.875 173.389 107.732 -22.660 199.352 120.726 -22.501 236.114 314.606 -21.571 163.623 92.828 -23.365 234.684 356.454 -19.269 222.126 342.305 -19.169 172.107 344.102 -21.116 140.775 163.873 -22.577 183.846 152.840 -22.273 228.006 372.153 -21.185 212.742 367.507 -21.785 149.501 127.950 -21.361 252.934 356.709 -19.102 153.693 116.254 -22.309 200.375 128.865 -22.591 184.054 115.121 -22.180 210.472 169.102 -21.028 157.754 87.730 -23.423 227.788 151.381 -22.343 162.307 101.233 -22.927 186.829 365.689 -21.451 212.783 351.582 -21.520 216.297 180.418 -19.584 198.896 324.274 -20.479 164.652 148.164 -21.504 225.303 167.267 -20.628 200.605 338.106 -21.408 190.219 380.929 -22.313 174.800 338.620 -20.528 166.697 149.143 -21.858 191.648 175.929 -19.805 187.241 390.923 -23.981 157.961 142.368 -21.928 177.676 158.160 -22.154 189.940 334.725 -21.016 239.690 324.592 -20.489 121.216 103.474 -21.473 119.069 93.248 -22.467 162.400 119.283 -22.468 160.972 195.408 -21.494 213.277 329.342 -21.242 184.905 363.520 -22.127 225.626 349.929 -20.268 213.132 364.838 -21.326 168.563 159.953 -21.906 166.082 136.605 -22.438 186.591 153.697 -22.627 180.217 74.646 -24.625 241.655 342.699 -21.509 174.511 342.769 -21.267 212.590 357.915 -20.460 163.122 111.932 -20.998 178.743 171.939 -21.098 143.035 71.013 -24.309 190.487 128.386 -21.648 189.352 156.620 -21.607 163.970 96.749 -22.841 217.734 354.140 -21.406 154.842 121.305 -21.605 168.072 126.912 -22.400 188.307 69.103 -27.328 126.580 135.132 -19.865 190.538 136.379 -22.735 224.195 159.164 -21.591 246.934 391.917 -20.937 166.833 198.137 -20.391 173.208 104.756 -22.691 237.240 347.738 -20.087 193.133 187.586 -19.826 199.867 106.945 -21.805 227.716 144.793 -21.877 203.228 110.644 -23.565 184.764 152.868 -20.845 205.804 152.400 -22.069 176.966 154.876 -22.461 189.209 143.635 -22.551 214.663 137.180 -23.367 191.614 112.588 -21.508 263.134 349.451 -18.527 156.834 117.298 -22.190 218.659 355.162 -20.314 234.716 359.792 -19.199 186.271 156.284 -20.997 221.907 186.431 -20.008 166.631 151.249 -21.546 216.593 327.918 -18.874 184.670 147.936 -22.463 227.072 349.152 -19.927 209.520 334.084 -20.767 235.404 346.398 -19.278 221.191 356.351 -19.744 117.473 115.308 -21.501 186.590 117.258 -21.728 207.692 359.234 -21.354 161.072 85.484 -23.651 201.573 133.257 -23.134 193.980 155.310 -21.604 200.749 181.570 -21.154 183.677 138.488 -21.648 210.695 343.948 -22.043 189.184 158.748 -20.916 227.617 333.521 -19.834 194.324 365.530 -22.409 180.314 144.271 -21.933 142.154 163.045 -21.985 137.575 77.927 -23.455 145.499 93.439 -22.738 174.126 153.789 -21.382 212.912 357.879 -21.177 208.730 356.093 -21.307 161.999 158.338 -21.468 188.692 129.496 -22.540 225.444 338.502 -19.639 245.580 393.757 -20.584 207.414 348.595 -20.101 184.332 153.883 -21.525 158.831 110.369 -21.506 145.409 89.237 -22.512 151.637 104.408 -21.695 169.688 115.369 -21.931 177.450 118.332 -21.115 228.671 354.034 -19.985 171.923 129.836 -22.292 205.576 352.686 -22.055 228.573 397.700 -20.976 202.056 135.381 -22.239 265.149 369.484 -18.495 187.671 369.878 -22.331 161.216 109.703 -21.756 181.138 91.916 -25.635 224.295 160.360 -22.217 150.220 129.424 -22.540 178.998 152.376 -22.605 162.542 108.528 -21.462 120.678 126.946 -20.342 214.809 351.729 -21.553 125.409 80.677 -22.952 216.727 134.029 -22.652 218.800 353.946 -19.689 200.737 155.103 -21.694 186.242 122.139 -21.514 193.761 334.240 -20.352 229.168 355.331 -19.468 127.092 131.144 -21.741 148.622 136.709 -22.169 205.505 150.705 -21.871 189.788 349.919 -22.299 198.915 196.162 -19.586 147.898 134.423 -21.264 155.638 109.273 -22.480 216.962 352.196 -21.541 206.565 331.197 -20.821 198.194 158.410 -21.010 191.430 149.227 -20.791 176.334 149.568 -21.926 158.526 125.237 -21.899 208.326 356.980 -22.034 231.890 352.732 -20.596 219.228 353.085 -20.854 196.909 158.942 -21.427 221.943 357.283 -21.170 261.210 368.425 -18.228 187.324 136.545 -22.481 160.781 173.118 -21.427 174.713 351.127 -20.887 207.209 190.761 -19.284 178.558 155.874 -20.931 231.153 389.713 -20.893 200.615 315.190 -19.693 216.772 144.148 -22.391 223.535 355.885 -21.327 158.694 104.401 -21.537 191.353 374.531 -21.693 185.415 153.985 -21.924 115.772 112.610 -21.658 225.824 315.386 -21.095 169.369 155.747 -21.102 193.946 201.663 -19.102 213.381 371.953 -21.174 174.777 104.319 -22.091 199.982 325.461 -19.912 221.588 333.152 -19.281 162.079 144.891 -22.718 148.578 89.239 -23.481 229.556 172.483 -19.726 155.390 102.696 -21.171 159.654 117.165 -21.761 179.615 124.906 -21.446 165.223 113.982 -22.024 256.788 338.007 -19.688 192.088 142.736 -22.459 220.186 350.086 -20.489 206.016 108.680 -23.469 180.538 157.606 -22.131 129.942 101.942 -22.751 155.531 144.166 -21.592 178.361 117.179 -21.947 238.472 321.318 -21.391 173.048 131.294 -21.703 165.891 143.578 -21.232 183.086 121.754 -21.968 188.766 146.779 -22.012 246.270 327.241 -21.961 128.627 115.942 -22.099 185.669 121.321 -21.202 145.878 67.557 -24.749 183.047 194.545 -20.349 229.341 343.967 -20.594 165.828 111.750 -23.006 191.929 359.602 -22.140 150.478 111.753 -21.688 172.626 112.014 -21.383 217.116 346.894 -21.557 218.688 353.467 -20.625 162.553 145.434 -20.723 165.137 112.958 -22.027 198.784 132.100 -22.325 173.690 109.468 -22.182 239.964 349.115 -19.998 178.713 103.511 -22.512 252.409 354.939 -17.347 219.704 347.755 -20.377 164.274 105.565 -22.819 215.131 338.474 -20.121 219.123 349.805 -20.769 146.938 179.210 -22.353 182.168 349.295 -21.733 157.019 103.363 -21.959 188.786 153.132 -21.937 202.408 155.009 -22.481 157.586 84.283 -23.725 232.372 332.185 -20.703 164.744 111.868 -22.467 182.385 147.679 -22.984 198.281 343.356 -21.513 214.508 345.203 -21.051 188.881 151.531 -22.110 221.936 385.900 -21.217 173.682 181.417 -20.518 185.197 144.532 -21.962 220.437 367.041 -20.649 151.430 124.761 -21.792 117.681 90.418 -22.263 161.961 114.757 -21.320 247.191 322.124 -21.677 217.481 345.774 -21.001 222.220 365.817 -20.181 197.870 99.250 -24.333 171.204 181.201 -21.654 162.070 146.235 -21.603 184.646 137.059 -22.797 210.868 105.451 -23.770 189.146 381.813 -22.523 177.282 162.399 -22.515 180.318 349.748 -21.252 201.662 134.519 -23.378 185.661 191.131 -19.966 191.788 165.074 -21.469 138.217 92.498 -22.898 184.307 148.191 -22.536 161.699 107.528 -22.843 195.332 146.181 -21.805 221.174 355.628 -21.206 195.888 314.581 -20.935 120.948 125.808 -21.722 218.699 354.945 -19.098 158.366 96.278 -22.607 195.873 171.169 -21.663 207.472 323.797 -19.705 192.121 90.285 -25.085
</DataArray>
</Points>
<PointData>
<DataArray type="Int32" Name="region" format="ascii">
0 0 0 0 0 0 0 0 0 0 0 0 0 0 0 0 0 0 0 0 0 0 0 0 0 0 0 0 0 0 0 0 0 0 0 0 0 0 0 0 0 0 0 0 0 0 0 0 0 0 0 0 0 0 0 0 0 0 0 0 0 0 0 0 0 0 0 0 0 0 0 0 0 0 0 0 0 0 0 0 0 0 0 0 0 0 0 0 0 0 0 0 0 0 0 0 0 0 0 0 0 0 0 0 0 0 0 0 0 0 0 0 0 0 0 0 0 0 0 0 0 0 0 0 0 0 0 0 0 0 0 0 0 0 0 0 0 0 0 0 0 0 0 0 0 0 0 0 0 0 0 0 0 0 0 0 0 0 0 0 0 0 0 0 0 0 0 0 0 0 0 0 0 0 0 0 0 0 0 0 0 0 0 0 0 0 0 0 0 0 0 0 0 0 0 0 0 0 0 0 0 0 0 0 0 0 0 0 0 0 0 0 0 0 0 0 0 0 0 0 0 0 0 0 0 0 0 0 0 0 0 0 0 0 0 0 0 0 0 0 0 0 0 0 0 0 0 0 0 0 0 0 0 0 0 0 0 0 0 0 0 0 0 0 0 0 0 0 0 0 0 0 0 0 0 0 0 0 0 0 0 0 0 0 0 0 0 0 0 0 0 0 0 0 0 0 0 0 0 0 0 0 0 0 0 0 0 0 0 0 0 0 0 0 0 0 0 0 0 0 0 0 0 0 0 0 0 0 0 0 0 0 0 0 0 0 0 0 0 0 0 0 0 0 0 0 0 0 0 0 0 0 0 0 0 0 0 0 0 0 0 0 0 0 0 0 0 0 0 0 0 0 0 0 0 0 0 0 0 0 0 0 0 0 0 0 0 0 0 0 0 0 0 0 0 0 0 0 0 0 0 0 0 0 0 0 0 0 0 0 0 0 0 0 0 0 0 0 0 0 0 0 0 0 0 0 0 0 0 0 0 0 0 0 0 0 0 0 0 0 0 0 0 0 0 0 0 0 0 0 0 0 0 0 0 0 0 0 0 0 0 0 0 0 0 0 0 0 0 0 0 0 0 0 0 0 0 0 0 0 0 0 0 0 0 0 0 0 0 0 0 0 0 0 0 0 0 0 0 0 0 0 0 0 0 0 0 0 0 0 0 0 0 0 0 0 0 0 0 0 0 0 0 0 0 0 0 0 0 0 0 0 0 0 0 0 0 0 0 0 0 0 0 0 0 0 0 0 0 0 0 0 0 0 0 0 0 0 0 0 0 0 0 0 0 0 0 0 0 0 0 0 0 0 0 0 0 0 0 0 0 0 0 0 0 0 0 0 0 0 0 0 0 0 0 0 0 0 0 0 0 0 0 0 0 0 0 0 0 0 0 0 0 0 0 0 0 0 0 0 0 0 0 0 0 0 0 0 0 0 0 0 0 0 0 0 0 0 0 0 0 0 0 0 0 0 0 0 0 0 0 0 0 0 0 0 0 0 0 0 0 0 0 0 0 0 0 0 0 0 0 0 0 0 0 0 0 0 0 0 0 0 0 0 0 0 0 0 0 0 0 0 0 0 0 0 0 0 0 0 0 0 0 0 0 0 0 0 0 0 0 0 0 0 0 0 0 0 0 0 0 0 0 0 0 0 0 0 0 0 0 0 0 0 0 0 0 0 0 0 0 0 0 0 0 0 0 0 0 0 0 0 0 0 0 0 0 0 0 0 0 0 0 0 0 0 0 0 0 0 0 0 0 0 0 0 0 0 0 0 0 0 0 0 0 0 0 0 0 0 0 0 0 0 0 0 0 0 0 0 0 0 0 0 0 0 0 0 0 0 0 0 0 0 0 0 0 0 0 0 0 0 0 0 0 0 0 0 0 0 0 0 0 0 0 0 0 0 0 0 0 0 0 0 0 0 0 0 0 0 0 0 0 0 0 0 0 0 0 0 0 0 0 0 0 0 0 0 0 0 0 0 0 0 0 0 0 0 0 0 0 0 0 0 0 0 0 0 0 0 0 0 0 0 0 0 0 0 0 0 0 0 0 0 0 0 0 0 0 0 0 0 0 0 0 0 0 0 0 0 0 0 0 0 0 0 0 0 0 0 0 0 0 0 0 0 0 0 0 0 0 0 0 0 0 0 0 0 0 0 0 0 0 0 0 0 0 0 0 0 0 0 0 0 0 0 0 0 0 0 0 0 0 0 0 0 0 0 0 0 0 0 0 0 0 0 0 0 0 0 0 0 0 0 0 0 0 0 0 0 0 0 0 0 0 0 0 0 0 0 0 0 0 0 0 0 0 0 0 0 0 0 0 0 0 0 0 0 0 0 0 0 0 0 0 0 0 0 0 0 0 0 0 0 0 0 0 0 0 0 0 0 0 0 0 0 0 0 0 0 0 0 0 0 0 0 0 0 0 0 0 0 0 0 0 0 0 0 0 0 0 0 0 0 0 0 0 0 0 0 0 0 0 0 0 0 0 0 0 0 0 0 0 0 0 0 0 0 0 0 0 0 0 0 0 0 0 0 0 0 0 0 0 0 0 0 0 0 0 0 0 0 0 0 0 0 0 0 0 0 0 0 0 0 0 0 0 0 0 0 0 0 0 0 0 0 0 0 0 0 0 0 0 0 0 0 0 0 0 0 0 0 0 0 0 0 0 0 0 0 0 0 0 0 0 0 0 0 0 0 0 0 0 0 0 0 0 0 0 0 0 0 0 0 0 0 0 0 0 0 0 0 0 0 0 0 0 0 0 0 0 0 0 0 0 0 0 0 0 0 0 0 0 0 0 0 0 0 0 0 0 0 0 0 0 0 0 0 0 0 0 0 0 0 0 0 0 0 0 0 0 0 0 0 0 0 0 0 0 0 0 0 0 0 0 0 0 0 0 0 0 0 0 0 0 0 0 0 0 0 0 0 0 0 0 0 0 0 0 0 0 0 0 0 0 0 0 0 0 0 0 0 0 0 0 0 0 0 0 0 0 0 0 0 0 0 0 0 0 0 0 0 0 0 0 0 0 0 0 0 0 0 0 0 0 0 0 0 0 0 0 0 0 0 0 0 0 0 0 0 0 0 0 0 0 0 0 0 0 0 0 0 0 0 0 0 0 0 0 0 0 0 0 0 0 0 0 0 0 0 0 0 0 0 0 0 0 0 0 0 0 0 0 0 0 0 0 0 0 0 0 0 0 0 0 0 0 0 0 0 0 0 0 0 0 0 0 0 0 0 0 0 0 0 0 0 0 0 0 0 0 0 0 0 0 0 0 0 0 0 0 0 0 0 0 0 0 0 0 0 0 0 0 0 0 0 0 0 0 0 0 0 0 0 0 0 0 0 0 0 0 0 0 0 0 0 0 0 0 0 0 0 0 0 0 0 0 0 0 0 0 0 0 0 0 0 0 0 0 0 0 0 0 0 0 0 0 0 0 0 0 0 0 0 0 0 0 0 0 0 0 0 0 0 0 0 0 0 0 0 0 0 0 0 0 0 0 0 0 0 0 0 0 0 0 0 0 0 0 0 0 0 0 0 0 0 0 0 0 0 0 0 0 0 0 0 0 0 0 0 0 0 0 0 0 0 0 0 0 0 0 0 0 0 0 0 0 0 0 0 0 0 0 0 0 0 0 0 0 0 0 0 0 0 0 0 0 0 0 0 0 0 0 0 0 0 0 0 0 0 0 0 0 0 0 0 0 0 0 0 0 0 0 0 0 0 0 0 0 0 0 0 0 0 0 0 0 0 0 0 0 0 0 0 0 0 0 0 0 0 0 0 0 0 0 0 0 0 0 0 0 0 0 0 0 0 0 0 0 0 0 0 0 0 0 0 0 0 0 0 0 0 0 0 0 0 0 0 0 0 0 0 0 0 0 0 0 0 0 0 0 0 0 0 0 0 0 0 0 0 0 0 0 0 0 0 0 0 0 0 0 0 0 0 0 0 0 0 0 0 0 0 0 0 0 0 0 0 0 0 0 0 0 0 0 0 0 0 0 0 0 0 0 0 0 0 0 0 0 0 0 0 0 0 0 0 0 0 0 0 0 0 0 0 0 0 0 0 0 0 0 0 0 0 0 0 0 0 0 0 0 0 0 0 0 0 0 0 0 0 0 0 0 0 0 0 0 0 0 0 0 0 0 0 0 0 0 0 0 0 0 0 0 0 0 0 0 0 0 0 0 0 0 0 0 0 0 0 0 0 0 0 0 0 0 0 0 0 0 0 0 0 0 0 0 0 0 0 0 0 0 0 0 0 0 0 0 0 0 0 0 0 0 0 0 0 0 0 0 0 0 0 0 0 0 0 0 0 0 0 0 0 0 0 0 0 0 0 0 0 0 0 0 0 0 0 0 0 0 0 0 0 0 0 0 0 0 0 0 0 0 0 0 0 0 0 0 0 0 0 0 0 0 0 0 0 0 0 0 0 0 0 0 0 0 0 0 0 0 0 0 0 0 0 0 0 0 0 0 0 0 0 0 0 0 0 0 0 0 0 0 0 0 0 0 0 0 0 0 0 0 0 0 0 0 0 0 0 0 0 0 0 0 0 0 0 0 0 0 0 0 0 0 0 0 0 0 0 0 0 0 0 0 0 0 0 0 0 0 0 0 0 0 0 0 0 0 0 0 0 0 0 0 0 0 0 0 0 0 0 0 0 0 0 0 0 0 0 0 0 0 0 0 0 0 0 0 0 0 0 0 0 0 0 0 0 0 0 0 0 0 0 0 0 0 0 0 0 0 0 0 0 0 0 0 0 0 0 0 0 0 0 0 0 0 0 0 0 0 0 0 0 0 0 0 0 0 0 0 0 0 0 0 0 0 0 0 0 0 0 0 0 0 0 0 0 0 0 0 0 0 0 0 0 0 0 0 0 0 0 0 0 0 0 0 0 0 0 0 0 0 0 0 0 0 0 0 0 0 0 0 0 0 0 0 0 0 0 0 0 0 0 0 0 0 0 0 0 0 0 0 0 0 0 0 0 0 0 0 0 0 0 0 0 0 0 0 0 0 0 0 0 0 0 0 0 0 0 0 0 0 0 0 0 0 0 0 0 0 0 0 0 0 0 0 0 0 0 0 0 0 0 0 0 0 0 0 0 0 0 0 0 0 0 0 0 0 0 0 0 0 0 0 0 0 0 0 0 0 0 0 0 0 0 0 0 0 0 0 0 0 0 0 0 0 0 0 0 0 0 0 0 0 0 0 0 0 0 0 0 0 0 0 0 0 0 0 0 0 0 0 0 0 0 0 0 0 0 0 0 0 0 0 0 0 0 0 0 0 0 0 0 0 0 0 0 0 0 0 0 0 0 0 0 0 0 0 0 0 0 0 0 0 0 0 0 0 0 0 0 0 0 0 0 0 0 0 0 0 0 0 0 0 0 0 0 0 0 0 0 0 0 0 0 0 0 0 0 0 0 0 0 0 0 0 0 0 0 0 0 0 0 0 0 0 0 0 0 0 0 0 0 0 0 0 0 0 0 0 0 0 0 0 0 0 0 0 0 0 0 0 0 0 0 0 0 0 0 0 0 0 0 0 0 0 0 0 0 0 0 0 0 0 0 0 0 0 0 0 0 0 0 0 0 0 0 0 0 0 0 0 0 0 0 0 0 0 0 0 0 0 0 0 0 0 0 0 0 0 0 0 0 0 0 0 0 0 0 0 0 0 0 0 0 0 0 0 0 0 0 0 0 0 0 0 0 0 0 0 0 0 0 0 0 0 0 0 0 0 0 0 0 0 0 0 0 0 0 0 0 0 0 0 0 0 0 0 0 0 0 0 0 0 0 0 0 0 0 0 0 0 0 0 0 0 0 0 0 0 0 0 0 0 0 0 0 0 0 0 0 0 0 0 0 0 0 0 0 0 0 0 0 0 0 0 0 0 0 0 0 0 0 0 0 0 0 0 0 0 0 0 0 0 0 0 0 0 0 0 0 0 0 0 0 0 0 0 0 0 0 0 0 0 0 0 0 0 0 0 0 0 0 0 0 0 0 0 0 0 0 0 0 0 0 0 0 0 0 0 0 0 0 0 0 0 0 0 0 0 0 0 0 0 0 0 0 0 0 0 0 0 0 0 0 0 0 0 0 0 0 0 0 0 0 0 0 0 0 0 0 0 0 0 0 0 0 0 0 0 0 0 0 0 0 0 0 0 0 0 0 0 0 0 0 0 0 0 0 0 0 0 0 0 0 0 0 0 0 0 0 0 0 0 0 0 0 0 0 0 0 0 0 0 0 0 0 0 0 0 0 0 0 0 0 0 0 0 0 0 0 0 0 0 0 0 0 0 0 0 0 0 0 0 0 0 0 0 0 0 0 0 0 0 0 0 0 0 0 0 0 0 0 0 0 0 0 0 0 0 0 0 0 0 0 0 0 0 0 0 0 0 0 0 0 0 0 0 0 0 0 0 0 0 0 0 0 0 0 0 0 0 0 0 0 0 0 0 0 0 0 0 0 0 0 0 0 0 0 0 0 0 0 0 0 0 0 0 0 0 0 0 0 0 0 0 0 0 0 0 0 0 0 0 0 0 0 0 0 0 0 0 0 0 0 0 0 0 0 0 0 0 0 0 0 0 0 0 0 0 0 0 0 0 0 0 0 0 0 0 0 0 0 0 0 0 0 0 0 0 0 0 0 0 0 0 0 0 0 0 0 0 0 0 0 0 0 0 0 0 0 0 0 0 0 0 0 0 0 0 0 0 0 0 0 0 0 0 0 0 0 0 0 0 0 0 0 0 0 0 0 0 0 0 0 0 0 0 0 0 0 0 0 0 0 0 0 0 0 0 0 0 0 0 0 0 0 0 0 0 0 0 0 0 0 0 0 0 0 0 0 0 0 0 0 0 0 0 0 0 0 0 0 0 0 0 0 0 0 0 0 0 0 0 0 0 0 0 0 0 0 0 0 0 0 0 0 0 0 0 0 0 0 0 0 0 0 0 0 0 0 0 0 0 0 0 0 0 0 0 0 0 0 0 0 0 0 0 0 0 0 0 0 0 0 0 0 0 0 0 0 0 0 0 0 0 0 0 0 0 0 0 0 0 0 0 0 0 0 0 0 0 0 0 0 0 0 0 0 0 0 0 0 0 0 0 0 0 0 0 0 0 0 0 0 0 0 0 0 0 0 0 0 0 0 0 0 0 0 0 0 0 0 0 0 0 0 0 0 0 0 0 0 0 0 0 0 0 0 0 0 0 0 0 0 0 0 0 0 0 0 0 0 0 0 0 0 0 0 0 0 0 0 0 0 0 0 0 0 0 0 0 0 0 0 0 0 0 0 0 0 0 0 0 0 0 0 0 0 0 0 0 0 0 0 0 0 0 0 0 0 0 0 0 0 0 0 0 0 0 0 0 0 0 0 0 0 0 0 0 0 0 0 0 0 0 0 0 0 0 0 0 0 0 0 0 0 0 0 0 0 0 0 0 0 0 0 0 0 0 0 0 0 0 0 0 0 0 0 0 0 0 0 0 0 0 0 0 0 0 0 0 0 0 0 0 0 0 0 0 0 0 0 0 0 0 0 0 0 0 0 0 0 0 0 0 0 0 0 0 0 0 0 0 0 0 0 0 0 0 0 0 0 0 0 0 0 0 0 0 0 0 0 0 0 0 0 0 0 0 0 0 0 0 0 0 0 0 0 0 0 0 0 0 0 0 0 0 0 0 0 0 0 0 0 0 0 0 0 0 0 0 0 0 0 0 0 0 0 0 0 0 0 0 0 0 0 0 0 0 0 0 0 0 0 0 0 0 0 0 0 0 0 0 0 0 0 0 0 0 0 0 0 0 0 0 0 0 0 0 0 0 0 0 0 0 0 0 0 0 0 0 0 0 0 0 0 0 0 0 0 0 0 0 0 0 0 0 0 0 0 0 0 0 0 0 0 0 0 0 0 0 0 0 0 0 0 0 0 0 0 0 0 0 0 0 0 0 0 0 0 0 0 0 0 0 0 0 0 0 0 0 0 0 0 0 0 0 0 0 0 0 0 0 0 0 0 0 0 0 0 0 0 0 0 0 0 0 0 0 0 0 0 0 0 0 0 0 0 0 0 0 0 0 0 0 0 0 0 0 0 0 0 0 0 0 0 0 0 0 0 0 0 0 0 0 0 0 0 0 0 0 0 0 0 0 0 0 0 0 0 0 0 0 0 0 0 0 0 0 0 0 0 0 0 0 0 0 0 0 0 0 0 0 0 0 0 0 0 0 0 0 0 0 0 0 0 0 0 0 0 0 0 0 0 0 0 0 0 0 0 0 0 0 0 0 0 0 0 0 0 0 0 0 0 0 0 0 0 0 0 0 0 0 0 0 0 0 0 0 0 0 0 0 0 0 0 0 0 0 0 0 0 0 0 0 0 0 0 0 0 0 0 0 0 0 0 0 0 0 0 0 0 0 0 0 0 0 0 0 0 0 0 0 0 0 0 0 0 0 0 0 0 0 0 0 0 0 0 0 0 0 0 0 0 0 0 0 0 0 0 0 0 0 0 0 0 0 0 0 0 0 0 0 0 0 0 0 0 0 0 0 0 0 0 0 0 0 0 0 0 0 0 0 0 0 0 0 0 0 0 0 0 0 0 0 0 0 0 0 0 0 0 0 0 0 0 0 0 0 0 0 0 0 0 0 0 0 0 0 0 0 0 0 0 0 0 0 0 0 0 0 0 0 0 0 0 0 0 0 0 0 0 0 0 0 0 0 0 0 0 0 0 0 0 0 0 0 0 0 0 0 0 0 0 0 0 0 0 0 0 0 0 0 0 0 0 0 0 0 0 0 0 0 0 0 0 0 0 0 0 0 0 0 0 0 0 0 0 0 0 0 0 0 0 0 0 0 0 0 0 0 0 0 0 0 0 0 0 0 0 0 0 0 0 0 0 0 0 0 0 0 0 0 0 0 0 0 0 0 0 0 0 0 0 0 0 0 0 0 0 0 0 0 0 0 0 0 0 0 0 0 0 0 0 0 0 0 0 0 0 0 0 0 0 0 0 0 0 0 0 0 0 0 0 0 0 0 0 0 0 0 0 0 0 0 0 0 0 0 0 0 0 0 0 0 0 0 0 0 0 0 0 0 0 0 0 0 0 0 0 0 0 0 0 0 0 0 0 0 0 0 0 0 0 0 0 0 0 0 0 0 0 0 0 0 0 0 0 0 0 0 0 0 0 0 0 0 0 0 0 0 0 0 0 0 0 0 0 0 0 0 0 0 0 0 0 0 0 0 0 0 0 0 0 0 0 0 0 0 0 0 0 0 0 0 0 0 0 0 0 0 0 0 0 0 0 0 0 0 0 0 0 0 0 0 0 0 0 0 0 0 0 0 0 0 0 0 0 0 0 0 0 0 0 0 0 0 0 0 0 0 0 0 0 0 0 0 0 0 0 0 0 0 0 0 0 0 0 0 0 0 0 0 0 0 0 0 0 0 0 0 0 0 0 0 0 0 0 0 0 0 0 0 0 0 0 0 0 0 0 0 0 0 0 0 0 0 0 0 0 0 0 0 0 0 0 0 0 0 0 0 0 0 0 0 0 0 0 0 0 0 0 0 0 0 0 0 0 0 0 0 0 0 0 0 0 0 0 0 0 0 0 0 0 0 0 0 0 0 0 0 0 0 0 0 0 0 0 0 0 0 0 0 0 0 0 0 0 0 0 0 0 0 0 0 0 0 0 0 0 0 0 0 0 0 0 0 0 0 0 0 0 0 0 0 0 0 0 0 0 0 0 0 0 0 0 0 0 0 0 0 0 0 0 0 0 0 0 0 0 0 0 0 0 0 0 0 0 0 0 0 0 0 0 0 0 0 0 0 0 0 0 0 0 0 0 0 0 0 0 0 0 0 0 0 0 0 0 0 0 0 0 0 0 0 0 0 0 0 0 0 0 0 0 0 0 0 0 0 0 0 0 0 0 0 0 0 0 0 0 0 0 0 0 0 0 0 0 0 0 0 0 0 0 0 0 0 0 0 0 0 0 0 0 0 0 0 0 0 0 0 0 0 0 0 0 0 0 0 0 0 0 0 0 0 0 0 0 0 0 0 0 0 0 0 0 0 0 0 0 0 0 0 0 0 0 0 0 0 0 0 0 0 0 0 0 0 0 0 0 0 0 0 0 0 0 0 0 0 0 0 0 0 0 0 0 0 0 0 0 0 0 0 0 0 0 0 0 0 0 0 0 0 0 0 0 0 0 0 0 0 0 0 0 0 0 0 0 0 0 0 0 0 0 0 0 0 0 0 0 0 0 0 0 0 0 0 0 0 0 0 0 0 0 0 0 0 0 0 0 0 0 0 0 0 0 0 0 0 0 0 0 0 0 0 0 0 0 0 0 0 0 0 0 0 0 0 0 0 0 0 0 0 0 0 0 0 0 0 0 0 0 0 0 0 0 0 0 0 0 0 0 0 0 0 0 0 0 0 0 0 0 0 0 0 0 0 0 0 0 0 0 0 0 0 0 0 0 0 0 0 0 0 0 0 0 0 0 0 0 0 0 0 0 0 0 0 0 0 0 0 0 0 0 0 0 0 0 0 0 0 0 0 0 0 0 0 0 0 0 0 0 0 0 0 0 0 0 0 0 0 0 0 0 0 0 0 0 0 0 0 0 0 0 0 0 0 0 0 0 0 0 0 0 0 0 0 0 0 0 0 0 0 0 0 0 0 0 0 0 0 0 0 0 0 0 0 0 0 0 0 0 0 0 0 0 0 0 0 0 0 0 0 0 0 0 0 0 0 0 0 0 0 0 0 0 0 0 0 0 0 0 0 0 0 0 0 0 0 0 0 0 0 0 0 0 0 0 0 0 0 0 0 0 0 0 0 0 0 0 0 0 0 0 0 0 0 0 0 0 0 0 0 0 0 0 0 0 0 0 0 0 0 0 0 0 0 0 0 0 0 0 0 0 0 0 0 0 0 0 0 0 0 0 0 0 0 0 0 0 0 0 0 0 0 0 0 0 0 0 0 0 0 0 0 0 0 0 0 0 0 0 0 0 0 0 0 0 0 0 0 0 0 0 0 0 0 0 0 0 0 0 0 0 0 0 0 0 0 0 0 0 0 0 0 0 0 0 0 0 0 0 0 0 0 0 0 0 0 0 0 0 0 0 0 0 0 0 0 0 0 0 0 0 0 0 0 0 0 0 0 0 0 0 0 0 0 0 0 0 0 0 0 0 0 0 0 0 0 0 0 0 0 0 0 0 0 0 0 0 0 0 0 0 0 0 0 0 0 0 0 0 0 0 0 0 0 0 0 0 0 0 0 0 0 0 0 0 0 0 0 0 0 0 0 0 0 0 0 0 0 0 0 0 0 0 0 0 0 0 0 0 0 0 0 0 0 0 0 0 0 0 0 0 0 0 0 0 0 0 0 0 0 0 0 0 0 0 0 0 0 0 0 0 0 0 0 0 0 0 0 0 0 0 0 0 0 0 0 0 0 0 0 0 0 0 0 0 0 0 0 0 0 0 0 0 0 0 0 0 0 0 0 0 0 0 0 0 0 0 0 0 0 0 0 0 0 0 0 0 0 0 0 0 0 0 0 0 0 0 0 0 0 0 0 0 0 0 0 0 0 0 0 0 0 0 0 0 0 0 0 0 0 0 0 0 0 0 0 0 0 0 0 0 0 0 0 0 0 0 0 0 0 0 0 0 0 0 0 0 0 0 0 0 0 0 0 0 0 0 0 0 0 0 0 0 0 0 0 0 0 0 0 0 0 0 0 0 0 0 0 0 0 0 0 0 0 0 0 0 0 0 0 0 0 0 0 0 0 0 0 0 0 0 0 0 0 0 0 0 0 0 0 0 0 0 0 0 0 0 0 0 0 0 0 0 0 0 0 0 0 0 0 0 0 0 0 0 0 0 0 0 0 0 0 0 0 0 0 0 0 0 0 0 0 0 0 0 0 0 0 0 0 0 0 0 0 0 0 0 0 0 0 0 0 0 0 0 0 0 0 0 0 0 0 0 0 0 0 0 0 0 0 0 0 0 0 0 0 0 0 0 0 0 0 0 0 0 0 0 0 0 0 0 0 0 0 0 0 0 0 0 0 0 0 0 0 0 0 0 0 0 0 0 0 0 0 0 0 0 0 0 0 0 0 0 0 0 0 0 0 0 0 0 0 0 0 0 0 0 0 0 0 0 0 0 0 0 0 0 0 0 0 0 0 0 0 0 0 0 0 0 0 0 0 0 0 0 0 0 0 0 0 0 0 0 0 0 0 0 0 0 0 0 0 0 0 0 0 0 0 0 0 0 0 0 0 0 0 0 0 0 0 0 0 0 0 0 0 0 0 0 0 0 0 0 0 0 0 0 0 0 0 0 0 0 0 0 0 0 0 0 0 0 0 0 0 0 0 0 0 0 0 0 0 0 0 0 0 0 0 0 0 0 0 0 0 0 0 0 0 0 0 0 0 0 0 0 0 0 0 0 0 0 0 0 0 0 0 0 0 0 0 0 0 0 0 0 0 0 0 0 0 0 0 0 0 0 0 0 0 0 0 0 0 0 0 0 0 0 0 0 0 0 0 0 0 0 0 0 0 0 0 0 0 0 0 0 0 0 0 0 0 0 0 0 0 0 0 0 0 0 0 0 0 0 0 0 0 0 0 0 0 0 0 0 0 0 0 0 0 0 0 0 0 0 0 0 0 0 0 0 0 0 0 0 0 0 0 0 0 0 0 0 0 0 0 0 0 0 0 0 0 0 0 0 0 0 0 0 0 0 0 0 0 0 0 0 0 0 0 0 0 0 0 0 0 0 0 0 0 0 0 0 0 0 0 0 0 0 0 0 0 0 0 0 0 0 0 0 0 0 0 0 0 0 0 0 0 0 0 0 0 0 0 0 0 0 0 0 0 0 0 0 0 0 0 0 0 0 0 0 0 0 0 0 0 0 0 0 0 0 0 0 0 0 0 0 0 0 0 0 0 0 0 0 0 0 0 0 0 0 0 0 0 0 0 0 0 0 0 0 0 0 0 0 0 0 0 0 0 0 0 0 0 0 0 0 0 0 0 0 0 0 0 0 0 0 0 0 0 0 0 0 0 0 0 0 0 0 0 0 0 0 0 0 0 0 0 0 0 0 0 0 0 0 0 0 0 0 0 0 0 0 0 0 0 0 0 0 0 0 0 0 0 0 0 0 0 0 0 0 0 0 0 0 0 0 0 0 0 0 0 0 0 0 0 0 0 0 0 0 0 0 0 0 0 0 0 0 0 0 0 0 0 0 0 0 0 0 0 0 0 0 0 0 0 0 0 0 0 0 0 0 0 0 0 0 0 0 0 0 0 0 0 0 0 0 0 0 0 0 0 0 0 0 0 0 0 0 0 0 0 0 0 0 0 0 0 0 0 0 0 0 0 0 0 0 0 0 0 0 0 0 0 0 0 0 0 0 0 0 0 0 0 0 0 0 0 0 0 0 0 0 0 0 0 0 0 0 0 0 0 0 0 0 0 0 0 0 0 0 0 0 0 0 0 0 0 0 0 0 0 0 0 0 0 0 0 0 0 0 0 0 0 0 0 0 0 0 0 0 0 0 0 0 0 0 0 0 0 0 0 0 0 0 0 0 0 0 0 0 0 0 0 0 0 0 0 0 0 0 0 0 0 0 0 0 0 0 0 0 0 0 0 0 0 0 0 0 0 0 0 0 0 0 0 0 0 0 0 0 0 0 0 0 0 0 0 0 0 0 0 0 0 0 0 0 0 0 0 0 0 0 0 0 0 0 0 0 0 0 0 0 0 0 0 0 0 0 0 0 0 0 0 0 0 0 0 0 0 0 0 0 0 0 0 0 0 0 0 0 0 0 0 0 0 0 0 0 0 0 0 0 0 0 0 0 0 0 0 0 0 0 0 0 0 0 0 0 0 0 0 0 0 0 0 0 0 0 0 0 0 0 0 0 0 0 0 0 0 0 0 0 0 0 0 0 0 0 0 0 0 0 0 0 0 0 0 0 0 0 0 0 0 0 0 0 0 0 0 0 0 0 0 0 0 0 0 0 0 0 0 0 0 0 0 0 0 0 0 0 0 0 0 0 0 0 0 0 0 0 0 0 0 0 0 0 0 0 0 0 0 0 0 0 0 0 0 0 0 0 0 0 0 0 0 0 0 0 0 0 0 0 0 0 0 0 0 0 0 0 0 0 0 0 0 0 0 0 0 0 0 0 0 0 0 0 0 0 0 0 0 0 0 0 0 0 0 0 0 0 0 0 0 0 0 0 0 0 0 0 0 0 0 0 0 0 0 0 0 0 0 0 0 0 0 0 0 0 0 0 0 0 0 0 0 0 0 0 0 0 0 0 0 0 0 0 0 0 0 0 0 0 0 0 0 0 0 0 0 0 0 0 0 0 0 0 0 0 0 0 0 0 0 0 0 0 0 0 0 0 0 0 0 0 0 0 0 0 0 0 0 0 0 0 0 0 0 0 0 0 0 0 0 0 0 0 0 0 0 0 0 0 0 0 0 0 0 0 0 0 0 0 0 0 0 0 0 0 0 0 0 0 0 0 0 0 0 0 0 0 0 0 0 0 0 0 0 0 0 0 0 0 0 0 0 0 0 0 0 0 0 0 0 0 0 0 0 0 0 0 0 0 0 0 0 0 0 0 0 0 0 0 0 0 0 0 0 0 0 0 0 0 0 0 0 0 0 0 0 0 0 0 0 0 0 0 0 0 0 0 0 0 0 0 0 0 0 0 0 0 0 0 0 0 0 0 0 0 0 0 0 0 0 0 0 0 0 0 0 0 0 0 0 0 0 0 0 0 0 0 0 0 0 0 0 0 0 0 0 0 0 0 0 0 0 0 0 0 0 0 0 0 0 0 0 0 0 0 0 0 0 0 0 0 0 0 0 0 0 0 0 0 0 0 0 0 0 0 0 0 0 0 0 0 0 0 0 0 0 0 0 0 0 0 0 0 0 0 0 0 0 0 0 0 0 0 0 0 0 0 0 0 0 0 0 0 0 0 0 0 0 0 0 0 0 0 0 0 0 0 0 0 0 0 0 0 0 0 0 0 0 0 0 0 0 0 0 0 0 0 0 0 0 0 0 0 0 0 0 0 0 0 0 0 0 0 0 0 0 0 0 0 0 0 0 0 0 0 0 0 0 0 0 0 0 0 0 0 0 0 0 0 0 0 0 0 0 0 0 0 0 0 0 0 0 0 0 0 0 0 0 0 0 0 0 0 0 0 0 0 0 0 0 0 0 0 0 0 0 0 0 0 0 0 0 0 0 0 0 0 0 0 0 0 0 0 0 0 0 0 0 0 0 0 0 0 0 0 0 0 0 0 0 0 0 0 0 0 0 0 0 0 0 0 0 0 0 0 0 0 0 0 0 0 0 0 0 0 0 0 0 0 0 0 0 0 0 0 0 0 0 0 0 0 0 0 0 0 0 0 0 0 0 0 0 0 0 0 0 0 0 0 0 0 0 0 0 0 0 0 0 0 0 0 0 0 0 0 0 0 0 0 0 0 0 0 0 0 0 0 0 0 0 0 0 0 0 0 0 0 0 0 0 0 0 0 0 0 0 0 0 0 0 0 0 0 0 0 0 0 0 0 0 0 0 0 0 0 0 0 0 0 0 0 0 0 0 0 0 0 0 0 0 0 0 0 0 0 0 0 0 0 0 0 0 0 0 0 0 0 0 0 0 0 0 0 0 0 0 0 0 0 0 0 0 0 0 0 0 0 0 0 0 0 0 0 0 0 0 0 0 0 0 0 0 0 0 0 0 0 0 0 0 0 0 0 0 0 0 0 0 0 0 0 0 0 0 0 0 0 0 0 0 0 0 0 0 0 0 0 0 0 0 0 0 0 0 0 0 0 0 0 0 0 0 0 0 0 0 0 0 0 0 0 0 0 0 0 0 0 0 0 0 0 0 0 0 0 0 0 0 0 0 0 0 0 0 0 0 0 0 0 0 0 0 0 0 0 0 0 0 0 0 0 0 0 0 0 0 0 0 0 0 0 0 0 0 0 0 0 0 0 0 0 0 0 0 0 0 0 0 0 0 0 0 0 0 0 0 0 0 0 0 0 0 0 0 0 0 0 0 0 0 0 0 0 0 0 0 0 0 0 0 0 0 0 0 0 0 0 0 0 0 0 0 0 0 0 0 0 0 0 0 0 0 0 0 0 0 0 0 0 0 0 0 0 0 0 0 0 0 0 0 0 0 0 0 0 0 0 0 0 0 0 0 0 0 0 0 0 0 0 0 0 0 0 0 0 0 0 0 0 0 0 0 0 0 0 0 0 0 0 0 0 0 0 0 0 0 0 0 0 0 0 0 0 0 0 0 0 0 0 0 0 0 0 0 0 0 0 0 0 0 0 0 0 0 0 0 0 0 0 0 0 0 0 0 0 0 0 0 0 0 0 0 0 0 0 0 0 0 0 0 0 0 0 0 0 0 0 0 0 0 0 0 0 0 0 0 0 0 0 0 0 0 0 0 0 0 0 0 0 0 0 0 0 0 0 0 0 0 0 0 0 0 0 0 0 0 0 0 0 0 0 0 0 0 0 0 0 0 0 0 0 0 0 0 0 0 0 0 0 0 0 0 0 0 0 0 0 0 0 0 0 0 0 0 0 0 0 0 0 0 0 0 0 0 0 0 0 0 0 0 0 0 0 0 0 0 0 0 0 0 0 0 0 0 0 0 0 0 0 0 0 0 0 0 0 0 0 0 0 0 0 0 0 0 0 0 0 0 0 0 0 0 0 0 0 0 0 0 0 0 0 0 0 0 0 0 0 0 0 0 0 0 0 0 0 0 0 0 0 0 0 0 0 0 0 0 0 0 0 0 0 0 0 0 0 0 0 0 0 0 0 0 0 0 0 0 0 0 0 0 0 0 0 0 0 0 0 0 0 0 0 0 0 0 0 0 0 0 0 0 0 0 0 0 0 0 0 0 0 0 0 0 0 0 0 0 0 0 0 0 0 0 0 0 0 0 0 0 0 0 0 0 0 0 0 0 0 0 0 0 0 0 0 0 0 0 0 0 0 0 0 0 0 0 0 0 0 0 0 0 0 0 0 0 0 0 0 0 0 0 0 0 0 0 0 0 0 0 0 0 0 0 0 0 0 0 0 0 0 0 0 0 0 0 0 0 0 0 0 0 0 0 0 0 0 0 0 0 0 0 0 0 0 0 0 0 0 0 0 0 0 0 0 0 0 0 0 0 0 0 0 0 0 0 0 0 0 0 0 0 0 0 0 0 0 0 0 0 0 0 0 0 0 0 0 0 0 0 0 0 0 0 0 0 0 0 0 0 0 0 0 0 0 0 0 0 0 0 0 0 0 0 0 0 0 0 0 0 0 0 0 0 0 0 0 0 0 0 0 0 0 0 0 0 0 0 0 0 0 0 0 0 0 0 0 0 0 0 0 0 0 0 0 0 0 0 0 0 0 0 0 0 0 0 0 0 0 0 0 0 0 0 0 0 0 0 0 0 0 0 0 0 0 0 0 0 0 0 0 0 0 0 0 0 0 0 0 0 0 0 0 0 0 0 0 0 0 0 0 0 0 0 0 0 0 0 0 0 0 0 0 0 0 0 0 0 0 0 0 0 0 0 0 0 0 0 0 0 0 0 0 0 0 0 0 0 0 0 0 0 0 0 0 0 0 0 0 0 0 0 0 0 0 0 0 0 0 0 0 0 0 0 0 0 0 0 0 0 0 0 0 0 0 0 0 0 0 0 0 0 0 0 0 0 0 0 0 0 0 0 0 0 0 0 0 0 0 0 0 0 0 0 0 0 0 0 0 0 0 0 0 0 0 0 0 0 0 0 0 0 0 0 0 0 0 0 0 0 0 0 0 0 0 0 0 0 0 0 0 0 0 0 0 0 0 0 0 0 0 0 0 0 0 0 0 0 0 0 0 0 0 0 0 0 0 0 0 0 0 0 0 0 0 0 0 0 0 0 0 0 0 0 0 0 0 0 0 0 0 0 0 0 0 0 0 0 0 0 0 0 0 0 0 0 0 0 0 0 0 0 0 0 0 0 0 0 0 0 0 0 0 0 0 0 0 0 0 0 0 0 0 0 0 0 0 0 0 0 0 0 0 0 0 0 0 0 0 0 0 0 0 0 0 0 0 0 0 0 0 0 0 0 0 0 0 0 0 0 0 0 0 0 0 0 0 0 0 0 0 0 0 0 0 0 0 0 0 0 0 0 0 0 0 0 0 0 0 0 0 0 0 0 0 0 0 0 0 0 0 0 0 0 0 0 0 0 0 0 0 0 0 0 0 0 0 0 0 0 0 0 0 0 0 0 0 0 0 0 0 0 0 0 0 0 0 0 0 0 0 0 0 0 0 0 0 0 0 0 0 0 0 0 0 0 0 0 0 0 0 0 0 0 0 0 0 0 0 0 0 0 0 0 0 0 0 0 0 0 0 0 0 0 0 0 0 0 0 0 0 0 0 0 0 0 0 0 0 0 0 0 0 0 0 0 0 0 0 0 0 0 0 0 0 0 0 0 0 0 0 0 0 0 0 0 0 0 0 0 0 0 0 0 0 0 0 0 0 0 0 0 0 0 0 0 0 0 0 0 0 0 0 0 0 0 0 0 0 0 0 0 0 0 0 0 0 0 0 0 0 0 0 0 0 0 0 0 0 0 0 0 0 0 0 0 0 0 0 0 0 0 0 0 0 0 0 0 0 0 0 0 0 0 0 0 0 0 0 0 0 0 0 0 0 0 0 0 0 0 0 0 0 0 0 0 0 0 0 0 0 0 0 0 0 0 0 0 0 0 0 0 0 0 0 0 0 0 0 0 0 0 0 0 0 0 0 0 0 0 0 0 0 0 0 0 0 0 0 0 0 0 0 0 0 0 0 0 0 0 0 0 0 0 0 0 0 0 0 0 0 0 0 0 0 0 0 0 0 0 0 0 0 0 0 0 0 0 0 0 0 0 0 0 0 0 0 0 0 0 0 0 0 0 0 0 0 0 0 0 0 0 0 0 0 0 0 0 0 0 0 0 0 0 0 0 0 0 0 0 0 0 0 0 0 0 0 0 0 0 0 0 0 0 0 0 0 0 0 0 0 0 0 0 0 0 0 0 0 0 0 0 0 0 0 0 0 0 0 0 0 0 0 0 0 0 0 0 0 0 0 0 0 0 0 0 0 0 0 0 0 0 0 0 0 0 0 0 0 0 0 0 0 0 0 0 0 0 0 0 0 0 0 0 0 0 0 0 0 0 0 0 0 0 0 0 0 0 0 0 0 0 0 0 0 0 0 0 0 0 0 0 0 0 0 0 0 0 0 0 0 0 0 0 0 0 0 0 0 0 0 0 0 0 0 0 0 0 0 0 0 0 0 0 0 0 0 0 0 0 0 0 0 0 0 0 0 0 0 0 0 0 0 0 0 0 0 0 0 0 0 0 0 0 0 0 0 0 0 0 0 0 0 0 0 0 0 0 0 0 0 0 0 0 0 0 0 0 0 0 0 0 0 0 0 0 0 0 0 0 0 0 0 0 0 0 0 0 0 0 0 0 0 0 0 0 0 0 0 0 0 0 0 0 0 0 0 0 0 0 0 0 0 0 0 0 0 0 0 0 0 0 0 0 0 0 0 0 0 0 0 0 0 0 0 0 0 0 0 0 0 0 0 0 0 0 0 0 0 0 0 0 0 0 0 0 0 0 0 0 0 0 0 0 0 0 0 0 0 0 0 0 0 0 0 0 0 0 0 0 0 0 0 0 0 0 0 0 0 0 0 0 0 0 0 0 0 0 0 0 0 0 0 0 0 0 0 0 0 0 0 0 0 0 0 0 0 0 0 0 0 0 0 0 0 0 0 0 0 0 0 0 0 0 0 0 0 0 0 0 0 0 0 0 0 0 0 0 0 0 0 0 0 0 0 0 0 0 0 0 0 0 0 0 0 0 0 0 0 0 0 0 0 0 0 0 0 0 0 0 0 0 0 0 0 0 0 0 0 0 0 0 0 0 0 0 0 0 0 0 0 0 0 0 0 0 0 0 0 0 0 0 0 0 0 0 0 0 0 0 0 0 0 0 0 0 0 0 0 0 0 0 0 0 0 0 0 0 0 0 0 0 0 0 0 0 0 0 0 0 0 0 0 0 0 0 0 0 0 0 0 0 0 0 0 0 0 0 0 0 0 0 0 0 0 0 0 0 0 0 0 0 0 0 0 0 0 0 0 0 0 0 0 0 0 0 0 0 0 0 0 0 0 0 0 0 0 0 0 0 0 0 0 0 0 0 0 0 0 0 0 0 0 0 0 0 0 0 0 0 0 0 0 0 0 0 0 0 0 0 0 0 0 0 0 0 0 0 0 0 0 0 0 0 0 0 0 0 0 0 0 0 0 0 0 0 0 0 0 0 0 0 0 0 0 0 0 0 0 0 0 0 0 0 0 0 0 0 0 0 0 0 0 0 0 0 0 0 0 0 0 0 0 0 0 0 0 0 0 0 0 0 0 0 0 0 0 0 0 0 0 0 0 0 0 0 0 0 0 0 0 0 0 0 0 0 0 0 0 0 0 0 0 0 0 0 0 0 0 0 0 0 0 0 0 0 0 0 0 0 0 0 0 0 0 0 0 0 0 0 0 0 0 0 0 0 0 0 0 0 0 0 0 0 0 0 0 0 0 0 0 0 0 0 0 0 0 0 0 0 0 0 0 0 0 0 0 0 0 0 0 0 0 0 0 0 0 0 0 0 0 0 0 0 0 0 0 0 0 0 0 0 0 0 0 0 0 0 0 0 0 0 0 0 0 0 0 0 0 0 0 0 0 0 0 0 0 0 0 0 0 0 0 0 0 0 0 0 0 0 0 0 0 0 0 0 0 0 0 0 0 0 0 0 0 0 0 0 0 0 0 0 0 0 0 0 0 0 0 0 0 0 0 0 0 0 0 0 0 0 0 0 0 0 0 0 0 0 0 0 0 0 0 0 0 0 0 0 0 0 0 0 0 0 0 0 0 0 0 0 0 0 0 0 0 0 0 0 0 0 0 0 0 0 0 0 0 0 0 0 0 0 0 0 0 0 0 0 0 0 0 0 0 0 0 0 0 0 0 0 0 0 0 0 0 0 0 0 0 0 0 0 0 0 0 0 0 0 0 0 0 0 0 0 0 0 0 0 0 0 0 0 0 0 0 0 0 0 0 0 0 0 0 0 0 0 0 0 0 0 0 0 0 0 0 0 0 0 0 0 0 0 0 0 0 0 0 0 0 0 0 0 0 0 0 0 0 0 0 0 0 0 0 0 0 0 0 0 0 0 0 0 0 0 0 0 0 0 0 0 0 0 0 0 0 0 0 0 0 0 0 0 0 0 0 0 0 0 0 0 0 0 0 0 0 0 0 0 0 0 0 0 0 0 0 0 0 0 0 0 0 0 0 0 0 0 0 0 0 0 0 0 0 0 0 0 0 0 0 0 0 0 0 0 0 0 0 0 0 0 0 0 0 0 0 0 0 0 0 0 0 0 0 0 0 0 0 0 0 0 0 0 0 0 0 0 0 0 0 0 0 0 0 0 0 0 0 0 0 0 0 0 0 0 0 0 0 0 0 0 0 0 0 0 0 0 0 0 0 0 0 0 0 0 0 0 0 0 0 0 0 0 0 0 0 0 0 0 0 0 0 0 0 0 0 0 0 0 0 0 0 0 0 0 0 0 0 0 0 0 0 0 0 0 0 0 0 0 0 0 0 0 0 0 0 0 0 0 0 0 0 0 0 0 0 0 0 0 0 0 0 0 0 0 0 0 0 0 0 0 0 0 0 0 0 0 0 0 0 0 0 0 0 0 0 0 0 0 0 0 0 0 0 0 0 0 0 0 0 0 0 0 0 0 0 0 0 0 0 0 0 0 0 0 0 0 0 0 0 0 0 0 0 0 0 0 0 0 0 0 0 0 0 0 0 0 0 0 0 0 0 0 0 0 0 0 0 0 0 0 0 0 0 0 0 0 0 0 0 0 0 0 0 0 0 0 0 0 0 0 0 0 0 0 0 0 0 0 0 0 0 0 0 0 0 0 0 0 0 0 0 0 0 0 0 0 0 0 0 0 0 0 0 0 0 0 0 0 0 0 0 0 0 0 0 0 0 0 0 0 0 0 0 0 0 0 0 0 0 0 0 0 0 0 0 0 0 0 0 0 0 0 0 0 0 0 0 0 0 0 0 0 0 0 0 0 0 0 0 0 0 0 0 0 0 0 0 0 0 0 0 0 0 0 0 0 0 0 0 0 0 0 0 0 0 0 0 0 0 0 0 0 0 0 0 0 0 0 0 0 0 0 0 0 0 0 0 0 0 0 0 0 0 0 0 0 0 0 0 0 0 0 0 0 0 0 0 0 0 0 0 0 0 0 0 0 0 0 0 0 0 0 0 0 0 0 0 0 0 0 0 0 0 0 0 0 0 0 0 0 0 0 0 0 0 0 0 0 0 0 0 0 0 0 0 0 0 0 0 0 0 0 0 0 0 0 0 0 0 0 0 0 0 0 0 0 0 0 0 0 0 0 0 0 0 0 0 0 0 0 0 0 0 0 0 0 0 0 0 0 0 0 0 0 0 0 0 0 0 0 0 0 0 0 0 0 0 0 0 0 0 0 0 0 0 0 0 0 0 0 0 0 0 0 0 0 0 0 0 0 0 0 0 0 0 0 0 0 0 0 0 0 0 0 0 0 0 0 0 0 0 0 0 0 0 0 0 0 0 0 0 0 0 0 0 0 0 0 0 0 0 0 0 0 0 0 0 0 0 0 0 0 0 0 0 0 0 0 0 0 0 0 0 0 0 0 0 0 0 0 0 0 0 0 0 0 0 0 0 0 0 0 0 0 0 0 0 0 0 0 0 0 0 0 0 0 0 0 0 0 0 0 0 0 0 0 0 0 0 0 0 0 0 0 0 0 0 0 0 0 0 0 0 0 0 0 0 0 0 0 0 0 0 0 0 0 0 0 0 0 0 0 0 0 0 0 0 0 0 0 0 0 0 0 0 0 0 0 0 0 0 0 0 0 0 0 0 0 0 0 0 0 0 0 0 0 0 0 0 0 0 0 0 0 0 0 0 0 0 0 0 0 0 0 0 0 0 0 0 0 0 0 0 0 0 0 0 0 0 0 0 0 0 0 0 0 0 0 0 0 0 0 0 0 0 0 0 0 0 0 0 0 0 0 0 0 0 0 0 0 0 0 0 0 0 0 0 0 0 0 0 0 0 0 0 0 0 0 0 0 0 0 0 0 0 0 0 0 0 0 0 0 0 0 0 0 0 0 0 0 0 0 0 0 0 0 0 0 0 0 0 0 0 0 0 0 0 0 0 0 0 0 0 0 0 0 0 0 0 0 0 0 0 0 0 0 0 0 0 0 0 0 0 0 0 0 0 0 0 0 0 0 0 0 0 0 0 0 0 0 0 0 0 0 0 0 0 0 0 0 0 0 0 0 0 0 0 0 0 0 0 0 0 0 0 0 0 0 0 0 0 0 0 0 0 0 0 0 0 0 0 0 0 0 0 0 0 0 0 0 0 0 0 0 0 0 0 0 0 0 0 0 0 0 0 0 0 0 0 0 0 0 0 0 0 0 0 0 0 0 0 0 0 0 0 0 0 0 0 0 0 0 0 0 0 0 0 0 0 0 0 0 0 0 0 0 0 0 0 0 0 0 0 0 0 0 0 0 0 0 0 0 0 0 0 0 0 0 0 0 0 0 0 0 0 0 0 0 0 0 0 0 0 0 0 0 0 0 0 0 0 0 0 0 0 0 0 0 0 0 0 0 0 0 0 0 0 0 0 0 0 0 0 0 0 0 0 0 0 0 0 0 0 0 0 0 0 0 0 0 0 0 0 0 0 0 0 0 0 0 0 0 0 0 0 0 0 0 0 0 0 0 0 0 0 0 0 0 0 0 0 0 0 0 0 0 0 0 0 0 0 0 0 0 0 0 0 0 0 0 0 0 0 0 0 0 0 0 0 0 0 0 0 0 0 0 0 0 0 0 0 0 0 0 0 0 0 0 0 0 0 0 0 0 0 0 0 0 0 0 0 0 0 0 0 0 0 0 0 0 0 0 0 0 0 0 0 0 0 0 0 0 0 0 0 0 0 0 0 0 0 0 0 0 0 0 0 0 0 0 0 0 0 0 0 0 0 0 0 0 0 0 0 0 0 0 0 0 0 0 0 0 0 0 0 0 0 0 0 0 0 0 0 0 0 0 0 0 0 0 0 0 0 0 0 0 0 0 0 0 0 0 0 0 0 0 0 0 0 0 0 0 0 0 0 0 0 0 0 0 0 0 0 0 0 0 0 0 0 0 0 0 0 0 0 0 0 0 0 0 0 0 0 0 0 0 0 0 0 0 0 0 0 0 0 0 0 0 0 0 0 0 0 0 0 0 0 0 0 0 0 0 0 0 0 0 0 0 0 0 0 0 0 0 0 0 0 0 0 0 0 0 0 0 0 0 0 0 0 0 0 0 0 0 0 0 0 0 0 0 0 0 0 0 0 0 0 0 0 0 0 0 0 0 0 0 0 0 0 0 0 0 0 0 0 0 0 0 0 0 0 0 0 0 0 0 0 0 0 0 0 0 0 0 0 0 0 0 0 0 0 0 0 0 0 0 0 0 0 0 0 0 0 0 0 0 0 0 0 0 0 0 0 0 0 0 0 0 0 0 0 0 0 0 0 0 0 0 0 0 0 0 0 0 0 0 0 0 0 0 0 0 0 0 0 0 0 0 0 0 0 0 0 0 0 0 0 0 0 0 0 0 0 0 0 0 0 0 0 0 0 0 0 0 0 0 0 0 0 0 0 0 0 0 0 0 0 0 0 0 0 0 0 0 0 0 0 0 0 0 0 0 0 0 0 0 0 0 0 0 0 0 0 0 0 0 0 0 0 0 0 0 0 0 0 0 0 0 0 0 0 0 0 0 0 0 0 0 0 0 0 0 0 0 0 0 0 0 0 0 0 0 0 0 0 0 0 0 0 0 0 0 0 0 0 0 0 0 0 0 0 0 0 0 0 0 0 0 0 0 0 0 0 0 0 0 0 0 0 0 0 0 0 0 0 0 0 0 0 0 0 0 0 0 0 0 0 0 0 0 0 0 0 0 0 0 0 0 0 0 0 0 0 0 0 0 0 0 0 0 0 0 0 0 0 0 0 0 0 0 0 0 0 0 0 0 0 0 0 0 0 0 0 0 0 0 0 0 0 0 0 0 0 0 0 0 0 0 0 0 0 0 0 0 0 0 0 0 0 0 0 0 0 0 0 0 0 0 0 0 0 0 0 0 0 0 0 0 0 0 0 0 0 0 0 0 0 0 0 0 0 0 0 0 0 0 0 0 0 0 0 0 0 0 0 0 0 0 0 0 0 0 0 0 0 0 0 0 0 0 0 0 0 0 0 0 0 0 0 0 0 0 0 0 0 0 0 0 0 0 0 0 0 0 0 0 0 0 0 0 0 0 0 0 0 0 0 0 0 0 0 0 0 0 0 0 0 0 0 0 0 0 0 0 0 0 0 0 0 0 0 0 0 0 0 0 0 0 0 0 0 0 0 0 0 0 0 0 0 0 0 0 0 0 0 0 0 0 0 0 0 0 0 0 0 0 0 0 0 0 0 0 0 0 0 0 0 0 0 0 0 0 0 0 0 0 0 0 0 0 0 0 0 0 0 0 0 0 0 0 0 0 0 0 0 0 0 0 0 0 0 0 0 0 0 0 0 0 0 0 0 0 0 0 0 0 0 0 0 0 0 0 0 0 0 0 0 0 0 0 0 0 0 0 0 0 0 0 0 0 0 0 0 0 0 0 0 0 0 0 0 0 0 0 0 0 0 0 0 0 0 0 0 0 0 0 0 0 0 0 0 0 0 0 0 0 0 0 0 0 0 0 0 0 0 0 0 0 0 0 0 0 0 0 0 0 0 0 0 0 0 0 0 0 0 0 0 0 0 0 0 0 0 0 0 0 0 0 0 0 0 0 0 0 0 0 0 0 0 0 0 0 0 0 0 0 0 0 0 0 0 0 0 0 0 0 0 0 0 0 0 0 0 0 0 0 0 0 0 0 0 0 0 0 0 0 0 0 0 0 0 0 0 0 0 0 0 0 0 0 0 0 0 0 0 0 0 0 0 0 0 0 0 0 0 0 0 0 0 0 0 0 0 0 0 0 0 0 0 0 0 0 0 0 0 0 0 0 0 0 0 0 0 0 0 0 0 0 0 0 0 0 0 0 0 0 0 0 0 0 0 0 0 0 0 0 0 0 0 0 0 0 0 0 0 0 0 0 0 0 0 0 0 0 0 0 0 0 0 0 0 0 0 0 0 0 0 0 0 0 0 0 0 0 0 0 0 0 0 0 0 0 0 0 0 0 0 0 0 0 0 0 0 0 0 0 0 0 0 0 0 0 0 0 0 0 0 0 0 0 0 0 0 0 0 0 0 0 0 0 0 0 0 0 0 0 0 0 0 0 0 0 0 0 0 0 0 0 0 0 0 0 0 0 0 0 0 0 0 0 0 0 0 0 0 0 0 0 0 0 0 0 0 0 0 0 0 0 0 0 0 0 0 0 0 0 0 0 0 0 0 0 0 0 0 0 0 0 0 0 0 0 0 0 0 0 0 0 0 0 0 0 0 0 0 0 0 0 0 0 0 0 0 0 0 0 0 0 0 0 0 0 0 0 0 0 0 0 0 0 0 0 0 0 0 0 0 0 0 0 0 0 0 0 0 0 0 0 0 0 0 0 0 0 0 0 0 0 0 0 0 0 0 0 0 0 0 0 0 0 0 0 0 0 0 0 0 0 0 0 0 0 0 0 0 0 0 0 0 0 0 0 0 0 0 0 0 0 0 0 0 0 0 0 0 0 0 0 0 0 0 0 0 0 0 0 0 0 0 0 0 0 0 0 0 0 0 0 0 0 0 0 0 0 0 0 0 0 0 0 0 0 0 0 0 0 0 0 0 0 0 0 0 0 0 0 0 0 0 0 0 0 0 0 0 0 0 0 0 0 0 0 0 0 0 0 0 0 0 0 0 0 0 0 0 0 0 0 0 0 0 0 0 0 0 0 0 0 0 0 0 0 0 0 0 0 0 0 0 0 0 0 0 0 0 0 0 0 0 0 0 0 0 0 0 0 0 0 0 0 0 0 0 0 0 0 0 0 0 0 0 0 0 0 0 0 0 0 0 0 0 0 0 0 0 0 0 0 0 0 0 0 0 0 0 0 0 0 0 0 0 0 0 0 0 0 0 0 0 0 0 0 0 0 0 0 0 0 0 0 0 0 0 0 0 0 0 0 0 0 0 0 0 0 0 0 0 0 0 0 0 0 0 0 0 0 0 0 0 0 0 0 0 0 0 0 0 0 0 0 0 0 0 0 0 0 0 0 0 0 0 0 0 0 0 0 0 0 0 0 0 0 0 0 0 0 0 0 0 0 0 0 0 0 0 0 0 0 0 0 0 0 0 0 0 0 0 0 0 0 0 0 0 0 0 0 0 0 0 0 0 0 0 0 0 0 0 0 0 0 0 0 0 0 0 0 0 0 0 0 0 0 0 0 0 0 0 0 0 0 0 0 0 0 0 0 0 0 0 0 0 0 0 0 0 0 0 0 0 0 0 0 0 0 0 0 0 0 0 0 0 0 0 0 0 0 0 0 0 0 0 0 0 0 0 0 0 0 0 0 0 0 0 0 0 0 0 0 0 0 0 0 0 0 0 0 0 0 0 0 0 0 0 0 0 0 0 0 0 0 0 0 0 0 0 0 0 0 0 0 0 0 0 0 0 0 0 0 0 0 0 0 0 0 0 0 0 0 0 0 0 0 0 0 0 0 0 0 0 0 0 0 0 0 0 0 0 0 0 0 0 0 0 0 0 0 0 0 0 0 0 0 0 0 0 0 0 0 0 0 0 0 0 0 0 0 0 0 0 0 0 0 0 0 0 0 0 0 0 0 0 0 0 0 0 0 0 0 0 0 0 0 0 0 0 0 0 0 0 0 0 0 0 0 0 0 0 0 0 0 0 0 0 0 0 0 0 0 0 0 0 0 0 0 0 0 0 0 0 0 0 0 0 0 0 0 0 0 0 0 0 0 0 0 0 0 0 0 0 0 0 0 0 0 0 0 0 0 0 0 0 0 0 0 0 0 0 0 0 0 0 0 0 0 0 0 0 0 0 0 0 0 0 0 0 0 0 0 0 0 0 0 0 0 0 0 0 0 0 0 0 0 0 0 0 0 0 0 0 0 0 0 0 0 0 0 0 0 0 0 0 0 0 0 0 0 0 0 0 0 0 0 0 0 0 0 0 0 0 0 0 0 0 0 0 0 0 0 0 0 0 0 0 0 0 0 0 0 0 0 0 0 0 0 0 0 0 0 0 0 0 0 0 0 0 0 0 0 0 0 0 0 0 0 0 0 0 0 0 0 0 0 0 0 0 0 0 0 0 0 0 0 0 0 0 0 0 0 0 0 0 0 0 0 0 0 0 0 0 0 0 0 0 0 0 0 0 0 0 0 0 0 0 0 0 0 0 0 0 0 0 0 0 0 0 0 0 0 0 0 0 0 0 0 0 0 0 0 0 0 0 0 0 0 0 0 0 0 0 0 0 0 0 0 0 0 0 0 0 0 0 0 0 0 0 0 0 0 0 0 0 0 0 0 0 0 0 0 0 0 0 0 0 0 0 0 0 0 0 0 0 0 0 0 0 0 0 0 0 0 0 0 0 0 0 0 0 0 0 0 0 0 0 0 0 0 0 0 0 0 0 0 0 0 0 0 0 0 0 0 0 0 0 0 0 0 0 0 0 0 0 0 0 0 0 0 0 0 0 0 0 0 0 0 0 0 0 0 0 0 0 0 0 0 0 0 0 0 0 0 0 0 0 0 0 0 0 0 0 0 0 0 0 0 0 0 0 0 0 0 0 0 0 0 0 0 0 0 0 0 0 0 0 0 0 0 0 0 0 0 0 0 0 0 0 0 0 0 0 0 0 0 0 0 0 0 0 0 0 0 0 0 0 0 0 0 0 0 0 0 0 0 0 0 0 0 0 0 0 0 0 0 0 0 0 0 0 0 0 0 0 0 0 0 0 0 0 0 0 0 0 0 0 0 0 0 0 0 0 0 0 0 0 0 0 0 0 0 0 0 0 0 0 0 0 0 0 0 0 0 0 0 0 0 0 0 0 0 0 0 0 0 0 0 0 0 0 0 0 0 0 0 0 0 0 0 0 0 0 0 0 0 0 0 0 0 0 0 0 0 0 0 0 0 0 0 0 0 0 0 0 0 0 0 0 0 0 0 0 0 0 0 0 0 0 0 0 0 0 0 0 0 0 0 0 0 0 0 0 0 0 0 0 0 0 0 0 0 0 0 0 0 0 0 0 0 0 0 0 0 0 0 0 0 0 0 0 0 0 0 0 0 0 0 0 0 0 0 0 0 0 0 0 0 0 0 0 0 0 0 0 0 0 0 0 0 0 0 0 0 0 0 0 0 0 0 0 0 0 0 0 0 0 0 0 0 0 0 0 0 0 0 0 0 0 0 0 0 0 0 0 0 0 0 0 0 0 0 0 0 0 0 0 0 0 0 0 0 0 0 0 0 0 0 0 0 0 0 0 0 0 0 0 0 0 0 0 0 0 0 0 0 0 0 0 0 0 0 0 0 0 0 0 0 0 0 0 0 0 0 0 0 0 0 0 0 0 0 0 0 0 0 0 0 0 0 0 0 0 0 0 0 0 0 0 0 0 0 0 0 0 0 0 0 0 0 0 0 0 0 0 0 0 0 0 0 0 0 0 0 0 0 0 0 0 0 0 0 0 0 0 0 0 0 0 0 0 0 0 0 0 0 0 0 0 0 0 0 0 0 0 0 0 0 0 0
</DataArray>
<DataArray type="Float32" Name="order_param" format="ascii">
0.9000 0.9000 0.9000 0.9000 0.9000 0.9000 0.9000 0.9000 0.9000 0.9000 0.9000 0.9000 0.9000 0.9000 0.9000 0.9000 0.9000 0.9000 0.9000 0.9000 0.9000 0.9000 0.9000 0.9000 0.9000 0.9000 0.9000 0.9000 0.9000 0.9000 0.9000 0.9000 0.9000 0.9000 0.9000 0.9000 0.9000 0.9000 0.9000 0.9000 0.9000 0.9000 0.9000 0.9000 0.9000 0.9000 0.9000 0.9000 0.9000 0.9000 0.9000 0.9000 0.9000 0.9000 0.9000 0.9000 0.9000 0.9000 0.9000 0.9000 0.9000 0.9000 0.9000 0.9000 0.9000 0.9000 0.9000 0.9000 0.9000 0.9000 0.9000 0.9000 0.9000 0.9000 0.9000 0.9000 0.9000 0.9000 0.9000 0.9000 0.9000 0.9000 0.9000 0.9000 0.9000 0.9000 0.9000 0.9000 0.9000 0.9000 0.9000 0.9000 0.9000 0.9000 0.9000 0.9000 0.9000 0.9000 0.9000 0.9000 0.9000 0.9000 0.9000 0.9000 0.9000 0.9000 0.9000 0.9000 0.9000 0.9000 0.9000 0.9000 0.9000 0.9000 0.9000 0.9000 0.9000 0.9000 0.9000 0.9000 0.9000 0.9000 0.9000 0.9000 0.9000 0.9000 0.9000 0.9000 0.9000 0.9000 0.9000 0.9000 0.9000 0.9000 0.9000 0.9000 0.9000 0.9000 0.9000 0.9000 0.9000 0.9000 0.9000 0.9000 0.9000 0.9000 0.9000 0.9000 0.9000 0.9000 0.9000 0.9000 0.9000 0.9000 0.9000 0.9000 0.9000 0.9000 0.9000 0.9000 0.9000 0.9000 0.9000 0.9000 0.9000 0.9000 0.9000 0.9000 0.9000 0.9000 0.9000 0.9000 0.9000 0.9000 0.9000 0.9000 0.9000 0.9000 0.9000 0.9000 0.9000 0.9000 0.9000 0.9000 0.9000 0.9000 0.9000 0.9000 0.9000 0.9000 0.9000 0.9000 0.9000 0.9000 0.9000 0.9000 0.9000 0.9000 0.9000 0.9000 0.9000 0.9000 0.9000 0.9000 0.9000 0.9000 0.9000 0.9000 0.9000 0.9000 0.9000 0.9000 0.9000 0.9000 0.9000 0.9000 0.9000 0.9000 0.9000 0.9000 0.9000 0.9000 0.9000 0.9000 0.9000 0.9000 0.9000 0.9000 0.9000 0.9000 0.9000 0.9000 0.9000 0.9000 0.9000 0.9000 0.9000 0.9000 0.9000 0.9000 0.9000 0.9000 0.9000 0.9000 0.9000 0.9000 0.9000 0.9000 0.9000 0.9000 0.9000 0.9000 0.9000 0.9000 0.9000 0.9000 0.9000 0.9000 0.9000 0.9000 0.9000 0.9000 0.9000 0.9000 0.9000 0.9000 0.9000 0.9000 0.9000 0.9000 0.9000 0.9000 0.9000 0.9000 0.9000 0.9000 0.9000 0.9000 0.9000 0.9000 0.9000 0.9000 0.9000 0.9000 0.9000 0.9000 0.9000 0.9000 0.9000 0.9000 0.9000 0.9000 0.9000 0.9000 0.9000 0.9000 0.9000 0.9000 0.9000 0.9000 0.9000 0.9000 0.9000 0.9000 0.9000 0.9000 0.9000 0.9000 0.9000 0.9000 0.9000 0.9000 0.9000 0.9000 0.9000 0.9000 0.9000 0.9000 0.9000 0.9000 0.9000 0.9000 0.9000 0.9000 0.9000 0.9000 0.9000 0.9000 0.9000 0.9000 0.9000 0.9000 0.9000 0.9000 0.9000 0.9000 0.9000 0.9000 0.9000 0.9000 0.9000 0.9000 0.9000 0.9000 0.9000 0.9000 0.9000 0.9000 0.9000 0.9000 0.9000 0.9000 0.9000 0.9000 0.9000 0.9000 0.9000 0.9000 0.9000 0.9000 0.9000 0.9000 0.9000 0.9000 0.9000 0.9000 0.9000 0.9000 0.9000 0.9000 0.9000 0.9000 0.9000 0.9000 0.9000 0.9000 0.9000 0.9000 0.9000 0.9000 0.9000 0.9000 0.9000 0.9000 0.9000 0.9000 0.9000 0.9000 0.9000 0.9000 0.9000 0.9000 0.9000 0.9000 0.9000 0.9000 0.9000 0.9000 0.9000 0.9000 0.9000 0.9000 0.9000 0.9000 0.9000 0.9000 0.9000 0.9000 0.9000 0.9000 0.9000 0.9000 0.9000 0.9000 0.9000 0.9000 0.9000 0.9000 0.9000 0.9000 0.9000 0.9000 0.9000 0.9000 0.9000 0.9000 0.9000 0.9000 0.9000 0.9000 0.9000 0.9000 0.9000 0.9000 0.9000 0.9000 0.9000 0.9000 0.9000 0.9000 0.9000 0.9000 0.9000 0.9000 0.9000 0.9000 0.9000 0.9000 0.9000 0.9000 0.9000 0.9000 0.9000 0.9000 0.9000 0.9000 0.9000 0.9000 0.9000 0.9000 0.9000 0.9000 0.9000 0.9000 0.9000 0.9000 0.9000 0.9000 0.9000 0.9000 0.9000 0.9000 0.9000 0.9000 0.9000 0.9000 0.9000 0.9000 0.9000 0.9000 0.9000 0.9000 0.9000 0.9000 0.9000 0.9000 0.9000 0.9000 0.9000 0.9000 0.9000 0.9000 0.9000 0.9000 0.9000 0.9000 0.9000 0.9000 0.9000 0.9000 0.9000 0.9000 0.9000 0.9000 0.9000 0.9000 0.9000 0.9000 0.9000 0.9000 0.9000 0.9000 0.9000 0.9000 0.9000 0.9000 0.9000 0.9000 0.9000 0.9000 0.9000 0.9000 0.9000 0.9000 0.9000 0.9000 0.9000 0.9000 0.9000 0.9000 0.9000 0.9000 0.9000 0.9000 0.9000 0.9000 0.9000 0.9000 0.9000 0.9000 0.9000 0.9000 0.9000 0.9000 0.9000 0.9000 0.9000 0.9000 0.9000 0.9000 0.9000 0.9000 0.9000 0.9000 0.9000 0.9000 0.9000 0.9000 0.9000 0.9000 0.9000 0.9000 0.9000 0.9000 0.9000 0.9000 0.9000 0.9000 0.9000 0.9000 0.9000 0.9000 0.9000 0.9000 0.9000 0.9000 0.9000 0.9000 0.9000 0.9000 0.9000 0.9000 0.9000 0.9000 0.9000 0.9000 0.9000 0.9000 0.9000 0.9000 0.9000 0.9000 0.9000 0.9000 0.9000 0.9000 0.9000 0.9000 0.9000 0.9000 0.9000 0.9000 0.9000 0.9000 0.9000 0.9000 0.9000 0.9000 0.9000 0.9000 0.9000 0.9000 0.9000 0.9000 0.9000 0.9000 0.9000 0.9000 0.9000 0.9000 0.9000 0.9000 0.9000 0.9000 0.9000 0.9000 0.9000 0.9000 0.9000 0.9000 0.9000 0.9000 0.9000 0.9000 0.9000 0.9000 0.9000 0.9000 0.9000 0.9000 0.9000 0.9000 0.9000 0.9000 0.9000 0.9000 0.9000 0.9000 0.9000 0.9000 0.9000 0.9000 0.9000 0.9000 0.9000 0.9000 0.9000 0.9000 0.9000 0.9000 0.9000 0.9000 0.9000 0.9000 0.9000 0.9000 0.9000 0.9000 0.9000 0.9000 0.9000 0.9000 0.9000 0.9000 0.9000 0.9000 0.9000 0.9000 0.9000 0.9000 0.9000 0.9000 0.9000 0.9000 0.9000 0.9000 0.9000 0.9000 0.9000 0.9000 0.9000 0.9000 0.9000 0.9000 0.9000 0.9000 0.9000 0.9000 0.9000 0.9000 0.9000 0.9000 0.9000 0.9000 0.9000 0.9000 0.9000 0.9000 0.9000 0.9000 0.9000 0.9000 0.9000 0.9000 0.9000 0.9000 0.9000 0.9000 0.9000 0.9000 0.9000 0.9000 0.9000 0.9000 0.9000 0.9000 0.9000 0.9000 0.9000 0.9000 0.9000 0.9000 0.9000 0.9000 0.9000 0.9000 0.9000 0.9000 0.9000 0.9000 0.9000 0.9000 0.9000 0.9000 0.9000 0.9000 0.9000 0.9000 0.9000 0.9000 0.9000 0.9000 0.9000 0.9000 0.9000 0.9000 0.9000 0.9000 0.9000 0.9000 0.9000 0.9000 0.9000 0.9000 0.9000 0.9000 0.9000 0.9000 0.9000 0.9000 0.9000 0.9000 0.9000 0.9000 0.9000 0.9000 0.9000 0.9000 0.9000 0.9000 0.9000 0.9000 0.9000 0.9000 0.9000 0.9000 0.9000 0.9000 0.9000 0.9000 0.9000 0.9000 0.9000 0.9000 0.9000 0.9000 0.9000 0.9000 0.9000 0.9000 0.9000 0.9000 0.9000 0.9000 0.9000 0.9000 0.9000 0.9000 0.9000 0.9000 0.9000 0.9000 0.9000 0.9000 0.9000 0.9000 0.9000 0.9000 0.9000 0.9000 0.9000 0.9000 0.9000 0.9000 0.9000 0.9000 0.9000 0.9000 0.9000 0.9000 0.9000 0.9000 0.9000 0.9000 0.9000 0.9000 0.9000 0.9000 0.9000 0.9000 0.9000 0.9000 0.9000 0.9000 0.9000 0.9000 0.9000 0.9000 0.9000 0.9000 0.9000 0.9000 0.9000 0.9000 0.9000 0.9000 0.9000 0.9000 0.9000 0.9000 0.9000 0.9000 0.9000 0.9000 0.9000 0.9000 0.9000 0.9000 0.9000 0.9000 0.9000 0.9000 0.9000 0.9000 0.9000 0.9000 0.9000 0.9000 0.9000 0.9000 0.9000 0.9000 0.9000 0.9000 0.9000 0.9000 0.9000 0.9000 0.9000 0.9000 0.9000 0.9000 0.9000 0.9000 0.9000 0.9000 0.9000 0.9000 0.9000 0.9000 0.9000 0.9000 0.9000 0.9000 0.9000 0.9000 0.9000 0.9000 0.9000 0.9000 0.9000 0.9000 0.9000 0.9000 0.9000 0.9000 0.9000 0.9000 0.9000 0.9000 0.9000 0.9000 0.9000 0.9000 0.9000 0.9000 0.9000 0.9000 0.9000 0.9000 0.9000 0.9000 0.9000 0.9000 0.9000 0.9000 0.9000 0.9000 0.9000 0.9000 0.9000 0.9000 0.9000 0.9000 0.9000 0.9000 0.9000 0.9000 0.9000 0.9000 0.9000 0.9000 0.9000 0.9000 0.9000 0.9000 0.9000 0.9000 0.9000 0.9000 0.9000 0.9000 0.9000 0.9000 0.9000 0.9000 0.9000 0.9000 0.9000 0.9000 0.9000 0.9000 0.9000 0.9000 0.9000 0.9000 0.9000 0.9000 0.9000 0.9000 0.9000 0.9000 0.9000 0.9000 0.9000 0.9000 0.9000 0.9000 0.9000 0.9000 0.9000 0.9000 0.9000 0.9000 0.9000 0.9000 0.9000 0.9000 0.9000 0.9000 0.9000 0.9000 0.9000 0.9000 0.9000 0.9000 0.9000 0.9000 0.9000 0.9000 0.9000 0.9000 0.9000 0.9000 0.9000 0.9000 0.9000 0.9000 0.9000 0.9000 0.9000 0.9000 0.9000 0.9000 0.9000 0.9000 0.9000 0.9000 0.9000 0.9000 0.9000 0.9000 0.9000 0.9000 0.9000 0.9000 0.9000 0.9000 0.9000 0.9000 0.9000 0.9000 0.9000 0.9000 0.9000 0.9000 0.9000 0.9000 0.9000 0.9000 0.9000 0.9000 0.9000 0.9000 0.9000 0.9000 0.9000 0.9000 0.9000 0.9000 0.9000 0.9000 0.9000 0.9000 0.9000 0.9000 0.9000 0.9000 0.9000 0.9000 0.9000 0.9000 0.9000 0.9000 0.9000 0.9000 0.9000 0.9000 0.9000 0.9000 0.9000 0.9000 0.9000 0.9000 0.9000 0.9000 0.9000 0.9000 0.9000 0.9000 0.9000 0.9000 0.9000 0.9000 0.9000 0.9000 0.9000 0.9000 0.9000 0.9000 0.9000 0.9000 0.9000 0.9000 0.9000 0.9000 0.9000 0.9000 0.9000 0.9000 0.9000 0.9000 0.9000 0.9000 0.9000 0.9000 0.9000 0.9000 0.9000 0.9000 0.9000 0.9000 0.9000 0.9000 0.9000 0.9000 0.9000 0.9000 0.9000 0.9000 0.9000 0.9000 0.9000 0.9000 0.9000 0.9000 0.9000 0.9000 0.9000 0.9000 0.9000 0.9000 0.9000 0.9000 0.9000 0.9000 0.9000 0.9000 0.9000 0.9000 0.9000 0.9000 0.9000 0.9000 0.9000 0.9000 0.9000 0.9000 0.9000 0.9000 0.9000 0.9000 0.9000 0.9000 0.9000 0.9000 0.9000 0.9000 0.9000 0.9000 0.9000 0.9000 0.9000 0.9000 0.9000 0.9000 0.9000 0.9000 0.9000 0.9000 0.9000 0.9000 0.9000 0.9000 0.9000 0.9000 0.9000 0.9000 0.9000 0.9000 0.9000 0.9000 0.9000 0.9000 0.9000 0.9000 0.9000 0.9000 0.9000 0.9000 0.9000 0.9000 0.9000 0.9000 0.9000 0.9000 0.9000 0.9000 0.9000 0.9000 0.9000 0.9000 0.9000 0.9000 0.9000 0.9000 0.9000 0.9000 0.9000 0.9000 0.9000 0.9000 0.9000 0.9000 0.9000 0.9000 0.9000 0.9000 0.9000 0.9000 0.9000 0.9000 0.9000 0.9000 0.9000 0.9000 0.9000 0.9000 0.9000 0.9000 0.9000 0.9000 0.9000 0.9000 0.9000 0.9000 0.9000 0.9000 0.9000 0.9000 0.9000 0.9000 0.9000 0.9000 0.9000 0.9000 0.9000 0.9000 0.9000 0.9000 0.9000 0.9000 0.9000 0.9000 0.9000 0.9000 0.9000 0.9000 0.9000 0.9000 0.9000 0.9000 0.9000 0.9000 0.9000 0.9000 0.9000 0.9000 0.9000 0.9000 0.9000 0.9000 0.9000 0.9000 0.9000 0.9000 0.9000 0.9000 0.9000 0.9000 0.9000 0.9000 0.9000 0.9000 0.9000 0.9000 0.9000 0.9000 0.9000 0.9000 0.9000 0.9000 0.9000 0.9000 0.9000 0.9000 0.9000 0.9000 0.9000 0.9000 0.9000 0.9000 0.9000 0.9000 0.9000 0.9000 0.9000 0.9000 0.9000 0.9000 0.9000 0.9000 0.9000 0.9000 0.9000 0.9000 0.9000 0.9000 0.9000 0.9000 0.9000 0.9000 0.9000 0.9000 0.9000 0.9000 0.9000 0.9000 0.9000 0.9000 0.9000 0.9000 0.9000 0.9000 0.9000 0.9000 0.9000 0.9000 0.9000 0.9000 0.9000 0.9000 0.9000 0.9000 0.9000 0.9000 0.9000 0.9000 0.9000 0.9000 0.9000 0.9000 0.9000 0.9000 0.9000 0.9000 0.9000 0.9000 0.9000 0.9000 0.9000 0.9000 0.9000 0.9000 0.9000 0.9000 0.9000 0.9000 0.9000 0.9000 0.9000 0.9000 0.9000 0.9000 0.9000 0.9000 0.9000 0.9000 0.9000 0.9000 0.9000 0.9000 0.9000 0.9000 0.9000 0.9000 0.9000 0.9000 0.9000 0.9000 0.9000 0.9000 0.9000 0.9000 0.9000 0.9000 0.9000 0.9000 0.9000 0.9000 0.9000 0.9000 0.9000 0.9000 0.9000 0.9000 0.9000 0.9000 0.9000 0.9000 0.9000 0.9000 0.9000 0.9000 0.9000 0.9000 0.9000 0.9000 0.9000 0.9000 0.9000 0.9000 0.9000 0.9000 0.9000 0.9000 0.9000 0.9000 0.9000 0.9000 0.9000 0.9000 0.9000 0.9000 0.9000 0.9000 0.9000 0.9000 0.9000 0.9000 0.9000 0.9000 0.9000 0.9000 0.9000 0.9000 0.9000 0.9000 0.9000 0.9000 0.9000 0.9000 0.9000 0.9000 0.9000 0.9000 0.9000 0.9000 0.9000 0.9000 0.9000 0.9000 0.9000 0.9000 0.9000 0.9000 0.9000 0.9000 0.9000 0.9000 0.9000 0.9000 0.9000 0.9000 0.9000 0.9000 0.9000 0.9000 0.9000 0.9000 0.9000 0.9000 0.9000 0.9000 0.9000 0.9000 0.9000 0.9000 0.9000 0.9000 0.9000 0.9000 0.9000 0.9000 0.9000 0.9000 0.9000 0.9000 0.9000 0.9000 0.9000 0.9000 0.9000 0.9000 0.9000 0.9000 0.9000 0.9000 0.9000 0.9000 0.9000 0.9000 0.9000 0.9000 0.9000 0.9000 0.9000 0.9000 0.9000 0.9000 0.9000 0.9000 0.9000 0.9000 0.9000 0.9000 0.9000 0.9000 0.9000 0.9000 0.9000 0.9000 0.9000 0.9000 0.9000 0.9000 0.9000 0.9000 0.9000 0.9000 0.9000 0.9000 0.9000 0.9000 0.9000 0.9000 0.9000 0.9000 0.9000 0.9000 0.9000 0.9000 0.9000 0.9000 0.9000 0.9000 0.9000 0.9000 0.9000 0.9000 0.9000 0.9000 0.9000 0.9000 0.9000 0.9000 0.9000 0.9000 0.9000 0.9000 0.9000 0.9000 0.9000 0.9000 0.9000 0.9000 0.9000 0.9000 0.9000 0.9000 0.9000 0.9000 0.9000 0.9000 0.9000 0.9000 0.9000 0.9000 0.9000 0.9000 0.9000 0.9000 0.9000 0.9000 0.9000 0.9000 0.9000 0.9000 0.9000 0.9000 0.9000 0.9000 0.9000 0.9000 0.9000 0.9000 0.9000 0.9000 0.9000 0.9000 0.9000 0.9000 0.9000 0.9000 0.9000 0.9000 0.9000 0.9000 0.9000 0.9000 0.9000 0.9000 0.9000 0.9000 0.9000 0.9000 0.9000 0.9000 0.9000 0.9000 0.9000 0.9000 0.9000 0.9000 0.9000 0.9000 0.9000 0.9000 0.9000 0.9000 0.9000 0.9000 0.9000 0.9000 0.9000 0.9000 0.9000 0.9000 0.9000 0.9000 0.9000 0.9000 0.9000 0.9000 0.9000 0.9000 0.9000 0.9000 0.9000 0.9000 0.9000 0.9000 0.9000 0.9000 0.9000 0.9000 0.9000 0.9000 0.9000 0.9000 0.9000 0.9000 0.9000 0.9000 0.9000 0.9000 0.9000 0.9000 0.9000 0.9000 0.9000 0.9000 0.9000 0.9000 0.9000 0.9000 0.9000 0.9000 0.9000 0.9000 0.9000 0.9000 0.9000 0.9000 0.9000 0.9000 0.9000 0.9000 0.9000 0.9000 0.9000 0.9000 0.9000 0.9000 0.9000 0.9000 0.9000 0.9000 0.9000 0.9000 0.9000 0.9000 0.9000 0.9000 0.9000 0.9000 0.9000 0.9000 0.9000 0.9000 0.9000 0.9000 0.9000 0.9000 0.9000 0.9000 0.9000 0.9000 0.9000 0.9000 0.9000 0.9000 0.9000 0.9000 0.9000 0.9000 0.9000 0.9000 0.9000 0.9000 0.9000 0.9000 0.9000 0.9000 0.9000 0.9000 0.9000 0.9000 0.9000 0.9000 0.9000 0.9000 0.9000 0.9000 0.9000 0.9000 0.9000 0.9000 0.9000 0.9000 0.9000 0.9000 0.9000 0.9000 0.9000 0.9000 0.9000 0.9000 0.9000 0.9000 0.9000 0.9000 0.9000 0.9000 0.9000 0.9000 0.9000 0.9000 0.9000 0.9000 0.9000 0.9000 0.9000 0.9000 0.9000 0.9000 0.9000 0.9000 0.9000 0.9000 0.9000 0.9000 0.9000 0.9000 0.9000 0.9000 0.9000 0.9000 0.9000 0.9000 0.9000 0.9000 0.9000 0.9000 0.9000 0.9000 0.9000 0.9000 0.9000 0.9000 0.9000 0.9000 0.9000 0.9000 0.9000 0.9000 0.9000 0.9000 0.9000 0.9000 0.9000 0.9000 0.9000 0.9000 0.9000 0.9000 0.9000 0.9000 0.9000 0.9000 0.9000 0.9000 0.9000 0.9000 0.9000 0.9000 0.9000 0.9000 0.9000 0.9000 0.9000 0.9000 0.9000 0.9000 0.9000 0.9000 0.9000 0.9000 0.9000 0.9000 0.9000 0.9000 0.9000 0.9000 0.9000 0.9000 0.9000 0.9000 0.9000 0.9000 0.9000 0.9000 0.9000 0.9000 0.9000 0.9000 0.9000 0.9000 0.9000 0.9000 0.9000 0.9000 0.9000 0.9000 0.9000 0.9000 0.9000 0.9000 0.9000 0.9000 0.9000 0.9000 0.9000 0.9000 0.9000 0.9000 0.9000 0.9000 0.9000 0.9000 0.9000 0.9000 0.9000 0.9000 0.9000 0.9000 0.9000 0.9000 0.9000 0.9000 0.9000 0.9000 0.9000 0.9000 0.9000 0.9000 0.9000 0.9000 0.9000 0.9000 0.9000 0.9000 0.9000 0.9000 0.9000 0.9000 0.9000 0.9000 0.9000 0.9000 0.9000 0.9000 0.9000 0.9000 0.9000 0.9000 0.9000 0.9000 0.9000 0.9000 0.9000 0.9000 0.9000 0.9000 0.9000 0.9000 0.9000 0.9000 0.9000 0.9000 0.9000 0.9000 0.9000 0.9000 0.9000 0.9000 0.9000 0.9000 0.9000 0.9000 0.9000 0.9000 0.9000 0.9000 0.9000 0.9000 0.9000 0.9000 0.9000 0.9000 0.9000 0.9000 0.9000 0.9000 0.9000 0.9000 0.9000 0.9000 0.9000 0.9000 0.9000 0.9000 0.9000 0.9000 0.9000 0.9000 0.9000 0.9000 0.9000 0.9000 0.9000 0.9000 0.9000 0.9000 0.9000 0.9000 0.9000 0.9000 0.9000 0.9000 0.9000 0.9000 0.9000 0.9000 0.9000 0.9000 0.9000 0.9000 0.9000 0.9000 0.9000 0.9000 0.9000 0.9000 0.9000 0.9000 0.9000 0.9000 0.9000 0.9000 0.9000 0.9000 0.9000 0.9000 0.9000 0.9000 0.9000 0.9000 0.9000 0.9000 0.9000 0.9000 0.9000 0.9000 0.9000 0.9000 0.9000 0.9000 0.9000 0.9000 0.9000 0.9000 0.9000 0.9000 0.9000 0.9000 0.9000 0.9000 0.9000 0.9000 0.9000 0.9000 0.9000 0.9000 0.9000 0.9000 0.9000 0.9000 0.9000 0.9000 0.9000 0.9000 0.9000 0.9000 0.9000 0.9000 0.9000 0.9000 0.9000 0.9000 0.9000 0.9000 0.9000 0.9000 0.9000 0.9000 0.9000 0.9000 0.9000 0.9000 0.9000 0.9000 0.9000 0.9000 0.9000 0.9000 0.9000 0.9000 0.9000 0.9000 0.9000 0.9000 0.9000 0.9000 0.9000 0.9000 0.9000 0.9000 0.9000 0.9000 0.9000 0.9000 0.9000 0.9000 0.9000 0.9000 0.9000 0.9000 0.9000 0.9000 0.9000 0.9000 0.9000 0.9000 0.9000 0.9000 0.9000 0.9000 0.9000 0.9000 0.9000 0.9000 0.9000 0.9000 0.9000 0.9000 0.9000 0.9000 0.9000 0.9000 0.9000 0.9000 0.9000 0.9000 0.9000 0.9000 0.9000 0.9000 0.9000 0.9000 0.9000 0.9000 0.9000 0.9000 0.9000 0.9000 0.9000 0.9000 0.9000 0.9000 0.9000 0.9000 0.9000 0.9000 0.9000 0.9000 0.9000 0.9000 0.9000 0.9000 0.9000 0.9000 0.9000 0.9000 0.9000 0.9000 0.9000 0.9000 0.9000 0.9000 0.9000 0.9000 0.9000 0.9000 0.9000 0.9000 0.9000 0.9000 0.9000 0.9000 0.9000 0.9000 0.9000 0.9000 0.9000 0.9000 0.9000 0.9000 0.9000 0.9000 0.9000 0.9000 0.9000 0.9000 0.9000 0.9000 0.9000 0.9000 0.9000 0.9000 0.9000 0.9000 0.9000 0.9000 0.9000 0.9000 0.9000 0.9000 0.9000 0.9000 0.9000 0.9000 0.9000 0.9000 0.9000 0.9000 0.9000 0.9000 0.9000 0.9000 0.9000 0.9000 0.9000 0.9000 0.9000 0.9000 0.9000 0.9000 0.9000 0.9000 0.9000 0.9000 0.9000 0.9000 0.9000 0.9000 0.9000 0.9000 0.9000 0.9000 0.9000 0.9000 0.9000 0.9000 0.9000 0.9000 0.9000 0.9000 0.9000 0.9000 0.9000 0.9000 0.9000 0.9000 0.9000 0.9000 0.9000 0.9000 0.9000 0.9000 0.9000 0.9000 0.9000 0.9000 0.9000 0.9000 0.9000 0.9000 0.9000 0.9000 0.9000 0.9000 0.9000 0.9000 0.9000 0.9000 0.9000 0.9000 0.9000 0.9000 0.9000 0.9000 0.9000 0.9000 0.9000 0.9000 0.9000 0.9000 0.9000 0.9000 0.9000 0.9000 0.9000 0.9000 0.9000 0.9000 0.9000 0.9000 0.9000 0.9000 0.9000 0.9000 0.9000 0.9000 0.9000 0.9000 0.9000 0.9000 0.9000 0.9000 0.9000 0.9000 0.9000 0.9000 0.9000 0.9000 0.9000 0.9000 0.9000 0.9000 0.9000 0.9000 0.9000 0.9000 0.9000 0.9000 0.9000 0.9000 0.9000 0.9000 0.9000 0.9000 0.9000 0.9000 0.9000 0.9000 0.9000 0.9000 0.9000 0.9000 0.9000 0.9000 0.9000 0.9000 0.9000 0.9000 0.9000 0.9000 0.9000 0.9000 0.9000 0.9000 0.9000 0.9000 0.9000 0.9000 0.9000 0.9000 0.9000 0.9000 0.9000 0.9000 0.9000 0.9000 0.9000 0.9000 0.9000 0.9000 0.9000 0.9000 0.9000 0.9000 0.9000 0.9000 0.9000 0.9000 0.9000 0.9000 0.9000 0.9000 0.9000 0.9000 0.9000 0.9000 0.9000 0.9000 0.9000 0.9000 0.9000 0.9000 0.9000 0.9000 0.9000 0.9000 0.9000 0.9000 0.9000 0.9000 0.9000 0.9000 0.9000 0.9000 0.9000 0.9000 0.9000 0.9000 0.9000 0.9000 0.9000 0.9000 0.9000 0.9000 0.9000 0.9000 0.9000 0.9000 0.9000 0.9000 0.9000 0.9000 0.9000 0.9000 0.9000 0.9000 0.9000 0.9000 0.9000 0.9000 0.9000 0.9000 0.9000 0.9000 0.9000 0.9000 0.9000 0.9000 0.9000 0.9000 0.9000 0.9000 0.9000 0.9000 0.9000 0.9000 0.9000 0.9000 0.9000 0.9000 0.9000 0.9000 0.9000 0.9000 0.9000 0.9000 0.9000 0.9000 0.9000 0.9000 0.9000 0.9000 0.9000 0.9000 0.9000 0.9000 0.9000 0.9000 0.9000 0.9000 0.9000 0.9000 0.9000 0.9000 0.9000 0.9000 0.9000 0.9000 0.9000 0.9000 0.9000 0.9000 0.9000 0.9000 0.9000 0.9000 0.9000 0.9000 0.9000 0.9000 0.9000 0.9000 0.9000 0.9000 0.9000 0.9000 0.9000 0.9000 0.9000 0.9000 0.9000 0.9000 0.9000 0.9000 0.9000 0.9000 0.9000 0.9000 0.9000 0.9000 0.9000 0.9000 0.9000 0.9000 0.9000 0.9000 0.9000 0.9000 0.9000 0.9000 0.9000 0.9000 0.9000 0.9000 0.9000 0.9000 0.9000 0.9000 0.9000 0.9000 0.9000 0.9000 0.9000 0.9000 0.9000 0.9000 0.9000 0.9000 0.9000 0.9000 0.9000 0.9000 0.9000 0.9000 0.9000 0.9000 0.9000 0.9000 0.9000 0.9000 0.9000 0.9000 0.9000 0.9000 0.9000 0.9000 0.9000 0.9000 0.9000 0.9000 0.9000 0.9000 0.9000 0.9000 0.9000 0.9000 0.9000 0.9000 0.9000 0.9000 0.9000 0.9000 0.9000 0.9000 0.9000 0.9000 0.9000 0.9000 0.9000 0.9000 0.9000 0.9000 0.9000 0.9000 0.9000 0.9000 0.9000 0.9000 0.9000 0.9000 0.9000 0.9000 0.9000 0.9000 0.9000 0.9000 0.9000 0.9000 0.9000 0.9000 0.9000 0.9000 0.9000 0.9000 0.9000 0.9000 0.9000 0.9000 0.9000 0.9000 0.9000 0.9000 0.9000 0.9000 0.9000 0.9000 0.9000 0.9000 0.9000 0.9000 0.9000 0.9000 0.9000 0.9000 0.9000 0.9000 0.9000 0.9000 0.9000 0.9000 0.9000 0.9000 0.9000 0.9000 0.9000 0.9000 0.9000 0.9000 0.9000 0.9000 0.9000 0.9000 0.9000 0.9000 0.9000 0.9000 0.9000 0.9000 0.9000 0.9000 0.9000 0.9000 0.9000 0.9000 0.9000 0.9000 0.9000 0.9000 0.9000 0.9000 0.9000 0.9000 0.9000 0.9000 0.9000 0.9000 0.9000 0.9000 0.9000 0.9000 0.9000 0.9000 0.9000 0.9000 0.9000 0.9000 0.9000 0.9000 0.9000 0.9000 0.9000 0.9000 0.9000 0.9000 0.9000 0.9000 0.9000 0.9000 0.9000 0.9000 0.9000 0.9000 0.9000 0.9000 0.9000 0.9000 0.9000 0.9000 0.9000 0.9000 0.9000 0.9000 0.9000 0.9000 0.9000 0.9000 0.9000 0.9000 0.9000 0.9000 0.9000 0.9000 0.9000 0.9000 0.9000 0.9000 0.9000 0.9000 0.9000 0.9000 0.9000 0.9000 0.9000 0.9000 0.9000 0.9000 0.9000 0.9000 0.9000 0.9000 0.9000 0.9000 0.9000 0.9000 0.9000 0.9000 0.9000 0.9000 0.9000 0.9000 0.9000 0.9000 0.9000 0.9000 0.9000 0.9000 0.9000 0.9000 0.9000 0.9000 0.9000 0.9000 0.9000 0.9000 0.9000 0.9000 0.9000 0.9000 0.9000 0.9000 0.9000 0.9000 0.9000 0.9000 0.9000 0.9000 0.9000 0.9000 0.9000 0.9000 0.9000 0.9000 0.9000 0.9000 0.9000 0.9000 0.9000 0.9000 0.9000 0.9000 0.9000 0.9000 0.9000 0.9000 0.9000 0.9000 0.9000 0.9000 0.9000 0.9000 0.9000 0.9000 0.9000 0.9000 0.9000 0.9000 0.9000 0.9000 0.9000 0.5357 0.6406 0.8119 0.6235 0.8141 0.7967 0.7962 0.6421 0.8269 0.5856 0.6982 0.7763 0.8202 0.7933 0.8491 0.5483 0.8314 0.7215 0.7801 0.6660 0.7695 0.7818 0.6748 0.5489 0.6985 0.8060 0.8117 0.7331 0.7174 0.7093 0.8325 0.7391 0.6075 0.6981 0.7420 0.8138 0.8062 0.7058 0.6927 0.7459 0.8157 0.7773 0.6980 0.7331 0.6764 0.8259 0.7454 0.7303 0.7262 0.6235 0.5422 0.6052 0.7136 0.7318 0.7721 0.7679 0.5804 0.7502 0.6244 0.7709 0.8431 0.7904 0.6601 0.5944 0.7465 0.7474 0.7631 0.6893 0.7876 0.8111 0.6951 0.7384 0.6647 0.6805 0.8094 0.7147 0.8340 0.7950 0.5671 0.6830 0.5146 0.7785 0.6601 0.8220 0.8313 0.7319 0.5734 0.7640 0.8257 0.7244 0.6739 0.7284 0.7756 0.6735 0.7870 0.7019 0.6018 0.7994 0.7813 0.7649 0.6770 0.6617 0.8083 0.7645 0.8495 0.6492 0.6603 0.8081 0.8184 0.8432 0.7861 0.6919 0.7777 0.6499 0.5959 0.6995 0.6773 0.8064 0.6172 0.6476 0.8702 0.7189 0.7687 0.6206 0.7985 0.7501 0.7905 0.7879 0.7999 0.7135 0.6927 0.6748 0.8124 0.7759 0.7299 0.7240 0.7368 0.8122 0.7983 0.6137 0.7629 0.8303 0.7934 0.6951 0.6225 0.7612 0.6549 0.6199 0.7074 0.7417 0.8794 0.6412 0.7047 0.6877 0.5586 0.8395 0.6887 0.5421 0.7334 0.7858 0.8038 0.7681 0.8328 0.6109 0.7145 0.7166 0.7515 0.6470 0.6925 0.7585 0.7660 0.6718 0.7500 0.6938 0.7893 0.6799 0.6558 0.6265 0.8098 0.8428 0.5629 0.6901 0.5794 0.8150 0.8118 0.7633 0.8351 0.7663 0.7778 0.7737 0.7781 0.8312 0.6334 0.6526 0.6186 0.6090 0.7818 0.7011 0.8304 0.6051 0.7153 0.7445 0.6446 0.6251 0.6989 0.8188 0.7866 0.8391 0.5493 0.5665 0.8037 0.7114 0.6039 0.7775 0.7627 0.7830 0.6349 0.6837 0.7710 0.7075 0.6172 0.6748 0.8063 0.5878 0.8195 0.6968 0.6552 0.7943 0.7600 0.5947 0.7098 0.7831 0.7489 0.7951 0.7969 0.8032 0.6478 0.7404 0.7615 0.7341 0.6760 0.7706 0.7458 0.7876 0.8486 0.7123 0.5866 0.6239 0.4910 0.8192 0.5988 0.6165 0.7028 0.6670 0.7076 0.7538 0.7841 0.8270 0.7934 0.7424 0.7729 0.8124 0.7673 0.6926 0.6992 0.5973 0.5850 0.6393 0.7296 0.8590 0.6053 0.6810 0.6473 0.6700 0.7780 0.6915 0.7396 0.7726 0.7309 0.8224 0.7754 0.6406 0.8299 0.7422 0.7483 0.7865 0.7803 0.7761 0.5561 0.7933 0.7522 0.8141 0.7577 0.6624 0.6055 0.7101 0.7634 0.6027 0.7559 0.7511 0.7060 0.7444 0.8226 0.6157 0.7752 0.7783 0.7499 0.7119 0.7476 0.7010 0.7854 0.6597 0.7238 0.7099 0.6666 0.7406 0.5690 0.6793 0.7540 0.5774 0.6440 0.6474 0.6733 0.7872 0.6940 0.6667 0.7641 0.8409 0.7009 0.8235 0.7923 0.7100 0.7602 0.7314 0.8212 0.7088 0.7538 0.7664 0.7621 0.6746 0.8152 0.8134 0.7891 0.6894 0.7552 0.6997 0.8072 0.7778 0.7604 0.7211 0.6189 0.5676 0.8310 0.7845 0.6404 0.6486 0.5827 0.7663 0.7458 0.7895 0.7598 0.6239 0.6552 0.7121 0.7439 0.7765 0.4476 0.7489 0.6065 0.8358 0.7154 0.7963 0.7875 0.7331 0.7860 0.6790 0.7885 0.8039 0.6990 0.6086 0.5349 0.8103 0.7172 0.7832 0.7234 0.7696 0.7427 0.6649 0.8122 0.7197 0.5895 0.7504 0.8403 0.6501 0.8127 0.6722 0.6378 0.7707 0.7534 0.8141 0.7230 0.7050 0.6533 0.8542 0.7607 0.7421 0.7212 0.7714 0.7482 0.6522 0.6879 0.6716 0.6928 0.7655 0.6631 0.5918 0.6645 0.8105 0.5689 0.7719 0.5068 0.7730 0.7356 0.8237 0.7767 0.6152 0.6294 0.8334 0.7459 0.6865 0.7549 0.7585 0.7306 0.6135 0.7777 0.8818 0.7751 0.7838 0.7773 0.7629 0.7008 0.6167 0.8360 0.6215 0.6667 0.6647 0.8284 0.6916 0.8321 0.6824 0.8210 0.6682 0.6606 0.7060 0.5669 0.7444 0.6400 0.7720 0.8037 0.7813 0.7314 0.7442 0.6452 0.6527 0.7789 0.6498 0.6711 0.6757 0.6581 0.6707 0.7929 0.8553 0.7668 0.8023 0.7875 0.6985 0.7822 0.8125 0.5937 0.7683 0.6359 0.7661 0.7574 0.8322 0.6680 0.7965 0.5628 0.7480 0.6633 0.7412 0.7961 0.7645 0.7319 0.5685 0.6503 0.7779 0.6092 0.6287 0.6543 0.6831 0.7894 0.7448 0.6194 0.7875 0.7123 0.7665 0.6142 0.5762 0.5925 0.6601 0.7655 0.5892 0.7294 0.6910 0.8002 0.7500 0.7221 0.7477 0.7720 0.4703 0.7886 0.6460 0.8036 0.6830 0.7805 0.6563 0.8246 0.6668 0.7846 0.5764 0.7935 0.7413 0.7627 0.6529 0.7530 0.8092 0.7575 0.7537 0.7186 0.7846 0.7120 0.7650 0.7765 0.7916 0.7553 0.8020 0.5707 0.6774 0.7232 0.7369 0.6263 0.8173 0.7576 0.6955 0.5704 0.8331 0.7742 0.7637 0.7853 0.6654 0.8507 0.8121 0.7731 0.7962 0.7503 0.7475 0.7075 0.6795 0.7325 0.7985 0.7663 0.7259 0.6391 0.7487 0.7064 0.8125 0.7994 0.6986 0.7467 0.8130 0.7150 0.7679 0.7934 0.8204 0.8006 0.7906 0.6479 0.7849 0.8250 0.5140 0.7513 0.6460 0.7033 0.8081 0.8434 0.6410 0.7406 0.8427 0.8043 0.6495 0.6156 0.7236 0.7819 0.6900 0.7759 0.6558 0.7513 0.6144 0.5707 0.7480 0.6235 0.7457 0.6634 0.7847 0.7658 0.7789 0.7440 0.8345 0.8430 0.7413 0.6809 0.7087 0.8213 0.7568 0.7514 0.7180 0.7148 0.7240 0.5811 0.8503 0.8336 0.7470 0.7814 0.6560 0.6854 0.8221 0.7330 0.8519 0.7900 0.6960 0.7907 0.7295 0.7929 0.8288 0.7507 0.6337 0.6914 0.7245 0.6143 0.8284 0.7875 0.8108 0.7949 0.6711 0.7168 0.6559 0.6540 0.6276 0.7400 0.5850 0.7266 0.7925 0.6060 0.7365 0.7417 0.7657 0.7940 0.5907 0.6071 0.6066 0.7144 0.7495 0.7289 0.8004 0.7752 0.7552 0.6934 0.7041 0.7480 0.6952 0.7342 0.7433 0.7987 0.8549 0.7467 0.7839 0.7414 0.7016 0.7974 0.8105 0.7117 0.7408 0.6842 0.8532 0.7597 0.7630 0.5985 0.6703 0.7486 0.6580 0.8520 0.6052 0.7057 0.6662 0.8057 0.7425 0.5997 0.6403 0.7921 0.7948 0.6680 0.7581 0.6905 0.7679 0.8828 0.7481 0.7857 0.7237 0.7210 0.7767 0.7461 0.7068 0.8031 0.7985 0.7397 0.7551 0.7921 0.7676 0.5835 0.6524 0.8533 0.8156 0.7043 0.6569 0.8276 0.7433 0.8081 0.6765 0.7290 0.6930 0.7397 0.7704 0.5500 0.7664 0.6599 0.7284 0.7880 0.5155 0.6531 0.7965 0.6602 0.7033 0.6715 0.6830 0.7772 0.7724 0.6617 0.7089 0.7873 0.7930 0.6625 0.8500 0.8190 0.5888 0.7153 0.7722 0.6526 0.7188 0.8038 0.6825 0.7103 0.8101 0.7767 0.5444 0.8157 0.8084 0.8104 0.7995 0.6160 0.6384 0.7509 0.7259 0.6332 0.6405 0.7647 0.6165 0.7422 0.6869 0.5863 0.7786 0.6494 0.7422 0.6275 0.8450 0.7312 0.8146 0.6776 0.6473 0.8591 0.8106 0.8089 0.6966 0.7590 0.7590 0.7650 0.6966 0.7798 0.7316 0.6389 0.7054 0.6764 0.7247 0.6926 0.6923 0.7757 0.7825 0.7363 0.5948 0.8193 0.6442 0.7018 0.6901 0.6773 0.5962 0.7612 0.6625 0.6827 0.6794 0.7197 0.8163 0.6975 0.7452 0.6808 0.7713 0.7591 0.7454 0.7954 0.6008 0.8217 0.6842 0.7585 0.7381 0.6396 0.7030 0.5358 0.7857 0.8383 0.5868 0.7564 0.6098 0.6660 0.6170 0.8007 0.7496 0.8314 0.7935 0.7455 0.7809 0.6137 0.6188 0.7459 0.5591 0.7588 0.7681 0.7169 0.6653 0.6660 0.8225 0.6320 0.8622 0.7978 0.7235 0.5818 0.6825 0.6714 0.7256 0.7925 0.6768 0.6157 0.8043 0.8225 0.6588 0.6702 0.8287 0.8111 0.7975 0.6944 0.6018 0.6390 0.7628 0.5914 0.6870 0.5933 0.5050 0.6569 0.6186 0.7382 0.7841 0.7329 0.7699 0.7263 0.6017 0.7405 0.7830 0.8036 0.6158 0.7850 0.6917 0.5651 0.7504 0.7817 0.7424 0.8382 0.8666 0.7062 0.7860 0.5128 0.6768 0.7191 0.7715 0.8290 0.6205 0.7168 0.7807 0.6405 0.8283 0.7902 0.8295 0.5683 0.6968 0.8280 0.8301 0.7713 0.7345 0.7385 0.6653 0.8156 0.8118 0.7138 0.7499 0.8124 0.8148 0.7712 0.6004 0.7836 0.8204 0.8451 0.7148 0.6351 0.6811 0.8354 0.7084 0.8122 0.6912 0.6336 0.6176 0.7526 0.7063 0.8083 0.6946 0.6098 0.7318 0.7171 0.8592 0.6711 0.6171 0.7718 0.7412 0.8306 0.8141 0.7406 0.7684 0.7684 0.6231 0.7201 0.7554 0.8802 0.7728 0.6276 0.7788 0.7913 0.7898 0.6268 0.7890 0.5254 0.7315 0.5195 0.6671 0.7556 0.8105 0.8429 0.5648 0.5140 0.6116 0.6111 0.8523 0.7018 0.6682 0.6455 0.6033 0.8212 0.7764 0.8351 0.7935 0.6560 0.6823 0.6708 0.6197 0.7262 0.8106 0.8181 0.7686 0.8005 0.8097 0.7030 0.6655 0.7435 0.8122 0.8444 0.7274 0.6841 0.7281 0.7176 0.7789 0.7565 0.8547 0.8069 0.6390 0.7646 0.6806 0.7131 0.6699 0.7411 0.5954 0.7451 0.8782 0.8023 0.7134 0.6924 0.6092 0.7616 0.7382 0.5909 0.7747 0.8078 0.7864 0.7449 0.7456 0.6358 0.6139 0.7493 0.7509 0.7134 0.6803 0.7645 0.6037 0.6896 0.8408 0.5930 0.7284 0.8123 0.6072 0.8055 0.6641 0.8359 0.7997 0.7679 0.6406 0.8444 0.7947 0.7693 0.6975 0.8308 0.7837 0.8519 0.7432 0.7468 0.8381 0.6939 0.7280 0.8259 0.5526 0.7040 0.8275 0.6311 0.6980 0.7120 0.6933 0.6660 0.7853 0.8778 0.7132 0.7710 0.6165 0.6501 0.8083 0.7641 0.7522 0.7598 0.6236 0.6258 0.5427 0.6957 0.5461 0.8481 0.6881 0.6589 0.7305 0.5831 0.7976 0.5146 0.6550 0.7151 0.6105 0.7315 0.7900 0.7547 0.8089 0.6033 0.7332 0.7563 0.6120 0.6554 0.6244 0.8256 0.7059 0.7514 0.6904 0.7868 0.7500 0.8326 0.8142 0.7585 0.7253 0.8118 0.8262 0.7472 0.8050 0.4898 0.6411 0.7427 0.6979 0.5550 0.5307 0.8122 0.7792 0.6999 0.7368 0.8169 0.7230 0.6281 0.7204 0.7005 0.7353 0.7883 0.7842 0.7081 0.6563 0.5866 0.8569 0.5065 0.8099 0.8377 0.6623 0.7311 0.6716 0.7882 0.7086 0.7402 0.7813 0.7064 0.8274 0.6764 0.8845 0.6491 0.6719 0.7147 0.8115 0.7741 0.8075 0.6945 0.5632 0.7680 0.7261 0.7109 0.7865 0.7855 0.6531 0.8206 0.5960 0.7389 0.6751 0.6643 0.7691 0.7418 0.7525 0.7579 0.7799 0.6388 0.8051 0.7943 0.7282 0.7994 0.6700 0.7310 0.7608 0.8479 0.8557 0.7912 0.7123 0.7446 0.6038 0.8308 0.7684 0.7211 0.6282 0.7604 0.7571 0.8010 0.7186 0.6026 0.5541 0.6569 0.6489 0.5933 0.6994 0.5248 0.6995 0.6892 0.8246 0.8159 0.6884 0.6648 0.7502 0.7876 0.7413 0.5961 0.7600 0.6316 0.6299 0.5868 0.5807 0.6951 0.6694 0.6311 0.5573 0.6872 0.8299 0.7271 0.7269 0.7610 0.7813 0.6312 0.7249 0.7374 0.7889 0.6555 0.8073 0.6398 0.8019 0.7292 0.5139 0.5358 0.7375 0.6150 0.5579 0.7141 0.6067 0.5765 0.7708 0.7418 0.7606 0.7673 0.7309 0.8088 0.7586 0.8466 0.7106 0.7898 0.8471 0.8370 0.7652 0.7912 0.6686 0.7674 0.7689 0.8211 0.7765 0.5877 0.7077 0.6749 0.7917 0.7885 0.8198 0.7919 0.7926 0.5716 0.7075 0.7683 0.8302 0.8077 0.6537 0.7221 0.7218 0.7628 0.6651 0.7609 0.8020 0.7174 0.7897 0.7221 0.6674 0.6632 0.6665 0.6434 0.8538 0.6779 0.5196 0.7000 0.7410 0.6055 0.6918 0.8132 0.7691 0.7473 0.7886 0.6488 0.6565 0.7784 0.6733 0.6380 0.7248 0.6341 0.5187 0.7965 0.8511 0.7399 0.8275 0.7883 0.7783 0.6992 0.7231 0.7142 0.8470 0.7577 0.7692 0.6614 0.7186 0.7689 0.7620 0.7028 0.5698 0.7539 0.6173 0.6697 0.7521 0.6615 0.7782 0.8033 0.7057 0.6554 0.7316 0.7515 0.8155 0.7296 0.6774 0.8081 0.6945 0.6655 0.7702 0.5029 0.7614 0.6401 0.7658 0.7803 0.5912 0.7442 0.6347 0.5185 0.7965 0.7954 0.7609 0.8311 0.7835 0.6437 0.6240 0.7881 0.7667 0.7304 0.7323 0.7750 0.7785 0.6576 0.6940 0.6515 0.5431 0.6816 0.6531 0.8112 0.6195 0.7182 0.5935 0.6022 0.8044 0.8165 0.7384 0.8009 0.7979 0.8374 0.7851 0.7288 0.8421 0.7715 0.7658 0.8241 0.7434 0.7525 0.8651 0.7399 0.7973 0.6886 0.6796 0.7930 0.6819 0.6093 0.8021 0.7297 0.7354 0.7991 0.8112 0.6269 0.8380 0.7445 0.8029 0.7753 0.8014 0.7917 0.6511 0.5881 0.7614 0.8232 0.7405 0.8216 0.7026 0.6906 0.5796 0.8161 0.6704 0.7672 0.6362 0.7829 0.7583 0.7046 0.6933 0.5647 0.6773 0.8293 0.7580 0.6774 0.7484 0.7164 0.7260 0.7879 0.7694 0.8074 0.8423 0.7357 0.7615 0.7963 0.7548 0.6742 0.6036 0.7166 0.6989 0.8174 0.6610 0.7231 0.7980 0.7571 0.7861 0.7898 0.6476 0.6528 0.7977 0.7157 0.5884 0.7043 0.6965 0.6758 0.8294 0.7482 0.7374 0.6058 0.6578 0.7218 0.6836 0.8220 0.8564 0.6663 0.7478 0.7502 0.6849 0.6912 0.6436 0.7754 0.7803 0.8055 0.8248 0.6598 0.5861 0.7508 0.7782 0.7164 0.6399 0.8023 0.7111 0.8224 0.6768 0.8056 0.6229 0.8179 0.7268 0.7348 0.6210 0.7912 0.7157 0.5864 0.7858 0.6893 0.5760 0.7564 0.7323 0.7871 0.6058 0.8087 0.6884 0.5983 0.7733 0.7954 0.6618 0.8129 0.6683 0.7904 0.7587 0.8301 0.7813 0.6368 0.6678 0.7116 0.6329 0.7493 0.6878 0.6755 0.7936 0.8130 0.8332 0.6398 0.6617 0.8413 0.7773 0.6871 0.6310 0.7712 0.5861 0.6699 0.6428 0.6657 0.6453 0.6711 0.7732 0.7042 0.7520 0.6703 0.7328 0.8559 0.8291 0.6189 0.7149 0.7790 0.6168 0.7970 0.5628 0.6460 0.7674 0.7496 0.6520 0.8184 0.8370 0.8098 0.7006 0.8231 0.8113 0.6356 0.8077 0.6782 0.8112 0.6717 0.7681 0.8263 0.7181 0.7552 0.7635 0.8380 0.8121 0.6992 0.7142 0.7138 0.7611 0.7144 0.7738 0.7890 0.6787 0.8100 0.7350 0.6877 0.7841 0.7103 0.7492 0.6015 0.6368 0.7243 0.7815 0.8060 0.6216 0.7448 0.7644 0.5057 0.7347 0.6906 0.7027 0.5700 0.6739 0.6832 0.8184 0.6584 0.7419 0.6213 0.7716 0.7002 0.8670 0.6631 0.6734 0.6806 0.6951 0.5848 0.6854 0.7375 0.7198 0.7670 0.7320 0.5432 0.8099 0.7510 0.7104 0.6118 0.7537 0.7364 0.7229 0.7277 0.6315 0.8196 0.6457 0.7141 0.5837 0.6938 0.7327 0.7561 0.6875 0.6642 0.8322 0.7524 0.6700 0.7934 0.8085 0.7590 0.6702 0.7085 0.7207 0.7531 0.7902 0.7805 0.7953 0.6337 0.7257 0.7484 0.7165 0.8019 0.8510 0.7832 0.8059 0.7200 0.7461 0.7779 0.8232 0.6908 0.7393 0.7505 0.4321 0.5099 0.6622 0.8298 0.6287 0.6823 0.7781 0.7701 0.7165 0.5174 0.7779 0.7990 0.8436 0.6193 0.8104 0.8071 0.8048 0.7789 0.7364 0.6738 0.6301 0.8037 0.5785 0.7833 0.6751 0.7682 0.5684 0.5735 0.7891 0.8001 0.6736 0.7766 0.7863 0.7684 0.7119 0.6727 0.7565 0.6430 0.6070 0.6360 0.7634 0.7819 0.6566 0.6412 0.6779 0.7095 0.6262 0.8356 0.5485 0.8056 0.7777 0.7807 0.8647 0.7148 0.5909 0.5334 0.7734 0.6984 0.7361 0.6371 0.7145 0.7667 0.6997 0.7531 0.8013 0.7955 0.8247 0.8317 0.6863 0.8079 0.8217 0.6094 0.6037 0.6982 0.7107 0.7538 0.6947 0.6220 0.5673 0.6507 0.7136 0.6711 0.7429 0.6754 0.6608 0.8290 0.6617 0.7339 0.8059 0.5865 0.7932 0.7563 0.7867 0.8017 0.7665 0.8139 0.5651 0.5601 0.7248 0.6869 0.5829 0.7578 0.6812 0.7021 0.6584 0.8020 0.7748 0.7186 0.7919 0.7047 0.7090 0.7275 0.7052 0.7069 0.7410 0.7465 0.6756 0.6825 0.8429 0.7743 0.7326 0.8257 0.6418 0.6434 0.8286 0.6941 0.7584 0.5814 0.6300 0.8252 0.8080 0.6620 0.7881 0.7522 0.8336 0.6895 0.8013 0.6410 0.7261 0.7861 0.5743 0.7720 0.7736 0.7878 0.6607 0.7372 0.7390 0.7645 0.7446 0.8484 0.6831 0.8432 0.7138 0.7438 0.7762 0.7702 0.7303 0.6476 0.7835 0.7049 0.7005 0.7553 0.7648 0.5654 0.6165 0.6742 0.6022 0.7741 0.6585 0.7209 0.8461 0.7597 0.7344 0.7632 0.7990 0.7338 0.7734 0.7917 0.6870 0.7589 0.7692 0.6294 0.7817 0.8300 0.6826 0.6891 0.5416 0.8126 0.7915 0.5783 0.7696 0.6156 0.7812 0.7342 0.8192 0.6691 0.8149 0.8137 0.8516 0.6815 0.6604 0.6106 0.8250 0.7960 0.7844 0.6605 0.5984 0.5740 0.8461 0.6079 0.4914 0.6505 0.7454 0.7296 0.7194 0.7460 0.7212 0.5831 0.7631 0.7398 0.6430 0.6299 0.8146 0.8430 0.8133 0.6716 0.6594 0.8085 0.6328 0.7272 0.7214 0.7481 0.7762 0.8539 0.7383 0.7810 0.7882 0.6648 0.6485 0.7365 0.7396 0.5698 0.8088 0.6879 0.8221 0.7871 0.7035 0.8170 0.6102 0.7577 0.7958 0.7967 0.7339 0.8364 0.6661 0.7842 0.6868 0.6939 0.7865 0.6761 0.7759 0.7997 0.6128 0.7484 0.7884 0.8066 0.5521 0.8607 0.7636 0.8042 0.8121 0.5636 0.7486 0.5720 0.6585 0.7538 0.7746 0.6694 0.7115 0.7622 0.7153 0.7343 0.6869 0.7472 0.7817 0.7749 0.7817 0.7083 0.6553 0.6158 0.8079 0.6295 0.7487 0.8570 0.7676 0.7420 0.6842 0.7715 0.6397 0.8775 0.6253 0.7611 0.8628 0.7704 0.7400 0.6081 0.8156 0.7506 0.5706 0.6766 0.7778 0.7017 0.5958 0.5667 0.6161 0.6540 0.6298 0.6657 0.7757 0.6826 0.6692 0.6637 0.7824 0.8307 0.8524 0.6022 0.6971 0.6962 0.7839 0.7114 0.8310 0.6891 0.6839 0.7602 0.8142 0.6511 0.6834 0.7517 0.6446 0.5969 0.7204 0.7128 0.6340 0.8538 0.8331 0.5222 0.7903 0.7984 0.7663 0.6889 0.6291 0.6082 0.7015 0.7856 0.6188 0.6615 0.8087 0.8292 0.6339 0.5756 0.8335 0.6244 0.6227 0.6531 0.8305 0.7060 0.8116 0.8178 0.8141 0.7625 0.6642 0.5840 0.7451 0.6661 0.7964 0.8119 0.7042 0.7083 0.7938 0.6419 0.7473 0.6301 0.8204 0.7838 0.6651 0.7572 0.6582 0.6929 0.6005 0.8018 0.8616 0.7514 0.7580 0.6726 0.7470 0.6381 0.6707 0.7327 0.7918 0.7719 0.7183 0.7425 0.7026 0.8133 0.7957 0.7290 0.6508 0.5484 0.7142 0.5435 0.7584 0.8232 0.7633 0.6814 0.8004 0.8325 0.6449 0.7828 0.6313 0.7901 0.7157 0.5979 0.7683 0.4889 0.6473 0.8726 0.7818 0.8066 0.7316 0.7683 0.7596 0.7712 0.6647 0.8152 0.6361 0.7017 0.6384 0.6156 0.7261 0.6807 0.7135 0.6897 0.6850 0.6236 0.8993 0.8786 0.8708 0.9004 0.8402 0.8848 0.9004 0.8707 0.8687 0.8413 0.9102 0.8866 0.8794 0.8903 0.8738 0.9106 0.9058 0.9143 0.8870 0.9104 0.9175 0.8830 0.9197 0.8859 0.9006 0.9216 0.8796 0.8870 0.9120 0.8741 0.8824 0.8933 0.8818 0.9187 0.8979 0.9151 0.8661 0.9023 0.9149 0.8805 0.8750 0.8957 0.8602 0.8955 0.8845 0.8806 0.9005 0.9178 0.9108 0.9094 0.9158 0.9263 0.9142 0.9110 0.8927 0.8623 0.9000 0.9213 0.9244 0.9030 0.9002 0.8581 0.9047 0.9211 0.9164 0.8730 0.9029 0.8686 0.8786 0.9036 0.8708 0.9081 0.8722 0.8866 0.8421 0.9104 0.9165 0.8715 0.9210 0.8725 0.9001 0.8845 0.8601 0.9104 0.8702 0.8953 0.9009 0.8728 0.8928 0.8886 0.9202 0.8874 0.8732 0.8547 0.8661 0.8665 0.9037 0.8827 0.9189 0.8913 0.9212 0.9198 0.8864 0.9143 0.9010 0.8793 0.9228 0.8883 0.8942 0.8780 0.8664 0.8640 0.8579 0.8609 0.8854 0.9084 0.8734 0.8941 0.8896 0.8927 0.8616 0.8814 0.9168 0.8551 0.8866 0.8812 0.9045 0.8842 0.9020 0.8761 0.8803 0.8782 0.9031 0.8813 0.9218 0.9224 0.8902 0.9199 0.8883 0.8969 0.8917 0.8596 0.8780 0.8957 0.8800 0.9070 0.9169 0.8945 0.9003 0.8677 0.9108 0.8982 0.8632 0.8722 0.9234 0.8623 0.9117 0.9111 0.8828 0.8945 0.8928 0.8795 0.8948 0.9059 0.9244 0.8954 0.8786 0.9203 0.8738 0.8782 0.8595 0.8978 0.8760 0.8877 0.9134 0.8661 0.8826 0.8947 0.8798 0.8697 0.9083 0.8761 0.8648 0.8759 0.9027 0.8881 0.9149 0.9187 0.9128 0.8624 0.9006 0.8856 0.8465 0.9040 0.9128 0.8950 0.8866 0.8662 0.9099 0.8651 0.8828 0.8618 0.9099 0.8966 0.8770 0.8824 0.9071 0.9024 0.8841 0.9112 0.8858 0.9135 0.9004 0.9061 0.9085 0.8604 0.8566 0.8909 0.8616 0.9279 0.8712 0.9149 0.8967 0.8862 0.9053 0.8782 0.8816 0.8986 0.9113 0.9228 0.8818 0.8871 0.8943 0.8984 0.8824 0.9067 0.8804 0.8818 0.8882 0.8609 0.8991 0.9193 0.9120 0.9167 0.8766 0.8729 0.8708 0.8560 0.9221 0.9217 0.9061 0.8576 0.9040 0.8662 0.9166 0.8653 0.8999 0.9281 0.9221 0.9187 0.9150 0.8869 0.8682 0.8897 0.8788 0.8561 0.8880 0.8778 0.8700 0.9035 0.8826 0.8974 0.8490 0.8810 0.9018 0.9021 0.8885 0.8917 0.9019 0.8780 0.8961 0.8417 0.9066 0.8791 0.9016 0.9069 0.8822 0.9119 0.9154 0.8712 0.8995 0.8901 0.8845 0.9094 0.8648 0.8756 0.9139 0.8840 0.8632 0.8852 0.8470 0.8879 0.8636 0.9103 0.9151 0.8616 0.9115 0.8941 0.8818 0.9130 0.8754 0.9159 0.9059 0.8509 0.9112 0.8957 0.9003 0.8663 0.8658 0.8595 0.8879 0.9163 0.8838 0.9080 0.9022 0.8896 0.8774 0.9184 0.8541 0.9137 0.8912 0.9105 0.9001 0.8905 0.8392 0.8886 0.8969 0.8991 0.9103 0.8987 0.8801 0.9151 0.8965 0.8884 0.9132 0.8985 0.8792 0.8940 0.9077 0.8851 0.8922 0.9247 0.9170 0.8460 0.8739 0.8730 0.9059 0.8962 0.9069 0.9113 0.9134 0.8457 0.9098 0.8973 0.8722 0.9103 0.9122 0.9192 0.8746 0.8608 0.8733 0.9111 0.8937 0.8946 0.8980 0.8787 0.8835 0.8895 0.9079 0.8752 0.9154 0.8924 0.9146 0.8622 0.9129 0.8644 0.9010 0.8993 0.9132 0.8842 0.8740 0.9107 0.8532 0.8508 0.9044 0.8606 0.8930 0.8873 0.8953 0.8990 0.8854 0.8661 0.9049 0.9176 0.8624 0.9205 0.8865 0.8883 0.8744 0.8953 0.9028 0.9069 0.8652 0.9034 0.8812 0.8590 0.8717 0.9017 0.8968 0.8560 0.9098 0.9083 0.8971 0.9073 0.8826 0.8699 0.9163 0.9066 0.8771 0.8992 0.9001 0.9012 0.8559 0.9223 0.8960 0.8916 0.8517 0.9076 0.8485 0.9002 0.9202 0.8904 0.8858 0.8856 0.8857 0.8524 0.9072 0.9073 0.9060 0.8829 0.8787 0.9042 0.8951 0.8801 0.8773 0.8693 0.8612 0.8554 0.8923 0.8929 0.8874 0.8934 0.8768 0.9228 0.8623 0.8818 0.9239 0.8834 0.9049 0.9160 0.8907 0.9016 0.8633 0.8858 0.8933 0.8445 0.8767 0.8807 0.8673 0.8928 0.8791 0.8726 0.9222 0.8838 0.8931 0.9044 0.9035 0.8408 0.9302 0.8905 0.8669 0.8891 0.8931 0.9003 0.8579 0.8558 0.8968 0.8877 0.8850 0.9204 0.9120 0.9205 0.9064 0.9141 0.9087 0.8934 0.9197 0.9092 0.8709 0.8844 0.9054 0.9031 0.9012 0.9232 0.8938 0.8987 0.8779 0.9089 0.9132 0.8415 0.8604 0.8676 0.8663 0.8967 0.8531 0.9039 0.9136 0.8641 0.8681 0.8942 0.8992 0.8786 0.8980 0.8441 0.9017 0.8725 0.8531 0.9126 0.8580 0.8984 0.8747 0.9100 0.8778 0.8711 0.8949 0.9034 0.8821 0.9042 0.8779 0.9180 0.8676 0.8652 0.8865 0.8895 0.8951 0.8407 0.9023 0.8760 0.9101 0.9081 0.8841 0.8943 0.8866 0.8303 0.8785 0.9153 0.8908 0.8894 0.8753 0.8838 0.9066 0.9128 0.9035 0.8633 0.9068 0.9109 0.8873 0.9053 0.8985 0.8884 0.8804 0.8912 0.9010 0.8985 0.8810 0.9143 0.8809 0.8712 0.8955 0.8980 0.8956 0.8891 0.8670 0.9013 0.9132 0.8997 0.9072 0.8930 0.8793 0.8960 0.8666 0.8550 0.8779 0.8805 0.8847 0.8997 0.8510 0.8366 0.8723 0.9296 0.8762 0.8888 0.9261 0.9106 0.8698 0.8892 0.9099 0.8994 0.9076 0.8963 0.8762 0.8998 0.8752 0.8791 0.9008 0.8976 0.8575 0.8861 0.8996 0.9107 0.8969 0.8973 0.8847 0.9096 0.8951 0.8704 0.8617 0.9031 0.8911 0.9159 0.9024 0.9079 0.9062 0.8871 0.8736 0.9077 0.8865 0.8672 0.9208 0.8973 0.9019 0.8630 0.8723 0.8480 0.8724 0.8942 0.8881 0.8901 0.8990 0.8760 0.8947 0.9176 0.8934 0.8506 0.8968 0.8832 0.9141 0.8985 0.8746 0.8804 0.8471 0.8780 0.9193 0.8766 0.8729 0.9104 0.9182 0.8780 0.9094 0.8734 0.8678 0.8986 0.8699 0.8874 0.8979 0.8969 0.8736 0.8685 0.8980 0.8950 0.8651 0.8936 0.8942 0.8615 0.8668 0.9052 0.9049 0.8827 0.8959 0.9170 0.9059 0.8667 0.8575 0.8967 0.9098 0.8670 0.9059 0.9001 0.8996 0.9107 0.8908 0.8806 0.8985 0.8674 0.8829 0.9028 0.8792 0.8688 0.8950 0.8562 0.9080 0.8989 0.8715 0.8992 0.9195 0.9199 0.8890 0.8710 0.8879 0.9129 0.8893 0.8769 0.9138 0.8900 0.8709 0.8877 0.9110 0.9064 0.9081 0.8851 0.8820 0.9165 0.9040 0.8473 0.8929 0.8980 0.8773 0.9004 0.8706 0.9106 0.9100 0.8802 0.8902 0.9066 0.8813 0.8629 0.8918 0.9137 0.9147 0.8689 0.8917 0.8661 0.8864 0.8749 0.8986 0.8778 0.8839 0.8361 0.8709 0.8806 0.9217 0.9189 0.8824 0.8397 0.8875 0.8721 0.8579 0.9030 0.9096 0.9048 0.9131 0.8598 0.9267 0.8875 0.9131 0.8408 0.9098 0.8668 0.9186 0.8686 0.8810 0.9131 0.9084 0.8823 0.8935 0.9143 0.8658 0.8928 0.9225 0.9006 0.8842 0.8715 0.8508 0.9038 0.8935 0.8822 0.8906 0.8995 0.8851 0.9163 0.9020 0.8596 0.9107 0.9047 0.9143 0.8977 0.8778 0.8626 0.8674 0.8774 0.9114 0.8724 0.8693 0.8821 0.8793 0.8900 0.9097 0.9144 0.9286 0.8919 0.8824 0.9146 0.9142 0.8744 0.9007 0.8709 0.8806 0.9065 0.9222 0.9146 0.8431 0.9025 0.9097 0.8780 0.9055 0.8717 0.9121 0.9022 0.9016 0.8943 0.8950 0.8391 0.8659 0.8943 0.8685 0.8524 0.9126 0.9054 0.9113 0.9167 0.8972 0.8922 0.8784 0.9236 0.9137 0.8906 0.8952 0.8965 0.8576 0.8791 0.8770 0.8576 0.8797 0.9001 0.8692 0.8836 0.9009 0.9091 0.9209 0.9124 0.8799 0.8960 0.9205 0.8886 0.8594 0.8514 0.9077 0.8898 0.8658 0.9034 0.8776 0.9076 0.8494 0.8613 0.9044 0.8670 0.9059 0.8737 0.8748 0.9021 0.8909 0.9113 0.8947 0.8969 0.9324 0.8988 0.9000 0.8965 0.8692 0.8840 0.8642 0.9133 0.8727 0.8969 0.9046 0.9010 0.8960 0.9094 0.9174 0.9046 0.9052 0.8792 0.8880 0.8683 0.8819 0.8984 0.8803 0.9308 0.8829 0.9081 0.8744 0.8897 0.9106 0.8752 0.8965 0.9099 0.9122 0.8763 0.9107 0.8857 0.8928 0.9055 0.8751 0.8903 0.8833 0.8651 0.8968 0.8998 0.8824 0.9017 0.8603 0.9146 0.8839 0.8935 0.8613 0.9197 0.8926 0.9097 0.9129 0.8615 0.9083 0.9213 0.8868 0.9078 0.9063 0.8788 0.9054 0.9146 0.9048 0.8882 0.8843 0.9107 0.9010 0.8886 0.8993 0.9110 0.8889 0.9130 0.8863 0.8895 0.8724 0.9041 0.8890 0.8377 0.9096 0.8990 0.8647 0.9062 0.8380 0.8490 0.8960 0.8426 0.9062 0.8618 0.8459 0.9010 0.8645 0.8794 0.9120 0.8880 0.9018 0.9059 0.8736 0.8899 0.9004 0.8680 0.9139 0.9116 0.9050 0.8487 0.8998 0.8891 0.8966 0.8852 0.8677 0.8724 0.8941 0.9147 0.9129 0.8868 0.8498 0.8949 0.9080 0.9165 0.9003 0.9007 0.8727 0.8817 0.9138 0.8915 0.9113 0.8703 0.9108 0.9090 0.8667 0.8722 0.9157 0.8940 0.9016 0.8143 0.8764 0.9034 0.9048 0.8900 0.9088 0.9189 0.8910 0.8760 0.9038 0.8542 0.9187 0.8763 0.8554 0.8771 0.8947 0.8938 0.8695 0.9084 0.9240 0.8973 0.9101 0.8805 0.9077 0.8840 0.8736 0.9131 0.8731 0.8545 0.8775 0.9040 0.8597 0.9069 0.9111 0.8742 0.8619 0.9179 0.8839 0.9125 0.8973 0.8950 0.9069 0.8540 0.9024 0.8869 0.8900 0.9267 0.8312 0.8596 0.9066 0.8809 0.8910 0.8829 0.8602 0.8665 0.9028 0.8745 0.9006 0.9251 0.8564 0.8667 0.8941 0.8651 0.9147 0.8976 0.8930 0.8698 0.9190 0.9055 0.8970 0.8693 0.8437 0.8996 0.9069 0.9010 0.8923 0.8625 0.8782 0.9012 0.8833 0.9135 0.9061 0.8631 0.8743 0.8558 0.8607 0.9025 0.8669 0.8842 0.9105 0.9006 0.8814 0.8822 0.8872 0.8909 0.8717 0.9176 0.8494 0.9249 0.8485 0.8930 0.8860 0.8744 0.8692 0.8580 0.8955 0.9167 0.8915 0.9120 0.8993 0.9048 0.8839 0.9174 0.8701 0.9084 0.9016 0.9052 0.8804 0.9043 0.9003 0.9012 0.8866 0.8672 0.8990 0.9025 0.9079 0.9013 0.8920 0.8823 0.8837 0.8787 0.9133 0.8723 0.9060 0.9110 0.9024 0.9138 0.8857 0.8709 0.9027 0.9238 0.9062 0.9279 0.9070 0.8847 0.8621 0.8700 0.8837 0.8515 0.8875 0.8975 0.8884 0.8371 0.8831 0.9260 0.8932 0.8987 0.8823 0.8782 0.8770 0.8533 0.8326 0.9219 0.8934 0.8739 0.8858 0.9033 0.8675 0.8604 0.8831 0.8793 0.9086 0.8868 0.9188 0.8679 0.9102 0.8823 0.8650 0.9083 0.8910 0.9124 0.8858 0.8885 0.9001 0.8798 0.9183 0.9178 0.9069 0.8997 0.8648 0.9046 0.8720 0.8681 0.8930 0.9181 0.8761 0.8973 0.9013 0.8576 0.9060 0.8837 0.8750 0.9001 0.8960 0.9276 0.9323 0.8822 0.8972 0.8906 0.9041 0.9110 0.8959 0.8959 0.8866 0.8584 0.9099 0.9038 0.8569 0.9015 0.8605 0.8782 0.9102 0.8953 0.9043 0.8982 0.8707 0.8500 0.9107 0.9142 0.8864 0.8737 0.8818 0.9033 0.9032 0.8811 0.8479 0.8999 0.9023 0.8952 0.8710 0.8953 0.8851 0.9041 0.8685 0.9000 0.8791 0.8472 0.9020 0.8388 0.8931 0.8966 0.8728 0.9005 0.9070 0.9014 0.8935 0.8831 0.8955 0.9042 0.8757 0.9176 0.8744 0.9062 0.9019 0.8660 0.8804 0.8987 0.9230 0.8845 0.8855 0.8955 0.8976 0.9077 0.9096 0.8805 0.8929 0.8781 0.9048 0.9247 0.8953 0.8733 0.8600 0.7932 0.8043 0.7829 0.6371 0.7668 0.8163 0.7975 0.8090 0.6380 0.8397 0.7698 0.7954 0.5931 0.6500 0.8530 0.6715 0.7360 0.6715 0.7096 0.6674 0.5119 0.6320 0.6000 0.7866 0.8139 0.8605 0.6893 0.6811 0.7274 0.8789 0.7511 0.7915 0.6316 0.6906 0.7785 0.6483 0.8442 0.8029 0.8138 0.6902 0.7763 0.7411 0.8231 0.8486 0.8064 0.7929 0.6631 0.5814 0.8435 0.8838 0.8556 0.8542 0.7190 0.7776 0.6077 0.6327 0.7539 0.7157 0.7871 0.7515 0.8299 0.7365 0.8529 0.6175 0.7677 0.8682 0.7740 0.6238 0.8838 0.8336 0.6512 0.7415 0.8442 0.8264 0.7373 0.6599 0.7676 0.6144 0.6406 0.8189 0.7596 0.8585 0.7308 0.6299 0.6006 0.8782 0.7046 0.7116 0.7680 0.5950 0.5978 0.7850 0.7481 0.8224 0.8471 0.6854 0.8327 0.7324 0.7139 0.8169 0.8590 0.7728 0.6573 0.7232 0.6345 0.8345 0.8461 0.6818 0.8528 0.6784 0.7823 0.8028 0.6271 0.8395 0.5294 0.7323 0.8261 0.7021 0.7371 0.6996 0.7555 0.8082 0.7815 0.7021 0.8464 0.8379 0.7327 0.6678 0.8599 0.6776 0.7969 0.6923 0.8092 0.6747 0.6406 0.7584 0.7104 0.8181 0.7819 0.7540 0.7469 0.7767 0.8428 0.8459 0.8267 0.6547 0.8196 0.7214 0.7174 0.7776 0.8351 0.6427 0.8022 0.7196 0.6558 0.7891 0.8132 0.6562 0.8129 0.8492 0.8076 0.7656 0.6360 0.7987 0.6350 0.8302 0.5732 0.7292 0.8307 0.7562 0.6298 0.7309 0.7362 0.7852 0.7326 0.7414 0.6306 0.7259 0.6076 0.8433 0.7276 0.6852 0.8757 0.6583 0.8544 0.8321 0.8486 0.7613 0.8189 0.6805 0.7469 0.7390 0.8141 0.7963 0.8546 0.8413 0.8016 0.7897 0.8285 0.6997 0.7941 0.7228 0.8201 0.7028 0.7291 0.8697 0.7800 0.7107 0.8376 0.6765 0.5758 0.8260 0.6344 0.6238 0.6251 0.5795 0.6472 0.8658 0.7195 0.7807 0.6879 0.7330 0.7715 0.7120 0.8094 0.6839 0.7907 0.8343 0.7679 0.7800 0.8597 0.8333 0.8360 0.8439 0.7753 0.7526 0.8705 0.8961 0.8857 0.8936 0.8858 0.8687 0.8944 0.8693 0.8917 0.8574 0.8439 0.8912 0.9079 0.9091 0.8640 0.8659 0.9145 0.8824 0.8947 0.8789 0.9005 0.8966 0.8917 0.8545 0.9188 0.8424 0.8751 0.8912 0.9078 0.8759 0.8779 0.8642 0.8847 0.8518 0.8772 0.8893 0.9206 0.8641 0.9082 0.8650 0.9094 0.8811 0.8670 0.8978 0.8547 0.9146 0.8896 0.9040 0.8851 0.8569 0.8640 0.8701 0.8818 0.8923 0.8706 0.8652 0.8931 0.9124 0.8624 0.9174 0.8961 0.8923 0.8842 0.8883 0.8830 0.9017 0.9184 0.8861 0.8951 0.9155 0.8922 0.8946 0.9012 0.8967 0.8491 0.8896 0.8797 0.8748 0.9141 0.8626 0.8768 0.9040 0.8748 0.8966 0.8751 0.8733 0.9020 0.8952 0.8576 0.8974 0.9010 0.8816 0.8730 0.8806 0.8641 0.8640 0.9075 0.8950 0.8588 0.8659 0.9170 0.8776 0.9060 0.8721 0.9050 0.8813 0.8952 0.9053 0.8918 0.8715 0.8934 0.8918 0.8880 0.8569 0.8902 0.9175 0.8854 0.9047 0.8886 0.9130 0.8766 0.8958 0.9254 0.8768 0.8966 0.8759 0.9030 0.8964 0.8547 0.8550 0.8993 0.8642 0.8873 0.8690 0.9134 0.9216 0.8793 0.8796 0.8735 0.8750 0.9104 0.8976 0.8712 0.8839 0.8828 0.8960 0.9202 0.8811 0.9092 0.9013 0.8711 0.8979 0.9103 0.9082 0.8904 0.8991 0.9240 0.8336 0.8779 0.9081 0.9066 0.8574 0.8779 0.8833 0.9328 0.8972 0.9073 0.8448 0.8994 0.8629 0.8708 0.8788 0.8618 0.8945 0.9007 0.8718 0.9050 0.9012 0.8917 0.8792 0.9160 0.8297 0.8767 0.8959 0.9238 0.8639 0.8584 0.8884 0.8806 0.8940 0.8481 0.8936 0.9107 0.8910 0.8859 0.8505 0.9062 0.8744 0.9095 0.8925 0.9018 0.8917 0.8919 0.8622 0.8759 0.8924 0.8903 0.8765 0.9037 0.8411 0.8609 0.8433 0.8807 0.8821 0.9202 0.8843 0.9040 0.8440 0.6732 0.7772 0.8191 0.7611 0.8116 0.6376 0.7732 0.7923 0.7939 0.8279 0.7161 0.7633 0.8462 0.7262 0.7333 0.7954 0.6029 0.7656 0.8316 0.7632 0.5546 0.8059 0.6053 0.8323 0.7756 0.6918 0.6515 0.8333 0.6592 0.8011 0.7031 0.7355 0.7715 0.7067 0.7601 0.6986 0.7529 0.7096 0.4927 0.8166 0.7855 0.6086 0.7878 0.6556 0.8140 0.7794 0.6653 0.8110 0.7608 0.8496 0.7303 0.7373 0.8202 0.7494 0.8194 0.7362 0.8259 0.6486 0.7694 0.7266 0.6514 0.7292 0.7675 0.8657 0.7276 0.7277 0.8057 0.6275 0.8415 0.7234 0.8126 0.7498 0.8206 0.6485 0.7240 0.7992 0.7542 0.8069 0.7897 0.8491 0.7526 0.7571 0.7926 0.7613 0.7577 0.7808 0.6753 0.7269 0.8151 0.7441 0.7485 0.7708 0.7516 0.7489 0.7179 0.8084 0.6956 0.8352 0.6126 0.5503 0.6583 0.6095 0.7812 0.7676 0.7427 0.6364 0.6912 0.6755 0.7040 0.7376 0.7470 0.7805 0.7436 0.6829 0.8081 0.7726 0.6993 0.7416 0.5481 0.7768 0.7746 0.7816 0.7975 0.7497 0.8038 0.7970 0.6894 0.6696 0.6803 0.8323 0.5670 0.6646 0.7929 0.6523 0.8050 0.7763 0.6418 0.7837 0.7948 0.9000 0.9000 0.9000 0.9000 0.9000 0.9000 0.9000 0.9000 0.9000 0.9000 0.9000 0.9000 0.9000 0.9000 0.9000 0.9000 0.9000 0.9000 0.9000 0.9000 0.9000 0.9000 0.9000 0.9000 0.9000 0.9000 0.9000 0.9000 0.9000 0.9000 0.9000 0.9000 0.9000 0.9000 0.9000 0.9000 0.9000 0.9000 0.9000 0.9000 0.9000 0.9000 0.9000 0.9000 0.9000 0.9000 0.9000 0.9000 0.9000 0.9000 0.9000 0.9000 0.9000 0.9000 0.9000 0.9000 0.9000 0.9000 0.9000 0.9000 0.9000 0.9000 0.9000 0.9000 0.9000 0.9000 0.9000 0.9000 0.9000 0.9000 0.9000 0.9000 0.9000 0.9000 0.9000 0.9000 0.9000 0.9000 0.9000 0.9000 0.9000 0.9000 0.9000 0.9000 0.9000 0.9000 0.9000 0.9000 0.9000 0.9000 0.9000 0.9000 0.9000 0.9000 0.9000 0.9000 0.9000 0.9000 0.9000 0.9000 0.9000 0.9000 0.9000 0.9000 0.9000 0.9000 0.9000 0.9000 0.9000 0.9000 0.9000 0.9000 0.9000 0.9000 0.9000 0.9000 0.9000 0.9000 0.9000 0.9000 0.9000 0.9000 0.9000 0.9000 0.9000 0.9000 0.9000 0.9000 0.9000 0.9000 0.9000 0.9000 0.9000 0.9000 0.9000 0.9000 0.9000 0.9000 0.9000 0.9000 0.9000 0.9000 0.9000 0.9000 0.9000 0.9000 0.9000 0.9000 0.9000 0.9000 0.9000 0.9000 0.9000 0.9000 0.9000 0.9000 0.9000 0.9000 0.9000 0.9000 0.9000 0.9000 0.9000 0.9000 0.9000 0.9000 0.9000 0.9000 0.9000 0.9000 0.9000 0.9000 0.9000 0.9000 0.9000 0.9000 0.9000 0.9000 0.9000 0.9000 0.9000 0.9000 0.9000 0.9000 0.9000 0.9000 0.9000 0.9000 0.9000 0.9000 0.9000 0.9000 0.9000 0.9000 0.9000 0.9000 0.9000 0.9000 0.9000 0.9000 0.9000 0.9000 0.9000 0.9000 0.9000 0.9000 0.9000 0.9000 0.9000 0.9000 0.9000 0.9000 0.9000 0.9000 0.9000 0.9000 0.9000 0.9000 0.9000 0.9000 0.9000 0.9000 0.9000 0.9000 0.9000 0.9000 0.9000 0.9000 0.9000 0.9000 0.9000 0.9000 0.9000 0.9000 0.9000 0.9000 0.9000 0.9000 0.9000 0.9000 0.9000 0.9000 0.9000 0.9000 0.9000 0.9000 0.9000 0.9000 0.9000 0.9000 0.9000 0.9000 0.9000 0.9000 0.9000 0.9000 0.9000 0.9000 0.9000 0.9000 0.9000 0.9000 0.9000 0.9000 0.9000 0.9000 0.9000 0.9000 0.9000 0.9000 0.9000 0.9000 0.9000 0.9000 0.9000 0.9000 0.9000 0.9000 0.9000 0.9000 0.9000 0.9000 0.9000 0.9000 0.9000 0.9000 0.9000 0.9000 0.9000 0.9000 0.9000 0.9000 0.9000 0.9000 0.9000 0.9000 0.9000 0.9000 0.9000 0.9000 0.9000 0.9000 0.9000 0.9000 0.9000 0.9000 0.9000 0.9000 0.9000 0.9000 0.9000 0.9000 0.9000 0.9000 0.9000 0.9000 0.9000 0.9000 0.9000 0.9000 0.9000 0.9000 0.9000 0.9000 0.9000 0.9000 0.9000 0.9000 0.9000 0.9000 0.9000 0.9000 0.9000 0.9000 0.9000 0.9000 0.9000 0.9000 0.9000 0.9000 0.9000 0.9000 0.9000 0.9000 0.9000 0.9000 0.9000 0.9000 0.9000 0.9000 0.9000 0.9000 0.9000 0.9000 0.9000 0.9000 0.9000 0.9000 0.9000 0.9000 0.9000 0.9000 0.9000 0.9000 0.9000 0.9000 0.9000 0.9000 0.9000 0.9000 0.9000 0.9000 0.9000 0.9000 0.9000 0.9000 0.9000 0.9000 0.9000 0.9000 0.9000 0.9000 0.9000 0.9000 0.9000 0.9000 0.9000 0.9000 0.9000 0.9000 0.9000 0.9000 0.9000 0.9000 0.9000 0.9000 0.9000 0.9000 0.9000 0.9000 0.9000 0.9000 0.9000 0.9000 0.9000 0.9000 0.9000 0.9000 0.9000 0.9000 0.9000 0.9000 0.9000 0.9000 0.9000 0.9000 0.9000 0.9000 0.9000 0.9000 0.9000 0.9000 0.9000 0.9000 0.9000 0.9000 0.9000 0.9000 0.9000 0.9000 0.9000 0.9000 0.9000 0.9000 0.9000 0.9000 0.9000 0.9000 0.9000 0.9000 0.9000 0.9000 0.9000 0.9000 0.9000 0.9000 0.9000 0.9000 0.9000 0.9000 0.9000 0.9000 0.9000 0.9000 0.9000 0.9000 0.9000 0.9000 0.9000 0.9000 0.9000 0.9000 0.9000 0.9000 0.9000 0.9000 0.9000 0.9000 0.9000 0.9000 0.9000 0.9000 0.9000 0.9000 0.9000 0.9000 0.9000 0.9000 0.9000 0.9000 0.9000 0.9000 0.9000 0.9000 0.9000 0.9000 0.9000 0.9000 0.9000 0.9000 0.9000 0.9000 0.9000 0.9000 0.9000 0.9000 0.9000 0.9000 0.9000 0.9000 0.9000 0.9000 0.9000 0.9000 0.9000 0.9000 0.9000 0.9000 0.9000 0.9000 0.9000 0.9000 0.9000 0.9000 0.9000 0.9000 0.9000 0.9000 0.9000 0.9000 0.9000 0.9000 0.9000 0.9000 0.9000 0.9000 0.9000 0.9000 0.9000 0.9000 0.9000 0.9000 0.9000 0.9000 0.9000 0.9000 0.9000 0.9000 0.9000 0.9000 0.9000 0.9000 0.9000 0.9000 0.9000 0.9000 0.9000 0.9000 0.9000 0.9000 0.9000 0.9000 0.9000 0.9000 0.9000 0.9000 0.9000 0.9000 0.9000 0.9000 0.9000 0.9000 0.9000 0.9000 0.9000 0.9000 0.9000 0.9000 0.9000 0.9000 0.9000 0.9000 0.9000 0.9000 0.9000 0.9000 0.9000 0.9000 0.9000 0.9000 0.9000 0.9000 0.9000 0.9000 0.9000 0.9000 0.9000 0.9000 0.9000 0.9000 0.9000 0.9000 0.9000 0.9000 0.9000 0.9000 0.9000 0.9000 0.9000 0.9000 0.9000 0.9000 0.9000 0.9000 0.9000 0.9000 0.9000 0.9000 0.9000 0.9000 0.9000 0.9000 0.9000 0.9000 0.9000 0.9000 0.9000 0.9000 0.9000 0.9000 0.9000 0.9000 0.9000 0.9000 0.9000 0.9000 0.9000 0.9000 0.9000 0.9000 0.9000 0.9000 0.9000 0.9000 0.9000 0.9000 0.9000 0.9000 0.9000 0.9000 0.9000 0.9000 0.9000 0.9000 0.9000 0.9000 0.9000 0.9000 0.9000 0.9000 0.9000 0.9000 0.9000 0.9000 0.9000 0.9000 0.9000 0.9000 0.9000 0.9000 0.9000 0.9000 0.9000 0.9000 0.9000 0.9000 0.9000 0.9000 0.9000 0.9000 0.9000 0.9000 0.9000 0.9000 0.9000 0.9000 0.9000 0.9000 0.9000 0.9000 0.9000 0.9000 0.9000 0.9000 0.9000 0.9000 0.9000 0.9000 0.9000 0.9000 0.9000 0.9000 0.9000 0.9000 0.9000 0.9000 0.9000 0.9000 0.9000 0.9000 0.9000 0.9000 0.9000 0.9000 0.9000 0.9000 0.9000 0.9000 0.9000 0.9000 0.9000 0.9000 0.9000 0.9000 0.9000 0.9000 0.9000 0.9000 0.9000 0.9000 0.9000 0.9000 0.9000 0.9000 0.9000 0.9000 0.9000 0.9000 0.9000 0.9000 0.9000 0.9000 0.9000 0.9000 0.9000 0.9000 0.9000 0.9000 0.9000 0.9000 0.9000 0.9000 0.9000 0.9000 0.9000 0.9000 0.9000 0.9000 0.9000 0.9000 0.9000 0.9000 0.9000 0.9000 0.9000 0.9000 0.9000 0.9000 0.9000 0.9000 0.9000 0.9000 0.9000 0.9000 0.9000 0.9000 0.9000 0.9000 0.9000 0.9000 0.9000 0.9000 0.9000 0.9000 0.9000 0.9000 0.9000 0.9000 0.9000 0.9000 0.9000 0.9000 0.9000 0.9000 0.9000 0.9000 0.9000 0.9000 0.9000 0.9000 0.9000 0.9000 0.9000 0.9000 0.9000 0.9000 0.9000 0.9000 0.9000 0.9000 0.9000 0.9000 0.9000 0.9000 0.9000 0.9000 0.9000 0.9000 0.9000 0.9000 0.9000 0.9000 0.9000 0.9000 0.9000 0.9000 0.9000 0.9000 0.9000 0.9000 0.9000 0.9000 0.9000 0.9000 0.9000 0.9000 0.9000 0.9000 0.9000 0.9000 0.9000 0.9000 0.9000 0.9000 0.9000 0.9000 0.9000 0.9000 0.9000 0.9000 0.9000 0.9000 0.9000 0.9000 0.9000 0.9000 0.9000 0.9000 0.9000 0.9000 0.9000 0.9000 0.9000 0.9000 0.9000 0.9000 0.9000 0.9000 0.9000 0.9000 0.9000 0.9000 0.9000 0.9000 0.9000 0.9000 0.9000 0.9000 0.9000 0.9000 0.9000 0.9000 0.9000 0.9000 0.9000 0.9000 0.9000 0.9000 0.9000 0.9000 0.9000 0.9000 0.9000 0.9000 0.9000 0.9000 0.9000 0.9000 0.9000 0.9000 0.9000 0.9000 0.9000 0.9000 0.9000 0.9000 0.9000 0.9000 0.9000 0.9000 0.9000 0.9000 0.9000 0.9000 0.9000 0.9000 0.9000 0.9000 0.9000 0.9000 0.9000 0.9000 0.9000 0.9000 0.9000 0.9000 0.9000 0.9000 0.9000 0.9000 0.9000 0.9000 0.9000 0.9000 0.9000 0.9000 0.9000 0.9000 0.9000 0.9000 0.9000 0.9000 0.9000 0.9000 0.9000 0.9000 0.9000 0.9000 0.9000 0.9000 0.9000 0.9000 0.9000 0.9000 0.9000 0.9000 0.9000 0.9000 0.9000 0.9000 0.9000 0.9000 0.9000 0.9000 0.9000 0.9000 0.9000 0.9000 0.9000 0.9000 0.9000 0.9000 0.9000 0.9000 0.9000 0.9000 0.9000 0.9000 0.9000 0.9000 0.9000 0.9000 0.9000 0.9000 0.9000 0.9000 0.9000 0.9000 0.9000 0.9000 0.9000 0.9000 0.9000 0.9000 0.9000 0.9000 0.9000 0.9000 0.9000 0.9000 0.9000 0.9000 0.9000 0.9000 0.9000 0.9000 0.9000 0.9000 0.9000 0.9000 0.9000 0.9000 0.9000 0.9000 0.9000 0.9000 0.9000 0.9000 0.9000 0.9000 0.9000 0.9000 0.9000 0.9000 0.9000 0.9000 0.9000 0.9000 0.9000 0.9000 0.9000 0.9000 0.9000 0.9000 0.9000 0.9000 0.9000 0.9000 0.9000 0.9000 0.9000 0.9000 0.9000 0.9000 0.9000 0.9000 0.9000 0.9000 0.9000 0.9000 0.9000 0.9000 0.9000 0.9000 0.9000 0.9000 0.9000 0.9000 0.9000 0.9000 0.9000 0.9000 0.9000 0.9000 0.9000 0.9000 0.9000 0.9000 0.9000 0.9000 0.9000 0.9000 0.9000 0.9000 0.9000 0.9000 0.9000 0.9000 0.9000 0.9000 0.9000 0.9000 0.9000 0.9000 0.9000 0.9000 0.9000 0.9000 0.9000 0.9000 0.9000 0.9000 0.9000 0.9000 0.9000 0.9000 0.9000 0.9000 0.9000 0.9000 0.9000 0.9000 0.9000 0.9000 0.9000 0.9000 0.9000 0.9000 0.9000 0.9000 0.9000 0.9000 0.9000 0.9000 0.9000 0.9000 0.9000 0.9000 0.9000 0.9000 0.9000 0.9000 0.9000 0.9000 0.9000 0.9000 0.9000 0.9000 0.9000 0.9000 0.9000 0.9000 0.9000 0.9000 0.9000 0.9000 0.9000 0.9000 0.9000 0.9000 0.9000 0.9000 0.9000 0.9000 0.9000 0.9000 0.9000 0.9000 0.9000 0.9000 0.9000 0.9000 0.9000 0.9000 0.9000 0.9000 0.9000 0.9000 0.9000 0.9000 0.9000 0.9000 0.9000 0.9000 0.9000 0.9000 0.9000 0.9000 0.9000 0.9000 0.9000 0.9000 0.9000 0.9000 0.9000 0.9000 0.9000 0.9000 0.9000 0.9000 0.9000 0.9000 0.9000 0.9000 0.9000 0.9000 0.9000 0.9000 0.9000 0.9000 0.9000 0.9000 0.9000 0.9000 0.9000 0.9000 0.9000 0.9000 0.9000 0.9000 0.9000 0.9000 0.9000 0.9000 0.9000 0.9000 0.9000 0.9000 0.9000 0.9000 0.9000 0.9000 0.9000 0.9000 0.9000 0.9000 0.9000 0.9000 0.9000 0.9000 0.9000 0.9000 0.9000 0.9000 0.9000 0.9000 0.9000 0.9000 0.9000 0.9000 0.9000 0.9000 0.9000 0.9000 0.9000 0.9000 0.9000 0.9000 0.9000 0.9000 0.9000 0.9000 0.9000 0.9000 0.9000 0.9000 0.9000 0.9000 0.9000 0.9000 0.9000 0.9000 0.9000 0.9000 0.9000 0.9000 0.9000 0.9000 0.9000 0.9000 0.9000 0.9000 0.9000 0.9000 0.9000 0.9000 0.9000 0.9000 0.9000 0.9000 0.9000 0.9000 0.9000 0.9000 0.9000 0.9000 0.9000 0.9000 0.9000 0.9000 0.9000 0.9000 0.9000 0.9000 0.9000 0.9000 0.9000 0.9000 0.9000 0.9000 0.9000 0.9000 0.9000 0.9000 0.9000 0.9000 0.9000 0.9000 0.9000 0.9000 0.9000 0.9000 0.9000 0.9000 0.9000 0.9000 0.9000 0.9000 0.9000 0.9000 0.9000 0.9000 0.9000 0.9000 0.9000 0.9000 0.9000 0.9000 0.9000 0.9000 0.9000 0.9000 0.9000 0.9000 0.9000 0.9000 0.9000 0.9000 0.9000 0.9000 0.9000 0.9000 0.9000 0.9000 0.9000 0.9000 0.9000 0.9000 0.9000 0.9000 0.9000 0.9000 0.9000 0.9000 0.9000 0.9000 0.9000 0.9000 0.9000 0.9000 0.9000 0.9000 0.9000 0.9000 0.9000 0.9000 0.9000 0.9000 0.9000 0.9000 0.9000 0.9000 0.9000 0.9000 0.9000 0.9000 0.9000 0.9000 0.9000 0.9000 0.9000 0.9000 0.9000 0.9000 0.9000 0.9000 0.9000 0.9000 0.9000 0.9000 0.9000 0.9000 0.9000 0.9000 0.9000 0.9000 0.9000 0.9000 0.9000 0.9000 0.9000 0.9000 0.9000 0.9000 0.9000 0.9000 0.9000 0.9000 0.9000 0.9000 0.9000 0.9000 0.9000 0.9000 0.9000 0.9000 0.9000 0.9000 0.9000 0.9000 0.9000 0.9000 0.9000 0.9000 0.9000 0.9000 0.9000 0.9000 0.9000 0.9000 0.9000 0.9000 0.9000 0.9000 0.9000 0.9000 0.9000 0.9000 0.9000 0.9000 0.9000 0.9000 0.9000 0.9000 0.9000 0.9000 0.9000 0.9000 0.9000 0.9000 0.9000 0.9000 0.9000 0.9000 0.9000 0.9000 0.9000 0.9000 0.9000 0.9000 0.9000 0.9000 0.9000 0.9000 0.9000 0.9000 0.9000 0.9000 0.9000 0.9000 0.9000 0.9000 0.9000 0.9000 0.9000 0.9000 0.9000 0.9000 0.9000 0.9000 0.9000 0.9000 0.9000 0.9000 0.9000 0.9000 0.9000 0.9000 0.9000 0.9000 0.9000 0.9000 0.9000 0.9000 0.9000 0.9000 0.9000 0.9000 0.9000 0.9000 0.9000 0.9000 0.9000 0.9000 0.9000 0.9000 0.9000 0.9000 0.9000 0.9000 0.9000 0.9000 0.9000 0.9000 0.9000 0.9000 0.9000 0.9000 0.9000 0.9000 0.9000 0.9000 0.9000 0.9000 0.9000 0.9000 0.9000 0.9000 0.9000 0.9000 0.9000 0.9000 0.9000 0.9000 0.9000 0.9000 0.9000 0.9000 0.9000 0.9000 0.9000 0.9000 0.9000 0.9000 0.9000 0.9000 0.9000 0.9000 0.9000 0.9000 0.9000 0.9000 0.9000 0.9000 0.9000 0.9000 0.9000 0.9000 0.9000 0.9000 0.9000 0.9000 0.9000 0.9000 0.9000 0.9000 0.9000 0.9000 0.9000 0.9000 0.9000 0.9000 0.9000 0.9000 0.9000 0.9000 0.9000 0.9000 0.9000 0.9000 0.9000 0.9000 0.9000 0.9000 0.9000 0.9000 0.9000 0.9000 0.9000 0.9000 0.9000 0.9000 0.9000 0.9000 0.9000 0.9000 0.9000 0.9000 0.9000 0.9000 0.9000 0.9000 0.9000 0.9000 0.9000 0.9000 0.9000 0.9000 0.9000 0.9000 0.9000 0.9000 0.9000 0.9000 0.9000 0.9000 0.9000 0.9000 0.9000 0.9000 0.9000 0.9000 0.9000 0.9000 0.9000 0.9000 0.9000 0.9000 0.9000 0.9000 0.9000 0.9000 0.9000 0.9000 0.9000 0.9000 0.9000 0.9000 0.9000 0.9000 0.9000 0.9000 0.9000 0.9000 0.9000 0.9000 0.9000 0.9000 0.9000 0.9000 0.9000 0.9000 0.9000 0.9000 0.9000 0.9000 0.9000 0.9000 0.9000 0.9000 0.9000 0.9000 0.9000 0.9000 0.9000 0.9000 0.9000 0.9000 0.9000 0.9000 0.9000 0.9000 0.9000 0.9000 0.9000 0.9000 0.9000 0.9000 0.9000 0.9000 0.9000 0.9000 0.9000 0.9000 0.9000 0.9000 0.9000 0.9000 0.9000 0.9000 0.9000 0.9000 0.9000 0.9000 0.9000 0.9000 0.9000 0.9000 0.9000 0.9000 0.9000 0.9000 0.9000 0.9000 0.9000 0.9000 0.9000 0.9000 0.9000 0.9000 0.9000 0.9000 0.9000 0.9000 0.9000 0.9000 0.9000 0.9000 0.9000 0.9000 0.9000 0.9000 0.9000 0.9000 0.9000 0.9000 0.9000 0.9000 0.9000 0.9000 0.9000 0.9000 0.9000 0.9000 0.9000 0.9000 0.9000 0.9000 0.9000 0.9000 0.9000 0.9000 0.9000 0.9000 0.9000 0.9000 0.9000 0.9000 0.9000 0.9000 0.9000 0.9000 0.9000 0.9000 0.9000 0.9000 0.9000 0.9000 0.9000 0.9000 0.9000 0.9000 0.9000 0.9000 0.9000 0.9000 0.9000 0.9000 0.9000 0.9000 0.9000 0.9000 0.9000 0.9000 0.9000 0.9000 0.9000 0.9000 0.9000 0.9000 0.9000 0.9000 0.9000 0.9000 0.9000 0.9000 0.9000 0.9000 0.9000 0.9000 0.9000 0.9000 0.9000 0.9000 0.9000 0.9000 0.9000 0.9000 0.9000 0.9000 0.9000 0.9000 0.9000 0.9000 0.9000 0.9000 0.9000 0.9000 0.9000 0.9000 0.9000 0.9000 0.9000 0.9000 0.9000 0.9000 0.9000 0.9000 0.9000 0.9000 0.9000 0.9000 0.9000 0.9000 0.9000 0.9000 0.9000 0.9000 0.9000 0.9000 0.9000 0.9000 0.9000 0.9000 0.9000 0.9000 0.9000 0.9000 0.9000 0.9000 0.9000 0.9000 0.9000 0.9000 0.9000 0.9000 0.9000 0.9000 0.9000 0.9000 0.9000 0.9000 0.9000 0.9000 0.9000 0.9000 0.9000 0.9000 0.9000 0.9000 0.9000 0.9000 0.9000 0.9000 0.9000 0.9000 0.9000 0.9000 0.9000 0.9000 0.9000 0.9000 0.9000 0.9000 0.9000 0.9000 0.9000 0.9000 0.9000 0.9000 0.9000 0.9000 0.9000 0.9000 0.9000 0.9000 0.9000 0.9000 0.9000 0.9000 0.9000 0.9000 0.9000 0.9000 0.9000 0.9000 0.9000 0.9000 0.9000 0.9000 0.9000 0.9000 0.9000 0.9000 0.9000 0.9000 0.9000 0.9000 0.9000 0.9000 0.9000 0.9000 0.9000 0.9000 0.9000 0.9000 0.9000 0.9000 0.9000 0.9000 0.9000 0.9000 0.9000 0.9000 0.9000 0.9000 0.9000 0.9000 0.9000 0.9000 0.9000 0.9000 0.9000 0.9000 0.9000 0.9000 0.9000 0.9000 0.9000 0.9000 0.9000 0.9000 0.9000 0.9000 0.9000 0.9000 0.9000 0.9000 0.9000 0.9000 0.9000 0.9000 0.9000 0.9000 0.9000 0.9000 0.9000 0.9000 0.9000 0.9000 0.9000 0.9000 0.9000 0.9000 0.9000 0.9000 0.9000 0.9000 0.9000 0.9000 0.9000 0.9000 0.9000 0.9000 0.9000 0.9000 0.9000 0.9000 0.9000 0.9000 0.9000 0.9000 0.9000 0.9000 0.9000 0.9000 0.9000 0.9000 0.9000 0.9000 0.9000 0.9000 0.9000 0.9000 0.9000 0.9000 0.9000 0.9000 0.9000 0.9000 0.9000 0.9000 0.9000 0.9000 0.9000 0.9000 0.9000 0.9000 0.9000 0.9000 0.9000 0.9000 0.9000 0.9000 0.9000 0.9000 0.9000 0.9000 0.9000 0.9000 0.9000 0.9000 0.9000 0.9000 0.9000 0.9000 0.9000 0.9000 0.9000 0.9000 0.9000 0.9000 0.9000 0.9000 0.9000 0.9000 0.9000 0.9000 0.9000 0.9000 0.9000 0.9000 0.9000 0.9000 0.9000 0.9000 0.9000 0.9000 0.9000 0.9000 0.9000 0.9000 0.9000 0.9000 0.9000 0.9000 0.9000 0.9000 0.9000 0.9000 0.9000 0.9000 0.9000 0.9000 0.9000 0.9000 0.9000 0.9000 0.9000 0.9000 0.9000 0.9000 0.9000 0.9000 0.9000 0.9000 0.9000 0.9000 0.9000 0.9000 0.9000 0.9000 0.9000 0.9000 0.9000 0.7919 0.7692 0.6915 0.5825 0.7626 0.5956 0.7916 0.8595 0.7502 0.6144 0.7915 0.7530 0.8186 0.6058 0.7645 0.8026 0.6494 0.6188 0.8179 0.6436 0.7775 0.8215 0.8293 0.7885 0.7529 0.8032 0.6924 0.7093 0.6872 0.7839 0.8103 0.7376 0.6289 0.6538 0.7673 0.7227 0.6996 0.6594 0.8162 0.8375 0.6530 0.7596 0.6553 0.6910 0.6939 0.7448 0.6351 0.6685 0.6172 0.8271 0.7871 0.6717 0.8433 0.7490 0.7088 0.6359 0.7942 0.6969 0.6272 0.8037 0.8184 0.7717 0.7774 0.7748 0.7240 0.7694 0.7029 0.6003 0.5445 0.6424 0.6414 0.7546 0.7370 0.6543 0.6218 0.7792 0.5781 0.7092 0.8381 0.7147 0.7971 0.8268 0.6703 0.6857 0.6145 0.6447 0.5397 0.7335 0.5936 0.5364 0.7482 0.5722 0.8054 0.7930 0.6923 0.8030 0.7364 0.7797 0.7264 0.7575 0.7493 0.8131 0.5212 0.6699 0.7729 0.7436 0.6641 0.7338 0.5899 0.8013 0.8655 0.7993 0.8345 0.7247 0.6294 0.7734 0.6391 0.6644 0.5833 0.6547 0.7370 0.6394 0.7897 0.5622 0.7630 0.7094 0.8414 0.6339 0.7707 0.7565 0.8126 0.7177 0.5228 0.7772 0.8411 0.7601 0.5778 0.6711 0.5899 0.8222 0.7190 0.8348 0.6564 0.6087 0.7268 0.8203 0.6468 0.7335 0.5632 0.7714 0.7535 0.6590 0.7786 0.7545 0.8212 0.5893 0.5740 0.6443 0.7820 0.5678 0.7519 0.6080 0.8262 0.7884 0.8180 0.6730 0.6656 0.7827 0.6867 0.7556 0.7608 0.5313 0.6844 0.7692 0.8181 0.7749 0.7274 0.6897 0.6538 0.7487 0.7151 0.5801 0.6293 0.7202 0.7858 0.6894 0.8348 0.7465 0.8385 0.8211 0.7947 0.8338 0.6969 0.6154 0.6751 0.5638 0.5899 0.7880 0.7855 0.6936 0.6070 0.7210 0.8193 0.7675 0.7807 0.6296 0.6587 0.7923 0.8381 0.7228 0.7542 0.6785 0.6930 0.7610 0.7942 0.6417 0.6908 0.6860 0.7653 0.7913 0.7936 0.5737 0.7417 0.7765 0.7778 0.6496 0.7091 0.7742 0.6804 0.8149 0.7470 0.6258 0.7198 0.7089 0.7105 0.6453 0.7310 0.8211 0.7367 0.6008 0.7308 0.6346 0.7347 0.7282 0.7700 0.8610 0.6822 0.7158 0.6776 0.5959 0.7041 0.5745 0.5490 0.8041 0.8346 0.8022 0.8021 0.5448 0.7580 0.8009 0.8592 0.8295 0.7255 0.7232 0.7598 0.7731 0.7410 0.7321 0.7787 0.6032 0.8044 0.6786 0.7010 0.7706 0.7188 0.8285 0.7836 0.8029 0.7809 0.7639 0.7483 0.4739 0.5695 0.6914 0.7021 0.6496 0.7928 0.7119 0.8129 0.6432 0.5840 0.7731 0.5090 0.8131 0.7549 0.5751 0.7917 0.5897 0.7222 0.7898 0.7903 0.7982 0.5863 0.6304 0.8029 0.7543 0.7631 0.8112 0.8262 0.6285 0.8059 0.7258 0.6702 0.8107 0.7908 0.7890 0.8691 0.7008 0.7797 0.7564 0.7899 0.7738 0.8138 0.6922 0.7587 0.7664 0.4944 0.7433 0.6397 0.5841 0.7101 0.6523 0.7778 0.7305 0.7797 0.7027 0.7752 0.7081 0.7370 0.8431 0.7338 0.8156 0.6601 0.8385 0.6032 0.7969 0.6848 0.8396 0.5788 0.5817 0.7275 0.6824 0.7319 0.6398 0.8003 0.5670 0.6872 0.6567 0.6504 0.7298 0.7476 0.7153 0.8132 0.7404 0.7989 0.8208 0.6600 0.7011 0.7780 0.8333 0.7959 0.7835 0.8192 0.7541 0.7899 0.7138 0.6624 0.7915 0.6450 0.7696 0.6469 0.6637 0.6149 0.6331 0.8279 0.8510 0.5971 0.7901 0.7423 0.7862 0.7271 0.7759 0.7385 0.7217 0.8057 0.7657 0.5734 0.8213 0.6469 0.6092 0.6675 0.7309 0.6699 0.7710 0.6351 0.7387 0.7478 0.6467 0.7159 0.6227 0.6845 0.8091 0.7983 0.6689 0.6787 0.6962 0.7194 0.7351 0.6791 0.5739 0.5940 0.8417 0.7387 0.7132 0.8354 0.7762 0.7153 0.8339 0.8004 0.7529 0.7323 0.7768 0.7924 0.7762 0.8031 0.8166 0.6278 0.7892 0.7895 0.6864 0.5857 0.8109 0.7901 0.7935 0.6662 0.7579 0.8028 0.6605 0.6751 0.7274 0.6817 0.7278 0.7546 0.7524 0.7311 0.6621 0.7307 0.7828 0.7899 0.7565 0.7374 0.6200 0.6773 0.7889 0.7810 0.6448 0.6687 0.6756 0.7391 0.8187 0.8037 0.6505 0.7552 0.8443 0.7087 0.5402 0.6881 0.7264 0.7033 0.8538 0.6645 0.6559 0.7600 0.7918 0.6605 0.7676 0.6669 0.7821 0.7218 0.8472 0.6954 0.8141 0.5212 0.5429 0.7664 0.7327 0.6966 0.7850 0.7817 0.8310 0.7169 0.8051 0.7909 0.7798 0.7569 0.8384 0.5622 0.7003 0.6491 0.6128 0.7285 0.7678 0.6931 0.6230 0.7709 0.7707 0.7268 0.6244 0.8233 0.7804 0.8290 0.7878 0.6682 0.7353 0.7886 0.7781 0.6715 0.7552 0.8005 0.7820 0.6888 0.7255 0.6802 0.5958 0.8161 0.8703 0.7360 0.5812 0.8301 0.6227 0.7662 0.6227 0.8277 0.7360 0.8221 0.8099 0.7262 0.7257 0.6579 0.7137 0.8057 0.7536 0.6449 0.8100 0.5747 0.7694 0.5228 0.8243 0.7179 0.5798 0.8434 0.6713 0.6266 0.7245 0.7831 0.6445 0.6798 0.8157 0.8052 0.7755 0.7380 0.5738 0.7268 0.7594 0.5683 0.8117 0.7765 0.7373 0.7653 0.7775 0.8575 0.6349 0.6421 0.7166 0.6708 0.6406 0.6731 0.7452 0.6100 0.7352 0.5248 0.8156 0.6504 0.7232 0.6583 0.7086 0.7569 0.7505 0.6891 0.7692 0.7991 0.5392 0.8239 0.8294 0.8055 0.6017 0.6596 0.7541 0.6464 0.6261 0.7722 0.8077 0.7884 0.8220 0.5558 0.6431 0.6160 0.7215 0.7225 0.7230 0.7851 0.7978 0.7214 0.7253 0.8240 0.6642 0.7593 0.8392 0.8283 0.7441 0.7733 0.6766 0.7485 0.7311 0.6887 0.8436 0.6307 0.7830 0.7486 0.6406 0.5716 0.6021 0.7674 0.8184 0.6452 0.8192 0.7774 0.7475 0.6222 0.7462 0.7333 0.7625 0.6102 0.7181 0.7899 0.7241 0.7384 0.8437 0.6818 0.6131 0.6741 0.6283 0.7988 0.8088 0.7700 0.7892 0.6046 0.7367 0.7334 0.7847 0.7499 0.7260 0.7090 0.7359 0.7413 0.7086 0.7081 0.5150 0.7973 0.7839 0.7151 0.8054 0.5720 0.7711 0.6711 0.8268 0.6462 0.7547 0.7721 0.8106 0.7694 0.7237 0.8244 0.7472 0.6892 0.8015 0.5460 0.7069 0.8262 0.7604 0.7901 0.5811 0.7706 0.7690 0.6021 0.6563 0.6698 0.8198 0.8968 0.7597 0.8225 0.7613 0.6052 0.7784 0.7473 0.7758 0.7826 0.8341 0.6686 0.6920 0.7386 0.8319 0.6284 0.7363 0.6869 0.8092 0.7712 0.8225 0.6657 0.8134 0.7662 0.5713 0.7010 0.7418 0.7632 0.5682 0.7237 0.8048 0.5803 0.7263 0.8383 0.7956 0.7227 0.7374 0.6813 0.8748 0.8194 0.6536 0.7078 0.6044 0.5439 0.6712 0.5793 0.7860 0.6352 0.7651 0.7703 0.7196 0.7450 0.8275 0.7555 0.7496 0.5811 0.7553 0.7111 0.6142 0.8595 0.6236 0.5373 0.6790 0.8261 0.7548 0.7483 0.7507 0.8430 0.7249 0.6697 0.7227 0.7863 0.6730 0.6237 0.7532 0.5663 0.6808 0.5657 0.8152 0.7903 0.7714 0.8138 0.7964 0.7007 0.6246 0.7601 0.5363 0.8267 0.8049 0.7538 0.6884 0.7735 0.7116 0.6463 0.7631 0.5757 0.6468 0.7954 0.6825 0.5385 0.6632 0.7326 0.8066 0.8268 0.5980 0.5342 0.7848 0.7560 0.7688 0.8013 0.7830 0.6670 0.7827 0.8085 0.5774 0.6836 0.7568 0.7143 0.7884 0.6505 0.8167 0.6531 0.7409 0.6807 0.7953 0.6779 0.7978 0.7871 0.6289 0.8007 0.6800 0.6687 0.7933 0.6986 0.7780 0.8163 0.7474 0.5625 0.7442 0.6090 0.5905 0.8275 0.7915 0.7868 0.6047 0.8219 0.8135 0.6379 0.5032 0.8298 0.8066 0.8252 0.7365 0.7992 0.5562 0.7895 0.6128 0.7606 0.7087 0.7508 0.6914 0.8245 0.6857 0.7727 0.8430 0.6053 0.7951 0.6072 0.5137 0.6868 0.7539 0.6888 0.7942 0.6513 0.7955 0.5563 0.8323 0.7303 0.5985 0.6468 0.7086 0.7986 0.6298 0.7282 0.7371 0.8155 0.7430 0.7718 0.7656 0.7681 0.6665 0.7544 0.7794 0.8117 0.8213 0.6811 0.7461 0.7380 0.6710 0.5968 0.6633 0.8212 0.7628 0.7259 0.8234 0.6791 0.6540 0.7261 0.5888 0.8224 0.8668 0.6891 0.7179 0.6635 0.7333 0.7421 0.7898 0.7784 0.6176 0.6709 0.7829 0.6214 0.6637 0.7772 0.7175 0.8158 0.7532 0.7556 0.7241 0.7250 0.7551 0.7842 0.8203 0.6731 0.7180 0.6129 0.7016 0.8242 0.7169 0.7295 0.8009 0.5812 0.6887 0.8523 0.7749 0.7939 0.7998 0.5493 0.6539 0.6712 0.6499 0.7583 0.7270 0.7622 0.7521 0.8503 0.7041 0.7784 0.8287 0.8610 0.7342 0.7711 0.5473 0.6987 0.7706 0.5993 0.6939 0.6301 0.5849 0.7680 0.6665 0.7584 0.7977 0.6909 0.7576 0.6915 0.5916 0.7241 0.6663 0.7999 0.7726 0.6861 0.7758 0.7400 0.7867 0.6746 0.7944 0.6584 0.8404 0.7277 0.7565 0.7477 0.6533 0.6520 0.8489 0.8135 0.5558 0.7460 0.6296 0.6903 0.8080 0.7611 0.7903 0.6607 0.7438 0.8204 0.7329 0.7381 0.7636 0.7232 0.7013 0.7521 0.7698 0.8141 0.6519 0.7553 0.7559 0.7586 0.8286 0.5208 0.5379 0.5821 0.7606 0.8025 0.6172 0.7657 0.8087 0.8000 0.7672 0.7660 0.7802 0.6561 0.5509 0.7246 0.8048 0.7411 0.7225 0.7691 0.7923 0.7531 0.7742 0.6491 0.7467 0.7657 0.7444 0.6679 0.6972 0.7605 0.7111 0.6150 0.6347 0.7694 0.7785 0.6663 0.8154 0.7003 0.8005 0.8391 0.5834 0.6678 0.8545 0.8303 0.7402 0.7831 0.8134 0.6194 0.6231 0.7224 0.6705 0.8214 0.7059 0.8111 0.8075 0.7465 0.6784 0.5972 0.7284 0.6930 0.5821 0.5785 0.7683 0.7183 0.5997 0.6591 0.6993 0.6934 0.6864 0.6298 0.5649 0.7164 0.7191 0.6296 0.5774 0.7511 0.8452 0.8551 0.6481 0.8885 0.6842 0.7916 0.7077 0.7480 0.7794 0.6934 0.7667 0.7328 0.7845 0.7370 0.6406 0.7893 0.8247 0.7406 0.7081 0.6932 0.7922 0.5455 0.7153 0.7170 0.7976 0.7726 0.7470 0.5659 0.6003 0.6669 0.6548 0.8041 0.6871 0.7924 0.5830 0.6564 0.7319 0.6329 0.8038 0.7430 0.7075 0.6263 0.6566 0.7468 0.7776 0.8014 0.5865 0.6645 0.6315 0.7931 0.7510 0.6612 0.6074 0.7790 0.7723 0.5846 0.4861 0.6457 0.6035 0.8162 0.7108 0.5414 0.8181 0.7432 0.7655 0.7818 0.5521 0.7960 0.8018 0.8085 0.7833 0.6829 0.5860 0.7778 0.6526 0.6917 0.7138 0.8076 0.7228 0.6854 0.6581 0.5465 0.7988 0.7858 0.7585 0.6861 0.7539 0.6423 0.7439 0.7112 0.8117 0.7978 0.7118 0.6326 0.6038 0.6742 0.8194 0.7829 0.6632 0.7187 0.7165 0.8589 0.6990 0.7438 0.7318 0.8345 0.8178 0.6920 0.7621 0.7504 0.5637 0.7362 0.7384 0.6937 0.7075 0.7819 0.8395 0.7435 0.8259 0.6650 0.6539 0.7227 0.6877 0.5943 0.6043 0.6745 0.7692 0.7467 0.7889 0.7883 0.7292 0.6926 0.8400 0.6178 0.7986 0.6809 0.7017 0.6471 0.5855 0.7525 0.8401 0.8118 0.8112 0.7758 0.7430 0.7288 0.7498 0.7012 0.8113 0.7485 0.6419 0.5641 0.7803 0.8123 0.7942 0.6271 0.6987 0.7858 0.6435 0.6117 0.5954 0.7513 0.7880 0.7971 0.5535 0.8076 0.7152 0.7280 0.7631 0.7309 0.7265 0.5827 0.8099 0.6720 0.7175 0.7672 0.7081 0.6068 0.6819 0.7906 0.6181 0.7021 0.6263 0.7512 0.6836 0.7212 0.6218 0.7729 0.7974 0.8341 0.8054 0.7895 0.5452 0.6508 0.8004 0.6812 0.8184 0.7509 0.7917 0.7458 0.7555 0.6617 0.8036 0.7503 0.6389 0.7105 0.8431 0.7601 0.6959 0.8190 0.6976 0.7892 0.5650 0.8033 0.6678 0.6877 0.6836 0.7553 0.6934 0.5832 0.7670 0.6089 0.5164 0.7171 0.7216 0.7443 0.6309 0.7094 0.7647 0.8103 0.8103 0.7003 0.7828 0.6810 0.6698 0.7132 0.7365 0.7690 0.5498 0.7592 0.7608 0.6383 0.6355 0.6394 0.6094 0.8411 0.5971 0.7530 0.7455 0.7643 0.8103 0.7360 0.8096 0.6332 0.7969 0.7349 0.5553 0.7934 0.7956 0.7229 0.6980 0.7341 0.7239 0.6227 0.7356 0.6623 0.5568 0.6277 0.7413 0.7581 0.8533 0.7309 0.7179 0.7872 0.7715 0.6837 0.6917 0.8532 0.7814 0.7514 0.8333 0.6044 0.7549 0.7806 0.7443 0.6775 0.5833 0.7711 0.7948 0.7086 0.7174 0.7662 0.6795 0.7292 0.6882 0.6364 0.8009 0.6740 0.6470 0.8049 0.7550 0.7809 0.7291 0.5702 0.8442 0.5890 0.7382 0.8305 0.7993 0.7663 0.6060 0.8448 0.7820 0.5831 0.6199 0.6709 0.6678 0.8134 0.6828 0.7114 0.6558 0.5245 0.8013 0.7858 0.8490 0.6496 0.8161 0.8188 0.7660 0.7540 0.6885 0.7741 0.6996 0.8166 0.8092 0.5986 0.5861 0.7656 0.7930 0.8258 0.6422 0.6687 0.7156 0.8409 0.8048 0.8434 0.6109 0.7302 0.7409 0.6943 0.6036 0.7496 0.7472 0.6373 0.5522 0.7916 0.7001 0.7445 0.7740 0.7946 0.7440 0.6943 0.8170 0.7563 0.7574 0.6994 0.6839 0.5539 0.7200 0.5644 0.6564 0.5965 0.8071 0.8378 0.5380 0.5389 0.5786 0.6906 0.8506 0.6990 0.7728 0.8137 0.6826 0.5766 0.6947 0.6532 0.8084 0.8095 0.6050 0.8411 0.6891 0.7006 0.8022 0.7782 0.7872 0.8019 0.8086 0.7163 0.7612 0.7672 0.7538 0.8417 0.8301 0.5858 0.8524 0.8765 0.6332 0.7385 0.6570 0.8148 0.5873 0.6323 0.7755 0.7989 0.6526 0.8599 0.6383 0.8126 0.7798 0.7877 0.5932 0.7903 0.5794 0.8272 0.8076 0.6392 0.7309 0.7872 0.7757 0.7377 0.7637 0.6078 0.7487 0.8032 0.8355 0.7586 0.6987 0.7274 0.8088 0.6961 0.7733 0.6451 0.7399 0.8130 0.7974 0.7610 0.6748 0.6624 0.8423 0.7909 0.7810 0.8135 0.7258 0.6457 0.7848 0.6818 0.7177 0.8144 0.6554 0.8201 0.7231 0.6551 0.8068 0.7171 0.7015 0.7777 0.7648 0.5933 0.7840 0.7784 0.7790 0.5638 0.6064 0.6506 0.8249 0.5546 0.7586 0.7318 0.8048 0.7941 0.7620 0.7786 0.7803 0.8435 0.7701 0.6732 0.8040 0.7425 0.7233 0.5794 0.7903 0.7254 0.7658 0.8393 0.6810 0.7843 0.8184 0.7269 0.7550 0.6619 0.8083 0.7619 0.6774 0.7005 0.7175 0.7786 0.7003 0.7321 0.7834 0.7094 0.6455 0.7854 0.8246 0.7430 0.8177 0.5633 0.7650 0.7925 0.7577 0.6425 0.7085 0.7701 0.8171 0.7773 0.6372 0.8042 0.6939 0.7428 0.7687 0.7036 0.8255 0.7961 0.7981 0.6141 0.6280 0.6945 0.6485 0.8059 0.6196 0.6508 0.6617 0.7973 0.7766 0.7153 0.7586 0.6502 0.6570 0.8127 0.5965 0.7287 0.6121 0.6925 0.7260 0.7492 0.6000 0.8309 0.8055 0.7653 0.7544 0.7481 0.7328 0.6849 0.7496 0.7568 0.6810 0.7368 0.7786 0.7410 0.6038 0.8269 0.8241 0.7749 0.7331 0.7319 0.7719 0.6827 0.6661 0.8052 0.6943 0.7406 0.7802 0.7394 0.8267 0.7391 0.5633 0.7375 0.6761 0.7752 0.5821 0.7497 0.7986 0.8041 0.7147 0.7628 0.7536 0.6351 0.7718 0.6909 0.7133 0.7420 0.6773 0.6445 0.7170 0.7522 0.7941 0.8307 0.7670 0.7233 0.6942 0.7042 0.6355 0.7988 0.7753 0.7816 0.7460 0.6331 0.7907 0.8062 0.8493 0.5716 0.6393 0.8296 0.7045 0.7874 0.7989 0.6354 0.7384 0.8136 0.8047 0.7599 0.6665 0.8294 0.7994 0.8135 0.6857 0.6702 0.5968 0.8380 0.6999 0.7010 0.7161 0.6787 0.7224 0.7050 0.8716 0.6538 0.8645 0.7983 0.6081 0.7054 0.7959 0.6213 0.8208 0.7945 0.6664 0.7017 0.7507 0.6988 0.8039 0.5835 0.8266 0.8502 0.6926 0.7177 0.8126 0.6889 0.7870 0.7792 0.7261 0.7164 0.7387 0.5704 0.7652 0.7796 0.7867 0.7554 0.7125 0.5191 0.7898 0.7024 0.7355 0.7815 0.6924 0.8083 0.7203 0.7045 0.6192 0.7473 0.7112 0.6674 0.6522 0.8085 0.8136 0.6953 0.8127 0.6653 0.7315 0.7340 0.7260 0.8413 0.6301 0.6737 0.6532 0.7811 0.7962 0.7289 0.7609 0.6149 0.6882 0.6210 0.6216 0.7622 0.7111 0.7181 0.6882 0.8040 0.5781 0.7459 0.7966 0.8296 0.7633 0.6374 0.8109 0.7475 0.5337 0.7759 0.6634 0.5890 0.5935 0.6093 0.7036 0.7002 0.8057 0.8223 0.7912 0.7004 0.6700 0.5760 0.8337 0.7952 0.7874 0.7848 0.7633 0.8803 0.8152 0.7812 0.5584 0.6572 0.6691 0.7290 0.7146 0.7189 0.6347 0.7279 0.7422 0.7281 0.7733 0.8052 0.7163 0.7662 0.7195 0.7969 0.6265 0.7323 0.6398 0.7630 0.6842 0.7287 0.7113 0.8115 0.7472 0.5903 0.7884 0.7511 0.5934 0.7430 0.6432 0.6013 0.5749 0.7577 0.6931 0.7495 0.6785 0.7233 0.7957 0.7445 0.7996 0.7104 0.6872 0.6884 0.6832 0.8456 0.7327 0.7503 0.6711 0.8111 0.6391 0.8297 0.7645 0.8095 0.7134 0.6105 0.6081 0.7677 0.4373 0.7007 0.7653 0.6363 0.7908 0.7613 0.6490 0.7938 0.6102 0.8143 0.5715 0.6087 0.6999 0.7518 0.6312 0.7729 0.5805 0.7949 0.6884 0.7827 0.8570 0.8036 0.7584 0.7043 0.7021 0.6240 0.6793 0.6857 0.6217 0.7283 0.6756 0.7683 0.7848 0.7662 0.7202 0.7832 0.6940 0.7863 0.6676 0.6996 0.7153 0.7349 0.5758 0.8006 0.6145 0.8077 0.6039 0.7817 0.5152 0.6454 0.8009 0.8363 0.7937 0.7417 0.5293 0.7936 0.7106 0.8229 0.6801 0.7945 0.7262 0.6703 0.6461 0.7825 0.7218 0.7432 0.6147 0.7311 0.7076 0.6908 0.7504 0.7642 0.6313 0.7196 0.8599 0.7729 0.6451 0.7495 0.7800 0.6797 0.7449 0.8152 0.8192 0.6935 0.7679 0.7967 0.7291 0.7691 0.7228 0.8044 0.7513 0.6460 0.7988 0.7209 0.6057 0.7418 0.8199 0.7045 0.8033 0.6361 0.7437 0.7457 0.8222 0.5456 0.7477 0.8270 0.7188 0.6352 0.6002 0.7474 0.5912 0.7601 0.7423 0.8075 0.8231 0.5867 0.6499 0.6036 0.7806 0.6876 0.8033 0.5401 0.7562 0.8246 0.6174 0.8337 0.8317 0.7812 0.7590 0.6097 0.7275 0.7583 0.7583 0.7972 0.7922 0.7626 0.8152 0.8116 0.7318 0.6155 0.8791 0.6202 0.7097 0.8379 0.7532 0.6300 0.6698 0.7671 0.7775 0.6362 0.7533 0.8504 0.7022 0.7081 0.7841 0.7421 0.6948 0.7683 0.6960 0.7230 0.7047 0.6875 0.6586 0.8233 0.6502 0.8000 0.8060 0.7783 0.7805 0.7760 0.7915 0.7112 0.5383 0.6336 0.7368 0.7658 0.6829 0.8179 0.6460 0.6979 0.6757 0.7855 0.6165 0.6888 0.7237 0.7513 0.7050 0.6072 0.7744 0.6764 0.7799 0.7228 0.6483 0.7630 0.7182 0.8304 0.7384 0.7580 0.6254 0.7946 0.7516 0.7544 0.7093 0.8025 0.7815 0.6903 0.5804 0.7565 0.7126 0.8241 0.8134 0.6793 0.5612 0.7277 0.7936 0.8006 0.8382 0.7230 0.7881 0.8206 0.5766 0.7129 0.7797 0.7840 0.7471 0.7775 0.7266 0.6092 0.8010 0.7982 0.7962 0.7735 0.6369 0.5880 0.7499 0.6873 0.8408 0.6486 0.6453 0.6577 0.7576 0.7635 0.8085 0.8349 0.5976 0.5999 0.7906 0.7205 0.7077 0.7706 0.7485 0.6861 0.6610 0.7974 0.7751 0.7649 0.6884 0.7897 0.6031 0.5633 0.6222 0.7025 0.7563 0.7991 0.4977 0.7012 0.8018 0.7519 0.7854 0.7111 0.6292 0.6237 0.7347 0.7715 0.7001 0.6811 0.8400 0.6338 0.7856 0.8310 0.8278 0.6857 0.8182 0.7386 0.6420 0.8173 0.6567 0.7835 0.7492 0.7780 0.7021 0.8397 0.7632 0.6368 0.6682 0.8176 0.5881 0.6971 0.6904 0.7179 0.6073 0.7059 0.8179 0.5990 0.7858 0.8354 0.5975 0.8008 0.8089 0.6333 0.5616 0.7874 0.8133 0.7855 0.6026 0.8180 0.7912 0.6431 0.6792 0.6287 0.6165 0.8137 0.5947 0.7440 0.7819 0.7048 0.5748 0.6905 0.7548 0.6217 0.8097 0.5551 0.7293 0.7643 0.6171 0.7207 0.7170 0.6254 0.6764 0.7959 0.6402 0.7990 0.7754 0.7668 0.7704 0.6621 0.7593 0.5875 0.8048 0.5885 0.7081 0.8179 0.6081 0.6552 0.8250 0.7441 0.8180 0.6871 0.7864 0.7855 0.7188 0.6578 0.7614 0.6260 0.6832 0.7268 0.8140 0.8446 0.7390 0.7244 0.7530 0.5893 0.6472 0.6248 0.7614 0.7838 0.5746 0.7516 0.5875 0.7935 0.8137 0.7924 0.7763 0.6362 0.5672 0.7799 0.6688 0.7687 0.7521 0.8116 0.8108 0.5548 0.7545 0.6574 0.7282 0.7761 0.7179 0.7572 0.7657 0.6196 0.7783 0.8288 0.8319 0.7924 0.7788 0.8212 0.6967 0.8408 0.6516 0.5665 0.6389 0.5308 0.6882 0.5899 0.6933 0.6883 0.7733 0.6783 0.7321 0.6886 0.8019 0.7072 0.7177 0.7829 0.7037 0.7810 0.5830 0.5407 0.6341 0.7011 0.7106 0.7974 0.6468 0.7423 0.5760 0.7746 0.7628 0.6908 0.7621 0.5838 0.6961 0.8202 0.8030 0.7670 0.8153 0.7852 0.7212 0.6287 0.6830 0.6500 0.7757 0.5409 0.7291 0.7668 0.6386 0.7910 0.5379 0.6712 0.6234 0.7722 0.5557 0.6150 0.6992 0.7840 0.6769 0.8048 0.7784 0.6868 0.7183 0.7060 0.6489 0.7016 0.7400 0.7224 0.7770 0.8098 0.8017 0.8248 0.6711 0.7849 0.7698 0.7882 0.7182 0.7949 0.8412 0.8260 0.7284 0.5989 0.7673 0.7986 0.7854 0.7621 0.8118 0.8297 0.7742 0.7796 0.5516 0.7821 0.7880 0.7392 0.6295 0.7033 0.5567 0.6453 0.6955 0.5761 0.8244 0.7702 0.7246 0.6921 0.6940 0.6202 0.8089 0.8229 0.7320 0.7801 0.8200 0.5487 0.8709 0.5614 0.6435 0.6585 0.7641 0.5016 0.7495 0.8273 0.7540 0.7532 0.8133 0.6959 0.7438 0.8123 0.6397 0.6751 0.7737 0.7786 0.8325 0.6829 0.8015 0.6757 0.6743 0.7631 0.7028 0.7797 0.8026 0.7615 0.6053 0.6499 0.7800 0.7847 0.7933 0.7555 0.6422 0.8364 0.7833 0.8122 0.7456 0.6955 0.8049 0.5944 0.6893 0.7934 0.7855 0.6008 0.6668 0.7094 0.7293 0.6175 0.5635 0.8187 0.8478 0.6945 0.7748 0.7880 0.6311 0.7585 0.6656 0.8187 0.6677 0.7600 0.6382 0.8311 0.7594 0.6354 0.8290 0.7892 0.8115 0.8036 0.6212 0.8016 0.7400 0.5545 0.7236 0.6998 0.8060 0.7866 0.7124 0.5601 0.7423 0.7888 0.6009 0.8299 0.7538 0.6020 0.5980 0.6996 0.6126 0.6272 0.7811 0.7283 0.6038 0.7514 0.8404 0.6228 0.7497 0.6822 0.6180 0.8472 0.6450 0.8241 0.6361 0.7444 0.8670 0.5612 0.7454 0.7704 0.8455 0.7669 0.6941 0.6983 0.8041 0.8243 0.7736 0.7447 0.7593 0.6675 0.8102 0.6704 0.7347 0.7197 0.6251 0.5570 0.8088 0.6502 0.6518 0.6261 0.6797 0.6598 0.7481 0.5325 0.7681 0.7915 0.8121 0.6961 0.8245 0.7953 0.6324 0.6629 0.7539 0.8010 0.6733 0.7689 0.8099 0.5841 0.5219 0.8482 0.7224 0.8400 0.6697 0.6080 0.7072 0.7065 0.7782 0.7602 0.7742 0.6968 0.7427 0.6322 0.8132 0.6609 0.7928 0.7521 0.8671 0.6801 0.6731 0.5321 0.7706 0.8047 0.6124 0.7086 0.8456 0.7639 0.6284 0.8489 0.6884 0.6252 0.8530 0.6372 0.7899 0.6674 0.6944 0.6594 0.7845 0.8000 0.5909 0.6544 0.7537 0.8153 0.6134 0.6994 0.7955 0.8156 0.7196 0.7907 0.7574 0.6516 0.6046 0.7920 0.5982 0.6019 0.6301 0.6634 0.6683 0.6408 0.6407 0.6826 0.7137 0.8329 0.7973 0.6472 0.6344 0.7789 0.7622 0.7586 0.6078 0.7175 0.7655 0.4741 0.5425 0.6081 0.8161 0.7145 0.4647 0.7386 0.7842 0.7431 0.8083 0.6355 0.6559 0.7325 0.7478 0.8223 0.7038 0.7325 0.7206 0.7170 0.7459 0.7868 0.7334 0.7514 0.6383 0.6514 0.6862 0.6958 0.5657 0.7929 0.5871 0.8484 0.5028 0.7383 0.5109 0.7379 0.8043 0.6724 0.7667 0.6300 0.7781 0.6733 0.5919 0.7308 0.7849 0.7788 0.7421 0.6931 0.7315 0.7750 0.7100 0.5431 0.6899 0.5718 0.8437 0.6398 0.8307 0.8047 0.6567 0.5774 0.8096 0.7599 0.6419 0.7932 0.7108 0.7920 0.6256 0.7866 0.7966 0.6907 0.6769 0.7890 0.5891 0.7632 0.7320 0.6839 0.7761 0.7639 0.8320 0.7027 0.7587 0.8137 0.7791 0.7567 0.8018 0.6990 0.7959 0.7570 0.6023 0.5738 0.5735 0.7299 0.7219 0.6991 0.6532 0.6754 0.5853 0.7641 0.7784 0.7395 0.7030 0.8524 0.7049 0.8033 0.7563 0.8078 0.7621 0.6987 0.8060 0.7714 0.8107 0.5282 0.6561 0.7240 0.7367 0.7552 0.7366 0.6608 0.7621 0.6187 0.7747 0.7797 0.8270 0.7816 0.5370 0.6338 0.7532 0.6837 0.8068 0.7847 0.8284 0.6422 0.5031 0.7649 0.7221 0.7377 0.7375 0.7287 0.6746 0.6309 0.7436 0.8562 0.7031 0.5896 0.7219 0.7581 0.7146 0.7293 0.7558 0.8385 0.6139 0.7792 0.7700 0.7929 0.5507 0.8457 0.8077 0.6848 0.6072 0.7467 0.7600 0.8124 0.7465 0.6504 0.7184 0.7531 0.7283 0.7305 0.7466 0.7253 0.6857 0.7661 0.7364 0.7496 0.6755 0.7991 0.7504 0.6579 0.7662 0.5808 0.5346 0.7744 0.7812 0.5262 0.7793 0.5825 0.8060 0.7204 0.6733 0.7200 0.8049 0.6673 0.7600 0.7445 0.7008 0.8560 0.7502 0.7044 0.8128 0.7822 0.7198 0.7031 0.8196 0.7795 0.8141 0.6730 0.6548 0.6169 0.7613 0.7376 0.7920 0.6991 0.7881 0.8208 0.6380 0.7893 0.7764 0.7334 0.5525 0.7155 0.8066 0.7667 0.7771 0.8290 0.7427 0.6894 0.5830 0.7180 0.7922 0.8105 0.6611 0.6859 0.7265 0.7623 0.7714 0.7988 0.8160 0.6037 0.8476 0.5501 0.7404 0.7055 0.8002 0.8004 0.6149 0.7782 0.6321 0.7996 0.6578 0.6635 0.6620 0.6253 0.7768 0.7915 0.7955 0.6484 0.6519 0.5934 0.6914 0.7329 0.7739 0.8022 0.7283 0.6267 0.5976 0.7146 0.6089 0.6684 0.7173 0.7793 0.6171 0.7439 0.7656 0.7124 0.8153 0.6173 0.8093 0.7339 0.6197 0.5828 0.7890 0.6352 0.7699 0.8390 0.7945 0.7781 0.7273 0.8041 0.6882 0.7400 0.8045 0.7285 0.7700 0.6021 0.6944 0.7166 0.7470 0.6484 0.8091 0.7768 0.8085 0.5134 0.7919 0.6462 0.8431 0.7773 0.7642 0.7890 0.8043 0.6249 0.5038 0.7936 0.8071 0.8162 0.6340 0.5226 0.8105 0.7510 0.8465 0.7001 0.7280 0.7338 0.7892 0.7689 0.8192 0.7292 0.8018 0.7633 0.7954 0.8027 0.6723 0.8193 0.8033 0.7833 0.5459 0.7864 0.7969 0.7385 0.6039 0.5765 0.7919 0.6395 0.6573 0.7766 0.8563 0.7379 0.6751 0.7768 0.7573 0.8229 0.6532 0.7783 0.8003 0.7267 0.8369 0.7647 0.6610 0.6367 0.6294 0.6886 0.5645 0.6992 0.6852 0.7959 0.8041 0.7208 0.7552 0.6693 0.7130 0.7341 0.5567 0.6340 0.6876 0.8151 0.5978 0.8151 0.6787 0.7209 0.8100 0.6048 0.7446 0.8510 0.6650 0.7093 0.7714 0.7469 0.6204 0.5477 0.7464 0.7717 0.6191 0.7997 0.6391 0.7303 0.7098 0.7707 0.7819 0.7915 0.7826 0.6137 0.6534 0.8025 0.6949 0.7458 0.7808 0.7707 0.8476 0.7772 0.6911 0.7422 0.7967 0.8498 0.8714 0.7383 0.5020 0.8302 0.5398 0.7148 0.8242 0.7721 0.6789 0.7966 0.7651 0.7464 0.5595 0.6473 0.7602 0.6186 0.6010 0.6247 0.6993 0.7311 0.8010 0.7795 0.6031 0.8110 0.7372 0.7720 0.7878 0.8242 0.6540 0.8217 0.8558 0.6907 0.7401 0.8149 0.7565 0.8128 0.6736 0.7900 0.6865 0.6570 0.7556 0.7391 0.7755 0.7668 0.7347 0.8580 0.8253 0.7949 0.6638 0.6662 0.8538 0.5795 0.6854 0.7634 0.7495 0.7722 0.7623 0.7625 0.7997 0.7038 0.7493 0.7700 0.7952 0.7563 0.5742 0.8141 0.4881 0.7613 0.6570 0.6369 0.7730 0.8114 0.7804 0.7983 0.7398 0.7974 0.7542 0.7062 0.6713 0.7734 0.8623 0.6669 0.6523 0.8355 0.6131 0.7855 0.7952 0.8436 0.7594 0.7145 0.7734 0.7803 0.7964 0.6278 0.7820 0.8107 0.8463 0.6941 0.7817 0.8240 0.7463 0.7962 0.6866 0.7168 0.5947 0.7104 0.6636 0.7097 0.7861 0.7662 0.6112 0.6979 0.6892 0.6412 0.6513 0.5888 0.8092 0.7150 0.7888 0.6996 0.8937 0.7630 0.7169 0.8126 0.6202 0.7450 0.7987 0.5325 0.7392 0.8251 0.7815 0.6536 0.6343 0.7834 0.7108 0.7452 0.7612 0.5804 0.7641 0.8353 0.8517 0.7796 0.7721 0.7025 0.7443 0.7007 0.4568 0.7772 0.7998 0.6245 0.6974 0.7173 0.6716 0.8035 0.7586 0.7442 0.7347 0.8332 0.7818 0.8310 0.6651 0.7885 0.8075 0.7606 0.7325 0.6805 0.6870 0.7699 0.7312 0.6788 0.7858 0.5949 0.7387 0.5532 0.7262 0.6040 0.8374 0.7127 0.8109 0.6829 0.5696 0.6602 0.8252 0.6230 0.7716 0.7214 0.5970 0.7126 0.7456 0.7915 0.6733 0.6994 0.7271 0.8213 0.7195 0.6780 0.5554 0.7402 0.6477 0.7773 0.7255 0.8356 0.6664 0.5857 0.5830 0.7897 0.7400 0.7306 0.7859 0.6917 0.7638 0.8137 0.7901 0.7214 0.7860 0.8359 0.7302 0.8019 0.7955 0.8144 0.7255 0.8254 0.7291 0.7327 0.8062 0.7778 0.6477 0.6445 0.7236 0.7985 0.8182 0.7280 0.8159 0.6368 0.8173 0.6104 0.7367 0.6247 0.5398 0.7897 0.7640 0.8155 0.7877 0.7472 0.6780 0.7646 0.7973 0.7312 0.7582 0.7232 0.7291 0.8255 0.6476 0.7057 0.6111 0.7593 0.7969 0.8153 0.7430 0.6370 0.6986 0.6107 0.7757 0.8142 0.7941 0.6451 0.7593 0.8008 0.7096 0.7618 0.5670 0.8781 0.7381 0.7612 0.8539 0.6171 0.6065 0.7959 0.7621 0.7102 0.8438 0.6730 0.6454 0.8026 0.7902 0.7500 0.7740 0.8372 0.8531 0.5963 0.6262 0.7524 0.7840 0.7475 0.6782 0.7823 0.7561 0.6420 0.8204 0.7355 0.6745 0.7147 0.7152 0.6139 0.7946 0.8052 0.8088 0.7012 0.6678 0.6965 0.5614 0.7775 0.8271 0.8372 0.8270 0.7794 0.7738 0.8129 0.6823 0.7894 0.7902 0.8708 0.7837 0.8208 0.6085 0.7792 0.8273 0.6759 0.8257 0.8337 0.8094 0.7186 0.6830 0.7634 0.6796 0.8117 0.7691 0.8048 0.8103 0.7323 0.6523 0.8329 0.6822 0.8130 0.7958 0.7259 0.6603 0.7425 0.6450 0.7217 0.7091 0.7724 0.8139 0.7920 0.7009 0.7445 0.7764 0.7172 0.7533 0.8455 0.7518 0.6373 0.6716 0.6017 0.8285 0.6201 0.8279 0.7313 0.7066 0.6391 0.8227 0.8405 0.8040 0.7726 0.6759 0.6599 0.7973 0.6422 0.6861 0.8577 0.8018 0.6969 0.8201 0.7133 0.6135 0.6866 0.8037 0.8751 0.7760 0.5636 0.8163 0.8200 0.6331 0.8990 0.7825 0.7855 0.7882 0.8151 0.6289 0.8064 0.6392 0.8236 0.6029 0.8581 0.7982 0.7276 0.7877 0.7873 0.7878 0.7813 0.7017 0.7663 0.7265 0.6641 0.8381 0.8097 0.8722 0.6636 0.8206 0.7067 0.7964 0.5874 0.7162 0.8213 0.7333 0.7082 0.8035 0.6750 0.8115 0.8778 0.6586 0.8063 0.8576 0.6536 0.8340 0.5989 0.8428 0.8073 0.7423 0.6282 0.8542 0.7383 0.6145 0.7949 0.7641 0.7452 0.7711 0.6929 0.8199 0.6933 0.8043 0.7040 0.7319 0.6650 0.8612 0.8215 0.8546 0.7671 0.6384 0.6123 0.8230 0.7569 0.8365 0.6913 0.7793 0.7595 0.8307 0.6836 0.7856 0.7033 0.7263 0.7345 0.7762 0.7584 0.6817 0.7251 0.7529 0.7083 0.6436 0.7597 0.7503 0.7356 0.8608 0.8318 0.7203 0.8244 0.8419 0.7963 0.8324 0.6728 0.7905 0.6293 0.7404 0.7170 0.8633 0.6593 0.6263 0.7316 0.8576 0.7523 0.6827 0.7364 0.8160 0.8368 0.6526 0.7259 0.6702 0.8494 0.7608 0.7547 0.6929 0.8402 0.6814 0.6175 0.6931 0.8118 0.6903 0.7641 0.7313 0.6961 0.7873 0.6855 0.6711 0.8052 0.7466 0.8394 0.7879 0.7653 0.8790 0.8353 0.8608 0.6434 0.8178 0.7102 0.6169 0.6859 0.7488 0.8206 0.8217 0.6917 0.8155 0.7642 0.8056 0.6786 0.6736 0.8343 0.7783 0.8168 0.8161 0.6621 0.6891 0.7381 0.8407 0.8200 0.8268 0.7722 0.7970 0.6731 0.7607 0.6389 0.8571 0.6952 0.6604 0.7224 0.7961 0.7872 0.8543 0.7906 0.8190 0.7916 0.7993 0.6887 0.6953 0.8112 0.5974 0.8108 0.7254 0.7424 0.7705 0.5479 0.6986 0.7742 0.6964 0.8101 0.6512 0.8361 0.7065 0.8192 0.8017 0.7917 0.7993 0.6334 0.6714 0.6499 0.8279 0.7957 0.7435 0.7169 0.6864 0.7443 0.8123 0.7861 0.7992 0.8203 0.5642 0.7473 0.8192 0.8014 0.6746 0.7997 0.7133 0.6349 0.6033 0.8246 0.8051 0.6937 0.7018 0.7870 0.7503 0.7350 0.6766 0.7590 0.7935 0.6721 0.7952 0.6966 0.8382 0.5869 0.7070 0.8355 0.7654 0.7574 0.6503 0.6888 0.7273 0.7666 0.8097 0.8316 0.8115 0.5474 0.6518 0.6643 0.6420 0.6827 0.7332 0.5005 0.6224 0.8145 0.7074 0.7169 0.6065 0.7811 0.6410 0.6552 0.7934 0.7266 0.6609 0.8149 0.8056 0.7559 0.7799 0.6909 0.7905 0.8253 0.8092 0.7217 0.6956 0.7569 0.7772 0.7215 0.7377 0.8028 0.7140 0.7856 0.6889 0.7222 0.5948 0.7584 0.5954 0.6563 0.8519 0.8279 0.6334 0.8007 0.8227 0.7335 0.8122 0.7719 0.6953 0.7997 0.6964 0.6028 0.7437 0.5738 0.7934 0.6389 0.7383 0.6127 0.8478 0.6669 0.7230 0.6357 0.6147 0.7078 0.6984 0.8242 0.7512 0.5923 0.6125 0.6615 0.7389 0.7286 0.6421 0.6991 0.8024 0.7009 0.7509 0.7354 0.7900 0.7917 0.7328 0.7993 0.6333 0.7967 0.6920 0.7102 0.7990 0.7278 0.7216 0.5424 0.6511 0.7608 0.6912 0.7429 0.6798 0.7688 0.8259 0.7843 0.7906 0.8305 0.8099 0.7911 0.6680 0.7611 0.8373 0.6946 0.7494 0.7872 0.7697 0.6976 0.7470 0.7754 0.7841 0.7095 0.5758 0.6598 0.8484 0.6060 0.5125 0.7258 0.6779 0.7541 0.7803 0.6638 0.6603 0.8107 0.6147 0.7563 0.7496 0.7078 0.6948 0.8162 0.7569 0.8121 0.8076 0.7904 0.7122 0.7487 0.8251 0.7660 0.8308 0.7292 0.5497 0.7531 0.6938 0.6355 0.7624 0.7594 0.7969 0.7143 0.7262 0.6390 0.6618 0.5253 0.7496 0.6446 0.7195 0.7559 0.6825 0.5924 0.5710 0.6058 0.7303 0.6023 0.8147 0.8148 0.6047 0.6433 0.7066 0.8153 0.6922 0.8146 0.7035 0.7506 0.7268 0.8374 0.7918 0.7322 0.6519 0.6782 0.8024 0.5880 0.6809 0.7995 0.5504 0.7005 0.6527 0.7924 0.7783 0.7212 0.6734 0.5839 0.6476 0.8116 0.7219 0.7276 0.7389 0.8152 0.7802 0.6365 0.6966 0.6994 0.7884 0.7726 0.6521 0.5654 0.8013 0.8065 0.7329 0.8275 0.8725 0.8178 0.6956 0.7538 0.8228 0.6112 0.7838 0.7888 0.8590 0.8318 0.7715 0.8279 0.8323 0.8051 0.6122 0.8351 0.8550 0.6114 0.8161 0.8084 0.8446 0.6489 0.6072 0.7523 0.7141 0.6799 0.8009 0.8502 0.8270 0.7978 0.8397 0.7151 0.7769 0.8520 0.6034 0.6162 0.8302 0.6648 0.7727 0.7379 0.8431 0.7008 0.8632 0.6256 0.8221 0.8085 0.6177 0.6900 0.7780 0.7809 0.5418 0.6213 0.5985 0.7317 0.6407 0.6393 0.7077 0.8006 0.7336 0.7861 0.7776 0.8477 0.8628 0.8332 0.8077 0.8243 0.7264 0.7881 0.8244 0.6990 0.6708 0.7513 0.7591 0.7982 0.7773 0.6779 0.7997 0.7706 0.8907 0.8542 0.7157 0.6639 0.7577 0.8250 0.8147 0.8055 0.6801 0.7720 0.6847 0.8658 0.6300 0.7708 0.7339 0.7595 0.8371 0.8217 0.6951 0.6914 0.8017 0.8326 0.7538 0.7400 0.8551 0.8319 0.8213 0.7855 0.6097 0.8194 0.8636 0.6966 0.8150 0.7343 0.8781 0.8242 0.6173 0.7777 0.6496 0.8043 0.7970 0.7281 0.6736 0.6418 0.5995 0.8354 0.5741 0.6602 0.8558 0.8167 0.5456 0.7000 0.7921 0.7863 0.7875 0.7941 0.7172 0.7221 0.7790 0.8282 0.8020 0.8260 0.8603 0.5903 0.6467 0.5273 0.6581 0.7103 0.7586 0.7545 0.6335 0.7721 0.7349 0.8252 0.7285 0.8517 0.7910 0.8296 0.7948 0.8407 0.8486 0.7347 0.7806 0.8092 0.8045 0.7454 0.6973 0.7262 0.6171 0.8507 0.7042 0.6718 0.7535 0.6418 0.7916 0.8032 0.7268 0.6787 0.7728 0.6789 0.6588 0.7023 0.7589 0.7124 0.8489 0.6990 0.8127 0.8342 0.7456 0.6191 0.5704 0.8860 0.7258 0.7658 0.6664 0.7574 0.8549 0.7757 0.8025 0.8507 0.6893 0.8395 0.7183 0.6110 0.6658 0.7082 0.8242 0.6746 0.6959 0.8354 0.8285 0.6962 0.7950 0.6520 0.7032 0.7345 0.7927 0.6366 0.7797 0.8213 0.6373 0.7757 0.7955 0.7937 0.6432 0.6231 0.7883 0.7630 0.9023 0.8074 0.8200 0.6851 0.8314 0.6868 0.7577 0.6186 0.8526 0.7854 0.7992 0.7823 0.8889 0.8720 0.5936 0.8390 0.8403 0.7784 0.7959 0.7850 0.8449 0.7085 0.7027 0.6485 0.8243 0.8516 0.8580 0.7502 0.8504 0.7339 0.8290 0.7053 0.8193 0.5517 0.7581 0.8635 0.8166 0.6356 0.5668 0.7607 0.8492 0.7935 0.8237 0.8106 0.8651 0.6036 0.6724 0.8208 0.7203 0.6319 0.7215 0.8015 0.7974 0.7660 0.7746 0.5743 0.8163 0.7844 0.6247 0.8126 0.8415 0.5645 0.7405 0.6985 0.8508 0.8589 0.6389 0.7969 0.6788 0.8499 0.7456 0.6804 0.7634 0.8204 0.6634 0.8409 0.6433 0.6980 0.7712 0.7448 0.7986 0.7482 0.7493 0.6668 0.5645 0.7385 0.8390 0.8570 0.6841 0.7813 0.6335 0.6944 0.6631 0.8326 0.7874 0.8357 0.8192 0.8780 0.7300 0.7914 0.5396 0.7063 0.8310 0.7201 0.6829 0.6629 0.7200 0.8475 0.6029 0.8605 0.7926 0.6773 0.6924 0.7764 0.6904 0.7138 0.6040 0.7512 0.7521 0.6044 0.8456 0.8382 0.7877 0.7924 0.6685 0.8067 0.7716 0.7457 0.7466 0.6872 0.8197 0.7861 0.6845 0.6231 0.7460 0.6977 0.6970 0.7984 0.7645 0.6463 0.7969 0.6134 0.7183 0.7755 0.8179 0.7271 0.7754 0.7141 0.7981 0.7798 0.7987 0.8880 0.6454 0.6455 0.8576 0.6319 0.6694 0.7802 0.6943 0.6197 0.6522 0.8373 0.5673 0.7695 0.8213 0.7926 0.5945 0.7751 0.5908 0.8191 0.8562 0.7875 0.8587 0.7879 0.7434 0.8293 0.6870 0.7396 0.8172 0.7773 0.8418 0.8343 0.8357 0.6087 0.6483 0.6993 0.7518 0.7495 0.8257 0.8452 0.7980 0.7140 0.8052 0.7778 0.7320 0.8498 0.6775 0.6682 0.7621 0.5329 0.7524 0.7265 0.7885 0.6836 0.7214 0.8152 0.7492 0.7917 0.6811 0.6847 0.7723 0.7928 0.6317
</DataArray>
<DataArray type="Int32" Name="in_raft" format="ascii">
0 0 1 0 0 1 1 1 0 1 0 1 1 1 1 0 1 0 0 0 0 0 0 1 0 1 1 0 1 0 0 0 0 0 1 0 0 0 0 0 0 1 0 1 1 1 0 0 0 1 0 1 0 1 1 1 1 0 0 1 1 0 1 1 1 1 1 1 0 0 1 1 0 1 1 1 1 0 1 1 0 1 0 1 0 1 1 0 1 0 0 0 0 0 1 1 0 1 1 1 0 1 0 0 1 0 0 0 0 0 0 0 0 1 1 1 1 1 0 1 0 0 0 1 1 0 0 0 1 0 1 0 1 0 1 0 0 0 0 1 1 0 0 1 1 0 1 1 1 1 1 0 0 0 1 1 0 1 1 1 0 1 1 0 1 0 1 1 0 1 1 1 0 0 1 1 1 1 1 1 1 1 0 0 0 0 0 0 1 1 0 1 1 1 1 1 1 1 0 0 1 1 0 1 0 0 0 1 1 0 0 0 0 0 1 1 0 1 1 0 0 0 1 1 1 0 1 1 0 1 0 0 1 1 0 1 1 1 1 1 0 0 0 1 1 0 0 0 1 1 0 1 1 0 1 0 0 1 0 1 1 0 1 1 1 0 0 1 1 1 0 1 1 0 1 1 1 1 1 0 1 0 1 1 1 0 1 1 1 1 0 0 1 1 0 0 0 0 0 1 1 0 1 0 1 0 1 0 1 1 1 1 0 1 0 0 0 1 1 1 1 0 1 1 0 0 1 0 0 1 0 1 1 0 1 0 1 0 0 1 1 1 1 0 0 0 0 0 1 1 0 1 1 0 1 1 0 1 0 0 0 1 0 0 1 0 1 0 0 0 1 1 1 0 1 0 0 1 1 1 1 1 1 1 0 1 1 1 1 1 0 1 0 1 1 1 1 0 0 0 0 1 0 0 0 1 1 1 1 1 1 0 0 0 0 0 0 0 1 0 0 0 0 0 1 1 0 1 1 0 1 1 1 1 1 1 1 1 0 0 1 0 0 1 0 0 1 1 0 1 1 0 1 0 0 1 0 0 0 1 0 1 1 0 1 1 1 0 1 1 1 0 0 0 1 1 0 1 1 1 0 1 0 1 0 0 0 1 0 1 1 1 1 0 1 1 0 0 1 1 0 1 1 0 0 1 1 1 0 1 1 1 0 0 1 1 0 1 0 1 1 0 1 0 1 0 1 0 1 1 1 0 1 1 1 0 1 0 1 1 1 1 0 1 1 1 0 1 1 0 0 1 1 0 1 1 0 1 1 1 1 0 0 1 1 1 1 0 0 1 1 1 0 0 0 0 0 0 1 0 0 0 1 0 1 1 0 0 1 1 1 1 1 1 0 0 1 0 1 1 0 1 0 0 1 0 1 1 0 0 1 1 0 1 1 1 1 1 1 0 1 0 0 1 1 1 1 1 0 0 0 1 0 1 0 1 1 1 1 0 0 0 0 1 0 0 0 1 1 0 0 1 1 1 0 1 1 0 0 1 0 1 1 1 1 1 1 1 1 1 0 0 0 0 0 0 1 0 1 1 1 0 0 1 1 0 1 1 1 1 1 0 0 1 1 0 0 1 0 0 1 0 0 0 1 0 1 0 0 1 0 1 0 1 1 0 1 1 0 0 0 1 1 1 1 0 1 1 1 1 0 1 1 0 1 0 0 0 0 1 1 1 1 0 1 1 0 0 1 0 1 0 0 1 1 1 1 0 0 0 0 1 1 1 1 1 1 1 1 1 0 1 1 0 1 1 1 1 0 1 1 1 1 0 0 0 1 0 1 1 1 1 1 0 0 1 0 0 1 1 1 1 1 0 0 1 1 1 1 1 0 0 1 0 0 0 0 1 0 1 0 1 1 1 1 1 0 0 1 1 0 1 0 0 0 0 1 0 0 1 1 0 1 1 0 0 0 1 1 1 1 1 1 0 0 0 0 0 1 1 1 1 0 1 1 1 0 0 1 1 1 1 0 0 1 1 1 0 0 1 1 0 1 0 0 1 0 1 1 1 0 0 0 0 1 1 0 0 1 0 1 1 1 1 0 0 1 1 0 1 0 1 1 1 1 1 1 0 1 0 0 1 1 1 0 0 1 1 0 0 1 1 0 1 1 1 1 0 1 0 1 0 1 1 1 0 1 1 0 0 0 1 1 1 0 1 0 0 0 1 0 1 1 1 0 1 0 1 0 0 0 1 0 1 1 1 0 0 1 0 1 1 0 1 1 1 0 0 0 1 0 0 0 0 0 1 0 0 0 1 0 0 1 1 1 0 1 1 1 1 0 1 1 1 0 1 1 1 1 1 0 1 1 0 1 0 1 0 0 0 0 0 1 0 1 1 0 1 0 1 0 1 1 1 1 1 1 1 1 1 0 1 0 1 0 1 0 0 0 1 1 0 0 1 1 0 1 0 1 1 1 1 1 1 1 0 1 0 0 0 1 1 0 1 1 0 0 1 1 1 1 0 0 0 1 1 0 0 0 0 1 1 1 1 0 0 1 1 1 1 1 0 1 0 1 1 1 0 1 1 0 0 1 0 1 0 1 1 1 0 1 1 1 1 1 0 1 0 1 1 1 1 1 0 1 0 1 0 0 1 0 0 1 1 0 1 1 1 0 1 1 1 0 1 0 1 1 1 0 0 0 1 0 0 0 0 1 1 1 1 0 0 0 1 0 1 1 1 1 1 0 0 1 1 1 0 1 1 1 0 1 0 0 1 0 0 0 1 1 1 0 1 0 0 1 0 0 0 0 1 0 0 1 0 0 1 1 1 1 1 1 1 0 1 1 1 1 1 0 0 1 0 1 0 0 0 0 1 0 0 1 1 0 1 1 0 1 1 1 0 0 0 1 1 0 0 0 0 1 1 1 0 1 1 0 1 0 1 0 1 1 1 1 1 1 1 1 0 0 1 1 1 1 1 1 0 0 0 0 1 0 1 1 0 0 1 0 0 0 1 0 1 1 1 1 0 0 1 1 1 1 0 1 1 0 0 1 1 0 1 1 0 1 1 1 1 1 1 0 0 0 1 1 0 1 0 0 0 1 0 1 1 1 0 1 1 1 1 0 0 1 0 1 0 1 0 0 0 0 1 1 1 1 1 1 1 1 1 1 1 1 1 1 1 0 1 1 0 1 0 0 1 1 1 1 1 1 0 0 1 1 1 0 0 1 1 1 0 1 1 1 1 0 1 1 1 0 0 0 0 1 1 0 1 1 1 0 1 1 0 0 1 0 0 1 0 1 0 1 1 0 1 1 1 1 0 0 0 0 1 0 1 0 1 1 1 1 1 1 0 1 0 0 1 1 1 0 1 1 1 1 1 0 0 1 0 0 1 1 1 1 0 1 0 0 1 1 1 1 1 1 0 0 1 0 1 0 0 1 1 0 1 0 0 0 1 1 1 1 0 1 1 0 1 0 1 0 1 0 0 1 1 0 1 0 0 0 0 1 1 0 1 1 1 1 0 0 0 1 1 1 0 1 1 1 1 1 1 0 0 1 0 1 1 1 0 1 0 1 1 1 0 0 0 1 0 0 0 1 0 0 1 1 1 0 0 1 0 1 1 1 1 1 1 1 1 0 0 0 0 1 1 0 1 1 0 1 1 0 1 1 1 1 0 1 0 1 0 0 1 0 1 0 1 1 1 1 0 0 0 1 1 0 1 1 0 0 1 0 0 1 1 0 0 1 0 1 0 0 1 1 1 1 1 0 0 0 1 0 1 0 1 1 1 0 1 1 1 1 0 1 0 1 0 0 0 1 0 0 1 1 0 1 0 0 1 0 0 1 1 0 1 1 0 0 1 0 1 1 1 1 0 1 0 1 0 1 0 1 1 1 1 0 0 1 1 0 1 0 0 0 1 1 1 0 0 1 0 1 0 1 0 1 0 1 1 1 0 0 1 1 1 0 1 0 1 1 0 1 1 0 0 0 0 0 0 1 0 1 1 0 1 1 1 0 1 1 1 1 0 0 1 0 0 0 0 1 1 0 1 1 1 1 1 0 1 0 1 1 1 1 0 1 1 0 0 1 1 0 1 1 1 0 1 0 0 0 1 1 0 1 1 1 1 1 1 1 0 1 1 0 1 0 1 1 1 0 1 0 1 1 0 1 0 0 0 0 1 1 0 1 1 0 1 1 0 0 1 1 0 1 1 1 0 0 0 1 1 1 0 0 0 1 1 0 1 1 0 1 0 1 0 1 1 1 1 0 0 1 1 1 0 0 1 0 1 0 0 0 1 0 1 1 0 1 1 1 1 1 1 0 1 1 0 1 0 1 0 1 1 1 0 1 1 1 1 1 1 1 0 1 1 1 1 0 1 0 1 1 1 1 1 1 1 1 1 1 1 1 1 1 1 0 0 1 0 1 1 1 1 0 1 1 1 1 0 1 1 1 0 0 1 1 1 1 1 0 1 1 1 0 1 0 0 0 0 1 0 1 0 1 0 1 1 1 0 0 1 0 1 1 1 1 1 1 1 1 1 1 0 1 0 0 1 0 0 1 0 1 0 0 1 1 0 0 0 0 0 1 0 0 1 0 0 1 1 0 1 1 1 0 0 1 1 0 1 1 1 0 1 0 1 1 0 1 0 0 1 0 1 1 1 1 1 0 0 1 1 1 1 0 1 1 0 1 0 1 0 1 0 0 1 1 1 0 0 0 0 1 0 0 0 0 1 1 1 1 1 1 0 1 0 0 1 0 1 0 1 1 0 0 1 1 0 1 0 1 0 1 1 0 1 0 1 1 0 0 0 0 1 1 0 1 1 1 1 0 1 1 1 1 0 1 0 1 0 1 0 1 0 1 1 0 1 0 1 1 0 1 1 0 1 0 0 1 0 1 1 1 1 1 0 1 1 1 1 0 0 1 1 0 1 1 1 0 1 0 0 1 0 0 1 1 1 1 0 1 1 1 1 0 1 1 0 1 0 1 0 1 1 1 1 1 1 1 0 1 1 1 1 1 1 0 1 1 0 1 0 1 0 1 1 1 0 0 0 0 1 0 1 0 0 1 0 1 1 0 1 1 1 0 1 0 1 0 1 1 0 0 1 0 1 1 1 1 1 0 0 1 1 0 0 0 0 1 0 1 0 1 1 0 0 1 0 0 0 1 1 1 1 1 1 1 0 1 1 1 1 1 1 1 1 0 1 0 0 0 1 0 0 0 0 0 1 1 1 0 1 1 1 0 0 0 1 1 0 1 1 1 1 0 1 0 1 1 0 1 1 1 0 1 1 1 1 1 1 1 1 1 0 1 0 1 1 0 1 1 1 1 1 1 1 0 0 1 1 0 1 1 1 1 0 1 1 1 1 1 1 0 0 1 1 1 1 1 1 0 0 1 1 1 0 1 1 1 1 1 1 0 0 1 0 1 0 1 0 1 1 1 1 0 0 1 1 0 0 0 0 1 0 0 1 1 1 0 1 0 1 1 1 1 0 1 1 1 1 0 0 0 0 0 0 1 1 0 1 1 1 1 1 1 0 1 1 0 1 1 0 1 1 1 1 1 1 0 0 0 1 0 0 1 0 1 1 0 1 1 0 1 0 0 1 0 1 1 0 0 1 1 1 1 1 0 0 1 1 1 1 1 1 1 0 1 1 1 1 1 0 1 1 1 1 1 0 1 1 0 0 1 1 1 1 1 1 0 1 1 1 1 1 1 0 0 0 0 0 1 1 1 0 0 0 1 0 1 0 1 1 1 0 0 0 1 0 1 0 0 1 1 1 1 0 0 0 0 0 1 1 1 0 0 1 0 1 0 1 0 0 0 0 1 0 1 1 0 1 1 0 0 1 0 0 1 0 1 1 1 0 0 1 1 1 1 1 0 1 0 1 0 1 0 0 1 0 0 1 1 0 0 1 1 1 1 0 0 0 1 1 1 0 1 0 1 0 0 1 0 0 1 0 1 1 0 0 1 0 0 1 1 0 0 0 1 0 1 1 0 1 0 0 1 1 1 0 0 0 1 1 0 0 1 0 1 1 1 0 1 0 0 1 0 0 1 1 1 0 1 1 0 1 1 0 1 1 0 0 1 1 1 0 0 0 0 1 1 1 0 0 0 1 0 1 0 0 0 1 1 0 0 1 1 1 0 0 0 1 0 1 0 1 1 1 1 0 0 0 1 1 1 0 1 0 0 1 0 1 0 1 1 1 1 1 1 0 0 1 1 1 0 1 1 0 0 1 1 0 1 1 1 0 1 0 0 1 1 1 0 1 0 0 1 0 1 1 1 0 1 0 0 1 0 0 0 1 0 1 0 0 1 1 1 0 1 1 1 0 1 0 0 0 0 1 1 1 0 0 1 0 0 0 0 0 0 0 0 0 0 0 0 0 0 0 0 0 0 0 0 0 0 0 0 0 0 0 0 0 0 0 0 0 0 0 0 0 0 0 0 0 0 0 0 0 0 0 0 0 0 0 0 0 0 0 0 0 0 0 0 0 0 0 0 0 0 0 0 0 0 0 0 0 0 0 0 0 0 0 0 0 0 0 0 0 0 0 0 0 0 0 0 0 0 0 0 0 0 0 0 0 0 0 0 0 0 0 0 0 0 0 0 0 0 0 0 0 0 0 0 0 0 0 0 0 0 0 0 0 0 0 0 0 0 0 0 0 0 0 0 0 0 0 0 0 0 0 0 0 0 0 0 0 0 0 0 0 0 0 0 0 0 0 0 0 0 0 0 0 0 0 0 0 0 0 0 0 0 0 0 0 0 0 0 0 0 0 0 0 0 0 0 0 0 0 0 0 0 0 0 0 0 0 0 0 0 0 0 0 0 0 0 0 0 0 0 0 0 0 0 0 0 0 0 0 0 0 0 0 0 0 0 0 0 0 0 0 0 0 0 0 0 0 0 0 0 0 0 0 0 0 0 0 0 0 0 0 0 0 0 0 0 0 0 0 0 0 0 0 0 0 0 0 0 0 0 0 0 0 0 0 0 0 0 0 0 0 0 0 0 0 0 0 0 0 0 0 0 0 0 0 0 0 0 0 0 0 0 0 0 0 0 0 0 0 0 0 0 0 0 0 0 0 0 0 0 0 0 0 0 0 0 0 0 0 0 0 0 0 0 0 0 0 0 0 0 0 0 0 0 0 0 0 0 0 0 0 0 0 0 0 0 0 0 0 0 0 0 0 0 0 0 0 0 0 0 0 0 0 0 0 0 0 0 0 0 0 0 0 0 0 0 0 0 0 0 0 0 0 0 0 0 0 0 0 0 0 0 0 0 0 0 0 0 0 0 0 0 0 0 0 0 0 0 0 0 0 0 0 0 0 0 0 0 0 0 0 0 0 0 0 0 0 0 0 0 0 0 0 0 0 0 0 0 0 0 0 0 0 0 0 0 0 0 0 0 0 0 0 0 0 0 0 0 0 0 0 0 0 0 0 0 0 0 0 0 0 0 0 0 0 0 0 0 0 0 0 0 0 0 0 0 0 0 0 0 0 0 0 0 0 0 0 0 0 0 0 0 0 0 0 0 0 0 0 0 0 0 0 0 0 0 0 0 0 0 0 0 0 0 0 0 0 0 0 0 0 0 0 0 0 0 0 0 0 0 0 0 0 0 0 0 0 0 0 0 0 0 0 0 0 0 0 0 0 0 0 0 0 0 0 0 0 0 0 0 0 0 0 0 0 0 0 0 0 0 0 0 0 0 0 0 0 0 0 0 0 0 0 0 0 0 0 0 0 0 0 0 0 0 0 0 0 0 0 0 0 0 0 0 0 0 0 0 0 0 0 0 0 0 0 0 0 0 0 0 0 0 0 0 0 0 0 0 0 0 0 0 0 0 0 0 0 0 0 0 0 0 0 0 0 0 0 0 0 0 0 0 0 0 0 0 0 0 0 0 0 0 0 0 0 0 0 0 0 0 0 0 0 0 0 0 0 0 0 0 0 0 0 0 0 0 0 0 0 0 0 0 0 0 0 0 0 0 0 0 0 0 0 0 0 0 0 0 0 0 0 0 0 0 0 0 0 0 0 0 0 0 0 0 0 0 0 0 0 0 0 0 0 0 0 0 0 0 0 0 0 0 0 0 0 0 0 0 0 0 0 0 0 0 0 0 0 0 0 0 0 0 0 0 0 0 0 0 0 0 0 0 0 0 0 0 0 0 0 0 0 0 0 0 0 0 0 0 0 0 0 0 0 0 0 0 0 0 0 0 0 0 0 0 0 0 0 0 0 0 0 0 0 0 0 0 0 0 0 0 0 0 0 0 0 0 0 0 0 0 0 0 0 0 0 0 0 0 0 0 0 0 0 0 0 0 0 0 0 0 0 0 0 0 0 0 0 0 0 0 0 0 0 0 0 0 0 0 0 0 0 0 0 0 0 0 0 0 0 0 0 0 0 0 0 0 0 0 0 0 0 0 0 0 0 0 0 0 0 0 0 0 0 0 0 0 0 0 0 0 0 0 0 0 0 0 0 0 0 0 0 0 0 0 0 0 0 0 0 0 0 0 0 0 0 0 0 0 0 0 0 0 0 0 0 0 0 0 0 0 0 0 0 0 0 0 0 0 0 0 0 0 0 0 0 0 0 0 0 0 0 0 0 0 0 0 0 0 0 0 0 0 0 0 0 0 0 0 0 0 0 0 0 0 0 0 0 0 0 0 0 0 0 0 0 0 0 0 0 0 0 0 0 0 0 0 0 0 0 0 0 0 0 0 0 0 0 0 0 0 0 0 0 0 0 0 0 0 0 0 0 0 0 0 0 0 0 0 0 0 0 0 0 0 0 0 0 0 0 0 0 0 0 0 0 0 0 0 0 0 0 0 0 0 0 0 0 0 0 0 0 0 0 0 0 0 0 0 0 0 0 0 0 0 0 0 0 0 0 0 0 0 0 0 0 0 0 0 0 0 0 0 0 0 0 0 0 0 0 0 0 0 0 0 0 0 0 0 0 0 0 0 0 0 0 0 0 0 0 0 0 0 0 0 0 0 0 0 0 0 0 0 0 0 0 0 0 0 0 0 0 0 0 0 0 0 0 0 0 0 0 0 0 0 0 0 0 0 0 0 0 0 0 0 0 0 0 0 0 0 0 0 0 0 0 0 0 0 0 0 0 0 0 0 0 0 0 0 0 0 0 0 0 0 0 0 0 0 0 0 0 0 0 0 0 0 0 0 0 0 0 0 0 0 0 0 0 0 0 0 0 0 0 0 0 0 0 0 0 0 0 0 0 0 0 0 0 0 0 0 0 0 0 0 0 0 0 0 0 0 0 0 0 0 0 0 0 0 0 0 0 0 0 0 0 0 0 0 0 0 0 0 0 0 0 0 0 0 0 0 0 0 0 0 0 0 0 0 0 0 0 0 0 0 0 0 0 0 0 0 0 0 0 0 0 0 0 0 0 0 0 0 0 0 0 0 0 0 0 0 0 0 0 0 0 0 0 0 0 0 0 0 0 0 0 0 0 0 0 0 0 0 0 0 0 0 0 0 0 0 0 0 0 0 0 0 0 0 0 0 0 0 0 0 0 0 0 0 0 0 0 0 0 0 0 0 0 0 0 0 0 0 0 0 0 0 0 0 0 0 0 0 0 0 0 0 0 0 0 0 0 0 0 0 0 0 0 0 0 0 0 0 0 0 0 0 0 0 0 0 0 0 0 0 0 0 0 0 0 0 0 0 0 0 0 0 0 0 0 0 0 0 0 0 0 0 0 0 0 0 0 0 0 0 0 0 0 0 0 0 0 0 0 0 0 0 0 0 0 0 0 0 0 0 0 0 0 0 0 0 0 0 0 0 0 0 0 0 0 0 0 0 0 0 0 0 0 0 0 0 0 0 0 0 0 0 0 0 0 0 0 0 0 0 0 0 0 0 0 0 0 0 0 0 0 0 0 0 0 0 0 0 0 0 0 0 0 0 0 0 0 0 0 0 0 0 0 0 0 0 0 0 0 0 0 0 0 0 0 0 0 0 0 0 0 0 0 0 0 0 0 0 0 0 0 0 0 0 0 0 0 0 0 0 0 0 0 0 0 0 0 0 0 0 0 0 0 0 0 0 0 0 0 0 0 0 0 0 0 0 0 0 0 0 0 0 0 0 0 0 0 0 0 0 0 0 0 0 0 0 0 0 0 0 0 0 0 0 0 0 0 0 0 0 0 0 0 0 0 0 0 0 0 0 0 0 0 0 0 0 0 0 0 0 0 0 0 0 0 0 0 0 0 0 0 0 0 0 0 0 0 0 0 0 0 0 0 0 0 0 0 0 0 0 0 0 0 0 0 0 0 0 0 0 0 0 0 0 0 0 0 0 0 0 0 0 0 0 0 0 0 0 0 0 0 0 0 0 0 0 0 0 0 0 0 0 0 0 0 0 0 0 0 0 0 0 0 0 0 0 0 0 0 0 0 0 0 0 0 0 0 0 0 0 0 0 0 0 0 0 0 0 0 0 0 0 0 0 0 0 0 0 0 0 0 0 0 0 0 0 0 0 0 0 0 0 0 0 0 0 0 0 0 0 0 0 0 0 0 0 0 0 0 0 0 0 0 0 0 0 0 0 0 0 0 0 0 0 0 0 0 0 0 0 0 0 0 0 0 0 0 0 0 0 0 0 0 0 0 0 0 0 0 0 0 0 0 0 0 0 0 0 0 0 0 0 0 0 0 0 0 0 0 0 0 0 0 0 0 0 0 0 0 0 0 0 0 0 0 0 0 0 0 0 0 0 0 0 0 0 0 0 0 0 0 0 0 0 0 0 0 0 0 0 0 0 0 0 0 0 0 0 0 0 0 0 0 0 0 0 0 0 0 0 0 0 0 0 0 0 0 0 0 0 0 0 0 0 0 0 0 0 0 0 0 0 0 0 0 0 0 0 0 0 0 0 0 0 0 0 0 0 0 0 0 0 0 0 0 0 0 0 0 0 0 0 0 0 0 0 0 0 0 0 0 0 0 0 0 0 0 0 0 0 0 0 0 0 0 0 0 0 0 0 0 0 0 0 0 0 0 0 0 0 0 0 0 0 0 0 0 0 0 0 0 0 0 0 0 0 0 0 0 0 0 0 0 0 0 0 0 0 0 0 0 0 0 0 0 0 0 0 0 0 0 0 0 0 0 0 0 0 0 0 0 0 0 0 0 0 0 0 0 0 0 0 0 0 0 0 0 0 0 0 0 1 0 1 1 1 0 1 1 0 0 1 1 0 0 1 0 0 1 0 0 0 0 1 1 0 1 0 1 1 1 0 1 1 0 0 0 1 1 0 1 0 1 0 1 0 1 1 0 1 1 1 1 1 1 0 1 0 0 0 0 1 1 0 1 1 1 1 1 0 0 1 1 1 0 1 1 1 1 1 1 0 1 1 1 1 1 0 0 1 1 0 0 1 0 1 1 0 1 0 1 0 0 0 1 1 0 0 0 0 0 1 1 0 0 0 1 0 1 1 0 0 0 0 1 0 0 1 1 1 0 1 0 1 0 1 1 0 1 0 1 1 1 1 1 0 1 1 1 1 0 0 1 1 0 0 0 1 1 0 1 1 0 0 1 1 1 1 0 1 1 0 0 0 1 1 0 0 1 0 1 0 1 1 0 0 1 1 0 0 1 1 1 1 1 1 0 0 0 0 0 1 0 1 0 0 1 1 1 1 0 1 1 1 0 1 1 0 1 1 1 0 0 0 1 1 1 1 0 1 0 0 0 0 1 1 1 1 1 0 1 0 0 1 1 1 1 0 1 1 1 0 1 1 1 1 0 1 0 1 1 1 1 1 1 0 0 0 0 1 0 1 0 0 1 0 1 1 0 1 1 1 0 0 0 1 0 1 1 1 0 1 1 1 1 1 1 1 1 1 1 1 0 1 0 1 0 0 0 0 0 0 1 0 0 1 1 0 0 0 1 0 1 1 1 1 0 1 0 0 1 1 1 0 1 0 0 1 1 1 1 0 1 0 1 1 1 1 1 1 1 1 1 1 1 0 0 1 0 0 1 1 0 0 1 0 1 1 0 1 1 1 0 0 1 1 1 0 1 1 1 1 1 0 1 0 1 0 0 1 1 1 1 1 1 0 1 1 1 1 0 1 1 0 1 1 1 0 1 1 1 0 1 1 1 0 0 0 0 0 1 1 0 1 0 1 0 1 0 0 1 1 1 1 1 1 1 0 1 1 0 0 0 1 0 0 0 1 1 1 1 1 0 1 1 0 1 0 1 0 1 1 1 0 1 1 0 0 1 1 1 1 0 1 1 0 1 1 0 1 1 1 1 1 1 0 1 1 0 0 1 0 1 1 0 1 0 0 1 1 0 1 1 1 1 0 1 1 0 1 0 1 1 1 1 0 1 0 0 1 1 0 1 1 1 1 1 0 0 1 1 0 0 1 1 1 0 1 1 0 0 1 1 1 1 0 1 1 0 0 0 1 1 1 0 1 0 0 0 1 0 1 0 1 1 0 1 0 0 1 0 1 1 1 1 0 1 0 1 1 1 1 1 1 1 0 0 0 0 1 0 1 0 0 0 1 0 1 0 1 0 0 1 1 0 0 0 0 0 1 0 1 0 1 1 1 0 0 1 1 1 1 0 0 1 0 1 1 1 0 0 1 1 1 0 1 0 1 1 1 1 0 1 1 0 0 1 0 0 1 0 0 0 0 0 1 1 1 0 0 1 1 0 1 1 1 0 0 0 1 1 1 1 0 1 1 1 0 1 1 0 0 1 1 0 1 1 0 1 0 0 0 0 1 0 0 0 0 1 0 1 0 1 1 0 0 1 1 0 0 0 1 0 0 0 1 0 1 1 1 1 0 0 1 0 0 0 1 1 0 1 0 1 1 0 1 1 0 1 0 0 1 0 0 0 1 1 1 1 1 1 1 1 1 0 1 0 0 0 0 0 1 1 1 1 1 0 0 0 0 1 0 0 0 0 1 1 1 1 0 1 1 0 1 0 1 0 1 0 0 1 1 1 0 1 1 1 0 0 1 1 0 1 0 0 1 1 0 0 1 1 0 1 0 1 0 1 1 1 0 0 1 0 0 1 0 1 0 1 0 1 1 0 0 1 1 1 0 0 1 0 1 1 0 0 1 1 0 1 0 0 0 1 1 0 0 1 1 1 1 0 0 1 1 1 0 0 1 1 0 1 0 1 0 0 0 0 0 1 1 1 0 1 0 1 1 0 1 1 1 0 1 1 1 0 1 0 0 1 0 1 1 1 1 0 0 0 1 0 1 0 1 1 1 0 1 1 0 1 1 0 0 1 1 1 1 0 1 1 1 0 1 1 1 0 1 0 1 1 0 0 1 1 1 0 1 1 1 0 1 0 1 1 1 1 1 1 1 1 0 1 0 1 1 1 0 1 1 1 1 0 0 1 0 0 1 0 0 0 1 1 0 1 1 1 0 0 1 0 1 1 0 0 1 0 1 1 0 1 0 1 1 1 0 0 1 1 1 1 0 0 1 1 0 0 0 1 1 1 0 0 1 1 0 1 1 1 0 0 1 1 1 0 1 1 1 0 1 1 0 0 1 1 1 0 1 1 1 0 0 1 0 0 0 1 0 1 1 0 1 0 1 0 0 0 1 1 1 1 1 1 0 0 0 0 0 1 0 0 0 0 1 1 1 0 0 1 0 1 0 1 1 0 1 1 0 1 0 0 1 1 0 0 1 1 1 1 0 1 0 0 1 1 1 0 0 1 1 0 1 1 1 0 0 1 0 1 1 1 1 1 1 0 0 0 1 1 1 1 1 0 1 0 1 0 1 0 1 1 0 1 1 0 0 1 0 1 0 1 1 0 0 0 0 0 1 1 0 1 0 1 1 1 0 1 0 1 0 0 0 1 1 0 0 0 0 1 1 1 1 1 1 0 0 1 0 1 1 1 1 0 1 0 1 0 1 0 0 0 1 1 0 1 1 1 0 1 1 1 0 0 1 0 0 1 1 1 1 0 0 1 0 1 1 1 0 1 0 1 1 0 0 0 1 0 0 1 1 0 0 1 1 1 0 0 0 1 0 1 1 0 1 1 1 1 1 1 0 0 1 1 1 0 1 1 1 0 1 1 1 1 0 0 0 1 1 1 0 0 1 0 0 0 0 1 1 1 0 1 1 1 1 1 0 1 1 1 0 1 0 1 0 1 0 1 0 0 0 1 0 0 0 0 0 0 0 0 0 0 0 0 0 0 0 0 0 0 0 0 0 0 0 0 0 0 0 0 0 0 0 0 0 0 0 0 0 0 0 0 0 0 0 0 0 0 0 0 0 0 0 0 0 0 0 0 0 0 0 0 0 0 0 0 0 0 0 0 0 0 0 0 0 0 0 0 0 0 0 0 0 0 0 0 0 0 0 0 0 0 0 0 0 0 0 0 0 0 0 0 0 0 0 0 0 0 0 0 0 0 0 0 0 0 0 0 0 0 0 0 0 0 0 0 0 0 0 0 0 0 0 0 0 0 0 0 0 0 0 0 0 0 0 0 0 0 0 0 0 0 0 0 0 0 0 0 0 0 0 0 0 0 0 0 0 0 0 0 0 0 0 0 0 0 0 0 0 0 0 0 0 0 0 0 0 0 0 0 0 0 0 0 0 0 0 0 0 0 0 0 0 0 0 0 0 0 0 0 0 0 0 0 0 0 0 0 0 0 0 0 0 0 0 0 0 0 0 0 0 0 0 0 0 0 0 0 0 0 0 1 1 0 1 1 1 0 1 0 0 1 1 1 0 1 1 0 1 0 0 1 0 0 1 1 0 0 1 1 1 1 1 1 0 0 1 0 1 0 1 0 1 1 1 0 1 0 1 1 0 1 0 1 1 1 1 1 1 1 0 0 1 0 1 1 1 1 1 0 0 1 1 1 0 1 1 1 1 0 1 1 0 0 0 0 1 1 1 0 1 0 0 1 0 0 1 1 1 0 0 0 0 0 0 0 1 1 1 0 0 0 0 1 1 0 1 0 1 0 1 1 1 1 1 1 0 1 1 1 0 1 0 1 1 0 1 1 0 0 0 1 0 1 0 1 1 0 1 0 0 0 1 0 1 0 1 0 1 1 1 0 0 0 1 1 1 0 0 0 0 0 0 1 1 0 1 1 1 1 1 1 0 0 0 1 1 0 1 0 1 0 1 1 1 0 1 0 1 0 1 1 0 1 0 1 1 1 1 1 1 0 1 0 1 1 1 0 1 0 0 0 0 0 0 0 0 0 0 0 0 0 0 0 0 0 0 0 0 0 0 0 0 0 0 0 0 0 0 0 0 0 0 0 0 0 0 0 0 0 0 0 0 0 0 0 0 0 0 0 0 0 0 0 0 0 0 0 0 0 0 0 0 0 0 0 0 0 0 0 0 0 0 0 0 0 0 0 0 0 0 0 0 0 0 0 0 0 0 0 0 0 0 0 0 0 0 0 0 0 0 0 0 0 0 0 0 0 0 0 0 0 0 0 0 0 0 0 0 0 0 0 0 0 0 0 0 0 0 0 0 0 0 0 0 0 0 0 0 1 0 0 0 1 0 0 1 1 1 1 0 0 1 1 1 1 0 0 0 1 1 1 0 0 0 1 0 1 1 0 1 0 0 0 0 1 0 0 1 1 0 0 0 1 0 0 0 0 0 1 1 0 0 0 0 1 0 1 0 1 0 1 0 0 0 1 1 0 1 1 0 1 1 0 0 1 0 1 0 0 0 1 0 0 0 0 0 0 0 1 1 0 0 0 0 1 1 1 0 0 0 1 0 0 1 0 0 1 1 0 0 1 0 1 0 0 0 1 0 1 0 1 0 0 1 0 1 0 0 0 0 0 0 0 0 0 0 0 0 1 0 0 1 0 0 0 0 1 0 1 0 1 0 0 1 0 0 1 0 0 0 1 0 0 0 0 0 0 1 0 0 0 0 0 0 0 0 1 1 1 0 1 0 0 1 1 1 0 0 0 1 1 0 0 1 0 0 0 0 0 0 1 1 0 0 0 1 0 0 1 0 1 0 1 0 0 0 0 1 0 1 0 1 0 1 0 0 0 0 0 1 0 1 1 1 0 0 0 0 1 1 0 0 0 0 0 1 0 0 0 0 0 0 1 0 0 1 0 0 1 1 1 0 1 1 0 0 0 0 1 1 1 0 0 0 1 1 0 0 0 0 1 1 1 1 0 0 1 0 1 0 0 0 0 0 0 0 0 0 0 0 0 0 0 0 0 1 0 0 1 1 1 0 1 1 0 0 0 0 0 0 0 0 0 1 0 0 0 0 0 0 1 1 0 1 1 1 1 0 0 1 0 0 0 0 0 1 0 0 0 0 0 1 0 1 0 0 1 1 1 1 0 0 0 0 0 1 1 0 1 1 0 1 1 1 0 0 0 1 0 0 1 0 0 0 1 1 1 0 1 0 0 1 0 1 1 1 0 1 1 0 0 0 0 0 0 1 0 0 0 1 0 0 0 0 1 1 1 0 0 0 0 1 1 0 1 0 0 1 1 1 0 1 1 0 0 1 1 0 0 0 0 1 1 0 0 0 0 1 1 0 0 0 0 0 1 0 0 0 0 0 0 0 0 0 0 1 0 0 1 0 0 0 0 0 1 1 0 0 0 0 0 0 1 0 1 0 0 0 1 0 0 0 0 1 0 0 1 1 1 0 1 1 1 0 0 1 0 1 0 1 0 0 0 0 1 1 1 0 0 0 0 0 0 0 0 1 1 0 1 0 1 0 0 1 0 0 0 1 1 0 0 0 1 0 1 0 0 0 0 0 1 1 0 0 0 0 1 1 0 0 0 0 0 0 0 0 1 0 0 1 0 0 1 1 1 1 0 1 1 0 0 1 1 1 0 0 1 1 0 1 1 0 0 1 0 1 0 0 1 0 0 0 1 1 1 1 0 1 0 1 0 1 0 1 0 1 0 0 1 0 0 1 0 0 0 1 1 0 0 0 0 1 0 0 0 1 1 0 0 1 0 1 1 0 0 0 0 0 0 1 0 0 0 0 0 1 1 0 0 1 0 0 0 0 1 0 0 0 0 0 1 0 0 0 1 0 0 1 1 0 0 0 0 1 0 0 1 1 1 0 0 0 1 1 0 0 0 1 0 0 0 1 1 0 0 0 1 1 0 0 0 0 0 0 0 0 0 0 1 0 0 1 0 0 0 1 0 0 0 1 0 0 0 0 0 0 0 0 0 1 1 0 0 0 0 0 0 0 0 0 1 0 0 0 0 0 0 1 0 0 0 0 1 0 1 0 0 1 1 0 1 1 1 1 0 1 1 1 1 1 1 0 1 1 1 0 1 1 1 0 0 0 0 1 0 0 1 0 1 0 1 0 0 1 1 1 0 1 0 0 0 0 1 0 1 0 1 0 0 0 1 1 0 0 0 1 1 0 1 0 0 0 0 1 1 0 0 0 0 0 1 0 0 1 1 0 0 0 0 0 0 1 0 0 1 1 1 1 0 0 1 1 0 1 1 0 0 0 0 1 1 0 0 0 0 0 0 1 0 0 1 0 0 0 1 1 0 0 0 0 0 1 1 0 1 0 0 1 0 0 0 0 1 0 1 1 0 1 0 0 0 0 0 1 1 0 0 0 0 1 1 1 1 1 1 0 0 0 1 0 1 1 0 0 1 0 1 0 1 0 0 0 1 1 0 0 0 0 0 0 0 0 0 1 0 1 0 0 0 1 1 1 1 0 1 1 0 0 1 0 1 0 1 1 1 1 0 0 1 0 1 0 0 0 1 0 1 0 0 0 0 0 0 0 1 0 0 1 0 0 0 0 0 0 0 0 0 0 1 1 1 0 0 0 1 0 0 0 0 0 0 1 1 0 1 0 0 0 0 1 1 1 0 0 0 1 0 1 0 0 0 1 0 1 1 0 0 0 0 0 0 1 1 1 0 0 0 0 1 0 0 0 1 1 0 0 1 1 1 0 0 1 0 1 0 1 1 0 0 0 1 0 0 1 0 0 0 0 0 0 1 0 0 1 0 0 1 0 0 1 0 0 0 0 1 1 1 0 0 1 0 0 0 0 0 1 0 0 0 1 0 0 0 0 1 0 0 0 0 0 1 0 0 1 0 0 0 0 0 1 0 0 0 1 0 0 0 1 1 0 0 1 0 1 0 0 0 0 1 1 1 0 0 0 1 1 0 1 0 1 0 0 1 0 1 0 0 1 1 0 0 1 1 1 1 0 0 1 0 0 0 0 0 0 0 1 1 1 0 0 0 0 1 1 0 0 0 0 1 1 1 0 1 0 0 0 1 0 0 0 1 0 0 0 0 0 0 1 0 0 0 1 1 0 1 0 0 1 0 0 0 0 0 1 0 1 0 0 0 0 1 0 1 1 0 0 0 0 1 0 1 0 1 1 0 0 1 1 0 0 0 1 0 0 0 0 1 0 1 0 1 1 0 0 0 0 0 0 0 0 0 0 1 0 0 0 0 0 1 0 0 0 1 1 1 1 0 0 1 1 0 0 0 1 0 1 0 1 0 0 0 0 0 1 0 0 0 0 1 1 0 0 0 1 0 0 1 0 0 1 1 0 0 1 0 0 0 0 1 0 0 0 0 1 1 0 0 0 0 0 0 0 0 0 0 0 1 1 1 1 0 1 1 0 1 0 1 0 1 0 0 1 0 0 0 1 0 0 0 0 0 1 0 1 1 0 0 1 1 1 0 1 1 1 0 0 0 1 0 1 1 0 0 1 0 0 1 0 0 1 0 0 0 1 1 1 0 0 0 1 0 0 1 1 0 1 1 0 1 1 1 0 0 1 0 0 0 1 0 0 0 0 0 1 0 1 0 0 0 0 0 0 0 0 0 0 1 0 1 1 1 0 0 0 0 1 0 0 0 0 0 1 1 0 0 0 1 0 0 0 1 0 0 0 0 1 0 0 0 1 0 1 0 1 0 0 0 1 0 0 0 0 0 1 0 1 1 0 0 0 0 0 1 1 0 0 0 0 0 0 1 0 0 0 1 1 0 1 1 1 0 0 1 1 0 0 0 0 1 1 1 1 0 0 0 0 0 1 0 0 1 1 0 0 1 0 0 0 0 1 0 1 1 1 1 0 0 1 0 0 1 1 1 1 0 0 1 1 1 0 0 0 0 0 0 0 0 0 1 0 1 0 1 0 0 1 1 0 0 1 0 0 0 0 0 0 1 0 1 1 0 0 1 1 0 1 0 0 0 1 0 1 0 0 0 0 1 0 0 0 0 1 1 1 0 1 0 1 0 1 1 1 0 0 1 1 0 1 0 1 0 0 0 0 1 0 0 1 1 0 0 0 0 0 0 0 0 0 0 0 1 1 1 1 1 0 1 0 0 1 0 1 0 0 0 0 1 0 0 1 1 0 1 1 0 1 0 0 1 0 1 1 0 0 1 0 0 1 1 0 0 0 0 0 0 0 0 1 1 0 0 0 1 0 0 1 0 0 0 0 1 1 0 0 0 0 1 1 0 0 0 0 0 0 1 1 0 0 0 1 0 0 0 0 0 1 0 1 0 1 1 1 0 0 1 0 0 0 0 1 1 0 1 1 1 1 1 0 0 0 0 1 1 1 0 0 1 0 0 0 0 0 1 0 0 0 1 0 1 0 0 0 1 1 0 1 0 0 1 0 0 0 1 1 0 0 1 0 0 0 0 0 1 0 0 0 0 0 0 0 1 0 1 0 1 0 0 0 0 1 1 0 0 1 0 0 1 0 1 0 0 0 1 0 0 0 0 0 0 0 0 0 0 0 0 0 1 0 0 0 0 1 1 0 0 0 0 0 0 0 0 0 1 1 1 1 0 0 0 0 1 1 0 1 0 0 0 0 0 0 1 0 1 1 0 0 0 1 0 1 0 0 0 1 0 1 0 0 0 0 1 0 1 0 0 0 1 0 0 1 1 0 1 0 0 1 0 1 0 0 1 1 1 0 1 0 1 0 1 0 0 0 1 0 1 1 0 0 1 1 1 1 1 0 0 0 0 0 0 0 0 0 0 0 0 1 1 1 0 1 0 0 0 0 0 1 0 0 1 1 1 1 0 0 0 0 0 0 0 0 1 0 1 0 1 0 1 1 0 0 0 0 0 0 0 0 0 0 0 0 1 0 0 0 0 1 1 1 0 1 1 0 0 0 1 0 1 0 1 1 0 0 1 1 1 0 0 1 0 1 0 1 0 0 0 0 0 0 0 0 0 0 0 0 0 0 0 0 0 0 0 0 0 0 0 0 0 0 0 0 0 0 0 0 0 0 0 0 0 0 0 0 0 0 0 0 0 0 0 0 0 0 0 0 0 0 0 0 0 0 0 0 0 0 0 0 0 0 0 0 0 0 0 0 0 0 0 0 0 0 0 0 0 0 0 0 0 0 0 0 0 0 0 0 0 0 0 0 0 0 0 0 0 0 0 0 0 0 0 0 0 0 0 0 0 0 0 0 0 0 0 0 0 0 0 0 0 0 0 0 0 0 0 0 0 0 0 0 0 0 0 0 0 0 0 0 0 0 0 0 0 0 0 0 0 0 0 0 0 0 0 0 0 0 0 0 0 0 0 0 0 0 0 0 0 0 0 0 0 0 0 0 0 0 0 0 0 0 0 0 0 0 0 0 0 0 0 0 0 0 0 0 0 0 0 0 0 0 0 0 0 0 0 0 0 0 0 0 0 0 0 0 0 0 0 0 0 0 0 0 0 0 0 0 0 0 0 0 0 0 0 0 0 0 0 0 0 0 0 0 0 0 0 0 0 0 0 0 0 0 0 0 0 0 0 0 0 0 0 0 0 0 0 0 0 0 0 0 0 0 0 0 0 0 0 0 0 0 0 0 0 0 0 0 0 0 0 0 0 0 0 0 0 0 0 0 0 0 0 0 0 0 0 0 0 0 0 0 0 0 0 0 0 0 0 0 0 0 0 0 0 0 0 0 0 0 0 0 0 0 0 0 0 0 0 0 0 0 0 0 0 0 0 0 0 0 0 0 0 0 0 0 0 0 0 0 0 0 0 0 0 0 0 0 0 0 0 0 0 0 0 0 0 0 0 0 0 0 0 0 0 0 0 0 0 0 0 0 0 0 0 0 0 0 0 0 0 0 0 0 0 0 0 0 0 0 0 0 0 0 0 0 0 0 0 0 0 0 0 0 0 0 0 0 0 0 0 0 0 0 0 0 0 0 0 0 0 0 0 0 0 0 0 0 0 0 0 0 0 0 0 0 0 0 0 0 0 0 0 0 0 0 0 0 0 0 0 0 0 0 0 0 0 0 0 0 0 0 0 0 0 0 0 0 0 0 0 0 0 0 0 0 0 0 0 0 0 0 0 0 0 0 0 0 0 0 0 0 0 0 0 0 0 0 0 0 0 0 0 0 0 0 0 0 0 0 0 0 0 0 0 0 0 0 0 0 0 0 0 0 0 0 0 0 0 0 0 0 0 0 0 0 0 0 0 0 0 0 0 0 0 0 0 0 0 0 0 0 0 0 0 0 0 0 0 0 0 0 0 0 0 0 0 0 0 0 0 0 0 0 0 0 0 0 0 0 0 0 0 0 0 0 0 0 0 0 0 0 0 0 0 0 0 0 0 0 0 0 0 0 0 0 0 0 0 0 0 0 0 0 0 0 0 0 0 0 0 0 0 0 0 0 0 0 0 0 0 0 0 0 0 0 0 0 0 0 0 0 0 0 0 0 0 0 0 0 0 0 0 0 0 0 0 0 0 0 0 0 0 0 0 0 0 0 0 0 0 0 0 0 0 0 0 0 0 0 0 0 0 0 0 0 0 0 0 0 0 0 0 0 0 0 0 0 0 0 0 0 0 0 0 0 0 0 0 0 0 0 0 0 0 0 0 0 0 0 0 0 0 0 0 0 0 0 0 0 0 0 0 0 0 0 0 0 0 0 0 0 0 0 0 0 0 0 0 0 0 0 0 0 0 0 0 0 0 0 0 0 0 0 0 0 0 0 0 0 0 0 0 0 0 0 0 0 0 0 0 0 0 0 0 0 0 0 0 0 0 0 0 0 0 0 0 0 0 0 0 0 0 0 0 0 0 0 0 0 0 0 0 0 0 0 0 0 0 0 0 0 0 0 0 0 0 0 0 0 0 0 0 0 0 0 0 0 0 0 0 0 0 0 0 0 0 0 0 0 0 0 0 0 0 0 0 0 0 0 0 0 0 0 0 0 0 0 0 0 0 0 0 0 0 0 0 0 0 0 0 0 0 0 0 0 0 0 0 0 0 0 0 0 0 0 0 0 0 0 0 0 0 0 0 0 0 0 0 0 0 0 0 0 0 0 0 0 0 0 0 0 0 0 0 0 0 0 0 0 0 0 0 0 0 0 0 0 0 0 0 0 0 0 0 0 0 0 0 0 0 0 0 0 0 0 0 0 0 0 0 0 0 0 0 0 0 0 0 0 0 0 0 0 0 0 0 0 0 0 0 0 0 0 0 0 0 0 0 0 0 0 0 0 0 0 0 0 0 0 0 0 0 0 0 0 0 0 0 0 0 0 0 0 0 0 0 0 0 0 0 0 0 0 0 0 0 0 0 0 0 0 0 0 0 0 0 0 0 0 0 0 0 0 0 0 0 0 0 0 0 0 0 0 0 0 0 0 0 0 0 0 0 0 0 0 0 0 0 0 0 0 0 0 0 0 0 0 0 0 0 0 0 0 0 0 0 0 0 0 0 0 0 0 0 0 0 0 0 0 0 0 0 0 0 0 0 0 0 0 0 0 0 0 0 0 0 0 0 0 0 0 0 0 0 0 0 0 0 0 0 0 0 0 0 0 0 0 0 0 0 0 0 0 0 0 0 0 0 0 0 0 0 0 0 0 0 0 0 0 0 0 0 0 0 0 0 0 0 0 0 0 0 0 0 0 0 0 0 0 0 0 0 0 0 0 0 0 0 0 0 0 0 0 0 0 0 0 0 0 0 0 0 0 0 0 0 0 0 0 0 0 0 0 0 0 0 0 0 0 0 0 0 0 0 0 0 0 0 0 0 0 0 0 0 0 0 0 0 0 0 0 0 0 0 0 0 0 0 0 0 0 0 0 0 0 0 0 0 0 0 0 0 0 0 0 0 0 0 0 0 0 0 0 0 0 0 0 0 0 0 0 0 0 0 0 0 0 0 0 0 0 0 0 0 0 0 0 0 0 0 0 0 0 0 0 0 0 0 0 0 0 0 0 0 0 0 0 0 0 0 0 0 0 0 0 0 0 0 0 0 0 0 0 0 0 0 0 0 0 0 0 0 0 0 0 0 0 0 0 0 0 0 0 0 0 0 0 0 0 0 0 0 0 0 0 0 0 0 0 0 0 0 0 0 0 0 0 0 0 0 0 0 0 0 0 0 0 0 0 0 0 0 0 0 0 0 0 0 0 0 0 0 0 0 0 0 0 0 0 0 0 0 0 0 0 0 0 0 0 0 0 0 0 0 0 0 0 0 0 0 0 0 0 0 0 0 0 0 0 0 0 0 0 0 0 0 0 0 0 0 0 0 0 0 0 0 0 0 0 0 0 0 0 0 0 0 0 0 0 0 0 0 0 0 0 0 0 0 0 0 0 0 0 0 0 0 0 0 0 0 0 0 0 0 0 0 0 0 0 0 0 0 0 0 0 0 0 0 0 0 0 0 0 0 0 0 0 0 0 0 0 0 0 0 0 0 0 0 0 0 0 0 0 0 0 0 0 0 0 0 0 0 0 0 0 0 0 0 0 0 0 0 0 0 0 0 0 0 0 0 0 0 0 0 0 0 0 0 0 0 0 0 0 0 0 0 0 0 0 0 0 0 0 0 0 0 0 0 0 0 0 0 0 0 0 0 0 0 0 0 0 0 0 0 0 0 0 0 0 0 0 0 0 0 0 0 0 0 0 0 0 0 0 0 0 0 0 0 0 0 0 0 0 0 0 0 0 0 0 0 0 0 0 0 0 0 0 0 0 0 0 0 0 0 0 0 0 0 0 0 0 0 0 0 0 0 0 0 0 0 0 0 0 0 0 0 0 0 0 0 0 0 0 0 0 0 0 0 0 0 0 0 0 0 0 0 0 0 0 0 0 0 0 0 0 0 0 0 0 0 0 0 0 0 0 0 0 0 0 0 0 0 0 0 0 0 0 0 0 0 0 0 0 0 0 0 0 0 0 0 0 0 0 0 0 0 0 0 0 0 0 0 0 0 0 0 0 0 0 0 0 0 0 0 0 0 0 0 0 0 0 0 0 0 0 0 0 0 0 0 0 0 0 0 0 0 0 0 0 0 0 0 0 0 0 0 0 0 0 0 0 0 0 0 0 0 0 0 0 0 0 0 0 0 0 0 0 0 0 0 0 0 0 0 0 0 0 0 0 0 0 0 0 0 0 0 0 0 0 0 0 0 0 0 0 0 0 0 0 0 0 0 0 0 0 0 0 0 0 0 0 0 0 0 0 0 0 0 0 0 0 0 0 0 0 0 0 0 0 0 0 0 0 0 0 0 0 0 0 0 0 0 0 0 0 0 0 0 0 0 0 0 0 0 0 0 0 0 0 0 0 0 0 0 0 0 0 0 0 0 0 0 0 0 0 0 0 0 0 0 0 0 0 0 0 0 0 0 0 0 0 0 0 0 0 0 0 0 0 0 0 0 0 0 0 0 0 0 0 0 0 0 0 0 0 0 0 0 0 0 0 0 0 0 0 0 0 0 0 0 0 0 0 0 0 0 0 0 0 0 0 0 0 0 0 0 0 0 0 0 0 0 0 0 0 0 0 0 0 0 0 0 0 0 0 0 0 0 0 0 0 0 0 0 0 0 0 0 0 0 0 0 0 0 0 0 0 0 0 0 0 0 0 0 0 0 0 0 0 0 0 0 0 0 0 0 0 0 0 0 0 0 0 0 0 0 0 0 0 0 0 0 0 0 0 0 0 0 0 0 0 0 0 0 0 0 0 0 0 0 0 0 0 0 0 0 0 0 0 0 0 0 0 0 0 0 0 0 0 0 0 0 0 0 0 0 0 0 0 0 0 0 0 0 0 0 0 0 0 0 0 0 0 0 0 0 0 0 0 0 0 0 0 0 0 0 0 0 0 0 0 0 0 0 0 0 0 0 0 0 0 0 0 0 0 0 0 0 0 0 0 0 0 0 0 0 0 0 0 0 0 0 0 0 0 0 0 0 0 0 0 0 0 0 0 0 0 0 0 0 0 0 0 0 0 0 0 0 0 0 0 0 0 0 0 0 0 0 0 0 0 0 0 0 0 0 0 0 0 0 0 0 0 0 0 0 0 0 0 0 0 0 0 0 0 0 0 0 0 0 0 0 0 0 0 0 0 0 0 0 0 0 0 0 0 0 0 0 0 0 0 0 0 0 0 0 0 0 0 0 0 0 0 0 0 0 0 0 0 0 0 0 0 0 0 0 0 0 0 0 0 0 0 0 0 0 0 0 0 0 0 0 0 0 0 0 0 0 0 0 0 0 0 0 0 0 0 0 0 0 0 0 0 0 0 0 0 0 0 0 0 0 0 0 0 0 0 0 0 0 0 0 0 0 0 0 0 0 0 0 0 0 0 0 0 0 0 0 0 0 0 0 0 0 0 0 0 0 0 0 0 0 0 0 0 0 0 0 0 0 0 0 0 0 0 0 0 0 0 0 0 0 0 0 0 0 0 0 0 0 0 0 0 0 0 0 0 0 0 0 0 0 0 0 0 0 0 0 0 0 0 0 0 0 0 0 0 0 0 0 0 0 0 0 0 0 0 0 0 0 0 0 0 0 0 0 0 0 0 0 0 0 0 0 0 0 0 0 0 0 0 0 0 0 0 0 0 0 0 0 0 0 0 0 0 0 0 0 0 0 0 0 0 0 0 0 0 0 0 0 0 0 0 0 0 0 0 0 0 0 0 0 0 0 0 0 0 0 0 0 0 0 0 0 0 0 0 0 0 0 0 0 0 0 0 0 0 0 0 0 0 0 0 0 0 0 0 0 0 0 0 0 0 0 0 0 0 0 0 0 0 0 0 0 0 0 0 0 0 0 0 0 0 0 0 0 0 0 0 0 0 0 0 0 0 0 0 0 0 0 0 0 0 0 0 0 0 0 0 0 0 0 0 0 0 0 0 0 0 0 0 0 0 0 0 0 0 0 0 0 0 0 0 0 0 0 0 0 0 0 0 0 0 0 0 0 0 0 0 0 0 0 0 0 0 0 0 0 0 0 0 0 0 0 0 0 0 0 0 0 0 0 0 0 0 0 0 0 0 0 0 0 0 0 0 0 0 0 0 0 0 0 0 0 0 0 0 0 0 0 0 0 0 0 0 0 0 0 0 0 0 0 0 0 0 0 0 0 0 0 0 0 0 0 0 0 0 0 0 0 0 0 0 0 0 0 0 0 0 0 0 0 0 0 0 0 0 0 0 0 0 0 0 0 0 0 0 0 0 0 0 0 0 0 0 0 0 0 0 0 0 0 0 0 0 0 0 0 0 0 0 0 0 0 0 0 0 0 0 0 0 0 0 0 0 0 0 0 0 0 0 0 0 0 0 0 0 0 0 0 0 0 0 0 0 0 0 0 0 0 0 0 0 0 0 0 0 0 0 0 0 0 0 0 0 0 0 0 0 0 0 0 0 0 0 0 0 0 0 0 0 0 0 0 0 0 0 0 0 0 0 0 0 0 0 0 0 0 0 0 0 0 0 0 0 0 0 0 0 0 0 0 0 0 0 0 0 0 0 0 0 0 0 0 0 0 0 0 0 0 0 0 0 0 0 0 0 0 0 0 0 0 0 0 0 0 0 0 0 0 0 0 0 0 0 0 0 0 0 0 0 0 0 0 0 0 0 0 0 0 0 0 0 0 0 0 0 0 0 0 0 0 0 0 0 0 0 0 0 0 0 0 0 0 0 0 0 0 0 0 0 0 0 0 0 0 0 0 0 0 0 0 0 0 0 0 0 0 0 0 0 0 0 0 0 0 0 0 0 0 0 0 0 0 0 0 0 0 0 0 0 0 0 0 0 0 0 0 0 0 0 0 0 0 0 0 0 0 0 0 0 0 0 0 0 0 0 0 0 0 0 0 0 0 0 0 0 0 0 0 0 0 0 0 0 0 0 0 0 0 0 0 0 0 0 0 0 0 0 0 0 0 0 0 0 0 0 0 0 0 0 0 0 0 0 0 0 0 0 0 0 0 0 0 0 0 0 0 0 0 0 0 0 0 0 0 0 0 0 0 0 0 0 0 0 0 0 0 0 0 0 0 0 0 0 0 0 0 0 0 0 0 0 0 0 0 0 0 0 0 0 0 0 0 0 0 0 0 0 0 0 0 0 0 0 0 0 0 0 0 0 0 0 0 0 0 0 0 0 0 0 0 0 0 0 0 0 0 0 0 0 0 0 0 0 0 0 0 0 0 0 0 0 0 0 0 0 0 0 0 0 0 0 0 0 0 0 0 0 0 0 0 0 0 0 0 0 0 0 0 0 0 0 0 0 0 0 0 0 0 0 0 0 0 0 0 0 0 0 0 0 0 0 0 0 0 0 0 0 0 0 0 0 0 0 0 0 0 0 0 0 0 0 0 0 0 0 0 0 0 0 0 0 0 0 0 0 0 0 0 0 0 0 0 0 0 0 0 0 0 0 0 0 0 0 0 0 0 0 0 0 0 0 0 0 0 0 0 0 0 0 0 0 0 0 0 0 0 0 0 0 0 0 0 0 0 0 0 0 0 0 0 0 0 0 0 0 0 0 0 0 0 0 0 0 0 0 0 0 0 0 0 0 0 0 0 0 0 0 0 0 0 0 0 0 0 0 0 0 0 0 0 0 0 0 0 0 0 0 0 0 0 0 0 0 0 0 0 0 0 0 0 0 0 0 0 0 0 0 0 0 0 0 0 0 0 0 0 0 0 0 0 0 0 0 0 0 0 0 0 0 0 0 0 0 0 0 0 0 0 0 0 0 0 0 0 0 0 0 0 0 0 0 0 0 0 0 0 0 0 0 0 0 0 0 0 0 0 0 0 0 0 0 0 0 0 0 0 0 0 0 0 0 0 0 0 0 0 0 0 0 0 0 0 0 0 0 0 0 0 0 0 0 0 0 0 0 0 0 0 0 0 0 0 0 0 0 0 0 0 0 0 0 0 0 0 0 0 0 0 0 0 0 0 0 0 0 0 0 0 0 0 0 0 0 0 0 0 0 0 0 0 0 0 0 0 0 0 0 0 0 0 0 0 0 0 0 0 0 0 0 0 0 0 0 0 0 0 0 0 0 0 0 0 0 0 0 0 0 0 0 0 0 0 0 0 0 0 0 0 0 0 0 0 0 0 0 0 0 0 0 0 0 0 0 0 0 0 0 0 0 0 0 0 0 0 0 0 0 0 0 0 0 0 0 0 0 0 0 0 0 0 0 0 0 0 0 0 0 0 0 0 0 0 0 0 0 0 0 0 0 0 0 0 0 0 0 0 0 0 0 0 0 0 0 0 0 0 0 0 0 0 0 0 0 0 0 0 0 0 0 0 0 0 0 0 0 0 0 0 0 0 0 0 0 0 0 0 0 0 0 0 0 0 0 0 0 0 0 0 0 0 0 0 0 0 0 0 0 0 0 0 0 0 0 0 0 0 0 0 0 0 0 0 0 0 0 0 0 0 0 0 0 0 0 0 0 0 0 0 0 0 0 0 0 0 0 0 0 0 0 0 0 0 0 0 0 0 0 0 0 0 0 0 0 0 0 0 0 0 0 0 0 0 0 0 0 0 0 0 0 0 0 0 0 0 0 0 0 0 0 0 0 0 0 0 0 0 0 0 0 0 0 0 0 0 0 0 0 0 0 0 0 0 0 0 0 0 0 0 0 0 0 0 0 0 0 0 0 0 0 0 0 0 0 0 0 0 0 0 0 0 0 0 0 0 0 0 0 0 0 0 0 0 0 0 0 0 0 0 0 0 0 0 0 0 0 0 0 0 0 0 0 0 0 0 0 0 0 0 0 0 0 0 0 0 0 0 0 0 0 0 0 0 0 0 0 0 0 0 0 0 0 0 0 0 0 0 0 0 0 0 0 0 0 0 0 0 0 0 0 0 0 0 0 0 0 0 0 0 0 0 0 0 0 0 0 0 0 0 0 0 0 0 0 0 0 0 0 0 0 0 0 0 0 0 0 0 0 0 0 0 0 0 0 0 0 0 0 0 0 0 0 0 0 0 0 0 0 0 0 0 0 0 0 0 0 0 0 0 0 0 0 0 0 0 0 0 0 0 0 0 0 0 0 0 0 0 0 0 0 0 0 0 0 0 0 0 0 0 0 0 0 0 0 0 0 0 0 0 0 0 0 0 0 0 0 0 0 0 0 0 0 0 0 0 0 0 0 0 0 0 0 0 0 0 0 0 0 0 0 0 0 0 0 0 0 0 0 0 0 0 0 0 0 0 0 0 0 0 0 0 0 0 0 0 0 0 0 0 0 0 0 0 0 0 0 0 0 0 0 0 0 0 0 0 0 0 0 0 0 0 0 0 0 0 0 0 0 0 0 0 0 0 0 0 0 0 0 0 0 0 0 0 0 0 0 0 0 0 0 0 0 0 0 0 0 0 0 0 0 0 0 0 0 0 0 0 0 0 0 0 0 0 0 0 0 0 0 0 0 0 0 0 0 0 0 0 0 0 0 0 0 0 0 0 0 0 0 0 0 0 0 0 0 0 0 0 0 0 0 0 0 0 0 0 0 0 0 0 0 0 0 0 0 0 0 0 0 0 0 0 0 0 0 0 0 0 0 0 0 0 0 0 0 0 0 0 0 0 0 0 0 0 0 0 0 0 0 0 0 0 0 0 0 0 0 0 0 0 0 0 0 0 0 0 0 0 0 0 0 0 0 0 0 0 0 0 0 0 0 0 0 0 0 0 0 0 0 0 0 0 0 0 0 0 0 0 0 0 0 0 0 0 0 0 0 0 0 0 0 0 0 0 0 0 0
</DataArray>
<DataArray type="Int32" Name="is_pip" format="ascii">
0 0 0 0 0 0 0 0 0 0 0 0 0 0 0 0 0 0 0 0 0 0 0 0 0 0 0 0 0 0 0 0 0 0 0 0 0 0 0 0 0 0 0 0 0 0 0 0 0 0 0 0 0 0 0 0 0 0 0 0 0 0 0 0 0 0 0 0 0 0 0 0 0 0 0 0 0 0 0 0 0 0 0 0 0 0 0 0 0 0 0 0 0 0 0 0 0 0 0 0 0 0 0 0 0 0 0 0 0 0 0 0 0 0 0 0 0 0 0 0 0 0 0 0 0 0 0 0 0 0 0 0 0 0 0 0 0 0 0 0 0 0 0 0 0 0 0 0 0 0 0 0 0 0 0 0 0 0 0 0 0 0 0 0 0 0 0 0 0 0 0 0 0 0 0 0 0 0 0 0 0 0 0 0 0 0 0 0 0 0 0 0 0 0 0 0 0 0 0 0 0 0 0 0 0 0 0 0 0 0 0 0 0 0 0 0 0 0 0 0 0 0 0 0 0 0 0 0 0 0 0 0 0 0 0 0 0 0 0 0 0 0 0 0 0 0 0 0 0 0 0 0 0 0 0 0 0 0 0 0 0 0 0 0 0 0 0 0 0 0 0 0 0 0 0 0 0 0 0 0 0 0 0 0 0 0 0 0 0 0 0 0 0 0 0 0 0 0 0 0 0 0 0 0 0 0 0 0 0 0 0 0 0 0 0 0 0 0 0 0 0 0 0 0 0 0 0 0 0 0 0 0 0 0 0 0 0 0 0 0 0 0 0 0 0 0 0 0 0 0 0 0 0 0 0 0 0 0 0 0 0 0 0 0 0 0 0 0 0 0 0 0 0 0 0 0 0 0 0 0 0 0 0 0 0 0 0 0 0 0 0 0 0 0 0 0 0 0 0 0 0 0 0 0 0 0 0 0 0 0 0 0 0 0 0 0 0 0 0 0 0 0 0 0 0 0 0 0 0 0 0 0 0 0 0 0 0 0 0 0 0 0 0 0 0 0 0 0 0 0 0 0 0 0 0 0 0 0 0 0 0 0 0 0 0 0 0 0 0 0 0 0 0 0 0 0 0 0 0 0 0 0 0 0 0 0 0 0 0 0 0 0 0 0 0 0 0 0 0 0 0 0 0 0 0 0 0 0 0 0 0 0 0 0 0 0 0 0 0 0 0 0 0 0 0 0 0 0 0 0 0 0 0 0 0 0 0 0 0 0 0 0 0 0 0 0 0 0 0 0 0 0 0 0 0 0 0 0 0 0 0 0 0 0 0 0 0 0 0 0 0 0 0 0 0 0 0 0 0 0 0 0 0 0 0 0 0 0 0 0 0 0 0 0 0 0 0 0 0 0 0 0 0 0 0 0 0 0 0 0 0 0 0 0 0 0 0 0 0 0 0 0 0 0 0 0 0 0 0 0 0 0 0 0 0 0 0 0 0 0 0 0 0 0 0 0 0 0 0 0 0 0 0 0 0 0 0 0 0 0 0 0 0 0 0 0 0 0 0 0 0 0 0 0 0 0 0 0 0 0 0 0 0 0 0 0 0 0 0 0 0 0 0 0 0 0 0 0 0 0 0 0 0 0 0 0 0 0 0 0 0 0 0 0 0 0 0 0 0 0 0 0 0 0 0 0 0 0 0 0 0 0 0 0 0 0 0 0 0 0 0 0 0 0 0 0 0 0 0 0 0 0 0 0 0 0 0 0 0 0 0 0 0 0 0 0 0 0 0 0 0 0 0 0 0 0 0 0 0 0 0 0 0 0 0 0 0 0 0 0 0 0 0 0 0 0 0 0 0 0 0 0 0 0 0 0 0 0 0 0 0 0 0 0 0 0 0 0 0 0 0 0 0 0 0 0 0 0 0 0 0 0 0 0 0 0 0 0 0 0 0 0 0 0 0 0 0 0 0 0 0 0 0 0 0 0 0 0 0 0 0 0 0 0 0 0 0 0 0 0 0 0 0 0 0 0 0 0 0 0 0 0 0 0 0 0 0 0 0 0 0 0 0 0 0 0 0 0 0 0 0 0 0 0 0 0 0 0 0 0 0 0 0 0 0 0 0 0 0 0 0 0 0 0 0 0 0 0 0 0 0 0 0 0 0 0 0 0 0 0 0 0 0 0 0 0 0 0 0 0 0 0 0 0 0 0 0 0 0 0 0 0 0 0 0 0 0 0 0 0 0 0 0 0 0 0 0 0 0 0 0 0 0 0 0 0 0 0 0 0 0 0 0 0 0 0 0 0 0 0 0 0 0 0 0 0 0 0 0 0 0 0 0 0 0 0 0 0 0 0 0 0 0 0 0 0 0 0 0 0 0 0 0 0 0 0 0 0 0 0 0 0 0 0 0 0 0 0 0 0 0 0 0 0 0 0 0 0 0 0 0 0 0 0 0 0 0 0 0 0 0 0 0 0 0 0 0 0 0 0 0 0 0 0 0 0 0 0 0 0 0 0 0 0 0 0 0 0 0 0 0 0 0 0 0 0 0 0 0 0 0 0 0 0 0 0 0 0 0 0 0 0 0 0 0 0 0 0 0 0 0 0 0 0 0 0 0 0 0 0 0 0 0 0 0 0 0 0 0 0 0 0 0 0 0 0 0 0 0 0 0 0 0 0 0 0 0 0 0 0 0 0 0 0 0 0 0 0 0 0 0 0 0 0 0 0 0 0 0 0 0 0 0 0 0 0 0 0 0 0 0 0 0 0 0 0 0 0 0 0 0 0 0 0 0 0 0 0 0 0 0 0 0 0 0 0 0 0 0 0 0 0 0 0 0 0 0 0 0 0 0 0 0 0 0 0 0 0 0 0 0 0 0 0 0 0 0 0 0 0 0 0 0 0 0 0 0 0 0 0 0 0 0 0 0 0 0 0 0 0 0 0 0 0 0 0 0 0 0 0 0 0 0 0 0 0 0 0 0 0 0 0 0 0 0 0 0 0 0 0 0 0 0 0 0 0 0 0 0 0 0 0 0 0 0 0 0 0 0 0 0 0 0 0 0 0 0 0 0 0 0 0 0 0 0 0 0 0 0 0 0 0 0 0 0 0 0 0 0 0 0 0 0 0 0 0 0 0 0 0 0 0 0 0 0 0 0 0 0 0 0 0 0 0 0 0 0 0 0 0 0 0 0 0 0 0 0 0 0 0 0 0 0 0 0 0 0 0 0 0 0 0 0 0 0 0 0 0 0 0 0 0 0 0 0 0 0 0 0 0 0 0 0 0 0 0 0 0 0 0 0 0 0 0 0 0 0 0 0 0 0 0 0 0 0 0 0 0 0 0 0 0 0 0 0 0 0 0 0 0 0 0 0 0 0 0 0 0 0 0 0 0 0 0 0 0 0 0 0 0 0 0 0 0 0 0 0 0 0 0 0 0 0 0 0 0 0 0 0 0 0 0 0 0 0 0 0 0 0 0 0 0 0 0 0 0 0 0 0 0 0 0 0 0 0 0 0 0 0 0 0 0 0 0 0 0 0 0 0 0 0 0 0 0 0 0 0 0 0 0 0 0 0 0 0 0 0 0 0 0 0 0 0 0 0 0 0 0 0 0 0 0 0 0 0 0 0 0 0 0 0 0 0 0 0 0 0 0 0 0 0 0 0 0 0 0 0 0 0 0 0 0 0 0 0 0 0 0 0 0 0 0 0 0 0 0 0 0 0 0 0 0 0 0 0 0 0 0 0 0 0 0 0 0 0 0 0 0 0 0 0 0 0 0 0 0 0 0 0 0 0 0 0 0 0 0 0 0 0 0 0 0 0 0 0 0 0 0 0 0 0 0 0 0 0 0 0 0 0 0 0 0 0 0 0 0 0 0 0 0 0 0 0 0 0 0 0 0 0 0 0 0 0 0 0 0 0 0 0 0 0 0 0 0 0 0 0 0 0 0 0 0 0 0 0 0 0 0 0 0 0 0 0 0 0 0 0 0 0 0 0 0 0 0 0 0 0 0 0 0 0 0 0 0 0 0 0 0 0 0 0 0 0 0 0 0 0 0 0 0 0 0 0 0 0 0 0 0 0 0 0 0 0 0 0 0 0 0 0 0 0 0 0 0 0 0 0 0 0 0 0 0 0 0 0 0 0 0 0 0 0 0 0 0 0 0 0 0 0 0 0 0 0 0 0 0 0 0 0 0 0 0 0 0 0 0 0 0 0 0 0 0 0 0 0 0 0 0 0 0 0 0 0 0 0 0 0 0 0 0 0 0 0 0 0 0 0 0 0 0 0 0 0 0 0 0 0 0 0 0 0 0 0 0 0 0 0 0 0 0 0 0 0 0 0 0 0 0 0 0 0 0 0 0 0 0 0 0 0 0 0 0 0 0 0 0 0 0 0 0 0 0 0 0 0 0 0 0 0 0 0 0 0 0 0 0 0 0 0 0 0 0 0 0 0 0 0 0 0 0 0 0 0 0 0 0 0 0 0 0 0 0 0 0 0 0 0 0 0 0 0 0 0 0 0 0 0 0 0 0 0 0 0 0 0 0 0 0 0 0 0 0 0 0 0 0 0 0 0 0 0 0 0 0 0 0 0 0 0 0 0 0 0 0 0 0 0 0 0 0 0 0 0 0 0 0 0 0 0 0 0 0 0 0 0 0 0 0 0 0 0 0 0 0 0 0 0 0 0 0 0 0 0 0 0 0 0 0 0 0 0 0 0 0 0 0 0 0 0 0 0 0 0 0 0 0 0 0 0 0 0 0 0 0 0 0 0 0 0 0 0 0 0 0 0 0 0 0 0 0 0 0 0 0 0 0 0 0 0 0 0 0 0 0 0 0 0 0 0 0 0 0 0 0 0 0 0 0 0 0 0 0 0 0 0 0 0 0 0 0 0 0 0 0 0 0 0 0 0 0 0 0 0 0 0 0 0 0 0 0 0 0 0 0 0 0 0 0 0 0 0 0 0 0 0 0 0 0 0 0 0 0 0 0 0 0 0 0 0 0 0 0 0 0 0 0 0 0 0 0 0 0 0 0 0 0 0 0 0 0 0 0 0 0 0 0 0 0 0 0 0 0 0 0 0 0 0 0 0 0 0 0 0 0 0 0 0 0 0 0 0 0 0 0 0 0 0 0 0 0 0 0 0 0 0 0 0 0 0 0 0 0 0 0 0 0 0 0 0 0 0 0 0 0 0 0 0 0 0 0 0 0 0 0 0 0 0 0 0 0 0 0 0 0 0 0 0 0 0 0 0 0 0 0 0 0 0 0 0 0 0 0 0 0 0 0 0 0 0 0 0 0 0 0 0 0 0 0 0 0 0 0 0 0 0 0 0 0 0 0 0 0 0 0 0 0 0 0 0 0 0 0 0 0 0 0 0 0 0 0 0 0 0 0 0 0 0 0 0 0 0 0 0 0 0 0 0 0 0 0 0 0 0 0 0 0 0 0 0 0 0 0 0 0 0 0 0 0 0 0 0 0 0 0 0 0 0 0 0 0 0 0 0 0 0 0 0 0 0 0 0 0 0 0 0 0 0 0 0 0 0 0 0 0 0 0 0 0 0 0 0 0 0 0 0 0 0 0 0 0 0 0 0 0 0 0 0 0 0 0 0 0 0 0 0 0 0 0 0 0 0 0 0 0 0 0 0 0 0 0 0 0 0 0 0 0 0 0 0 0 0 0 0 0 0 0 0 0 0 0 0 0 0 0 0 0 0 0 0 0 0 0 0 0 0 0 0 0 0 0 0 0 0 0 0 0 0 0 0 0 0 0 0 0 0 0 0 0 0 0 0 0 0 0 0 0 0 0 0 0 0 0 0 0 0 0 0 0 0 0 0 0 0 0 0 0 0 0 0 0 0 0 0 0 0 0 0 0 0 0 0 0 0 0 0 0 0 0 0 0 0 0 0 0 0 0 0 0 0 0 0 0 0 0 0 0 0 0 0 0 0 0 0 0 0 0 0 0 0 0 0 0 0 0 0 0 0 0 0 0 0 0 0 0 0 0 0 0 0 0 0 0 0 0 0 0 0 0 0 0 0 0 0 0 0 0 0 0 0 0 0 0 0 0 0 0 0 0 0 0 0 0 0 0 0 0 0 0 0 0 0 0 0 0 0 0 0 0 0 0 0 0 0 0 0 0 0 0 0 0 0 0 0 0 0 0 0 0 0 0 0 0 0 0 0 0 0 0 0 0 0 0 0 0 0 0 0 0 0 0 0 0 0 0 0 0 0 0 0 0 0 0 0 0 0 0 0 0 0 0 0 0 0 0 0 0 0 0 0 0 0 0 0 0 0 0 0 0 0 0 0 0 0 0 0 0 0 0 0 0 0 0 0 0 0 0 0 0 0 0 0 0 0 0 0 0 0 0 0 0 0 0 0 0 0 0 0 0 0 0 0 0 0 0 0 0 0 0 0 0 0 0 0 0 0 0 0 0 0 0 0 0 0 0 0 0 0 0 0 0 0 0 0 0 0 0 0 0 0 0 0 0 0 0 0 0 0 0 0 0 0 0 0 0 0 0 0 0 0 0 0 0 0 0 0 0 0 0 0 0 0 0 0 0 0 0 0 0 0 0 0 0 0 0 0 0 0 0 0 0 0 0 0 0 0 0 0 0 0 0 0 0 0 0 0 0 0 0 0 0 0 0 0 0 0 0 0 0 0 0 0 0 0 0 0 0 0 0 0 0 0 0 0 0 0 0 0 0 0 0 0 0 0 0 0 0 0 0 0 0 0 0 0 0 0 0 0 0 0 0 0 0 0 0 0 0 0 0 0 0 0 0 0 0 0 0 0 0 0 0 0 0 0 0 0 0 0 0 0 0 0 0 0 0 0 0 0 0 0 0 0 0 0 0 0 0 0 0 0 0 0 0 0 0 0 0 0 0 0 0 0 0 0 0 0 0 0 0 0 0 0 0 0 0 0 0 0 0 0 0 0 0 0 0 0 0 0 0 0 0 0 0 0 0 0 0 0 0 0 0 0 0 0 0 0 0 0 0 0 0 0 0 0 0 0 0 0 0 0 0 0 0 0 0 0 0 0 0 0 0 0 0 0 0 0 0 0 0 0 0 0 0 0 0 0 0 0 0 0 0 0 0 0 0 0 0 0 0 0 0 0 0 0 0 0 0 0 0 0 0 0 0 0 0 0 0 0 0 0 0 0 0 0 0 0 0 0 0 0 0 0 0 0 0 0 0 0 0 0 0 0 0 0 0 0 0 0 0 0 0 0 0 0 0 0 0 0 0 0 0 0 0 0 0 0 0 0 0 0 0 0 0 0 0 0 0 0 0 0 0 0 0 0 0 0 0 0 0 0 0 0 0 0 0 0 0 0 0 0 0 0 0 0 0 0 0 0 0 0 0 0 0 0 0 0 0 0 0 0 0 0 0 0 0 0 0 0 0 0 0 0 0 0 0 0 0 0 0 0 0 0 0 0 0 0 0 0 0 0 0 0 0 0 0 0 0 0 0 0 0 0 0 0 0 0 0 0 0 0 0 0 0 0 0 0 0 0 0 0 0 0 0 0 0 0 0 0 0 0 0 0 0 0 0 0 0 0 0 0 0 0 0 0 0 0 0 0 0 0 0 0 0 0 0 0 0 0 0 0 0 0 0 0 0 0 0 0 0 0 0 0 0 0 0 0 0 0 0 0 0 0 0 0 0 0 0 0 0 0 0 0 0 0 0 0 0 0 0 0 0 0 0 0 0 0 0 0 0 0 0 0 0 0 0 0 0 0 0 0 0 0 0 0 0 0 0 0 0 0 0 0 0 0 0 0 0 0 0 0 0 0 0 0 0 0 0 0 0 0 0 0 0 0 0 0 0 0 0 0 0 0 0 0 0 0 0 0 0 0 0 0 0 0 0 0 0 0 0 0 0 0 0 0 0 0 0 0 0 0 0 0 0 0 0 0 0 0 0 0 0 0 0 0 0 0 0 0 0 0 0 0 0 0 0 0 0 0 0 0 0 0 0 0 0 0 0 0 0 0 0 0 0 0 0 0 0 0 0 0 0 0 0 0 0 0 0 0 0 0 0 0 0 0 0 0 0 0 0 0 0 0 0 0 0 0 0 0 0 0 0 0 0 0 0 0 0 0 0 0 0 0 0 0 0 0 0 0 0 0 0 0 0 0 0 0 0 0 0 0 0 0 0 0 0 0 0 0 0 0 0 0 0 0 0 0 0 0 0 0 0 0 0 0 0 0 0 0 0 0 0 0 0 0 0 0 0 0 0 0 0 0 0 0 0 0 0 0 0 0 0 0 0 0 0 0 0 0 0 0 0 0 0 0 0 0 0 0 0 0 0 0 0 0 0 0 0 0 0 0 0 0 0 0 0 0 0 0 0 0 0 0 0 0 0 0 0 0 0 0 0 0 0 0 0 0 0 0 0 0 0 0 0 0 0 0 0 0 0 0 0 0 0 0 0 0 0 0 0 0 0 0 0 0 0 0 0 0 0 0 0 0 0 0 0 0 0 0 0 0 0 0 0 0 0 0 0 0 0 0 0 0 0 0 0 0 0 0 0 0 0 0 0 0 0 0 0 0 0 0 0 0 0 0 0 0 0 0 0 0 0 0 0 0 0 0 0 0 0 0 0 0 0 0 0 0 0 0 0 0 0 0 0 0 0 0 0 0 0 0 0 0 0 0 0 0 0 0 0 0 0 0 0 0 0 0 0 0 0 0 0 0 0 0 0 0 0 0 0 0 0 0 0 0 0 0 0 0 0 0 0 0 0 0 0 0 0 0 0 0 0 0 0 0 0 0 0 0 0 0 0 0 0 0 0 0 0 0 0 0 0 0 0 0 0 0 0 0 0 0 0 0 0 0 0 0 0 0 0 0 0 0 0 0 0 0 0 0 0 0 0 0 0 0 0 0 0 0 0 0 0 0 0 0 0 0 0 0 0 0 0 0 0 0 0 0 0 0 0 0 0 0 0 0 0 0 0 0 0 0 0 0 0 0 0 0 0 0 0 0 0 0 0 0 0 0 0 0 0 0 0 0 0 0 0 0 0 0 0 0 0 0 0 0 0 0 0 0 0 0 0 0 0 0 0 0 0 0 0 0 0 0 0 0 0 0 0 0 0 0 0 0 0 0 0 0 0 0 0 0 0 0 0 0 0 0 0 0 0 0 0 0 0 0 0 0 0 0 0 0 0 0 0 0 0 0 0 0 0 0 0 0 0 0 0 0 0 0 0 0 0 0 0 0 0 0 0 0 0 0 0 0 0 0 0 0 0 0 0 0 0 0 0 0 0 0 0 0 0 0 0 0 0 0 0 0 0 0 0 0 0 0 0 0 0 0 0 0 0 0 0 0 0 0 0 0 0 0 0 0 0 0 0 0 0 0 0 0 0 0 0 0 0 0 0 0 0 0 0 0 0 0 0 0 0 0 0 0 0 0 0 0 0 0 0 0 0 0 0 0 0 0 0 0 0 0 0 0 0 0 0 0 0 0 0 0 0 0 0 0 0 0 0 0 0 0 0 0 0 0 0 0 0 0 0 0 0 0 0 0 0 0 0 0 0 0 0 0 0 0 0 0 0 0 0 0 0 0 0 0 0 0 0 0 0 0 0 0 0 0 0 0 0 0 0 0 0 0 0 0 0 0 0 0 0 0 0 0 0 0 0 0 0 0 0 0 0 0 0 0 0 0 0 0 0 0 0 0 0 0 0 0 0 0 0 0 0 0 0 0 0 0 0 0 0 0 0 0 0 0 0 0 0 0 0 0 0 0 0 0 0 0 0 0 0 0 0 0 0 0 0 0 0 0 0 0 0 0 0 0 0 0 0 0 0 0 0 0 0 0 0 0 0 0 0 0 0 0 0 0 0 0 0 0 0 0 0 0 0 0 0 0 0 0 0 0 0 0 0 0 0 0 0 0 0 0 0 0 0 0 0 0 0 0 0 0 0 0 0 0 0 0 0 0 0 0 0 0 0 0 0 0 0 0 0 0 0 0 0 0 0 0 0 0 0 0 0 0 0 0 0 0 0 0 0 0 0 0 0 0 0 0 0 0 0 0 0 0 0 0 0 0 0 0 0 0 0 0 0 0 0 0 0 0 0 0 0 0 0 0 0 0 0 0 0 0 0 0 0 0 0 0 0 0 0 0 0 0 0 0 0 0 0 0 0 0 0 0 0 0 0 0 0 0 0 0 0 0 0 0 0 0 0 0 0 0 0 0 0 0 0 0 0 0 0 0 0 0 0 0 0 0 0 0 0 0 0 0 0 0 0 0 0 0 0 0 0 0 0 0 0 0 0 0 0 0 0 0 0 0 0 0 0 0 0 0 0 0 0 0 0 0 0 0 0 0 0 0 0 0 0 0 0 0 0 0 0 0 0 0 0 0 0 0 0 0 0 0 0 0 0 0 0 0 0 0 0 0 0 0 0 0 0 0 0 0 0 0 0 0 0 0 0 0 0 0 0 0 0 0 0 0 0 0 0 0 0 0 0 0 0 0 0 0 0 0 0 0 0 0 0 0 0 0 0 0 0 0 0 0 0 0 0 0 0 0 0 0 0 0 0 0 0 0 0 0 0 0 0 0 0 0 0 0 0 0 0 0 0 0 0 0 0 0 0 0 0 0 0 0 0 0 0 0 0 0 0 0 0 0 0 0 0 0 0 0 0 0 0 0 0 0 0 0 0 0 0 0 0 0 0 0 0 0 0 0 0 0 0 0 0 0 0 0 0 0 0 0 0 0 0 0 0 0 0 0 0 0 0 0 0 0 0 0 0 0 0 0 0 0 0 0 0 0 0 0 0 0 0 0 0 0 0 0 0 0 0 0 0 0 0 0 0 0 0 0 0 0 0 0 0 0 0 0 0 0 0 0 0 0 0 0 0 0 0 0 0 0 0 0 0 0 0 0 0 0 0 0 0 0 0 0 0 0 0 0 0 0 0 0 0 0 0 0 0 0 0 0 0 0 0 0 0 0 0 0 0 0 0 0 0 0 0 0 0 0 0 0 0 0 0 0 0 0 0 0 0 0 0 0 0 0 0 0 0 0 0 0 0 0 0 0 0 0 0 0 0 0 0 0 0 0 0 0 0 0 0 0 0 0 0 0 0 0 0 0 0 0 0 0 0 0 0 0 0 0 0 0 0 0 0 0 0 0 0 0 0 0 0 0 0 0 0 0 0 0 0 0 0 0 0 0 0 0 0 0 0 0 0 0 0 0 0 0 0 0 0 0 0 0 0 0 0 0 0 0 0 0 0 0 0 0 0 0 0 0 0 0 0 0 0 0 0 0 0 0 0 0 0 0 0 0 0 0 0 0 0 0 0 0 0 0 0 0 0 0 0 0 0 0 0 0 0 0 0 0 0 0 0 0 0 0 0 0 0 0 0 0 0 0 0 0 0 0 0 0 0 0 0 0 0 0 0 0 0 0 0 0 0 0 0 0 0 0 0 0 0 0 0 0 0 0 0 0 0 0 0 0 0 0 0 0 0 0 0 0 0 0 0 0 0 0 0 0 0 0 0 0 0 0 0 0 0 0 0 0 0 0 0 0 0 0 0 0 0 0 0 0 0 0 0 0 0 0 0 0 0 0 0 0 0 0 0 0 0 0 0 0 0 0 0 0 0 0 0 0 0 0 0 0 0 0 0 0 0 0 0 0 0 0 0 0 0 0 0 0 0 0 0 0 0 0 0 0 0 0 0 0 0 0 0 0 0 0 0 0 0 0 0 0 0 0 0 0 0 0 0 0 0 0 0 0 0 0 0 0 0 0 0 0 0 0 0 0 0 0 0 0 0 0 0 0 0 0 0 0 0 0 0 0 0 0 0 0 0 0 0 0 0 0 0 0 0 0 0 0 0 0 0 0 0 0 0 0 0 0 0 0 0 0 0 0 0 0 0 0 0 0 0 0 0 0 0 0 0 0 0 0 0 0 0 0 0 0 0 0 0 0 0 0 0 0 0 0 0 0 0 0 0 0 0 0 0 0 0 0 0 0 0 0 0 0 0 0 0 0 0 0 0 0 0 0 0 0 0 0 0 0 0 0 0 0 0 0 0 0 0 0 0 0 0 0 0 0 0 0 0 0 0 0 0 0 0 0 0 0 0 0 0 0 0 0 0 0 0 0 0 0 0 0 0 0 0 0 0 0 0 0 0 0 0 0 0 0 0 0 0 0 0 0 0 0 0 0 0 0 0 0 0 0 0 0 0 0 0 0 0 0 0 0 0 0 0 0 0 0 0 0 0 0 0 0 0 0 0 0 0 0 0 0 0 0 0 0 0 0 0 0 0 0 0 0 0 0 0 0 0 0 0 0 0 0 0 0 0 0 0 0 0 0 0 0 0 0 0 0 0 0 0 0 0 0 0 0 0 0 0 0 0 0 0 0 0 0 0 0 0 0 0 0 0 0 0 0 0 0 0 0 0 0 0 0 0 0 0 0 0 0 0 0 0 0 0 0 0 0 0 0 0 0 0 0 0 0 0 0 0 0 0 0 0 0 0 0 0 0 0 0 0 0 0 0 0 0 0 0 0 0 0 0 0 0 0 0 0 0 0 0 0 0 0 0 0 0 0 0 0 0 0 0 0 0 0 0 0 0 0 0 0 0 0 0 0 0 0 0 0 0 0 0 0 0 0 0 0 0 0 0 0 0 0 0 0 0 0 0 0 0 0 0 0 0 0 0 0 0 0 0 0 0 0 0 0 0 0 0 0 0 0 0 0 0 0 0 0 0 0 0 0 0 0 0 0 0 0 0 0 0 0 0 0 0 0 0 0 0 0 0 0 0 0 0 0 0 0 0 0 0 0 0 0 0 0 0 0 0 0 0 0 0 0 0 0 0 0 0 0 0 0 0 0 0 0 0 0 0 0 0 0 0 0 0 0 0 0 0 0 0 0 0 0 0 0 0 0 0 0 0 0 0 0 0 0 0 0 0 0 0 0 0 0 0 0 0 0 0 0 0 0 0 0 0 0 0 0 0 0 0 0 0 0 0 0 0 0 0 0 0 0 0 0 0 0 0 0 0 0 0 0 0 0 0 0 0 0 0 0 0 0 0 0 0 0 0 0 0 0 0 0 0 0 0 0 0 0 0 0 0 0 0 0 0 0 0 0 0 0 0 0 0 0 0 0 0 0 0 0 0 0 0 0 0 0 0 0 0 0 0 0 0 0 0 0 0 0 0 0 0 0 0 0 0 0 0 0 0 0 0 0 0 0 0 0 0 0 0 0 0 0 0 0 0 0 0 0 0 0 0 0 0 0 0 0 0 0 0 0 0 0 0 0 0 0 0 0 0 0 0 0 0 0 0 0 0 0 0 0 0 0 0 0 0 0 0 0 0 0 0 0 0 0 0 0 0 0 0 0 0 0 0 0 0 0 0 0 0 0 0 0 0 0 0 0 0 0 0 0 0 0 0 0 0 0 0 0 0 0 0 0 0 0 0 0 0 0 0 0 0 0 0 0 0 0 0 0 0 0 0 0 0 0 0 0 0 0 0 0 0 0 0 0 0 0 0 0 0 0 0 0 0 0 0 0 0 0 0 0 0 0 0 0 0 0 0 0 0 0 0 0 0 0 0 0 0 0 0 0 0 0 0 0 0 0 0 0 0 0 0 0 0 0 0 0 0 0 0 0 0 0 0 0 0 0 0 0 0 0 0 0 0 0 0 0 0 0 0 0 0 0 0 0 0 0 0 0 0 0 0 0 0 0 0 0 0 0 0 0 0 0 0 0 0 0 0 0 0 0 0 0 0 0 0 0 0 0 0 0 0 0 0 0 0 0 0 0 0 0 0 0 0 0 0 0 0 0 0 0 0 0 0 0 0 0 0 0 0 0 0 0 0 0 0 0 0 0 0 0 0 0 0 0 0 0 0 0 0 0 0 0 0 0 0 0 0 0 0 0 0 0 0 0 0 0 0 0 0 0 0 0 0 0 0 0 0 0 0 0 0 0 0 0 0 0 0 0 0 0 0 0 0 0 0 0 0 0 0 0 0 0 0 0 0 0 0 0 0 0 0 0 0 0 0 0 0 0 0 0 0 0 0 0 0 0 0 0 0 0 0 0 0 0 0 0 0 0 0 0 0 0 0 0 0 0 0 0 0 0 0 0 0 0 0 0 0 0 0 0 0 0 0 0 0 0 0 0 0 0 0 0 0 0 0 0 0 0 0 0 0 0 0 0 0 0 0 0 0 0 0 0 0 0 0 0 0 0 0 0 0 0 0 0 0 0 0 0 0 0 0 0 0 0 0 0 0 0 0 0 0 0 0 0 0 0 0 0 0 0 0 0 0 0 0 0 0 0 0 0 0 0 0 0 0 0 0 0 0 0 0 0 0 0 0 0 0 0 0 0 0 0 0 0 0 0 0 0 0 0 0 0 0 0 0 0 0 0 0 0 0 0 0 0 0 0 0 0 0 0 0 0 0 0 0 0 0 0 0 0 0 0 0 0 0 0 0 0 0 0 0 0 0 0 0 0 0 0 0 0 0 0 0 0 0 0 0 0 0 0 0 0 0 0 0 0 0 0 0 0 0 0 0 0 0 0 0 0 0 0 0 0 0 0 0 0 0 0 0 0 0 0 0 0 0 0 0 0 0 0 0 0 0 0 0 0 0 0 0 0 0 0 0 0 0 0 0 0 0 0 0 0 0 0 0 0 0 0 0 0 0 0 0 0 0 0 0 0 0 0 0 0 0 0 0 0 0 0 0 0 0 0 0 0 0 0 0 0 0 0 0 0 0 0 0 0 0 0 0 0 0 0 0 0 0 0 0 0 0 0 0 0 0 0 0 0 0 0 0 0 0 0 0 0 0 0 0 0 0 0 0 0 0 0 0 0 0 0 0 0 0 0 0 0 0 0 0 0 0 0 0 0 0 0 0 0 0 0 0 0 0 0 0 0 0 0 0 0 0 0 0 0 0 0 0 0 0 0 0 0 0 0 0 0 0 0 0 0 0 0 0 0 0 0 0 0 0 0 0 0 0 0 0 0 0 0 0 0 0 0 0 0 0 0 0 0 0 0 0 0 0 0 0 0 0 0 0 0 0 0 0 0 0 0 0 0 0 0 0 0 0 0 0 0 0 0 0 0 0 0 0 0 0 0 0 0 0 0 0 0 0 0 0 0 0 0 0 0 0 0 0 0 0 0 0 0 0 0 0 0 0 0 0 0 0 0 0 0 0 0 0 0 0 0 0 0 0 0 0 0 0 0 0 0 0 0 0 0 0 0 0 0 0 0 0 0 0 0 0 0 0 0 0 0 0 0 0 0 0 0 0 0 0 0 0 0 0 0 0 0 0 0 0 0 0 0 0 0 0 0 0 0 0 0 0 0 0 0 0 0 0 0 0 0 0 0 0 0 0 0 0 0 0 0 0 0 0 0 0 0 0 0 0 0 0 0 0 0 0 0 0 0 0 0 0 0 0 0 0 0 0 0 0 0 0 0 0 0 0 0 0 0 0 0 0 0 0 0 0 0 0 0 0 0 0 0 0 0 0 0 0 0 0 0 0 0 0 0 0 0 0 0 0 0 0 0 0 0 0 0 0 0 0 0 0 0 0 0 0 0 0 0 0 0 0 0 0 0 0 0 0 0 0 0 0 0 0 0 0 0 0 0 0 0 0 0 0 0 0 0 0 0 0 0 0 0 0 0 0 0 0 0 0 0 0 0 0 0 0 0 0 0 0 0 0 0 0 0 0 0 0 0 0 0 0 0 0 0 0 0 0 0 0 0 0 0 0 0 0 0 0 0 0 0 0 0 0 0 0 0 0 0 0 0 0 0 0 0 0 0 0 0 0 0 0 0 0 0 0 0 0 0 0 0 0 0 0 0 0 0 0 0 0 0 0 0 0 0 0 0 0 0 0 0 0 0 0 0 0 0 0 0 0 0 0 0 0 0 0 0 0 0 0 0 0 0 0 0 0 0 0 0 0 0 0 0 0 0 0 0 0 0 0 0 0 0 0 0 0 0 0 0 0 0 0 0 0 0 0 0 0 0 0 0 0 0 0 0 0 0 0 0 0 0 0 0 0 0 0 0 0 0 0 0 0 0 0 0 0 0 0 0 0 0 0 0 0 0 0 0 0 0 0 0 0 0 0 0 0 0 0 0 0 0 0 0 0 0 0 0 0 0 0 0 0 0 0 0 0 0 0 0 0 0 0 0 0 0 0 0 0 0 0 0 0 0 0 0 0 0 0 0 0 0 0 0 0 0 0 0 0 0 0 0 0 0 0 0 0 0 0 0 0 0 0 0 0 0 0 0 0 0 0 0 0 0 0 0 0 0 0 0 0 0 0 0 0 0 0 0 0 0 0 0 0 0 0 0 0 0 0 0 0 0 0 0 0 0 0 0 0 0 0 0 0 0 0 0 0 0 0 0 0 0 0 0 0 0 0 0 0 0 0 0 0 0 0 0 0 0 0 0 0 0 0 0 0 0 0 0 0 0 0 0 0 0 0 0 0 0 0 0 0 0 0 0 0 0 0 0 0 0 0 0 0 0 0 0 0 0 0 0 0 0 0 0 0 0 0 0 0 0 0 0 0 0 0 0 0 0 0 0 0 0 0 0 0 0 0 0 0 0 0 0 0 0 0 0 0 0 0 0 0 0 0 0 0 0 0 0 0 0 0 0 0 0 0 0 0 0 0 0 0 0 0 0 0 0 0 0 0 0 0 0 0 0 0 0 0 0 0 0 0 0 0 0 0 0 0 0 0 0 0 0 0 0 0 0 0 0 0 0 0 0 0 0 0 0 0 0 0 0 0 0 0 0 0 0 0 0 0 0 0 0 0 0 0 0 0 0 0 0 0 0 0 0 0 0 0 0 0 0 0 0 0 0 0 0 0 0 0 0 0 0 0 0 0 0 0 0 0 0 0 0 0 0 0 0 0 0 0 0 0 0 0 0 0 0 0 0 0 0 0 0 0 0 0 0 0 0 0 0 0 0 0 0 0 0 0 0 0 0 0 0 0 0 0 0 0 0 0 0 0 0 0 0 0 0 0 0 0 0 0 0 0 0 0 0 0 0 0 0 0 0 0 0 0 0 0 0 0 0 0 0 0 0 0 0 0 0 0 0 0 0 0 0 0 0 0 0 0 0 0 0 0 0 0 0 0 0 0 0 0 0 0 0 0 0 0 0 0 0 0 0 0 0 0 0 0 0 0 0 0 0 0 0 0 0 0 0 0 0 0 0 0 0 0 0 0 0 0 0 0 0 0 0 0 0 0 0 0 0 0 0 0 0 0 0 0 0 0 0 0 0 0 0 0 0 0 0 0 0 0 0 0 0 0 0 0 0 0 0 0 0 0 0 0 0 0 0 0 0 0 0 0 0 0 0 0 0 0 0 0 0 0 0 0 0 0 0 0 0 0 0 0 0 0 0 0 0 0 0 0 0 0 0 0 0 0 0 0 0 0 0 0 0 0 0 0 0 0 0 0 0 0 0 0 0 0 0 0 0 0 0 0 0 0 0 0 0 0 0 0 0 0 0 0 0 0 0 0 0 0 0 0 0 0 0 0 0 0 0 0 0 0 0 0 0 0 0 0 0 0 0 0 0 0 0 0 0 0 0 0 0 0 0 0 0 0 0 0 0 0 0 0 0 0 0 0 0 0 0 0 0 0 0 0 0 0 0 0 0 0 0 0 0 0 0 0 0 0 0 0 0 0 0 0 0 0 0 0 0 0 0 0 0 0 0 0 0 0 0 0 0 0 0 0 0 0 0 0 0 0 0 0 0 0 0 0 0 0 0 0 0 0 0 0 0 0 0 0 0 0 0 0 0 0 0 0 0 0 0 0 0 0 0 0 0 0 0 0 0 0 0 0 0 0 0 0 0 0 0 0 0 0 0 0 0 0 0 0 0 0 0 0 0 0 0 0 0 0 0 0 0 0 0 0 0 0 0 0 0 0 0 0 0 0 0 0 0 0 0 0 0 0 0 0 0 0 0 0 0 0 0 0 0 0 0 0 0 0 0 0 0 0 0 0 0 0 0 0 0 0 0 0 0 0 0 0 0 0 0 0 0 0 0 0 0 0 0 0 0 0 0 0 0 0 0 0 0 0 0 0 0 0 0 0 0 0 0 0 0 0 0 0 0 0 0 0 0 0 0 0 0 0 0 0 0 0 0 0 0 0 0 0 0 0 0 0 0 0 0 0 0 0 0 0 0 0 0 0 0 0 0 0 0 0 0 0 0 0 0 0 0 0 0 0 0 0 0 0 0 0 0 0 0 0 0 0 0 0 0 0 0 0 0 0 0 0 0 0 0 0 0 0 0 0 0 0 0 0 0 0 0 0 0 0 0 0 0 0 0 0 0 0 0 0 0 0 0 0 0 0 0 0 0 0 0 0 0 0 0 0 0 0 0 0 0 0 0 0 0 0 0 0 0 0 0 0 0 0 0 0 0 0 0 0 0 0 0 0 0 0 0 0 0 0 0 0 0 0 0 0 0 0 0 0 0 0 0 0 0 0 0 0 0 0 0 0 0 0 0 0 0 0 0 0 0 0 0 0 0 0 0 0 0 0 0 0 0 0 0 0 0 0 0 0 0 0 0 0 0 0 0 0 0 0 0 0 0 0 0 0 0 0 0 0 0 0 0 0 0 0 0 0 0 0 0 0 0 0 0 0 0 0 0 0 0 0 0 0 0 0 0 0 0 0 0 0 0 0 0 0 0 0 0 0 0 0 0 0 0 0 0 0 0 0 0 0 0 0 0 0 0 0 0 0 0 0 0 0 0 0 0 0 0 0 0 0 0 0 0 0 0 0 0 0 0 0 0 0 0 0 0 0 0 0 0 0 0 0 0 0 0 0 0 0 0 0 0 0 0 0 0 0 0 0 0 0 0 0 0 0 0 0 0 0 0 0 0 0 0 0 0 0 0 0 0 0 0 0 0 0 0 0 0 0 0 0 0 0 0 0 0 0 0 0 0 0 0 0 0 0 0 0 0 0 0 0 0 0 0 0 0 0 0 0 0 0 0 0 0 0 0 0 0 0 0 0 0 0 0 0 0 0 0 0 0 0 0 0 0 0 0 0 0 0 0 0 0 0 0 0 0 0 0 0 0 0 0 0 0 0 0 0 0 0 0 0 0 0 0 0 0 0 0 0 0 0 0 0 0 0 0 0 0 0 0 0 0 0 0 0 0 0 0 0 0 0 0 0 0 0 0 0 0 0 0 0 0 0 0 0 0 0 0 0 0 0 0 0 0 0 0 0 0 0 0 0 0 0 0 0 0 0 0 0 0 0 0 0 0 0 0 0 0 0 0 0 0 0 0 0 0 0 0 0 0 0 0 0 0 0 0 0 0 0 0 0 0 0 0 0 0 0 0 0 0 0 0 0 0 0 0 0 0 0 0 0 0 0 0 0 0 0 0 0 0 0 0 0 0 0 0 0 0 0 0 0 0 0 0 0 0 0 0 0 0 0 0 0 0 0 0 0 0 0 0 0 0 0 0 0 0 0 0 0 0 0 0 0 0 0 0 0 0 0 0 0 0 0 0 0 0 0 0 0 0 0 0 0 0 0 0 0 0 0 0 0 0 0 0 0 0 0 0 0 0 0 0 0 0 0 0 0 0 0 0 0 0 0 0 0 0 0 0 0 0 0 0 0 0 0 0 0 0 0 0 0 0 0 0 0 0 0 0 0 0 0 0 0 0 0 0 0 0 0 0 0 0 0 0 0 0 0 0 0 0 0 0 0 0 0 0 0 0 0 0 0 0 0 0 0 0 0 0 0 0 0 0 0 0 0 0 0 0 0 0 0 0 0 0 0 0 0 0 0 0 0 0 0 0 0 0 0 0 0 0 0 0 0 0 0 0 0 0 0 0 0 0 0 0 0 0 0 0 0 0 0 0 0 0 0 0 0 0 0 0 0 0 0 0 0 0 0 0 0 0 0 0 0 0 0 0 0 0 0 0 0 0 0 0 0 0 0 0 0 0 0 0 0 0 0 0 0 0 0 0 0 0 0 0 0 0 0 0 0 0 0 0 0 0 0 0 0 0 0 0 0 0 0 0 0 0 0 0 0 0 0 0 0 0 0 0 0 0 0 0 0 0 0 0 0 0 0 0 0 0 0 0 0 0 0 0 0 0 0 0 0 0 0 0 0 0 0 0 0 0 0 0 0 0 0 0 0 0 0 0 0 0 0 0 0 0 0 0 0 0 0 0 0 0 0 0 0 0 0 0 0 0 0 0 0 0 0 0 0 0 0 0 0 0 0 0 0 0 0 0 0 0 0 0 0 0 0 0 0 0 0 0 0 0 0 0 0 0 0 0 0 0 0 0 0 0 0 0 0 0 0 0 0 0 0 0 0 0 0 0 0 0 0 0 0 0 0 0 0 0 0 0 0 0 0 0 0 0 0 0 0 0 0 0 0 0 0 0 0 0 0 0 0 0 0 0 0 0 0 0 0 0 0 0 0 0 0 0 0 0 0 0 0 0 0 0 0 0 0 0 0 0 0 0 0 0 0 0 0 0 0 0 0 0 0 0 0 0 0 0 0 0 0 0 0 0 0 0 0 0 0 0 0 0 0 0 0 0 0 0 0 0 0 0 0 0 0 0 0 0 0 0 0 0 0 0 0 0 0 0 0 0 0 0 0 0 0 0 0 0 0 0 0 0 0 0 0 0 0 0 0 0 0 0 0 0 0 0 0 0 0 0 0 0 0 0 0 0 0 0 0 0 0 0 0 0 0 0 0 0 0 0 0 0 0 0 0 0 0 0 0 0 0 0 0 0 0 0 0 0 0 0 0 0 0 0 0 0 0 0 0 0 0 0 0 0 0 0 0 0 0 0 0 0 0 0 0 0 0 0 0 0 0 0 0 0 0 0 0 0 0 0 0 0 0 0 0 0 0 0 0 0 0 0 0 0 0 0 0 0 0 0 0 0 0 0 0 0 0 0 0 0 0 0 0 0 0 0 0 0 0 0 0 0 0 0 0 0 0 0 0 0 0 0 0 0 0 0 0 0 0 0 0 0 0 0 0 0 0 0 0 0 0 0 0 0 0 0 0 0 0 0 0 0 0 0 0 0 0 0 0 0 0 0 0 0 0 0 0 0 0 0 0 0 0 0 0 0 0 0 0 0 0 0 0 0 0 0 0 0 0 0 0 0 0 0 0 0 0 0 0 0 0 0 0 0 0 0 0 0 0 0 0 0 0 0 0 0 0 0 0 0 0 0 0 0 0 0 0 0 0 0 0 0 0 0 0 0 0 0 0 0 0 0 0 0 0 0 0 0 0 0 0 0 0 0 0 0 0 0 0 0 0 0 0 0 0 0 0 0 0 0 0 0 0 0 0 0 0 0 0 0 0 0 0 0 0 0 0 0 0 0 0 0 0 0 0 0 0 0 0 0 0 0 0 0 0 0 0 0 0 0 0 0 0 0 0 0 0 0 0 0 0 0 0 0 0 0 0 0 0 0 0 0 0 0 0 0 0 0 0 0 0 0 0 0 0 0 0 0 0 0 0 0 0 0 0 0 0 0 0 0 0 0 0 0 0 0 0 0 0 0 0 0 0 0 0 0 0 0 0 0 0 0 0 0 0 0 0 0 0 0 0 0 0 0 0 0 0 0 0 0 0 0 0 0 0 0 0 0 0 0 0 0 0 0 0 0 0 0 0 0 0 0 0 0 0 0 0 0 0 0 0 0 0 0 0 0 0 0 0 0 0 0 0 0 0 0 0 0 0 0 0 0 0 0 0 0 0 0 0 0 0 0 0 0 0 0 0 0 0 0 0 0 0 0 0 0 0 0 0 0 0 0 0 0 0 0 0 0 0 0 0 0 0 0 0 0 0 0 0 0 0 0 0 0 0 0 0 0 0 0 0 0 0 0 0 0 0 0 0 0 0 0 0 0 0 0 0 0 0 0 0 0 0 0 0 0 0 0 0 0 0 0 0 0 0 0 0 0 0 0 0 0 0 0 0 0 0 0 0 0 0 0 0 0 0 0 0 0 0 0 0 0 0 0 0 0 0 0 0 0 0 0 0 0 0 0 0 0 0 0 0 0 0 0 0 0 0 0 0 0 0 0 0 0 0 0 0 0 0 0 0 0 0 0 0 0 0 0 0 0 0 0 0 0 0 0 0 0 0 0 0 0 0 0 0 0 0 0 0 0 0 0 0 0 0 0 0 0 0 0 0 0 0 0 0 0 0 0 0 0 0 0 0 0 0 0 0 0 0 0 0 0 0 0 0 0 0 0 0 0 0 0 0 0 0 0 0 0 0 0 0 0 0 0 0 0 0 0 0 0 0 0 0 0 0 0 0 0 0 0 0 0 0 0 0 0 0 0 0 0 0 0 0 0 0 0 0 0 0 0 0 0 0 0 0 0 0 0 0 0 0 0 0 0 0 0 0 0 0 0 0 0 0 0 0 0 0 0 0 0 0 0 0 0 0 0 0 0 0 0 0 0 0 0 0 0 0 0 0 0 0 0 0 0 0 0 0 0 0 0 0 0 0 0 0 0 0 0 0 0 0 0 0 0 0 0 0 0 0 0 0 0 0 0 0 0 0 0 0 0 0 0 0 0 0 0 0 0 0 0 0 0 0 0 0 0 0 0 0 0 0 0 0 0 0 0 0 0 0 0 0 0 0 0 0 0 0 0 0 0 0 0 0 0 0 0 0 0 0 0 0 0 0 0 0 0 0 0 0 0 0 0 0 0 0 0 0 0 0 0 0 0 0 0 0 0 0 0 0 0 0 0 0 0 0 0 0 0 0 0 0 0 0 0 0 0 0 0 0 0 0 0 0 0 0 0 0 0 0 0 0 0 0 0 0 0 0 0 0 0 0 0 0 0 0 0 0 0 0 0 0 0 0 0 0 0 0 0 0 0 0 0 0 0 0 0 0 0 0 0 0 0 0 0 0 0 0 0 0 0 0 0 0 0 0 0 0 0 0 0 0 0 0 0 0 0 0 0 0 0 0 0 0 0 0 0 0 0 0 0 0 0 0 0 0 0 0 0 0 0 0 0 0 0 0 0 0 0 0 0 0 0 0 0 0 0 0 0 0 0 0 0 0 0 0 0 0 0 0 0 0 0 0 0 0 0 0 0 0 0 0 0 0 0 0 0 0 0 0 0 0 0 0 0 0 0 0 0 0 0 0 0 0 0 0 0 0 0 0 0 0 0 0 0 0 0 0 0 0 0 0 0 0 0 0 0 0 0 0 0 0 0 0 0 0 0 0 0 0 0 0 0 0 0 0 0 0 0 0 0 0 0 0 0 0 0 0 0 0 0 0 0 0 0 0 0 0 0 0 0 0 0 0 0 0 0 0 0 0 0 0 0 0 0 0 0 0 0 0 0 0 0 0 0 0 0 0 0 0 0 0 0 0 0 0 0 0 0 0 0 0 0 0 0 0 0 0 0 0 0 0 0 0 0 0 0 0 0 0 0 0 0 0 0 0 0 0 0 0 0 0 0 0 0 0 0 0 0 0 0 0 0 0 0 0 0 0 0 0 0 0 0 0 0 0 0 0 0 0 0 0 0 0 0 0 0 0 0 0 0 0 0 0 0 0 0 0 0 0 0 0 0 0 0 0 0 0 0 0 0 0 0 0 0 0 0 0 0 0 0 0 0 0 0 0 0 0 0 0 0 0 0 0 0 0 0 0 0 0 0 0 0 0 0 0 0 0 0 0 0 0 0 0 0 0 0 0 0 0 0 0 0 0 0 0 0 0 0 0 0 0 0 0 0 0 0 0 0 0 0 0 0 0 0 0 0 0 0 0 0 0 0 0 0 0 0 0 0 0 0 0 0 0 0 0 0 0 0 0 0 0 0 0 0 0 0 0 0 0 0 0 0 0 0 0 0 0 0 0 0 0 0 0 0 0 0 0 0 0 0 0 0 0 0 0 0 0 0 0 0 0 0 0 0 0 0 0 0 0 0 0 0 0 0 0 0 0 0 0 0 0 0 0 0 0 0 0 0 0 0 0 0 0 0 0 0 0 0 0 0 0 0 0 0 0 0 0 0 0 0 0 0 0 0 0 0 0 0 0 0 0 0 0 0 0 0 0 0 0 0 0 0 0 0 0 0 0 0 0 0 0 0 0 0 0 0 0 0 0 0 0 0 0 0 0 0 0 0 0 0 0 0 0 0 0 0 0 0 0 0 0 0 0 0 0 0 0 0 0 0 0 0 0 0 0 0 0 0 0 0 0 0 0 0 0 0 0 0 0 0 0 0 0 0 0 0 0 0 0 0 0 0 0 0 0 0 0 0 0 0 0 0 0 0 0 0 0 0 0 0 0 0 0 0 0 0 0 0 0 0 0 0 0 0 0 0 0 0 0 0 0 0 0 0 0 0 0 0 0 0 0 0 0 0 0 0 0 0 0 0 0 0 0 0 0 0 0 0 0 0 0 0 0 0 0 0 0 0 0 0 0 0 0 0 0 0 0 0 0 0 0 0 0 0 0 0 0 0 0 0 0 0 0 0 0 0 0 0 0 0 0 0 0 0 0 0 0 0 0 0 0 0 0 0 0 0 0 0 0 0 0 0 0 0 0 0 0 0 0 0 0 0 0 0 0 0 0 0 0 0 0 0 0 0 0 0 0 0 0 0 0 0 0 0 0 0 0 0 0 0 0 0 0 0 0 0 0 0 0 0 0 0 0 0 0 0 0 0 0 0 0 0 0 0 0 0 0 0 0 0 0 0 0 0 0 0 0 0 0 0 0 0 0 0 0 0 0 0 0 0 0 0 0 0 0 0 0 0 0 0 0 0 0 0 0 0 0 0 0 0 0 0 0 0 0 0 0 0 0 0 0 0 0 0 0 0 0 0 0 0 0 0 0 0 0 0 0 0 0 0 0 0 0 0 0 0 0 0 0 0 0 0 0 0 0 0 0 0 0 0 0 0 0 0 0 0 0 0 0 0 0 0 0 0 0 0 0 0 0 0 0 0 0 0 0 0 0 0 0 0 0 0 0 0 0 0 0 0 0 0 0 0 0 0 0 0 0 0 0 0 0 0 0 0 0 0 0 0 0 0 0 0 0 0 0 0 0 0 0 0 0 0 0 0 0 0 0 0 0 0 0 0 0 0 0 0 0 0 0 0 0 0 0 0 0 0 0 0 0 0 0 0 0 0 0 0 0 0 0 0 0 0 0 0 0 0 0 0 0 0 0 0 0 0 0 0 0 0 0 0 0 0 0 0 0 0 0 0 0 0 0 0 0 0 0 0 0 0 0 0 0 0 0 0 0 0 0 0 0 0 0 0 0 0 0 0 0 0 0 0 0 0 0 0 0 0 0 0 0 0 0 0 0 0 0 0 0 0 0 0 0 0 0 0 0 0 0 0 0 0 0 0 0 0 0 0 0 0 0 0 0 0 0 0 0 0 0 0 0 0 0 0 0 0 0 0 0 0 0 0 0 0 0 0 0 0 0 0 0 0 0 0 0 0 0 0 0 0 0 0 0 0 0 0 0 0 0 0 0 0 0 0 0 0 0 0 0 0 0 0 0 0 0 0 0 0 0 0 0 0 0 0 0 0 0 0 0 0 0 0 0 0 0 0 0 0 0 0 0 0 0 0 0 0 0 0 0 0 0 0 0 0 0 0 0 0 0 0 0 0 0 0 0 0 0 0 0 0 0 0 0 0 0 0 0 0 0 0 0 0 0 0 0 0 0 0 0 0 0 0 0 0 0 0 0 0 0 0 0 0 0 0 0 0 0 0 0 0 0 0 0 0 0 0 0 0 0 0 0 0 0 0 0 0 0 0 0 0 0 0 0 0 0 0 0 0 0 0 0 0 0 0 0 0 0 0 0 0 0 0 0 0 0 0 0 0 0 0 0 0 0 0 0 0 0 0 0 0 0 0 0 0 0 0 0 0 0 0 0 0 0 0 0 0 0 0 0 0 0 0 0 0 0 0 0 0 0 0 0 0 0 0 0 0 0 0 0 0 0 0 0 0 0 0 0 0 0 0 0 0 0 0 0 0 0 0 0 0 0 0 0 0 0 0 0 0 0 0 0 0 0 0 0 0 0 0 0 0 0 0 0 0 0 0 0 0 0 0 0 0 0 0 0 0 0 0 0 0 0 0 0 0 0 0 0 0 0 0 0 0 0 0 0 0 0 0 0 0 0 0 0 0 0 0 0 0 0 0 0 0 0 0 0 0 0 0 0 0 0 0 0 0 0 0 0 0 0 0 0 0 0 0 0 0 0 0 0 0 0 0 0 0 0 0 0 0 0 0 0 0 0 0 0 0 0 0 0 0 0 0 0 0 0 0 0 0 0 0 0 0 0 0 0 0 0 0 0 0 0 0 0 0 0 0 0 0 0 0 0 0 0 0 0 0 0 0 0 0 0 0 0 0 0 0 0 0 0 0 0 0 0 0 0 0 0 0 0 0 0 0 0 0 0 0 0 0 0 0 0 0 0 0 0 0 0 0 0 0 0 0 0 0 0 0 0 0 0 0 0 0 0 0 0 0 0 0 0 0 0 0 0 0 0 0 0 0 0 0 0 0 0 0 0 0 0 0 0 0 0 0 0 0 0 0 0 0 0 0 0 0 0 0 0 0 0 0 0 0 0 0 0 0 0 0 0 0 0 0 0 0 0 0 0 0 0 0 0 0 0 0 0 0 0 0 0 0 0 0 0 0 0 0 0 0 0 0 0 0 0 0 0 0 0 0 0 0 0 0 0 0 0 0 0 0 0 0 0 0 0 0 0 0 0 0 0 0 0 0 0 0 0 0 0 0 0 0 0 0 0 0 0 0 0 0 0 0 0 0 0 0 0 0 0 0 0 0 0 0 0 0 0 0 0 0 0 0 0 0 0 0 0 0 0 0 0 0 0 0 0 0 0 0 0 0 0 0 0 0 0 0 0 0 0 0 0 0 0 0 0 0 0 0 0 0 0 0 0 0 0 0 0 0 0 0 0 0 0 0 0 0 0 0 0 0 0 0 0 0 0 0 0 0 0 0 0 0 0 0 0 0 0 0 0 0 0 0 0 0 0 0 0 0 0 0 0 0 0 0 0 0 0 0 0 0 0 0 0 0 0 0 0 0 0 0 0 0 0 0 0 0 0 0 0 0 0 0 0 0 0 0 0 0 0 0 0 0 0 0 0 0 0 0 0 0 0 0 0 0 0 0 0 0 0 0 0 0 0 0 0 0 0 0 0 0 0 0 0 0 0 0 0 0 0 0 0 0 0 0 0 0 0 0 0 0 0 0 0 0 0 0 0 0 0 0 0 0 0 0 0 0 0 0 0 0 0 0 0 0 0 0 0 0 0 0 0 0 0 0 0 0 0 0 0 0 0 0 0 0 0 0 0 0 0 0 0 0 0 0 0 0 0 0 0 0 0 0 0 0 0 0 0 0 0 0 0 0 0 0 0 0 0 0 0 0 0 0 0 0 0 0 0 0 0 0 0 0 0 0 0 0 0 0 0 0 0 0 0 0 0 0 0 0 0 0 0 0 0 0 0 0 0 0 0 0 0 0 0 0 0 0 0 0 0 0 0 0 0 0 0 0 0 0 0 0 0 0 0 0 0 0 0 0 0 0 0 0 0 0 0 0 0 0 0 0 0 0 0 0 0 0 0 0 0 0 0 0 0 0 0 0 0 1 1 1 1 1 1 1 1 1 1 1 1 1 1 1 1 1 1 1 1 1 1 1 1 1 1 1 1 1 1 1 1 1 1 1 1 1 1 1 1 1 1 1 1 1 1 1 1 1 1 1 1 1 1 1 1 1 1 1 1 1 1 1 1 1 1 1 1 1 1 1 1 1 1 1 1 1 1 1 1 1 1 1 1 1 1 1 1 1 1 1 1 1 1 1 1 1 1 1 1 1 1 1 1 1 1 1 1 1 1 1 1 1 1 1 1 1 1 1 1 1 1 1 1 1 1 1 1 1 1 1 1 1 1 1 1 1 1 1 1 1 1 1 1 1 1 1 1 1 1 1 1 1 1 1 1 1 1 1 1 1 1 1 1 1 1 1 1 1 1 1 1 1 1 1 1 1 1 1 1 1 1 1 1 1 1 1 1 1 1 1 1 1 1 1 1 1 1 1 1 1 1 1 1 1 1 1 1 1 1 1 1 1 1 1 1 1 1 1 1 1 1 1 1 1 1 1 1 1 1 1 1 1 1 1 1 1 1 1 1 1 1 1 1 1 1 1 1 1 1 1 1 1 1 1 1 1 1 1 1 1 1 1 1 1 1 1 1 1 1 1 1 1 1 1 1 1 1 1 1 1 1 1 1 1 1 1 1 1 1 1 1 1 1 1 1 1 1 1 1 1 1 1 1 1 1 1 1 1 0 0 0 0 0 0 0 0 0 0 0 0 0 0 0 0 0 0 0 0 0 0 0 0 0 0 0 0 0 0 0 0 0 0 0 0 0 0 0 0 0 0 0 0 0 0 0 0 0 0 0 0 0 0 0 0 0 0 0 0 0 0 0 0 0 0 0 0 0 0 0 0 0 0 0 0 0 0 0 0 0 0 0 0 0 0 0 0 0 0 0 0 0 0 0 0 0 0 0 0 0 0 0 0 0 0 0 0 0 0 0 0 0 0 0 0 0 0 0 0 0 0 0 0 0 0 0 0 0 0 0 0 0 0 0 0 0 0 0 0 0 0 0 0 0 0 0 0 0 0 0 0 0 0 0 0 0 0 0 0 0 0 0 0 0 0 0 0 0 0 0 0 0 0 0 0 0 0 0 0 0 0 0 0 0 0 0 0 0 0 0 0 0 0 0 0 0 0 0 0 0 0 0 0 0 0 0 0 0 0 0 0 0 0 0 0 0 0 0 0 0 0 0 0 0 0 0 0 0 0 0 0 0 0 0 0 0 0 0 0 0 0 0 0 0 0 0 0 0 0 0 0 0 0 0 0 0 0 0 0 0 0 0 0 0 0 0 0 0 0 0 0 0 0 0 0 0 0 0 0 0 0 0 0 0 0 0 0 0 0 0 0 0 0 0 0 0 0 0 0 0 0 0 0 0 0 0 0 0 0 0 0 0 0 0 0 0 0 0 0 0 0 0 0 0 0 0 0 0 0 0 0 0 0 0 0 0 0 0 0 0 0 0 0 0 0 0 0 0 0 0 0 0 0 0 0 0 0 0 0 0 0 0 0 0 0 0 0 0 0 0 0 0 0 0 0 0 0 0 0 0 0 0 0 0 0 0 0 0 0 0 0 0 0 0 0 0 0 0 0 0 0 0 0 0 0 0 0 0 0 0 0 0 0 0 0 0 0 0 0 0 0 0 0 0 0 0 0 0 0 0 0 0 0 0 0 0 0 0 1 1 1 1 1 1 1 1 1 1 1 1 1 1 1 1 1 1 1 1 1 1 1 1 1 1 1 1 1 1 1 1 1 1 1 1 1 1 1 1 1 1 1 1 1 1 1 1 1 1 1 1 1 1 1 1 1 1 1 1 1 1 1 1 1 1 1 1 1 1 1 1 1 1 1 1 1 1 1 1 1 1 1 1 1 1 1 1 1 1 1 1 1 1 1 1 1 1 1 1 1 1 1 1 1 1 1 1 1 1 1 1 1 1 1 1 1 1 1 1 1 1 1 1 1 1 1 1 1 1 1 1 1 1 1 1 1 1 1 1 1 1 1 1 1 1 1 1 1 1 1 1 1 1 1 1 1 1 1 1 1 1 1 1 1 1 1 1 1 1 1 1 1 1 1 1 1 1 1 1 1 1 1 1 1 1 1 1 1 1 1 1 1 1 1 1 1 1 1 1 1 1 1 1 1 1 1 1 1 1 1 1 1 1 1 1 1 1 1 1 1 1 1 1 1 1 1 1 1 1 1 1 1 1 1 1 1 1 1 1 1 1 1 1 1 1 1 1 1 1 1 1 1 1 1 1 1 1 1 1 1 1 1 1 1 1 1 1 1 1 1 1 1 1
</DataArray>
<DataArray type="Int32" Name="pip_head" format="ascii">
0 0 0 0 0 0 0 0 0 0 0 0 0 0 0 0 0 0 0 0 0 0 0 0 0 0 0 0 0 0 0 0 0 0 0 0 0 0 0 0 0 0 0 0 0 0 0 0 0 0 0 0 0 0 0 0 0 0 0 0 0 0 0 0 0 0 0 0 0 0 0 0 0 0 0 0 0 0 0 0 0 0 0 0 0 0 0 0 0 0 0 0 0 0 0 0 0 0 0 0 0 0 0 0 0 0 0 0 0 0 0 0 0 0 0 0 0 0 0 0 0 0 0 0 0 0 0 0 0 0 0 0 0 0 0 0 0 0 0 0 0 0 0 0 0 0 0 0 0 0 0 0 0 0 0 0 0 0 0 0 0 0 0 0 0 0 0 0 0 0 0 0 0 0 0 0 0 0 0 0 0 0 0 0 0 0 0 0 0 0 0 0 0 0 0 0 0 0 0 0 0 0 0 0 0 0 0 0 0 0 0 0 0 0 0 0 0 0 0 0 0 0 0 0 0 0 0 0 0 0 0 0 0 0 0 0 0 0 0 0 0 0 0 0 0 0 0 0 0 0 0 0 0 0 0 0 0 0 0 0 0 0 0 0 0 0 0 0 0 0 0 0 0 0 0 0 0 0 0 0 0 0 0 0 0 0 0 0 0 0 0 0 0 0 0 0 0 0 0 0 0 0 0 0 0 0 0 0 0 0 0 0 0 0 0 0 0 0 0 0 0 0 0 0 0 0 0 0 0 0 0 0 0 0 0 0 0 0 0 0 0 0 0 0 0 0 0 0 0 0 0 0 0 0 0 0 0 0 0 0 0 0 0 0 0 0 0 0 0 0 0 0 0 0 0 0 0 0 0 0 0 0 0 0 0 0 0 0 0 0 0 0 0 0 0 0 0 0 0 0 0 0 0 0 0 0 0 0 0 0 0 0 0 0 0 0 0 0 0 0 0 0 0 0 0 0 0 0 0 0 0 0 0 0 0 0 0 0 0 0 0 0 0 0 0 0 0 0 0 0 0 0 0 0 0 0 0 0 0 0 0 0 0 0 0 0 0 0 0 0 0 0 0 0 0 0 0 0 0 0 0 0 0 0 0 0 0 0 0 0 0 0 0 0 0 0 0 0 0 0 0 0 0 0 0 0 0 0 0 0 0 0 0 0 0 0 0 0 0 0 0 0 0 0 0 0 0 0 0 0 0 0 0 0 0 0 0 0 0 0 0 0 0 0 0 0 0 0 0 0 0 0 0 0 0 0 0 0 0 0 0 0 0 0 0 0 0 0 0 0 0 0 0 0 0 0 0 0 0 0 0 0 0 0 0 0 0 0 0 0 0 0 0 0 0 0 0 0 0 0 0 0 0 0 0 0 0 0 0 0 0 0 0 0 0 0 0 0 0 0 0 0 0 0 0 0 0 0 0 0 0 0 0 0 0 0 0 0 0 0 0 0 0 0 0 0 0 0 0 0 0 0 0 0 0 0 0 0 0 0 0 0 0 0 0 0 0 0 0 0 0 0 0 0 0 0 0 0 0 0 0 0 0 0 0 0 0 0 0 0 0 0 0 0 0 0 0 0 0 0 0 0 0 0 0 0 0 0 0 0 0 0 0 0 0 0 0 0 0 0 0 0 0 0 0 0 0 0 0 0 0 0 0 0 0 0 0 0 0 0 0 0 0 0 0 0 0 0 0 0 0 0 0 0 0 0 0 0 0 0 0 0 0 0 0 0 0 0 0 0 0 0 0 0 0 0 0 0 0 0 0 0 0 0 0 0 0 0 0 0 0 0 0 0 0 0 0 0 0 0 0 0 0 0 0 0 0 0 0 0 0 0 0 0 0 0 0 0 0 0 0 0 0 0 0 0 0 0 0 0 0 0 0 0 0 0 0 0 0 0 0 0 0 0 0 0 0 0 0 0 0 0 0 0 0 0 0 0 0 0 0 0 0 0 0 0 0 0 0 0 0 0 0 0 0 0 0 0 0 0 0 0 0 0 0 0 0 0 0 0 0 0 0 0 0 0 0 0 0 0 0 0 0 0 0 0 0 0 0 0 0 0 0 0 0 0 0 0 0 0 0 0 0 0 0 0 0 0 0 0 0 0 0 0 0 0 0 0 0 0 0 0 0 0 0 0 0 0 0 0 0 0 0 0 0 0 0 0 0 0 0 0 0 0 0 0 0 0 0 0 0 0 0 0 0 0 0 0 0 0 0 0 0 0 0 0 0 0 0 0 0 0 0 0 0 0 0 0 0 0 0 0 0 0 0 0 0 0 0 0 0 0 0 0 0 0 0 0 0 0 0 0 0 0 0 0 0 0 0 0 0 0 0 0 0 0 0 0 0 0 0 0 0 0 0 0 0 0 0 0 0 0 0 0 0 0 0 0 0 0 0 0 0 0 0 0 0 0 0 0 0 0 0 0 0 0 0 0 0 0 0 0 0 0 0 0 0 0 0 0 0 0 0 0 0 0 0 0 0 0 0 0 0 0 0 0 0 0 0 0 0 0 0 0 0 0 0 0 0 0 0 0 0 0 0 0 0 0 0 0 0 0 0 0 0 0 0 0 0 0 0 0 0 0 0 0 0 0 0 0 0 0 0 0 0 0 0 0 0 0 0 0 0 0 0 0 0 0 0 0 0 0 0 0 0 0 0 0 0 0 0 0 0 0 0 0 0 0 0 0 0 0 0 0 0 0 0 0 0 0 0 0 0 0 0 0 0 0 0 0 0 0 0 0 0 0 0 0 0 0 0 0 0 0 0 0 0 0 0 0 0 0 0 0 0 0 0 0 0 0 0 0 0 0 0 0 0 0 0 0 0 0 0 0 0 0 0 0 0 0 0 0 0 0 0 0 0 0 0 0 0 0 0 0 0 0 0 0 0 0 0 0 0 0 0 0 0 0 0 0 0 0 0 0 0 0 0 0 0 0 0 0 0 0 0 0 0 0 0 0 0 0 0 0 0 0 0 0 0 0 0 0 0 0 0 0 0 0 0 0 0 0 0 0 0 0 0 0 0 0 0 0 0 0 0 0 0 0 0 0 0 0 0 0 0 0 0 0 0 0 0 0 0 0 0 0 0 0 0 0 0 0 0 0 0 0 0 0 0 0 0 0 0 0 0 0 0 0 0 0 0 0 0 0 0 0 0 0 0 0 0 0 0 0 0 0 0 0 0 0 0 0 0 0 0 0 0 0 0 0 0 0 0 0 0 0 0 0 0 0 0 0 0 0 0 0 0 0 0 0 0 0 0 0 0 0 0 0 0 0 0 0 0 0 0 0 0 0 0 0 0 0 0 0 0 0 0 0 0 0 0 0 0 0 0 0 0 0 0 0 0 0 0 0 0 0 0 0 0 0 0 0 0 0 0 0 0 0 0 0 0 0 0 0 0 0 0 0 0 0 0 0 0 0 0 0 0 0 0 0 0 0 0 0 0 0 0 0 0 0 0 0 0 0 0 0 0 0 0 0 0 0 0 0 0 0 0 0 0 0 0 0 0 0 0 0 0 0 0 0 0 0 0 0 0 0 0 0 0 0 0 0 0 0 0 0 0 0 0 0 0 0 0 0 0 0 0 0 0 0 0 0 0 0 0 0 0 0 0 0 0 0 0 0 0 0 0 0 0 0 0 0 0 0 0 0 0 0 0 0 0 0 0 0 0 0 0 0 0 0 0 0 0 0 0 0 0 0 0 0 0 0 0 0 0 0 0 0 0 0 0 0 0 0 0 0 0 0 0 0 0 0 0 0 0 0 0 0 0 0 0 0 0 0 0 0 0 0 0 0 0 0 0 0 0 0 0 0 0 0 0 0 0 0 0 0 0 0 0 0 0 0 0 0 0 0 0 0 0 0 0 0 0 0 0 0 0 0 0 0 0 0 0 0 0 0 0 0 0 0 0 0 0 0 0 0 0 0 0 0 0 0 0 0 0 0 0 0 0 0 0 0 0 0 0 0 0 0 0 0 0 0 0 0 0 0 0 0 0 0 0 0 0 0 0 0 0 0 0 0 0 0 0 0 0 0 0 0 0 0 0 0 0 0 0 0 0 0 0 0 0 0 0 0 0 0 0 0 0 0 0 0 0 0 0 0 0 0 0 0 0 0 0 0 0 0 0 0 0 0 0 0 0 0 0 0 0 0 0 0 0 0 0 0 0 0 0 0 0 0 0 0 0 0 0 0 0 0 0 0 0 0 0 0 0 0 0 0 0 0 0 0 0 0 0 0 0 0 0 0 0 0 0 0 0 0 0 0 0 0 0 0 0 0 0 0 0 0 0 0 0 0 0 0 0 0 0 0 0 0 0 0 0 0 0 0 0 0 0 0 0 0 0 0 0 0 0 0 0 0 0 0 0 0 0 0 0 0 0 0 0 0 0 0 0 0 0 0 0 0 0 0 0 0 0 0 0 0 0 0 0 0 0 0 0 0 0 0 0 0 0 0 0 0 0 0 0 0 0 0 0 0 0 0 0 0 0 0 0 0 0 0 0 0 0 0 0 0 0 0 0 0 0 0 0 0 0 0 0 0 0 0 0 0 0 0 0 0 0 0 0 0 0 0 0 0 0 0 0 0 0 0 0 0 0 0 0 0 0 0 0 0 0 0 0 0 0 0 0 0 0 0 0 0 0 0 0 0 0 0 0 0 0 0 0 0 0 0 0 0 0 0 0 0 0 0 0 0 0 0 0 0 0 0 0 0 0 0 0 0 0 0 0 0 0 0 0 0 0 0 0 0 0 0 0 0 0 0 0 0 0 0 0 0 0 0 0 0 0 0 0 0 0 0 0 0 0 0 0 0 0 0 0 0 0 0 0 0 0 0 0 0 0 0 0 0 0 0 0 0 0 0 0 0 0 0 0 0 0 0 0 0 0 0 0 0 0 0 0 0 0 0 0 0 0 0 0 0 0 0 0 0 0 0 0 0 0 0 0 0 0 0 0 0 0 0 0 0 0 0 0 0 0 0 0 0 0 0 0 0 0 0 0 0 0 0 0 0 0 0 0 0 0 0 0 0 0 0 0 0 0 0 0 0 0 0 0 0 0 0 0 0 0 0 0 0 0 0 0 0 0 0 0 0 0 0 0 0 0 0 0 0 0 0 0 0 0 0 0 0 0 0 0 0 0 0 0 0 0 0 0 0 0 0 0 0 0 0 0 0 0 0 0 0 0 0 0 0 0 0 0 0 0 0 0 0 0 0 0 0 0 0 0 0 0 0 0 0 0 0 0 0 0 0 0 0 0 0 0 0 0 0 0 0 0 0 0 0 0 0 0 0 0 0 0 0 0 0 0 0 0 0 0 0 0 0 0 0 0 0 0 0 0 0 0 0 0 0 0 0 0 0 0 0 0 0 0 0 0 0 0 0 0 0 0 0 0 0 0 0 0 0 0 0 0 0 0 0 0 0 0 0 0 0 0 0 0 0 0 0 0 0 0 0 0 0 0 0 0 0 0 0 0 0 0 0 0 0 0 0 0 0 0 0 0 0 0 0 0 0 0 0 0 0 0 0 0 0 0 0 0 0 0 0 0 0 0 0 0 0 0 0 0 0 0 0 0 0 0 0 0 0 0 0 0 0 0 0 0 0 0 0 0 0 0 0 0 0 0 0 0 0 0 0 0 0 0 0 0 0 0 0 0 0 0 0 0 0 0 0 0 0 0 0 0 0 0 0 0 0 0 0 0 0 0 0 0 0 0 0 0 0 0 0 0 0 0 0 0 0 0 0 0 0 0 0 0 0 0 0 0 0 0 0 0 0 0 0 0 0 0 0 0 0 0 0 0 0 0 0 0 0 0 0 0 0 0 0 0 0 0 0 0 0 0 0 0 0 0 0 0 0 0 0 0 0 0 0 0 0 0 0 0 0 0 0 0 0 0 0 0 0 0 0 0 0 0 0 0 0 0 0 0 0 0 0 0 0 0 0 0 0 0 0 0 0 0 0 0 0 0 0 0 0 0 0 0 0 0 0 0 0 0 0 0 0 0 0 0 0 0 0 0 0 0 0 0 0 0 0 0 0 0 0 0 0 0 0 0 0 0 0 0 0 0 0 0 0 0 0 0 0 0 0 0 0 0 0 0 0 0 0 0 0 0 0 0 0 0 0 0 0 0 0 0 0 0 0 0 0 0 0 0 0 0 0 0 0 0 0 0 0 0 0 0 0 0 0 0 0 0 0 0 0 0 0 0 0 0 0 0 0 0 0 0 0 0 0 0 0 0 0 0 0 0 0 0 0 0 0 0 0 0 0 0 0 0 0 0 0 0 0 0 0 0 0 0 0 0 0 0 0 0 0 0 0 0 0 0 0 0 0 0 0 0 0 0 0 0 0 0 0 0 0 0 0 0 0 0 0 0 0 0 0 0 0 0 0 0 0 0 0 0 0 0 0 0 0 0 0 0 0 0 0 0 0 0 0 0 0 0 0 0 0 0 0 0 0 0 0 0 0 0 0 0 0 0 0 0 0 0 0 0 0 0 0 0 0 0 0 0 0 0 0 0 0 0 0 0 0 0 0 0 0 0 0 0 0 0 0 0 0 0 0 0 0 0 0 0 0 0 0 0 0 0 0 0 0 0 0 0 0 0 0 0 0 0 0 0 0 0 0 0 0 0 0 0 0 0 0 0 0 0 0 0 0 0 0 0 0 0 0 0 0 0 0 0 0 0 0 0 0 0 0 0 0 0 0 0 0 0 0 0 0 0 0 0 0 0 0 0 0 0 0 0 0 0 0 0 0 0 0 0 0 0 0 0 0 0 0 0 0 0 0 0 0 0 0 0 0 0 0 0 0 0 0 0 0 0 0 0 0 0 0 0 0 0 0 0 0 0 0 0 0 0 0 0 0 0 0 0 0 0 0 0 0 0 0 0 0 0 0 0 0 0 0 0 0 0 0 0 0 0 0 0 0 0 0 0 0 0 0 0 0 0 0 0 0 0 0 0 0 0 0 0 0 0 0 0 0 0 0 0 0 0 0 0 0 0 0 0 0 0 0 0 0 0 0 0 0 0 0 0 0 0 0 0 0 0 0 0 0 0 0 0 0 0 0 0 0 0 0 0 0 0 0 0 0 0 0 0 0 0 0 0 0 0 0 0 0 0 0 0 0 0 0 0 0 0 0 0 0 0 0 0 0 0 0 0 0 0 0 0 0 0 0 0 0 0 0 0 0 0 0 0 0 0 0 0 0 0 0 0 0 0 0 0 0 0 0 0 0 0 0 0 0 0 0 0 0 0 0 0 0 0 0 0 0 0 0 0 0 0 0 0 0 0 0 0 0 0 0 0 0 0 0 0 0 0 0 0 0 0 0 0 0 0 0 0 0 0 0 0 0 0 0 0 0 0 0 0 0 0 0 0 0 0 0 0 0 0 0 0 0 0 0 0 0 0 0 0 0 0 0 0 0 0 0 0 0 0 0 0 0 0 0 0 0 0 0 0 0 0 0 0 0 0 0 0 0 0 0 0 0 0 0 0 0 0 0 0 0 0 0 0 0 0 0 0 0 0 0 0 0 0 0 0 0 0 0 0 0 0 0 0 0 0 0 0 0 0 0 0 0 0 0 0 0 0 0 0 0 0 0 0 0 0 0 0 0 0 0 0 0 0 0 0 0 0 0 0 0 0 0 0 0 0 0 0 0 0 0 0 0 0 0 0 0 0 0 0 0 0 0 0 0 0 0 0 0 0 0 0 0 0 0 0 0 0 0 0 0 0 0 0 0 0 0 0 0 0 0 0 0 0 0 0 0 0 0 0 0 0 0 0 0 0 0 0 0 0 0 0 0 0 0 0 0 0 0 0 0 0 0 0 0 0 0 0 0 0 0 0 0 0 0 0 0 0 0 0 0 0 0 0 0 0 0 0 0 0 0 0 0 0 0 0 0 0 0 0 0 0 0 0 0 0 0 0 0 0 0 0 0 0 0 0 0 0 0 0 0 0 0 0 0 0 0 0 0 0 0 0 0 0 0 0 0 0 0 0 0 0 0 0 0 0 0 0 0 0 0 0 0 0 0 0 0 0 0 0 0 0 0 0 0 0 0 0 0 0 0 0 0 0 0 0 0 0 0 0 0 0 0 0 0 0 0 0 0 0 0 0 0 0 0 0 0 0 0 0 0 0 0 0 0 0 0 0 0 0 0 0 0 0 0 0 0 0 0 0 0 0 0 0 0 0 0 0 0 0 0 0 0 0 0 0 0 0 0 0 0 0 0 0 0 0 0 0 0 0 0 0 0 0 0 0 0 0 0 0 0 0 0 0 0 0 0 0 0 0 0 0 0 0 0 0 0 0 0 0 0 0 0 0 0 0 0 0 0 0 0 0 0 0 0 0 0 0 0 0 0 0 0 0 0 0 0 0 0 0 0 0 0 0 0 0 0 0 0 0 0 0 0 0 0 0 0 0 0 0 0 0 0 0 0 0 0 0 0 0 0 0 0 0 0 0 0 0 0 0 0 0 0 0 0 0 0 0 0 0 0 0 0 0 0 0 0 0 0 0 0 0 0 0 0 0 0 0 0 0 0 0 0 0 0 0 0 0 0 0 0 0 0 0 0 0 0 0 0 0 0 0 0 0 0 0 0 0 0 0 0 0 0 0 0 0 0 0 0 0 0 0 0 0 0 0 0 0 0 0 0 0 0 0 0 0 0 0 0 0 0 0 0 0 0 0 0 0 0 0 0 0 0 0 0 0 0 0 0 0 0 0 0 0 0 0 0 0 0 0 0 0 0 0 0 0 0 0 0 0 0 0 0 0 0 0 0 0 0 0 0 0 0 0 0 0 0 0 0 0 0 0 0 0 0 0 0 0 0 0 0 0 0 0 0 0 0 0 0 0 0 0 0 0 0 0 0 0 0 0 0 0 0 0 0 0 0 0 0 0 0 0 0 0 0 0 0 0 0 0 0 0 0 0 0 0 0 0 0 0 0 0 0 0 0 0 0 0 0 0 0 0 0 0 0 0 0 0 0 0 0 0 0 0 0 0 0 0 0 0 0 0 0 0 0 0 0 0 0 0 0 0 0 0 0 0 0 0 0 0 0 0 0 0 0 0 0 0 0 0 0 0 0 0 0 0 0 0 0 0 0 0 0 0 0 0 0 0 0 0 0 0 0 0 0 0 0 0 0 0 0 0 0 0 0 0 0 0 0 0 0 0 0 0 0 0 0 0 0 0 0 0 0 0 0 0 0 0 0 0 0 0 0 0 0 0 0 0 0 0 0 0 0 0 0 0 0 0 0 0 0 0 0 0 0 0 0 0 0 0 0 0 0 0 0 0 0 0 0 0 0 0 0 0 0 0 0 0 0 0 0 0 0 0 0 0 0 0 0 0 0 0 0 0 0 0 0 0 0 0 0 0 0 0 0 0 0 0 0 0 0 0 0 0 0 0 0 0 0 0 0 0 0 0 0 0 0 0 0 0 0 0 0 0 0 0 0 0 0 0 0 0 0 0 0 0 0 0 0 0 0 0 0 0 0 0 0 0 0 0 0 0 0 0 0 0 0 0 0 0 0 0 0 0 0 0 0 0 0 0 0 0 0 0 0 0 0 0 0 0 0 0 0 0 0 0 0 0 0 0 0 0 0 0 0 0 0 0 0 0 0 0 0 0 0 0 0 0 0 0 0 0 0 0 0 0 0 0 0 0 0 0 0 0 0 0 0 0 0 0 0 0 0 0 0 0 0 0 0 0 0 0 0 0 0 0 0 0 0 0 0 0 0 0 0 0 0 0 0 0 0 0 0 0 0 0 0 0 0 0 0 0 0 0 0 0 0 0 0 0 0 0 0 0 0 0 0 0 0 0 0 0 0 0 0 0 0 0 0 0 0 0 0 0 0 0 0 0 0 0 0 0 0 0 0 0 0 0 0 0 0 0 0 0 0 0 0 0 0 0 0 0 0 0 0 0 0 0 0 0 0 0 0 0 0 0 0 0 0 0 0 0 0 0 0 0 0 0 0 0 0 0 0 0 0 0 0 0 0 0 0 0 0 0 0 0 0 0 0 0 0 0 0 0 0 0 0 0 0 0 0 0 0 0 0 0 0 0 0 0 0 0 0 0 0 0 0 0 0 0 0 0 0 0 0 0 0 0 0 0 0 0 0 0 0 0 0 0 0 0 0 0 0 0 0 0 0 0 0 0 0 0 0 0 0 0 0 0 0 0 0 0 0 0 0 0 0 0 0 0 0 0 0 0 0 0 0 0 0 0 0 0 0 0 0 0 0 0 0 0 0 0 0 0 0 0 0 0 0 0 0 0 0 0 0 0 0 0 0 0 0 0 0 0 0 0 0 0 0 0 0 0 0 0 0 0 0 0 0 0 0 0 0 0 0 0 0 0 0 0 0 0 0 0 0 0 0 0 0 0 0 0 0 0 0 0 0 0 0 0 0 0 0 0 0 0 0 0 0 0 0 0 0 0 0 0 0 0 0 0 0 0 0 0 0 0 0 0 0 0 0 0 0 0 0 0 0 0 0 0 0 0 0 0 0 0 0 0 0 0 0 0 0 0 0 0 0 0 0 0 0 0 0 0 0 0 0 0 0 0 0 0 0 0 0 0 0 0 0 0 0 0 0 0 0 0 0 0 0 0 0 0 0 0 0 0 0 0 0 0 0 0 0 0 0 0 0 0 0 0 0 0 0 0 0 0 0 0 0 0 0 0 0 0 0 0 0 0 0 0 0 0 0 0 0 0 0 0 0 0 0 0 0 0 0 0 0 0 0 0 0 0 0 0 0 0 0 0 0 0 0 0 0 0 0 0 0 0 0 0 0 0 0 0 0 0 0 0 0 0 0 0 0 0 0 0 0 0 0 0 0 0 0 0 0 0 0 0 0 0 0 0 0 0 0 0 0 0 0 0 0 0 0 0 0 0 0 0 0 0 0 0 0 0 0 0 0 0 0 0 0 0 0 0 0 0 0 0 0 0 0 0 0 0 0 0 0 0 0 0 0 0 0 0 0 0 0 0 0 0 0 0 0 0 0 0 0 0 0 0 0 0 0 0 0 0 0 0 0 0 0 0 0 0 0 0 0 0 0 0 0 0 0 0 0 0 0 0 0 0 0 0 0 0 0 0 0 0 0 0 0 0 0 0 0 0 0 0 0 0 0 0 0 0 0 0 0 0 0 0 0 0 0 0 0 0 0 0 0 0 0 0 0 0 0 0 0 0 0 0 0 0 0 0 0 0 0 0 0 0 0 0 0 0 0 0 0 0 0 0 0 0 0 0 0 0 0 0 0 0 0 0 0 0 0 0 0 0 0 0 0 0 0 0 0 0 0 0 0 0 0 0 0 0 0 0 0 0 0 0 0 0 0 0 0 0 0 0 0 0 0 0 0 0 0 0 0 0 0 0 0 0 0 0 0 0 0 0 0 0 0 0 0 0 0 0 0 0 0 0 0 0 0 0 0 0 0 0 0 0 0 0 0 0 0 0 0 0 0 0 0 0 0 0 0 0 0 0 0 0 0 0 0 0 0 0 0 0 0 0 0 0 0 0 0 0 0 0 0 0 0 0 0 0 0 0 0 0 0 0 0 0 0 0 0 0 0 0 0 0 0 0 0 0 0 0 0 0 0 0 0 0 0 0 0 0 0 0 0 0 0 0 0 0 0 0 0 0 0 0 0 0 0 0 0 0 0 0 0 0 0 0 0 0 0 0 0 0 0 0 0 0 0 0 0 0 0 0 0 0 0 0 0 0 0 0 0 0 0 0 0 0 0 0 0 0 0 0 0 0 0 0 0 0 0 0 0 0 0 0 0 0 0 0 0 0 0 0 0 0 0 0 0 0 0 0 0 0 0 0 0 0 0 0 0 0 0 0 0 0 0 0 0 0 0 0 0 0 0 0 0 0 0 0 0 0 0 0 0 0 0 0 0 0 0 0 0 0 0 0 0 0 0 0 0 0 0 0 0 0 0 0 0 0 0 0 0 0 0 0 0 0 0 0 0 0 0 0 0 0 0 0 0 0 0 0 0 0 0 0 0 0 0 0 0 0 0 0 0 0 0 0 0 0 0 0 0 0 0 0 0 0 0 0 0 0 0 0 0 0 0 0 0 0 0 0 0 0 0 0 0 0 0 0 0 0 0 0 0 0 0 0 0 0 0 0 0 0 0 0 0 0 0 0 0 0 0 0 0 0 0 0 0 0 0 0 0 0 0 0 0 0 0 0 0 0 0 0 0 0 0 0 0 0 0 0 0 0 0 0 0 0 0 0 0 0 0 0 0 0 0 0 0 0 0 0 0 0 0 0 0 0 0 0 0 0 0 0 0 0 0 0 0 0 0 0 0 0 0 0 0 0 0 0 0 0 0 0 0 0 0 0 0 0 0 0 0 0 0 0 0 0 0 0 0 0 0 0 0 0 0 0 0 0 0 0 0 0 0 0 0 0 0 0 0 0 0 0 0 0 0 0 0 0 0 0 0 0 0 0 0 0 0 0 0 0 0 0 0 0 0 0 0 0 0 0 0 0 0 0 0 0 0 0 0 0 0 0 0 0 0 0 0 0 0 0 0 0 0 0 0 0 0 0 0 0 0 0 0 0 0 0 0 0 0 0 0 0 0 0 0 0 0 0 0 0 0 0 0 0 0 0 0 0 0 0 0 0 0 0 0 0 0 0 0 0 0 0 0 0 0 0 0 0 0 0 0 0 0 0 0 0 0 0 0 0 0 0 0 0 0 0 0 0 0 0 0 0 0 0 0 0 0 0 0 0 0 0 0 0 0 0 0 0 0 0 0 0 0 0 0 0 0 0 0 0 0 0 0 0 0 0 0 0 0 0 0 0 0 0 0 0 0 0 0 0 0 0 0 0 0 0 0 0 0 0 0 0 0 0 0 0 0 0 0 0 0 0 0 0 0 0 0 0 0 0 0 0 0 0 0 0 0 0 0 0 0 0 0 0 0 0 0 0 0 0 0 0 0 0 0 0 0 0 0 0 0 0 0 0 0 0 0 0 0 0 0 0 0 0 0 0 0 0 0 0 0 0 0 0 0 0 0 0 0 0 0 0 0 0 0 0 0 0 0 0 0 0 0 0 0 0 0 0 0 0 0 0 0 0 0 0 0 0 0 0 0 0 0 0 0 0 0 0 0 0 0 0 0 0 0 0 0 0 0 0 0 0 0 0 0 0 0 0 0 0 0 0 0 0 0 0 0 0 0 0 0 0 0 0 0 0 0 0 0 0 0 0 0 0 0 0 0 0 0 0 0 0 0 0 0 0 0 0 0 0 0 0 0 0 0 0 0 0 0 0 0 0 0 0 0 0 0 0 0 0 0 0 0 0 0 0 0 0 0 0 0 0 0 0 0 0 0 0 0 0 0 0 0 0 0 0 0 0 0 0 0 0 0 0 0 0 0 0 0 0 0 0 0 0 0 0 0 0 0 0 0 0 0 0 0 0 0 0 0 0 0 0 0 0 0 0 0 0 0 0 0 0 0 0 0 0 0 0 0 0 0 0 0 0 0 0 0 0 0 0 0 0 0 0 0 0 0 0 0 0 0 0 0 0 0 0 0 0 0 0 0 0 0 0 0 0 0 0 0 0 0 0 0 0 0 0 0 0 0 0 0 0 0 0 0 0 0 0 0 0 0 0 0 0 0 0 0 0 0 0 0 0 0 0 0 0 0 0 0 0 0 0 0 0 0 0 0 0 0 0 0 0 0 0 0 0 0 0 0 0 0 0 0 0 0 0 0 0 0 0 0 0 0 0 0 0 0 0 0 0 0 0 0 0 0 0 0 0 0 0 0 0 0 0 0 0 0 0 0 0 0 0 0 0 0 0 0 0 0 0 0 0 0 0 0 0 0 0 0 0 0 0 0 0 0 0 0 0 0 0 0 0 0 0 0 0 0 0 0 0 0 0 0 0 0 0 0 0 0 0 0 0 0 0 0 0 0 0 0 0 0 0 0 0 0 0 0 0 0 0 0 0 0 0 0 0 0 0 0 0 0 0 0 0 0 0 0 0 0 0 0 0 0 0 0 0 0 0 0 0 0 0 0 0 0 0 0 0 0 0 0 0 0 0 0 0 0 0 0 0 0 0 0 0 0 0 0 0 0 0 0 0 0 0 0 0 0 0 0 0 0 0 0 0 0 0 0 0 0 0 0 0 0 0 0 0 0 0 0 0 0 0 0 0 0 0 0 0 0 0 0 0 0 0 0 0 0 0 0 0 0 0 0 0 0 0 0 0 0 0 0 0 0 0 0 0 0 0 0 0 0 0 0 0 0 0 0 0 0 0 0 0 0 0 0 0 0 0 0 0 0 0 0 0 0 0 0 0 0 0 0 0 0 0 0 0 0 0 0 0 0 0 0 0 0 0 0 0 0 0 0 0 0 0 0 0 0 0 0 0 0 0 0 0 0 0 0 0 0 0 0 0 0 0 0 0 0 0 0 0 0 0 0 0 0 0 0 0 0 0 0 0 0 0 0 0 0 0 0 0 0 0 0 0 0 0 0 0 0 0 0 0 0 0 0 0 0 0 0 0 0 0 0 0 0 0 0 0 0 0 0 0 0 0 0 0 0 0 0 0 0 0 0 0 0 0 0 0 0 0 0 0 0 0 0 0 0 0 0 0 0 0 0 0 0 0 0 0 0 0 0 0 0 0 0 0 0 0 0 0 0 0 0 0 0 0 0 0 0 0 0 0 0 0 0 0 0 0 0 0 0 0 0 0 0 0 0 0 0 0 0 0 0 0 0 0 0 0 0 0 0 0 0 0 0 0 0 0 0 0 0 0 0 0 0 0 0 0 0 0 0 0 0 0 0 0 0 0 0 0 0 0 0 0 0 0 0 0 0 0 0 0 0 0 0 0 0 0 0 0 0 0 0 0 0 0 0 0 0 0 0 0 0 0 0 0 0 0 0 0 0 0 0 0 0 0 0 0 0 0 0 0 0 0 0 0 0 0 0 0 0 0 0 0 0 0 0 0 0 0 0 0 0 0 0 0 0 0 0 0 0 0 0 0 0 0 0 0 0 0 0 0 0 0 0 0 0 0 0 0 0 0 0 0 0 0 0 0 0 0 0 0 0 0 0 0 0 0 0 0 0 0 0 0 0 0 0 0 0 0 0 0 0 0 0 0 0 0 0 0 0 0 0 0 0 0 0 0 0 0 0 0 0 0 0 0 0 0 0 0 0 0 0 0 0 0 0 0 0 0 0 0 0 0 0 0 0 0 0 0 0 0 0 0 0 0 0 0 0 0 0 0 0 0 0 0 0 0 0 0 0 0 0 0 0 0 0 0 0 0 0 0 0 0 0 0 0 0 0 0 0 0 0 0 0 0 0 0 0 0 0 0 0 0 0 0 0 0 0 0 0 0 0 0 0 0 0 0 0 0 0 0 0 0 0 0 0 0 0 0 0 0 0 0 0 0 0 0 0 0 0 0 0 0 0 0 0 0 0 0 0 0 0 0 0 0 0 0 0 0 0 0 0 0 0 0 0 0 0 0 0 0 0 0 0 0 0 0 0 0 0 0 0 0 0 0 0 0 0 0 0 0 0 0 0 0 0 0 0 0 0 0 0 0 0 0 0 0 0 0 0 0 0 0 0 0 0 0 0 0 0 0 0 0 0 0 0 0 0 0 0 0 0 0 0 0 0 0 0 0 0 0 0 0 0 0 0 0 0 0 0 0 0 0 0 0 0 0 0 0 0 0 0 0 0 0 0 0 0 0 0 0 0 0 0 0 0 0 0 0 0 0 0 0 0 0 0 0 0 0 0 0 0 0 0 0 0 0 0 0 0 0 0 0 0 0 0 0 0 0 0 0 0 0 0 0 0 0 0 0 0 0 0 0 0 0 0 0 0 0 0 0 0 0 0 0 0 0 0 0 0 0 0 0 0 0 0 0 0 0 0 0 0 0 0 0 0 0 0 0 0 0 0 0 0 0 0 0 0 0 0 0 0 0 0 0 0 0 0 0 0 0 0 0 0 0 0 0 0 0 0 0 0 0 0 0 0 0 0 0 0 0 0 0 0 0 0 0 0 0 0 0 0 0 0 0 0 0 0 0 0 0 0 0 0 0 0 0 0 0 0 0 0 0 0 0 0 0 0 0 0 0 0 0 0 0 0 0 0 0 0 0 0 0 0 0 0 0 0 0 0 0 0 0 0 0 0 0 0 0 0 0 0 0 0 0 0 0 0 0 0 0 0 0 0 0 0 0 0 0 0 0 0 0 0 0 0 0 0 0 0 0 0 0 0 0 0 0 0 0 0 0 0 0 0 0 0 0 0 0 0 0 0 0 0 0 0 0 0 0 0 0 0 0 0 0 0 0 0 0 0 0 0 0 0 0 0 0 0 0 0 0 0 0 0 0 0 0 0 0 0 0 0 0 0 0 0 0 0 0 0 0 0 0 0 0 0 0 0 0 0 0 0 0 0 0 0 0 0 0 0 0 0 0 0 0 0 0 0 0 0 0 0 0 0 0 0 0 0 0 0 0 0 0 0 0 0 0 0 0 0 0 0 0 0 0 0 0 0 0 0 0 0 0 0 0 0 0 0 0 0 0 0 0 0 0 0 0 0 0 0 0 0 0 0 0 0 0 0 0 0 0 0 0 0 0 0 0 0 0 0 0 0 0 0 0 0 0 0 0 0 0 0 0 0 0 0 0 0 0 0 0 0 0 0 0 0 0 0 0 0 0 0 0 0 0 0 0 0 0 0 0 0 0 0 0 0 0 0 0 0 0 0 0 0 0 0 0 0 0 0 0 0 0 0 0 0 0 0 0 0 0 0 0 0 0 0 0 0 0 0 0 0 0 0 0 0 0 0 0 0 0 0 0 0 0 0 0 0 0 0 0 0 0 0 0 0 0 0 0 0 0 0 0 0 0 0 0 0 0 0 0 0 0 0 0 0 0 0 0 0 0 0 0 0 0 0 0 0 0 0 0 0 0 0 0 0 0 0 0 0 0 0 0 0 0 0 0 0 0 0 0 0 0 0 0 0 0 0 0 0 0 0 0 0 0 0 0 0 0 0 0 0 0 0 0 0 0 0 0 0 0 0 0 0 0 0 0 0 0 0 0 0 0 0 0 0 0 0 0 0 0 0 0 0 0 0 0 0 0 0 0 0 0 0 0 0 0 0 0 0 0 0 0 0 0 0 0 0 0 0 0 0 0 0 0 0 0 0 0 0 0 0 0 0 0 0 0 0 0 0 0 0 0 0 0 0 0 0 0 0 0 0 0 0 0 0 0 0 0 0 0 0 0 0 0 0 0 0 0 0 0 0 0 0 0 0 0 0 0 0 0 0 0 0 0 0 0 0 0 0 0 0 0 0 0 0 0 0 0 0 0 0 0 0 0 0 0 0 0 0 0 0 0 0 0 0 0 0 0 0 0 0 0 0 0 0 0 0 0 0 0 0 0 0 0 0 0 0 0 0 0 0 0 0 0 0 0 0 0 0 0 0 0 0 0 0 0 0 0 0 0 0 0 0 0 0 0 0 0 0 0 0 0 0 0 0 0 0 0 0 0 0 0 0 0 0 0 0 0 0 0 0 0 0 0 0 0 0 0 0 0 0 0 0 0 0 0 0 0 0 0 0 0 0 0 0 0 0 0 0 0 0 0 0 0 0 0 0 0 0 0 0 0 0 0 0 0 0 0 0 0 0 0 0 0 0 0 0 0 0 0 0 0 0 0 0 0 0 0 0 0 0 0 0 0 0 0 0 0 0 0 0 0 0 0 0 0 0 0 0 0 0 0 0 0 0 0 0 0 0 0 0 0 0 0 0 0 0 0 0 0 0 0 0 0 0 0 0 0 0 0 0 0 0 0 0 0 0 0 0 0 0 0 0 0 0 0 0 0 0 0 0 0 0 0 0 0 0 0 0 0 0 0 0 0 0 0 0 0 0 0 0 0 0 0 0 0 0 0 0 0 0 0 0 0 0 0 0 0 0 0 0 0 0 0 0 0 0 0 0 0 0 0 0 0 0 0 0 0 0 0 0 0 0 0 0 0 0 0 0 0 0 0 0 0 0 0 0 0 0 0 0 0 0 0 0 0 0 0 0 0 0 0 0 0 0 0 0 0 0 0 0 0 0 0 0 0 0 0 0 0 0 0 0 0 0 0 0 0 0 0 0 0 0 0 0 0 0 0 0 0 0 0 0 0 0 0 0 0 0 0 0 0 0 0 0 0 0 0 0 0 0 0 0 0 0 0 0 0 0 0 0 0 0 0 0 0 0 0 0 0 0 0 0 0 0 0 0 0 0 0 0 0 0 0 0 0 0 0 0 0 0 0 0 0 0 0 0 0 0 0 0 0 0 0 0 0 0 0 0 0 0 0 0 0 0 0 0 0 0 0 0 0 0 0 0 0 0 0 0 0 0 0 0 0 0 0 0 0 0 0 0 0 0 0 0 0 0 0 0 0 0 0 0 0 0 0 0 0 0 0 0 0 0 0 0 0 0 0 0 0 0 0 0 0 0 0 0 0 0 0 0 0 0 0 0 0 0 0 0 0 0 0 0 0 0 0 0 0 0 0 0 0 0 0 0 0 0 0 0 0 0 0 0 0 0 0 0 0 0 0 0 0 0 0 0 0 0 0 0 0 0 0 0 0 0 0 0 0 0 0 0 0 0 0 0 0 0 0 0 0 0 0 0 0 0 0 0 0 0 0 0 0 0 0 0 0 0 0 0 0 0 0 0 0 0 0 0 0 0 0 0 0 0 0 0 0 0 0 0 0 0 0 0 0 0 0 0 0 0 0 0 0 0 0 0 0 0 0 0 0 0 0 0 0 0 0 0 0 0 0 0 0 0 0 0 0 0 0 0 0 0 0 0 0 0 0 0 0 0 0 0 0 0 0 0 0 0 0 0 0 0 0 0 0 0 0 0 0 0 0 0 0 0 0 0 0 0 0 0 0 0 0 0 0 0 0 0 0 0 0 0 0 0 0 0 0 0 0 0 0 0 0 0 0 0 0 0 0 0 0 0 0 0 0 0 0 0 0 0 0 0 0 0 0 0 0 0 0 0 0 0 0 0 0 0 0 0 0 0 0 0 0 0 0 0 0 0 0 0 0 0 0 0 0 0 0 0 0 0 0 0 0 0 0 0 0 0 0 0 0 0 0 0 0 0 0 0 0 0 0 0 0 0 0 0 0 0 0 0 0 0 0 0 0 0 0 0 0 0 0 0 0 0 0 0 0 0 0 0 0 0 0 0 0 0 0 0 0 0 0 0 0 0 0 0 0 0 0 0 0 0 0 0 0 0 0 0 0 0 0 0 0 0 0 0 0 0 0 0 0 0 0 0 0 0 0 0 0 0 0 0 0 0 0 0 0 0 0 0 0 0 0 0 0 0 0 0 0 0 0 0 0 0 0 0 0 0 0 0 0 0 0 0 0 0 0 0 0 0 0 0 0 0 0 0 0 0 0 0 0 0 0 0 0 0 0 0 0 0 0 0 0 0 0 0 0 0 0 0 0 0 0 0 0 0 0 0 0 0 0 0 0 0 0 0 0 0 0 0 0 0 0 0 0 0 0 0 0 0 0 0 0 0 0 0 0 0 0 0 0 0 0 0 0 0 0 0 0 0 0 0 0 0 0 0 0 0 0 0 0 0 0 0 0 0 0 0 0 0 0 0 0 0 0 0 0 0 0 0 0 0 0 0 0 0 0 0 0 0 0 0 0 0 0 0 0 0 0 0 0 0 0 0 0 0 0 0 0 0 0 0 0 0 0 0 0 0 0 0 0 0 0 0 0 0 0 0 0 0 0 0 0 0 0 0 0 0 0 0 0 0 0 0 0 0 0 0 0 0 0 0 0 0 0 0 0 0 0 0 0 0 0 0 0 0 0 0 0 0 0 0 0 0 0 0 0 0 0 0 0 0 0 0 0 0 0 0 0 0 0 0 0 0 0 0 0 0 0 0 0 0 0 0 0 0 0 0 0 0 0 0 0 0 0 0 0 0 0 0 0 0 0 0 0 0 0 0 0 0 0 0 0 0 0 0 0 0 0 0 0 0 0 0 0 0 0 0 0 0 0 0 0 0 0 0 0 0 0 0 0 0 0 0 0 0 0 0 0 0 0 0 0 0 0 0 0 0 0 0 0 0 0 0 0 0 0 0 0 0 0 0 0 0 0 0 0 0 0 0 0 0 0 0 0 0 0 0 0 0 0 0 0 0 0 0 0 0 0 0 0 0 0 0 0 0 0 0 0 0 0 0 0 0 0 0 0 0 0 0 0 0 0 0 0 0 0 0 0 0 0 0 0 0 0 0 0 0 0 0 0 0 0 0 0 0 0 0 0 0 0 0 0 0 0 0 0 0 0 0 0 0 0 0 0 0 0 0 0 0 0 0 0 0 0 0 0 0 0 0 0 0 0 0 0 0 0 0 0 0 0 0 0 0 0 0 0 0 0 0 0 0 0 0 0 0 0 0 0 0 0 0 0 0 0 0 0 0 0 0 0 0 0 0 0 0 0 0 0 0 0 0 0 0 0 0 0 0 0 0 0 0 0 0 0 0 0 0 0 0 0 0 0 0 0 0 0 0 0 0 0 0 0 0 0 0 0 0 0 0 0 0 0 0 0 0 0 0 0 0 0 0 0 0 0 0 0 0 0 0 0 0 0 0 0 0 0 0 0 0 0 0 0 0 0 0 0 0 0 0 0 0 0 0 0 0 0 0 0 0 0 0 0 0 0 0 0 0 0 0 0 0 0 0 0 0 0 0 0 0 0 0 0 0 0 0 0 0 0 0 0 0 0 0 0 0 0 0 0 0 0 0 0 0 0 0 0 0 0 0 0 0 0 0 0 0 0 0 0 0 0 0 0 0 0 0 0 0 0 0 0 0 0 0 0 0 0 0 0 0 0 0 0 0 0 0 0 0 0 0 0 0 0 0 0 0 0 0 0 0 0 0 0 0 0 0 0 0 0 0 0 0 0 0 0 0 0 0 0 0 0 0 0 0 0 0 0 0 0 0 0 0 0 0 0 0 0 0 0 0 0 0 0 0 0 0 0 0 0 0 0 0 0 0 0 0 0 0 0 0 0 0 0 0 0 0 0 0 0 0 0 0 0 0 0 0 0 0 0 0 0 0 0 0 0 0 0 0 0 0 0 0 0 0 0 0 0 0 0 0 0 0 0 0 0 0 0 0 0 0 0 0 0 0 0 0 0 0 0 0 0 0 0 0 0 0 0 0 0 0 0 0 0 0 0 0 0 0 0 0 0 0 0 0 0 0 0 0 0 0 0 0 0 0 0 0 0 0 0 0 0 0 0 0 0 0 0 0 0 0 0 0 0 0 0 0 0 0 0 0 0 0 0 0 0 0 0 0 0 0 0 0 0 0 0 0 0 0 0 0 0 0 0 0 0 0 0 0 0 0 0 0 0 0 0 0 0 0 0 0 0 0 0 0 0 0 0 0 0 0 0 0 0 0 0 0 0 0 0 0 0 0 0 0 0 0 0 0 0 0 0 0 0 0 0 0 0 0 0 0 0 0 0 0 0 0 0 0 0 0 0 0 0 0 0 0 0 0 0 0 0 0 0 0 0 0 0 0 0 0 0 0 0 0 0 0 0 0 0 0 0 0 0 0 0 0 0 0 0 0 0 0 0 0 0 0 0 0 0 0 0 0 0 0 0 0 0 0 0 0 0 0 0 0 0 0 0 0 0 0 0 0 0 0 0 0 0 0 0 0 0 0 0 0 0 0 0 0 0 0 0 0 0 0 0 0 0 0 0 0 0 0 0 0 0 0 0 0 0 0 0 0 0 0 0 0 0 0 0 0 0 0 0 0 0 0 0 0 0 0 0 0 0 0 0 0 0 0 0 0 0 0 0 0 0 0 0 0 0 0 0 0 0 0 0 0 0 0 0 0 0 0 0 0 0 0 0 0 0 0 0 0 0 0 0 0 0 0 0 0 0 0 0 0 0 0 0 0 0 0 0 0 0 0 0 0 0 0 0 0 0 0 0 0 0 0 0 0 0 0 0 0 0 0 0 0 0 0 0 0 0 0 0 0 0 0 0 0 0 0 0 0 0 0 0 0 0 0 0 0 0 0 0 0 0 0 0 0 0 0 0 0 0 0 0 0 0 0 0 0 0 0 0 0 0 0 0 0 0 0 0 0 0 0 0 0 0 0 0 0 0 0 0 0 0 0 0 0 0 0 0 0 0 0 0 0 0 0 0 0 0 0 0 0 0 0 0 0 0 0 0 0 0 0 0 0 0 0 0 0 0 0 0 0 0 0 0 0 0 0 0 0 0 0 0 0 0 0 0 0 0 0 0 0 0 0 0 0 0 0 0 0 0 0 0 0 0 0 0 0 0 0 0 0 0 0 0 0 0 0 0 0 0 0 0 0 0 0 0 0 0 0 0 0 0 0 0 0 0 0 0 0 0 0 0 0 0 0 0 0 0 0 0 0 0 0 0 0 0 0 0 0 0 0 0 0 0 0 0 0 0 0 0 0 0 0 0 0 0 0 0 0 0 0 0 0 0 0 0 0 0 0 0 0 0 0 0 0 0 0 0 0 0 0 0 0 0 0 0 0 0 0 0 0 0 0 0 0 0 0 0 0 0 0 0 0 0 0 0 0 0 0 0 0 0 0 0 0 0 0 0 0 0 0 0 0 0 0 0 0 0 0 0 0 0 0 0 0 0 0 0 0 0 0 0 0 0 0 0 0 0 0 0 0 0 0 0 0 0 0 0 0 0 0 0 0 0 0 0 0 0 0 0 0 0 0 0 0 0 0 0 0 0 0 0 0 0 0 0 0 0 0 0 0 0 0 0 0 0 0 0 0 0 0 0 0 0 0 0 0 0 0 0 0 0 0 0 0 0 0 0 0 0 0 0 0 0 0 0 0 0 0 0 0 0 0 0 0 0 0 0 0 0 0 0 0 0 0 0 0 0 0 0 0 0 0 0 0 0 0 0 0 0 0 0 0 0 0 0 0 0 0 0 0 0 0 0 0 0 0 0 0 0 0 0 0 0 0 0 0 0 0 0 0 0 0 0 0 0 0 0 0 0 0 0 0 0 0 0 0 0 0 0 0 0 0 0 0 0 0 0 0 0 0 0 0 0 0 0 0 0 0 0 0 0 0 0 0 0 0 0 0 0 0 0 0 0 0 0 0 0 0 0 0 0 0 0 0 0 0 0 0 0 0 0 0 0 0 0 0 0 0 0 0 0 0 0 0 0 0 0 0 0 0 0 0 0 0 0 0 0 0 0 0 0 0 0 0 0 0 0 0 0 0 0 0 0 0 0 0 0 0 0 0 0 0 0 0 0 0 0 0 0 0 0 0 0 0 0 0 0 0 0 0 0 0 0 0 0 0 0 0 0 0 0 0 0 0 0 0 0 0 0 0 0 0 0 0 0 0 0 0 0 0 0 0 0 0 0 0 0 0 0 0 0 0 0 0 0 0 0 0 0 0 0 0 0 0 0 0 0 0 0 0 0 0 0 0 0 0 0 0 0 0 0 0 0 0 0 0 0 0 0 0 0 0 0 0 0 0 0 0 0 0 0 0 0 0 0 0 0 0 0 0 0 0 0 0 0 0 0 0 0 0 0 0 0 0 0 0 0 0 0 0 0 0 0 0 0 0 0 0 0 0 0 0 0 0 0 0 0 0 0 0 0 0 0 0 0 0 0 0 0 0 0 0 0 0 0 0 0 0 0 0 0 0 0 0 0 0 0 0 0 0 0 0 0 0 0 0 0 0 0 0 0 0 0 0 0 0 0 0 0 0 0 0 0 0 0 0 0 0 0 0 0 0 0 0 0 0 0 0 0 0 0 0 0 0 0 0 0 0 0 0 0 0 0 0 0 0 0 0 0 0 0 0 0 0 0 0 0 0 0 0 0 0 0 0 0 0 0 0 0 0 0 0 0 0 0 0 0 0 0 0 0 0 0 0 0 0 0 0 0 0 0 0 0 0 0 0 0 0 0 0 0 0 0 0 0 0 0 0 0 0 0 0 0 0 0 0 0 0 0 0 0 0 0 0 0 0 0 0 0 0 0 0 0 0 0 0 0 0 0 0 0 0 0 0 0 0 0 0 0 0 0 0 0 0 0 0 0 0 0 0 0 0 0 0 0 0 0 0 0 0 0 0 0 0 0 0 0 0 0 0 0 0 0 0 0 0 0 0 0 0 0 0 0 0 0 0 0 0 0 0 0 0 0 0 0 0 0 0 0 0 0 0 0 0 0 0 0 0 0 0 0 0 0 0 0 0 0 0 0 0 0 0 0 0 0 0 0 0 0 0 0 0 0 0 0 0 0 0 0 0 0 0 0 0 0 0 0 0 0 0 0 0 0 0 0 0 0 0 0 0 0 0 0 0 0 0 0 0 0 0 0 0 0 0 0 0 0 0 0 0 0 0 0 0 0 0 0 0 0 0 0 0 0 0 0 0 0 0 0 0 0 0 0 0 0 0 0 0 0 0 0 0 0 0 0 0 0 0 0 0 0 0 0 0 0 0 0 0 0 0 0 0 0 0 0 0 0 0 0 0 0 0 0 0 0 0 0 0 0 0 0 0 0 0 0 0 0 0 0 0 0 0 0 0 0 0 0 0 0 0 0 0 0 0 0 0 0 0 0 0 0 0 0 0 0 0 0 0 0 0 0 0 0 0 0 0 0 0 0 0 0 0 0 0 0 0 0 0 0 0 0 0 0 0 0 0 0 0 0 0 0 0 0 0 0 0 0 0 0 0 0 0 0 0 0 0 0 0 0 0 0 0 0 0 0 0 0 0 0 0 0 0 0 0 0 0 0 0 0 0 0 0 0 0 0 0 0 0 0 0 0 0 0 0 0 0 0 0 0 0 0 0 0 0 0 0 0 0 0 0 0 0 0 0 0 0 0 0 0 0 0 0 0 0 0 0 0 0 0 0 0 0 0 0 0 0 0 0 0 0 0 0 0 0 0 0 0 0 0 0 0 0 0 0 0 0 0 0 0 0 0 0 0 0 0 0 0 0 0 0 0 0 0 0 0 0 0 0 0 0 0 0 0 0 0 0 0 0 0 0 0 0 0 0 0 0 0 0 0 0 0 0 0 0 0 0 0 0 0 0 0 0 0 0 0 0 0 0 0 0 0 0 0 0 0 0 0 0 0 0 0 0 0 0 0 0 0 0 0 0 0 0 0 0 0 0 0 0 0 0 0 0 0 0 0 0 0 0 0 0 0 0 0 0 0 0 0 0 0 0 0 0 0 0 0 0 0 0 0 0 0 0 0 0 0 0 0 0 0 0 0 0 0 0 0 0 0 0 0 0 0 0 0 0 0 0 0 0 0 0 0 0 0 0 0 0 0 0 0 0 0 0 0 0 0 0 0 0 0 0 0 0 0 0 0 0 0 0 0 0 0 0 0 0 0 0 0 0 0 0 0 0 0 0 0 0 0 0 0 0 0 0 0 0 0 0 0 0 0 0 0 0 0 0 0 0 0 0 0 0 0 0 0 0 0 0 0 0 0 0 0 0 0 0 0 0 0 0 0 0 0 0 0 0 0 0 0 0 0 0 0 0 0 0 0 0 0 0 0 0 0 0 0 0 0 0 0 0 0 0 0 0 0 0 0 0 0 0 0 0 0 0 0 0 0 0 0 0 0 0 0 0 0 0 0 0 0 0 0 0 0 0 0 0 0 0 0 0 0 0 0 0 0 0 0 0 0 0 0 0 0 0 0 0 0 0 0 0 0 0 0 0 0 0 0 0 0 0 0 0 0 0 0 0 0 0 0 0 0 0 0 0 0 0 0 0 0 0 0 0 0 0 0 0 0 0 0 0 0 0 0 0 0 0 0 0 0 0 0 0 0 0 0 0 0 0 0 0 0 0 0 0 0 0 0 0 0 0 0 0 0 0 0 0 0 0 0 0 0 0 0 0 0 0 0 0 0 0 0 0 0 0 0 0 0 0 0 0 0 0 0 0 0 0 0 0 0 0 0 0 0 0 0 0 0 0 0 0 0 0 0 0 0 0 0 0 0 0 0 0 0 0 0 0 0 0 0 0 0 0 0 0 0 0 0 0 0 0 0 0 0 0 0 0 0 0 0 0 0 0 0 0 0 0 0 0 0 0 0 0 0 0 0 0 0 0 0 0 0 0 0 0 0 0 0 0 0 0 0 0 0 0 0 0 0 0 0 0 0 0 0 0 0 0 0 0 0 0 0 0 0 0 0 0 0 0 0 0 0 0 0 0 0 0 0 0 0 0 0 0 0 0 0 0 0 0 0 0 0 0 0 0 0 0 0 0 0 0 0 0 0 0 0 0 0 0 0 0 0 0 0 0 0 0 0 0 0 0 0 0 0 0 0 0 0 0 0 0 0 0 0 0 0 0 0 0 0 0 0 0 0 0 0 0 0 0 0 0 0 0 0 0 0 0 0 0 0 0 0 0 0 0 0 0 0 0 0 0 0 0 0 0 0 0 0 0 0 0 0 0 0 0 0 0 0 0 0 0 0 0 0 0 0 0 0 0 0 0 0 0 0 0 0 0 0 0 0 0 0 0 0 0 0 0 0 0 0 0 0 0 0 0 0 0 0 0 0 0 0 0 0 0 0 0 0 0 0 0 0 0 0 0 0 0 0 0 0 0 0 0 0 0 0 0 0 0 0 0 0 0 0 0 0 0 0 0 0 0 0 0 0 0 0 0 0 0 0 0 0 0 0 0 0 0 0 0 0 0 0 0 0 0 0 0 0 0 0 0 0 0 0 0 0 0 0 0 0 0 0 0 0 0 0 0 0 0 0 0 0 0 0 0 0 0 0 0 0 0 0 0 0 0 0 0 0 0 0 0 0 0 0 0 0 0 0 0 0 0 0 0 0 0 0 0 0 0 0 0 0 0 0 0 0 0 0 0 0 0 0 0 0 0 0 0 0 0 0 0 0 0 0 0 0 0 0 0 0 0 0 0 0 0 0 0 0 0 0 0 0 0 0 0 0 0 0 0 0 0 0 0 0 0 0 0 0 0 0 0 0 0 0 0 0 0 0 0 0 0 0 0 0 0 0 0 0 0 0 0 0 0 0 0 0 0 0 0 0 0 0 0 0 0 0 0 0 0 0 0 0 0 0 0 0 0 0 0 0 0 0 0 0 0 0 0 0 0 0 0 0 0 0 0 0 0 0 0 0 0 0 0 0 0 0 0 0 0 0 0 0 0 0 0 0 0 0 0 0 0 0 0 0 0 0 0 0 0 0 0 0 0 0 0 0 0 0 0 0 0 0 0 0 0 0 0 0 0 0 0 0 0 0 0 0 0 0 0 0 0 0 0 0 0 0 0 0 0 0 0 0 0 0 0 0 0 0 0 0 0 0 0 0 0 0 0 0 0 0 0 0 0 0 0 0 0 0 0 0 0 0 0 0 0 0 0 0 0 0 0 0 0 0 0 0 0 0 0 0 0 0 0 0 0 0 0 0 0 0 0 0 0 0 0 0 0 0 0 0 0 0 0 0 0 0 0 0 0 0 0 0 0 0 0 0 0 0 0 0 0 0 0 0 0 0 0 0 0 0 0 0 0 0 0 0 0 0 0 0 0 0 0 0 0 0 0 0 1 1 1 1 1 1 1 1 1 1 1 1 1 1 1 1 1 1 1 1 1 1 1 1 1 1 1 1 1 1 1 1 1 1 1 1 1 1 1 1 1 1 1 1 1 1 1 1 1 1 1 1 1 1 1 1 1 1 1 1 1 1 1 1 1 1 1 1 1 1 1 1 1 1 1 1 1 1 1 1 1 1 1 1 1 1 1 1 1 1 1 1 1 1 1 1 1 1 1 1 1 1 1 1 1 1 1 1 1 1 1 1 1 1 1 1 1 1 1 1 1 1 1 1 1 1 1 1 1 1 1 1 1 1 1 1 1 1 1 1 1 1 1 1 1 1 1 1 1 1 1 1 1 1 1 1 1 1 1 1 1 1 1 1 1 1 1 1 1 1 1 1 1 1 1 1 1 1 1 1 1 1 1 1 1 1 1 1 1 1 1 1 1 1 1 1 1 1 1 1 1 1 1 1 1 1 1 1 1 1 1 1 1 1 1 1 1 1 1 1 1 1 1 1 1 1 1 1 1 1 1 1 1 1 1 1 1 1 1 1 1 1 1 1 1 1 1 1 1 1 1 1 1 1 1 1 1 1 1 1 1 1 1 1 1 1 1 1 1 1 1 1 1 1 1 1 1 1 1 1 1 1 1 1 1 1 1 1 1 1 1 1 1 1 1 1 1 1 1 1 1 1 1 1 1 1 1 1 1 0 0 0 0 0 0 0 0 0 0 0 0 0 0 0 0 0 0 0 0 0 0 0 0 0 0 0 0 0 0 0 0 0 0 0 0 0 0 0 0 0 0 0 0 0 0 0 0 0 0 0 0 0 0 0 0 0 0 0 0 0 0 0 0 0 0 0 0 0 0 0 0 0 0 0 0 0 0 0 0 0 0 0 0 0 0 0 0 0 0 0 0 0 0 0 0 0 0 0 0 0 0 0 0 0 0 0 0 0 0 0 0 0 0 0 0 0 0 0 0 0 0 0 0 0 0 0 0 0 0 0 0 0 0 0 0 0 0 0 0 0 0 0 0 0 0 0 0 0 0 0 0 0 0 0 0 0 0 0 0 0 0 0 0 0 0 0 0 0 0 0 0 0 0 0 0 0 0 0 0 0 0 0 0 0 0 0 0 0 0 0 0 0 0 0 0 0 0 0 0 0 0 0 0 0 0 0 0 0 0 0 0 0 0 0 0 0 0 0 0 0 0 0 0 0 0 0 0 0 0 0 0 0 0 0 0 0 0 0 0 0 0 0 0 0 0 0 0 0 0 0 0 0 0 0 0 0 0 0 0 0 0 0 0 0 0 0 0 0 0 0 0 0 0 0 0 0 0 0 0 0 0 0 0 0 0 0 0 0 0 0 0 0 0 0 0 0 0 0 0 0 0 0 0 0 0 0 0 0 0 0 0 0 0 0 0 0 0 0 0 0 0 0 0 0 0 0 0 0 0 0 0 0 0 0 0 0 0 0 0 0 0 0 0 0 0 0 0 0 0 0 0 0 0 0 0 0 0 0 0 0 0 0 0 0 0 0 0 0 0 0 0 0 0 0 0 0 0 0 0 0 0 0 0 0 0 0 0 0 0 0 0 0 0 0 0 0 0 0 0 0 0 0 0 0 0 0 0 0 0 0 0 0 0 0 0 0 0 0 0 0 0 0 0 0 0 0 0 0 0 0 0 0 0 0 0 0 0 0 1 1 1 1 1 1 1 1 1 1 1 1 1 1 1 1 1 1 1 1 1 1 1 1 1 1 1 1 1 1 1 1 1 1 1 1 1 1 1 1 1 1 1 1 1 1 1 1 1 1 1 1 1 1 1 1 1 1 1 1 1 1 1 1 1 1 1 1 1 1 1 1 1 1 1 1 1 1 1 1 1 1 1 1 1 1 1 1 1 1 1 1 1 1 1 1 1 1 1 1 1 1 1 1 1 1 1 1 1 1 1 1 1 1 1 1 1 1 1 1 1 1 1 1 1 1 1 1 1 1 1 1 1 1 1 1 1 1 1 1 1 1 1 1 1 1 1 1 1 1 1 1 1 1 1 1 1 1 1 1 1 1 1 1 1 1 1 1 1 1 1 1 1 1 1 1 1 1 1 1 1 1 1 1 1 1 1 1 1 1 1 1 1 1 1 1 1 1 1 1 1 1 1 1 1 1 1 1 1 1 1 1 1 1 1 1 1 1 1 1 1 1 1 1 1 1 1 1 1 1 1 1 1 1 1 1 1 1 1 1 1 1 1 1 1 1 1 1 1 1 1 1 1 1 1 1 1 1 1 1 1 1 1 1 1 1 1 1 1 1 1 1 1 1
</DataArray>
<DataArray type="Float32" Name="electron_density" format="ascii">
0.3850 0.3850 0.3850 0.3850 0.3850 0.3850 0.3850 0.3850 0.3850 0.3850 0.3850 0.3850 0.3850 0.3850 0.3850 0.3850 0.3850 0.3850 0.3850 0.3850 0.3850 0.3850 0.3850 0.3850 0.3850 0.3850 0.3850 0.3850 0.3850 0.3850 0.3850 0.3850 0.3850 0.3850 0.3850 0.3850 0.3850 0.3850 0.3850 0.3850 0.3850 0.3850 0.3850 0.3850 0.3850 0.3850 0.3850 0.3850 0.3850 0.3850 0.3850 0.3850 0.3850 0.3850 0.3850 0.3850 0.3850 0.3850 0.3850 0.3850 0.3850 0.3850 0.3850 0.3850 0.3850 0.3850 0.3850 0.3850 0.3850 0.3850 0.3850 0.3850 0.3850 0.3850 0.3850 0.3850 0.3850 0.3850 0.3850 0.3850 0.3850 0.3850 0.3850 0.3850 0.3850 0.3850 0.3850 0.3850 0.3850 0.3850 0.3850 0.3850 0.3850 0.3850 0.3850 0.3850 0.3850 0.3850 0.3850 0.3850 0.3850 0.3850 0.3850 0.3850 0.3850 0.3850 0.3850 0.3850 0.3850 0.3850 0.3850 0.3850 0.3850 0.3850 0.3850 0.3850 0.3850 0.3850 0.3850 0.3850 0.3850 0.3850 0.3850 0.3850 0.3850 0.3850 0.3850 0.3850 0.3850 0.3850 0.3850 0.3850 0.3850 0.3850 0.3850 0.3850 0.3850 0.3850 0.3850 0.3850 0.3850 0.3850 0.3850 0.3850 0.3850 0.3850 0.3850 0.3850 0.3850 0.3850 0.3850 0.3850 0.3850 0.3850 0.3850 0.3850 0.3850 0.3850 0.3850 0.3850 0.3850 0.3850 0.3850 0.3850 0.3850 0.3850 0.3850 0.3850 0.3850 0.3850 0.3850 0.3850 0.3850 0.3850 0.3850 0.3850 0.3850 0.3850 0.3850 0.3850 0.3850 0.3850 0.3850 0.3850 0.3850 0.3850 0.3850 0.3850 0.3850 0.3850 0.3850 0.3850 0.3850 0.3850 0.3850 0.3850 0.3850 0.3850 0.3850 0.3850 0.3850 0.3850 0.3850 0.3850 0.3850 0.3850 0.3850 0.3850 0.3850 0.3850 0.3850 0.3850 0.3850 0.3850 0.3850 0.3850 0.3850 0.3850 0.3850 0.3850 0.3850 0.3850 0.3850 0.3850 0.3850 0.3850 0.3850 0.3850 0.3850 0.3850 0.3850 0.3850 0.3850 0.3850 0.3850 0.3850 0.3850 0.3850 0.3850 0.3850 0.3850 0.3850 0.3850 0.3850 0.3850 0.3850 0.3850 0.3850 0.3850 0.3850 0.3850 0.3850 0.3850 0.3850 0.3850 0.3850 0.3850 0.3850 0.3850 0.3850 0.3850 0.3850 0.3850 0.3850 0.3850 0.3850 0.3850 0.3850 0.3850 0.3850 0.3850 0.3850 0.3850 0.3850 0.3850 0.3850 0.3850 0.3850 0.3850 0.3850 0.3850 0.3850 0.3850 0.3850 0.3850 0.3850 0.3850 0.3850 0.3850 0.3850 0.3850 0.3850 0.3850 0.3850 0.3850 0.3850 0.3850 0.3850 0.3850 0.3850 0.3850 0.3850 0.3850 0.3850 0.3850 0.3850 0.3850 0.3850 0.3850 0.3850 0.3850 0.3850 0.3850 0.3850 0.3850 0.3850 0.3850 0.3850 0.3850 0.3850 0.3850 0.3850 0.3850 0.3850 0.3850 0.3850 0.3850 0.3850 0.3850 0.3850 0.3850 0.3850 0.3850 0.3850 0.3850 0.3850 0.3850 0.3850 0.3850 0.3850 0.3850 0.3850 0.3850 0.3850 0.3850 0.3850 0.3850 0.3850 0.3850 0.3850 0.3850 0.3850 0.3850 0.3850 0.3850 0.3850 0.3850 0.3850 0.3850 0.3850 0.3850 0.3850 0.3850 0.3850 0.3850 0.3850 0.3850 0.3850 0.3850 0.3850 0.3850 0.3850 0.3850 0.3850 0.3850 0.3850 0.3850 0.3850 0.3850 0.3850 0.3850 0.3850 0.3850 0.3850 0.3850 0.3850 0.3850 0.3850 0.3850 0.3850 0.3850 0.3850 0.3850 0.3850 0.3850 0.3850 0.3850 0.3850 0.3850 0.3850 0.3850 0.3850 0.3850 0.3850 0.3850 0.3850 0.3850 0.3850 0.3850 0.3850 0.3850 0.3850 0.3850 0.3850 0.3850 0.3850 0.3850 0.3850 0.3850 0.3850 0.3850 0.3850 0.3850 0.3850 0.3850 0.3850 0.3850 0.3850 0.3850 0.3850 0.3850 0.3850 0.3850 0.3850 0.3850 0.3850 0.3850 0.3850 0.3850 0.3850 0.3850 0.3850 0.3850 0.3850 0.3850 0.3850 0.3850 0.3850 0.3850 0.3850 0.3850 0.3850 0.3850 0.3850 0.3850 0.3850 0.3850 0.3850 0.3850 0.3850 0.3850 0.3850 0.3850 0.3850 0.3850 0.3850 0.3850 0.3850 0.3850 0.3850 0.3850 0.3850 0.3850 0.3850 0.3850 0.3850 0.3850 0.3850 0.3850 0.3850 0.3850 0.3850 0.3850 0.3850 0.3850 0.3850 0.3850 0.3850 0.3850 0.3850 0.3850 0.3850 0.3850 0.3850 0.3850 0.3850 0.3850 0.3850 0.3850 0.3850 0.3850 0.3850 0.3850 0.3850 0.3850 0.3850 0.3850 0.3850 0.3850 0.3850 0.3850 0.3850 0.3850 0.3850 0.3850 0.3850 0.3850 0.3850 0.3850 0.3850 0.3850 0.3850 0.3850 0.3850 0.3850 0.3850 0.3850 0.3850 0.3850 0.3850 0.3850 0.3850 0.3850 0.3850 0.3850 0.3850 0.3850 0.3850 0.3850 0.3850 0.3850 0.3850 0.3850 0.3850 0.3850 0.3850 0.3850 0.3850 0.3850 0.3850 0.3850 0.3850 0.3850 0.3850 0.3850 0.3850 0.3850 0.3850 0.3850 0.3850 0.3850 0.3850 0.3850 0.3850 0.3850 0.3850 0.3850 0.3850 0.3850 0.3850 0.3850 0.3850 0.3850 0.3850 0.3850 0.3850 0.3850 0.3850 0.3850 0.3850 0.3850 0.3850 0.3850 0.3850 0.3850 0.3850 0.3850 0.3850 0.3850 0.3850 0.3850 0.3850 0.3850 0.3850 0.3850 0.3850 0.3850 0.3850 0.3850 0.3850 0.3850 0.3850 0.3850 0.3850 0.3850 0.3850 0.3850 0.3850 0.3850 0.3850 0.3850 0.3850 0.3850 0.3850 0.3850 0.3850 0.3850 0.3850 0.3850 0.3850 0.3850 0.3850 0.3850 0.3850 0.3850 0.3850 0.3850 0.3850 0.3850 0.3850 0.3850 0.3850 0.3850 0.3850 0.3850 0.3850 0.3850 0.3850 0.3850 0.3850 0.3850 0.3850 0.3850 0.3850 0.3850 0.3850 0.3850 0.3850 0.3850 0.3850 0.3850 0.3850 0.3850 0.3850 0.3850 0.3850 0.3850 0.3850 0.3850 0.3850 0.3850 0.3850 0.3850 0.3850 0.3850 0.3850 0.3850 0.3850 0.3850 0.3850 0.3850 0.3850 0.3850 0.3850 0.3850 0.3850 0.3850 0.3850 0.3850 0.3850 0.3850 0.3850 0.3850 0.3850 0.3850 0.3850 0.3850 0.3850 0.3850 0.3850 0.3850 0.3850 0.3850 0.3850 0.3850 0.3850 0.3850 0.3850 0.3850 0.3850 0.3850 0.3850 0.3850 0.3850 0.3850 0.3850 0.3850 0.3850 0.3850 0.3850 0.3850 0.3850 0.3850 0.3850 0.3850 0.3850 0.3850 0.3850 0.3850 0.3850 0.3850 0.3850 0.3850 0.3850 0.3850 0.3850 0.3850 0.3850 0.3850 0.3850 0.3850 0.3850 0.3850 0.3850 0.3850 0.3850 0.3850 0.3850 0.3850 0.3850 0.3850 0.3850 0.3850 0.3850 0.3850 0.3850 0.3850 0.3850 0.3850 0.3850 0.3850 0.3850 0.3850 0.3850 0.3850 0.3850 0.3850 0.3850 0.3850 0.3850 0.3850 0.3850 0.3850 0.3850 0.3850 0.3850 0.3850 0.3850 0.3850 0.3850 0.3850 0.3850 0.3850 0.3850 0.3850 0.3850 0.3850 0.3850 0.3850 0.3850 0.3850 0.3850 0.3850 0.3850 0.3850 0.3850 0.3850 0.3850 0.3850 0.3850 0.3850 0.3850 0.3850 0.3850 0.3850 0.3850 0.3850 0.3850 0.3850 0.3850 0.3850 0.3850 0.3850 0.3850 0.3850 0.3850 0.3850 0.3850 0.3850 0.3850 0.3850 0.3850 0.3850 0.3850 0.3850 0.3850 0.3850 0.3850 0.3850 0.3850 0.3850 0.3850 0.3850 0.3850 0.3850 0.3850 0.3850 0.3850 0.3850 0.3850 0.3850 0.3850 0.3850 0.3850 0.3850 0.3850 0.3850 0.3850 0.3850 0.3850 0.3850 0.3850 0.3850 0.3850 0.3850 0.3850 0.3850 0.3850 0.3850 0.3850 0.3850 0.3850 0.3850 0.3850 0.3850 0.3850 0.3850 0.3850 0.3850 0.3850 0.3850 0.3850 0.3850 0.3850 0.3850 0.3850 0.3850 0.3850 0.3850 0.3850 0.3850 0.3850 0.3850 0.3850 0.3850 0.3850 0.3850 0.3850 0.3850 0.3850 0.3850 0.3850 0.3850 0.3850 0.3850 0.3850 0.3850 0.3850 0.3850 0.3850 0.3850 0.3850 0.3850 0.3850 0.3850 0.3850 0.3850 0.3850 0.3850 0.3850 0.3850 0.3850 0.3850 0.3850 0.3850 0.3850 0.3850 0.3850 0.3850 0.3850 0.3850 0.3850 0.3850 0.3850 0.3850 0.3850 0.3850 0.3850 0.3850 0.3850 0.3850 0.3850 0.3850 0.3850 0.3850 0.3850 0.3850 0.3850 0.3850 0.3850 0.3850 0.3850 0.3850 0.3850 0.3850 0.3850 0.3850 0.3850 0.3850 0.3850 0.3850 0.3850 0.3850 0.3850 0.3850 0.3850 0.3850 0.3850 0.3850 0.3850 0.3850 0.3850 0.3850 0.3850 0.3850 0.3850 0.3850 0.3850 0.3850 0.3850 0.3850 0.3850 0.3850 0.3850 0.3850 0.3850 0.3850 0.3850 0.3850 0.3850 0.3850 0.3850 0.3850 0.3850 0.3850 0.3850 0.3850 0.3850 0.3850 0.3850 0.3850 0.3850 0.3850 0.3850 0.3850 0.3850 0.3850 0.3850 0.3850 0.3850 0.3850 0.3850 0.3850 0.3850 0.3850 0.3850 0.3850 0.3850 0.3850 0.3850 0.3850 0.3850 0.3850 0.3850 0.3850 0.3850 0.3850 0.3850 0.3850 0.3850 0.3850 0.3850 0.3850 0.3850 0.3850 0.3850 0.3850 0.3850 0.3850 0.3850 0.3850 0.3850 0.3850 0.3850 0.3850 0.3850 0.3850 0.3850 0.3850 0.3850 0.3850 0.3850 0.3850 0.3850 0.3850 0.3850 0.3850 0.3850 0.3850 0.3850 0.3850 0.3850 0.3850 0.3850 0.3850 0.3850 0.3850 0.3850 0.3850 0.3850 0.3850 0.3850 0.3850 0.3850 0.3850 0.3850 0.3850 0.3850 0.3850 0.3850 0.3850 0.3850 0.3850 0.3850 0.3850 0.3850 0.3850 0.3850 0.3850 0.3850 0.3850 0.3850 0.3850 0.3850 0.3850 0.3850 0.3850 0.3850 0.3850 0.3850 0.3850 0.3850 0.3850 0.3850 0.3850 0.3850 0.3850 0.3850 0.3850 0.3850 0.3850 0.3850 0.3850 0.3850 0.3850 0.3850 0.3850 0.3850 0.3850 0.3850 0.3850 0.3850 0.3850 0.3850 0.3850 0.3850 0.3850 0.3850 0.3850 0.3850 0.3850 0.3850 0.3850 0.3850 0.3850 0.3850 0.3850 0.3850 0.3850 0.3850 0.3850 0.3850 0.3850 0.3850 0.3850 0.3850 0.3850 0.3850 0.3850 0.3850 0.3850 0.3850 0.3850 0.3850 0.3850 0.3850 0.3850 0.3850 0.3850 0.3850 0.3850 0.3850 0.3850 0.3850 0.3850 0.3850 0.3850 0.3850 0.3850 0.3850 0.3850 0.3850 0.3850 0.3850 0.3850 0.3850 0.3850 0.3850 0.3850 0.3850 0.3850 0.3850 0.3850 0.3850 0.3850 0.3850 0.3850 0.3850 0.3850 0.3850 0.3850 0.3850 0.3850 0.3850 0.3850 0.3850 0.3850 0.3850 0.3850 0.3850 0.3850 0.3850 0.3850 0.3850 0.3850 0.3850 0.3850 0.3850 0.3850 0.3850 0.3850 0.3850 0.3850 0.3850 0.3850 0.3850 0.3850 0.3850 0.3850 0.3850 0.3850 0.3850 0.3850 0.3850 0.3850 0.3850 0.3850 0.3850 0.3850 0.3850 0.3850 0.3850 0.3850 0.3850 0.3850 0.3850 0.3850 0.3850 0.3850 0.3850 0.3850 0.3850 0.3850 0.3850 0.3850 0.3850 0.3850 0.3850 0.3850 0.3850 0.3850 0.3850 0.3850 0.3850 0.3850 0.3850 0.3850 0.3850 0.3850 0.3850 0.3850 0.3850 0.3850 0.3850 0.3850 0.3850 0.3850 0.3850 0.3850 0.3850 0.3850 0.3850 0.3850 0.3850 0.3850 0.3850 0.3850 0.3850 0.3850 0.3850 0.3850 0.3850 0.3850 0.3850 0.3850 0.3850 0.3850 0.3850 0.3850 0.3850 0.3850 0.3850 0.3850 0.3850 0.3850 0.3850 0.3850 0.3850 0.3850 0.3850 0.3850 0.3850 0.3850 0.3850 0.3850 0.3850 0.3850 0.3850 0.3850 0.3850 0.3850 0.3850 0.3850 0.3850 0.3850 0.3850 0.3850 0.3850 0.3850 0.3850 0.3850 0.3850 0.3850 0.3850 0.3850 0.3850 0.3850 0.3850 0.3850 0.3850 0.3850 0.3850 0.3850 0.3850 0.3850 0.3850 0.3850 0.3850 0.3850 0.3850 0.3850 0.3850 0.3850 0.3850 0.3850 0.3850 0.3850 0.3850 0.3850 0.3850 0.3850 0.3850 0.3850 0.3850 0.3850 0.3850 0.3850 0.3850 0.3850 0.3850 0.3850 0.3850 0.3850 0.3850 0.3850 0.3850 0.3850 0.3850 0.3850 0.3850 0.3850 0.3850 0.3850 0.3850 0.3850 0.3850 0.3850 0.3850 0.3850 0.3850 0.3850 0.3850 0.3850 0.3850 0.3850 0.3850 0.3850 0.3850 0.3850 0.3850 0.3850 0.3850 0.3850 0.3850 0.3850 0.3850 0.3850 0.3850 0.3850 0.3850 0.3850 0.3850 0.3850 0.3850 0.3850 0.3850 0.3850 0.3850 0.3850 0.3850 0.3850 0.3850 0.3850 0.3850 0.3850 0.3850 0.3850 0.3850 0.3850 0.3850 0.3850 0.3850 0.3850 0.3850 0.3850 0.3850 0.3850 0.3850 0.3850 0.3850 0.3850 0.3850 0.3850 0.3850 0.3850 0.3850 0.3850 0.3850 0.3850 0.3850 0.3850 0.3850 0.3850 0.3850 0.3850 0.3850 0.3850 0.3850 0.3850 0.3850 0.3850 0.3850 0.3850 0.3850 0.3850 0.3850 0.3850 0.3850 0.3850 0.3850 0.3850 0.3850 0.3850 0.3850 0.3850 0.3850 0.3850 0.3850 0.3850 0.3850 0.3850 0.3850 0.3850 0.3850 0.3850 0.3850 0.3850 0.3850 0.3850 0.3850 0.3850 0.3850 0.3850 0.3850 0.3850 0.3850 0.3850 0.3850 0.3850 0.3850 0.3850 0.3850 0.3850 0.3850 0.3850 0.3850 0.3850 0.3850 0.3850 0.3850 0.3850 0.3850 0.3850 0.3850 0.3850 0.3850 0.3850 0.3850 0.3850 0.3850 0.3850 0.3850 0.3850 0.3850 0.3850 0.3850 0.3850 0.3850 0.3850 0.3850 0.3850 0.3850 0.3850 0.3850 0.3850 0.3850 0.3850 0.3850 0.3850 0.3850 0.3850 0.3850 0.3850 0.3850 0.3850 0.3850 0.3850 0.3850 0.3850 0.3850 0.3850 0.3850 0.3850 0.3850 0.3850 0.3850 0.3850 0.3850 0.3850 0.3850 0.3850 0.3850 0.3850 0.3850 0.3850 0.3850 0.3850 0.3850 0.3850 0.3850 0.3850 0.3850 0.3850 0.3850 0.3850 0.3850 0.3850 0.3850 0.3850 0.3850 0.3850 0.3850 0.3850 0.3850 0.3850 0.3850 0.3850 0.3850 0.3850 0.3850 0.3850 0.3850 0.3850 0.3850 0.3850 0.3850 0.3850 0.3850 0.3850 0.3850 0.3850 0.3850 0.3850 0.3850 0.3850 0.3850 0.3850 0.3850 0.3850 0.3850 0.3850 0.3850 0.3850 0.3850 0.3850 0.3850 0.3850 0.3850 0.3850 0.3850 0.3850 0.3850 0.3850 0.3850 0.3850 0.3850 0.3850 0.3850 0.3850 0.3850 0.3850 0.3850 0.3850 0.3850 0.3850 0.3850 0.3850 0.3850 0.3850 0.3850 0.3850 0.3850 0.3850 0.3850 0.3850 0.3850 0.3850 0.3850 0.3850 0.3850 0.3850 0.3850 0.3850 0.3850 0.3850 0.3850 0.3850 0.3850 0.3850 0.3850 0.3850 0.3850 0.3850 0.3850 0.3850 0.3850 0.3850 0.3850 0.3850 0.3850 0.3850 0.3850 0.3850 0.3850 0.3850 0.3850 0.3850 0.3850 0.3850 0.3850 0.3850 0.3850 0.3850 0.3850 0.3850 0.3850 0.3850 0.3850 0.3850 0.3850 0.3850 0.3850 0.3850 0.3850 0.3850 0.3850 0.3850 0.3850 0.3850 0.3850 0.3850 0.3850 0.3850 0.3850 0.3850 0.3850 0.3850 0.3850 0.3850 0.3850 0.3850 0.3850 0.3850 0.3850 0.3850 0.3850 0.3850 0.3850 0.3850 0.3850 0.3850 0.3850 0.3850 0.3850 0.3850 0.3850 0.3850 0.3850 0.3850 0.3850 0.3850 0.3850 0.3850 0.3850 0.3850 0.3850 0.3850 0.3850 0.3850 0.3850 0.3850 0.3850 0.3850 0.3850 0.3850 0.3850 0.3850 0.3850 0.3850 0.3850 0.3850 0.3850 0.3850 0.3850 0.3850 0.3850 0.3850 0.3850 0.3850 0.3850 0.3850 0.3850 0.3850 0.3850 0.3850 0.3850 0.3850 0.3850 0.3850 0.3850 0.3850 0.3850 0.3850 0.3850 0.3850 0.3850 0.3850 0.3850 0.3850 0.3850 0.3850 0.3850 0.3850 0.3850 0.3850 0.3850 0.3850 0.3850 0.3850 0.3850 0.3850 0.3850 0.3850 0.3850 0.3850 0.3850 0.3850 0.3850 0.3850 0.3850 0.3850 0.3850 0.3850 0.3850 0.3850 0.3850 0.3850 0.3850 0.3850 0.3850 0.3850 0.3850 0.3850 0.3850 0.3850 0.3850 0.3850 0.3850 0.3850 0.3850 0.3850 0.3850 0.3850 0.3850 0.3850 0.3850 0.3850 0.3850 0.3850 0.3850 0.3850 0.3850 0.3850 0.3850 0.3850 0.3850 0.3850 0.3850 0.3850 0.3850 0.3850 0.3850 0.3850 0.3850 0.3850 0.3850 0.3850 0.3850 0.3850 0.3850 0.3850 0.3850 0.3850 0.3850 0.3850 0.3850 0.3850 0.3850 0.3850 0.3850 0.3850 0.3850 0.3850 0.3850 0.3850 0.3850 0.3850 0.3850 0.3850 0.3850 0.3850 0.3850 0.3850 0.3850 0.3850 0.3850 0.3850 0.3850 0.3850 0.3850 0.3850 0.3850 0.3850 0.3850 0.3850 0.3850 0.3850 0.3850 0.3850 0.3850 0.3850 0.3850 0.3850 0.3850 0.3850 0.3850 0.3850 0.3850 0.3850 0.3850 0.3850 0.3850 0.3850 0.3850 0.3850 0.3850 0.3850 0.3850 0.3850 0.3850 0.3850 0.3850 0.3850 0.3850 0.3850 0.3850 0.3850 0.3850 0.3850 0.3850 0.3850 0.3850 0.3850 0.3850 0.3850 0.3850 0.3850 0.3850 0.3850 0.3850 0.3850 0.3850 0.3850 0.3850 0.3850 0.3850 0.3850 0.3850 0.3850 0.3850 0.3850 0.3850 0.3850 0.3850 0.3850 0.3850 0.3850 0.3850 0.3850 0.3850 0.3850 0.3850 0.3850 0.3850 0.3850 0.3850 0.3850 0.3850 0.3850 0.3850 0.3850 0.3850 0.3850 0.3850 0.3850 0.3850 0.3850 0.3850 0.3850 0.3850 0.3850 0.3850 0.3850 0.3850 0.3850 0.3850 0.3850 0.3850 0.3850 0.3850 0.3850 0.3850 0.3850 0.3850 0.3850 0.3850 0.3850 0.3850 0.3850 0.3850 0.3850 0.3850 0.3850 0.3850 0.3850 0.3850 0.3850 0.3850 0.3850 0.3850 0.3850 0.3850 0.3850 0.3850 0.3850 0.3850 0.3850 0.3850 0.3850 0.3850 0.3850 0.3850 0.3850 0.3850 0.3850 0.3850 0.3850 0.3850 0.3850 0.3850 0.3850 0.3850 0.3850 0.3850 0.3850 0.3850 0.3850 0.3850 0.3850 0.3850 0.3850 0.3850 0.3850 0.3850 0.3850 0.3850 0.3850 0.3850 0.3850 0.3850 0.3850 0.3850 0.3850 0.3850 0.3850 0.3850 0.3850 0.3850 0.3850 0.3850 0.3850 0.3850 0.3850 0.3850 0.3850 0.3850 0.3850 0.3850 0.3850 0.3850 0.3850 0.3850 0.3850 0.3850 0.3850 0.3850 0.3850 0.3850 0.3850 0.3850 0.3850 0.3850 0.3850 0.3850 0.3850 0.3850 0.3850 0.3850 0.3850 0.3850 0.3850 0.3850 0.3850 0.3850 0.3850 0.3850 0.3850 0.3850 0.3850 0.3850 0.3850 0.3850 0.3850 0.3850 0.3850 0.3850 0.3850 0.3850 0.3850 0.3850 0.3850 0.3850 0.3850 0.3850 0.3850 0.3850 0.3850 0.3850 0.3850 0.3850 0.3850 0.3850 0.3850 0.3850 0.3850 0.3850 0.3850 0.3850 0.3850 0.3850 0.3850 0.3850 0.3850 0.3850 0.3850 0.3850 0.3850 0.3850 0.3850 0.3850 0.3850 0.3850 0.3850 0.3850 0.3850 0.3850 0.3850 0.3850 0.3850 0.3850 0.3850 0.3850 0.3850 0.3850 0.3850 0.3850 0.3850 0.3850 0.3850 0.3850 0.3850 0.3850 0.3850 0.3850 0.3850 0.3850 0.3850 0.3850 0.3850 0.3850 0.3850 0.3850 0.3850 0.3850 0.3850 0.3850 0.3850 0.3850 0.3850 0.3850 0.3850 0.3850 0.3850 0.3850 0.3850 0.3850 0.3850 0.3850 0.3850 0.3850 0.3850 0.3850 0.3850 0.3850 0.3850 0.3850 0.3850 0.3850 0.3850 0.3850 0.3850 0.3850 0.3850 0.3850 0.3850 0.3850 0.3850 0.3850 0.3850 0.3850 0.3850 0.3850 0.3850 0.3850 0.3850 0.3850 0.3850 0.3850 0.3850 0.3850 0.3850 0.3850 0.3850 0.3850 0.3850 0.3850 0.3850 0.3850 0.3850 0.3850 0.3850 0.3850 0.3850 0.3850 0.3850 0.3850 0.3850 0.3850 0.3850 0.3850 0.3850 0.3850 0.3850 0.3850 0.3850 0.3850 0.3850 0.3850 0.3850 0.3850 0.3850 0.3850 0.3850 0.3850 0.3850 0.3850 0.3850 0.3850 0.3850 0.3850 0.3850 0.3850 0.3850 0.3850 0.3850 0.3850 0.3850 0.3850 0.3850 0.3850 0.3850 0.3850 0.3850 0.3850 0.3850 0.3850 0.3850 0.3850 0.3850 0.3850 0.3850 0.3850 0.3850 0.3850 0.3850 0.3850 0.3850 0.3850 0.3850 0.3850 0.3850 0.3850 0.3850 0.3850 0.3850 0.3850 0.3850 0.3850 0.3850 0.3850 0.3850 0.3850 0.3850 0.3850 0.3850 0.3850 0.3850 0.3850 0.3850 0.3850 0.3850 0.3850 0.3850 0.3850 0.3850 0.3850 0.3850 0.3850 0.3850 0.3850 0.3850 0.3850 0.3850 0.3850 0.3850 0.3850 0.3850 0.3850 0.3850 0.3850 0.3850 0.3850 0.3850 0.3850 0.3850 0.3850 0.3850 0.3850 0.3850 0.3850 0.3850 0.3850 0.3850 0.3850 0.3850 0.3850 0.3850 0.3850 0.3850 0.3850 0.3850 0.3850 0.3850 0.3850 0.3850 0.3850 0.3850 0.3850 0.3850 0.3850 0.3850 0.3850 0.3850 0.3850 0.3850 0.3850 0.3850 0.3850 0.3850 0.3850 0.3850 0.3850 0.3850 0.3850 0.3850 0.3850 0.3850 0.3850 0.3850 0.3850 0.3850 0.3850 0.3850 0.3850 0.3850 0.3850 0.3850 0.3850 0.3850 0.3850 0.3850 0.3850 0.3850 0.3850 0.3850 0.3850 0.3850 0.3850 0.3850 0.3850 0.3850 0.3850 0.3850 0.3850 0.3850 0.3850 0.3850 0.3850 0.3850 0.3850 0.3850 0.3850 0.3850 0.3850 0.3850 0.3850 0.3850 0.3850 0.3850 0.3850 0.3850 0.3850 0.3850 0.3850 0.3850 0.3850 0.3850 0.3850 0.3850 0.3850 0.3850 0.3850 0.3850 0.3850 0.3850 0.3850 0.3850 0.3850 0.3850 0.3850 0.3850 0.3850 0.3850 0.3850 0.3850 0.3850 0.3850 0.3850 0.3850 0.3850 0.3850 0.3850 0.3850 0.3850 0.3850 0.3850 0.3850 0.3850 0.3850 0.3850 0.3850 0.3850 0.3850 0.3850 0.3850 0.3850 0.3850 0.3850 0.3850 0.3850 0.3850 0.3850 0.3850 0.3850 0.3850 0.3850 0.3850 0.3850 0.3850 0.3850 0.3850 0.3850 0.3850 0.3850 0.3850 0.3850 0.3850 0.3850 0.3850 0.3850 0.3850 0.3850 0.3850 0.3850 0.3850 0.3850 0.3850 0.3850 0.3850 0.3850 0.3850 0.3850 0.3850 0.3850 0.3850 0.3850 0.3850 0.3850 0.3850 0.3850 0.3850 0.3850 0.3850 0.3850 0.3850 0.3850 0.3850 0.3850 0.3850 0.3850 0.3850 0.3850 0.3850 0.3850 0.3850 0.3850 0.3850 0.3850 0.3850 0.3850 0.3850 0.3850 0.3850 0.3850 0.3850 0.3850 0.3850 0.3850 0.3850 0.3850 0.3850 0.3850 0.3850 0.3850 0.3850 0.3850 0.3850 0.3850 0.3850 0.3850 0.3850 0.3850 0.3850 0.3850 0.3850 0.3850 0.3850 0.3850 0.3850 0.3850 0.3850 0.3850 0.3850 0.3850 0.3850 0.3850 0.3850 0.3850 0.3850 0.3850 0.3850 0.3850 0.3850 0.3850 0.3850 0.3850 0.3850 0.3850 0.3850 0.3850 0.3850 0.3850 0.3850 0.3850 0.3850 0.3850 0.3850 0.3850 0.3850 0.3850 0.3850 0.3850 0.3850 0.3850 0.3850 0.3850 0.3850 0.3850 0.3850 0.3850 0.3850 0.3850 0.3850 0.3850 0.3850 0.3850 0.3850 0.3850 0.3850 0.3850 0.3850 0.3850 0.3850 0.3850 0.3850 0.3850 0.3850 0.3850 0.3850 0.3850 0.3850 0.3850 0.3850 0.3850 0.3850 0.3850 0.3850 0.3850 0.3850 0.3850 0.3850 0.3850 0.3850 0.3850 0.3850 0.3850 0.3850 0.3850 0.3850 0.3850 0.3850 0.3850 0.3850 0.3850 0.3850 0.3850 0.3850 0.3850 0.3850 0.3850 0.3850 0.3850 0.3850 0.3850 0.3850 0.3850 0.3850 0.3850 0.3850 0.3850 0.3850 0.3850 0.3850 0.3850 0.3850 0.3850 0.3850 0.3850 0.3850 0.3850 0.3850 0.3850 0.3850 0.3850 0.3850 0.3850 0.3850 0.3850 0.3850 0.3850 0.3850 0.3850 0.3850 0.3850 0.3850 0.3850 0.3850 0.3850 0.3850 0.3850 0.3850 0.3850 0.3850 0.3850 0.3850 0.3850 0.3850 0.3850 0.3850 0.3850 0.3850 0.3850 0.3850 0.3850 0.3850 0.3850 0.3850 0.3850 0.3850 0.3850 0.3850 0.3850 0.3850 0.3850 0.3850 0.3850 0.3850 0.3850 0.3850 0.3850 0.3850 0.3850 0.3850 0.3850 0.3850 0.3850 0.3850 0.3850 0.3850 0.3850 0.3850 0.3850 0.3850 0.3850 0.3850 0.3850 0.3850 0.3850 0.3850 0.3850 0.3850 0.3850 0.3850 0.3850 0.3850 0.3850 0.3850 0.3850 0.3850 0.3850 0.3850 0.3850 0.3850 0.3850 0.3850 0.3850 0.3850 0.3850 0.3850 0.3850 0.3850 0.3850 0.3850 0.3850 0.3850 0.3850 0.3850 0.3850 0.3850 0.3850 0.3850 0.3850 0.3850 0.3850 0.3850 0.3850 0.3850 0.3850 0.3850 0.3850 0.3850 0.3850 0.3850 0.3850 0.3850 0.3850 0.3850 0.3850 0.3850 0.3850 0.3850 0.3850 0.3850 0.3850 0.3850 0.3850 0.3850 0.3850 0.3850 0.3850 0.3850 0.3850 0.3850 0.3850 0.3850 0.3850 0.3850 0.3850 0.3850 0.3850 0.3850 0.3850 0.3850 0.3850 0.3850 0.3850 0.3850 0.3850 0.3850 0.3850 0.3850 0.3850 0.3850 0.3850 0.3850 0.3850 0.3850 0.3850 0.3850 0.3850 0.3850 0.3850 0.3850 0.3850 0.3850 0.3850 0.3850 0.4580 0.4580 0.4580 0.4580 0.4580 0.4580 0.4580 0.4580 0.4580 0.4580 0.4580 0.4580 0.4580 0.4580 0.4580 0.4580 0.4580 0.4580 0.4580 0.4580 0.4580 0.4580 0.4580 0.4580 0.4580 0.4580 0.4580 0.4580 0.4580 0.4580 0.4580 0.4580 0.4580 0.4580 0.4580 0.4580 0.4580 0.4580 0.4580 0.4580 0.4580 0.4580 0.4580 0.4580 0.4580 0.4580 0.4580 0.4580 0.4580 0.4580 0.4580 0.4580 0.4580 0.4580 0.4580 0.4580 0.4580 0.4580 0.4580 0.4580 0.4580 0.4580 0.4580 0.4580 0.4580 0.4580 0.4580 0.4580 0.4580 0.4580 0.4580 0.4580 0.4580 0.4580 0.4580 0.4580 0.4580 0.4580 0.4580 0.4580 0.4580 0.4580 0.4580 0.4580 0.4580 0.4580 0.4580 0.4580 0.4580 0.4580 0.4580 0.4580 0.4580 0.4580 0.4580 0.4580 0.4580 0.4580 0.4580 0.4580 0.4580 0.4580 0.4580 0.4580 0.4580 0.4580 0.4580 0.4580 0.4580 0.4580 0.4580 0.4580 0.4580 0.4580 0.4580 0.4580 0.4580 0.4580 0.4580 0.4580 0.4580 0.4580 0.4580 0.4580 0.4580 0.4580 0.4580 0.4580 0.4580 0.4580 0.4580 0.4580 0.4580 0.4580 0.4580 0.4580 0.4580 0.4580 0.4580 0.4580 0.4580 0.4580 0.4580 0.4580 0.4580 0.4580 0.4580 0.4580 0.4580 0.4580 0.4580 0.4580 0.4580 0.4580 0.4580 0.4580 0.4580 0.4580 0.4580 0.4580 0.4580 0.4580 0.4580 0.4580 0.4580 0.4580 0.4580 0.4580 0.4580 0.4580 0.4580 0.4580 0.4580 0.4580 0.4580 0.4580 0.4580 0.4580 0.4580 0.4580 0.4580 0.4580 0.4580 0.4580 0.4580 0.4580 0.4580 0.4580 0.4580 0.4580 0.4580 0.4580 0.4580 0.4580 0.4580 0.4580 0.4580 0.4580 0.4580 0.4580 0.4580 0.4580 0.4580 0.4580 0.4580 0.4580 0.4580 0.4580 0.4580 0.4580 0.4580 0.4580 0.4580 0.4580 0.4580 0.4580 0.4580 0.4580 0.4580 0.4580 0.4580 0.4580 0.4580 0.4580 0.4580 0.4580 0.4580 0.4580 0.4580 0.4580 0.4580 0.4580 0.4580 0.4580 0.4580 0.4580 0.4580 0.4580 0.4580 0.4580 0.4580 0.4580 0.4580 0.4580 0.4580 0.4580 0.4580 0.4580 0.4580 0.4580 0.4580 0.4580 0.4580 0.4580 0.4580 0.4580 0.4580 0.4580 0.4580 0.4580 0.4580 0.4580 0.4580 0.4580 0.4580 0.4580 0.4580 0.4580 0.4580 0.4580 0.4580 0.4580 0.4580 0.4580 0.4580 0.4580 0.4580 0.4580 0.4580 0.4580 0.4580 0.4580 0.4580 0.4580 0.4580 0.4580 0.4580 0.4580 0.4580 0.4580 0.4580 0.4580 0.4580 0.4580 0.4580 0.4580 0.4580 0.4580 0.4580 0.4580 0.4580 0.4580 0.4580 0.4580 0.4580 0.4580 0.4580 0.4580 0.4580 0.4580 0.4580 0.4580 0.4580 0.4580 0.4580 0.4580 0.4580 0.4580 0.4580 0.4580 0.4580 0.4580 0.4580 0.4580 0.4580 0.4580 0.4580 0.4580 0.4580 0.4580 0.4580 0.4580 0.4580 0.4580 0.4580 0.4580 0.4580 0.4580 0.4580 0.4580 0.4580 0.4580 0.4580 0.4580 0.4580 0.4580 0.4580 0.4580 0.4580 0.4580 0.4580 0.4580 0.4580 0.4580 0.4580 0.4580 0.4580 0.4580 0.4580 0.4580 0.4580 0.4580 0.4580 0.4580 0.4580 0.4580 0.4580 0.4580 0.4580 0.4580 0.4580 0.4580 0.4580 0.4580 0.4580 0.4580 0.4580 0.4580 0.4580 0.4580 0.4580 0.4580 0.4580 0.4580 0.4580 0.4580 0.4580 0.4580 0.4580 0.4580 0.4580 0.4580 0.4580 0.4580 0.4580 0.4580 0.4580 0.4580 0.4580 0.4580 0.4580 0.4580 0.4580 0.4580 0.4580 0.4580 0.4580 0.4580 0.4580 0.4580 0.4580 0.4580 0.4580 0.4580 0.4580 0.4580 0.4580 0.4580 0.4580 0.4580 0.4580 0.4580 0.4580 0.4580 0.4580 0.4580 0.4580 0.4580 0.4580 0.4580 0.4580 0.4580 0.4580 0.4580 0.4580 0.4580 0.4580 0.4580 0.4580 0.4580 0.4580 0.4580 0.4580 0.4580 0.4580 0.4580 0.4580 0.4580 0.4580 0.4580 0.4580 0.4580 0.4580 0.4580 0.4580 0.4580 0.4580 0.4580 0.4580 0.4580 0.4580 0.4580 0.4580 0.4580 0.4580 0.4580 0.4580 0.4580 0.4580 0.4580 0.4580 0.4580 0.4580 0.4580 0.4580 0.4580 0.4580 0.4580 0.4580 0.4580 0.4580 0.4580 0.4580 0.4580 0.4580 0.4580 0.4580 0.4580 0.4580 0.4580 0.4580 0.4580 0.4580 0.4580 0.4580 0.4580 0.4580 0.4580 0.4580 0.4580 0.4580 0.4580 0.4580 0.4580 0.4580 0.4580 0.4580 0.4580 0.4580 0.4580 0.4580 0.4580 0.4580 0.4580 0.4580 0.4580 0.4580 0.4580 0.4580 0.4580 0.4580 0.4580 0.4580 0.4580 0.4580 0.4580 0.4580 0.4580 0.4580 0.4580 0.4580 0.4580 0.4580 0.4580 0.4580 0.4580 0.4580 0.4580 0.4580 0.4580 0.4580 0.4580 0.4580 0.4580 0.4580 0.4580 0.4580 0.4580 0.4580 0.4580 0.4580 0.4580 0.4580 0.4580 0.4580 0.4580 0.4580 0.4580 0.4580 0.4580 0.4580 0.4580 0.4580 0.4580 0.4580 0.4580 0.4580 0.4580 0.4580 0.4580 0.4580 0.4580 0.4580 0.4580 0.4580 0.4580 0.4580 0.4580 0.4580 0.4580 0.4580 0.4580 0.4580 0.4580 0.4580 0.4580 0.4580 0.4580 0.4580 0.4580 0.4580 0.4580 0.4580 0.4580 0.4580 0.4580 0.4580 0.4580 0.4580 0.4580 0.4580 0.4580 0.4580 0.4580 0.4580 0.4580 0.4580 0.4580 0.4580 0.4580 0.4580 0.4580 0.4580 0.4580 0.4580 0.4580 0.4580 0.4580 0.4580 0.4580 0.4580 0.4580 0.4580 0.4580 0.4580 0.4580 0.4580 0.4580 0.4580 0.4580 0.4580 0.4580 0.4580 0.4580 0.4580 0.4580 0.4580 0.4580 0.4580 0.4580 0.4580 0.4580 0.4580 0.4580 0.4580 0.4580 0.4580 0.4580 0.4580 0.4580 0.4580 0.4580 0.4580 0.4580 0.4580 0.4580 0.4580 0.4580 0.4580 0.4580 0.4580 0.4580 0.4580 0.4580 0.4580 0.4580 0.4580 0.4580 0.4580 0.4580 0.4580 0.4580 0.4580 0.4580 0.4580 0.4580 0.4580 0.4580 0.4580 0.4580 0.4580 0.4580 0.4580 0.4580 0.4580 0.4580 0.4580 0.4580 0.4580 0.4580 0.4580 0.4580 0.4580 0.4580 0.4580 0.4580 0.4580 0.4580 0.4580 0.4580 0.4580 0.4580 0.4580 0.4580 0.4580 0.4580 0.4580 0.4580 0.4580 0.4580 0.4580 0.4580 0.4580 0.4580 0.4580 0.4580 0.4580 0.4580 0.4580 0.4580 0.4580 0.4580 0.4580 0.4580 0.4580 0.4580 0.4580 0.4580 0.4580 0.4580 0.4580 0.4580 0.4580 0.4580 0.4580 0.4580 0.4580 0.4580 0.4580 0.4580 0.4580 0.4580 0.4580 0.4580 0.4580 0.4580 0.4580 0.4580 0.4580 0.4580 0.4580 0.4580 0.4580 0.4580 0.4580 0.4580 0.4580 0.4580 0.4580 0.4580 0.4580 0.4580 0.4580 0.4580 0.4580 0.4580 0.4580 0.4580 0.4580 0.4580 0.4580 0.4580 0.4580 0.4580 0.4580 0.4580 0.4580 0.4580 0.4580 0.4580 0.4580 0.4580 0.4580 0.4580 0.4580 0.4580 0.4580 0.4580 0.4580 0.4580 0.4580 0.4580 0.4580 0.4580 0.4580 0.4580 0.4580 0.4580 0.4580 0.4580 0.4580 0.4580 0.4580 0.4580 0.4580 0.4580 0.4580 0.4580 0.4580 0.4580 0.4580 0.4580 0.4580 0.4580 0.4580 0.4580 0.4580 0.4580 0.4580 0.4580 0.4580 0.4580 0.4580 0.4580 0.4580 0.4580 0.4580 0.4580 0.4580 0.4580 0.4580 0.4580 0.4580 0.4580 0.4580 0.4580 0.4580 0.4580 0.4580 0.4580 0.4580 0.4580 0.4580 0.4580 0.4580 0.4580 0.4580 0.4580 0.4580 0.4580 0.4580 0.4580 0.4580 0.4580 0.4580 0.4580 0.4580 0.4580 0.4580 0.4580 0.4580 0.4580 0.4580 0.4580 0.4580 0.4580 0.4580 0.4580 0.4580 0.4580 0.4580 0.4580 0.4580 0.4580 0.4580 0.4580 0.4580 0.4580 0.4580 0.4580 0.4580 0.4580 0.4580 0.4580 0.4580 0.4580 0.4580 0.4580 0.4580 0.4580 0.4580 0.4580 0.4580 0.4580 0.4580 0.4580 0.4580 0.4580 0.4580 0.4580 0.4580 0.4580 0.4580 0.4580 0.4580 0.4580 0.4580 0.4580 0.4580 0.4580 0.4580 0.4580 0.4580 0.4580 0.4580 0.4580 0.4580 0.4580 0.4580 0.4580 0.4580 0.4580 0.4580 0.4580 0.4580 0.4580 0.4580 0.4580 0.4580 0.4580 0.4580 0.4580 0.4580 0.4580 0.4580 0.4580 0.4580 0.4580 0.4580 0.4580 0.4580 0.4580 0.4580 0.4580 0.4580 0.4580 0.4580 0.4580 0.4580 0.4580 0.4580 0.4580 0.4580 0.4580 0.4580 0.4580 0.4580 0.4580 0.4580 0.4580 0.4580 0.4580 0.4580 0.4580 0.4580 0.4580 0.4580 0.4580 0.4580 0.4580 0.4580 0.4580 0.4580 0.4580 0.4580 0.4580 0.4580 0.4580 0.4580 0.4580 0.4580 0.4580 0.4580 0.4580 0.4580 0.4580 0.4580 0.4580 0.4580 0.4580 0.4580 0.4580 0.4580 0.4580 0.4580 0.4580 0.4580 0.4580 0.4580 0.4580 0.4580 0.4580 0.4580 0.4580 0.4580 0.4580 0.4580 0.4580 0.4580 0.4580 0.4580 0.4580 0.4580 0.4580 0.4580 0.4580 0.4580 0.4580 0.4580 0.4580 0.4580 0.4580 0.4580 0.4580 0.4580 0.4580 0.4580 0.4580 0.4580 0.4580 0.4580 0.4580 0.4580 0.4580 0.4580 0.4580 0.4580 0.4580 0.4580 0.4580 0.4580 0.4580 0.4580 0.4580 0.4580 0.4580 0.4580 0.4580 0.4580 0.4580 0.4580 0.4580 0.4580 0.4580 0.4580 0.4580 0.4580 0.4580 0.4580 0.4580 0.4580 0.4580 0.4580 0.4580 0.4580 0.4580 0.4580 0.4580 0.4580 0.4580 0.4580 0.4580 0.4580 0.4580 0.4580 0.4580 0.4580 0.4580 0.4580 0.4580 0.4580 0.4580 0.4580 0.4580 0.4580 0.4580 0.4580 0.4580 0.4580 0.4580 0.4580 0.4580 0.4580 0.4580 0.4580 0.4580 0.4580 0.4580 0.4580 0.4580 0.4580 0.4580 0.4580 0.4580 0.4580 0.4580 0.4580 0.4580 0.4580 0.4580 0.4580 0.4580 0.4580 0.4580 0.4580 0.4580 0.4580 0.4580 0.4580 0.4580 0.4580 0.4580 0.4580 0.4580 0.4580 0.4580 0.4580 0.4580 0.4580 0.4580 0.4580 0.4580 0.4580 0.4580 0.4580 0.4580 0.4580 0.4580 0.4580 0.4580 0.4580 0.4580 0.4580 0.4580 0.4580 0.4580 0.4580 0.4580 0.4580 0.4580 0.4580 0.4580 0.4580 0.4580 0.4580 0.4580 0.4580 0.4580 0.4580 0.4580 0.4580 0.4580 0.4580 0.4580 0.4580 0.4580 0.4580 0.4580 0.4580 0.4580 0.4580 0.4580 0.4580 0.4580 0.4580 0.4580 0.4580 0.4580 0.4580 0.4580 0.4580 0.4580 0.4580 0.4580 0.4580 0.4580 0.4580 0.4580 0.4580 0.4580 0.4580 0.4580 0.4580 0.4580 0.4580 0.4580 0.4580 0.4580 0.4580 0.4580 0.4580 0.4580 0.4580 0.4580 0.4580 0.4580 0.4580 0.4580 0.4580 0.4580 0.4580 0.4580 0.4580 0.4580 0.4580 0.4580 0.4580 0.4580 0.4580 0.4580 0.4580 0.4580 0.4580 0.4580 0.4580 0.4580 0.4580 0.4580 0.4580 0.4580 0.4580 0.4580 0.4580 0.4580 0.4580 0.4580 0.4580 0.4580 0.4580 0.4580 0.4580 0.4580 0.4580 0.4580 0.4580 0.4580 0.4580 0.4580 0.4580 0.4580 0.4580 0.4580 0.4580 0.4580 0.4580 0.4580 0.4580 0.4580 0.4580 0.4580 0.4580 0.4580 0.4580 0.4580 0.4580 0.4580 0.4580 0.4580 0.4580 0.4580 0.4580 0.4580 0.4580 0.4580 0.4580 0.4580 0.4580 0.4580 0.4580 0.4580 0.4580 0.4580 0.4580 0.4580 0.4580 0.4580 0.4580 0.4580 0.4580 0.4580 0.4580 0.4580 0.4580 0.4580 0.4580 0.4580 0.4580 0.4580 0.4580 0.4580 0.4580 0.4580 0.4580 0.4580 0.4580 0.4580 0.4580 0.4580 0.4580 0.4580 0.4580 0.4580 0.4580 0.4580 0.4580 0.4580 0.4580 0.4580 0.4580 0.4580 0.4580 0.4580 0.4580 0.4580 0.4580 0.4580 0.4580 0.4580 0.4580 0.4580 0.4580 0.4580 0.4580 0.4580 0.4580 0.4580 0.4580 0.4580 0.4580 0.4580 0.4580 0.4580 0.4580 0.4580 0.4580 0.4580 0.4580 0.4580 0.4580 0.4580 0.4580 0.4580 0.4580 0.4580 0.4580 0.4580 0.4580 0.4580 0.4580 0.4580 0.4580 0.4580 0.4580 0.4580 0.4580 0.4580 0.4580 0.4580 0.4580 0.4580 0.4580 0.4580 0.4580 0.4580 0.4580 0.4580 0.4580 0.4580 0.4580 0.4580 0.4580 0.4580 0.4580 0.4580 0.4580 0.4580 0.4580 0.4580 0.4580 0.4580 0.4580 0.4580 0.4580 0.4580 0.4580 0.4580 0.4580 0.4580 0.4580 0.4580 0.4580 0.4580 0.4580 0.4580 0.4580 0.4580 0.4580 0.4580 0.4580 0.4580 0.4580 0.4580 0.4580 0.4580 0.4580 0.4580 0.4580 0.4580 0.4580 0.4580 0.4580 0.4580 0.4580 0.4580 0.4580 0.4580 0.4580 0.4580 0.4580 0.4580 0.4580 0.4580 0.4580 0.4580 0.4580 0.4580 0.4580 0.4580 0.4580 0.4580 0.4580 0.4580 0.4580 0.4580 0.4580 0.4580 0.4580 0.4580 0.4580 0.4580 0.4580 0.4580 0.4580 0.4580 0.4580 0.4580 0.4580 0.4580 0.4580 0.4580 0.4580 0.4580 0.4580 0.4580 0.4580 0.4580 0.4580 0.4580 0.4580 0.4580 0.4580 0.4580 0.4580 0.4580 0.4580 0.4580 0.4580 0.4580 0.4580 0.4580 0.4580 0.4580 0.4580 0.4580 0.4580 0.4580 0.4580 0.4580 0.4580 0.4580 0.4580 0.4580 0.4580 0.4580 0.4580 0.4580 0.4580 0.4580 0.4580 0.4580 0.4580 0.4580 0.4580 0.4580 0.4580 0.4580 0.4580 0.4580 0.4580 0.4580 0.4580 0.4580 0.4580 0.4580 0.4580 0.4580 0.4580 0.4580 0.4580 0.4580 0.4580 0.4580 0.4580 0.4580 0.4580 0.4580 0.4580 0.4580 0.4580 0.4580 0.4580 0.4580 0.4580 0.4580 0.4580 0.4580 0.4580 0.4580 0.4580 0.4580 0.4580 0.4580 0.4580 0.4580 0.4580 0.4580 0.4580 0.4580 0.4580 0.4580 0.4580 0.4580 0.4580 0.4580 0.4580 0.4580 0.4580 0.4580 0.4580 0.4580 0.4580 0.4580 0.4580 0.4580 0.4580 0.4580 0.4580 0.4580 0.4580 0.4580 0.4580 0.4580 0.4580 0.4580 0.4580 0.4580 0.4580 0.4580 0.4580 0.4580 0.4580 0.4580 0.4580 0.4580 0.4580 0.4580 0.4580 0.4580 0.4580 0.4580 0.4580 0.4580 0.4580 0.4580 0.4580 0.4580 0.4580 0.4580 0.4580 0.4580 0.4580 0.4580 0.4580 0.4580 0.4580 0.4580 0.4580 0.4580 0.4580 0.4580 0.4580 0.4580 0.4580 0.4580 0.4580 0.4580 0.4580 0.4580 0.4580 0.4580 0.4580 0.4580 0.4580 0.4580 0.4580 0.4580 0.4580 0.4580 0.4580 0.4580 0.4580 0.4580 0.4580 0.4580 0.4580 0.4580 0.4580 0.4580 0.4580 0.4580 0.4580 0.4580 0.4580 0.4580 0.4580 0.4580 0.4580 0.4580 0.4580 0.4580 0.4580 0.4580 0.4580 0.4580 0.4580 0.4580 0.4580 0.4580 0.4580 0.4580 0.4580 0.4580 0.4580 0.4580 0.4580 0.4580 0.4580 0.4580 0.4580 0.4580 0.4580 0.4580 0.4580 0.4580 0.4580 0.4580 0.4580 0.4580 0.4580 0.4580 0.4580 0.4580 0.4580 0.4580 0.4580 0.4580 0.4580 0.4580 0.4580 0.4580 0.4580 0.4580 0.4580 0.4580 0.4580 0.4580 0.4580 0.4580 0.4580 0.4580 0.4580 0.4580 0.4580 0.4580 0.4580 0.4580 0.4580 0.4580 0.4580 0.4580 0.4580 0.4580 0.4580 0.4580 0.4580 0.4580 0.4580 0.4580 0.4580 0.4580 0.4580 0.4580 0.4580 0.4580 0.4580 0.4580 0.4580 0.4580 0.4580 0.4580 0.4580 0.4580 0.4580 0.4580 0.4580 0.4580 0.4580 0.4580 0.4580 0.4580 0.4580 0.4580 0.4580 0.4580 0.4580 0.4580 0.4580 0.4580 0.4580 0.4580 0.4580 0.4580 0.4580 0.4580 0.4580 0.4580 0.4580 0.4580 0.4580 0.4580 0.4580 0.4580 0.4580 0.4580 0.4580 0.4580 0.4580 0.4580 0.4580 0.4580 0.4580 0.4580 0.4580 0.4580 0.4580 0.4580 0.4580 0.4580 0.4580 0.4580 0.4580 0.4580 0.4580 0.4580 0.4580 0.4580 0.4580 0.4580 0.4580 0.4580 0.4580 0.4580 0.4580 0.4580 0.4580 0.4580 0.4580 0.4580 0.4580 0.4580 0.4580 0.4580 0.4580 0.4580 0.4580 0.4580 0.4580 0.4580 0.4580 0.4580 0.4580 0.4580 0.4580 0.4580 0.4580 0.4580 0.4580 0.4580 0.4580 0.4580 0.4580 0.4580 0.4580 0.4580 0.4580 0.4580 0.4580 0.4580 0.4580 0.4580 0.4580 0.4580 0.4580 0.4580 0.4580 0.4580 0.4580 0.4580 0.4580 0.4580 0.4580 0.4580 0.4580 0.4580 0.4580 0.4580 0.4580 0.4580 0.4580 0.4580 0.4580 0.4580 0.4580 0.4580 0.4580 0.4580 0.4580 0.4580 0.4580 0.4580 0.4580 0.4580 0.4580 0.4580 0.4580 0.4580 0.4580 0.4580 0.4580 0.4580 0.4580 0.4580 0.4580 0.4580 0.4580 0.4580 0.4580 0.4580 0.4580 0.4580 0.4580 0.4580 0.4580 0.4580 0.4580 0.4580 0.4580 0.4580 0.4580 0.4580 0.4580 0.4580 0.4580 0.4580 0.4580 0.4580 0.4580 0.4580 0.4580 0.4580 0.4580 0.4580 0.4580 0.4580 0.4580 0.4580 0.4580 0.4580 0.4580 0.4580 0.4580 0.4580 0.4580 0.4580 0.4580 0.4580 0.4580 0.4580 0.4580 0.4580 0.4580 0.4580 0.4580 0.4580 0.4580 0.4580 0.4580 0.4580 0.4580 0.4580 0.4580 0.4580 0.4580 0.4580 0.4580 0.4580 0.4580 0.4580 0.4580 0.4580 0.4580 0.4580 0.4580 0.4580 0.4580 0.4580 0.4580 0.4580 0.4580 0.4580 0.4580 0.4580 0.4580 0.4580 0.4580 0.4580 0.4580 0.4580 0.4580 0.4580 0.4580 0.4580 0.4580 0.4580 0.4580 0.4580 0.4580 0.4580 0.4580 0.4580 0.4580 0.4580 0.4580 0.4580 0.4580 0.4580 0.4580 0.4580 0.4580 0.4580 0.4580 0.4580 0.4580 0.4580 0.4580 0.4580 0.4580 0.4580 0.4580 0.4580 0.4580 0.4580 0.4580 0.4580 0.4580 0.4580 0.4580 0.4580 0.4580 0.4580 0.4580 0.4580 0.4580 0.4580 0.4580 0.4580 0.4580 0.4580 0.4580 0.4580 0.4580 0.4580 0.4580 0.4580 0.4580 0.4580 0.4580 0.4580 0.4580 0.4580 0.4580 0.4580 0.4580 0.4580 0.4580 0.4580 0.4580 0.4580 0.4580 0.4580 0.4580 0.4580 0.4580 0.4580 0.4580 0.4580 0.4580 0.4580 0.4580 0.4580 0.4580 0.4580 0.4580 0.4580 0.4580 0.4580 0.4580 0.4580 0.4580 0.4580 0.4580 0.4580 0.4580 0.4580 0.4580 0.4580 0.4580 0.4580 0.4580 0.4580 0.4580 0.4580 0.4580 0.4580 0.4580 0.4580 0.4580 0.4580 0.4580 0.4580 0.4580 0.4580 0.4580 0.4580 0.4580 0.4580 0.4580 0.4580 0.4580 0.4580 0.4580 0.4580 0.4580 0.4580 0.4580 0.4580 0.4580 0.4580 0.4580 0.4580 0.4580 0.4580 0.4580 0.4580 0.4580 0.4580 0.4580 0.4580 0.4580 0.4580 0.4580 0.4580 0.4580 0.4580 0.4580 0.4580 0.4580 0.4580 0.4580 0.4580 0.4580 0.4580 0.4580 0.4580 0.4580 0.4580 0.4580 0.4580 0.4580 0.4580 0.4580 0.4580 0.4580 0.4580 0.4580 0.4580 0.4580 0.4580 0.4580 0.4580 0.4580 0.4580 0.4580 0.4580 0.4580 0.4580 0.4580 0.4580 0.4580 0.4580 0.4580 0.4620 0.4620 0.4620 0.4620 0.4620 0.4620 0.4620 0.4620 0.4620 0.4620 0.4620 0.4620 0.4620 0.4620 0.4620 0.4620 0.4620 0.4620 0.4620 0.4620 0.4620 0.4620 0.4620 0.4620 0.4620 0.4620 0.4620 0.4620 0.4620 0.4620 0.4620 0.4620 0.4620 0.4620 0.4620 0.4620 0.4620 0.4620 0.4620 0.4620 0.4620 0.4620 0.4620 0.4620 0.4620 0.4620 0.4620 0.4620 0.4620 0.4620 0.4620 0.4620 0.4620 0.4620 0.4620 0.4620 0.4620 0.4620 0.4620 0.4620 0.4620 0.4620 0.4620 0.4620 0.4620 0.4620 0.4620 0.4620 0.4620 0.4620 0.4620 0.4620 0.4620 0.4620 0.4620 0.4620 0.4620 0.4620 0.4620 0.4620 0.4620 0.4620 0.4620 0.4620 0.4620 0.4620 0.4620 0.4620 0.4620 0.4620 0.4620 0.4620 0.4620 0.4620 0.4620 0.4620 0.4620 0.4620 0.4620 0.4620 0.4620 0.4620 0.4620 0.4620 0.4620 0.4620 0.4620 0.4620 0.4620 0.4620 0.4620 0.4620 0.4620 0.4620 0.4620 0.4620 0.4620 0.4620 0.4620 0.4620 0.4620 0.4620 0.4620 0.4620 0.4620 0.4620 0.4620 0.4620 0.4620 0.4620 0.4620 0.4620 0.4620 0.4620 0.4620 0.4620 0.4620 0.4620 0.4620 0.4620 0.4620 0.4620 0.4620 0.4620 0.4620 0.4620 0.4620 0.4620 0.4620 0.4620 0.4620 0.4620 0.4620 0.4620 0.4620 0.4620 0.4620 0.4620 0.4620 0.4620 0.4620 0.4620 0.4620 0.4620 0.4620 0.4620 0.4620 0.4620 0.4620 0.4620 0.4620 0.4620 0.4620 0.4620 0.4620 0.4620 0.4620 0.4620 0.4620 0.4620 0.4620 0.4620 0.4620 0.4620 0.4620 0.4620 0.4620 0.4620 0.4620 0.4620 0.4620 0.4620 0.4620 0.4620 0.4620 0.4620 0.4620 0.4620 0.4620 0.4620 0.4620 0.4620 0.4620 0.4620 0.4620 0.4620 0.4620 0.4620 0.4620 0.4620 0.4620 0.4620 0.4620 0.4620 0.4620 0.4620 0.4620 0.4620 0.4620 0.4620 0.4620 0.4620 0.4620 0.4620 0.4620 0.4620 0.4620 0.4620 0.4620 0.4620 0.4620 0.4620 0.4620 0.4620 0.4620 0.4620 0.4620 0.4620 0.4620 0.4620 0.4620 0.4620 0.4620 0.4620 0.4620 0.4620 0.4620 0.4620 0.4620 0.4620 0.4620 0.4620 0.4620 0.4620 0.4620 0.4620 0.4620 0.4620 0.4620 0.4620 0.4620 0.4620 0.4620 0.4620 0.4620 0.4620 0.4620 0.4620 0.4620 0.4620 0.4620 0.4620 0.4620 0.4620 0.4620 0.4620 0.4620 0.4620 0.4620 0.4620 0.4620 0.4620 0.4620 0.4620 0.4620 0.4620 0.4620 0.4620 0.4620 0.4620 0.4620 0.4620 0.4620 0.4620 0.4620 0.4620 0.4620 0.4620 0.4620 0.4620 0.4620 0.4620 0.4620 0.4620 0.4620 0.4620 0.4620 0.4620 0.4620 0.4620 0.4620 0.4620 0.4620 0.4620 0.4620 0.4620 0.4620 0.4620 0.4620 0.4620 0.4620 0.4620 0.4620 0.4620 0.4620 0.4620 0.4620 0.4620 0.4620 0.4620 0.4620 0.4620 0.4620 0.4620 0.4620 0.4620 0.4620 0.4620 0.4620 0.4620 0.4620 0.4620 0.4620 0.4620 0.4620 0.4620 0.4620 0.4620 0.4620 0.4620 0.4620 0.4620 0.4620 0.4620 0.4620 0.4620 0.4620 0.4620 0.4620 0.4620 0.4620 0.4620 0.4620 0.4620 0.4620 0.4620 0.4620 0.4620 0.4620 0.4620 0.4620 0.4620 0.4620 0.4620 0.4620 0.4620 0.4620 0.4620 0.4620 0.4620 0.4620 0.4620 0.4620 0.4620 0.4620 0.4620 0.4620 0.4620 0.4620 0.4620 0.4620 0.4620 0.4620 0.4620 0.4620 0.4620 0.4620 0.4620 0.4620 0.4620 0.4620 0.4620 0.4620 0.4620 0.4620 0.4620 0.4620 0.4620 0.4620 0.4620 0.4620 0.4620 0.4620 0.4620 0.4620 0.4620 0.4620 0.4620 0.4620 0.4620 0.4620 0.4620 0.4620 0.4620 0.4620 0.4620 0.4620 0.4620 0.4620 0.4620 0.4620 0.4620 0.4620 0.4620 0.4620 0.4620 0.4620 0.4620 0.4620 0.4620 0.4620 0.4620 0.4620 0.4620 0.4620 0.4620 0.4620 0.4620 0.4620 0.4620 0.4620 0.4620 0.4620 0.4620 0.4620 0.4620 0.4620 0.4620 0.4620 0.4620 0.4620 0.4620 0.4620 0.4620 0.4620 0.4620 0.4620 0.4620 0.4620 0.4620 0.4620 0.4620 0.4620 0.4620 0.4620 0.4620 0.4620 0.4620 0.4620 0.4620 0.4620 0.4620 0.4620 0.4620 0.4620 0.4620 0.4620 0.4620 0.4620 0.4620 0.4620 0.4620 0.4620 0.4620 0.4620 0.4620 0.4620 0.4620 0.4620 0.4620 0.4620 0.4620 0.4620 0.4620 0.4620 0.4620 0.4620 0.4620 0.4620 0.4620 0.4620 0.4620 0.4620 0.4620 0.4620 0.4620 0.4620 0.4620 0.4620 0.4620 0.4620 0.4620 0.4620 0.4620 0.4620 0.4620 0.4620 0.4620 0.4620 0.4620 0.4620 0.4620 0.4620 0.4620 0.4620 0.4620 0.4620 0.4620 0.4620 0.4620 0.4620 0.4620 0.4620 0.4620 0.4620 0.4620 0.4620 0.4620 0.4620 0.4620 0.4620 0.4620 0.4620 0.4620 0.4620 0.4620 0.4620 0.4620 0.4620 0.4620 0.4620 0.4620 0.4620 0.4620 0.4620 0.4620 0.4620 0.4620 0.4620 0.4620 0.4620 0.4620 0.4620 0.4620 0.4620 0.4620 0.4620 0.4620 0.4620 0.4620 0.4620 0.4620 0.4620 0.4620 0.4620 0.4620 0.4620 0.4620 0.4620 0.4620 0.4620 0.4620 0.4620 0.4620 0.4620 0.4620 0.4620 0.4620 0.4620 0.4620 0.4620 0.4620 0.4620 0.4620 0.4620 0.4620 0.4620 0.4620 0.4620 0.4620 0.4620 0.4620 0.4620 0.4620 0.4620 0.4620 0.4620 0.4620 0.4620 0.4620 0.4620 0.4620 0.4620 0.4620 0.4620 0.4620 0.4620 0.4620 0.4620 0.4620 0.4620 0.4620 0.4620 0.4620 0.4620 0.4620 0.4620 0.4620 0.4620 0.4620 0.4620 0.4620 0.4620 0.4620 0.4620 0.4620 0.4620 0.4620 0.4620 0.4620 0.4620 0.4620 0.4620 0.4620 0.4620 0.4620 0.4620 0.4620 0.4620 0.4620 0.4620 0.4620 0.4620 0.4620 0.4620 0.4620 0.4620 0.4620 0.4620 0.4620 0.4620 0.4620 0.4620 0.4620 0.4620 0.4620 0.4620 0.4620 0.4620 0.4620 0.4620 0.4620 0.4620 0.4620 0.4620 0.4620 0.4620 0.4620 0.4620 0.4620 0.4620 0.4620 0.4620 0.4620 0.4620 0.4620 0.4620 0.4620 0.4620 0.4620 0.4620 0.4620 0.4620 0.4620 0.4620 0.4620 0.4620 0.4620 0.4620 0.4620 0.4620 0.4620 0.4620 0.4620 0.4620 0.4620 0.4620 0.4620 0.4620 0.4620 0.4620 0.4620 0.4620 0.4620 0.4620 0.4620 0.4620 0.4620 0.4620 0.4620 0.4620 0.4620 0.4620 0.4620 0.4620 0.4620 0.4620 0.4620 0.4620 0.4620 0.4620 0.4620 0.4620 0.4620 0.4620 0.4620 0.4620 0.4620 0.4620 0.4620 0.4620 0.4620 0.4620 0.4620 0.4620 0.4620 0.4620 0.4620 0.4620 0.4620 0.4620 0.4620 0.4620 0.4620 0.4620 0.4620 0.4620 0.4620 0.4620 0.4620 0.4620 0.4620 0.4620 0.4620 0.4620 0.4620 0.4620 0.4620 0.4620 0.4620 0.4620 0.4620 0.4620 0.4620 0.4620 0.4620 0.4620 0.4620 0.4620 0.4620 0.4620 0.4620 0.4620 0.4620 0.4620 0.4620 0.4620 0.4620 0.4620 0.4620 0.4620 0.4620 0.4620 0.4620 0.4620 0.4620 0.4620 0.4620 0.4620 0.4620 0.4620 0.4620 0.4620 0.4620 0.4620 0.4620 0.4620 0.4620 0.4620 0.4620 0.4620 0.4620 0.4620 0.4620 0.4620 0.4620 0.4620 0.4620 0.4620 0.4620 0.4620 0.4620 0.4620 0.4620 0.4620 0.4620 0.4620 0.4620 0.4620 0.4620 0.4620 0.4620 0.4620 0.4620 0.4620 0.4620 0.4620 0.4620 0.4620 0.4620 0.4620 0.4620 0.4620 0.4620 0.4620 0.4620 0.4620 0.4620 0.4620 0.4620 0.4620 0.4620 0.4620 0.4620 0.4620 0.4620 0.4620 0.4620 0.4620 0.4620 0.4620 0.4620 0.4620 0.4620 0.4620 0.4620 0.4620 0.4620 0.4620 0.4620 0.4620 0.4620 0.4620 0.4620 0.4620 0.4620 0.4620 0.4620 0.4620 0.4620 0.4620 0.4620 0.4620 0.4620 0.4620 0.4620 0.4620 0.4620 0.4620 0.4620 0.4620 0.4620 0.4620 0.4620 0.4620 0.4620 0.4620 0.4620 0.4620 0.4620 0.4620 0.4620 0.4620 0.4620 0.4620 0.4620 0.4620 0.4620 0.4620 0.4620 0.4620 0.4620 0.4620 0.4620 0.4620 0.4620 0.4620 0.4620 0.4620 0.4620 0.4620 0.4620 0.4620 0.4620 0.4620 0.4620 0.4620 0.4620 0.4620 0.4620 0.4620 0.4620 0.4620 0.4620 0.4620 0.4620 0.4620 0.4620 0.4620 0.4620 0.4620 0.4620 0.4620 0.4620 0.4620 0.4620 0.4620 0.4620 0.4620 0.4620 0.4620 0.4620 0.4620 0.4620 0.4620 0.4620 0.4620 0.4620 0.4620 0.4620 0.4620 0.4620 0.4620 0.4620 0.4620 0.4620 0.4620 0.4620 0.4620 0.4620 0.4620 0.4620 0.4620 0.4620 0.4620 0.4620 0.4620 0.4620 0.4620 0.4620 0.4620 0.4620 0.4620 0.4620 0.4620 0.4620 0.4620 0.4620 0.4620 0.4620 0.4620 0.4620 0.4620 0.4620 0.4620 0.4620 0.4620 0.4620 0.4620 0.4620 0.4620 0.4620 0.4620 0.4620 0.4620 0.4620 0.4620 0.4620 0.4620 0.4620 0.4620 0.4620 0.4620 0.4620 0.4620 0.4620 0.4620 0.4620 0.4620 0.4620 0.4620 0.4620 0.4620 0.4620 0.4620 0.4620 0.4620 0.4620 0.4620 0.4620 0.4620 0.4620 0.4620 0.4620 0.4620 0.4620 0.4620 0.4620 0.4620 0.4620 0.4620 0.4620 0.4620 0.4620 0.4620 0.4620 0.4620 0.4620 0.4620 0.4620 0.4620 0.4620 0.4620 0.4620 0.4620 0.4620 0.4620 0.4620 0.4620 0.4620 0.4620 0.4620 0.4620 0.4620 0.4620 0.4620 0.4620 0.4620 0.4620 0.4620 0.4620 0.4620 0.4620 0.4620 0.4620 0.4620 0.4620 0.4620 0.4620 0.4620 0.4620 0.4620 0.4620 0.4620 0.4620 0.4620 0.4620 0.4620 0.4620 0.4620 0.4620 0.4620 0.4620 0.4620 0.4620 0.4620 0.4620 0.4620 0.4620 0.4620 0.4620 0.4620 0.4620 0.4620 0.4620 0.4620 0.4620 0.4620 0.4620 0.4620 0.4620 0.4620 0.4620 0.4620 0.4620 0.4620 0.4620 0.4620 0.4620 0.4620 0.4620 0.4620 0.4620 0.4620 0.4620 0.4620 0.4620 0.4620 0.4620 0.4620 0.4620 0.4620 0.4620 0.4620 0.4620 0.4620 0.4620 0.4620 0.4620 0.4620 0.4620 0.4620 0.4620 0.4620 0.4620 0.4620 0.4620 0.4620 0.4620 0.4620 0.4620 0.4620 0.4620 0.4620 0.4620 0.4620 0.4620 0.4620 0.4620 0.4620 0.4620 0.4620 0.4620 0.4620 0.4620 0.4620 0.4620 0.4620 0.4620 0.4620 0.4620 0.4620 0.4620 0.4620 0.4620 0.4620 0.4620 0.4620 0.4620 0.4620 0.4620 0.4620 0.4620 0.4620 0.4620 0.4620 0.4620 0.4620 0.4620 0.4620 0.4620 0.4620 0.4620 0.4620 0.4620 0.4620 0.4620 0.4620 0.4620 0.4620 0.4620 0.4620 0.4620 0.4620 0.4620 0.4620 0.4620 0.4620 0.4620 0.4620 0.4620 0.4620 0.4620 0.4620 0.4620 0.4620 0.4620 0.4620 0.4620 0.4620 0.4620 0.4620 0.4620 0.4620 0.4620 0.4620 0.4620 0.4620 0.4620 0.4620 0.4620 0.4620 0.4620 0.4620 0.4620 0.4620 0.4620 0.4620 0.4620 0.4620 0.4620 0.4620 0.4620 0.4620 0.4620 0.4620 0.4620 0.4620 0.4620 0.4620 0.4620 0.4620 0.4620 0.4620 0.4620 0.4620 0.4620 0.4620 0.4620 0.4620 0.4620 0.4620 0.4620 0.4620 0.4620 0.4620 0.4620 0.4620 0.4620 0.4620 0.4620 0.4620 0.4620 0.4620 0.4620 0.4620 0.4620 0.4620 0.4620 0.4620 0.4620 0.4620 0.4620 0.4620 0.4620 0.4620 0.4620 0.4620 0.4620 0.4620 0.4620 0.4620 0.4620 0.4620 0.4620 0.4620 0.4620 0.4620 0.4620 0.4620 0.4620 0.4620 0.4620 0.4620 0.4620 0.4620 0.4620 0.4620 0.4620 0.4620 0.4620 0.4680 0.4680 0.4680 0.4680 0.4680 0.4680 0.4680 0.4680 0.4680 0.4680 0.4680 0.4680 0.4680 0.4680 0.4680 0.4680 0.4680 0.4680 0.4680 0.4680 0.4680 0.4680 0.4680 0.4680 0.4680 0.4680 0.4680 0.4680 0.4680 0.4680 0.4680 0.4680 0.4680 0.4680 0.4680 0.4680 0.4680 0.4680 0.4680 0.4680 0.4680 0.4680 0.4680 0.4680 0.4680 0.4680 0.4680 0.4680 0.4680 0.4680 0.4680 0.4680 0.4680 0.4680 0.4680 0.4680 0.4680 0.4680 0.4680 0.4680 0.4680 0.4680 0.4680 0.4680 0.4680 0.4680 0.4680 0.4680 0.4680 0.4680 0.4680 0.4680 0.4680 0.4680 0.4680 0.4680 0.4680 0.4680 0.4680 0.4680 0.4680 0.4680 0.4680 0.4680 0.4680 0.4680 0.4680 0.4680 0.4680 0.4680 0.4680 0.4680 0.4680 0.4680 0.4680 0.4680 0.4680 0.4680 0.4680 0.4680 0.4680 0.4680 0.4680 0.4680 0.4680 0.4680 0.4680 0.4680 0.4680 0.4680 0.4680 0.4680 0.4680 0.4680 0.4680 0.4680 0.4680 0.4680 0.4680 0.4680 0.4680 0.4680 0.4680 0.4680 0.4680 0.4680 0.4680 0.4680 0.4680 0.4680 0.4680 0.4680 0.4680 0.4680 0.4680 0.4680 0.4680 0.4680 0.4680 0.4680 0.4680 0.4680 0.4680 0.4680 0.4680 0.4680 0.4680 0.4680 0.4680 0.4680 0.4680 0.4680 0.4680 0.4680 0.4680 0.4680 0.4680 0.4680 0.4680 0.4680 0.4680 0.4680 0.4680 0.4680 0.4680 0.4680 0.4680 0.4680 0.4680 0.4680 0.4680 0.4680 0.4680 0.4680 0.4680 0.4680 0.4680 0.4680 0.4680 0.4680 0.4680 0.4680 0.4680 0.4680 0.4680 0.4680 0.4680 0.4680 0.4680 0.4680 0.4680 0.4680 0.4680 0.4680 0.4680 0.4680 0.4680 0.4680 0.4680 0.4680 0.4680 0.4680 0.4680 0.4680 0.4680 0.4680 0.4680 0.4680 0.4680 0.4680 0.4680 0.4680 0.4680 0.4680 0.4680 0.4680 0.4680 0.4680 0.4680 0.4680 0.4680 0.4680 0.4680 0.4680 0.4680 0.4680 0.4680 0.4680 0.4680 0.4680 0.4680 0.4680 0.4680 0.4680 0.4680 0.4680 0.4720 0.4720 0.4720 0.4720 0.4720 0.4720 0.4720 0.4720 0.4720 0.4720 0.4720 0.4720 0.4720 0.4720 0.4720 0.4720 0.4720 0.4720 0.4720 0.4720 0.4720 0.4720 0.4720 0.4720 0.4720 0.4720 0.4720 0.4720 0.4720 0.4720 0.4720 0.4720 0.4720 0.4720 0.4720 0.4720 0.4720 0.4720 0.4720 0.4720 0.4720 0.4720 0.4720 0.4720 0.4720 0.4720 0.4720 0.4720 0.4720 0.4720 0.4720 0.4720 0.4720 0.4720 0.4720 0.4720 0.4720 0.4720 0.4720 0.4720 0.4720 0.4720 0.4720 0.4720 0.4720 0.4720 0.4720 0.4720 0.4720 0.4720 0.4720 0.4720 0.4720 0.4720 0.4720 0.4720 0.4720 0.4720 0.4720 0.4720 0.4720 0.4720 0.4720 0.4720 0.4720 0.4720 0.4720 0.4720 0.4720 0.4720 0.4720 0.4720 0.4720 0.4720 0.4720 0.4720 0.4720 0.4720 0.4720 0.4720 0.4720 0.4720 0.4720 0.4720 0.4720 0.4720 0.4720 0.4720 0.4720 0.4720 0.4720 0.4720 0.4720 0.4720 0.4720 0.4720 0.4720 0.4720 0.4720 0.4720 0.4720 0.4720 0.4720 0.4720 0.4720 0.4720 0.4720 0.4720 0.4720 0.4720 0.4720 0.4720 0.4720 0.4720 0.4720 0.4720 0.4720 0.4720 0.4720 0.4720 0.4720 0.4720 0.4720 0.4720 0.4720 0.4720 0.4720 0.4720 0.4720 0.4720 0.4720 0.4720 0.4720 0.4720 0.4720 0.4720 0.4720 0.4720 0.4720 0.4720 0.4720 0.4720 0.4720 0.4720 0.4720 0.4720 0.4720 0.4720 0.4720 0.4720 0.4720 0.4720 0.4720 0.4720 0.4720 0.4720 0.4720 0.4720 0.4720 0.4720 0.4720 0.4720 0.4720 0.4720 0.4720 0.4720 0.4720 0.4720 0.4720 0.4720 0.4720 0.4720 0.4720 0.4720 0.4720 0.4720 0.4720 0.4720 0.4720 0.4720 0.4720 0.4720 0.4720 0.4720 0.4720 0.4720 0.4720 0.4720 0.4720 0.4720 0.4720 0.4720 0.4720 0.4720 0.4720 0.4720 0.4720 0.4720 0.4520 0.4520 0.4520 0.4520 0.4520 0.4520 0.4520 0.4520 0.4520 0.4520 0.4520 0.4520 0.4520 0.4520 0.4520 0.4520 0.4520 0.4520 0.4520 0.4520 0.4520 0.4520 0.4520 0.4520 0.4520 0.4520 0.4520 0.4520 0.4520 0.4520 0.4520 0.4520 0.4520 0.4520 0.4520 0.4520 0.4520 0.4520 0.4520 0.4520 0.4520 0.4520 0.4520 0.4520 0.4520 0.4520 0.4520 0.4520 0.4520 0.4520 0.4520 0.4520 0.4520 0.4520 0.4520 0.4520 0.4520 0.4520 0.4520 0.4520 0.4520 0.4520 0.4520 0.4520 0.4520 0.4520 0.4520 0.4520 0.4520 0.4520 0.4520 0.4520 0.4520 0.4520 0.4520 0.4520 0.4520 0.4520 0.4520 0.4520 0.4520 0.4520 0.4520 0.4520 0.4520 0.4520 0.4520 0.4520 0.4520 0.4520 0.4520 0.4520 0.4520 0.4520 0.4520 0.4520 0.4520 0.4520 0.4520 0.4520 0.4520 0.4520 0.4520 0.4520 0.4520 0.4520 0.4520 0.4520 0.4520 0.4520 0.4520 0.4520 0.4520 0.4520 0.4520 0.4520 0.4520 0.4520 0.4520 0.4520 0.4520 0.4520 0.4520 0.4520 0.4520 0.4520 0.4520 0.4520 0.4520 0.4520 0.4520 0.4520 0.4520 0.4520 0.4520 0.4520 0.4520 0.4520 0.4520 0.3850 0.3850 0.3850 0.3850 0.3850 0.3850 0.3850 0.3850 0.3850 0.3850 0.3850 0.3850 0.3850 0.3850 0.3850 0.3850 0.3850 0.3850 0.3850 0.3850 0.3850 0.3850 0.3850 0.3850 0.3850 0.3850 0.3850 0.3850 0.3850 0.3850 0.3850 0.3850 0.3850 0.3850 0.3850 0.3850 0.3850 0.3850 0.3850 0.3850 0.3850 0.3850 0.3850 0.3850 0.3850 0.3850 0.3850 0.3850 0.3850 0.3850 0.3850 0.3850 0.3850 0.3850 0.3850 0.3850 0.3850 0.3850 0.3850 0.3850 0.3850 0.3850 0.3850 0.3850 0.3850 0.3850 0.3850 0.3850 0.3850 0.3850 0.3850 0.3850 0.3850 0.3850 0.3850 0.3850 0.3850 0.3850 0.3850 0.3850 0.3850 0.3850 0.3850 0.3850 0.3850 0.3850 0.3850 0.3850 0.3850 0.3850 0.3850 0.3850 0.3850 0.3850 0.3850 0.3850 0.3850 0.3850 0.3850 0.3850 0.3850 0.3850 0.3850 0.3850 0.3850 0.3850 0.3850 0.3850 0.3850 0.3850 0.3850 0.3850 0.3850 0.3850 0.3850 0.3850 0.3850 0.3850 0.3850 0.3850 0.3850 0.3850 0.3850 0.3850 0.3850 0.3850 0.3850 0.3850 0.3850 0.3850 0.3850 0.3850 0.3850 0.3850 0.3850 0.3850 0.3850 0.3850 0.3850 0.3850 0.3850 0.3850 0.3850 0.3850 0.3850 0.3850 0.3850 0.3850 0.3850 0.3850 0.3850 0.3850 0.3850 0.3850 0.3850 0.3850 0.3850 0.3850 0.3850 0.3850 0.3850 0.3850 0.3850 0.3850 0.3850 0.3850 0.3850 0.3850 0.3850 0.3850 0.3850 0.3850 0.3850 0.3850 0.3850 0.3850 0.3850 0.3850 0.3850 0.3850 0.3850 0.3850 0.3850 0.3850 0.3850 0.3850 0.3850 0.3850 0.3850 0.3850 0.3850 0.3850 0.3850 0.3850 0.3850 0.3850 0.3850 0.3850 0.3850 0.3850 0.3850 0.3850 0.3850 0.3850 0.3850 0.3850 0.3850 0.3850 0.3850 0.3850 0.3850 0.3850 0.3850 0.3850 0.3850 0.3850 0.3850 0.3850 0.3850 0.3850 0.3850 0.3850 0.3850 0.3850 0.3850 0.3850 0.3850 0.3850 0.3850 0.3850 0.3850 0.3850 0.3850 0.3850 0.3850 0.3850 0.3850 0.3850 0.3850 0.3850 0.3850 0.3850 0.3850 0.3850 0.3850 0.3850 0.3850 0.3850 0.3850 0.3850 0.3850 0.3850 0.3850 0.3850 0.3850 0.3850 0.3850 0.3850 0.3850 0.3850 0.3850 0.3850 0.3850 0.3850 0.3850 0.3850 0.3850 0.3850 0.3850 0.3850 0.3850 0.3850 0.3850 0.3850 0.3850 0.3850 0.3850 0.3850 0.3850 0.3850 0.3850 0.3850 0.3850 0.3850 0.3850 0.3850 0.3850 0.3850 0.3850 0.3850 0.3850 0.3850 0.3850 0.3850 0.3850 0.3850 0.3850 0.3850 0.3850 0.3850 0.3850 0.3850 0.3850 0.3850 0.3850 0.3850 0.3850 0.3850 0.3850 0.3850 0.3850 0.3850 0.3850 0.3850 0.3850 0.3850 0.3850 0.3850 0.3850 0.3850 0.3850 0.3850 0.3850 0.3850 0.3850 0.3850 0.3850 0.3850 0.3850 0.3850 0.3850 0.3850 0.3850 0.3850 0.3850 0.3850 0.3850 0.3850 0.3850 0.3850 0.3850 0.3850 0.3850 0.3850 0.3850 0.3850 0.3850 0.3850 0.3850 0.3850 0.3850 0.3850 0.3850 0.3850 0.3850 0.3850 0.3850 0.3850 0.3850 0.3850 0.3850 0.3850 0.3850 0.3850 0.3850 0.3850 0.3850 0.3850 0.3850 0.3850 0.3850 0.3850 0.3850 0.3850 0.3850 0.3850 0.3850 0.3850 0.3850 0.3850 0.3850 0.3850 0.3850 0.3850 0.3850 0.3850 0.3850 0.3850 0.3850 0.3850 0.3850 0.3850 0.3850 0.3850 0.3850 0.3850 0.3850 0.3850 0.3850 0.3850 0.3850 0.3850 0.3850 0.3850 0.3850 0.3850 0.3850 0.3850 0.3850 0.3850 0.3850 0.3850 0.3850 0.3850 0.3850 0.3850 0.3850 0.3850 0.3850 0.3850 0.3850 0.3850 0.3850 0.3850 0.3850 0.3850 0.3850 0.3850 0.3850 0.3850 0.3850 0.3850 0.3850 0.3850 0.3850 0.3850 0.3850 0.3850 0.3850 0.3850 0.3850 0.3850 0.3850 0.3850 0.3850 0.3850 0.3850 0.3850 0.3850 0.3850 0.3850 0.3850 0.3850 0.3850 0.3850 0.3850 0.3850 0.3850 0.3850 0.3850 0.3850 0.3850 0.3850 0.3850 0.3850 0.3850 0.3850 0.3850 0.3850 0.3850 0.3850 0.3850 0.3850 0.3850 0.3850 0.3850 0.3850 0.3850 0.3850 0.3850 0.3850 0.3850 0.3850 0.3850 0.3850 0.3850 0.3850 0.3850 0.3850 0.3850 0.3850 0.3850 0.3850 0.3850 0.3850 0.3850 0.3850 0.3850 0.3850 0.3850 0.3850 0.3850 0.3850 0.3850 0.3850 0.3850 0.3850 0.3850 0.3850 0.3850 0.3850 0.3850 0.3850 0.3850 0.3850 0.3850 0.3850 0.3850 0.3850 0.3850 0.3850 0.3850 0.3850 0.3850 0.3850 0.3850 0.3850 0.3850 0.3850 0.3850 0.3850 0.3850 0.3850 0.3850 0.3850 0.3850 0.3850 0.3850 0.3850 0.3850 0.3850 0.3850 0.3850 0.3850 0.3850 0.3850 0.3850 0.3850 0.3850 0.3850 0.3850 0.3850 0.3850 0.3850 0.3850 0.3850 0.3850 0.3850 0.3850 0.3850 0.3850 0.3850 0.3850 0.3850 0.3850 0.3850 0.3850 0.3850 0.3850 0.3850 0.3850 0.3850 0.3850 0.3850 0.3850 0.3850 0.3850 0.3850 0.3850 0.3850 0.3850 0.3850 0.3850 0.3850 0.3850 0.3850 0.3850 0.3850 0.3850 0.3850 0.3850 0.3850 0.3850 0.3850 0.3850 0.3850 0.3850 0.3850 0.3850 0.3850 0.3850 0.3850 0.3850 0.3850 0.3850 0.3850 0.3850 0.3850 0.3850 0.3850 0.3850 0.3850 0.3850 0.3850 0.3850 0.3850 0.3850 0.3850 0.3850 0.3850 0.3850 0.3850 0.3850 0.3850 0.3850 0.3850 0.3850 0.3850 0.3850 0.3850 0.3850 0.3850 0.3850 0.3850 0.3850 0.3850 0.3850 0.3850 0.3850 0.3850 0.3850 0.3850 0.3850 0.3850 0.3850 0.3850 0.3850 0.3850 0.3850 0.3850 0.3850 0.3850 0.3850 0.3850 0.3850 0.3850 0.3850 0.3850 0.3850 0.3850 0.3850 0.3850 0.3850 0.3850 0.3850 0.3850 0.3850 0.3850 0.3850 0.3850 0.3850 0.3850 0.3850 0.3850 0.3850 0.3850 0.3850 0.3850 0.3850 0.3850 0.3850 0.3850 0.3850 0.3850 0.3850 0.3850 0.3850 0.3850 0.3850 0.3850 0.3850 0.3850 0.3850 0.3850 0.3850 0.3850 0.3850 0.3850 0.3850 0.3850 0.3850 0.3850 0.3850 0.3850 0.3850 0.3850 0.3850 0.3850 0.3850 0.3850 0.3850 0.3850 0.3850 0.3850 0.3850 0.3850 0.3850 0.3850 0.3850 0.3850 0.3850 0.3850 0.3850 0.3850 0.3850 0.3850 0.3850 0.3850 0.3850 0.3850 0.3850 0.3850 0.3850 0.3850 0.3850 0.3850 0.3850 0.3850 0.3850 0.3850 0.3850 0.3850 0.3850 0.3850 0.3850 0.3850 0.3850 0.3850 0.3850 0.3850 0.3850 0.3850 0.3850 0.3850 0.3850 0.3850 0.3850 0.3850 0.3850 0.3850 0.3850 0.3850 0.3850 0.3850 0.3850 0.3850 0.3850 0.3850 0.3850 0.3850 0.3850 0.3850 0.3850 0.3850 0.3850 0.3850 0.3850 0.3850 0.3850 0.3850 0.3850 0.3850 0.3850 0.3850 0.3850 0.3850 0.3850 0.3850 0.3850 0.3850 0.3850 0.3850 0.3850 0.3850 0.3850 0.3850 0.3850 0.3850 0.3850 0.3850 0.3850 0.3850 0.3850 0.3850 0.3850 0.3850 0.3850 0.3850 0.3850 0.3850 0.3850 0.3850 0.3850 0.3850 0.3850 0.3850 0.3850 0.3850 0.3850 0.3850 0.3850 0.3850 0.3850 0.3850 0.3850 0.3850 0.3850 0.3850 0.3850 0.3850 0.3850 0.3850 0.3850 0.3850 0.3850 0.3850 0.3850 0.3850 0.3850 0.3850 0.3850 0.3850 0.3850 0.3850 0.3850 0.3850 0.3850 0.3850 0.3850 0.3850 0.3850 0.3850 0.3850 0.3850 0.3850 0.3850 0.3850 0.3850 0.3850 0.3850 0.3850 0.3850 0.3850 0.3850 0.3850 0.3850 0.3850 0.3850 0.3850 0.3850 0.3850 0.3850 0.3850 0.3850 0.3850 0.3850 0.3850 0.3850 0.3850 0.3850 0.3850 0.3850 0.3850 0.3850 0.3850 0.3850 0.3850 0.3850 0.3850 0.3850 0.3850 0.3850 0.3850 0.3850 0.3850 0.3850 0.3850 0.3850 0.3850 0.3850 0.3850 0.3850 0.3850 0.3850 0.3850 0.3850 0.3850 0.3850 0.3850 0.3850 0.3850 0.3850 0.3850 0.3850 0.3850 0.3850 0.3850 0.3850 0.3850 0.3850 0.3850 0.3850 0.3850 0.3850 0.3850 0.3850 0.3850 0.3850 0.3850 0.3850 0.3850 0.3850 0.3850 0.3850 0.3850 0.3850 0.3850 0.3850 0.3850 0.3850 0.3850 0.3850 0.3850 0.3850 0.3850 0.3850 0.3850 0.3850 0.3850 0.3850 0.3850 0.3850 0.3850 0.3850 0.3850 0.3850 0.3850 0.3850 0.3850 0.3850 0.3850 0.3850 0.3850 0.3850 0.3850 0.3850 0.3850 0.3850 0.3850 0.3850 0.3850 0.3850 0.3850 0.3850 0.3850 0.3850 0.3850 0.3850 0.3850 0.3850 0.3850 0.3850 0.3850 0.3850 0.3850 0.3850 0.3850 0.3850 0.3850 0.3850 0.3850 0.3850 0.3850 0.3850 0.3850 0.3850 0.3850 0.3850 0.3850 0.3850 0.3850 0.3850 0.3850 0.3850 0.3850 0.3850 0.3850 0.3850 0.3850 0.3850 0.3850 0.3850 0.3850 0.3850 0.3850 0.3850 0.3850 0.3850 0.3850 0.3850 0.3850 0.3850 0.3850 0.3850 0.3850 0.3850 0.3850 0.3850 0.3850 0.3850 0.3850 0.3850 0.3850 0.3850 0.3850 0.3850 0.3850 0.3850 0.3850 0.3850 0.3850 0.3850 0.3850 0.3850 0.3850 0.3850 0.3850 0.3850 0.3850 0.3850 0.3850 0.3850 0.3850 0.3850 0.3850 0.3850 0.3850 0.3850 0.3850 0.3850 0.3850 0.3850 0.3850 0.3850 0.3850 0.3850 0.3850 0.3850 0.3850 0.3850 0.3850 0.3850 0.3850 0.3850 0.3850 0.3850 0.3850 0.3850 0.3850 0.3850 0.3850 0.3850 0.3850 0.3850 0.3850 0.3850 0.3850 0.3850 0.3850 0.3850 0.3850 0.3850 0.3850 0.3850 0.3850 0.3850 0.3850 0.3850 0.3850 0.3850 0.3850 0.3850 0.3850 0.3850 0.3850 0.3850 0.3850 0.3850 0.3850 0.3850 0.3850 0.3850 0.3850 0.3850 0.3850 0.3850 0.3850 0.3850 0.3850 0.3850 0.3850 0.3850 0.3850 0.3850 0.3850 0.3850 0.3850 0.3850 0.3850 0.3850 0.3850 0.3850 0.3850 0.3850 0.3850 0.3850 0.3850 0.3850 0.3850 0.3850 0.3850 0.3850 0.3850 0.3850 0.3850 0.3850 0.3850 0.3850 0.3850 0.3850 0.3850 0.3850 0.3850 0.3850 0.3850 0.3850 0.3850 0.3850 0.3850 0.3850 0.3850 0.3850 0.3850 0.3850 0.3850 0.3850 0.3850 0.3850 0.3850 0.3850 0.3850 0.3850 0.3850 0.3850 0.3850 0.3850 0.3850 0.3850 0.3850 0.3850 0.3850 0.3850 0.3850 0.3850 0.3850 0.3850 0.3850 0.3850 0.3850 0.3850 0.3850 0.3850 0.3850 0.3850 0.3850 0.3850 0.3850 0.3850 0.3850 0.3850 0.3850 0.3850 0.3850 0.3850 0.3850 0.3850 0.3850 0.3850 0.3850 0.3850 0.3850 0.3850 0.3850 0.3850 0.3850 0.3850 0.3850 0.3850 0.3850 0.3850 0.3850 0.3850 0.3850 0.3850 0.3850 0.3850 0.3850 0.3850 0.3850 0.3850 0.3850 0.3850 0.3850 0.3850 0.3850 0.3850 0.3850 0.3850 0.3850 0.3850 0.3850 0.3850 0.3850 0.3850 0.3850 0.3850 0.3850 0.3850 0.3850 0.3850 0.3850 0.3850 0.3850 0.3850 0.3850 0.3850 0.3850 0.3850 0.3850 0.3850 0.3850 0.3850 0.3850 0.3850 0.3850 0.3850 0.3850 0.3850 0.3850 0.3850 0.3850 0.3850 0.3850 0.3850 0.3850 0.3850 0.3850 0.3850 0.3850 0.3850 0.3850 0.3850 0.3850 0.3850 0.3850 0.3850 0.3850 0.3850 0.3850 0.3850 0.3850 0.3850 0.3850 0.3850 0.3850 0.3850 0.3850 0.3850 0.3850 0.3850 0.3850 0.3850 0.3850 0.3850 0.3850 0.3850 0.3850 0.3850 0.3850 0.3850 0.3850 0.3850 0.3850 0.3850 0.3850 0.3850 0.3850 0.3850 0.3850 0.3850 0.3850 0.3850 0.3850 0.3850 0.3850 0.3850 0.3850 0.3850 0.3850 0.3850 0.3850 0.3850 0.3850 0.3850 0.3850 0.3850 0.3850 0.3850 0.3850 0.3850 0.3850 0.3850 0.3850 0.3850 0.3850 0.3850 0.3850 0.3850 0.3850 0.3850 0.3850 0.3850 0.3850 0.3850 0.3850 0.3850 0.3850 0.3850 0.3850 0.3850 0.3850 0.3850 0.3850 0.3850 0.3850 0.3850 0.3850 0.3850 0.3850 0.3850 0.3850 0.3850 0.3850 0.3850 0.3850 0.3850 0.3850 0.3850 0.3850 0.3850 0.3850 0.3850 0.3850 0.3850 0.3850 0.3850 0.3850 0.3850 0.3850 0.3850 0.3850 0.3850 0.3850 0.3850 0.3850 0.3850 0.3850 0.3850 0.3850 0.3850 0.3850 0.3850 0.3850 0.3850 0.3850 0.3850 0.3850 0.3850 0.3850 0.3850 0.3850 0.3850 0.3850 0.3850 0.3850 0.3850 0.3850 0.3850 0.3850 0.3850 0.3850 0.3850 0.3850 0.3850 0.3850 0.3850 0.3850 0.3850 0.3850 0.3850 0.3850 0.3850 0.3850 0.3850 0.3850 0.3850 0.3850 0.3850 0.3850 0.3850 0.3850 0.3850 0.3850 0.3850 0.3850 0.3850 0.3850 0.3850 0.3850 0.3850 0.3850 0.3850 0.3850 0.3850 0.3850 0.3850 0.3850 0.3850 0.3850 0.3850 0.3850 0.3850 0.3850 0.3850 0.3850 0.3850 0.3850 0.3850 0.3850 0.3850 0.3850 0.3850 0.3850 0.3850 0.3850 0.3850 0.3850 0.3850 0.3850 0.3850 0.3850 0.3850 0.3850 0.3850 0.3850 0.3850 0.3850 0.3850 0.3850 0.3850 0.3850 0.3850 0.3850 0.3850 0.3850 0.3850 0.3850 0.3850 0.3850 0.3850 0.3850 0.3850 0.3850 0.3850 0.3850 0.3850 0.3850 0.3850 0.3850 0.3850 0.3850 0.3850 0.3850 0.3850 0.3850 0.3850 0.3850 0.3850 0.3850 0.3850 0.3850 0.3850 0.3850 0.3850 0.3850 0.3850 0.3850 0.3850 0.3850 0.3850 0.3850 0.3850 0.3850 0.3850 0.3850 0.3850 0.3850 0.3850 0.3850 0.3850 0.3850 0.3850 0.3850 0.3850 0.3850 0.3850 0.3850 0.3850 0.3850 0.3850 0.3850 0.3850 0.3850 0.3850 0.3850 0.3850 0.3850 0.3850 0.3850 0.3850 0.3850 0.3850 0.3850 0.3850 0.3850 0.3850 0.3850 0.3850 0.3850 0.3850 0.3850 0.3850 0.3850 0.3850 0.3850 0.3850 0.3850 0.3850 0.3850 0.3850 0.3850 0.3850 0.3850 0.3850 0.3850 0.3850 0.3850 0.3850 0.3850 0.3850 0.3850 0.3850 0.3850 0.3850 0.3850 0.3850 0.3850 0.3850 0.3850 0.3850 0.3850 0.3850 0.3850 0.3850 0.3850 0.3850 0.3850 0.3850 0.3850 0.3850 0.3850 0.3850 0.3850 0.3850 0.3850 0.3850 0.3850 0.3850 0.3850 0.3850 0.3850 0.3850 0.3850 0.3850 0.3850 0.3850 0.3850 0.3850 0.3850 0.3850 0.3850 0.3850 0.3850 0.3850 0.3850 0.3850 0.3850 0.3850 0.3850 0.3850 0.3850 0.3850 0.3850 0.3850 0.3850 0.3850 0.3850 0.3850 0.3850 0.3850 0.3850 0.3850 0.3850 0.3850 0.3850 0.3850 0.3850 0.3850 0.3850 0.3850 0.3850 0.3850 0.3850 0.3850 0.3850 0.3850 0.3850 0.3850 0.3850 0.3850 0.3850 0.3850 0.3850 0.3850 0.3850 0.3850 0.3850 0.3850 0.3850 0.3850 0.3850 0.3850 0.3850 0.3850 0.3850 0.3850 0.3850 0.3850 0.3850 0.3850 0.3850 0.3850 0.3850 0.3850 0.3850 0.3850 0.3850 0.3850 0.3850 0.3850 0.3850 0.3850 0.3850 0.3850 0.3850 0.3850 0.3850 0.3850 0.3850 0.3850 0.3850 0.3850 0.3850 0.3850 0.3850 0.3850 0.3850 0.3850 0.3850 0.3850 0.3850 0.3850 0.3850 0.3850 0.3850 0.3850 0.3850 0.3850 0.3850 0.3850 0.3850 0.3850 0.3850 0.3850 0.3850 0.3850 0.3850 0.3850 0.3850 0.3850 0.3850 0.3850 0.3850 0.3850 0.3850 0.3850 0.3850 0.3850 0.3850 0.3850 0.3850 0.3850 0.3850 0.3850 0.3850 0.3850 0.3850 0.3850 0.3850 0.3850 0.3850 0.3850 0.3850 0.3850 0.3850 0.3850 0.3850 0.3850 0.3850 0.3850 0.3850 0.3850 0.3850 0.3850 0.3850 0.3850 0.3850 0.3850 0.3850 0.3850 0.3850 0.3850 0.3850 0.3850 0.3850 0.3850 0.3850 0.3850 0.3850 0.3850 0.3850 0.3850 0.3850 0.3850 0.3850 0.3850 0.3850 0.3850 0.3850 0.3850 0.3850 0.3850 0.3850 0.3850 0.3850 0.3850 0.3850 0.3850 0.3850 0.3850 0.3850 0.3850 0.3850 0.3850 0.3850 0.3850 0.3850 0.3850 0.3850 0.3850 0.3850 0.3850 0.3850 0.3850 0.3850 0.3850 0.3850 0.3850 0.3850 0.3850 0.3850 0.3850 0.3850 0.3850 0.3850 0.3850 0.3850 0.3850 0.3850 0.3850 0.3850 0.3850 0.3850 0.3850 0.3850 0.3850 0.3850 0.3850 0.3850 0.3850 0.3850 0.3850 0.3850 0.3850 0.3850 0.3850 0.3850 0.3850 0.3850 0.3850 0.3850 0.3850 0.3850 0.3850 0.3850 0.3850 0.3850 0.3850 0.3850 0.3850 0.3850 0.3850 0.3850 0.3850 0.3850 0.3850 0.3850 0.3850 0.3850 0.3850 0.3850 0.3850 0.3850 0.3850 0.3850 0.3850 0.3850 0.3850 0.3850 0.3850 0.3850 0.3850 0.3850 0.3850 0.3850 0.3850 0.3850 0.3850 0.3850 0.3850 0.3850 0.3850 0.3850 0.3850 0.3850 0.3850 0.3850 0.3850 0.3850 0.3850 0.3850 0.3850 0.3850 0.3850 0.3850 0.3850 0.3850 0.3850 0.3850 0.3850 0.3850 0.3850 0.3850 0.3850 0.3850 0.3850 0.3850 0.3850 0.3850 0.3850 0.3850 0.3850 0.3850 0.3850 0.3850 0.3850 0.3850 0.3850 0.3850 0.3850 0.3850 0.3850 0.3850 0.3850 0.3850 0.3850 0.3850 0.3850 0.3850 0.3850 0.3850 0.3850 0.3850 0.3850 0.3850 0.3850 0.3850 0.3850 0.3850 0.3850 0.3850 0.3850 0.3850 0.3850 0.3850 0.3850 0.3850 0.3850 0.3850 0.3850 0.3850 0.3850 0.3850 0.3850 0.3850 0.3850 0.3850 0.3850 0.3850 0.3850 0.3850 0.3850 0.3850 0.3850 0.3850 0.3850 0.3850 0.3850 0.3850 0.3850 0.3850 0.3850 0.3850 0.3850 0.3850 0.3850 0.3850 0.3850 0.3850 0.3850 0.3850 0.3850 0.3850 0.3850 0.3850 0.3850 0.3850 0.3850 0.3850 0.3850 0.3850 0.3850 0.3850 0.3850 0.3850 0.3850 0.3850 0.3850 0.3850 0.3850 0.3850 0.3850 0.3850 0.3850 0.3850 0.3850 0.3850 0.3850 0.3850 0.3850 0.3850 0.3850 0.3850 0.3850 0.3850 0.3850 0.3850 0.3850 0.3850 0.3850 0.3850 0.3850 0.3850 0.3850 0.3850 0.3850 0.3850 0.3850 0.3850 0.3850 0.3850 0.3850 0.3850 0.3850 0.3850 0.3850 0.3850 0.3850 0.3850 0.3850 0.3850 0.3850 0.3850 0.3850 0.3850 0.4520 0.4520 0.4520 0.4520 0.4520 0.4520 0.4520 0.4520 0.4520 0.4520 0.4520 0.4520 0.4520 0.4520 0.4520 0.4520 0.4520 0.4520 0.4520 0.4520 0.4520 0.4520 0.4520 0.4520 0.4520 0.4520 0.4520 0.4520 0.4520 0.4520 0.4520 0.4520 0.4520 0.4520 0.4520 0.4520 0.4520 0.4520 0.4520 0.4520 0.4520 0.4520 0.4520 0.4520 0.4520 0.4520 0.4520 0.4520 0.4520 0.4520 0.4520 0.4520 0.4520 0.4520 0.4520 0.4520 0.4520 0.4520 0.4520 0.4520 0.4520 0.4520 0.4520 0.4520 0.4520 0.4520 0.4520 0.4520 0.4520 0.4520 0.4520 0.4520 0.4520 0.4520 0.4520 0.4520 0.4520 0.4520 0.4520 0.4520 0.4520 0.4520 0.4520 0.4520 0.4520 0.4520 0.4520 0.4520 0.4520 0.4520 0.4520 0.4520 0.4520 0.4520 0.4520 0.4520 0.4520 0.4520 0.4520 0.4520 0.4520 0.4520 0.4520 0.4520 0.4520 0.4520 0.4520 0.4520 0.4520 0.4520 0.4520 0.4520 0.4520 0.4520 0.4520 0.4520 0.4520 0.4520 0.4520 0.4520 0.4520 0.4520 0.4520 0.4520 0.4520 0.4520 0.4520 0.4520 0.4520 0.4520 0.4520 0.4520 0.4520 0.4520 0.4520 0.4520 0.4520 0.4520 0.4520 0.4520 0.4520 0.4520 0.4520 0.4520 0.4520 0.4520 0.4520 0.4520 0.4520 0.4520 0.4520 0.4520 0.4520 0.4520 0.4520 0.4520 0.4520 0.4520 0.4520 0.4520 0.4520 0.4520 0.4520 0.4520 0.4520 0.4520 0.4520 0.4520 0.4520 0.4520 0.4520 0.4520 0.4520 0.4520 0.4520 0.4520 0.4520 0.4520 0.4520 0.4520 0.4520 0.4520 0.4520 0.4520 0.4520 0.4520 0.4520 0.4520 0.4520 0.4520 0.4520 0.4520 0.4520 0.4520 0.4520 0.4520 0.4520 0.4520 0.4520 0.4520 0.4520 0.4520 0.4520 0.4520 0.4520 0.4520 0.4520 0.4520 0.4520 0.4520 0.4520 0.4520 0.4520 0.4520 0.4520 0.4520 0.4520 0.4520 0.4520 0.4520 0.4520 0.4520 0.4520 0.4520 0.4520 0.4520 0.4520 0.4520 0.4520 0.4520 0.4520 0.4520 0.4520 0.4520 0.4520 0.4520 0.4520 0.4520 0.4520 0.4520 0.4520 0.4520 0.4520 0.4520 0.4520 0.4520 0.4520 0.4520 0.4520 0.4520 0.4520 0.4520 0.4520 0.4520 0.4520 0.4520 0.4520 0.4520 0.4520 0.4520 0.4520 0.4520 0.4520 0.4520 0.4520 0.4520 0.4520 0.4520 0.4520 0.4520 0.4520 0.4520 0.4520 0.4520 0.4520 0.4520 0.4520 0.4520 0.4520 0.4520 0.4520 0.4520 0.4520 0.4520 0.4520 0.4520 0.4520 0.4520 0.4520 0.4520 0.4520 0.4520 0.4520 0.4520 0.4520 0.4520 0.4520 0.4520 0.4520 0.4520 0.4520 0.4520 0.4520 0.4520 0.4520 0.4520 0.4520 0.4520 0.4520 0.4520 0.4520 0.4520 0.4520 0.4520 0.4520 0.4520 0.4520 0.4520 0.4520 0.4520 0.4520 0.4520 0.4520 0.4520 0.4520 0.4520 0.4520 0.4520 0.4520 0.4520 0.4520 0.4520 0.4520 0.4520 0.4520 0.4520 0.4520 0.4520 0.4520 0.4520 0.4520 0.4520 0.4520 0.4520 0.4520 0.4520 0.4520 0.4520 0.4520 0.4520 0.4520 0.4520 0.4520 0.4520 0.4520 0.4520 0.4520 0.4520 0.4520 0.4520 0.4520 0.4520 0.4520 0.4520 0.4520 0.4520 0.4520 0.4520 0.4520 0.4520 0.4520 0.4520 0.4520 0.4520 0.4520 0.4520 0.4520 0.4520 0.4520 0.4520 0.4520 0.4520 0.4520 0.4520 0.4520 0.4520 0.4520 0.4520 0.4520 0.4520 0.4520 0.4520 0.4520 0.4520 0.4520 0.4520 0.4520 0.4520 0.4520 0.4520 0.4520 0.4520 0.4520 0.4520 0.4520 0.4520 0.4520 0.4520 0.4520 0.4520 0.4520 0.4520 0.4520 0.4520 0.4520 0.4520 0.4520 0.4520 0.4520 0.4520 0.4520 0.4520 0.4520 0.4520 0.4520 0.4520 0.4520 0.4520 0.4520 0.4520 0.4520 0.4520 0.4520 0.4520 0.4520 0.4520 0.4520 0.4520 0.4520 0.4520 0.4520 0.4520 0.4520 0.4520 0.4520 0.4520 0.4520 0.4520 0.4520 0.4520 0.4520 0.4520 0.4520 0.4520 0.4520 0.4520 0.4520 0.4520 0.4520 0.4520 0.4520 0.4520 0.4520 0.4520 0.4520 0.4520 0.4520 0.4520 0.4520 0.4520 0.4520 0.4520 0.4520 0.4520 0.4520 0.4520 0.4520 0.4520 0.4520 0.4520 0.4520 0.4520 0.4520 0.4520 0.4520 0.4520 0.4520 0.4520 0.4520 0.4520 0.4520 0.4520 0.4520 0.4520 0.4520 0.4520 0.4520 0.4520 0.4520 0.4520 0.4520 0.4520 0.4520 0.4520 0.4520 0.4520 0.4520 0.4520 0.4520 0.4520 0.4520 0.4520 0.4520 0.4520 0.4520 0.4520 0.4520 0.4520 0.4520 0.4520 0.4520 0.4520 0.4520 0.4520 0.4520 0.4520 0.4520 0.4520 0.4520 0.4520 0.4520 0.4520 0.4520 0.4520 0.4520 0.4520 0.4520 0.4520 0.4520 0.4520 0.4520 0.4520 0.4520 0.4520 0.4520 0.4520 0.4520 0.4520 0.4520 0.4520 0.4520 0.4520 0.4520 0.4520 0.4520 0.4520 0.4520 0.4520 0.4520 0.4520 0.4520 0.4520 0.4520 0.4520 0.4520 0.4520 0.4520 0.4520 0.4520 0.4520 0.4520 0.4520 0.4520 0.4520 0.4520 0.4520 0.4520 0.4520 0.4520 0.4520 0.4520 0.4520 0.4520 0.4520 0.4520 0.4520 0.4520 0.4520 0.4520 0.4520 0.4520 0.4520 0.4520 0.4520 0.4520 0.4520 0.4520 0.4520 0.4520 0.4520 0.4520 0.4520 0.4520 0.4520 0.4520 0.4520 0.4520 0.4520 0.4520 0.4520 0.4520 0.4520 0.4520 0.4520 0.4520 0.4520 0.4520 0.4520 0.4520 0.4520 0.4520 0.4520 0.4520 0.4520 0.4520 0.4520 0.4520 0.4520 0.4520 0.4520 0.4520 0.4520 0.4520 0.4520 0.4520 0.4520 0.4520 0.4520 0.4520 0.4520 0.4520 0.4520 0.4520 0.4520 0.4520 0.4520 0.4520 0.4520 0.4520 0.4520 0.4520 0.4520 0.4520 0.4520 0.4520 0.4520 0.4520 0.4520 0.4520 0.4520 0.4520 0.4520 0.4520 0.4520 0.4520 0.4520 0.4520 0.4520 0.4520 0.4520 0.4520 0.4520 0.4520 0.4520 0.4520 0.4520 0.4520 0.4520 0.4520 0.4520 0.4520 0.4520 0.4520 0.4520 0.4520 0.4520 0.4520 0.4520 0.4520 0.4520 0.4520 0.4520 0.4520 0.4520 0.4520 0.4520 0.4520 0.4520 0.4520 0.4520 0.4520 0.4520 0.4520 0.4520 0.4520 0.4520 0.4520 0.4520 0.4520 0.4520 0.4520 0.4520 0.4520 0.4520 0.4520 0.4520 0.4520 0.4520 0.4520 0.4520 0.4520 0.4520 0.4520 0.4520 0.4520 0.4520 0.4520 0.4520 0.4520 0.4520 0.4520 0.4520 0.4520 0.4520 0.4520 0.4520 0.4520 0.4520 0.4520 0.4520 0.4520 0.4520 0.4520 0.4520 0.4520 0.4520 0.4520 0.4520 0.4520 0.4520 0.4520 0.4520 0.4520 0.4520 0.4520 0.4520 0.4520 0.4520 0.4520 0.4520 0.4520 0.4520 0.4520 0.4520 0.4520 0.4520 0.4520 0.4520 0.4520 0.4520 0.4520 0.4520 0.4520 0.4520 0.4520 0.4520 0.4520 0.4520 0.4520 0.4520 0.4520 0.4520 0.4520 0.4520 0.4520 0.4520 0.4520 0.4520 0.4520 0.4520 0.4520 0.4520 0.4520 0.4520 0.4520 0.4520 0.4520 0.4520 0.4520 0.4520 0.4520 0.4520 0.4520 0.4520 0.4520 0.4520 0.4520 0.4520 0.4520 0.4520 0.4520 0.4520 0.4520 0.4520 0.4520 0.4520 0.4520 0.4520 0.4520 0.4520 0.4520 0.4520 0.4520 0.4520 0.4520 0.4520 0.4520 0.4520 0.4520 0.4520 0.4520 0.4520 0.4520 0.4520 0.4520 0.4520 0.4520 0.4520 0.4520 0.4520 0.4520 0.4520 0.4520 0.4520 0.4520 0.4520 0.4520 0.4520 0.4520 0.4520 0.4520 0.4520 0.4520 0.4520 0.4520 0.4520 0.4520 0.4520 0.4520 0.4520 0.4520 0.4520 0.4520 0.4520 0.4520 0.4520 0.4520 0.4520 0.4520 0.4520 0.4520 0.4520 0.4520 0.4520 0.4520 0.4520 0.4520 0.4520 0.4520 0.4520 0.4520 0.4520 0.4520 0.4520 0.4520 0.4520 0.4520 0.4520 0.4520 0.4520 0.4520 0.4520 0.4520 0.4520 0.4520 0.4520 0.4520 0.4520 0.4520 0.4520 0.4520 0.4520 0.4520 0.4520 0.4520 0.4520 0.4520 0.4520 0.4520 0.4520 0.4520 0.4520 0.4520 0.4520 0.4520 0.4520 0.4520 0.4520 0.4520 0.4520 0.4520 0.4520 0.4520 0.4520 0.4520 0.4520 0.4520 0.4520 0.4520 0.4520 0.4520 0.4520 0.4520 0.4520 0.4520 0.4520 0.4520 0.4520 0.4520 0.4520 0.4520 0.4520 0.4520 0.4520 0.4520 0.4520 0.4520 0.4520 0.4520 0.4520 0.4520 0.4520 0.4520 0.4520 0.4520 0.4520 0.4520 0.4520 0.4520 0.4520 0.4520 0.4520 0.4520 0.4520 0.4520 0.4520 0.4520 0.4520 0.4520 0.4520 0.4520 0.4520 0.4520 0.4520 0.4520 0.4520 0.4520 0.4520 0.4520 0.4520 0.4520 0.4520 0.4520 0.4520 0.4520 0.4520 0.4520 0.4520 0.4520 0.4520 0.4520 0.4520 0.4520 0.4520 0.4520 0.4520 0.4520 0.4520 0.4520 0.4520 0.4520 0.4520 0.4520 0.4520 0.4520 0.4520 0.4520 0.4520 0.4520 0.4520 0.4520 0.4520 0.4520 0.4520 0.4520 0.4520 0.4520 0.4520 0.4520 0.4520 0.4520 0.4520 0.4520 0.4520 0.4520 0.4520 0.4520 0.4520 0.4520 0.4520 0.4520 0.4520 0.4520 0.4520 0.4520 0.4520 0.4520 0.4520 0.4520 0.4520 0.4520 0.4520 0.4520 0.4520 0.4520 0.4520 0.4520 0.4520 0.4520 0.4520 0.4520 0.4520 0.4520 0.4520 0.4520 0.4520 0.4520 0.4520 0.4520 0.4520 0.4520 0.4520 0.4520 0.4520 0.4520 0.4520 0.4520 0.4520 0.4520 0.4520 0.4520 0.4520 0.4520 0.4520 0.4520 0.4520 0.4520 0.4520 0.4520 0.4520 0.4520 0.4520 0.4520 0.4520 0.4520 0.4520 0.4520 0.4520 0.4520 0.4520 0.4520 0.4520 0.4520 0.4520 0.4520 0.4520 0.4520 0.4520 0.4520 0.4520 0.4520 0.4520 0.4520 0.4520 0.4520 0.4520 0.4520 0.4520 0.4520 0.4520 0.4520 0.4520 0.4520 0.4520 0.4520 0.4520 0.4520 0.4520 0.4520 0.4520 0.4520 0.4520 0.4520 0.4520 0.4520 0.4520 0.4520 0.4520 0.4520 0.4520 0.4520 0.4520 0.4520 0.4520 0.4520 0.4520 0.4520 0.4520 0.4520 0.4520 0.4520 0.4520 0.4520 0.4520 0.4520 0.4520 0.4520 0.4520 0.4520 0.4520 0.4520 0.4520 0.4520 0.4520 0.4520 0.4520 0.4520 0.4520 0.4520 0.4520 0.4520 0.4520 0.4520 0.4520 0.4520 0.4520 0.4520 0.4520 0.4520 0.4520 0.4520 0.4520 0.4520 0.4520 0.4520 0.4520 0.4520 0.4520 0.4520 0.4520 0.4520 0.4520 0.4520 0.4520 0.4520 0.4520 0.4520 0.4520 0.4520 0.4520 0.4520 0.4520 0.4520 0.4520 0.4520 0.4520 0.4520 0.4520 0.4520 0.4520 0.4520 0.4520 0.4520 0.4520 0.4520 0.4520 0.4520 0.4520 0.4520 0.4520 0.4520 0.4520 0.4520 0.4520 0.4520 0.4520 0.4520 0.4520 0.4520 0.4520 0.4520 0.4520 0.4520 0.4520 0.4520 0.4520 0.4520 0.4520 0.4520 0.4520 0.4520 0.4520 0.4520 0.4520 0.4520 0.4520 0.4520 0.4520 0.4520 0.4520 0.4520 0.4520 0.4520 0.4520 0.4520 0.4520 0.4520 0.4520 0.4520 0.4520 0.4520 0.4520 0.4520 0.4520 0.4520 0.4520 0.4520 0.4520 0.4520 0.4520 0.4520 0.4520 0.4520 0.4520 0.4520 0.4520 0.4520 0.4520 0.4520 0.4520 0.4520 0.4520 0.4520 0.4520 0.4520 0.4520 0.4520 0.4520 0.4520 0.4520 0.4520 0.4520 0.4520 0.4520 0.4520 0.4520 0.4520 0.4520 0.4520 0.4520 0.4520 0.4520 0.4520 0.4520 0.4520 0.4520 0.4520 0.4520 0.4520 0.4520 0.4520 0.4520 0.4520 0.4520 0.4520 0.4520 0.4520 0.4520 0.4520 0.4520 0.4520 0.4520 0.4520 0.4520 0.4520 0.4520 0.4520 0.4520 0.4520 0.4520 0.4520 0.4520 0.4520 0.4520 0.4520 0.4520 0.4520 0.4520 0.4520 0.4520 0.4520 0.4520 0.4520 0.4520 0.4520 0.4520 0.4520 0.4520 0.4520 0.4520 0.4520 0.4520 0.4520 0.4520 0.4520 0.4520 0.4520 0.4520 0.4520 0.4520 0.4520 0.4520 0.4520 0.4520 0.4520 0.4520 0.4520 0.4520 0.4520 0.4520 0.4520 0.4520 0.4520 0.4520 0.4520 0.4520 0.4520 0.4520 0.4520 0.4520 0.4520 0.4520 0.4520 0.4520 0.4520 0.4520 0.4520 0.4520 0.4520 0.4520 0.4520 0.4520 0.4520 0.4520 0.4520 0.4520 0.4520 0.4520 0.4520 0.4520 0.4520 0.4520 0.4520 0.4520 0.4520 0.4520 0.4520 0.4520 0.4520 0.4520 0.4520 0.4520 0.4520 0.4520 0.4520 0.4520 0.4520 0.4520 0.4520 0.4520 0.4520 0.4520 0.4520 0.4520 0.4520 0.4520 0.4520 0.4520 0.4520 0.4520 0.4520 0.4520 0.4520 0.4520 0.4520 0.4520 0.4520 0.4520 0.4520 0.4520 0.4520 0.4520 0.4520 0.4520 0.4520 0.4520 0.4520 0.4520 0.4520 0.4520 0.4520 0.4520 0.4520 0.4520 0.4520 0.4520 0.4520 0.4520 0.4520 0.4520 0.4520 0.4520 0.4520 0.4520 0.4520 0.4520 0.4520 0.4520 0.4520 0.4520 0.4520 0.4520 0.4520 0.4520 0.4520 0.4520 0.4520 0.4520 0.4520 0.4520 0.4520 0.4520 0.4520 0.4520 0.4520 0.4520 0.4520 0.4520 0.4520 0.4520 0.4520 0.4520 0.4520 0.4520 0.4520 0.4520 0.4520 0.4520 0.4520 0.4520 0.4520 0.4520 0.4520 0.4520 0.4520 0.4520 0.4520 0.4520 0.4520 0.4520 0.4520 0.4520 0.4520 0.4520 0.4520 0.4520 0.4520 0.4520 0.4520 0.4520 0.4520 0.4520 0.4520 0.4520 0.4520 0.4520 0.4520 0.4520 0.4520 0.4520 0.4520 0.4520 0.4520 0.4520 0.4520 0.4520 0.4520 0.4520 0.4520 0.4520 0.4520 0.4520 0.4520 0.4520 0.4520 0.4520 0.4520 0.4520 0.4520 0.4520 0.4520 0.4520 0.4520 0.4520 0.4520 0.4520 0.4520 0.4520 0.4520 0.4520 0.4520 0.4520 0.4520 0.4520 0.4520 0.4520 0.4520 0.4520 0.4520 0.4520 0.4520 0.4520 0.4520 0.4520 0.4520 0.4520 0.4520 0.4520 0.4520 0.4520 0.4520 0.4520 0.4520 0.4520 0.4520 0.4520 0.4520 0.4520 0.4520 0.4520 0.4520 0.4520 0.4520 0.4520 0.4520 0.4520 0.4520 0.4520 0.4520 0.4520 0.4520 0.4520 0.4520 0.4520 0.4520 0.4520 0.4520 0.4520 0.4520 0.4520 0.4520 0.4520 0.4520 0.4520 0.4520 0.4520 0.4520 0.4520 0.4520 0.4520 0.4520 0.4520 0.4520 0.4520 0.4520 0.4520 0.4520 0.4520 0.4520 0.4520 0.4520 0.4520 0.4520 0.4520 0.4520 0.4520 0.4520 0.4520 0.4520 0.4520 0.4520 0.4520 0.4520 0.4520 0.4520 0.4520 0.4520 0.4520 0.4520 0.4520 0.4520 0.4520 0.4520 0.4520 0.4520 0.4520 0.4520 0.4520 0.4520 0.4520 0.4520 0.4520 0.4520 0.4520 0.4520 0.4520 0.4520 0.4520 0.4520 0.4520 0.4520 0.4520 0.4520 0.4520 0.4520 0.4520 0.4520 0.4520 0.4520 0.4520 0.4520 0.4520 0.4520 0.4520 0.4520 0.4520 0.4520 0.4520 0.4520 0.4520 0.4520 0.4520 0.4520 0.4520 0.4520 0.4520 0.4520 0.4520 0.4520 0.4520 0.4520 0.4520 0.4520 0.4520 0.4520 0.4520 0.4520 0.4520 0.4520 0.4520 0.4520 0.4520 0.4520 0.4520 0.4520 0.4520 0.4520 0.4520 0.4520 0.4520 0.4520 0.4520 0.4520 0.4520 0.4520 0.4520 0.4520 0.4520 0.4520 0.4520 0.4520 0.4520 0.4520 0.4520 0.4520 0.4520 0.4520 0.4520 0.4520 0.4520 0.4520 0.4520 0.4520 0.4520 0.4520 0.4520 0.4520 0.4520 0.4520 0.4520 0.4520 0.4520 0.4520 0.4520 0.4520 0.4520 0.4520 0.4520 0.4520 0.4520 0.4520 0.4520 0.4520 0.4520 0.4520 0.4520 0.4520 0.4520 0.4520 0.4520 0.4520 0.4520 0.4520 0.4520 0.4520 0.4520 0.4520 0.4520 0.4520 0.4520 0.4520 0.4520 0.4520 0.4520 0.4520 0.4520 0.4520 0.4520 0.4520 0.4520 0.4520 0.4520 0.4520 0.4520 0.4520 0.4520 0.4520 0.4520 0.4520 0.4520 0.4520 0.4520 0.4520 0.4520 0.4520 0.4520 0.4520 0.4520 0.4520 0.4520 0.4520 0.4520 0.4520 0.4520 0.4520 0.4520 0.4520 0.4520 0.4520 0.4520 0.4520 0.4520 0.4520 0.4520 0.4520 0.4520 0.4520 0.4520 0.4520 0.4520 0.4520 0.4520 0.4520 0.4520 0.4520 0.4520 0.4520 0.4520 0.4520 0.4520 0.4520 0.4520 0.4520 0.4520 0.4520 0.4520 0.4520 0.4520 0.4520 0.4520 0.4520 0.4520 0.4520 0.4520 0.4520 0.4520 0.4520 0.4520 0.4520 0.4520 0.4520 0.4520 0.4520 0.4520 0.4520 0.4520 0.4520 0.4520 0.4520 0.4520 0.4520 0.4520 0.4520 0.4520 0.4520 0.4520 0.4520 0.4520 0.4520 0.4520 0.4520 0.4520 0.4520 0.4520 0.4520 0.4520 0.4520 0.4520 0.4520 0.4520 0.4520 0.4520 0.4520 0.4520 0.4520 0.4520 0.4520 0.4520 0.4520 0.4520 0.4520 0.4520 0.4520 0.4520 0.4520 0.4520 0.4520 0.4520 0.4520 0.4520 0.4520 0.4520 0.4520 0.4520 0.4520 0.4520 0.4520 0.4520 0.4520 0.4520 0.4520 0.4520 0.4520 0.4520 0.4520 0.4520 0.4520 0.4520 0.4520 0.4520 0.4520 0.4520 0.4520 0.4520 0.4520 0.4520 0.4520 0.4520 0.4520 0.4520 0.4520 0.4520 0.4520 0.4520 0.4520 0.4520 0.4520 0.4520 0.4520 0.4520 0.4580 0.4580 0.4580 0.4580 0.4580 0.4580 0.4580 0.4580 0.4580 0.4580 0.4580 0.4580 0.4580 0.4580 0.4580 0.4580 0.4580 0.4580 0.4580 0.4580 0.4580 0.4580 0.4580 0.4580 0.4580 0.4580 0.4580 0.4580 0.4580 0.4580 0.4580 0.4580 0.4580 0.4580 0.4580 0.4580 0.4580 0.4580 0.4580 0.4580 0.4580 0.4580 0.4580 0.4580 0.4580 0.4580 0.4580 0.4580 0.4580 0.4580 0.4580 0.4580 0.4580 0.4580 0.4580 0.4580 0.4580 0.4580 0.4580 0.4580 0.4580 0.4580 0.4580 0.4580 0.4580 0.4580 0.4580 0.4580 0.4580 0.4580 0.4580 0.4580 0.4580 0.4580 0.4580 0.4580 0.4580 0.4580 0.4580 0.4580 0.4580 0.4580 0.4580 0.4580 0.4580 0.4580 0.4580 0.4580 0.4580 0.4580 0.4580 0.4580 0.4580 0.4580 0.4580 0.4580 0.4580 0.4580 0.4580 0.4580 0.4580 0.4580 0.4580 0.4580 0.4580 0.4580 0.4580 0.4580 0.4580 0.4580 0.4580 0.4580 0.4580 0.4580 0.4580 0.4580 0.4580 0.4580 0.4580 0.4580 0.4580 0.4580 0.4580 0.4580 0.4580 0.4580 0.4580 0.4580 0.4580 0.4580 0.4580 0.4580 0.4580 0.4580 0.4580 0.4580 0.4580 0.4580 0.4580 0.4580 0.4580 0.4580 0.4580 0.4580 0.4580 0.4580 0.4580 0.4580 0.4580 0.4580 0.4580 0.4580 0.4580 0.4580 0.4580 0.4580 0.4580 0.4580 0.4580 0.4580 0.4580 0.4580 0.4580 0.4580 0.4580 0.4580 0.4580 0.4580 0.4580 0.4580 0.4580 0.4580 0.4580 0.4580 0.4580 0.4580 0.4580 0.4580 0.4580 0.4580 0.4580 0.4580 0.4580 0.4580 0.4580 0.4580 0.4580 0.4580 0.4580 0.4580 0.4580 0.4580 0.4580 0.4580 0.4580 0.4580 0.4580 0.4580 0.4580 0.4580 0.4580 0.4580 0.4580 0.4580 0.4580 0.4580 0.4580 0.4580 0.4580 0.4580 0.4580 0.4580 0.4580 0.4580 0.4580 0.4580 0.4580 0.4580 0.4580 0.4580 0.4580 0.4580 0.4580 0.4580 0.4580 0.4580 0.4580 0.4580 0.4580 0.4580 0.4580 0.4580 0.4580 0.4580 0.4580 0.4580 0.4580 0.4580 0.4580 0.4580 0.4580 0.4580 0.4580 0.4580 0.4580 0.4580 0.4580 0.4580 0.4580 0.4580 0.4580 0.4580 0.4580 0.4580 0.4580 0.4580 0.4580 0.4580 0.4580 0.4580 0.4580 0.4580 0.4580 0.4580 0.4580 0.4580 0.4580 0.4580 0.4580 0.4580 0.4580 0.4580 0.4580 0.4580 0.4580 0.4580 0.4580 0.4580 0.4580 0.4580 0.4580 0.4580 0.4580 0.4580 0.4580 0.4580 0.4580 0.4580 0.4580 0.4580 0.4580 0.4580 0.4580 0.4580 0.4580 0.4580 0.4580 0.4580 0.4580 0.4580 0.4580 0.4580 0.4580 0.4580 0.4580 0.4580 0.4580 0.4580 0.4580 0.4580 0.4580 0.4580 0.4580 0.4580 0.4580 0.4580 0.4580 0.4580 0.4580 0.4580 0.4580 0.4580 0.4580 0.4580 0.4580 0.4580 0.4580 0.4580 0.4580 0.4580 0.4580 0.4580 0.4580 0.4580 0.4580 0.4580 0.4580 0.4580 0.4580 0.4580 0.4580 0.4580 0.4580 0.4580 0.4580 0.4580 0.4580 0.4580 0.4580 0.4580 0.4580 0.4580 0.4580 0.4580 0.4580 0.4580 0.4580 0.4580 0.4580 0.4580 0.4580 0.4580 0.4580 0.4580 0.4580 0.4580 0.4580 0.4580 0.4580 0.4580 0.4580 0.4580 0.4580 0.4580 0.4580 0.4580 0.4580 0.4580 0.4580 0.4580 0.4580 0.4580 0.4580 0.4580 0.4580 0.4580 0.4580 0.4580 0.4580 0.4580 0.4580 0.4580 0.4580 0.4580 0.4580 0.4580 0.4580 0.4580 0.4580 0.4580 0.4580 0.4580 0.4580 0.4580 0.4580 0.4580 0.4580 0.4580 0.4580 0.4580 0.4580 0.4580 0.4580 0.4580 0.4580 0.4580 0.4580 0.4580 0.4580 0.4580 0.4580 0.4580 0.4580 0.4580 0.4580 0.4580 0.4580 0.4580 0.4580 0.4580 0.4580 0.4580 0.4580 0.4580 0.4580 0.4580 0.4580 0.4580 0.4580 0.4580 0.4580 0.4580 0.4580 0.4580 0.4580 0.4580 0.4580 0.4580 0.4580 0.4580 0.4580 0.4580 0.4580 0.4580 0.4580 0.4580 0.4580 0.4580 0.4580 0.4580 0.4580 0.4580 0.4580 0.4580 0.4580 0.4580 0.4580 0.4580 0.4580 0.4580 0.4580 0.4580 0.4580 0.4580 0.4580 0.4580 0.4580 0.4580 0.4580 0.4580 0.4580 0.4580 0.4580 0.4580 0.4580 0.4580 0.4580 0.4580 0.4580 0.4580 0.4580 0.4580 0.4580 0.4580 0.4580 0.4580 0.4580 0.4580 0.4580 0.4580 0.4580 0.4580 0.4580 0.4580 0.4580 0.4580 0.4580 0.4580 0.4580 0.4580 0.4580 0.4580 0.4580 0.4580 0.4580 0.4580 0.4580 0.4580 0.4580 0.4580 0.4580 0.4580 0.4580 0.4580 0.4580 0.4580 0.4580 0.4580 0.4580 0.4580 0.4580 0.4580 0.4580 0.4580 0.4580 0.4580 0.4580 0.4580 0.4580 0.4580 0.4580 0.4580 0.4580 0.4580 0.4580 0.4580 0.4580 0.4580 0.4580 0.4580 0.4580 0.4580 0.4580 0.4580 0.4580 0.4580 0.4580 0.4580 0.4580 0.4580 0.4580 0.4580 0.4580 0.4580 0.4580 0.4580 0.4580 0.4580 0.4580 0.4580 0.4580 0.4580 0.4580 0.4580 0.4580 0.4580 0.4580 0.4580 0.4580 0.4580 0.4580 0.4580 0.4580 0.4580 0.4580 0.4580 0.4580 0.4580 0.4580 0.4580 0.4580 0.4580 0.4580 0.4580 0.4580 0.4580 0.4580 0.4580 0.4580 0.4580 0.4580 0.4580 0.4580 0.4580 0.4580 0.4580 0.4580 0.4580 0.4580 0.4580 0.4580 0.4580 0.4580 0.4580 0.4580 0.4580 0.4580 0.4580 0.4580 0.4580 0.4580 0.4580 0.4580 0.4580 0.4580 0.4580 0.4580 0.4580 0.4580 0.4580 0.4580 0.4580 0.4580 0.4580 0.4580 0.4580 0.4580 0.4580 0.4580 0.4580 0.4580 0.4580 0.4580 0.4580 0.4580 0.4580 0.4580 0.4580 0.4580 0.4580 0.4580 0.4580 0.4580 0.4580 0.4580 0.4580 0.4580 0.4580 0.4580 0.4580 0.4580 0.4580 0.4580 0.4580 0.4580 0.4580 0.4580 0.4580 0.4580 0.4580 0.4580 0.4580 0.4580 0.4580 0.4580 0.4580 0.4580 0.4580 0.4580 0.4580 0.4580 0.4580 0.4580 0.4580 0.4580 0.4580 0.4580 0.4580 0.4580 0.4580 0.4580 0.4580 0.4580 0.4580 0.4580 0.4580 0.4580 0.4580 0.4580 0.4580 0.4580 0.4580 0.4580 0.4580 0.4580 0.4580 0.4580 0.4580 0.4580 0.4580 0.4580 0.4580 0.4580 0.4580 0.4580 0.4580 0.4580 0.4580 0.4580 0.4580 0.4580 0.4580 0.4580 0.4580 0.4580 0.4580 0.4580 0.4580 0.4580 0.4580 0.4580 0.4580 0.4580 0.4580 0.4580 0.4580 0.4580 0.4580 0.4580 0.4580 0.4580 0.4580 0.4580 0.4580 0.4580 0.4580 0.4580 0.4580 0.4580 0.4580 0.4580 0.4580 0.4580 0.4580 0.4580 0.4580 0.4580 0.4580 0.4580 0.4580 0.4580 0.4580 0.4580 0.4580 0.4580 0.4580 0.4580 0.4580 0.4580 0.4580 0.4580 0.4580 0.4580 0.4580 0.4580 0.4580 0.4580 0.4580 0.4580 0.4580 0.4580 0.4580 0.4580 0.4580 0.4580 0.4580 0.4580 0.4580 0.4580 0.4580 0.4580 0.4580 0.4580 0.4580 0.4580 0.4580 0.4580 0.4580 0.4580 0.4580 0.4580 0.4580 0.4580 0.4580 0.4580 0.4580 0.4580 0.4580 0.4580 0.4580 0.4580 0.4580 0.4580 0.4580 0.4580 0.4580 0.4580 0.4580 0.4580 0.4580 0.4580 0.4580 0.4580 0.4580 0.4580 0.4580 0.4580 0.4580 0.4580 0.4580 0.4580 0.4580 0.4580 0.4580 0.4580 0.4580 0.4580 0.4580 0.4580 0.4580 0.4580 0.4580 0.4580 0.4580 0.4580 0.4580 0.4580 0.4580 0.4580 0.4580 0.4580 0.4580 0.4580 0.4580 0.4580 0.4580 0.4580 0.4580 0.4580 0.4580 0.4580 0.4580 0.4580 0.4580 0.4580 0.4580 0.4580 0.4580 0.4580 0.4580 0.4580 0.4580 0.4580 0.4580 0.4580 0.4580 0.4580 0.4580 0.4580 0.4580 0.4580 0.4580 0.4580 0.4580 0.4580 0.4580 0.4580 0.4580 0.4580 0.4580 0.4580 0.4580 0.4580 0.4580 0.4580 0.4580 0.4580 0.4580 0.4580 0.4580 0.4580 0.4580 0.4580 0.4580 0.4580 0.4580 0.4580 0.4580 0.4580 0.4580 0.4580 0.4580 0.4580 0.4580 0.4580 0.4580 0.4580 0.4580 0.4580 0.4580 0.4580 0.4580 0.4580 0.4580 0.4580 0.4580 0.4580 0.4580 0.4580 0.4580 0.4580 0.4580 0.4580 0.4580 0.4580 0.4580 0.4580 0.4580 0.4580 0.4580 0.4580 0.4580 0.4580 0.4580 0.4580 0.4580 0.4580 0.4580 0.4580 0.4580 0.4580 0.4580 0.4580 0.4580 0.4580 0.4580 0.4580 0.4580 0.4580 0.4580 0.4580 0.4580 0.4580 0.4580 0.4580 0.4580 0.4580 0.4580 0.4580 0.4580 0.4580 0.4580 0.4580 0.4580 0.4580 0.4580 0.4580 0.4580 0.4580 0.4580 0.4580 0.4580 0.4580 0.4580 0.4580 0.4580 0.4580 0.4580 0.4580 0.4580 0.4580 0.4580 0.4580 0.4580 0.4580 0.4580 0.4580 0.4580 0.4580 0.4580 0.4580 0.4580 0.4580 0.4580 0.4580 0.4580 0.4580 0.4580 0.4580 0.4580 0.4580 0.4480 0.4480 0.4480 0.4480 0.4480 0.4480 0.4480 0.4480 0.4480 0.4480 0.4480 0.4480 0.4480 0.4480 0.4480 0.4480 0.4480 0.4480 0.4480 0.4480 0.4480 0.4480 0.4480 0.4480 0.4480 0.4480 0.4480 0.4480 0.4480 0.4480 0.4480 0.4480 0.4480 0.4480 0.4480 0.4480 0.4480 0.4480 0.4480 0.4480 0.4480 0.4480 0.4480 0.4480 0.4480 0.4480 0.4480 0.4480 0.4480 0.4480 0.4480 0.4480 0.4480 0.4480 0.4480 0.4480 0.4480 0.4480 0.4480 0.4480 0.4480 0.4480 0.4480 0.4480 0.4480 0.4480 0.4480 0.4480 0.4480 0.4480 0.4480 0.4480 0.4480 0.4480 0.4480 0.4480 0.4480 0.4480 0.4480 0.4480 0.4480 0.4480 0.4480 0.4480 0.4480 0.4480 0.4480 0.4480 0.4480 0.4480 0.4480 0.4480 0.4480 0.4480 0.4480 0.4480 0.4480 0.4480 0.4480 0.4480 0.4480 0.4480 0.4480 0.4480 0.4480 0.4480 0.4480 0.4480 0.4480 0.4480 0.4480 0.4480 0.4480 0.4480 0.4480 0.4480 0.4480 0.4480 0.4480 0.4480 0.4480 0.4480 0.4480 0.4480 0.4480 0.4480 0.4480 0.4480 0.4480 0.4480 0.4480 0.4480 0.4480 0.4480 0.4480 0.4480 0.4480 0.4480 0.4480 0.4480 0.4480 0.4480 0.4480 0.4480 0.4480 0.4480 0.4480 0.4480 0.4480 0.4480 0.4480 0.4480 0.4480 0.4480 0.4480 0.4480 0.4480 0.4480 0.4480 0.4480 0.4480 0.4480 0.4480 0.4480 0.4480 0.4480 0.4480 0.4480 0.4480 0.4480 0.4480 0.4480 0.4480 0.4480 0.4480 0.4480 0.4480 0.4480 0.4480 0.4480 0.4480 0.4480 0.4480 0.4480 0.4480 0.4480 0.4480 0.4480 0.4480 0.4480 0.4480 0.4480 0.4480 0.4480 0.4480 0.4480 0.4480 0.4480 0.4480 0.4480 0.4480 0.4480 0.4480 0.4480 0.4480 0.4480 0.4480 0.4480 0.4480 0.4480 0.4480 0.4480 0.4480 0.4480 0.4480 0.4480 0.4480 0.4480 0.4480 0.4480 0.4480 0.4480 0.4480 0.4480 0.4480 0.4480 0.4480 0.4480 0.4480 0.4480 0.4480 0.4480 0.4480 0.4480 0.4480 0.4480 0.4480 0.4480 0.4480 0.4480 0.4480 0.4480 0.4480 0.4480 0.4480 0.4480 0.4480 0.4480 0.4480 0.4480 0.4480 0.4480 0.4480 0.4480 0.4480 0.4480 0.4480 0.4480 0.4480 0.4480 0.4480 0.4480 0.4480 0.4480 0.4480 0.4480 0.4480 0.4480 0.4480 0.4480 0.4480 0.4480 0.4480 0.4480 0.4480 0.4480 0.4480 0.4480 0.4480 0.4480 0.4480 0.4480 0.4480 0.4480 0.4480 0.4480 0.4480 0.4480 0.4480 0.4480 0.4480 0.4480 0.4480 0.4480 0.4480 0.4480 0.4480 0.4480 0.4480 0.4480 0.4480 0.4480 0.4480 0.4480 0.4480 0.4480 0.4480 0.4480 0.4480 0.4480 0.4480 0.4480 0.4480 0.4480 0.4480 0.4480 0.4480 0.4480 0.4480 0.4480 0.4480 0.4480 0.4480 0.4480 0.4480 0.4480 0.4480 0.4480 0.4480 0.4480 0.4480 0.4480 0.4480 0.4480 0.4480 0.4480 0.4480 0.4480 0.4480 0.4480 0.4480 0.4480 0.4480 0.4480 0.4480 0.4480 0.4480 0.4480 0.4480 0.4480 0.4480 0.4480 0.4480 0.4480 0.4480 0.4480 0.4480 0.4480 0.4480 0.4480 0.4480 0.4480 0.4480 0.4480 0.4480 0.4480 0.4480 0.4480 0.4480 0.4900 0.4900 0.4900 0.4900 0.4900 0.4900 0.4900 0.4900 0.4900 0.4900 0.4900 0.4900 0.4900 0.4900 0.4900 0.4900 0.4900 0.4900 0.4900 0.4900 0.4900 0.4900 0.4900 0.4900 0.4900 0.4900 0.4900 0.4900 0.4900 0.4900 0.4900 0.4900 0.4900 0.4900 0.4900 0.4900 0.4900 0.4900 0.4900 0.4900 0.4900 0.4900 0.4900 0.4900 0.4900 0.4900 0.4900 0.4900 0.4900 0.4900 0.4900 0.4900 0.4900 0.4900 0.4900 0.4900 0.4900 0.4900 0.4900 0.4900 0.4900 0.4900 0.4900 0.4900 0.4900 0.4900 0.4900 0.4900 0.4900 0.4900 0.4900 0.4900 0.4900 0.4900 0.4900 0.4900 0.4900 0.4900 0.4900 0.4900 0.4900 0.4900 0.4900 0.4900 0.4900 0.4900 0.4900 0.4900 0.4900 0.4900 0.4900 0.4900 0.4900 0.4900 0.4900 0.4900 0.4900 0.4900 0.4900 0.4900 0.4900 0.4900 0.4900 0.4900 0.4900 0.4900 0.4900 0.4900 0.4900 0.4900 0.4900 0.4900 0.4900 0.4900 0.4900 0.4900 0.4900 0.4900 0.4900 0.4900 0.4900 0.4900 0.4900 0.4900 0.4900 0.4900 0.4900 0.4900 0.4900 0.4900 0.4900 0.4900 0.4900 0.4900 0.4900 0.4900 0.4900 0.4900 0.4900 0.4900 0.4900 0.4900 0.4900 0.4900 0.4900 0.4900 0.4900 0.4900 0.4900 0.4900 0.4900 0.4900 0.4900 0.4900 0.4900 0.4900 0.4900 0.4900 0.4900 0.4900 0.4900 0.4900 0.4900 0.4900 0.4900 0.4900 0.4900 0.4900 0.4900 0.4900 0.4900 0.4900 0.4900 0.4900 0.4900 0.4900 0.4900 0.4900 0.4900 0.4900 0.4900 0.4900 0.4900 0.4900 0.4900 0.4900 0.4900 0.4900 0.4900 0.4900 0.4900 0.4900 0.4900 0.4900 0.4900 0.4900 0.4900 0.4900 0.4900 0.4900 0.4900 0.4900 0.4900 0.4900 0.4900 0.4900 0.4900 0.4900 0.4900 0.4900 0.4900 0.4900 0.4900 0.4900 0.4900 0.4900 0.4900 0.4900 0.4900 0.4900 0.4900 0.4900 0.4900 0.4900 0.4900 0.4900 0.4900 0.4900 0.4900 0.4900 0.4900 0.4900 0.4900 0.4900 0.4900 0.4900 0.4900 0.4900 0.4900 0.4900 0.4900 0.4900 0.4900 0.4900 0.4900 0.4900 0.4900 0.4900 0.4900 0.4900 0.4900 0.4900 0.4900 0.4900 0.4900 0.4900 0.4900 0.4900 0.4900 0.4900 0.4900 0.4900 0.4900 0.4900 0.4900 0.4900 0.4900 0.4900 0.4900 0.4900 0.4900 0.4900 0.4900 0.4900 0.4900 0.4900 0.4900 0.4900 0.4900 0.4900 0.4900 0.4900 0.4900 0.4900 0.4900 0.4900 0.4900 0.4900 0.4900 0.4900 0.4900 0.4900 0.4900 0.4900 0.4900 0.4900 0.4900 0.4900 0.4900 0.4900 0.4900 0.4900 0.4900 0.4900 0.4900 0.4900 0.4900 0.4900 0.4900 0.4610 0.4610 0.4610 0.4610 0.4610 0.4610 0.4610 0.4610 0.4610 0.4610 0.4610 0.4610 0.4610 0.4610 0.4610 0.4610 0.4610 0.4610 0.4610 0.4610 0.4610 0.4610 0.4610 0.4610 0.4610 0.4610 0.4610 0.4610 0.4610 0.4610 0.4610 0.4610 0.4610 0.4610 0.4610 0.4610 0.4610 0.4610 0.4610 0.4610 0.4610 0.4610 0.4610 0.4610 0.4610 0.4610 0.4610 0.4610 0.4610 0.4610 0.4610 0.4610 0.4610 0.4610 0.4610 0.4610 0.4610 0.4610 0.4610 0.4610 0.4610 0.4610 0.4610 0.4610 0.4610 0.4610 0.4610 0.4610 0.4610 0.4610 0.4610 0.4610 0.4610 0.4610 0.4610 0.4610 0.4610 0.4610 0.4610 0.4610 0.4610 0.4610 0.4610 0.4610 0.4610 0.4610 0.4610 0.4610 0.4610 0.4610 0.4610 0.4610 0.4610 0.4610 0.4610 0.4610 0.4610 0.4610 0.4610 0.4610 0.4610 0.4610 0.4610 0.4610 0.4610 0.4610 0.4610 0.4610 0.4610 0.4610 0.4610 0.4610 0.4610 0.4610 0.4610 0.4610 0.4610 0.4610 0.4610 0.4610 0.4610 0.4610 0.4610 0.4610 0.4610 0.4610 0.4610 0.4610 0.4610 0.4610 0.4610 0.4610 0.4610 0.4610 0.4610 0.4610 0.4610 0.4610 0.4610 0.4610 0.4610 0.4610 0.4610 0.4610 0.4610 0.4610 0.4610 0.4610 0.4610 0.4610 0.4610 0.4610 0.4610 0.4610 0.4610 0.4610 0.4610 0.4610 0.4610 0.4610 0.4610 0.4610 0.4610 0.4610 0.4610 0.4610 0.4610 0.4610 0.4610 0.4610 0.4610 0.4610 0.4610 0.4610 0.4610 0.4610 0.4610 0.4610 0.4610 0.4610 0.4610 0.4610 0.4610 0.4610 0.4610 0.4610 0.4610 0.4610 0.4610 0.4610 0.4610 0.4610 0.4610 0.4610 0.4610 0.4610 0.4610 0.4610 0.4610 0.4610 0.4610 0.4610 0.4610 0.4610 0.4610 0.4610 0.4610 0.4610 0.4610 0.4610 0.4610 0.4610 0.4610 0.4610 0.4610 0.4610 0.4610 0.4610 0.4610 0.4610 0.4610 0.4610 0.4610 0.4610 0.4610 0.4610 0.4610 0.4610 0.4610 0.4610 0.4610 0.4610 0.4610 0.4610 0.4610 0.4610 0.4610 0.4610 0.4610 0.4610 0.4610 0.4610 0.4610 0.4610 0.4610 0.4610 0.4610 0.4610 0.4610 0.4610 0.4610 0.4610 0.4610 0.4610 0.4610 0.4610 0.4610 0.4610 0.4610 0.4610 0.4610 0.4610 0.4610 0.4610 0.4610 0.4610 0.4610 0.4610 0.4610 0.4610 0.4610 0.4610 0.4610 0.4680 0.4680 0.4680 0.4680 0.4680 0.4680 0.4680 0.4680 0.4680 0.4680 0.4680 0.4680 0.4680 0.4680 0.4680 0.4680 0.4680 0.4680 0.4680 0.4680 0.4680 0.4680 0.4680 0.4680 0.4680 0.4680 0.4680 0.4680 0.4680 0.4680 0.4680 0.4680 0.4680 0.4680 0.4680 0.4680 0.4680 0.4680 0.4680 0.4680 0.4680 0.4680 0.4680 0.4680 0.4680 0.4680 0.4680 0.4680 0.4680 0.4680 0.4680 0.4680 0.4680 0.4680 0.4680 0.4680 0.4680 0.4680 0.4680 0.4680 0.4680 0.4680 0.4680 0.4680 0.4680 0.4680 0.4680 0.4680 0.4680 0.4680 0.4680 0.4680 0.4680 0.4680 0.4680 0.4680 0.4680 0.4680 0.4680 0.4680 0.4680 0.4680 0.4680 0.4680 0.4680 0.4680 0.4680 0.4680 0.4680 0.4680 0.4680 0.4680 0.4680 0.4680 0.4680 0.4680 0.4680 0.4680 0.4680 0.4680 0.4680 0.4680 0.4680 0.4680 0.4680 0.4680 0.4680 0.4680 0.4680 0.4680 0.4680 0.4680 0.4680 0.4680 0.4680 0.4680 0.4680 0.4680 0.4680 0.4680 0.4680 0.4680 0.4680 0.4680 0.4680 0.4680 0.4680 0.4680 0.4680 0.4680 0.4680 0.4680 0.4680 0.4680 0.4680 0.4680 0.4680 0.4680 0.4680 0.4680 0.4680 0.4680 0.4680 0.4680 0.4680 0.4680 0.4680 0.4680 0.4680 0.4680 0.4680 0.4680 0.4680 0.4680 0.4680 0.4680 0.4680 0.4680 0.4680 0.4680 0.4680 0.4680 0.4680 0.4680 0.4680 0.4680 0.4750 0.4750 0.4750 0.4750 0.4750 0.4750 0.4750 0.4750 0.4750 0.4750 0.4750 0.4750 0.4750 0.4750 0.4750 0.4750 0.4750 0.4750 0.4750 0.4750 0.4750 0.4750 0.4750 0.4750 0.4750 0.4750 0.4750 0.4750 0.4750 0.4750 0.4750 0.4750 0.4750 0.4750 0.4750 0.4750 0.4750 0.4750 0.4750 0.4750 0.4750 0.4750 0.4750 0.4750 0.4750 0.4750 0.4750 0.4750 0.4750 0.4750 0.4750 0.4750 0.4750 0.4750 0.4750 0.4750 0.4750 0.4750 0.4750 0.4750 0.4750 0.4750 0.4750 0.4750 0.4750 0.4750 0.4750 0.4750 0.4750 0.4750 0.4750 0.4750 0.4750 0.4750 0.4750 0.4750 0.4750 0.4750 0.4750 0.4750 0.4750 0.4750 0.4750 0.4750 0.4750 0.4750 0.4750 0.4750 0.4750 0.4750 0.4750 0.4750 0.4750 0.4750 0.4750 0.4750 0.4750 0.4750 0.4750 0.4750 0.4750 0.4750 0.4750 0.4750 0.4750 0.4750 0.4750 0.4750 0.4750 0.4750 0.4750 0.4750 0.4750 0.4750 0.4750 0.4750 0.4750 0.4750 0.4750 0.4750 0.4750 0.4750 0.4750 0.4750 0.4750 0.4750 0.4750 0.4750 0.4750 0.4750 0.4750 0.4750 0.4750 0.4750 0.4750 0.4750 0.4750 0.4750 0.4750 0.4750 0.4750 0.4750 0.4750 0.4750 0.4750 0.4750 0.4750 0.4760 0.4760 0.4760 0.4760 0.4760 0.4760 0.4760 0.4760 0.4760 0.4760 0.4760 0.4760 0.4760 0.4760 0.4760 0.4760 0.4760 0.4760 0.4760 0.4760 0.4760 0.4760 0.4760 0.4760 0.4760 0.4760 0.4760 0.4760 0.4760 0.4760 0.4760 0.4760 0.4760 0.4760 0.4760 0.4760 0.4760 0.4760 0.4760 0.4760 0.4760 0.4760 0.4760 0.4760 0.4760 0.4760 0.4760 0.4760 0.4760 0.4760 0.4760 0.4760 0.4760 0.4760 0.4760 0.4760 0.4760 0.4760 0.4760 0.4760 0.4760 0.4760 0.4760 0.4760 0.4760 0.4760 0.4760 0.4760 0.4760 0.4760 0.4760 0.4760 0.4760 0.4760 0.4760 0.4760 0.4760 0.4760 0.4760 0.4760 0.4760 0.4760 0.4760 0.4760 0.4760 0.4760 0.4760 0.4760 0.4760 0.4760 0.4760 0.4760 0.4760 0.4760 0.4760 0.4760 0.4760 0.4760 0.4760 0.4760 0.4760 0.4760 0.4760 0.4760 0.4760 0.4760 0.4760 0.4760 0.4760 0.4760 0.4760 0.4760 0.4760 0.4760 0.4760 0.4760 0.4760 0.4760 0.4760 0.4760 0.4760 0.4760 0.4760 0.4760 0.4760 0.4760 0.4760
</DataArray>
<DataArray type="Float32" Name="ed_tail_norm" format="ascii">
0.0000 0.0000 0.0000 0.0000 0.0000 0.0000 0.0000 0.0000 0.0000 0.0000 0.0000 0.0000 0.0000 0.0000 0.0000 0.0000 0.0000 0.0000 0.0000 0.0000 0.0000 0.0000 0.0000 0.0000 0.0000 0.0000 0.0000 0.0000 0.0000 0.0000 0.0000 0.0000 0.0000 0.0000 0.0000 0.0000 0.0000 0.0000 0.0000 0.0000 0.0000 0.0000 0.0000 0.0000 0.0000 0.0000 0.0000 0.0000 0.0000 0.0000 0.0000 0.0000 0.0000 0.0000 0.0000 0.0000 0.0000 0.0000 0.0000 0.0000 0.0000 0.0000 0.0000 0.0000 0.0000 0.0000 0.0000 0.0000 0.0000 0.0000 0.0000 0.0000 0.0000 0.0000 0.0000 0.0000 0.0000 0.0000 0.0000 0.0000 0.0000 0.0000 0.0000 0.0000 0.0000 0.0000 0.0000 0.0000 0.0000 0.0000 0.0000 0.0000 0.0000 0.0000 0.0000 0.0000 0.0000 0.0000 0.0000 0.0000 0.0000 0.0000 0.0000 0.0000 0.0000 0.0000 0.0000 0.0000 0.0000 0.0000 0.0000 0.0000 0.0000 0.0000 0.0000 0.0000 0.0000 0.0000 0.0000 0.0000 0.0000 0.0000 0.0000 0.0000 0.0000 0.0000 0.0000 0.0000 0.0000 0.0000 0.0000 0.0000 0.0000 0.0000 0.0000 0.0000 0.0000 0.0000 0.0000 0.0000 0.0000 0.0000 0.0000 0.0000 0.0000 0.0000 0.0000 0.0000 0.0000 0.0000 0.0000 0.0000 0.0000 0.0000 0.0000 0.0000 0.0000 0.0000 0.0000 0.0000 0.0000 0.0000 0.0000 0.0000 0.0000 0.0000 0.0000 0.0000 0.0000 0.0000 0.0000 0.0000 0.0000 0.0000 0.0000 0.0000 0.0000 0.0000 0.0000 0.0000 0.0000 0.0000 0.0000 0.0000 0.0000 0.0000 0.0000 0.0000 0.0000 0.0000 0.0000 0.0000 0.0000 0.0000 0.0000 0.0000 0.0000 0.0000 0.0000 0.0000 0.0000 0.0000 0.0000 0.0000 0.0000 0.0000 0.0000 0.0000 0.0000 0.0000 0.0000 0.0000 0.0000 0.0000 0.0000 0.0000 0.0000 0.0000 0.0000 0.0000 0.0000 0.0000 0.0000 0.0000 0.0000 0.0000 0.0000 0.0000 0.0000 0.0000 0.0000 0.0000 0.0000 0.0000 0.0000 0.0000 0.0000 0.0000 0.0000 0.0000 0.0000 0.0000 0.0000 0.0000 0.0000 0.0000 0.0000 0.0000 0.0000 0.0000 0.0000 0.0000 0.0000 0.0000 0.0000 0.0000 0.0000 0.0000 0.0000 0.0000 0.0000 0.0000 0.0000 0.0000 0.0000 0.0000 0.0000 0.0000 0.0000 0.0000 0.0000 0.0000 0.0000 0.0000 0.0000 0.0000 0.0000 0.0000 0.0000 0.0000 0.0000 0.0000 0.0000 0.0000 0.0000 0.0000 0.0000 0.0000 0.0000 0.0000 0.0000 0.0000 0.0000 0.0000 0.0000 0.0000 0.0000 0.0000 0.0000 0.0000 0.0000 0.0000 0.0000 0.0000 0.0000 0.0000 0.0000 0.0000 0.0000 0.0000 0.0000 0.0000 0.0000 0.0000 0.0000 0.0000 0.0000 0.0000 0.0000 0.0000 0.0000 0.0000 0.0000 0.0000 0.0000 0.0000 0.0000 0.0000 0.0000 0.0000 0.0000 0.0000 0.0000 0.0000 0.0000 0.0000 0.0000 0.0000 0.0000 0.0000 0.0000 0.0000 0.0000 0.0000 0.0000 0.0000 0.0000 0.0000 0.0000 0.0000 0.0000 0.0000 0.0000 0.0000 0.0000 0.0000 0.0000 0.0000 0.0000 0.0000 0.0000 0.0000 0.0000 0.0000 0.0000 0.0000 0.0000 0.0000 0.0000 0.0000 0.0000 0.0000 0.0000 0.0000 0.0000 0.0000 0.0000 0.0000 0.0000 0.0000 0.0000 0.0000 0.0000 0.0000 0.0000 0.0000 0.0000 0.0000 0.0000 0.0000 0.0000 0.0000 0.0000 0.0000 0.0000 0.0000 0.0000 0.0000 0.0000 0.0000 0.0000 0.0000 0.0000 0.0000 0.0000 0.0000 0.0000 0.0000 0.0000 0.0000 0.0000 0.0000 0.0000 0.0000 0.0000 0.0000 0.0000 0.0000 0.0000 0.0000 0.0000 0.0000 0.0000 0.0000 0.0000 0.0000 0.0000 0.0000 0.0000 0.0000 0.0000 0.0000 0.0000 0.0000 0.0000 0.0000 0.0000 0.0000 0.0000 0.0000 0.0000 0.0000 0.0000 0.0000 0.0000 0.0000 0.0000 0.0000 0.0000 0.0000 0.0000 0.0000 0.0000 0.0000 0.0000 0.0000 0.0000 0.0000 0.0000 0.0000 0.0000 0.0000 0.0000 0.0000 0.0000 0.0000 0.0000 0.0000 0.0000 0.0000 0.0000 0.0000 0.0000 0.0000 0.0000 0.0000 0.0000 0.0000 0.0000 0.0000 0.0000 0.0000 0.0000 0.0000 0.0000 0.0000 0.0000 0.0000 0.0000 0.0000 0.0000 0.0000 0.0000 0.0000 0.0000 0.0000 0.0000 0.0000 0.0000 0.0000 0.0000 0.0000 0.0000 0.0000 0.0000 0.0000 0.0000 0.0000 0.0000 0.0000 0.0000 0.0000 0.0000 0.0000 0.0000 0.0000 0.0000 0.0000 0.0000 0.0000 0.0000 0.0000 0.0000 0.0000 0.0000 0.0000 0.0000 0.0000 0.0000 0.0000 0.0000 0.0000 0.0000 0.0000 0.0000 0.0000 0.0000 0.0000 0.0000 0.0000 0.0000 0.0000 0.0000 0.0000 0.0000 0.0000 0.0000 0.0000 0.0000 0.0000 0.0000 0.0000 0.0000 0.0000 0.0000 0.0000 0.0000 0.0000 0.0000 0.0000 0.0000 0.0000 0.0000 0.0000 0.0000 0.0000 0.0000 0.0000 0.0000 0.0000 0.0000 0.0000 0.0000 0.0000 0.0000 0.0000 0.0000 0.0000 0.0000 0.0000 0.0000 0.0000 0.0000 0.0000 0.0000 0.0000 0.0000 0.0000 0.0000 0.0000 0.0000 0.0000 0.0000 0.0000 0.0000 0.0000 0.0000 0.0000 0.0000 0.0000 0.0000 0.0000 0.0000 0.0000 0.0000 0.0000 0.0000 0.0000 0.0000 0.0000 0.0000 0.0000 0.0000 0.0000 0.0000 0.0000 0.0000 0.0000 0.0000 0.0000 0.0000 0.0000 0.0000 0.0000 0.0000 0.0000 0.0000 0.0000 0.0000 0.0000 0.0000 0.0000 0.0000 0.0000 0.0000 0.0000 0.0000 0.0000 0.0000 0.0000 0.0000 0.0000 0.0000 0.0000 0.0000 0.0000 0.0000 0.0000 0.0000 0.0000 0.0000 0.0000 0.0000 0.0000 0.0000 0.0000 0.0000 0.0000 0.0000 0.0000 0.0000 0.0000 0.0000 0.0000 0.0000 0.0000 0.0000 0.0000 0.0000 0.0000 0.0000 0.0000 0.0000 0.0000 0.0000 0.0000 0.0000 0.0000 0.0000 0.0000 0.0000 0.0000 0.0000 0.0000 0.0000 0.0000 0.0000 0.0000 0.0000 0.0000 0.0000 0.0000 0.0000 0.0000 0.0000 0.0000 0.0000 0.0000 0.0000 0.0000 0.0000 0.0000 0.0000 0.0000 0.0000 0.0000 0.0000 0.0000 0.0000 0.0000 0.0000 0.0000 0.0000 0.0000 0.0000 0.0000 0.0000 0.0000 0.0000 0.0000 0.0000 0.0000 0.0000 0.0000 0.0000 0.0000 0.0000 0.0000 0.0000 0.0000 0.0000 0.0000 0.0000 0.0000 0.0000 0.0000 0.0000 0.0000 0.0000 0.0000 0.0000 0.0000 0.0000 0.0000 0.0000 0.0000 0.0000 0.0000 0.0000 0.0000 0.0000 0.0000 0.0000 0.0000 0.0000 0.0000 0.0000 0.0000 0.0000 0.0000 0.0000 0.0000 0.0000 0.0000 0.0000 0.0000 0.0000 0.0000 0.0000 0.0000 0.0000 0.0000 0.0000 0.0000 0.0000 0.0000 0.0000 0.0000 0.0000 0.0000 0.0000 0.0000 0.0000 0.0000 0.0000 0.0000 0.0000 0.0000 0.0000 0.0000 0.0000 0.0000 0.0000 0.0000 0.0000 0.0000 0.0000 0.0000 0.0000 0.0000 0.0000 0.0000 0.0000 0.0000 0.0000 0.0000 0.0000 0.0000 0.0000 0.0000 0.0000 0.0000 0.0000 0.0000 0.0000 0.0000 0.0000 0.0000 0.0000 0.0000 0.0000 0.0000 0.0000 0.0000 0.0000 0.0000 0.0000 0.0000 0.0000 0.0000 0.0000 0.0000 0.0000 0.0000 0.0000 0.0000 0.0000 0.0000 0.0000 0.0000 0.0000 0.0000 0.0000 0.0000 0.0000 0.0000 0.0000 0.0000 0.0000 0.0000 0.0000 0.0000 0.0000 0.0000 0.0000 0.0000 0.0000 0.0000 0.0000 0.0000 0.0000 0.0000 0.0000 0.0000 0.0000 0.0000 0.0000 0.0000 0.0000 0.0000 0.0000 0.0000 0.0000 0.0000 0.0000 0.0000 0.0000 0.0000 0.0000 0.0000 0.0000 0.0000 0.0000 0.0000 0.0000 0.0000 0.0000 0.0000 0.0000 0.0000 0.0000 0.0000 0.0000 0.0000 0.0000 0.0000 0.0000 0.0000 0.0000 0.0000 0.0000 0.0000 0.0000 0.0000 0.0000 0.0000 0.0000 0.0000 0.0000 0.0000 0.0000 0.0000 0.0000 0.0000 0.0000 0.0000 0.0000 0.0000 0.0000 0.0000 0.0000 0.0000 0.0000 0.0000 0.0000 0.0000 0.0000 0.0000 0.0000 0.0000 0.0000 0.0000 0.0000 0.0000 0.0000 0.0000 0.0000 0.0000 0.0000 0.0000 0.0000 0.0000 0.0000 0.0000 0.0000 0.0000 0.0000 0.0000 0.0000 0.0000 0.0000 0.0000 0.0000 0.0000 0.0000 0.0000 0.0000 0.0000 0.0000 0.0000 0.0000 0.0000 0.0000 0.0000 0.0000 0.0000 0.0000 0.0000 0.0000 0.0000 0.0000 0.0000 0.0000 0.0000 0.0000 0.0000 0.0000 0.0000 0.0000 0.0000 0.0000 0.0000 0.0000 0.0000 0.0000 0.0000 0.0000 0.0000 0.0000 0.0000 0.0000 0.0000 0.0000 0.0000 0.0000 0.0000 0.0000 0.0000 0.0000 0.0000 0.0000 0.0000 0.0000 0.0000 0.0000 0.0000 0.0000 0.0000 0.0000 0.0000 0.0000 0.0000 0.0000 0.0000 0.0000 0.0000 0.0000 0.0000 0.0000 0.0000 0.0000 0.0000 0.0000 0.0000 0.0000 0.0000 0.0000 0.0000 0.0000 0.0000 0.0000 0.0000 0.0000 0.0000 0.0000 0.0000 0.0000 0.0000 0.0000 0.0000 0.0000 0.0000 0.0000 0.0000 0.0000 0.0000 0.0000 0.0000 0.0000 0.0000 0.0000 0.0000 0.0000 0.0000 0.0000 0.0000 0.0000 0.0000 0.0000 0.0000 0.0000 0.0000 0.0000 0.0000 0.0000 0.0000 0.0000 0.0000 0.0000 0.0000 0.0000 0.0000 0.0000 0.0000 0.0000 0.0000 0.0000 0.0000 0.0000 0.0000 0.0000 0.0000 0.0000 0.0000 0.0000 0.0000 0.0000 0.0000 0.0000 0.0000 0.0000 0.0000 0.0000 0.0000 0.0000 0.0000 0.0000 0.0000 0.0000 0.0000 0.0000 0.0000 0.0000 0.0000 0.0000 0.0000 0.0000 0.0000 0.0000 0.0000 0.0000 0.0000 0.0000 0.0000 0.0000 0.0000 0.0000 0.0000 0.0000 0.0000 0.0000 0.0000 0.0000 0.0000 0.0000 0.0000 0.0000 0.0000 0.0000 0.0000 0.0000 0.0000 0.0000 0.0000 0.0000 0.0000 0.0000 0.0000 0.0000 0.0000 0.0000 0.0000 0.0000 0.0000 0.0000 0.0000 0.0000 0.0000 0.0000 0.0000 0.0000 0.0000 0.0000 0.0000 0.0000 0.0000 0.0000 0.0000 0.0000 0.0000 0.0000 0.0000 0.0000 0.0000 0.0000 0.0000 0.0000 0.0000 0.0000 0.0000 0.0000 0.0000 0.0000 0.0000 0.0000 0.0000 0.0000 0.0000 0.0000 0.0000 0.0000 0.0000 0.0000 0.0000 0.0000 0.0000 0.0000 0.0000 0.0000 0.0000 0.0000 0.0000 0.0000 0.0000 0.0000 0.0000 0.0000 0.0000 0.0000 0.0000 0.0000 0.0000 0.0000 0.0000 0.0000 0.0000 0.0000 0.0000 0.0000 0.0000 0.0000 0.0000 0.0000 0.0000 0.0000 0.0000 0.0000 0.0000 0.0000 0.0000 0.0000 0.0000 0.0000 0.0000 0.0000 0.0000 0.0000 0.0000 0.0000 0.0000 0.0000 0.0000 0.0000 0.0000 0.0000 0.0000 0.0000 0.0000 0.0000 0.0000 0.0000 0.0000 0.0000 0.0000 0.0000 0.0000 0.0000 0.0000 0.0000 0.0000 0.0000 0.0000 0.0000 0.0000 0.0000 0.0000 0.0000 0.0000 0.0000 0.0000 0.0000 0.0000 0.0000 0.0000 0.0000 0.0000 0.0000 0.0000 0.0000 0.0000 0.0000 0.0000 0.0000 0.0000 0.0000 0.0000 0.0000 0.0000 0.0000 0.0000 0.0000 0.0000 0.0000 0.0000 0.0000 0.0000 0.0000 0.0000 0.0000 0.0000 0.0000 0.0000 0.0000 0.0000 0.0000 0.0000 0.0000 0.0000 0.0000 0.0000 0.0000 0.0000 0.0000 0.0000 0.0000 0.0000 0.0000 0.0000 0.0000 0.0000 0.0000 0.0000 0.0000 0.0000 0.0000 0.0000 0.0000 0.0000 0.0000 0.0000 0.0000 0.0000 0.0000 0.0000 0.0000 0.0000 0.0000 0.0000 0.0000 0.0000 0.0000 0.0000 0.0000 0.0000 0.0000 0.0000 0.0000 0.0000 0.0000 0.0000 0.0000 0.0000 0.0000 0.0000 0.0000 0.0000 0.0000 0.0000 0.0000 0.0000 0.0000 0.0000 0.0000 0.0000 0.0000 0.0000 0.0000 0.0000 0.0000 0.0000 0.0000 0.0000 0.0000 0.0000 0.0000 0.0000 0.0000 0.0000 0.0000 0.0000 0.0000 0.0000 0.0000 0.0000 0.0000 0.0000 0.0000 0.0000 0.0000 0.0000 0.0000 0.0000 0.0000 0.0000 0.0000 0.0000 0.0000 0.0000 0.0000 0.0000 0.0000 0.0000 0.0000 0.0000 0.0000 0.0000 0.0000 0.0000 0.0000 0.0000 0.0000 0.0000 0.0000 0.0000 0.0000 0.0000 0.0000 0.0000 0.0000 0.0000 0.0000 0.0000 0.0000 0.0000 0.0000 0.0000 0.0000 0.0000 0.0000 0.0000 0.0000 0.0000 0.0000 0.0000 0.0000 0.0000 0.0000 0.0000 0.0000 0.0000 0.0000 0.0000 0.0000 0.0000 0.0000 0.0000 0.0000 0.0000 0.0000 0.0000 0.0000 0.0000 0.0000 0.0000 0.0000 0.0000 0.0000 0.0000 0.0000 0.0000 0.0000 0.0000 0.0000 0.0000 0.0000 0.0000 0.0000 0.0000 0.0000 0.0000 0.0000 0.0000 0.0000 0.0000 0.0000 0.0000 0.0000 0.0000 0.0000 0.0000 0.0000 0.0000 0.0000 0.0000 0.0000 0.0000 0.0000 0.0000 0.0000 0.0000 0.0000 0.0000 0.0000 0.0000 0.0000 0.0000 0.0000 0.0000 0.0000 0.0000 0.0000 0.0000 0.0000 0.0000 0.0000 0.0000 0.0000 0.0000 0.0000 0.0000 0.0000 0.0000 0.0000 0.0000 0.0000 0.0000 0.0000 0.0000 0.0000 0.0000 0.0000 0.0000 0.0000 0.0000 0.0000 0.0000 0.0000 0.0000 0.0000 0.0000 0.0000 0.0000 0.0000 0.0000 0.0000 0.0000 0.0000 0.0000 0.0000 0.0000 0.0000 0.0000 0.0000 0.0000 0.0000 0.0000 0.0000 0.0000 0.0000 0.0000 0.0000 0.0000 0.0000 0.0000 0.0000 0.0000 0.0000 0.0000 0.0000 0.0000 0.0000 0.0000 0.0000 0.0000 0.0000 0.0000 0.0000 0.0000 0.0000 0.0000 0.0000 0.0000 0.0000 0.0000 0.0000 0.0000 0.0000 0.0000 0.0000 0.0000 0.0000 0.0000 0.0000 0.0000 0.0000 0.0000 0.0000 0.0000 0.0000 0.0000 0.0000 0.0000 0.0000 0.0000 0.0000 0.0000 0.0000 0.0000 0.0000 0.0000 0.0000 0.0000 0.0000 0.0000 0.0000 0.0000 0.0000 0.0000 0.0000 0.0000 0.0000 0.0000 0.0000 0.0000 0.0000 0.0000 0.0000 0.0000 0.0000 0.0000 0.0000 0.0000 0.0000 0.0000 0.0000 0.0000 0.0000 0.0000 0.0000 0.0000 0.0000 0.0000 0.0000 0.0000 0.0000 0.0000 0.0000 0.0000 0.0000 0.0000 0.0000 0.0000 0.0000 0.0000 0.0000 0.0000 0.0000 0.0000 0.0000 0.0000 0.0000 0.0000 0.0000 0.0000 0.0000 0.0000 0.0000 0.0000 0.0000 0.0000 0.0000 0.0000 0.0000 0.0000 0.0000 0.0000 0.0000 0.0000 0.0000 0.0000 0.0000 0.0000 0.0000 0.0000 0.0000 0.0000 0.0000 0.0000 0.0000 0.0000 0.0000 0.0000 0.0000 0.0000 0.0000 0.0000 0.0000 0.0000 0.0000 0.0000 0.0000 0.0000 0.0000 0.0000 0.0000 0.0000 0.0000 0.0000 0.0000 0.0000 0.0000 0.0000 0.0000 0.0000 0.0000 0.0000 0.0000 0.0000 0.0000 0.0000 0.0000 0.0000 0.0000 0.0000 0.0000 0.0000 0.0000 0.0000 0.0000 0.0000 0.0000 0.0000 0.0000 0.0000 0.0000 0.0000 0.0000 0.0000 0.0000 0.0000 0.0000 0.0000 0.0000 0.0000 0.0000 0.0000 0.0000 0.0000 0.0000 0.0000 0.0000 0.0000 0.0000 0.0000 0.0000 0.0000 0.0000 0.0000 0.0000 0.0000 0.0000 0.0000 0.0000 0.0000 0.0000 0.0000 0.0000 0.0000 0.0000 0.0000 0.0000 0.0000 0.0000 0.0000 0.0000 0.0000 0.0000 0.0000 0.0000 0.0000 0.0000 0.0000 0.0000 0.0000 0.0000 0.0000 0.0000 0.0000 0.0000 0.0000 0.0000 0.0000 0.0000 0.0000 0.0000 0.0000 0.0000 0.0000 0.0000 0.0000 0.0000 0.0000 0.0000 0.0000 0.0000 0.0000 0.0000 0.0000 0.0000 0.0000 0.0000 0.0000 0.0000 0.0000 0.0000 0.0000 0.0000 0.0000 0.0000 0.0000 0.0000 0.0000 0.0000 0.0000 0.0000 0.0000 0.0000 0.0000 0.0000 0.0000 0.0000 0.0000 0.0000 0.0000 0.0000 0.0000 0.0000 0.0000 0.0000 0.0000 0.0000 0.0000 0.0000 0.0000 0.0000 0.0000 0.0000 0.0000 0.0000 0.0000 0.0000 0.0000 0.0000 0.0000 0.0000 0.0000 0.0000 0.0000 0.0000 0.0000 0.0000 0.0000 0.0000 0.0000 0.0000 0.0000 0.0000 0.0000 0.0000 0.0000 0.0000 0.0000 0.0000 0.0000 0.0000 0.0000 0.0000 0.0000 0.0000 0.0000 0.0000 0.0000 0.0000 0.0000 0.0000 0.0000 0.0000 0.0000 0.0000 0.0000 0.0000 0.0000 0.0000 0.0000 0.0000 0.0000 0.0000 0.0000 0.0000 0.0000 0.0000 0.0000 0.0000 0.0000 0.0000 0.0000 0.0000 0.0000 0.0000 0.0000 0.0000 0.0000 0.0000 0.0000 0.0000 0.0000 0.0000 0.0000 0.0000 0.0000 0.0000 0.0000 0.0000 0.0000 0.0000 0.0000 0.0000 0.0000 0.0000 0.0000 0.0000 0.0000 0.0000 0.0000 0.0000 0.0000 0.0000 0.0000 0.0000 0.0000 0.0000 0.0000 0.0000 0.0000 0.0000 0.0000 0.0000 0.0000 0.0000 0.0000 0.0000 0.0000 0.0000 0.0000 0.0000 0.0000 0.0000 0.0000 0.0000 0.0000 0.0000 0.0000 0.0000 0.0000 0.0000 0.0000 0.0000 0.0000 0.0000 0.0000 0.0000 0.0000 0.0000 0.0000 0.0000 0.0000 0.0000 0.0000 0.0000 0.0000 0.0000 0.0000 0.0000 0.0000 0.0000 0.0000 0.0000 0.0000 0.0000 0.0000 0.0000 0.0000 0.0000 0.0000 0.0000 0.0000 0.0000 0.0000 0.0000 0.0000 0.0000 0.0000 0.0000 0.0000 0.0000 0.0000 0.0000 0.0000 0.0000 0.0000 0.0000 0.0000 0.0000 0.0000 0.0000 0.0000 0.0000 0.0000 0.0000 0.0000 0.0000 0.0000 0.0000 0.0000 0.0000 0.0000 0.0000 0.0000 0.0000 0.0000 0.0000 0.0000 0.0000 0.0000 0.0000 0.0000 0.0000 0.0000 0.0000 0.0000 0.0000 0.0000 0.0000 0.0000 0.0000 0.0000 0.0000 0.0000 0.0000 0.0000 0.0000 0.0000 0.0000 0.0000 0.0000 0.0000 0.0000 0.0000 0.0000 0.0000 0.0000 0.0000 0.0000 0.0000 0.0000 0.0000 0.0000 0.0000 0.0000 0.0000 0.0000 0.0000 0.0000 0.0000 0.0000 0.0000 0.0000 0.0000 0.0000 0.0000 0.0000 0.0000 0.0000 0.0000 0.0000 0.0000 0.0000 0.0000 0.0000 0.0000 0.0000 0.0000 0.0000 0.0000 0.0000 0.0000 0.0000 0.0000 0.0000 0.0000 0.0000 0.0000 0.0000 0.0000 0.0000 0.0000 0.0000 0.0000 0.0000 0.0000 0.0000 0.0000 0.0000 0.0000 0.0000 0.0000 0.0000 0.0000 0.0000 0.0000 0.0000 0.0000 0.0000 0.0000 0.0000 0.0000 0.0000 0.0000 0.0000 0.0000 0.0000 0.0000 0.0000 0.0000 0.0000 0.0000 0.0000 0.0000 0.0000 0.0000 0.0000 0.0000 0.0000 0.0000 0.0000 0.0000 0.0000 0.0000 0.0000 0.0000 0.0000 0.0000 0.0000 0.0000 0.0000 0.0000 0.0000 0.0000 0.0000 0.0000 0.0000 0.0000 0.0000 0.0000 0.0000 0.0000 0.0000 0.0000 0.0000 0.0000 0.0000 0.0000 0.0000 0.0000 0.0000 0.0000 0.0000 0.0000 0.0000 0.0000 0.0000 0.0000 0.0000 0.0000 0.0000 0.0000 0.0000 0.0000 0.0000 0.0000 0.0000 0.0000 0.0000 0.0000 0.0000 0.0000 0.0000 0.0000 0.0000 0.0000 0.0000 0.0000 0.0000 0.0000 0.0000 0.0000 0.0000 0.0000 0.0000 0.0000 0.0000 0.0000 0.0000 0.0000 0.0000 0.0000 0.0000 0.0000 0.0000 0.0000 0.0000 0.0000 0.0000 0.0000 0.0000 0.0000 0.0000 0.0000 0.0000 0.0000 0.0000 0.0000 0.0000 0.0000 0.0000 0.0000 0.0000 0.0000 0.0000 0.0000 0.0000 0.0000 0.0000 0.0000 0.0000 0.0000 0.0000 0.0000 0.0000 0.0000 0.0000 0.0000 0.0000 0.0000 0.0000 0.0000 0.0000 0.0000 0.0000 0.0000 0.0000 0.0000 0.0000 0.0000 0.0000 0.0000 0.0000 0.0000 0.0000 0.0000 0.0000 0.0000 0.0000 0.0000 0.0000 0.0000 0.0000 0.0000 0.0000 0.0000 0.0000 0.0000 0.0000 0.0000 0.0000 0.0000 0.0000 0.0000 0.0000 0.0000 0.0000 0.0000 0.0000 0.0000 0.0000 0.0000 0.0000 0.0000 0.0000 0.0000 0.0000 0.0000 0.0000 0.0000 0.0000 0.0000 0.0000 0.0000 0.0000 0.0000 0.0000 0.0000 0.0000 0.0000 0.0000 0.0000 0.0000 0.0000 0.0000 0.0000 0.0000 0.0000 0.0000 0.0000 0.0000 0.0000 0.0000 0.0000 0.0000 0.0000 0.0000 0.0000 0.0000 0.0000 0.0000 0.0000 0.0000 0.0000 0.0000 0.0000 0.0000 0.0000 0.0000 0.0000 0.0000 0.0000 0.0000 0.0000 0.0000 0.0000 0.0000 0.0000 0.0000 0.0000 0.0000 0.0000 0.0000 0.0000 0.0000 0.0000 0.0000 0.0000 0.0000 0.0000 0.0000 0.0000 0.0000 0.0000 0.0000 0.0000 0.0000 0.0000 0.0000 0.0000 0.0000 0.0000 0.0000 0.0000 0.0000 0.0000 0.0000 0.0000 0.0000 0.0000 0.0000 0.0000 0.0000 0.0000 0.0000 0.0000 0.0000 0.0000 0.0000 0.0000 0.0000 0.0000 0.0000 0.0000 0.0000 0.0000 0.0000 0.0000 0.0000 0.0000 0.0000 0.0000 0.0000 0.0000 0.0000 0.0000 0.0000 0.0000 0.0000 0.0000 0.0000 0.0000 0.0000 0.0000 0.0000 0.0000 0.0000 0.0000 0.0000 0.0000 0.0000 0.0000 0.0000 0.0000 0.0000 0.0000 0.0000 0.0000 0.0000 0.0000 0.0000 0.0000 0.0000 0.0000 0.0000 0.0000 0.0000 0.0000 0.0000 0.0000 0.0000 0.0000 0.0000 0.0000 0.0000 0.0000 0.0000 0.0000 0.0000 0.0000 0.0000 0.0000 0.0000 0.0000 0.0000 0.0000 0.0000 0.0000 0.0000 0.0000 0.0000 0.0000 0.0000 0.0000 0.0000 0.0000 0.0000 0.0000 0.0000 0.0000 0.0000 0.0000 0.0000 0.0000 0.0000 0.0000 0.0000 0.0000 0.0000 0.0000 0.0000 0.0000 0.0000 0.0000 0.0000 0.0000 0.0000 0.0000 0.0000 0.0000 0.0000 0.0000 0.0000 0.0000 0.0000 0.0000 0.0000 0.0000 0.0000 0.0000 0.0000 0.0000 0.0000 0.0000 0.0000 0.0000 0.0000 0.0000 0.0000 0.0000 0.0000 0.0000 0.0000 0.0000 0.0000 0.0000 0.0000 0.0000 0.0000 0.0000 0.0000 0.0000 0.0000 0.0000 0.0000 0.0000 0.0000 0.0000 0.0000 0.0000 0.0000 0.0000 0.0000 0.0000 0.0000 0.0000 0.0000 0.0000 0.0000 0.0000 0.0000 0.0000 0.0000 0.0000 0.0000 0.0000 0.0000 0.0000 0.0000 0.0000 0.0000 0.0000 0.0000 0.0000 0.0000 0.0000 0.0000 0.0000 0.0000 0.0000 0.0000 0.0000 0.0000 0.0000 0.0000 0.0000 0.0000 0.0000 0.0000 0.0000 0.0000 0.0000 0.0000 0.0000 0.0000 0.0000 0.0000 0.0000 0.0000 0.0000 0.0000 0.0000 0.0000 0.0000 0.0000 0.0000 0.0000 0.0000 0.0000 0.0000 0.0000 0.0000 0.0000 0.0000 0.0000 0.0000 0.0000 0.0000 0.0000 0.0000 0.0000 0.0000 0.0000 0.0000 0.0000 0.0000 0.0000 0.0000 0.0000 0.0000 0.0000 0.0000 0.0000 0.0000 0.0000 0.0000 0.0000 0.0000 0.0000 0.0000 0.0000 0.0000 0.0000 0.0000 0.0000 0.0000 0.0000 0.0000 0.0000 0.0000 0.0000 0.0000 0.0000 0.0000 0.0000 0.0000 0.0000 0.0000 0.0000 0.0000 0.0000 0.0000 0.0000 0.0000 0.0000 0.0000 0.0000 0.0000 0.0000 0.0000 0.0000 0.0000 0.0000 0.0000 0.0000 0.0000 0.0000 0.0000 0.0000 0.0000 0.0000 0.0000 0.0000 0.0000 0.0000 0.0000 0.0000 0.0000 0.0000 0.0000 0.0000 0.0000 0.0000 0.0000 0.0000 0.0000 0.0000 0.0000 0.0000 0.0000 0.0000 0.0000 0.0000 0.0000 0.0000 0.0000 0.0000 0.0000 0.0000 0.0000 0.0000 0.0000 0.0000 0.0000 0.0000 0.0000 0.0000 0.0000 0.0000 0.0000 0.0000 0.0000 0.0000 0.0000 0.0000 0.0000 0.0000 0.0000 0.0000 0.0000 0.0000 0.0000 0.0000 0.0000 0.0000 0.0000 0.0000 0.0000 0.0000 0.0000 0.0000 0.0000 0.0000 0.0000 0.0000 0.0000 0.0000 0.0000 0.0000 0.0000 0.0000 0.0000 0.0000 0.0000 0.0000 0.0000 0.0000 0.0000 0.0000 0.0000 0.0000 0.0000 0.0000 0.0000 0.0000 0.0000 0.0000 0.0000 0.0000 0.0000 0.0000 0.0000 0.0000 0.0000 0.0000 0.0000 0.0000 0.0000 0.0000 0.0000 0.0000 0.0000 0.0000 0.0000 0.0000 0.0000 0.0000 0.0000 0.0000 0.0000 0.0000 0.0000 0.0000 0.0000 0.0000 0.0000 0.0000 0.0000 0.0000 0.0000 0.0000 0.0000 0.0000 0.0000 0.0000 0.0000 0.0000 0.0000 0.0000 0.0000 0.0000 0.0000 0.0000 0.0000 0.0000 0.0000 0.0000 0.0000 0.0000 0.0000 0.0000 0.0000 0.0000 0.0000 0.0000 0.0000 0.0000 0.0000 0.0000 0.0000 0.0000 0.0000 0.0000 0.0000 0.0000 0.0000 0.0000 0.0000 0.0000 0.0000 0.0000 0.0000 0.0000 0.0000 0.0000 0.0000 0.0000 0.0000 0.0000 0.0000 0.0000 0.0000 0.0000 0.0000 0.0000 0.0000 0.0000 0.0000 0.0000 0.0000 0.0000 0.0000 0.0000 0.0000 0.0000 0.0000 0.0000 0.0000 0.0000 0.0000 0.0000 0.0000 0.0000 0.0000 0.0000 0.0000 0.0000 0.0000 0.0000 0.0000 0.0000 0.0000 0.0000 0.0000 0.0000 0.0000 0.0000 0.0000 0.0000 0.0000 0.0000 0.0000 0.0000 0.0000 0.0000 0.0000 0.0000 0.0000 0.0000 0.0000 0.0000 0.0000 0.0000 0.0000 0.0000 0.0000 0.0000 0.0000 0.0000 0.0000 0.0000 0.0000 0.0000 0.0000 0.0000 0.0000 0.0000 0.0000 0.0000 0.0000 0.0000 0.0000 0.0000 0.0000 0.0000 0.0000 0.0000 0.0000 0.0000 0.0000 0.0000 0.0000 0.0000 0.0000 0.0000 0.0000 0.0000 0.0000 0.0000 0.0000 0.0000 0.0000 0.0000 0.0000 0.0000 0.0000 0.0000 0.0000 0.0000 0.0000 0.0000 0.0000 0.0000 0.0000 0.0000 0.0000 0.0000 0.0000 0.0000 0.0000 0.0000 0.0000 0.0000 0.0000 0.0000 0.0000 0.0000 0.0000 0.0000 0.0000 0.0000 0.0000 0.0000 0.0000 0.0000 0.0000 0.0000 0.0000 0.0000 0.0000 0.0000 0.0000 0.0000 0.0000 0.0000 0.0000 0.0000 0.0000 0.0000 0.0000 0.0000 0.0000 0.0000 0.0000 0.0000 0.0000 0.0000 0.0000 0.0000 0.0000 0.0000 0.0000 0.0000 0.0000 0.0000 0.0000 0.0000 0.0000 0.0000 0.0000 0.0000 0.0000 0.0000 0.0000 0.0000 0.0000 0.0000 0.0000 0.0000 0.0000 0.0000 0.0000 0.0000 0.0000 0.0000 0.0000 0.0000 0.0000 0.0000 0.0000 0.0000 0.0000 0.0000 0.0000 0.0000 0.0000 0.0000 0.0000 0.0000 0.0000 0.0000 0.0000 0.0000 0.0000 0.0000 0.0000 0.0000 0.0000 0.0000 0.0000 0.0000 0.0000 0.0000 0.0000 0.0000 0.0000 0.0000 0.0000 0.0000 0.0000 0.0000 0.0000 0.0000 0.0000 0.0000 0.0000 0.0000 0.0000 0.0000 0.0000 0.0000 0.0000 0.0000 0.0000 0.0000 0.0000 0.0000 0.0000 0.0000 0.0000 0.0000 0.0000 0.0000 0.0000 0.0000 0.0000 0.0000 0.0000 0.0000 0.0000 0.0000 0.0000 0.0000 0.0000 0.0000 0.0000 0.0000 0.0000 0.0000 0.0000 0.0000 0.0000 0.0000 0.0000 0.0000 0.0000 0.0000 0.0000 0.0000 0.0000 0.0000 0.0000 0.0000 0.0000 0.0000 0.0000 0.0000 0.0000 0.0000 0.0000 0.0000 0.0000 0.0000 0.0000 0.0000 0.0000 0.0000 0.0000 0.0000 0.0000 0.0000 0.0000 0.0000 0.0000 0.0000 0.0000 0.0000 0.0000 0.0000 0.0000 0.0000 0.0000 0.0000 0.0000 0.0000 0.0000 0.0000 0.0000 0.0000 0.0000 0.0000 0.0000 0.0000 0.0000 0.0000 0.0000 0.0000 0.0000 0.0000 0.0000 0.0000 0.0000 0.0000 0.0000 0.0000 0.0000 0.0000 0.0000 0.0000 0.0000 0.0000 0.0000 0.0000 0.0000 0.0000 0.0000 0.0000 0.0000 0.0000 0.0000 0.0000 0.0000 0.0000 0.0000 0.0000 0.0000 0.0000 0.0000 0.0000 0.0000 0.0000 0.0000 0.0000 0.0000 0.0000 0.0000 0.0000 0.0000 0.0000 0.0000 0.0000 0.0000 0.0000 0.0000 0.0000 0.0000 0.0000 0.0000 0.0000 0.0000 0.0000 0.0000 0.0000 0.0000 0.0000 0.0000 0.0000 0.0000 0.0000 0.0000 0.0000 0.0000 0.0000 0.0000 0.0000 0.0000 0.0000 0.0000 0.0000 0.0000 0.0000 0.0000 0.0000 0.0000 0.0000 0.0000 0.0000 0.0000 0.0000 0.0000 0.0000 0.0000 0.0000 0.0000 0.0000 0.0000 0.0000 0.0000 0.0000 0.0000 0.0000 0.0000 0.0000 0.0000 0.0000 0.0000 0.0000 0.0000 0.0000 0.0000 0.0000 0.0000 0.0000 0.0000 0.0000 0.0000 0.0000 0.0000 0.0000 0.0000 0.0000 0.0000 0.0000 0.0000 0.0000 0.0000 0.0000 0.0000 0.0000 0.0000 0.0000 0.0000 0.0000 0.0000 0.0000 0.0000 0.0000 0.0000 0.0000 0.0000 0.0000 0.0000 0.0000 0.0000 0.0000 0.0000 0.0000 0.0000 0.0000 0.0000 0.0000 0.0000 0.0000 0.0000 0.0000 0.0000 0.0000 0.0000 0.0000 0.0000 0.0000 0.0000 0.0000 0.0000 0.0000 0.0000 0.0000 0.0000 0.0000 0.0000 0.0000 0.0000 0.0000 0.0000 0.0000 0.0000 0.0000 0.0000 0.0000 0.0000 0.0000 0.0000 0.0000 0.0000 0.0000 0.0000 0.0000 0.0000 0.0000 0.0000 0.0000 0.0000 0.0000 0.0000 0.0000 0.0000 0.0000 0.0000 0.0000 0.0000 0.0000 0.0000 0.0000 0.0000 0.0000 0.0000 0.0000 0.0000 0.0000 0.0000 0.0000 0.0000 0.0000 0.0000 0.0000 0.0000 0.0000 0.0000 0.0000 0.0000 0.0000 0.0000 0.0000 0.0000 0.0000 0.0000 0.0000 0.0000 0.0000 0.0000 0.0000 0.0000 0.0000 0.0000 0.0000 0.0000 0.0000 0.0000 0.0000 0.0000 0.0000 0.0000 0.0000 0.0000 0.0000 0.0000 0.0000 0.0000 0.0000 0.0000 0.0000 0.0000 0.0000 0.0000 0.0000 0.0000 0.0000 0.0000 0.0000 0.0000 0.0000 0.0000 0.0000 0.0000 0.0000 0.0000 0.0000 0.0000 0.0000 0.0000 0.0000 0.0000 0.0000 0.0000 0.0000 0.0000 0.0000 0.0000 0.0000 0.0000 0.0000 0.0000 0.0000 0.0000 0.0000 0.0000 0.0000 0.0000 0.0000 0.0000 0.0000 0.0000 0.0000 0.0000 0.0000 0.0000 0.0000 0.0000 0.0000 0.0000 0.0000 0.0000 0.0000 0.0000 0.0000 0.0000 0.0000 0.0000 0.0000 0.0000 0.0000 0.0000 0.0000 0.0000 0.0000 0.0000 0.0000 0.0000 0.0000 0.0000 0.0000 0.0000 0.0000 0.0000 0.0000 0.0000 0.0000 0.0000 0.0000 0.0000 0.0000 0.0000 0.0000 0.0000 0.0000 0.0000 0.0000 0.0000 0.0000 0.0000 0.0000 0.0000 0.0000 0.0000 0.0000 0.0000 0.0000 0.0000 0.0000 0.0000 0.0000 0.0000 0.0000 0.0000 0.0000 0.0000 0.0000 0.0000 0.0000 0.0000 0.0000 0.0000 0.0000 0.0000 0.0000 0.0000 0.0000 0.0000 0.0000 0.0000 0.0000 0.0000 0.0000 0.0000 0.0000 0.0000 0.0000 0.0000 0.0000 0.0000 0.0000 0.0000 0.0000 0.0000 0.0000 0.0000 0.0000 0.0000 0.0000 0.0000 0.0000 0.0000 0.0000 0.0000 0.0000 0.0000 0.0000 0.0000 0.0000 0.0000 0.0000 0.0000 0.0000 0.0000 0.0000 0.0000 0.0000 0.0000 0.0000 0.0000 0.0000 0.0000 0.0000 0.0000 0.0000 0.0000 0.0000 0.0000 0.0000 0.0000 0.0000 0.0000 0.0000 0.0000 0.0000 0.0000 0.0000 0.0000 0.0000 0.0000 0.0000 0.0000 0.0000 0.0000 0.0000 0.0000 0.0000 0.0000 0.0000 0.0000 0.0000 0.0000 0.0000 0.0000 0.0000 0.0000 0.0000 0.0000 0.0000 0.0000 0.0000 0.0000 0.0000 0.0000 0.0000 0.0000 0.0000 0.0000 0.0000 0.0000 0.0000 0.0000 0.0000 0.0000 0.0000 0.0000 0.0000 0.0000 0.0000 0.0000 0.0000 0.0000 0.0000 0.0000 0.0000 0.0000 0.0000 0.0000 0.0000 0.0000 0.0000 0.0000 0.0000 0.0000 0.0000 0.0000 0.0000 0.0000 0.0000 0.0000 0.0000 0.0000 0.0000 0.0000 0.0000 0.0000 0.0000 0.0000 0.0000 0.0000 0.0000 0.0000 0.0000 0.0000 0.0000 0.0000 0.0000 0.0000 0.0000 0.0000 0.0000 0.0000 0.0000 0.0000 0.0000 0.0000 0.0000 0.0000 0.0000 0.0000 0.0000 0.0000 0.0000 0.0000 0.0000 0.0000 0.0000 0.0000 0.0000 0.0000 0.0000 0.0000 0.0000 0.0000 0.0000 0.0000 0.0000 0.0000 0.0000 0.0000 0.0000 0.0000 0.0000 0.0000 0.0000 0.0000 0.0000 0.0000 0.0000 0.0000 0.0000 0.0000 0.0000 0.0000 0.0000 0.0000 0.0000 0.0000 0.0000 0.0000 0.0000 0.0000 0.0000 0.0000 0.0000 0.0000 0.0000 0.0000 0.0000 0.0000 0.0000 0.0000 0.0000 0.0000 0.0000 0.0000 0.0000 0.0000 0.0000 0.0000 0.0000 0.0000 0.0000 0.0000 0.0000 0.0000 0.0000 0.0000 0.0000 0.0000 0.0000 0.0000 0.0000 0.0000 0.0000 0.0000 0.0000 0.0000 0.0000 0.0000 0.0000 0.0000 0.0000 0.0000 0.0000 0.0000 0.0000 0.0000 0.0000 0.0000 0.0000 0.0000 0.0000 0.0000 0.0000 0.0000 0.0000 0.0000 0.0000 0.0000 0.0000 0.0000 0.0000 0.0000 0.0000 0.0000 0.0000 0.0000 0.0000 0.0000 0.0000 0.0000 0.0000 0.0000 0.0000 0.0000 0.0000 0.0000 0.0000 0.0000 0.0000 0.0000 0.0000 0.0000 0.0000 0.0000 0.0000 0.0000 0.0000 0.0000 0.0000 0.0000 0.0000 0.0000 0.0000 0.0000 0.0000 0.0000 0.0000 0.0000 0.0000 0.0000 0.0000 0.0000 0.0000 0.0000 0.0000 0.0000 0.0000 0.0000 0.0000 0.0000 0.0000 0.0000 0.0000 0.0000 0.0000 0.0000 0.0000 0.0000 0.0000 0.0000 0.0000 0.0000 0.0000 0.0000 0.0000 0.0000 0.0000 0.0000 0.0000 0.0000 0.0000 0.0000 0.0000 0.0000 0.0000 0.0000 0.0000 0.0000 0.0000 0.0000 0.0000 0.0000 0.0000 0.0000 0.0000 0.0000 0.0000 0.0000 0.0000 0.0000 0.0000 0.0000 0.0000 0.0000 0.0000 0.0000 0.0000 0.0000 0.0000 0.0000 0.0000 0.0000 0.0000 0.0000 0.0000 0.0000 0.0000 0.0000 0.0000 0.0000 0.0000 0.0000 0.0000 0.0000 0.0000 0.0000 0.0000 0.0000 0.0000 0.0000 0.0000 0.0000 0.0000 0.0000 0.0000 0.0000 0.0000 0.0000 0.0000 0.0000 0.0000 0.0000 0.0000 0.0000 0.0000 0.0000 0.0000 0.0000 0.0000 0.0000 0.0000 0.0000 0.0000 0.0000 0.0000 0.0000 0.0000 0.0000 0.0000 0.0000 0.0000 0.0000 0.0000 0.0000 0.0000 0.0000 0.0000 0.0000 0.0000 0.0000 0.0000 0.0000 0.0000 0.0000 0.0000 0.0000 0.0000 0.0000 0.0000 0.0000 0.0000 0.0000 0.0000 0.0000 0.0000 0.0000 0.0000 0.0000 0.0000 0.0000 0.0000 0.0000 0.0000 0.0000 0.0000 0.0000 0.0000 0.0000 0.0000 0.0000 0.0000 0.0000 0.0000 0.0000 0.0000 0.0000 0.0000 0.0000 0.0000 0.0000 0.0000 0.0000 0.0000 0.0000 0.0000 0.0000 0.0000 0.0000 0.0000 0.0000 0.0000 0.0000 0.0000 0.0000 0.0000 0.0000 0.0000 0.0000 0.0000 0.0000 0.0000 0.0000 0.0000 0.0000 0.0000 0.0000 0.0000 0.0000 0.0000 0.0000 0.0000 0.0000 0.0000 0.0000 0.0000 0.0000 0.0000 0.0000 0.0000 0.0000 0.0000 0.0000 0.0000 0.0000 0.0000 0.0000 0.0000 0.0000 0.0000 0.0000 0.0000 0.0000 0.0000 0.0000 0.0000 0.0000 0.0000 0.0000 0.0000 0.0000 0.0000 0.0000 0.0000 0.0000 0.0000 0.0000 0.0000 0.0000 0.0000 0.0000 0.0000 0.0000 0.0000 0.0000 0.0000 0.0000 0.0000 0.0000 0.0000 0.0000 0.0000 0.0000 0.0000 0.0000 0.0000 0.0000 0.0000 0.0000 0.0000 0.0000 0.0000 0.0000 0.0000 0.0000 0.0000 0.0000 0.0000 0.0000 0.0000 0.0000 0.0000 0.0000 0.0000 0.0000 0.0000 0.0000 0.0000 0.0000 0.0000 0.0000 0.0000 0.0000 0.0000 0.0000 0.0000 0.0000 0.0000 0.0000 0.0000 0.0000 0.0000 0.0000 0.0000 0.0000 0.0000 0.0000 0.0000 0.0000 0.0000 0.0000 0.0000 0.0000 0.0000 0.0000 0.0000 0.0000 0.0000 0.0000 0.0000 0.0000 0.0000 0.0000 0.0000 0.0000 0.0000 0.0000 0.0000 0.0000 0.0000 0.0000 0.0000 0.0000 0.0000 0.0000 0.0000 0.0000 0.0000 0.0000 0.0000 0.0000 0.0000 0.0000 0.0000 0.0000 0.0000 0.0000 0.0000 0.0000 0.0000 0.0000 0.0000 0.0000 0.0000 0.0000 0.0000 0.0000 0.0000 0.0000 0.0000 0.0000 0.0000 0.0000 0.0000 0.0000 0.0000 0.0000 0.0000 0.0000 0.0000 0.0000 0.0000 0.0000 0.0000 0.0000 0.0000 0.0000 0.0000 0.0000 0.0000 0.0000 0.0000 0.0000 0.0000 0.0000 0.0000 0.0000 0.0000 0.0000 0.0000 0.0000 0.0000 0.0000 0.0000 0.0000 0.0000 0.0000 0.0000 0.0000 0.0000 0.0000 0.0000 0.0000 0.0000 0.0000 0.0000 0.0000 0.0000 0.0000 0.0000 0.0000 0.0000 0.0000 0.0000 0.0000 0.0000 0.0000 0.0000 0.0000 0.0000 0.0000 0.0000 0.0000 0.0000 0.0000 0.0000 0.0000 0.0000 0.0000 0.0000 0.0000 0.0000 0.0000 0.0000 0.0000 0.0000 0.0000 0.0000 0.0000 0.0000 0.0000 0.0000 0.0000 0.0000 0.0000 0.0000 0.0000 0.0000 0.0000 0.0000 0.0000 0.0000 0.0000 0.0000 0.0000 0.0000 0.0000 0.0000 0.0000 0.0000 0.0000 0.0000 0.0000 0.0000 0.0000 0.0000 0.0000 0.0000 0.0000 0.0000 0.0000 0.0000 0.0000 0.0000 0.0000 0.0000 0.0000 0.0000 0.0000 0.0000 0.0000 0.0000 0.0000 0.0000 0.0000 0.0000 0.0000 0.0000 0.0000 0.0000 0.0000 0.0000 0.0000 0.0000 0.0000 0.0000 0.0000 0.0000 0.0000 0.0000 0.0000 0.0000 0.0000 0.0000 0.0000 0.0000 0.0000 0.0000 0.0000 0.0000 0.0000 0.0000 0.0000 0.0000 0.0000 0.0000 0.0000 0.0000 0.0000 0.0000 0.0000 0.0000 0.0000 0.0000 0.0000 0.0000 0.0000 0.0000 0.0000 0.0000 0.0000 0.0000 0.0000 0.0000 0.0000 0.0000 0.0000 0.0000 0.0000 0.0000 0.0000 0.0000 0.0000 0.0000 0.0000 0.0000 0.0000 0.0000 0.0000 0.0000 0.0000 0.0000 0.0000 0.0000 0.0000 0.0000 0.0000 0.0000 0.0000 0.0000 0.0000 0.0000 0.0000 0.0000 0.0000 0.0000 0.0000 0.0000 0.0000 0.0000 0.0000 0.0000 0.0000 0.0000 0.0000 0.0000 0.0000 0.0000 0.0000 0.0000 0.0000 0.0000 0.0000 0.0000 0.0000 0.0000 0.0000 0.0000 0.0000 0.0000 0.0000 0.0000 0.0000 0.0000 0.0000 0.0000 0.0000 0.0000 0.0000 0.0000 0.0000 0.0000 0.0000 0.0000 0.0000 0.0000 0.0000 0.0000 0.0000 0.0000 0.0000 0.0000 0.0000 0.0000 0.0000 0.0000 0.0000 0.0000 0.0000 0.0000 0.0000 0.0000 0.0000 0.0000 0.0000 0.0000 0.0000 0.0000 0.0000 0.0000 0.0000 0.0000 0.0000 0.0000 0.0000 0.0000 0.0000 0.0000 0.0000 0.0000 0.0000 0.0000 0.0000 0.0000 0.0000 0.0000 0.0000 0.0000 0.0000 0.0000 0.0000 0.0000 0.0000 0.0000 0.0000 0.0000 0.0000 0.0000 0.0000 0.0000 0.0000 0.0000 0.0000 0.0000 0.0000 0.0000 0.0000 0.0000 0.0000 0.0000 0.0000 0.0000 0.0000 0.0000 0.0000 0.0000 0.0000 0.0000 0.0000 0.0000 0.0000 0.0000 0.0000 0.0000 0.0000 0.0000 0.0000 0.0000 0.0000 0.0000 0.0000 0.0000 0.0000 0.0000 0.0000 0.0000 0.0000 0.0000 0.0000 0.0000 0.0000 0.0000 0.0000 0.0000 0.0000 0.0000 0.0000 0.0000 0.0000 0.0000 0.0000 0.0000 0.0000 0.0000 0.0000 0.0000 0.0000 0.0000 0.0000 0.0000 0.0000 0.0000 0.0000 0.0000 0.0000 0.0000 0.0000 0.0000 0.0000 0.0000 0.0000 0.0000 0.0000 0.0000 0.0000 0.0000 0.0000 0.0000 0.0000 0.0000 0.0000 0.0000 0.0000 0.0000 0.0000 0.0000 0.0000 0.0000 0.0000 0.0000 0.0000 0.0000 0.0000 0.0000 0.0000 0.0000 0.0000 0.0000 0.0000 0.0000 0.0000 0.0000 0.0000 0.0000 0.0000 0.0000 0.0000 0.0000 0.0000 0.0000 0.0000 0.0000 0.0000 0.0000 0.0000 0.0000 0.0000 0.0000 0.0000 0.0000 0.0000 0.0000 0.0000 0.0000 0.0000 0.0000 0.0000 0.0000 0.0000 0.0000 0.0000 0.0000 0.0000 0.0000 0.0000 0.0000 0.0000 0.0000 0.0000 0.0000 0.0000 0.0000 0.0000 0.0000 0.0000 0.0000 0.0000 0.0000 0.0000 0.0000 0.0000 0.0000 0.0000 0.0000 0.0000 0.0000 0.0000 0.0000 0.0000 0.0000 0.0000 0.0000 0.0000 0.0000 0.0000 0.0000 0.0000 0.0000 0.0000 0.0000 0.0000 0.0000 0.0000 0.0000 0.0000 0.0000 0.0000 0.0000 0.0000 0.0000 0.0000 0.0000 0.0000 0.0000 0.0000 0.0000 0.0000 0.0000 0.0000 0.0000 0.0000 0.0000 0.0000 0.0000 0.0000 0.0000 0.0000 0.0000 0.0000 0.0000 0.0000 0.0000 0.0000 0.0000 0.0000 0.0000 0.0000 0.0000 0.0000 0.0000 0.0000 0.0000 0.0000 0.0000 0.0000 0.0000 0.0000 0.0000 0.0000 0.0000 0.0000 0.0000 0.0000 0.0000 0.0000 0.0000 0.0000 0.0000 0.0000 0.0000 0.0000 0.0000 0.0000 0.0000 0.0000 0.0000 0.0000 0.0000 0.0000 0.0000 0.0000 0.0000 0.0000 0.0000 0.0000 0.0000 0.0000 0.0000 0.0000 0.0000 0.0000 0.0000 0.0000 0.0000 0.0000 0.0000 0.0000 0.0000 0.0000 0.0000 0.0000 0.0000 0.0000 0.0000 0.0000 0.0000 0.0000 0.0000 0.0000 0.0000 0.0000 0.0000 0.0000 0.0000 0.0000 0.0000 0.0000 0.0000 0.0000 0.0000 0.0000 0.0000 0.0000 0.0000 0.0000 0.0000 0.0000 0.0000 0.0000 0.0000 0.0000 0.0000 0.0000 0.0000 0.0000 0.0000 0.0000 0.0000 0.0000 0.0000 0.0000 0.0000 0.0000 0.0000 0.0000 0.0000 0.0000 0.0000 0.0000 0.0000 0.0000 0.0000 0.0000 0.0000 0.0000 0.0000 0.0000 0.0000 0.0000 0.0000 0.0000 0.0000 0.0000 0.0000 0.0000 0.0000 0.0000 0.0000 0.0000 0.0000 0.0000 0.0000 0.0000 0.0000 0.0000 0.0000 0.0000 0.0000 0.0000 0.0000 0.0000 0.0000 0.0000 0.0000 0.0000 0.0000 0.0000 0.0000 0.0000 0.0000 0.0000 0.0000 0.0000 0.0000 0.0000 0.0000 0.0000 0.0000 0.0000 0.0000 0.0000 0.0000 0.0000 0.0000 0.0000 0.0000 0.0000 0.0000 0.0000 0.0000 0.0000 0.0000 0.0000 0.0000 0.0000 0.0000 0.0000 0.0000 0.0000 0.0000 0.0000 0.0000 0.0000 0.0000 0.0000 0.0000 0.0000 0.0000 0.0000 0.0000 0.0000 0.0000 0.0000 0.0000 0.0000 0.0000 0.0000 0.0000 0.0000 0.0000 0.0000 0.0000 0.0000 0.0000 0.0000 0.0000 0.0000 0.0000 0.0000 0.0000 0.0000 0.0000 0.0000 0.0000 0.0000 0.0000 0.0000 0.0000 0.0000 0.0000 0.0000 0.0000 0.0000 0.0000 0.0000 0.0000 0.0000 0.0000 0.0000 0.0000 0.0000 0.0000 0.0000 0.0000 0.0000 0.0000 0.0000 0.0000 0.0000 0.0000 0.0000 0.0000 0.0000 0.0000 0.0000 0.0000 0.0000 0.0000 0.0000 0.0000 0.0000 0.0000 0.0000 0.0000 0.0000 0.0000 0.0000 0.0000 0.0000 0.0000 0.0000 0.0000 0.0000 0.0000 0.0000 0.0000 0.0000 0.0000 0.0000 0.0000 0.0000 0.0000 0.0000 0.0000 0.0000 0.0000 0.0000 0.0000 0.0000 0.0000 0.0000 0.0000 0.0000 0.0000 0.0000 0.0000 0.0000 0.0000 0.0000 0.0000 0.0000 0.0000 0.0000 0.0000 0.0000 0.0000 0.0000 0.0000 0.0000 0.0000 0.0000 0.0000 0.0000 0.0000 0.0000 0.0000 0.0000 0.0000 0.0000 0.0000 0.0000 0.0000 0.0000 0.0000 0.0000 0.0000 0.0000 0.0000 0.0000 0.0000 0.0000 0.0000 0.0000 0.0000 0.0000 0.0000 0.0000 0.0000 0.0000 0.0000 0.0000 0.0000 0.0000 0.0000 0.0000 0.0000 0.0000 0.0000 0.0000 0.0000 0.0000 0.0000 0.0000 0.0000 0.0000 0.0000 0.0000 0.0000 0.0000 0.0000 0.0000 0.0000 0.0000 0.0000 0.0000 0.0000 0.0000 0.0000 0.0000 0.0000 0.0000 0.0000 0.0000 0.0000 0.0000 0.0000 0.0000 0.0000 0.0000 0.0000 0.0000 0.0000 0.0000 0.0000 0.0000 0.0000 0.0000 0.0000 0.0000 0.0000 0.0000 0.0000 0.0000 0.0000 0.0000 0.0000 0.0000 0.0000 0.0000 0.0000 0.0000 0.0000 0.0000 0.0000 0.0000 0.0000 0.0000 0.0000 0.0000 0.0000 0.0000 0.0000 0.0000 0.0000 0.0000 0.0000 0.0000 0.0000 0.0000 0.0000 0.0000 0.0000 0.0000 0.0000 0.0000 0.0000 0.0000 0.0000 0.0000 0.0000 0.0000 0.0000 0.0000 0.0000 0.0000 0.0000 0.0000 0.0000 0.0000 0.0000 0.0000 0.0000 0.0000 0.0000 0.0000 0.0000 0.0000 0.0000 0.0000 0.0000 0.0000 0.0000 0.0000 0.0000 0.0000 0.0000 0.0000 0.0000 0.0000 0.0000 0.0000 0.0000 0.0000 0.0000 0.0000 0.0000 0.0000 0.0000 0.0000 0.0000 0.0000 0.0000 0.0000 0.0000 0.0000 0.0000 0.0000 0.0000 0.0000 0.0000 0.0000 0.0000 0.0000 0.0000 0.0000 0.0000 0.0000 0.0000 0.0000 0.0000 0.0000 0.0000 0.0000 0.0000 0.0000 0.0000 0.0000 0.0000 0.0000 0.0000 0.0000 0.0000 0.0000 0.0000 0.0000 0.0000 0.0000 0.0000 0.0000 0.0000 0.0000 0.0000 0.0000 0.0000 0.0000 0.0000 0.0000 0.0000 0.0000 0.0000 0.0000 0.0000 0.0000 0.0000 0.0000 0.0000 0.0000 0.0000 0.0000 0.0000 0.0000 0.0000 0.0000 0.0000 0.0000 0.0000 0.0000 0.0000 0.0000 0.0000 0.0000 0.0000 0.0000 0.0000 0.0000 0.0000 0.0000 0.0000 0.0000 0.0000 0.0000 0.0000 0.0000 0.0000 0.0000 0.0000 0.0000 0.0000 0.0000 0.0000 0.0000 0.0000 0.0000 0.0000 0.0000 0.0000 0.0000 0.0000 0.0000 0.0000 0.0000 0.0000 0.0000 0.0000 0.0000 0.0000 0.0000 0.0000 0.0000 0.0000 0.0000 0.0000 0.0000 0.0000 0.0000 0.0000 0.0000 0.0000 0.0000 0.0000 0.0000 0.0000 0.0000 0.0000 0.0000 0.0000 0.0000 0.0000 0.0000 0.0000 0.0000 0.0000 0.0000 0.0000 0.0000 0.0000 0.0000 0.0000 0.0000 0.0000 0.0000 0.0000 0.0000 0.0000 0.0000 0.0000 0.0000 0.0000 0.0000 0.0000 0.0000 0.0000 0.0000 0.0000 0.0000 0.0000 0.0000 0.0000 0.0000 0.0000 0.0000 0.0000 0.0000 0.0000 0.0000 0.0000 0.0000 0.0000 0.0000 0.0000 0.0000 0.0000 0.0000 0.0000 0.0000 0.0000 0.0000 0.0000 0.0000 0.0000 0.0000 0.0000 0.0000 0.0000 0.0000 0.0000 0.0000 0.0000 0.0000 0.0000 0.0000 0.0000 0.0000 0.0000 0.0000 0.0000 0.0000 0.0000 0.0000 0.0000 0.0000 0.0000 0.0000 0.0000 0.0000 0.0000 0.0000 0.0000 0.0000 0.0000 0.0000 0.0000 0.0000 0.0000 0.0000 0.0000 0.0000 0.0000 0.0000 0.0000 0.0000 0.0000 0.0000 0.0000 0.0000 0.0000 0.0000 0.0000 0.0000 0.0000 0.0000 0.0000 0.0000 0.0000 0.0000 0.0000 0.0000 0.0000 0.0000 0.0000 0.0000 0.0000 0.0000 0.0000 0.0000 0.0000 0.0000 0.0000 0.0000 0.0000 0.0000 0.0000 0.0000 0.0000 0.0000 0.0000 0.0000 0.0000 0.0000 0.0000 0.0000 0.0000 0.0000 0.0000 0.0000 0.0000 0.0000 0.0000 0.0000 0.0000 0.0000 0.0000 0.0000 0.0000 0.0000 0.0000 0.0000 0.0000 0.0000 0.0000 0.0000 0.0000 0.0000 0.0000 0.0000 0.0000 0.0000 0.0000 0.0000 0.0000 0.0000 0.0000 0.0000 0.0000 0.0000 0.0000 0.0000 0.0000 0.0000 0.0000 0.0000 0.0000 0.0000 0.0000 0.0000 0.0000 0.0000 0.0000 0.0000 0.0000 0.0000 0.0000 0.0000 0.0000 0.0000 0.0000 0.0000 0.0000 0.0000 0.0000 0.0000 0.0000 0.0000 0.0000 0.0000 0.0000 0.0000 0.0000 0.0000 0.0000 0.0000 0.0000 0.0000 0.0000 0.0000 0.0000 0.0000 0.0000 0.0000 0.0000 0.0000 0.0000 0.0000 0.0000 0.0000 0.0000 0.0000 0.0000 0.0000 0.0000 0.0000 0.0000 0.0000 0.0000 0.0000 0.0000 0.0000 0.0000 0.0000 0.0000 0.0000 0.0000 0.0000 0.0000 0.0000 0.0000 0.0000 0.0000 0.0000 0.0000 0.0000 0.0000 0.0000 0.0000 0.0000 0.0000 0.0000 0.0000 0.0000 0.0000 0.0000 0.0000 0.0000 0.0000 0.0000 0.0000 0.0000 0.0000 0.0000 0.0000 0.0000 0.0000 0.0000 0.0000 0.0000 0.0000 0.0000 0.0000 0.0000 0.0000 0.0000 0.0000 0.0000 0.0000 0.0000 0.0000 0.0000 0.0000 0.0000 0.0000 0.0000 0.0000 0.0000 0.0000 0.0000 0.0000 0.0000 0.0000 0.0000 0.0000 0.0000 0.0000 0.0000 0.0000 0.0000 0.0000 0.0000 0.0000 0.0000 0.0000 0.0000 0.0000 0.0000 0.0000 0.0000 0.0000 0.0000 0.0000 0.0000 0.0000 0.0000 0.0000 0.0000 0.0000 0.0000 0.0000 0.0000 0.0000 0.0000 0.0000 0.0000 0.0000 0.0000 0.0000 0.0000 0.0000 0.0000 0.0000 0.0000 0.0000 0.0000 0.0000 0.0000 0.0000 0.0000 0.0000 0.0000 0.0000 0.0000 0.0000 0.0000 0.0000 0.0000 0.0000 0.0000 0.0000 0.0000 0.0000 0.0000 0.0000 0.0000 0.0000 0.0000 0.0000 0.0000 0.0000 0.0000 0.0000 0.0000 0.0000 0.0000 0.0000 0.0000 0.0000 0.0000 0.0000 0.0000 0.0000 0.0000 0.0000 0.0000 0.0000 0.0000 0.0000 0.0000 0.0000 0.0000 0.0000 0.0000 0.0000 0.0000 0.0000 0.0000 0.0000 0.0000 0.0000 0.0000 0.0000 0.0000 0.0000 0.0000 0.0000 0.0000 0.0000 0.0000 0.0000 0.0000 0.0000 0.0000 0.0000 0.0000 0.0000 0.0000 0.0000 0.0000 0.0000 0.0000 0.0000 0.0000 0.0000 0.0000 0.0000 0.0000 0.0000 0.0000 0.0000 0.0000 0.0000 0.0000 0.0000 0.0000 0.0000 0.0000 0.0000 0.0000 0.0000 0.0000 0.0000 0.0000 0.0000 0.0000 0.0000 0.0000 0.0000 0.0000 0.0000 0.0000 0.0000 0.0000 0.0000 0.0000 0.0000 0.0000 0.0000 0.0000 0.0000 0.0000 0.0000 0.0000 0.0000 0.0000 0.0000 0.0000 0.0000 0.0000 0.0000 0.0000 0.0000 0.0000 0.0000 0.0000 0.0000 0.0000 0.0000 0.0000 0.0000 0.0000 0.0000 0.0000 0.0000 0.0000 0.0000 0.0000 0.0000 0.0000 0.0000 0.0000 0.0000 0.0000 0.0000 0.0000 0.0000 0.0000 0.0000 0.0000 0.0000 0.0000 0.0000 0.0000 0.0000 0.0000 0.0000 0.0000 0.0000 0.0000 0.0000 0.0000 0.0000 0.0000 0.0000 0.0000 0.0000 0.0000 0.0000 0.0000 0.0000 0.0000 0.0000 0.0000 0.0000 0.0000 0.0000 0.0000 0.0000 0.0000 0.0000 0.0000 0.0000 0.0000 0.0000 0.0000 0.0000 0.0000 0.0000 0.0000 0.0000 0.0000 0.0000 0.0000 0.0000 0.0000 0.0000 0.0000 0.0000 0.0000 0.0000 0.0000 0.0000 0.0000 0.0000 0.0000 0.0000 0.0000 0.0000 0.0000 0.0000 0.0000 0.0000 0.0000 0.0000 0.0000 0.0000 0.0000 0.0000 0.0000 0.0000 0.0000 0.0000 0.0000 0.0000 0.0000 0.0000 0.0000 0.0000 0.0000 0.0000 0.0000 0.0000 0.0000 0.0000 0.0000 0.0000 0.0000 0.0000 0.0000 0.0000 0.0000 0.0000 0.0000 0.0000 0.0000 0.0000 0.0000 0.0000 0.0000 0.0000 0.0000 0.0000 0.0000 0.0000 0.0000 0.0000 0.0000 0.0000 0.0000 0.0000 0.0000 0.0000 0.0000 0.0000 0.0000 0.0000 0.0000 0.0000 0.0000 0.0000 0.0000 0.0000 0.0000 0.0000 0.0000 0.0000 0.0000 0.0000 0.0000 0.0000 0.0000 0.0000 0.0000 0.0000 0.0000 0.0000 0.0000 0.0000 0.0000 0.0000 0.0000 0.0000 0.0000 0.0000 0.0000 0.0000 0.0000 0.0000 0.0000 0.0000 0.0000 0.0000 0.0000 0.0000 0.0000 0.0000 0.0000 0.0000 0.0000 0.0000 0.0000 0.0000 0.0000 0.0000 0.0000 0.0000 0.0000 0.0000 0.0000 0.0000 0.0000 0.0000 0.0000 0.0000 0.0000 0.0000 0.0000 0.0000 0.0000 0.0000 0.0000 0.0000 0.0000 0.0000 0.0000 0.0000 0.0000 0.0000 0.0000 0.0000 0.0000 0.0000 0.0000 0.0000 0.0000 0.0000 0.0000 0.0000 0.0000 0.0000 0.0000 0.0000 0.0000 0.0000 0.0000 0.0000 0.0000 0.0000 0.0000 0.0000 0.0000 0.0000 0.0000 0.0000 0.0000 0.0000 0.0000 0.0000 0.0000 0.0000 0.0000 0.0000 0.0000 0.0000 0.0000 0.0000 0.0000 0.0000 0.0000 0.0000 0.0000 0.0000 0.0000 0.0000 0.0000 0.0000 0.0000 0.0000 0.0000 0.0000 0.0000 0.0000 0.0000 0.0000 0.0000 0.0000 0.0000 0.0000 0.0000 0.0000 0.0000 0.0000 0.0000 0.0000 0.0000 0.0000 0.0000 0.0000 0.0000 0.0000 0.0000 0.0000 0.0000 0.0000 0.0000 0.0000 0.0000 0.0000 0.0000 0.0000 0.0000 0.0000 0.0000 0.0000 0.0000 0.0000 0.0000 0.0000 0.0000 0.0000 0.0000 0.0000 0.0000 0.0000 0.0000 0.0000 0.0000 0.0000 0.0000 0.0000 0.0000 0.0000 0.0000 0.0000 0.0000 0.0000 0.0000 0.0000 0.0000 0.0000 0.0000 0.0000 0.0000 0.0000 0.0000 0.0000 0.0000 0.0000 0.0000 0.0000 0.0000 0.0000 0.0000 0.0000 0.0000 0.0000 0.0000 0.0000 0.0000 0.0000 0.0000 0.0000 0.0000 0.0000 0.0000 0.0000 0.0000 0.0000 0.0000 0.0000 0.0000 0.0000 0.0000 0.0000 0.0000 0.0000 0.0000 0.0000 0.0000 0.0000 0.0000 0.0000 0.0000 0.0000 0.0000 0.0000 0.0000 0.0000 0.0000 0.0000 0.0000 0.0000 0.0000 0.0000 0.0000 0.0000 0.0000 0.0000 0.0000 0.0000 0.0000 0.0000 0.0000 0.0000 0.0000 0.0000 0.0000 0.0000 0.0000 0.0000 0.0000 0.0000 0.0000 0.0000 0.0000 0.0000 0.0000 0.0000 0.0000 0.0000 0.0000 0.0000 0.0000 0.0000 0.0000 0.0000 0.0000 0.0000 0.0000 0.0000 0.0000 0.0000 0.0000 0.0000 0.0000 0.0000 0.0000 0.0000 0.0000 0.0000 0.0000 0.0000 0.0000 0.0000 0.0000 0.0000 0.0000 0.0000 0.0000 0.0000 0.0000 0.0000 0.0000 0.0000 0.0000 0.0000 0.0000 0.0000 0.0000 0.0000 0.0000 0.0000 0.0000 0.0000 0.0000 0.0000 0.0000 0.0000 0.0000 0.0000 0.0000 0.0000 0.0000 0.0000 0.0000 0.0000 0.0000 0.0000 0.0000 0.0000 0.0000 0.0000 0.0000 0.0000 0.0000 0.0000 0.0000 0.0000 0.0000 0.0000 0.0000 0.0000 0.0000 0.0000 0.0000 0.0000 0.0000 0.0000 0.0000 0.0000 0.0000 0.0000 0.0000 0.0000 0.0000 0.0000 0.0000 0.0000 0.0000 0.0000 0.0000 0.0000 0.0000 0.0000 0.0000 0.0000 0.0000 0.0000 0.0000 0.0000 0.0000 0.0000 0.0000 0.0000 0.0000 0.0000 0.0000 0.0000 0.0000 0.0000 0.0000 0.0000 0.0000 0.0000 0.0000 0.0000 0.0000 0.0000 0.0000 0.0000 0.0000 0.0000 0.0000 0.0000 0.0000 0.0000 0.0000 0.0000 0.0000 0.0000 0.0000 0.0000 0.0000 0.0000 0.0000 0.0000 0.0000 0.0000 0.0000 0.0000 0.0000 0.0000 0.0000 0.0000 0.0000 0.0000 0.0000 0.0000 0.0000 0.0000 0.0000 0.0000 0.0000 0.0000 0.0000 0.0000 0.0000 0.0000 0.0000 0.0000 0.0000 0.0000 0.0000 0.0000 0.0000 0.0000 0.0000 0.0000 0.0000 0.0000 0.0000 0.0000 0.0000 0.0000 0.0000 0.0000 0.0000 0.0000 0.0000 0.0000 0.0000 0.0000 0.0000 0.0000 0.0000 0.0000 0.0000 0.0000 0.0000 0.0000 0.0000 0.0000 0.0000 0.0000 0.0000 0.0000 0.0000 0.0000 0.0000 0.0000 0.0000 0.0000 0.0000 0.0000 0.0000 0.0000 0.0000 0.0000 0.0000 0.0000 0.0000 0.0000 0.0000 0.0000 0.0000 0.0000 0.0000 0.0000 0.0000 0.0000 0.0000 0.0000 0.0000 0.0000 0.0000 0.0000 0.0000 0.0000 0.0000 0.0000 0.0000 0.0000 0.0000 0.0000 0.0000 0.0000 0.0000 0.0000 0.0000 0.0000 0.0000 0.0000 0.0000 0.0000 0.0000 0.0000 0.0000 0.0000 0.0000 0.0000 0.0000 0.0000 0.0000 0.0000 0.0000 0.0000 0.0000 0.0000 0.0000 0.0000 0.0000 0.0000 0.0000 0.0000 0.0000 0.0000 0.0000 0.0000 0.0000 0.0000 0.0000 0.0000 0.0000 0.0000 0.0000 0.0000 0.0000 0.0000 0.0000 0.0000 0.0000 0.0000 0.0000 0.0000 0.0000 0.0000 0.0000 0.0000 0.0000 0.0000 0.0000 0.0000 0.0000 0.0000 0.0000 0.0000 0.0000 0.0000 0.0000 0.0000 0.0000 0.0000 0.0000 0.0000 0.0000 0.0000 0.0000 0.0000 0.0000 0.0000 0.0000 0.0000 0.0000 0.0000 0.0000 0.0000 0.0000 0.0000 0.0000 0.0000 0.0000 0.0000 0.0000 0.0000 0.0000 0.0000 0.0000 0.0000 0.0000 0.0000 0.0000 0.0000 0.0000 0.0000 0.0000 0.0000 0.0000 0.0000 0.0000 0.0000 0.0000 0.0000 0.0000 0.0000 0.0000 0.0000 0.0000 0.0000 0.0000 0.0000 0.0000 0.0000 0.0000 0.0000 0.0000 0.0000 0.0000 0.0000 0.0000 0.0000 0.0000 0.0000 0.0000 0.0000 0.0000 0.0000 0.0000 0.0000 0.0000 0.0000 0.0000 0.0000 0.0000 0.0000 0.0000 0.0000 0.0000 0.0000 0.0000 0.0000 0.0000 0.0000 0.0000 0.0000 0.0000 0.0000 0.0000 0.0000 0.0000 0.0000 0.0000 0.0000 0.0000 0.0000 0.0000 0.0000 0.0000 0.0000 0.0000 0.0000 0.0000 0.0000 0.0000 0.0000 0.0000 0.0000 0.0000 0.0000 0.0000 0.0000 0.0000 0.0000 0.0000 0.0000 0.0000 0.0000 0.0000 0.0000 0.0000 0.0000 0.0000 0.0000 0.0000 0.0000 0.0000 0.0000 0.0000 0.0000 0.0000 0.0000 0.0000 0.0000 0.0000 0.0000 0.0000 0.0000 0.0000 0.0000 0.0000 0.0000 0.0000 0.0000 0.0000 0.0000 0.0000 0.0000 0.0000 0.0000 0.0000 0.0000 0.0000 0.0000 0.0000 0.0000 0.0000 0.0000 0.0000 0.0000 0.0000 0.0000 0.0000 0.0000 0.0000 0.0000 0.0000 0.0000 0.0000 0.0000 0.0000 0.0000 0.0000 0.0000 0.0000 0.0000 0.0000 0.0000 0.0000 0.0000 0.0000 0.0000 0.0000 0.0000 0.0000 0.0000 0.0000 0.0000 0.0000 0.0000 0.0000 0.0000 0.0000 0.0000 0.0000 0.0000 0.0000 0.0000 0.0000 0.0000 0.0000 0.0000 0.0000 0.0000 0.0000 0.0000 0.0000 0.0000 0.0000 0.0000 0.0000 0.0000 0.0000 0.0000 0.0000 0.0000 0.0000 0.0000 0.0000 0.0000 0.0000 0.0000 0.0000 0.0000 0.0000 0.0000 0.0000 0.0000 0.0000 0.0000 0.0000 0.0000 0.0000 0.0000 0.0000 0.0000 0.0000 0.0000 0.0000 0.0000 0.0000 0.0000 0.0000 0.0000 0.0000 0.0000 0.0000 0.0000 0.0000 0.0000 0.0000 0.0000 0.0000 0.0000 0.0000 0.0000 0.0000 0.0000 0.0000 0.0000 0.0000 0.0000 0.0000 0.0000 0.0000 0.0000 0.0000 0.0000 0.0000 0.0000 0.0000 0.0000 0.0000 0.0000 0.0000 0.0000 0.0000 0.0000 0.0000 0.0000 0.0000 0.0000 0.0000 0.0000 0.0000 0.0000 0.0000 0.0000 0.0000 0.0000 0.0000 0.0000 0.0000 0.0000 0.0000 0.0000 0.0000 0.0000 0.0000 0.0000 0.0000 0.0000 0.0000 0.0000 0.0000 0.0000 0.0000 0.0000 0.0000 0.0000 0.0000 0.0000 0.0000 0.0000 0.0000 0.0000 0.0000 0.0000 0.0000 0.0000 0.0000 0.0000 0.0000 0.0000 0.0000 0.0000 0.0000 0.0000 0.0000 0.0000 0.0000 0.0000 0.0000 0.0000 0.0000 0.0000 0.0000 0.0000 0.0000 0.0000 0.0000 0.0000 0.0000 0.0000 0.0000 0.0000 0.0000 0.0000 0.0000 0.0000 0.0000 0.0000 0.0000 0.0000 0.0000 0.0000 0.0000 0.0000 0.0000 0.0000 0.0000 0.0000 0.0000 0.0000 0.0000 0.0000 0.0000 0.0000 0.0000 0.0000 0.0000 0.0000 0.0000 0.0000 0.0000 0.0000 0.0000 0.0000 0.0000 0.0000 0.0000 0.0000 0.0000 0.0000 0.0000 0.0000 0.0000 0.0000 0.0000 0.0000 0.0000 0.0000 0.0000 0.0000 0.0000 0.0000 0.0000 0.0000 0.0000 0.0000 0.0000 0.0000 0.0000 0.0000 0.0000 0.0000 0.0000 0.0000 0.0000 0.0000 0.0000 0.0000 0.0000 0.0000 0.0000 0.0000 0.0000 0.0000 0.0000 0.0000 0.0000 0.0000 0.0000 0.0000 0.0000 0.0000 0.0000 0.0000 0.0000 0.0000 0.0000 0.0000 0.0000 0.0000 0.0000 0.0000 0.0000 0.0000 0.0000 0.0000 0.0000 0.0000 0.0000 0.0000 0.0000 0.0000 0.0000 0.0000 0.0000 0.0000 0.0000 0.0000 0.0000 0.0000 0.0000 0.0000 0.0000 0.0000 0.0000 0.0000 0.0000 0.0000 0.0000 0.0000 0.0000 0.0000 0.0000 0.0000 0.0000 0.0000 0.0000 0.0000 0.0000 0.0000 0.0000 0.0000 0.0000 0.0000 0.0000 0.0000 0.0000 0.0000 0.0000 0.0000 0.0000 0.0000 0.0000 0.0000 0.0000 0.0000 0.0000 0.0000 0.0000 0.0000 0.0000 0.0000 0.0000 0.0000 0.0000 0.0000 0.0000 0.0000 0.0000 0.0000 0.0000 0.0000 0.0000 0.0000 0.0000 0.0000 0.0000 0.0000 0.0000 0.0000 0.0000 0.0000 0.0000 0.0000 0.0000 0.0000 0.0000 0.0000 0.0000 0.0000 0.0000 0.0000 0.0000 0.0000 0.0000 0.0000 0.0000 0.0000 0.0000 0.0000 0.0000 0.0000 0.0000 0.0000 0.0000 0.0000 0.0000 0.0000 0.0000 0.0000 0.0000 0.0000 0.0000 0.0000 0.0000 0.0000 0.0000 0.0000 0.0000 0.0000 0.0000 0.0000 0.0000 0.0000 0.0000 0.0000 0.0000 0.0000 0.0000 0.0000 0.0000 0.0000 0.0000 0.0000 0.0000 0.0000 0.0000 0.0000 0.0000 0.0000 0.0000 0.0000 0.0000 0.0000 0.0000 0.0000 0.0000 0.0000 0.0000 0.0000 0.0000 0.0000 0.0000 0.0000 0.0000 0.0000 0.0000 0.0000 0.0000 0.0000 0.0000 0.0000 0.0000 0.0000 0.0000 0.0000 0.0000 0.0000 0.0000 0.0000 0.0000 0.0000 0.0000 0.0000 0.0000 0.0000 0.0000 0.0000 0.0000 0.0000 0.0000 0.0000 0.0000 0.0000 0.0000 0.0000 0.0000 0.0000 0.0000 0.0000 0.0000 0.0000 0.0000 0.0000 0.0000 0.0000 0.0000 0.0000 0.0000 0.0000 0.0000 0.0000 0.0000 0.0000 0.0000 0.0000 0.0000 0.0000 0.0000 0.0000 0.0000 0.0000 0.0000 0.0000 0.0000 0.0000 0.0000 0.0000 0.0000 0.0000 0.0000 0.0000 0.0000 0.0000 0.0000 0.0000 0.0000 0.0000 0.0000 0.0000 0.0000 0.0000 0.0000 0.0000 0.0000 0.0000 0.0000 0.0000 0.0000 0.0000 0.0000 0.0000 0.0000 0.0000 0.0000 0.0000 0.0000 0.0000 0.0000 0.0000 0.0000 0.0000 0.0000 0.0000 0.0000 0.0000 0.0000 0.0000 0.0000 0.0000 0.0000 0.0000 0.0000 0.0000 0.0000 0.0000 0.0000 0.0000 0.0000 0.0000 0.0000 0.0000 0.0000 0.0000 0.0000 0.0000 0.0000 0.0000 0.0000 0.0000 0.0000 0.0000 0.0000 0.0000 0.0000 0.0000 0.0000 0.0000 0.0000 0.0000 0.0000 0.0000 0.0000 0.0000 0.0000 0.0000 0.0000 0.0000 0.0000 0.0000 0.0000 0.0000 0.0000 0.0000 0.0000 0.0000 0.0000 0.0000 0.0000 0.0000 0.0000 0.0000 0.0000 0.0000 0.0000 0.0000 0.0000 0.0000 0.0000 0.0000 0.0000 0.0000 0.0000 0.0000 0.0000 0.0000 0.0000 0.0000 0.0000 0.0000 0.0000 0.0000 0.0000 0.0000 0.0000 0.0000 0.0000 0.0000 0.0000 0.0000 0.0000 0.0000 0.0000 0.0000 0.0000 0.0000 0.0000 0.0000 0.0000 0.0000 0.0000 0.0000 0.0000 0.0000 0.0000 0.0000 0.0000 0.0000 0.0000 0.0000 0.0000 0.0000 0.0000 0.0000 0.0000 0.0000 0.0000 0.0000 0.0000 0.0000 0.0000 0.0000 0.0000 0.0000 0.0000 0.0000 0.0000 0.0000 0.0000 0.0000 0.0000 0.0000 0.0000 0.0000 0.0000 0.0000 0.0000 0.0000 0.0000 0.0000 0.0000 0.0000 0.0000 0.0000 0.0000 0.0000 0.0000 0.0000 0.0000 0.0000 0.0000 0.0000 0.0000 0.0000 0.0000 0.0000 0.0000 0.0000 0.0000 0.0000 0.0000 0.0000 0.0000 0.0000 0.0000 0.0000 0.0000 0.0000 0.0000 0.0000 0.0000 0.0000 0.0000 0.0000 0.0000 0.0000 0.0000 0.0000 0.0000 0.0000 0.0000 0.0000 0.0000 0.0000 0.0000 0.0000 0.0000 0.0000 0.0000 0.0000 0.0000 0.0000 0.0000 0.0000 0.0000 0.0000 0.0000 0.0000 0.0000 0.0000 0.0000 0.0000 0.0000 0.0000 0.0000 0.0000 0.0000 0.0000 0.0000 0.0000 0.0000 0.0000 0.0000 0.0000 0.0000 0.0000 0.0000 0.0000 0.0000 0.0000 0.0000 0.0000 0.0000 0.0000 0.0000 0.0000 0.0000 0.0000 0.0000 0.0000 0.0000 0.0000 0.0000 0.0000 0.0000 0.0000 0.0000 0.0000 0.0000 0.0000 0.0000 0.0000 0.0000 0.0000 0.0000 0.0000 0.0000 0.0000 0.0000 0.0000 0.0000 0.0000 0.0000 0.0000 0.0000 0.0000 0.0000 0.0000 0.0000 0.0000 0.0000 0.0000 0.0000 0.0000 0.0000 0.0000 0.0000 0.0000 0.0000 0.0000 0.0000 0.0000 0.0000 0.0000 0.0000 0.0000 0.0000 0.0000 0.0000 0.0000 0.0000 0.0000 0.0000 0.0000 0.0000 0.0000 0.0000 0.0000 0.0000 0.0000 0.0000 0.0000 0.0000 0.0000 0.0000 0.0000 0.0000 0.0000 0.0000 0.0000 0.0000 0.0000 0.0000 0.0000 0.0000 0.0000 0.0000 0.0000 0.0000 0.0000 0.0000 0.0000 0.0000 0.0000 0.0000 0.0000 0.0000 0.0000 0.0000 0.0000 0.0000 0.0000 0.0000 0.0000 0.0000 0.0000 0.0000 0.0000 0.0000 0.0000 0.0000 0.0000 0.0000 0.0000 0.0000 0.0000 0.0000 0.0000 0.0000 0.0000 0.0000 0.0000 0.0000 0.0000 0.0000 0.0000 0.0000 0.0000 0.0000 0.0000 0.0000 0.0000 0.0000 0.0000 0.0000 0.0000 0.0000 0.0000 0.0000 0.0000 0.0000 0.0000 0.0000 0.0000 0.0000 0.0000 0.0000 0.0000 0.0000 0.0000 0.0000 0.0000 0.0000 0.0000 0.0000 0.0000 0.0000 0.0000 0.0000 0.0000 0.0000 0.0000 0.0000 0.0000 0.0000 0.0000 0.0000 0.0000 0.0000 0.0000 0.0000 0.0000 0.0000 0.0000 0.0000 0.0000 0.0000 0.0000 0.0000 0.0000 0.0000 0.0000 0.0000 0.0000 0.0000 0.0000 0.0000 0.0000 0.0000 0.0000 0.0000 0.0000 0.0000 0.0000 0.0000 0.0000 0.0000 0.0000 0.0000 0.0000 0.0000 0.0000 0.0000 0.0000 0.0000 0.0000 0.0000 0.0000 0.0000 0.0000 0.0000 0.0000 0.0000 0.0000 0.0000 0.0000 0.0000 0.0000 0.0000 0.0000 0.0000 0.0000 0.0000 0.0000 0.0000 0.0000 0.0000 0.0000 0.0000 0.0000 0.0000 0.0000 0.0000 0.0000 0.0000 0.0000 0.0000 0.0000 0.0000 0.0000 0.0000 0.0000 0.0000 0.0000 0.0000 0.0000 0.0000 0.0000 0.0000 0.0000 0.0000 0.0000 0.0000 0.0000 0.0000 0.0000 0.0000 0.0000 0.0000 0.0000 0.0000 0.0000 0.0000 0.0000 0.0000 0.0000 0.0000 0.0000 0.0000 0.0000 0.0000 0.0000 0.0000 0.0000 0.0000 0.0000 0.0000 0.0000 0.0000 0.0000 0.0000 0.0000 0.0000 0.0000 0.0000 0.0000 0.0000 0.0000 0.0000 0.0000 0.0000 0.0000 0.0000 0.0000 0.0000 0.0000 0.0000 0.0000 0.0000 0.0000 0.0000 0.0000 0.0000 0.0000 0.0000 0.0000 0.0000 0.0000 0.0000 0.0000 0.0000 0.0000 0.0000 0.0000 0.0000 0.0000 0.0000 0.0000 0.0000 0.0000 0.0000 0.0000 0.0000 0.0000 0.0000 0.0000 0.0000 0.0000 0.0000 0.0000 0.0000 0.0000 0.0000 0.0000 0.0000 0.0000 0.0000 0.0000 0.0000 0.0000 0.0000 0.0000 0.0000 0.0000 0.0000 0.0000 0.0000 0.0000 0.0000 0.0000 0.0000 0.0000 0.0000 0.0000 0.0000 0.0000 0.0000 0.0000 0.0000 0.0000 0.0000 0.0000 0.0000 0.0000 0.0000 0.0000 0.0000 0.0000 0.0000 0.0000 0.0000 0.0000 0.0000 0.0000 0.0000 0.0000 0.0000 0.0000 0.0000 0.0000 0.0000 0.0000 0.0000 0.0000 0.0000 0.0000 0.0000 0.0000 0.0000 0.0000 0.0000 0.0000 0.0000 0.0000 0.0000 0.0000 0.0000 0.0000 0.0000 0.0000 0.0000 0.0000 0.0000 0.0000 0.0000 0.0000 0.0000 0.0000 0.0000 0.0000 0.0000 0.0000 0.0000 0.0000 0.0000 0.0000 0.0000 0.0000 0.0000 0.0000 0.0000 0.0000 0.0000 0.0000 0.0000 0.0000 0.0000 0.0000 0.0000 0.0000 0.0000 0.0000 0.0000 0.0000 0.0000 0.0000 0.0000 0.0000 0.0000 0.0000 0.0000 0.0000 0.0000 0.0000 0.0000 0.0000 0.0000 0.0000 0.0000 0.0000 0.0000 0.0000 0.0000 0.0000 0.0000 0.0000 0.0000 0.0000 0.0000 0.0000 0.0000 0.0000 0.0000 0.0000 0.0000 0.0000 0.0000 0.0000 0.0000 0.0000 0.0000 0.0000 0.0000 0.0000 0.0000 0.0000 0.0000 0.0000 0.0000 0.0000 0.0000 0.0000 0.0000 0.0000 0.0000 0.0000 0.0000 0.0000 0.0000 0.0000 0.0000 0.0000 0.0000 0.0000 0.0000 0.0000 0.0000 0.0000 0.0000 0.0000 0.0000 0.0000 0.0000 0.0000 0.0000 0.0000 0.0000 0.0000 0.0000 0.0000 0.0000 0.0000 0.0000 0.0000 0.0000 0.0000 0.0000 0.0000 0.0000 0.0000 0.0000 0.0000 0.0000 0.0000 0.0000 0.0000 0.0000 0.0000 0.0000 0.0000 0.0000 0.0000 0.0000 0.0000 0.0000 0.0000 0.0000 0.0000 0.0000 0.0000 0.0000 0.0000 0.0000 0.0000 0.0000 0.0000 0.0000 0.0000 0.0000 0.0000 0.0000 0.0000 0.0000 0.0000 0.0000 0.0000 0.0000 0.0000 0.0000 0.0000 0.0000 0.0000 0.0000 0.0000 0.0000 0.0000 0.0000 0.0000 0.0000 0.0000 0.0000 0.0000 0.0000 0.0000 0.0000 0.0000 0.0000 0.0000 0.0000 0.0000 0.0000 0.0000 0.0000 0.0000 0.0000 0.0000 0.0000 0.0000 0.0000 0.0000 0.0000 0.0000 0.0000 0.0000 0.0000 0.0000 0.0000 0.0000 0.0000 0.0000 0.0000 0.0000 0.0000 0.0000 0.0000 0.0000 0.0000 0.0000 0.0000 0.0000 0.0000 0.0000 0.0000 0.0000 0.0000 0.0000 0.0000 0.0000 0.0000 0.0000 0.0000 0.0000 0.0000 0.0000 0.0000 0.0000 0.0000 0.0000 0.0000 0.0000 0.0000 0.0000 0.0000 0.0000 0.0000 0.0000 0.0000 0.0000 0.0000 0.0000 0.0000 0.0000 0.0000 0.0000 0.0000 0.0000 0.0000 0.0000 0.0000 0.0000 0.0000 0.0000 0.0000 0.0000 0.0000 0.0000 0.0000 0.0000 0.0000 0.0000 0.0000 0.0000 0.0000 0.0000 0.0000 0.0000 0.0000 0.0000 0.0000 0.0000 0.0000 0.0000 0.0000 0.0000 0.0000 0.0000 0.0000 0.0000 0.0000 0.0000 0.0000 0.0000 0.0000 0.0000 0.0000 0.0000 0.0000 0.0000 0.0000 0.0000 0.0000 0.0000 0.0000 0.0000 0.0000 0.0000 0.0000 0.0000 0.0000 0.0000 0.0000 0.0000 0.0000 0.0000 0.0000 0.0000 0.0000 0.0000 0.0000 0.0000 0.0000 0.0000 0.0000 0.0000 0.0000 0.0000 0.0000 0.0000 0.0000 0.0000 0.0000 0.0000 0.0000 0.0000 0.0000 0.0000 0.0000 0.0000 0.0000 0.0000 0.0000 0.0000 0.0000 0.0000 0.0000 0.0000 0.0000 0.0000 0.0000 0.0000 0.0000 0.0000 0.0000 0.0000 0.0000 0.0000 0.0000 0.0000 0.0000 0.0000 0.0000 0.0000 0.0000 0.0000 0.0000 0.0000 0.0000 0.0000 0.0000 0.0000 0.0000 0.0000 0.0000 0.0000 0.0000 0.0000 0.0000 0.0000 0.0000 0.0000 0.0000 0.0000 0.0000 0.0000 0.0000 0.0000 0.0000 0.0000 0.0000 0.0000 0.0000 0.0000 0.0000 0.0000 0.0000 0.0000 0.0000 0.0000 0.0000 0.0000 0.0000 0.0000 0.0000 0.0000 0.0000 0.0000 0.0000 0.0000 0.0000 0.0000 0.0000 0.0000 0.0000 0.0000 0.0000 0.0000 0.0000 0.0000 0.0000 0.0000 0.0000 0.0000 0.0000 0.0000 0.0000 0.0000 0.0000 0.0000 0.0000 0.0000 0.0000 0.0000 0.0000 0.0000 0.0000 0.0000 0.0000 0.0000 0.0000 0.0000 0.0000 0.0000 0.0000 0.0000 0.0000 0.0000 0.0000 0.0000 0.0000 0.0000 0.0000 0.0000 0.0000 0.0000 0.0000 0.0000 0.0000 0.0000 0.0000 0.0000 0.0000 0.0000 0.0000 0.0000 0.0000 0.0000 0.0000 0.0000 0.0000 0.0000 0.0000 0.0000 0.0000 0.0000 0.0000 0.0000 0.0000 0.0000 0.0000 0.0000 0.0000 0.0000 0.0000 0.0000 0.0000 0.0000 0.0000 0.0000 0.0000 0.0000 0.0000 0.0000 0.0000 0.0000 0.0000 0.0000 0.0000 0.0000 0.0000 0.0000 0.0000 0.0000 0.0000 0.0000 0.0000 0.0000 0.0000 0.0000 0.0000 0.0000 0.0000 0.0000 0.0000 0.0000 0.0000 0.0000 0.0000 0.0000 0.0000 0.0000 0.0000 0.0000 0.0000 0.0000 0.0000 0.0000 0.0000 0.0000 0.0000 0.0000 0.0000 0.0000 0.0000 0.0000 0.0000 0.0000 0.0000 0.0000 0.0000 0.0000 0.0000 0.0000 0.0000 0.0000 0.0000 0.0000 0.0000 0.0000 0.0000 0.0000 0.0000 0.0000 0.0000 0.0000 0.0000 0.0000 0.0000 0.0000 0.0000 0.0000 0.0000 0.0000 0.0000 0.0000 0.0000 0.0000 0.0000 0.0000 0.0000 0.0000 0.0000 0.0000 0.0000 0.0000 0.0000 0.0000 0.0000 0.0000 0.0000 0.0000 0.0000 0.0000 0.0000 0.0000 0.0000 0.0000 0.0000 0.0000 0.0000 0.0000 0.0000 0.0000 0.0000 0.0000 0.0000 0.0000 0.0000 0.0000 0.0000 0.0000 0.0000 0.0000 0.0000 0.0000 0.0000 0.0000 0.0000 0.0000 0.0000 0.0000 0.0000 0.0000 0.0000 0.0000 0.0000 0.0000 0.0000 0.0000 0.0000 0.0000 0.0000 0.0000 0.0000 0.0000 0.0000 0.0000 0.0000 0.0000 0.0000 0.0000 0.0000 0.0000 0.0000 0.0000 0.0000 0.0000 0.0000 0.0000 0.0000 0.0000 0.0000 0.0000 0.0000 0.0000 0.0000 0.0000 0.0000 0.0000 0.0000 0.0000 0.0000 0.0000 0.0000 0.0000 0.0000 0.0000 0.0000 0.0000 0.0000 0.0000 0.0000 0.0000 0.0000 0.0000 0.0000 0.0000 0.0000 0.0000 0.0000 0.0000 0.0000 0.0000 0.0000 0.0000 0.0000 0.0000 0.0000 0.0000 0.0000 0.0000 0.0000 0.0000 0.0000 0.0000 0.0000 0.0000 0.0000 0.0000 0.0000 0.0000 0.0000 0.0000 0.0000 0.0000 0.0000 0.0000 0.0000 0.0000 0.0000 0.0000 0.0000 0.0000 0.0000 0.0000 0.0000 0.0000 0.0000 0.0000 0.0000 0.0000 0.0000 0.0000 0.0000 0.0000 0.0000 0.0000 0.0000 0.0000 0.0000 0.0000 0.0000 0.0000 0.0000 0.0000 0.0000 0.0000 0.0000 0.0000 0.0000 0.0000 0.0000 0.0000 0.0000 0.0000 0.0000 0.0000 0.0000 0.0000 0.0000 0.0000 0.0000 0.0000 0.0000 0.0000 0.0000 0.0000 0.0000 0.0000 0.0000 0.0000 0.0000 0.0000 0.0000 0.0000 0.0000 0.0000 0.0000 0.0000 0.0000 0.0000 0.0000 0.0000 0.0000 0.0000 0.0000 0.0000 0.0000 0.0000 0.0000 0.0000 0.0000 0.0000 0.0000 0.0000 0.0000 0.0000 0.0000 0.0000 0.0000 0.0000 0.0000 0.0000 0.0000 0.0000 0.0000 0.0000 0.0000 0.0000 0.0000 0.0000 0.0000 0.0000 0.0000 0.0000 0.0000 0.0000 0.0000 0.0000 0.0000 0.0000 0.0000 0.0000 0.0000 0.0000 0.0000 0.0000 0.0000 0.0000 0.0000 0.0000 0.0000 0.0000 0.0000 0.0000 0.0000 0.0000 0.0000 0.0000 0.0000 0.0000 0.0000 0.0000 0.0000 0.0000 0.0000 0.0000 0.0000 0.0000 0.0000 0.0000 0.0000 0.0000 0.0000 0.0000 0.0000 0.0000 0.0000 0.0000 0.0000 0.0000 0.0000 0.0000 0.0000 0.0000 0.0000 0.0000 0.0000 0.0000 0.0000 0.0000 0.0000 0.0000 0.0000 0.0000 0.0000 0.0000 0.0000 0.0000 0.0000 0.0000 0.0000 0.0000 0.0000 0.0000 0.0000 0.0000 0.0000 0.0000 0.0000 0.0000 0.0000 0.0000 0.0000 0.0000 0.0000 0.0000 0.0000 0.0000 0.0000 0.0000 0.0000 0.0000 0.0000 0.0000 0.0000 0.0000 0.0000 0.0000 0.0000 0.0000 0.0000 0.0000 0.0000 0.0000 0.0000 0.0000 0.0000 0.0000 0.0000 0.0000 0.0000 0.0000 0.0000 0.0000 0.0000 0.0000 0.0000 0.0000 0.0000 0.0000 0.0000 0.0000 0.0000 0.0000 0.0000 0.0000 0.0000 0.0000 0.0000 0.0000 0.0000 0.0000 0.0000 0.0000 0.0000 0.0000 0.0000 0.0000 0.0000 0.0000 0.0000 0.0000 0.0000 0.0000 0.0000 0.0000 0.0000 0.0000 0.0000 0.0000 0.0000 0.0000 0.0000 0.0000 0.0000 0.0000 0.0000 0.0000 0.0000 0.0000 0.0000 0.0000 0.0000 0.0000 0.0000 0.0000 0.0000 0.0000 0.0000 0.0000 0.0000 0.0000 0.0000 0.0000 0.0000 0.0000 0.0000 0.0000 0.0000 0.0000 0.0000 0.0000 0.0000 0.0000 0.0000 0.0000 0.0000 0.0000 0.0000 0.0000 0.0000 0.0000 0.0000 0.0000 0.0000 0.0000 0.0000 0.0000 0.0000 0.0000 0.0000 0.0000 0.0000 0.0000 0.0000 0.0000 0.0000 0.0000 0.0000 0.0000 0.0000 0.0000 0.0000 0.0000 0.0000 0.0000 0.0000 0.0000 0.0000 0.0000 0.0000 0.0000 0.0000 0.0000 0.0000 0.0000 0.0000 0.0000 0.0000 0.0000 0.0000 0.0000 0.0000 0.0000 0.0000 0.0000 0.0000 0.0000 0.0000 0.0000 0.0000 0.0000 0.0000 0.0000 0.0000 0.0000 0.0000 0.0000 0.0000 0.0000 0.0000 0.0000 0.0000 0.0000 0.0000 0.0000 0.0000 0.0000 0.0000 0.0000 0.0000 0.0000 0.0000 0.0000 0.0000 0.0000 0.0000 0.0000 0.0000 0.0000 0.0000 0.0000 0.0000 0.0000 0.0000 0.0000 0.0000 0.0000 0.0000 0.0000 0.0000 0.0000 0.0000 0.0000 0.0000 0.0000 0.0000 0.0000 0.0000 0.0000 0.0000 0.0000 0.0000 0.0000 0.0000 0.0000 0.0000 0.0000 0.0000 0.0000 0.0000 0.0000 0.0000 0.0000 0.0000 0.0000 0.0000 0.0000 0.0000 0.0000 0.0000 0.0000 0.0000 0.0000 0.0000 0.0000 0.0000 0.0000 0.0000 0.0000 0.0000 0.0000 0.0000 0.0000 0.0000 0.0000 0.0000 0.0000 0.0000 0.0000 0.0000 0.0000 0.0000 0.0000 0.0000 0.0000 0.0000 0.0000 0.0000 0.0000 0.0000 0.0000 0.0000 0.0000 0.0000 0.0000 0.0000 0.0000 0.0000 0.0000 0.0000 0.0000 0.0000 0.0000 0.0000 0.0000 0.0000 0.0000 0.0000 0.0000 0.0000 0.0000 0.0000 0.0000 0.0000 0.0000 0.0000 0.0000 0.0000 0.0000 0.0000 0.0000 0.0000 0.0000 0.0000 0.0000 0.0000 0.0000 0.0000 0.0000 0.0000 0.0000 0.0000 0.0000 0.0000 0.0000 0.0000 0.0000 0.0000 0.0000 0.0000 0.0000 0.0000 0.0000 0.0000 0.0000 0.0000 0.0000 0.0000 0.0000 0.0000 0.0000 0.0000 0.0000 0.0000 0.0000 0.0000 0.0000 0.0000 0.0000 0.0000 0.0000 0.0000 0.0000 0.0000 0.0000 0.0000 0.0000 0.0000 0.0000 0.0000 0.0000 0.0000 0.0000 0.0000 0.0000 0.0000 0.0000 0.0000 0.0000 0.0000 0.0000 0.0000 0.0000 0.0000 0.0000 0.0000 0.0000 0.0000 0.0000 0.0000 0.0000 0.0000 0.0000 0.0000 0.0000 0.0000 0.0000 0.0000 0.0000 0.0000 0.0000 0.0000 0.0000 0.0000 0.0000 0.0000 0.0000 0.0000 0.0000 0.0000 0.0000 0.0000 0.0000 0.0000 0.0000 0.0000 0.0000 0.0000 0.0000 0.0000 0.0000 0.0000 0.0000 0.0000 0.0000 0.0000 0.0000 0.0000 0.0000 0.0000 0.0000 0.0000 0.0000 0.0000 0.0000 0.0000 0.0000 0.0000 0.0000 0.0000 0.0000 0.0000 0.0000 0.0000 0.0000 0.0000 0.0000 0.0000 0.0000 0.0000 0.0000 0.0000 0.0000 0.0000 0.0000 0.0000 0.0000 0.0000 0.0000 0.0000 0.0000 0.0000 0.0000 0.0000 0.0000 0.0000 0.0000 0.0000 0.0000 0.0000 0.0000 0.0000 0.0000 0.0000 0.0000 0.0000 0.0000 0.0000 0.0000 0.0000 0.0000 0.0000 0.0000 0.0000 0.0000 0.0000 0.0000 0.0000 0.0000 0.0000 0.0000 0.0000 0.0000 0.0000 0.0000 0.0000 0.0000 0.0000 0.0000 0.0000 0.0000 0.0000 0.0000 0.0000 0.0000 0.0000 0.0000 0.0000 0.0000 0.0000 0.0000 0.0000 0.0000 0.0000 0.0000 0.0000 0.0000 0.0000 0.0000 0.0000 0.0000 0.0000 0.0000 0.0000 0.0000 0.0000 0.0000 0.0000 0.0000 0.0000 0.0000 0.0000 0.0000 0.0000 0.0000 0.0000 0.0000 0.0000 0.0000 0.0000 0.0000 0.0000 0.0000 0.0000 0.0000 0.0000 0.0000 0.0000 0.0000 0.0000 0.0000 0.0000 0.0000 0.0000 0.0000 0.0000 0.0000 0.0000 0.0000 0.0000 0.0000 0.0000 0.0000 0.0000 0.0000 0.0000 0.0000 0.0000 0.0000 0.0000 0.0000 0.0000 0.0000 0.0000 0.0000 0.0000 0.0000 0.0000 0.0000 0.0000 0.0000 0.0000 0.0000 0.0000 0.0000 0.0000 0.0000 0.0000 0.0000 0.0000 0.0000 0.0000 0.0000 0.0000 0.0000 0.0000 0.0000 0.0000 0.0000 0.0000 0.0000 0.0000 0.0000 0.0000 0.0000 0.0000 0.0000 0.0000 0.0000 0.0000 0.0000 0.0000 0.0000 0.0000 0.0000 0.0000 0.0000 0.0000 0.0000 0.0000 0.0000 0.0000 0.0000 0.0000 0.0000 0.0000 0.0000 0.0000 0.0000 0.0000 0.0000 0.0000 0.0000 0.0000 0.0000 0.0000 0.0000 0.0000 0.0000 0.0000 0.0000 0.0000 0.0000 0.0000 0.0000 0.0000 0.0000 0.0000 0.0000 0.0000 0.0000 0.0000 0.0000 0.0000 0.0000 0.0000 0.0000 0.0000 0.0000 0.0000 0.0000 0.0000 0.0000 0.0000 0.0000 0.0000 0.0000 0.0000 0.0000 0.0000 0.0000 0.0000 0.0000 0.0000 0.0000 0.0000 0.0000 0.0000 0.0000 0.0000 0.0000 0.0000 0.0000 0.0000 0.0000 0.0000 0.0000 0.0000 0.0000 0.0000 0.0000 0.0000 0.0000 0.0000 0.0000 0.0000 0.0000 0.0000 0.0000 0.0000 0.0000 0.0000 0.0000 0.0000 0.0000 0.0000 0.0000 0.0000 0.0000 0.0000 0.0000 0.0000 0.0000 0.0000 0.0000 0.0000 0.0000 0.0000 0.0000 0.0000 0.0000 0.0000 0.0000 0.0000 0.0000 0.0000 0.0000 0.0000 0.0000 0.0000 0.0000 0.0000 0.0000 0.0000 0.0000 0.0000 0.0000 0.0000 0.0000 0.0000 0.0000 0.0000 0.0000 0.0000 0.0000 0.0000 0.0000 0.0000 0.0000 0.0000 0.0000 0.0000 0.0000 0.0000 0.0000 0.0000 0.0000 0.0000 0.0000 0.0000 0.0000 0.0000 0.0000 0.0000 0.0000 0.0000 0.0000 0.0000 0.0000 0.0000 0.0000 0.0000 0.0000 0.0000 0.0000 0.0000 0.0000 0.0000 0.0000 0.0000 0.0000 0.0000 0.0000 0.0000 0.0000 0.0000 0.0000 0.0000 0.0000 0.0000 0.0000 0.0000 0.0000 0.0000 0.0000 0.0000 0.0000 0.0000 0.0000 0.0000 0.0000 0.0000 0.0000 0.0000 0.0000 0.0000 0.0000 0.0000 0.0000 0.0000 0.0000 0.0000 0.0000 0.0000 0.0000 0.0000 0.0000 0.0000 0.0000 0.0000 0.0000 0.0000 0.0000 0.0000 0.0000 0.0000 0.0000 0.0000 0.0000 0.0000 0.0000 0.0000 0.0000 0.0000 0.0000 0.0000 0.0000 0.0000 0.0000 0.0000 0.0000 0.0000 0.0000 0.0000 0.0000 0.0000 0.0000 0.0000 0.0000 0.0000 0.0000 0.0000 0.0000 0.0000 0.0000 0.0000 0.0000 0.0000 0.0000 0.0000 0.0000 0.0000 0.0000 0.0000 0.0000 0.0000 0.0000 0.0000 0.0000 0.0000 0.0000 0.0000 0.0000 0.0000 0.0000 0.0000 0.0000 0.0000 0.0000 0.0000 0.0000 0.0000 0.0000 0.0000 0.0000 0.0000 0.0000 0.0000 0.0000 0.0000 0.0000 0.0000 0.0000 0.0000 0.0000 0.0000 0.0000 0.0000 0.0000 0.0000 0.0000 0.0000 0.0000 0.0000 0.0000 0.0000 0.0000 0.0000 0.0000 0.0000 0.0000 0.0000 0.0000 0.0000 0.0000 0.0000 0.0000 0.0000 0.0000 0.0000 0.0000 0.0000 0.0000 0.0000 0.0000 0.0000 0.0000 0.0000 0.0000 0.0000 0.0000 0.0000 0.0000 0.0000 0.0000 0.0000 0.0000 0.0000 0.0000 0.0000 0.0000 0.0000 0.0000 0.0000 0.0000 0.0000 0.0000 0.0000 0.0000 0.0000 0.0000 0.0000 0.0000 0.0000 0.0000 0.0000 0.0000 0.0000 0.0000 0.0000 0.0000 0.0000 0.0000 0.0000 0.0000 0.0000 0.0000 0.0000 0.0000 0.0000 0.0000 0.0000 0.0000 0.0000 0.0000 0.0000 0.0000 0.0000 0.0000 0.0000 0.0000 0.0000 0.0000 0.0000 0.0000 0.0000 0.0000 0.0000 0.0000 0.0000 0.0000 0.0000 0.0000 0.0000 0.0000 0.0000 0.0000 0.0000 0.0000 0.0000 0.0000 0.0000 0.0000 0.0000 0.0000 0.0000 0.0000 0.0000 0.0000 0.0000 0.0000 0.0000 0.0000 0.0000 0.0000 0.0000 0.0000 0.0000 0.0000 0.0000 0.0000 0.0000 0.0000 0.0000 0.0000 0.0000 0.0000 0.0000 0.0000 0.0000 0.0000 0.0000 0.0000 0.0000 0.0000 0.0000 0.0000 0.0000 0.0000 0.0000 0.0000 0.0000 0.0000 0.0000 0.0000 0.0000 0.0000 0.0000 0.0000 0.0000 0.0000 0.0000 0.0000 0.0000 0.0000 0.0000 0.0000 0.0000 0.0000 0.0000 0.0000 0.0000 0.0000 0.0000 0.0000 0.0000 0.0000 0.0000 0.0000 0.0000 0.0000 0.0000 0.0000 0.0000 0.0000 0.0000 0.0000 0.0000 0.0000 0.0000 0.0000 0.0000 0.0000 0.0000 0.0000 0.0000 0.0000 0.0000 0.0000 0.0000 0.0000 0.0000 0.0000 0.0000 0.0000 0.0000 0.0000 0.0000 0.0000 0.0000 0.0000 0.0000 0.0000 0.0000 0.0000 0.0000 0.0000 0.0000 0.0000 0.0000 0.0000 0.0000 0.0000 0.0000 0.0000 0.0000 0.0000 0.0000 0.0000 0.0000 0.0000 0.0000 0.0000 0.0000 0.0000 0.0000 0.0000 0.0000 0.0000 0.0000 0.0000 0.0000 0.0000 0.0000 0.0000 0.0000 0.0000 0.0000 0.0000 0.0000 0.0000 0.0000 0.0000 0.0000 0.0000 0.0000 0.0000 0.0000 0.0000 0.0000 0.0000 0.0000 0.0000 0.0000 0.0000 0.0000 0.0000 0.0000 0.0000 0.0000 0.0000 0.0000 0.0000 0.0000 0.0000 0.0000 0.0000 0.0000 0.0000 0.0000 0.0000 0.0000 0.0000 0.0000 0.0000 0.0000 0.0000 0.0000 0.0000 0.0000 0.0000 0.0000 0.0000 0.0000 0.0000 0.0000 0.0000 0.0000 0.0000 0.0000 0.0000 0.0000 0.0000 0.0000 0.0000 0.0000 0.0000 0.0000 0.0000 0.0000 0.0000 0.0000 0.0000 0.0000 0.0000 0.0000 0.0000 0.0000 0.0000 0.0000 0.0000 0.0000 0.0000 0.0000 0.0000 0.0000 0.0000 0.0000 0.0000 0.0000 0.0000 0.0000 0.0000 0.0000 0.0000 0.0000 0.0000 0.0000 0.0000 0.0000 0.0000 0.0000 0.0000 0.0000 0.0000 0.0000 0.0000 0.0000 0.0000 0.0000 0.0000 0.0000 0.0000 0.0000 0.0000 0.0000 0.0000 0.0000 0.0000 0.0000 0.0000 0.0000 0.0000 0.0000 0.0000 0.0000 0.0000 0.0000 0.0000 0.0000 0.0000 0.0000 0.0000 0.0000 0.0000 0.0000 0.0000 0.0000 0.0000 0.0000 0.0000 0.0000 0.0000 0.0000 0.0000 0.0000 0.0000 0.0000 0.0000 0.0000 0.0000 0.0000 0.0000 0.0000 0.0000 0.0000 0.0000 0.0000 0.0000 0.0000 0.0000 0.0000 0.0000 0.0000 0.0000 0.0000 0.0000 0.0000 0.0000 0.0000 0.0000 0.0000 0.0000 0.0000 0.0000 0.0000 0.0000 0.0000 0.0000 0.0000 0.0000 0.0000 0.0000 0.0000 0.0000 0.0000 0.0000 0.0000 0.0000 0.0000 0.0000 0.0000 0.0000 0.0000 0.0000 0.0000 0.0000 0.0000 0.0000 0.0000 0.0000 0.0000 0.0000 0.0000 0.0000 0.0000 0.0000 0.0000 0.0000 0.0000 0.0000 0.0000 0.0000 0.0000 0.0000 0.0000 0.0000 0.0000 0.0000 0.0000 0.0000 0.0000 0.0000 0.0000 0.0000 0.0000 0.0000 0.0000 0.0000 0.0000 0.0000 0.0000 0.0000 0.0000 0.0000 0.0000 0.0000 0.0000 0.0000 0.0000 0.0000 0.0000 0.0000 0.0000 0.0000 0.0000 0.0000 0.0000 0.0000 0.0000 0.0000 0.0000 0.0000 0.0000 0.0000 0.0000 0.0000 0.0000 0.0000 0.0000 0.0000 0.0000 0.0000 0.0000 0.0000 0.0000 0.0000 0.0000 0.0000 0.0000 0.0000 0.0000 0.0000 0.0000 0.0000 0.0000 0.0000 0.0000 0.0000 0.0000 0.0000 0.0000 0.0000 0.0000 0.0000 0.0000 0.0000 0.0000 0.0000 0.0000 0.0000 0.0000 0.0000 0.0000 0.0000 0.0000 0.0000 0.0000 0.0000 0.0000 0.0000 0.0000 0.0000 0.0000 0.0000 0.0000 0.0000 0.0000 0.0000 0.0000 0.0000 0.0000 0.0000 0.0000 0.0000 0.0000 0.0000 0.0000 0.0000 0.0000 0.0000 0.0000 0.0000 0.0000 0.0000 0.0000 0.0000 0.0000 0.0000 0.0000 0.0000 0.0000 0.0000 0.0000 0.0000 0.0000 0.0000 0.0000 0.0000 0.0000 0.0000 0.0000 0.0000 0.0000 0.0000 0.0000 0.0000 0.0000 0.0000 0.0000 0.0000 0.0000 0.0000 0.0000 0.0000 0.0000 0.0000 0.0000 0.0000 0.0000 0.0000 0.0000 0.0000 0.0000 0.0000 0.0000 0.0000 0.0000 0.0000 0.0000 0.0000 0.0000 0.0000 0.0000 0.0000 0.0000 0.0000 0.0000 0.0000 0.0000 0.0000 0.0000 0.0000 0.0000 0.0000 0.0000 0.0000 0.0000 0.0000 0.0000 0.0000 0.0000 0.0000 0.0000 0.0000 0.0000 0.0000 0.0000 0.0000 0.0000 0.0000 0.0000 0.0000 0.0000 0.0000 0.0000 0.0000 0.0000 0.0000 0.0000 0.0000 0.0000 0.0000 0.0000 0.0000 0.0000 0.0000 0.0000 0.0000 0.0000 0.0000 0.0000 0.0000 0.0000 0.0000 0.0000 0.0000 0.0000 0.0000 0.0000 0.0000 0.0000 0.0000 0.0000 0.0000 0.0000 0.0000 0.0000 0.0000 0.0000 0.0000 0.0000 0.0000 0.0000 0.0000 0.0000 0.0000 0.0000 0.0000 0.0000 0.0000 0.0000 0.0000 0.0000 0.0000 0.0000 0.0000 0.0000 0.0000 0.0000 0.0000 0.0000 0.0000 0.0000 0.0000 0.0000 0.0000 0.0000 0.0000 0.0000 0.0000 0.0000 0.0000 0.0000 0.0000 0.0000 0.0000 0.0000 0.0000 0.0000 0.0000 0.0000 0.0000 0.0000 0.0000 0.0000 0.0000 0.0000 0.0000 0.0000 0.0000 0.0000 0.0000 0.0000 0.0000 0.0000 0.0000 0.0000 0.0000 0.0000 0.0000 0.0000 0.0000 0.0000 0.0000 0.0000 0.0000 0.0000 0.0000 0.0000 0.0000 0.0000 0.0000 0.0000 0.0000 0.0000 0.0000 0.0000 0.0000 0.0000 0.0000 0.0000 0.0000 0.0000 0.0000 0.0000 0.0000 0.0000 0.0000 0.0000 0.0000 0.0000 0.0000 0.0000 0.0000 0.0000 0.0000 0.0000 0.0000 0.0000 0.0000 0.0000 0.0000 0.0000 0.0000 0.0000 0.0000 0.0000 0.0000 0.0000 0.0000 0.0000 0.0000 0.0000 0.0000 0.0000 0.0000 0.0000 0.0000 0.0000 0.0000 0.0000 0.0000 0.0000 0.0000 0.0000 0.0000 0.0000 0.0000 0.0000 0.0000 0.0000 0.0000 0.0000 0.0000 0.0000 0.0000 0.0000 0.0000 0.0000 0.0000 0.0000 0.0000 0.0000 0.0000 0.0000 0.0000 0.0000 0.0000 0.0000 0.0000 0.0000 0.0000 0.0000 0.0000 0.0000 0.0000 0.0000 0.0000 0.0000 0.0000 0.0000 0.0000 0.0000 0.0000 0.0000 0.0000 0.0000 0.0000 0.0000 0.0000 0.0000 0.0000 0.0000 0.0000 0.0000 0.0000 0.0000 0.0000 0.0000 0.0000 0.0000 0.0000 0.0000 0.0000 0.0000 0.0000 0.0000 0.0000 0.0000 0.0000 0.0000 0.0000 0.0000 0.0000 0.0000 0.0000 0.0000 0.0000 0.0000 0.0000 0.0000 0.0000 0.0000 0.0000 0.0000 0.0000 0.0000 0.0000 0.0000 0.0000 0.0000 0.0000 0.0000 0.0000 0.0000 0.0000 0.0000 0.0000 0.0000 0.0000 0.0000 0.0000 0.0000 0.0000 0.0000 0.0000 0.0000 0.0000 0.0000 0.0000 0.0000 0.0000 0.0000 0.0000 0.0000 0.0000 0.0000 0.0000 0.0000 0.0000 0.0000 0.0000 0.0000 0.0000 0.0000 0.0000 0.0000 0.0000 0.0000 0.0000 0.0000 0.0000 0.0000 0.0000 0.0000 0.0000 0.0000 0.0000 0.0000 0.0000 0.0000 0.0000 0.0000 0.0000 0.0000 0.0000 0.0000 0.0000 0.0000 0.0000 0.0000 0.0000 0.0000 0.0000 0.0000 0.0000 0.0000 0.0000 0.0000 0.0000 0.0000 0.0000 0.0000 0.0000 0.0000 0.0000 0.0000 0.0000 0.0000 0.0000 0.0000 0.0000 0.0000 0.0000 0.0000 0.0000 0.0000 0.0000 0.0000 0.0000 0.0000 0.0000 0.0000 0.0000 0.0000 0.0000 0.0000 0.0000 0.0000 0.0000 0.0000 0.0000 0.0000 0.0000 0.0000 0.0000 0.0000 0.0000 0.0000 0.0000 0.0000 0.0000 0.0000 0.0000 0.0000 0.0000 0.0000 0.0000 0.0000 0.0000 0.0000 0.0000 0.0000 0.0000 0.0000 0.0000 0.0000 0.0000 0.0000 0.0000 0.0000 0.0000 0.0000 0.0000 0.0000 0.0000 0.0000 0.0000 0.0000 0.0000 0.0000 0.0000 0.0000 0.0000 0.0000 0.0000 0.0000 0.0000 0.0000 0.0000 0.0000 0.0000 0.0000 0.0000 0.0000 0.0000 0.0000 0.0000 0.0000 0.0000 0.0000 0.0000 0.0000 0.0000 0.0000 0.0000 0.0000 0.0000 0.0000 0.0000 0.0000 0.0000 0.0000 0.0000 0.0000 0.0000 0.0000 0.0000 0.0000 0.0000 0.0000 0.0000 0.0000 0.0000 0.0000 0.0000 0.0000 0.0000 0.0000 0.0000 0.0000 0.0000 0.0000 0.0000 0.0000 0.0000 0.0000 0.0000 0.0000 0.0000 0.0000 0.0000 0.0000 0.0000 0.0000 0.0000 0.0000 0.0000 0.0000 0.0000 0.0000 0.0000 0.0000 0.0000 0.0000 0.0000 0.0000 0.0000 0.0000 0.0000 0.0000 0.0000 0.0000 0.0000 0.0000 0.0000 0.0000 0.0000 0.0000 0.0000 0.0000 0.0000 0.0000 0.0000 0.0000 0.0000 0.0000 0.0000 0.0000 0.0000 0.0000 0.0000 0.0000 0.0000 0.0000 0.0000 0.0000 0.0000 0.0000 0.0000 0.0000 0.0000 0.0000 0.0000 0.0000 0.0000 0.0000 0.0000 0.0000 0.0000 0.0000 0.0000 0.0000 0.0000 0.0000 0.0000 0.0000 0.0000 0.0000 0.0000 0.0000 0.0000 0.0000 0.0000 0.0000 0.0000 0.0000 0.0000 0.0000 0.0000 0.0000 0.0000 0.0000 0.0000 0.0000 0.0000 0.0000 0.0000 0.0000 0.0000 0.0000 0.0000 0.0000 0.0000 0.0000 0.0000 0.0000 0.0000 0.0000 0.0000 0.0000 0.0000 0.0000 0.0000 0.0000 0.0000 0.0000 0.0000 0.0000 0.0000 0.0000 0.0000 0.0000 0.0000 0.0000 0.0000 0.0000 0.0000 0.0000 0.0000 0.0000 0.0000 0.0000 0.0000 0.0000 0.0000 0.0000 0.0000 0.0000 0.0000 0.0000 0.0000 0.0000 0.0000 0.0000 0.0000 0.0000 0.0000 0.0000 0.0000 0.0000 0.0000 0.0000 0.0000 0.0000 0.0000 0.0000 0.0000 0.0000 0.0000 0.0000 0.0000 0.0000 0.0000 0.0000 0.0000 0.0000 0.0000 0.0000 0.0000 0.0000 0.0000 0.0000 0.0000 0.0000 0.0000 0.0000 0.0000 0.0000 0.0000 0.0000 0.0000 0.0000 0.0000 0.0000 0.0000 0.0000 0.0000 0.0000 0.0000 0.0000 0.0000 0.0000 0.0000 0.0000 0.0000 0.0000 0.0000 0.0000 0.0000 0.0000 0.0000 0.0000 0.0000 0.0000 0.0000 0.0000 0.0000 0.0000 0.0000 0.0000 0.0000 0.0000 0.0000 0.0000 0.0000 0.0000 0.0000 0.0000 0.0000 0.0000 0.0000 0.0000 0.0000 0.0000 0.0000 0.0000 0.0000 0.0000 0.0000 0.0000 0.0000 0.0000 0.0000 0.0000 0.0000 0.0000 0.0000 0.0000 0.0000 0.0000 0.0000 0.0000 0.0000 0.0000 0.0000 0.0000 0.0000 0.0000 0.0000 0.0000 0.0000 0.0000 0.0000 0.0000 0.0000 0.0000 0.0000 0.0000 0.0000 0.0000 0.0000 0.0000 0.0000 0.0000 0.0000 0.0000 0.0000 0.0000 0.0000 0.0000 0.0000 0.0000 0.0000 0.0000 0.0000 0.0000 0.0000 0.0000 0.0000 0.0000 0.0000 0.0000 0.0000 0.0000 0.0000 0.0000 0.0000 0.0000 0.0000 0.0000 0.0000 0.0000 0.0000 0.0000 0.0000 0.0000 0.0000 0.0000 0.0000 0.0000 0.0000 0.0000 0.0000 0.0000 0.0000 0.0000 0.0000 0.0000 0.0000 0.0000 0.0000 0.0000 0.0000 0.0000 0.0000 0.0000 0.0000 0.0000 0.0000 0.0000 0.0000 0.0000 0.0000 0.0000 0.0000 0.0000 0.0000 0.0000 0.0000 0.0000 0.0000 0.0000 0.0000 0.0000 0.0000 0.0000 0.0000 0.0000 0.0000 0.0000 0.0000 0.0000 0.0000 0.0000 0.0000 0.0000 0.0000 0.0000 0.0000 0.0000 0.0000 0.0000 0.0000 0.0000 0.0000 0.0000 0.0000 0.0000 0.0000 0.0000 0.0000 0.0000 0.0000 0.0000 0.0000 0.0000 0.0000 0.0000 0.0000 0.0000 0.0000 0.0000 0.0000 0.0000 0.0000 0.0000 0.0000 0.0000 0.0000 0.0000 0.0000 0.0000 0.0000 0.0000 0.0000 0.0000 0.0000 0.0000 0.0000 0.0000 0.0000 0.0000 0.0000 0.0000 0.0000 0.0000 0.0000 0.0000 0.0000 0.0000 0.0000 0.0000 0.0000 0.0000 0.0000 0.0000 0.0000 0.0000 0.0000 0.0000 0.0000 0.0000 0.0000 0.0000 0.0000 0.0000 0.0000 0.0000 0.0000 0.0000 0.0000 0.0000 0.0000 0.0000 0.0000 0.0000 0.0000 0.0000 0.0000 0.0000 0.0000 0.0000 0.0000 0.0000 0.0000 0.0000 0.0000 0.0000 0.0000 0.0000 0.0000 0.0000 0.0000 0.0000 0.0000 0.0000 0.0000 0.0000 0.0000 0.0000 0.0000 0.0000 0.0000 0.0000 0.0000 0.0000 0.0000 0.0000 0.0000 0.0000 0.0000 0.0000 0.0000 0.0000 0.0000 0.0000 0.0000 0.0000 0.0000 0.0000 0.0000 0.0000 0.0000 0.0000 0.0000 0.0000 0.0000 0.0000 0.0000 0.0000 0.0000 0.0000 0.0000 0.0000 0.0000 0.0000 0.0000 0.0000 0.0000 0.0000 0.0000 0.0000 0.0000 0.0000 0.0000 0.0000 0.0000 0.0000 0.0000 0.0000 0.0000 0.0000 0.0000 0.0000 0.0000 0.0000 0.0000 0.0000 0.0000 0.0000 0.0000 0.0000 0.0000 0.0000 0.0000 0.0000 0.0000 0.0000 0.0000 0.0000 0.0000 0.0000 0.0000 0.0000 0.0000 0.0000 0.0000 0.0000 0.0000 0.0000 0.0000 0.0000 0.0000 0.0000 0.0000 0.0000 0.0000 0.0000 0.0000 0.0000 0.0000 0.0000 0.0000 0.0000 0.0000 0.0000 0.0000 0.0000 0.0000 0.0000 0.0000 0.0000 0.0000 0.0000 0.0000 0.0000 0.0000 0.0000 0.0000 0.0000 0.0000 0.0000 0.0000 0.0000 0.0000 0.0000 0.0000 0.0000 0.0000 0.0000 0.0000 0.0000 0.0000 0.0000 0.0000 0.0000 0.0000 0.0000 0.0000 0.0000 0.0000 0.0000 0.0000 0.0000 0.0000 0.0000 0.0000 0.0000 0.0000 0.0000 0.0000 0.0000 0.0000 0.0000 0.0000 0.0000 0.0000 0.0000 0.0000 0.0000 0.0000 0.0000 0.0000 0.0000 0.0000 0.0000 0.0000 0.0000 0.0000 0.0000 0.0000 0.0000 0.0000 0.0000 0.0000 0.0000 0.0000 0.0000 0.0000 0.0000 0.0000 0.0000 0.0000 0.0000 0.0000 0.0000 0.0000 0.0000 0.0000 0.0000 0.0000 0.0000 0.0000 0.0000 0.0000 0.0000 0.0000 0.0000 0.0000 0.0000 0.0000 0.0000 0.0000 0.0000 0.0000 0.0000 0.0000 0.0000 0.0000 0.0000 0.0000 0.0000 0.0000 0.0000 0.0000 0.0000 0.0000 0.0000 0.0000 0.0000 0.0000 0.0000 0.0000 0.0000 0.0000 0.0000 0.0000 0.0000 0.0000 0.0000 0.0000 0.0000 0.0000 0.0000 0.0000 0.0000 0.0000 0.0000 0.0000 0.0000 0.0000 0.0000 0.0000 0.0000 0.0000 0.0000 0.0000 0.0000 0.0000 0.0000 0.0000 0.0000 0.0000 0.0000 0.0000 0.0000 0.0000 0.0000 0.0000 0.0000 0.0000 0.0000 0.0000 0.0000 0.0000 0.0000 0.0000 0.0000 0.0000 0.0000 0.0000 0.0000 0.0000 0.0000 0.0000 0.0000 0.0000 0.0000 0.0000 0.0000 0.0000 0.0000 0.0000 0.0000 0.0000 0.0000 0.0000 0.0000 0.0000 0.0000 0.0000 0.0000 0.0000 0.0000 0.0000 0.0000 0.0000 0.0000 0.0000 0.0000 0.0000 0.0000 0.0000 0.0000 0.0000 0.0000 0.0000 0.0000 0.0000 0.0000 0.0000 0.0000 0.0000 0.0000 0.0000 0.0000 0.0000 0.0000 0.0000 0.0000 0.0000 0.0000 0.0000 0.0000 0.0000 0.0000 0.0000 0.0000 0.0000 0.0000 0.0000 0.0000 0.0000 0.0000 0.0000 0.0000 0.0000 0.0000 0.0000 0.0000 0.0000 0.0000 0.0000 0.0000 0.0000 0.0000 0.0000 0.0000 0.0000 0.0000 0.0000 0.0000 0.0000 0.0000 0.0000 0.0000 0.0000 0.0000 0.0000 0.0000 0.0000 0.0000 0.0000 0.0000 0.0000 0.0000 0.0000 0.0000 0.0000 0.0000 0.0000 0.0000 0.0000 0.0000 0.0000 0.0000 0.0000 0.0000 0.0000 0.0000 0.0000 0.0000 0.0000 0.0000 0.0000 0.0000 0.0000 0.0000 0.0000 0.0000 0.0000 0.0000 0.0000 0.0000 0.0000 0.0000 0.0000 0.0000 0.0000 0.0000 0.0000 0.0000 0.0000 0.0000 0.0000 0.0000 0.0000 0.0000 0.0000 0.0000 0.0000 0.0000 0.0000 0.0000 0.0000 0.0000 0.0000 0.0000 0.0000 0.0000 0.0000 0.0000 0.0000 0.0000 0.0000 0.0000 0.0000 0.0000 0.0000 0.0000 0.0000 0.0000 0.0000 0.0000 0.0000 0.0000 0.0000 0.0000 0.0000 0.0000 0.0000 0.0000 0.0000 0.0000 0.0000 0.0000 0.0000 0.0000 0.0000 0.0000 0.0000 0.0000 0.0000 0.0000 0.0000 0.0000 0.0000 0.0000 0.0000 0.0000 0.0000 0.0000 0.0000 0.0000 0.0000 0.0000 0.0000 0.0000 0.0000 0.0000 0.0000 0.0000 0.0000 0.0000 0.0000 0.0000 0.0000 0.0000 0.0000 0.0000 0.0000 0.0000 0.0000 0.0000 0.0000 0.0000 0.0000 0.0000 0.0000 0.0000 0.0000 0.0000 0.0000 0.0000 0.0000 0.0000 0.0000 0.0000 0.0000 0.0000 0.0000 0.0000 0.0000 0.0000 0.0000 0.0000 0.0000 0.0000 0.0000 0.0000 0.0000 0.0000 0.0000 0.0000 0.0000 0.0000 0.0000 0.0000 0.0000 0.0000 0.0000 0.0000 0.0000 0.0000 0.0000 0.0000 0.0000 0.0000 0.0000 0.0000 0.0000 0.0000 0.0000 0.0000 0.0000 0.0000 0.0000 0.0000 0.0000 0.0000 0.0000 0.0000 0.0000 0.0000 0.0000 0.0000 0.0000 0.0000 0.0000 0.0000 0.0000 0.0000 0.0000 0.0000 0.0000 0.0000 0.0000 0.0000 0.0000 0.0000 0.0000 0.0000 0.0000 0.0000 0.0000 0.0000 0.0000 0.0000 0.0000 0.0000 0.0000 0.0000 0.0000 0.0000 0.0000 0.0000 0.0000 0.0000 0.0000 0.0000 0.0000 0.0000 0.0000 0.0000 0.0000 0.0000 0.0000 0.0000 0.0000 0.0000 0.0000 0.0000 0.0000 0.0000 0.0000 0.0000 0.0000 0.0000 0.0000 0.0000 0.0000 0.0000 0.0000 0.0000 0.0000 0.0000 0.0000 0.0000 0.0000 0.0000 0.0000 0.0000 0.0000 0.0000 0.0000 0.0000 0.0000 0.0000 0.0000 0.0000 0.0000 0.0000 0.0000 0.0000 0.0000 0.0000 0.0000 0.0000 0.0000 0.0000 0.0000 0.0000 0.0000 0.0000 0.0000 0.0000 0.0000 0.0000 0.0000 0.0000 0.0000 0.0000 0.0000 0.0000 0.0000 0.0000 0.0000 0.0000 0.0000 0.0000 0.0000 0.0000 0.0000 0.0000 0.0000 0.0000 0.0000 0.0000 0.0000 0.0000 0.0000 0.0000 0.0000 0.0000 0.0000 0.0000 0.0000 0.0000 0.0000 0.0000 0.0000 0.0000 0.0000 0.0000 0.0000 0.0000 0.0000 0.0000 0.0000 0.0000 0.0000 0.0000 0.0000 0.0000 0.0000 0.0000 0.0000 0.0000 0.0000 0.0000 0.0000 0.0000 0.0000 0.0000 0.0000 0.0000 0.0000 0.0000 0.0000 0.0000 0.0000 0.0000 0.0000 0.0000 0.0000 0.0000 0.0000 0.0000 0.0000 0.0000 0.0000 0.0000 0.0000 0.0000 0.0000 0.0000 0.0000 0.0000 0.0000 0.0000 0.0000 0.0000 0.0000 0.0000 0.0000 0.0000 0.0000 0.0000 0.0000 0.0000 0.0000 0.0000 0.0000 0.0000 0.0000 0.0000 0.0000 0.0000 0.0000 0.0000 0.0000 0.0000 0.0000 0.0000 0.0000 0.0000 0.0000 0.0000 0.0000 0.0000 0.0000 0.0000 0.0000 0.0000 0.0000 0.0000 0.0000 0.0000 0.0000 0.0000 0.0000 0.0000 0.0000 0.0000 0.0000 0.0000 0.0000 0.0000 0.0000 0.0000 0.0000 0.0000 0.0000 0.0000 0.0000 0.0000 0.0000 0.0000 0.0000 0.0000 0.0000 0.0000 0.0000 0.0000 0.0000 0.0000 0.0000 0.0000 0.0000 0.0000 0.0000 0.0000 0.0000 0.0000 0.0000 0.0000 0.0000 0.0000 0.0000 0.0000 0.0000 0.0000 0.0000 0.0000 0.0000 0.0000 0.0000 0.0000 0.0000 0.0000 0.0000 0.0000 0.0000 0.0000 0.0000 0.0000 0.0000 0.0000 0.0000 0.0000 0.0000 0.0000 0.0000 0.0000 0.0000 0.0000 0.0000 0.0000 0.0000 0.0000 0.0000 0.0000 0.0000 0.0000 0.0000 0.0000 0.0000 0.0000 0.0000 0.0000 0.0000 0.0000 0.0000 0.0000 0.0000 0.0000 0.0000 0.0000 0.0000 0.0000 0.0000 0.0000 0.0000 0.0000 0.0000 0.0000 0.0000 0.0000 0.0000 0.0000 0.0000 0.0000 0.0000 0.0000 0.0000 0.0000 0.0000 0.0000 0.0000 0.0000 0.0000 0.0000 0.0000 0.0000 0.0000 0.0000 0.0000 0.0000 0.0000 0.0000 0.0000 0.0000 0.0000 0.0000 0.0000 0.0000 0.0000 0.0000 0.0000 0.0000 0.0000 0.0000 0.0000 0.0000 0.0000 0.0000 0.0000 0.0000 0.0000 0.0000 0.0000 0.0000 0.0000 0.0000 0.0000 0.0000 0.0000 0.0000 0.0000 0.0000 0.0000 0.0000 0.0000 0.0000 0.0000 0.0000 0.0000 0.0000 0.0000 0.0000 0.0000 0.0000 0.0000 0.0000 0.0000 0.0000 0.0000 0.0000 0.0000 0.0000 0.0000 0.0000 0.0000 0.0000 0.0000 0.0000 0.0000 0.0000 0.0000 0.0000 0.0000 0.0000 0.0000 0.0000 0.0000 0.0000 0.0000 0.0000 0.0000 0.0000 0.0000 0.0000 0.0000 0.0000 0.0000 0.0000 0.0000 0.0000 0.0000 0.0000 0.0000 0.0000 0.0000 0.0000 0.0000 0.0000 0.0000 0.0000 0.0000 0.0000 0.0000 0.0000 0.0000 0.0000 0.0000 0.0000 0.0000 0.0000 0.0000 0.0000 0.0000 0.0000 0.0000 0.0000 0.0000 0.0000 0.0000 0.0000 0.0000 0.0000 0.0000 0.0000 0.0000 0.0000 0.0000 0.0000 0.0000 0.0000 0.0000 0.0000 0.0000 0.0000 0.0000 0.0000 0.0000 0.0000 0.0000 0.0000 0.0000 0.0000 0.0000 0.0000 0.0000 0.0000 0.0000 0.0000 0.0000 0.0000 0.0000 0.0000 0.0000 0.0000 0.0000 0.0000 0.0000 0.0000 0.0000 0.0000 0.0000 0.0000 0.0000 0.0000 0.0000 0.0000 0.0000 0.0000 0.0000 0.0000 0.0000 0.0000 0.0000 0.0000 0.0000 0.0000 0.0000 0.0000 0.0000 0.0000 0.0000 0.0000 0.0000 0.0000 0.0000 0.0000 0.0000 0.0000 0.0000 0.0000 0.0000 0.0000 0.0000 0.0000 0.0000 0.0000 0.0000 0.0000 0.0000 0.0000 0.0000 0.0000 0.0000 0.0000 0.0000 0.0000 0.0000 0.0000 0.0000 0.0000 0.0000 0.0000 0.0000 0.0000 0.0000 0.0000 0.0000 0.0000 0.0000 0.0000 0.0000 0.0000 0.0000 0.0000 0.0000 0.0000 0.0000 0.0000 0.0000 0.0000 0.0000 0.0000 0.0000 0.0000 0.0000 0.0000 0.0000 0.0000 0.0000 0.0000 0.0000 0.0000 0.0000 0.0000 0.0000 0.0000 0.0000 0.0000 0.0000 0.0000 0.0000 0.0000 0.0000 0.0000 0.0000 0.0000 0.0000 0.0000 0.0000 0.0000 0.0000 0.0000 0.0000 0.0000 0.0000 0.0000 0.0000 0.0000 0.0000 0.0000 0.0000 0.0000 0.0000 0.0000 0.0000 0.0000 0.0000 0.0000 0.0000 0.0000 0.0000 0.0000 0.0000 0.0000 0.0000 0.0000 0.0000 0.0000 0.0000 0.0000 0.0000 0.0000 0.0000 0.0000 0.0000 0.0000 0.0000 0.0000 0.0000 0.0000 0.0000 0.0000 0.0000 0.0000 0.0000 0.0000 0.0000 0.0000 0.0000 0.0000 0.0000 0.0000 0.0000 0.0000 0.0000 0.0000 0.0000 0.0000 0.0000 0.0000 0.0000 0.0000 0.0000 0.0000 0.0000 0.0000 0.0000 0.0000 0.0000 0.0000 0.0000 0.0000 0.0000 0.0000 0.0000 0.0000 0.0000 0.0000 0.0000 0.0000 0.0000 0.0000 0.0000 0.0000 0.0000 0.0000 0.0000 0.0000 0.0000 0.0000 0.0000 0.0000 0.0000 0.0000 0.0000 0.0000 0.0000 0.0000 0.0000 0.0000 0.0000 0.0000 0.0000 0.0000 0.0000 0.0000 0.0000 0.0000 0.0000 0.0000 0.0000 0.0000 0.0000 0.0000 0.0000 0.0000 0.0000 0.0000 0.0000 0.0000 0.0000 0.0000 0.0000 0.0000 0.0000 0.0000 0.0000 0.0000 0.0000 0.0000 0.0000 0.0000 0.0000 0.0000 0.0000 0.0000 0.0000 0.0000 0.0000 0.0000 0.0000 0.0000 0.0000 0.0000 0.0000 0.0000 0.0000 0.0000 0.0000 0.0000 0.0000 0.0000 0.0000 0.0000 0.0000 0.0000 0.0000 0.0000 0.0000 0.0000 0.0000 0.0000 0.0000 0.0000 0.0000 0.0000 0.0000 0.0000 0.0000 0.0000 0.0000 0.0000 0.0000 0.0000 0.0000 0.0000 0.0000 0.0000 0.0000 0.0000 0.0000 0.0000 0.0000 0.0000 0.0000 0.0000 0.0000 0.0000 0.0000 0.0000 0.0000 0.0000 0.0000 0.0000 0.0000 0.0000 0.0000 0.0000 0.0000 0.0000 0.0000 0.0000 0.0000 0.0000 0.0000 0.0000 0.0000 0.0000 0.0000 0.0000 0.0000 0.0000 0.0000 0.0000 0.0000 0.0000 0.0000 0.0000 0.0000 0.0000 0.0000 0.0000 0.0000 0.0000 0.0000 0.0000 0.0000 0.0000 0.0000 0.0000 0.0000 0.0000 0.0000 0.0000 0.0000 0.0000 0.0000 0.0000 0.0000 0.0000 0.0000 0.0000 0.0000 0.0000 0.0000 0.0000 0.0000 0.0000 0.0000 0.0000 0.0000 0.0000 0.0000 0.0000 0.0000 0.0000 0.0000 0.0000 0.0000 0.0000 0.0000 0.0000 0.0000 0.0000 0.0000 0.0000 0.0000 0.0000 0.0000 0.0000 0.0000 0.0000 0.0000 0.0000 0.0000 0.0000 0.0000 0.0000 0.0000 0.0000 0.0000 0.0000 0.0000 0.0000 0.0000 0.0000 0.0000 0.0000 0.0000 0.0000 0.0000 0.0000 0.0000 0.0000 0.0000 0.0000 0.0000 0.0000 0.0000 0.0000 0.0000 0.0000 0.0000 0.0000 0.0000 0.0000 0.0000 0.0000 0.0000 0.0000 0.0000 0.0000 0.0000 0.0000 0.0000 0.0000 0.0000 0.0000 0.0000 0.0000 0.0000 0.0000 0.0000 0.0000 0.0000 0.0000 0.0000 0.0000 0.0000 0.0000 0.0000 0.0000 0.0000 0.0000 0.0000 0.0000 0.0000 0.0000 0.0000 0.0000 0.0000 0.0000 0.0000 0.0000 0.0000 0.0000 0.0000 0.0000 0.0000 0.0000 0.0000 0.0000 0.0000 0.0000 0.0000 0.0000 0.0000 0.0000 0.0000 0.0000 0.0000 0.0000 0.0000 0.0000 0.0000 0.0000 0.0000 0.0000 0.0000 0.0000 0.0000 0.0000 0.0000 0.0000 0.0000 0.0000 0.0000 0.0000 0.0000 0.0000 0.0000 0.0000 0.0000 0.0000 0.0000 0.0000 0.0000 0.0000 0.0000 0.0000 0.0000 0.0000 0.0000 0.0000 0.0000 0.0000 0.0000 0.0000 0.0000 0.0000 0.0000 0.0000 0.0000 0.0000 0.0000 0.0000 0.0000 0.0000 0.0000 0.0000 0.0000 0.0000 0.0000 0.0000 0.0000 0.0000 0.0000 0.0000 0.0000 0.0000 0.0000 0.0000 0.0000 0.0000 0.0000 0.0000 0.0000 0.0000 0.0000 0.0000 0.0000 0.0000 0.0000 0.0000 0.0000 0.0000 0.0000 0.0000 0.0000 0.0000 0.0000 0.0000 0.0000 0.0000 0.0000 0.0000 0.0000 0.0000 0.0000 0.0000 0.0000 0.0000 0.0000 0.0000 0.0000 0.0000 0.0000 0.0000 0.0000 0.0000 0.0000 0.0000 0.0000 0.0000 0.0000 0.0000 0.0000 0.0000 0.0000 0.0000 0.0000 0.0000 0.0000 0.0000 0.0000 0.0000 0.0000 0.0000 0.0000 0.0000 0.0000 0.0000 0.0000 0.0000 0.0000 0.0000 0.0000 0.0000 0.0000 0.0000 0.0000 0.0000 0.0000 0.0000 0.0000 0.0000 0.0000 0.0000 0.0000 0.0000 0.0000 0.0000 0.0000 0.0000 0.0000 0.0000 0.0000 0.0000 0.0000 0.0000 0.0000 0.0000 0.0000 0.0000 0.0000 0.0000 0.0000 0.0000 0.0000 0.0000 0.0000 0.0000 0.0000 0.0000 0.0000 0.0000 0.0000 0.0000 0.0000 0.0000 0.0000 0.0000 0.0000 0.0000 0.0000 0.0000 0.0000 0.0000 0.0000 0.0000 0.0000 0.0000 0.0000 0.0000 0.0000 0.0000 0.0000 0.0000 0.0000 0.0000 0.0000 0.0000 0.0000 0.0000 0.0000 0.0000 0.0000 0.0000 0.0000 0.0000 0.0000 0.0000 0.0000 0.0000 0.0000 0.0000 0.0000 0.0000 0.0000 0.0000 0.0000 0.0000 0.0000 0.0000 0.0000 0.0000 0.0000 0.0000 0.0000 0.0000 0.0000 0.0000 0.0000 0.0000 0.0000 0.0000 0.0000 0.0000 0.0000 0.0000 0.0000 0.0000 0.0000 0.0000 0.0000 0.0000 0.0000 0.0000 0.0000 0.0000 0.0000 0.0000 0.0000 0.0000 0.0000 0.0000 0.0000 0.0000 0.0000 0.0000 0.0000 0.0000 0.0000 0.0000 0.0000 0.0000 0.0000 0.0000 0.0000 0.0000 0.0000 0.0000 0.0000 0.0000 0.0000 0.0000 0.0000 0.0000 0.0000 0.0000 0.0000 0.0000 0.0000 0.0000 0.0000 0.0000 0.0000 0.0000 0.0000 0.0000 0.0000 0.0000 0.0000 0.0000 0.0000 0.0000 0.0000 0.0000 0.0000 0.0000 0.0000 0.0000 0.0000 0.0000 0.0000 0.0000 0.0000 0.0000 0.0000 0.0000 0.0000 0.0000 0.0000 0.0000 0.0000 0.0000 0.0000 0.0000 0.0000 0.0000 0.0000 0.0000 0.0000 0.0000 0.0000 0.0000 0.0000 0.0000 0.0000 0.0000 0.0000 0.0000 0.0000 0.0000 0.0000 0.0000 0.0000 0.0000 0.0000 0.0000 0.0000 0.0000 0.0000 0.0000 0.0000 0.0000 0.0000 0.0000 0.0000 0.0000 0.0000 0.0000 0.0000 0.0000 0.0000 0.0000 0.0000 0.0000 0.0000 0.0000 0.0000 0.0000 0.0000 0.0000 0.0000 0.0000 0.0000 0.0000 0.0000 0.0000 0.0000 0.0000 0.0000 0.0000 0.0000 0.0000 0.0000 0.0000 0.0000 0.0000 0.0000 0.0000 0.0000 0.0000 0.0000 0.0000 0.0000 0.0000 0.0000 0.0000 0.0000 0.0000 0.0000 0.0000 0.0000 0.0000 0.0000 0.0000 0.0000 0.0000 0.0000 0.0000 0.0000 0.0000 0.0000 0.0000 0.0000 0.0000 0.0000 0.0000 0.0000 0.0000 0.0000 0.0000 0.0000 0.0000 0.0000 0.0000 0.0000 0.0000 0.0000 0.0000 0.0000 0.0000 0.0000 0.0000 0.0000 0.0000 0.0000 0.0000 0.0000 0.0000 0.0000 0.0000 0.0000 0.0000 0.0000 0.0000 0.0000 0.0000 0.0000 0.0000 0.0000 0.0000 0.0000 0.0000 0.0000 0.0000 0.0000 0.0000 0.0000 0.0000 0.0000 0.0000 0.0000 0.0000 0.0000 0.0000 0.0000 0.0000 0.0000 0.0000 0.0000 0.0000 0.0000 0.0000 0.0000 0.0000 0.0000 0.0000 0.0000 0.0000 0.0000 0.0000 0.0000 0.0000 0.0000 0.0000 0.0000 0.0000 0.0000 0.0000 0.0000 0.0000 0.0000 0.0000 0.0000 0.0000 0.0000 0.0000 0.0000 0.0000 0.0000 0.0000 0.0000 0.0000 0.0000 0.0000 0.0000 0.0000 0.0000 0.0000 0.0000 0.0000 0.0000 0.0000 0.0000 0.0000 0.0000 0.0000 0.0000 0.0000 0.0000 0.0000 0.0000 0.0000 0.0000 0.0000 0.0000 0.0000 0.0000 0.0000 0.0000 0.0000 0.0000 0.0000 0.0000 0.0000 0.0000 0.0000 0.0000 0.0000 0.0000 0.0000 0.0000 0.0000 0.0000 0.0000 0.0000 0.0000 0.0000 0.0000 0.0000 0.0000 0.0000 0.0000 0.0000 0.0000 0.0000 0.0000 0.0000 0.0000 0.0000 0.0000 0.0000 0.0000 0.0000 0.0000 0.0000 0.0000 0.0000 0.0000 0.0000 0.0000 0.0000 0.0000 0.0000 0.0000 0.0000 0.0000 0.0000 0.0000 0.0000 0.0000 0.0000 0.0000 0.0000 0.0000 0.0000 0.0000 0.0000 0.0000 0.0000 0.0000 0.0000 0.0000 0.0000 0.0000 0.0000 0.0000 0.0000 0.0000 0.0000 0.0000 0.0000 0.0000 0.0000 0.0000 0.0000 0.0000 0.0000 0.0000 0.0000 0.0000 0.0000 0.0000 0.0000 0.0000 0.0000 0.0000 0.0000 0.0000 0.0000 0.0000 0.0000 0.0000 0.0000 0.0000 0.0000 0.0000 0.0000 0.0000 0.0000 0.0000 0.0000 0.0000 0.0000 0.0000 0.0000 0.0000 0.0000 0.0000 0.0000 0.0000 0.0000 0.0000 0.0000 0.0000 0.0000 0.0000 0.0000 0.0000 0.0000 0.0000 0.0000 0.0000 0.0000 0.0000 0.0000 0.0000 0.0000 0.0000 0.0000 0.0000 0.0000 0.0000 0.0000 0.0000 0.0000 0.0000 0.0000 0.0000 0.0000 0.0000 0.0000 0.0000 0.0000 0.0000 0.0000 0.0000 0.0000 0.0000 0.0000 0.0000 0.0000 0.0000 0.0000 0.0000 0.0000 0.0000 0.0000 0.0000 0.0000 0.0000 0.0000 0.0000 0.0000 0.0000 0.0000 0.0000 0.0000 0.0000 0.0000 0.0000 0.0000 0.0000 0.0000 0.0000 0.0000 0.0000 0.0000 0.0000 0.0000 0.0000 0.0000 0.0000 0.0000 0.0000 0.0000 0.0000 0.0000 0.0000 0.0000 0.0000 0.0000 0.0000 0.0000 0.0000 0.0000 0.0000 0.0000 0.0000 0.0000 0.0000 0.0000 0.0000 0.0000 0.0000 0.0000 0.0000 0.0000 0.0000 0.0000 0.0000 0.0000 0.0000 0.0000 0.0000 0.0000 0.0000 0.0000 0.0000 0.0000 0.0000 0.0000 0.0000 0.0000 0.0000 0.0000 0.0000 0.0000 0.0000 0.0000 0.0000 0.0000 0.0000 0.0000 0.0000 0.0000 0.0000 0.0000 0.0000 0.0000 0.0000 0.0000 0.0000 0.0000 0.0000 0.0000 0.0000 0.0000 0.0000 0.0000 0.0000 0.0000 0.0000 0.0000 0.0000 0.0000 0.0000 0.0000 0.0000 0.0000 0.0000 0.0000 0.0000 0.0000 0.0000 0.0000 0.0000 0.0000 0.0000 0.0000 0.0000 0.0000 0.0000 0.0000 0.0000 0.0000 0.0000 0.0000 0.0000 0.0000 0.0000 0.0000 0.0000 0.0000 0.0000 0.0000 0.0000 0.0000 0.0000 0.0000 0.0000 0.0000 0.0000 0.0000 0.0000 0.0000 0.0000 0.0000 0.0000 0.0000 0.0000 0.0000 0.0000 0.0000 0.0000 0.0000 0.0000 0.0000 0.0000 0.0000 0.0000 0.0000 0.0000 0.0000 0.0000 0.0000 0.0000 0.0000 0.0000 0.0000 0.0000 0.0000 0.0000 0.0000 0.0000 0.0000 0.0000 0.0000 0.0000 0.0000 0.0000 0.0000 0.0000 0.0000 0.0000 0.0000 0.0000 0.0000 0.0000 0.0000 0.0000 0.0000
</DataArray>
<DataArray type="Float32" Name="ed_raft_score" format="ascii">
0.3000 0.3000 0.7000 0.3000 0.3000 0.7000 0.7000 0.7000 0.3000 0.7000 0.3000 0.7000 0.7000 0.7000 0.7000 0.3000 0.7000 0.3000 0.3000 0.3000 0.3000 0.3000 0.3000 0.7000 0.3000 0.7000 0.7000 0.3000 0.7000 0.3000 0.3000 0.3000 0.3000 0.3000 0.7000 0.3000 0.3000 0.3000 0.3000 0.3000 0.3000 0.7000 0.3000 0.7000 0.7000 0.7000 0.3000 0.3000 0.3000 0.7000 0.3000 0.7000 0.3000 0.7000 0.7000 0.7000 0.7000 0.3000 0.3000 0.7000 0.7000 0.3000 0.7000 0.7000 0.7000 0.7000 0.7000 0.7000 0.3000 0.3000 0.7000 0.7000 0.3000 0.7000 0.7000 0.7000 0.7000 0.3000 0.7000 0.7000 0.3000 0.7000 0.3000 0.7000 0.3000 0.7000 0.7000 0.3000 0.7000 0.3000 0.3000 0.3000 0.3000 0.3000 0.7000 0.7000 0.3000 0.7000 0.7000 0.7000 0.3000 0.7000 0.3000 0.3000 0.7000 0.3000 0.3000 0.3000 0.3000 0.3000 0.3000 0.3000 0.3000 0.7000 0.7000 0.7000 0.7000 0.7000 0.3000 0.7000 0.3000 0.3000 0.3000 0.7000 0.7000 0.3000 0.3000 0.3000 0.7000 0.3000 0.7000 0.3000 0.7000 0.3000 0.7000 0.3000 0.3000 0.3000 0.3000 0.7000 0.7000 0.3000 0.3000 0.7000 0.7000 0.3000 0.7000 0.7000 0.7000 0.7000 0.7000 0.3000 0.3000 0.3000 0.7000 0.7000 0.3000 0.7000 0.7000 0.7000 0.3000 0.7000 0.7000 0.3000 0.7000 0.3000 0.7000 0.7000 0.3000 0.7000 0.7000 0.7000 0.3000 0.3000 0.7000 0.7000 0.7000 0.7000 0.7000 0.7000 0.7000 0.7000 0.3000 0.3000 0.3000 0.3000 0.3000 0.3000 0.7000 0.7000 0.3000 0.7000 0.7000 0.7000 0.7000 0.7000 0.7000 0.7000 0.3000 0.3000 0.7000 0.7000 0.3000 0.7000 0.3000 0.3000 0.3000 0.7000 0.7000 0.3000 0.3000 0.3000 0.3000 0.3000 0.7000 0.7000 0.3000 0.7000 0.7000 0.3000 0.3000 0.3000 0.7000 0.7000 0.7000 0.3000 0.7000 0.7000 0.3000 0.7000 0.3000 0.3000 0.7000 0.7000 0.3000 0.7000 0.7000 0.7000 0.7000 0.7000 0.3000 0.3000 0.3000 0.7000 0.7000 0.3000 0.3000 0.3000 0.7000 0.7000 0.3000 0.7000 0.7000 0.3000 0.7000 0.3000 0.3000 0.7000 0.3000 0.7000 0.7000 0.3000 0.7000 0.7000 0.7000 0.3000 0.3000 0.7000 0.7000 0.7000 0.3000 0.7000 0.7000 0.3000 0.7000 0.7000 0.7000 0.7000 0.7000 0.3000 0.7000 0.3000 0.7000 0.7000 0.7000 0.3000 0.7000 0.7000 0.7000 0.7000 0.3000 0.3000 0.7000 0.7000 0.3000 0.3000 0.3000 0.3000 0.3000 0.7000 0.7000 0.3000 0.7000 0.3000 0.7000 0.3000 0.7000 0.3000 0.7000 0.7000 0.7000 0.7000 0.3000 0.7000 0.3000 0.3000 0.3000 0.7000 0.7000 0.7000 0.7000 0.3000 0.7000 0.7000 0.3000 0.3000 0.7000 0.3000 0.3000 0.7000 0.3000 0.7000 0.7000 0.3000 0.7000 0.3000 0.7000 0.3000 0.3000 0.7000 0.7000 0.7000 0.7000 0.3000 0.3000 0.3000 0.3000 0.3000 0.7000 0.7000 0.3000 0.7000 0.7000 0.3000 0.7000 0.7000 0.3000 0.7000 0.3000 0.3000 0.3000 0.7000 0.3000 0.3000 0.7000 0.3000 0.7000 0.3000 0.3000 0.3000 0.7000 0.7000 0.7000 0.3000 0.7000 0.3000 0.3000 0.7000 0.7000 0.7000 0.7000 0.7000 0.7000 0.7000 0.3000 0.7000 0.7000 0.7000 0.7000 0.7000 0.3000 0.7000 0.3000 0.7000 0.7000 0.7000 0.7000 0.3000 0.3000 0.3000 0.3000 0.7000 0.3000 0.3000 0.3000 0.7000 0.7000 0.7000 0.7000 0.7000 0.7000 0.3000 0.3000 0.3000 0.3000 0.3000 0.3000 0.3000 0.7000 0.3000 0.3000 0.3000 0.3000 0.3000 0.7000 0.7000 0.3000 0.7000 0.7000 0.3000 0.7000 0.7000 0.7000 0.7000 0.7000 0.7000 0.7000 0.7000 0.3000 0.3000 0.7000 0.3000 0.3000 0.7000 0.3000 0.3000 0.7000 0.7000 0.3000 0.7000 0.7000 0.3000 0.7000 0.3000 0.3000 0.7000 0.3000 0.3000 0.3000 0.7000 0.3000 0.7000 0.7000 0.3000 0.7000 0.7000 0.7000 0.3000 0.7000 0.7000 0.7000 0.3000 0.3000 0.3000 0.7000 0.7000 0.3000 0.7000 0.7000 0.7000 0.3000 0.7000 0.3000 0.7000 0.3000 0.3000 0.3000 0.7000 0.3000 0.7000 0.7000 0.7000 0.7000 0.3000 0.7000 0.7000 0.3000 0.3000 0.7000 0.7000 0.3000 0.7000 0.7000 0.3000 0.3000 0.7000 0.7000 0.7000 0.3000 0.7000 0.7000 0.7000 0.3000 0.3000 0.7000 0.7000 0.3000 0.7000 0.3000 0.7000 0.7000 0.3000 0.7000 0.3000 0.7000 0.3000 0.7000 0.3000 0.7000 0.7000 0.7000 0.3000 0.7000 0.7000 0.7000 0.3000 0.7000 0.3000 0.7000 0.7000 0.7000 0.7000 0.3000 0.7000 0.7000 0.7000 0.3000 0.7000 0.7000 0.3000 0.3000 0.7000 0.7000 0.3000 0.7000 0.7000 0.3000 0.7000 0.7000 0.7000 0.7000 0.3000 0.3000 0.7000 0.7000 0.7000 0.7000 0.3000 0.3000 0.7000 0.7000 0.7000 0.3000 0.3000 0.3000 0.3000 0.3000 0.3000 0.7000 0.3000 0.3000 0.3000 0.7000 0.3000 0.7000 0.7000 0.3000 0.3000 0.7000 0.7000 0.7000 0.7000 0.7000 0.7000 0.3000 0.3000 0.7000 0.3000 0.7000 0.7000 0.3000 0.7000 0.3000 0.3000 0.7000 0.3000 0.7000 0.7000 0.3000 0.3000 0.7000 0.7000 0.3000 0.7000 0.7000 0.7000 0.7000 0.7000 0.7000 0.3000 0.7000 0.3000 0.3000 0.7000 0.7000 0.7000 0.7000 0.7000 0.3000 0.3000 0.3000 0.7000 0.3000 0.7000 0.3000 0.7000 0.7000 0.7000 0.7000 0.3000 0.3000 0.3000 0.3000 0.7000 0.3000 0.3000 0.3000 0.7000 0.7000 0.3000 0.3000 0.7000 0.7000 0.7000 0.3000 0.7000 0.7000 0.3000 0.3000 0.7000 0.3000 0.7000 0.7000 0.7000 0.7000 0.7000 0.7000 0.7000 0.7000 0.7000 0.3000 0.3000 0.3000 0.3000 0.3000 0.3000 0.7000 0.3000 0.7000 0.7000 0.7000 0.3000 0.3000 0.7000 0.7000 0.3000 0.7000 0.7000 0.7000 0.7000 0.7000 0.3000 0.3000 0.7000 0.7000 0.3000 0.3000 0.7000 0.3000 0.3000 0.7000 0.3000 0.3000 0.3000 0.7000 0.3000 0.7000 0.3000 0.3000 0.7000 0.3000 0.7000 0.3000 0.7000 0.7000 0.3000 0.7000 0.7000 0.3000 0.3000 0.3000 0.7000 0.7000 0.7000 0.7000 0.3000 0.7000 0.7000 0.7000 0.7000 0.3000 0.7000 0.7000 0.3000 0.7000 0.3000 0.3000 0.3000 0.3000 0.7000 0.7000 0.7000 0.7000 0.3000 0.7000 0.7000 0.3000 0.3000 0.7000 0.3000 0.7000 0.3000 0.3000 0.7000 0.7000 0.7000 0.7000 0.3000 0.3000 0.3000 0.3000 0.7000 0.7000 0.7000 0.7000 0.7000 0.7000 0.7000 0.7000 0.7000 0.3000 0.7000 0.7000 0.3000 0.7000 0.7000 0.7000 0.7000 0.3000 0.7000 0.7000 0.7000 0.7000 0.3000 0.3000 0.3000 0.7000 0.3000 0.7000 0.7000 0.7000 0.7000 0.7000 0.3000 0.3000 0.7000 0.3000 0.3000 0.7000 0.7000 0.7000 0.7000 0.7000 0.3000 0.3000 0.7000 0.7000 0.7000 0.7000 0.7000 0.3000 0.3000 0.7000 0.3000 0.3000 0.3000 0.3000 0.7000 0.3000 0.7000 0.3000 0.7000 0.7000 0.7000 0.7000 0.7000 0.3000 0.3000 0.7000 0.7000 0.3000 0.7000 0.3000 0.3000 0.3000 0.3000 0.7000 0.3000 0.3000 0.7000 0.7000 0.3000 0.7000 0.7000 0.3000 0.3000 0.3000 0.7000 0.7000 0.7000 0.7000 0.7000 0.7000 0.3000 0.3000 0.3000 0.3000 0.3000 0.7000 0.7000 0.7000 0.7000 0.3000 0.7000 0.7000 0.7000 0.3000 0.3000 0.7000 0.7000 0.7000 0.7000 0.3000 0.3000 0.7000 0.7000 0.7000 0.3000 0.3000 0.7000 0.7000 0.3000 0.7000 0.3000 0.3000 0.7000 0.3000 0.7000 0.7000 0.7000 0.3000 0.3000 0.3000 0.3000 0.7000 0.7000 0.3000 0.3000 0.7000 0.3000 0.7000 0.7000 0.7000 0.7000 0.3000 0.3000 0.7000 0.7000 0.3000 0.7000 0.3000 0.7000 0.7000 0.7000 0.7000 0.7000 0.7000 0.3000 0.7000 0.3000 0.3000 0.7000 0.7000 0.7000 0.3000 0.3000 0.7000 0.7000 0.3000 0.3000 0.7000 0.7000 0.3000 0.7000 0.7000 0.7000 0.7000 0.3000 0.7000 0.3000 0.7000 0.3000 0.7000 0.7000 0.7000 0.3000 0.7000 0.7000 0.3000 0.3000 0.3000 0.7000 0.7000 0.7000 0.3000 0.7000 0.3000 0.3000 0.3000 0.7000 0.3000 0.7000 0.7000 0.7000 0.3000 0.7000 0.3000 0.7000 0.3000 0.3000 0.3000 0.7000 0.3000 0.7000 0.7000 0.7000 0.3000 0.3000 0.7000 0.3000 0.7000 0.7000 0.3000 0.7000 0.7000 0.7000 0.3000 0.3000 0.3000 0.7000 0.3000 0.3000 0.3000 0.3000 0.3000 0.7000 0.3000 0.3000 0.3000 0.7000 0.3000 0.3000 0.7000 0.7000 0.7000 0.3000 0.7000 0.7000 0.7000 0.7000 0.3000 0.7000 0.7000 0.7000 0.3000 0.7000 0.7000 0.7000 0.7000 0.7000 0.3000 0.7000 0.7000 0.3000 0.7000 0.3000 0.7000 0.3000 0.3000 0.3000 0.3000 0.3000 0.7000 0.3000 0.7000 0.7000 0.3000 0.7000 0.3000 0.7000 0.3000 0.7000 0.7000 0.7000 0.7000 0.7000 0.7000 0.7000 0.7000 0.7000 0.3000 0.7000 0.3000 0.7000 0.3000 0.7000 0.3000 0.3000 0.3000 0.7000 0.7000 0.3000 0.3000 0.7000 0.7000 0.3000 0.7000 0.3000 0.7000 0.7000 0.7000 0.7000 0.7000 0.7000 0.7000 0.3000 0.7000 0.3000 0.3000 0.3000 0.7000 0.7000 0.3000 0.7000 0.7000 0.3000 0.3000 0.7000 0.7000 0.7000 0.7000 0.3000 0.3000 0.3000 0.7000 0.7000 0.3000 0.3000 0.3000 0.3000 0.7000 0.7000 0.7000 0.7000 0.3000 0.3000 0.7000 0.7000 0.7000 0.7000 0.7000 0.3000 0.7000 0.3000 0.7000 0.7000 0.7000 0.3000 0.7000 0.7000 0.3000 0.3000 0.7000 0.3000 0.7000 0.3000 0.7000 0.7000 0.7000 0.3000 0.7000 0.7000 0.7000 0.7000 0.7000 0.3000 0.7000 0.3000 0.7000 0.7000 0.7000 0.7000 0.7000 0.3000 0.7000 0.3000 0.7000 0.3000 0.3000 0.7000 0.3000 0.3000 0.7000 0.7000 0.3000 0.7000 0.7000 0.7000 0.3000 0.7000 0.7000 0.7000 0.3000 0.7000 0.3000 0.7000 0.7000 0.7000 0.3000 0.3000 0.3000 0.7000 0.3000 0.3000 0.3000 0.3000 0.7000 0.7000 0.7000 0.7000 0.3000 0.3000 0.3000 0.7000 0.3000 0.7000 0.7000 0.7000 0.7000 0.7000 0.3000 0.3000 0.7000 0.7000 0.7000 0.3000 0.7000 0.7000 0.7000 0.3000 0.7000 0.3000 0.3000 0.7000 0.3000 0.3000 0.3000 0.7000 0.7000 0.7000 0.3000 0.7000 0.3000 0.3000 0.7000 0.3000 0.3000 0.3000 0.3000 0.7000 0.3000 0.3000 0.7000 0.3000 0.3000 0.7000 0.7000 0.7000 0.7000 0.7000 0.7000 0.7000 0.3000 0.7000 0.7000 0.7000 0.7000 0.7000 0.3000 0.3000 0.7000 0.3000 0.7000 0.3000 0.3000 0.3000 0.3000 0.7000 0.3000 0.3000 0.7000 0.7000 0.3000 0.7000 0.7000 0.3000 0.7000 0.7000 0.7000 0.3000 0.3000 0.3000 0.7000 0.7000 0.3000 0.3000 0.3000 0.3000 0.7000 0.7000 0.7000 0.3000 0.7000 0.7000 0.3000 0.7000 0.3000 0.7000 0.3000 0.7000 0.7000 0.7000 0.7000 0.7000 0.7000 0.7000 0.7000 0.3000 0.3000 0.7000 0.7000 0.7000 0.7000 0.7000 0.7000 0.3000 0.3000 0.3000 0.3000 0.7000 0.3000 0.7000 0.7000 0.3000 0.3000 0.7000 0.3000 0.3000 0.3000 0.7000 0.3000 0.7000 0.7000 0.7000 0.7000 0.3000 0.3000 0.7000 0.7000 0.7000 0.7000 0.3000 0.7000 0.7000 0.3000 0.3000 0.7000 0.7000 0.3000 0.7000 0.7000 0.3000 0.7000 0.7000 0.7000 0.7000 0.7000 0.7000 0.3000 0.3000 0.3000 0.7000 0.7000 0.3000 0.7000 0.3000 0.3000 0.3000 0.7000 0.3000 0.7000 0.7000 0.7000 0.3000 0.7000 0.7000 0.7000 0.7000 0.3000 0.3000 0.7000 0.3000 0.7000 0.3000 0.7000 0.3000 0.3000 0.3000 0.3000 0.7000 0.7000 0.7000 0.7000 0.7000 0.7000 0.7000 0.7000 0.7000 0.7000 0.7000 0.7000 0.7000 0.7000 0.7000 0.3000 0.7000 0.7000 0.3000 0.7000 0.3000 0.3000 0.7000 0.7000 0.7000 0.7000 0.7000 0.7000 0.3000 0.3000 0.7000 0.7000 0.7000 0.3000 0.3000 0.7000 0.7000 0.7000 0.3000 0.7000 0.7000 0.7000 0.7000 0.3000 0.7000 0.7000 0.7000 0.3000 0.3000 0.3000 0.3000 0.7000 0.7000 0.3000 0.7000 0.7000 0.7000 0.3000 0.7000 0.7000 0.3000 0.3000 0.7000 0.3000 0.3000 0.7000 0.3000 0.7000 0.3000 0.7000 0.7000 0.3000 0.7000 0.7000 0.7000 0.7000 0.3000 0.3000 0.3000 0.3000 0.7000 0.3000 0.7000 0.3000 0.7000 0.7000 0.7000 0.7000 0.7000 0.7000 0.3000 0.7000 0.3000 0.3000 0.7000 0.7000 0.7000 0.3000 0.7000 0.7000 0.7000 0.7000 0.7000 0.3000 0.3000 0.7000 0.3000 0.3000 0.7000 0.7000 0.7000 0.7000 0.3000 0.7000 0.3000 0.3000 0.7000 0.7000 0.7000 0.7000 0.7000 0.7000 0.3000 0.3000 0.7000 0.3000 0.7000 0.3000 0.3000 0.7000 0.7000 0.3000 0.7000 0.3000 0.3000 0.3000 0.7000 0.7000 0.7000 0.7000 0.3000 0.7000 0.7000 0.3000 0.7000 0.3000 0.7000 0.3000 0.7000 0.3000 0.3000 0.7000 0.7000 0.3000 0.7000 0.3000 0.3000 0.3000 0.3000 0.7000 0.7000 0.3000 0.7000 0.7000 0.7000 0.7000 0.3000 0.3000 0.3000 0.7000 0.7000 0.7000 0.3000 0.7000 0.7000 0.7000 0.7000 0.7000 0.7000 0.3000 0.3000 0.7000 0.3000 0.7000 0.7000 0.7000 0.3000 0.7000 0.3000 0.7000 0.7000 0.7000 0.3000 0.3000 0.3000 0.7000 0.3000 0.3000 0.3000 0.7000 0.3000 0.3000 0.7000 0.7000 0.7000 0.3000 0.3000 0.7000 0.3000 0.7000 0.7000 0.7000 0.7000 0.7000 0.7000 0.7000 0.7000 0.3000 0.3000 0.3000 0.3000 0.7000 0.7000 0.3000 0.7000 0.7000 0.3000 0.7000 0.7000 0.3000 0.7000 0.7000 0.7000 0.7000 0.3000 0.7000 0.3000 0.7000 0.3000 0.3000 0.7000 0.3000 0.7000 0.3000 0.7000 0.7000 0.7000 0.7000 0.3000 0.3000 0.3000 0.7000 0.7000 0.3000 0.7000 0.7000 0.3000 0.3000 0.7000 0.3000 0.3000 0.7000 0.7000 0.3000 0.3000 0.7000 0.3000 0.7000 0.3000 0.3000 0.7000 0.7000 0.7000 0.7000 0.7000 0.3000 0.3000 0.3000 0.7000 0.3000 0.7000 0.3000 0.7000 0.7000 0.7000 0.3000 0.7000 0.7000 0.7000 0.7000 0.3000 0.7000 0.3000 0.7000 0.3000 0.3000 0.3000 0.7000 0.3000 0.3000 0.7000 0.7000 0.3000 0.7000 0.3000 0.3000 0.7000 0.3000 0.3000 0.7000 0.7000 0.3000 0.7000 0.7000 0.3000 0.3000 0.7000 0.3000 0.7000 0.7000 0.7000 0.7000 0.3000 0.7000 0.3000 0.7000 0.3000 0.7000 0.3000 0.7000 0.7000 0.7000 0.7000 0.3000 0.3000 0.7000 0.7000 0.3000 0.7000 0.3000 0.3000 0.3000 0.7000 0.7000 0.7000 0.3000 0.3000 0.7000 0.3000 0.7000 0.3000 0.7000 0.3000 0.7000 0.3000 0.7000 0.7000 0.7000 0.3000 0.3000 0.7000 0.7000 0.7000 0.3000 0.7000 0.3000 0.7000 0.7000 0.3000 0.7000 0.7000 0.3000 0.3000 0.3000 0.3000 0.3000 0.3000 0.7000 0.3000 0.7000 0.7000 0.3000 0.7000 0.7000 0.7000 0.3000 0.7000 0.7000 0.7000 0.7000 0.3000 0.3000 0.7000 0.3000 0.3000 0.3000 0.3000 0.7000 0.7000 0.3000 0.7000 0.7000 0.7000 0.7000 0.7000 0.3000 0.7000 0.3000 0.7000 0.7000 0.7000 0.7000 0.3000 0.7000 0.7000 0.3000 0.3000 0.7000 0.7000 0.3000 0.7000 0.7000 0.7000 0.3000 0.7000 0.3000 0.3000 0.3000 0.7000 0.7000 0.3000 0.7000 0.7000 0.7000 0.7000 0.7000 0.7000 0.7000 0.3000 0.7000 0.7000 0.3000 0.7000 0.3000 0.7000 0.7000 0.7000 0.3000 0.7000 0.3000 0.7000 0.7000 0.3000 0.7000 0.3000 0.3000 0.3000 0.3000 0.7000 0.7000 0.3000 0.7000 0.7000 0.3000 0.7000 0.7000 0.3000 0.3000 0.7000 0.7000 0.3000 0.7000 0.7000 0.7000 0.3000 0.3000 0.3000 0.7000 0.7000 0.7000 0.3000 0.3000 0.3000 0.7000 0.7000 0.3000 0.7000 0.7000 0.3000 0.7000 0.3000 0.7000 0.3000 0.7000 0.7000 0.7000 0.7000 0.3000 0.3000 0.7000 0.7000 0.7000 0.3000 0.3000 0.7000 0.3000 0.7000 0.3000 0.3000 0.3000 0.7000 0.3000 0.7000 0.7000 0.3000 0.7000 0.7000 0.7000 0.7000 0.7000 0.7000 0.3000 0.7000 0.7000 0.3000 0.7000 0.3000 0.7000 0.3000 0.7000 0.7000 0.7000 0.3000 0.7000 0.7000 0.7000 0.7000 0.7000 0.7000 0.7000 0.3000 0.7000 0.7000 0.7000 0.7000 0.3000 0.7000 0.3000 0.7000 0.7000 0.7000 0.7000 0.7000 0.7000 0.7000 0.7000 0.7000 0.7000 0.7000 0.7000 0.7000 0.7000 0.7000 0.3000 0.3000 0.7000 0.3000 0.7000 0.7000 0.7000 0.7000 0.3000 0.7000 0.7000 0.7000 0.7000 0.3000 0.7000 0.7000 0.7000 0.3000 0.3000 0.7000 0.7000 0.7000 0.7000 0.7000 0.3000 0.7000 0.7000 0.7000 0.3000 0.7000 0.3000 0.3000 0.3000 0.3000 0.7000 0.3000 0.7000 0.3000 0.7000 0.3000 0.7000 0.7000 0.7000 0.3000 0.3000 0.7000 0.3000 0.7000 0.7000 0.7000 0.7000 0.7000 0.7000 0.7000 0.7000 0.7000 0.7000 0.3000 0.7000 0.3000 0.3000 0.7000 0.3000 0.3000 0.7000 0.3000 0.7000 0.3000 0.3000 0.7000 0.7000 0.3000 0.3000 0.3000 0.3000 0.3000 0.7000 0.3000 0.3000 0.7000 0.3000 0.3000 0.7000 0.7000 0.3000 0.7000 0.7000 0.7000 0.3000 0.3000 0.7000 0.7000 0.3000 0.7000 0.7000 0.7000 0.3000 0.7000 0.3000 0.7000 0.7000 0.3000 0.7000 0.3000 0.3000 0.7000 0.3000 0.7000 0.7000 0.7000 0.7000 0.7000 0.3000 0.3000 0.7000 0.7000 0.7000 0.7000 0.3000 0.7000 0.7000 0.3000 0.7000 0.3000 0.7000 0.3000 0.7000 0.3000 0.3000 0.7000 0.7000 0.7000 0.3000 0.3000 0.3000 0.3000 0.7000 0.3000 0.3000 0.3000 0.3000 0.7000 0.7000 0.7000 0.7000 0.7000 0.7000 0.3000 0.7000 0.3000 0.3000 0.7000 0.3000 0.7000 0.3000 0.7000 0.7000 0.3000 0.3000 0.7000 0.7000 0.3000 0.7000 0.3000 0.7000 0.3000 0.7000 0.7000 0.3000 0.7000 0.3000 0.7000 0.7000 0.3000 0.3000 0.3000 0.3000 0.7000 0.7000 0.3000 0.7000 0.7000 0.7000 0.7000 0.3000 0.7000 0.7000 0.7000 0.7000 0.3000 0.7000 0.3000 0.7000 0.3000 0.7000 0.3000 0.7000 0.3000 0.7000 0.7000 0.3000 0.7000 0.3000 0.7000 0.7000 0.3000 0.7000 0.7000 0.3000 0.7000 0.3000 0.3000 0.7000 0.3000 0.7000 0.7000 0.7000 0.7000 0.7000 0.3000 0.7000 0.7000 0.7000 0.7000 0.3000 0.3000 0.7000 0.7000 0.3000 0.7000 0.7000 0.7000 0.3000 0.7000 0.3000 0.3000 0.7000 0.3000 0.3000 0.7000 0.7000 0.7000 0.7000 0.3000 0.7000 0.7000 0.7000 0.7000 0.3000 0.7000 0.7000 0.3000 0.7000 0.3000 0.7000 0.3000 0.7000 0.7000 0.7000 0.7000 0.7000 0.7000 0.7000 0.3000 0.7000 0.7000 0.7000 0.7000 0.7000 0.7000 0.3000 0.7000 0.7000 0.3000 0.7000 0.3000 0.7000 0.3000 0.7000 0.7000 0.7000 0.3000 0.3000 0.3000 0.3000 0.7000 0.3000 0.7000 0.3000 0.3000 0.7000 0.3000 0.7000 0.7000 0.3000 0.7000 0.7000 0.7000 0.3000 0.7000 0.3000 0.7000 0.3000 0.7000 0.7000 0.3000 0.3000 0.7000 0.3000 0.7000 0.7000 0.7000 0.7000 0.7000 0.3000 0.3000 0.7000 0.7000 0.3000 0.3000 0.3000 0.3000 0.7000 0.3000 0.7000 0.3000 0.7000 0.7000 0.3000 0.3000 0.7000 0.3000 0.3000 0.3000 0.7000 0.7000 0.7000 0.7000 0.7000 0.7000 0.7000 0.3000 0.7000 0.7000 0.7000 0.7000 0.7000 0.7000 0.7000 0.7000 0.3000 0.7000 0.3000 0.3000 0.3000 0.7000 0.3000 0.3000 0.3000 0.3000 0.3000 0.7000 0.7000 0.7000 0.3000 0.7000 0.7000 0.7000 0.3000 0.3000 0.3000 0.7000 0.7000 0.3000 0.7000 0.7000 0.7000 0.7000 0.3000 0.7000 0.3000 0.7000 0.7000 0.3000 0.7000 0.7000 0.7000 0.3000 0.7000 0.7000 0.7000 0.7000 0.7000 0.7000 0.7000 0.7000 0.7000 0.3000 0.7000 0.3000 0.7000 0.7000 0.3000 0.7000 0.7000 0.7000 0.7000 0.7000 0.7000 0.7000 0.3000 0.3000 0.7000 0.7000 0.3000 0.7000 0.7000 0.7000 0.7000 0.3000 0.7000 0.7000 0.7000 0.7000 0.7000 0.7000 0.3000 0.3000 0.7000 0.7000 0.7000 0.7000 0.7000 0.7000 0.3000 0.3000 0.7000 0.7000 0.7000 0.3000 0.7000 0.7000 0.7000 0.7000 0.7000 0.7000 0.3000 0.3000 0.7000 0.3000 0.7000 0.3000 0.7000 0.3000 0.7000 0.7000 0.7000 0.7000 0.3000 0.3000 0.7000 0.7000 0.3000 0.3000 0.3000 0.3000 0.7000 0.3000 0.3000 0.7000 0.7000 0.7000 0.3000 0.7000 0.3000 0.7000 0.7000 0.7000 0.7000 0.3000 0.7000 0.7000 0.7000 0.7000 0.3000 0.3000 0.3000 0.3000 0.3000 0.3000 0.7000 0.7000 0.3000 0.7000 0.7000 0.7000 0.7000 0.7000 0.7000 0.3000 0.7000 0.7000 0.3000 0.7000 0.7000 0.3000 0.7000 0.7000 0.7000 0.7000 0.7000 0.7000 0.3000 0.3000 0.3000 0.7000 0.3000 0.3000 0.7000 0.3000 0.7000 0.7000 0.3000 0.7000 0.7000 0.3000 0.7000 0.3000 0.3000 0.7000 0.3000 0.7000 0.7000 0.3000 0.3000 0.7000 0.7000 0.7000 0.7000 0.7000 0.3000 0.3000 0.7000 0.7000 0.7000 0.7000 0.7000 0.7000 0.7000 0.3000 0.7000 0.7000 0.7000 0.7000 0.7000 0.3000 0.7000 0.7000 0.7000 0.7000 0.7000 0.3000 0.7000 0.7000 0.3000 0.3000 0.7000 0.7000 0.7000 0.7000 0.7000 0.7000 0.3000 0.7000 0.7000 0.7000 0.7000 0.7000 0.7000 0.3000 0.3000 0.3000 0.3000 0.3000 0.7000 0.7000 0.7000 0.3000 0.3000 0.3000 0.7000 0.3000 0.7000 0.3000 0.7000 0.7000 0.7000 0.3000 0.3000 0.3000 0.7000 0.3000 0.7000 0.3000 0.3000 0.7000 0.7000 0.7000 0.7000 0.3000 0.3000 0.3000 0.3000 0.3000 0.7000 0.7000 0.7000 0.3000 0.3000 0.7000 0.3000 0.7000 0.3000 0.7000 0.3000 0.3000 0.3000 0.3000 0.7000 0.3000 0.7000 0.7000 0.3000 0.7000 0.7000 0.3000 0.3000 0.7000 0.3000 0.3000 0.7000 0.3000 0.7000 0.7000 0.7000 0.3000 0.3000 0.7000 0.7000 0.7000 0.7000 0.7000 0.3000 0.7000 0.3000 0.7000 0.3000 0.7000 0.3000 0.3000 0.7000 0.3000 0.3000 0.7000 0.7000 0.3000 0.3000 0.7000 0.7000 0.7000 0.7000 0.3000 0.3000 0.3000 0.7000 0.7000 0.7000 0.3000 0.7000 0.3000 0.7000 0.3000 0.3000 0.7000 0.3000 0.3000 0.7000 0.3000 0.7000 0.7000 0.3000 0.3000 0.7000 0.3000 0.3000 0.7000 0.7000 0.3000 0.3000 0.3000 0.7000 0.3000 0.7000 0.7000 0.3000 0.7000 0.3000 0.3000 0.7000 0.7000 0.7000 0.3000 0.3000 0.3000 0.7000 0.7000 0.3000 0.3000 0.7000 0.3000 0.7000 0.7000 0.7000 0.3000 0.7000 0.3000 0.3000 0.7000 0.3000 0.3000 0.7000 0.7000 0.7000 0.3000 0.7000 0.7000 0.3000 0.7000 0.7000 0.3000 0.7000 0.7000 0.3000 0.3000 0.7000 0.7000 0.7000 0.3000 0.3000 0.3000 0.3000 0.7000 0.7000 0.7000 0.3000 0.3000 0.3000 0.7000 0.3000 0.7000 0.3000 0.3000 0.3000 0.7000 0.7000 0.3000 0.3000 0.7000 0.7000 0.7000 0.3000 0.3000 0.3000 0.7000 0.3000 0.7000 0.3000 0.7000 0.7000 0.7000 0.7000 0.3000 0.3000 0.3000 0.7000 0.7000 0.7000 0.3000 0.7000 0.3000 0.3000 0.7000 0.3000 0.7000 0.3000 0.7000 0.7000 0.7000 0.7000 0.7000 0.7000 0.3000 0.3000 0.7000 0.7000 0.7000 0.3000 0.7000 0.7000 0.3000 0.3000 0.7000 0.7000 0.3000 0.7000 0.7000 0.7000 0.3000 0.7000 0.3000 0.3000 0.7000 0.7000 0.7000 0.3000 0.7000 0.3000 0.3000 0.7000 0.3000 0.7000 0.7000 0.7000 0.3000 0.7000 0.3000 0.3000 0.7000 0.3000 0.3000 0.3000 0.7000 0.3000 0.7000 0.3000 0.3000 0.7000 0.7000 0.7000 0.3000 0.7000 0.7000 0.7000 0.3000 0.7000 0.3000 0.3000 0.3000 0.3000 0.7000 0.7000 0.7000 0.3000 0.3000 0.7000 0.0000 0.0000 0.0000 0.0000 0.0000 0.0000 0.0000 0.0000 0.0000 0.0000 0.0000 0.0000 0.0000 0.0000 0.0000 0.0000 0.0000 0.0000 0.0000 0.0000 0.0000 0.0000 0.0000 0.0000 0.0000 0.0000 0.0000 0.0000 0.0000 0.0000 0.0000 0.0000 0.0000 0.0000 0.0000 0.0000 0.0000 0.0000 0.0000 0.0000 0.0000 0.0000 0.0000 0.0000 0.0000 0.0000 0.0000 0.0000 0.0000 0.0000 0.0000 0.0000 0.0000 0.0000 0.0000 0.0000 0.0000 0.0000 0.0000 0.0000 0.0000 0.0000 0.0000 0.0000 0.0000 0.0000 0.0000 0.0000 0.0000 0.0000 0.0000 0.0000 0.0000 0.0000 0.0000 0.0000 0.0000 0.0000 0.0000 0.0000 0.0000 0.0000 0.0000 0.0000 0.0000 0.0000 0.0000 0.0000 0.0000 0.0000 0.0000 0.0000 0.0000 0.0000 0.0000 0.0000 0.0000 0.0000 0.0000 0.0000 0.0000 0.0000 0.0000 0.0000 0.0000 0.0000 0.0000 0.0000 0.0000 0.0000 0.0000 0.0000 0.0000 0.0000 0.0000 0.0000 0.0000 0.0000 0.0000 0.0000 0.0000 0.0000 0.0000 0.0000 0.0000 0.0000 0.0000 0.0000 0.0000 0.0000 0.0000 0.0000 0.0000 0.0000 0.0000 0.0000 0.0000 0.0000 0.0000 0.0000 0.0000 0.0000 0.0000 0.0000 0.0000 0.0000 0.0000 0.0000 0.0000 0.0000 0.0000 0.0000 0.0000 0.0000 0.0000 0.0000 0.0000 0.0000 0.0000 0.0000 0.0000 0.0000 0.0000 0.0000 0.0000 0.0000 0.0000 0.0000 0.0000 0.0000 0.0000 0.0000 0.0000 0.0000 0.0000 0.0000 0.0000 0.0000 0.0000 0.0000 0.0000 0.0000 0.0000 0.0000 0.0000 0.0000 0.0000 0.0000 0.0000 0.0000 0.0000 0.0000 0.0000 0.0000 0.0000 0.0000 0.0000 0.0000 0.0000 0.0000 0.0000 0.0000 0.0000 0.0000 0.0000 0.0000 0.0000 0.0000 0.0000 0.0000 0.0000 0.0000 0.0000 0.0000 0.0000 0.0000 0.0000 0.0000 0.0000 0.0000 0.0000 0.0000 0.0000 0.0000 0.0000 0.0000 0.0000 0.0000 0.0000 0.0000 0.0000 0.0000 0.0000 0.0000 0.0000 0.0000 0.0000 0.0000 0.0000 0.0000 0.0000 0.0000 0.0000 0.0000 0.0000 0.0000 0.0000 0.0000 0.0000 0.0000 0.0000 0.0000 0.0000 0.0000 0.0000 0.0000 0.0000 0.0000 0.0000 0.0000 0.0000 0.0000 0.0000 0.0000 0.0000 0.0000 0.0000 0.0000 0.0000 0.0000 0.0000 0.0000 0.0000 0.0000 0.0000 0.0000 0.0000 0.0000 0.0000 0.0000 0.0000 0.0000 0.0000 0.0000 0.0000 0.0000 0.0000 0.0000 0.0000 0.0000 0.0000 0.0000 0.0000 0.0000 0.0000 0.0000 0.0000 0.0000 0.0000 0.0000 0.0000 0.0000 0.0000 0.0000 0.0000 0.0000 0.0000 0.0000 0.0000 0.0000 0.0000 0.0000 0.0000 0.0000 0.0000 0.0000 0.0000 0.0000 0.0000 0.0000 0.0000 0.0000 0.0000 0.0000 0.0000 0.0000 0.0000 0.0000 0.0000 0.0000 0.0000 0.0000 0.0000 0.0000 0.0000 0.0000 0.0000 0.0000 0.0000 0.0000 0.0000 0.0000 0.0000 0.0000 0.0000 0.0000 0.0000 0.0000 0.0000 0.0000 0.0000 0.0000 0.0000 0.0000 0.0000 0.0000 0.0000 0.0000 0.0000 0.0000 0.0000 0.0000 0.0000 0.0000 0.0000 0.0000 0.0000 0.0000 0.0000 0.0000 0.0000 0.0000 0.0000 0.0000 0.0000 0.0000 0.0000 0.0000 0.0000 0.0000 0.0000 0.0000 0.0000 0.0000 0.0000 0.0000 0.0000 0.0000 0.0000 0.0000 0.0000 0.0000 0.0000 0.0000 0.0000 0.0000 0.0000 0.0000 0.0000 0.0000 0.0000 0.0000 0.0000 0.0000 0.0000 0.0000 0.0000 0.0000 0.0000 0.0000 0.0000 0.0000 0.0000 0.0000 0.0000 0.0000 0.0000 0.0000 0.0000 0.0000 0.0000 0.0000 0.0000 0.0000 0.0000 0.0000 0.0000 0.0000 0.0000 0.0000 0.0000 0.0000 0.0000 0.0000 0.0000 0.0000 0.0000 0.0000 0.0000 0.0000 0.0000 0.0000 0.0000 0.0000 0.0000 0.0000 0.0000 0.0000 0.0000 0.0000 0.0000 0.0000 0.0000 0.0000 0.0000 0.0000 0.0000 0.0000 0.0000 0.0000 0.0000 0.0000 0.0000 0.0000 0.0000 0.0000 0.0000 0.0000 0.0000 0.0000 0.0000 0.0000 0.0000 0.0000 0.0000 0.0000 0.0000 0.0000 0.0000 0.0000 0.0000 0.0000 0.0000 0.0000 0.0000 0.0000 0.0000 0.0000 0.0000 0.0000 0.0000 0.0000 0.0000 0.0000 0.0000 0.0000 0.0000 0.0000 0.0000 0.0000 0.0000 0.0000 0.0000 0.0000 0.0000 0.0000 0.0000 0.0000 0.0000 0.0000 0.0000 0.0000 0.0000 0.0000 0.0000 0.0000 0.0000 0.0000 0.0000 0.0000 0.0000 0.0000 0.0000 0.0000 0.0000 0.0000 0.0000 0.0000 0.0000 0.0000 0.0000 0.0000 0.0000 0.0000 0.0000 0.0000 0.0000 0.0000 0.0000 0.0000 0.0000 0.0000 0.0000 0.0000 0.0000 0.0000 0.0000 0.0000 0.0000 0.0000 0.0000 0.0000 0.0000 0.0000 0.0000 0.0000 0.0000 0.0000 0.0000 0.0000 0.0000 0.0000 0.0000 0.0000 0.0000 0.0000 0.0000 0.0000 0.0000 0.0000 0.0000 0.0000 0.0000 0.0000 0.0000 0.0000 0.0000 0.0000 0.0000 0.0000 0.0000 0.0000 0.0000 0.0000 0.0000 0.0000 0.0000 0.0000 0.0000 0.0000 0.0000 0.0000 0.0000 0.0000 0.0000 0.0000 0.0000 0.0000 0.0000 0.0000 0.0000 0.0000 0.0000 0.0000 0.0000 0.0000 0.0000 0.0000 0.0000 0.0000 0.0000 0.0000 0.0000 0.0000 0.0000 0.0000 0.0000 0.0000 0.0000 0.0000 0.0000 0.0000 0.0000 0.0000 0.0000 0.0000 0.0000 0.0000 0.0000 0.0000 0.0000 0.0000 0.0000 0.0000 0.0000 0.0000 0.0000 0.0000 0.0000 0.0000 0.0000 0.0000 0.0000 0.0000 0.0000 0.0000 0.0000 0.0000 0.0000 0.0000 0.0000 0.0000 0.0000 0.0000 0.0000 0.0000 0.0000 0.0000 0.0000 0.0000 0.0000 0.0000 0.0000 0.0000 0.0000 0.0000 0.0000 0.0000 0.0000 0.0000 0.0000 0.0000 0.0000 0.0000 0.0000 0.0000 0.0000 0.0000 0.0000 0.0000 0.0000 0.0000 0.0000 0.0000 0.0000 0.0000 0.0000 0.0000 0.0000 0.0000 0.0000 0.0000 0.0000 0.0000 0.0000 0.0000 0.0000 0.0000 0.0000 0.0000 0.0000 0.0000 0.0000 0.0000 0.0000 0.0000 0.0000 0.0000 0.0000 0.0000 0.0000 0.0000 0.0000 0.0000 0.0000 0.0000 0.0000 0.0000 0.0000 0.0000 0.0000 0.0000 0.0000 0.0000 0.0000 0.0000 0.0000 0.0000 0.0000 0.0000 0.0000 0.0000 0.0000 0.0000 0.0000 0.0000 0.0000 0.0000 0.0000 0.0000 0.0000 0.0000 0.0000 0.0000 0.0000 0.0000 0.0000 0.0000 0.0000 0.0000 0.0000 0.0000 0.0000 0.0000 0.0000 0.0000 0.0000 0.0000 0.0000 0.0000 0.0000 0.0000 0.0000 0.0000 0.0000 0.0000 0.0000 0.0000 0.0000 0.0000 0.0000 0.0000 0.0000 0.0000 0.0000 0.0000 0.0000 0.0000 0.0000 0.0000 0.0000 0.0000 0.0000 0.0000 0.0000 0.0000 0.0000 0.0000 0.0000 0.0000 0.0000 0.0000 0.0000 0.0000 0.0000 0.0000 0.0000 0.0000 0.0000 0.0000 0.0000 0.0000 0.0000 0.0000 0.0000 0.0000 0.0000 0.0000 0.0000 0.0000 0.0000 0.0000 0.0000 0.0000 0.0000 0.0000 0.0000 0.0000 0.0000 0.0000 0.0000 0.0000 0.0000 0.0000 0.0000 0.0000 0.0000 0.0000 0.0000 0.0000 0.0000 0.0000 0.0000 0.0000 0.0000 0.0000 0.0000 0.0000 0.0000 0.0000 0.0000 0.0000 0.0000 0.0000 0.0000 0.0000 0.0000 0.0000 0.0000 0.0000 0.0000 0.0000 0.0000 0.0000 0.0000 0.0000 0.0000 0.0000 0.0000 0.0000 0.0000 0.0000 0.0000 0.0000 0.0000 0.0000 0.0000 0.0000 0.0000 0.0000 0.0000 0.0000 0.0000 0.0000 0.0000 0.0000 0.0000 0.0000 0.0000 0.0000 0.0000 0.0000 0.0000 0.0000 0.0000 0.0000 0.0000 0.0000 0.0000 0.0000 0.0000 0.0000 0.0000 0.0000 0.0000 0.0000 0.0000 0.0000 0.0000 0.0000 0.0000 0.0000 0.0000 0.0000 0.0000 0.0000 0.0000 0.0000 0.0000 0.0000 0.0000 0.0000 0.0000 0.0000 0.0000 0.0000 0.0000 0.0000 0.0000 0.0000 0.0000 0.0000 0.0000 0.0000 0.0000 0.0000 0.0000 0.0000 0.0000 0.0000 0.0000 0.0000 0.0000 0.0000 0.0000 0.0000 0.0000 0.0000 0.0000 0.0000 0.0000 0.0000 0.0000 0.0000 0.0000 0.0000 0.0000 0.0000 0.0000 0.0000 0.0000 0.0000 0.0000 0.0000 0.0000 0.0000 0.0000 0.0000 0.0000 0.0000 0.0000 0.0000 0.0000 0.0000 0.0000 0.0000 0.0000 0.0000 0.0000 0.0000 0.0000 0.0000 0.0000 0.0000 0.0000 0.0000 0.0000 0.0000 0.0000 0.0000 0.0000 0.0000 0.0000 0.0000 0.0000 0.0000 0.0000 0.0000 0.0000 0.0000 0.0000 0.0000 0.0000 0.0000 0.0000 0.0000 0.0000 0.0000 0.0000 0.0000 0.0000 0.0000 0.0000 0.0000 0.0000 0.0000 0.0000 0.0000 0.0000 0.0000 0.0000 0.0000 0.0000 0.0000 0.0000 0.0000 0.0000 0.0000 0.0000 0.0000 0.0000 0.0000 0.0000 0.0000 0.0000 0.0000 0.0000 0.0000 0.0000 0.0000 0.0000 0.0000 0.0000 0.0000 0.0000 0.0000 0.0000 0.0000 0.0000 0.0000 0.0000 0.0000 0.0000 0.0000 0.0000 0.0000 0.0000 0.0000 0.0000 0.0000 0.0000 0.0000 0.0000 0.0000 0.0000 0.0000 0.0000 0.0000 0.0000 0.0000 0.0000 0.0000 0.0000 0.0000 0.0000 0.0000 0.0000 0.0000 0.0000 0.0000 0.0000 0.0000 0.0000 0.0000 0.0000 0.0000 0.0000 0.0000 0.0000 0.0000 0.0000 0.0000 0.0000 0.0000 0.0000 0.0000 0.0000 0.0000 0.0000 0.0000 0.0000 0.0000 0.0000 0.0000 0.0000 0.0000 0.0000 0.0000 0.0000 0.0000 0.0000 0.0000 0.0000 0.0000 0.0000 0.0000 0.0000 0.0000 0.0000 0.0000 0.0000 0.0000 0.0000 0.0000 0.0000 0.0000 0.0000 0.0000 0.0000 0.0000 0.0000 0.0000 0.0000 0.0000 0.0000 0.0000 0.0000 0.0000 0.0000 0.0000 0.0000 0.0000 0.0000 0.0000 0.0000 0.0000 0.0000 0.0000 0.0000 0.0000 0.0000 0.0000 0.0000 0.0000 0.0000 0.0000 0.0000 0.0000 0.0000 0.0000 0.0000 0.0000 0.0000 0.0000 0.0000 0.0000 0.0000 0.0000 0.0000 0.0000 0.0000 0.0000 0.0000 0.0000 0.0000 0.0000 0.0000 0.0000 0.0000 0.0000 0.0000 0.0000 0.0000 0.0000 0.0000 0.0000 0.0000 0.0000 0.0000 0.0000 0.0000 0.0000 0.0000 0.0000 0.0000 0.0000 0.0000 0.0000 0.0000 0.0000 0.0000 0.0000 0.0000 0.0000 0.0000 0.0000 0.0000 0.0000 0.0000 0.0000 0.0000 0.0000 0.0000 0.0000 0.0000 0.0000 0.0000 0.0000 0.0000 0.0000 0.0000 0.0000 0.0000 0.0000 0.0000 0.0000 0.0000 0.0000 0.0000 0.0000 0.0000 0.0000 0.0000 0.0000 0.0000 0.0000 0.0000 0.0000 0.0000 0.0000 0.0000 0.0000 0.0000 0.0000 0.0000 0.0000 0.0000 0.0000 0.0000 0.0000 0.0000 0.0000 0.0000 0.0000 0.0000 0.0000 0.0000 0.0000 0.0000 0.0000 0.0000 0.0000 0.0000 0.0000 0.0000 0.0000 0.0000 0.0000 0.0000 0.0000 0.0000 0.0000 0.0000 0.0000 0.0000 0.0000 0.0000 0.0000 0.0000 0.0000 0.0000 0.0000 0.0000 0.0000 0.0000 0.0000 0.0000 0.0000 0.0000 0.0000 0.0000 0.0000 0.0000 0.0000 0.0000 0.0000 0.0000 0.0000 0.0000 0.0000 0.0000 0.0000 0.0000 0.0000 0.0000 0.0000 0.0000 0.0000 0.0000 0.0000 0.0000 0.0000 0.0000 0.0000 0.0000 0.0000 0.0000 0.0000 0.0000 0.0000 0.0000 0.0000 0.0000 0.0000 0.0000 0.0000 0.0000 0.0000 0.0000 0.0000 0.0000 0.0000 0.0000 0.0000 0.0000 0.0000 0.0000 0.0000 0.0000 0.0000 0.0000 0.0000 0.0000 0.0000 0.0000 0.0000 0.0000 0.0000 0.0000 0.0000 0.0000 0.0000 0.0000 0.0000 0.0000 0.0000 0.0000 0.0000 0.0000 0.0000 0.0000 0.0000 0.0000 0.0000 0.0000 0.0000 0.0000 0.0000 0.0000 0.0000 0.0000 0.0000 0.0000 0.0000 0.0000 0.0000 0.0000 0.0000 0.0000 0.0000 0.0000 0.0000 0.0000 0.0000 0.0000 0.0000 0.0000 0.0000 0.0000 0.0000 0.0000 0.0000 0.0000 0.0000 0.0000 0.0000 0.0000 0.0000 0.0000 0.0000 0.0000 0.0000 0.0000 0.0000 0.0000 0.0000 0.0000 0.0000 0.0000 0.0000 0.0000 0.0000 0.0000 0.0000 0.0000 0.0000 0.0000 0.0000 0.0000 0.0000 0.0000 0.0000 0.0000 0.0000 0.0000 0.0000 0.0000 0.0000 0.0000 0.0000 0.0000 0.0000 0.0000 0.0000 0.0000 0.0000 0.0000 0.0000 0.0000 0.0000 0.0000 0.0000 0.0000 0.0000 0.0000 0.0000 0.0000 0.0000 0.0000 0.0000 0.0000 0.0000 0.0000 0.0000 0.0000 0.0000 0.0000 0.0000 0.0000 0.0000 0.0000 0.0000 0.0000 0.0000 0.0000 0.0000 0.0000 0.0000 0.0000 0.0000 0.0000 0.0000 0.0000 0.0000 0.0000 0.0000 0.0000 0.0000 0.0000 0.0000 0.0000 0.0000 0.0000 0.0000 0.0000 0.0000 0.0000 0.0000 0.0000 0.0000 0.0000 0.0000 0.0000 0.0000 0.0000 0.0000 0.0000 0.0000 0.0000 0.0000 0.0000 0.0000 0.0000 0.0000 0.0000 0.0000 0.0000 0.0000 0.0000 0.0000 0.0000 0.0000 0.0000 0.0000 0.0000 0.0000 0.0000 0.0000 0.0000 0.0000 0.0000 0.0000 0.0000 0.0000 0.0000 0.0000 0.0000 0.0000 0.0000 0.0000 0.0000 0.0000 0.0000 0.0000 0.0000 0.0000 0.0000 0.0000 0.0000 0.0000 0.0000 0.0000 0.0000 0.0000 0.0000 0.0000 0.0000 0.0000 0.0000 0.0000 0.0000 0.0000 0.0000 0.0000 0.0000 0.0000 0.0000 0.0000 0.0000 0.0000 0.0000 0.0000 0.0000 0.0000 0.0000 0.0000 0.0000 0.0000 0.0000 0.0000 0.0000 0.0000 0.0000 0.0000 0.0000 0.0000 0.0000 0.0000 0.0000 0.0000 0.0000 0.0000 0.0000 0.0000 0.0000 0.0000 0.0000 0.0000 0.0000 0.0000 0.0000 0.0000 0.0000 0.0000 0.0000 0.0000 0.0000 0.0000 0.0000 0.0000 0.0000 0.0000 0.0000 0.0000 0.0000 0.0000 0.0000 0.0000 0.0000 0.0000 0.0000 0.0000 0.0000 0.0000 0.0000 0.0000 0.0000 0.0000 0.0000 0.0000 0.0000 0.0000 0.0000 0.0000 0.0000 0.0000 0.0000 0.0000 0.0000 0.0000 0.0000 0.0000 0.0000 0.0000 0.0000 0.0000 0.0000 0.0000 0.0000 0.0000 0.0000 0.0000 0.0000 0.0000 0.0000 0.0000 0.0000 0.0000 0.0000 0.0000 0.0000 0.0000 0.0000 0.0000 0.0000 0.0000 0.0000 0.0000 0.0000 0.0000 0.0000 0.0000 0.0000 0.0000 0.0000 0.0000 0.0000 0.0000 0.0000 0.0000 0.0000 0.0000 0.0000 0.0000 0.0000 0.0000 0.0000 0.0000 0.0000 0.0000 0.0000 0.0000 0.0000 0.0000 0.0000 0.0000 0.0000 0.0000 0.0000 0.0000 0.0000 0.0000 0.0000 0.0000 0.0000 0.0000 0.0000 0.0000 0.0000 0.0000 0.0000 0.0000 0.0000 0.0000 0.0000 0.0000 0.0000 0.0000 0.0000 0.0000 0.0000 0.0000 0.0000 0.0000 0.0000 0.0000 0.0000 0.0000 0.0000 0.0000 0.0000 0.0000 0.0000 0.0000 0.0000 0.0000 0.0000 0.0000 0.0000 0.0000 0.0000 0.0000 0.0000 0.0000 0.0000 0.0000 0.0000 0.0000 0.0000 0.0000 0.0000 0.0000 0.0000 0.0000 0.0000 0.0000 0.0000 0.0000 0.0000 0.0000 0.0000 0.0000 0.0000 0.0000 0.0000 0.0000 0.0000 0.0000 0.0000 0.0000 0.0000 0.0000 0.0000 0.0000 0.0000 0.0000 0.0000 0.0000 0.0000 0.0000 0.0000 0.0000 0.0000 0.0000 0.0000 0.0000 0.0000 0.0000 0.0000 0.0000 0.0000 0.0000 0.0000 0.0000 0.0000 0.0000 0.0000 0.0000 0.0000 0.0000 0.0000 0.0000 0.0000 0.0000 0.0000 0.0000 0.0000 0.0000 0.0000 0.0000 0.0000 0.0000 0.0000 0.0000 0.0000 0.0000 0.0000 0.0000 0.0000 0.0000 0.0000 0.0000 0.0000 0.0000 0.0000 0.0000 0.0000 0.0000 0.0000 0.0000 0.0000 0.0000 0.0000 0.0000 0.0000 0.0000 0.0000 0.0000 0.0000 0.0000 0.0000 0.0000 0.0000 0.0000 0.0000 0.0000 0.0000 0.0000 0.0000 0.0000 0.0000 0.0000 0.0000 0.0000 0.0000 0.0000 0.0000 0.0000 0.0000 0.0000 0.0000 0.0000 0.0000 0.0000 0.0000 0.0000 0.0000 0.0000 0.0000 0.0000 0.0000 0.0000 0.0000 0.0000 0.0000 0.0000 0.0000 0.0000 0.0000 0.0000 0.0000 0.0000 0.0000 0.0000 0.0000 0.0000 0.0000 0.0000 0.0000 0.0000 0.0000 0.0000 0.0000 0.0000 0.0000 0.0000 0.0000 0.0000 0.0000 0.0000 0.0000 0.0000 0.0000 0.0000 0.0000 0.0000 0.0000 0.0000 0.0000 0.0000 0.0000 0.0000 0.0000 0.0000 0.0000 0.0000 0.0000 0.0000 0.0000 0.0000 0.0000 0.0000 0.0000 0.0000 0.0000 0.0000 0.0000 0.0000 0.0000 0.0000 0.0000 0.0000 0.0000 0.0000 0.0000 0.0000 0.0000 0.0000 0.0000 0.0000 0.0000 0.0000 0.0000 0.0000 0.0000 0.0000 0.0000 0.0000 0.0000 0.0000 0.0000 0.0000 0.0000 0.0000 0.0000 0.0000 0.0000 0.0000 0.0000 0.0000 0.0000 0.0000 0.0000 0.0000 0.0000 0.0000 0.0000 0.0000 0.0000 0.0000 0.0000 0.0000 0.0000 0.0000 0.0000 0.0000 0.0000 0.0000 0.0000 0.0000 0.0000 0.0000 0.0000 0.0000 0.0000 0.0000 0.0000 0.0000 0.0000 0.0000 0.0000 0.0000 0.0000 0.0000 0.0000 0.0000 0.0000 0.0000 0.0000 0.0000 0.0000 0.0000 0.0000 0.0000 0.0000 0.0000 0.0000 0.0000 0.0000 0.0000 0.0000 0.0000 0.0000 0.0000 0.0000 0.0000 0.0000 0.0000 0.0000 0.0000 0.0000 0.0000 0.0000 0.0000 0.0000 0.0000 0.0000 0.0000 0.0000 0.0000 0.0000 0.0000 0.0000 0.0000 0.0000 0.0000 0.0000 0.0000 0.0000 0.0000 0.0000 0.0000 0.0000 0.0000 0.0000 0.0000 0.0000 0.0000 0.0000 0.0000 0.0000 0.0000 0.0000 0.0000 0.0000 0.0000 0.0000 0.0000 0.0000 0.0000 0.0000 0.0000 0.0000 0.0000 0.0000 0.0000 0.0000 0.0000 0.0000 0.0000 0.0000 0.0000 0.0000 0.0000 0.0000 0.0000 0.0000 0.0000 0.0000 0.0000 0.0000 0.0000 0.0000 0.0000 0.0000 0.0000 0.0000 0.0000 0.0000 0.0000 0.0000 0.0000 0.0000 0.0000 0.0000 0.0000 0.0000 0.0000 0.0000 0.0000 0.0000 0.0000 0.0000 0.0000 0.0000 0.0000 0.0000 0.0000 0.0000 0.0000 0.0000 0.0000 0.0000 0.0000 0.0000 0.0000 0.0000 0.0000 0.0000 0.0000 0.0000 0.0000 0.0000 0.0000 0.0000 0.0000 0.0000 0.0000 0.0000 0.0000 0.0000 0.0000 0.0000 0.0000 0.0000 0.0000 0.0000 0.0000 0.0000 0.0000 0.0000 0.0000 0.0000 0.0000 0.0000 0.0000 0.0000 0.0000 0.0000 0.0000 0.0000 0.0000 0.0000 0.0000 0.0000 0.0000 0.0000 0.0000 0.0000 0.0000 0.0000 0.7000 0.3000 0.7000 0.7000 0.7000 0.3000 0.7000 0.7000 0.3000 0.3000 0.7000 0.7000 0.3000 0.3000 0.7000 0.3000 0.3000 0.7000 0.3000 0.3000 0.3000 0.3000 0.7000 0.7000 0.3000 0.7000 0.3000 0.7000 0.7000 0.7000 0.3000 0.7000 0.7000 0.3000 0.3000 0.3000 0.7000 0.7000 0.3000 0.7000 0.3000 0.7000 0.3000 0.7000 0.3000 0.7000 0.7000 0.3000 0.7000 0.7000 0.7000 0.7000 0.7000 0.7000 0.3000 0.7000 0.3000 0.3000 0.3000 0.3000 0.7000 0.7000 0.3000 0.7000 0.7000 0.7000 0.7000 0.7000 0.3000 0.3000 0.7000 0.7000 0.7000 0.3000 0.7000 0.7000 0.7000 0.7000 0.7000 0.7000 0.3000 0.7000 0.7000 0.7000 0.7000 0.7000 0.3000 0.3000 0.7000 0.7000 0.3000 0.3000 0.7000 0.3000 0.7000 0.7000 0.3000 0.7000 0.3000 0.7000 0.3000 0.3000 0.3000 0.7000 0.7000 0.3000 0.3000 0.3000 0.3000 0.3000 0.7000 0.7000 0.3000 0.3000 0.3000 0.7000 0.3000 0.7000 0.7000 0.3000 0.3000 0.3000 0.3000 0.7000 0.3000 0.3000 0.7000 0.7000 0.7000 0.3000 0.7000 0.3000 0.7000 0.3000 0.7000 0.7000 0.3000 0.7000 0.3000 0.7000 0.7000 0.7000 0.7000 0.7000 0.3000 0.7000 0.7000 0.7000 0.7000 0.3000 0.3000 0.7000 0.7000 0.3000 0.3000 0.3000 0.7000 0.7000 0.3000 0.7000 0.7000 0.3000 0.3000 0.7000 0.7000 0.7000 0.7000 0.3000 0.7000 0.7000 0.3000 0.3000 0.3000 0.7000 0.7000 0.3000 0.3000 0.7000 0.3000 0.7000 0.3000 0.7000 0.7000 0.3000 0.3000 0.7000 0.7000 0.3000 0.3000 0.7000 0.7000 0.7000 0.7000 0.7000 0.7000 0.3000 0.3000 0.3000 0.3000 0.3000 0.7000 0.3000 0.7000 0.3000 0.3000 0.7000 0.7000 0.7000 0.7000 0.3000 0.7000 0.7000 0.7000 0.3000 0.7000 0.7000 0.3000 0.7000 0.7000 0.7000 0.3000 0.3000 0.3000 0.7000 0.7000 0.7000 0.7000 0.3000 0.7000 0.3000 0.3000 0.3000 0.3000 0.7000 0.7000 0.7000 0.7000 0.7000 0.3000 0.7000 0.3000 0.3000 0.7000 0.7000 0.7000 0.7000 0.3000 0.7000 0.7000 0.7000 0.3000 0.7000 0.7000 0.7000 0.7000 0.3000 0.7000 0.3000 0.7000 0.7000 0.7000 0.7000 0.7000 0.7000 0.3000 0.3000 0.3000 0.3000 0.7000 0.3000 0.7000 0.3000 0.3000 0.7000 0.3000 0.7000 0.7000 0.3000 0.7000 0.7000 0.7000 0.3000 0.3000 0.3000 0.7000 0.3000 0.7000 0.7000 0.7000 0.3000 0.7000 0.7000 0.7000 0.7000 0.7000 0.7000 0.7000 0.7000 0.7000 0.7000 0.7000 0.3000 0.7000 0.3000 0.7000 0.3000 0.3000 0.3000 0.3000 0.3000 0.3000 0.7000 0.3000 0.3000 0.7000 0.7000 0.3000 0.3000 0.3000 0.7000 0.3000 0.7000 0.7000 0.7000 0.7000 0.3000 0.7000 0.3000 0.3000 0.7000 0.7000 0.7000 0.3000 0.7000 0.3000 0.3000 0.7000 0.7000 0.7000 0.7000 0.3000 0.7000 0.3000 0.7000 0.7000 0.7000 0.7000 0.7000 0.7000 0.7000 0.7000 0.7000 0.7000 0.7000 0.3000 0.3000 0.7000 0.3000 0.3000 0.7000 0.7000 0.3000 0.3000 0.7000 0.3000 0.7000 0.7000 0.3000 0.7000 0.7000 0.7000 0.3000 0.3000 0.7000 0.7000 0.7000 0.3000 0.7000 0.7000 0.7000 0.7000 0.7000 0.3000 0.7000 0.3000 0.7000 0.3000 0.3000 0.7000 0.7000 0.7000 0.7000 0.7000 0.7000 0.3000 0.7000 0.7000 0.7000 0.7000 0.3000 0.7000 0.7000 0.3000 0.7000 0.7000 0.7000 0.3000 0.7000 0.7000 0.7000 0.3000 0.7000 0.7000 0.7000 0.3000 0.3000 0.3000 0.3000 0.3000 0.7000 0.7000 0.3000 0.7000 0.3000 0.7000 0.3000 0.7000 0.3000 0.3000 0.7000 0.7000 0.7000 0.7000 0.7000 0.7000 0.7000 0.3000 0.7000 0.7000 0.3000 0.3000 0.3000 0.7000 0.3000 0.3000 0.3000 0.7000 0.7000 0.7000 0.7000 0.7000 0.3000 0.7000 0.7000 0.3000 0.7000 0.3000 0.7000 0.3000 0.7000 0.7000 0.7000 0.3000 0.7000 0.7000 0.3000 0.3000 0.7000 0.7000 0.7000 0.7000 0.3000 0.7000 0.7000 0.3000 0.7000 0.7000 0.3000 0.7000 0.7000 0.7000 0.7000 0.7000 0.7000 0.3000 0.7000 0.7000 0.3000 0.3000 0.7000 0.3000 0.7000 0.7000 0.3000 0.7000 0.3000 0.3000 0.7000 0.7000 0.3000 0.7000 0.7000 0.7000 0.7000 0.3000 0.7000 0.7000 0.3000 0.7000 0.3000 0.7000 0.7000 0.7000 0.7000 0.3000 0.7000 0.3000 0.3000 0.7000 0.7000 0.3000 0.7000 0.7000 0.7000 0.7000 0.7000 0.3000 0.3000 0.7000 0.7000 0.3000 0.3000 0.7000 0.7000 0.7000 0.3000 0.7000 0.7000 0.3000 0.3000 0.7000 0.7000 0.7000 0.7000 0.3000 0.7000 0.7000 0.3000 0.3000 0.3000 0.7000 0.7000 0.7000 0.3000 0.7000 0.3000 0.3000 0.3000 0.7000 0.3000 0.7000 0.3000 0.7000 0.7000 0.3000 0.7000 0.3000 0.3000 0.7000 0.3000 0.7000 0.7000 0.7000 0.7000 0.3000 0.7000 0.3000 0.7000 0.7000 0.7000 0.7000 0.7000 0.7000 0.7000 0.3000 0.3000 0.3000 0.3000 0.7000 0.3000 0.7000 0.3000 0.3000 0.3000 0.7000 0.3000 0.7000 0.3000 0.7000 0.3000 0.3000 0.7000 0.7000 0.3000 0.3000 0.3000 0.3000 0.3000 0.7000 0.3000 0.7000 0.3000 0.7000 0.7000 0.7000 0.3000 0.3000 0.7000 0.7000 0.7000 0.7000 0.3000 0.3000 0.7000 0.3000 0.7000 0.7000 0.7000 0.3000 0.3000 0.7000 0.7000 0.7000 0.3000 0.7000 0.3000 0.7000 0.7000 0.7000 0.7000 0.3000 0.7000 0.7000 0.3000 0.3000 0.7000 0.3000 0.3000 0.7000 0.3000 0.3000 0.3000 0.3000 0.3000 0.7000 0.7000 0.7000 0.3000 0.3000 0.7000 0.7000 0.3000 0.7000 0.7000 0.7000 0.3000 0.3000 0.3000 0.7000 0.7000 0.7000 0.7000 0.3000 0.7000 0.7000 0.7000 0.3000 0.7000 0.7000 0.3000 0.3000 0.7000 0.7000 0.3000 0.7000 0.7000 0.3000 0.7000 0.3000 0.3000 0.3000 0.3000 0.7000 0.3000 0.3000 0.3000 0.3000 0.7000 0.3000 0.7000 0.3000 0.7000 0.7000 0.3000 0.3000 0.7000 0.7000 0.3000 0.3000 0.3000 0.7000 0.3000 0.3000 0.3000 0.7000 0.3000 0.7000 0.7000 0.7000 0.7000 0.3000 0.3000 0.7000 0.3000 0.3000 0.3000 0.7000 0.7000 0.3000 0.7000 0.3000 0.7000 0.7000 0.3000 0.7000 0.7000 0.3000 0.7000 0.3000 0.3000 0.7000 0.3000 0.3000 0.3000 0.7000 0.7000 0.7000 0.7000 0.7000 0.7000 0.7000 0.7000 0.7000 0.3000 0.7000 0.3000 0.3000 0.3000 0.3000 0.3000 0.7000 0.7000 0.7000 0.7000 0.7000 0.3000 0.3000 0.3000 0.3000 0.7000 0.3000 0.3000 0.3000 0.3000 0.7000 0.7000 0.7000 0.7000 0.3000 0.7000 0.7000 0.3000 0.7000 0.3000 0.7000 0.3000 0.7000 0.3000 0.3000 0.7000 0.7000 0.7000 0.3000 0.7000 0.7000 0.7000 0.3000 0.3000 0.7000 0.7000 0.3000 0.7000 0.3000 0.3000 0.7000 0.7000 0.3000 0.3000 0.7000 0.7000 0.3000 0.7000 0.3000 0.7000 0.3000 0.7000 0.7000 0.7000 0.3000 0.3000 0.7000 0.3000 0.3000 0.7000 0.3000 0.7000 0.3000 0.7000 0.3000 0.7000 0.7000 0.3000 0.3000 0.7000 0.7000 0.7000 0.3000 0.3000 0.7000 0.3000 0.7000 0.7000 0.3000 0.3000 0.7000 0.7000 0.3000 0.7000 0.3000 0.3000 0.3000 0.7000 0.7000 0.3000 0.3000 0.7000 0.7000 0.7000 0.7000 0.3000 0.3000 0.7000 0.7000 0.7000 0.3000 0.3000 0.7000 0.7000 0.3000 0.7000 0.3000 0.7000 0.3000 0.3000 0.3000 0.3000 0.3000 0.7000 0.7000 0.7000 0.3000 0.7000 0.3000 0.7000 0.7000 0.3000 0.7000 0.7000 0.7000 0.3000 0.7000 0.7000 0.7000 0.3000 0.7000 0.3000 0.3000 0.7000 0.3000 0.7000 0.7000 0.7000 0.7000 0.3000 0.3000 0.3000 0.7000 0.3000 0.7000 0.3000 0.7000 0.7000 0.7000 0.3000 0.7000 0.7000 0.3000 0.7000 0.7000 0.3000 0.3000 0.7000 0.7000 0.7000 0.7000 0.3000 0.7000 0.7000 0.7000 0.3000 0.7000 0.7000 0.7000 0.3000 0.7000 0.3000 0.7000 0.7000 0.3000 0.3000 0.7000 0.7000 0.7000 0.3000 0.7000 0.7000 0.7000 0.3000 0.7000 0.3000 0.7000 0.7000 0.7000 0.7000 0.7000 0.7000 0.7000 0.7000 0.3000 0.7000 0.3000 0.7000 0.7000 0.7000 0.3000 0.7000 0.7000 0.7000 0.7000 0.3000 0.3000 0.7000 0.3000 0.3000 0.7000 0.3000 0.3000 0.3000 0.7000 0.7000 0.3000 0.7000 0.7000 0.7000 0.3000 0.3000 0.7000 0.3000 0.7000 0.7000 0.3000 0.3000 0.7000 0.3000 0.7000 0.7000 0.3000 0.7000 0.3000 0.7000 0.7000 0.7000 0.3000 0.3000 0.7000 0.7000 0.7000 0.7000 0.3000 0.3000 0.7000 0.7000 0.3000 0.3000 0.3000 0.7000 0.7000 0.7000 0.3000 0.3000 0.7000 0.7000 0.3000 0.7000 0.7000 0.7000 0.3000 0.3000 0.7000 0.7000 0.7000 0.3000 0.7000 0.7000 0.7000 0.3000 0.7000 0.7000 0.3000 0.3000 0.7000 0.7000 0.7000 0.3000 0.7000 0.7000 0.7000 0.3000 0.3000 0.7000 0.3000 0.3000 0.3000 0.7000 0.3000 0.7000 0.7000 0.3000 0.7000 0.3000 0.7000 0.3000 0.3000 0.3000 0.7000 0.7000 0.7000 0.7000 0.7000 0.7000 0.3000 0.3000 0.3000 0.3000 0.3000 0.7000 0.3000 0.3000 0.3000 0.3000 0.7000 0.7000 0.7000 0.3000 0.3000 0.7000 0.3000 0.7000 0.3000 0.7000 0.7000 0.3000 0.7000 0.7000 0.3000 0.7000 0.3000 0.3000 0.7000 0.7000 0.3000 0.3000 0.7000 0.7000 0.7000 0.7000 0.3000 0.7000 0.3000 0.3000 0.7000 0.7000 0.7000 0.3000 0.3000 0.7000 0.7000 0.3000 0.7000 0.7000 0.7000 0.3000 0.3000 0.7000 0.3000 0.7000 0.7000 0.7000 0.7000 0.7000 0.7000 0.3000 0.3000 0.3000 0.7000 0.7000 0.7000 0.7000 0.7000 0.3000 0.7000 0.3000 0.7000 0.3000 0.7000 0.3000 0.7000 0.7000 0.3000 0.7000 0.7000 0.3000 0.3000 0.7000 0.3000 0.7000 0.3000 0.7000 0.7000 0.3000 0.3000 0.3000 0.3000 0.3000 0.7000 0.7000 0.3000 0.7000 0.3000 0.7000 0.7000 0.7000 0.3000 0.7000 0.3000 0.7000 0.3000 0.3000 0.3000 0.7000 0.7000 0.3000 0.3000 0.3000 0.3000 0.7000 0.7000 0.7000 0.7000 0.7000 0.7000 0.3000 0.3000 0.7000 0.3000 0.7000 0.7000 0.7000 0.7000 0.3000 0.7000 0.3000 0.7000 0.3000 0.7000 0.3000 0.3000 0.3000 0.7000 0.7000 0.3000 0.7000 0.7000 0.7000 0.3000 0.7000 0.7000 0.7000 0.3000 0.3000 0.7000 0.3000 0.3000 0.7000 0.7000 0.7000 0.7000 0.3000 0.3000 0.7000 0.3000 0.7000 0.7000 0.7000 0.3000 0.7000 0.3000 0.7000 0.7000 0.3000 0.3000 0.3000 0.7000 0.3000 0.3000 0.7000 0.7000 0.3000 0.3000 0.7000 0.7000 0.7000 0.3000 0.3000 0.3000 0.7000 0.3000 0.7000 0.7000 0.3000 0.7000 0.7000 0.7000 0.7000 0.7000 0.7000 0.3000 0.3000 0.7000 0.7000 0.7000 0.3000 0.7000 0.7000 0.7000 0.3000 0.7000 0.7000 0.7000 0.7000 0.3000 0.3000 0.3000 0.7000 0.7000 0.7000 0.3000 0.3000 0.7000 0.3000 0.3000 0.3000 0.3000 0.7000 0.7000 0.7000 0.3000 0.7000 0.7000 0.7000 0.7000 0.7000 0.3000 0.7000 0.7000 0.7000 0.3000 0.7000 0.3000 0.7000 0.3000 0.7000 0.3000 0.7000 0.3000 0.3000 0.3000 0.7000 0.3000 0.3000 0.3000 0.0000 0.0000 0.0000 0.0000 0.0000 0.0000 0.0000 0.0000 0.0000 0.0000 0.0000 0.0000 0.0000 0.0000 0.0000 0.0000 0.0000 0.0000 0.0000 0.0000 0.0000 0.0000 0.0000 0.0000 0.0000 0.0000 0.0000 0.0000 0.0000 0.0000 0.0000 0.0000 0.0000 0.0000 0.0000 0.0000 0.0000 0.0000 0.0000 0.0000 0.0000 0.0000 0.0000 0.0000 0.0000 0.0000 0.0000 0.0000 0.0000 0.0000 0.0000 0.0000 0.0000 0.0000 0.0000 0.0000 0.0000 0.0000 0.0000 0.0000 0.0000 0.0000 0.0000 0.0000 0.0000 0.0000 0.0000 0.0000 0.0000 0.0000 0.0000 0.0000 0.0000 0.0000 0.0000 0.0000 0.0000 0.0000 0.0000 0.0000 0.0000 0.0000 0.0000 0.0000 0.0000 0.0000 0.0000 0.0000 0.0000 0.0000 0.0000 0.0000 0.0000 0.0000 0.0000 0.0000 0.0000 0.0000 0.0000 0.0000 0.0000 0.0000 0.0000 0.0000 0.0000 0.0000 0.0000 0.0000 0.0000 0.0000 0.0000 0.0000 0.0000 0.0000 0.0000 0.0000 0.0000 0.0000 0.0000 0.0000 0.0000 0.0000 0.0000 0.0000 0.0000 0.0000 0.0000 0.0000 0.0000 0.0000 0.0000 0.0000 0.0000 0.0000 0.0000 0.0000 0.0000 0.0000 0.0000 0.0000 0.0000 0.0000 0.0000 0.0000 0.0000 0.0000 0.0000 0.0000 0.0000 0.0000 0.0000 0.0000 0.0000 0.0000 0.0000 0.0000 0.0000 0.0000 0.0000 0.0000 0.0000 0.0000 0.0000 0.0000 0.0000 0.0000 0.0000 0.0000 0.0000 0.0000 0.0000 0.0000 0.0000 0.0000 0.0000 0.0000 0.0000 0.0000 0.0000 0.0000 0.0000 0.0000 0.0000 0.0000 0.0000 0.0000 0.0000 0.0000 0.0000 0.0000 0.0000 0.0000 0.0000 0.0000 0.0000 0.0000 0.0000 0.0000 0.0000 0.0000 0.0000 0.0000 0.0000 0.0000 0.0000 0.0000 0.0000 0.0000 0.0000 0.0000 0.0000 0.0000 0.0000 0.0000 0.0000 0.0000 0.0000 0.0000 0.0000 0.0000 0.0000 0.0000 0.0000 0.0000 0.0000 0.0000 0.0000 0.0000 0.0000 0.0000 0.0000 0.0000 0.0000 0.0000 0.0000 0.0000 0.7000 0.7000 0.3000 0.7000 0.7000 0.7000 0.3000 0.7000 0.3000 0.3000 0.7000 0.7000 0.7000 0.3000 0.7000 0.7000 0.3000 0.7000 0.3000 0.3000 0.7000 0.3000 0.3000 0.7000 0.7000 0.3000 0.3000 0.7000 0.7000 0.7000 0.7000 0.7000 0.7000 0.3000 0.3000 0.7000 0.3000 0.7000 0.3000 0.7000 0.3000 0.7000 0.7000 0.7000 0.3000 0.7000 0.3000 0.7000 0.7000 0.3000 0.7000 0.3000 0.7000 0.7000 0.7000 0.7000 0.7000 0.7000 0.7000 0.3000 0.3000 0.7000 0.3000 0.7000 0.7000 0.7000 0.7000 0.7000 0.3000 0.3000 0.7000 0.7000 0.7000 0.3000 0.7000 0.7000 0.7000 0.7000 0.3000 0.7000 0.7000 0.3000 0.3000 0.3000 0.3000 0.7000 0.7000 0.7000 0.3000 0.7000 0.3000 0.3000 0.7000 0.3000 0.3000 0.7000 0.7000 0.7000 0.3000 0.3000 0.3000 0.3000 0.3000 0.3000 0.3000 0.7000 0.7000 0.7000 0.3000 0.3000 0.3000 0.3000 0.7000 0.7000 0.3000 0.7000 0.3000 0.7000 0.3000 0.7000 0.7000 0.7000 0.7000 0.7000 0.7000 0.3000 0.7000 0.7000 0.7000 0.3000 0.7000 0.3000 0.7000 0.7000 0.3000 0.7000 0.7000 0.3000 0.3000 0.3000 0.7000 0.3000 0.7000 0.3000 0.7000 0.7000 0.3000 0.7000 0.3000 0.3000 0.3000 0.7000 0.3000 0.7000 0.3000 0.7000 0.3000 0.7000 0.7000 0.7000 0.3000 0.3000 0.3000 0.7000 0.7000 0.7000 0.3000 0.3000 0.3000 0.3000 0.3000 0.3000 0.7000 0.7000 0.3000 0.7000 0.7000 0.7000 0.7000 0.7000 0.7000 0.3000 0.3000 0.3000 0.7000 0.7000 0.3000 0.7000 0.3000 0.7000 0.3000 0.7000 0.7000 0.7000 0.3000 0.7000 0.3000 0.7000 0.3000 0.7000 0.7000 0.3000 0.7000 0.3000 0.7000 0.7000 0.7000 0.7000 0.7000 0.7000 0.3000 0.7000 0.3000 0.7000 0.7000 0.7000 0.3000 0.7000 0.0000 0.0000 0.0000 0.0000 0.0000 0.0000 0.0000 0.0000 0.0000 0.0000 0.0000 0.0000 0.0000 0.0000 0.0000 0.0000 0.0000 0.0000 0.0000 0.0000 0.0000 0.0000 0.0000 0.0000 0.0000 0.0000 0.0000 0.0000 0.0000 0.0000 0.0000 0.0000 0.0000 0.0000 0.0000 0.0000 0.0000 0.0000 0.0000 0.0000 0.0000 0.0000 0.0000 0.0000 0.0000 0.0000 0.0000 0.0000 0.0000 0.0000 0.0000 0.0000 0.0000 0.0000 0.0000 0.0000 0.0000 0.0000 0.0000 0.0000 0.0000 0.0000 0.0000 0.0000 0.0000 0.0000 0.0000 0.0000 0.0000 0.0000 0.0000 0.0000 0.0000 0.0000 0.0000 0.0000 0.0000 0.0000 0.0000 0.0000 0.0000 0.0000 0.0000 0.0000 0.0000 0.0000 0.0000 0.0000 0.0000 0.0000 0.0000 0.0000 0.0000 0.0000 0.0000 0.0000 0.0000 0.0000 0.0000 0.0000 0.0000 0.0000 0.0000 0.0000 0.0000 0.0000 0.0000 0.0000 0.0000 0.0000 0.0000 0.0000 0.0000 0.0000 0.0000 0.0000 0.0000 0.0000 0.0000 0.0000 0.0000 0.0000 0.0000 0.0000 0.0000 0.0000 0.0000 0.0000 0.0000 0.0000 0.0000 0.0000 0.0000 0.0000 0.0000 0.0000 0.0000 0.0000 0.0000 0.3000 0.7000 0.3000 0.3000 0.3000 0.7000 0.3000 0.3000 0.7000 0.7000 0.7000 0.7000 0.3000 0.3000 0.7000 0.7000 0.7000 0.7000 0.3000 0.3000 0.3000 0.7000 0.7000 0.7000 0.3000 0.3000 0.3000 0.7000 0.3000 0.7000 0.7000 0.3000 0.7000 0.3000 0.3000 0.3000 0.3000 0.7000 0.3000 0.3000 0.7000 0.7000 0.3000 0.3000 0.3000 0.7000 0.3000 0.3000 0.3000 0.3000 0.3000 0.7000 0.7000 0.3000 0.3000 0.3000 0.3000 0.7000 0.3000 0.7000 0.3000 0.7000 0.3000 0.7000 0.3000 0.3000 0.3000 0.7000 0.7000 0.3000 0.7000 0.7000 0.3000 0.7000 0.7000 0.3000 0.3000 0.7000 0.3000 0.7000 0.3000 0.3000 0.3000 0.7000 0.3000 0.3000 0.3000 0.3000 0.3000 0.3000 0.3000 0.7000 0.7000 0.3000 0.3000 0.3000 0.3000 0.7000 0.7000 0.7000 0.3000 0.3000 0.3000 0.7000 0.3000 0.3000 0.7000 0.3000 0.3000 0.7000 0.7000 0.3000 0.3000 0.7000 0.3000 0.7000 0.3000 0.3000 0.3000 0.7000 0.3000 0.7000 0.3000 0.7000 0.3000 0.3000 0.7000 0.3000 0.7000 0.3000 0.3000 0.3000 0.3000 0.3000 0.3000 0.3000 0.3000 0.3000 0.3000 0.3000 0.3000 0.7000 0.3000 0.3000 0.7000 0.3000 0.3000 0.3000 0.3000 0.7000 0.3000 0.7000 0.3000 0.7000 0.3000 0.3000 0.7000 0.3000 0.3000 0.7000 0.3000 0.3000 0.3000 0.7000 0.3000 0.3000 0.3000 0.3000 0.3000 0.3000 0.7000 0.3000 0.3000 0.3000 0.3000 0.3000 0.3000 0.3000 0.3000 0.7000 0.7000 0.7000 0.3000 0.7000 0.3000 0.3000 0.7000 0.7000 0.7000 0.3000 0.3000 0.3000 0.7000 0.7000 0.3000 0.3000 0.7000 0.3000 0.3000 0.3000 0.3000 0.3000 0.3000 0.7000 0.7000 0.3000 0.3000 0.3000 0.7000 0.3000 0.3000 0.7000 0.3000 0.7000 0.3000 0.7000 0.3000 0.3000 0.3000 0.3000 0.7000 0.3000 0.7000 0.3000 0.7000 0.3000 0.7000 0.3000 0.3000 0.3000 0.3000 0.3000 0.7000 0.3000 0.7000 0.7000 0.7000 0.3000 0.3000 0.3000 0.3000 0.7000 0.7000 0.3000 0.3000 0.3000 0.3000 0.3000 0.7000 0.3000 0.3000 0.3000 0.3000 0.3000 0.3000 0.7000 0.3000 0.3000 0.7000 0.3000 0.3000 0.7000 0.7000 0.7000 0.3000 0.7000 0.7000 0.3000 0.3000 0.3000 0.3000 0.7000 0.7000 0.7000 0.3000 0.3000 0.3000 0.7000 0.7000 0.3000 0.3000 0.3000 0.3000 0.7000 0.7000 0.7000 0.7000 0.3000 0.3000 0.7000 0.3000 0.7000 0.3000 0.3000 0.3000 0.3000 0.3000 0.3000 0.3000 0.3000 0.3000 0.3000 0.3000 0.3000 0.3000 0.3000 0.3000 0.3000 0.7000 0.3000 0.3000 0.7000 0.7000 0.7000 0.3000 0.7000 0.7000 0.3000 0.3000 0.3000 0.3000 0.3000 0.3000 0.3000 0.3000 0.3000 0.7000 0.3000 0.3000 0.3000 0.3000 0.3000 0.3000 0.7000 0.7000 0.3000 0.7000 0.7000 0.7000 0.7000 0.3000 0.3000 0.7000 0.3000 0.3000 0.3000 0.3000 0.3000 0.7000 0.3000 0.3000 0.3000 0.3000 0.3000 0.7000 0.3000 0.7000 0.3000 0.3000 0.7000 0.7000 0.7000 0.7000 0.3000 0.3000 0.3000 0.3000 0.3000 0.7000 0.7000 0.3000 0.7000 0.7000 0.3000 0.7000 0.7000 0.7000 0.3000 0.3000 0.3000 0.7000 0.3000 0.3000 0.7000 0.3000 0.3000 0.3000 0.7000 0.7000 0.7000 0.3000 0.7000 0.3000 0.3000 0.7000 0.3000 0.7000 0.7000 0.7000 0.3000 0.7000 0.7000 0.3000 0.3000 0.3000 0.3000 0.3000 0.3000 0.7000 0.3000 0.3000 0.3000 0.7000 0.3000 0.3000 0.3000 0.3000 0.7000 0.7000 0.7000 0.3000 0.3000 0.3000 0.3000 0.7000 0.7000 0.3000 0.7000 0.3000 0.3000 0.7000 0.7000 0.7000 0.3000 0.7000 0.7000 0.3000 0.3000 0.7000 0.7000 0.3000 0.3000 0.3000 0.3000 0.7000 0.7000 0.3000 0.3000 0.3000 0.3000 0.7000 0.7000 0.3000 0.3000 0.3000 0.3000 0.3000 0.7000 0.3000 0.3000 0.3000 0.3000 0.3000 0.3000 0.3000 0.3000 0.3000 0.3000 0.7000 0.3000 0.3000 0.7000 0.3000 0.3000 0.3000 0.3000 0.3000 0.7000 0.7000 0.3000 0.3000 0.3000 0.3000 0.3000 0.3000 0.7000 0.3000 0.7000 0.3000 0.3000 0.3000 0.7000 0.3000 0.3000 0.3000 0.3000 0.7000 0.3000 0.3000 0.7000 0.7000 0.7000 0.3000 0.7000 0.7000 0.7000 0.3000 0.3000 0.7000 0.3000 0.7000 0.3000 0.7000 0.3000 0.3000 0.3000 0.3000 0.7000 0.7000 0.7000 0.3000 0.3000 0.3000 0.3000 0.3000 0.3000 0.3000 0.3000 0.7000 0.7000 0.3000 0.7000 0.3000 0.7000 0.3000 0.3000 0.7000 0.3000 0.3000 0.3000 0.7000 0.7000 0.3000 0.3000 0.3000 0.7000 0.3000 0.7000 0.3000 0.3000 0.3000 0.3000 0.3000 0.7000 0.7000 0.3000 0.3000 0.3000 0.3000 0.7000 0.7000 0.3000 0.3000 0.3000 0.3000 0.3000 0.3000 0.3000 0.3000 0.7000 0.3000 0.3000 0.7000 0.3000 0.3000 0.7000 0.7000 0.7000 0.7000 0.3000 0.7000 0.7000 0.3000 0.3000 0.7000 0.7000 0.7000 0.3000 0.3000 0.7000 0.7000 0.3000 0.7000 0.7000 0.3000 0.3000 0.7000 0.3000 0.7000 0.3000 0.3000 0.7000 0.3000 0.3000 0.3000 0.7000 0.7000 0.7000 0.7000 0.3000 0.7000 0.3000 0.7000 0.3000 0.7000 0.3000 0.7000 0.3000 0.7000 0.3000 0.3000 0.7000 0.3000 0.3000 0.7000 0.3000 0.3000 0.3000 0.7000 0.7000 0.3000 0.3000 0.3000 0.3000 0.7000 0.3000 0.3000 0.3000 0.7000 0.7000 0.3000 0.3000 0.7000 0.3000 0.7000 0.7000 0.3000 0.3000 0.3000 0.3000 0.3000 0.3000 0.7000 0.3000 0.3000 0.3000 0.3000 0.3000 0.7000 0.7000 0.3000 0.3000 0.7000 0.3000 0.3000 0.3000 0.3000 0.7000 0.3000 0.3000 0.3000 0.3000 0.3000 0.7000 0.3000 0.3000 0.3000 0.7000 0.3000 0.3000 0.7000 0.7000 0.3000 0.3000 0.3000 0.3000 0.7000 0.3000 0.3000 0.7000 0.7000 0.7000 0.3000 0.3000 0.3000 0.7000 0.7000 0.3000 0.3000 0.3000 0.7000 0.3000 0.3000 0.3000 0.7000 0.7000 0.3000 0.3000 0.3000 0.7000 0.7000 0.3000 0.3000 0.3000 0.3000 0.3000 0.3000 0.3000 0.3000 0.3000 0.3000 0.7000 0.3000 0.3000 0.7000 0.3000 0.3000 0.3000 0.7000 0.3000 0.3000 0.3000 0.7000 0.3000 0.3000 0.3000 0.3000 0.3000 0.3000 0.3000 0.3000 0.3000 0.7000 0.7000 0.3000 0.3000 0.3000 0.3000 0.3000 0.3000 0.3000 0.3000 0.3000 0.7000 0.3000 0.3000 0.3000 0.3000 0.3000 0.3000 0.7000 0.3000 0.3000 0.3000 0.3000 0.7000 0.3000 0.7000 0.3000 0.3000 0.7000 0.7000 0.3000 0.7000 0.7000 0.7000 0.7000 0.3000 0.7000 0.7000 0.7000 0.7000 0.7000 0.7000 0.3000 0.7000 0.7000 0.7000 0.3000 0.7000 0.7000 0.7000 0.3000 0.3000 0.3000 0.3000 0.7000 0.3000 0.3000 0.7000 0.3000 0.7000 0.3000 0.7000 0.3000 0.3000 0.7000 0.7000 0.7000 0.3000 0.7000 0.3000 0.3000 0.3000 0.3000 0.7000 0.3000 0.7000 0.3000 0.7000 0.3000 0.3000 0.3000 0.7000 0.7000 0.3000 0.3000 0.3000 0.7000 0.7000 0.3000 0.7000 0.3000 0.3000 0.3000 0.3000 0.7000 0.7000 0.3000 0.3000 0.3000 0.3000 0.3000 0.7000 0.3000 0.3000 0.7000 0.7000 0.3000 0.3000 0.3000 0.3000 0.3000 0.3000 0.7000 0.3000 0.3000 0.7000 0.7000 0.7000 0.7000 0.3000 0.3000 0.7000 0.7000 0.3000 0.7000 0.7000 0.3000 0.3000 0.3000 0.3000 0.7000 0.7000 0.3000 0.3000 0.3000 0.3000 0.3000 0.3000 0.7000 0.3000 0.3000 0.7000 0.3000 0.3000 0.3000 0.7000 0.7000 0.3000 0.3000 0.3000 0.3000 0.3000 0.7000 0.7000 0.3000 0.7000 0.3000 0.3000 0.7000 0.3000 0.3000 0.3000 0.3000 0.7000 0.3000 0.7000 0.7000 0.3000 0.7000 0.3000 0.3000 0.3000 0.3000 0.3000 0.7000 0.7000 0.3000 0.3000 0.3000 0.3000 0.7000 0.7000 0.7000 0.7000 0.7000 0.7000 0.3000 0.3000 0.3000 0.7000 0.3000 0.7000 0.7000 0.3000 0.3000 0.7000 0.3000 0.7000 0.3000 0.7000 0.3000 0.3000 0.3000 0.7000 0.7000 0.3000 0.3000 0.3000 0.3000 0.3000 0.3000 0.3000 0.3000 0.3000 0.7000 0.3000 0.7000 0.3000 0.3000 0.3000 0.7000 0.7000 0.7000 0.7000 0.3000 0.7000 0.7000 0.3000 0.3000 0.7000 0.3000 0.7000 0.3000 0.7000 0.7000 0.7000 0.7000 0.3000 0.3000 0.7000 0.3000 0.7000 0.3000 0.3000 0.3000 0.7000 0.3000 0.7000 0.3000 0.3000 0.3000 0.3000 0.3000 0.3000 0.3000 0.7000 0.3000 0.3000 0.7000 0.3000 0.3000 0.3000 0.3000 0.3000 0.3000 0.3000 0.3000 0.3000 0.3000 0.7000 0.7000 0.7000 0.3000 0.3000 0.3000 0.7000 0.3000 0.3000 0.3000 0.3000 0.3000 0.3000 0.7000 0.7000 0.3000 0.7000 0.3000 0.3000 0.3000 0.3000 0.7000 0.7000 0.7000 0.3000 0.3000 0.3000 0.7000 0.3000 0.7000 0.3000 0.3000 0.3000 0.7000 0.3000 0.7000 0.7000 0.3000 0.3000 0.3000 0.3000 0.3000 0.3000 0.7000 0.7000 0.7000 0.3000 0.3000 0.3000 0.3000 0.7000 0.3000 0.3000 0.3000 0.7000 0.7000 0.3000 0.3000 0.7000 0.7000 0.7000 0.3000 0.3000 0.7000 0.3000 0.7000 0.3000 0.7000 0.7000 0.3000 0.3000 0.3000 0.7000 0.3000 0.3000 0.7000 0.3000 0.3000 0.3000 0.3000 0.3000 0.3000 0.7000 0.3000 0.3000 0.7000 0.3000 0.3000 0.7000 0.3000 0.3000 0.7000 0.3000 0.3000 0.3000 0.3000 0.7000 0.7000 0.7000 0.3000 0.3000 0.7000 0.3000 0.3000 0.3000 0.3000 0.3000 0.7000 0.3000 0.3000 0.3000 0.7000 0.3000 0.3000 0.3000 0.3000 0.7000 0.3000 0.3000 0.3000 0.3000 0.3000 0.7000 0.3000 0.3000 0.7000 0.3000 0.3000 0.3000 0.3000 0.3000 0.7000 0.3000 0.3000 0.3000 0.7000 0.3000 0.3000 0.3000 0.7000 0.7000 0.3000 0.3000 0.7000 0.3000 0.7000 0.3000 0.3000 0.3000 0.3000 0.7000 0.7000 0.7000 0.3000 0.3000 0.3000 0.7000 0.7000 0.3000 0.7000 0.3000 0.7000 0.3000 0.3000 0.7000 0.3000 0.7000 0.3000 0.3000 0.7000 0.7000 0.3000 0.3000 0.7000 0.7000 0.7000 0.7000 0.3000 0.3000 0.7000 0.3000 0.3000 0.3000 0.3000 0.3000 0.3000 0.3000 0.7000 0.7000 0.7000 0.3000 0.3000 0.3000 0.3000 0.7000 0.7000 0.3000 0.3000 0.3000 0.3000 0.7000 0.7000 0.7000 0.3000 0.7000 0.3000 0.3000 0.3000 0.7000 0.3000 0.3000 0.3000 0.7000 0.3000 0.3000 0.3000 0.3000 0.3000 0.3000 0.7000 0.3000 0.3000 0.3000 0.7000 0.7000 0.3000 0.7000 0.3000 0.3000 0.7000 0.3000 0.3000 0.3000 0.3000 0.3000 0.7000 0.3000 0.7000 0.3000 0.3000 0.3000 0.3000 0.7000 0.3000 0.7000 0.7000 0.3000 0.3000 0.3000 0.3000 0.7000 0.3000 0.7000 0.3000 0.7000 0.7000 0.3000 0.3000 0.7000 0.7000 0.3000 0.3000 0.3000 0.7000 0.3000 0.3000 0.3000 0.3000 0.7000 0.3000 0.7000 0.3000 0.7000 0.7000 0.3000 0.3000 0.3000 0.3000 0.3000 0.3000 0.3000 0.3000 0.3000 0.3000 0.7000 0.3000 0.3000 0.3000 0.3000 0.3000 0.7000 0.3000 0.3000 0.3000 0.7000 0.7000 0.7000 0.7000 0.3000 0.3000 0.7000 0.7000 0.3000 0.3000 0.3000 0.7000 0.3000 0.7000 0.3000 0.7000 0.3000 0.3000 0.3000 0.3000 0.3000 0.7000 0.3000 0.3000 0.3000 0.3000 0.7000 0.7000 0.3000 0.3000 0.3000 0.7000 0.3000 0.3000 0.7000 0.3000 0.3000 0.7000 0.7000 0.3000 0.3000 0.7000 0.3000 0.3000 0.3000 0.3000 0.7000 0.3000 0.3000 0.3000 0.3000 0.7000 0.7000 0.3000 0.3000 0.3000 0.3000 0.3000 0.3000 0.3000 0.3000 0.3000 0.3000 0.3000 0.7000 0.7000 0.7000 0.7000 0.3000 0.7000 0.7000 0.3000 0.7000 0.3000 0.7000 0.3000 0.7000 0.3000 0.3000 0.7000 0.3000 0.3000 0.3000 0.7000 0.3000 0.3000 0.3000 0.3000 0.3000 0.7000 0.3000 0.7000 0.7000 0.3000 0.3000 0.7000 0.7000 0.7000 0.3000 0.7000 0.7000 0.7000 0.3000 0.3000 0.3000 0.7000 0.3000 0.7000 0.7000 0.3000 0.3000 0.7000 0.3000 0.3000 0.7000 0.3000 0.3000 0.7000 0.3000 0.3000 0.3000 0.7000 0.7000 0.7000 0.3000 0.3000 0.3000 0.7000 0.3000 0.3000 0.7000 0.7000 0.3000 0.7000 0.7000 0.3000 0.7000 0.7000 0.7000 0.3000 0.3000 0.7000 0.3000 0.3000 0.3000 0.7000 0.3000 0.3000 0.3000 0.3000 0.3000 0.7000 0.3000 0.7000 0.3000 0.3000 0.3000 0.3000 0.3000 0.3000 0.3000 0.3000 0.3000 0.3000 0.7000 0.3000 0.7000 0.7000 0.7000 0.3000 0.3000 0.3000 0.3000 0.7000 0.3000 0.3000 0.3000 0.3000 0.3000 0.7000 0.7000 0.3000 0.3000 0.3000 0.7000 0.3000 0.3000 0.3000 0.7000 0.3000 0.3000 0.3000 0.3000 0.7000 0.3000 0.3000 0.3000 0.7000 0.3000 0.7000 0.3000 0.7000 0.3000 0.3000 0.3000 0.7000 0.3000 0.3000 0.3000 0.3000 0.3000 0.7000 0.3000 0.7000 0.7000 0.3000 0.3000 0.3000 0.3000 0.3000 0.7000 0.7000 0.3000 0.3000 0.3000 0.3000 0.3000 0.3000 0.7000 0.3000 0.3000 0.3000 0.7000 0.7000 0.3000 0.7000 0.7000 0.7000 0.3000 0.3000 0.7000 0.7000 0.3000 0.3000 0.3000 0.3000 0.7000 0.7000 0.7000 0.7000 0.3000 0.3000 0.3000 0.3000 0.3000 0.7000 0.3000 0.3000 0.7000 0.7000 0.3000 0.3000 0.7000 0.3000 0.3000 0.3000 0.3000 0.7000 0.3000 0.7000 0.7000 0.7000 0.7000 0.3000 0.3000 0.7000 0.3000 0.3000 0.7000 0.7000 0.7000 0.7000 0.3000 0.3000 0.7000 0.7000 0.7000 0.3000 0.3000 0.3000 0.3000 0.3000 0.3000 0.3000 0.3000 0.3000 0.7000 0.3000 0.7000 0.3000 0.7000 0.3000 0.3000 0.7000 0.7000 0.3000 0.3000 0.7000 0.3000 0.3000 0.3000 0.3000 0.3000 0.3000 0.7000 0.3000 0.7000 0.7000 0.3000 0.3000 0.7000 0.7000 0.3000 0.7000 0.3000 0.3000 0.3000 0.7000 0.3000 0.7000 0.3000 0.3000 0.3000 0.3000 0.7000 0.3000 0.3000 0.3000 0.3000 0.7000 0.7000 0.7000 0.3000 0.7000 0.3000 0.7000 0.3000 0.7000 0.7000 0.7000 0.3000 0.3000 0.7000 0.7000 0.3000 0.7000 0.3000 0.7000 0.3000 0.3000 0.3000 0.3000 0.7000 0.3000 0.3000 0.7000 0.7000 0.3000 0.3000 0.3000 0.3000 0.3000 0.3000 0.3000 0.3000 0.3000 0.3000 0.3000 0.7000 0.7000 0.7000 0.7000 0.7000 0.3000 0.7000 0.3000 0.3000 0.7000 0.3000 0.7000 0.3000 0.3000 0.3000 0.3000 0.7000 0.3000 0.3000 0.7000 0.7000 0.3000 0.7000 0.7000 0.3000 0.7000 0.3000 0.3000 0.7000 0.3000 0.7000 0.7000 0.3000 0.3000 0.7000 0.3000 0.3000 0.7000 0.7000 0.3000 0.3000 0.3000 0.3000 0.3000 0.3000 0.3000 0.3000 0.7000 0.7000 0.3000 0.3000 0.3000 0.7000 0.3000 0.3000 0.7000 0.3000 0.3000 0.3000 0.3000 0.7000 0.7000 0.3000 0.3000 0.3000 0.3000 0.7000 0.7000 0.3000 0.3000 0.3000 0.3000 0.3000 0.3000 0.7000 0.7000 0.3000 0.3000 0.3000 0.7000 0.3000 0.3000 0.3000 0.3000 0.3000 0.7000 0.3000 0.7000 0.3000 0.7000 0.7000 0.7000 0.3000 0.3000 0.7000 0.3000 0.3000 0.3000 0.3000 0.7000 0.7000 0.3000 0.7000 0.7000 0.7000 0.7000 0.7000 0.3000 0.3000 0.3000 0.3000 0.7000 0.7000 0.7000 0.3000 0.3000 0.7000 0.3000 0.3000 0.3000 0.3000 0.3000 0.7000 0.3000 0.3000 0.3000 0.7000 0.3000 0.7000 0.3000 0.3000 0.3000 0.7000 0.7000 0.3000 0.7000 0.3000 0.3000 0.7000 0.3000 0.3000 0.3000 0.7000 0.7000 0.3000 0.3000 0.7000 0.3000 0.3000 0.3000 0.3000 0.3000 0.7000 0.3000 0.3000 0.3000 0.3000 0.3000 0.3000 0.3000 0.7000 0.3000 0.7000 0.3000 0.7000 0.3000 0.3000 0.3000 0.3000 0.7000 0.7000 0.3000 0.3000 0.7000 0.3000 0.3000 0.7000 0.3000 0.7000 0.3000 0.3000 0.3000 0.7000 0.3000 0.3000 0.3000 0.3000 0.3000 0.3000 0.3000 0.3000 0.3000 0.3000 0.3000 0.3000 0.3000 0.7000 0.3000 0.3000 0.3000 0.3000 0.7000 0.7000 0.3000 0.3000 0.3000 0.3000 0.3000 0.3000 0.3000 0.3000 0.3000 0.7000 0.7000 0.7000 0.7000 0.3000 0.3000 0.3000 0.3000 0.7000 0.7000 0.3000 0.7000 0.3000 0.3000 0.3000 0.3000 0.3000 0.3000 0.7000 0.3000 0.7000 0.7000 0.3000 0.3000 0.3000 0.7000 0.3000 0.7000 0.3000 0.3000 0.3000 0.7000 0.3000 0.7000 0.3000 0.3000 0.3000 0.3000 0.7000 0.3000 0.7000 0.3000 0.3000 0.3000 0.7000 0.3000 0.3000 0.7000 0.7000 0.3000 0.7000 0.3000 0.3000 0.7000 0.3000 0.7000 0.3000 0.3000 0.7000 0.7000 0.7000 0.3000 0.7000 0.3000 0.7000 0.3000 0.7000 0.3000 0.3000 0.3000 0.7000 0.3000 0.7000 0.7000 0.3000 0.3000 0.7000 0.7000 0.7000 0.7000 0.7000 0.3000 0.3000 0.3000 0.3000 0.3000 0.3000 0.3000 0.3000 0.3000 0.3000 0.3000 0.3000 0.7000 0.7000 0.7000 0.3000 0.7000 0.3000 0.3000 0.3000 0.3000 0.3000 0.7000 0.3000 0.3000 0.7000 0.7000 0.7000 0.7000 0.3000 0.3000 0.3000 0.3000 0.3000 0.3000 0.3000 0.3000 0.7000 0.3000 0.7000 0.3000 0.7000 0.3000 0.7000 0.7000 0.3000 0.3000 0.3000 0.3000 0.3000 0.3000 0.3000 0.3000 0.3000 0.3000 0.3000 0.3000 0.7000 0.3000 0.3000 0.3000 0.3000 0.7000 0.7000 0.7000 0.3000 0.7000 0.7000 0.3000 0.3000 0.3000 0.7000 0.3000 0.7000 0.3000 0.7000 0.7000 0.3000 0.3000 0.7000 0.7000 0.7000 0.3000 0.3000 0.7000 0.3000 0.7000 0.3000 0.7000 0.0000 0.0000 0.0000 0.0000 0.0000 0.0000 0.0000 0.0000 0.0000 0.0000 0.0000 0.0000 0.0000 0.0000 0.0000 0.0000 0.0000 0.0000 0.0000 0.0000 0.0000 0.0000 0.0000 0.0000 0.0000 0.0000 0.0000 0.0000 0.0000 0.0000 0.0000 0.0000 0.0000 0.0000 0.0000 0.0000 0.0000 0.0000 0.0000 0.0000 0.0000 0.0000 0.0000 0.0000 0.0000 0.0000 0.0000 0.0000 0.0000 0.0000 0.0000 0.0000 0.0000 0.0000 0.0000 0.0000 0.0000 0.0000 0.0000 0.0000 0.0000 0.0000 0.0000 0.0000 0.0000 0.0000 0.0000 0.0000 0.0000 0.0000 0.0000 0.0000 0.0000 0.0000 0.0000 0.0000 0.0000 0.0000 0.0000 0.0000 0.0000 0.0000 0.0000 0.0000 0.0000 0.0000 0.0000 0.0000 0.0000 0.0000 0.0000 0.0000 0.0000 0.0000 0.0000 0.0000 0.0000 0.0000 0.0000 0.0000 0.0000 0.0000 0.0000 0.0000 0.0000 0.0000 0.0000 0.0000 0.0000 0.0000 0.0000 0.0000 0.0000 0.0000 0.0000 0.0000 0.0000 0.0000 0.0000 0.0000 0.0000 0.0000 0.0000 0.0000 0.0000 0.0000 0.0000 0.0000 0.0000 0.0000 0.0000 0.0000 0.0000 0.0000 0.0000 0.0000 0.0000 0.0000 0.0000 0.0000 0.0000 0.0000 0.0000 0.0000 0.0000 0.0000 0.0000 0.0000 0.0000 0.0000 0.0000 0.0000 0.0000 0.0000 0.0000 0.0000 0.0000 0.0000 0.0000 0.0000 0.0000 0.0000 0.0000 0.0000 0.0000 0.0000 0.0000 0.0000 0.0000 0.0000 0.0000 0.0000 0.0000 0.0000 0.0000 0.0000 0.0000 0.0000 0.0000 0.0000 0.0000 0.0000 0.0000 0.0000 0.0000 0.0000 0.0000 0.0000 0.0000 0.0000 0.0000 0.0000 0.0000 0.0000 0.0000 0.0000 0.0000 0.0000 0.0000 0.0000 0.0000 0.0000 0.0000 0.0000 0.0000 0.0000 0.0000 0.0000 0.0000 0.0000 0.0000 0.0000 0.0000 0.0000 0.0000 0.0000 0.0000 0.0000 0.0000 0.0000 0.0000 0.0000 0.0000 0.0000 0.0000 0.0000 0.0000 0.0000 0.0000 0.0000 0.0000 0.0000 0.0000 0.0000 0.0000 0.0000 0.0000 0.0000 0.0000 0.0000 0.0000 0.0000 0.0000 0.0000 0.0000 0.0000 0.0000 0.0000 0.0000 0.0000 0.0000 0.0000 0.0000 0.0000 0.0000 0.0000 0.0000 0.0000 0.0000 0.0000 0.0000 0.0000 0.0000 0.0000 0.0000 0.0000 0.0000 0.0000 0.0000 0.0000 0.0000 0.0000 0.0000 0.0000 0.0000 0.0000 0.0000 0.0000 0.0000 0.0000 0.0000 0.0000 0.0000 0.0000 0.0000 0.0000 0.0000 0.0000 0.0000 0.0000 0.0000 0.0000 0.0000 0.0000 0.0000 0.0000 0.0000 0.0000 0.0000 0.0000 0.0000 0.0000 0.0000 0.0000 0.0000 0.0000 0.0000 0.0000 0.0000 0.0000 0.0000 0.0000 0.0000 0.0000 0.0000 0.0000 0.0000 0.0000 0.0000 0.0000 0.0000 0.0000 0.0000 0.0000 0.0000 0.0000 0.0000 0.0000 0.0000 0.0000 0.0000 0.0000 0.0000 0.0000 0.0000 0.0000 0.0000 0.0000 0.0000 0.0000 0.0000 0.0000 0.0000 0.0000 0.0000 0.0000 0.0000 0.0000 0.0000 0.0000 0.0000 0.0000 0.0000 0.0000 0.0000 0.0000 0.0000 0.0000 0.0000 0.0000 0.0000 0.0000 0.0000 0.0000 0.0000 0.0000 0.0000 0.0000 0.0000 0.0000 0.0000 0.0000 0.0000 0.0000 0.0000 0.0000 0.0000 0.0000 0.0000 0.0000 0.0000 0.0000 0.0000 0.0000 0.0000 0.0000 0.0000 0.0000 0.0000 0.0000 0.0000 0.0000 0.0000 0.0000 0.0000 0.0000 0.0000 0.0000 0.0000 0.0000 0.0000 0.0000 0.0000 0.0000 0.0000 0.0000 0.0000 0.0000 0.0000 0.0000 0.0000 0.0000 0.0000 0.0000 0.0000 0.0000 0.0000 0.0000 0.0000 0.0000 0.0000 0.0000 0.0000 0.0000 0.0000 0.0000 0.0000 0.0000 0.0000 0.0000 0.0000 0.0000 0.0000 0.0000 0.0000 0.0000 0.0000 0.0000 0.0000 0.0000 0.0000 0.0000 0.0000 0.0000 0.0000 0.0000 0.0000 0.0000 0.0000 0.0000 0.0000 0.0000 0.0000 0.0000 0.0000 0.0000 0.0000 0.0000 0.0000 0.0000 0.0000 0.0000 0.0000 0.0000 0.0000 0.0000 0.0000 0.0000 0.0000 0.0000 0.0000 0.0000 0.0000 0.0000 0.0000 0.0000 0.0000 0.0000 0.0000 0.0000 0.0000 0.0000 0.0000 0.0000 0.0000 0.0000 0.0000 0.0000 0.0000 0.0000 0.0000 0.0000 0.0000 0.0000 0.0000 0.0000 0.0000 0.0000 0.0000 0.0000 0.0000 0.0000 0.0000 0.0000 0.0000 0.0000 0.0000 0.0000 0.0000 0.0000 0.0000 0.0000 0.0000 0.0000 0.0000 0.0000 0.0000 0.0000 0.0000 0.0000 0.0000 0.0000 0.0000 0.0000 0.0000 0.0000 0.0000 0.0000 0.0000 0.0000 0.0000 0.0000 0.0000 0.0000 0.0000 0.0000 0.0000 0.0000 0.0000 0.0000 0.0000 0.0000 0.0000 0.0000 0.0000 0.0000 0.0000 0.0000 0.0000 0.0000 0.0000 0.0000 0.0000 0.0000 0.0000 0.0000 0.0000 0.0000 0.0000 0.0000 0.0000 0.0000 0.0000 0.0000 0.0000 0.0000 0.0000 0.0000 0.0000 0.0000 0.0000 0.0000 0.0000 0.0000 0.0000 0.0000 0.0000 0.0000 0.0000 0.0000 0.0000 0.0000 0.0000 0.0000 0.0000 0.0000 0.0000 0.0000 0.0000 0.0000 0.0000 0.0000 0.0000 0.0000 0.0000 0.0000 0.0000 0.0000 0.0000 0.0000 0.0000 0.0000 0.0000 0.0000 0.0000 0.0000 0.0000 0.0000 0.0000 0.0000 0.0000 0.0000 0.0000 0.0000 0.0000 0.0000 0.0000 0.0000 0.0000 0.0000 0.0000 0.0000 0.0000 0.0000 0.0000 0.0000 0.0000 0.0000 0.0000 0.0000 0.0000 0.0000 0.0000 0.0000 0.0000 0.0000 0.0000 0.0000 0.0000 0.0000 0.0000 0.0000 0.0000 0.0000 0.0000 0.0000 0.0000 0.0000 0.0000 0.0000 0.0000 0.0000 0.0000 0.0000 0.0000 0.0000 0.0000 0.0000 0.0000 0.0000 0.0000 0.0000 0.0000 0.0000 0.0000 0.0000 0.0000 0.0000 0.0000 0.0000 0.0000 0.0000 0.0000 0.0000 0.0000 0.0000 0.0000 0.0000 0.0000 0.0000 0.0000 0.0000 0.0000 0.0000 0.0000 0.0000 0.0000 0.0000 0.0000 0.0000 0.0000 0.0000 0.0000 0.0000 0.0000 0.0000 0.0000 0.0000 0.0000 0.0000 0.0000 0.0000 0.0000 0.0000 0.0000 0.0000 0.0000 0.0000 0.0000 0.0000 0.0000 0.0000 0.0000 0.0000 0.0000 0.0000 0.0000 0.0000 0.0000 0.0000 0.0000 0.0000 0.0000 0.0000 0.0000 0.0000 0.0000 0.0000 0.0000 0.0000 0.0000 0.0000 0.0000 0.0000 0.0000 0.0000 0.0000 0.0000 0.0000 0.0000 0.0000 0.0000 0.0000 0.0000 0.0000 0.0000 0.0000 0.0000 0.0000 0.0000 0.0000 0.0000 0.0000 0.0000 0.0000 0.0000 0.0000 0.0000 0.0000 0.0000 0.0000 0.0000 0.0000 0.0000 0.0000 0.0000 0.0000 0.0000 0.0000 0.0000 0.0000 0.0000 0.0000 0.0000 0.0000 0.0000 0.0000 0.0000 0.0000 0.0000 0.0000 0.0000 0.0000 0.0000 0.0000 0.0000 0.0000 0.0000 0.0000 0.0000 0.0000 0.0000 0.0000 0.0000 0.0000 0.0000 0.0000 0.0000 0.0000 0.0000 0.0000 0.0000 0.0000 0.0000 0.0000 0.0000 0.0000 0.0000 0.0000 0.0000 0.0000 0.0000 0.0000 0.0000 0.0000 0.0000 0.0000 0.0000 0.0000 0.0000 0.0000 0.0000 0.0000 0.0000 0.0000 0.0000 0.0000 0.0000 0.0000 0.0000 0.0000 0.0000 0.0000 0.0000 0.0000 0.0000 0.0000 0.0000 0.0000 0.0000 0.0000 0.0000 0.0000 0.0000 0.0000 0.0000 0.0000 0.0000 0.0000 0.0000 0.0000 0.0000 0.0000 0.0000 0.0000 0.0000 0.0000 0.0000 0.0000 0.0000 0.0000 0.0000 0.0000 0.0000 0.0000 0.0000 0.0000 0.0000 0.0000 0.0000 0.0000 0.0000 0.0000 0.0000 0.0000 0.0000 0.0000 0.0000 0.0000 0.0000 0.0000 0.0000 0.0000 0.0000 0.0000 0.0000 0.0000 0.0000 0.0000 0.0000 0.0000 0.0000 0.0000 0.0000 0.0000 0.0000 0.0000 0.0000 0.0000 0.0000 0.0000 0.0000 0.0000 0.0000 0.0000 0.0000 0.0000 0.0000 0.0000 0.0000 0.0000 0.0000 0.0000 0.0000 0.0000 0.0000 0.0000 0.0000 0.0000 0.0000 0.0000 0.0000 0.0000 0.0000 0.0000 0.0000 0.0000 0.0000 0.0000 0.0000 0.0000 0.0000 0.0000 0.0000 0.0000 0.0000 0.0000 0.0000 0.0000 0.0000 0.0000 0.0000 0.0000 0.0000 0.0000 0.0000 0.0000 0.0000 0.0000 0.0000 0.0000 0.0000 0.0000 0.0000 0.0000 0.0000 0.0000 0.0000 0.0000 0.0000 0.0000 0.0000 0.0000 0.0000 0.0000 0.0000 0.0000 0.0000 0.0000 0.0000 0.0000 0.0000 0.0000 0.0000 0.0000 0.0000 0.0000 0.0000 0.0000 0.0000 0.0000 0.0000 0.0000 0.0000 0.0000 0.0000 0.0000 0.0000 0.0000 0.0000 0.0000 0.0000 0.0000 0.0000 0.0000 0.0000 0.0000 0.0000 0.0000 0.0000 0.0000 0.0000 0.0000 0.0000 0.0000 0.0000 0.0000 0.0000 0.0000 0.0000 0.0000 0.0000 0.0000 0.0000 0.0000 0.0000 0.0000 0.0000 0.0000 0.0000 0.0000 0.0000 0.0000 0.0000 0.0000 0.0000 0.0000 0.0000 0.0000 0.0000 0.0000 0.0000 0.0000 0.0000 0.0000 0.0000 0.0000 0.0000 0.0000 0.0000 0.0000 0.0000 0.0000 0.0000 0.0000 0.0000 0.0000 0.0000 0.0000 0.0000 0.0000 0.0000 0.0000 0.0000 0.0000 0.0000 0.0000 0.0000 0.0000 0.0000 0.0000 0.0000 0.0000 0.0000 0.0000 0.0000 0.0000 0.0000 0.0000 0.0000 0.0000 0.0000 0.0000 0.0000 0.0000 0.0000 0.0000 0.0000 0.0000 0.0000 0.0000 0.0000 0.0000 0.0000 0.0000 0.0000 0.0000 0.0000 0.0000 0.0000 0.0000 0.0000 0.0000 0.0000 0.0000 0.0000 0.0000 0.0000 0.0000 0.0000 0.0000 0.0000 0.0000 0.0000 0.0000 0.0000 0.0000 0.0000 0.0000 0.0000 0.0000 0.0000 0.0000 0.0000 0.0000 0.0000 0.0000 0.0000 0.0000 0.0000 0.0000 0.0000 0.0000 0.0000 0.0000 0.0000 0.0000 0.0000 0.0000 0.0000 0.0000 0.0000 0.0000 0.0000 0.0000 0.0000 0.0000 0.0000 0.0000 0.0000 0.0000 0.0000 0.0000 0.0000 0.0000 0.0000 0.0000 0.0000 0.0000 0.0000 0.0000 0.0000 0.0000 0.0000 0.0000 0.0000 0.0000 0.0000 0.0000 0.0000 0.0000 0.0000 0.0000 0.0000 0.0000 0.0000 0.0000 0.0000 0.0000 0.0000 0.0000 0.0000 0.0000 0.0000 0.0000 0.0000 0.0000 0.0000 0.0000 0.0000 0.0000 0.0000 0.0000 0.0000 0.0000 0.0000 0.0000 0.0000 0.0000 0.0000 0.0000 0.0000 0.0000 0.0000 0.0000 0.0000 0.0000 0.0000 0.0000 0.0000 0.0000 0.0000 0.0000 0.0000 0.0000 0.0000 0.0000 0.0000 0.0000 0.0000 0.0000 0.0000 0.0000 0.0000 0.0000 0.0000 0.0000 0.0000 0.0000 0.0000 0.0000 0.0000 0.0000 0.0000 0.0000 0.0000 0.0000 0.0000 0.0000 0.0000 0.0000 0.0000 0.0000 0.0000 0.0000 0.0000 0.0000 0.0000 0.0000 0.0000 0.0000 0.0000 0.0000 0.0000 0.0000 0.0000 0.0000 0.0000 0.0000 0.0000 0.0000 0.0000 0.0000 0.0000 0.0000 0.0000 0.0000 0.0000 0.0000 0.0000 0.0000 0.0000 0.0000 0.0000 0.0000 0.0000 0.0000 0.0000 0.0000 0.0000 0.0000 0.0000 0.0000 0.0000 0.0000 0.0000 0.0000 0.0000 0.0000 0.0000 0.0000 0.0000 0.0000 0.0000 0.0000 0.0000 0.0000 0.0000 0.0000 0.0000 0.0000 0.0000 0.0000 0.0000 0.0000 0.0000 0.0000 0.0000 0.0000 0.0000 0.0000 0.0000 0.0000 0.0000 0.0000 0.0000 0.0000 0.0000 0.0000 0.0000 0.0000 0.0000 0.0000 0.0000 0.0000 0.0000 0.0000 0.0000 0.0000 0.0000 0.0000 0.0000 0.0000 0.0000 0.0000 0.0000 0.0000 0.0000 0.0000 0.0000 0.0000 0.0000 0.0000 0.0000 0.0000 0.0000 0.0000 0.0000 0.0000 0.0000 0.0000 0.0000 0.0000 0.0000 0.0000 0.0000 0.0000 0.0000 0.0000 0.0000 0.0000 0.0000 0.0000 0.0000 0.0000 0.0000 0.0000 0.0000 0.0000 0.0000 0.0000 0.0000 0.0000 0.0000 0.0000 0.0000 0.0000 0.0000 0.0000 0.0000 0.0000 0.0000 0.0000 0.0000 0.0000 0.0000 0.0000 0.0000 0.0000 0.0000 0.0000 0.0000 0.0000 0.0000 0.0000 0.0000 0.0000 0.0000 0.0000 0.0000 0.0000 0.0000 0.0000 0.0000 0.0000 0.0000 0.0000 0.0000 0.0000 0.0000 0.0000 0.0000 0.0000 0.0000 0.0000 0.0000 0.0000 0.0000 0.0000 0.0000 0.0000 0.0000 0.0000 0.0000 0.0000 0.0000 0.0000 0.0000 0.0000 0.0000 0.0000 0.0000 0.0000 0.0000 0.0000 0.0000 0.0000 0.0000 0.0000 0.0000 0.0000 0.0000 0.0000 0.0000 0.0000 0.0000 0.0000 0.0000 0.0000 0.0000 0.0000 0.0000 0.0000 0.0000 0.0000 0.0000 0.0000 0.0000 0.0000 0.0000 0.0000 0.0000 0.0000 0.0000 0.0000 0.0000 0.0000 0.0000 0.0000 0.0000 0.0000 0.0000 0.0000 0.0000 0.0000 0.0000 0.0000 0.0000 0.0000 0.0000 0.0000 0.0000 0.0000 0.0000 0.0000 0.0000 0.0000 0.0000 0.0000 0.0000 0.0000 0.0000 0.0000 0.0000 0.0000 0.0000 0.0000 0.0000 0.0000 0.0000 0.0000 0.0000 0.0000 0.0000 0.0000 0.0000 0.0000 0.0000 0.0000 0.0000 0.0000 0.0000 0.0000 0.0000 0.0000 0.0000 0.0000 0.0000 0.0000 0.0000 0.0000 0.0000 0.0000 0.0000 0.0000 0.0000 0.0000 0.0000 0.0000 0.0000 0.0000 0.0000 0.0000 0.0000 0.0000 0.0000 0.0000 0.0000 0.0000 0.0000 0.0000 0.0000 0.0000 0.0000 0.0000 0.0000 0.0000 0.0000 0.0000 0.0000 0.0000 0.0000 0.0000 0.0000 0.0000 0.0000 0.0000 0.0000 0.0000 0.0000 0.0000 0.0000 0.0000 0.0000 0.0000 0.0000 0.0000 0.0000 0.0000 0.0000 0.0000 0.0000 0.0000 0.0000 0.0000 0.0000 0.0000 0.0000 0.0000 0.0000 0.0000 0.0000 0.0000 0.0000 0.0000 0.0000 0.0000 0.0000 0.0000 0.0000 0.0000 0.0000 0.0000 0.0000 0.0000 0.0000 0.0000 0.0000 0.0000 0.0000 0.0000 0.0000 0.0000 0.0000 0.0000 0.0000 0.0000 0.0000 0.0000 0.0000 0.0000 0.0000 0.0000 0.0000 0.0000 0.0000 0.0000 0.0000 0.0000 0.0000 0.0000 0.0000 0.0000 0.0000 0.0000 0.0000 0.0000 0.0000 0.0000 0.0000 0.0000 0.0000 0.0000 0.0000 0.0000 0.0000 0.0000 0.0000 0.0000 0.0000 0.0000 0.0000 0.0000 0.0000 0.0000 0.0000 0.0000 0.0000 0.0000 0.0000 0.0000 0.0000 0.0000 0.0000 0.0000 0.0000 0.0000 0.0000 0.0000 0.0000 0.0000 0.0000 0.0000 0.0000 0.0000 0.0000 0.0000 0.0000 0.0000 0.0000 0.0000 0.0000 0.0000 0.0000 0.0000 0.0000 0.0000 0.0000 0.0000 0.0000 0.0000 0.0000 0.0000 0.0000 0.0000 0.0000 0.0000 0.0000 0.0000 0.0000 0.0000 0.0000 0.0000 0.0000 0.0000 0.0000 0.0000 0.0000 0.0000 0.0000 0.0000 0.0000 0.0000 0.0000 0.0000 0.0000 0.0000 0.0000 0.0000 0.0000 0.0000 0.0000 0.0000 0.0000 0.0000 0.0000 0.0000 0.0000 0.0000 0.0000 0.0000 0.0000 0.0000 0.0000 0.0000 0.0000 0.0000 0.0000 0.0000 0.0000 0.0000 0.0000 0.0000 0.0000 0.0000 0.0000 0.0000 0.0000 0.0000 0.0000 0.0000 0.0000 0.0000 0.0000 0.0000 0.0000 0.0000 0.0000 0.0000 0.0000 0.0000 0.0000 0.0000 0.0000 0.0000 0.0000 0.0000 0.0000 0.0000 0.0000 0.0000 0.0000 0.0000 0.0000 0.0000 0.0000 0.0000 0.0000 0.0000 0.0000 0.0000 0.0000 0.0000 0.0000 0.0000 0.0000 0.0000 0.0000 0.0000 0.0000 0.0000 0.0000 0.0000 0.0000 0.0000 0.0000 0.0000 0.0000 0.0000 0.0000 0.0000 0.0000 0.0000 0.0000 0.0000 0.0000 0.0000 0.0000 0.0000 0.0000 0.0000 0.0000 0.0000 0.0000 0.0000 0.0000 0.0000 0.0000 0.0000 0.0000 0.0000 0.0000 0.0000 0.0000 0.0000 0.0000 0.0000 0.0000 0.0000 0.0000 0.0000 0.0000 0.0000 0.0000 0.0000 0.0000 0.0000 0.0000 0.0000 0.0000 0.0000 0.0000 0.0000 0.0000 0.0000 0.0000 0.0000 0.0000 0.0000 0.0000 0.0000 0.0000 0.0000 0.0000 0.0000 0.0000 0.0000 0.0000 0.0000 0.0000 0.0000 0.0000 0.0000 0.0000 0.0000 0.0000 0.0000 0.0000 0.0000 0.0000 0.0000 0.0000 0.0000 0.0000 0.0000 0.0000 0.0000 0.0000 0.0000 0.0000 0.0000 0.0000 0.0000 0.0000 0.0000 0.0000 0.0000 0.0000 0.0000 0.0000 0.0000 0.0000 0.0000 0.0000 0.0000 0.0000 0.0000 0.0000 0.0000 0.0000 0.0000 0.0000 0.0000 0.0000 0.0000 0.0000 0.0000 0.0000 0.0000 0.0000 0.0000 0.0000 0.0000 0.0000 0.0000 0.0000 0.0000 0.0000 0.0000 0.0000 0.0000 0.0000 0.0000 0.0000 0.0000 0.0000 0.0000 0.0000 0.0000 0.0000 0.0000 0.0000 0.0000 0.0000 0.0000 0.0000 0.0000 0.0000 0.0000 0.0000 0.0000 0.0000 0.0000 0.0000 0.0000 0.0000 0.0000 0.0000 0.0000 0.0000 0.0000 0.0000 0.0000 0.0000 0.0000 0.0000 0.0000 0.0000 0.0000 0.0000 0.0000 0.0000 0.0000 0.0000 0.0000 0.0000 0.0000 0.0000 0.0000 0.0000 0.0000 0.0000 0.0000 0.0000 0.0000 0.0000 0.0000 0.0000 0.0000 0.0000 0.0000 0.0000 0.0000 0.0000 0.0000 0.0000 0.0000 0.0000 0.0000 0.0000 0.0000 0.0000 0.0000 0.0000 0.0000 0.0000 0.0000 0.0000 0.0000 0.0000 0.0000 0.0000 0.0000 0.0000 0.0000 0.0000 0.0000 0.0000 0.0000 0.0000 0.0000 0.0000 0.0000 0.0000 0.0000 0.0000 0.0000 0.0000 0.0000 0.0000 0.0000 0.0000 0.0000 0.0000 0.0000 0.0000 0.0000 0.0000 0.0000 0.0000 0.0000 0.0000 0.0000 0.0000 0.0000 0.0000 0.0000 0.0000 0.0000 0.0000 0.0000 0.0000 0.0000 0.0000 0.0000 0.0000 0.0000 0.0000 0.0000 0.0000 0.0000 0.0000 0.0000 0.0000 0.0000 0.0000 0.0000 0.0000 0.0000 0.0000 0.0000 0.0000 0.0000 0.0000 0.0000 0.0000 0.0000 0.0000 0.0000 0.0000 0.0000 0.0000 0.0000 0.0000 0.0000 0.0000 0.0000 0.0000 0.0000 0.0000 0.0000 0.0000 0.0000 0.0000 0.0000 0.0000 0.0000 0.0000 0.0000 0.0000 0.0000 0.0000 0.0000 0.0000 0.0000 0.0000 0.0000 0.0000 0.0000 0.0000 0.0000 0.0000 0.0000 0.0000 0.0000 0.0000 0.0000 0.0000 0.0000 0.0000 0.0000 0.0000 0.0000 0.0000 0.0000 0.0000 0.0000 0.0000 0.0000 0.0000 0.0000 0.0000 0.0000 0.0000 0.0000 0.0000 0.0000 0.0000 0.0000 0.0000 0.0000 0.0000 0.0000 0.0000 0.0000 0.0000 0.0000 0.0000 0.0000 0.0000 0.0000 0.0000 0.0000 0.0000 0.0000 0.0000 0.0000 0.0000 0.0000 0.0000 0.0000 0.0000 0.0000 0.0000 0.0000 0.0000 0.0000 0.0000 0.0000 0.0000 0.0000 0.0000 0.0000 0.0000 0.0000 0.0000 0.0000 0.0000 0.0000 0.0000 0.0000 0.0000 0.0000 0.0000 0.0000 0.0000 0.0000 0.0000 0.0000 0.0000 0.0000 0.0000 0.0000 0.0000 0.0000 0.0000 0.0000 0.0000 0.0000 0.0000 0.0000 0.0000 0.0000 0.0000 0.0000 0.0000 0.0000 0.0000 0.0000 0.0000 0.0000 0.0000 0.0000 0.0000 0.0000 0.0000 0.0000 0.0000 0.0000 0.0000 0.0000 0.0000 0.0000 0.0000 0.0000 0.0000 0.0000 0.0000 0.0000 0.0000 0.0000 0.0000 0.0000 0.0000 0.0000 0.0000 0.0000 0.0000 0.0000 0.0000 0.0000 0.0000 0.0000 0.0000 0.0000 0.0000 0.0000 0.0000 0.0000 0.0000 0.0000 0.0000 0.0000 0.0000 0.0000 0.0000 0.0000 0.0000 0.0000 0.0000 0.0000 0.0000 0.0000 0.0000 0.0000 0.0000 0.0000 0.0000 0.0000 0.0000 0.0000 0.0000 0.0000 0.0000 0.0000 0.0000 0.0000 0.0000 0.0000 0.0000 0.0000 0.0000 0.0000 0.0000 0.0000 0.0000 0.0000 0.0000 0.0000 0.0000 0.0000 0.0000 0.0000 0.0000 0.0000 0.0000 0.0000 0.0000 0.0000 0.0000 0.0000 0.0000 0.0000 0.0000 0.0000 0.0000 0.0000 0.0000 0.0000 0.0000 0.0000 0.0000 0.0000 0.0000 0.0000 0.0000 0.0000 0.0000 0.0000 0.0000 0.0000 0.0000 0.0000 0.0000 0.0000 0.0000 0.0000 0.0000 0.0000 0.0000 0.0000 0.0000 0.0000 0.0000 0.0000 0.0000 0.0000 0.0000 0.0000 0.0000 0.0000 0.0000 0.0000 0.0000 0.0000 0.0000 0.0000 0.0000 0.0000 0.0000 0.0000 0.0000 0.0000 0.0000 0.0000 0.0000 0.0000 0.0000 0.0000 0.0000 0.0000 0.0000 0.0000 0.0000 0.0000 0.0000 0.0000 0.0000 0.0000 0.0000 0.0000 0.0000 0.0000 0.0000 0.0000 0.0000 0.0000 0.0000 0.0000 0.0000 0.0000 0.0000 0.0000 0.0000 0.0000 0.0000 0.0000 0.0000 0.0000 0.0000 0.0000 0.0000 0.0000 0.0000 0.0000 0.0000 0.0000 0.0000 0.0000 0.0000 0.0000 0.0000 0.0000 0.0000 0.0000 0.0000 0.0000 0.0000 0.0000 0.0000 0.0000 0.0000 0.0000 0.0000 0.0000 0.0000 0.0000 0.0000 0.0000 0.0000 0.0000 0.0000 0.0000 0.0000 0.0000 0.0000 0.0000 0.0000 0.0000 0.0000 0.0000 0.0000 0.0000 0.0000 0.0000 0.0000 0.0000 0.0000 0.0000 0.0000 0.0000 0.0000 0.0000 0.0000 0.0000 0.0000 0.0000 0.0000 0.0000 0.0000 0.0000 0.0000 0.0000 0.0000 0.0000 0.0000 0.0000 0.0000 0.0000 0.0000 0.0000 0.0000 0.0000 0.0000 0.0000 0.0000 0.0000 0.0000 0.0000 0.0000 0.0000 0.0000 0.0000 0.0000 0.0000 0.0000 0.0000 0.0000 0.0000 0.0000 0.0000 0.0000 0.0000 0.0000 0.0000 0.0000 0.0000 0.0000 0.0000 0.0000 0.0000 0.0000 0.0000 0.0000 0.0000 0.0000 0.0000 0.0000 0.0000 0.0000 0.0000 0.0000 0.0000 0.0000 0.0000 0.0000 0.0000 0.0000 0.0000 0.0000 0.0000 0.0000 0.0000 0.0000 0.0000 0.0000 0.0000 0.0000 0.0000 0.0000 0.0000 0.0000 0.0000 0.0000 0.0000 0.0000 0.0000 0.0000 0.0000 0.0000 0.0000 0.0000 0.0000 0.0000 0.0000 0.0000 0.0000 0.0000 0.0000 0.0000 0.0000 0.0000 0.0000 0.0000 0.0000 0.0000 0.0000 0.0000 0.0000 0.0000 0.0000 0.0000 0.0000 0.0000 0.0000 0.0000 0.0000 0.0000 0.0000 0.0000 0.0000 0.0000 0.0000 0.0000 0.0000 0.0000 0.0000 0.0000 0.0000 0.0000 0.0000 0.0000 0.0000 0.0000 0.0000 0.0000 0.0000 0.0000 0.0000 0.0000 0.0000 0.0000 0.0000 0.0000 0.0000 0.0000 0.0000 0.0000 0.0000 0.0000 0.0000 0.0000 0.0000 0.0000 0.0000 0.0000 0.0000 0.0000 0.0000 0.0000 0.0000 0.0000 0.0000 0.0000 0.0000 0.0000 0.0000 0.0000 0.0000 0.0000 0.0000 0.0000 0.0000 0.0000 0.0000 0.0000 0.0000 0.0000 0.0000 0.0000 0.0000 0.0000 0.0000 0.0000 0.0000 0.0000 0.0000 0.0000 0.0000 0.0000 0.0000 0.0000 0.0000 0.0000 0.0000 0.0000 0.0000 0.0000 0.0000 0.0000 0.0000 0.0000 0.0000 0.0000 0.0000 0.0000 0.0000 0.0000 0.0000 0.0000 0.0000 0.0000 0.0000 0.0000 0.0000 0.0000 0.0000 0.0000 0.0000 0.0000 0.0000 0.0000 0.0000 0.0000 0.0000 0.0000 0.0000 0.0000 0.0000 0.0000 0.0000 0.0000 0.0000 0.0000 0.0000 0.0000 0.0000 0.0000 0.0000 0.0000 0.0000 0.0000 0.0000 0.0000 0.0000 0.0000 0.0000 0.0000 0.0000 0.0000 0.0000 0.0000 0.0000 0.0000 0.0000 0.0000 0.0000 0.0000 0.0000 0.0000 0.0000 0.0000 0.0000 0.0000 0.0000 0.0000 0.0000 0.0000 0.0000 0.0000 0.0000 0.0000 0.0000 0.0000 0.0000 0.0000 0.0000 0.0000 0.0000 0.0000 0.0000 0.0000 0.0000 0.0000 0.0000 0.0000 0.0000 0.0000 0.0000 0.0000 0.0000 0.0000 0.0000 0.0000 0.0000 0.0000 0.0000 0.0000 0.0000 0.0000 0.0000 0.0000 0.0000 0.0000 0.0000 0.0000 0.0000 0.0000 0.0000 0.0000 0.0000 0.0000 0.0000 0.0000 0.0000 0.0000 0.0000 0.0000 0.0000 0.0000 0.0000 0.0000 0.0000 0.0000 0.0000 0.0000 0.0000 0.0000 0.0000 0.0000 0.0000 0.0000 0.0000 0.0000 0.0000 0.0000 0.0000 0.0000 0.0000 0.0000 0.0000 0.0000 0.0000 0.0000 0.0000 0.0000 0.0000 0.0000 0.0000 0.0000 0.0000 0.0000 0.0000 0.0000 0.0000 0.0000 0.0000 0.0000 0.0000 0.0000 0.0000 0.0000 0.0000 0.0000 0.0000 0.0000 0.0000 0.0000 0.0000 0.0000 0.0000 0.0000 0.0000 0.0000 0.0000 0.0000 0.0000 0.0000 0.0000 0.0000 0.0000 0.0000 0.0000 0.0000 0.0000 0.0000 0.0000 0.0000 0.0000 0.0000 0.0000 0.0000 0.0000 0.0000 0.0000 0.0000 0.0000 0.0000 0.0000 0.0000 0.0000 0.0000 0.0000 0.0000 0.0000 0.0000 0.0000 0.0000 0.0000 0.0000 0.0000 0.0000 0.0000 0.0000 0.0000 0.0000 0.0000 0.0000 0.0000 0.0000 0.0000 0.0000 0.0000 0.0000 0.0000 0.0000 0.0000 0.0000 0.0000 0.0000 0.0000 0.0000 0.0000 0.0000 0.0000 0.0000 0.0000 0.0000 0.0000 0.0000 0.0000 0.0000 0.0000 0.0000 0.0000 0.0000 0.0000 0.0000 0.0000 0.0000 0.0000 0.0000 0.0000 0.0000 0.0000 0.0000 0.0000 0.0000 0.0000 0.0000 0.0000 0.0000 0.0000 0.0000 0.0000 0.0000 0.0000 0.0000 0.0000 0.0000 0.0000 0.0000 0.0000 0.0000 0.0000 0.0000 0.0000 0.0000 0.0000 0.0000 0.0000 0.0000 0.0000 0.0000 0.0000 0.0000 0.0000 0.0000 0.0000 0.0000 0.0000 0.0000 0.0000 0.0000 0.0000 0.0000 0.0000 0.0000 0.0000 0.0000 0.0000 0.0000 0.0000 0.0000 0.0000 0.0000 0.0000 0.0000 0.0000 0.0000 0.0000 0.0000 0.0000 0.0000 0.0000 0.0000 0.0000 0.0000 0.0000 0.0000 0.0000 0.0000 0.0000 0.0000 0.0000 0.0000 0.0000 0.0000 0.0000 0.0000 0.0000 0.0000 0.0000 0.0000 0.0000 0.0000 0.0000 0.0000 0.0000 0.0000 0.0000 0.0000 0.0000 0.0000 0.0000 0.0000 0.0000 0.0000 0.0000 0.0000 0.0000 0.0000 0.0000 0.0000 0.0000 0.0000 0.0000 0.0000 0.0000 0.0000 0.0000 0.0000 0.0000 0.0000 0.0000 0.0000 0.0000 0.0000 0.0000 0.0000 0.0000 0.0000 0.0000 0.0000 0.0000 0.0000 0.0000 0.0000 0.0000 0.0000 0.0000 0.0000 0.0000 0.0000 0.0000 0.0000 0.0000 0.0000 0.0000 0.0000 0.0000 0.0000 0.0000 0.0000 0.0000 0.0000 0.0000 0.0000 0.0000 0.0000 0.0000 0.0000 0.0000 0.0000 0.0000 0.0000 0.0000 0.0000 0.0000 0.0000 0.0000 0.0000 0.0000 0.0000 0.0000 0.0000 0.0000 0.0000 0.0000 0.0000 0.0000 0.0000 0.0000 0.0000 0.0000 0.0000 0.0000 0.0000 0.0000 0.0000 0.0000 0.0000 0.0000 0.0000 0.0000 0.0000 0.0000 0.0000 0.0000 0.0000 0.0000 0.0000 0.0000 0.0000 0.0000 0.0000 0.0000 0.0000 0.0000 0.0000 0.0000 0.0000 0.0000 0.0000 0.0000 0.0000 0.0000 0.0000 0.0000 0.0000 0.0000 0.0000 0.0000 0.0000 0.0000 0.0000 0.0000 0.0000 0.0000 0.0000 0.0000 0.0000 0.0000 0.0000 0.0000 0.0000 0.0000 0.0000 0.0000 0.0000 0.0000 0.0000 0.0000 0.0000 0.0000 0.0000 0.0000 0.0000 0.0000 0.0000 0.0000 0.0000 0.0000 0.0000 0.0000 0.0000 0.0000 0.0000 0.0000 0.0000 0.0000 0.0000 0.0000 0.0000 0.0000 0.0000 0.0000 0.0000 0.0000 0.0000 0.0000 0.0000 0.0000 0.0000 0.0000 0.0000 0.0000 0.0000 0.0000 0.0000 0.0000 0.0000 0.0000 0.0000 0.0000 0.0000 0.0000 0.0000 0.0000 0.0000 0.0000 0.0000 0.0000 0.0000 0.0000 0.0000 0.0000 0.0000 0.0000 0.0000 0.0000 0.0000 0.0000 0.0000 0.0000 0.0000 0.0000 0.0000 0.0000 0.0000 0.0000 0.0000 0.0000 0.0000 0.0000 0.0000 0.0000 0.0000 0.0000 0.0000 0.0000 0.0000 0.0000 0.0000 0.0000 0.0000 0.0000 0.0000 0.0000 0.0000 0.0000 0.0000 0.0000 0.0000 0.0000 0.0000 0.0000 0.0000 0.0000 0.0000 0.0000 0.0000 0.0000 0.0000 0.0000 0.0000 0.0000 0.0000 0.0000 0.0000 0.0000 0.0000 0.0000 0.0000 0.0000 0.0000 0.0000 0.0000 0.0000 0.0000 0.0000 0.0000 0.0000 0.0000 0.0000 0.0000 0.0000 0.0000 0.0000 0.0000 0.0000 0.0000 0.0000 0.0000 0.0000 0.0000 0.0000 0.0000 0.0000 0.0000 0.0000 0.0000 0.0000 0.0000 0.0000 0.0000 0.0000 0.0000 0.0000 0.0000 0.0000 0.0000 0.0000 0.0000 0.0000 0.0000 0.0000 0.0000 0.0000 0.0000 0.0000 0.0000 0.0000 0.0000 0.0000 0.0000 0.0000 0.0000 0.0000 0.0000 0.0000 0.0000 0.0000 0.0000 0.0000 0.0000 0.0000 0.0000 0.0000 0.0000 0.0000 0.0000 0.0000 0.0000 0.0000 0.0000 0.0000 0.0000 0.0000 0.0000 0.0000 0.0000 0.0000 0.0000 0.0000 0.0000 0.0000 0.0000 0.0000 0.0000 0.0000 0.0000 0.0000 0.0000 0.0000 0.0000 0.0000 0.0000 0.0000 0.0000 0.0000 0.0000 0.0000 0.0000 0.0000 0.0000 0.0000 0.0000 0.0000 0.0000 0.0000 0.0000 0.0000 0.0000 0.0000 0.0000 0.0000 0.0000 0.0000 0.0000 0.0000 0.0000 0.0000 0.0000 0.0000 0.0000 0.0000 0.0000 0.0000 0.0000 0.0000 0.0000 0.0000 0.0000 0.0000 0.0000 0.0000 0.0000 0.0000 0.0000 0.0000 0.0000 0.0000 0.0000 0.0000 0.0000 0.0000 0.0000 0.0000 0.0000 0.0000 0.0000 0.0000 0.0000 0.0000 0.0000 0.0000 0.0000 0.0000 0.0000 0.0000 0.0000 0.0000 0.0000 0.0000 0.0000 0.0000 0.0000 0.0000 0.0000 0.0000 0.0000 0.0000 0.0000 0.0000 0.0000 0.0000 0.0000 0.0000 0.0000 0.0000 0.0000 0.0000 0.0000 0.0000 0.0000 0.0000 0.0000 0.0000 0.0000 0.0000 0.0000 0.0000 0.0000 0.0000 0.0000 0.0000 0.0000 0.0000 0.0000 0.0000 0.0000 0.0000 0.0000 0.0000 0.0000 0.0000 0.0000 0.0000 0.0000 0.0000 0.0000 0.0000 0.0000 0.0000 0.0000 0.0000 0.0000 0.0000 0.0000 0.0000 0.0000 0.0000 0.0000 0.0000 0.0000 0.0000 0.0000 0.0000 0.0000 0.0000 0.0000 0.0000 0.0000 0.0000 0.0000 0.0000 0.0000 0.0000 0.0000 0.0000 0.0000 0.0000 0.0000 0.0000 0.0000 0.0000 0.0000 0.0000 0.0000 0.0000 0.0000 0.0000 0.0000 0.0000 0.0000 0.0000 0.0000 0.0000 0.0000 0.0000 0.0000 0.0000 0.0000 0.0000 0.0000 0.0000 0.0000 0.0000 0.0000 0.0000 0.0000 0.0000 0.0000 0.0000 0.0000 0.0000 0.0000 0.0000 0.0000 0.0000 0.0000 0.0000 0.0000 0.0000 0.0000 0.0000 0.0000 0.0000 0.0000 0.0000 0.0000 0.0000 0.0000 0.0000 0.0000 0.0000 0.0000 0.0000 0.0000 0.0000 0.0000 0.0000 0.0000 0.0000 0.0000 0.0000 0.0000 0.0000 0.0000 0.0000 0.0000 0.0000 0.0000 0.0000 0.0000 0.0000 0.0000 0.0000 0.0000 0.0000 0.0000 0.0000 0.0000 0.0000 0.0000 0.0000 0.0000 0.0000 0.0000 0.0000 0.0000 0.0000 0.0000 0.0000 0.0000 0.0000 0.0000 0.0000 0.0000 0.0000 0.0000 0.0000 0.0000 0.0000 0.0000 0.0000 0.0000 0.0000 0.0000 0.0000 0.0000 0.0000 0.0000 0.0000 0.0000 0.0000 0.0000 0.0000 0.0000 0.0000 0.0000 0.0000 0.0000 0.0000 0.0000 0.0000 0.0000 0.0000 0.0000 0.0000 0.0000 0.0000 0.0000 0.0000 0.0000 0.0000 0.0000 0.0000 0.0000 0.0000 0.0000 0.0000 0.0000 0.0000 0.0000 0.0000 0.0000 0.0000 0.0000 0.0000 0.0000 0.0000 0.0000 0.0000 0.0000 0.0000 0.0000 0.0000 0.0000 0.0000 0.0000 0.0000 0.0000 0.0000 0.0000 0.0000 0.0000 0.0000 0.0000 0.0000 0.0000 0.0000 0.0000 0.0000 0.0000 0.0000 0.0000 0.0000 0.0000 0.0000 0.0000 0.0000 0.0000 0.0000 0.0000 0.0000 0.0000 0.0000 0.0000 0.0000 0.0000 0.0000 0.0000 0.0000 0.0000 0.0000 0.0000 0.0000 0.0000 0.0000 0.0000 0.0000 0.0000 0.0000 0.0000 0.0000 0.0000 0.0000 0.0000 0.0000 0.0000 0.0000 0.0000 0.0000 0.0000 0.0000 0.0000 0.0000 0.0000 0.0000 0.0000 0.0000 0.0000 0.0000 0.0000 0.0000 0.0000 0.0000 0.0000 0.0000 0.0000 0.0000 0.0000 0.0000 0.0000 0.0000 0.0000 0.0000 0.0000 0.0000 0.0000 0.0000 0.0000 0.0000 0.0000 0.0000 0.0000 0.0000 0.0000 0.0000 0.0000 0.0000 0.0000 0.0000 0.0000 0.0000 0.0000 0.0000 0.0000 0.0000 0.0000 0.0000 0.0000 0.0000 0.0000 0.0000 0.0000 0.0000 0.0000 0.0000 0.0000 0.0000 0.0000 0.0000 0.0000 0.0000 0.0000 0.0000 0.0000 0.0000 0.0000 0.0000 0.0000 0.0000 0.0000 0.0000 0.0000 0.0000 0.0000 0.0000 0.0000 0.0000 0.0000 0.0000 0.0000 0.0000 0.0000 0.0000 0.0000 0.0000 0.0000 0.0000 0.0000 0.0000 0.0000 0.0000 0.0000 0.0000 0.0000 0.0000 0.0000 0.0000 0.0000 0.0000 0.0000 0.0000 0.0000 0.0000 0.0000 0.0000 0.0000 0.0000 0.0000 0.0000 0.0000 0.0000 0.0000 0.0000 0.0000 0.0000 0.0000 0.0000 0.0000 0.0000 0.0000 0.0000 0.0000 0.0000 0.0000 0.0000 0.0000 0.0000 0.0000 0.0000 0.0000 0.0000 0.0000 0.0000 0.0000 0.0000 0.0000 0.0000 0.0000 0.0000 0.0000 0.0000 0.0000 0.0000 0.0000 0.0000 0.0000 0.0000 0.0000 0.0000 0.0000 0.0000 0.0000 0.0000 0.0000 0.0000 0.0000 0.0000 0.0000 0.0000 0.0000 0.0000 0.0000 0.0000 0.0000 0.0000 0.0000 0.0000 0.0000 0.0000 0.0000 0.0000 0.0000 0.0000 0.0000 0.0000 0.0000 0.0000 0.0000 0.0000 0.0000 0.0000 0.0000 0.0000 0.0000 0.0000 0.0000 0.0000 0.0000 0.0000 0.0000 0.0000 0.0000 0.0000 0.0000 0.0000 0.0000 0.0000 0.0000 0.0000 0.0000 0.0000 0.0000 0.0000 0.0000 0.0000 0.0000 0.0000 0.0000 0.0000 0.0000 0.0000 0.0000 0.0000 0.0000 0.0000 0.0000 0.0000 0.0000 0.0000 0.0000 0.0000 0.0000 0.0000 0.0000 0.0000 0.0000 0.0000 0.0000 0.0000 0.0000 0.0000 0.0000 0.0000 0.0000 0.0000 0.0000 0.0000 0.0000 0.0000 0.0000 0.0000 0.0000 0.0000 0.0000 0.0000 0.0000 0.0000 0.0000 0.0000 0.0000 0.0000 0.0000 0.0000 0.0000 0.0000 0.0000 0.0000 0.0000 0.0000 0.0000 0.0000 0.0000 0.0000 0.0000 0.0000 0.0000 0.0000 0.0000 0.0000 0.0000 0.0000 0.0000 0.0000 0.0000 0.0000 0.0000 0.0000 0.0000 0.0000 0.0000 0.0000 0.0000 0.0000 0.0000 0.0000 0.0000 0.0000 0.0000 0.0000 0.0000 0.0000 0.0000 0.0000 0.0000 0.0000 0.0000 0.0000 0.0000 0.0000 0.0000 0.0000 0.0000 0.0000 0.0000 0.0000 0.0000 0.0000 0.0000 0.0000 0.0000 0.0000 0.0000 0.0000 0.0000 0.0000 0.0000 0.0000 0.0000 0.0000 0.0000 0.0000 0.0000 0.0000 0.0000 0.0000 0.0000 0.0000 0.0000 0.0000 0.0000 0.0000 0.0000 0.0000 0.0000 0.0000 0.0000 0.0000 0.0000 0.0000 0.0000 0.0000 0.0000 0.0000 0.0000 0.0000 0.0000 0.0000 0.0000 0.0000 0.0000 0.0000 0.0000 0.0000 0.0000 0.0000 0.0000 0.0000 0.0000 0.0000 0.0000 0.0000 0.0000 0.0000 0.0000 0.0000 0.0000 0.0000 0.0000 0.0000 0.0000 0.0000 0.0000 0.0000 0.0000 0.0000 0.0000 0.0000 0.0000 0.0000 0.0000 0.0000 0.0000 0.0000 0.0000 0.0000 0.0000 0.0000 0.0000 0.0000 0.0000 0.0000 0.0000 0.0000 0.0000 0.0000 0.0000 0.0000 0.0000 0.0000 0.0000 0.0000 0.0000 0.0000 0.0000 0.0000 0.0000 0.0000 0.0000 0.0000 0.0000 0.0000 0.0000 0.0000 0.0000 0.0000 0.0000 0.0000 0.0000 0.0000 0.0000 0.0000 0.0000 0.0000 0.0000 0.0000 0.0000 0.0000 0.0000 0.0000 0.0000 0.0000 0.0000 0.0000 0.0000 0.0000 0.0000 0.0000 0.0000 0.0000 0.0000 0.0000 0.0000 0.0000 0.0000 0.0000 0.0000 0.0000 0.0000 0.0000 0.0000 0.0000 0.0000 0.0000 0.0000 0.0000 0.0000 0.0000 0.0000 0.0000 0.0000 0.0000 0.0000 0.0000 0.0000 0.0000 0.0000 0.0000 0.0000 0.0000 0.0000 0.0000 0.0000 0.0000 0.0000 0.0000 0.0000 0.0000 0.0000 0.0000 0.0000 0.0000 0.0000 0.0000 0.0000 0.0000 0.0000 0.0000 0.0000 0.0000 0.0000 0.0000 0.0000 0.0000 0.0000 0.0000 0.0000 0.0000 0.0000 0.0000 0.0000 0.0000 0.0000 0.0000 0.0000 0.0000 0.0000 0.0000 0.0000 0.0000 0.0000 0.0000 0.0000 0.0000 0.0000 0.0000 0.0000 0.0000 0.0000 0.0000 0.0000 0.0000 0.0000 0.0000 0.0000 0.0000 0.0000 0.0000 0.0000 0.0000 0.0000 0.0000 0.0000 0.0000 0.0000 0.0000 0.0000 0.0000 0.0000 0.0000 0.0000 0.0000 0.0000 0.0000 0.0000 0.0000 0.0000 0.0000 0.0000 0.0000 0.0000 0.0000 0.0000 0.0000 0.0000 0.0000 0.0000 0.0000 0.0000 0.0000 0.0000 0.0000 0.0000 0.0000 0.0000 0.0000 0.0000 0.0000 0.0000 0.0000 0.0000 0.0000 0.0000 0.0000 0.0000 0.0000 0.0000 0.0000 0.0000 0.0000 0.0000 0.0000 0.0000 0.0000 0.0000 0.0000 0.0000 0.0000 0.0000 0.0000 0.0000 0.0000 0.0000 0.0000 0.0000 0.0000 0.0000 0.0000 0.0000 0.0000 0.0000 0.0000 0.0000 0.0000 0.0000 0.0000 0.0000 0.0000 0.0000 0.0000 0.0000 0.0000 0.0000 0.0000 0.0000 0.0000 0.0000 0.0000 0.0000 0.0000 0.0000 0.0000 0.0000 0.0000 0.0000 0.0000 0.0000 0.0000 0.0000 0.0000 0.0000 0.0000 0.0000 0.0000 0.0000 0.0000 0.0000 0.0000 0.0000 0.0000 0.0000 0.0000 0.0000 0.0000 0.0000 0.0000 0.0000 0.0000 0.0000 0.0000 0.0000 0.0000 0.0000 0.0000 0.0000 0.0000 0.0000 0.0000 0.0000 0.0000 0.0000 0.0000 0.0000 0.0000 0.0000 0.0000 0.0000 0.0000 0.0000 0.0000 0.0000 0.0000 0.0000 0.0000 0.0000 0.0000 0.0000 0.0000 0.0000 0.0000 0.0000 0.0000 0.0000 0.0000 0.0000 0.0000 0.0000
</DataArray>
<DataArray type="Int32" Name="lipid_id" format="ascii">
11 11 11 11 11 11 11 11 11 11 11 11 11 11 11 11 11 11 11 11 11 11 11 11 11 11 11 11 11 11 11 11 11 11 11 11 11 11 11 11 11 11 11 11 11 11 11 11 11 11 11 11 11 11 11 11 11 11 11 11 11 11 11 11 11 11 11 11 11 11 11 11 11 11 11 11 11 11 11 11 11 11 11 11 11 11 11 11 11 11 11 11 11 11 11 11 11 11 11 11 11 11 11 11 11 11 11 11 11 11 11 11 11 11 11 11 11 11 11 11 11 11 11 11 11 11 11 11 11 11 11 11 11 11 11 11 11 11 11 11 11 11 11 11 11 11 11 11 11 11 11 11 11 11 11 11 11 11 11 11 11 11 11 11 11 11 11 11 11 11 11 11 11 11 11 11 11 11 11 11 11 11 11 11 11 11 11 11 11 11 11 11 11 11 11 11 11 11 11 11 11 11 11 11 11 11 11 11 11 11 11 11 11 11 11 11 11 11 11 11 11 11 11 11 11 11 11 11 11 11 11 11 11 11 11 11 11 11 11 11 11 11 11 11 11 11 11 11 11 11 11 11 11 11 11 11 11 11 11 11 11 11 11 11 11 11 11 11 11 11 11 11 11 11 11 11 11 11 11 11 11 11 11 11 11 11 11 11 11 11 11 11 11 11 11 11 11 11 11 11 11 11 11 11 11 11 11 11 11 11 11 11 11 11 11 11 11 11 11 11 11 11 11 11 11 11 11 11 11 11 11 11 11 11 11 11 11 11 11 11 11 11 11 11 11 11 11 11 11 11 11 11 11 11 11 11 11 11 11 11 11 11 11 11 11 11 11 11 11 11 11 11 11 11 11 11 11 11 11 11 11 11 11 11 11 11 11 11 11 11 11 11 11 11 11 11 11 11 11 11 11 11 11 11 11 11 11 11 11 11 11 11 11 11 11 11 11 11 11 11 11 11 11 11 11 11 11 11 11 11 11 11 11 11 11 11 11 11 11 11 11 11 11 11 11 11 11 11 11 11 11 11 11 11 11 11 11 11 11 11 11 11 11 11 11 11 11 11 11 11 11 11 11 11 11 11 11 11 11 11 11 11 11 11 11 11 11 11 11 11 11 11 11 11 11 11 11 11 11 11 11 11 11 11 11 11 11 11 11 11 11 11 11 11 11 11 11 11 11 11 11 11 11 11 11 11 11 11 11 11 11 11 11 11 11 11 11 11 11 11 11 11 11 11 11 11 11 11 11 11 11 11 11 11 11 11 11 11 11 11 11 11 11 11 11 11 11 11 11 11 11 11 11 11 11 11 11 11 11 11 11 11 11 11 11 11 11 11 11 11 11 11 11 11 11 11 11 11 11 11 11 11 11 11 11 11 11 11 11 11 11 11 11 11 11 11 11 11 11 11 11 11 11 11 11 11 11 11 11 11 11 11 11 11 11 11 11 11 11 11 11 11 11 11 11 11 11 11 11 11 11 11 11 11 11 11 11 11 11 11 11 11 11 11 11 11 11 11 11 11 11 11 11 11 11 11 11 11 11 11 11 11 11 11 11 11 11 11 11 11 11 11 11 11 11 11 11 11 11 11 11 11 11 11 11 11 11 11 11 11 11 11 11 11 11 11 11 11 11 11 11 11 11 11 11 11 11 11 11 11 11 11 11 11 11 11 11 11 11 11 11 11 11 11 11 11 11 11 11 11 11 11 11 11 11 11 11 11 11 11 11 11 11 11 11 11 11 11 11 11 11 11 11 11 11 11 11 11 11 11 11 11 11 11 11 11 11 11 11 11 11 11 11 11 11 11 11 11 11 11 11 11 11 11 11 11 11 11 11 11 11 11 11 11 11 11 11 11 11 11 11 11 11 11 11 11 11 11 11 11 11 11 11 11 11 11 11 11 11 11 11 11 11 11 11 11 11 11 11 11 11 11 11 11 11 11 11 11 11 11 11 11 11 11 11 11 11 11 11 11 11 11 11 11 11 11 11 11 11 11 11 11 11 11 11 11 11 11 11 11 11 11 11 11 11 11 11 11 11 11 11 11 11 11 11 11 11 11 11 11 11 11 11 11 11 11 11 11 11 11 11 11 11 11 11 11 11 11 11 11 11 11 11 11 11 11 11 11 11 11 11 11 11 11 11 11 11 11 11 11 11 11 11 11 11 11 11 11 11 11 11 11 11 11 11 11 11 11 11 11 11 11 11 11 11 11 11 11 11 11 11 11 11 11 11 11 11 11 11 11 11 11 11 11 11 11 11 11 11 11 11 11 11 11 11 11 11 11 11 11 11 11 11 11 11 11 11 11 11 11 11 11 11 11 11 11 11 11 11 11 11 11 11 11 11 11 11 11 11 11 11 11 11 11 11 11 11 11 11 11 11 11 11 11 11 11 11 11 11 11 11 11 11 11 11 11 11 11 11 11 11 11 11 11 11 11 11 11 11 11 11 11 11 11 11 11 11 11 11 11 11 11 11 11 11 11 11 11 11 11 11 11 11 11 11 11 11 11 11 11 11 11 11 11 11 11 11 11 11 11 11 11 11 11 11 11 11 11 11 11 11 11 11 11 11 11 11 11 11 11 11 11 11 11 11 11 11 11 11 11 11 11 11 11 11 11 11 11 11 11 11 11 11 11 11 11 11 11 11 11 11 11 11 11 11 11 11 11 11 11 11 11 11 11 11 11 11 11 11 11 11 11 11 11 11 11 11 11 11 11 11 11 11 11 11 11 11 11 11 11 11 11 11 11 11 11 11 11 11 11 11 11 11 11 11 11 11 11 11 11 11 11 11 11 11 11 11 11 11 11 11 11 11 11 11 11 11 11 11 11 11 11 11 11 11 11 11 11 11 11 11 11 11 11 11 11 11 11 11 11 11 11 11 11 11 11 11 11 11 11 11 11 11 11 11 11 11 11 11 11 11 11 11 11 11 11 11 11 11 11 11 11 11 11 11 11 11 11 11 11 11 11 11 11 11 11 11 11 11 11 11 11 11 11 11 11 11 11 11 11 11 11 11 11 11 11 11 11 11 11 11 11 11 11 11 11 11 11 11 11 11 11 11 11 11 11 11 11 11 11 11 11 11 11 11 11 11 11 11 11 11 11 11 11 11 11 11 11 11 11 11 11 11 11 11 11 11 11 11 11 11 11 11 11 11 11 11 11 11 11 11 11 11 11 11 11 11 11 11 11 11 11 11 11 11 11 11 11 11 11 11 11 11 11 11 11 11 11 11 11 11 11 11 11 11 11 11 11 11 11 11 11 11 11 11 11 11 11 11 11 11 11 11 11 11 11 11 11 11 11 11 11 11 11 11 11 11 11 11 11 11 11 11 11 11 11 11 11 11 11 11 11 11 11 11 11 11 11 11 11 11 11 11 11 11 11 11 11 11 11 11 11 11 11 11 11 11 11 11 11 11 11 11 11 11 11 11 11 11 11 11 11 11 11 11 11 11 11 11 11 11 11 11 11 11 11 11 11 11 11 11 11 11 11 11 11 11 11 11 11 11 11 11 11 11 11 11 11 11 11 11 11 11 11 11 11 11 11 11 11 11 11 11 11 11 11 11 11 11 11 11 11 11 11 11 11 11 11 11 11 11 11 11 11 11 11 11 11 11 11 11 11 11 11 11 11 11 11 11 11 11 11 11 11 11 11 11 11 11 11 11 11 11 11 11 11 11 11 11 11 11 11 11 11 11 11 11 11 11 11 11 11 11 11 11 11 11 11 11 11 11 11 11 11 11 11 11 11 11 11 11 11 11 11 11 11 11 11 11 11 11 11 11 11 11 11 11 11 11 11 11 11 11 11 11 11 11 11 11 11 11 11 11 11 11 11 11 11 11 11 11 11 11 11 11 11 11 11 11 11 11 11 11 11 11 11 11 11 11 11 11 11 11 11 11 11 11 11 11 11 11 11 11 11 11 11 11 11 11 11 11 11 11 11 11 11 11 11 11 11 11 11 11 11 11 11 11 11 11 11 11 11 11 11 11 11 11 11 11 11 11 11 11 11 11 11 11 11 11 11 11 11 11 11 11 11 11 11 11 11 11 11 11 11 11 11 11 11 11 11 11 11 11 11 11 11 11 11 11 11 11 11 11 11 11 11 11 11 11 11 11 11 11 11 11 11 11 11 11 11 11 11 11 11 11 11 11 11 11 11 11 11 11 11 11 11 11 11 11 11 11 11 11 11 11 11 11 11 11 11 11 11 11 11 11 11 11 11 11 11 11 11 11 11 11 11 11 11 11 11 11 11 11 11 11 11 11 11 11 11 11 11 11 11 11 11 11 11 11 11 11 11 11 11 11 11 11 11 11 11 11 11 11 11 11 11 11 11 11 11 11 11 11 11 11 11 11 11 11 11 11 11 11 11 11 11 11 11 11 11 11 11 11 11 11 11 11 11 11 11 11 11 11 11 11 11 11 11 11 11 11 11 11 11 11 11 11 11 11 11 11 11 11 11 11 11 11 11 11 11 11 11 11 11 11 11 11 11 11 11 11 11 11 11 11 11 11 11 11 11 11 11 11 11 11 11 11 11 11 11 11 11 11 11 11 11 11 11 11 11 11 11 11 11 11 11 11 11 11 11 11 11 11 11 11 11 11 11 11 11 11 11 11 11 11 11 11 11 11 11 11 11 11 11 11 11 11 11 11 11 11 11 11 11 11 11 11 11 11 11 11 11 11 11 11 11 11 11 11 11 11 11 11 11 11 11 11 11 11 11 11 11 11 11 11 11 11 11 11 11 11 11 11 11 11 11 11 11 11 11 11 11 11 11 11 11 11 11 11 11 11 11 11 11 11 11 11 11 11 11 11 11 11 11 11 11 11 11 11 11 11 11 11 11 11 11 11 11 11 11 11 11 11 11 11 11 11 11 11 11 11 11 11 11 11 11 11 11 11 11 11 11 11 11 11 11 11 11 11 11 11 11 11 11 11 11 11 11 11 11 11 11 11 11 11 11 11 11 11 11 11 11 11 11 11 11 11 11 11 11 11 11 11 11 11 11 11 11 11 11 11 11 11 11 11 11 11 11 11 11 11 11 11 11 11 11 11 11 11 11 11 11 11 11 11 11 11 11 11 11 11 11 11 11 11 11 11 11 11 11 11 11 11 11 11 11 11 11 11 11 11 11 11 11 11 11 11 11 11 11 11 11 11 11 11 11 11 11 11 11 11 11 11 11 11 11 11 11 11 11 11 11 11 11 11 11 11 11 11 11 11 11 11 11 11 11 11 11 11 11 11 11 11 11 11 11 11 11 11 11 11 11 11 11 11 11 11 11 11 11 11 11 11 11 11 11 11 11 11 11 11 11 11 11 11 11 11 11 11 11 11 11 11 11 11 11 11 11 11 11 11 11 11 11 11 11 11 11 11 11 11 11 11 11 11 11 11 11 11 11 11 11 11 11 11 11 11 11 11 11 11 11 11 11 11 11 11 11 11 11 11 11 11 11 11 11 11 11 11 11 11 11 11 11 11 11 11 11 11 11 11 11 11 11 11 11 11 11 11 11 11 11 11 11 11 11 11 11 11 11 11 11 11 11 11 11 11 11 11 11 11 11 11 11 11 11 11 11 11 11 11 11 11 11 11 11 11 11 11 11 11 11 11 11 11 11 11 11 11 11 11 11 11 11 11 11 11 11 11 11 11 11 11 11 11 11 11 11 11 11 11 11 11 11 11 11 11 11 11 11 11 11 11 11 11 11 11 11 11 11 11 11 11 11 11 11 11 11 11 11 11 11 11 11 11 11 11 11 11 11 11 11 11 11 11 11 11 11 11 11 11 11 11 11 11 11 11 11 11 11 11 11 11 11 11 11 11 11 11 11 11 11 11 11 11 11 11 11 11 11 11 11 11 11 11 11 11 11 11 11 11 11 11 11 11 11 11 11 11 11 11 11 11 11 11 11 11 11 11 11 11 11 11 11 11 11 11 11 11 11 11 11 11 11 11 11 11 11 11 11 11 11 11 11 11 11 11 11 11 11 11 11 11 11 11 11 11 11 11 11 11 11 11 11 11 11 11 11 11 11 11 11 11 11 11 11 11 11 11 11 11 11 11 11 11 11 11 11 11 11 11 11 11 11 11 11 11 11 11 11 11 11 11 11 11 11 11 11 11 11 11 11 11 11 11 11 11 11 11 11 11 11 11 11 11 11 11 11 11 11 11 11 11 11 11 11 11 11 11 11 11 11 11 11 11 11 11 11 11 11 11 11 11 11 11 11 11 11 11 11 11 11 11 11 11 11 11 11 11 11 11 11 11 11 11 11 11 11 11 11 11 11 11 11 11 11 11 11 11 11 11 11 11 11 11 11 11 0 0 0 0 0 0 0 0 0 0 0 0 0 0 0 0 0 0 0 0 0 0 0 0 0 0 0 0 0 0 0 0 0 0 0 0 0 0 0 0 0 0 0 0 0 0 0 0 0 0 0 0 0 0 0 0 0 0 0 0 0 0 0 0 0 0 0 0 0 0 0 0 0 0 0 0 0 0 0 0 0 0 0 0 0 0 0 0 0 0 0 0 0 0 0 0 0 0 0 0 0 0 0 0 0 0 0 0 0 0 0 0 0 0 0 0 0 0 0 0 0 0 0 0 0 0 0 0 0 0 0 0 0 0 0 0 0 0 0 0 0 0 0 0 0 0 0 0 0 0 0 0 0 0 0 0 0 0 0 0 0 0 0 0 0 0 0 0 0 0 0 0 0 0 0 0 0 0 0 0 0 0 0 0 0 0 0 0 0 0 0 0 0 0 0 0 0 0 0 0 0 0 0 0 0 0 0 0 0 0 0 0 0 0 0 0 0 0 0 0 0 0 0 0 0 0 0 0 0 0 0 0 0 0 0 0 0 0 0 0 0 0 0 0 0 0 0 0 0 0 0 0 0 0 0 0 0 0 0 0 0 0 0 0 0 0 0 0 0 0 0 0 0 0 0 0 0 0 0 0 0 0 0 0 0 0 0 0 0 0 0 0 0 0 0 0 0 0 0 0 0 0 0 0 0 0 0 0 0 0 0 0 0 0 0 0 0 0 0 0 0 0 0 0 0 0 0 0 0 0 0 0 0 0 0 0 0 0 0 0 0 0 0 0 0 0 0 0 0 0 0 0 0 0 0 0 0 0 0 0 0 0 0 0 0 0 0 0 0 0 0 0 0 0 0 0 0 0 0 0 0 0 0 0 0 0 0 0 0 0 0 0 0 0 0 0 0 0 0 0 0 0 0 0 0 0 0 0 0 0 0 0 0 0 0 0 0 0 0 0 0 0 0 0 0 0 0 0 0 0 0 0 0 0 0 0 0 0 0 0 0 0 0 0 0 0 0 0 0 0 0 0 0 0 0 0 0 0 0 0 0 0 0 0 0 0 0 0 0 0 0 0 0 0 0 0 0 0 0 0 0 0 0 0 0 0 0 0 0 0 0 0 0 0 0 0 0 0 0 0 0 0 0 0 0 0 0 0 0 0 0 0 0 0 0 0 0 0 0 0 0 0 0 0 0 0 0 0 0 0 0 0 0 0 0 0 0 0 0 0 0 0 0 0 0 0 0 0 0 0 0 0 0 0 0 0 0 0 0 0 0 0 0 0 0 0 0 0 0 0 0 0 0 0 0 0 0 0 0 0 0 0 0 0 0 0 0 0 0 0 0 0 0 0 0 0 0 0 0 0 0 0 0 0 0 0 0 0 0 0 0 0 0 0 0 0 0 0 0 0 0 0 0 0 0 0 0 0 0 0 0 0 0 0 0 0 0 0 0 0 0 0 0 0 0 0 0 0 0 0 0 0 0 0 0 0 0 0 0 0 0 0 0 0 0 0 0 0 0 0 0 0 0 0 0 0 0 0 0 0 0 0 0 0 0 0 0 0 0 0 0 0 0 0 0 0 0 0 0 0 0 0 0 0 0 0 0 0 0 0 0 0 0 0 0 0 0 0 0 0 0 0 0 0 0 0 0 0 0 0 0 0 0 0 0 0 0 0 0 0 0 0 0 0 0 0 0 0 0 0 0 0 0 0 0 0 0 0 0 0 0 0 0 0 0 0 0 0 0 0 0 0 0 0 0 0 0 0 0 0 0 0 0 0 0 0 0 0 0 0 0 0 0 0 0 0 0 0 0 0 0 0 0 0 0 0 0 0 0 0 0 0 0 0 0 0 0 0 0 0 0 0 0 0 0 0 0 0 0 0 0 0 0 0 0 0 0 0 0 0 0 0 0 0 0 0 0 0 0 0 0 0 0 0 0 0 0 0 0 0 0 0 0 0 0 0 0 0 0 0 0 0 0 0 0 0 0 0 0 0 0 0 0 0 0 0 0 0 0 0 0 0 0 0 0 0 0 0 0 0 0 0 0 0 0 0 0 0 0 0 0 0 0 0 0 0 0 0 0 0 0 0 0 0 0 0 0 0 0 0 0 0 0 0 0 0 0 0 0 0 0 0 0 0 0 0 0 0 0 0 0 0 0 0 0 0 0 0 0 0 0 0 0 0 0 0 0 0 0 0 0 0 0 0 0 0 0 0 0 0 0 0 0 0 0 0 0 0 0 0 0 0 0 0 0 0 0 0 0 0 0 0 0 0 0 0 0 0 0 0 0 0 0 0 0 0 0 0 0 0 0 0 0 0 0 0 0 0 0 0 0 0 0 0 0 0 0 0 0 0 0 0 0 0 0 0 0 0 0 0 0 0 0 0 0 0 0 0 0 0 0 0 0 0 0 0 0 0 0 0 0 0 0 0 0 0 0 0 0 0 0 0 0 0 0 0 0 0 0 0 0 0 0 0 0 0 0 0 0 0 0 0 0 0 0 0 0 0 0 0 0 0 0 0 0 0 0 0 0 0 0 0 0 0 0 0 0 0 0 0 0 0 0 0 0 0 0 0 0 0 0 0 0 0 0 0 0 0 0 0 0 0 0 0 0 0 0 0 0 0 0 0 0 0 0 0 0 0 0 0 0 0 0 0 0 0 0 0 0 0 0 0 0 0 0 0 0 0 0 0 0 0 0 0 0 0 0 0 0 0 0 0 0 0 0 0 0 0 0 0 0 0 0 0 0 0 0 0 0 0 0 0 0 0 0 0 0 0 0 0 0 0 0 0 0 0 0 0 0 0 0 0 0 0 0 0 0 0 0 0 0 0 0 0 0 0 0 0 0 0 0 0 0 0 0 0 0 0 0 0 0 0 0 0 0 0 0 0 0 0 0 0 0 0 0 0 0 0 0 0 0 0 0 0 0 0 0 0 0 0 0 0 0 0 0 0 0 0 0 0 0 0 0 0 0 0 0 0 0 0 0 0 0 0 0 0 0 0 0 0 0 0 0 0 0 0 0 0 0 0 0 0 0 0 0 0 0 0 0 0 0 0 0 0 0 0 0 0 0 0 0 0 0 0 0 0 0 0 0 0 0 0 0 0 0 0 0 0 0 0 0 0 0 0 0 0 0 0 0 0 0 0 0 0 0 0 0 0 0 0 0 0 0 0 0 0 0 0 0 0 0 0 0 0 0 0 0 0 0 0 0 0 0 0 0 0 0 0 0 0 0 0 0 0 0 0 0 0 0 0 0 0 0 0 0 0 0 0 0 0 0 0 0 0 0 0 0 0 0 0 0 0 0 0 0 0 0 0 0 0 0 0 0 0 0 0 0 0 0 0 0 0 0 0 0 0 0 0 0 0 0 0 0 0 0 0 0 0 0 0 0 0 0 0 0 0 0 0 0 0 0 0 0 0 0 0 0 0 0 0 0 0 0 0 0 0 0 0 0 0 0 0 0 0 0 0 0 0 0 0 0 0 0 0 0 0 0 0 0 0 0 0 0 0 0 0 0 0 0 0 0 0 0 0 0 0 0 0 0 0 0 0 0 0 0 0 0 0 0 0 0 0 0 0 0 0 0 0 0 0 0 0 0 0 0 0 0 0 0 0 0 0 0 0 0 0 0 0 0 0 0 0 0 0 0 0 0 0 0 0 0 0 0 0 0 0 0 0 0 0 0 0 0 0 0 0 0 0 0 0 0 0 0 0 0 0 0 0 0 0 0 0 0 0 0 0 0 0 0 0 0 0 0 0 0 0 0 0 0 0 0 0 0 0 0 0 0 0 0 0 0 0 0 0 0 0 0 0 0 0 0 0 0 0 0 0 0 0 0 0 0 0 0 0 0 0 0 0 0 0 0 0 0 0 0 0 0 0 0 0 0 0 0 0 0 0 0 0 0 0 0 0 0 0 0 0 0 0 0 0 0 0 0 0 0 0 0 0 0 0 0 0 0 0 0 0 0 0 0 0 0 0 0 0 0 0 0 0 0 0 0 0 0 0 0 0 0 0 0 0 0 0 0 0 0 0 0 0 0 0 0 0 0 0 0 0 0 0 0 0 0 0 0 0 0 0 0 0 0 0 0 0 0 0 0 0 0 0 0 0 0 0 0 0 0 0 0 0 0 0 0 0 0 0 0 0 0 0 0 0 0 0 0 0 0 0 0 0 0 0 0 0 0 0 0 0 0 0 0 0 0 0 0 0 0 0 0 0 0 0 0 0 0 0 0 0 0 0 0 0 0 0 0 0 0 0 0 0 0 0 0 0 0 0 0 0 0 0 0 0 0 0 0 0 0 0 0 0 0 0 0 0 0 0 0 0 0 0 0 0 0 0 0 0 0 0 0 0 0 0 0 0 0 0 0 0 0 0 0 0 0 0 0 0 0 0 0 0 0 0 0 0 0 0 0 0 0 0 0 0 0 0 0 0 0 0 0 0 0 0 0 0 0 0 0 0 0 0 0 0 0 0 0 0 0 0 0 0 0 0 0 0 0 0 0 0 0 0 0 0 0 0 0 0 0 0 0 0 0 0 0 0 0 0 0 0 0 0 0 0 0 0 0 0 0 0 0 0 0 0 0 0 0 0 0 0 0 0 0 0 0 0 0 0 0 0 0 0 0 0 0 0 0 0 0 0 0 0 0 0 0 0 0 0 0 0 0 0 0 0 0 0 0 0 0 0 0 0 0 0 0 0 0 0 0 0 0 0 0 0 0 0 0 0 0 0 0 0 0 0 0 0 0 0 0 0 0 0 0 0 0 0 0 0 0 0 0 0 0 0 0 0 0 0 0 0 0 0 0 0 0 0 0 0 0 0 0 0 0 0 0 10 10 10 10 10 10 10 10 10 10 10 10 10 10 10 10 10 10 10 10 10 10 10 10 10 10 10 10 10 10 10 10 10 10 10 10 10 10 10 10 10 10 10 10 10 10 10 10 10 10 10 10 10 10 10 10 10 10 10 10 10 10 10 10 10 10 10 10 10 10 10 10 10 10 10 10 10 10 10 10 10 10 10 10 10 10 10 10 10 10 10 10 10 10 10 10 10 10 10 10 10 10 10 10 10 10 10 10 10 10 10 10 10 10 10 10 10 10 10 10 10 10 10 10 10 10 10 10 10 10 10 10 10 10 10 10 10 10 10 10 10 10 10 10 10 10 10 10 10 10 10 10 10 10 10 10 10 10 10 10 10 10 10 10 10 10 10 10 10 10 10 10 10 10 10 10 10 10 10 10 10 10 10 10 10 10 10 10 10 10 10 10 10 10 10 10 10 10 10 10 10 10 10 10 10 10 10 10 10 10 10 10 10 10 10 10 10 10 10 10 10 10 10 10 10 10 10 10 10 10 10 10 10 10 10 10 10 10 10 10 10 10 10 10 10 10 10 10 10 10 10 10 10 10 10 10 10 10 10 10 10 10 10 10 10 10 10 10 10 10 10 10 10 10 10 10 10 10 10 10 10 10 10 10 10 10 10 10 10 10 10 10 10 10 10 10 10 10 10 10 10 10 10 10 10 10 10 10 10 10 10 10 10 10 10 10 10 10 10 10 10 10 10 10 10 10 10 10 10 10 10 10 10 10 10 10 10 10 10 10 10 10 10 10 10 10 10 10 10 10 10 10 10 10 10 10 10 10 10 10 10 10 10 10 10 10 10 10 10 10 10 10 10 10 10 10 10 10 10 10 10 10 10 10 10 10 10 10 10 10 10 10 10 10 10 10 10 10 10 10 10 10 10 10 10 10 10 10 10 10 10 10 10 10 10 10 10 10 10 10 10 10 10 10 10 10 10 10 10 10 10 10 10 10 10 10 10 10 10 10 10 10 10 10 10 10 10 10 10 10 10 10 10 10 10 10 10 10 10 10 10 10 10 10 10 10 10 10 10 10 10 10 10 10 10 10 10 10 10 10 10 10 10 10 10 10 10 10 10 10 10 10 10 10 10 10 10 10 10 10 10 10 10 10 10 10 10 10 10 10 10 10 10 10 10 10 10 10 10 10 10 10 10 10 10 10 10 10 10 10 10 10 10 10 10 10 10 10 10 10 10 10 10 10 10 10 10 10 10 10 10 10 10 10 10 10 10 10 10 10 10 10 10 10 10 10 10 10 10 10 10 10 10 10 10 10 10 10 10 10 10 10 10 10 10 10 10 10 10 10 10 10 10 10 10 10 10 10 10 10 10 10 10 10 10 10 10 10 10 10 10 10 10 10 10 10 10 10 10 10 10 10 10 10 10 10 10 10 10 10 10 10 10 10 10 10 10 10 10 10 10 10 10 10 10 10 10 10 10 10 10 10 10 10 10 10 10 10 10 10 10 10 10 10 10 10 10 10 10 10 10 10 10 10 10 10 10 10 10 10 10 10 10 10 10 10 10 10 10 10 10 10 10 10 10 10 10 10 10 10 10 10 10 10 10 10 10 10 10 10 10 10 10 10 10 10 10 10 10 10 10 10 10 10 10 10 10 10 10 10 10 10 10 10 10 10 10 10 10 10 10 10 10 10 10 10 10 10 10 10 10 10 10 10 10 10 10 10 10 10 10 10 10 10 10 10 10 10 10 10 10 10 10 10 10 10 10 10 10 10 10 10 10 10 10 10 10 10 10 10 10 10 10 10 10 10 10 10 10 10 10 10 10 10 10 10 10 10 10 10 10 10 10 10 10 10 10 10 10 10 10 10 10 10 10 10 10 10 10 10 10 10 10 10 10 10 10 10 10 10 10 10 10 10 10 10 10 10 10 10 10 10 10 10 10 10 10 10 10 10 10 10 10 10 10 10 10 10 10 10 10 10 10 10 10 10 10 10 10 10 10 10 10 10 10 10 10 10 10 10 10 10 10 10 10 10 10 10 10 10 10 10 10 10 10 10 10 10 10 10 10 10 10 10 10 10 10 10 10 10 10 10 10 10 10 10 10 10 10 10 10 10 10 10 10 10 10 10 10 10 10 10 10 10 10 10 10 10 10 10 10 10 10 10 10 10 10 10 10 10 10 10 10 10 10 10 10 10 10 10 10 10 10 10 10 10 10 10 10 10 10 10 10 10 10 10 10 10 10 10 10 10 10 10 10 10 10 10 10 10 10 10 10 10 10 10 10 10 10 10 10 10 10 10 10 10 10 10 10 10 10 10 10 10 10 10 10 10 10 10 10 10 10 10 10 10 10 10 10 10 10 10 10 10 10 10 10 10 10 10 10 10 10 10 10 10 10 10 10 10 10 10 10 10 10 10 10 10 10 10 10 10 10 10 10 10 10 10 10 10 10 10 10 10 10 10 10 10 10 10 10 10 10 10 10 10 10 10 10 10 10 10 10 10 10 10 10 10 10 10 10 10 10 10 10 10 10 10 10 10 10 10 10 10 10 10 10 10 10 10 10 10 10 10 10 10 10 10 10 10 10 10 10 10 10 10 10 10 10 10 10 10 10 10 10 10 10 10 10 10 10 10 10 10 10 10 10 10 10 10 10 10 10 10 10 10 10 10 10 10 10 10 10 10 10 10 10 10 10 10 10 10 10 10 10 10 10 10 10 10 10 10 10 10 10 10 10 10 10 10 10 10 10 10 10 10 10 10 10 10 10 10 10 10 10 10 10 10 10 10 10 10 10 10 10 10 10 10 10 10 10 10 10 10 10 10 10 10 10 10 10 10 10 10 10 10 10 10 10 10 10 10 10 10 10 10 10 10 10 10 10 10 10 10 10 10 10 10 10 10 10 10 10 10 10 10 10 10 10 10 10 10 10 10 10 10 10 10 10 10 10 10 10 10 10 10 10 10 10 10 10 10 10 10 10 10 10 10 10 10 10 3 3 3 3 3 3 3 3 3 3 3 3 3 3 3 3 3 3 3 3 3 3 3 3 3 3 3 3 3 3 3 3 3 3 3 3 3 3 3 3 3 3 3 3 3 3 3 3 3 3 3 3 3 3 3 3 3 3 3 3 3 3 3 3 3 3 3 3 3 3 3 3 3 3 3 3 3 3 3 3 3 3 3 3 3 3 3 3 3 3 3 3 3 3 3 3 3 3 3 3 3 3 3 3 3 3 3 3 3 3 3 3 3 3 3 3 3 3 3 3 3 3 3 3 3 3 3 3 3 3 3 3 3 3 3 3 3 3 3 3 3 3 3 3 3 3 3 3 3 3 3 3 3 3 3 3 3 3 3 3 3 3 3 3 3 3 3 3 3 3 3 3 3 3 3 3 3 3 3 3 3 3 3 3 3 3 3 3 3 3 3 3 3 3 3 3 3 3 3 3 3 3 3 3 3 3 3 3 3 3 3 3 3 3 3 3 3 3 3 3 3 3 3 3 3 3 3 3 3 3 3 3 3 3 3 3 12 12 12 12 12 12 12 12 12 12 12 12 12 12 12 12 12 12 12 12 12 12 12 12 12 12 12 12 12 12 12 12 12 12 12 12 12 12 12 12 12 12 12 12 12 12 12 12 12 12 12 12 12 12 12 12 12 12 12 12 12 12 12 12 12 12 12 12 12 12 12 12 12 12 12 12 12 12 12 12 12 12 12 12 12 12 12 12 12 12 12 12 12 12 12 12 12 12 12 12 12 12 12 12 12 12 12 12 12 12 12 12 12 12 12 12 12 12 12 12 12 12 12 12 12 12 12 12 12 12 12 12 12 12 12 12 12 12 12 12 12 12 12 12 12 12 12 12 12 12 12 12 12 12 12 12 12 12 12 12 12 12 12 12 12 12 12 12 12 12 12 12 12 12 12 12 12 12 12 12 12 12 12 12 12 12 12 12 12 12 12 12 12 12 12 12 12 12 12 12 12 12 12 12 12 12 12 12 12 12 12 12 12 12 12 12 12 12 1 1 1 1 1 1 1 1 1 1 1 1 1 1 1 1 1 1 1 1 1 1 1 1 1 1 1 1 1 1 1 1 1 1 1 1 1 1 1 1 1 1 1 1 1 1 1 1 1 1 1 1 1 1 1 1 1 1 1 1 1 1 1 1 1 1 1 1 1 1 1 1 1 1 1 1 1 1 1 1 1 1 1 1 1 1 1 1 1 1 1 1 1 1 1 1 1 1 1 1 1 1 1 1 1 1 1 1 1 1 1 1 1 1 1 1 1 1 1 1 1 1 1 1 1 1 1 1 1 1 1 1 1 1 1 1 1 1 1 11 11 11 11 11 11 11 11 11 11 11 11 11 11 11 11 11 11 11 11 11 11 11 11 11 11 11 11 11 11 11 11 11 11 11 11 11 11 11 11 11 11 11 11 11 11 11 11 11 11 11 11 11 11 11 11 11 11 11 11 11 11 11 11 11 11 11 11 11 11 11 11 11 11 11 11 11 11 11 11 11 11 11 11 11 11 11 11 11 11 11 11 11 11 11 11 11 11 11 11 11 11 11 11 11 11 11 11 11 11 11 11 11 11 11 11 11 11 11 11 11 11 11 11 11 11 11 11 11 11 11 11 11 11 11 11 11 11 11 11 11 11 11 11 11 11 11 11 11 11 11 11 11 11 11 11 11 11 11 11 11 11 11 11 11 11 11 11 11 11 11 11 11 11 11 11 11 11 11 11 11 11 11 11 11 11 11 11 11 11 11 11 11 11 11 11 11 11 11 11 11 11 11 11 11 11 11 11 11 11 11 11 11 11 11 11 11 11 11 11 11 11 11 11 11 11 11 11 11 11 11 11 11 11 11 11 11 11 11 11 11 11 11 11 11 11 11 11 11 11 11 11 11 11 11 11 11 11 11 11 11 11 11 11 11 11 11 11 11 11 11 11 11 11 11 11 11 11 11 11 11 11 11 11 11 11 11 11 11 11 11 11 11 11 11 11 11 11 11 11 11 11 11 11 11 11 11 11 11 11 11 11 11 11 11 11 11 11 11 11 11 11 11 11 11 11 11 11 11 11 11 11 11 11 11 11 11 11 11 11 11 11 11 11 11 11 11 11 11 11 11 11 11 11 11 11 11 11 11 11 11 11 11 11 11 11 11 11 11 11 11 11 11 11 11 11 11 11 11 11 11 11 11 11 11 11 11 11 11 11 11 11 11 11 11 11 11 11 11 11 11 11 11 11 11 11 11 11 11 11 11 11 11 11 11 11 11 11 11 11 11 11 11 11 11 11 11 11 11 11 11 11 11 11 11 11 11 11 11 11 11 11 11 11 11 11 11 11 11 11 11 11 11 11 11 11 11 11 11 11 11 11 11 11 11 11 11 11 11 11 11 11 11 11 11 11 11 11 11 11 11 11 11 11 11 11 11 11 11 11 11 11 11 11 11 11 11 11 11 11 11 11 11 11 11 11 11 11 11 11 11 11 11 11 11 11 11 11 11 11 11 11 11 11 11 11 11 11 11 11 11 11 11 11 11 11 11 11 11 11 11 11 11 11 11 11 11 11 11 11 11 11 11 11 11 11 11 11 11 11 11 11 11 11 11 11 11 11 11 11 11 11 11 11 11 11 11 11 11 11 11 11 11 11 11 11 11 11 11 11 11 11 11 11 11 11 11 11 11 11 11 11 11 11 11 11 11 11 11 11 11 11 11 11 11 11 11 11 11 11 11 11 11 11 11 11 11 11 11 11 11 11 11 11 11 11 11 11 11 11 11 11 11 11 11 11 11 11 11 11 11 11 11 11 11 11 11 11 11 11 11 11 11 11 11 11 11 11 11 11 11 11 11 11 11 11 11 11 11 11 11 11 11 11 11 11 11 11 11 11 11 11 11 11 11 11 11 11 11 11 11 11 11 11 11 11 11 11 11 11 11 11 11 11 11 11 11 11 11 11 11 11 11 11 11 11 11 11 11 11 11 11 11 11 11 11 11 11 11 11 11 11 11 11 11 11 11 11 11 11 11 11 11 11 11 11 11 11 11 11 11 11 11 11 11 11 11 11 11 11 11 11 11 11 11 11 11 11 11 11 11 11 11 11 11 11 11 11 11 11 11 11 11 11 11 11 11 11 11 11 11 11 11 11 11 11 11 11 11 11 11 11 11 11 11 11 11 11 11 11 11 11 11 11 11 11 11 11 11 11 11 11 11 11 11 11 11 11 11 11 11 11 11 11 11 11 11 11 11 11 11 11 11 11 11 11 11 11 11 11 11 11 11 11 11 11 11 11 11 11 11 11 11 11 11 11 11 11 11 11 11 11 11 11 11 11 11 11 11 11 11 11 11 11 11 11 11 11 11 11 11 11 11 11 11 11 11 11 11 11 11 11 11 11 11 11 11 11 11 11 11 11 11 11 11 11 11 11 11 11 11 11 11 11 11 11 11 11 11 11 11 11 11 11 11 11 11 11 11 11 11 11 11 11 11 11 11 11 11 11 11 11 11 11 11 11 11 11 11 11 11 11 11 11 11 11 11 11 11 11 11 11 11 11 11 11 11 11 11 11 11 11 11 11 11 11 11 11 11 11 11 11 11 11 11 11 11 11 11 11 11 11 11 11 11 11 11 11 11 11 11 11 11 11 11 11 11 11 11 11 11 11 11 11 11 11 11 11 11 11 11 11 11 11 11 11 11 11 11 11 11 11 11 11 11 11 11 11 11 11 11 11 11 11 11 11 11 11 11 11 11 11 11 11 11 11 11 11 11 11 11 11 11 11 11 11 11 11 11 11 11 11 11 11 11 11 11 11 11 11 11 11 11 11 11 11 11 11 11 11 11 11 11 11 11 11 11 11 11 11 11 11 11 11 11 11 11 11 11 11 11 11 11 11 11 11 11 11 11 11 11 11 11 11 11 11 11 11 11 11 11 11 11 11 11 11 11 11 11 11 11 11 11 11 11 11 11 11 11 11 11 11 11 11 11 11 11 11 11 11 11 11 11 11 11 11 11 11 11 11 11 11 11 11 11 11 11 11 11 11 11 11 11 11 11 11 11 11 11 11 11 11 11 11 11 11 11 11 11 11 11 11 11 11 11 11 11 11 11 11 11 11 11 11 11 11 11 11 11 11 11 11 11 11 11 11 11 11 11 11 11 11 11 11 11 11 11 11 11 11 11 11 11 11 11 11 11 11 11 11 11 11 11 11 11 11 11 11 11 11 11 11 11 11 11 11 11 11 11 11 11 11 11 11 11 11 11 11 11 11 11 11 11 11 11 11 11 11 11 11 11 11 11 11 11 11 11 11 11 11 11 11 11 11 11 11 11 11 11 11 11 11 11 11 11 11 11 11 11 11 11 11 11 11 11 11 11 11 11 11 11 11 11 11 11 11 11 11 11 11 11 11 11 11 11 11 11 11 11 11 11 11 11 11 11 11 11 11 11 11 11 11 11 11 11 11 11 11 11 11 11 11 11 11 11 11 11 11 11 11 11 11 11 11 11 11 11 11 11 11 11 11 11 11 11 11 11 11 11 11 11 11 11 11 11 11 11 11 11 11 11 11 11 11 11 11 11 11 11 11 11 11 11 11 11 11 11 11 11 11 11 11 11 11 11 11 11 11 11 11 11 11 11 11 11 11 11 11 11 11 11 11 11 11 11 11 11 11 11 11 11 11 11 11 11 11 11 11 11 11 11 11 11 11 11 11 11 11 11 11 11 11 11 11 11 11 11 11 11 11 11 11 11 11 11 11 11 11 11 11 11 11 11 11 11 11 11 11 11 11 11 11 11 11 11 11 11 11 11 11 11 11 11 11 11 11 11 11 11 11 11 11 11 11 11 11 11 11 11 11 11 11 11 11 11 11 11 11 11 11 11 11 11 11 11 11 11 11 11 11 11 11 11 11 11 11 11 11 11 11 11 11 11 11 11 11 11 11 11 11 11 11 11 11 11 11 11 11 11 11 11 11 11 11 11 11 11 11 11 11 11 11 11 11 11 11 11 11 11 11 11 11 11 11 11 11 11 11 11 11 11 11 11 11 11 11 11 11 11 11 11 11 11 11 11 11 11 11 11 11 11 11 11 11 11 11 11 11 11 11 11 11 11 11 11 11 11 11 11 11 11 11 11 11 11 11 11 11 11 11 11 11 11 11 11 11 11 11 11 11 11 11 11 11 11 11 11 11 11 11 11 11 11 11 11 11 11 11 11 11 11 11 11 11 11 11 11 11 11 11 11 11 11 11 11 11 11 11 11 11 11 11 11 11 11 11 11 11 11 11 11 11 11 11 11 11 11 11 11 11 11 11 11 11 11 11 11 11 11 11 11 11 11 11 11 11 11 11 11 11 11 11 11 11 11 11 11 11 11 11 11 11 11 11 11 11 11 11 11 11 11 11 11 11 11 11 11 11 11 11 11 11 11 11 11 11 11 11 11 11 11 11 11 11 11 11 11 11 11 11 11 11 11 11 11 11 11 11 11 11 11 11 11 11 11 11 11 11 11 11 11 11 11 11 11 11 11 11 11 11 11 11 11 11 11 11 11 11 11 11 11 11 11 11 11 11 11 11 11 11 11 11 11 11 11 11 11 11 11 11 11 11 11 11 11 11 11 11 11 11 11 11 11 11 11 11 11 11 11 11 11 11 11 11 11 11 11 11 11 11 11 11 11 11 11 11 11 11 11 11 11 11 11 11 11 11 11 11 11 11 11 11 11 11 11 11 11 11 11 11 11 11 11 11 11 11 11 11 11 11 11 11 11 11 11 11 11 11 11 11 11 11 11 11 11 11 11 11 11 11 11 11 11 11 11 11 11 11 11 11 11 11 11 11 11 11 11 11 11 11 11 11 11 11 11 11 11 11 11 11 11 11 11 11 11 11 11 11 11 11 11 11 11 11 11 11 11 11 11 11 11 11 11 11 11 11 11 11 11 11 11 11 11 11 11 11 11 11 11 11 11 11 11 11 11 11 11 11 11 11 11 11 11 11 11 1 1 1 1 1 1 1 1 1 1 1 1 1 1 1 1 1 1 1 1 1 1 1 1 1 1 1 1 1 1 1 1 1 1 1 1 1 1 1 1 1 1 1 1 1 1 1 1 1 1 1 1 1 1 1 1 1 1 1 1 1 1 1 1 1 1 1 1 1 1 1 1 1 1 1 1 1 1 1 1 1 1 1 1 1 1 1 1 1 1 1 1 1 1 1 1 1 1 1 1 1 1 1 1 1 1 1 1 1 1 1 1 1 1 1 1 1 1 1 1 1 1 1 1 1 1 1 1 1 1 1 1 1 1 1 1 1 1 1 1 1 1 1 1 1 1 1 1 1 1 1 1 1 1 1 1 1 1 1 1 1 1 1 1 1 1 1 1 1 1 1 1 1 1 1 1 1 1 1 1 1 1 1 1 1 1 1 1 1 1 1 1 1 1 1 1 1 1 1 1 1 1 1 1 1 1 1 1 1 1 1 1 1 1 1 1 1 1 1 1 1 1 1 1 1 1 1 1 1 1 1 1 1 1 1 1 1 1 1 1 1 1 1 1 1 1 1 1 1 1 1 1 1 1 1 1 1 1 1 1 1 1 1 1 1 1 1 1 1 1 1 1 1 1 1 1 1 1 1 1 1 1 1 1 1 1 1 1 1 1 1 1 1 1 1 1 1 1 1 1 1 1 1 1 1 1 1 1 1 1 1 1 1 1 1 1 1 1 1 1 1 1 1 1 1 1 1 1 1 1 1 1 1 1 1 1 1 1 1 1 1 1 1 1 1 1 1 1 1 1 1 1 1 1 1 1 1 1 1 1 1 1 1 1 1 1 1 1 1 1 1 1 1 1 1 1 1 1 1 1 1 1 1 1 1 1 1 1 1 1 1 1 1 1 1 1 1 1 1 1 1 1 1 1 1 1 1 1 1 1 1 1 1 1 1 1 1 1 1 1 1 1 1 1 1 1 1 1 1 1 1 1 1 1 1 1 1 1 1 1 1 1 1 1 1 1 1 1 1 1 1 1 1 1 1 1 1 1 1 1 1 1 1 1 1 1 1 1 1 1 1 1 1 1 1 1 1 1 1 1 1 1 1 1 1 1 1 1 1 1 1 1 1 1 1 1 1 1 1 1 1 1 1 1 1 1 1 1 1 1 1 1 1 1 1 1 1 1 1 1 1 1 1 1 1 1 1 1 1 1 1 1 1 1 1 1 1 1 1 1 1 1 1 1 1 1 1 1 1 1 1 1 1 1 1 1 1 1 1 1 1 1 1 1 1 1 1 1 1 1 1 1 1 1 1 1 1 1 1 1 1 1 1 1 1 1 1 1 1 1 1 1 1 1 1 1 1 1 1 1 1 1 1 1 1 1 1 1 1 1 1 1 1 1 1 1 1 1 1 1 1 1 1 1 1 1 1 1 1 1 1 1 1 1 1 1 1 1 1 1 1 1 1 1 1 1 1 1 1 1 1 1 1 1 1 1 1 1 1 1 1 1 1 1 1 1 1 1 1 1 1 1 1 1 1 1 1 1 1 1 1 1 1 1 1 1 1 1 1 1 1 1 1 1 1 1 1 1 1 1 1 1 1 1 1 1 1 1 1 1 1 1 1 1 1 1 1 1 1 1 1 1 1 1 1 1 1 1 1 1 1 1 1 1 1 1 1 1 1 1 1 1 1 1 1 1 1 1 1 1 1 1 1 1 1 1 1 1 1 1 1 1 1 1 1 1 1 1 1 1 1 1 1 1 1 1 1 1 1 1 1 1 1 1 1 1 1 1 1 1 1 1 1 1 1 1 1 1 1 1 1 1 1 1 1 1 1 1 1 1 1 1 1 1 1 1 1 1 1 1 1 1 1 1 1 1 1 1 1 1 1 1 1 1 1 1 1 1 1 1 1 1 1 1 1 1 1 1 1 1 1 1 1 1 1 1 1 1 1 1 1 1 1 1 1 1 1 1 1 1 1 1 1 1 1 1 1 1 1 1 1 1 1 1 1 1 1 1 1 1 1 1 1 1 1 1 1 1 1 1 1 1 1 1 1 1 1 1 1 1 1 1 1 1 1 1 1 1 1 1 1 1 1 1 1 1 1 1 1 1 1 1 1 1 1 1 1 1 1 1 1 1 1 1 1 1 1 1 1 1 1 1 1 1 1 1 1 1 1 1 1 1 1 1 1 1 1 1 1 1 1 1 1 1 1 1 1 1 1 1 1 1 1 1 1 1 1 1 1 1 1 1 1 1 1 1 1 1 1 1 1 1 1 1 1 1 1 1 1 1 1 1 1 1 1 1 1 1 1 1 1 1 1 1 1 1 1 1 1 1 1 1 1 1 1 1 1 1 1 1 1 1 1 1 1 1 1 1 1 1 1 1 1 1 1 1 1 1 1 1 1 1 1 1 1 1 1 1 1 1 1 1 1 1 1 1 1 1 1 1 1 1 1 1 1 1 1 1 1 1 1 1 1 1 1 1 1 1 1 1 1 1 1 1 1 1 1 1 1 1 1 1 1 1 1 1 1 1 1 1 1 1 1 1 1 1 1 1 1 1 1 1 1 1 1 1 1 1 1 1 1 1 1 1 1 1 1 1 1 1 1 1 1 1 1 1 1 1 1 1 1 1 1 1 1 1 1 1 1 1 1 1 1 1 1 1 1 1 1 1 1 1 1 1 1 1 1 1 1 1 1 1 1 1 1 1 1 1 1 1 1 1 1 1 1 1 1 1 1 1 1 1 1 1 1 1 1 1 1 1 1 1 1 1 1 1 1 1 1 1 1 1 1 1 1 1 1 1 1 1 1 1 1 1 1 1 1 1 1 1 1 1 1 1 1 1 1 1 1 1 1 1 1 1 1 1 1 1 1 1 1 1 1 1 1 1 1 1 1 1 1 1 1 1 1 1 1 1 1 1 1 1 1 1 1 1 1 1 1 1 1 1 1 1 1 1 1 1 1 1 1 1 1 1 1 1 1 1 1 1 1 1 1 1 1 1 1 1 1 1 1 1 1 1 1 1 1 1 1 1 1 1 1 1 1 1 1 1 1 1 1 1 1 1 1 1 1 1 1 1 1 1 1 1 1 1 1 1 1 1 1 1 1 1 1 1 1 1 1 1 1 1 1 1 1 1 1 1 1 1 1 1 1 1 1 1 1 1 1 1 1 1 1 1 1 1 1 1 1 1 1 1 1 1 1 1 1 1 1 1 1 1 1 1 1 1 1 1 1 1 1 1 1 1 1 1 1 1 1 1 1 1 1 1 1 1 1 1 1 1 1 1 1 1 1 1 1 1 1 1 1 1 1 1 1 1 1 1 1 1 1 1 1 1 1 1 1 1 1 1 1 1 1 1 1 1 1 1 1 1 1 1 1 1 1 1 1 1 1 1 1 1 1 1 1 1 1 1 1 1 1 1 1 1 1 1 1 1 1 1 1 1 1 1 1 1 1 1 1 1 1 1 1 1 1 1 1 1 1 1 1 1 1 1 1 1 1 1 1 1 1 1 1 1 1 1 1 1 1 1 1 1 1 1 1 1 1 1 1 1 1 1 1 1 1 1 1 1 1 1 1 1 1 1 1 1 1 1 1 1 1 1 1 1 1 1 1 1 1 1 1 1 1 1 1 1 1 1 1 1 1 1 1 1 1 1 1 1 1 1 1 1 1 1 1 1 1 1 1 1 1 1 1 1 1 1 1 1 1 1 1 1 1 1 1 1 1 1 1 1 1 1 1 1 1 1 1 1 1 1 1 1 1 1 1 1 1 1 1 1 1 1 1 1 1 1 1 1 1 1 1 1 1 1 1 1 1 1 1 1 1 1 1 1 1 1 1 1 1 1 1 1 1 1 1 1 1 1 1 1 1 1 1 1 1 1 1 1 1 1 1 1 1 1 1 1 1 1 1 1 1 1 1 1 1 1 1 1 1 1 1 1 1 1 1 1 1 1 1 1 1 1 1 1 1 1 1 1 1 1 1 1 1 1 1 1 1 1 1 1 1 1 1 1 1 1 1 1 1 1 1 1 1 1 1 1 1 1 1 1 1 1 1 1 1 1 1 1 1 1 1 1 1 1 1 1 1 1 1 1 1 1 1 1 1 1 1 1 1 1 1 1 1 1 1 1 1 1 1 1 1 1 1 1 1 1 1 1 1 1 1 1 1 1 1 1 1 1 1 1 1 1 1 1 1 1 1 1 1 1 1 1 1 1 1 1 1 1 1 1 1 1 1 1 1 1 1 1 1 1 1 1 1 1 1 1 1 1 1 1 1 1 1 1 1 1 1 1 1 1 1 1 1 1 1 1 1 1 1 1 1 1 1 1 1 1 1 1 1 1 1 1 1 1 1 1 1 1 1 1 1 1 1 1 1 1 1 1 1 1 0 0 0 0 0 0 0 0 0 0 0 0 0 0 0 0 0 0 0 0 0 0 0 0 0 0 0 0 0 0 0 0 0 0 0 0 0 0 0 0 0 0 0 0 0 0 0 0 0 0 0 0 0 0 0 0 0 0 0 0 0 0 0 0 0 0 0 0 0 0 0 0 0 0 0 0 0 0 0 0 0 0 0 0 0 0 0 0 0 0 0 0 0 0 0 0 0 0 0 0 0 0 0 0 0 0 0 0 0 0 0 0 0 0 0 0 0 0 0 0 0 0 0 0 0 0 0 0 0 0 0 0 0 0 0 0 0 0 0 0 0 0 0 0 0 0 0 0 0 0 0 0 0 0 0 0 0 0 0 0 0 0 0 0 0 0 0 0 0 0 0 0 0 0 0 0 0 0 0 0 0 0 0 0 0 0 0 0 0 0 0 0 0 0 0 0 0 0 0 0 0 0 0 0 0 0 0 0 0 0 0 0 0 0 0 0 0 0 0 0 0 0 0 0 0 0 0 0 0 0 0 0 0 0 0 0 0 0 0 0 0 0 0 0 0 0 0 0 0 0 0 0 0 0 0 0 0 0 0 0 0 0 0 0 0 0 0 0 0 0 0 0 0 0 0 0 0 0 0 0 0 0 0 0 0 0 0 0 0 0 0 0 0 0 0 0 0 0 0 0 0 0 0 0 0 0 0 0 0 0 0 0 0 0 0 0 0 0 0 0 0 0 0 0 0 0 0 0 0 0 0 0 0 0 0 0 0 0 0 0 0 0 0 0 0 0 0 0 0 0 0 0 0 0 0 0 0 0 0 0 0 0 0 0 0 0 0 0 0 0 0 0 0 0 0 0 0 0 0 0 0 0 0 0 0 0 0 0 0 0 0 0 0 0 0 0 0 0 0 0 0 0 0 0 0 0 0 0 0 0 0 0 0 0 0 0 0 0 0 0 0 0 0 0 0 0 0 0 0 0 0 0 0 0 0 0 0 0 0 0 0 0 0 0 0 0 0 0 0 0 0 0 0 0 0 0 0 0 0 0 0 0 0 0 0 0 0 0 0 0 0 0 0 0 0 0 0 0 0 0 0 0 0 0 0 0 0 0 0 0 0 0 0 0 0 0 0 0 0 0 0 0 0 0 0 0 0 0 0 0 0 0 0 0 0 0 0 0 0 0 0 0 0 0 0 0 0 0 0 0 0 0 0 0 0 0 0 0 0 0 0 0 0 0 0 0 0 0 0 0 0 0 0 0 0 0 0 0 0 0 0 0 0 0 0 0 0 0 0 0 0 0 0 0 0 0 0 0 0 0 0 0 0 0 0 0 0 0 0 0 0 0 0 0 0 0 0 0 0 0 0 0 0 0 0 0 0 0 0 0 0 0 0 0 0 0 0 0 0 0 0 0 0 0 0 0 0 0 0 0 0 0 0 0 0 0 0 0 0 0 0 0 0 0 0 0 0 0 0 0 0 0 0 0 0 0 0 0 0 0 0 0 0 0 0 0 0 0 0 0 0 0 0 0 0 0 0 0 0 0 0 0 0 0 0 0 0 0 0 0 0 0 0 0 0 0 0 0 0 0 0 0 0 0 0 0 0 0 0 0 0 0 0 0 0 0 0 0 0 0 0 0 0 0 0 0 0 0 0 0 0 0 0 0 0 0 0 0 0 0 0 0 0 0 0 0 0 0 0 0 0 0 0 0 0 0 0 0 0 0 0 0 0 0 0 0 0 0 0 0 0 0 0 0 0 0 0 0 0 0 0 0 0 0 0 0 0 0 0 0 0 0 0 0 0 0 0 0 0 0 0 0 0 0 0 0 0 0 0 0 0 0 0 0 0 0 0 0 0 0 0 0 0 0 0 0 0 0 0 0 0 0 0 0 0 0 0 0 0 0 0 0 0 0 0 0 0 0 0 0 0 0 0 0 0 0 0 0 0 0 0 0 0 0 0 0 0 0 0 0 0 0 0 0 0 0 0 0 0 0 0 0 0 0 0 0 0 0 0 0 0 0 0 0 0 0 0 0 0 0 0 0 0 0 0 0 0 0 0 0 0 0 0 0 0 0 0 0 0 0 0 0 0 0 0 0 0 0 0 0 0 0 0 0 0 0 0 0 0 0 0 0 0 0 0 0 0 0 0 0 0 0 0 0 0 0 0 0 0 0 0 0 0 0 0 0 0 0 0 0 0 0 0 0 0 0 0 0 0 0 0 0 0 0 0 0 0 0 0 0 0 0 0 0 0 0 0 0 0 0 0 0 0 0 0 0 0 0 0 0 0 13 13 13 13 13 13 13 13 13 13 13 13 13 13 13 13 13 13 13 13 13 13 13 13 13 13 13 13 13 13 13 13 13 13 13 13 13 13 13 13 13 13 13 13 13 13 13 13 13 13 13 13 13 13 13 13 13 13 13 13 13 13 13 13 13 13 13 13 13 13 13 13 13 13 13 13 13 13 13 13 13 13 13 13 13 13 13 13 13 13 13 13 13 13 13 13 13 13 13 13 13 13 13 13 13 13 13 13 13 13 13 13 13 13 13 13 13 13 13 13 13 13 13 13 13 13 13 13 13 13 13 13 13 13 13 13 13 13 13 13 13 13 13 13 13 13 13 13 13 13 13 13 13 13 13 13 13 13 13 13 13 13 13 13 13 13 13 13 13 13 13 13 13 13 13 13 13 13 13 13 13 13 13 13 13 13 13 13 13 13 13 13 13 13 13 13 13 13 13 13 13 13 13 13 13 13 13 13 13 13 13 13 13 13 13 13 13 13 13 13 13 13 13 13 13 13 13 13 13 13 13 13 13 13 13 13 13 13 13 13 13 13 13 13 13 13 13 13 13 13 13 13 13 13 13 13 13 13 13 13 13 13 13 13 13 13 13 13 13 13 13 13 13 13 13 13 13 13 13 13 13 13 13 13 13 13 13 13 13 13 13 13 13 13 13 13 13 13 13 13 13 13 13 13 13 13 13 13 13 13 13 13 13 13 13 13 13 13 13 13 13 13 13 13 13 13 13 13 13 13 13 13 13 13 13 13 13 13 13 13 13 13 13 13 13 13 13 13 13 13 13 13 13 13 13 13 13 13 13 13 13 13 13 13 13 13 13 13 13 8 8 8 8 8 8 8 8 8 8 8 8 8 8 8 8 8 8 8 8 8 8 8 8 8 8 8 8 8 8 8 8 8 8 8 8 8 8 8 8 8 8 8 8 8 8 8 8 8 8 8 8 8 8 8 8 8 8 8 8 8 8 8 8 8 8 8 8 8 8 8 8 8 8 8 8 8 8 8 8 8 8 8 8 8 8 8 8 8 8 8 8 8 8 8 8 8 8 8 8 8 8 8 8 8 8 8 8 8 8 8 8 8 8 8 8 8 8 8 8 8 8 8 8 8 8 8 8 8 8 8 8 8 8 8 8 8 8 8 8 8 8 8 8 8 8 8 8 8 8 8 8 8 8 8 8 8 8 8 8 8 8 8 8 8 8 8 8 8 8 8 8 8 8 8 8 8 8 8 8 8 8 8 8 8 8 8 8 8 8 8 8 8 8 8 8 8 8 8 8 8 8 8 8 8 8 8 8 8 8 8 8 8 8 8 8 8 8 8 8 8 8 8 8 8 8 8 8 8 8 8 8 8 8 8 8 8 8 8 8 8 8 8 8 8 8 8 8 8 8 8 8 8 8 8 8 8 8 8 8 8 8 8 8 8 8 8 8 8 8 8 8 8 8 8 8 8 8 8 8 8 8 8 8 8 8 8 8 8 8 8 8 8 8 8 8 8 8 8 8 8 8 8 8 8 8 8 8 8 2 2 2 2 2 2 2 2 2 2 2 2 2 2 2 2 2 2 2 2 2 2 2 2 2 2 2 2 2 2 2 2 2 2 2 2 2 2 2 2 2 2 2 2 2 2 2 2 2 2 2 2 2 2 2 2 2 2 2 2 2 2 2 2 2 2 2 2 2 2 2 2 2 2 2 2 2 2 2 2 2 2 2 2 2 2 2 2 2 2 2 2 2 2 2 2 2 2 2 2 2 2 2 2 2 2 2 2 2 2 2 2 2 2 2 2 2 2 2 2 2 2 2 2 2 2 2 2 2 2 2 2 2 2 2 2 2 2 2 2 2 2 2 2 2 2 2 2 2 2 2 2 2 2 2 2 2 2 2 2 2 2 2 2 2 2 2 2 2 2 2 2 2 2 2 2 2 2 2 2 2 2 2 2 2 2 2 2 2 2 2 2 2 2 2 2 2 2 2 2 2 2 2 2 2 2 2 2 2 2 2 2 2 2 2 2 2 2 2 2 2 2 2 2 2 2 2 2 2 2 2 2 2 2 2 2 2 2 2 2 2 2 2 2 2 2 2 2 2 2 2 2 2 2 2 2 2 2 2 2 2 2 2 2 2 2 2 2 2 2 2 2 2 3 3 3 3 3 3 3 3 3 3 3 3 3 3 3 3 3 3 3 3 3 3 3 3 3 3 3 3 3 3 3 3 3 3 3 3 3 3 3 3 3 3 3 3 3 3 3 3 3 3 3 3 3 3 3 3 3 3 3 3 3 3 3 3 3 3 3 3 3 3 3 3 3 3 3 3 3 3 3 3 3 3 3 3 3 3 3 3 3 3 3 3 3 3 3 3 3 3 3 3 3 3 3 3 3 3 3 3 3 3 3 3 3 3 3 3 3 3 3 3 3 3 3 3 3 3 3 3 3 3 3 3 3 3 3 3 3 3 3 3 3 3 3 3 3 3 3 3 3 3 3 3 3 3 3 3 3 3 3 3 3 3 3 3 3 3 4 4 4 4 4 4 4 4 4 4 4 4 4 4 4 4 4 4 4 4 4 4 4 4 4 4 4 4 4 4 4 4 4 4 4 4 4 4 4 4 4 4 4 4 4 4 4 4 4 4 4 4 4 4 4 4 4 4 4 4 4 4 4 4 4 4 4 4 4 4 4 4 4 4 4 4 4 4 4 4 4 4 4 4 4 4 4 4 4 4 4 4 4 4 4 4 4 4 4 4 4 4 4 4 4 4 4 4 4 4 4 4 4 4 4 4 4 4 4 4 4 4 4 4 4 4 4 4 4 4 4 4 4 4 4 4 4 4 4 4 4 4 4 4 4 4 4 5 5 5 5 5 5 5 5 5 5 5 5 5 5 5 5 5 5 5 5 5 5 5 5 5 5 5 5 5 5 5 5 5 5 5 5 5 5 5 5 5 5 5 5 5 5 5 5 5 5 5 5 5 5 5 5 5 5 5 5 5 5 5 5 5 5 5 5 5 5 5 5 5 5 5 5 5 5 5 5 5 5 5 5 5 5 5 5 5 5 5 5 5 5 5 5 5 5 5 5 5 5 5 5 5 5 5 5 5 5 5 5 5 5 5 5 5 5 5 5 5 5 5 5 5 5 5
</DataArray>
<DataArray type="Int32" Name="leaflet" format="ascii">
0 0 0 0 0 0 0 0 0 0 0 0 0 0 0 0 0 0 0 0 0 0 0 0 0 0 0 0 0 0 0 0 0 0 0 0 0 0 0 0 0 0 0 0 0 0 0 0 0 0 0 0 0 0 0 0 0 0 0 0 0 0 0 0 0 0 0 0 0 0 0 0 0 0 0 0 0 0 0 0 0 0 0 0 0 0 0 0 0 0 0 0 0 0 0 0 0 0 0 0 0 0 0 0 0 0 0 0 0 0 0 0 0 0 0 0 0 0 0 0 0 0 0 0 0 0 0 0 0 0 0 0 0 0 0 0 0 0 0 0 0 0 0 0 0 0 0 0 0 0 0 0 0 0 0 0 0 0 0 0 0 0 0 0 0 0 0 0 0 0 0 0 0 0 0 0 0 0 0 0 0 0 0 0 0 0 0 0 0 0 0 0 0 0 0 0 0 0 0 0 0 0 0 0 0 0 0 0 0 0 0 0 0 0 0 0 0 0 0 0 0 0 0 0 0 0 0 0 0 0 0 0 0 0 0 0 0 0 0 0 0 0 0 0 0 0 0 0 0 0 0 0 0 0 0 0 0 0 0 0 0 0 0 0 0 0 0 0 0 0 0 0 0 0 0 0 0 0 0 0 0 0 0 0 0 0 0 0 0 0 0 0 0 0 0 0 0 0 0 0 0 0 0 0 0 0 0 0 0 0 0 0 0 0 0 0 0 0 0 0 0 0 0 0 0 0 0 0 0 0 0 0 0 0 0 0 0 0 0 0 0 0 0 0 0 0 0 0 0 0 0 0 0 0 0 0 0 0 0 0 0 0 0 0 0 0 0 0 0 0 0 0 0 0 0 0 0 0 0 0 0 0 0 0 0 0 0 0 0 0 0 0 0 0 0 0 0 0 0 0 0 0 0 0 0 0 0 0 0 0 0 0 0 0 0 0 0 0 0 0 0 0 0 0 0 0 0 0 0 0 0 0 0 0 0 0 0 0 0 0 0 0 0 0 0 0 0 0 0 0 0 0 0 0 0 0 0 0 0 0 0 0 0 0 0 0 0 0 0 0 0 0 0 0 0 0 0 0 0 0 0 0 0 0 0 0 0 0 0 0 0 0 0 0 0 0 0 0 0 0 0 0 0 0 0 0 0 0 0 0 0 0 0 0 0 0 0 0 0 0 0 0 0 0 0 0 0 0 0 0 0 0 0 0 0 0 0 0 0 0 0 0 0 0 0 0 0 0 0 0 0 0 0 0 0 0 0 0 0 0 0 0 0 0 0 0 0 0 0 0 0 0 0 0 0 0 0 0 0 0 0 0 0 0 0 0 0 0 0 0 0 0 0 0 0 0 0 0 0 0 0 0 0 0 0 0 0 0 0 0 0 0 0 0 0 0 0 0 0 0 0 0 0 0 0 0 0 0 0 0 0 0 0 0 0 0 0 0 0 0 0 0 0 0 0 0 0 0 0 0 0 0 0 0 0 0 0 0 0 0 0 0 0 0 0 0 0 0 0 0 0 0 0 0 0 0 0 0 0 0 0 0 0 0 0 0 0 0 0 0 0 0 0 0 0 0 0 0 0 0 0 0 0 0 0 0 0 0 0 0 0 0 0 0 0 0 0 0 0 0 0 0 0 0 0 0 0 0 0 0 0 0 0 0 0 0 0 0 0 0 0 0 0 0 0 0 0 0 0 0 0 0 0 0 0 0 0 0 0 0 0 0 0 0 0 0 0 0 0 0 0 0 0 0 0 0 0 0 0 0 0 0 0 0 0 0 0 0 0 0 0 0 0 0 0 0 0 0 0 0 0 0 0 0 0 0 0 0 0 0 0 0 0 0 0 0 0 0 0 0 0 0 0 0 0 0 0 0 0 0 0 0 0 0 0 0 0 0 0 0 0 0 0 0 0 0 0 0 0 0 0 0 0 0 0 0 0 0 0 0 0 0 0 0 0 0 0 0 0 0 0 0 0 0 0 0 0 0 0 0 0 0 0 0 0 0 0 0 0 0 0 0 0 0 0 0 0 0 0 0 0 0 0 0 0 0 0 0 0 0 0 0 0 0 0 0 0 0 0 0 0 0 0 0 0 0 0 0 0 0 0 0 0 0 0 0 0 0 0 0 0 0 0 0 0 0 0 0 0 0 0 0 0 0 0 0 0 0 0 0 0 0 0 0 0 0 0 0 0 0 0 0 0 0 0 0 0 0 0 0 0 0 0 0 0 0 0 0 0 0 0 0 0 0 0 0 0 0 0 0 0 0 0 0 0 0 0 0 0 0 0 0 0 0 0 0 0 0 0 0 0 0 0 0 0 0 0 0 0 0 0 0 0 0 0 0 0 0 0 0 0 0 0 0 0 0 0 0 0 0 0 0 0 0 0 0 0 0 0 0 0 0 0 0 0 0 0 0 0 0 0 0 0 0 0 0 0 0 0 0 0 0 0 0 0 0 0 0 0 0 0 0 0 0 0 0 0 0 0 0 0 0 0 0 0 0 0 0 0 0 0 0 0 0 0 0 0 0 0 0 0 0 0 0 0 0 0 0 0 0 0 0 0 0 0 0 0 0 0 0 0 0 0 0 0 0 0 0 0 0 0 0 0 0 0 0 0 0 0 0 0 0 0 0 0 0 0 0 0 0 0 0 0 0 0 0 0 0 0 0 0 0 0 0 0 0 0 0 0 0 0 0 0 0 0 0 0 0 0 0 0 0 0 0 0 0 0 0 0 0 0 0 0 0 0 0 0 0 0 0 0 0 0 0 0 0 0 0 0 0 0 0 0 0 0 0 0 0 0 0 0 0 0 0 0 0 0 0 0 0 0 0 0 0 0 0 0 0 0 0 0 0 0 0 0 0 0 0 0 0 0 0 0 0 0 0 0 0 0 0 0 0 0 0 0 0 0 0 0 0 0 0 0 0 0 0 0 0 0 0 0 0 0 0 0 0 0 0 0 0 0 0 0 0 0 0 0 0 0 0 0 0 0 0 0 0 0 0 0 0 0 0 0 0 0 0 0 0 0 0 0 0 0 0 0 0 0 0 0 0 0 0 0 0 0 0 0 0 0 0 0 0 0 0 0 0 0 0 0 0 0 0 0 0 0 0 0 0 0 0 0 0 0 0 0 0 0 0 0 0 0 0 0 0 0 0 0 0 0 0 0 0 0 0 0 0 0 0 0 0 0 0 0 0 0 0 0 0 0 0 0 0 0 0 0 0 0 0 0 0 0 0 0 0 0 0 0 0 0 0 0 0 0 0 0 0 0 0 0 0 0 0 0 0 0 0 0 0 0 0 0 0 0 0 0 0 0 0 0 0 0 0 0 0 0 0 0 0 0 0 0 0 0 0 0 0 0 0 0 0 0 0 0 0 0 0 0 0 0 0 0 0 0 0 0 0 0 0 0 0 0 0 0 0 0 0 0 0 0 0 0 0 0 0 0 0 0 0 0 0 0 0 0 0 0 0 0 0 0 0 0 0 0 0 0 0 0 0 0 0 0 0 0 0 0 0 0 0 0 0 0 0 0 0 0 0 0 0 0 0 0 0 0 0 0 0 0 0 0 0 0 0 0 0 0 0 0 0 0 0 0 0 0 0 0 0 0 0 0 0 0 0 0 0 0 0 0 0 0 0 0 0 0 0 0 0 0 0 0 0 0 0 0 0 0 0 0 0 0 0 0 0 0 0 0 0 0 0 0 0 0 0 0 0 0 0 0 0 0 0 0 0 0 0 0 0 0 0 0 0 0 0 0 0 0 0 0 0 0 0 0 0 0 0 0 0 0 0 0 0 0 0 0 0 0 0 0 0 0 0 0 0 0 0 0 0 0 0 0 0 0 0 0 0 0 0 0 0 0 0 0 0 0 0 0 0 0 0 0 0 0 0 0 0 0 0 0 0 0 0 0 0 0 0 0 0 0 0 0 0 0 0 0 0 0 0 0 0 0 0 0 0 0 0 0 0 0 0 0 0 0 0 0 0 0 0 0 0 0 0 0 0 0 0 0 0 0 0 0 0 0 0 0 0 0 0 0 0 0 0 0 0 0 0 0 0 0 0 0 0 0 0 0 0 0 0 0 0 0 0 0 0 0 0 0 0 0 0 0 0 0 0 0 0 0 0 0 0 0 0 0 0 0 0 0 0 0 0 0 0 0 0 0 0 0 0 0 0 0 0 0 0 0 0 0 0 0 0 0 0 0 0 0 0 0 0 0 0 0 0 0 0 0 0 0 0 0 0 0 0 0 0 0 0 0 0 0 0 0 0 0 0 0 0 0 0 0 0 0 0 0 0 0 0 0 0 0 0 0 0 0 0 0 0 0 0 0 0 0 0 0 0 0 0 0 0 0 0 0 0 0 0 0 0 0 0 0 0 0 0 0 0 0 0 0 0 0 0 0 0 0 0 0 0 0 0 0 0 0 0 0 0 0 0 0 0 0 0 0 0 0 0 0 0 0 0 0 0 0 0 0 0 0 0 0 0 0 0 0 0 0 0 0 0 0 0 0 0 0 0 0 0 0 0 0 0 0 0 0 0 0 0 0 0 0 0 0 0 0 0 0 0 0 0 0 0 0 0 0 0 0 0 0 0 0 0 0 0 0 0 0 0 0 0 0 0 0 0 0 0 0 0 0 0 0 0 0 0 0 0 0 0 0 0 0 0 0 0 0 0 0 0 0 0 0 0 0 0 0 0 0 0 0 0 0 0 0 0 0 0 0 0 0 0 0 0 0 0 0 0 0 0 0 0 0 0 0 0 0 0 0 0 0 0 0 0 0 0 0 0 0 0 0 0 0 0 0 0 0 0 0 0 0 0 0 0 0 0 0 0 0 0 0 0 0 0 0 0 0 0 0 0 0 0 0 0 0 0 0 0 0 0 0 0 0 0 0 0 0 0 0 0 0 0 0 0 0 0 0 0 0 0 0 0 0 0 0 0 0 0 0 0 0 0 0 0 0 0 0 0 0 0 0 0 0 0 0 0 0 0 0 0 0 0 0 0 0 0 0 0 0 0 0 0 0 0 0 0 0 0 0 0 0 0 0 0 0 0 0 0 0 0 0 0 0 0 0 0 0 0 0 0 0 0 0 0 0 0 0 0 0 0 0 0 0 0 0 0 0 0 0 0 0 0 0 0 0 0 0 0 0 0 0 0 0 0 0 0 0 0 0 0 0 0 0 0 0 0 0 0 0 0 0 0 0 0 0 0 0 0 0 0 0 0 0 0 0 0 0 0 0 0 0 0 0 0 0 0 0 0 0 0 0 0 0 0 0 0 0 0 0 0 0 0 0 0 0 0 0 0 0 0 0 0 0 0 0 0 0 0 0 0 0 0 0 0 0 0 0 0 0 0 0 0 0 0 0 0 0 0 0 0 0 0 0 0 0 0 0 0 0 0 0 0 0 0 0 0 0 0 0 0 0 0 0 0 0 0 0 0 0 0 0 0 0 0 0 0 0 0 0 0 0 0 0 0 0 0 0 0 0 0 0 0 0 0 0 0 0 0 0 0 0 0 0 0 0 0 0 0 0 0 0 0 0 0 0 0 0 0 0 0 0 0 0 0 0 0 0 0 0 0 0 0 0 0 0 0 0 0 0 0 0 0 0 0 0 0 0 0 0 0 0 0 0 0 0 0 0 0 0 0 0 0 0 0 0 0 0 0 0 0 0 0 0 0 0 0 0 0 0 0 0 0 0 0 0 0 0 0 0 0 0 0 0 0 0 0 0 0 0 0 0 0 0 0 0 0 0 0 0 0 0 0 0 0 0 0 0 0 0 0 0 0 0 0 0 0 0 0 0 0 0 0 0 0 0 0 0 0 0 0 0 0 0 0 0 0 0 0 0 0 0 0 0 0 0 0 0 0 0 0 0 0 0 0 0 0 0 0 0 0 0 0 0 0 0 0 0 0 0 0 0 0 0 0 0 0 0 0 0 0 0 0 0 0 0 0 0 0 0 0 0 0 0 0 0 0 0 0 0 0 0 0 0 0 0 0 0 0 0 0 0 0 0 0 0 0 0 0 0 0 0 0 0 0 0 0 0 0 0 0 0 0 0 0 0 0 0 0 0 0 0 0 0 0 0 0 0 0 0 0 0 0 0 0 0 0 0 0 0 0 0 0 0 0 0 0 0 0 0 0 0 0 0 0 0 0 0 0 0 0 0 0 0 0 0 0 0 0 0 0 0 0 0 0 0 0 0 0 0 0 0 0 0 0 0 0 0 0 0 0 0 0 0 0 0 0 0 0 0 0 0 0 0 0 0 0 0 0 0 0 0 0 0 0 0 0 0 0 0 0 0 0 0 0 0 0 0 0 0 0 0 0 0 0 0 0 0 0 0 0 0 0 0 0 0 0 0 0 0 0 0 0 0 0 0 0 0 0 0 0 0 0 0 0 0 0 0 0 0 0 0 0 0 0 0 0 0 0 0 0 0 0 0 0 0 0 0 0 0 0 0 0 0 0 0 0 0 0 0 0 0 0 0 0 0 0 0 0 0 0 0 0 0 0 0 0 0 0 0 0 0 0 0 0 0 0 0 0 0 0 0 0 0 0 0 0 0 0 0 0 0 0 0 0 0 0 0 0 0 0 0 0 0 0 0 0 0 0 0 0 0 0 0 0 0 0 0 0 0 0 0 0 0 0 0 0 0 0 0 0 0 0 0 0 0 0 0 0 0 0 0 0 0 0 0 0 0 0 0 0 0 0 0 0 0 0 0 0 0 0 0 0 0 0 0 0 0 0 0 0 0 0 0 0 0 0 0 0 0 0 0 0 0 0 0 0 0 0 0 0 0 0 0 0 0 0 0 0 0 0 0 0 0 0 0 0 0 0 0 0 0 0 0 0 0 0 0 0 0 0 0 0 0 0 0 0 0 0 0 0 0 0 0 0 0 0 0 0 0 0 0 0 0 0 0 0 0 0 0 0 0 0 0 0 0 0 0 0 0 0 0 0 0 0 0 0 0 0 0 0 0 0 0 0 0 0 0 0 0 0 0 0 0 0 0 0 0 0 0 0 0 0 0 0 0 0 0 0 0 0 0 0 0 0 0 0 0 0 0 0 0 0 0 0 0 0 0 0 0 0 0 0 0 0 0 0 0 0 0 0 0 0 0 0 0 0 0 0 0 0 0 0 0 0 0 0 0 0 0 0 0 0 0 0 0 0 0 0 0 0 0 0 0 0 0 0 0 0 0 0 0 0 0 0 0 0 0 0 0 0 0 0 0 0 0 0 0 0 0 0 0 0 0 0 0 0 0 0 0 0 0 0 0 0 0 0 0 0 0 0 0 0 0 0 0 0 0 0 0 0 0 0 0 0 0 0 0 0 0 0 0 0 0 0 0 0 0 0 0 0 0 0 0 0 0 0 0 0 0 0 0 0 0 0 0 0 0 0 0 0 0 0 0 0 0 0 0 0 0 0 0 0 0 0 0 0 0 0 0 0 0 0 0 0 0 0 0 0 0 0 0 0 0 0 0 0 0 0 0 0 0 0 0 0 0 0 0 0 0 0 0 0 0 0 0 0 0 0 0 0 0 0 0 0 0 0 0 0 0 0 0 0 0 0 0 0 0 0 0 0 0 0 0 0 0 0 0 0 0 0 0 0 0 0 0 0 0 0 0 0 0 0 0 0 0 0 0 0 0 0 0 0 0 0 0 0 0 0 0 0 0 0 0 0 0 0 0 0 0 0 0 0 0 0 0 0 0 0 0 0 0 0 0 0 0 0 0 0 0 0 0 0 0 0 0 0 0 0 0 0 0 0 0 0 0 0 0 0 0 0 0 0 0 0 0 0 0 0 0 0 0 0 0 0 0 0 0 0 0 0 0 0 0 0 0 0 0 0 0 0 0 0 0 0 0 0 0 0 0 0 0 0 0 0 0 0 0 0 0 0 0 0 0 0 0 0 0 0 0 0 0 0 0 0 0 0 0 0 0 0 0 0 0 0 0 0 0 0 0 0 0 0 0 0 0 0 0 0 0 0 0 0 0 0 0 0 0 0 0 0 0 0 0 0 0 0 0 0 0 0 0 0 0 0 0 0 0 0 0 0 0 0 0 0 0 0 0 0 0 0 0 0 0 0 0 0 0 0 0 0 0 0 0 0 0 0 0 0 0 0 0 0 0 0 0 0 0 0 0 0 0 0 0 0 0 0 0 0 0 0 0 0 0 0 0 0 0 0 0 0 0 0 0 0 0 0 0 0 0 0 0 0 0 0 0 0 0 0 0 0 0 0 0 0 0 0 0 0 0 0 0 0 0 0 0 0 0 0 0 0 0 0 0 0 0 0 0 0 0 0 0 0 0 0 0 0 0 0 0 0 0 0 0 0 0 0 0 0 0 0 0 0 0 0 0 0 0 0 0 0 0 0 0 0 0 0 0 0 0 0 0 0 0 0 0 0 0 0 0 0 0 0 0 0 0 0 0 0 0 0 0 0 0 0 0 0 0 0 0 0 0 0 0 0 0 0 0 0 0 0 0 0 0 0 0 0 0 0 0 0 0 0 0 0 0 0 0 0 0 0 0 0 0 0 0 0 0 0 0 0 0 0 0 0 0 0 0 0 0 0 0 0 0 0 0 0 0 0 0 0 0 0 0 0 0 0 0 0 0 0 0 0 0 0 0 0 0 0 0 0 0 0 0 0 0 0 0 0 0 0 0 0 0 0 0 0 0 0 0 0 0 0 0 0 0 0 0 0 0 0 0 0 0 0 0 0 0 0 0 0 0 0 0 0 0 0 0 0 0 0 0 0 0 0 0 0 0 0 0 0 0 0 0 0 0 0 0 0 0 0 0 0 0 0 0 0 0 0 0 0 0 0 0 0 0 0 0 0 0 0 0 0 0 0 0 0 0 0 0 0 0 0 0 0 0 0 0 0 0 0 0 0 0 0 0 0 0 0 0 0 0 0 0 0 0 0 0 0 0 0 0 0 0 0 0 0 0 0 0 0 0 0 0 0 0 0 0 0 0 0 0 0 0 0 0 0 0 0 0 0 0 0 0 0 0 0 0 0 0 0 0 0 0 0 0 0 0 0 0 0 0 0 0 0 0 0 0 0 0 0 0 0 0 0 0 0 0 0 0 0 0 0 0 0 0 0 0 0 0 0 0 0 0 0 0 0 0 0 0 0 0 0 0 0 0 0 0 0 0 0 0 0 0 0 0 0 0 0 0 0 0 0 0 0 0 0 0 0 0 0 0 0 0 0 0 0 0 0 0 0 0 0 0 0 0 0 0 0 0 0 0 0 0 0 0 0 0 0 0 0 0 0 0 0 0 0 0 0 0 0 0 0 0 0 0 0 0 0 0 0 0 0 0 0 0 0 0 0 0 0 0 0 0 0 0 0 0 0 0 0 0 0 0 0 0 0 0 0 0 0 0 0 0 0 0 0 0 0 0 0 0 0 0 0 0 0 0 0 0 0 0 0 0 0 0 0 0 0 0 0 0 0 0 0 0 0 0 0 0 0 0 0 0 0 0 0 0 0 0 0 0 0 0 0 0 0 0 0 0 0 0 0 0 0 0 0 0 0 0 0 0 0 0 0 0 0 0 0 0 0 0 0 0 0 0 0 0 0 0 0 0 0 0 0 0 0 0 0 0 0 0 0 0 0 0 0 0 0 0 0 0 0 0 0 0 0 0 0 0 0 0 0 0 0 0 0 0 0 0 0 0 0 0 0 0 0 0 0 0 0 0 0 0 0 0 0 0 0 0 0 0 0 0 0 0 0 0 0 0 0 0 0 0 0 0 0 0 0 0 0 0 0 0 0 0 0 0 0 0 0 0 0 0 0 0 0 0 0 0 0 0 0 0 0 0 0 0 0 0 0 0 0 0 0 0 0 0 0 0 0 0 0 0 0 0 0 0 0 0 0 0 0 0 0 0 0 0 0 0 0 0 0 0 0 0 0 0 0 0 0 0 0 0 0 0 0 0 0 0 0 0 0 0 0 0 0 0 0 0 0 0 0 0 0 0 0 0 0 0 0 0 0 0 0 0 0 0 0 0 0 0 0 0 0 0 0 0 0 0 0 0 0 0 0 0 0 0 0 0 0 0 0 0 0 0 0 0 0 0 0 0 0 0 0 0 0 0 0 0 0 0 0 0 0 0 0 0 0 0 0 0 0 0 0 0 0 0 0 0 0 0 0 0 0 0 0 0 0 0 0 0 0 0 0 0 0 0 0 0 0 0 0 0 0 0 0 0 0 0 0 0 0 0 0 0 0 0 0 0 0 0 0 0 0 0 0 0 0 0 0 0 0 0 0 0 0 0 0 0 0 0 0 0 0 0 0 0 0 0 0 0 0 0 0 0 0 0 0 0 0 0 0 0 0 0 0 0 0 0 0 0 0 0 0 0 0 0 0 0 0 0 0 0 0 0 0 0 0 0 0 0 0 0 0 0 0 0 0 0 0 0 0 0 0 0 0 0 0 0 0 0 0 0 0 0 0 0 0 0 0 0 0 0 0 0 0 0 0 0 0 0 0 0 0 0 0 0 0 0 0 0 0 0 0 0 0 0 0 0 0 0 0 0 0 0 0 0 0 0 0 0 0 0 0 0 0 0 0 0 0 0 0 0 0 0 0 0 0 0 0 0 0 0 0 0 0 0 0 0 0 0 0 0 0 0 0 0 0 0 0 0 0 0 0 0 0 0 0 0 0 0 0 0 0 0 0 0 0 0 0 0 0 0 0 0 0 0 0 0 0 0 0 0 0 0 0 0 0 0 0 0 0 0 0 0 0 0 0 0 0 0 0 0 0 0 0 0 0 0 0 0 0 0 0 0 0 0 0 0 0 0 0 0 0 0 0 0 0 0 0 0 0 0 0 0 0 0 0 0 0 0 0 0 0 0 0 0 0 0 0 0 0 0 0 0 0 0 0 0 0 0 0 0 0 0 0 0 0 0 0 0 0 0 0 0 0 0 0 0 0 0 0 0 0 0 0 0 0 0 0 0 0 0 0 0 0 0 0 0 0 0 0 0 0 0 0 0 0 0 0 0 0 0 0 0 0 0 0 0 0 0 0 0 0 0 0 0 0 0 0 0 0 0 0 0 0 0 0 0 0 0 0 0 0 0 0 0 0 0 0 0 0 0 0 0 0 0 0 0 0 0 0 0 0 0 0 0 0 0 0 0 0 0 0 0 0 0 0 0 0 0 0 0 0 0 0 0 0 0 0 0 0 0 0 0 0 0 0 0 0 0 0 0 0 0 0 0 0 0 0 0 0 0 0 0 0 0 0 0 0 0 0 0 0 0 0 0 0 0 0 0 0 0 0 0 0 0 0 0 0 0 0 0 0 0 0 0 0 0 0 0 0 0 0 0 0 0 0 0 0 0 0 0 0 0 0 0 0 0 0 0 0 0 0 0 0 0 0 0 0 0 0 0 0 0 0 0 0 0 0 0 0 0 0 0 0 0 0 0 0 0 0 0 0 0 0 0 0 0 0 0 0 0 0 0 0 0 0 0 0 0 0 0 0 0 0 0 0 0 0 0 0 0 0 0 0 0 0 0 0 0 0 0 0 0 0 0 0 0 0 0 0 0 0 0 0 0 0 0 0 0 0 0 0 0 0 0 0 0 0 0 0 0 0 0 0 0 0 0 0 0 0 0 0 0 0 0 0 0 0 0 0 0 0 0 0 0 0 0 0 0 0 0 0 0 0 0 0 0 0 0 0 0 0 0 0 0 0 0 0 0 0 0 0 0 0 0 0 0 0 0 0 0 0 0 0 0 0 0 0 0 0 0 0 0 0 0 0 0 0 0 0 0 0 0 0 0 0 0 0 0 0 0 0 0 0 0 0 0 0 0 0 0 0 0 0 0 0 0 0 0 0 0 0 0 0 0 0 0 0 0 0 0 0 0 0 0 0 0 0 0 0 0 0 0 0 0 0 0 0 0 0 0 0 0 0 0 0 0 0 0 0 0 0 0 0 0 0 0 0 0 0 0 0 0 0 0 0 0 0 0 0 0 0 0 0 0 0 0 0 0 0 0 0 0 0 0 0 0 0 0 0 0 0 0 0 0 0 0 0 0 0 0 0 0 0 0 0 0 0 0 0 0 0 0 0 0 0 0 0 0 0 0 0 0 0 0 0 0 0 0 0 0 0 0 0 0 0 0 0 0 0 0 0 0 0 0 0 0 0 0 0 0 0 0 0 0 0 0 0 0 0 0 0 0 0 0 0 0 0 0 0 0 0 0 0 0 0 0 0 0 0 0 0 0 0 0 0 0 0 0 0 0 0 0 0 0 0 0 0 0 0 0 0 0 0 0 0 0 0 0 0 0 0 0 0 0 0 0 0 0 0 0 0 0 0 0 0 0 0 0 0 0 0 0 0 0 0 0 0 0 0 0 0 0 0 0 0 0 0 0 0 0 0 0 0 0 0 0 0 0 0 0 0 0 0 0 0 0 0 0 0 0 0 0 0 0 0 0 0 0 0 0 0 0 0 0 0 0 0 0 0 0 0 0 0 0 0 0 0 0 0 0 0 0 0 0 0 0 0 0 0 0 0 0 0 0 0 0 0 0 0 0 0 0 0 0 0 0 0 0 0 0 0 0 0 0 0 0 0 0 0 0 0 0 0 0 0 0 0 0 0 0 0 0 0 0 0 0 0 0 0 0 0 0 0 0 0 0 0 0 0 0 0 0 0 0 0 0 0 0 0 0 0 0 0 0 0 0 0 0 0 0 0 0 0 0 0 0 0 0 0 0 0 0 0 0 0 0 0 0 0 0 0 0 0 0 0 0 0 0 0 0 0 0 0 0 0 0 0 0 0 0 0 0 0 0 0 0 0 0 0 0 0 0 0 0 0 0 0 0 0 0 0 0 0 0 0 0 0 0 0 0 0 0 0 0 0 0 0 0 0 0 0 0 0 0 0 0 0 0 0 0 0 0 0 0 0 0 0 0 0 0 0 0 0 0 0 0 0 0 0 0 0 0 0 0 0 0 0 0 0 0 0 0 0 0 0 0 0 0 0 0 0 0 0 0 0 0 0 0 0 0 0 0 0 0 0 0 0 0 0 0 0 0 0 0 0 0 0 0 0 0 0 0 0 0 0 0 0 0 0 0 0 0 0 0 0 0 0 0 0 0 0 0 0 0 0 0 0 0 0 0 0 0 0 0 0 0 0 0 0 0 0 0 0 0 0 0 0 0 0 0 0 0 0 0 0 0 0 0 0 0 0 0 0 0 0 0 0 0 0 0 0 0 0 0 0 0 0 0 0 0 0 0 0 0 0 0 0 0 0 0 0 0 0 0 0 0 0 0 0 0 0 0 0 0 0 0 0 0 0 0 0 0 0 0 0 0 0 0 0 0 0 0 0 0 0 0 0 0 0 0 0 0 0 0 0 0 0 0 0 0 0 0 0 0 0 0 0 0 0 0 0 0 0 0 0 0 0 0 0 0 0 0 0 0 0 0 0 0 0 0 0 0 0 0 0 0 0 0 0 0 0 0 0 0 0 0 0 0 0 0 0 0 0 0 0 0 0 0 0 0 0 0 0 0 0 0 0 0 0 0 0 0 0 0 0 0 0 0 0 0 0 0 0 0 0 0 0 0 0 0 0 0 0 0 0 0 0 0 0 0 0 0 0 0 0 0 0 0 0 0 0 0 0 0 0 0 0 0 0 0 0 0 0 0 0 0 0 0 0 0 0 0 0 0 0 0 0 0 0 0 0 0 0 0 0 0 0 0 0 0 0 0 0 0 0 0 0 0 0 0 0 0 0 0 0 0 0 0 0 0 0 0 0 0 0 0 0 0 0 0 0 0 0 0 0 0 0 0 0 0 0 0 0 0 0 0 0 0 0 0 0 0 0 0 0 0 0 0 0 0 0 0 0 0 0 0 0 0 0 0 0 0 0 0 0 0 0 0 0 0 0 0 0 0 0 0 0 0 0 0 0 0 0 0 0 0 0 0 0 0 0 0 0 0 0 0 0 0 0 0 0 0 0 0 0 0 0 0 0 0 0 0 0 0 0 0 0 0 0 0 0 0 0 0 0 0 0 0 0 0 0 0 0 0 0 0 0 0 0 0 0 0 0 0 0 0 0 0 0 0 0 0 0 0 0 0 0 0 0 0 0 0 0 0 0 0 0 0 0 0 0 0 0 0 0 0 0 0 0 0 0 0 0 0 0 0 0 0 0 0 0 0 0 0 0 0 0 0 0 0 0 0 0 0 0 0 0 0 0 0 0 0 0 0 0 0 0 0 0 0 0 0 0 0 0 0 0 0 0 0 0 0 0 0 0 0 0 0 0 0 0 0 0 0 0 0 0 0 0 0 0 0 0 0 0 0 0 0 0 0 0 0 0 0 0 0 0 0 0 0 0 0 0 0 0 0 0 0 0 0 0 0 0 0 0 0 0 0 0 0 0 0 0 0 0 0 0 0 0 0 0 0 0 0 0 0 0 0 0 0 0 0 0 0 0 0 0 0 0 0 0 0 0 0 0 0 0 0 0 0 0 0 0 0 0 0 0 0 0 0 0 0 0 0 0 0 0 0 0 0 0 0 0 0 0 0 0 0 0 0 0 0 0 0 0 0 0 0 0 0 0 0 0 0 0 0 0 0 0 0 0 0 0 0 0 0 0 0 0 0 0 0 0 0 0 0 0 0 0 0 0 0 0 0 0 0 0 0 0 0 0 0 0 0 0 0 0 0 0 0 0 0 0 0 0 0 0 0 0 0 0 0 0 0 0 0 0 0 0 0 0 0 0 0 0 0 0 0 0 0 0 0 0 0 0 0 0 0 0 0 0 0 0 0 0 0 0 0 0 0 0 0 0 0 0 0 0 0 0 0 0 0 0 0 0 0 0 0 0 0 0 0 0 0 0 0 0 0 0 0 0 0 0 0 0 0 0 0 0 0 0 0 0 0 0 0 0 0 0 0 0 0 0 0 0 0 0 0 0 0 0 0 0 0 0 0 0 0 0 0 0 0 0 0 0 0 0 0 0 0 0 0 0 0 0 0 0 0 0 0 0 0 0 0 0 0 0 0 0 0 0 0 0 0 0 0 0 0 0 0 0 0 0 0 0 0 0 0 0 0 0 0 0 0 0 0 0 0 0 0 0 0 0 0 0 0 0 0 0 0 0 0 0 0 0 0 0 0 0 0 0 0 0 0 0 0 0 0 0 0 0 0 0 0 0 0 0 0 0 0 0 0 0 0 0 0 0 0 0 0 0 0 0 0 0 0 0 0 0 0 0 0 0 0 0 0 0 0 0 0 0 0 0 0 0 0 0 0 0 0 0 0 0 0 0 0 0 0 0 0 0 0 0 0 0 0 0 0 0 0 0 0 0 0 0 0 0 0 0 0 0 0 0 0 0 0 0 0 0 0 0 0 0 0 0 0 0 0 0 0 0 0 0 0 0 0 0 0 0 0 0 0 0 0 0 0 0 0 0 0 0 0 0 0 0 0 0 1 1 1 1 1 1 1 1 1 1 1 1 1 1 1 1 1 1 1 1 1 1 1 1 1 1 1 1 1 1 1 1 1 1 1 1 1 1 1 1 1 1 1 1 1 1 1 1 1 1 1 1 1 1 1 1 1 1 1 1 1 1 1 1 1 1 1 1 1 1 1 1 1 1 1 1 1 1 1 1 1 1 1 1 1 1 1 1 1 1 1 1 1 1 1 1 1 1 1 1 1 1 1 1 1 1 1 1 1 1 1 1 1 1 1 1 1 1 1 1 1 1 1 1 1 1 1 1 1 1 1 1 1 1 1 1 1 1 1 1 1 1 1 1 1 1 1 1 1 1 1 1 1 1 1 1 1 1 1 1 1 1 1 1 1 1 1 1 1 1 1 1 1 1 1 1 1 1 1 1 1 1 1 1 1 1 1 1 1 1 1 1 1 1 1 1 1 1 1 1 1 1 1 1 1 1 1 1 1 1 1 1 1 1 1 1 1 1 1 1 1 1 1 1 1 1 1 1 1 1 1 1 1 1 1 1 1 1 1 1 1 1 1 1 1 1 1 1 1 1 1 1 1 1 1 1 1 1 1 1 1 1 1 1 1 1 1 1 1 1 1 1 1 1 1 1 1 1 1 1 1 1 1 1 1 1 1 1 1 1 1 1 1 1 1 1 1 1 1 1 1 1 1 1 1 1 1 1 1 1 1 1 1 1 1 1 1 1 1 1 1 1 1 1 1 1 1 1 1 1 1 1 1 1 1 1 1 1 1 1 1 1 1 1 1 1 1 1 1 1 1 1 1 1 1 1 1 1 1 1 1 1 1 1 1 1 1 1 1 1 1 1 1 1 1 1 1 1 1 1 1 1 1 1 1 1 1 1 1 1 1 1 1 1 1 1 1 1 1 1 1 1 1 1 1 1 1 1 1 1 1 1 1 1 1 1 1 1 1 1 1 1 1 1 1 1 1 1 1 1 1 1 1 1 1 1 1 1 1 1 1 1 1 1 1 1 1 1 1 1 1 1 1 1 1 1 1 1 1 1 1 1 1 1 1 1 1 1 1 1 1 1 1 1 1 1 1 1 1 1 1 1 1 1 1 1 1 1 1 1 1 1 1 1 1 1 1 1 1 1 1 1 1 1 1 1 1 1 1 1 1 1 1 1 1 1 1 1 1 1 1 1 1 1 1 1 1 1 1 1 1 1 1 1 1 1 1 1 1 1 1 1 1 1 1 1 1 1 1 1 1 1 1 1 1 1 1 1 1 1 1 1 1 1 1 1 1 1 1 1 1 1 1 1 1 1 1 1 1 1 1 1 1 1 1 1 1 1 1 1 1 1 1 1 1 1 1 1 1 1 1 1 1 1 1 1 1 1 1 1 1 1 1 1 1 1 1 1 1 1 1 1 1 1 1 1 1 1 1 1 1 1 1 1 1 1 1 1 1 1 1 1 1 1 1 1 1 1 1 1 1 1 1 1 1 1 1 1 1 1 1 1 1 1 1 1 1 1 1 1 1 1 1 1 1 1 1 1 1 1 1 1 1 1 1 1 1 1 1 1 1 1 1 1 1 1 1 1 1 1 1 1 1 1 1 1 1 1 1 1 1 1 1 1 1 1 1 1 1 1 1 1 1 1 1 1 1 1 1 1 1 1 1 1 1 1 1 1 1 1 1 1 1 1 1 1 1 1 1 1 1 1 1 1 1 1 1 1 1 1 1 1 1 1 1 1 1 1 1 1 1 1 1 1 1 1 1 1 1 1 1 1 1 1 1 1 1 1 1 1 1 1 1 1 1 1 1 1 1 1 1 1 1 1 1 1 1 1 1 1 1 1 1 1 1 1 1 1 1 1 1 1 1 1 1 1 1 1 1 1 1 1 1 1 1 1 1 1 1 1 1 1 1 1 1 1 1 1 1 1 1 1 1 1 1 1 1 1 1 1 1 1 1 1 1 1 1 1 1 1 1 1 1 1 1 1 1 1 1 1 1 1 1 1 1 1 1 1 1 1 1 1 1 1 1 1 1 1 1 1 1 1 1 1 1 1 1 1 1 1 1 1 1 1 1 1 1 1 1 1 1 1 1 1 1 1 1 1 1 1 1 1 1 1 1 1 1 1 1 1 1 1 1 1 1 1 1 1 1 1 1 1 1 1 1 1 1 1 1 1 1 1 1 1 1 1 1 1 1 1 1 1 1 1 1 1 1 1 1 1 1 1 1 1 1 1 1 1 1 1 1 1 1 1 1 1 1 1 1 1 1 1 1 1 1 1 1 1 1 1 1 1 1 1 1 1 1 1 1 1 1 1 1 1 1 1 1 1 1 1 1 1 1 1 1 1 1 1 1 1 1 1 1 1 1 1 1 1 1 1 1 1 1 1 1 1 1 1 1 1 1 1 1 1 1 1 1 1 1 1 1 1 1 1 1 1 1 1 1 1 1 1 1 1 1 1 1 1 1 1 1 1 1 1 1 1 1 1 1 1 1 1 1 1 1 1 1 1 1 1 1 1 1 1 1 1 1 1 1 1 1 1 1 1 1 1 1 1 1 1 1 1 1 1 1 1 1 1 1 1 1 1 1 1 1 1 1 1 1 1 1 1 1 1 1 1 1 1 1 1 1 1 1 1 1 1 1 1 1 1 1 1 1 1 1 1 1 1 1 1 1 1 1 1 1 1 1 1 1 1 1 1 1 1 1 1 1 1 1 1 1 1 1 1 1 1 1 1 1 1 1 1 1 1 1 1 1 1 1 1 1 1 1 1 1 1 1 1 1 1 1 1 1 1 1 1 1 1 1 1 1 1 1 1 1 1 1 1 1 1 1 1 1 1 1 1 1 1 1 1 1 1 1 1 1 1 1 1 1 1 1 1 1 1 1 1 1 1 1 1 1 1 1 1 1 1 1 1 1 1 1 1 1 1 1 1 1 1 1 1 1 1 1 1 1 1 1 1 1 1 1 1 1 1 1 1 1 1 1 1 1 1 1 1 1 1 1 1 1 1 1 1 1 1 1 1 1 1 1 1 1 1 1 1 1 1 1 1 1 1 1 1 1 1 1 1 1 1 1 1 1 1 1 1 1 1 1 1 1 1 1 1 1 1 1 1 1 1 1 1 1 1 1 1 1 1 1 1 1 1 1 1 1 1 1 1 1 1 1 1 1 1 1 1 1 1 1 1 1 1 1 1 1 1 1 1 1 1 1 1 1 1 1 1 1 1 1 1 1 1 1 1 1 1 1 1 1 1 1 1 1 1 1 1 1 1 1 1 1 1 1 1 1 1 1 1 1 1 1 1 1 1 1 1 1 1 1 1 1 1 1 1 1 1 1 1 1 1 1 1 1 1 1 1 1 1 1 1 1 1 1 1 1 1 1 1 1 1 1 1 1 1 1 1 1 1 1 1 1 1 1 1 1 1 1 1 1 1 1 1 1 1 1 1 1 1 1 1 1 1 1 1 1 1 1 1 1 1 1 1 1 1 1 1 1 1 1 1 1 1 1 1 1 1 1 1 1 1 1 1 1 1 1 1 1 1 1 1 1 1 1 1 1 1 1 1 1 1 1 1 1 1 1 1 1 1 1 1 1 1 1 1 1 1 1 1 1 1 1 1 1 1 1 1 1 1 1 1 1 1 1 1 1 1 1 1 1 1 1 1 1 1 1 1 1 1 1 1 1 1 1 1 1 1 1 1 1 1 1 1 1 1 1 1 1 1 1 1 1 1 1 1 1 1 1 1 1 1 1 1 1 1 1 1 1 1 1 1 1 1 1 1 1 1 1 1 1 1 1 1 1 1 1 1 1 1 1 1 1 1 1 1 1 1 1 1 1 1 1 1 1 1 1 1 1 1 1 1 1 1 1 1 1 1 1 1 1 1 1 1 1 1 1 1 1 1 1 1 1 1 1 1 1 1 1 1 1 1 1 1 1 1 1 1 1 1 1 1 1 1 1 1 1 1 1 1 1 1 1 1 1 1 1 1 1 1 1 1 1 1 1 1 1 1 1 1 1 1 1 1 1 1 1 1 1 1 1 1 1 1 1 1 1 1 1 1 1 1 1 1 1 1 1 1 1 1 1 1 1 1 1 1 1 1 1 1 1 1 1 1 1 1 1 1 1 1 1 1 1 1 1 1 1 1 1 1 1 1 1 1 1 1 1 1 1 1 1 1 1 1 1 1 1 1 1 1 1 1 1 1 1 1 1 1 1 1 1 1 1 1 1 1 1 1 1 1 1 1 1 1 1 1 1 1 1 1 1 1 1 1 1 1 1 1 1 1 1 1 1 1 1 1 1 1 1 1 1 1 1 1 1 1 1 1 1 1 1 1 1 1 1 1 1 1 1 1 1 1 1 1 1 1 1 1 1 1 1 1 1 1 1 1 1 1 1 1 1 1 1 1 1 1 1 1 1 1 1 1 1 1 1 1 1 1 1 1 1 1 1 1 1 1 1 1 1 1 1 1 1 1 1 1 1 1 1 1 1 1 1 1 1 1 1 1 1 1 1 1 1 1 1 1 1 1 1 1 1 1 1 1 1 1 1 1 1 1 1 1 1 1 1 1 1 1 1 1 1 1 1 1 1 1 1 1 1 1 1 1 1 1 1 1 1 1 1 1 1 1 1 1 1 1 1 1 1 1 1 1 1 1 1 1 1 1 1 1 1 1 1 1 1 1 1 1 1 1 1 1 1 1 1 1 1 1 1 1 1 1 1 1 1 1 1 1 1 1 1 1 1 1 1 1 1 1 1 1 1 1 1 1 1 1 1 1 1 1 1 1 1 1 1 1 1 1 1 1 1 1 1 1 1 1 1 1 1 1 1 1 1 1 1 1 1 1 1 1 1 1 1 1 1 1 1 1 1 1 1 1 1 1 1 1 1 1 1 1 1 1 1 1 1 1 1 1 1 1 1 1 1 1 1 1 1 1 1 1 1 1 1 1 1 1 1 1 1 1 1 1 1 1 1 1 1 1 1 1 1 1 1 1 1 1 1 1 1 1 1 1 1 1 1 1 1 1 1 1 1 1 1 1 1 1 1 1 1 1 1 1 1 1 1 1 1 1 1 1 1 1 1 1 1 1 1 1 1 1 1 1 1 1 1 1 1 1 1 1 1 1 1 1 1 1 1 1 1 1 1 1 1 1 1 1 1 1 1 1 1 1 1 1 1 1 1 1 1 1 1 1 1 1 1 1 1 1 1 1 1 1 1 1 1 1 1 1 1 1 1 1 1 1 1 1 1 1 1 1 1 1 1 1 1 1 1 1 1 1 1 1 1 1 1 1 1 1 1 1 1 1 1 1 1 1 1 1 1 1 1 1 1 1 1 1 1 1 1 1 1 1 1 1 1 1 1 1 1 1 1 1 1 1 1 1 1 1 1 1 1 1 1 1 1 1 1 1 1 1 1 1 1 1 1 1 1 1 1 1 1 1 1 1 1 1 1 1 1 1 1 1 1 1 1 1 1 1 1 1 1 1 1 1 1 1 1 1 1 1 1 1 1 1 1 1 1 1 1 1 1 1 1 1 1 1 1 1 1 1 1 1 1 1 1 1 1 1 1 1 1 1 1 1 1 1 1 1 1 1 1 1 1 1 1 1 1 1 1 1 1 1 1 1 1 1 1 1 1 1 1 1 1 1 1 1 1 1 1 1 1 1 1 1 1 1 1 1 1 1 1 1 1 1 1 1 1 1 1 1 1 1 1 1 1 1 1 1 1 1 1 1 1 1 1 1 1 1 1 1 1 1 1 1 1 1 1 1 1 1 1 1 1 1 1 1 1 1 1 1 1 1 1 1 1 1 1 1 1 1 1 1 1 1 1 1 1 1 1 1 1 1 1 1 1 1 1 1 1 1 1 1 1 1 1 1 1 1 1 1 1 1 1 1 1 1 1 1 1 1 1 1 1 1 1 1 1 1 1 1 1 1 1 1 1 1 1 1 1 1 1 1 1 1 1 1 1 1 1 1 1 1 1 1 1 1 1 1 1 1 1 1 1 1 1 1 1 1 1 1 1 1 1 1 1 1 1 1 1 1 1 1 1 1 1 1 1 1 1 1 1 1 1 1 1 1 1 1 1 1 1 1 1 1 1 1 1 1 1 1 1 1 1 1 1 1 1 1 1 1 1 1 1 1 1 1 1 1 1 1 1 1 1 1 1 1 1 1 1 1 1 1 1 1 1 1 1 1 1 1 1 1 1 1 1 1 1 1 1 1 1 1 1 1 1 1 1 1 1 1 1 1 1 1 1 1 1 1 1 1 1 1 1 1 1 1 1 1 1 1 1 1 1 1 1 1 1 1 1 1 1 1 1 1 1 1 1 1 1 1 1 1 1 1 1 1 1 1 1 1 1 1 1 1 1 1 1 1 1 1 1 1 1 1 1 1 1 1 1 1 1 1 1 1 1 1 1 1 1 1 1 1 1 1 1 1 1 1 1 1 1 1 1 1 1 1 1 1 1 1 1 1 1 1 1 1 1 1 1 1 1 1 1 1 1 1 1 1 1 1 1 1 1 1 1 1 1 1 1 1 1 1 1 1 1 1 1 1 1 1 1 1 1 1 1 1 1 1 1 1 1 1 1 1 1 1 1 1 1 1 1 1 1 1 1 1 1 1 1 1 1 1 1 1 1 1 1 1 1 1 1 1 1 1 1 1 1 1 1 1 1 1 1 1 1 1 1 1 1 1 1 1 1 1 1 1 1 1 1 1 1 1 1 1 1 1 1 1 1 1 1 1 1 1 1 1 1 1 1 1 1 1 1 1 1 1 1 1 1 1 1 1 1 1 1 1 1 1 1 1 1 1 1 1 1 1 1 1 1 1 1 1 1 1 1 1 1 1 1 1 1 1 1 1 1 1 1 1 1 1 1 1 1 1 1 1 1 1 1 1 1 1 1 1 1 1 1 1 1 1 1 1 1 1 1 1 1 1 1 1 1 1 1 1 1 1 1 1 1 1 1 1 1 1 1 1 1 1 1 1 1 1 1 1 1 1 1 1 1 1 1 1 1 1 1 1 1 1 1 1 1 1 1 1 1 1 1 1 1 1 1 1 1 1 1 1 1 1 1 1 1 1 1 1 1 1 1 1 1 1 1 1 1 1 1 1 1 1 1 1 1 1 1 1 1 1 1 1 1 1 1 1 1 1 1 1 1 1 1 1 1 1 1 1 1 1 1 1 1 1 1 1 1 1 1 1 1 1 1 1 1 1 1 1 1 1 1 1 1 1 1 1 1 1 1 1 1 1 1 1 1 1 1 1 1 1 1 1 1 1 1 1 1 1 1 1 1 1 1 1 1 1 1 1 1 1 1 1 1 1 1 1 1 1 1 1 1 1 1 1 1 1 1 1 1 1 1 1 1 1 1 1 1 1 1 1 1 1 1 1 1 1 1 1 1 1 1 1 1 1 1 1 1 1 1 1 1 1 1 1 1 1 1 1 1 1 1 1 1 1 1 1 1 1 1 1 1 1 1 1 1 1 1 1 1 1 1 1 1 1 1 1 1 1 1 1 1 1 1 1 1 1 1 1 1 1 1 1 1 1 1 1 1 1 1 1 1 1 1 1 1 1 1 1 1 1 1 1 1 1 1 1 1 1 1 1 1 1 1 1 1 1 1 1 1 1 1 1 1 1 1 1 1 1 1 1 1 1 1 1 1 1 1 1 1 1 1 1 1 1 1 1 1 1 1 1 1 1 1 1 1 1 1 1 1 1 1 1 1 1 1 1 1 1 1 1 1 1 1 1 1 1 1 1 1 1 1 1 1 1 1 1 1 1 1 1 1 1 1 1 1 1 1 1 1 1 1 1 1 1 1 1 1 1 1 1 1 1 1 1 1 1 1 1 1 1 1 1 1 1 1 1 1 1 1 1 1 1 1 1 1 1 1 1 1 1 1 1 1 1 1 1 1 1 1 1 1 1 1 1 1 1 1 1 1 1 1 1 1 1 1 1 1 1 1 1 1 1 1 1 1 1 1 1 1 1 1 1 1 1 1 1 1 1 1 1 1 1 1 1 1 1 1 1 1 1 1 1 1 1 1 1 1 1 1 1 1 1 1 1 1 1 1 1 1 1 1 1 1 1 1 1 1 1 1 1 1 1 1 1 1 1 1 1 1 1 1 1 1 1 1 1 1 1 1 1 1 1 1 1 1 1 1 1 1 1 1 1 1 1 1 1 1 1 1 1 1 1 1 1 1 1 1 1 1 1 1 1 1 1 1 1 1 1 1 1 1 1 1 1 1 1 1 1 1 1 1 1 1 1 1 1 1 1 1 1 1 1 1 1 1 1 1 1 1 1 1 1 1 1 1 1 1 1 1 1 1 1 1 1 1 1 1 1 1 1 1 1 1 1 1 1 1 1 1 1 1 1 1 1 1 1 1 1 1 1 1 1 1 1 1 1 1 1 1 1 1 1 1 1 1 1 1 1 1 1 1 1 1 1 1 1 1 1 1 1 1 1 1 1 1 1 1 1 1 1 1 1 1 1 1 1 1 1 1 1 1 1 1 1 1 1 1 1 1 1 1 1 1 1 1 1 1 1 1 1 1 1 1 1 1 1 1 1 1 1 1 1 1 1 1 1 1 1 1 1 1 1 1 1 1 1 1 1 1 1 1 1 1 1 1 1 1 1 1 1 1 1 1 1 1 1 1 1 1 1 1 1 1 1 1 1 1 1 1 1 1 1 1 1 1 1 1 1 1 1 1 1 1 1 1 1 1 1 1 1 1 1 1 1 1 1 1 1 1 1 1 1 1 1 1 1 1 1 1 1 1 1 1 1 1 1 1 1 1 1 1 1 1 1 1 1 1 1 1 1 1 1 1 1 1 1 1 1 1 1 1 1 1 1 1 1 1 1 1 1 1 1 1 1 1 1 1 1 1 1 1 1 1 1 1 1 1 1 1 1 1 1 1 1 1 1 1 1 1 1 1 1 1 1 1 1 1 1 1 1 1 1 1 1 1 1 1 1 1 1 1 1 1 1 1 1 1 1 1 1 1 1 1 1 1 1 1 1 1 1 1 1 1 1 1 1 1 1 1 1 1 1 1 1 1 1 1 1 1 1 1 1 1 1 1 1 1 1 1 1 1 1 1 1 1 1 1 1 1 1 1 1 1 1 1 1 1 1 1 1 1 1 1 1 1 1 1 1 1 1 1 1 1 1 1 1 1 1 1 1 1 1 1 1 1 1 1 1 1 1 1 1 1 1 1 1 1 1 1 1 1 1 1 1 1 1 1 1 1 1 1 1 1 1 1 1 1 1 1 1 1 1 1 1 1 1 1 1 1 1 1 1 1 1 1 1 1 1 1 1 1 1 1 1 1 1 1 1 1 1 1 1 1 1 1 1 1 1 1 1 1 1 1 1 1 1 1 1 1 1 1 1 1 1 1 1 1 1 1 1 1 1 1 1 1 1 1 1 1 1 1 1 1 1 1 1 1 1 1 1 1 1 1 1 1 1 1 1 1 1 1 1 1 1 1 1 1 1 1 1 1 1 1 1 1 1 1 1 1 1 1 1 1 1 1 1 1 1 1 1 1 1 1 1 1 1 1 1 1 1 1 1 1 1 1 1 1 1 1 1 1 1 1 1 1 1 1 1 1 1 1 1 1 1 1 1 1 1 1 1 1 1 1 1 1 1 1 1 1 1 1 1 1 1 1 1 1 1 1 1 1 1 1 1 1 1 1 1 1 1 1 1 1 1 1 1 1 1 1 1 1 1 1 1 1 1 1 1 1 1 1 1 1 1 1 1 1 1 1 1 1 1 1 1 1 1 1 1 1 1 1 1 1 1 1 1 1 1 1 1 1 1 1 1 1 1 1 1 1 1 1 1 1 1 1 1 1 1 1 1 1 1 1 1 1 1 1 1 1 1 1 1 1 1 1 1 1 1 1 1 1 1 1 1 1 1 1 1 1 1 1 1 1 1 1 1 1 1 1 1 1 1 1 1 1 1 1 1 1 1 1 1 1 1 1 1 1 1 1 1 1 1 1 1 1 1 1 1 1 1 1 1 1 1 1 1 1 1 1 1 1 1 1 1 1 1 1 1 1 1 1 1 1 1 1 1 1 1 1 1 1 1 1 1 1 1 1 1 1 1 1 1 1 1 1 1 1 1 1 1 1 1 1 1 1 1 1 1 1 1 1 1 1 1 1 1 1 1 1 1 1 1 1 1 1 1 1 1 1 1 1 1 1 1 1 1 1 1 1 1 1 1 1 1 1 1 1 1 1 1 1 1 1 1 1 1 1 1 1 1 1 1 1 1 1 1 1 1 1 1 1 1 1 1 1 1 1 1 1 1 1 1 1 1 1 1 1 1 1 1 1 1 1 1 1 1 1 1 1 1 1 1 1 1 1 1 1 1 1 1 1 1 1 1 1 1 1 1 1 1 1 1 1 1 1 1 1 1 1 1 1 1 1 1 1 1 1 1 1 1 1 1 1 1 1 1 1 1 1 1 1 1 1 1 1 1 1 1 1 1 1 1 1 1 1 1 1 1 1 1 1 1 1 1 1 1 1 1 1 1 1 1 1 1 1 1 1 1 1 1 1 1 1 1 1 1 1 1 1 1 1 1 1 1 1 1 1 1 1 1 1 1 1 1 1 1 1 1 1 1 1 1 1 1 1 1 1 1 1 1 1 1 1 1 1 1 1 1 1 1 1 1 1 1 1 1 1 1 1 1 1 1 1 1 1 1 1 1 1 1 1 1 1 1 1 1 1 1 1 1 1 1 1 1 1 1 1 1 1 1 1 1 1 1 1 1 1 1 1 1 1 1 1 1 1 1 1 1 1 1 1 1 1 1 1 1 1 1 1 1 1 1 1 1 1 1 1 1 1 1 1 1 1 1 1 1 1 1 1 1 1 1 1 1 1 1 1 1 1 1 1 1 1 1 1 1 1 1 1 1 1 1 1 1 1 1 1 1 1 1 1 1 1 1 1 1 1 1 1 1 1 1 1 1 1 1 1 1 1 1 1 1 1 1 1 1 1 1 1 1 1 1 1 1 1 1 1 1 1 1 1 1 1 1 1 1 1 1 1 1 1 1 1 1 1 1 1 1 1 1 1 1 1 1 1 1 1 1 1 1 1 1 1 1 1 1 1 1 1 1 1 1 1 1 1 1 1 1 1 1 1 1 1 1 1 1 1 1 1 1 1 1 1 1 1 1 1 1 1 1 1 1 1 1 1 1 1 1 1 1 1 1 1 1 1 1 1 1 1 1 1 1 1 1 1 1 1 1 1 1 1 1 1 1 1 1 1 1 1 1 1 1 1 1 1 1 1 1 1 1 1 1 1 1 1 1 1 1 1 1 1 1 1 1 1 1 1 1 1 1 1 1 1 1 1 1 1 1 1 1 1 1 1 1 1 1 1 1 1 1 1 1 1 1 1 1 1 1 1 1 1 1 1 1 1 1 1 1 1 1 1 1 1 1 1 1 1 1 1 1 1 1 1 1 1 1 1 1 1 1 1 1 1 1 1 1 1 1 1 1 1 1 1 1 1 1 1 1 1 1 1 1 1 1 1 1 1 1 1 1 1 1 1 1 1 1 1 1 1 1 1 1 1 1 1 1 1 1 1 1 1 1 1 1 1 1 1 1 1 1 1 1 1 1 1 1 1 1 1 1 1 1 1 1 1 1 1 1 1 1 1 1 1 1 1 1 1 1 1 1 1 1 1 1 1 1 1 1 1 1 1 1 1 1 1 1 1 1 1 1 1 1 1 1 1 1 1 1 1 1 1 1 1 1 1 1 1 1 1 1 1 1 1 1 1 1 1 1 1 1 1 1 1 1 1 1 1 1 1 1 1 1 1 1 1 1 1 1 1 1 1 1 1 1 1 1 1 1 1 1 1 1 1 1 1 1 1 1 1 1 1 1 1 1 1 1 1 1 1 1 1 1 1 1 1 1 1 1 1 1 1 1 1 1 1 1 1 1 1 1 1 1 1 1 1 1 1 1 1 1 1 1 1 1 1 1 1 1 1 1 1 1 1 1 1 1 1 1 1 1 1 1 1 1 1 1 1 1 1 1 1 1 1 1 1 1 1 1 1 1 1 1 1 1 1 1 1 1 1 1 1 1 1 1 1 1 1 1 1 1 1 1 1 1 1 1 1 1 1 1 1 1 1 1 1 1 1 1 1 1 1 1 1 1 1 1 1 1 1 1 1 1 1 1 1 1 1 1 1 1 1 1 1 1 1 1 1 1 1 1 1 1 1 1 1 1 1 1 1 1 1 1 1 1 1 1 1 1 1 1 1 1 1 1 1 1 1 1 1 1 1 1 1 1 1 1 1 1 1 1 1 1 1 1 1 1 1 1 1 1 1 1 1 1 1 1 1 1 1 1 1 1 1 1 1 1 1 1 1 1 1 1 1 1 1 1 1 1 1 1 1 1 1 1 1 1 1 1 1 1 1 1 1 1 1 1 1 1 1 1 1 1 1 1 1 1 1 1 1 1 1 1 1 1 1 1 1 1 1 1 1 1 1 1 1 1 1 1 1 1 1 1 1 1 1 1 1 1 1 1 1 1 1 1 1 1 1 1 1 1 1 1 1 1 1 1 1 1 1 1 1 1 1 1 1 1 1 1 1 1 1 1 1 1 1 1 1 1 1 1 1 1 1 1 1 1 1 1 1 1 1 1 1 1 1 1 1 1 1 1 1 1 1 1 1 1 1 1 1 1 1 1 1 1 1 1 1 1 1 1 1 1 1 1 1 1 1 1 1 1 1 1 1 1 1 1 1 1 1 1 1 1 1 1 1 1 1 1 1 1 1 1 1 1 1 1 1 1 1 1 1 1 1 1 1 1 1 1 1 1 1 1 1 1 1 1 1 1 1 1 1 1 1 1 1 1 1 1 1 1 1 1 1 1 1 1 1 1 1 1 1 1 1 1 1 1 1 1 1 1 1 1 1 1 1 1 1 1 1 1 1 1 1 1 1 1 1 1 1 1 1 1 1 1 1 1 1 1 1 1 1 1 1 1 1 1 1 1 1 1 1 1 1 1 1 1 1 1 1 1 1 1 1 1 1 1 1 1 1 1 1 1 1 1 1 1 1 1 1 1 1 1 1 1 1 1 1 1 1 1 1 1 1 1 1 1 1 1 1 1 1 1 1 1 1 1 1 1 1 1 1 1 1 1 1 1 1 1 1 1 1 1 1 1 1 1 1 1 1 1 1 1 1 1 1 1 1 1 1 1 1 1 1 1 1 1 1 1 1 1 1 1 1 1 1 1 1 1 1 1 1 1 1 1 1 1 1 1 1 1 1 1 1 1 1 1 1 1 1 1 1 1 1 1 1 1 1 1 1 1 1 1 1 1 1 1 1 1 1 1 1 1 1 1 1 1 1 1 1 1 1 1 1 1 1 1 1 1 1 1 1 1 1 1 1 1 1 1 1 1 1 1 1 1 1 1 1 1 1 1 1 1 1 1 1 1 1 1 1 1 1 1 1 1 1 1 1 1 1 1 1 1 1 1 1 1 1 1 1 1 1 1 1 1 1 1 1 1 1 1 1 1 1 1 1 1 1 1 1 1 1 1 1 1 1 1 1 1 1 1 1 1 1 1 1 1 1 1 1 1 1 1 1 1 1 1 1 1 1 1 1 1 1 1 1 1 1 1 1 1 1 1 1 1 1 1 1 1 1 1 1 1 1 1 1 1 1 1 1 1 1 1 1 1 1 1 1 1 1 1 1 1 1 1 1 1 1 1 1 1 1 1 1 1 1 1 1 1 1 1 1 1 1 1 1 1 1 1 1 1 1 1 1 1 1 1 1 1 1 1 1 1 1 1 1 1 1 1 1 1 1 1 1 1 1 1 1 1 1 1 1 1 1 1 1 1 1 1 1 1 1 1 1 1 1 1 1 1 1 1 1 1 1 1 1 1 1 1 1 1 1 1 1 1 1 1 1 1 1 1 1 1 1 1 1 1 1 1 1 1 1 1 1 1 1 1 1 1 1 1 1 1 1 1 1 1 1 1 1 1 1 1 1 1 1 1 1 1 1 1 1 1 1 1 1 1 1 1 1 1 1 1 1 1 1 1 1 1 1 1 1 1 1 1 1 1 1 1 1 1 1 1 1 1 1 1 1 1 1 1 1 1 1 1 1 1 1 1 1 1 1 1 1 1 1 1 1 1 1 1 1 1 1 1 1 1 1 1 1 1 1 1 1 1 1 1 1 1 1 1 1 1 1 1 1 1 1 1 1 1 1 1 1 1 1 1 1 1 1 1 1 1 1 1 1 1 1 1 1 1 1 1 1 1 1 1 1 1 1 1 1 1 1 1 1 1 1 1 1 1 1 1 1 1 1 1 1 1 1 1 1 1 1 1 1 1 1 1 1 1 1 1 1 1 1 1 1 1 1 1 1 1 1 1 1 1 1 1 1 1 1 1 1 1 1 1 1 1 1 1 1 1 1 1 1
</DataArray>
<DataArray type="Int32" Name="phase" format="ascii">
0 0 0 0 0 0 0 0 0 0 0 0 0 0 0 0 0 0 0 0 0 0 0 0 0 0 0 0 0 0 0 0 0 0 0 0 0 0 0 0 0 0 0 0 0 0 0 0 0 0 0 0 0 0 0 0 0 0 0 0 0 0 0 0 0 0 0 0 0 0 0 0 0 0 0 0 0 0 0 0 0 0 0 0 0 0 0 0 0 0 0 0 0 0 0 0 0 0 0 0 0 0 0 0 0 0 0 0 0 0 0 0 0 0 0 0 0 0 0 0 0 0 0 0 0 0 0 0 0 0 0 0 0 0 0 0 0 0 0 0 0 0 0 0 0 0 0 0 0 0 0 0 0 0 0 0 0 0 0 0 0 0 0 0 0 0 0 0 0 0 0 0 0 0 0 0 0 0 0 0 0 0 0 0 0 0 0 0 0 0 0 0 0 0 0 0 0 0 0 0 0 0 0 0 0 0 0 0 0 0 0 0 0 0 0 0 0 0 0 0 0 0 0 0 0 0 0 0 0 0 0 0 0 0 0 0 0 0 0 0 0 0 0 0 0 0 0 0 0 0 0 0 0 0 0 0 0 0 0 0 0 0 0 0 0 0 0 0 0 0 0 0 0 0 0 0 0 0 0 0 0 0 0 0 0 0 0 0 0 0 0 0 0 0 0 0 0 0 0 0 0 0 0 0 0 0 0 0 0 0 0 0 0 0 0 0 0 0 0 0 0 0 0 0 0 0 0 0 0 0 0 0 0 0 0 0 0 0 0 0 0 0 0 0 0 0 0 0 0 0 0 0 0 0 0 0 0 0 0 0 0 0 0 0 0 0 0 0 0 0 0 0 0 0 0 0 0 0 0 0 0 0 0 0 0 0 0 0 0 0 0 0 0 0 0 0 0 0 0 0 0 0 0 0 0 0 0 0 0 0 0 0 0 0 0 0 0 0 0 0 0 0 0 0 0 0 0 0 0 0 0 0 0 0 0 0 0 0 0 0 0 0 0 0 0 0 0 0 0 0 0 0 0 0 0 0 0 0 0 0 0 0 0 0 0 0 0 0 0 0 0 0 0 0 0 0 0 0 0 0 0 0 0 0 0 0 0 0 0 0 0 0 0 0 0 0 0 0 0 0 0 0 0 0 0 0 0 0 0 0 0 0 0 0 0 0 0 0 0 0 0 0 0 0 0 0 0 0 0 0 0 0 0 0 0 0 0 0 0 0 0 0 0 0 0 0 0 0 0 0 0 0 0 0 0 0 0 0 0 0 0 0 0 0 0 0 0 0 0 0 0 0 0 0 0 0 0 0 0 0 0 0 0 0 0 0 0 0 0 0 0 0 0 0 0 0 0 0 0 0 0 0 0 0 0 0 0 0 0 0 0 0 0 0 0 0 0 0 0 0 0 0 0 0 0 0 0 0 0 0 0 0 0 0 0 0 0 0 0 0 0 0 0 0 0 0 0 0 0 0 0 0 0 0 0 0 0 0 0 0 0 0 0 0 0 0 0 0 0 0 0 0 0 0 0 0 0 0 0 0 0 0 0 0 0 0 0 0 0 0 0 0 0 0 0 0 0 0 0 0 0 0 0 0 0 0 0 0 0 0 0 0 0 0 0 0 0 0 0 0 0 0 0 0 0 0 0 0 0 0 0 0 0 0 0 0 0 0 0 0 0 0 0 0 0 0 0 0 0 0 0 0 0 0 0 0 0 0 0 0 0 0 0 0 0 0 0 0 0 0 0 0 0 0 0 0 0 0 0 0 0 0 0 0 0 0 0 0 0 0 0 0 0 0 0 0 0 0 0 0 0 0 0 0 0 0 0 0 0 0 0 0 0 0 0 0 0 0 0 0 0 0 0 0 0 0 0 0 0 0 0 0 0 0 0 0 0 0 0 0 0 0 0 0 0 0 0 0 0 0 0 0 0 0 0 0 0 0 0 0 0 0 0 0 0 0 0 0 0 0 0 0 0 0 0 0 0 0 0 0 0 0 0 0 0 0 0 0 0 0 0 0 0 0 0 0 0 0 0 0 0 0 0 0 0 0 0 0 0 0 0 0 0 0 0 0 0 0 0 0 0 0 0 0 0 0 0 0 0 0 0 0 0 0 0 0 0 0 0 0 0 0 0 0 0 0 0 0 0 0 0 0 0 0 0 0 0 0 0 0 0 0 0 0 0 0 0 0 0 0 0 0 0 0 0 0 0 0 0 0 0 0 0 0 0 0 0 0 0 0 0 0 0 0 0 0 0 0 0 0 0 0 0 0 0 0 0 0 0 0 0 0 0 0 0 0 0 0 0 0 0 0 0 0 0 0 0 0 0 0 0 0 0 0 0 0 0 0 0 0 0 0 0 0 0 0 0 0 0 0 0 0 0 0 0 0 0 0 0 0 0 0 0 0 0 0 0 0 0 0 0 0 0 0 0 0 0 0 0 0 0 0 0 0 0 0 0 0 0 0 0 0 0 0 0 0 0 0 0 0 0 0 0 0 0 0 0 0 0 0 0 0 0 0 0 0 0 0 0 0 0 0 0 0 0 0 0 0 0 0 0 0 0 0 0 0 0 0 0 0 0 0 0 0 0 0 0 0 0 0 0 0 0 0 0 0 0 0 0 0 0 0 0 0 0 0 0 0 0 0 0 0 0 0 0 0 0 0 0 0 0 0 0 0 0 0 0 0 0 0 0 0 0 0 0 0 0 0 0 0 0 0 0 0 0 0 0 0 0 0 0 0 0 0 0 0 0 0 0 0 0 0 0 0 0 0 0 0 0 0 0 0 0 0 0 0 0 0 0 0 0 0 0 0 0 0 0 0 0 0 0 0 0 0 0 0 0 0 0 0 0 0 0 0 0 0 0 0 0 0 0 0 0 0 0 0 0 0 0 0 0 0 0 0 0 0 0 0 0 0 0 0 0 0 0 0 0 0 0 0 0 0 0 0 0 0 0 0 0 0 0 0 0 0 0 0 0 0 0 0 0 0 0 0 0 0 0 0 0 0 0 0 0 0 0 0 0 0 0 0 0 0 0 0 0 0 0 0 0 0 0 0 0 0 0 0 0 0 0 0 0 0 0 0 0 0 0 0 0 0 0 0 0 0 0 0 0 0 0 0 0 0 0 0 0 0 0 0 0 0 0 0 0 0 0 0 0 0 0 0 0 0 0 0 0 0 0 0 0 0 0 0 0 0 0 0 0 0 0 0 0 0 0 0 0 0 0 0 0 0 0 0 0 0 0 0 0 0 0 0 0 0 0 0 0 0 0 0 0 0 0 0 0 0 0 0 0 0 0 0 0 0 0 0 0 0 0 0 0 0 0 0 0 0 0 0 0 0 0 0 0 0 0 0 0 0 0 0 0 0 0 0 0 0 0 0 0 0 0 0 0 0 0 0 0 0 0 0 0 0 0 0 0 0 0 0 0 0 0 0 0 0 0 0 0 0 0 0 0 0 0 0 0 0 0 0 0 0 0 0 0 0 0 0 0 0 0 0 0 0 0 0 0 0 0 0 0 0 0 0 0 0 0 0 0 0 0 0 0 0 0 0 0 0 0 0 0 0 0 0 0 0 0 0 0 0 0 0 0 0 0 0 0 0 0 0 0 0 0 0 0 0 0 0 0 0 0 0 0 0 0 0 0 0 0 0 0 0 0 0 0 0 0 0 0 0 0 0 0 0 0 0 0 0 0 0 0 0 0 0 0 0 0 0 0 0 0 0 0 0 0 0 0 0 0 0 0 0 0 0 0 0 0 0 0 0 0 0 0 0 0 0 0 0 0 0 0 0 0 0 0 0 0 0 0 0 0 0 0 0 0 0 0 0 0 0 0 0 0 0 0 0 0 0 0 0 0 0 0 0 0 0 0 0 0 0 0 0 0 0 0 0 0 0 0 0 0 0 0 0 0 0 0 0 0 0 0 0 0 0 0 0 0 0 0 0 0 0 0 0 0 0 0 0 0 0 0 0 0 0 0 0 0 0 0 0 0 0 0 0 0 0 0 0 0 0 0 0 0 0 0 0 0 0 0 0 0 0 0 0 0 0 0 0 0 0 0 0 0 0 0 0 0 0 0 0 0 0 0 0 0 0 0 0 0 0 0 0 0 0 0 0 0 0 0 0 0 0 0 0 0 0 0 0 0 0 0 0 0 0 0 0 0 0 0 0 0 0 0 0 0 0 0 0 0 0 0 0 0 0 0 0 0 0 0 0 0 0 0 0 0 0 0 0 0 0 0 0 0 0 0 0 0 0 0 0 0 0 0 0 0 0 0 0 0 0 0 0 0 0 0 0 0 0 0 0 0 0 0 0 0 0 0 0 0 0 0 0 0 0 0 0 0 0 0 0 0 0 0 0 0 0 0 0 0 0 0 0 0 0 0 0 0 0 0 0 0 0 0 0 0 0 0 0 0 0 0 0 0 0 0 0 0 0 0 0 0 0 0 0 0 0 0 0 0 0 0 0 0 0 0 0 0 0 0 0 0 0 0 0 0 0 0 0 0 0 0 0 0 0 0 0 0 0 0 0 0 0 0 0 0 0 0 0 0 0 0 0 0 0 0 0 0 0 0 0 0 0 0 0 0 0 0 0 0 0 0 0 0 0 0 0 0 0 0 0 0 0 0 0 0 0 0 0 0 0 0 0 0 0 0 0 0 0 0 0 0 0 0 0 0 0 0 0 0 0 0 0 0 0 0 0 0 0 0 0 0 0 0 0 0 0 0 0 0 0 0 0 0 0 0 0 0 0 0 0 0 0 0 0 0 0 0 0 0 0 0 0 0 0 0 0 0 0 0 0 0 0 0 0 0 0 0 0 0 0 0 0 0 0 0 0 0 0 0 0 0 0 0 0 0 0 0 0 0 0 0 0 0 0 0 0 0 0 0 0 0 0 0 0 0 0 0 0 0 0 0 0 0 0 0 0 0 0 0 0 0 0 0 0 0 0 0 0 0 0 0 0 0 0 0 0 0 0 0 0 0 0 0 0 0 0 0 0 0 0 0 0 0 0 0 0 0 0 0 0 0 0 0 0 0 0 0 0 0 0 0 0 0 0 0 0 0 0 0 0 0 0 0 0 0 0 0 0 0 0 0 0 0 0 0 0 0 0 0 0 0 0 0 0 0 0 0 0 0 0 0 0 0 0 0 0 0 0 0 0 0 0 0 0 0 0 0 0 0 0 0 0 0 0 0 0 0 0 0 0 0 0 0 0 0 0 0 0 0 0 0 0 0 0 0 0 0 0 0 0 0 0 0 0 0 0 0 0 0 0 0 0 0 0 0 0 0 0 0 0 0 0 0 0 0 0 0 0 0 0 0 0 0 0 0 0 0 0 0 0 0 0 0 0 0 0 0 0 0 0 0 0 0 0 0 0 0 0 0 0 0 0 0 0 0 0 0 0 0 0 0 0 0 0 0 0 0 0 0 0 0 0 0 0 0 0 0 0 0 0 0 0 0 0 0 0 0 0 0 0 0 0 0 0 0 0 0 0 0 0 0 0 0 0 0 0 0 0 0 0 0 0 0 0 0 0 0 0 0 0 0 0 0 0 0 0 0 0 0 0 0 0 0 0 0 0 0 0 0 0 0 0 0 0 0 0 0 0 0 0 0 0 0 0 0 0 0 0 0 0 0 0 0 0 0 0 0 0 0 0 0 0 0 0 0 0 0 0 0 0 0 0 0 0 0 0 0 0 0 0 0 0 0 0 0 0 0 0 0 0 0 0 0 0 0 0 0 0 0 0 0 0 0 0 0 0 0 0 0 0 0 0 0 0 0 0 0 0 0 0 0 0 0 0 0 0 0 0 0 0 0 0 0 0 0 0 0 0 0 0 0 0 0 0 0 0 0 0 0 0 0 0 0 0 0 0 0 0 0 0 0 0 0 0 0 0 0 0 0 0 0 0 0 0 0 0 0 0 0 0 0 0 0 0 0 0 0 0 0 0 0 0 0 0 0 0 0 0 0 0 0 0 0 0 0 0 0 0 0 0 0 0 0 0 0 0 0 0 0 0 0 0 0 0 0 0 0 0 0 0 0 0 0 0 0 0 0 0 0 0 0 0 0 0 0 0 0 0 0 0 0 0 0 0 0 0 0 0 0 0 0 0 0 0 0 0 0 0 0 0 0 0 0 0 0 0 0 0 0 0 0 0 0 0 0 0 0 0 0 0 0 0 0 0 0 0 0 0 0 0 0 0 0 0 0 0 0 0 0 0 0 0 0 0 0 0 0 0 0 0 0 0 0 0 0 0 0 0 0 0 0 0 0 0 0 0 0 0 0 0 0 0 0 0 0 0 0 0 0 0 0 1 1 1 1 1 1 1 1 1 1 1 1 1 1 1 1 1 1 1 1 1 1 1 1 1 1 1 1 1 1 1 1 1 1 1 1 1 1 1 1 1 1 1 1 1 1 1 1 1 1 1 1 1 1 1 1 1 1 1 1 1 1 1 1 1 1 1 1 1 1 1 1 1 1 1 1 1 1 1 1 1 1 1 1 1 1 1 1 1 1 1 1 1 1 1 1 1 1 1 1 1 1 1 1 1 1 1 1 1 1 1 1 1 1 1 1 1 1 1 1 1 1 1 1 1 1 1 1 1 1 1 1 1 1 1 1 1 1 1 1 1 1 1 1 1 1 1 1 1 1 1 1 1 1 1 1 1 1 1 1 1 1 1 1 1 1 1 1 1 1 1 1 1 1 1 1 1 1 1 1 1 1 1 1 1 1 1 1 1 1 1 1 1 1 1 1 1 1 1 1 1 1 1 1 1 1 1 1 1 1 1 1 1 1 1 1 1 1 1 1 1 1 1 1 1 1 1 1 1 1 1 1 1 1 1 1 1 1 1 1 1 1 1 1 1 1 1 1 1 1 1 1 1 1 1 1 1 1 1 1 1 1 1 1 1 1 1 1 1 1 1 1 1 1 1 1 1 1 1 1 1 1 1 1 1 1 1 1 1 1 1 1 1 1 1 1 1 1 1 1 1 1 1 1 1 1 1 1 1 1 1 1 1 1 1 1 1 1 1 1 1 1 1 1 1 1 1 1 1 1 1 1 1 1 1 1 1 1 1 1 1 1 1 1 1 1 1 1 1 1 1 1 1 1 1 1 1 1 1 1 1 1 1 1 1 1 1 1 1 1 1 1 1 1 1 1 1 1 1 1 1 1 1 1 1 1 1 1 1 1 1 1 1 1 1 1 1 1 1 1 1 1 1 1 1 1 1 1 1 1 1 1 1 1 1 1 1 1 1 1 1 1 1 1 1 1 1 1 1 1 1 1 1 1 1 1 1 1 1 1 1 1 1 1 1 1 1 1 1 1 1 1 1 1 1 1 1 1 1 1 1 1 1 1 1 1 1 1 1 1 1 1 1 1 1 1 1 1 1 1 1 1 1 1 1 1 1 1 1 1 1 1 1 1 1 1 1 1 1 1 1 1 1 1 1 1 1 1 1 1 1 1 1 1 1 1 1 1 1 1 1 1 1 1 1 1 1 1 1 1 1 1 1 1 1 1 1 1 1 1 1 1 1 1 1 1 1 1 1 1 1 1 1 1 1 1 1 1 1 1 1 1 1 1 1 1 1 1 1 1 1 1 1 1 1 1 1 1 1 1 1 1 1 1 1 1 1 1 1 1 1 1 1 1 1 1 1 1 1 1 1 1 1 1 1 1 1 1 1 1 1 1 1 1 1 1 1 1 1 1 1 1 1 1 1 1 1 1 1 1 1 1 1 1 1 1 1 1 1 1 1 1 1 1 1 1 1 1 1 1 1 1 1 1 1 1 1 1 1 1 1 1 1 1 1 1 1 1 1 1 1 1 1 1 1 1 1 1 1 1 1 1 1 1 1 1 1 1 1 1 1 1 1 1 1 1 1 1 1 1 1 1 1 1 1 1 1 1 1 1 1 1 1 1 1 1 1 1 1 1 1 1 1 1 1 1 1 1 1 1 1 1 1 1 1 1 1 1 1 1 1 1 1 1 1 1 1 1 1 1 1 1 1 1 1 1 1 1 1 1 1 1 1 1 1 1 1 1 1 1 1 1 1 1 1 1 1 1 1 1 1 1 1 1 1 1 1 1 1 1 1 1 1 1 1 1 1 1 1 1 1 1 1 1 1 1 1 1 1 1 1 1 1 1 1 1 1 1 1 1 1 1 1 1 1 1 1 1 1 1 1 1 1 1 1 1 1 1 1 1 1 1 1 1 1 1 1 1 1 1 1 1 1 1 1 1 1 1 1 1 1 1 1 1 1 1 1 1 1 1 1 1 1 1 1 1 1 1 1 1 1 1 1 1 1 1 1 1 1 1 1 1 1 1 1 1 1 1 1 1 1 1 1 1 1 1 1 1 1 1 1 1 1 1 1 1 1 1 1 1 1 1 1 1 1 1 1 1 1 1 1 1 1 1 1 1 1 1 1 1 1 1 1 1 1 1 1 1 1 1 1 1 1 1 1 1 1 1 1 1 1 1 1 1 1 1 1 1 1 1 1 1 1 1 1 1 1 1 1 1 1 1 1 1 1 1 1 1 1 1 1 1 1 1 1 1 1 1 1 1 1 1 1 1 1 1 1 1 1 1 1 1 1 1 1 1 1 1 1 1 1 1 1 1 1 1 1 1 1 1 1 1 1 1 1 1 1 1 1 1 1 1 1 1 1 1 1 1 1 1 1 1 1 1 1 1 1 1 1 1 1 1 1 1 1 1 1 1 1 1 1 1 1 1 1 1 1 1 1 1 1 1 1 1 1 1 1 1 1 1 1 1 1 1 1 1 1 1 1 1 1 1 1 1 1 1 1 1 1 1 1 1 1 1 1 1 1 1 1 1 1 1 1 1 1 1 1 1 1 1 1 1 1 1 1 1 1 1 1 1 1 1 1 1 1 1 1 1 1 1 1 1 1 1 1 1 1 1 1 1 1 1 1 1 1 1 1 1 1 1 1 1 1 1 1 1 1 1 1 1 1 1 1 1 1 1 1 1 1 1 1 1 1 1 1 1 1 1 1 1 1 1 1 1 1 1 1 1 1 1 1 1 1 1 1 1 1 1 1 1 1 1 1 1 1 1 1 1 1 1 1 1 1 1 1 1 1 1 1 1 1 1 1 1 1 1 1 1 1 1 1 1 1 1 1 1 1 1 1 1 1 1 1 1 1 1 1 1 1 1 1 1 1 1 1 1 1 1 1 1 1 1 1 1 1 1 1 1 1 1 1 1 1 1 1 1 1 1 1 1 1 1 1 1 1 1 1 1 1 1 1 1 1 1 1 1 1 1 1 1 1 1 1 1 1 1 1 1 1 1 1 1 1 1 1 1 1 1 1 1 1 1 1 1 1 1 1 1 1 1 1 1 1 1 1 1 1 1 1 1 1 1 1 1 1 1 1 1 1 1 1 1 1 1 1 1 1 1 1 1 1 1 1 1 1 1 1 1 1 1 1 1 1 1 1 1 1 1 1 1 1 1 1 1 1 1 1 1 1 1 1 1 1 1 1 1 1 1 1 1 1 1 1 1 1 1 1 1 1 1 1 1 1 1 1 1 1 1 1 1 1 1 1 1 1 1 1 1 1 1 1 1 1 1 1 1 1 1 1 1 1 1 1 1 1 1 1 1 1 1 1 1 1 1 1 1 1 1 1 1 1 1 1 1 1 1 1 1 1 1 1 1 1 1 1 1 1 1 1 1 1 1 1 1 1 1 1 1 1 1 1 1 1 1 1 1 1 1 1 1 1 1 1 1 1 1 1 1 1 1 1 1 1 1 1 1 1 1 1 1 1 1 1 1 1 1 1 1 1 1 1 1 1 1 1 1 1 1 1 1 1 1 1 1 1 1 1 1 1 1 1 1 1 1 1 1 1 1 1 1 1 1 1 1 1 1 1 1 1 1 1 1 1 1 1 1 1 1 1 1 1 1 1 1 1 1 1 1 1 1 1 1 1 1 1 1 1 1 1 1 1 1 1 1 1 1 1 1 1 1 1 1 1 1 1 1 1 1 1 1 1 1 1 1 1 1 1 1 1 1 1 1 1 1 1 1 1 1 1 1 1 1 1 1 1 1 1 1 1 1 1 1 1 1 1 1 1 1 1 1 1 1 1 1 1 1 1 1 1 1 1 1 1 1 1 1 1 1 1 1 1 1 1 1 1 1 1 1 1 1 1 1 1 1 1 1 1 1 1 1 1 1 1 1 1 1 1 1 1 1 1 1 1 1 1 1 1 1 1 1 1 1 1 1 1 1 1 1 1 1 1 1 1 1 1 1 1 1 1 1 1 1 1 1 1 1 1 1 1 1 1 1 1 1 1 1 1 1 1 1 1 1 1 1 1 1 1 1 1 1 1 1 1 1 1 1 1 1 1 1 1 1 1 1 1 1 1 1 1 1 1 1 1 1 1 1 1 1 1 1 1 1 1 1 1 1 1 1 1 1 1 1 1 1 1 1 1 1 1 1 1 1 1 1 1 1 1 1 1 1 1 1 1 1 1 1 1 1 1 1 1 1 1 1 1 1 1 1 1 1 1 1 1 1 1 1 1 1 1 1 1 1 1 1 1 1 1 1 1 1 1 1 1 1 1 1 1 1 1 1 1 1 1 1 1 1 1 1 1 1 1 1 1 1 1 1 1 1 1 1 1 1 1 1 1 1 1 1 1 1 1 1 1 1 1 1 1 1 1 1 1 1 1 1 1 1 1 1 1 1 1 1 1 1 1 1 1 1 1 1 1 1 1 1 1 1 1 1 1 1 1 1 1 1 1 1 1 1 1 1 1 1 1 1 1 1 1 1 1 1 1 1 1 1 1 1 1 1 1 1 1 1 1 1 1 1 1 1 1 1 1 1 1 1 1 1 1 1 1 1 1 1 1 1 1 1 1 1 1 1 1 1 1 1 1 1 1 1 1 1 1 1 1 1 1 1 1 1 1 1 1 1 1 1 1 1 1 1 1 1 1 1 1 1 1 1 1 1 1 1 1 1 1 1 1 1 1 1 1 1 1 1 1 1 1 1 1 1 1 1 1 1 1 1 1 1 1 1 1 1 1 1 1 1 1 1 1 1 1 1 1 1 1 1 1 1 1 1 1 1 1 1 1 1 1 1 1 1 1 1 1 1 1 1 1 1 1 1 1 1 1 0 0 0 0 0 0 0 0 0 0 0 0 0 0 0 0 0 0 0 0 0 0 0 0 0 0 0 0 0 0 0 0 0 0 0 0 0 0 0 0 0 0 0 0 0 0 0 0 0 0 0 0 0 0 0 0 0 0 0 0 0 0 0 0 0 0 0 0 0 0 0 0 0 0 0 0 0 0 0 0 0 0 0 0 0 0 0 0 0 0 0 0 0 0 0 0 0 0 0 0 0 0 0 0 0 0 0 0 0 0 0 0 0 0 0 0 0 0 0 0 0 0 0 0 0 0 0 0 0 0 0 0 0 0 0 0 0 0 0 0 0 0 0 0 0 0 0 0 0 0 0 0 0 0 0 0 0 0 0 0 0 0 0 0 0 0 0 0 0 0 0 0 0 0 0 0 0 0 0 0 0 0 0 0 0 0 0 0 0 0 0 0 0 0 0 0 0 0 0 0 0 0 0 0 0 0 0 0 0 0 0 0 0 0 0 0 0 0 0 0 0 0 0 0 0 0 0 0 0 0 0 0 0 0 0 0 0 0 0 0 0 0 0 0 0 0 0 0 0 0 0 0 0 0 0 0 0 0 0 0 0 0 0 0 0 0 0 0 0 0 0 0 0 0 0 0 0 0 0 0 0 0 0 0 0 0 0 0 0 0 0 0 0 0 0 0 0 0 0 0 0 0 0 0 0 0 0 0 0 0 0 0 0 0 0 0 0 0 0 0 0 0 0 0 0 0 0 0 0 0 0 0 0 0 0 0 0 0 0 0 0 0 0 0 0 0 0 0 0 0 0 0 0 0 0 0 0 0 0 0 0 0 0 0 0 0 0 0 0 0 0 0 0 0 0 0 0 0 0 0 0 0 0 0 0 0 0 0 0 0 0 0 0 0 0 0 0 0 0 0 0 0 0 0 0 0 0 0 0 0 0 0 0 0 0 0 0 0 0 0 0 0 0 0 0 0 0 0 0 0 0 0 0 0 0 0 0 0 0 0 0 0 0 0 0 0 0 0 0 0 0 0 0 0 0 0 0 0 0 0 0 0 0 0 0 0 0 0 0 0 0 0 0 0 0 0 0 0 0 0 0 0 0 0 0 0 0 0 0 0 0 0 0 0 0 0 0 0 0 0 0 0 0 0 0 0 0 0 0 0 0 0 0 0 0 0 0 0 0 0 0 0 0 0 0 0 0 0 0 0 0 0 0 0 0 0 0 0 0 0 0 0 0 0 0 0 0 0 0 0 0 0 0 0 0 0 0 0 0 0 0 0 0 0 0 0 0 0 0 0 0 0 0 0 0 0 0 0 0 0 0 0 0 0 0 0 0 0 0 0 0 0 0 0 0 0 0 0 0 0 0 0 0 0 0 0 0 0 0 0 0 0 0 0 0 0 0 0 0 0 0 0 0 0 0 0 0 0 0 0 0 0 0 0 0 0 0 0 0 0 0 0 0 0 0 0 0 0 0 0 0 0 0 0 0 0 0 0 0 0 0 0 0 0 0 0 0 0 0 0 0 0 0 0 0 0 0 0 0 0 0 0 0 0 0 0 0 0 0 0 0 0 0 0 0 0 0 0 0 0 0 0 0 0 0 0 0 0 0 0 0 0 0 0 0 0 0 0 0 0 0 0 0 0 0 0 0 0 0 0 0 0 0 0 0 0 0 0 0 0 0 0 0 0 0 0 0 0 0 0 0 0 0 0 0 0 0 0 0 0 0 0 0 0 0 0 0 0 0 0 0 0 0 0 0 0 0 0 0 0 0 0 0 0 0 0 0 0 0 0 0 0 0 0 0 0 0 0 0 0 0 0 0 0 0 0 0 0 0 0 0 0 0 0 0 0 0 0 0 0 0 0 0 0 0 0 0 0 0 0 0 0 0 0 0 0 0 0 0 0 0 0 0 0 0 0 0 0 0 0 0 0 0 0 0 0 0 0 0 0 0 0 0 0 0 0 0 0 0 0 0 0 0 0 0 0 0 0 0 0 0 0 0 0 0 0 0 0 0 0 0 0 0 0 0 0 0 0 0 0 0 0 0 0 0 0 0 0 0 0 0 0 0 0 0 0 0 0 0 0 0 0 0 0 0 0 0 0 0 0 0 0 0 0 0 0 0 0 0 0 0 0 0 0 0 0 0 0 0 0 0 0 0 0 0 0 0 0 0 0 0 0 0 0 0 0 0 0 0 0 0 0 0 0 0 0 0 0 0 0 0 0 0 0 0 0 0 0 0 0 0 0 0 0 0 0 0 0 0 0 0 0 0 0 0 0 0 0 0 0 0 0 0 0 0 0 0 0 0 0 0 0 0 0 0 0 0 0 0 0 0 0 0 0 0 0 0 0 0 0 0 0 0 0 0 0 0 0 0 0 0 0 0 0 0 0 0 0 0 0 0 0 0 0 0 0 0 0 0 0 0 0 0 0 0 0 0 0 0 0 0 0 0 0 0 0 0 0 0 0 0 0 0 0 0 0 0 0 0 0 0 0 0 0 0 0 0 0 0 0 0 0 0 0 0 0 0 0 0 0 0 0 0 0 0 0 0 0 0 0 0 0 0 0 0 0 0 0 0 0 0 0 0 0 0 0 0 0 0 0 0 0 0 0 0 0 0 0 0 0 0 0 0 0 0 0 0 0 0 0 0 0 0 0 0 0 0 0 0 0 0 0 0 0 0 0 0 0 0 0 0 0 0 0 0 0 0 0 0 0 0 0 0 0 0 0 0 0 0 0 0 0 0 0 0 0 0 0 0 0 0 0 0 0 0 0 0 0 0 0 0 0 0 0 0 0 0 0 0 0 0 0 0 0 0 0 0 0 0 0 0 0 0 0 0 0 0 0 0 0 0 0 0 0 0 0 0 0 0 0 0 0 0 0 0 0 0 0 0 0 0 0 0 0 0 0 0 0 0 0 0 0 0 0 0 0 0 0 0 0 0 0 0 0 0 0 0 0 0 0 0 0 0 0 0 0 0 0 0 0 0 1 1 1 1 1 1 1 1 1 1 1 1 1 1 1 1 1 1 1 1 1 1 1 1 1 1 1 1 1 1 1 1 1 1 1 1 1 1 1 1 1 1 1 1 1 1 1 1 1 1 1 1 1 1 1 1 1 1 1 1 1 1 1 1 1 1 1 1 1 1 1 1 1 1 1 1 1 1 1 1 1 1 1 1 1 1 1 1 1 1 1 1 1 1 1 1 1 1 1 1 1 1 1 1 1 1 1 1 1 1 1 1 1 1 1 1 1 1 1 1 1 1 1 1 1 1 1 1 1 1 1 1 1 1 1 1 1 1 1 1 1 1 1 1 1 1 1 1 1 1 1 1 1 1 1 1 1 1 1 1 1 1 1 1 1 1 1 1 1 1 1 1 1 1 1 1 1 1 1 1 1 1 1 1 1 1 1 1 1 1 1 1 1 1 1 1 1 1 1 1 1 1 1 1 1 1 1 1 1 1 1 1 1 1 1 1 1 1 1 1 1 1 1 1 1 1 1 1 1 1 1 1 1 1 1 1 0 0 0 0 0 0 0 0 0 0 0 0 0 0 0 0 0 0 0 0 0 0 0 0 0 0 0 0 0 0 0 0 0 0 0 0 0 0 0 0 0 0 0 0 0 0 0 0 0 0 0 0 0 0 0 0 0 0 0 0 0 0 0 0 0 0 0 0 0 0 0 0 0 0 0 0 0 0 0 0 0 0 0 0 0 0 0 0 0 0 0 0 0 0 0 0 0 0 0 0 0 0 0 0 0 0 0 0 0 0 0 0 0 0 0 0 0 0 0 0 0 0 0 0 0 0 0 0 0 0 0 0 0 0 0 0 0 0 0 0 0 0 0 0 0 0 0 0 0 0 0 0 0 0 0 0 0 0 0 0 0 0 0 0 0 0 0 0 0 0 0 0 0 0 0 0 0 0 0 0 0 0 0 0 0 0 0 0 0 0 0 0 0 0 0 0 0 0 0 0 0 0 0 0 0 0 0 0 0 0 0 0 0 0 0 0 0 0 1 1 1 1 1 1 1 1 1 1 1 1 1 1 1 1 1 1 1 1 1 1 1 1 1 1 1 1 1 1 1 1 1 1 1 1 1 1 1 1 1 1 1 1 1 1 1 1 1 1 1 1 1 1 1 1 1 1 1 1 1 1 1 1 1 1 1 1 1 1 1 1 1 1 1 1 1 1 1 1 1 1 1 1 1 1 1 1 1 1 1 1 1 1 1 1 1 1 1 1 1 1 1 1 1 1 1 1 1 1 1 1 1 1 1 1 1 1 1 1 1 1 1 1 1 1 1 1 1 1 1 1 1 1 1 1 1 1 1 0 0 0 0 0 0 0 0 0 0 0 0 0 0 0 0 0 0 0 0 0 0 0 0 0 0 0 0 0 0 0 0 0 0 0 0 0 0 0 0 0 0 0 0 0 0 0 0 0 0 0 0 0 0 0 0 0 0 0 0 0 0 0 0 0 0 0 0 0 0 0 0 0 0 0 0 0 0 0 0 0 0 0 0 0 0 0 0 0 0 0 0 0 0 0 0 0 0 0 0 0 0 0 0 0 0 0 0 0 0 0 0 0 0 0 0 0 0 0 0 0 0 0 0 0 0 0 0 0 0 0 0 0 0 0 0 0 0 0 0 0 0 0 0 0 0 0 0 0 0 0 0 0 0 0 0 0 0 0 0 0 0 0 0 0 0 0 0 0 0 0 0 0 0 0 0 0 0 0 0 0 0 0 0 0 0 0 0 0 0 0 0 0 0 0 0 0 0 0 0 0 0 0 0 0 0 0 0 0 0 0 0 0 0 0 0 0 0 0 0 0 0 0 0 0 0 0 0 0 0 0 0 0 0 0 0 0 0 0 0 0 0 0 0 0 0 0 0 0 0 0 0 0 0 0 0 0 0 0 0 0 0 0 0 0 0 0 0 0 0 0 0 0 0 0 0 0 0 0 0 0 0 0 0 0 0 0 0 0 0 0 0 0 0 0 0 0 0 0 0 0 0 0 0 0 0 0 0 0 0 0 0 0 0 0 0 0 0 0 0 0 0 0 0 0 0 0 0 0 0 0 0 0 0 0 0 0 0 0 0 0 0 0 0 0 0 0 0 0 0 0 0 0 0 0 0 0 0 0 0 0 0 0 0 0 0 0 0 0 0 0 0 0 0 0 0 0 0 0 0 0 0 0 0 0 0 0 0 0 0 0 0 0 0 0 0 0 0 0 0 0 0 0 0 0 0 0 0 0 0 0 0 0 0 0 0 0 0 0 0 0 0 0 0 0 0 0 0 0 0 0 0 0 0 0 0 0 0 0 0 0 0 0 0 0 0 0 0 0 0 0 0 0 0 0 0 0 0 0 0 0 0 0 0 0 0 0 0 0 0 0 0 0 0 0 0 0 0 0 0 0 0 0 0 0 0 0 0 0 0 0 0 0 0 0 0 0 0 0 0 0 0 0 0 0 0 0 0 0 0 0 0 0 0 0 0 0 0 0 0 0 0 0 0 0 0 0 0 0 0 0 0 0 0 0 0 0 0 0 0 0 0 0 0 0 0 0 0 0 0 0 0 0 0 0 0 0 0 0 0 0 0 0 0 0 0 0 0 0 0 0 0 0 0 0 0 0 0 0 0 0 0 0 0 0 0 0 0 0 0 0 0 0 0 0 0 0 0 0 0 0 0 0 0 0 0 0 0 0 0 0 0 0 0 0 0 0 0 0 0 0 0 0 0 0 0 0 0 0 0 0 0 0 0 0 0 0 0 0 0 0 0 0 0 0 0 0 0 0 0 0 0 0 0 0 0 0 0 0 0 0 0 0 0 0 0 0 0 0 0 0 0 0 0 0 0 0 0 0 0 0 0 0 0 0 0 0 0 0 0 0 0 0 0 0 0 0 0 0 0 0 0 0 0 0 0 0 0 0 0 0 0 0 0 0 0 0 0 0 0 0 0 0 0 0 0 0 0 0 0 0 0 0 0 0 0 0 0 0 0 0 0 0 0 0 0 0 0 0 0 0 0 0 0 0 0 0 0 0 0 0 0 0 0 0 0 0 0 0 0 0 0 0 0 0 0 0 0 0 0 0 0 0 0 0 0 0 0 0 0 0 0 0 0 0 0 0 0 0 0 0 0 0 0 0 0 0 0 0 0 0 0 0 0 0 0 0 0 0 0 0 0 0 0 0 0 0 0 0 0 0 0 0 0 0 0 0 0 0 0 0 0 0 0 0 0 0 0 0 0 0 0 0 0 0 0 0 0 0 0 0 0 0 0 0 0 0 0 0 0 0 0 0 0 0 0 0 0 0 0 0 0 0 0 0 0 0 0 0 0 0 0 0 0 0 0 0 0 0 0 0 0 0 0 0 0 0 0 0 0 0 0 0 0 0 0 0 0 0 0 0 0 0 0 0 0 0 0 0 0 0 0 0 0 0 0 0 0 0 0 0 0 0 0 0 0 0 0 0 0 0 0 0 0 0 0 0 0 0 0 0 0 0 0 0 0 0 0 0 0 0 0 0 0 0 0 0 0 0 0 0 0 0 0 0 0 0 0 0 0 0 0 0 0 0 0 0 0 0 0 0 0 0 0 0 0 0 0 0 0 0 0 0 0 0 0 0 0 0 0 0 0 0 0 0 0 0 0 0 0 0 0 0 0 0 0 0 0 0 0 0 0 0 0 0 0 0 0 0 0 0 0 0 0 0 0 0 0 0 0 0 0 0 0 0 0 0 0 0 0 0 0 0 0 0 0 0 0 0 0 0 0 0 0 0 0 0 0 0 0 0 0 0 0 0 0 0 0 0 0 0 0 0 0 0 0 0 0 0 0 0 0 0 0 0 0 0 0 0 0 0 0 0 0 0 0 0 0 0 0 0 0 0 0 0 0 0 0 0 0 0 0 0 0 0 0 0 0 0 0 0 0 0 0 0 0 0 0 0 0 0 0 0 0 0 0 0 0 0 0 0 0 0 0 0 0 0 0 0 0 0 0 0 0 0 0 0 0 0 0 0 0 0 0 0 0 0 0 0 0 0 0 0 0 0 0 0 0 0 0 0 0 0 0 0 0 0 0 0 0 0 0 0 0 0 0 0 0 0 0 0 0 0 0 0 0 0 0 0 0 0 0 0 0 0 0 0 0 0 0 0 0 0 0 0 0 0 0 0 0 0 0 0 0 0 0 0 0 0 0 0 0 0 0 0 0 0 0 0 0 0 0 0 0 0 0 0 0 0 0 0 0 0 0 0 0 0 0 0 0 0 0 0 0 0 0 0 0 0 0 0 0 0 0 0 0 0 0 0 0 0 0 0 0 0 0 0 0 0 0 0 0 0 0 0 0 0 0 0 0 0 0 0 0 0 0 0 0 0 0 0 0 0 0 0 0 0 0 0 0 0 0 0 0 0 0 0 0 0 0 0 0 0 0 0 0 0 0 0 0 0 0 0 0 0 0 0 0 0 0 0 0 0 0 0 0 0 0 0 0 0 0 0 0 0 0 0 0 0 0 0 0 0 0 0 0 0 0 0 0 0 0 0 0 0 0 0 0 0 0 0 0 0 0 0 0 0 0 0 0 0 0 0 0 0 0 0 0 0 0 0 0 0 0 0 0 0 0 0 0 0 0 0 0 0 0 0 0 0 0 0 0 0 0 0 0 0 0 0 0 0 0 0 0 0 0 0 0 0 0 0 0 0 0 0 0 0 0 0 0 0 0 0 0 0 0 0 0 0 0 0 0 0 0 0 0 0 0 0 0 0 0 0 0 0 0 0 0 0 0 0 0 0 0 0 0 0 0 0 0 0 0 0 0 0 0 0 0 0 0 0 0 0 0 0 0 0 0 0 0 0 0 0 0 0 0 0 0 0 0 0 0 0 0 0 0 0 0 0 0 0 0 0 0 0 0 0 0 0 0 0 0 0 0 0 0 0 0 0 0 0 0 0 0 0 0 0 0 0 0 0 0 0 0 0 0 0 0 0 0 0 0 0 0 0 0 0 0 0 0 0 0 0 0 0 0 0 0 0 0 0 0 0 0 0 0 0 0 0 0 0 0 0 0 0 0 0 0 0 0 0 0 0 0 0 0 0 0 0 0 0 0 0 0 0 0 0 0 0 0 0 0 0 0 0 0 0 0 0 0 0 0 0 0 0 0 0 0 0 0 0 0 0 0 0 0 0 0 0 0 0 0 0 0 0 0 0 0 0 0 0 0 0 0 0 0 0 0 0 0 0 0 0 0 0 0 0 0 0 0 0 0 0 0 0 0 0 0 0 0 0 0 0 0 0 0 0 0 0 0 0 0 0 0 0 0 0 0 0 0 0 0 0 0 0 0 0 0 0 0 0 0 0 0 0 0 0 0 0 0 0 0 0 0 0 0 0 0 0 0 0 0 0 0 0 0 0 0 0 0 0 0 0 0 0 0 0 0 0 0 0 0 0 0 0 0 0 0 0 0 0 0 0 0 0 0 0 0 0 0 0 0 0 0 0 0 0 0 0 0 0 0 0 0 0 0 0 0 0 0 0 0 0 0 0 0 0 0 0 0 0 0 0 0 0 0 0 0 0 0 0 0 0 0 0 0 0 0 0 0 0 0 0 0 0 0 0 0 0 0 0 0 0 0 0 0 0 0 0 0 0 0 0 0 0 0 0 0 0 0 0 0 0 0 0 0 0 0 0 0 0 0 0 0 0 0 0 0 0 0 0 0 0 0 0 0 0 0 0 0 0 0 0 0 0 0 0 0 0 0 0 0 0 0 0 0 0 0 0 0 0 0 0 0 0 0 0 0 0 0 0 0 0 0 0 0 0 0 0 0 0 0 0 0 0 0 0 0 0 0 0 0 0 0 0 0 0 0 0 0 0 0 0 0 0 0 0 0 0 0 0 0 0 0 0 0 0 0 0 0 0 0 0 0 0 0 0 0 0 0 0 0 0 0 0 0 0 0 0 0 0 0 0 0 0 0 0 0 0 0 0 0 0 0 0 1 1 1 1 1 1 1 1 1 1 1 1 1 1 1 1 1 1 1 1 1 1 1 1 1 1 1 1 1 1 1 1 1 1 1 1 1 1 1 1 1 1 1 1 1 1 1 1 1 1 1 1 1 1 1 1 1 1 1 1 1 1 1 1 1 1 1 1 1 1 1 1 1 1 1 1 1 1 1 1 1 1 1 1 1 1 1 1 1 1 1 1 1 1 1 1 1 1 1 1 1 1 1 1 1 1 1 1 1 1 1 1 1 1 1 1 1 1 1 1 1 1 1 1 1 1 1 1 1 1 1 1 1 1 1 1 1 1 1 1 1 1 1 1 1 1 1 1 1 1 1 1 1 1 1 1 1 1 1 1 1 1 1 1 1 1 1 1 1 1 1 1 1 1 1 1 1 1 1 1 1 1 1 1 1 1 1 1 1 1 1 1 1 1 1 1 1 1 1 1 1 1 1 1 1 1 1 1 1 1 1 1 1 1 1 1 1 1 1 1 1 1 1 1 1 1 1 1 1 1 1 1 1 1 1 1 1 1 1 1 1 1 1 1 1 1 1 1 1 1 1 1 1 1 1 1 1 1 1 1 1 1 1 1 1 1 1 1 1 1 1 1 1 1 1 1 1 1 1 1 1 1 1 1 1 1 1 1 1 1 1 1 1 1 1 1 1 1 1 1 1 1 1 1 1 1 1 1 1 1 1 1 1 1 1 1 1 1 1 1 1 1 1 1 1 1 1 1 1 1 1 1 1 1 1 1 1 1 1 1 1 1 1 1 1 1 1 1 1 1 1 1 1 1 1 1 1 1 1 1 1 1 1 1 1 1 1 1 1 1 1 1 1 1 1 1 1 1 1 1 1 1 1 1 1 1 1 1 1 1 1 1 1 1 1 1 1 1 1 1 1 1 1 1 1 1 1 1 1 1 1 1 1 1 1 1 1 1 1 1 1 1 1 1 1 1 1 1 1 1 1 1 1 1 1 1 1 1 1 1 1 1 1 1 1 1 1 1 1 1 1 1 1 1 1 1 1 1 1 1 1 1 1 1 1 1 1 1 1 1 1 1 1 1 1 1 1 1 1 1 1 1 1 1 1 1 1 1 1 1 1 1 1 1 1 1 1 1 1 1 1 1 1 1 1 1 1 1 1 1 1 1 1 1 1 1 1 1 1 1 1 1 1 1 1 1 1 1 1 1 1 1 1 1 1 1 1 1 1 1 1 1 1 1 1 1 1 1 1 1 1 1 1 1 1 1 1 1 1 1 1 1 1 1 1 1 1 1 1 1 1 1 1 1 1 1 1 1 1 1 1 1 1 1 1 1 1 1 1 1 1 1 1 1 1 1 1 1 1 1 1 1 1 1 1 1 1 1 1 1 1 1 1 1 1 1 1 1 1 1 1 1 1 1 1 1 1 1 1 1 1 1 1 1 1 1 1 1 1 1 1 1 1 1 1 1 1 1 1 1 1 1 1 1 1 1 1 1 1 1 1 1 1 1 1 1 1 1 1 1 1 1 1 1 1 1 1 1 1 1 1 1 1 1 1 1 1 1 1 1 1 1 1 1 1 1 1 1 1 1 1 1 1 1 1 1 1 1 1 1 1 1 1 1 1 1 1 1 1 1 1 1 1 1 1 1 1 1 1 1 1 1 1 1 1 1 1 1 1 1 1 1 1 1 1 1 1 1 1 1 1 1 1 1 1 1 1 1 1 1 1 1 1 1 1 1 1 1 1 1 1 1 1 1 1 1 1 1 1 1 1 1 1 1 1 1 1 1 1 1 1 1 1 1 1 1 1 1 1 1 1 1 1 1 1 1 1 1 1 1 1 1 1 1 1 1 1 1 1 1 1 1 1 1 1 1 1 1 1 1 1 1 1 1 1 1 1 1 1 1 1 1 1 1 1 1 1 1 1 1 1 1 1 1 1 1 1 1 1 1 1 1 1 1 1 1 1 1 1 1 1 1 1 1 1 1 1 1 1 1 1 1 1 1 1 1 1 1 1 1 1 1 1 1 1 1 1 1 1 1 1 1 1 1 1 1 1 1 1 1 1 1 1 1 1 1 1 1 1 1 1 1 1 1 1 1 1 1 1 1 1 1 1 1 1 1 1 1 1 1 1 1 1 1 1 1 1 1 1 1 1 1 1 1 1 1 1 1 1 1 1 1 1 1 1 1 1 1 1 1 1 1 1 1 1 1 1 1 1 1 1 1 1 1 1 1 1 1 1 1 1 1 1 1 1 1 1 1 1 1 1 1 1 1 1 1 1 1 1 1 1 1 1 1 1 1 1 1 1 1 1 1 1 1 1 1 1 1 1 1 1 1 1 1 1 1 1 1 1 1 1 1 1 1 1 1 1 1 1 1 1 1 1 1 1 1 1 1 1 1 1 1 1 1 1 1 1 1 1 1 1 1 1 1 1 1 1 1 1 1 1 1 1 1 1 1 1 1 1 1 1 1 1 1 1 1 1 1 1 1 1 1 1 1 1 1 1 1 1 1 1 1 1 1 1 1 1 1 1 1 1 1 1 1 1 1 1 1 1 1 1 1 1 1 1 1 1 1 1 1 1 1 1 1 1 1 1 1 1 1 1 1 1 1 1 1 1 1 1 1 1 1 1 1 1 1 1 1 1 1 1 1 1 1 1 1 1 1 1 1 1 1 1 1 1 1 1 1 1 1 1 1 1 1 1 1 1 1 1 1 1 1 1 1 1 1 1 1 1 1 1 1 1 1 1 1 1 1 1 1 1 1 1 1 1 1 1 1 1 1 1 1 1 1 1 1 1 1 1 1 1 1 1 1 1 1 1 1 1 1 1 1 1 1 1 1 1 1 1 1 1 1 1 1 1 1 1 1 1 1 1 1 1 1 1 1 1 1 1 1 1 1 1 1 1 1 1 1 1 1 1 1 1 1 1 1 1 1 1 1 1 1 1 1 1 1 1 1 1 1 1 1 1 1 1 1 1 1 1 1 1 1 1 1 1 1 1 1 1 1 1 1 1 1 1 1 1 1 1 1 1 1 1 1 1 1 1 1 1 1 1 1 1 1 1 1 1 1 1 1 1 1 1 1 1 1 1 1 1 1 1 1 1 1 1 1 1 1 1 1 1 1 1 1 1 1 1 1 1 1 1 1 1 1 1 1 1 1 1 1 1 1 1 1 1 1 1 1 1 1 1 1 1 1 1 1 1 1 1 1 1 1 1 1 1 1 1 1 1 1 1 1 1 1 1 1 1 1 1 1 1 1 1 1 1 1 1 1 1 1 1 1 1 1 1 1 1 1 1 1 1 1 1 1 1 1 1 1 1 1 1 1 1 1 1 1 1 1 1 1 1 1 1 1 1 1 1 1 1 1 1 1 1 1 1 1 1 1 1 1 1 1 1 1 1 1 1 1 1 1 1 1 1 1 1 1 1 1 1 1 1 1 1 1 1 1 1 1 1 1 1 1 1 1 1 1 1 1 1 1 1 1 1 1 1 1 1 1 1 1 1 1 1 1 1 1 1 1 1 1 1 1 1 1 1 1 1 1 1 1 1 1 1 1 1 1 1 1 1 1 1 1 1 1 1 1 1 1 1 1 1 1 1 1 1 1 1 1 1 1 1 1 1 1 1 1 1 1 1 1 1 1 1 1 1 1 1 1 1 1 1 1 1 1 1 1 1 1 1 1 1 1 1 1 1 1 1 1 1 1 1 1 1 1 1 1 1 1 1 1 1 1 1 1 1 1 1 1 1 1 1 1 1 1 1 1 1 1 1 1 1 1 1 1 1 1 1 1 1 1 1 1 1 1 1 1 1 1 1 1 1 1 1 1 1 1 1 1 1 1 1 1 1 1 1 1 1 1 1 1 1 1 1 1 1 1 1 1 1 1 1 1 1 1 1 1 1 1 1 1 1 1 1 1 1 1 1 1 1 1 1 1 1 1 1 1 1 1 1 1 1 1 1 1 1 1 1 1 1 1 1 1 1 1 1 1 1 1 1 1 1 1 1 1 1 1 1 1 1 1 1 1 1 1 1 1 1 1 1 1 1 1 1 1 1 1 1 1 1 1 1 1 1 1 1 1 1 1 1 1 1 1 1 1 1 1 1 1 1 1 1 1 1 1 1 1 1 1 1 1 1 1 1 1 1 1 1 1 1 1 1 1 1 1 1 1 1 1 1 1 1 1 1 1 1 1 1 1 1 1 1 1 1 1 1 1 1 1 1 1 1 1 1 1 1 1 1 1 1 1 1 1 1 1 1 1 1 1 1 1 1 1 1 1 1 1 1 1 1 1 1 1 1 1 1 1 1 1 1 1 1 1 1 1 1 1 1 1 1 1 1 1 1 1 1 1 1 1 1 1 1 1 1 1 1 1 1 1 1 1 1 1 1 1 1 1 1 1 1 1 1 1 1 1 1 1 1 1 1 1 1 1 1 1 1 1 1 1 1 1 1 1 1 1 1 1 1 1 1 1 1 1 1 1 1 1 1 1 1 1 1 1 1 1 1 1 1 1 1 1 1 1 1 1 1 1 1 1 1 1 1 1 1 1 1 1 1 1 1 1 1 1 1 1 1 1 1 1 1 1 1 1 1 1 1 1 1 1 1 1 1 1 1 1 1 1 1 1 1 1 1 1 1 1 1 1 1 1 1 1 1 1 1 1 1 1 1 1 1 1 1 1 1 1 1 1 1 1 1 1 1 1 1 1 1 1 1 1 1 1 1 1 1 1 1 1 1 1 1 1 1 1 1 1 1 1 1 1 1 1 1 1 1 1 1 1 1 1 1 1 1 1 1 1 1 1 1 1 1 1 1 1 1 1 1 1 1 1 1 1 1 1 1 1 1 1 1 1 1 1 1 1 1 1 1 1 1 1 1 1 1 1 1 1 1 1 1 1 1 1 1 1 1 1 1 1 1 1 1 1 1 1 1 1 1 1 1 1 1 1 1 1 1 1 1 1 1 1 1 1 1 1 1 1 1 1 1 1 1 1 1 1 1 1 1 1 1 1 1 1 1 1 1 1 1 1 1 1 1 1 1 1 1 1 1 1 1 1 1 1 1 1 1 1 1 1 1 1 1 1 1 1 1 1 1 1 1 1 1 1 1 1 1 1 1 1 1 1 1 1 1 1 1 1 1 1 1 1 1 1 1 1 1 1 1 1 1 1 1 1 1 1 1 1 1 1 1 1 1 1 1 1 1 1 1 1 1 1 1 1 1 1 1 1 1 1 1 1 1 1 1 1 1 1 1 1 1 1 1 1 1 1 1 1 1 1 1 1 1 1 1 1 1 1 1 1 1 1 1 1 1 1 1 1 1 1 1 1 1 1 1 1 1 1 1 1 1 1 1 1 1 1 1 1 1 1 1 1 1 1 1 1 1 1 1 1 1 1 1 1 1 1 1 1 1 1 1 1 1 1 1 1 1 1 1 1 1 1 1 1 1 1 1 1 1 1 1 1 1 1 1 1 1 1 1 1 1 1 1 1 1 1 1 1 1 1 1 1 1 1 1 1 1 1 1 1 1 1 1 1 1 1 1 1 1 1 1 1 1 1 1 1 1 1 1 1 1 1 1 1 1 1 1 1 1 1 1 1 1 1 1 1 1 1 1 1 1 1 1 1 1 1 1 1 1 1 1 1 1 1 1 1 1 1 1 1 1 1 1 1 1 1 1 1 1 1 1 1 1 1 1 1 1 1 1 1 1 1 1 1 1 1 1 1 1 1 1 1 1 1 1 1 1 1 1 1 1 1 1 1 1 1 1 1 1 1 1 1 1 1 1 1 1 1 1 1 1 1 1 1 1 1 1 1 1 1 1 1 1 1 1 1 1 1 1 1 1 1 1 1 1 1 1 1 1 1 1 1 1 1 1 1 1 1 1 1 1 1 1 1 1 1 1 1 1 1 1 1 1 1 1 1 1 1 1 1 1 1 1 1 1 1 1 1 1 1 1 1 1 1 1 1 1 1 1 1 1 1 1 1 1 1 1 1 1 1 1 1 1 1 1 1 1 1 1 1 1 1 1 1 1 1 1 1 1 1 1 1 1 1 1 1 1 1 1 1 1 1 1 1 1 1 1 1 1 1 1 1 1 1 1 1 1 1 1 1 1 1 1 1 1 1 1 1 1 1 1 1 1 1 1 1 1 1 1 1 1 1 1 1 1 1 1 1 1 1 1 1 1 1 1 1 1 1 1 1 1 1 1 1 1 1 1 1 1 1 1 1 1 1 1 1 1 1 1 1 1 1 1 1 1 1 1 1 1 1 1 1 1 1 1 1 1 1 1 1 1 1 1 1 1 1 1 1 1 1 1 1 1 1 1 1 1 1 1 1 1 1 1 1 1 1 1 1 1 1 1 1 1 1 1 1 1 1 1 1 1 1 1 1 1 1 1 1 1 1 1 1 1 1 1 1 1 1 1 1 1 1 1 1 1 1 1 1 1 1 1 1 1 1 1 1 1 1 1 1 1 1 1 1 1 1 1 1 1 1 1 1 1 1 1 1 1 1 1 1 1 1 1 1 1 1 1 1 1 1 1 1 1 1 1 1 1 1 1 1 1 1 1 1 1 1 1 1 1 1 1 1 1 1 1 1 1 1 1 1 1 1 1 1 1 1 1 1 1 1 1 1 1 1 1 1 1 1 1 1 1 1 1 1 1 1 1 1 1 1 1 1 1 1 1 1 1 1 1 1 1 1 1 1 1 1 1 1 1 1 1 1 1 1 1 1 1 1 1 1 1 1 1 1 1 1 1 1 1 1 1 1 1 1 1 1 1 1 1 1 1 1 1 1 1 1 1 1 1 1 1 1 1 1 1 1 1 1 1 1 1 1 1 1 1 1 1 1 1 1 1 1 1 1 1 1 1 1 1 1 1 1 1 1 1 1 1 1 1 1 1 1 1 1 1 1 1 1 1 1 1 1 1 1 1 1 1 1 1 1 1 1 1 1 1 1 1 1 1 1 1 1 1 1 1 1 1 1 1 1 1 1 1 1 1 1 1 1 1 1 1 1 1 1 1 1 1 1 1 1 1 1 1 1 1 1 1 1 1 1 1 1 1 1 1 1 1 1 1 1 1 1 1 1 1 1 1 1 1 1 1 1 1 1 1 1 1 1 1 1 1 1 1 1 1 1 1 1 1 1 1 1 1 1 1 1 1 1 1 1 1 1 1 1 1 1 1 1 1 1 1 1 1 1 1 1 1 1 1 1 1 1 1 1 1 1 1 1 1 1 1 1 1 1 1 1 1 1 1 1 1 1 1 1 1 1 1 1 1 1 1 1 1 1 1 1 1 1 1 1 1 1 1 1 1 1 1 1 1 1 1 1 1 1 1 1 1 1 1 1 1 1 1 1 1 1 1 1 1 1 1 1 1 1 1 1 1 1 1 1 1 1 1 1 1 1 1 1 1 1 1 1 1 1 1 1 1 1 1 1 1 1 1 1 1 1 1 1 1 1 1 1 1 1 1 1 1 1 1 1 1 1 1 1 1 1 1 1 1 1 1 1 1 1 1 1 1 1 1 1 1 1 1 1 1 1 1 1 1 1 1 1 1 1 1 1 1 1 1 1 1 1 1 1 1 1 1 1 1 1 1 1 1 1 1 1 1 1 1 1 1 1 1 1 1 1 1 1 1 1 1 1 1 1 1 1 1 1 1 1 1 1 1 1 1 1 1 1 1 1 1 1 1 1 1 1 1 1 1 1 1 1 1 1 1 1 1 1 1 1 1 1 1 1 1 1 1 1 1 1 1 1 1 1 1 1 1 1 1 1 1 1 1 1 1 1 1 1 1 1 1 1 1 1 1 1 1 1 1 1 1 1 1 1 1 1 1 1 1 1 1 1 1 1 1 1 1 1 1 1 1 1 1 1 1 1 1 1 1 1 1 1 1 1 1 1 1 1 1 1 1 1 1 1 1 1 1 1 1 1 1 1 1 1 1 1 1 1 1 1 1 1 1 1 1 1 1 1 1 1 1 1 1 1 1 1 1 1 1 1 1 1 1 1 1 1 1 1 1 1 1 1 1 1 1 1 1 1 1 1 1 1 1 1 1 1 1 1 1 1 1 1 1 1 1 1 1 1 1 1 1 1 1 1 1 1 1 1 1 1 1 1 1 1 1 1 1 1 1 1 1 1 1 1 1 1 1 1 1 1 1 1 1 1 1 1 1 1 1 1 1 1 1 1 1 1 1 1 1 1 1 1 1 1 1 1 1 1 1 1 1 1 1 1 1 1 1 1 1 1 1 1 1 1 1 1 1 1 1 1 1 1 1 1 1 1 1 1 1 1 1 1 1 1 1 1 1 1 1 1 1 1 1 1 1 1 1 1 1 1 1 1 1 1 1 1 1 1 1 1 1 1 1 1 1 1 1 1 1 1 1 1 1 1 1 1 1 1 1 1 1 1 1 1 1 1 1 1 1 1 1 1 1 1 1 1 1 1 1 1 1 1 1 1 1 1 1 1 1 1 1 1 1 1 1 1 1 1 1 1 1 1 1 1 1 1 1 1 1 1 1 1 1 1 1 1 1 1 1 1 1 1 1 1 1 1 1 1 1 1 1 1 1 1 1 1 1 1 1 1 1 1 1 1 1 1 1 1 1 1 1 1 1 1 1 1 1 1 1 1 1 1 1 1 1 1 1 1 1 1 1 1 1 1 1 1 1 1 1 1 1 1 1 1 1 1 1 1 1 1 1 1 1 1 1 1 1 1 1 1 1 1 1 1 1 1 1 1 1 1 1 1 1 1 1 1 1 1 1 1 1 1 1 1 1 1 1 1 1 1 1 1 1 1 1 1 1 1 1 1 1 1 1 1 1 1 1 1 1 1 1 1 1 1 1 1 1 1 1 1 1 1 1 1 1 1 1 1 1 1 1 1 1 1 1 1 1 1 1 1 1 1 1 1 1 1 1 1 1 1 1 1 1 1 1 1 1 1 1 1 1 1 1 1 1 1 1 1 1 1 1 1 1 1 1 1 1 1 1 1 1 1 1 1 1 1 1 1 1 1 1 1 1 1 1 1 1 1 1 1 1 1 1 1 1 1 1 1 1 1 1 1 1 1 1 1 1 1 1 1 1 1 1 1 1 1 1 1 1 1 1 1 1 1 1 1 1 1 1 1 1 1 1 1 1 1 1 1 1 1 1 1 1 1 1 1 1 1 1 1 1 1 1 1 1 1 1 1 1 1 1 1 1 1 1 1 1 1 1 1 1 1 1 1 1 1 1 1 1 1 1 1 1 1 1 1 1 1 1 1 1 1 1 1 1 1 1 1 1 1 1 1 1 1 1 1 1 1 1 1 1 1 1 1 1 1 1 1 1 1 1 1 1 1 1 1 1 1 1 1 1 1 1 1 1 1 1 1 1 1 1 1 1 1 1 1 1 1 1 1 1 1 1 1 1 1 1 1 1 1 1 1 1 1 1 1 1 1 1 1 1 1 1 1 1 1 1 1 1 1 1 1 1 1 1 1 1 1 1 1 1 1 1 1 1 1 1 1 1 1 1 1 1 1 1 1 1 1 1 1 1 1 1 1 1 1 1 1 1 1 1 1 1 1 1 1 1 1 1 1 1 1 1 1 1 1 1 1 1 1 1 1 1 1 1 1 1 1 1 1 1 1 1 1 1 1 1 1 1 1 1 1 1 1 1 1 1 1 1 1 1 1 1 1 1 1 1 1 1 1 1 1 1 1 1 1 1 1 1 1 1 1 1 1 1 1 1 1 1 1 1 1 1 1 1 1 1 1 1 1 1 1 1 1 1 1 1 1 1 1 1 1 1 1 1 1
</DataArray>
<DataArray type="Int32" Name="n_doublebonds" format="ascii">
1 1 1 1 1 1 1 1 1 1 1 1 1 1 1 1 1 1 1 1 1 1 1 1 1 1 1 1 1 1 1 1 1 1 1 1 1 1 1 1 1 1 1 1 1 1 1 1 1 1 1 1 1 1 1 1 1 1 1 1 1 1 1 1 1 1 1 1 1 1 1 1 1 1 1 1 1 1 1 1 1 1 1 1 1 1 1 1 1 1 1 1 1 1 1 1 1 1 1 1 1 1 1 1 1 1 1 1 1 1 1 1 1 1 1 1 1 1 1 1 1 1 1 1 1 1 1 1 1 1 1 1 1 1 1 1 1 1 1 1 1 1 1 1 1 1 1 1 1 1 1 1 1 1 1 1 1 1 1 1 1 1 1 1 1 1 1 1 1 1 1 1 1 1 1 1 1 1 1 1 1 1 1 1 1 1 1 1 1 1 1 1 1 1 1 1 1 1 1 1 1 1 1 1 1 1 1 1 1 1 1 1 1 1 1 1 1 1 1 1 1 1 1 1 1 1 1 1 1 1 1 1 1 1 1 1 1 1 1 1 1 1 1 1 1 1 1 1 1 1 1 1 1 1 1 1 1 1 1 1 1 1 1 1 1 1 1 1 1 1 1 1 1 1 1 1 1 1 1 1 1 1 1 1 1 1 1 1 1 1 1 1 1 1 1 1 1 1 1 1 1 1 1 1 1 1 1 1 1 1 1 1 1 1 1 1 1 1 1 1 1 1 1 1 1 1 1 1 1 1 1 1 1 1 1 1 1 1 1 1 1 1 1 1 1 1 1 1 1 1 1 1 1 1 1 1 1 1 1 1 1 1 1 1 1 1 1 1 1 1 1 1 1 1 1 1 1 1 1 1 1 1 1 1 1 1 1 1 1 1 1 1 1 1 1 1 1 1 1 1 1 1 1 1 1 1 1 1 1 1 1 1 1 1 1 1 1 1 1 1 1 1 1 1 1 1 1 1 1 1 1 1 1 1 1 1 1 1 1 1 1 1 1 1 1 1 1 1 1 1 1 1 1 1 1 1 1 1 1 1 1 1 1 1 1 1 1 1 1 1 1 1 1 1 1 1 1 1 1 1 1 1 1 1 1 1 1 1 1 1 1 1 1 1 1 1 1 1 1 1 1 1 1 1 1 1 1 1 1 1 1 1 1 1 1 1 1 1 1 1 1 1 1 1 1 1 1 1 1 1 1 1 1 1 1 1 1 1 1 1 1 1 1 1 1 1 1 1 1 1 1 1 1 1 1 1 1 1 1 1 1 1 1 1 1 1 1 1 1 1 1 1 1 1 1 1 1 1 1 1 1 1 1 1 1 1 1 1 1 1 1 1 1 1 1 1 1 1 1 1 1 1 1 1 1 1 1 1 1 1 1 1 1 1 1 1 1 1 1 1 1 1 1 1 1 1 1 1 1 1 1 1 1 1 1 1 1 1 1 1 1 1 1 1 1 1 1 1 1 1 1 1 1 1 1 1 1 1 1 1 1 1 1 1 1 1 1 1 1 1 1 1 1 1 1 1 1 1 1 1 1 1 1 1 1 1 1 1 1 1 1 1 1 1 1 1 1 1 1 1 1 1 1 1 1 1 1 1 1 1 1 1 1 1 1 1 1 1 1 1 1 1 1 1 1 1 1 1 1 1 1 1 1 1 1 1 1 1 1 1 1 1 1 1 1 1 1 1 1 1 1 1 1 1 1 1 1 1 1 1 1 1 1 1 1 1 1 1 1 1 1 1 1 1 1 1 1 1 1 1 1 1 1 1 1 1 1 1 1 1 1 1 1 1 1 1 1 1 1 1 1 1 1 1 1 1 1 1 1 1 1 1 1 1 1 1 1 1 1 1 1 1 1 1 1 1 1 1 1 1 1 1 1 1 1 1 1 1 1 1 1 1 1 1 1 1 1 1 1 1 1 1 1 1 1 1 1 1 1 1 1 1 1 1 1 1 1 1 1 1 1 1 1 1 1 1 1 1 1 1 1 1 1 1 1 1 1 1 1 1 1 1 1 1 1 1 1 1 1 1 1 1 1 1 1 1 1 1 1 1 1 1 1 1 1 1 1 1 1 1 1 1 1 1 1 1 1 1 1 1 1 1 1 1 1 1 1 1 1 1 1 1 1 1 1 1 1 1 1 1 1 1 1 1 1 1 1 1 1 1 1 1 1 1 1 1 1 1 1 1 1 1 1 1 1 1 1 1 1 1 1 1 1 1 1 1 1 1 1 1 1 1 1 1 1 1 1 1 1 1 1 1 1 1 1 1 1 1 1 1 1 1 1 1 1 1 1 1 1 1 1 1 1 1 1 1 1 1 1 1 1 1 1 1 1 1 1 1 1 1 1 1 1 1 1 1 1 1 1 1 1 1 1 1 1 1 1 1 1 1 1 1 1 1 1 1 1 1 1 1 1 1 1 1 1 1 1 1 1 1 1 1 1 1 1 1 1 1 1 1 1 1 1 1 1 1 1 1 1 1 1 1 1 1 1 1 1 1 1 1 1 1 1 1 1 1 1 1 1 1 1 1 1 1 1 1 1 1 1 1 1 1 1 1 1 1 1 1 1 1 1 1 1 1 1 1 1 1 1 1 1 1 1 1 1 1 1 1 1 1 1 1 1 1 1 1 1 1 1 1 1 1 1 1 1 1 1 1 1 1 1 1 1 1 1 1 1 1 1 1 1 1 1 1 1 1 1 1 1 1 1 1 1 1 1 1 1 1 1 1 1 1 1 1 1 1 1 1 1 1 1 1 1 1 1 1 1 1 1 1 1 1 1 1 1 1 1 1 1 1 1 1 1 1 1 1 1 1 1 1 1 1 1 1 1 1 1 1 1 1 1 1 1 1 1 1 1 1 1 1 1 1 1 1 1 1 1 1 1 1 1 1 1 1 1 1 1 1 1 1 1 1 1 1 1 1 1 1 1 1 1 1 1 1 1 1 1 1 1 1 1 1 1 1 1 1 1 1 1 1 1 1 1 1 1 1 1 1 1 1 1 1 1 1 1 1 1 1 1 1 1 1 1 1 1 1 1 1 1 1 1 1 1 1 1 1 1 1 1 1 1 1 1 1 1 1 1 1 1 1 1 1 1 1 1 1 1 1 1 1 1 1 1 1 1 1 1 1 1 1 1 1 1 1 1 1 1 1 1 1 1 1 1 1 1 1 1 1 1 1 1 1 1 1 1 1 1 1 1 1 1 1 1 1 1 1 1 1 1 1 1 1 1 1 1 1 1 1 1 1 1 1 1 1 1 1 1 1 1 1 1 1 1 1 1 1 1 1 1 1 1 1 1 1 1 1 1 1 1 1 1 1 1 1 1 1 1 1 1 1 1 1 1 1 1 1 1 1 1 1 1 1 1 1 1 1 1 1 1 1 1 1 1 1 1 1 1 1 1 1 1 1 1 1 1 1 1 1 1 1 1 1 1 1 1 1 1 1 1 1 1 1 1 1 1 1 1 1 1 1 1 1 1 1 1 1 1 1 1 1 1 1 1 1 1 1 1 1 1 1 1 1 1 1 1 1 1 1 1 1 1 1 1 1 1 1 1 1 1 1 1 1 1 1 1 1 1 1 1 1 1 1 1 1 1 1 1 1 1 1 1 1 1 1 1 1 1 1 1 1 1 1 1 1 1 1 1 1 1 1 1 1 1 1 1 1 1 1 1 1 1 1 1 1 1 1 1 1 1 1 1 1 1 1 1 1 1 1 1 1 1 1 1 1 1 1 1 1 1 1 1 1 1 1 1 1 1 1 1 1 1 1 1 1 1 1 1 1 1 1 1 1 1 1 1 1 1 1 1 1 1 1 1 1 1 1 1 1 1 1 1 1 1 1 1 1 1 1 1 1 1 1 1 1 1 1 1 1 1 1 1 1 1 1 1 1 1 1 1 1 1 1 1 1 1 1 1 1 1 1 1 1 1 1 1 1 1 1 1 1 1 1 1 1 1 1 1 1 1 1 1 1 1 1 1 1 1 1 1 1 1 1 1 1 1 1 1 1 1 1 1 1 1 1 1 1 1 1 1 1 1 1 1 1 1 1 1 1 1 1 1 1 1 1 1 1 1 1 1 1 1 1 1 1 1 1 1 1 1 1 1 1 1 1 1 1 1 1 1 1 1 1 1 1 1 1 1 1 1 1 1 1 1 1 1 1 1 1 1 1 1 1 1 1 1 1 1 1 1 1 1 1 1 1 1 1 1 1 1 1 1 1 1 1 1 1 1 1 1 1 1 1 1 1 1 1 1 1 1 1 1 1 1 1 1 1 1 1 1 1 1 1 1 1 1 1 1 1 1 1 1 1 1 1 1 1 1 1 1 1 1 1 1 1 1 1 1 1 1 1 1 1 1 1 1 1 1 1 1 1 1 1 1 1 1 1 1 1 1 1 1 1 1 1 1 1 1 1 1 1 1 1 1 1 1 1 1 1 1 1 1 1 1 1 1 1 1 1 1 1 1 1 1 1 1 1 1 1 1 1 1 1 1 1 1 1 1 1 1 1 1 1 1 1 1 1 1 1 1 1 1 1 1 1 1 1 1 1 1 1 1 1 1 1 1 1 1 1 1 1 1 1 1 1 1 1 1 1 1 1 1 1 1 1 1 1 1 1 1 1 1 1 1 1 1 1 1 1 1 1 1 1 1 1 1 1 1 1 1 1 1 1 1 1 1 1 1 1 1 1 1 1 1 1 1 1 1 1 1 1 1 1 1 1 1 1 1 1 1 1 1 1 1 1 1 1 1 1 1 1 1 1 1 1 1 1 1 1 1 1 1 1 1 1 1 1 1 1 1 1 1 1 1 1 1 1 1 1 1 1 1 1 1 1 1 1 1 1 1 1 1 1 1 1 1 1 1 1 1 1 1 1 1 1 1 1 1 1 1 1 1 1 1 1 1 1 1 1 1 1 1 1 1 1 1 1 1 1 1 1 1 1 1 1 1 1 1 1 1 1 1 1 1 1 1 1 1 1 1 1 1 1 1 1 1 1 1 1 1 1 1 1 1 1 1 1 1 1 1 1 1 1 1 1 1 1 1 1 1 1 1 1 1 1 1 1 1 1 1 1 1 1 1 1 1 1 1 1 1 1 1 1 1 1 1 1 1 1 1 1 1 1 1 1 1 1 1 1 1 1 1 1 1 1 1 1 1 1 1 1 1 1 1 1 1 1 1 1 1 1 1 1 1 1 1 1 1 1 1 1 1 1 1 1 1 1 1 1 1 1 1 1 1 1 1 1 1 1 1 1 1 1 1 1 1 1 1 1 1 1 1 1 1 1 1 1 1 1 1 1 1 1 1 1 1 1 1 1 1 1 1 1 1 1 1 1 1 1 1 1 1 1 1 1 1 1 1 1 1 1 1 1 1 1 1 1 1 1 1 1 1 1 1 1 1 1 1 1 1 1 1 1 1 1 1 1 1 1 1 1 1 1 1 1 1 1 1 1 1 1 1 1 1 1 1 1 1 1 1 1 1 1 1 1 1 1 1 1 1 1 1 1 1 1 1 1 1 1 1 1 1 1 1 1 1 1 1 1 1 1 1 1 1 1 1 1 1 1 1 1 1 1 1 1 1 1 1 1 1 1 1 1 1 1 1 1 1 1 1 1 1 1 1 1 1 1 1 1 1 1 1 1 1 1 1 1 1 1 1 1 1 1 1 1 1 1 1 1 1 1 1 1 1 1 1 1 1 1 1 1 1 1 1 1 1 1 1 1 1 1 1 1 1 1 1 1 1 1 1 1 1 1 1 1 1 1 1 1 1 1 1 1 1 1 1 1 1 1 1 1 1 1 1 1 1 1 1 1 1 1 1 1 1 1 1 1 1 1 1 1 1 1 1 1 1 1 1 1 1 1 1 1 1 1 1 1 1 1 1 1 1 1 1 1 1 1 1 1 1 1 1 1 1 1 1 1 1 1 1 1 1 1 1 1 1 1 1 1 1 1 1 1 1 1 1 1 1 1 1 1 1 1 1 1 1 1 1 1 1 1 1 1 1 1 1 1 1 1 1 1 1 1 1 1 1 1 1 1 1 1 1 1 1 1 1 1 1 1 1 1 1 1 1 1 1 1 1 1 1 1 1 1 1 1 1 1 1 1 1 1 1 1 1 1 1 1 1 1 1 1 1 1 1 1 1 1 1 1 1 1 1 1 1 1 1 1 1 1 1 1 1 1 1 1 1 1 1 1 1 1 1 1 1 1 1 1 1 1 1 1 1 1 1 1 1 1 1 1 1 1 1 1 1 1 1 1 1 1 1 1 1 1 1 1 1 1 1 1 1 1 1 1 1 1 1 1 1 1 1 1 1 1 1 1 1 1 1 1 1 1 1 1 1 1 1 1 1 1 1 1 1 1 1 1 1 1 1 1 1 1 1 1 1 1 1 1 1 1 1 1 1 1 1 1 1 1 1 1 1 1 1 1 1 1 1 1 1 1 1 1 1 1 1 1 1 1 1 1 1 1 1 1 1 1 1 1 1 1 1 1 1 1 1 1 1 1 1 1 1 1 1 1 1 1 1 1 1 1 1 1 1 1 1 1 1 1 1 1 1 1 1 1 1 1 1 1 1 1 1 1 1 1 1 1 1 1 1 1 1 1 1 1 1 1 1 1 1 1 1 1 1 1 1 1 1 1 1 1 1 1 1 1 1 1 1 1 1 1 1 1 1 1 1 1 1 1 1 1 1 1 1 1 1 1 1 1 1 1 1 1 1 1 1 1 1 1 1 1 1 1 1 1 1 1 1 1 1 1 1 1 1 1 1 1 1 1 1 1 1 1 1 1 1 1 1 1 1 1 1 1 1 1 1 1 1 1 1 1 1 1 1 1 1 1 1 1 1 1 1 1 1 1 1 1 1 1 1 1 1 1 1 1 1 1 1 1 1 1 1 1 1 1 1 1 1 1 1 1 1 1 1 1 1 1 1 1 1 1 1 1 1 1 1 1 1 1 1 1 1 1 1 1 1 1 1 1 1 1 1 1 1 1 1 1 1 1 1 1 1 1 1 1 1 1 1 1 1 1 1 1 1 1 1 1 1 1 1 1 1 1 1 1 1 1 1 1 1 1 1 1 1 1 1 1 1 1 1 1 1 1 1 1 1 1 1 1 1 1 1 1 1 1 1 1 1 1 1 1 1 1 1 1 1 1 1 1 1 1 1 1 1 1 1 1 1 1 1 1 1 1 1 1 1 1 1 1 1 1 1 1 1 1 1 1 1 1 1 1 1 1 1 1 1 1 1 1 1 1 1 1 1 1 1 1 1 1 1 1 1 1 1 1 1 1 1 1 1 1 1 1 1 1 1 1 1 1 1 1 1 1 1 1 1 1 1 1 1 1 1 1 1 1 1 1 1 1 1 1 1 1 1 1 1 1 1 1 1 1 1 1 1 1 1 1 1 1 1 1 1 1 1 1 1 1 1 1 1 1 1 1 1 1 1 1 1 1 1 1 1 1 1 1 1 1 1 1 1 1 1 1 1 1 1 1 1 1 1 1 1 1 1 1 1 1 1 1 1 1 1 1 1 1 1 1 1 1 1 1 1 1 1 1 1 1 1 1 1 1 1 1 1 1 1 1 1 1 1 1 1 1 1 1 1 1 1 1 1 1 1 1 1 1 1 1 1 1 1 1 1 1 1 1 1 1 1 1 1 1 1 1 1 1 1 1 1 1 1 1 1 1 1 1 1 1 1 1 1 1 1 1 1 1 1 1 1 1 1 1 1 1 1 1 1 1 1 1 1 1 1 1 1 1 1 1 1 1 1 1 1 1 1 1 1 1 1 1 1 1 1 1 1 1 1 1 1 1 1 1 1 1 1 1 1 1 1 1 1 1 1 1 1 1 1 1 1 1 1 1 1 1 1 1 1 1 1 1 1 1 1 1 1 1 1 1 1 1 1 1 1 1 1 1 1 1 1 1 1 1 1 1 1 1 1 1 1 1 1 1 1 1 1 1 1 1 1 1 1 1 1 1 1 1 1 1 1 1 1 1 1 1 1 1 1 1 1 1 1 1 1 1 1 1 1 1 1 1 1 1 1 1 1 1 1 1 1 1 1 1 1 1 1 1 1 1 1 1 1 1 1 1 1 1 1 1 1 1 1 1 1 1 1 1 1 1 1 1 1 1 1 1 1 1 1 1 1 1 1 1 1 1 1 1 1 1 1 1 1 1 1 1 1 1 1 1 1 1 1 1 1 1 1 1 1 1 1 1 1 1 1 1 1 1 1 1 1 1 1 1 1 1 1 1 1 1 1 1 1 1 1 1 1 1 1 1 1 1 1 1 1 1 1 1 1 1 1 1 1 1 1 1 1 1 1 1 1 1 1 1 1 1 1 1 1 1 1 1 1 1 1 1 1 1 1 1 1 1 1 1 1 1 1 1 1 1 1 1 1 1 1 1 1 1 1 1 1 1 1 1 1 1 1 1 1 1 1 1 1 1 1 1 1 1 1 1 1 1 1 1 1 1 1 1 1 1 1 1 1 1 1 1 1 1 1 1 1 1 1 1 1 1 1 1 1 1 1 1 1 1 1 1 1 1 1 1 1 1 1 1 1 1 1 1 1 1 1 1 1 1 1 1 1 1 1 1 1 1 1 1 1 1 1 1 1 1 1 1 1 1 1 1 1 1 1 1 1 1 1 1 1 1 1 1 1 1 1 1 1 1 1 1 1 1 1 1 1 1 1 1 1 1 1 1 1 1 1 1 1 1 1 1 1 1 1 1 1 1 1 1 1 1 1 1 1 1 1 1 1 1 1 1 1 1 1 1 1 1 1 1 1 1 1 1 1 1 1 1 1 1 1 1 1 1 1 1 1 1 1 1 1 1 1 1 1 1 1 1 1 1 1 1 1 1 1 1 1 1 1 1 1 1 1 1 1 1 1 1 1 1 1 1 1 1 1 1 1 1 1 1 1 1 1 1 1 1 1 1 1 1 1 1 1 1 1 1 1 1 1 1 1 1 1 1 1 1 1 1 1 1 1 1 1 1 1 1 1 1 1 1 1 1 1 1 1 1 1 1 1 1 1 1 1 1 1 1 1 1 1 1 1 1 1 1 1 1 1 1 1 1 1 1 1 1 1 1 1 1 1 1 1 1 1 1 1 1 1 1 1 1 1 1 1 1 1 1 1 1 1 1 1 1 1 1 1 1 1 1 1 1 1 1 1 1 1 1 1 1 1 1 1 1 1 1 1 1 1 1 1 1 1 1 1 1 1 1 1 1 1 1 1 1 1 1 1 1 1 1 1 1 1 1 1 1 1 1 1 1 1 1 1 1 1 1 1 1 1 1 1 1 1 1 1 1 1 1 1 1 1 1 1 1 1 1 1 1 1 1 1 1 1 1 1 1 1 1 1 1 1 1 1 1 1 1 1 1 1 1 1 1 1 1 1 1 1 1 1 1 1 1 1 1 1 1 1 1 1 1 1 1 1 1 1 1 1 1 1 1 1 1 1 1 1 1 1 1 1 1 1 1 1 1 1 1 1 1 1 1 1 1 1 1 1 1 1 1 1 1 1 1 1 1 1 1 1 1 1 1 1 1 1 1 1 1 1 1 1 1 1 1 1 1 1 1 1 1 1 1 1 1 1 1 1 1 1 1 1 1 1 1 1 1 1 1 1 1 1 1 1 1 1 1 1 1 1 1 1 1 1 1 1 1 1 1 1 1 1 1 1 1 1 1 1 1 1 1 1 1 1 1 1 1 1 1 1 1 1 1 1 1 1 1 1 1 1 1 1 1 1 1 1 1 1 1 1 1 1 1 1 1 1 1 1 1 1 1 1 1 1 1 1 1 1 1 1 1 1 1 1 1 1 1 1 1 1 1 1 1 1 1 1 1 1 1 1 1 1 1 1 1 1 1 1 1 1 1 1 1 1 1 1 1 1 1 1 1 1 1 1 1 1 1 1 1 1 1 1 1 1 1 1 1 1 1 1 1 1 1 1 1 1 1 1 1 1 1 1 1 1 1 1 1 1 1 1 1 1 1 1 1 1 1 1 1 1 1 1 1 1 1 1 1 1 1 1 1 1 1 1 1 1 1 1 1 1 1 1 1 1 1 1 1 1 1 1 1 1 1 1 1 1 1 1 1 1 1 1 1 1 1 1 1 1 1 1 1 1 1 1 1 1 1 1 1 1 1 1 1 1 1 1 1 1 1 1 1 1 1 1 1 1 1 1 1 1 1 1 1 1 1 1 1 1 1 1 1 1 1 1 1 1 1 1 1 1 1 1 1 1 1 1 1 1 1 1 1 1 1 1 1 1 1 1 1 1 1 1 1 1 1 1 1 1 1 1 1 1 1 1 1 1 1 1 1 1 1 1 1 1 1 1 1 1 1 1 1 1 1 1 1 1 1 1 1 1 1 1 1 1 1 1 1 1 1 1 1 1 1 1 1 1 1 1 1 1 1 1 1 1 1 1 1 1 1 1 1 1 1 1 1 1 1 1 1 1 1 1 1 1 1 1 1 1 1 1 1 1 1 1 1 1 1 1 1 1 1 1 1 1 1 1 1 1 1 1 1 1 1 1 1 1 1 1 1 1 1 1 1 1 1 1 1 1 1 1 1 1 1 1 1 1 1 1 1 1 1 1 1 1 1 1 1 1 1 1 1 1 1 1 1 1 1 1 1 1 1 1 1 1 1 1 1 1 1 1 1 1 1 1 1 1 1 1 1 1 1 1 1 1 1 1 1 1 1 1 1 1 1 1 1 1 1 1 1 1 1 1 1 1 1 1 1 1 1 1 1 1 1 1 1 1 1 1 1 1 1 1 1 1 1 1 1 1 1 1 1 1 1 1 1 1 1 1 1 1 1 1 1 1 1 1 1 1 1 1 1 1 1 1 1 1 1 1 1 1 1 1 1 1 1 1 1 1 1 1 1 1 1 1 1 1 1 1 1 1 1 1 1 1 1 1 1 1 1 1 1 1 1 1 1 1 1 1 1 1 1 1 1 1 1 1 1 1 1 1 1 1 1 1 1 1 1 1 1 1 1 1 1 1 1 1 1 1 1 1 1 1 1 1 1 1 1 1 1 1 1 1 1 1 1 1 1 1 1 1 1 1 1 1 1 1 1 1 1 1 1 1 1 1 1 1 1 1 1 1 1 1 1 1 1 1 1 1 1 1 1 1 1 1 1 1 1 1 1 1 1 1 1 1 1 1 1 1 1 1 1 1 1 1 1 1 1 1 1 1 1 1 1 1 1 1 1 1 1 1 1 1 1 1 1 1 1 1 1 1 1 1 1 1 1 1 1 1 1 1 1 1 1 1 1 1 1 1 1 1 1 1 1 1 1 1 1 1 1 1 1 1 1 1 1 1 1 1 1 1 1 1 1 1 1 1 1 1 1 1 1 1 1 1 1 1 1 1 1 1 1 1 1 1 1 1 1 1 1 1 1 1 1 1 1 1 1 1 1 1 1 1 1 1 1 1 1 1 1 1 1 1 1 1 1 1 1 1 1 1 1 1 1 1 1 1 1 1 1 1 1 1 1 1 1 1 1 1 1 1 1 1 1 1 1 1 1 1 1 1 1 1 1 1 1 1 1 1 1 1 1 1 1 1 1 1 1 1 1 1 1 1 1 1 1 1 1 1 1 1 1 1 1 1 1 1 1 1 1 1 1 1 1 1 1 1 1 1 1 1 1 1 1 1 1 1 1 1 1 1 1 1 1 1 1 1 1 1 1 1 1 1 1 1 1 1 1 1 1 1 1 1 1 1 1 1 1 1 1 1 1 1 1 1 1 1 1 1 1 1 1 1 1 1 1 1 1 1 1 1 1 1 1 1 1 1 1 1 1 1 1 1 1 1 1 1 1 1 1 1 1 1 1 1 1 1 1 1 1 1 1 1 1 1 1 1 1 1 1 1 1 1 1 1 1 1 1 1 1 1 1 1 1 1 1 1 1 1 1 1 1 1 1 1 1 1 1 1 1 1 1 1 1 1 1 1 1 1 1 1 1 1 1 1 1 1 1 1 1 1 1 1 1 1 1 1 1 1 1 1 1 1 1 1 1 1 1 1 1 1 1 1 1 1 1 1 1 1 1 1 1 1 1 1 1 1 1 1 1 1 1 1 1 1 1 1 1 1 1 1 1 1 1 1 1 1 1 1 1 1 1 1 1 1 1 1 1 1 1 1 1 1 1 1 1 1 1 1 1 1 1 1 1 1 1 1 1 1 1 1 1 1 1 1 1 1 1 1 1 1 1 1 1 1 1 1 1 1 1 1 1 1 1 1 1 1 1 1 1 1 1 1 1 1 1 1 1 1 1 1 1 1 1 1 1 1 1 1 1 1 1 1 1 1 1 1 1 1 1 1 1 1 1 1 1 1 1 1 1 1 1 1 1 1 1 1 1 1 1 1 1 1 1 1 1 1 1 1 1 1 1 1 1 1 1 1 1 1 1 1 1 1 1 1 1 1 1 1 1 1 1 1 1 1 1 1 1 1 1 1 1 1 1 1 1 1 1 1 1 1 1 1 1 1 1 1 1 1 1 1 1 1 1 1 1 1 1 1 1 1 1 1 1 1 1 1 1 1 1 1 1 1 1 1 1 1 1 1 1 1 1 1 1 1 1 1 1 1 1 1 1 1 1 1 1 1 1 1 1 1 1 1 1 1 1 1 1 1 1 1 1 1 1 1 1 1 1 1 1 1 1 1 1 1 1 1 1 1 1 1 1 1 1 1 1 1 1 1 1 1 1 1 1 1 1 1 1 1 1 1 1 1 1 1 1 1 1 1 1 1 1 1 1 1 1 1 1 1 1 1 1 1 1 1 1 1 1 1 1 1 1 1 1 1 1 1 1 1 1 1 1 1 1 1 1 1 1 1 1 1 1 1 1 1 1 1 1 1 1 1 1 1 1 1 1 1 1 1 1 1 1 1 1 1 1 1 1 1 1 1 1 1 1 1 1 1 1 1 1 1 1 1 1 1 1 1 1 1 1 1 1 1 1 1 1 1 1 1 1 1 1 1 1 1 1 1 1 1 1 1 1 1 1 1 1 1 1 1 1 1 1 1 1 1 1 1 1 1 1 1 1 1 1 1 1 1 1 1 1 1 1 1 1 1 1 1 1 1 1 1 1 1 1 1 1 1 1 1 1 1 1 1 1 1 1 1 1 1 1 1 1 1 1 1 1 1 1 1 1 1 1 1 1 1 1 1 1 1 1 1 1 1 1 1 1 1 1 1 1 1 1 1 1 1 1 1 1 1 1 1 1 1 1 1 1 1 1 1 1 1 1 1 1 1 1 1 1 1 1 1 1 1 1 1 1 1 1 1 1 1 1 1 1 1 1 1 1 1 1 1 1 1 1 1 1 1 1 1 1 1 1 1 1 1 1 1 1 1 1 1 1 1 1 1 1 1 1 1 1 1 1 1 1 1 1 1 1 1 1 1 1 1 1 1 1 1 1 1 1 1 1 1 1 1 1 1 1 1 1 1 1 1 1 1 1 1 1 1 1 1 1 1 1 1 1 1 1 1 1 1 1 1 1 1 1 1 1 1 1 1 1 1 1 1 1 1 1 1 1 1 1 1 1 1 1 1 1 1 1 1 1 1 1 1 1 1 1 1 1 1 1 1 1 1 1 1 1 1 1 1 1 1 1 1 1 1 1 1 1 1 1 1 1 1 1 1 1 1 1 1 1 1 1 1 1 1 1 1 1 1 1 1 1 1 1 1 1 1 1 1 1 1 1 1 1 1 1 1 1 1 1 1 1 1 1 1 1 1 1 1 1 1 1 1 1 1 1 1 1 1 1 1 1 1 1 1 1 1 1 1 1 1 1 1 1 1 1 1 1 1 1 1 1 1 1 1 1 1 1 1 1 1 1 1 1 1 1 1 1 1 1 1 1 1 1 1 1 1 1 1 1 1 1 1 1 1 1 1 1 1 1 1 1 1 1 1 1 1 1 1 1 1 1 1 1 1 1 1 1 1 1 1 1 1 1 1 1 1 1 1 1 1 1 1 1 1 1 1 1 1 1 1 1 1 1 1 1 1 1 1 1 1 1 1 1 1 1 1 1 1 1 1 1 1 1 1 1 1 1 1 1 1 1 1 1 1 1 1 1 1 1 1 1 1 1 1 4 4 4 4 4 4 4 4 4 4 4 4 4 4 4 4 4 4 4 4 4 4 4 4 4 4 4 4 4 4 4 4 4 4 4 4 4 4 4 4 4 4 4 4 4 4 4 4 4 4 4 4 4 4 4 4 4 4 4 4 4 4 4 4 4 4 4 4 4 4 4 4 4 4 4 4 4 4 4 4 4 4 4 4 4 4 4 4 4 4 4 4 4 4 4 4 4 4 4 4 4 4 4 4 4 4 4 4 4 4 4 4 4 4 4 4 4 4 4 4 4 4 4 4 4 4 4 4 4 4 4 4 4 4 4 4 4 4 4 4 4 4 4 4 4 4 4 4 4 4 4 4 4 4 4 4 4 4 4 4 4 4 4 4 4 4 4 4 4 4 4 4 4 4 4 4 4 4 4 4 4 4 4 4 4 4 4 4 4 4 4 4 4 4 4 4 4 4 4 4 4 4 4 4 4 4 4 4 4 4 4 4 4 4 4 4 4 4 4 4 4 4 4 4 4 4 4 4 4 4 4 4 4 4 4 4 1 1 1 1 1 1 1 1 1 1 1 1 1 1 1 1 1 1 1 1 1 1 1 1 1 1 1 1 1 1 1 1 1 1 1 1 1 1 1 1 1 1 1 1 1 1 1 1 1 1 1 1 1 1 1 1 1 1 1 1 1 1 1 1 1 1 1 1 1 1 1 1 1 1 1 1 1 1 1 1 1 1 1 1 1 1 1 1 1 1 1 1 1 1 1 1 1 1 1 1 1 1 1 1 1 1 1 1 1 1 1 1 1 1 1 1 1 1 1 1 1 1 1 1 1 1 1 1 1 1 1 1 1 1 1 1 1 1 1 1 1 1 1 1 1 1 1 1 1 1 1 1 1 1 1 1 1 1 1 1 1 1 1 1 1 1 1 1 1 1 1 1 1 1 1 1 1 1 1 1 1 1 1 1 1 1 1 1 1 1 1 1 1 1 1 1 1 1 1 1 1 1 1 1 1 1 1 1 1 1 1 1 1 1 1 1 1 1 1 1 1 1 1 1 1 1 1 1 1 1 1 1 1 1 1 1 1 1 1 1 1 1 1 1 1 1 1 1 1 1 1 1 1 1 1 1 1 1 1 1 1 1 1 1 1 1 1 1 1 1 1 1 1 1 1 1 1 1 1 1 1 1 1 1 1 1 1 1 1 1 1 1 1 1 1 1 1 1 1 1 1 1 1 1 1 1 1 1 1 1 1 1 1 1 1 1 1 1 1 1 1 1 1 1 1 1 1 1 1 1 1 1 1 1 1 1 1 1 1 1 1 1 1 1 1 1 1 1 1 1 1 1 1 1 1 1 1 1 1 1 1 1 1 1 1 1 1 1 1 1 1 1 1 1 1 1 1 1 1 1 1 1 1 1 1 1 1 1 1 1 1 1 1 1 1 1 1 1 1 1 1 1 1 1 1 1 1 1 1 1 1 1 1 1 1 1 1 1 1 1 1 1 1 1 1 1 1 1 1 1 1 1 1 1 1 1 1 1 1 1 1 1 1 1 1 1 1 1 1 1 1 1 1 1 1 1 1 1 1 1 1 1 1 1 1 1 1 1 1 1 1 1 1 1 1 1 1 1 1 1 1 1 1 1 1 1 1 1 1 1 1 1 1 1 1 1 1 1 1 1 1 1 1 1 1 1 1 1 1 1 1 1 1 1 1 1 1 1 1 1 1 1 1 1 1 1 1 1 1 1 1 1 1 1 1 1 1 1 1 1 1 1 1 1 1 1 1 1 1 1 1 1 1 1 1 1 1 1 1 1 1 1 1 1 1 1 1 1 1 1 1 1 1 1 1 1 1 1 1 1 1 1 1 1 1 1 1 1 1 1 1 1 1 1 1 1 1 1 1 1 1 1 1 1 1 1 1 1 1 1 1 1 1 1 1 1 1 1 1 1 1 1 1 1 1 1 1 1 1 1 1 1 1 1 1 1 1 1 1 1 1 1 1 1 1 1 1 1 1 1 1 1 1 1 1 1 1 1 1 1 1 1 1 1 1 1 1 1 1 1 1 1 1 1 1 1 1 1 1 1 1 1 1 1 1 1 1 1 1 1 1 1 1 1 1 1 1 1 1 1 1 1 1 1 1 1 1 1 1 1 1 1 1 1 1 1 1 1 1 1 1 1 1 1 1 1 1 1 1 1 1 1 1 1 1 1 1 1 1 1 1 1 1 1 1 1 1 1 1 1 1 1 1 1 1 1 1 1 1 1 1 1 1 1 1 1 1 1 1 1 1 1 1 1 1 1 1 1 1 1 1 1 1 1 1 1 1 1 1 1 1 1 1 1 1 1 1 1 1 1 1 1 1 1 1 1 1 1 1 1 1 1 1 1 1 1 1 1 1 1 1 1 1 1 1 1 1 1 1 1 1 1 1 1 1 1 1 1 1 1 1 1 1 1 1 1 1 1 1 1 1 1 1 1 1 1 1 1 1 1 1 1 1 1 1 1 1 1 1 1 1 1 1 1 1 1 1 1 1 1 1 1 1 1 1 1 1 1 1 1 1 1 1 1 1 1 1 1 1 1 1 1 1 1 1 1 1 1 1 1 1 1 1 1 1 1 1 1 1 1 1 1 1 1 1 1 1 1 1 1 1 1 1 1 1 1 1 1 1 1 1 1 1 1 1 1 1 1 1 1 1 1 1 1 1 1 1 1 1 1 1 1 1 1 1 1 1 1 1 1 1 1 1 1 1 1 1 1 1 1 1 1 1 1 1 1 1 1 1 1 1 1 1 1 1 1 1 1 1 1 1 1 1 1 1 1 1 1 1 1 1 1 1 1 1 1 1 1 1 1 1 1 1 1 1 1 1 1 1 1 1 1 1 1 1 1 1 1 1 1 1 1 1 1 1 1 1 1 1 1 1 1 1 1 1 1 1 1 1 1 1 1 1 1 1 1 1 1 1 1 1 1 1 1 1 1 1 1 1 1 1 1 1 1 1 1 1 1 1 1 1 1 1 1 1 1 1 1 1 1 1 1 1 1 1 1 1 1 1 1 1 1 1 1 1 1 1 1 1 1 1 1 1 1 1 1 1 1 1 1 1 1 1 1 1 1 1 1 1 1 1 1 1 1 1 1 1 1 1 1 1 1 1 1 1 1 1 1 1 1 1 1 1 1 1 1 1 1 1 1 1 1 1 1 1 1 1 1 1 1 1 1 1 1 1 1 1 1 1 1 1 1 1 1 1 1 1 1 1 1 1 1 1 1 1 1 1 1 1 1 1 1 1 1 1 1 1 1 1 1 1 1 1 1 1 1 1 1 1 1 1 1 1 1 1 1 1 1 1 1 1 1 1 1 1 1 1 1 1 1 1 1 1 1 1 1 1 1 1 1 1 1 1 1 1 1 1 1 1 1 1 1 1 1 1 1 1 1 1 1 1 1 1 1 1 1 1 1 1 1 1 1 1 1 1 1 1 1 1 1 1 1 1 1 1 1 1 1 1 1 1 1 1 1 1 1 1 1 1 1 1 1 1 1 1 1 1 1 1 1 1 1 1 1 1 1 1 1 1 1 1 1 1 1 1 1 1 1 1 1 1 1 1 1 1 1 1 1 1 1 1 1 1 1 1 1 1 1 1 1 1 1 1 1 1 1 1 1 1 1 1 1 1 1 1 1 1 1 1 1 1 1 1 1 1 1 1 1 1 1 1 1 1 1 1 1 1 1 1 1 1 1 1 1 1 1 1 1 1 1 1 1 1 1 1 1 1 1 1 1 1 1 1 1 1 1 1 1 1 1 1 1 1 1 1 1 1 1 1 1 1 1 1 1 1 1 1 1 1 1 1 1 1 1 1 1 1 1 1 1 1 1 1 1 1 1 1 1 1 1 1 1 1 1 1 1 1 1 1 1 1 1 1 1 1 1 1 1 1 1 1 1 1 1 1 1 1 1 1 1 1 1 1 1 1 1 1 1 1 1 1 1 1 1 1 1 1 1 1 1 1 1 1 1 1 1 1 1 1 1 1 1 1 1 1 1 1 1 1 1 1 1 1 1 1 1 1 1 1 1 1 1 1 1 1 1 1 1 1 1 1 1 1 1 1 1 1 1 1 1 1 1 1 1 1 1 1 1 1 1 1 1 1 1 1 1 1 1 1 1 1 1 1 1 1 1 1 1 1 1 1 1 1 1 1 1 1 1 1 1 1 1 1 1 1 1 1 1 1 1 1 1 1 1 1 1 1 1 1 1 1 1 1 1 1 1 1 1 1 1 1 1 1 1 1 1 1 1 1 1 1 1 1 1 1 1 1 1 1 1 1 1 1 1 1 1 1 1 1 1 1 1 1 1 1 1 1 1 1 1 1 1 1 1 1 1 1 1 1 1 1 1 1 1 1 1 1 1 1 1 1 1 1 1 1 1 1 1 1 1 1 1 1 1 1 1 1 1 1 1 1 1 1 1 1 1 1 1 1 1 1 1 1 1 1 1 1 1 1 1 1 1 1 1 1 1 1 1 1 1 1 1 1 1 1 1 1 1 1 1 1 1 1 1 1 1 1 1 1 1 1 1 1 1 1 1 1 1 1 1 1 1 1 1 1 1 1 1 1 1 1 1 1 1 1 1 1 1 1 1 1 1 1 1 1 1 1 1 1 1 1 1 1 1 1 1 1 1 1 1 1 1 1 1 1 1 1 1 1 1 1 1 1 1 1 1 1 1 1 1 1 1 1 1 1 1 1 1 1 1 1 1 1 1 1 1 1 1 1 1 1 1 1 1 1 1 1 1 1 1 1 1 1 1 1 1 1 1 1 1 1 1 1 1 1 1 1 1 1 1 1 1 1 1 1 1 1 1 1 1 1 1 1 1 1 1 1 1 1 1 1 1 1 1 1 1 1 1 1 1 1 1 1 1 1 1 1 1 1 1 1 1 1 1 1 1 1 1 1 1 1 1 1 1 1 1 1 1 1 1 1 1 1 1 1 1 1 1 1 1 1 1 1 1 1 1 1 1 1 1 1 1 1 1 1 1 1 1 1 1 1 1 1 1 1 1 1 1 1 1 1 1 1 1 1 1 1 1 1 1 1 1 1 1 1 1 1 1 1 1 1 1 1 1 1 1 1 1 1 1 1 1 1 1 1 1 1 1 1 1 1 1 1 1 1 1 1 1 1 1 1 1 1 1 1 1 1 1 1 1 1 1 1 1 1 1 1 1 1 1 1 1 1 1 1 1 1 1 1 1 1 1 1 1 1 1 1 1 1 1 1 1 1 1 1 1 1 1 1 1 1 1 1 1 1 1 1 1 1 1 1 1 1 1 1 1 1 1 1 1 1 1 1 1 1 1 1 1 1 1 1 1 1 1 1 1 1 1 1 1 1 1 1 1 1 1 1 1 1 1 1 1 1 1 1 1 1 1 1 1 1 1 1 1 1 1 1 1 1 1 1 1 1 1 1 1 1 1 1 1 1 1 1 1 1 1 1 1 1 1 1 1 1 1 1 1 1 1 1 1 1 1 1 1 1 1 1 1 1 1 1 1 1 1 1 1 1 1 1 1 1 1 1 1 1 1 1 1 1 1 1 1 1 1 1 1 1 1 1 1 1 1 1 1 1 1 1 1 1 1 1 1 1 1 1 1 1 1 1 1 1 1 1 1 1 1 1 1 1 1 1 1 1 1 1 1 1 1 1 1 1 1 1 1 1 1 1 1 1 1 1 1 1 1 1 1 1 1 1 1 1 1 1 1 1 1 1 1 1 1 1 1 1 1 1 1 1 1 1 1 1 1 1 1 1 1 1 1 1 1 1 1 1 1 1 1 1 1 1 1 1 1 1 1 1 1 1 1 1 1 1 1 1 1 1 1 1 1 1 1 1 1 1 1 1 1 1 1 1 1 1 1 1 1 1 1 1 1 1 1 1 1 1 1 1 1 1 1 1 1 1 1 1 1 1 1 1 1 1 1 1 1 1 1 1 1 1 1 1 1 1 1 1 1 1 1 1 1 1 1 1 1 1 1 1 1 1 1 1 1 1 1 1 1 1 1 1 1 1 1 1 1 1 1 1 1 1 1 1 1 1 1 1 1 1 1 1 1 1 1 1 1 1 1 1 1 1 1 1 1 1 1 1 1 1 1 1 1 1 1 1 1 1 1 1 1 1 1 1 1 1 1 1 1 1 1 1 1 1 1 1 1 1 1 1 1 1 1 1 1 1 1 1 1 1 1 1 1 1 1 1 1 1 1 1 1 1 1 1 1 1 1 1 1 1 1 1 1 1 1 1 1 1 1 1 1 1 1 1 1 1 1 1 1 1 1 1 1 1 1 1 1 1 1 1 1 1 1 1 1 1 1 1 1 1 1 1 1 1 1 1 1 1 1 1 1 1 1 1 1 1 1 1 1 1 1 1 1 1 1 1 1 1 1 1 1 1 1 1 1 1 1 1 1 1 1 1 1 1 1 1 1 1 1 1 1 1 1 1 1 1 1 1 1 1 1 1 1 1 1 1 1 1 1 1 1 1 1 1 1 1 1 1 1 1 1 1 1 1 1 1 1 1 1 1 1 1 1 1 1 1 1 1 1 1 1 1 1 1 1 1 1 1 1 1 1 1 1 1 1 1 1 1 1 1 1 1 1 1 1 1 1 1 1 1 1 1 1 1 1 1 1 1 1 1 1 1 1 1 1 1 1 1 1 1 1 1 1 1 1 1 1 1 1 1 1 1 1 1 1 1 1 1 1 1 1 1 1 1 1 1 1 1 1 1 1 1 1 1 1 1 1 1 1 1 1 1 1 1 1 1 1 1 1 1 1 1 1 1 1 1 1 1 1 1 1 1 1 1 1 1 1 1 1 1 1 1 1 1 1 1 1 1 1 1 1 1 1 1 1 1 1 1 1 1 1 1 1 1 1 1 1 1 1 1 1 1 1 1 1 1 1 1 1 1 1 1 1 1 1 1 1 1 1 1 1 1 1 1 1 1 1 1 1 1 1 1 1 1 1 1 1 1 1 1 1 1 1 1 1 1 1 1 1 1 1 1 1 1 1 1 1 1 1 1 1 1 1 1 1 1 1 1 1 1 1 1 1 1 1 1 1 1 1 1 1 1 1 1 1 1 1 1 1 1 1 1 1 1 1 1 1 1 1 1 1 1 1 1 1 1 1 1 1 1 1 1 1 1 1 1 1 1 1 1 1 1 1 1 1 1 1 1 1 1 1 1 1 1 1 1 1 1 1 1 1 1 1 1 1 1 1 1 1 1 1 1 1 1 1 1 1 1 1 1 1 1 1 1 1 1 1 1 1 1 1 1 1 1 1 1 1 1 1 1 1 1 1 1 1 1 1 1 1 1 1 1 1 1 1 1 1 1 1 1 1 1 1 1 1 1 1 1 1 1 1 1 1 1 1 1 1 1 1 1 1 1 1 1 1 1 1 1 1 1 1 1 1 1 1 1 1 1 1 1 1 1 1 1 1 1 1 1 1 1 1 1 1 1 1 1 1 1 1 1 1 1 1 1 1 1 1 1 1 1 1 1 1 1 1 1 1 1 1 1 1 1 1 1 1 1 1 1 1 1 1 1 1 1 1 1 1 1 1 1 1 1 1 1 1 1 1 1 1 1 1 1 1 1 1 1 1 1 1 1 1 1 1 1 1 1 1 1 1 1 1 1 1 1 1 1 1 1 1 1 1 1 1 1 1 1 1 1 1 1 1 1 1 1 1 1 1 1 1 1 1 1 1 1 1 1 1 1 1 1 1 1 1 1 1 1 1 1 1 1 1 1 1 1 1 1 1 1 1 1 1 1 1 1 1 1 1 1 1 1 1 1 1 1 1 1 1 1 1 1 1 1 1 1 1 1 1 1 1 1 1 1 1 1 1 1 1 1 1 1 1 1 1 1 1 1 1 1 1 1 1 1 1 1 1 1 1 1 1 1 1 1 1 1 1 1 1 1 1 1 1 1 1 1 1 1 1 1 1 1 1 1 1 1 1 1 1 1 1 1 1 1 1 1 1 1 1 1 1 1 1 1 1 1 1 1 1 1 1 1 1 1 1 1 1 1 1 1 1 1 1 1 1 1 1 1 1 1 1 1 1 1 1 1 1 1 1 1 1 1 1 1 1 1 1 1 1 1 1 1 1 1 1 1 1 1 1 1 1 1 1 1 1 1 1 1 1 1 1 1 1 1 1 1 1 1 1 1 1 1 1 1 1 1 1 1 1 1 1 1 1 1 1 1 1 1 1 1 1 1 1 1 1 1 1 1 1 1 1 1 1 1 1 1 1 1 1 1 1 1 1 1 1 1 1 1 1 1 1 1 1 1 1 1 1 1 1 1 1 1 1 1 1 1 1 1 1 1 1 1 1 1 1 1 1 1 1 1 1 1 1 1 1 1 1 1 1 1 1 1 1 1 1 1 1 1 1 1 1 1 1 1 1 1 1 1 1 1 1 1 1 1 1 1 1 1 1 1 1 1 1 1 1 1 1 1 1 1 1 1 1 1 1 1 1 1 1 1 1 1 1 1 1 1 1 1 1 1 1 1 1 1 1 1 1 1 1 1 1 1 1 1 1 1 1 1 1 1 1 1 1 1 1 1 1 1 1 1 1 1 1 1 1 1 1 1 1 1 1 1 1 1 1 1 1 1 1 1 1 1 1 1 1 1 1 1 1 1 1 1 1 1 1 1 1 1 1 1 1 1 1 1 1 1 1 1 1 1 1 1 1 1 1 1 1 1 1 1 1 1 1 1 1 1 1 1 1 1 1 1 1 1 1 1 1 1 1 1 1 1 1 1 1 1 1 1 1 1 1 1 1 1 1 1 1 1 1 1 1 1 1 1 1 1 1 1 1 1 1 1 1 1 1 1 1 1 1 1 1 1 1 1 1 1 1 1 1 1 1 1 1 1 1 1 1 1 1 1 1 1 1 1 1 1 1 1 1 1 1 1 1 1 1 1 1 1 1 1 1 1 1 1 1 1 1 1 1 1 1 1 1 1 1 1 1 1 1 1 1 1 1 1 1 1 1 1 1 1 1 1 1 1 1 1 1 1 1 1 1 1 1 1 1 1 1 1 1 1 1 1 1 1 1 1 1 1 1 1 1 1 1 1 1 1 1 1 1 1 1 1 1 1 1 1 1 1 1 1 1 1 1 1 1 1 1 1 1 1 1 1 1 1 1 1 1 1 1 1 1 1 1 1 1 1 1 1 1 1 1 1 1 1 1 1 1 1 1 1 1 1 1 1 1 1 1 1 1 1 1 1 1 1 1 1 1 1 1 1 1 1 1 1 1 1 1 1 1 1 1 1 1 1 1 1 1 1 1 1 1 1 1 1 1 1 1 1 1 1 1 1 1 1 1 1 1 1 1 1 1 1 1 1 1 1 1 1 1 1 1 1 1 1 1 1 1 1 1 1 1 1 1 1 1 1 1 1 1 1 1 1 1 1 1 1 1 1 1 1 1 1 1 1 1 1 1 1 1 1 1 1 1 1 1 1 1 1 1 1 1 1 1 1 1 1 1 1 1 1 1 1 1 1 1 1 1 1 1 1 1 1 1 1 1 1 1 1 1 1 1 1 1 1 1 1 1 1 1 1 1 1 1 1 1 1 1 1 1 1 1 1 1 1 1 1 1 1 1 1 1 1 1 1 1 1 1 1 1 1 1 1 1 1 1 1 1 1 1 1 1 1 1 1 1 1 1 1 1 1 1 1 1 1 1 1 1 1 1 1 1 1 1 1 1 1 1 1 1 1 1 1 1 1 1 1 1 1 1 1 1 1 1 1 1 1 1 1 1 1 1 1 1 1 1 1 1 1 1 1 1 1 1 1 1 1 1 1 1 1 1 1 1 1 1 1 1 1 1 1 1 1 1 1 1 1 1 1 1 1 1 1 1 1 1 1 1 1 1 1 1 1 1 1 1 1 1 1 1 1 1 1 1 1 1 1 1 1 1 1 1 1 1 1 1 1 1 1 1 1 1 1 1 1 1 1 1 1 1 1 1 1 1 1 1 1 1 1 1 1 1 1 1 1 1 1 1 1 1 1 1 1 1 1 1 1 1 1 1 1 1 1 1 1 1 1 1 1 1 1 1 1 1 1 1 1 1 1 1 1 1 1 1 1 1 1 1 1 1 1 1 1 1 1 1 1 1 1 1 1 1 1 1 1 1 1 1 1 1 1 1 1 1 1 1 1 1 1 1 1 1 1 1 1 1 1 1 1 1 1 1 1 1 1 1 1 1 1 1 1 1 1 1 1 1 1 1 1 1 1 1 1 1 1 1 1 1 1 1 1 1 1 1 1 1 1 1 1 1 1 1 1 1 1 1 1 1 1 1 1 1 1 1 1 1 1 1 1 1 1 1 1 1 1 1 1 1 1 1 1 1 1 1 1 1 1 1 1 1 1 1 1 1 1 1 1 1 1 1 1 1 1 1 1 1 1 1 1 1 1 1 1 1 1 1 1 1 1 1 1 1 1 1 1 1 1 1 1 1 1 1 1 1 1 1 1 1 1 1 1 1 1 1 1 1 1 1 1 1 1 1 1 1 1 1 1 1 1 1 1 1 1 1 1 1 1 1 1 1 1 1 1 1 1 1 1 1 1 1 1 1 1 1 1 1 1 1 1 1 1 1 1 1 1 1 1 1 1 1 1 1 1 1 1 1 1 1 1 1 1 1 1 1 1 1 1 1 1 1 1 1 1 1 1 1 1 1 1 1 1 1 1 1 1 1 1 1 1 1 1 1 1 1 1 1 1 1 1 1 1 1 1 1 1 1 1 1 1 1 1 1 1 1 1 1 1 1 1 1 1 1 1 1 1 1 1 1 1 1 1 1 1 1 1 1 1 1 1 1 1 1 1 1 1 1 1 1 1 1 1 1 1 1 1 1 1 1 1 1 1 1 1 1 1 1 1 1 1 1 1 1 1 1 1 1 1 1 1 1 1 1 1 1 1 1 1 1 1 1 1 1 1 1 1 1 1 1 1 1 1 1 1 1 1 1 1 1 1 1 1 1 1 1 1 1 1 1 1 1 1 1 1 1 1 1 1 1 1 1 1 1 1 1 1 1 1 1 1 1 1 1 1 1 1 1 1 1 1 1 1 1 1 1 1 1 1 1 1 1 1 1 1 1 1 1 1 1 1 1 1 1 1 1 1 1 1 1 1 1 1 1 1 1 1 1 1 1 1 1 1 1 1 1 1 1 1 1 1 1 1 1 1 1 1 1 1 1 1 1 1 1 1 1 1 1 1 1 1 1 1 1 1 1 1 1 1 1 1 1 1 1 1 1 1 1 1 1 1 1 1 1 1 1 1 1 1 1 1 1 1 1 1 1 1 1 1 1 1 1 1 1 1 1 1 1 1 1 1 1 1 1 1 1 1 1 1 1 1 1 1 1 1 1 1 1 1 1 1 1 1 1 1 1 1 1 1 1 1 1 1 1 1 1 1 1 1 1 1 1 1 1 1 1 1 1 1 1 1 1 1 1 1 1 1 1 1 1 1 1 1 1 1 1 1 1 1 1 1 1 1 1 1 1 1 1 1 1 1 1 1 1 1 1 1 1 1 1 1 1 1 1 1 1 1 1 1 1 1 1 1 1 1 1 1 1 1 1 1 1 1 1 1 1 1 1 1 1 1 1 1 1 1 1 1 1 1 1 1 1 1 1 1 1 1 1 1 1 1 1 1 1 1 1 1 1 1 1 1 1 1 1 1 1 1 1 1 1 1 1 1 1 1 1 1 1 1 1 1 1 1 1 1 1 1 1 1 1 1 1 1 1 1 1 1 1 1 1 1 1 1 1 1 1 1 1 1 1 1 1 1 1 1 1 1 1 1 1 1 1 1 1 1 1 1 1 1 1 1 1 1 1 1 1 1 1 1 1 1 1 1 1 1 1 1 1 1 1 1 1 1 1 1 1 1 1 1 1 1 1 1 1 1 1 1 1 1 1 1 1 1 1 1 1 1 1 1 1 1 1 1 1 1 1 1 1 1 1 1 1 1 1 1 1 1 1 1 1 1 1 1 1 1 1 1 1 1 1 1 1 1 1 1 1 1 1 1 1 1 1 1 1 1 1 1 1 1 1 1 1 1 1 1 1 1 1 1 1 1 1 1 1 1 1 1 1 1 1 1 1 1 1 1 1 1 1 1 1 1 1 1 1 1 1 1 1 1 1 1 1 1 1 1 1 1 1 1 1 1 1 1 1 1 1 1 1 1 1 1 1 1 1 1 1 1 1 1 1 1 1 1 1 1 1 1 1 1 1 1 1 1 1 1 1 1 1 1 1 1 1 1 1 1 1 1 1 1 1 1 1 1 1 1 1 1 1 1 1 1 1 1 1 1 1 1 1 1 1 1 1 1 1 1 1 1 1 1 1 1 1 1 1 1 1 1 1 1 1 1 1 1 1 1 1 1 1 1 1 1 1 1 1 1 1 1 1 1 1 1 1 1 1 1 1 1 1 1 1 1 1 1 1 1 1 1 1 1 1 1 1 1 1 1 1 1 1 1 1 1 1 1 1 1 1 1 1 1 1 1 1 1 1 1 1 1 1 1 1 1 1 1 1 1 1 1 1 1 1 1 1 1 1 1 1 1 1 1 1 1 1 1 1 1 1 1 1 1 1 1 1 1 1 1 1 1 1 1 1 1 1 1 1 1 1 1 1 1 1 1 1 1 1 1 1 1 1 1 1 1 1 1 1 1 1 1 1 1 1 1 1 1 1 1 1 1 1 1 1 1 1 1 1 1 1 1 1 1 1 1 1 1 1 1 1 1 1 1 1 1 1 1 1 1 1 1 1 1 1 1 1 1 1 1 1 1 1 1 1 1 1 1 1 1 1 1 1 1 1 1 1 1 1 1 1 1 1 1 1 1 1 1 1 1 1 1 1 1 1 1 1 1 1 1 1 1 1 1 1 1 1 1 1 1 1 1 1 1 1 1 1 1 1 1 1 1 1 1 1 1 1 1 1 1 1 1 1 1 1 1 1 1 1 1 1 1 1 1 1 1 1 1 1 1 1 1 1 1 1 1 1 1 1 1 1 1 1 1 1 1 1 1 1 1 1 1 1 1 1 1 1 1 1 1 1 1 1 1 1 1 1 1 1 1 1 1 1 1 1 1 1 1 1 1 1 1 1 1 1 1 1 1 1 1 1 1 1 1 1 1 1 1 1 1 1 1 1 1 1 1 1 1 1 1 1 1 1 1 1 1 1 1 1 1 1 1 1 1 1 1 1 1 1 1 1 1 1 1 1 1 1 1 1 1 1 1 1 1 1 1 1 1 1 1 1 1 1 1 1 1 1 1 1 1 1 1 1 1 1 1 1 1 1 1 1 1 1 1 1 1 1 1 1 1 1 1 1 1 1 1 1 1 1 1 1 1 1 1 1 1 1 1 1 1 1 1 1 1 1 1 1 1 1 1 1 1 1 1 1 1 1 1 1 1 1 1 1 1 1 1 1 1 1 1 1 1 1 1 1 1 1 4 4 4 4 4 4 4 4 4 4 4 4 4 4 4 4 4 4 4 4 4 4 4 4 4 4 4 4 4 4 4 4 4 4 4 4 4 4 4 4 4 4 4 4 4 4 4 4 4 4 4 4 4 4 4 4 4 4 4 4 4 4 4 4 4 4 4 4 4 4 4 4 4 4 4 4 4 4 4 4 4 4 4 4 4 4 4 4 4 4 4 4 4 4 4 4 4 4 4 4 4 4 4 4 4 4 4 4 4 4 4 4 4 4 4 4 4 4 4 4 4 4 4 4 4 4 4 4 4 4 4 4 4 4 4 4 4 4 4 4 4 4 4 4 4 4 4 4 4 4 4 4 4 4 4 4 4 4 4 4 4 4 4 4 4 4 4 4 4 4 4 4 4 4 4 4 4 4 4 4 4 4 4 4 4 4 4 4 4 4 4 4 4 4 4 4 4 4 4 4 4 4 4 4 4 4 4 4 4 4 4 4 4 4 4 4 4 4 4 4 4 4 4 4 4 4 4 4 4 4 4 4 4 4 4 4 4 4 4 4 4 4 4 4 4 4 4 4 4 4 4 4 4 4 4 4 4 4 4 4 4 4 4 4 4 4 4 4 4 4 4 4 4 4 4 4 4 4 4 4 4 4 4 4 4 4 4 4 4 4 4 4 4 4 4 4 4 4 4 4 4 4 4 4 4 4 4 4 4 1 1 1 1 1 1 1 1 1 1 1 1 1 1 1 1 1 1 1 1 1 1 1 1 1 1 1 1 1 1 1 1 1 1 1 1 1 1 1 1 1 1 1 1 1 1 1 1 1 1 1 1 1 1 1 1 1 1 1 1 1 1 1 1 1 1 1 1 1 1 1 1 1 1 1 1 1 1 1 1 1 1 1 1 1 1 1 1 1 1 1 1 1 1 1 1 1 1 1 1 1 1 1 1 1 1 1 1 1 1 1 1 1 1 1 1 1 1 1 1 1 1 1 1 1 1 1 1 1 1 1 1 1 1 1 1 1 1 1 1 1 1 1 1 1 1 1 1 1 1 1 1 1 1 1 1 1 1 1 1 1 1 1 1 1 1 1 1 1 1 1 1 1 1 1 1 1 1 1 1 1 1 1 1 1 1 1 1 1 1 1 1 1 1 1 1 1 1 1 1 1 1 1 1 1 1 1 1 1 1 1 1 1 1 1 1 1 1 1 1 1 1 1 1 1 1 1 1 1 1 1 1 1 1 1 1 1 1 1 1 1 1 1 1 1 1 1 1 1 1 1 1 1 1 1 1 1 1 1 1 1 1 1 1 1 1 1 1 1 1 1 1 1 4 4 4 4 4 4 4 4 4 4 4 4 4 4 4 4 4 4 4 4 4 4 4 4 4 4 4 4 4 4 4 4 4 4 4 4 4 4 4 4 4 4 4 4 4 4 4 4 4 4 4 4 4 4 4 4 4 4 4 4 4 4 4 4 4 4 4 4 4 4 4 4 4 4 4 4 4 4 4 4 4 4 4 4 4 4 4 4 4 4 4 4 4 4 4 4 4 4 4 4 4 4 4 4 4 4 4 4 4 4 4 4 4 4 4 4 4 4 4 4 4 4 4 4 4 4 4 4 4 4 4 4 4 4 4 4 4 4 4 4 4 4 4 4 4 4 4 4 4 4 4 4 4 4 4 4 4 4 4 4 4 4 4 4 4 4 4 4 4 4 4 4 4 4 4 4 4 4 4 4 4 4 4 4 4 4 4 4 4 4 4 4 4 4 4 4 4 4 4 4 4 4 4 4 4 4 4 4 4 4 4 4 4 4 4 4 4 4 4 4 4 4 4 4 4 4 4 4 4 4 4 4 4 4 4 4 4 4 4 4 4 4 4 4 4 4 4 4 4 4 4 4 4 4 4 4 4 4 4 4 4 4 4 4 4 4 4 4 4 4 4 4 4 4 4 4 4 4 4 4 4 4 4 4 4 4 4 4 4 4 4 4 4 4 4 4 4 4 4 4 4 4 4 4 4 4 4 4 4 4 4 4 4 4 4 4 4 4 4 4 4 4 4 4 4 4 4 4 4 4 4 4 4 4 4 4 4 4 4 4 4 4 4 4 4 4 4 4 4 4 4 4 4 4 4 4 4 4 4 4 4 4 4 4 4 4 4 4 4 4 4 4 4 4 4 4 4 4 4 4 4 4 4 4 4 4 4 4 4 4 4 4 4 4 4 4 4 4 4 4 4 4 4 4 4 4 4 4 4 4 4 4 4 4 4 4 4 4 4 4 4 4 4 4 4 4 4 4 4 4 4 4 4 4 4 4 4 4 4 4
</DataArray>
</PointData>
</Piece>
</PolyData>
</VTKFile>
