<?xml version="1.0"?>
<VTKFile type="PolyData" version="0.1" byte_order="LittleEndian">
<PolyData>
<Piece NumberOfPoints="12664" NumberOfVerts="0" NumberOfLines="0" NumberOfStrips="0" NumberOfPolys="0">
<Points>
<DataArray type="Float32" NumberOfComponents="3" format="ascii">
119.589 295.836 22.606 335.493 458.035 25.281 499.571 493.128 19.328 329.933 493.691 25.826 301.035 120.739 22.075 250.167 303.271 22.482 308.180 492.623 23.587 306.843 265.157 19.330 461.515 98.557 14.241 17.786 287.125 22.977 354.554 380.623 26.623 413.971 252.561 22.069 95.019 0.084 24.194 434.288 352.579 22.388 126.530 394.282 19.568 307.312 18.495 22.146 433.618 17.001 17.639 172.135 184.677 19.050 458.710 116.201 14.731 124.096 302.827 22.853 359.273 487.707 24.848 162.197 202.511 19.570 233.150 184.705 20.993 256.269 229.296 21.612 86.670 455.342 21.751 8.696 53.854 17.913 304.010 371.504 24.763 419.781 180.285 18.507 463.871 180.265 19.524 174.501 457.300 24.881 6.112 158.819 19.996 316.916 50.468 22.566 81.417 481.854 22.079 153.113 146.091 23.796 28.298 400.247 17.727 411.833 394.293 23.920 350.102 143.218 18.407 1.092 345.762 20.682 495.598 0.512 19.683 57.352 130.935 19.643 440.387 201.917 20.591 242.642 69.568 24.021 107.700 493.971 22.959 156.667 62.350 24.846 392.199 496.879 21.151 142.465 5.563 23.034 333.435 253.272 21.990 7.118 80.645 16.503 93.177 187.071 20.862 200.762 341.112 23.451 283.029 450.647 23.493 119.428 321.714 21.607 407.331 388.847 24.357 489.090 85.945 16.520 479.260 357.753 21.660 205.845 117.143 26.076 334.250 444.157 24.526 359.586 0.649 24.501 190.800 416.369 25.057 379.803 85.187 17.546 183.415 247.102 21.670 33.042 76.117 19.265 331.250 294.982 17.936 164.424 36.073 25.443 468.468 419.495 19.650 406.670 393.337 25.340 224.576 179.174 20.628 153.365 242.260 21.117 392.735 407.867 24.409 27.211 165.295 19.599 360.699 24.824 22.991 5.223 190.941 18.093 0.888 308.628 22.945 185.299 288.355 24.682 328.681 329.345 23.322 52.582 54.571 21.666 155.466 437.373 23.924 281.311 228.440 20.813 233.388 405.597 24.323 468.081 272.112 23.604 73.878 79.658 24.504 204.662 111.066 26.227 221.220 382.281 26.949 223.081 278.857 25.231 178.588 7.401 23.424 377.955 55.979 18.996 99.799 327.348 21.468 84.700 54.085 23.002 470.355 253.757 23.379 483.131 204.467 22.148 85.224 228.227 18.835 62.523 196.986 18.436 9.404 377.932 18.979 89.698 281.003 21.399 130.085 439.322 23.741 20.287 459.177 17.608 281.695 487.327 21.788 161.678 83.264 26.951 125.016 328.084 21.548 330.312 56.161 21.192 63.246 405.866 16.768 376.920 476.347 23.418 206.025 80.963 24.871 91.015 402.876 18.888 383.507 301.607 22.490 49.610 43.485 21.288 217.156 353.079 25.129 315.648 37.077 23.074 211.962 413.377 25.770 332.864 313.402 21.048 29.048 326.218 21.376 127.160 458.445 24.100 24.531 408.047 18.704 198.054 289.512 24.699 457.028 346.664 21.938 324.851 159.983 19.904 37.754 1.443 20.601 19.671 277.894 23.475 493.550 27.361 18.998 265.080 295.576 22.182 246.966 344.733 24.732 369.717 184.643 18.011 30.996 344.792 20.733 159.363 468.282 24.941 351.639 130.513 17.968 69.060 62.539 21.741 113.510 61.744 25.953 111.396 214.771 18.880 497.652 25.785 19.284 114.722 444.410 23.871 127.061 211.055 20.148 200.041 373.697 24.654 1.207 448.428 18.143 487.848 124.753 16.890 480.966 72.845 16.589 268.871 253.453 18.749 115.675 5.174 23.562 490.165 400.103 19.128 72.625 292.103 21.724 261.099 445.672 22.967 214.756 381.711 26.419 448.471 268.639 21.964 221.766 60.887 24.769 244.042 281.418 22.160 487.332 175.514 18.193 131.542 260.010 22.039 483.914 253.717 24.350 164.727 443.209 23.984 360.914 395.430 25.998 291.753 126.360 21.810 185.791 223.022 19.959 13.332 434.303 18.538 1.819 79.262 17.108 186.280 326.409 22.918 203.927 407.659 25.225 411.500 469.104 20.249 22.382 253.814 23.095 386.482 419.967 24.213 12.108 26.822 20.883 421.301 56.738 16.137 51.687 19.094 22.036 184.293 218.576 19.078 106.312 30.417 24.366 418.164 5.455 19.324 184.374 96.811 26.104 260.412 206.214 19.894 319.533 109.497 21.757 330.884 290.961 18.672 241.694 479.664 21.884 79.910 305.501 22.478 148.475 375.580 20.559 6.418 395.322 18.623 3.634 411.493 17.728 323.381 418.143 26.031 271.145 110.318 23.632 170.776 149.441 21.832 20.307 155.785 18.430 110.893 451.990 23.646 435.177 152.277 17.722 498.399 352.154 20.960 312.445 41.597 23.356 473.696 474.091 19.323 248.593 74.576 24.423 398.932 63.469 16.146 163.784 75.526 25.394 341.590 95.076 18.261 495.025 456.321 18.721 291.185 283.384 19.833 238.170 473.567 23.415 267.213 499.644 22.776 310.425 294.622 19.897 276.234 474.675 23.028 128.593 53.211 25.709 251.034 102.051 24.535 298.473 6.711 23.028 68.811 191.606 20.572 153.035 173.186 19.107 360.593 240.796 20.074 89.545 142.407 22.152 226.215 25.837 24.147 179.949 289.653 24.907 144.497 371.235 21.471 309.716 73.388 22.326 251.001 402.599 23.282 30.003 358.250 18.814 443.654 499.787 18.935 157.133 333.875 21.791 123.619 377.367 19.433 93.727 285.163 22.899 311.180 198.050 21.802 34.797 267.299 23.086 186.839 92.593 25.984 336.147 211.359 21.875 392.904 376.832 25.634 251.041 226.736 21.349 32.298 50.962 20.089 3.451 339.152 20.301 50.185 146.758 19.373 210.194 92.448 25.874 295.755 411.178 24.093 333.248 464.315 24.315 101.494 13.022 23.304 363.889 38.047 21.405 212.935 487.007 23.524 53.223 192.076 18.356 168.503 460.485 24.646 454.303 234.769 22.928 497.433 196.752 18.856 488.338 50.867 18.329 487.279 371.302 21.337 103.062 438.205 23.398 26.044 418.815 18.819 208.698 197.069 20.644 313.764 433.030 24.868 161.550 215.789 20.063 375.406 240.908 20.010 221.498 159.984 20.776 137.562 60.998 26.465 479.466 291.090 22.864 87.287 196.375 20.611 11.714 42.701 17.901 390.491 175.948 18.298 9.752 216.142 20.189 106.334 267.280 21.899 377.797 376.672 25.927 454.539 142.564 15.100 296.832 443.105 23.897 412.759 155.326 16.316 493.300 10.137 19.702 343.404 352.901 25.352 49.851 345.824 18.191 191.648 92.314 26.266 332.356 103.339 18.834 82.898 37.216 24.088 274.105 217.285 20.992 279.673 5.979 22.011 127.712 73.671 27.105 211.729 322.470 24.409 368.227 134.630 17.712 303.837 73.840 23.364 135.288 396.452 20.756 195.299 147.558 22.722 125.357 499.613 23.144 357.193 401.066 27.215 205.878 54.908 24.528 48.413 190.566 18.003 440.687 489.661 19.699 316.405 177.246 21.271 111.534 416.312 21.001 263.482 31.232 23.860 251.501 216.884 20.079 283.411 458.587 23.469 256.578 254.444 20.962 121.149 332.570 21.127 125.610 384.272 19.877 435.865 85.847 15.544 221.763 409.814 25.705 268.970 7.185 22.103 309.891 1.908 23.756 164.389 221.786 19.359 415.973 450.080 21.773 245.771 5.121 21.096 452.460 339.086 21.961 405.017 147.996 17.245 27.204 179.071 18.866 435.928 498.810 20.068 432.545 4.059 19.710 17.442 357.542 19.600 382.966 388.878 25.811 368.406 480.696 23.459 1.900 395.295 19.763 208.419 449.596 25.827 216.164 110.213 25.647 8.852 242.245 23.272 446.496 216.358 21.826 18.626 170.453 18.067 285.548 333.636 24.458 240.358 497.291 20.779 152.234 7.183 22.258 401.268 205.450 19.188 470.312 424.483 19.049 363.851 19.285 23.202 368.723 56.286 18.658 71.351 430.334 19.369 469.494 377.677 21.722 250.106 129.066 23.734 252.907 64.035 24.278 344.766 92.629 17.545 134.080 67.581 26.040 1.303 297.279 22.932 229.680 5.862 22.430 69.652 196.301 18.316 357.995 191.183 19.682 37.113 356.015 18.476 67.761 4.829 22.127 261.376 396.147 24.827 72.884 487.242 23.049 362.336 493.019 23.884 185.583 18.269 23.091 36.481 439.702 19.250 322.068 345.241 24.377 383.985 262.816 22.737 481.222 159.690 18.684 34.082 328.099 20.935 331.996 44.716 22.114 210.802 59.741 26.594 7.218 295.995 24.086 231.783 178.253 20.165 455.984 56.269 15.249 475.806 299.889 24.119 257.140 191.216 18.994 480.002 1.504 19.569 329.248 137.080 19.445 94.773 223.861 18.212 344.972 463.200 24.936 112.823 179.231 20.975 231.530 43.218 25.442 321.817 98.251 19.841 371.406 220.744 21.157 205.500 251.592 22.093 143.474 258.941 21.427 353.952 152.411 18.001 160.691 107.556 27.150 468.073 406.907 19.556 66.690 277.060 20.679 110.138 364.733 19.273 150.480 106.243 26.780 469.504 393.429 19.736 405.866 259.277 22.286 102.735 479.645 23.955 6.803 295.785 25.004 19.599 99.434 17.740 133.106 406.522 20.925 6.029 308.780 22.268 1.617 200.105 19.185 140.331 159.905 21.101 434.415 401.317 22.205 199.806 353.239 24.596 450.690 228.084 23.045 223.729 223.734 19.741 393.418 157.565 17.441 247.418 400.425 24.562 227.808 60.993 25.364 26.438 71.709 18.336 364.811 215.647 20.633 333.639 240.628 20.007 59.895 214.445 18.162 490.171 254.953 24.193 420.052 111.577 15.229 57.185 372.406 16.382 108.259 253.245 19.702 125.786 431.540 22.930 289.029 425.357 24.128 487.235 209.736 21.276 385.752 136.786 16.885 386.080 12.705 21.620 349.096 499.651 24.479 454.012 11.671 16.740 129.388 215.544 19.339 234.232 468.665 23.802 298.213 272.093 19.588 109.434 5.330 23.231 69.728 109.445 20.718 100.025 258.123 21.151 415.460 167.038 17.638 343.901 210.673 20.909 154.278 68.835 25.200 54.225 296.487 21.655 194.798 448.969 25.625 467.885 370.398 21.626 330.727 264.135 20.330 375.983 409.874 23.617 468.619 222.797 22.795 180.360 166.159 21.000 34.963 280.118 22.269 195.064 443.162 26.858 226.787 436.942 25.312 42.238 179.054 20.185 394.480 442.425 23.844 216.933 171.934 20.376 2.784 227.291 22.632 146.262 308.959 22.569 471.298 117.751 15.128 370.390 262.210 21.652 380.715 175.443 18.270 475.870 68.699 15.332 132.010 413.221 21.066 449.245 260.225 22.074 453.372 5.333 16.173 87.841 37.303 24.813 102.421 386.175 18.912 90.728 201.373 20.347 392.693 37.694 18.596 46.111 352.543 18.437 4.817 457.087 18.823 483.245 42.688 18.207 476.386 251.646 23.517 148.597 292.595 22.359 75.314 159.875 21.779 219.915 29.996 24.153 239.498 123.140 24.208 305.503 493.489 23.875 4.749 364.349 20.621 152.643 36.514 25.212 450.722 330.589 22.017 471.940 4.643 18.521 464.025 400.801 18.766 304.303 132.689 21.381 184.060 76.510 25.591 371.411 363.123 26.924 51.661 370.295 15.936 268.169 10.847 21.822 477.288 269.048 24.798 233.512 333.185 23.230 189.353 408.626 25.221 3.641 266.130 25.112 456.857 49.260 17.066 432.109 309.853 23.426 455.622 56.020 15.049 310.628 242.559 21.547 304.131 5.531 21.907 492.993 468.901 19.834 402.867 215.941 18.911 34.497 154.294 18.831 426.119 153.404 17.105 414.988 205.768 20.199 451.848 92.108 14.668 419.425 0.190 18.432 39.051 339.173 20.109 369.983 424.966 24.866 473.863 454.959 20.205 68.213 419.995 18.619 391.616 72.028 16.565 129.430 80.508 26.172 168.159 166.327 20.402 276.466 264.495 19.666 35.310 79.825 20.304 6.165 499.783 19.311 43.322 222.794 18.946 217.553 462.827 24.271 329.446 259.219 20.020 355.594 314.378 22.883 295.324 251.360 20.151 346.353 278.743 20.662 3.543 438.948 19.107 419.703 141.504 15.725 14.220 295.484 23.978 158.063 197.144 19.813 96.381 481.884 23.533 89.065 357.941 19.007 53.534 1.183 21.303 317.789 499.747 24.728 182.603 271.215 22.219 412.596 259.765 21.701 14.926 80.444 18.391 202.545 247.028 21.514 291.998 1.310 22.246 390.729 328.139 24.380 119.805 433.787 23.475 345.126 179.378 18.941 17.400 468.326 17.433 312.109 307.603 21.958 116.017 424.772 22.085 301.413 327.199 22.291 456.137 408.564 19.650 21.975 202.837 19.145 111.547 12.580 23.963 19.833 493.239 19.970 14.843 186.554 18.718 69.158 74.509 22.180 132.922 0.343 22.843 126.887 357.402 20.406 37.353 100.792 20.270 413.122 288.971 21.152 479.874 86.131 15.815 226.911 468.385 23.949 332.751 291.534 18.118 413.495 7.186 20.313 62.715 27.929 21.924 235.843 413.798 24.616 8.153 181.365 19.404 151.867 383.207 20.763 41.388 498.477 20.298 132.681 370.815 19.523 424.002 320.858 22.911 89.588 2.747 23.990 194.119 295.335 24.703 319.228 329.947 23.247 14.038 465.715 17.730 177.779 154.405 21.765 342.510 431.892 26.847 42.792 327.586 20.775 235.189 443.172 24.320 448.802 455.337 20.212 425.919 92.056 15.447 233.673 259.499 23.296 86.610 300.882 21.735 435.593 495.220 18.614 139.813 370.356 19.650 137.222 499.868 23.604 487.125 396.200 18.684 159.971 131.766 24.643 497.526 263.825 25.607 343.487 419.501 26.148 361.530 347.487 24.829 228.000 383.090 26.254 113.600 186.225 20.946 216.054 74.659 25.154 16.911 279.817 23.934 476.893 139.943 16.358 465.102 478.327 19.931 218.214 376.977 27.076 269.835 25.693 22.649 156.893 43.039 25.085 402.020 88.811 15.594 72.530 254.441 20.513 419.562 90.103 14.649 395.700 29.206 19.947 395.038 264.007 21.222 202.613 176.191 18.864 212.431 399.539 25.753 421.047 190.265 19.665 197.595 243.167 21.617 395.678 455.983 22.704 314.133 105.247 20.882 263.745 378.034 24.373 310.989 5.135 24.066 284.551 99.873 23.038 386.085 499.548 22.821 237.795 105.046 24.331 134.042 50.131 25.940 377.943 451.496 23.344 410.450 420.512 23.286 287.345 390.539 25.086 237.282 80.173 24.184 115.166 179.309 20.547 229.311 209.681 20.499 132.582 114.600 26.545 36.324 407.327 19.245 182.384 110.902 25.234 255.427 396.443 23.774 249.779 473.359 21.940 331.174 142.286 18.559 184.338 299.812 24.255 91.835 190.574 21.267 352.848 256.191 22.294 81.978 111.751 22.067 452.756 315.838 22.463 299.742 37.317 21.915 213.739 126.507 22.812 385.681 5.792 20.972 186.876 322.604 22.856 68.708 173.650 19.953 98.857 462.606 22.447 55.819 493.807 22.762 126.681 499.001 23.025 22.544 388.951 18.477 60.634 0.813 21.718 256.241 183.302 19.961 267.322 65.662 23.472 477.321 129.894 16.037 17.176 321.222 21.440 138.755 10.547 23.491 200.482 91.946 26.206 15.003 103.669 17.744 445.346 427.109 18.480 186.263 450.707 26.555 263.118 315.709 23.121 467.908 215.908 22.047 433.688 302.750 22.513 176.514 319.899 22.432 360.914 185.562 17.447 491.469 242.624 25.219 464.272 259.369 22.367 291.558 186.954 21.995 95.537 235.204 19.717 232.535 499.852 22.507 94.665 406.998 19.629 226.103 173.545 20.383 439.332 267.209 21.948 314.440 12.394 24.023 423.500 60.590 17.112 373.844 233.610 20.201 496.899 120.113 17.335 200.775 345.328 24.311 317.680 344.319 24.716 7.142 420.913 19.010 2.083 131.016 16.527 83.657 165.817 20.882 156.577 148.683 23.417 432.034 80.257 14.422 294.598 341.067 24.876 392.644 62.077 16.837 206.320 105.610 26.840 309.370 438.117 24.140 377.622 60.774 16.806 3.040 178.269 19.427 313.910 166.759 19.433 167.568 377.919 21.370 195.981 345.128 23.290 78.496 196.663 20.027 208.619 109.870 24.948 165.427 0.478 23.430 416.720 382.936 25.950 258.579 235.195 21.461 23.280 450.949 17.703 215.654 369.742 26.224 376.589 254.451 21.385 62.836 475.327 21.228 103.371 346.192 20.314 106.080 311.559 22.106 20.852 462.498 17.892 368.222 167.188 17.494 209.390 394.552 25.818 131.110 400.899 20.452 187.125 54.124 25.074 116.531 402.156 18.954 231.813 426.060 24.484 151.385 183.086 18.791 191.035 38.435 23.724 430.133 320.686 21.963 16.782 385.836 17.727 158.316 382.535 20.606 397.650 84.397 16.936 227.593 226.035 21.205 140.496 381.970 19.499 99.909 287.175 22.457 471.689 277.945 23.865 480.875 368.929 20.670 262.213 352.116 24.767 414.632 43.120 16.779 361.338 209.565 20.531 91.835 253.364 20.942 364.790 344.851 24.992 390.306 164.999 17.699 0.383 97.926 17.169 173.003 465.024 23.797 183.316 199.763 18.614 22.649 166.107 19.271 78.151 8.753 24.008 371.202 475.719 23.084 196.222 258.824 22.141 203.316 469.656 24.773 275.797 290.918 21.162 139.859 212.358 18.925 246.360 13.696 22.062 422.267 328.293 22.258 201.190 393.866 24.794 326.602 375.024 26.817 240.261 187.027 19.571 210.329 166.812 19.436 102.274 4.453 23.362 83.417 192.941 21.407 183.979 386.699 23.764 498.148 211.721 22.188 327.686 210.702 21.847 222.025 19.842 24.085 4.417 475.931 19.466 226.788 393.565 25.051 404.058 31.386 18.351 130.927 424.611 23.324 386.609 29.912 21.038 419.622 288.855 21.446 266.654 101.041 24.506 365.332 167.537 16.602 453.639 215.575 22.157 86.453 257.538 22.004 132.067 462.600 23.741 490.353 441.014 19.706 210.334 290.633 25.004 109.720 498.826 23.525 446.979 240.489 23.816 209.628 16.202 23.351 371.872 60.833 19.071 474.141 310.389 22.796 292.915 116.291 21.923 394.368 210.268 19.077 302.247 339.699 24.176 354.483 170.977 19.153 43.239 25.835 21.931 448.001 315.598 23.774 344.308 439.340 25.407 258.198 430.979 24.961 386.669 429.493 24.252 330.150 67.859 21.034 266.017 396.256 25.572 349.196 254.913 21.554 490.013 190.475 19.959 374.460 398.783 24.738 164.716 319.834 22.560 83.318 415.354 19.445 195.966 216.413 19.391 116.776 43.512 23.923 472.469 190.656 20.429 396.522 205.366 20.173 324.780 193.889 21.258 264.820 444.159 24.372 401.690 185.590 19.232 204.612 366.342 24.632 453.815 86.482 15.827 499.121 381.946 20.090 484.287 386.424 20.074 37.303 183.946 19.061 365.349 402.667 25.052 346.654 23.745 22.707 262.976 439.108 23.877 306.303 66.709 22.976 455.644 257.993 21.992 79.511 56.271 22.807 190.078 333.973 22.542 488.247 442.690 19.464 78.112 488.364 22.259 68.429 388.878 16.325 309.620 87.434 21.675 25.421 142.323 18.775 329.604 6.785 24.952 182.939 456.012 25.253 467.323 97.593 14.553 459.391 74.962 14.932 77.357 73.274 22.521 105.330 4.783 24.460 220.688 333.403 23.803 471.855 464.426 19.593 178.075 223.165 19.794 498.400 455.750 19.258 74.451 4.642 23.023 258.120 307.888 21.754 478.786 488.129 18.681 142.040 19.246 23.949 89.459 103.501 23.508 482.608 445.071 18.283 331.213 30.793 22.889 406.026 169.838 17.986 403.738 245.632 20.976 297.038 62.857 23.492 3.533 303.481 23.615 130.409 31.451 25.791 39.435 30.164 21.428 352.194 400.417 25.951 436.103 12.839 17.235 336.133 149.151 19.076 252.246 111.246 23.455 237.704 167.098 21.443 277.794 396.629 25.408 266.946 86.370 22.713 469.418 60.396 16.275 135.497 481.563 22.840 488.378 35.704 17.940 4.757 276.674 24.950 191.367 385.179 24.067 181.983 1.529 22.749 179.101 426.252 25.275 119.467 357.697 20.755 8.457 302.420 23.012 389.634 201.054 18.955 115.030 130.658 25.521 481.440 148.475 17.610 187.112 412.407 24.395 46.955 316.024 21.871 405.931 81.627 14.727 369.302 325.973 23.150 225.576 165.679 20.831 75.878 305.446 22.306 28.205 376.123 17.670 329.172 50.714 21.578 33.816 203.790 17.570 271.836 134.093 23.484 343.048 216.339 21.550 116.808 117.251 26.624 259.695 97.714 23.159 388.400 197.011 17.708 305.858 25.342 22.297 251.535 29.715 23.148 197.380 51.835 25.134 42.243 143.474 18.817 270.216 308.985 22.690 237.823 316.066 23.568 27.471 109.374 18.256 470.504 203.650 21.400 451.106 363.975 22.710 277.572 480.407 22.279 77.531 301.967 20.393 250.783 321.151 24.106 208.804 85.373 26.022 88.541 85.836 24.475 462.101 493.148 17.988 48.392 414.205 18.407 469.323 398.625 18.686 297.810 233.244 20.927 17.687 364.188 18.658 412.208 32.210 17.912 54.014 329.036 19.708 489.180 418.448 18.344 10.899 356.462 19.376 21.922 475.103 17.866 59.530 403.719 17.629 186.201 154.271 21.210 405.643 124.386 15.712 328.548 98.808 19.191 216.152 474.516 24.066 320.741 439.701 24.195 147.870 165.397 19.971 257.954 499.138 21.384 335.519 226.334 20.294 332.456 363.949 25.438 193.280 338.340 22.765 304.855 449.284 24.426 76.088 400.624 17.122 410.640 248.024 22.377 439.857 92.576 15.438 291.840 333.593 24.557 2.984 253.301 23.873 105.368 251.653 19.787 90.798 43.693 23.554 332.299 17.405 23.565 251.656 94.587 23.742 236.273 463.318 22.631 398.975 307.949 22.136 21.944 290.694 22.271 255.742 116.849 24.622 375.213 0.097 22.348 13.561 245.034 23.124 496.227 48.881 18.636 68.259 267.409 19.899 281.840 351.870 23.970 243.701 388.062 25.239 352.564 498.908 25.021 377.519 142.730 16.585 355.329 362.381 26.826 499.198 208.562 19.991 480.765 60.072 16.952 368.254 236.792 21.584 198.117 498.371 23.450 119.530 196.165 20.206 465.722 43.837 18.207 320.824 263.332 20.149 417.519 136.658 16.656 405.748 190.844 19.035 251.297 499.332 21.868 253.060 245.432 20.964 21.534 376.541 18.377 284.431 87.961 23.130 28.233 0.728 21.760 363.871 487.589 24.240 42.038 166.509 20.409 323.317 270.212 19.767 82.705 159.507 21.869 466.311 159.086 17.598 131.319 420.705 21.311 191.844 493.659 22.872 36.930 73.318 19.030 426.478 327.033 22.427 377.547 327.350 24.168 333.223 449.636 24.960 379.079 98.571 15.464 499.227 369.735 20.577 423.198 451.901 20.893 112.227 200.417 20.407 51.118 48.206 21.848 290.544 29.635 22.080 334.547 277.648 18.956 383.178 141.905 17.398 79.638 167.030 22.441 175.095 81.432 26.051 292.098 49.596 23.992 48.090 7.282 21.053 377.680 214.621 20.618 57.937 397.667 16.899 287.888 381.444 25.652 478.614 203.619 22.214 339.006 205.070 20.700 234.269 7.249 23.123 367.741 179.335 17.613 178.284 380.884 21.453 54.858 451.883 19.285 355.378 198.333 20.243 157.486 394.781 22.027 487.041 62.084 17.776 117.135 327.929 21.444 220.320 304.899 22.505 384.020 239.415 21.114 199.862 18.780 22.649 275.130 20.369 22.578 453.470 487.953 18.354 26.445 296.263 22.261 7.113 25.873 19.721 409.781 325.647 24.053 486.641 8.708 19.897 395.840 326.159 23.247 121.702 253.290 22.089 232.504 320.509 24.785 140.259 315.886 22.703 121.233 204.330 20.026 272.849 101.155 23.981 170.505 0.626 23.880 359.994 309.779 22.313 263.944 137.925 22.691 120.783 382.763 18.820 471.099 66.226 16.712 112.330 272.215 21.673 364.094 325.226 22.714 326.511 277.128 18.630 494.447 179.491 19.256 352.676 292.953 20.759 284.300 395.694 25.410 477.874 246.146 24.415 370.198 439.950 23.992 115.764 383.093 18.586 343.367 67.092 20.494 479.617 451.963 19.693 441.135 216.934 21.174 358.873 252.879 20.309 332.323 269.903 19.225 468.526 51.394 16.040 12.018 383.652 18.513 368.658 95.121 16.663 66.967 329.947 21.057 294.402 328.551 24.677 446.103 301.647 22.764 281.462 114.471 23.378 375.991 344.458 25.466 43.439 226.796 20.198 492.892 136.300 17.752 56.803 34.977 23.558 120.469 457.273 25.352 334.819 498.585 25.465 269.731 303.753 21.359 237.974 371.838 25.878 385.892 345.273 24.772 261.685 290.943 21.374 207.821 494.151 22.765 297.656 368.958 26.283 351.971 351.315 24.223 442.239 122.966 14.954 168.454 56.721 25.039 337.223 111.390 20.045 98.301 179.207 21.416 288.295 105.421 23.086 0.930 109.528 16.881 269.216 487.688 22.560 80.944 389.396 17.908 347.859 61.311 20.403 162.767 235.470 19.378 72.583 67.498 22.668 9.883 276.593 25.097 424.644 51.006 16.701 395.859 68.027 16.498 191.890 158.947 21.735 403.036 390.542 24.645 100.440 122.204 24.970 286.531 93.887 24.169 376.808 463.758 23.712 293.565 314.222 22.833 416.860 231.990 22.145 194.357 166.469 20.333 108.574 458.768 23.665 216.715 291.186 23.420 103.639 229.988 18.495 114.527 469.110 23.496 471.378 239.271 23.139 227.446 409.226 25.201 175.376 120.346 26.357 43.560 51.317 20.684 33.735 189.963 17.908 201.414 336.076 23.474 28.209 475.863 18.843 31.294 234.843 19.536 315.859 24.652 22.507 366.383 465.476 23.916 23.449 213.806 20.053 144.063 0.199 23.388 213.006 86.579 25.558 412.546 492.643 20.023 5.745 283.823 25.436 26.562 432.153 18.416 446.275 107.099 14.764 496.574 487.635 19.004 484.212 30.187 19.082 219.844 221.500 20.629 152.626 283.631 22.227 346.308 36.379 22.069 364.783 304.027 20.859 413.887 326.586 23.713 334.642 159.587 18.864 111.185 116.532 26.904 270.289 328.523 23.663 146.849 32.060 25.155 284.593 211.409 20.607 344.170 41.831 21.186 225.661 372.925 25.794 300.633 143.005 21.774 251.413 35.693 23.139 470.541 487.281 19.755 439.642 121.083 15.241 319.192 375.969 25.557 467.180 386.934 21.385 136.054 302.059 23.098 148.444 280.282 22.418 474.450 24.891 19.348 243.755 139.826 23.032 14.671 488.079 20.195 116.768 487.720 23.543 395.145 461.378 22.806 498.011 441.812 18.702 424.019 247.219 21.709 125.926 334.267 20.203 5.849 408.482 18.584 4.492 265.559 24.955 350.614 488.353 25.689 161.465 353.859 20.617 160.134 172.293 19.000 199.912 190.460 19.422 397.974 284.446 22.605 363.628 451.117 24.922 144.963 80.623 27.274 237.017 351.818 24.925 30.840 221.486 19.537 180.857 252.925 21.500 433.898 499.913 19.182 221.711 370.415 26.369 406.300 31.686 17.136 1.542 143.308 17.700 203.110 262.847 23.339 181.848 350.986 22.051 0.660 426.809 19.691 224.774 462.165 24.454 484.175 489.012 19.634 455.862 284.403 21.768 122.655 460.654 24.282 101.025 173.628 20.830 442.600 25.069 16.149 391.375 278.132 22.653 313.164 19.230 24.402 4.467 183.890 19.280 277.123 245.937 20.029 381.606 207.079 20.357 182.317 443.456 25.231 364.766 141.761 16.748 471.573 351.543 21.830 170.041 295.252 23.937 373.635 135.908 17.563 432.922 497.629 19.501 366.890 221.966 20.638 489.210 4.898 19.375 373.301 170.521 16.733 305.023 243.027 20.670 16.701 216.480 19.999 411.327 308.171 22.305 145.514 170.912 20.368 0.302 74.150 17.338 452.365 135.919 14.881 205.642 426.806 26.207 215.923 56.177 25.701 163.979 432.728 24.418 109.597 353.848 20.607 109.665 341.170 20.141 410.612 49.800 15.874 326.688 283.502 18.029 209.083 358.971 24.437 245.616 147.824 23.268 3.290 93.755 16.530 262.073 102.274 24.103 250.338 4.218 22.169 422.171 390.111 24.776 7.015 147.746 19.269 249.313 154.307 21.381 435.981 472.923 19.664 114.087 362.544 20.019 190.935 499.860 23.155 394.678 315.892 22.486 29.226 443.757 19.457 299.794 451.012 22.792 165.230 197.179 19.137 304.313 358.028 24.276 136.041 420.775 21.737 124.232 239.996 20.267 375.342 36.656 20.420 119.559 60.720 25.732 497.377 450.464 18.594 195.256 0.551 22.884 137.097 80.860 26.311 451.280 431.763 19.219 179.294 203.144 18.534 222.573 141.197 23.990 265.072 36.337 22.659 89.173 345.293 19.462 407.655 486.622 19.647 154.101 338.683 21.859 12.509 222.961 21.384 423.248 374.019 24.229 390.008 301.513 21.938 326.460 254.897 21.036 443.072 6.178 17.935 458.676 326.651 22.412 9.748 206.052 20.683 65.013 159.328 21.513 50.960 292.589 21.609 90.339 126.001 22.496 477.590 327.171 21.518 386.832 119.425 16.471 107.508 24.164 24.653 389.882 228.354 20.540 408.719 178.609 19.112 262.396 230.560 21.578 18.927 4.525 20.913 134.615 185.748 19.548 114.622 454.745 23.582 136.721 125.100 26.320 169.496 364.741 21.151 65.682 374.820 16.462 150.102 364.462 20.846 79.368 438.815 20.428 319.227 425.511 25.406 381.076 455.116 24.258 279.580 55.995 23.199 106.270 93.028 25.624 115.424 345.225 20.094 494.222 38.525 19.351 141.776 104.645 26.837 86.898 436.225 20.318 167.955 18.871 23.957 105.028 104.755 25.182 106.205 322.769 20.984 496.621 339.599 20.760 118.725 166.570 19.887 334.015 295.132 18.440 426.956 54.381 16.792 132.301 87.028 26.153 155.067 475.783 22.852 345.808 316.224 21.477 161.763 42.843 24.958 463.100 271.419 22.871 393.070 26.355 18.558 363.720 414.619 25.012 4.105 190.675 17.979 350.761 213.856 21.670 484.128 239.947 23.748 305.021 158.899 21.098 414.370 101.155 14.253 140.067 469.066 23.144 352.369 267.877 20.486 352.307 44.962 21.070 218.448 17.737 24.215 59.337 449.632 19.963 217.590 339.373 24.094 82.476 420.201 19.091 428.720 236.631 22.653 111.765 492.148 23.587 38.799 62.230 20.048 284.826 219.373 21.824 207.550 122.675 24.656 381.275 451.169 24.340 135.070 165.386 19.292 358.911 294.619 20.852 453.085 353.569 23.211 269.958 104.373 23.818 237.656 18.024 20.404 348.715 302.573 20.011 124.048 414.780 21.552 375.701 79.976 16.930 7.938 464.327 18.408 312.752 339.595 24.746 318.056 387.406 26.450 491.855 327.484 20.284 116.746 291.210 23.025 351.674 79.231 17.975 457.234 375.450 21.929 276.035 493.722 21.570 62.382 327.606 20.820 353.881 95.763 18.179 3.227 93.477 17.183 458.716 6.235 16.011 376.649 171.156 17.573 157.761 260.463 20.863 294.982 69.395 24.207 28.929 351.475 19.478 367.698 148.303 17.508 120.281 283.398 22.081 213.507 494.993 23.714 480.574 422.397 18.274 23.545 98.668 20.029 298.777 414.781 24.409 300.310 190.375 21.475 1.610 277.245 25.440 66.402 315.338 21.908 60.741 166.116 20.525 90.761 411.643 17.140 227.287 87.517 24.565 123.838 130.828 24.944 77.048 424.386 18.759 38.723 384.254 16.725 20.726 431.127 19.063 270.766 410.814 26.018 163.905 258.457 22.332 201.930 459.858 25.588 136.884 341.867 20.818 200.695 461.352 24.017 466.261 121.652 15.392 390.627 86.393 17.716 422.811 173.353 18.592 480.109 97.434 16.206 446.538 68.199 14.872 144.369 418.030 22.632 97.658 152.540 23.287 212.194 177.798 19.894 360.566 358.796 26.958 2.886 107.442 16.170 91.869 92.894 24.709 442.330 232.010 22.645 7.952 104.920 16.458 93.368 6.673 24.635 30.195 12.964 20.610 379.182 359.994 26.285 351.128 43.285 21.927 28.316 31.683 19.537 435.355 43.358 17.581 217.840 198.835 20.217 289.212 80.174 22.790 407.455 144.310 16.985 179.828 301.918 24.487 379.197 235.106 20.178 414.623 300.689 22.315 213.514 197.805 20.951 295.642 377.295 25.019 97.893 426.069 21.003 19.629 197.127 17.872 50.067 495.833 21.008 60.906 41.122 22.806 79.341 258.858 22.009 156.116 122.982 25.103 88.126 172.774 21.740 424.862 98.454 15.334 450.985 191.617 20.616 312.840 152.273 20.643 457.110 253.313 22.164 342.092 276.595 20.032 9.609 5.386 19.966 322.630 23.788 23.648 415.010 247.577 21.747 142.665 292.843 24.000 71.259 351.484 20.470 58.544 295.469 21.455 342.602 372.962 26.142 419.828 161.420 17.698 468.483 171.333 19.540 479.409 91.136 15.005 457.677 167.042 18.432 174.727 194.386 20.012 30.394 450.574 18.596 168.365 341.933 21.476 128.375 103.028 26.494 133.105 222.404 18.707 151.809 330.983 22.380 4.597 215.340 20.319 230.225 119.529 25.369 243.282 361.849 24.513 460.957 206.696 22.622 226.305 197.652 20.281 206.564 36.740 25.101 465.884 240.255 23.207 52.636 282.721 20.658 356.626 456.299 25.659 256.983 325.733 24.226 4.666 414.057 17.998 86.591 129.316 22.086 23.228 72.879 17.941 176.796 390.190 23.294 368.807 446.427 25.220 498.599 249.412 25.664 353.640 461.354 24.901 277.130 147.155 22.559 129.642 387.650 19.528 209.956 0.455 23.390 440.751 241.144 22.236 110.828 165.073 21.194 106.358 326.940 20.745 246.300 185.276 19.671 0.082 308.407 22.511 437.521 170.059 18.378 403.388 72.311 15.910 66.946 5.424 22.460 390.279 208.948 18.262 272.153 35.773 23.258 144.446 432.794 24.616 457.403 404.381 19.815 255.176 6.741 20.974 346.988 308.239 20.959 211.474 32.131 24.816 309.540 383.250 26.802 460.352 480.520 19.408 450.214 444.661 20.482 12.340 112.046 17.309 408.555 365.033 25.520 63.672 270.653 20.238 258.220 154.361 22.683 392.490 332.564 24.346 483.815 266.501 24.800 162.776 303.581 22.511 106.562 100.413 25.421 380.530 320.929 24.108 297.389 7.502 22.338 150.559 449.538 26.018 229.408 130.918 24.817 488.815 359.256 21.668 91.657 178.927 21.534 34.893 289.067 20.612 337.956 231.718 20.490 383.011 471.425 22.472 59.617 222.654 18.730 146.717 73.908 26.768 12.181 394.742 18.218 482.351 493.648 19.264 427.626 461.663 20.203 42.928 143.410 18.926 480.611 432.702 19.201 140.540 181.511 20.222 341.453 35.555 23.306 124.943 467.754 23.622 73.172 499.220 23.535 325.363 499.819 24.589 140.830 1.955 22.706 339.554 225.243 21.050 203.937 147.941 22.667 242.458 196.986 19.229 84.370 405.869 16.959 469.236 440.060 18.676 50.737 75.016 21.194 193.263 42.177 24.597 108.000 48.154 26.305 177.889 236.806 21.184 467.868 234.891 23.338 280.083 183.160 19.760 383.688 247.822 19.959 481.716 130.486 16.029 94.103 486.301 23.419 366.137 63.418 19.768 413.854 215.238 20.511 33.071 284.209 20.951 275.265 301.132 21.582 27.966 364.400 17.561 228.491 30.656 22.929 91.300 17.659 22.919 349.808 244.395 20.628 140.655 364.436 19.971 161.786 92.254 25.563 409.930 350.647 24.006 136.701 364.666 20.034 248.621 437.462 25.080 492.040 63.240 18.078 353.164 480.344 25.725 429.326 136.489 16.296 212.504 131.356 23.516 288.001 291.345 20.816 176.152 274.669 24.152 153.402 495.557 21.671 162.018 265.893 21.637 285.821 158.888 21.408 288.138 143.152 21.830 61.674 425.476 19.352 325.204 389.418 26.672 454.365 74.955 14.125 390.528 0.749 22.551 349.850 443.537 24.927 497.606 18.323 20.004 229.747 439.377 24.241 290.628 110.443 21.765 130.119 5.742 23.348 428.787 419.693 21.674 308.760 177.537 19.807 355.683 376.184 26.403 388.333 155.829 18.386 329.179 280.425 18.157 328.383 499.390 24.940 318.711 58.249 22.800 339.375 339.014 24.083 376.974 427.447 22.945 41.010 117.433 18.456 9.787 240.443 23.104 164.221 160.177 22.004 9.180 451.341 18.617 323.482 221.879 19.926 258.716 463.887 23.169 431.193 461.723 20.326 202.890 185.149 19.399 243.462 285.059 22.475 474.557 164.968 18.805 360.565 429.883 24.393 1.666 5.379 19.120 64.668 303.086 22.140 254.722 242.232 21.560 10.547 66.412 18.136 295.639 1.234 22.550 378.794 266.523 21.994 343.100 13.700 23.269 230.923 67.621 25.222 344.741 362.044 27.364 289.460 412.894 26.132 132.190 177.651 18.915 403.523 351.825 24.055 53.286 32.159 22.042 234.132 306.828 23.085 330.705 411.992 27.170 218.094 203.331 20.639 18.745 418.083 17.998 46.215 7.506 19.955 441.776 70.157 14.639 189.193 435.461 26.152 239.101 209.271 20.352 95.015 380.533 18.713 129.305 69.716 26.186 47.570 91.835 20.684 212.004 78.046 25.229 148.673 488.503 22.895 97.763 323.952 22.029 78.679 110.572 23.393 33.680 109.832 18.972 499.606 135.238 17.338 225.149 116.238 25.515 426.107 25.097 17.571 66.881 117.057 20.479 345.815 30.539 22.933 444.369 246.677 22.184 497.722 80.573 17.050 47.583 239.594 20.348 283.795 61.466 22.737 103.650 67.880 25.921 443.410 297.710 22.269 279.729 333.778 23.542 21.440 45.384 18.670 73.800 382.260 16.324 84.664 115.903 23.167 7.462 234.228 22.691 190.918 245.734 20.083 59.163 177.778 20.626 207.251 407.397 25.169 147.267 239.936 20.774 96.935 18.129 23.809 35.208 90.904 19.956 373.147 276.342 20.194 1.952 160.370 19.926 81.996 10.112 23.295 413.434 128.921 16.639 328.181 268.929 18.662 332.716 204.737 21.143 63.168 394.692 16.483 347.676 456.846 25.523 373.769 182.974 17.876 355.275 419.252 26.029 356.686 393.632 26.201 493.464 419.104 18.893 482.026 197.749 20.298 417.228 11.310 19.134 61.952 351.444 19.371 298.627 431.600 24.137 289.779 377.961 25.336 29.579 42.383 19.276 376.614 43.722 20.912 308.738 211.455 21.010 76.285 322.696 21.792 30.049 323.702 20.594 208.345 442.762 26.494 29.555 93.134 20.428 190.787 185.991 19.970 438.033 344.391 22.136 66.021 203.539 19.358 312.987 225.222 20.241 344.716 151.827 20.365 249.284 376.544 24.810 360.918 74.495 18.103 150.822 339.909 21.704 212.246 192.029 19.387 322.533 469.394 24.328 85.691 42.582 23.848 108.391 80.191 24.188 116.055 265.404 21.456 175.360 90.377 25.594 379.451 393.803 25.925 117.368 12.300 24.397 132.995 153.734 22.507 373.697 149.264 17.259 380.601 347.666 24.924 262.325 253.005 19.684 12.628 257.687 24.169 368.661 457.837 25.565 207.816 98.143 27.317 355.363 0.699 24.316 140.352 377.321 20.431 99.973 109.810 24.873 145.770 346.231 21.485 417.590 61.648 16.676 430.025 80.428 14.856 67.583 497.878 22.279 12.200 130.681 17.777 237.571 113.932 25.024 215.369 6.841 23.340 184.921 376.592 22.403 18.747 220.810 20.766 496.691 463.458 19.597 293.541 55.834 23.611 307.296 165.945 20.593 19.225 483.683 19.014 330.105 445.692 25.309 106.383 87.002 24.731 498.462 49.473 18.508 31.555 370.600 17.793 403.813 315.586 22.723 451.178 320.545 21.446 446.060 333.311 22.473 133.819 72.861 26.167 444.634 360.166 22.779 170.227 110.946 25.479 268.876 264.548 19.034 136.453 199.397 19.629 5.667 387.856 18.534 152.245 443.486 24.824 456.072 19.368 17.900 327.669 449.806 25.537 390.242 254.869 21.602 368.889 258.396 21.110 64.782 299.805 21.101 478.226 364.797 22.183 394.334 412.673 24.381 17.548 0.052 20.799 355.634 148.969 17.593 460.394 147.065 15.682 404.123 25.302 18.001 492.592 369.809 20.748 425.742 470.415 19.978 478.116 216.767 23.188 90.978 154.064 22.847 436.323 482.018 19.359 241.094 97.547 25.901 16.273 326.574 21.133 110.876 402.956 18.540 291.593 269.736 19.662 12.580 408.545 18.763 294.320 461.929 24.156 401.220 487.911 21.074 164.015 315.080 21.892 317.858 338.236 25.362 40.818 43.098 21.187 257.605 208.581 20.134 461.401 334.459 21.616 164.189 147.692 22.256 166.123 457.563 25.012 138.475 265.179 20.762 292.154 223.426 20.984 499.107 259.222 24.995 328.032 73.267 22.020 432.797 68.309 16.282 340.929 125.635 18.593 187.342 234.124 20.610 41.882 205.224 18.343 235.903 148.756 21.310 398.727 369.683 24.221 179.416 172.178 19.772 234.250 72.990 25.556 455.739 413.221 19.442 169.858 11.915 24.415 20.838 346.892 19.194 185.329 227.993 20.384 325.790 130.222 20.521 194.398 5.423 23.166 493.246 221.933 22.484 215.329 118.357 25.260 146.371 211.368 19.814 297.726 307.873 21.926 28.494 436.275 18.864 144.348 221.158 18.542 167.520 354.627 21.192 243.317 374.301 23.954 0.943 291.724 24.091 278.323 197.005 19.173 402.395 288.498 21.303 186.567 173.888 19.295 428.982 264.528 22.364 255.114 103.442 24.090 383.320 488.379 21.386 83.401 131.123 21.748 81.097 295.787 21.854 151.874 371.068 21.150 175.142 468.064 24.779 235.296 60.681 24.268 201.687 443.516 26.192 81.085 364.409 17.653 243.658 245.915 21.765 469.634 7.702 17.478 211.643 115.379 25.998 147.260 216.439 19.279 394.315 227.666 19.880 438.255 6.205 17.874 476.571 43.279 17.987 123.125 230.162 19.366 101.796 493.275 23.465 450.924 61.000 15.046 255.332 389.490 24.028 184.552 23.931 23.270 118.982 410.096 20.859 376.930 128.504 17.146 102.004 426.753 21.226 179.361 76.279 25.587 75.285 245.803 20.363 93.281 370.609 16.861 479.206 313.433 21.664 238.094 388.210 25.274 488.107 336.809 21.860 325.214 79.243 20.906 79.227 279.366 21.814 304.975 97.747 22.054 287.680 352.329 25.399 127.401 109.246 26.322 285.935 124.060 22.772 23.364 401.807 17.644 224.191 171.451 21.480 8.988 58.597 17.638 202.823 424.290 26.560 497.699 127.677 18.055 35.415 175.153 18.455 123.877 291.852 22.559 101.941 71.379 25.491 1.474 370.593 19.839 222.620 427.479 25.405 52.603 223.036 19.717 180.451 437.004 25.082 214.717 431.772 25.418 208.954 6.288 22.597 230.171 499.113 21.989 165.562 111.246 26.893 447.881 489.681 19.540 221.321 320.184 23.118 262.536 259.453 19.221 465.961 130.638 15.492 104.630 1.978 23.672 419.711 315.124 22.194 329.365 25.492 23.101 216.454 186.612 20.204 471.043 303.277 23.335 8.866 115.989 18.218 491.000 128.876 15.903 239.366 130.044 25.262 106.445 221.196 19.200 288.158 154.881 23.350 230.748 286.945 23.224 269.759 439.079 23.300 54.598 399.835 17.329 478.818 191.257 19.939 444.634 309.354 23.518 105.713 5.532 23.399 50.143 455.841 20.136 478.121 241.263 24.572 400.285 7.600 19.865 38.634 272.425 21.702 408.785 463.696 21.403 224.267 30.184 23.081 174.453 265.062 22.748 30.885 309.769 21.918 246.723 211.417 20.568 401.609 463.879 21.770 420.212 487.589 20.963 169.265 470.232 24.736 316.301 383.189 26.591 397.566 268.541 21.494 247.675 62.382 23.657 450.614 233.285 22.404 430.383 285.461 22.495 67.502 164.592 21.014 255.185 129.701 24.314 65.329 143.607 20.895 443.203 63.752 15.827 474.714 247.440 24.096 279.440 210.433 21.270 27.393 415.390 19.924 369.352 140.489 16.951 200.072 488.469 23.083 408.757 136.790 16.767 29.584 127.990 18.113 405.476 0.358 20.091 379.218 443.249 23.361 352.151 93.907 17.369 478.931 401.359 18.089 149.232 154.187 22.541 320.638 113.527 22.382 71.015 325.031 21.318 220.059 429.044 25.624 133.632 35.592 25.773 482.593 4.747 18.399 376.143 88.303 16.846 215.679 456.970 25.455 1.946 314.842 21.401 493.912 258.522 25.125 415.479 55.132 15.825 223.876 105.889 25.786 5.811 259.397 25.735 145.296 185.180 19.568 273.566 334.071 23.939 315.032 415.370 25.996 258.585 125.081 23.199 235.212 123.020 24.492 440.075 340.257 21.782 301.551 169.055 21.384 21.280 92.425 18.009 29.721 198.833 18.313 61.840 275.853 20.910 131.757 380.309 19.281 236.463 296.058 21.498 2.654 215.136 20.401 6.276 97.348 16.355 35.076 106.151 19.339 34.956 476.038 19.159 328.910 59.937 21.488 481.055 111.282 16.318 6.482 14.797 20.591 258.061 43.115 23.919 265.396 246.275 21.125 49.324 6.769 21.422 328.868 130.333 20.604 413.685 364.461 24.020 8.050 5.765 20.022 421.332 136.445 16.240 9.065 142.744 18.851 201.755 32.346 24.028 228.828 222.572 20.697 384.872 105.016 16.203 127.126 295.764 22.438 392.501 3.414 20.372 104.639 43.031 24.554 182.083 469.269 24.653 274.969 31.741 22.514 259.505 376.586 24.472 499.916 466.100 19.555 366.680 277.473 21.373 421.108 339.670 22.734 198.491 402.091 25.075 231.414 331.714 23.399 72.437 34.122 24.350 47.402 110.509 19.709 271.418 354.873 25.604 140.475 220.228 19.702 150.645 475.213 23.129 274.787 436.491 24.181 203.602 202.917 19.848 324.338 392.470 27.107 118.690 149.693 22.399 354.491 134.056 18.672 337.276 468.153 24.901 314.258 350.800 25.167 469.735 284.935 23.265 421.856 186.627 19.207 437.854 296.167 23.034 164.896 69.718 24.958 340.974 380.476 26.494 136.863 427.092 23.128 488.227 482.405 19.342 211.601 105.161 26.769 442.921 98.729 13.294 292.928 489.269 22.685 431.269 247.283 22.399 81.582 98.105 24.502 348.171 406.920 26.127 415.090 0.001 19.676 423.437 272.413 22.678 47.271 154.279 20.017 366.478 394.438 26.755 77.134 475.178 20.347 289.231 13.001 21.325 465.290 451.279 19.480 212.226 55.237 25.702 396.642 437.434 23.585 285.911 11.803 21.438 352.935 183.753 18.809 360.968 420.653 25.565 330.949 125.882 19.295 477.639 474.363 19.616 24.876 285.167 22.941 166.330 53.177 24.794 483.945 303.159 22.158 107.541 12.937 22.964 34.886 340.466 19.411 277.729 57.102 22.962 227.518 232.987 22.343 375.770 156.518 18.669 136.441 5.735 23.926 306.461 258.435 20.374 95.086 123.231 24.804 449.187 492.389 17.678 424.289 222.469 21.449 9.889 400.369 17.891 227.919 272.190 23.819 362.591 106.281 17.526 420.696 154.775 17.448 14.872 129.826 18.912 480.930 333.135 21.382 485.510 424.770 18.266 133.473 132.954 24.243 23.053 117.510 18.173 10.118 314.419 21.509 86.894 350.809 19.797 192.850 272.076 23.564 400.611 438.878 22.767 142.991 153.792 23.207 243.934 229.535 21.392 130.608 43.552 24.624 348.688 388.347 27.790 273.428 147.477 23.262 377.678 431.190 23.296 244.928 180.050 20.173 309.789 271.471 20.676 421.040 481.810 20.744 380.014 48.518 19.189 66.990 239.883 20.528 6.567 494.301 19.313 299.331 382.055 25.322 24.253 84.831 19.445 243.443 56.951 24.383 78.068 38.101 24.647 1.686 254.265 25.426 25.117 493.453 19.975 293.010 191.690 21.365 468.473 11.157 17.647 309.627 456.001 24.785 349.643 257.400 20.509 364.032 233.115 20.397 100.649 394.365 19.088 368.597 499.541 24.333 82.108 0.576 24.546 142.655 451.347 25.070 14.213 349.491 19.639 144.749 296.189 22.812 8.030 439.045 18.688 371.316 11.232 23.616 174.384 394.204 23.065 115.238 309.496 23.034 395.466 164.758 19.655 53.404 102.956 20.216 394.785 341.046 24.753 156.145 0.319 23.039 130.644 289.980 23.441 56.332 374.570 16.400 206.800 300.302 24.945 308.127 426.001 23.644 87.314 392.451 18.823 15.036 239.382 22.366 493.290 356.375 20.726 245.381 262.484 22.245 186.227 2.077 23.166 411.217 158.862 17.374 366.728 493.271 25.335 485.585 246.447 24.966 230.788 279.191 23.704 5.512 228.894 23.353 422.232 159.243 17.113 116.476 192.335 20.336 7.711 71.902 17.112 269.058 43.487 23.385 111.593 152.565 22.519 120.976 152.893 22.760 423.450 444.641 21.449 388.288 414.258 24.249 285.389 283.464 20.636 221.954 7.775 22.326 280.350 18.079 21.886 9.532 451.508 18.767 297.356 491.838 23.035 333.756 80.054 18.426 459.402 215.957 22.262 338.835 426.205 26.477 382.040 90.060 16.959 420.484 362.597 24.663 125.140 217.662 19.967 436.291 99.490 14.723 50.320 11.268 20.802 180.062 16.243 22.448 406.007 492.414 19.991 314.285 374.811 26.632 52.288 204.279 17.756 161.041 401.502 21.712 426.017 414.159 22.537 473.055 446.267 20.996 50.919 319.794 21.207 364.355 263.063 20.678 455.469 468.408 20.802 66.973 213.279 19.433 183.378 496.040 23.299 169.189 307.929 22.366 295.157 80.416 23.641 6.799 37.330 19.636 278.612 271.341 19.553 440.354 6.832 17.922 316.025 320.412 22.784 289.839 34.875 22.217 279.382 188.868 20.651 260.667 46.407 23.635 15.786 68.635 18.772 468.624 499.887 17.646 239.418 450.695 22.981 423.189 407.773 21.936 212.181 340.780 23.924 97.986 413.092 19.105 496.049 325.666 21.561 215.477 469.875 24.519 1.363 221.615 21.217 310.472 300.254 22.416 215.203 97.374 25.470 47.920 68.437 21.304 362.894 377.109 26.628 346.429 301.790 20.956 428.863 333.905 21.819 458.926 313.242 22.526 472.869 122.401 16.618 409.002 289.966 22.387 226.351 35.851 24.852 213.446 62.762 25.276 198.989 363.080 24.348 216.330 414.849 26.277 431.172 444.555 20.706 469.843 414.278 18.831 337.413 258.738 20.557 234.841 455.681 23.666 452.264 278.392 21.852 461.929 456.722 19.839 111.710 56.524 26.038 372.940 421.859 25.141 92.054 331.582 21.332 103.329 191.018 20.518 348.701 348.125 25.540 232.654 39.367 24.551 477.054 104.373 15.678 114.337 160.805 22.121 285.273 443.316 23.323 225.013 12.027 22.944 400.760 450.688 23.042 21.261 326.367 20.956 305.396 328.296 23.334 371.555 228.668 21.532 246.246 469.254 22.401 198.488 153.859 21.122 82.206 147.733 22.171 366.953 357.535 26.188 362.833 123.999 16.753 418.206 171.699 17.967 101.108 24.265 24.753 194.215 351.188 23.729 308.276 43.619 22.693 342.605 243.353 21.492 385.722 222.309 19.454 89.903 24.939 24.348 30.008 104.382 18.442 209.534 158.638 21.016 48.089 463.326 20.294 315.726 230.521 20.307 25.880 308.647 21.798 290.572 344.729 25.372 326.931 104.882 19.604 27.338 457.548 17.644 92.733 476.102 22.612 374.838 487.040 23.838 258.147 165.135 20.892 480.109 308.874 22.553 220.666 419.596 25.129 284.948 344.745 23.509 372.163 160.590 17.149 107.885 360.737 19.348 366.490 173.922 17.761 2.116 430.136 19.269 149.846 77.520 26.430 102.134 283.454 22.401 385.580 307.836 22.281 191.875 487.700 23.818 29.224 203.705 18.395 138.111 296.351 22.958 300.852 149.162 21.052 338.153 438.626 26.501 57.609 140.729 19.831 282.389 309.140 21.611 299.651 389.603 25.765 361.386 193.011 18.207 221.990 345.350 24.811 301.386 29.797 22.725 479.571 499.868 19.321 21.271 210.546 18.219 408.437 411.307 23.086 281.970 33.929 21.467 325.647 114.038 19.916 419.639 475.662 20.355 336.525 418.195 27.093 390.452 310.007 22.171 10.774 69.019 18.218 320.613 432.392 25.474 188.900 364.311 23.429 426.281 253.264 21.031 137.670 92.937 26.984 171.182 318.483 21.788 227.797 357.976 25.480 137.684 456.340 24.669 246.559 223.874 21.083 263.338 6.363 21.874 448.916 73.832 14.300 384.591 5.736 21.622 24.551 11.716 20.566 368.614 4.233 23.570 491.749 205.264 22.140 177.005 111.306 25.879 141.166 340.157 21.314 135.532 462.202 22.870 270.892 160.183 22.235 399.229 346.128 24.714 84.509 24.114 22.725 339.501 487.635 25.292 61.891 53.616 21.294 429.386 68.848 16.672 418.001 308.801 22.048 4.287 166.512 19.697 183.514 86.115 25.812 373.333 309.647 23.200 380.662 382.248 25.938 223.502 410.755 25.500 44.729 370.314 16.103 486.881 183.175 18.471 187.524 70.148 24.927 272.869 432.323 22.945 250.092 450.653 22.968 184.886 48.772 25.379 289.713 339.654 24.518 37.962 369.199 17.420 421.421 17.939 18.390 31.911 208.699 18.362 382.317 350.789 26.224 418.631 303.331 22.142 174.343 290.961 24.714 386.920 270.995 21.123 288.688 433.446 23.784 301.962 246.622 20.422 219.136 401.129 26.490 75.473 312.809 22.028 260.123 497.680 21.016 329.170 410.615 27.559 207.245 50.383 25.633 489.658 294.802 25.159 367.746 499.381 24.577 332.503 0.038 23.948 5.110 302.176 22.520 405.154 231.758 20.685 435.815 356.621 23.430 321.471 207.863 20.349 460.691 184.158 19.627 459.999 357.814 21.936 283.582 5.652 21.021 2.178 401.076 19.170 362.459 42.692 20.889 216.307 128.881 24.148 320.029 452.688 24.206 270.765 13.488 21.534 343.474 202.914 20.416 151.557 245.779 21.457 54.297 234.598 20.184 23.866 382.388 18.147 95.488 443.433 22.499 168.336 414.755 23.618 93.961 260.601 21.682 34.135 350.195 19.430 466.159 230.091 23.317 170.844 258.180 22.083 121.429 209.682 19.665 122.566 82.483 26.074 64.882 452.893 19.953 192.718 375.875 23.560 389.139 426.056 23.026 147.092 97.662 26.261 76.701 377.532 16.582 250.844 165.790 20.663 93.684 306.204 21.931 192.208 11.453 23.166 44.968 469.581 19.514 154.108 7.789 23.464 439.949 48.752 16.579 171.845 51.833 24.968 395.408 301.496 21.602 308.574 482.017 22.766 398.050 259.508 21.242 43.076 431.748 19.344 416.120 445.241 22.630 308.253 61.338 23.564 264.373 406.288 25.416 37.478 320.540 21.083 258.331 31.656 23.094 376.461 337.659 24.578 106.769 419.864 20.764 421.889 165.310 18.150 457.219 454.247 20.991 140.275 474.670 23.342 369.199 242.176 21.395 3.522 179.889 18.455 79.547 93.912 24.503 204.556 420.866 25.717 0.386 100.106 16.688 350.226 396.482 27.441 274.256 444.790 23.802 52.030 443.786 18.227 271.198 284.711 19.557 152.733 11.793 23.345 152.739 456.666 25.257 172.255 285.134 24.588 234.857 201.721 20.704 241.599 316.845 23.769 211.713 135.545 23.463 206.830 457.091 26.199 8.309 364.856 19.529 156.516 12.808 23.004 412.724 191.754 19.749 354.880 72.703 18.309 12.822 495.067 19.330 13.709 309.316 22.565 23.060 312.837 21.505 238.519 438.970 23.724 105.433 80.074 25.091 408.427 56.557 16.631 282.022 66.973 23.534 190.728 109.899 25.434 190.413 86.375 26.001 187.493 253.967 22.376 299.021 215.765 21.577 452.896 377.018 22.878 182.453 424.090 25.284 381.656 499.504 24.181 106.327 293.272 22.485 0.016 296.815 23.822 441.085 284.907 22.193 314.167 221.916 20.289 292.820 131.302 21.562 5.767 135.493 18.119 174.926 105.015 25.895 431.153 456.991 21.797 169.026 303.262 23.894 214.092 312.858 24.440 430.082 260.046 21.404 484.397 79.767 17.201 494.768 159.986 18.544 391.232 296.971 21.955 145.895 359.285 21.229 343.037 457.511 24.596 56.677 173.249 20.049 286.687 481.402 22.103 216.414 134.770 23.246 385.908 393.790 25.892 244.520 130.201 24.757 161.788 166.544 21.087 56.369 220.449 18.597 471.531 326.632 22.012 346.503 432.188 25.182 452.997 239.125 23.188 265.473 339.220 23.870 209.852 73.051 25.456 277.279 355.621 23.986 430.522 270.461 22.473 69.029 480.256 21.485 446.254 476.475 21.124 202.061 279.237 25.038 198.135 207.022 20.171 57.486 383.503 16.695 486.774 270.848 24.618 298.157 221.355 21.238 67.020 498.753 22.067 342.955 297.261 20.321 133.067 198.832 18.968 213.371 148.140 23.378 274.625 60.463 24.417 153.749 359.298 21.243 65.183 295.145 22.136 395.001 390.349 25.977 426.281 283.410 22.539 143.007 94.416 26.706 281.944 105.327 23.489 136.959 407.005 20.391 481.761 171.973 18.333 208.275 370.236 26.120 36.352 87.086 19.661 431.223 113.320 15.811 499.637 432.318 18.307 331.877 5.855 24.152 146.087 271.775 21.633 247.939 481.462 21.837 403.216 68.527 15.855 139.057 182.679 19.283 387.348 377.602 25.138 341.289 135.473 18.219 317.823 333.277 24.157 230.291 327.066 23.471 383.096 475.120 22.532 380.396 148.693 17.641 189.293 395.401 23.768 417.065 257.815 21.525 375.159 260.167 21.474 379.818 220.827 19.860 177.880 345.088 21.738 205.666 177.884 19.816 34.369 413.743 19.762 343.309 159.182 18.828 323.491 70.287 21.712 159.756 488.867 23.535 356.232 91.417 17.246 227.642 109.742 25.625 250.505 278.418 21.771 403.103 326.605 23.033 16.265 56.396 19.031 291.454 420.520 24.280 147.860 17.578 23.922 16.953 6.653 20.510 299.400 425.077 24.540 270.649 173.693 20.017 333.789 423.903 25.377 298.591 331.723 24.201 182.325 149.025 21.365 461.205 232.405 22.428 498.303 5.928 19.579 316.811 140.642 21.370 265.772 205.848 19.754 179.196 399.465 22.667 60.539 116.509 20.102 228.850 273.013 24.561 60.492 241.569 19.681 432.393 207.018 20.716 404.056 13.412 19.457 254.524 87.960 24.172 426.303 351.995 23.666 216.921 0.113 22.854 291.974 106.500 22.761 79.183 210.164 20.574 341.196 116.915 18.945 2.151 424.002 19.706 221.563 493.774 22.640 248.227 356.447 24.659 256.869 64.665 24.496 401.917 154.595 17.946 347.867 401.087 27.264 100.515 253.830 20.019 465.527 58.316 16.230 129.947 327.405 21.435 65.382 43.989 23.735 176.430 444.142 25.331 83.595 67.749 23.024 488.711 362.933 20.870 482.970 378.333 20.893 25.443 346.369 19.466 180.968 141.534 22.616 439.927 191.277 20.563 209.961 0.485 23.391 489.561 142.725 17.783 383.052 277.657 21.367 373.883 480.887 24.304 101.600 245.341 19.850 94.398 161.524 22.837 406.108 86.384 16.050 177.512 265.036 21.702 313.710 291.286 20.115 25.545 233.946 20.817 290.398 480.867 23.111 354.166 205.037 20.080 183.447 223.309 19.701 492.232 282.916 25.024 133.091 23.312 24.874 120.299 1.402 23.395 249.234 43.117 24.030 290.171 136.443 21.196 223.264 134.267 24.588 264.132 7.131 21.920 24.045 336.016 20.195 297.451 395.933 25.076 151.234 265.585 21.551 89.427 481.906 22.330 230.667 165.872 20.600 130.280 152.932 21.437 373.861 442.898 24.591 30.184 34.860 19.152 490.367 291.116 24.605 474.877 344.446 20.706 211.394 464.228 25.035 448.919 420.947 19.807 85.453 106.954 23.055 36.357 142.717 18.288 126.492 371.408 19.248 61.394 489.391 21.657 314.312 401.642 26.046 377.449 19.564 20.835 62.739 5.787 21.835 289.946 61.728 23.403 165.188 270.971 22.344 402.324 410.585 24.720 445.601 327.244 22.074 477.933 353.197 23.010 317.805 414.251 25.441 77.136 284.883 21.277 157.974 272.395 22.194 188.074 5.544 22.728 351.223 58.675 21.147 439.224 227.229 23.349 241.677 357.214 25.714 63.843 74.131 23.391 206.832 438.602 26.241 417.273 296.866 22.251 397.236 223.091 19.891 475.603 411.729 17.924 363.998 184.545 18.938 113.762 333.714 20.473 9.132 1.697 20.356 56.474 24.040 21.603 177.200 48.049 25.239 206.142 211.021 20.164 360.972 333.072 23.989 277.397 24.729 21.471 267.314 110.358 24.418 459.262 449.172 20.281 28.435 191.489 17.799 449.084 4.661 17.929 236.947 240.986 21.541 192.784 185.869 20.014 347.047 370.696 27.497 393.632 135.298 16.773 402.223 80.438 16.110 356.780 155.812 18.113 458.739 302.443 24.234 433.448 191.474 19.990 336.249 332.630 23.334 380.304 165.759 17.846 111.298 29.857 24.283 413.607 414.843 23.220 30.709 60.828 18.580 67.328 151.946 21.658 81.543 172.640 20.259 433.974 366.056 23.204 450.042 208.471 20.801 2.709 31.976 19.035 251.724 489.202 22.288 382.804 334.410 25.764 343.347 104.281 18.132 80.522 335.591 20.967 379.494 418.667 23.257 243.605 31.731 22.450 300.815 235.121 20.622 280.548 172.580 20.676 127.059 353.419 20.397 263.240 19.773 23.235 454.499 197.506 21.072 126.590 12.286 24.061 46.063 129.310 18.942 387.800 235.610 19.424 303.379 155.700 21.405 284.317 436.826 23.741 372.387 372.148 26.858 4.414 186.655 18.459 475.481 320.510 21.954 67.233 413.480 18.213 152.043 305.787 22.837 247.956 369.917 25.165 462.336 9.682 18.289 93.278 449.453 22.628 460.853 445.796 20.087 396.850 498.190 21.212 304.251 60.920 24.576 43.515 97.190 19.470 277.631 190.903 20.196 120.591 339.258 20.247 370.054 79.410 16.967 201.864 259.040 22.729 366.779 364.654 27.708 339.617 67.794 19.100 325.651 41.068 21.939 360.345 87.810 18.368 409.370 5.292 19.317 302.549 36.708 23.000 93.424 80.924 24.913 374.260 394.761 26.043 225.442 56.799 24.491 225.696 263.442 23.173 0.136 481.541 19.472 133.902 444.378 23.686 287.176 492.567 22.104 473.273 296.662 23.314 81.681 207.613 20.818 138.737 48.538 24.921 458.172 242.158 22.698 285.115 112.617 22.993 224.015 359.259 25.062 348.137 46.306 21.875 154.174 119.057 26.219 125.252 233.533 19.229 221.430 444.974 25.441 401.339 474.773 20.215 195.161 6.869 22.869 125.895 246.489 21.408 468.261 280.231 22.587 50.145 197.854 18.100 61.242 310.009 21.578 53.852 129.715 19.948 60.676 152.892 21.129 499.201 184.743 18.839 310.554 186.721 21.600 92.552 438.731 22.409 489.730 222.393 23.228 347.496 148.226 17.708 310.212 432.270 24.484 142.835 117.146 25.271 460.348 395.845 21.256 345.817 110.068 19.342 109.714 35.409 24.663 42.953 134.339 18.596 212.858 42.866 25.055 272.919 55.897 23.590 39.160 432.420 19.091 253.440 173.179 19.724 169.880 36.482 25.149 110.109 376.016 19.091 179.402 240.951 21.551 116.278 143.239 23.725 244.232 166.563 21.550 190.477 483.298 25.289 188.149 457.072 24.385 238.367 499.072 21.631 22.093 19.660 20.607 276.824 326.127 23.630 428.112 26.108 16.521 429.373 277.055 21.739 373.889 98.789 17.141 252.320 285.711 22.007 193.792 98.450 25.766 263.363 426.046 25.341 123.668 30.956 25.172 254.266 54.656 23.180 451.611 180.730 20.246 193.621 61.545 25.126 171.819 279.593 23.429 299.872 93.576 22.130 15.035 188.405 18.208 465.029 144.236 15.595 333.487 481.899 25.576 73.966 451.437 19.898 461.732 296.388 23.349 387.919 408.010 23.814 319.688 277.489 19.185 68.487 49.297 22.948 354.268 340.619 24.374 490.949 463.349 19.771 463.964 193.674 20.440 1.114 67.576 18.608 304.319 30.424 22.742 353.859 208.988 20.746 58.258 228.363 19.476 491.816 232.762 23.230 371.342 499.348 23.622 382.381 154.605 18.211 56.693 62.222 22.043 389.886 125.159 16.716 139.292 38.269 25.894 488.880 430.770 18.209 199.930 67.761 26.316 341.436 85.667 19.336 296.849 468.350 24.301 5.063 32.279 19.652 306.190 402.121 23.864 166.855 290.440 23.689 339.026 110.398 18.432 84.762 136.164 22.597 240.950 84.678 23.884 249.877 68.038 24.899 463.491 110.712 15.682 124.919 66.551 25.961 244.192 43.658 24.747 34.563 425.687 18.476 296.863 285.386 19.056 197.469 130.792 24.179 277.770 445.142 24.483 178.562 495.633 23.912 178.893 408.975 24.124 25.347 424.321 19.217 266.414 282.967 20.938 119.628 235.642 19.177 84.467 245.267 18.546 81.232 86.491 23.900 156.906 302.601 22.914 4.366 160.198 19.328 160.311 366.457 20.860 5.597 61.914 17.924 284.654 498.988 21.452 460.259 350.973 23.106 220.822 245.634 22.897 174.805 43.432 24.311 387.174 124.130 15.861 444.566 351.206 22.268 23.308 413.105 18.762 52.046 215.042 19.273 74.171 424.534 20.001 92.783 350.664 19.693 351.129 8.510 23.300 293.315 457.994 23.504 133.042 431.522 22.733 489.859 376.836 20.046 192.092 202.171 18.460 232.211 153.817 22.759 260.621 402.192 24.694 267.844 227.902 21.951 165.701 382.065 20.989 93.707 433.417 20.231 185.878 106.924 25.892 264.472 260.978 19.519 76.158 371.869 17.581 351.480 297.956 20.696 47.405 81.294 20.781 499.658 357.605 20.087 226.656 189.925 20.830 429.746 169.218 18.665 270.717 499.917 22.183 398.573 210.874 19.804 345.290 487.531 26.153 18.756 124.546 17.913 3.874 377.363 18.924 391.855 269.848 22.254 265.350 432.593 24.983 433.744 315.055 22.423 284.710 148.664 21.882 414.869 103.804 13.513 461.598 48.991 16.000 343.264 263.988 20.768 281.534 84.559 24.031 270.683 469.816 22.993 437.078 111.584 14.449 301.639 303.720 21.931 447.190 203.951 21.597 464.765 351.575 22.444 7.565 395.899 18.477 98.560 140.405 24.269 127.953 377.641 20.166 428.114 19.022 18.068 143.586 401.902 20.759 303.680 223.782 21.263 6.979 232.483 22.609 369.411 110.871 16.710 249.233 123.682 24.876 255.666 414.810 25.077 203.102 290.367 24.214 292.803 92.038 23.156 391.231 79.839 15.523 3.727 488.158 20.065 352.416 29.980 19.388 11.277 474.617 15.676 320.537 153.180 15.980 221.742 257.592 20.435 170.243 382.242 17.603 166.882 425.547 20.528 190.069 24.141 19.258 313.287 461.215 20.736 478.211 376.311 17.126 51.278 248.898 17.911 129.146 204.039 16.448 65.925 18.319 19.045 142.794 229.771 15.926 193.333 106.574 22.530 214.897 282.520 21.320 179.719 278.236 21.012 360.912 482.376 20.961 82.258 357.914 16.038 25.959 256.058 18.827 357.995 303.631 17.495 297.876 297.669 17.512 175.658 349.228 18.426 403.566 403.139 21.361 467.387 103.922 12.390 325.024 231.885 17.055 36.722 468.535 15.621 11.478 332.186 18.224 139.949 23.981 21.453 226.339 431.961 22.636 398.481 93.999 13.265 196.253 84.054 21.992 207.771 232.128 17.731 287.343 326.820 20.096 223.464 486.438 19.401 9.225 273.543 20.978 72.046 212.794 15.498 411.035 45.305 13.794 347.793 184.898 16.541 438.999 62.638 11.462 243.044 257.870 18.961 23.836 341.913 18.613 15.799 471.517 14.919 21.811 105.084 14.105 373.841 121.864 13.570 52.997 43.150 17.946 478.910 425.053 16.046 57.077 31.599 19.683 95.053 56.568 22.364 115.741 0.172 19.871 63.278 177.129 17.518 118.413 313.793 18.444 288.950 314.787 19.020 141.142 97.507 23.034 326.973 204.850 17.536 468.905 494.475 15.019 495.563 295.926 19.954 12.203 476.249 15.346 150.971 320.451 17.911 279.864 254.246 15.596 56.075 112.770 17.301 457.599 192.426 17.512 32.912 148.365 15.975 176.237 148.010 18.247 433.341 116.554 11.181 33.638 434.017 15.925 81.348 222.050 15.536 58.935 68.818 18.616 134.059 214.434 16.396 387.511 371.517 21.378 320.211 167.880 16.173 220.157 228.699 17.661 441.605 86.483 11.634 383.979 19.485 16.994 388.719 451.580 19.150 440.236 390.051 19.151 168.572 105.658 22.623 333.079 300.883 15.478 154.768 19.050 20.761 142.780 328.530 18.353 263.084 360.630 20.308 124.076 367.457 16.037 344.421 336.729 20.083 275.933 381.958 21.358 4.021 54.189 13.442 86.180 364.270 15.120 115.159 67.137 23.679 439.241 177.997 15.570 316.373 74.383 19.247 173.794 179.521 15.650 391.782 469.549 16.843 151.412 209.399 15.972 373.178 457.880 20.820 431.279 160.092 14.548 71.201 83.125 19.503 420.933 31.951 13.677 91.890 128.728 19.472 412.929 141.731 13.633 152.192 75.044 23.176 89.986 247.506 16.594 274.429 166.670 17.061 112.381 208.875 16.659 177.867 25.571 21.459 71.138 114.844 19.039 350.066 179.381 15.558 484.720 451.883 15.341 29.223 241.881 16.969 146.548 442.579 20.663 483.969 10.150 15.577 451.814 449.324 17.664 115.408 277.285 18.865 452.763 327.593 18.278 419.181 407.865 18.900 361.147 50.201 17.425 274.468 154.381 18.613 490.158 473.900 16.654 255.373 72.791 20.724 194.354 122.372 21.117 301.215 309.214 18.369 298.258 24.763 18.713 136.807 487.372 19.098 207.512 3.655 20.339 410.623 73.720 11.947 144.154 49.125 22.076 49.249 448.754 15.911 88.763 74.797 19.696 107.421 185.244 16.637 217.122 43.929 21.196 246.863 406.020 20.717 449.644 220.529 18.360 60.425 93.173 18.385 259.628 344.057 21.186 455.607 221.295 19.030 458.904 205.734 18.477 49.430 20.538 18.514 401.983 376.378 22.053 23.546 499.582 16.994 392.809 479.755 17.703 241.201 444.286 20.481 116.412 226.461 15.393 346.535 282.290 16.510 50.248 406.772 14.652 327.121 395.411 23.150 465.210 327.136 19.246 482.384 136.543 12.907 261.814 483.550 20.209 363.395 7.633 19.961 263.587 140.396 18.783 144.514 439.732 20.638 325.816 216.391 17.285 225.797 364.587 20.816 154.055 228.506 15.256 159.335 1.695 19.317 306.873 365.509 22.318 250.635 203.441 15.428 284.460 188.806 17.703 47.323 377.645 12.681 57.123 345.228 14.870 349.002 195.591 16.557 40.635 350.316 14.559 461.107 321.971 19.793 65.770 363.641 13.138 181.999 60.775 22.309 74.787 268.448 17.844 76.627 86.557 19.596 375.521 314.995 20.560 410.709 0.572 15.458 203.530 125.554 19.522 105.317 124.605 21.686 437.743 327.735 18.556 50.970 159.059 17.957 441.524 219.325 18.597 38.353 11.492 18.082 219.983 329.043 20.435 157.734 92.420 23.174 178.109 364.326 18.511 409.689 215.872 16.146 101.233 234.489 15.154 145.811 456.378 21.020 108.014 249.060 15.904 15.190 267.465 20.941 153.721 30.583 20.847 439.890 127.669 13.333 322.637 184.228 16.980 219.496 253.018 19.993 441.051 432.607 17.110 498.647 24.311 15.473 426.923 438.506 17.626 293.884 383.282 23.308 48.990 278.308 17.371 177.090 309.128 19.908 427.495 312.930 18.867 175.797 360.415 18.541 336.020 359.120 23.745 432.820 414.216 17.959 275.801 116.050 19.521 429.665 186.142 14.870 268.471 117.818 19.906 282.591 234.644 17.054 44.335 322.528 17.833 352.540 297.198 18.328 414.195 409.366 19.644 184.329 119.947 22.062 222.996 237.395 18.571 127.439 61.350 22.504 245.910 492.537 18.728 499.188 149.917 14.668 426.685 451.585 18.204 158.124 111.083 22.176 35.864 122.495 15.010 123.823 351.170 16.815 38.922 377.302 13.972 134.712 109.937 22.899 468.826 79.587 11.583 318.011 42.381 19.199 263.672 129.248 19.771 11.344 86.158 14.183 332.712 178.212 16.596 220.569 46.410 20.679 355.882 219.871 17.173 33.899 260.891 17.281 274.575 338.808 20.790 32.645 5.881 18.173 356.340 240.386 17.398 282.195 217.601 17.689 363.821 178.950 14.508 413.078 488.543 15.965 282.102 298.182 17.348 44.666 408.717 16.198 404.867 60.751 12.983 232.257 81.020 21.303 88.531 419.421 15.220 146.142 382.090 15.750 142.224 388.751 16.363 227.513 417.503 21.282 39.980 18.744 18.266 286.416 183.860 17.453 305.152 445.324 21.052 74.323 474.850 18.083 87.473 135.947 19.892 422.124 426.577 18.136 40.747 450.491 16.191 73.552 322.260 18.167 25.057 207.938 14.657 55.500 479.078 17.252 179.691 44.026 21.057 371.831 198.474 16.634 6.315 443.874 15.324 221.578 142.395 18.090 464.427 426.658 15.170 11.611 37.576 15.649 367.106 119.408 14.025 214.858 248.355 19.849 218.188 437.048 22.699 3.747 141.811 15.034 464.498 487.185 14.983 455.591 445.419 16.828 493.252 123.862 13.645 344.606 414.306 23.106 487.652 198.205 15.957 170.010 331.838 18.417 24.292 394.962 14.475 490.778 43.227 15.971 202.821 5.236 19.895 489.930 177.688 14.847 13.585 73.290 15.592 268.413 290.004 17.416 1.801 42.858 15.112 338.858 463.092 22.333 179.855 414.297 22.122 475.611 86.074 11.987 249.970 442.111 21.256 301.814 297.462 18.766 426.457 423.222 18.617 426.812 202.415 16.474 221.836 309.312 19.178 144.164 198.759 16.079 315.994 482.220 19.787 364.280 68.810 15.056 243.076 318.918 19.531 237.824 488.993 18.030 489.934 217.064 18.681 158.264 408.307 18.262 481.305 458.563 16.606 139.205 9.206 20.190 282.854 178.666 17.982 161.036 463.702 20.425 252.206 308.908 18.690 251.842 122.650 20.791 5.942 137.557 15.305 4.130 8.258 15.756 77.565 190.146 17.100 480.320 5.731 14.824 265.968 367.193 21.239 35.928 30.893 18.596 312.810 450.390 21.614 499.961 394.009 14.990 266.518 334.522 21.085 437.008 285.318 18.886 344.788 309.553 18.493 395.072 216.835 16.282 162.391 6.175 19.871 2.604 241.190 20.766 392.968 258.506 18.129 1.328 420.308 14.915 61.474 130.606 17.382 282.580 196.978 17.578 170.052 160.281 17.096 128.258 168.053 17.304 305.096 228.082 17.575 97.703 204.524 16.762 111.031 301.883 19.781 266.116 493.500 18.756 55.629 5.499 18.709 191.902 389.106 20.749 155.471 314.790 19.121 210.672 149.129 17.392 117.084 416.026 17.848 102.847 312.500 19.087 29.169 56.582 14.832 54.110 426.622 15.666 308.457 0.406 20.323 21.732 80.264 15.450 320.193 80.336 17.596 203.481 131.308 20.159 331.681 112.003 15.627 396.198 401.283 21.624 257.062 370.206 21.439 341.805 364.500 22.387 324.022 334.249 20.446 189.939 72.739 21.721 75.568 49.127 19.132 494.436 88.709 13.626 360.039 11.281 19.894 420.313 379.660 22.073 270.977 0.394 17.973 239.986 6.628 17.765 469.054 39.413 15.132 306.643 378.226 22.004 148.144 227.479 16.518 44.130 282.643 17.181 125.682 309.097 18.709 110.059 296.186 19.241 197.374 80.237 22.019 8.463 481.365 16.154 321.818 383.502 23.558 443.408 74.759 9.936 128.098 363.713 16.380 316.111 185.350 17.961 224.387 388.780 22.644 34.693 181.178 15.448 155.028 400.975 18.045 68.653 445.423 15.898 305.304 291.706 17.103 9.452 426.459 15.376 366.526 102.513 14.356 322.097 499.748 22.240 120.336 258.476 18.908 142.843 303.583 20.111 176.157 73.889 21.123 499.928 61.642 14.385 218.500 450.430 22.831 145.746 10.588 19.728 435.552 269.011 18.296 392.674 393.779 21.546 298.907 184.844 17.566 444.573 142.636 12.422 265.033 468.950 19.643 3.038 131.029 13.618 348.807 103.198 15.007 493.996 382.449 15.857 197.717 434.751 23.648 94.250 174.052 18.514 136.181 349.234 18.321 59.019 0.244 18.372 32.776 247.431 17.175 380.275 270.078 17.280 40.543 7.533 17.432 301.260 362.259 21.609 97.352 356.104 17.337 334.856 406.851 23.679 254.645 455.574 19.214 452.080 43.906 13.103 499.497 184.351 14.969 30.274 197.004 15.064 414.156 64.495 12.856 8.049 73.829 14.352 323.329 48.629 17.673 151.259 295.598 19.967 389.480 141.786 13.295 356.792 433.667 21.473 40.771 300.056 17.654 94.072 245.863 15.771 200.257 388.689 21.488 116.968 350.786 17.123 297.689 129.252 18.118 125.838 258.420 18.151 426.965 291.694 18.457 288.071 128.876 19.371 399.023 48.448 12.813 315.459 282.881 15.877 2.977 167.846 16.418 455.428 171.619 15.309 379.937 259.716 17.618 477.181 338.708 17.322 270.352 459.784 20.794 39.650 189.824 14.593 265.676 46.619 20.252 158.771 135.260 20.356 381.471 339.195 22.004 8.859 438.157 15.365 126.379 184.594 16.402 487.850 233.755 20.058 129.787 240.867 16.318 284.426 133.917 18.628 499.088 358.077 17.294 335.897 60.194 18.422 399.362 445.532 18.596 285.565 402.543 21.543 179.545 387.295 18.888 302.475 0.744 19.774 451.467 68.989 12.257 202.664 48.289 22.372 76.660 184.005 17.371 452.257 30.687 13.443 419.542 218.970 16.561 97.044 129.443 22.523 163.687 470.899 20.676 309.256 358.039 21.643 498.141 412.968 15.912 75.685 444.824 16.182 57.502 50.226 17.841 380.394 37.554 16.400 83.887 221.866 14.335 168.131 6.871 20.022 406.556 450.357 18.239 247.067 419.727 20.494 389.358 129.410 12.431 346.196 191.008 16.753 413.095 283.037 19.012 206.953 20.962 19.765 467.202 258.562 19.323 294.079 303.147 17.900 21.105 350.777 16.600 317.726 404.508 22.801 383.664 80.301 12.127 396.916 425.384 19.794 24.070 123.051 15.733 69.165 148.162 16.699 408.378 317.264 19.826 117.942 474.622 19.227 249.746 55.092 20.676 252.101 148.572 17.566 9.749 353.322 16.777 190.964 329.931 20.256 379.938 136.971 13.155 172.804 132.083 22.122 122.106 402.322 16.097 347.018 75.339 14.480 141.839 216.870 14.531 171.470 87.356 22.629 310.176 346.365 21.608 236.627 425.228 21.011 342.508 406.406 23.664 368.284 49.265 15.837 27.249 264.740 18.397 94.744 109.648 21.614 333.461 116.632 16.023 26.864 147.213 15.871 48.455 486.334 16.830 345.711 99.284 14.602 278.529 100.046 21.059 298.134 344.186 21.579 72.068 241.217 15.961 493.926 320.920 17.463 446.171 99.408 10.726 103.416 215.581 16.742 132.871 284.002 19.213 35.830 67.707 15.267 441.426 437.070 16.217 389.294 51.005 14.533 470.664 363.496 19.477 139.285 259.492 18.118 174.633 375.367 17.354 464.079 307.394 19.839 457.866 266.458 18.321 330.533 323.816 18.924 256.782 454.500 19.125 483.655 499.971 15.223 239.910 419.512 22.726 157.400 8.054 20.272 429.379 400.275 19.205 329.738 161.226 16.048 413.242 437.466 18.794 435.294 147.400 13.311 44.405 123.708 14.285 222.592 450.234 21.861 252.552 241.759 17.951 279.000 365.028 19.976 151.898 51.465 21.165 321.582 233.718 17.180 369.773 247.027 16.581 203.549 99.781 22.464 156.986 286.065 19.208 476.462 18.418 15.754 269.205 30.392 18.647 365.054 320.852 19.831 429.585 344.267 19.107 124.166 55.993 21.913 40.522 46.029 17.654 200.690 199.473 15.818 334.341 91.726 15.393 317.691 7.140 21.317 169.660 254.773 18.129 94.647 22.682 20.341 411.647 23.170 14.780 499.551 406.968 14.699 85.184 33.041 20.325 99.188 42.016 20.939 445.625 4.884 13.525 31.529 375.468 14.605 383.214 315.352 20.479 260.797 392.316 20.482 209.897 437.466 23.715 296.532 197.601 18.978 349.533 357.968 22.017 234.434 393.967 22.078 499.486 456.706 16.312 37.907 224.351 15.873 333.304 221.408 16.477 195.442 370.645 21.099 258.024 381.134 20.920 116.636 56.776 22.989 136.393 228.908 16.260 318.940 209.626 16.892 428.532 216.657 17.391 73.469 55.238 20.267 270.058 216.228 17.017 33.988 43.701 16.374 234.237 23.478 20.155 283.145 240.752 17.401 72.439 167.356 17.138 262.370 302.513 18.719 213.512 418.444 22.518 115.701 259.414 17.837 359.925 466.709 20.951 236.808 340.296 21.171 52.181 210.057 15.189 358.950 214.234 17.435 363.604 436.208 21.885 412.794 179.312 15.852 458.656 92.120 10.005 51.952 81.878 17.574 338.631 18.169 19.959 157.545 225.193 16.322 231.745 248.888 18.796 323.600 74.252 18.195 436.636 163.694 14.733 416.549 78.095 13.420 372.886 106.468 13.902 301.572 381.866 22.690 47.968 390.795 13.364 146.504 234.801 16.401 179.006 450.091 20.936 195.840 406.721 21.709 125.095 198.967 16.729 176.686 476.313 21.163 113.026 420.517 19.088 191.580 278.824 20.859 8.968 290.584 20.818 273.420 262.282 15.946 371.360 253.457 18.313 35.475 57.899 15.438 296.155 437.500 19.454 307.156 55.967 20.041 230.648 229.647 19.269 41.563 160.166 17.086 162.265 277.556 18.153 398.492 74.782 12.784 473.243 481.998 16.575 20.147 49.353 15.092 465.170 252.762 18.463 316.887 159.499 16.244 150.153 55.351 21.592 448.203 265.315 18.357 423.798 8.256 14.440 425.654 390.081 21.392 446.216 128.690 12.074 162.729 190.901 15.677 229.567 499.725 20.026 122.825 142.351 18.991 50.813 234.550 17.796 166.415 312.925 19.343 451.132 203.832 18.935 34.639 117.725 15.033 329.415 299.497 16.547 423.903 333.552 18.514 391.650 147.907 13.360 150.135 196.992 15.067 161.192 252.590 17.472 200.998 382.688 22.192 169.313 210.849 15.945 83.241 72.870 21.064 387.190 352.199 22.578 180.095 307.075 19.252 85.469 215.712 15.096 225.721 377.116 23.355 180.666 471.826 21.285 287.963 238.990 17.692 54.332 438.842 14.970 213.765 498.174 19.081 418.315 23.980 13.411 170.847 346.176 18.293 302.862 10.988 18.593 130.852 190.464 16.706 204.754 159.655 18.160 287.302 205.872 18.110 280.683 74.370 20.263 488.059 469.974 16.945 224.995 5.122 20.173 399.078 297.099 18.243 395.478 362.692 21.808 462.770 383.828 17.563 478.094 463.931 16.419 114.928 376.050 15.121 83.113 369.242 13.320 256.157 289.792 18.434 280.921 139.334 18.097 112.795 24.427 20.133 185.444 178.335 15.626 76.579 148.534 18.611 475.201 258.224 18.633 156.804 209.773 16.090 70.829 346.542 16.656 137.539 438.343 20.903 59.485 363.112 13.109 74.886 142.857 17.813 158.958 51.777 20.706 82.432 228.128 14.184 25.825 462.752 14.697 487.788 159.904 14.987 325.703 56.129 19.099 8.490 380.482 15.562 433.955 136.183 12.970 70.485 358.894 14.646 255.519 92.422 19.510 452.490 438.681 16.187 82.862 6.926 20.174 180.551 216.292 14.803 251.247 364.851 21.779 418.420 122.454 12.617 116.599 205.695 16.289 6.797 62.876 13.713 201.346 73.083 22.526 424.262 480.711 16.843 179.876 228.418 16.642 10.943 343.347 17.056 142.809 351.370 17.057 205.940 304.688 21.155 462.042 431.765 15.169 269.297 450.058 20.109 118.821 0.860 19.357 384.832 437.084 19.976 21.937 56.344 14.040 338.697 311.292 16.658 315.824 443.299 20.704 277.196 61.921 19.329 464.761 315.560 20.057 360.613 196.831 15.589 135.158 280.408 19.424 360.847 226.365 18.009 165.019 152.972 18.525 144.391 5.446 19.227 188.054 442.039 21.944 47.391 440.127 15.714 288.104 3.402 18.051 84.679 251.405 18.107 85.417 239.230 15.595 252.290 294.306 19.040 227.366 243.288 18.003 465.505 202.759 18.199 480.476 5.141 16.297 2.526 118.288 12.846 377.465 116.473 12.196 350.011 448.625 21.698 253.547 212.554 16.513 486.569 261.109 22.260 135.277 104.752 22.934 277.767 136.332 19.597 298.430 436.105 20.206 404.837 443.951 19.082 101.463 1.608 20.267 346.263 381.097 24.188 450.958 428.151 15.459 307.598 142.131 16.505 2.020 322.861 17.414 377.745 334.292 20.774 110.006 130.854 21.313 253.289 235.499 18.623 339.103 0.422 21.964 250.677 338.083 20.118 480.799 470.217 16.660 10.192 123.792 13.423 323.188 251.325 16.279 304.348 211.022 19.032 96.134 133.652 20.896 22.373 283.062 19.996 450.873 154.846 13.512 493.035 98.442 12.984 336.540 11.685 20.245 247.077 173.276 16.549 349.842 329.186 19.651 444.869 55.342 12.124 237.351 190.934 16.509 71.466 249.492 16.300 352.682 360.038 23.091 439.694 398.291 19.655 319.432 68.516 19.826 221.553 467.607 21.263 113.920 136.080 20.813 448.683 197.821 18.091 241.196 433.409 20.909 120.237 419.974 16.923 306.674 216.860 17.617 105.749 378.325 15.369 17.049 118.302 15.153 272.959 387.413 21.637 18.127 371.246 15.531 329.506 12.897 21.016 425.430 364.773 20.126 56.111 320.894 16.750 205.685 389.042 22.655 351.076 190.949 16.647 194.478 412.247 21.109 418.254 149.646 13.553 207.923 172.193 16.306 402.562 253.697 17.916 12.737 269.629 19.293 237.322 172.296 16.154 59.669 411.289 15.102 378.765 388.954 22.686 8.050 254.896 21.499 83.109 310.363 18.038 271.339 314.187 18.360 494.689 175.051 16.228 37.553 306.848 17.472 310.735 6.798 20.121 34.548 24.296 18.510 470.089 94.657 11.122 230.104 142.890 20.756 176.832 86.639 22.163 262.947 384.981 19.707 329.642 419.040 22.860 38.727 444.172 15.457 313.052 143.980 15.064 154.673 112.973 22.431 393.083 345.360 21.797 84.456 3.225 21.035 363.871 55.424 16.729 149.250 92.481 22.886 380.237 481.296 19.496 20.138 271.027 21.681 456.815 99.455 10.289 98.614 439.616 18.797 286.771 179.789 16.777 31.708 271.179 18.404 396.612 332.116 20.755 391.965 380.211 21.890 127.185 98.511 21.852 4.767 114.267 12.611 315.759 62.487 19.091 242.532 192.477 16.321 458.419 339.550 18.982 498.476 445.908 15.842 496.423 152.131 15.467 432.784 166.357 15.091 124.557 487.690 19.343 253.005 188.231 15.754 482.178 184.229 14.675 395.280 182.224 15.168 70.365 350.801 15.985 244.426 110.494 21.206 354.269 345.421 21.537 81.057 49.284 19.711 169.252 24.592 20.789 430.791 406.752 18.702 475.158 283.393 19.137 98.914 377.521 14.276 9.823 388.964 15.806 383.164 179.515 14.606 276.929 227.676 17.701 450.192 407.899 17.136 30.169 170.030 15.700 395.422 89.994 13.093 3.955 316.507 18.150 266.983 159.493 17.776 498.307 427.319 15.452 455.662 309.347 19.981 44.461 475.184 15.357 42.024 475.678 15.666 80.434 29.630 18.796 430.337 197.459 16.555 117.860 93.361 22.347 216.544 25.292 20.199 352.278 365.225 23.875 24.192 49.728 15.105 458.460 388.856 17.414 178.985 99.996 22.675 177.596 0.109 21.268 306.306 89.294 18.337 378.035 469.792 20.562 417.426 355.633 20.900 130.244 142.808 19.274 306.211 488.075 20.273 100.370 99.350 21.375 291.889 431.695 20.619 160.520 228.265 15.976 2.763 328.329 16.970 444.284 385.007 19.532 131.607 338.644 17.137 404.878 228.025 17.073 418.320 76.660 13.381 187.681 131.439 20.356 331.063 394.642 22.200 121.110 447.633 20.252 325.421 143.964 16.728 45.425 172.642 16.758 410.422 122.395 12.338 272.102 462.259 19.464 180.159 259.864 18.863 24.763 2.603 16.536 5.047 432.258 16.516 157.717 482.626 21.057 29.633 215.755 15.727 267.583 350.130 20.883 244.607 498.464 18.135 16.790 177.080 14.711 172.851 215.475 15.432 243.994 153.506 19.116 93.546 31.300 19.489 499.032 481.097 15.997 122.758 263.824 18.326 141.535 265.483 17.751 355.519 62.263 16.975 407.856 98.049 10.971 456.739 209.300 17.934 401.730 56.021 12.984 185.453 351.381 18.954 393.312 234.719 17.374 216.869 155.700 18.393 498.409 59.359 15.043 448.979 2.654 14.968 47.683 86.455 18.836 282.250 288.931 16.712 63.433 372.372 12.966 40.452 411.805 14.156 44.686 244.404 17.880 42.445 13.661 17.697 8.411 167.267 16.117 475.509 210.307 18.668 348.248 262.161 17.035 300.933 19.054 18.140 25.291 6.120 17.280 255.974 179.129 17.030 294.690 388.907 21.907 270.212 429.038 21.747 400.510 0.055 17.222 206.247 32.027 20.109 328.979 382.949 23.468 454.140 289.730 19.443 250.704 336.220 20.007 435.349 423.727 16.623 299.401 462.432 20.660 457.588 476.098 16.296 320.321 289.583 14.878 264.139 482.323 18.214 252.135 467.265 20.022 418.018 104.463 11.044 161.796 424.381 20.031 273.883 44.549 19.589 274.630 129.516 18.800 99.910 238.658 16.306 484.593 400.939 14.631 103.969 476.429 19.412 214.954 47.685 21.370 498.884 383.894 15.487 262.776 476.244 19.137 427.250 488.890 16.451 308.198 340.429 21.405 168.604 394.531 19.782 75.144 480.876 18.225 272.053 365.786 21.669 244.726 242.297 18.001 75.609 97.864 18.979 286.770 407.166 22.180 64.944 80.011 19.665 379.910 102.820 12.422 239.621 245.866 18.323 169.146 191.096 15.419 419.404 436.938 18.476 48.025 177.922 15.666 419.080 239.659 18.683 447.009 92.209 11.344 348.450 324.086 18.531 310.131 421.334 20.819 122.883 438.432 21.247 115.314 388.648 15.405 304.638 469.585 20.825 21.805 177.414 15.067 257.348 354.279 20.693 465.344 94.156 10.927 80.045 461.086 17.375 117.765 214.408 15.872 209.365 184.871 16.193 254.093 432.530 20.845 343.895 498.225 20.660 194.581 493.879 19.175 274.029 391.522 20.695 99.208 371.839 14.892 292.148 396.137 22.098 227.857 73.128 20.427 142.130 412.187 17.962 354.425 13.015 20.185 358.433 130.227 14.593 309.289 315.012 18.250 161.635 59.093 21.680 38.736 288.817 17.222 428.799 122.943 11.965 174.047 16.563 20.668 445.005 409.362 17.179 66.790 475.936 16.711 131.758 493.047 19.917 438.275 223.751 18.375 332.986 233.992 16.068 140.866 190.258 14.974 241.247 172.546 17.375 471.064 386.742 17.323 447.879 115.689 11.331 435.918 456.568 17.644 97.128 451.993 19.442 237.072 153.755 18.980 39.424 5.620 17.392 45.482 61.202 17.510 233.250 338.952 20.348 241.742 105.315 21.708 67.552 307.659 18.298 492.541 434.612 15.445 365.737 315.260 19.027 15.592 174.857 15.622 16.122 388.829 15.255 499.766 345.609 19.025 342.876 334.131 19.401 388.942 241.335 16.876 88.948 10.218 20.909 298.459 457.741 20.535 57.528 209.270 14.620 85.404 154.774 18.707 113.707 437.056 19.235 242.077 498.942 17.764 373.868 290.921 17.666 101.685 469.056 18.947 458.101 32.222 14.083 369.899 388.688 21.900 406.008 210.251 16.569 105.210 212.081 16.777 30.119 493.408 16.553 282.336 428.020 22.110 225.090 161.033 17.376 462.182 38.655 13.966 217.609 207.753 16.846 79.878 138.778 18.732 185.943 339.984 18.090 296.206 206.260 18.669 302.126 111.196 18.240 10.404 31.618 15.021 38.227 246.006 17.072 429.056 42.858 14.053 172.519 227.337 16.259 452.806 130.748 11.648 320.263 488.893 20.357 91.658 463.093 18.689 326.902 424.709 21.618 97.400 362.804 14.362 313.870 499.764 21.209 313.640 79.315 17.134 30.946 332.621 17.234 158.608 297.136 20.363 497.058 436.730 15.096 144.998 84.478 23.993 287.663 215.973 17.674 100.826 185.601 17.099 311.354 368.847 22.888 27.907 278.913 19.082 133.765 33.123 22.187 387.961 55.088 14.846 164.743 345.604 17.888 425.013 104.510 10.957 321.378 283.422 14.959 468.756 245.717 19.721 375.362 284.761 17.061 314.572 7.879 20.065 495.814 362.898 16.012 130.632 303.707 19.608 104.783 363.581 16.218 362.678 462.654 21.314 374.228 72.368 13.765 26.118 356.775 15.833 415.724 194.544 16.280 62.350 358.917 14.244 129.934 90.425 21.877 272.622 7.403 18.066 248.163 413.090 20.926 174.753 251.372 17.922 437.470 210.110 16.704 251.300 442.841 20.747 416.720 333.335 18.733 117.078 463.143 20.368 99.918 343.808 17.110 196.661 230.275 17.203 406.775 294.842 18.601 491.706 32.247 14.995 20.272 409.557 14.705 198.496 477.091 21.455 213.079 300.765 19.484 280.981 453.122 20.134 424.751 31.707 14.262 232.088 350.596 20.729 62.847 36.363 20.430 182.464 369.079 18.381 217.573 309.206 19.978 371.568 303.640 18.273 126.499 37.426 21.537 76.766 329.840 18.928 422.170 457.558 18.470 317.869 395.431 22.778 262.598 69.391 20.226 391.674 200.933 15.321 62.868 469.811 16.921 337.973 415.219 23.160 362.929 253.349 17.802 184.939 171.970 15.597 295.241 241.004 16.892 223.385 498.003 19.920 231.663 302.842 19.643 254.825 11.170 18.676 363.091 0.254 20.055 2.135 174.849 15.263 255.830 400.455 20.603 15.434 165.042 16.789 475.938 99.044 12.176 235.237 347.104 21.436 313.360 135.267 18.017 327.034 179.187 16.869 397.053 253.871 18.523 40.061 69.033 17.639 418.972 499.397 16.007 24.554 174.422 16.314 292.913 43.577 18.490 60.306 341.160 15.282 2.502 492.684 16.281 235.045 96.241 20.950 233.094 399.863 22.792 186.348 36.351 20.996 87.419 141.018 18.313 344.911 165.320 15.586 302.088 263.709 15.108 291.735 368.719 22.027 217.862 236.972 18.296 6.099 154.243 15.587 366.046 332.085 19.693 278.115 307.393 18.547 320.374 352.055 22.115 112.658 66.706 22.009 442.740 147.093 12.149 159.537 97.367 23.191 185.127 192.326 15.246 476.729 222.487 19.955 51.093 474.225 16.204 150.108 416.417 18.517 235.888 140.611 21.254 192.497 222.095 16.559 93.202 394.999 14.793 328.184 436.927 20.646 50.136 359.423 13.186 419.642 370.525 20.543 416.787 185.485 15.659 100.865 158.957 19.005 499.365 419.231 15.146 245.155 458.773 19.633 194.720 245.288 17.656 472.914 31.043 14.948 52.054 363.500 13.567 158.124 183.296 15.425 442.078 54.332 13.207 455.232 385.074 17.756 338.258 266.077 15.837 118.039 270.272 18.367 218.369 364.625 21.616 18.137 149.020 14.884 279.927 82.210 20.558 276.394 403.907 21.338 379.991 370.749 22.873 14.547 162.503 15.569 158.006 309.229 18.783 67.314 289.094 17.935 69.454 11.465 19.611 92.147 328.071 18.693 209.090 256.595 19.616 8.039 171.663 16.107 318.977 499.092 21.686 499.384 122.289 14.111 66.222 184.855 17.342 221.151 184.263 16.354 383.351 499.081 19.314 280.969 470.481 20.770 369.564 415.166 20.654 8.483 401.443 14.574 176.309 155.394 17.988 6.830 248.848 20.909 329.733 475.084 21.188 319.207 256.131 17.373 310.961 49.694 19.059 315.958 171.096 17.099 80.985 429.962 15.729 416.743 431.964 18.533 456.529 333.173 18.617 228.954 321.994 19.835 177.438 188.123 16.542 471.202 494.551 14.996 203.729 432.308 23.588 471.957 228.704 20.213 470.417 449.884 16.736 354.440 332.784 20.337 370.552 378.063 22.829 464.714 440.731 15.987 455.797 365.641 19.175 385.392 158.112 14.564 229.988 413.683 22.709 41.217 128.605 15.049 3.147 44.558 14.598 256.399 474.889 19.397 380.051 69.957 13.936 76.275 492.886 19.045 253.506 356.793 21.503 228.310 186.609 17.797 239.502 60.231 21.712 95.031 470.159 18.751 88.696 99.474 21.697 466.224 24.406 14.420 150.582 270.414 17.931 495.396 141.568 15.276 33.543 457.972 15.316 495.562 304.182 19.724 11.918 0.661 16.221 443.425 320.529 18.925 16.016 204.573 15.596 164.893 419.931 20.584 482.372 66.693 13.028 89.998 166.712 18.096 259.191 173.584 16.529 312.558 365.064 21.785 49.278 382.690 13.158 346.788 13.014 19.441 111.671 94.680 21.823 239.640 394.639 22.028 489.864 228.823 20.471 314.699 254.100 16.640 84.234 278.840 18.826 159.504 69.833 21.750 358.501 476.935 22.426 205.402 316.997 18.902 375.787 67.440 14.005 454.749 481.542 15.668 301.651 253.360 15.996 119.801 136.619 21.048 480.773 383.116 16.765 203.325 324.708 19.664 81.182 458.239 18.516 168.091 240.613 17.764 144.682 0.294 18.646 470.091 265.680 19.913 149.297 400.884 17.993 371.457 210.586 17.165 414.024 351.786 21.410 469.614 322.313 18.463 18.874 93.253 16.244 187.082 438.692 22.635 4.470 405.108 15.427 290.703 299.062 18.525 404.235 4.285 15.239 49.841 29.901 19.031 313.999 32.762 19.523 28.125 488.350 16.629 207.067 0.710 20.637 194.676 117.570 22.030 31.039 383.218 13.450 223.141 93.907 21.951 255.535 279.249 18.825 396.275 155.284 14.423 46.677 202.963 14.336 3.116 333.716 16.841 339.671 314.815 17.732 445.388 397.178 18.223 424.160 296.471 18.922 443.224 136.108 12.931 447.105 338.404 18.912 368.526 420.961 22.074 298.145 73.262 19.028 257.513 408.290 19.753 1.939 155.052 15.236 464.039 67.180 12.564 468.914 334.569 18.947 486.469 309.375 18.820 264.697 74.434 19.778 281.015 130.419 19.508 252.489 345.884 20.517 205.550 477.873 20.305 453.311 18.248 13.983 307.530 414.564 22.175 439.156 303.107 19.369 279.167 44.107 18.840 59.916 374.439 11.852 338.049 212.539 17.377 498.004 229.305 19.415 184.646 134.070 19.888 402.721 116.616 11.677 98.817 119.914 21.764 6.708 340.783 17.072 229.733 17.482 19.367 489.259 119.065 13.096 26.209 322.078 17.610 369.053 270.434 17.141 418.973 253.197 17.923 357.920 32.143 18.291 248.591 38.016 19.611 107.526 405.305 16.445 471.342 368.162 18.792 5.748 307.228 18.343 145.215 407.099 17.299 164.449 308.984 20.246 50.219 269.133 17.926 469.446 434.034 15.435 7.973 79.821 14.037 195.162 481.839 21.437 339.813 430.176 23.453 208.766 206.870 16.861 420.923 228.081 18.620 320.260 145.437 15.771 208.663 486.856 18.790 230.568 55.683 21.441 61.929 256.463 17.629 109.797 426.073 17.821 481.568 222.082 19.544 313.691 278.689 15.645 462.595 123.969 11.789 8.130 357.432 17.067 344.621 48.762 17.619 253.409 422.012 20.789 328.613 187.978 17.570 430.404 75.747 12.306 257.917 493.535 19.005 49.893 140.948 16.228 225.501 213.844 17.496 152.062 468.720 21.796 474.635 48.781 13.768 362.546 91.149 13.476 328.540 35.924 18.709 419.452 67.211 13.392 378.471 496.112 20.536 92.862 72.163 19.797 451.466 475.133 17.112 393.997 54.169 13.306 50.308 61.402 18.489 496.850 43.690 14.751 104.536 308.490 17.751 72.636 18.288 18.962 299.132 401.200 21.794 180.179 377.669 18.442 388.906 216.052 16.151 96.999 81.656 21.409 6.906 455.104 15.459 156.411 255.154 17.618 317.522 191.795 17.020 72.600 464.146 16.870 202.024 13.048 20.083 408.823 129.413 12.209 283.910 320.919 20.877 140.307 479.494 19.525 273.054 270.075 15.640 141.984 277.230 19.161 66.337 340.086 15.895 243.072 81.229 20.755 166.466 93.266 23.130 51.963 419.514 15.211 289.569 308.031 19.068 295.965 124.470 17.873 451.022 0.010 13.991 104.266 140.433 21.315 49.642 0.519 17.301 187.762 125.288 20.591 477.214 177.513 15.240 475.910 198.353 17.929 47.608 105.843 16.629 116.224 253.884 17.420 290.296 211.267 17.513 71.286 235.297 16.017 21.864 372.050 15.495 115.780 98.685 22.515 339.769 197.875 16.468 130.816 159.511 17.543 272.141 234.697 17.017 106.962 345.657 16.413 441.886 37.094 14.095 287.402 486.355 18.724 174.088 145.761 19.638 14.120 209.642 17.474 162.651 288.840 17.882 323.050 7.497 21.822 211.105 67.458 21.798 388.165 437.075 19.689 183.692 259.884 18.956 473.881 421.053 15.439 72.096 155.883 18.787 286.889 167.458 17.772 291.846 476.548 19.765 486.439 112.339 12.865 456.908 499.589 13.721 361.622 456.117 20.564 151.764 348.810 17.444 18.166 11.997 16.793 412.605 7.291 16.289 6.254 123.317 13.800 83.585 390.239 13.852 439.301 140.637 12.248 240.943 319.349 20.203 120.541 469.063 19.913 229.630 363.114 22.966 448.923 480.557 16.263 48.516 253.857 17.505 132.948 6.137 19.964 259.255 24.901 19.140 329.994 469.681 21.363 96.403 261.306 18.242 399.476 234.557 17.553 10.670 288.821 20.816 448.417 160.259 14.692 360.466 36.351 17.994 490.594 304.169 19.148 385.143 357.209 21.460 426.108 84.270 12.634 23.037 481.642 15.905 170.519 134.760 20.853 10.592 1.140 17.170 276.510 143.742 19.459 426.476 308.387 20.243 43.227 347.173 14.763 184.299 480.391 21.057 49.910 260.626 17.829 105.168 451.945 20.147 44.510 112.029 16.189 338.812 154.154 15.579 279.746 499.227 18.858 309.933 100.618 18.107 0.758 281.870 21.242 167.819 265.950 18.266 445.339 160.066 14.060 259.075 271.279 16.092 175.822 135.196 20.922 490.825 487.577 16.818 117.975 438.973 20.065 245.406 414.026 20.428 453.876 386.466 18.457 288.921 463.121 20.290 485.973 136.337 13.176 159.942 450.139 20.967 470.352 179.805 14.679 44.397 394.569 14.548 17.038 337.323 15.645 220.524 271.640 21.022 167.734 174.252 15.898 304.816 172.342 16.845 6.728 5.845 15.853 457.120 122.483 12.725 11.917 253.204 21.982 80.261 215.755 16.349 71.248 258.516 17.243 272.582 124.126 20.274 426.372 393.983 19.686 365.430 29.709 18.520 486.200 228.427 20.543 241.118 383.172 22.175 194.405 370.156 20.283 282.368 363.072 21.366 376.419 290.985 18.114 484.197 327.876 18.142 201.427 35.283 20.245 0.146 1.247 16.276 417.552 475.883 16.103 226.724 343.253 20.048 74.983 8.680 20.274 351.262 166.221 15.689 342.791 475.125 22.199 307.878 389.227 22.715 186.865 240.177 17.309 119.586 247.240 17.745 50.561 0.315 17.346 134.241 272.355 18.195 151.930 406.974 18.604 103.308 412.090 17.231 298.010 98.387 18.282 440.630 360.770 19.287 89.107 185.322 17.236 465.027 377.642 17.648 277.228 66.175 20.041 412.490 84.586 11.731 92.807 100.088 21.819 79.945 176.002 18.098 147.724 388.737 17.008 203.403 138.387 20.868 458.817 228.327 18.855 187.926 402.229 20.904 239.288 457.957 19.872 3.042 18.699 16.104 382.371 228.541 15.375 346.048 326.600 18.798 453.692 186.392 16.276 47.356 227.031 16.439 138.182 86.024 23.180 261.406 176.695 16.722 172.706 443.636 21.890 333.592 377.093 23.184 409.925 295.075 18.188 352.694 474.272 21.279 131.940 346.014 17.169 80.230 273.453 17.708 125.396 133.628 20.461 297.952 209.277 17.918 86.814 290.117 18.493 233.662 494.590 18.682 482.307 406.842 14.974 478.222 265.115 21.202 417.943 455.221 17.920 7.872 127.649 14.492 230.033 104.954 21.283 132.758 233.672 16.979 105.671 152.872 20.095 259.841 456.258 19.451 6.720 2.382 15.630 8.872 488.732 15.049 428.091 226.030 16.995 37.862 136.793 14.786 316.238 294.508 16.509 469.048 470.366 16.390 368.931 350.192 21.135 70.952 333.904 17.586 197.218 54.707 21.406 287.198 422.239 21.225 280.481 265.239 15.554 299.377 480.003 19.807 164.567 10.979 20.767 14.254 141.851 14.852 381.295 210.785 16.295 372.752 382.950 22.414 339.587 280.015 14.464 408.561 17.699 15.465 412.483 454.368 18.035 68.318 209.829 14.323 301.945 1.339 18.964 35.690 129.827 14.945 441.410 209.390 16.727 437.141 75.545 11.268 314.853 68.711 19.100 491.046 93.570 13.954 257.021 489.005 18.018 432.557 203.302 17.083 128.202 48.526 22.307 322.747 408.770 23.718 487.908 332.160 18.041 159.436 322.461 18.809 459.292 407.994 16.018 8.444 370.094 15.921 268.326 278.482 17.112 138.904 115.771 22.473 3.262 74.865 14.303 476.153 33.638 14.555 280.558 277.837 16.069 0.174 161.214 15.557 428.325 63.377 13.247 392.649 495.635 18.061 189.334 215.742 15.455 161.827 237.327 17.444 436.361 25.219 13.459 31.665 397.795 13.743 460.256 499.724 13.316 170.660 399.715 18.846 239.699 150.173 19.055 277.958 316.060 19.070 483.253 18.595 15.471 7.507 7.945 16.923 270.236 156.223 18.467 289.802 233.822 18.150 48.315 323.574 15.933 1.538 387.404 15.968 156.329 462.313 21.323 87.940 470.758 18.136 143.272 165.962 16.581 253.177 384.802 20.932 200.522 236.382 17.754 223.617 304.136 18.328 12.512 232.692 19.037 211.669 200.691 17.405 212.886 425.896 22.512 208.057 295.807 21.680 418.578 98.726 11.643 9.635 165.456 15.850 299.058 323.114 20.021 34.427 449.645 15.014 74.070 174.467 18.169 166.498 30.201 20.321 95.288 61.940 20.430 489.635 495.832 15.555 79.493 67.107 19.136 340.886 258.982 17.717 442.408 468.830 16.189 2.591 105.650 13.491 27.100 7.254 17.380 401.738 164.425 15.234 31.039 406.558 14.447 297.662 136.644 16.621 398.900 483.361 17.005 419.603 464.306 17.350 18.280 253.301 19.921 254.821 304.175 18.614 185.914 205.361 14.299 73.832 414.436 15.147 446.525 190.818 17.351 309.720 445.215 20.976 164.350 335.328 18.818 357.407 81.484 14.574 234.455 375.286 22.666 359.096 43.698 17.069 30.864 483.333 15.475 493.140 5.895 15.014 467.481 111.030 11.904 331.324 229.014 15.705 44.194 208.546 13.785 141.127 123.559 22.288 105.962 197.856 17.005 32.983 160.675 16.005 51.616 124.632 16.842 36.677 159.703 16.112 211.107 475.030 20.743 104.580 271.430 18.966 331.909 247.762 17.430 456.548 6.222 13.720 73.065 376.062 12.607 375.677 270.713 18.108 330.654 214.958 17.438 311.041 52.665 20.191 428.487 223.779 18.056 310.742 220.888 17.811 393.371 369.729 21.953 434.249 127.770 12.954 172.366 487.160 20.559 23.428 487.300 16.054 355.230 289.169 17.442 14.991 426.881 15.452 385.645 463.215 19.784 153.320 498.258 19.147 95.347 258.197 17.516 386.460 444.469 19.783 445.661 413.450 16.933 7.740 363.733 17.083 360.306 62.668 15.648 415.677 279.923 17.402 198.881 286.709 21.542 295.906 359.154 21.573 1.296 336.104 17.063 122.207 189.250 17.126 407.877 376.531 20.878 66.429 425.216 15.782 89.305 60.391 20.105 324.532 474.504 21.179 91.495 387.929 14.978 2.445 365.019 16.366 148.807 43.676 22.389 440.033 288.707 19.085 91.353 216.514 16.439 73.637 497.073 20.293 383.912 96.370 12.612 445.151 270.501 18.513 237.582 253.531 18.944 113.884 142.316 21.048 95.362 36.881 20.730 344.961 448.489 21.655 30.154 116.989 15.148 274.486 250.680 15.125 83.350 184.627 17.982 462.217 346.181 18.816 129.113 131.438 21.300 347.515 85.251 14.245 367.941 98.424 13.290 6.446 420.279 15.688 255.804 313.431 20.537 108.383 171.099 17.914 395.879 486.837 17.858 385.471 87.270 13.422 53.356 115.405 16.024 272.953 428.740 20.950 344.210 425.358 22.398 484.272 123.037 13.076 17.433 298.185 19.201 160.856 18.939 20.135 402.398 194.234 16.058 224.697 253.503 20.191 73.064 387.697 12.957 329.381 358.180 22.141 2.381 352.672 16.133 436.848 406.628 18.629 447.125 168.828 13.960 262.564 412.392 20.359 309.390 462.539 21.087 419.144 117.891 12.180 338.515 107.724 16.388 378.612 246.719 17.638 342.142 320.785 18.255 93.251 69.320 20.716 381.117 254.839 18.363 398.055 4.687 17.500 199.709 6.511 20.685 357.486 147.377 13.993 480.238 481.621 17.002 186.462 62.659 21.878 299.330 487.650 19.475 358.737 350.328 21.606 204.646 85.319 21.697 419.375 129.273 12.532 289.648 145.711 18.060 340.478 26.054 18.155 252.466 492.492 18.204 333.879 330.438 19.574 244.111 463.742 18.859 73.487 276.829 18.037 104.874 203.067 16.966 434.263 242.237 17.825 337.129 55.253 18.010 10.890 103.755 13.734 385.300 482.141 18.430 43.495 498.650 17.058 104.340 180.910 18.165 154.038 97.225 22.596 411.042 345.976 20.560 379.087 309.320 19.671 405.588 308.961 19.319 164.291 495.316 20.244 428.070 475.222 16.712 310.888 406.771 21.324 23.346 24.442 16.303 435.934 37.757 12.637 106.462 338.438 17.203 11.362 49.410 15.045 62.165 284.553 17.682 347.352 134.526 15.239 76.322 22.668 19.136 460.590 43.548 13.695 86.914 19.033 19.593 182.967 30.618 20.618 466.645 298.127 19.736 95.304 493.051 18.834 416.664 425.785 18.828 79.715 122.378 18.176 162.655 143.168 20.504 314.717 149.631 17.302 416.906 394.327 21.049 261.671 420.240 21.785 489.853 352.196 17.442 491.342 0.207 14.488 116.902 300.789 18.714 249.706 81.079 20.781 448.344 356.554 19.177 127.868 348.152 17.080 492.268 56.707 14.516 244.864 301.120 18.916 269.221 395.827 21.317 46.343 17.926 17.737 368.089 83.213 12.862 408.580 424.288 18.389 482.976 351.006 19.242 281.575 93.083 20.964 483.762 474.977 16.689 352.721 495.357 21.404 169.977 99.334 21.850 42.001 216.019 15.790 138.781 320.326 18.455 8.801 47.340 14.715 21.300 29.929 16.369 252.520 183.126 16.301 398.878 124.685 12.311 446.733 30.422 13.331 428.554 368.139 20.034 286.352 469.002 19.819 131.266 455.659 21.130 291.358 73.049 20.559 440.218 167.023 13.715 121.081 345.794 17.555 484.643 291.733 20.004 486.249 190.046 14.924 106.902 233.163 15.394 354.544 122.446 14.193 171.520 122.666 23.331 361.134 160.898 15.067 349.620 18.071 18.633 340.604 326.807 17.945 259.550 245.884 17.729 121.624 5.948 20.496 58.913 198.210 14.642 4.179 12.387 16.840 341.689 172.909 15.549 79.979 341.749 16.734 331.112 234.894 17.691 247.271 305.464 20.178 361.636 368.685 23.443 198.570 451.693 22.394 409.265 92.617 11.176 232.073 261.615 20.047 161.829 437.005 20.423 156.033 178.102 16.581 108.410 103.392 21.901 457.510 493.000 13.294 174.245 6.033 19.719 146.391 321.892 18.915 30.152 17.591 16.727 146.736 36.768 21.759 155.961 414.330 20.150 148.656 203.576 15.535 245.835 333.091 19.384 452.497 78.962 11.000 307.469 321.432 19.718 291.773 469.959 21.283 259.835 112.056 19.994 98.153 389.056 13.550 84.638 299.661 18.569 6.461 86.434 13.631 213.429 262.131 20.961 377.616 366.558 23.729 421.186 42.465 13.667 104.946 287.877 18.915 137.955 74.421 22.972 166.384 478.542 20.862 263.505 43.276 19.580 444.330 230.141 18.868 243.346 439.221 20.841 114.510 86.624 21.665 108.136 368.237 15.783 460.436 172.033 15.533 92.806 365.490 15.351 495.787 147.915 14.189 407.300 371.705 20.261 433.797 103.572 10.575 385.736 56.224 13.212 157.535 129.842 21.652 109.715 278.184 18.192 455.053 136.509 11.455 121.315 25.232 20.743 159.217 413.397 19.293 452.428 264.831 17.490 297.860 118.381 18.099 149.416 233.734 15.721 317.030 301.062 17.237 83.929 331.461 18.373 352.821 159.468 14.384 61.126 87.079 18.216 438.623 252.931 18.469 222.587 214.353 17.233 342.321 479.915 21.892 7.909 190.745 14.580 102.882 48.760 21.745 281.369 402.352 20.891 277.730 240.557 17.275 66.533 137.423 17.120 408.823 339.337 21.262 58.302 431.318 15.971 5.811 346.763 16.662 272.923 68.085 20.324 399.196 471.823 18.444 3.141 475.665 15.292 258.406 321.577 19.354 171.115 77.296 22.310 475.390 81.226 10.145 296.748 420.941 20.867 53.584 316.884 17.076 395.483 276.940 18.589 453.312 253.381 19.620 405.206 199.714 15.726 361.559 247.264 18.406 254.453 162.913 17.748 233.742 220.807 16.882 310.226 258.845 17.246 129.529 316.326 18.453 5.842 209.194 16.165 381.073 376.503 21.712 408.402 278.156 17.555 339.917 180.050 16.367 481.500 37.313 14.646 294.654 155.546 18.636 339.473 322.975 19.285 144.860 145.859 19.282 374.154 6.029 20.567 486.292 166.599 16.116 128.945 278.598 18.980 313.511 204.107 17.568 3.193 154.472 15.448 399.280 321.611 20.291 126.500 24.745 21.178 167.581 499.973 21.048 416.532 222.836 16.709 164.352 369.331 16.849 90.405 495.137 19.741 221.551 99.297 21.798 387.301 284.404 17.831 454.356 321.481 18.283 375.630 32.035 17.071 309.449 11.458 20.137 231.110 476.746 19.136 428.927 469.756 16.969 394.394 128.449 13.222 185.841 313.782 19.912 492.070 449.455 14.770 278.618 350.264 21.041 411.036 208.834 15.919 156.837 365.566 17.889 138.290 330.975 18.072 498.305 278.557 22.116 105.237 395.328 15.035 416.567 272.108 18.404 29.556 467.504 14.995 142.555 55.148 22.079 44.960 360.167 13.136 346.878 5.073 20.635 214.797 213.849 17.163 64.222 231.981 16.026 140.578 129.642 21.150 425.194 382.752 21.582 193.323 144.057 18.460 112.725 481.668 19.797 133.975 57.490 22.690 449.970 123.019 12.050 410.033 34.938 13.998 164.600 86.492 22.792 307.716 25.602 18.657 383.585 110.557 12.573 157.582 86.503 22.885 442.912 455.847 17.176 261.635 199.810 16.261 5.835 172.280 16.358 288.503 370.804 22.240 324.923 149.739 15.357 84.664 488.419 19.720 352.160 426.909 22.259 230.457 91.550 21.957 286.466 450.536 19.446 102.769 456.004 19.922 422.883 199.791 16.749 445.479 462.427 16.971 387.802 400.220 21.034 299.062 173.702 17.859 197.809 23.975 19.691 377.537 160.229 13.504 401.057 201.501 16.115 194.227 467.836 22.563 192.608 189.967 15.173 39.943 80.921 17.183 287.773 254.498 15.732 246.116 431.075 20.696 188.247 277.382 19.975 439.398 425.773 16.875 404.628 468.096 17.174 475.019 74.353 11.591 400.759 170.820 16.477 215.840 357.067 20.980 471.109 155.636 13.448 487.016 388.748 16.305 337.011 491.916 21.728 335.579 381.504 24.340 452.389 413.444 16.687 358.418 18.468 19.322 357.857 261.734 16.774 4.536 461.931 15.067 40.003 418.027 14.993 216.313 222.277 17.329 240.226 233.891 18.041 259.966 295.840 18.715 443.861 49.872 13.044 47.677 56.023 18.045 484.076 257.953 20.245 325.349 31.382 18.978 211.400 242.078 17.580 303.032 272.645 16.186 399.942 359.445 21.644 39.530 346.874 16.381 303.504 433.705 20.136 192.198 21.764 19.241 249.835 424.230 20.910 108.789 240.549 16.198 354.252 84.862 14.424 143.962 242.397 17.144 312.210 216.668 17.420 360.353 7.290 20.460 443.957 196.088 16.776 89.514 221.433 15.452 440.398 276.669 17.876 470.937 105.240 12.901 289.847 24.935 18.197 9.977 425.127 15.741 293.309 261.854 15.649 120.430 494.701 19.702 279.087 256.939 15.528 195.036 159.799 17.175 488.539 278.373 21.135 123.677 43.463 22.157 52.453 288.975 17.590 305.527 316.965 18.575 483.914 104.414 11.981 158.957 53.994 22.420 231.443 255.068 19.644 391.979 282.973 19.153 448.254 111.357 11.052 114.402 7.979 19.433 55.896 472.051 17.100 304.033 148.385 17.770 12.111 98.172 14.257 378.162 122.637 13.387 278.447 160.826 18.153 146.011 123.598 21.316 489.854 67.775 14.289 116.933 156.640 19.510 109.660 497.635 20.328 374.514 51.039 15.972 410.212 105.736 11.767 187.826 295.588 20.950 216.724 177.661 17.367 149.789 351.528 17.199 182.588 284.641 21.937 373.256 24.866 18.408 126.397 162.582 17.690 112.530 295.748 18.600 322.977 197.085 18.227 182.087 334.225 18.565 337.450 84.768 15.012 130.415 228.135 16.483 224.693 130.394 21.713 303.121 5.569 18.989 384.079 326.980 20.644 433.260 327.184 18.072 488.611 381.703 17.451 60.273 81.456 18.925 348.570 247.923 17.338 149.566 0.172 19.850 499.206 123.596 12.599 105.623 433.585 18.754 78.050 265.972 18.475 213.263 377.205 22.335 4.032 203.421 15.735 259.887 36.071 19.486 484.325 1.741 15.098 125.638 322.139 17.868 153.303 290.530 20.130 298.422 474.819 21.042 360.400 441.894 21.813 181.206 486.237 21.465 429.769 495.010 16.264 413.885 148.202 12.677 32.906 4.729 17.485 195.383 457.174 22.128 12.062 283.884 21.731 167.723 476.527 20.880 436.522 429.894 17.710 7.069 494.883 16.753 38.191 456.320 15.485 469.181 209.655 19.612 330.415 196.610 18.290 387.225 61.968 13.238 228.494 282.940 20.276 185.835 475.313 21.316 7.648 382.677 14.265 195.468 218.068 16.778 446.934 152.899 12.924 191.121 264.457 19.190 306.524 121.674 17.676 337.360 241.271 17.099 483.957 362.249 19.103 473.660 234.233 20.595 355.433 179.776 15.468 247.423 197.662 16.322 488.274 97.970 12.068 10.055 417.376 15.198 329.517 431.390 21.039 57.624 85.608 19.194 277.237 122.120 19.978 276.894 276.818 16.212 255.396 141.756 18.799 261.148 357.046 20.846 291.131 98.709 19.894 239.753 295.582 19.229 26.100 245.553 18.217 97.755 351.422 16.432 415.735 117.324 12.401 380.722 413.203 20.803 470.783 21.379 15.959 81.421 60.977 20.169 369.355 286.915 16.857 27.559 69.405 15.331 143.280 66.519 22.072 486.928 154.077 14.414 339.133 301.338 17.391 335.419 134.721 15.793 30.114 228.588 16.878 227.548 259.860 19.605 138.304 308.048 18.406 108.989 271.149 17.678 59.822 203.874 14.773 381.276 24.230 17.164 39.968 437.028 16.609 1.557 199.413 16.005 246.299 383.489 21.617 395.656 450.044 19.372 161.100 32.219 21.758 338.636 384.577 22.788 319.853 199.399 17.593 245.291 451.869 20.116 38.719 393.494 13.996 226.987 146.208 19.628 389.957 40.859 15.721 232.082 463.051 21.933 63.927 209.692 14.665 495.678 111.463 11.615 170.087 457.480 22.254 355.416 248.967 17.588 420.037 37.993 12.798 387.693 90.283 12.146 305.646 254.902 17.134 475.818 408.712 14.648 431.959 9.812 15.006 311.228 284.324 16.272 210.012 335.283 19.424 301.233 69.043 19.675 198.831 252.676 19.197 282.635 247.481 19.851 337.787 92.784 18.309 341.912 467.329 25.153 113.069 150.622 22.803 134.899 171.778 21.257 248.509 389.883 25.898 485.756 14.815 19.136 183.845 184.437 19.188 496.449 240.975 25.574 200.201 439.023 27.175 174.484 327.981 20.902 291.696 321.013 24.336 133.996 61.351 26.598 262.181 216.337 21.925 414.184 232.864 22.683 124.500 164.821 20.782 396.728 81.142 17.015 474.976 109.932 17.402 347.215 493.532 25.625 40.464 402.491 18.650 101.255 409.213 20.230 199.847 104.707 26.413 477.027 387.802 20.184 410.124 438.991 22.945 338.000 5.415 24.817 416.025 17.037 18.359 50.202 172.831 20.179 408.218 1.715 20.203 90.208 239.882 18.686 485.088 315.948 22.347 467.846 384.075 21.474 140.979 283.770 23.878 493.512 345.040 21.758 120.760 160.679 21.370 344.111 145.393 18.437 163.745 185.957 20.318 22.655 438.406 19.127 178.242 315.346 24.031 65.034 92.733 22.269 495.171 312.748 21.941 457.442 68.152 15.479 161.711 339.458 22.249 109.658 318.682 21.372 63.565 110.127 21.950 5.007 148.497 19.456 199.911 44.938 24.870 38.773 260.477 22.181 291.404 56.666 24.314 203.581 401.168 25.020 293.772 2.238 22.115 232.505 487.722 22.275 139.244 111.874 26.164 118.003 81.289 26.192 446.520 287.505 23.202 184.035 383.462 24.212 450.648 50.042 16.518 150.692 395.679 21.424 285.533 273.795 19.833 382.948 117.551 17.339 214.726 345.430 25.706 206.270 155.247 22.963 298.428 259.020 20.857 334.503 306.843 21.314 329.019 456.832 25.219 65.898 463.942 21.234 401.274 363.873 25.413 286.844 116.968 23.538 341.580 43.336 22.568 177.240 482.233 25.051 488.315 455.572 20.330 86.599 340.479 21.134 379.463 284.171 21.680 321.180 215.570 20.603 118.177 450.606 24.313 149.057 314.333 22.724 254.256 480.134 22.818 374.639 356.421 27.415 463.876 161.233 18.897 342.807 247.649 22.358 18.207 134.574 18.674 144.158 25.058 24.508 197.117 174.619 20.576 412.249 376.714 24.732 74.408 363.904 17.855 417.299 420.200 22.900 33.789 228.076 20.346 325.448 413.406 26.567 247.768 192.101 19.871 409.817 240.732 23.001 378.882 6.790 23.624 355.671 371.931 27.683 154.946 483.455 23.553 284.855 48.212 23.380 216.466 189.914 20.480 190.944 357.552 23.579 318.542 472.643 24.804 308.995 163.180 22.105 133.561 321.485 22.638 87.327 161.617 23.532 480.436 278.403 26.003 72.324 407.028 17.757 456.232 38.846 18.477 217.480 316.356 25.085 442.243 414.458 21.759 147.686 179.071 19.416 375.587 226.133 20.017 452.031 468.239 22.037 101.072 198.668 20.967 163.816 285.454 21.834 41.488 265.756 21.959 153.959 487.992 24.186 487.505 408.174 18.858 276.507 295.091 20.608 481.264 283.103 24.482 26.258 442.937 18.429 172.904 418.643 25.106 146.935 335.330 22.210 467.645 1.116 18.512 242.400 221.204 20.885 187.323 169.055 20.074 321.060 293.526 20.243 314.123 438.178 24.656 327.000 88.369 21.876 1.444 498.465 19.973 289.991 443.548 23.828 89.549 444.685 22.371 99.636 419.495 19.988 124.893 116.822 27.310 122.582 388.538 19.748 197.276 36.470 25.204 20.991 248.107 22.760 204.971 67.596 26.071 278.433 387.360 26.234 22.088 262.435 24.552 347.755 124.596 19.257 307.652 80.929 23.084 53.184 167.075 21.607 197.821 265.394 23.737 285.823 25.055 22.842 244.785 488.479 22.874 233.797 198.095 20.833 222.938 351.982 26.609 278.099 48.601 24.166 59.001 407.930 17.760 392.446 4.884 22.103 174.724 402.453 24.455 172.397 425.934 25.387 234.827 382.802 25.342 414.784 241.612 21.378 172.496 245.935 22.337 82.577 382.479 17.281 373.735 493.993 24.639 270.542 457.082 24.929 143.693 464.075 23.947 230.362 312.632 24.567 136.094 128.750 24.965 38.655 149.851 18.844 205.161 352.735 25.156 97.327 93.422 24.541 191.536 56.063 24.911 350.405 438.750 26.479 224.436 204.440 20.780 385.269 296.558 22.745 288.954 279.290 20.919 215.302 38.170 24.569 111.255 470.621 24.080 96.553 11.926 23.495 438.797 319.209 22.479 133.518 296.958 23.366 408.854 155.179 17.329 445.371 185.227 21.679 44.782 71.858 21.043 471.675 216.049 23.607 232.692 287.768 23.041 97.558 5.975 23.542 299.947 109.544 22.548 195.238 284.973 25.705 185.417 140.079 23.509 51.937 37.447 21.971 25.037 155.338 19.196 97.371 105.479 25.230 307.370 333.195 24.714 117.310 106.924 26.520 496.427 186.563 18.036 343.491 268.165 21.797 125.573 497.468 23.353 191.670 31.314 25.303 371.716 462.645 25.436 429.809 192.011 20.675 295.233 353.159 26.076 490.914 166.353 19.197 263.749 212.222 20.349 440.034 351.576 23.242 115.806 48.849 25.918 18.844 106.828 17.536 1.183 240.219 23.943 7.024 478.426 19.746 272.018 404.892 25.719 29.129 80.773 19.040 269.507 474.617 23.966 74.311 357.358 20.005 228.415 481.731 23.161 240.101 282.728 22.772 80.376 285.475 22.668 0.373 149.689 19.261 211.942 252.342 23.647 9.919 264.203 24.935 48.187 426.070 20.174 459.839 278.514 22.051 262.513 448.586 24.609 266.518 123.344 23.297 362.688 278.616 20.992 472.781 428.643 19.730 374.629 471.255 23.921 235.843 159.360 22.075 77.040 115.357 22.708 155.654 265.886 21.559 244.025 234.690 22.287 293.292 216.140 22.075 310.430 328.276 23.682 85.678 178.574 22.087 461.467 84.244 15.203 3.597 226.550 21.373 108.016 74.131 26.106 288.700 188.552 22.274 189.160 272.564 24.405 402.937 302.665 22.394 190.261 136.767 24.326 490.259 79.699 18.097 376.801 92.883 17.566 405.813 299.667 23.159 79.187 453.554 21.028 170.008 431.492 26.476 207.592 343.991 24.655 398.291 158.874 18.617 208.422 11.671 24.490 324.477 302.441 20.755 2.210 16.656 21.667 237.332 362.473 25.530 416.672 210.711 19.657 249.607 251.424 22.076 498.610 86.531 16.975 259.721 242.851 20.713 451.777 402.212 22.248 184.871 265.465 23.960 80.094 204.080 20.703 294.225 167.433 22.804 67.335 217.316 19.836 328.978 401.644 28.133 75.640 430.097 20.010 376.231 165.106 18.319 167.686 230.540 20.562 435.377 145.812 17.714 243.837 19.180 23.107 357.595 412.982 25.415 235.010 50.564 24.058 220.152 25.730 24.561 346.746 159.992 18.140 40.713 104.752 20.467 108.311 482.996 23.602 108.366 299.748 23.497 121.918 124.393 26.302 8.760 487.977 19.629 485.228 439.768 19.196 369.992 16.785 23.028 45.732 338.874 19.267 305.927 86.504 22.690 22.324 240.590 23.028 112.329 315.043 21.681 180.902 103.583 26.891 273.108 297.805 22.312 247.423 26.362 23.466 202.640 25.612 23.645 235.897 215.541 21.142 359.270 408.290 26.189 239.768 31.183 23.396 340.888 446.470 25.923 0.135 332.812 20.882 39.011 153.485 19.078 142.872 426.416 23.000 496.377 30.976 20.641 411.132 319.661 22.059 445.858 366.510 24.005 449.843 370.585 22.985 249.481 462.106 22.777 458.254 290.551 23.488 288.027 66.666 23.890 247.673 283.590 22.778 350.823 315.837 22.642 92.896 290.849 22.802 325.932 166.371 20.206 425.937 209.149 20.846 212.094 305.634 24.591 387.322 95.454 15.380 329.242 334.465 23.340 434.674 265.389 22.565 206.083 188.664 20.414 1.994 10.633 21.178 431.510 340.202 23.644 411.352 220.494 21.177 205.431 463.485 25.372 247.252 161.502 21.740 35.454 213.245 18.934 103.659 400.941 20.222 180.486 117.079 26.535 497.469 192.840 18.782 177.036 38.587 25.467 211.480 350.891 24.637 242.818 326.379 24.023 456.903 438.875 20.661 120.931 86.361 25.982 250.495 179.626 19.967 364.488 287.399 21.896 232.922 239.942 23.071 79.127 241.482 18.749 382.383 30.078 22.056 99.832 431.104 21.959 134.665 308.785 22.135 294.838 228.964 21.680 53.815 264.975 21.120 197.562 75.493 26.699 367.394 76.540 18.183 68.831 185.335 20.366 260.001 470.669 23.782 54.762 241.134 20.587 153.148 201.776 19.753 367.142 367.867 26.645 110.247 334.704 20.023 366.637 227.633 20.958 200.629 359.304 24.238 471.690 61.576 17.492 11.002 300.938 23.475 76.871 124.450 21.346 64.161 346.376 19.623 419.019 5.291 19.288 397.278 246.132 23.136 341.362 356.715 25.989 128.597 18.692 24.682 345.195 52.932 21.138 238.509 467.541 23.482 179.456 82.013 25.453 1.392 247.017 24.623 282.374 464.187 24.278 326.453 155.817 19.610 434.807 252.041 22.551 195.348 78.272 26.066 304.016 49.860 24.175 314.438 488.416 24.489 431.309 480.927 20.512 400.939 394.422 24.339 120.497 110.600 27.215 88.044 335.231 21.622 182.165 11.673 24.906 223.975 80.290 25.650 208.706 25.070 23.773 263.842 164.822 21.165 149.918 26.534 24.999 392.593 222.620 21.145 411.768 333.461 24.495 152.041 326.365 23.387 189.864 196.462 19.025 41.790 381.272 17.512 390.885 17.792 19.278 294.068 144.149 22.875 177.181 433.355 25.549 166.519 438.732 25.085 156.386 375.317 21.433 19.156 393.359 19.000 316.700 118.421 22.153 196.555 111.483 26.232 176.904 198.574 19.970 162.081 326.557 22.948 192.904 305.058 23.907 10.642 18.363 20.929 370.803 155.030 17.112 4.689 257.768 24.865 165.726 174.618 20.198 85.501 474.232 22.837 211.376 364.091 25.806 78.992 414.107 18.786 441.863 481.441 20.163 477.123 156.217 17.789 86.581 200.220 20.755 403.907 404.846 24.936 283.697 36.691 23.019 123.042 106.812 26.977 306.720 248.583 20.535 207.736 41.662 26.132 442.865 346.150 23.389 147.086 302.361 24.043 423.817 123.465 15.727 220.561 12.968 24.603 159.055 444.174 25.422 323.820 7.170 24.934 380.211 294.647 22.763 139.166 244.555 21.936 263.915 154.157 23.035 71.960 100.534 23.386 134.822 20.097 25.094 39.463 56.898 21.004 225.705 276.652 24.435 82.290 470.344 21.851 414.225 228.678 22.766 95.814 86.340 25.298 242.715 476.354 22.549 163.521 387.585 21.317 118.337 17.320 24.117 313.790 189.621 21.811 150.309 255.898 21.466 322.066 260.083 20.460 330.006 219.923 20.753 111.612 292.536 22.063 399.091 38.083 17.101 224.736 153.933 22.979 321.364 62.282 21.786 368.045 199.450 19.594 1.967 116.628 17.790 490.422 271.636 26.413 37.835 211.346 20.139 144.733 142.590 23.401 107.464 136.836 25.156 420.496 277.634 21.098 462.506 200.998 21.568 304.739 420.941 24.936 186.257 5.638 23.269 56.525 160.864 21.302 59.702 18.340 22.682 98.259 228.440 19.185 182.638 70.927 24.586 206.565 242.432 22.327 173.575 438.939 25.396 198.294 279.526 24.274 296.020 426.261 24.929 382.090 130.421 17.101 220.397 101.898 26.325 308.267 308.131 23.654 9.381 315.901 22.824 134.727 450.118 24.854 473.865 168.859 19.015 322.545 31.169 23.173 492.639 444.315 19.420 47.671 117.685 19.360 210.886 449.626 26.904 321.776 326.189 23.366 198.142 118.054 26.435 410.357 194.322 20.231 53.166 177.232 19.239 122.130 49.823 27.095 60.740 106.159 21.186 198.694 201.070 19.487 4.095 449.492 19.154 25.972 61.015 20.765 294.932 4.662 22.547 404.983 134.344 17.542 79.995 144.544 22.579 283.315 173.981 21.535 20.490 499.833 20.255 151.801 258.686 22.134 295.618 18.045 21.889 468.864 357.494 23.467 233.889 357.801 25.978 279.818 167.640 21.587 366.545 3.686 24.126 83.375 93.000 24.120 18.106 187.807 18.909 89.626 287.849 22.226 119.127 446.171 24.733 111.034 18.583 24.655 181.085 338.508 22.465 437.876 195.991 21.223 242.421 309.075 24.121 369.738 33.596 21.888 23.525 228.000 21.128 107.436 342.235 20.962 242.534 201.955 20.046 0.799 487.738 20.260 445.884 388.396 23.346 436.367 386.186 24.418 56.583 256.975 21.493 300.765 279.297 19.416 499.632 234.729 24.302 109.657 383.111 19.171 101.158 18.067 24.715 70.616 492.424 23.430 86.041 293.971 23.207 411.422 186.511 19.555 353.864 320.305 22.899 202.753 168.020 21.877 131.883 98.456 26.737 144.695 112.885 25.939 56.835 459.582 20.825 102.308 304.645 23.315 476.503 359.249 22.406 39.155 37.415 20.339 86.409 439.494 21.785 12.898 481.343 20.546 348.733 210.367 21.891 73.782 295.962 22.534 4.352 284.935 25.286 2.361 400.933 18.645 242.919 424.901 24.072 325.119 399.161 27.398 9.369 190.391 18.727 432.916 180.252 20.622 222.140 481.535 23.450 190.487 260.035 22.937 325.877 463.783 24.344 279.525 109.466 23.349 436.936 442.503 21.052 112.150 328.837 20.322 116.617 241.085 19.738 197.481 394.464 24.742 183.470 295.678 25.030 165.469 359.959 21.868 302.419 54.831 24.373 69.228 457.403 19.662 56.216 75.431 22.557 357.761 388.353 27.533 439.934 19.094 17.640 340.527 499.952 25.547 32.886 291.773 21.414 348.778 479.575 25.906 337.685 185.780 20.765 7.587 39.290 19.225 243.311 341.099 24.451 98.231 265.357 22.847 113.940 74.475 25.044 228.060 302.711 22.307 364.719 427.925 24.642 404.347 272.167 21.440 206.470 340.782 24.365 82.883 445.502 22.443 275.306 4.289 21.920 9.389 91.199 19.159 301.230 226.383 22.098 304.938 302.457 22.429 337.768 252.763 21.244 490.207 265.465 26.435 63.224 456.300 20.076 122.488 317.231 22.344 226.009 282.226 24.286 355.376 226.051 21.949 395.549 140.252 16.682 219.561 257.973 23.851 10.475 28.978 20.738 326.385 339.777 25.248 9.311 154.655 19.388 20.801 142.405 18.929 270.718 46.379 23.404 475.610 499.022 19.076 295.527 365.749 26.603 471.945 2.180 19.182 316.420 457.119 24.961 305.626 187.032 21.742 498.185 37.525 19.979 443.156 113.971 16.107 81.898 494.287 23.996 455.816 105.828 15.434 2.369 469.344 19.861 98.917 66.303 25.013 184.844 124.777 26.053 102.226 360.879 19.677 90.881 116.614 24.580 447.846 363.149 22.788 311.617 114.527 21.706 74.624 236.962 20.261 218.420 261.941 24.526 423.220 38.106 17.252 495.586 105.943 16.813 196.532 411.909 24.926 99.142 487.413 24.028 138.653 135.573 25.223 345.744 376.550 28.225 423.516 358.665 24.221 456.162 271.665 22.275 365.273 13.010 23.806 239.979 180.957 20.709 485.369 338.557 22.392 462.115 62.089 16.462 467.995 307.622 24.171 399.340 493.829 20.836 224.426 339.383 24.252 72.967 180.160 21.395 319.421 92.513 20.957 45.522 36.643 21.690 126.300 277.752 23.183 385.958 495.168 23.245 113.901 37.802 25.233 200.860 141.774 22.967 295.299 402.617 25.921 172.785 408.820 23.890 339.463 79.907 19.189 367.443 210.586 20.098 167.160 142.554 23.825 370.370 451.783 25.262 256.290 439.938 24.575 143.602 492.794 22.602 265.203 418.319 25.620 84.400 424.846 19.393 12.911 320.071 22.761 496.232 166.482 20.244 371.166 488.328 24.173 283.800 301.634 22.061 7.428 339.707 21.156 10.983 229.345 21.750 278.771 343.765 25.083 99.593 216.010 20.035 462.820 25.020 19.118 76.261 354.634 18.815 126.417 221.908 20.819 267.315 392.635 25.391 249.679 119.216 24.636 390.155 487.364 22.535 476.894 36.887 18.387 155.712 325.998 23.057 486.547 319.583 22.117 78.502 288.823 21.471 79.419 43.056 23.946 235.837 327.642 24.169 186.126 461.633 25.139 70.978 381.533 17.010 279.139 325.369 24.438 157.839 0.998 22.305 300.301 376.956 26.499 287.940 196.773 21.486 497.594 234.898 25.070 57.421 99.979 21.174 327.211 263.671 20.911 438.395 79.737 15.971 365.104 268.216 21.472 26.753 136.658 19.318 448.644 14.810 17.991 494.020 6.162 19.233 207.002 479.047 24.156 386.469 169.942 18.919 67.774 104.262 22.367 205.154 266.501 23.989 138.554 492.401 23.766 269.981 141.249 22.868 259.779 148.803 22.375 48.015 470.877 19.433 215.177 230.655 20.665 301.158 103.017 22.233 225.304 314.063 23.338 5.134 85.322 18.017 401.196 277.606 22.218 116.197 322.001 21.276 160.366 155.553 22.487 499.663 321.295 21.575 252.410 498.269 21.940 485.332 462.121 21.006 445.505 253.808 23.035 79.068 106.381 23.574 207.811 470.510 25.295 405.574 419.277 24.343 320.383 495.115 24.948 254.562 199.793 20.318 166.591 130.362 25.444 50.030 481.398 21.154 18.983 334.099 21.898 424.903 260.167 22.257 94.206 458.277 23.328 6.811 48.373 18.384 389.120 475.200 23.261 135.546 326.940 22.789 303.827 331.873 24.112 42.125 253.967 21.967 94.143 310.491 22.694 113.250 406.285 20.645 20.764 192.033 18.271 163.227 116.528 25.785 402.567 18.028 19.901 208.693 287.539 25.475 359.857 383.489 27.127 431.111 148.815 17.594 69.760 314.341 22.428 316.731 99.001 21.708 170.331 356.084 21.086 238.005 401.735 24.551 321.778 40.103 22.205 423.874 344.547 22.790 70.291 297.923 21.741 367.116 309.658 22.055 8.356 353.557 20.535 78.586 252.530 20.940 87.605 381.399 18.342 412.317 446.318 22.255 446.836 247.767 22.478 269.294 400.705 26.741 262.336 114.968 24.124 8.686 118.914 16.756 212.446 154.323 21.921 452.782 463.705 21.054 224.222 210.637 20.685 264.983 457.158 23.564 195.475 323.652 23.736 257.067 266.600 20.554 394.945 18.102 19.361 138.230 173.887 19.194 72.858 93.416 22.400 497.646 376.139 19.424 398.451 134.857 15.810 160.359 454.988 25.821 449.031 185.659 19.940 403.429 220.847 19.291 259.939 332.314 24.257 138.788 395.025 19.758 52.273 6.133 21.372 6.381 224.246 21.392 183.182 52.687 25.276 92.583 197.484 21.553 373.673 246.712 20.417 121.417 396.294 19.633 251.670 292.986 22.516 425.813 116.480 14.930 350.336 171.999 18.056 280.387 11.909 22.113 114.367 173.884 21.089 352.078 415.002 25.548 165.084 99.833 26.022 218.352 321.322 23.297 72.762 264.796 21.499 63.596 149.969 21.984 361.419 498.788 24.229 198.935 270.023 23.827 388.283 314.602 24.063 72.955 339.338 20.892 455.234 358.934 23.399 58.898 265.136 20.688 344.523 399.414 26.882 323.241 443.091 23.552 189.693 99.312 26.983 252.897 407.187 24.376 180.932 419.633 25.031 272.565 451.023 23.678 37.702 360.829 18.505 414.332 314.559 22.513 403.285 140.574 16.027 55.425 352.305 16.946 64.331 487.077 22.552 287.607 229.359 21.659 192.014 462.503 25.793 289.807 173.375 21.397 102.750 57.833 25.085 412.475 199.461 20.146 306.366 350.500 23.797 421.415 13.700 19.036 446.372 450.205 20.408 447.680 284.450 22.467 122.888 8.824 23.318 485.166 141.448 17.722 166.888 389.193 21.622 301.514 349.899 24.307 449.627 384.881 22.223 291.084 159.360 22.184 26.184 252.935 21.498 110.050 306.770 22.253 402.776 265.618 21.480 263.795 308.279 21.379 63.497 97.572 20.779 473.503 381.572 21.662 134.758 144.158 22.562 278.371 283.014 20.360 83.489 123.633 22.371 290.300 438.510 23.692 55.186 141.419 20.732 440.521 154.828 16.163 455.075 118.740 15.975 259.540 284.717 21.846 364.924 297.696 20.949 252.812 26.603 23.187 157.329 76.090 26.024 175.564 168.598 19.762 492.738 246.176 24.459 259.917 223.754 21.295 119.602 173.230 20.500 330.036 481.828 25.218 154.327 156.429 21.211 313.529 177.369 21.239 108.082 146.433 23.412 70.396 36.259 23.445 176.063 297.837 23.813 415.786 343.994 23.750 257.249 19.045 21.915 373.722 177.030 18.403 464.730 267.016 23.187 474.494 468.870 19.528 446.880 79.432 13.611 83.417 197.098 21.154 464.915 364.096 22.354 255.586 365.221 25.469 182.818 92.129 24.646 25.348 273.012 23.653 74.211 336.009 21.245 209.595 141.258 22.958 410.893 205.047 19.688 300.356 203.806 20.810 282.177 338.845 23.560 55.793 357.282 18.139 70.512 271.347 20.693 314.843 370.461 25.318 7.410 333.561 20.831 384.913 320.183 24.024 292.257 85.925 22.899 338.701 32.072 22.618 250.072 351.790 24.163 372.552 319.236 22.627 439.450 28.608 16.995 226.061 402.923 26.479 226.701 67.983 24.367 307.578 105.809 21.158 210.673 5.724 23.496 350.788 333.106 23.870 459.306 426.026 20.067 320.410 104.602 20.337 421.302 413.294 23.024 1.991 109.434 16.808 280.845 431.058 24.587 434.805 90.920 14.175 69.688 189.543 19.201 287.897 42.851 23.039 384.833 148.466 18.510 488.094 279.489 25.790 7.336 319.653 21.891 326.015 350.467 26.288 209.961 385.509 25.405 310.519 172.314 19.683 36.844 332.140 21.363 396.708 474.409 21.831 201.331 478.971 24.099 427.620 296.702 22.484 20.066 308.473 21.976 266.190 274.215 20.021 16.554 17.320 20.150 140.109 446.430 25.304 313.860 249.585 20.621 433.386 55.508 17.191 189.287 420.269 26.778 246.208 253.303 21.480 215.902 299.043 23.111 492.995 480.350 20.178 415.213 338.167 21.932 492.854 334.705 20.416 253.711 259.621 21.332 288.396 266.569 19.137 149.213 141.678 23.269 63.519 494.397 22.604 132.179 245.784 21.081 271.458 491.590 22.109 467.637 87.651 15.915 53.712 276.331 21.197 349.898 120.429 17.444 180.568 179.831 18.878 23.124 187.041 18.624 109.663 389.374 18.887 284.394 409.873 24.997 320.522 361.738 26.114 131.173 264.103 21.812 157.155 38.759 24.692 232.257 191.794 19.868 384.287 291.643 21.506 176.452 283.814 23.989 114.924 282.547 21.714 5.643 467.729 18.343 118.415 339.925 19.696 76.699 454.824 19.825 403.880 160.993 17.085 16.350 304.005 22.771 477.284 229.597 23.225 70.040 370.308 16.281 446.443 436.417 19.687 196.252 235.021 21.448 165.357 396.624 22.630 5.909 196.510 18.386 260.195 181.137 19.641 450.257 147.140 15.447 121.031 306.033 21.928 19.832 131.161 17.827 336.541 37.642 22.615 136.839 204.333 20.052 31.983 136.172 19.348 84.872 274.225 21.808 48.078 165.230 20.417 468.809 342.284 22.328 313.508 265.747 18.846 178.561 4.443 23.335 368.139 123.376 17.984 118.545 99.347 25.579 270.229 246.143 20.812 114.885 221.532 19.174 202.092 371.515 25.025 268.171 361.779 23.832 499.431 270.867 24.722 266.024 414.604 25.090 194.687 12.366 22.797 127.906 7.920 25.073 160.117 246.654 21.757 423.048 79.885 16.130 35.345 388.725 16.610 156.076 164.612 20.898 480.892 321.805 21.868 418.322 321.248 23.021 187.014 487.987 23.916 256.205 81.246 23.572 192.376 299.039 25.757 180.673 1.094 22.733 473.345 12.294 18.235 492.252 154.050 17.648 16.990 29.212 19.859 123.064 179.026 19.439 389.476 456.913 23.882 48.440 290.176 21.193 259.733 7.145 22.179 200.962 418.100 25.326 52.088 339.769 19.049 187.778 306.961 24.928 236.523 335.372 23.391 474.563 148.618 16.616 267.121 17.987 22.444 397.312 175.117 18.824 370.327 68.495 18.062 356.550 55.097 19.875 429.755 358.341 22.146 398.543 431.775 22.991 426.380 142.336 17.181 15.885 153.196 17.567 456.916 110.194 14.926 497.037 36.867 18.704 191.133 287.863 25.590 222.168 394.002 25.424 62.781 331.770 20.637 358.902 449.547 24.611 159.507 368.953 21.346 65.771 309.505 21.303 358.038 95.707 17.647 309.675 470.658 25.006 0.812 406.807 19.086 101.907 210.289 19.213 5.106 247.156 24.815 421.974 267.229 21.927 91.066 54.300 23.976 367.354 384.640 25.967 98.140 474.703 21.840 307.101 191.625 21.028 438.663 45.109 16.383 94.777 211.724 19.401 104.791 461.383 22.072 480.736 25.583 18.751 493.695 408.819 18.656 431.562 363.221 23.178 218.323 426.815 25.685 271.126 85.692 22.486 86.681 462.320 22.169 462.373 136.389 15.699 239.944 161.447 22.425 292.588 197.951 20.833 484.354 214.534 23.382 468.324 346.134 22.690 440.650 105.158 15.840 58.778 7.555 22.485 255.183 67.670 24.486 60.485 462.539 20.336 384.601 41.134 19.052 270.925 79.739 23.339 92.414 5.962 23.816 300.948 288.987 20.619 472.986 78.491 14.866 97.187 30.900 23.060 6.646 344.514 20.716 473.235 134.524 15.248 401.903 230.450 19.892 208.167 432.081 26.993 190.477 228.426 21.113 497.201 214.872 22.275 227.891 98.459 24.840 385.467 456.070 22.907 392.530 48.444 16.913 325.299 227.027 20.588 12.623 148.738 17.207 139.514 344.672 21.302 338.071 451.686 25.693 48.801 214.101 18.735 285.776 476.561 24.266 424.953 111.921 14.980 263.835 92.401 24.066 11.519 367.890 19.571 294.747 181.128 20.780 426.191 398.341 23.411 314.665 390.348 26.431 146.951 135.579 23.688 87.487 402.622 18.374 52.832 485.845 20.348 12.821 455.699 18.229 378.651 275.987 21.906 57.271 135.962 19.426 363.050 475.467 23.504 484.335 115.828 15.132 164.166 122.828 26.734 99.745 279.127 21.858 7.443 180.482 19.257 319.797 460.653 24.043 147.085 190.687 19.013 245.894 87.133 23.621 216.656 161.207 20.830 3.673 67.149 17.584 120.871 219.971 20.671 38.997 492.557 20.557 179.462 419.670 24.272 455.443 419.908 19.413 303.016 455.837 24.948 479.459 234.576 24.089 134.144 10.858 23.918 341.295 298.371 18.902 456.840 142.396 15.270 228.637 443.361 23.804 357.343 202.753 20.073 251.011 266.131 21.673 282.625 477.050 22.601 99.365 189.794 21.413 175.025 241.819 22.120 274.825 359.499 23.683 11.937 339.053 20.976 462.858 221.588 22.624 459.712 80.059 13.699 415.599 401.123 23.528 299.079 406.605 25.506 6.137 122.983 16.743 33.098 499.988 20.050 354.608 36.624 22.388 1.164 326.124 20.789 7.161 211.418 20.970 33.657 461.185 18.965 306.794 203.053 21.302 57.781 185.278 18.964 364.028 221.256 19.743 332.144 489.485 24.429 253.392 377.283 25.431 195.367 335.351 22.460 395.493 352.972 24.468 59.177 387.803 16.350 328.573 242.698 20.385 366.243 341.699 24.795 218.100 79.137 25.463 440.235 315.741 22.897 262.150 266.997 19.874 266.111 222.392 21.483 455.436 148.151 15.377 219.407 487.970 21.601 196.046 195.572 18.493 463.663 17.817 17.840 26.660 162.417 19.341 299.917 179.281 21.881 396.373 290.427 21.462 497.518 203.324 20.240 232.967 12.671 22.437 360.364 322.524 22.311 202.099 2.292 24.062 273.438 78.691 25.262 150.059 116.091 26.095 494.460 397.707 18.745 313.337 424.873 25.078 344.705 144.658 18.576 491.529 306.464 23.033 390.858 115.757 16.212 207.232 93.235 25.780 464.069 289.590 23.735 39.149 24.405 21.169 247.189 393.219 25.718 106.605 239.999 19.323 358.685 342.000 24.795 292.143 358.495 25.164 215.054 480.645 23.091 120.772 75.084 25.960 384.466 259.541 22.253 205.755 140.465 24.284 81.205 234.857 18.805 255.490 204.045 19.000 433.065 291.031 21.829 63.671 49.634 22.051 84.723 0.209 24.188 448.849 42.674 16.612 411.879 112.357 14.789 252.938 272.433 21.465 18.244 88.048 19.436 111.565 394.782 18.881 4.793 445.737 18.937 346.527 129.192 19.292 27.008 314.107 21.376 150.397 461.784 24.111 159.162 350.177 21.607 427.727 0.960 20.090 308.397 394.243 25.945 292.523 493.556 22.157 157.499 449.980 25.268 430.854 430.726 20.508 147.373 62.547 26.361 497.853 402.577 18.999 448.472 375.571 23.074 435.766 259.302 21.740 21.639 302.865 23.072 158.994 277.043 21.825 48.906 136.316 18.949 233.104 136.493 25.199 274.690 0.577 22.077 95.950 418.006 19.753 313.684 322.427 22.215 105.841 260.618 21.383 246.780 99.232 24.502 170.797 5.587 23.712 203.472 205.913 20.452 26.965 340.981 20.158 58.578 254.550 21.308 15.460 43.873 18.582 462.569 7.209 17.731 267.745 167.283 19.418 244.315 118.934 24.437 453.275 247.603 22.738 106.523 159.705 22.553 109.138 284.885 22.494 2.222 377.196 19.333 366.407 242.381 20.824 88.258 209.273 20.442 164.532 47.342 24.991 272.374 322.067 23.366 185.104 31.658 24.550 468.556 149.553 17.018 432.810 486.990 20.272 187.527 79.733 25.920 310.798 148.917 21.249 260.610 85.272 23.582 405.302 382.236 25.068 323.550 120.032 20.417 380.609 409.481 25.024 241.667 1.037 22.716 334.623 246.389 21.471 337.830 272.054 20.195 190.287 48.962 25.635 431.190 48.370 17.155 63.260 245.503 20.876 134.594 359.428 21.215 14.749 378.121 19.589 328.761 371.575 25.935 129.071 475.905 23.864 135.602 253.307 21.946 320.550 171.608 20.618 326.069 290.141 19.409 422.728 492.286 21.110 129.893 253.371 21.566 405.322 355.720 24.595 374.807 439.490 24.699 399.509 11.180 20.016 336.907 196.681 20.992 368.364 25.452 23.095 402.732 47.738 17.271 352.090 375.389 27.257 189.293 468.556 25.836 134.743 240.867 20.556 382.392 400.556 24.599 68.224 284.183 21.798 76.214 61.277 23.745 409.108 117.541 15.340 322.733 487.396 24.297 343.087 61.228 22.125 157.471 357.729 20.606 297.928 49.364 24.135 33.679 401.307 19.029 58.579 13.680 20.895 170.816 232.941 19.951 196.649 0.288 23.943 114.089 122.061 26.452 415.935 388.660 26.312 36.374 297.156 21.736 411.149 264.334 21.815 412.629 174.264 18.941 259.376 73.140 23.447 156.303 344.320 21.233 154.111 54.884 25.653 284.469 259.176 18.565 127.099 170.851 20.488 389.343 67.740 17.699 87.156 111.254 23.648 167.969 488.784 23.839 182.681 207.503 18.494 329.133 386.321 27.604 97.413 166.043 22.705 70.515 104.754 22.856 135.568 475.809 24.188 388.176 6.020 23.015 164.057 211.675 20.491 475.518 7.141 19.371 236.140 283.660 24.609 225.554 307.835 23.085 376.346 198.934 19.274 402.462 130.427 16.565 390.271 101.513 15.727 330.687 352.867 26.126 342.304 403.340 27.443 172.637 315.837 23.026 142.002 253.031 21.700 301.984 198.188 22.455 408.922 13.089 18.601 464.426 300.160 24.648 5.584 110.850 16.789 7.420 376.898 19.703 178.092 327.432 21.909 114.084 358.501 20.788 338.203 117.643 21.030 21.976 62.217 19.553 441.600 172.463 19.377 3.303 438.854 18.931 323.037 370.609 25.660 152.910 60.444 25.919 179.732 191.066 18.760 251.839 371.339 26.173 57.630 246.914 21.188 192.719 156.559 20.965 469.871 185.491 18.742 16.754 463.505 17.019 54.452 153.123 21.594 216.884 166.548 21.235 397.971 121.235 16.975 34.586 18.100 21.676 204.419 413.095 25.439 131.474 333.674 21.469 307.471 277.962 21.314 254.212 8.675 22.385 379.836 73.158 16.821 84.931 448.204 21.923 219.448 37.963 24.424 364.449 79.313 17.500 469.214 481.482 19.357 65.585 432.791 19.322 338.209 130.459 19.315 233.280 387.307 25.936 482.372 92.637 16.228 8.384 388.389 19.120 470.855 292.517 22.900 104.570 351.258 20.882 333.001 191.046 21.320 229.151 457.128 25.601 193.367 252.325 23.373 315.024 260.512 19.506 180.408 321.938 21.834 406.849 476.212 20.948 454.496 160.519 17.936 406.762 456.282 22.673 497.526 251.295 25.736 192.046 129.255 25.088 108.025 443.778 23.781 278.191 425.136 25.651 354.096 444.798 26.720 410.554 481.245 21.704 143.251 394.979 21.181 333.251 26.913 23.691 368.262 434.442 25.186 277.253 92.027 23.526 464.263 248.245 23.859 102.540 35.880 24.944 109.639 110.591 27.018 155.035 80.888 27.778 355.969 468.267 25.009 464.020 7.323 18.434 215.754 333.996 23.681 73.735 44.775 24.600 206.351 375.675 26.268 28.425 86.107 19.631 42.604 465.388 20.777 148.352 67.492 27.482 188.499 207.461 19.273 7.133 271.962 25.771 410.585 62.156 17.075 375.395 104.794 15.821 497.705 474.060 20.305 209.233 314.529 24.744 435.964 277.971 22.673 273.706 212.094 19.920 292.040 29.157 21.697 43.585 198.937 17.625 252.863 315.306 23.459 125.806 407.623 21.607 154.875 105.609 27.332 427.615 181.922 19.664 40.062 314.938 22.112 77.623 471.117 21.920 436.982 475.365 19.913 66.147 438.931 19.749 210.686 331.308 23.957 378.855 112.774 17.206 254.707 216.655 20.751 6.919 470.218 19.215 150.022 424.322 23.553 339.491 141.358 20.577 17.587 23.170 20.264 8.917 265.395 24.533 343.109 6.255 24.736 301.752 321.550 24.263 149.634 6.436 23.778 161.076 375.494 20.793 263.761 277.428 20.824 357.920 106.265 18.855 145.883 482.627 23.346 259.742 1.071 21.743 331.126 166.215 19.769 336.899 5.303 25.350 437.379 397.088 23.141 436.031 183.722 20.798 228.938 5.567 23.337 450.771 395.299 23.176 43.002 482.523 19.580 351.872 65.207 19.667 422.915 372.326 25.146 8.825 17.416 20.385 262.437 326.156 23.683 458.122 128.590 15.484 339.075 190.661 20.917 85.583 283.723 22.141 322.427 109.398 20.981 365.902 342.535 24.638 78.519 16.969 22.690 189.253 346.615 24.557 267.394 172.693 20.736 476.307 54.198 17.516 402.496 424.862 24.223 26.605 425.958 19.481 26.539 387.452 18.772 387.252 74.205 15.873 99.146 62.109 25.387 180.278 432.800 26.035 219.445 241.720 22.678 226.834 50.236 25.160 37.234 110.343 20.149 169.344 42.704 25.402 170.744 492.932 24.055 415.848 91.546 14.697 368.369 192.982 19.934 139.263 356.984 20.726 4.047 498.141 19.549 462.449 419.863 18.763 60.335 316.081 21.418 391.955 339.888 25.122 62.961 234.761 18.927 479.948 395.363 19.895 389.977 289.163 21.787 16.402 411.551 18.252 496.936 92.342 16.646 266.951 234.424 20.980 1.568 258.921 25.378 477.389 117.978 16.558 40.184 488.400 20.255 153.880 426.627 23.256 115.054 109.785 26.417 105.138 277.942 21.824 162.142 476.618 23.553 349.074 419.110 26.921 438.155 419.812 20.842 10.176 326.315 22.733 199.526 135.079 22.244 173.832 362.734 21.706 487.297 147.933 18.066 235.209 83.603 24.724 1.644 353.502 21.509 63.335 173.556 21.150 255.518 338.147 24.397 252.389 51.015 24.563 449.428 171.098 19.112 155.857 140.171 25.299 77.466 345.711 20.393 133.886 390.056 20.553 362.623 256.053 21.244 201.930 172.457 20.731 201.139 495.262 23.274 357.191 438.262 26.273 429.874 4.251 19.732 449.920 37.408 18.026 412.881 359.226 25.268 321.893 482.157 24.627 437.190 116.035 15.557 475.569 395.531 19.641 58.504 192.816 19.996 107.689 61.726 26.208 289.644 498.228 23.415 448.127 308.325 23.394 57.345 271.696 21.289 191.465 439.151 26.428 9.866 414.227 19.080 235.373 212.186 21.159 4.903 461.444 19.261 110.413 191.527 20.387 188.647 147.640 22.536 425.850 302.365 22.200 119.349 482.793 24.317 470.707 129.430 15.399 357.565 326.613 22.893 173.241 195.978 18.164 323.040 12.125 24.882 64.353 319.778 22.716 465.058 29.101 18.831 305.553 480.569 23.548 13.110 14.766 20.327 159.885 161.689 20.471 489.599 313.914 21.897 167.134 82.203 27.094 362.541 156.759 17.937 172.851 115.962 26.641 193.011 363.360 24.248 443.010 256.739 23.564 382.880 364.133 26.230 218.707 7.197 23.221 408.560 264.783 21.960 324.807 91.381 20.704 132.714 148.267 22.834 423.474 420.559 22.214 44.666 444.638 19.774 68.300 322.262 21.894 137.607 148.328 22.710 97.028 499.246 24.656 42.302 456.756 19.066 158.339 430.986 25.010 212.222 389.292 27.201 2.370 81.568 16.844 327.440 364.422 25.892 408.294 402.877 24.431 49.681 431.311 19.971 421.588 352.687 24.399 306.274 155.297 21.909 149.214 129.555 26.168 339.228 163.891 19.676 161.971 136.834 25.054 34.465 316.751 21.537 254.342 134.454 24.740 117.661 31.319 26.447 443.173 494.082 19.475 357.887 101.360 19.035 375.834 300.368 23.423 61.521 139.062 21.512 298.815 9.839 22.562 330.232 170.303 19.281 377.811 352.882 25.927 222.747 147.618 23.995 344.574 237.689 22.384 351.883 254.205 21.273 148.569 437.184 24.351 358.375 165.192 18.999 176.226 160.426 21.135 56.561 122.015 20.442 150.890 222.893 20.032 68.661 22.991 23.250 263.933 148.750 22.257 175.928 334.467 22.079 88.641 325.798 23.469 219.047 86.456 26.433 152.876 124.030 25.727 157.931 24.931 26.097 43.777 492.507 21.541 132.947 209.687 20.535 80.179 79.546 24.238 1.166 88.914 16.998 370.674 216.399 21.284 402.662 241.936 22.763 179.584 127.277 25.181 291.179 245.146 20.522 433.791 390.847 24.774 283.499 357.923 25.552 487.748 345.992 23.279 130.403 451.306 24.369 252.928 222.190 22.116 53.859 390.058 16.838 327.112 17.896 24.942 4.548 370.455 19.922 449.178 297.729 24.640 273.682 482.136 23.152 36.389 254.885 22.655 230.195 204.637 21.220 136.365 376.881 20.192 498.523 174.363 19.196 271.043 177.286 19.914 263.123 79.354 24.379 493.769 494.565 20.442 222.602 475.732 25.048 9.566 274.558 24.632 0.794 498.410 20.718 433.866 217.551 21.212 184.904 42.627 24.617 430.627 85.925 15.769 189.113 283.718 24.658 125.208 285.307 23.083 318.190 419.020 24.837 14.508 196.786 20.052 46.241 271.196 22.278 9.875 462.463 19.267 456.001 61.363 17.125 369.263 407.211 23.634 69.245 252.724 21.674 170.370 480.434 25.373 353.675 407.343 27.568 32.864 167.295 19.900 339.467 475.518 25.794 473.064 315.151 22.842 230.033 377.203 26.470 337.977 373.577 26.643 62.774 63.166 22.723 423.274 430.897 21.227 151.659 159.855 21.186 490.483 427.843 18.351 217.211 90.852 25.757 257.563 137.373 24.266 445.418 18.015 16.804 44.372 185.808 18.825 89.457 499.625 24.384 258.694 52.388 24.445 145.745 202.846 19.453 427.760 130.344 16.224 482.132 209.254 21.763 370.282 317.567 23.292 427.161 168.371 18.519 119.813 36.399 24.675 286.624 302.521 21.377 85.540 306.611 22.172 338.765 353.435 25.809 158.806 492.532 23.276 497.086 66.521 18.677 34.995 302.079 20.556 340.893 184.514 20.468 56.555 332.725 19.150 152.053 420.444 22.733 395.964 41.263 18.735 235.839 303.163 22.178 54.414 93.732 20.477 317.259 405.499 26.391 191.912 240.478 21.147 407.679 187.408 19.043 239.912 345.430 24.825 167.347 452.238 23.799 382.551 216.267 20.245 168.889 369.539 21.426 221.686 74.328 25.229 361.065 173.160 18.590 111.295 474.819 23.048 33.025 498.675 20.877 408.255 166.817 18.188 268.839 421.168 25.070 61.526 122.395 20.258 421.699 400.820 23.465 13.285 420.114 18.572 273.266 103.174 24.103 440.900 0.673 17.984 386.107 24.065 21.145 53.272 251.338 22.205 340.179 492.567 24.872 22.518 366.779 18.573 197.138 358.347 24.593 44.302 276.417 20.315 356.167 424.566 26.005 66.977 67.779 22.960 431.017 98.159 15.396 354.003 23.426 22.664 45.817 419.534 18.609 496.818 55.754 18.243 481.249 296.527 21.983 125.030 481.127 23.675 281.882 313.200 22.385 433.534 437.067 20.138 283.297 391.845 25.433 335.506 123.759 19.531 455.177 392.128 21.320 227.220 134.697 24.136 30.659 422.083 19.859 448.147 498.695 17.877 477.553 436.517 18.801 215.139 395.329 26.307 373.182 194.028 18.877 450.533 344.807 22.610 111.719 487.704 24.609 144.141 286.484 22.728 454.556 302.493 23.667 239.871 49.502 23.960 136.480 413.699 20.815 296.408 161.301 21.837 213.961 286.979 24.358 218.764 299.922 23.620 278.247 37.414 22.351 335.152 174.336 19.534 67.316 469.416 20.560 292.934 407.226 24.168 394.540 420.922 23.839 315.068 494.594 23.806 102.902 147.962 24.695 323.935 85.943 20.038 95.220 49.530 24.780 163.898 296.285 22.297 88.057 382.320 17.313 35.886 365.199 18.025 377.900 413.708 24.747 423.461 74.960 16.770 164.304 178.642 20.083 47.050 399.467 18.011 80.628 152.841 21.546 453.578 104.368 14.973 243.144 92.986 24.143 27.126 37.948 20.277 136.269 180.162 19.690 233.569 482.683 22.478 443.562 12.527 17.167 460.177 153.440 16.470 186.739 316.639 23.769 300.327 42.766 23.694 289.454 5.894 22.132 75.412 420.946 19.019 80.870 344.942 19.731 491.247 412.345 18.202 463.243 116.245 15.792 7.440 197.550 19.879 420.829 470.168 19.974 193.977 476.167 25.586 454.712 296.252 24.008 431.398 380.750 24.859 113.396 235.839 19.988 374.637 429.670 24.686 421.977 234.197 22.395 158.661 236.220 19.364 176.629 210.664 18.481 402.965 120.050 15.771 51.155 395.960 16.515 63.772 383.301 15.766 240.125 38.175 22.459 255.552 427.215 24.152 114.529 247.934 19.532 348.268 469.991 24.876 32.755 185.957 18.866 150.458 84.671 25.798 164.591 202.234 19.437 321.178 359.242 25.786 407.964 67.931 16.348 135.770 467.993 24.559 479.269 165.597 18.930 483.612 49.085 18.521 209.599 420.389 26.497 392.054 170.118 18.634 332.850 281.007 18.815 391.060 247.825 21.934 40.030 425.592 18.594 409.025 431.648 22.962 408.180 113.434 15.770 355.897 307.904 21.807 469.743 75.679 14.810 6.377 98.958 16.707 175.362 499.392 23.230 126.038 418.150 20.817 391.402 358.135 24.674 25.306 302.026 21.280 1.788 48.598 19.372 471.539 43.332 17.742 265.688 320.483 22.536 498.433 284.465 24.410 174.340 31.838 24.460 483.489 178.081 18.837 475.138 174.500 19.866 209.896 328.898 22.579 167.493 326.581 22.273 199.882 299.658 24.364 70.140 161.457 21.197 401.252 44.431 16.575 79.398 400.365 17.381 497.943 0.506 19.281 239.320 4.811 21.718 120.820 185.224 20.497 45.100 235.051 20.832 17.909 37.887 19.568 317.799 18.733 24.335 303.352 136.955 20.929 385.466 38.468 19.801 157.442 191.295 19.320 114.182 370.063 19.417 491.263 19.293 19.397 405.061 319.613 22.678 497.550 12.729 19.678 193.999 67.721 26.264 174.412 338.142 21.153 304.996 284.978 19.592 65.161 12.857 22.401 410.686 382.948 25.094 15.220 400.231 18.632 241.516 10.494 22.973 343.787 79.261 17.521 51.356 101.213 20.209 368.369 44.216 20.728 374.010 110.818 16.429 466.470 197.582 20.467 487.173 281.314 23.914 92.273 427.898 19.799 173.154 413.122 24.288 403.804 336.515 23.944 298.771 81.223 22.771 455.817 431.930 18.927 352.594 389.513 26.633 88.647 7.761 24.339 307.075 137.775 20.734 95.653 149.546 23.201 380.054 193.952 18.199 215.829 13.317 24.142 164.928 7.290 22.734 270.536 340.083 24.621 234.452 419.481 24.693 74.912 12.654 23.190 432.928 228.230 21.595 454.703 23.318 17.621 111.326 463.333 24.298 90.692 375.919 17.641 184.594 398.363 23.699 66.375 400.131 16.511 499.316 6.444 19.380 171.175 223.068 20.104 215.559 406.291 25.190 154.187 217.895 19.797 299.893 240.513 20.606 223.392 273.063 24.375 262.025 487.429 21.120 336.026 370.009 26.716 404.791 177.337 20.451 128.656 496.195 22.431 231.166 109.849 24.845 271.819 220.827 21.064 238.835 43.249 24.067 103.717 128.601 24.596 363.874 297.094 21.994 51.653 182.770 18.745 410.175 370.079 23.454 37.245 480.250 18.782 182.874 406.767 25.559 64.138 444.619 19.547 113.234 196.426 20.285 471.731 56.989 17.011 486.990 72.649 17.528 397.730 238.363 20.944 185.152 234.968 21.268 178.022 12.966 23.515 293.181 265.229 19.220 217.711 389.792 25.695 123.334 474.376 23.042 316.158 272.916 19.404 374.128 295.479 22.006 12.562 135.383 18.486 66.160 29.762 22.674 166.325 215.552 19.046 398.226 1.136 20.519 18.501 257.470 22.679 493.367 211.387 21.998 183.457 162.066 20.826 109.454 229.297 18.773 380.279 49.719 -20.317 13.382 337.523 -18.546 164.074 386.592 -17.372 133.558 257.348 -18.058 464.894 419.494 -21.067 83.005 56.255 -15.051 190.910 231.754 -18.903 229.802 331.530 -14.984 176.033 425.523 -14.371 100.512 22.642 -16.071 52.471 499.592 -17.691 93.856 342.435 -18.368 230.909 244.529 -17.121 258.097 344.987 -14.654 433.040 419.114 -17.981 239.813 174.189 -19.267 498.905 99.133 -23.799 164.189 212.320 -19.632 337.419 31.350 -16.818 309.860 488.453 -15.839 161.389 493.471 -16.269 180.489 252.184 -16.613 431.343 307.073 -16.182 478.049 171.078 -20.166 468.511 64.411 -24.267 45.124 51.660 -17.577 395.814 312.132 -17.108 59.691 443.876 -19.165 327.212 386.627 -13.303 132.272 424.690 -16.313 237.469 284.642 -16.714 117.004 394.928 -19.167 332.477 156.550 -20.707 12.197 87.157 -21.143 390.150 18.571 -18.207 420.782 330.425 -16.304 298.803 25.374 -16.827 254.645 7.687 -16.915 368.161 392.194 -13.722 163.609 18.475 -16.068 471.108 392.433 -20.407 381.538 14.215 -16.678 385.258 38.826 -19.660 466.599 499.812 -20.757 325.664 211.794 -18.828 83.081 250.968 -17.772 77.006 138.857 -17.916 11.891 160.469 -20.938 95.898 236.517 -20.242 136.775 118.793 -13.663 267.182 236.372 -19.197 117.569 408.177 -18.735 181.544 208.243 -21.456 286.885 388.292 -14.160 255.168 31.681 -15.803 294.373 483.107 -16.749 387.981 130.669 -22.139 244.342 219.449 -18.394 260.090 449.819 -15.114 10.255 492.130 -19.656 322.528 200.002 -17.002 18.124 174.159 -19.762 168.426 227.165 -19.172 96.345 439.494 -16.915 1.352 106.594 -21.733 4.220 406.610 -20.106 306.970 237.387 -18.308 289.642 194.293 -17.571 359.983 325.733 -16.003 73.176 326.368 -16.806 415.159 379.748 -14.353 383.278 55.080 -21.813 141.408 199.242 -20.053 492.041 285.780 -14.957 342.516 216.343 -17.401 271.672 426.707 -13.604 343.345 313.752 -18.508 71.581 494.642 -16.644 350.216 102.610 -21.730 79.380 495.466 -14.991 372.215 325.551 -14.992 242.605 312.048 -16.444 203.793 25.288 -15.542 96.132 456.409 -16.782 28.756 56.748 -20.709 59.251 483.166 -18.270 40.400 418.104 -19.949 213.002 254.229 -16.418 56.162 310.778 -17.086 373.752 363.992 -11.876 145.253 22.777 -15.014 192.424 256.991 -16.516 380.420 162.958 -21.229 286.389 237.371 -18.265 135.046 331.508 -17.707 266.365 483.653 -16.342 205.844 480.874 -16.038 153.879 69.190 -13.944 421.900 419.192 -16.339 66.930 403.004 -22.821 40.289 461.964 -20.233 279.050 304.802 -16.312 212.587 42.300 -13.181 341.819 402.931 -10.478 256.807 186.407 -19.438 273.833 42.073 -15.624 379.319 87.338 -22.471 63.060 173.968 -18.304 178.234 137.095 -15.356 92.775 94.077 -14.745 9.473 403.708 -19.879 15.999 380.297 -20.235 355.129 185.779 -19.137 496.252 184.316 -20.666 201.335 361.792 -14.352 386.458 424.658 -15.960 175.188 392.778 -15.980 217.420 246.139 -16.905 65.238 233.294 -18.899 371.645 154.750 -21.125 289.029 430.371 -15.419 149.581 456.281 -14.448 414.483 492.684 -18.702 201.080 422.686 -12.340 325.533 381.701 -13.080 370.999 442.541 -14.272 367.505 142.634 -21.859 163.430 360.641 -18.494 55.971 241.788 -19.078 66.436 432.204 -20.418 454.126 408.706 -19.511 263.885 331.965 -15.181 433.914 106.315 -23.050 210.817 176.326 -19.958 21.775 468.739 -21.211 363.866 418.665 -13.582 119.829 363.923 -18.801 499.571 265.885 -13.401 2.412 68.109 -21.768 28.954 231.699 -18.421 273.996 324.805 -15.485 61.183 79.718 -17.668 411.151 324.804 -16.667 415.502 293.489 -17.828 203.183 338.121 -14.876 186.375 494.223 -15.977 436.993 181.115 -19.623 448.207 474.367 -19.264 46.138 394.072 -21.811 385.625 160.388 -21.237 263.501 209.691 -18.412 335.246 278.705 -19.704 71.481 436.396 -19.613 477.242 186.256 -20.470 419.616 142.529 -21.910 48.011 7.171 -18.715 269.100 70.577 -14.672 168.216 455.236 -15.101 238.235 55.893 -14.280 1.386 85.956 -22.526 109.332 436.816 -16.919 321.650 115.394 -18.403 108.776 275.847 -17.674 264.001 95.311 -15.196 316.743 0.130 -15.161 5.045 169.970 -19.481 270.224 20.414 -16.872 434.409 133.155 -23.119 20.543 43.605 -20.379 361.424 260.654 -18.285 323.510 362.212 -13.604 494.539 339.504 -17.793 241.262 460.927 -15.967 370.719 220.810 -20.152 43.043 467.842 -20.053 445.487 453.748 -18.788 254.220 157.740 -17.313 303.282 12.821 -17.763 414.030 70.489 -23.266 438.326 343.016 -16.109 244.833 100.656 -15.667 424.966 18.610 -21.340 184.056 401.036 -15.285 164.150 312.438 -16.600 178.353 50.484 -13.628 439.368 443.251 -19.315 407.807 58.243 -22.827 376.723 431.641 -15.841 285.350 225.500 -17.939 8.145 117.864 -22.511 475.843 374.026 -17.505 168.089 381.686 -17.170 95.879 132.865 -15.046 436.097 247.859 -17.655 183.257 247.572 -17.349 82.944 304.323 -17.455 421.219 480.969 -18.523 359.913 426.677 -14.424 57.158 222.424 -20.279 126.887 12.192 -16.108 452.625 144.158 -23.768 487.580 99.788 -23.868 321.777 13.314 -14.619 393.435 469.464 -16.526 165.399 403.228 -17.089 348.539 0.193 -15.168 406.671 6.792 -20.107 157.710 3.121 -15.986 135.024 269.312 -16.773 108.506 325.902 -17.584 213.688 461.288 -14.654 299.630 179.890 -17.238 293.553 486.799 -18.257 234.936 38.880 -15.403 30.395 412.114 -20.737 62.046 488.257 -17.533 396.078 8.165 -18.780 305.454 388.198 -12.326 372.949 7.677 -15.396 218.148 319.839 -15.164 202.671 295.398 -13.889 108.930 288.026 -16.661 44.871 214.432 -21.387 291.050 474.953 -15.111 73.322 144.043 -17.415 460.521 281.311 -16.554 249.689 70.028 -14.757 417.522 37.859 -23.145 395.817 283.884 -16.815 275.720 385.787 -14.177 414.126 344.571 -15.284 15.186 494.687 -18.414 264.656 113.801 -14.541 444.619 12.796 -21.503 315.276 91.543 -18.370 34.471 431.096 -19.699 326.104 236.757 -18.662 168.623 348.116 -17.568 114.614 150.431 -16.492 245.414 460.388 -15.836 40.575 92.709 -18.833 329.275 61.968 -18.196 405.381 300.266 -16.726 237.960 442.939 -15.053 10.566 182.264 -20.581 51.159 150.411 -18.652 242.497 118.610 -14.575 405.231 424.859 -15.938 231.097 118.482 -14.368 144.573 51.400 -14.122 414.853 113.196 -24.333 374.493 298.597 -17.486 8.171 36.045 -20.264 77.079 311.498 -17.179 9.339 481.888 -18.649 165.472 431.038 -14.375 469.946 288.978 -15.443 297.110 455.329 -16.092 381.113 209.308 -18.163 128.733 31.229 -15.223 283.602 150.909 -17.043 498.528 474.671 -20.047 441.359 212.592 -17.781 451.227 283.008 -17.522 76.472 331.182 -18.733 429.644 261.048 -18.744 14.103 110.771 -21.592 84.577 157.865 -16.330 352.096 406.187 -12.619 407.633 42.763 -21.429 87.090 167.268 -17.458 211.200 287.188 -13.629 329.555 413.777 -12.085 172.520 326.447 -17.672 382.433 456.519 -14.348 297.777 424.008 -14.532 325.072 137.955 -19.612 352.690 74.786 -21.064 46.579 316.660 -18.019 372.358 125.184 -21.976 302.411 167.004 -17.939 4.254 44.393 -20.229 375.745 479.084 -16.371 10.484 342.908 -18.763 259.468 324.477 -15.815 236.211 299.462 -16.890 321.537 262.251 -20.201 0.430 437.007 -21.031 87.571 144.620 -17.204 388.644 431.264 -16.272 92.350 456.071 -16.661 59.189 406.406 -20.791 186.825 175.773 -18.891 271.269 292.279 -19.190 177.127 51.337 -14.742 85.703 424.650 -19.420 314.701 419.586 -13.379 293.230 176.147 -17.940 222.288 199.787 -18.740 187.339 182.172 -19.986 194.970 338.000 -17.455 300.676 469.490 -15.358 31.323 313.255 -18.495 174.579 42.399 -13.520 246.633 137.521 -13.281 197.971 251.195 -16.465 394.297 11.969 -19.277 376.724 287.751 -17.332 3.398 244.311 -14.407 5.931 125.379 -21.395 490.403 418.144 -19.913 384.345 24.328 -17.963 88.905 388.924 -21.203 263.115 19.052 -16.887 7.892 256.452 -15.341 417.704 200.367 -19.996 146.631 55.804 -13.155 335.068 150.650 -19.936 62.719 138.642 -18.560 58.666 5.869 -17.452 360.195 0.026 -15.009 17.630 231.890 -18.689 165.142 66.212 -13.796 112.758 485.887 -14.646 169.387 100.966 -13.200 289.235 31.892 -17.076 187.055 193.282 -19.475 39.921 318.406 -17.160 290.010 449.065 -15.168 346.342 91.645 -21.650 10.058 380.735 -20.408 490.559 343.216 -17.510 278.214 224.772 -17.358 218.751 56.402 -14.092 241.581 331.166 -15.736 107.065 474.051 -15.848 11.504 243.902 -15.454 420.235 319.317 -16.584 411.549 425.939 -16.662 175.169 82.190 -13.243 44.892 186.394 -20.174 34.207 104.467 -19.209 184.970 106.018 -13.196 285.870 422.853 -15.292 152.988 219.536 -19.903 131.261 457.244 -15.113 5.020 94.253 -22.062 469.345 311.224 -15.780 57.931 331.416 -19.075 265.413 382.174 -14.997 318.107 497.858 -14.920 424.650 371.787 -14.974 334.154 372.827 -13.870 170.030 27.050 -14.626 120.285 162.628 -18.700 269.604 467.032 -15.943 101.514 62.357 -14.564 450.795 67.387 -24.342 415.092 30.640 -21.360 358.302 455.712 -14.249 330.184 350.489 -14.298 46.394 269.784 -18.333 94.048 75.730 -15.051 6.073 462.171 -19.830 274.897 404.419 -13.296 222.456 498.058 -16.612 130.301 267.106 -16.958 146.966 187.996 -20.038 448.838 349.952 -16.248 309.893 223.472 -18.901 393.515 381.782 -12.971 213.364 306.162 -14.824 7.180 298.980 -16.033 183.899 160.202 -19.211 479.444 431.522 -20.613 248.538 470.550 -17.152 351.711 93.419 -21.419 47.654 18.047 -17.146 280.062 44.040 -16.478 384.239 407.908 -14.748 235.213 499.165 -16.595 136.750 44.055 -13.898 211.780 368.118 -12.431 2.310 130.356 -21.461 371.987 461.252 -14.870 477.417 468.199 -19.030 403.559 431.993 -15.885 148.966 5.153 -16.838 232.031 145.183 -16.402 252.677 125.423 -14.912 62.373 163.446 -18.431 120.246 474.650 -16.539 141.716 412.405 -18.345 263.468 266.658 -18.651 392.228 162.008 -20.158 169.463 188.277 -19.230 255.565 228.732 -17.704 419.603 370.763 -14.182 408.285 441.741 -16.011 283.533 409.937 -13.930 152.354 238.350 -18.507 57.093 237.772 -19.123 100.865 150.671 -15.001 4.806 325.219 -18.176 258.567 307.019 -17.553 317.997 219.106 -18.991 333.842 384.304 -11.955 397.811 49.153 -21.899 209.391 397.378 -13.548 127.893 67.416 -13.591 43.737 374.562 -22.829 44.114 325.776 -18.254 433.018 430.770 -18.353 247.638 151.487 -17.469 75.875 392.866 -22.614 301.114 311.670 -16.857 360.867 312.365 -18.043 406.318 267.348 -17.045 184.391 424.811 -13.619 47.796 30.924 -17.444 486.151 449.112 -19.985 334.619 113.502 -18.424 423.804 188.707 -18.519 278.303 450.354 -15.213 128.128 396.529 -19.182 8.871 275.537 -14.085 119.024 78.651 -13.367 193.342 442.349 -12.674 336.987 467.820 -14.372 58.688 393.612 -22.382 128.381 323.897 -17.527 315.200 19.794 -15.610 472.027 156.452 -22.227 197.950 11.325 -15.791 140.494 156.339 -17.873 184.717 416.881 -13.505 426.402 278.577 -16.772 257.007 258.449 -19.006 411.606 47.992 -22.974 62.626 413.713 -22.290 376.267 231.079 -20.302 490.618 29.783 -19.893 304.123 305.441 -16.076 319.078 20.349 -14.937 124.534 345.058 -18.539 390.036 143.524 -22.497 409.604 378.890 -15.159 304.434 178.642 -18.317 168.017 219.149 -19.703 480.509 287.017 -14.983 143.032 142.061 -16.264 432.792 266.566 -16.690 207.952 6.791 -15.518 91.935 7.862 -15.319 479.160 336.444 -18.049 34.178 494.064 -18.552 436.713 361.476 -16.150 210.700 294.751 -14.206 253.569 142.172 -15.245 67.571 297.668 -17.077 140.407 480.080 -16.061 238.226 7.840 -15.686 92.217 105.280 -14.378 469.644 331.523 -17.110 25.931 100.051 -19.496 49.903 48.343 -18.633 313.793 234.650 -17.103 122.787 68.038 -12.754 401.507 6.074 -18.789 460.468 179.867 -19.567 328.202 174.081 -19.222 210.415 13.905 -15.382 234.694 381.926 -13.751 241.301 0.148 -17.164 140.799 243.985 -18.357 316.374 448.676 -15.252 378.057 263.725 -17.374 486.098 154.259 -21.594 100.117 443.388 -16.395 157.021 179.793 -19.217 455.000 325.788 -17.143 155.435 276.153 -16.773 448.966 187.618 -17.801 97.965 144.511 -15.771 31.617 300.672 -16.855 29.378 45.253 -19.728 406.805 69.944 -23.960 335.757 473.082 -14.040 342.097 425.526 -13.018 51.797 37.482 -17.340 57.145 50.235 -16.730 86.545 308.195 -17.496 300.701 121.398 -16.820 187.888 87.346 -13.424 238.051 68.534 -14.071 267.025 401.747 -13.414 232.205 218.191 -18.607 43.169 169.844 -19.598 235.190 362.831 -14.017 313.141 56.448 -17.192 493.914 225.769 -16.792 70.835 269.461 -18.338 139.601 463.261 -16.481 185.771 303.971 -14.633 361.308 380.675 -11.844 52.774 369.118 -23.342 256.306 369.780 -14.935 183.206 138.079 -16.254 471.672 173.506 -19.819 165.384 426.444 -13.969 141.004 432.208 -15.233 383.110 32.048 -19.443 152.759 348.992 -17.373 134.838 379.322 -18.188 37.847 312.547 -18.250 421.678 53.716 -21.864 248.775 196.048 -20.707 230.552 305.833 -16.925 364.799 480.697 -14.283 204.030 384.084 -12.904 78.360 73.244 -14.884 454.846 255.662 -16.851 142.748 493.783 -17.637 40.707 306.875 -17.160 70.054 321.387 -17.109 192.241 291.606 -13.757 494.166 50.461 -20.891 55.145 44.902 -15.669 305.850 230.840 -18.693 347.473 486.751 -13.645 160.325 80.867 -12.979 348.756 395.983 -11.023 487.671 6.870 -19.195 465.904 280.463 -15.499 112.719 89.135 -14.146 136.910 481.565 -16.616 2.749 442.908 -19.764 2.458 7.316 -19.077 309.629 172.777 -18.567 56.821 27.818 -16.779 345.050 132.309 -19.917 50.692 361.796 -22.507 115.519 496.617 -15.540 9.405 431.966 -20.196 120.332 173.312 -20.209 132.725 225.422 -19.806 288.577 3.837 -17.542 397.050 251.324 -17.112 89.507 451.298 -17.328 0.675 0.874 -20.244 109.583 139.771 -14.638 435.185 219.282 -16.906 349.841 349.276 -14.053 191.241 459.230 -13.295 49.055 368.023 -23.130 374.442 332.924 -14.482 110.103 308.995 -17.479 39.103 155.734 -19.918 130.852 468.087 -15.520 388.718 103.982 -23.054 286.384 324.598 -15.574 41.934 255.410 -18.342 402.458 470.846 -17.583 383.061 416.062 -15.089 112.016 282.812 -17.067 430.355 412.224 -16.792 308.826 37.288 -16.339 398.470 447.962 -16.006 103.676 32.255 -14.488 382.071 91.982 -22.493 11.453 75.451 -20.796 136.109 355.604 -19.126 160.613 444.413 -14.240 34.609 393.906 -20.595 287.874 242.203 -19.429 216.224 424.641 -13.082 129.299 157.595 -18.589 162.580 392.469 -16.793 44.669 162.553 -19.636 496.682 21.016 -19.349 362.417 336.758 -14.602 13.784 13.021 -19.098 41.604 300.506 -18.640 45.675 410.989 -19.582 435.928 498.792 -20.022 180.354 81.291 -13.753 68.530 294.192 -17.730 131.298 350.716 -18.405 100.331 124.748 -14.181 64.742 157.642 -17.669 275.825 76.108 -14.661 459.619 391.971 -17.836 271.254 208.916 -18.722 108.902 62.594 -13.486 150.281 267.392 -17.531 203.344 68.996 -13.037 190.431 464.439 -13.831 309.333 326.692 -16.051 370.491 55.983 -20.098 352.832 215.037 -18.136 105.049 20.632 -15.319 367.207 200.934 -19.422 44.456 461.776 -20.023 105.590 156.372 -16.384 231.866 230.932 -17.852 1.686 149.374 -20.978 164.647 352.230 -18.158 286.722 406.976 -13.946 277.894 174.920 -19.304 237.223 406.910 -14.210 91.110 345.411 -19.136 268.892 454.469 -15.369 465.153 132.833 -24.137 387.907 7.057 -18.034 248.818 32.769 -16.428 49.893 97.903 -18.207 183.558 214.053 -20.228 104.272 481.141 -16.669 458.752 8.023 -22.332 239.000 145.883 -16.188 225.233 168.158 -18.965 482.549 117.705 -22.565 23.018 208.272 -19.512 63.828 186.034 -18.212 470.811 411.531 -20.847 136.474 406.006 -19.537 101.952 413.100 -18.408 487.210 75.530 -23.036 132.721 86.604 -13.518 204.979 424.873 -12.248 235.737 219.879 -19.096 12.992 321.954 -18.133 268.425 267.938 -19.180 414.676 406.975 -16.548 263.428 116.404 -14.742 294.738 127.784 -17.903 379.705 69.111 -21.773 26.736 248.979 -18.273 33.138 81.956 -19.004 302.548 442.990 -15.568 1.677 483.662 -20.266 207.711 476.162 -15.091 64.834 143.940 -18.545 397.862 81.971 -22.503 112.021 337.970 -19.218 189.136 374.735 -15.165 451.160 493.775 -20.763 127.963 419.122 -17.410 372.522 449.957 -13.759 294.084 19.603 -17.542 286.992 354.947 -13.568 259.683 235.446 -18.027 149.958 262.579 -17.273 353.307 246.788 -17.894 214.076 443.481 -13.299 146.318 287.849 -16.464 470.838 450.043 -19.358 368.733 300.866 -16.989 177.234 225.174 -19.913 313.642 444.243 -14.620 465.381 404.797 -19.358 466.449 193.638 -19.213 284.007 343.660 -14.996 349.170 98.445 -21.222 30.137 452.630 -20.222 0.045 467.116 -20.199 262.863 256.434 -18.940 301.950 430.540 -15.215 139.823 185.041 -19.322 184.584 50.160 -14.376 184.513 224.787 -19.955 487.107 1.425 -20.679 471.801 123.888 -22.805 238.975 263.100 -16.005 231.242 206.669 -18.605 223.773 7.145 -16.577 276.159 280.906 -19.463 439.979 405.897 -17.076 75.244 62.579 -16.321 355.092 362.236 -12.241 7.936 257.357 -13.906 404.040 177.960 -20.378 168.109 256.752 -18.054 287.712 410.990 -14.028 33.645 289.182 -18.275 312.098 206.191 -17.559 250.817 131.576 -15.448 401.903 356.428 -14.181 84.602 468.998 -16.798 405.928 136.837 -23.153 219.447 194.051 -18.550 282.176 456.170 -16.279 431.562 4.844 -20.103 441.688 145.162 -23.504 488.120 302.377 -15.338 454.665 210.800 -17.674 424.495 150.288 -21.946 364.761 125.767 -21.818 359.948 99.912 -21.541 379.980 225.341 -19.643 328.843 437.955 -15.050 403.098 388.661 -14.535 371.527 412.644 -14.781 323.656 75.065 -17.902 358.913 55.895 -19.306 359.865 0.627 -15.570 239.834 423.782 -14.624 345.479 256.288 -18.343 235.689 376.114 -12.592 83.143 237.475 -20.010 457.528 292.508 -15.575 350.173 322.405 -16.545 347.974 311.954 -16.719 59.500 125.056 -19.108 100.013 374.091 -20.392 396.213 133.578 -22.343 81.875 419.798 -20.527 257.738 81.571 -15.365 345.428 68.791 -19.888 241.416 13.719 -16.901 424.414 289.214 -16.809 179.823 268.835 -15.740 220.432 499.248 -15.763 166.225 18.326 -15.857 36.212 346.486 -19.658 23.499 330.020 -18.468 283.255 329.990 -16.064 143.086 305.941 -16.299 93.792 451.274 -16.302 332.416 274.868 -20.480 269.642 65.474 -14.858 300.546 275.091 -20.108 260.082 383.155 -15.752 83.541 164.234 -16.318 423.509 450.269 -19.262 367.217 248.027 -18.188 423.952 438.891 -16.877 384.234 259.965 -17.931 412.564 25.495 -21.778 8.242 194.093 -20.230 384.727 115.207 -23.816 148.591 81.540 -12.389 1.362 354.922 -18.226 450.897 213.202 -17.572 106.763 363.562 -19.716 10.711 331.594 -18.821 205.120 106.238 -12.213 273.627 106.277 -15.393 34.683 131.424 -21.216 258.185 25.846 -15.997 482.775 311.678 -16.143 375.744 417.642 -15.990 40.319 43.186 -19.181 197.658 168.355 -18.025 392.763 237.268 -19.137 478.765 230.826 -15.966 309.168 275.335 -19.940 248.949 106.222 -14.898 287.366 168.094 -17.024 363.024 256.658 -18.064 495.094 325.916 -17.758 278.823 398.799 -14.108 30.347 147.841 -21.075 104.787 453.872 -16.003 371.247 494.378 -15.426 85.956 92.858 -14.527 496.014 461.444 -20.186 258.304 74.651 -14.943 104.869 92.696 -14.962 418.548 263.092 -17.083 55.806 430.731 -20.027 140.473 19.203 -15.149 11.406 289.308 -15.286 37.516 163.988 -19.603 190.039 176.826 -19.069 40.855 394.174 -20.758 265.630 314.020 -16.073 181.383 423.652 -12.735 184.124 289.260 -14.204 118.356 307.194 -15.909 8.639 342.123 -17.749 292.335 143.160 -17.218 5.910 449.517 -20.509 73.294 354.029 -19.779 417.146 360.881 -15.159 426.611 343.544 -15.939 389.983 318.774 -15.596 499.203 12.612 -19.658 296.038 137.979 -18.290 188.228 467.855 -13.580 307.722 278.902 -20.118 162.941 244.514 -17.995 171.418 173.945 -18.989 237.777 242.888 -16.913 327.514 450.301 -15.355 201.347 79.589 -13.823 57.724 200.132 -20.656 353.164 206.734 -18.487 12.311 249.685 -15.301 302.244 463.688 -14.438 10.163 92.467 -21.377 180.180 119.633 -13.938 261.940 170.311 -17.751 488.271 138.046 -22.637 319.530 55.021 -16.088 337.156 266.945 -19.926 300.307 233.422 -18.767 432.290 302.806 -16.378 71.198 459.925 -18.786 378.610 425.277 -16.040 493.868 147.580 -21.322 454.476 409.492 -18.871 322.122 151.482 -18.794 449.598 461.878 -18.387 146.867 37.236 -14.091 239.457 124.304 -13.304 90.614 181.036 -18.047 359.004 295.463 -17.989 149.612 417.104 -16.837 225.869 202.283 -18.693 296.808 311.888 -16.924 485.380 312.474 -17.213 3.971 18.533 -19.663 49.381 127.278 -20.550 199.142 194.603 -20.525 266.064 287.953 -18.584 203.513 397.593 -14.271 280.711 238.448 -17.891 333.905 356.529 -14.347 130.152 280.996 -16.679 498.243 50.605 -21.490 38.182 237.515 -19.613 3.457 457.977 -20.455 102.621 260.211 -17.926 495.707 331.542 -18.460 171.537 12.651 -14.693 85.062 268.016 -17.291 291.021 12.805 -18.113 486.006 44.813 -22.410 189.199 434.629 -12.278 248.319 268.964 -17.353 139.221 99.790 -12.655 218.254 369.345 -12.544 209.962 259.519 -16.552 102.692 282.717 -16.675 143.395 163.634 -18.997 95.309 68.236 -15.375 55.725 214.285 -20.687 106.237 1.080 -16.134 200.106 175.313 -18.646 405.648 187.462 -19.522 419.185 373.913 -14.763 315.505 475.040 -15.828 150.742 471.639 -16.140 359.788 62.380 -19.430 177.756 126.391 -12.262 221.905 460.836 -14.043 432.498 437.956 -18.144 481.049 363.712 -17.518 59.332 437.836 -19.450 132.415 49.929 -13.664 159.934 268.099 -18.161 354.892 473.507 -13.381 376.199 31.372 -17.974 181.788 309.817 -15.329 262.478 396.581 -15.144 118.056 329.550 -18.536 260.949 309.802 -16.990 283.637 65.858 -13.809 132.546 237.284 -19.033 134.309 157.487 -18.008 60.208 194.858 -20.637 120.524 401.100 -18.342 61.417 18.028 -17.784 404.947 148.058 -22.149 247.267 112.972 -14.214 340.429 499.868 -13.922 118.069 118.495 -12.702 496.342 306.982 -16.451 461.409 74.241 -24.175 192.164 403.572 -15.149 358.502 287.730 -18.869 213.888 478.922 -16.213 391.050 95.147 -24.655 129.848 5.519 -15.333 200.336 244.011 -16.836 348.365 372.981 -11.612 71.610 107.088 -16.675 412.740 173.114 -20.367 453.553 6.389 -22.375 438.354 112.206 -24.320 429.865 36.967 -22.082 413.437 318.386 -15.588 50.268 263.264 -18.338 449.464 182.346 -18.951 111.894 106.183 -12.737 126.779 447.785 -15.164 405.278 106.680 -24.068 62.789 202.627 -19.697 6.217 225.034 -17.690 278.815 350.876 -14.142 279.000 109.661 -15.750 142.488 392.147 -17.775 404.535 218.678 -19.184 378.812 144.241 -21.942 391.831 338.342 -14.178 130.785 386.612 -19.426 305.048 273.364 -18.328 295.116 30.697 -17.337 289.639 398.844 -13.853 75.884 398.402 -22.370 7.319 186.189 -19.830 471.420 220.649 -16.517 367.323 306.160 -15.569 334.756 49.638 -17.500 223.526 99.042 -13.088 221.728 124.201 -13.929 407.681 474.284 -18.159 91.913 417.565 -20.284 304.173 111.096 -17.599 392.441 388.246 -14.970 64.087 47.371 -17.174 190.506 139.455 -16.391 117.695 267.619 -16.975 492.653 62.600 -21.413 153.511 431.072 -15.024 499.261 301.342 -16.596 157.897 440.068 -14.187 157.728 31.675 -13.933 25.575 340.097 -19.027 103.934 443.503 -15.936 315.557 76.382 -17.275 121.892 31.546 -14.417 234.098 112.100 -12.477 229.164 431.494 -15.629 381.472 289.292 -16.492 451.147 276.432 -17.192 254.675 412.195 -14.052 126.933 211.775 -19.364 396.471 150.547 -21.465 70.736 239.083 -20.162 48.349 493.683 -17.374 246.770 73.075 -14.628 271.568 498.764 -17.490 344.778 482.113 -12.749 378.702 171.062 -20.836 383.547 396.808 -13.990 463.739 401.522 -20.348 31.970 375.772 -21.855 182.673 461.819 -14.953 325.291 167.249 -19.205 330.619 51.252 -16.900 472.991 474.129 -19.602 143.397 80.378 -11.940 443.153 224.990 -17.321 461.642 26.312 -20.554 127.604 387.871 -19.821 47.726 218.064 -20.667 89.688 256.506 -18.766 176.882 32.119 -15.228 1.362 330.410 -18.522 194.646 398.856 -14.643 474.900 399.548 -20.815 5.105 81.115 -22.077 301.544 238.120 -18.006 479.108 442.617 -20.600 132.055 36.675 -13.444 154.109 124.386 -13.200 222.402 324.528 -14.856 478.639 331.420 -17.824 291.172 137.172 -16.622 311.695 347.117 -14.549 3.496 491.274 -19.776 328.644 6.731 -14.834 141.392 249.897 -17.738 51.115 225.416 -19.414 98.220 255.723 -18.595 155.828 51.595 -14.229 245.645 348.794 -13.713 94.989 258.800 -17.599 319.862 380.924 -12.539 420.279 205.084 -19.012 98.230 491.383 -16.189 426.946 431.407 -17.590 268.142 230.929 -17.203 211.429 433.634 -13.393 370.272 487.856 -15.109 322.948 133.098 -17.994 162.552 238.905 -19.226 61.094 424.255 -19.015 343.042 100.547 -20.417 344.549 369.217 -11.658 157.748 311.174 -17.567 162.158 343.879 -16.821 423.040 36.142 -22.038 236.438 317.721 -15.349 214.683 139.788 -15.029 433.117 466.380 -18.558 228.784 487.736 -16.743 95.182 32.045 -14.870 483.143 470.028 -18.927 371.025 245.667 -17.683 176.290 212.156 -19.994 424.711 209.562 -18.979 473.235 224.204 -16.485 5.374 280.646 -13.332 375.930 5.690 -15.282 479.540 148.419 -23.197 196.026 266.169 -15.061 43.772 201.781 -21.440 412.244 449.102 -16.549 309.329 299.716 -18.620 230.078 169.025 -18.350 7.575 395.174 -21.009 71.301 306.957 -17.013 391.348 87.522 -23.009 405.135 22.979 -20.946 192.650 308.059 -15.937 455.091 320.166 -15.723 142.161 269.493 -17.636 268.394 422.770 -13.743 449.206 136.950 -24.005 111.013 258.174 -18.341 52.461 157.422 -17.573 87.596 258.217 -18.393 130.721 144.699 -16.390 261.130 259.760 -19.675 310.558 312.879 -17.482 50.034 399.772 -21.399 243.127 44.854 -15.414 455.937 474.548 -18.232 134.026 489.653 -17.893 288.585 375.350 -14.120 114.617 322.718 -19.746 206.458 81.124 -14.048 319.820 282.299 -20.822 165.973 199.439 -19.247 142.851 207.587 -19.354 29.378 108.028 -19.888 386.016 85.573 -22.120 385.946 92.072 -24.312 294.443 343.967 -13.692 66.847 332.483 -17.668 175.304 468.866 -13.963 429.286 250.219 -17.501 310.872 320.558 -17.033 53.984 456.333 -20.287 359.659 75.085 -20.730 89.274 488.306 -16.149 445.010 148.585 -22.203 84.585 265.470 -17.404 230.823 133.315 -14.931 420.815 172.514 -21.553 471.163 369.563 -16.901 487.547 236.083 -14.506 22.204 92.828 -20.171 360.160 241.276 -18.524 74.039 425.097 -19.738 401.314 480.210 -18.188 216.644 411.228 -13.690 209.814 425.513 -13.026 165.111 25.108 -15.413 337.319 240.767 -18.957 105.152 168.574 -18.542 453.095 163.209 -21.707 188.103 482.491 -14.678 278.788 437.963 -15.368 497.824 192.264 -21.210 351.342 418.241 -12.249 94.357 224.449 -20.091 89.487 200.988 -18.474 338.184 419.585 -12.800 119.280 354.735 -18.745 93.971 387.258 -21.171 240.455 199.518 -19.390 82.339 334.037 -16.952 222.223 113.026 -12.982 492.233 5.130 -20.098 84.605 224.427 -20.446 376.348 408.084 -15.473 499.956 111.212 -22.871 146.748 388.527 -18.621 342.497 125.205 -19.825 447.781 314.081 -16.665 327.212 126.977 -19.159 24.663 200.214 -21.127 51.985 461.382 -19.645 383.124 356.268 -14.396 124.420 219.225 -18.645 332.377 471.104 -14.077 88.982 350.489 -19.495 205.776 246.807 -17.640 275.572 432.770 -15.085 313.857 154.420 -19.590 206.528 124.059 -14.684 442.189 350.401 -16.715 202.812 63.488 -13.408 329.973 110.393 -19.339 357.399 169.430 -20.346 187.396 309.210 -15.141 449.733 87.655 -23.450 221.358 26.520 -15.001 159.989 222.853 -19.424 73.491 157.611 -17.480 478.070 420.142 -20.399 466.200 461.116 -19.086 443.170 48.215 -22.271 0.030 213.356 -17.516 301.220 30.238 -16.875 478.164 104.441 -23.884 313.088 292.489 -18.393 86.952 381.526 -21.060 311.949 227.667 -18.998 156.786 259.502 -17.896 17.715 49.989 -20.560 63.074 111.552 -17.847 181.312 229.496 -18.973 275.235 17.540 -18.032 198.562 342.981 -15.768 441.353 113.582 -24.763 440.455 456.574 -18.504 6.557 436.841 -18.923 247.583 24.549 -16.543 111.004 267.455 -16.380 37.677 26.495 -17.697 173.141 302.716 -16.738 121.901 81.709 -14.174 395.234 357.627 -13.030 19.124 412.824 -21.758 10.648 43.778 -20.346 351.199 142.705 -20.657 70.866 332.639 -18.005 455.954 348.649 -16.700 95.273 37.561 -14.541 68.656 493.810 -16.192 441.304 57.013 -23.348 52.193 200.942 -20.605 265.719 136.483 -15.281 351.743 53.925 -18.158 496.980 6.712 -20.640 86.539 429.985 -18.848 397.155 213.190 -19.118 167.106 469.986 -14.829 296.280 360.977 -13.590 499.209 428.039 -20.669 405.813 237.079 -17.966 239.499 487.755 -17.764 140.416 237.999 -18.131 341.586 260.363 -18.835 376.148 209.501 -19.566 452.322 18.618 -22.481 189.694 69.776 -14.071 99.924 6.485 -14.551 25.529 73.653 -19.826 42.631 115.742 -19.546 75.865 34.161 -15.518 155.885 443.676 -15.173 121.434 87.542 -13.615 338.649 93.378 -20.890 44.545 361.748 -21.554 364.185 332.851 -15.262 50.905 206.685 -21.344 6.585 111.716 -22.308 437.385 276.674 -16.071 65.906 250.595 -18.695 25.237 362.174 -21.294 368.205 19.101 -17.140 49.411 348.586 -20.618 146.785 251.996 -17.521 259.800 51.367 -15.449 262.415 294.586 -18.322 481.900 5.652 -20.572 172.059 314.862 -16.427 99.469 9.093 -15.723 293.306 419.401 -15.490 306.269 312.347 -16.371 472.174 489.230 -19.456 444.830 400.428 -17.135 112.159 6.620 -15.373 290.225 463.014 -14.639 133.579 462.038 -14.577 310.213 425.015 -14.278 54.982 348.871 -20.414 61.855 95.580 -18.627 312.623 495.620 -14.441 472.559 344.304 -17.316 219.693 148.122 -15.555 20.411 390.235 -20.150 189.073 209.289 -21.290 116.039 287.052 -17.510 253.521 28.205 -16.906 35.629 62.682 -19.360 487.171 413.149 -20.266 335.446 403.222 -12.766 237.365 255.351 -17.501 436.806 1.175 -21.107 324.393 112.541 -18.974 397.711 349.254 -14.037 472.217 267.513 -15.611 96.549 469.311 -17.425 309.607 100.405 -17.447 108.027 224.299 -20.904 498.026 57.463 -21.209 359.997 348.767 -13.874 96.119 382.195 -21.900 217.720 356.640 -14.797 419.969 406.247 -15.673 430.128 88.154 -24.643 113.912 36.469 -14.495 238.744 104.951 -13.753 394.056 413.155 -14.741 18.750 0.044 -18.856 138.782 74.949 -12.388 374.411 305.336 -17.184 341.774 361.545 -12.770 154.919 455.948 -12.959 320.227 6.199 -14.139 328.158 33.160 -16.473 125.436 250.960 -18.532 281.850 36.755 -16.873 372.327 87.873 -22.767 455.676 310.613 -16.241 62.454 24.426 -17.244 449.790 50.977 -23.907 278.723 263.149 -20.362 431.597 405.702 -16.582 396.857 375.086 -13.917 321.319 426.491 -14.246 454.934 337.454 -17.139 493.665 313.519 -18.063 20.468 215.974 -19.211 10.253 131.388 -20.291 94.752 24.119 -15.481 136.466 193.621 -20.056 160.364 337.296 -18.159 228.427 122.765 -14.140 284.314 25.379 -16.935 64.216 314.247 -16.849 90.366 339.016 -17.580 9.208 367.697 -19.421 42.827 497.169 -18.415 313.375 144.101 -18.548 174.168 6.580 -15.703 218.225 117.195 -13.713 335.875 461.870 -14.475 87.367 440.556 -17.743 477.759 6.043 -19.743 303.609 264.471 -19.958 392.508 499.513 -17.286 401.556 119.573 -24.440 332.844 496.384 -13.537 185.469 78.827 -14.161 30.206 211.611 -20.592 357.765 43.873 -17.495 329.604 75.294 -18.311 286.204 10.569 -17.422 409.704 82.467 -23.915 92.101 279.821 -17.705 465.487 219.765 -16.332 488.813 423.496 -20.309 219.878 232.082 -17.787 167.508 233.527 -19.398 180.260 406.483 -14.823 412.259 154.738 -22.783 244.718 230.875 -18.043 364.776 294.926 -17.573 46.051 457.016 -19.145 4.764 6.922 -19.294 118.158 106.028 -13.011 208.266 190.112 -19.877 495.726 10.597 -18.763 86.471 344.176 -18.393 112.728 362.662 -19.849 154.302 337.213 -17.521 357.539 89.254 -21.459 60.536 419.008 -20.650 337.640 494.249 -13.941 465.702 5.829 -21.319 151.146 174.666 -18.873 166.009 144.124 -16.944 295.803 175.078 -17.396 160.312 456.001 -14.281 88.619 100.372 -14.860 67.188 173.978 -18.152 154.319 405.070 -17.440 340.722 381.486 -11.893 1.637 30.647 -19.049 328.411 401.967 -11.831 392.978 61.955 -22.565 330.485 339.292 -14.466 60.771 206.114 -20.821 154.989 43.566 -14.169 387.908 6.710 -17.040 138.389 432.344 -15.544 466.958 20.212 -21.817 242.583 179.184 -18.968 108.265 87.282 -14.353 92.660 488.032 -16.628 488.400 185.624 -21.233 121.826 147.541 -16.680 5.743 294.519 -15.030 319.473 192.301 -18.747 88.308 424.119 -19.717 164.160 419.922 -15.332 424.267 51.241 -22.519 462.539 426.969 -21.213 345.006 57.408 -19.151 32.503 224.694 -19.649 467.066 267.020 -16.829 465.477 93.162 -24.339 46.236 405.932 -21.307 138.108 437.748 -14.681 248.877 330.555 -16.222 5.345 88.186 -22.290 82.640 72.895 -14.726 299.700 157.070 -16.872 289.453 120.871 -18.133 263.656 106.372 -15.169 429.802 123.866 -23.048 460.670 466.548 -19.004 486.520 87.918 -22.687 130.724 318.757 -17.425 449.595 439.386 -19.000 496.068 233.774 -15.626 294.723 6.268 -16.994 3.838 306.282 -17.009 428.282 56.489 -22.221 496.103 241.913 -14.801 366.973 213.269 -18.262 353.214 367.382 -12.384 120.973 118.799 -13.080 431.495 487.006 -19.836 162.192 4.806 -15.450 408.759 331.661 -15.935 355.258 462.468 -13.901 205.064 342.000 -15.930 342.810 136.459 -20.606 214.915 199.188 -18.173 435.403 425.526 -19.172 264.632 412.420 -13.334 83.521 450.465 -17.111 383.890 269.040 -16.911 263.254 445.100 -15.134 491.295 402.004 -19.886 360.266 388.861 -11.872 24.436 474.641 -20.960 498.324 128.884 -21.816 458.561 417.628 -20.836 6.031 99.081 -23.169 380.645 250.149 -16.249 237.523 6.770 -16.690 391.741 225.815 -17.784 90.316 379.801 -20.838 22.197 19.791 -18.869 167.055 49.006 -14.076 24.956 263.391 -16.436 374.029 280.307 -17.755 223.833 18.712 -14.662 27.032 480.984 -18.828 0.341 212.786 -18.900 463.920 208.240 -16.650 179.431 457.048 -14.428 394.568 170.758 -20.529 47.764 380.079 -23.592 176.722 237.608 -17.267 28.917 255.810 -16.498 162.040 256.726 -18.536 101.217 285.650 -17.334 332.036 107.501 -19.433 110.111 169.944 -18.826 192.939 33.323 -14.525 373.971 23.937 -16.689 374.803 150.036 -21.425 441.875 0.453 -20.780 488.529 119.530 -22.590 66.859 270.950 -17.850 79.130 321.074 -16.836 265.170 408.246 -13.615 66.345 54.579 -16.967 435.522 62.317 -22.543 107.161 352.086 -18.825 352.923 451.706 -13.738 109.278 118.531 -13.183 162.250 358.007 -18.977 35.977 36.085 -18.112 79.366 204.284 -18.471 6.793 197.360 -18.739 361.903 199.620 -17.918 23.015 35.417 -20.266 366.213 406.181 -13.623 8.543 154.302 -20.964 9.847 499.249 -19.894 265.570 213.145 -18.221 462.162 373.529 -16.879 271.587 488.199 -16.412 342.905 25.688 -16.627 263.465 469.294 -15.976 102.903 244.787 -20.215 23.370 26.606 -19.349 494.117 498.802 -20.561 491.630 442.415 -20.843 195.175 125.360 -14.806 282.765 443.836 -14.972 444.150 140.618 -24.073 286.024 93.954 -15.673 38.989 299.614 -18.191 168.288 267.545 -17.037 296.279 372.219 -13.415 29.265 158.349 -20.458 335.464 12.963 -14.724 268.666 256.729 -19.851 397.072 318.961 -15.257 21.760 311.212 -17.142 392.352 272.746 -16.789 167.842 81.953 -13.661 420.338 343.470 -16.024 332.666 267.774 -20.361 37.045 89.076 -19.643 10.486 473.134 -21.067 406.700 63.178 -23.524 497.731 63.207 -21.129 464.548 120.716 -23.346 226.193 130.883 -15.171 20.675 244.223 -16.628 145.584 157.297 -17.680 27.906 180.686 -20.436 84.997 220.109 -20.081 490.113 17.244 -20.149 0.234 438.288 -20.341 50.951 337.275 -20.126 117.069 227.791 -19.234 405.866 194.295 -19.260 132.793 201.582 -18.314 362.600 431.774 -13.850 384.111 281.771 -16.574 23.372 133.638 -19.793 372.416 37.264 -17.461 312.939 355.199 -13.831 64.898 325.173 -17.708 99.666 154.317 -16.295 390.194 421.346 -15.653 346.140 421.097 -12.562 55.807 417.932 -20.262 75.950 210.609 -21.213 374.172 10.700 -16.345 397.126 226.294 -18.548 381.157 148.645 -21.334 322.403 374.664 -12.358 332.084 80.254 -19.178 172.610 182.010 -20.415 25.080 88.544 -19.299 403.190 44.565 -21.663 433.754 116.280 -24.425 392.409 487.875 -17.523 186.122 6.643 -16.343 13.684 139.769 -20.973 91.534 68.823 -15.793 179.680 393.514 -16.233 167.199 318.307 -16.793 31.885 198.438 -21.865 330.600 125.662 -18.519 191.745 157.956 -18.438 455.172 458.528 -18.559 232.033 294.418 -16.588 407.578 492.383 -18.298 267.581 317.519 -16.856 125.084 158.557 -17.646 22.394 195.406 -20.599 410.795 374.436 -15.093 123.849 193.061 -18.371 94.243 186.396 -19.071 328.490 144.619 -19.483 447.865 278.068 -17.506 107.512 262.937 -17.340 366.774 25.279 -16.363 148.611 330.969 -17.597 197.145 1.747 -15.650 460.430 87.206 -24.325 27.413 467.223 -20.918 129.186 44.272 -14.050 479.196 425.565 -20.059 365.166 273.009 -18.276 136.156 344.603 -17.709 177.713 0.597 -14.764 254.355 194.949 -19.203 435.873 37.431 -21.669 125.060 486.322 -16.934 298.980 451.146 -15.579 136.129 457.787 -14.649 425.587 355.060 -15.445 298.523 472.817 -15.238 55.374 401.949 -21.466 458.080 269.984 -17.621 298.867 69.525 -16.305 427.538 130.450 -22.101 321.721 494.758 -14.725 202.201 413.395 -14.335 51.126 112.429 -18.954 343.421 493.117 -14.687 360.828 149.086 -22.086 481.365 255.759 -15.388 438.065 163.793 -21.198 487.825 325.906 -17.520 87.505 1.149 -15.284 21.861 483.058 -19.626 37.506 210.482 -21.128 340.197 257.561 -18.875 395.211 267.191 -16.668 112.369 470.538 -15.670 53.041 5.517 -17.320 383.873 176.401 -20.857 469.796 161.963 -20.973 437.523 6.478 -20.994 332.382 94.284 -20.169 422.230 18.373 -21.622 49.506 136.740 -19.838 98.856 94.825 -15.007 92.558 440.229 -18.217 266.112 151.277 -17.162 161.902 131.693 -14.233 32.305 437.060 -20.048 228.807 444.113 -14.312 47.451 95.869 -17.657 86.993 209.881 -20.070 419.047 486.115 -19.795 162.687 137.107 -14.689 176.980 314.012 -16.651 132.565 336.906 -18.524 325.669 206.139 -18.642 240.408 23.052 -16.925 242.594 430.250 -14.243 309.213 414.543 -13.333 194.604 209.461 -20.086 138.627 223.608 -19.806 70.640 412.245 -20.393 135.278 493.825 -15.832 381.424 403.343 -15.237 0.220 290.024 -14.981 213.154 356.707 -13.827 99.397 105.337 -15.247 373.847 99.706 -23.004 157.514 86.818 -12.104 338.220 2.969 -15.762 364.200 94.267 -21.472 295.057 194.385 -17.922 461.855 361.383 -16.818 390.833 117.022 -23.508 101.461 172.551 -17.400 322.027 350.219 -14.295 84.145 256.901 -18.160 234.800 213.878 -19.490 95.439 99.140 -13.645 134.278 98.310 -12.348 234.052 314.027 -15.507 281.326 184.802 -17.584 15.434 257.373 -15.733 405.284 451.117 -17.012 309.392 373.572 -12.518 245.201 275.497 -17.033 94.939 348.485 -19.035 372.001 224.565 -18.629 127.151 475.926 -16.329 69.270 263.909 -18.447 71.851 95.487 -16.779 102.955 1.584 -16.806 273.475 315.106 -15.777 437.994 136.866 -23.234 408.367 181.710 -20.611 9.149 42.779 -20.908 192.401 195.441 -20.740 19.545 324.125 -18.549 131.936 374.091 -18.735 132.074 81.914 -13.980 126.954 300.293 -16.698 482.022 355.675 -15.999 121.118 187.965 -17.887 452.672 395.185 -17.196 277.973 209.754 -18.559 114.006 475.293 -16.109 322.882 489.514 -15.765 183.143 436.157 -14.049 157.999 124.069 -13.514 30.650 204.437 -21.271 386.078 286.655 -16.144 145.945 349.630 -18.079 153.211 250.138 -17.523 499.657 174.752 -20.686 296.713 201.308 -17.076 37.647 14.576 -17.393 38.259 113.819 -20.091 283.011 5.845 -17.700 429.245 450.677 -17.502 259.228 316.762 -15.403 169.461 85.923 -13.344 99.231 48.067 -14.090 40.319 282.101 -17.905 358.401 401.969 -13.687 98.467 405.416 -19.844 26.376 321.441 -18.198 382.011 242.670 -17.129 248.609 214.041 -19.549 491.413 54.868 -21.322 421.281 181.323 -20.253 462.210 308.277 -15.612 49.153 376.595 -22.524 148.169 117.946 -14.306 129.405 480.312 -15.536 188.421 369.032 -15.769 366.273 226.577 -18.519 171.365 149.065 -16.852 97.959 194.397 -17.610 192.739 44.881 -15.590 312.519 456.859 -14.966 59.249 357.761 -21.181 273.539 237.162 -19.731 479.222 370.532 -17.586 116.545 43.139 -14.172 66.442 31.416 -15.670 341.151 61.246 -18.413 430.989 168.760 -20.958 332.406 309.933 -18.468 159.928 206.203 -19.226 390.187 263.335 -17.044 321.307 291.402 -20.339 440.538 132.480 -22.689 295.451 40.921 -16.284 2.859 431.250 -20.004 390.185 332.349 -14.198 148.917 170.192 -18.073 489.612 0.733 -20.405 23.287 392.519 -21.442 50.270 250.174 -17.341 248.937 419.599 -14.630 458.461 285.547 -16.643 165.854 164.226 -19.550 180.568 343.915 -17.141 69.627 287.043 -18.489 485.403 273.803 -13.913 308.928 385.847 -12.698 386.021 204.056 -19.869 303.962 176.650 -17.255 146.081 237.113 -19.157 290.645 38.750 -17.060 470.970 106.570 -22.893 34.954 406.115 -20.939 413.870 206.693 -19.318 266.071 449.523 -14.851 50.549 408.674 -21.065 453.686 192.786 -18.516 312.495 193.773 -18.118 368.857 381.995 -15.853 191.336 200.946 -24.174 237.341 431.484 -17.256 162.550 462.605 -17.865 259.343 124.470 -19.188 349.961 19.319 -19.758 12.534 312.384 -19.587 484.925 341.034 -20.989 83.653 438.464 -21.987 223.570 206.709 -22.397 456.230 499.777 -25.264 18.720 199.548 -23.811 59.516 4.652 -21.217 255.829 470.321 -19.931 381.867 257.891 -21.147 10.200 306.913 -19.873 362.967 192.915 -23.321 480.370 87.692 -26.102 209.440 86.534 -15.949 290.378 436.605 -17.396 427.014 320.333 -20.067 200.102 94.074 -16.547 449.414 238.236 -19.787 15.105 369.545 -22.297 418.289 237.624 -20.940 465.066 5.441 -26.026 189.765 487.814 -18.993 192.156 415.401 -17.209 429.929 499.033 -23.368 343.029 376.293 -15.873 362.889 28.749 -20.574 327.873 94.567 -23.134 349.827 300.886 -21.592 88.805 399.941 -23.800 110.368 354.556 -22.346 440.365 432.143 -22.555 425.575 420.424 -20.297 139.890 35.983 -17.409 372.305 348.971 -17.536 221.650 474.625 -18.269 28.881 494.376 -21.990 371.875 293.192 -19.991 253.340 423.912 -19.258 445.506 443.285 -21.924 86.968 250.872 -20.939 179.364 293.405 -18.967 386.803 225.322 -22.292 30.906 364.644 -23.720 105.450 345.768 -22.497 439.696 243.738 -19.307 260.900 199.418 -22.836 470.121 256.150 -19.650 452.268 155.044 -26.189 151.564 12.705 -19.105 240.523 499.713 -20.790 280.053 120.185 -19.709 31.937 233.882 -22.517 365.807 36.317 -21.046 67.816 115.668 -21.752 331.682 287.405 -23.862 144.329 281.087 -19.717 20.234 350.467 -22.315 150.541 489.167 -19.777 488.680 143.045 -25.190 284.225 449.339 -19.316 242.246 475.948 -20.863 450.738 231.135 -20.036 72.974 431.920 -23.337 329.281 206.620 -21.103 362.095 51.112 -22.267 109.135 372.890 -22.983 151.692 199.824 -23.488 273.592 305.651 -20.450 32.388 111.733 -23.892 350.744 493.095 -17.308 298.405 262.553 -22.850 372.015 163.707 -25.210 432.152 194.494 -22.290 254.170 449.732 -19.122 135.431 168.923 -22.265 164.174 152.036 -20.912 296.520 50.311 -19.612 351.966 255.235 -21.962 444.351 5.873 -24.979 365.033 267.111 -21.550 480.062 449.686 -21.826 346.674 245.718 -21.603 409.027 204.636 -22.349 356.757 6.994 -19.599 473.784 386.309 -21.230 69.638 197.631 -22.728 119.278 302.031 -19.538 220.193 304.915 -18.636 416.746 449.296 -19.890 230.049 72.326 -17.512 376.861 94.025 -27.514 289.028 365.658 -16.734 127.032 163.282 -20.946 184.351 396.363 -18.783 84.826 180.588 -22.185 338.814 330.209 -20.546 356.562 469.995 -16.870 271.807 136.865 -19.423 142.396 166.032 -23.162 299.145 392.498 -17.453 181.901 129.755 -17.987 17.855 1.084 -21.871 193.066 245.715 -21.606 135.449 262.993 -21.651 60.210 293.648 -21.190 255.082 61.587 -18.870 67.950 92.932 -19.727 461.315 201.458 -21.645 483.935 105.423 -27.432 245.441 375.424 -17.939 313.477 86.398 -20.803 372.994 61.571 -23.448 240.072 260.473 -19.762 250.050 8.461 -20.783 447.395 156.148 -27.021 458.313 29.034 -24.471 325.752 82.354 -22.266 242.803 206.491 -23.916 188.424 148.056 -20.218 494.388 450.478 -23.038 252.588 323.788 -18.839 84.577 287.226 -21.156 120.068 449.465 -18.416 334.959 361.353 -17.050 192.443 342.808 -20.256 225.071 57.420 -17.472 377.049 77.597 -25.451 276.854 137.148 -19.720 464.821 243.447 -20.453 8.774 219.994 -21.504 306.811 255.819 -22.473 121.591 267.391 -20.935 110.613 293.225 -21.165 239.758 374.632 -16.812 170.055 387.727 -21.370 348.061 127.334 -23.321 400.107 400.370 -17.896 94.066 173.393 -21.724 10.695 154.133 -24.489 371.270 186.652 -24.425 84.385 245.758 -22.516 213.039 182.669 -22.797 318.566 30.843 -19.629 168.371 45.439 -17.818 399.778 90.853 -27.720 43.383 251.734 -20.556 297.059 400.844 -17.748 212.159 193.267 -23.040 298.586 294.748 -22.095 498.406 348.531 -21.554 367.733 237.002 -21.633 403.875 248.288 -20.985 487.296 50.011 -25.048 362.937 6.925 -18.501 482.875 193.085 -22.872 6.791 111.360 -26.034 341.511 200.020 -21.624 341.841 209.380 -21.767 113.094 349.839 -22.531 95.487 289.044 -19.816 393.217 437.826 -18.801 3.667 456.023 -23.750 104.965 129.173 -18.730 6.084 487.485 -23.123 437.809 399.216 -20.320 444.642 307.782 -18.715 383.730 379.984 -17.473 204.623 73.369 -17.644 29.750 403.735 -24.450 385.233 235.679 -22.068 273.820 436.946 -19.035 494.278 200.817 -23.291 468.344 301.296 -18.750 244.069 6.503 -20.854 66.354 419.644 -24.068 426.612 142.440 -26.006 219.852 437.938 -16.633 73.579 405.798 -26.311 143.954 212.309 -24.023 356.917 303.761 -21.324 440.733 118.137 -27.252 433.316 95.523 -27.228 160.208 31.802 -17.981 250.450 206.745 -23.911 163.992 38.085 -17.622 295.309 333.018 -17.625 150.247 112.144 -17.649 79.764 432.052 -22.428 283.566 462.165 -19.096 283.391 105.397 -19.708 2.068 206.690 -22.618 249.824 6.838 -20.753 293.671 492.905 -19.597 203.823 455.812 -17.391 397.411 479.299 -20.397 158.374 161.624 -21.450 208.272 162.466 -22.128 255.610 0.565 -21.791 181.500 168.869 -22.198 489.277 200.579 -22.914 283.573 405.337 -16.747 82.115 137.933 -20.793 353.749 312.863 -19.792 19.620 299.393 -20.304 170.761 399.026 -20.141 126.254 60.255 -16.440 110.170 451.278 -18.270 143.633 325.608 -21.023 68.546 150.928 -22.055 178.972 334.384 -20.894 399.081 161.397 -24.694 325.910 19.662 -18.821 108.139 12.446 -20.119 394.015 326.465 -18.576 75.021 233.260 -24.401 291.406 312.907 -20.116 497.264 392.664 -23.755 415.880 220.000 -21.514 282.853 274.560 -23.424 308.690 366.620 -16.637 208.897 290.577 -17.195 160.974 430.480 -17.570 183.383 113.265 -16.785 346.808 298.812 -22.012 480.616 111.065 -26.989 464.862 264.219 -19.547 257.960 184.483 -23.144 301.069 95.736 -20.512 151.118 426.154 -18.500 146.659 100.850 -16.689 292.941 498.802 -20.894 255.063 42.480 -19.463 336.845 217.951 -21.888 13.514 50.460 -24.115 8.272 13.459 -22.286 414.905 442.293 -21.214 175.280 307.497 -20.002 127.650 231.392 -22.721 350.611 147.348 -24.817 164.650 1.013 -19.340 212.841 131.527 -19.123 484.704 242.658 -17.562 339.193 456.282 -16.989 81.768 499.528 -18.703 130.477 382.036 -22.908 379.512 349.573 -16.972 92.547 481.262 -20.531 224.217 392.434 -17.255 405.758 37.498 -24.479 170.290 47.854 -18.591 225.987 481.895 -19.021 7.818 179.543 -23.014 461.094 225.535 -20.467 113.446 11.989 -19.384 250.575 457.516 -19.292 148.393 372.100 -22.418 310.086 337.144 -17.554 312.304 44.267 -19.198 88.881 225.151 -23.980 105.953 340.092 -22.016 284.176 400.652 -17.458 101.936 97.135 -17.484 403.571 400.215 -18.187 247.674 476.704 -19.858 119.491 227.439 -23.268 469.042 274.304 -18.721 312.529 281.820 -22.735 57.942 487.491 -21.783 176.224 438.145 -17.515 59.904 318.327 -21.510 69.257 112.731 -21.917 61.756 210.369 -24.653 262.545 283.662 -22.153 275.330 30.847 -19.677 67.836 326.272 -20.880 74.063 82.136 -18.764 346.635 189.557 -21.871 398.407 325.312 -18.515 490.264 293.696 -18.937 475.759 62.809 -26.487 250.190 319.091 -18.869 329.005 10.845 -19.581 319.749 8.302 -17.915 253.413 37.533 -20.130 154.937 63.625 -16.564 26.301 456.356 -25.258 321.374 301.070 -21.087 271.370 30.463 -19.029 181.163 19.622 -20.019 440.460 332.014 -20.341 397.729 219.086 -22.865 299.391 106.691 -20.596 329.064 274.386 -24.032 356.954 491.934 -16.542 432.331 156.985 -25.501 136.196 137.592 -19.374 295.043 156.506 -19.835 437.404 238.052 -20.645 299.713 62.659 -18.270 356.572 369.797 -15.542 64.771 468.872 -22.186 229.391 438.714 -17.220 26.839 451.214 -24.059 123.551 256.729 -21.720 120.540 114.293 -16.017 413.064 186.964 -23.845 254.099 56.489 -18.793 391.632 448.875 -19.162 442.492 411.307 -22.115 277.818 325.493 -19.287 295.565 318.206 -19.642 201.835 149.818 -21.673 423.983 123.829 -26.536 364.820 55.701 -23.159 131.883 187.220 -23.791 276.476 317.267 -19.735 312.313 268.170 -22.844 146.193 489.042 -20.558 8.816 8.040 -21.976 227.170 349.870 -16.976 223.570 381.172 -15.167 77.511 294.136 -20.128 74.631 450.302 -22.586 226.197 175.589 -21.550 276.718 467.261 -19.170 316.353 177.086 -21.447 29.577 325.982 -22.225 173.238 138.032 -18.683 136.568 368.722 -24.282 110.540 30.216 -18.821 206.934 492.687 -19.537 71.810 139.286 -21.011 384.627 119.796 -25.935 113.855 249.085 -21.644 333.664 441.727 -17.102 155.978 288.704 -19.253 228.259 165.960 -22.046 358.541 156.555 -24.427 336.488 298.856 -23.299 489.198 463.419 -23.618 95.670 86.201 -17.442 5.912 210.265 -23.769 342.172 163.419 -23.384 95.482 49.626 -17.585 359.919 24.932 -20.391 382.478 6.425 -19.135 497.172 494.482 -23.403 320.192 271.307 -22.773 205.063 255.216 -20.299 407.321 498.504 -22.687 411.651 97.750 -27.508 496.885 30.032 -22.297 231.241 94.597 -17.359 410.408 336.192 -18.523 29.076 142.338 -23.704 435.504 449.128 -22.276 135.981 469.083 -19.189 469.900 176.173 -24.846 6.317 26.278 -22.861 274.627 7.092 -20.632 429.983 4.969 -23.931 347.586 49.429 -21.802 142.715 230.234 -23.164 202.069 208.270 -23.254 455.085 486.302 -24.963 499.736 161.007 -22.568 40.591 360.838 -26.890 250.279 281.109 -21.011 81.462 224.417 -22.627 53.967 343.961 -25.145 283.971 130.831 -20.779 397.820 274.034 -20.300 287.372 494.813 -21.056 226.792 238.231 -20.878 228.177 372.882 -16.351 8.337 325.448 -21.823 75.948 51.149 -19.497 279.920 391.135 -17.599 42.939 9.345 -21.834 73.756 391.800 -26.338 233.091 486.730 -19.618 241.192 87.430 -17.670 230.780 81.547 -17.911 3.131 431.620 -23.820 97.588 138.330 -17.982 88.440 62.931 -18.524 177.727 338.759 -21.349 114.091 388.368 -24.857 297.645 348.555 -18.383 385.608 499.655 -20.018 412.284 107.432 -27.277 216.958 69.463 -18.510 9.799 206.730 -23.335 49.918 161.071 -21.779 309.301 419.980 -17.925 344.001 102.953 -24.266 153.909 94.367 -15.214 445.941 124.776 -27.074 218.366 177.947 -21.884 410.922 91.183 -27.129 377.523 442.840 -18.182 0.181 189.499 -23.528 166.233 493.115 -18.869 33.848 45.749 -22.214 195.421 98.792 -15.891 44.092 398.512 -24.947 490.934 405.571 -23.777 393.123 345.076 -17.750 421.291 3.722 -22.817 457.523 202.162 -22.483 0.712 388.278 -23.918 414.215 138.561 -26.052 384.836 63.581 -24.986 1.856 249.575 -19.137 123.333 138.672 -18.012 365.851 17.894 -19.677 181.203 256.765 -21.224 148.678 355.167 -21.225 180.650 182.394 -22.312 42.859 231.585 -22.154 52.483 93.048 -21.104 462.815 319.866 -19.796 14.473 36.789 -23.640 451.901 92.982 -28.505 172.558 473.008 -18.443 183.875 72.867 -17.715 280.797 171.270 -21.511 337.577 483.663 -16.372 200.015 18.531 -19.525 38.412 51.137 -24.048 378.475 112.645 -26.463 344.745 273.088 -22.468 143.911 344.955 -21.462 484.926 130.596 -26.068 473.805 382.609 -20.412 66.232 369.068 -25.819 498.955 190.028 -24.000 148.206 470.206 -18.961 496.715 79.223 -25.105 9.570 143.271 -24.035 408.674 463.926 -21.739 380.700 448.518 -18.944 47.570 257.204 -21.473 14.719 416.985 -24.411 338.632 105.729 -24.493 56.955 289.066 -20.125 356.614 49.392 -22.202 470.613 317.574 -20.667 230.367 285.822 -17.678 71.191 256.063 -21.056 333.225 67.552 -22.553 438.854 479.630 -23.192 301.382 481.200 -18.981 395.020 204.120 -23.416 284.474 184.345 -20.813 370.679 203.024 -23.514 202.511 36.734 -18.370 24.939 411.155 -23.879 207.459 364.602 -17.103 15.405 119.910 -24.882 25.566 173.999 -23.710 174.774 198.511 -22.648 336.260 262.330 -21.867 465.161 169.587 -23.787 212.401 239.499 -20.517 436.832 12.172 -24.163 79.986 369.126 -25.506 92.179 43.715 -18.168 57.501 76.383 -20.347 234.596 475.841 -19.792 473.797 37.020 -24.855 261.606 87.052 -18.908 195.952 235.390 -21.439 442.763 273.510 -20.585 231.925 7.670 -20.365 4.110 263.189 -17.994 495.627 92.817 -25.775 14.534 205.554 -22.966 187.851 226.409 -23.132 409.121 99.280 -27.906 214.435 338.002 -19.563 70.434 400.879 -25.590 82.376 12.356 -19.689 443.145 343.065 -19.763 304.633 188.868 -20.933 190.630 449.899 -17.446 485.175 378.348 -23.507 31.116 350.690 -23.577 103.250 306.991 -19.770 44.758 336.823 -22.855 480.396 352.799 -20.269 130.402 199.487 -23.029 36.133 274.447 -20.985 187.601 20.737 -19.730 74.282 361.903 -25.198 445.230 174.557 -23.083 128.124 287.359 -19.017 291.880 160.905 -20.475 404.751 261.233 -20.514 287.962 104.521 -19.478 34.575 270.268 -21.662 485.928 399.317 -23.824 209.179 1.823 -18.603 25.634 387.939 -24.056 477.765 306.006 -19.502 352.803 150.768 -25.007 492.837 41.734 -24.332 230.076 354.713 -16.979 358.438 418.874 -16.628 150.229 491.797 -19.838 360.901 486.591 -18.287 159.679 186.058 -23.537 458.789 368.568 -20.547 39.702 64.258 -21.922 470.094 417.049 -24.143 440.644 208.300 -21.809 419.231 69.683 -26.236 454.819 461.014 -21.568 49.423 24.608 -21.386 254.531 293.462 -20.623 294.740 206.697 -20.716 454.080 139.003 -27.473 457.577 24.351 -24.753 58.536 62.092 -20.449 244.516 418.865 -18.813 83.120 494.791 -18.720 341.887 10.850 -18.746 48.938 418.420 -23.481 248.573 399.839 -18.766 339.539 473.812 -17.402 293.786 375.059 -17.012 229.258 276.473 -18.958 268.716 307.330 -19.957 244.464 294.490 -19.938 90.277 229.499 -24.527 2.910 305.228 -20.431 248.063 260.860 -20.541 105.979 320.434 -20.878 233.843 351.982 -16.955 106.749 267.983 -20.401 363.633 492.598 -18.247 14.590 169.436 -24.125 76.349 462.811 -21.721 31.319 461.526 -23.841 144.966 362.897 -22.808 220.201 449.542 -17.854 471.055 236.301 -19.003 288.934 85.759 -18.792 8.029 295.098 -18.639 462.222 122.412 -27.666 350.916 131.925 -23.887 147.936 300.613 -20.728 292.914 442.926 -18.321 268.448 168.430 -21.806 259.093 136.296 -20.187 329.034 245.647 -22.235 209.103 435.243 -15.868 191.987 147.069 -20.562 146.154 370.876 -23.852 456.475 307.435 -19.062 50.903 74.791 -20.721 358.339 205.541 -21.561 445.550 218.154 -20.434 9.034 282.239 -16.969 439.803 384.075 -18.702 204.989 389.646 -18.297 414.306 368.805 -17.958 67.864 313.583 -21.102 486.110 480.937 -23.020 252.085 298.791 -19.792 138.259 11.469 -18.421 168.308 30.933 -18.146 66.214 181.853 -21.918 55.836 37.268 -19.387 313.056 369.621 -17.799 258.625 485.568 -20.687 130.276 494.478 -19.896 44.961 237.670 -21.362 23.804 223.728 -21.737 114.569 52.882 -17.267 117.808 131.607 -17.598 90.202 86.761 -18.603 420.597 267.241 -21.490 122.237 244.917 -21.995 489.044 281.226 -17.041 253.148 354.765 -17.855 341.687 18.257 -19.890 327.276 5.848 -18.679 4.754 342.333 -21.445 278.145 244.116 -22.080 111.459 373.685 -23.089 49.137 292.037 -21.763 205.811 0.125 -19.867 475.852 343.518 -19.855 7.702 73.587 -25.214 262.369 482.062 -19.411 372.549 250.468 -21.533 21.204 55.284 -24.519 430.107 323.135 -20.784 15.317 131.026 -24.349 13.677 437.515 -23.906 50.528 288.529 -21.914 278.851 99.258 -17.657 290.636 301.296 -21.359 208.037 214.087 -23.002 335.764 437.762 -18.387 258.322 19.171 -20.346 115.665 242.188 -22.719 338.497 117.831 -24.051 203.646 416.207 -17.767 440.556 106.291 -28.404 408.857 199.402 -22.089 69.513 141.527 -21.677 129.767 367.208 -22.782 214.352 203.930 -22.000 254.854 285.862 -20.617 378.136 475.926 -19.094 235.881 367.599 -17.198 423.304 223.900 -21.145 397.217 331.441 -18.533 421.295 375.309 -17.358 283.126 111.474 -20.310 400.543 307.600 -21.180 124.534 438.347 -18.864 416.710 386.801 -18.221 119.526 324.580 -20.997 324.496 275.183 -23.132 259.200 0.532 -20.514 196.697 37.937 -17.844 267.415 218.722 -21.338 200.718 432.917 -15.772 225.434 302.611 -19.512 305.339 88.813 -20.465 92.422 370.951 -24.885 485.048 207.741 -21.993 457.792 75.270 -27.849 132.850 149.105 -21.351 352.665 42.924 -21.116 375.768 357.172 -17.064 374.710 488.102 -18.943 166.943 167.391 -22.595 456.304 299.890 -18.925 128.723 195.567 -22.567 161.588 481.242 -18.524 312.050 286.933 -22.263 316.135 437.891 -17.608 366.282 147.861 -24.411 46.124 75.344 -21.821 190.390 75.309 -17.332 79.252 69.189 -19.749 416.428 188.394 -22.451 344.193 304.978 -21.855 2.574 5.768 -23.232 53.695 380.361 -27.041 5.982 50.479 -24.106 17.259 318.263 -20.684 232.401 70.010 -17.444 483.327 418.847 -24.164 459.435 37.212 -26.190 105.009 405.559 -23.076 372.564 75.413 -25.274 164.923 88.017 -16.756 218.284 107.891 -15.872 286.439 210.368 -20.562 352.466 467.299 -17.899 433.740 99.227 -27.856 161.142 406.829 -18.657 249.997 170.343 -22.878 300.250 210.710 -21.478 5.842 0.499 -22.642 478.195 405.507 -24.377 130.434 179.641 -22.537 466.911 425.407 -22.889 273.217 100.767 -18.459 262.826 32.412 -19.947 28.249 117.689 -24.991 302.885 139.216 -22.148 195.963 216.422 -23.376 242.612 406.307 -18.853 198.745 119.367 -16.708 353.653 265.552 -22.435 9.358 56.536 -25.401 191.111 123.593 -17.922 396.736 155.908 -25.079 218.422 225.362 -22.675 405.668 273.552 -21.182 368.380 400.817 -18.243 315.757 462.435 -18.121 239.760 299.602 -20.242 365.791 317.540 -19.004 208.680 199.090 -22.686 296.423 249.358 -22.820 164.863 12.025 -18.357 22.055 367.218 -23.950 380.606 0.289 -18.835 459.914 431.152 -23.516 433.096 456.072 -21.465 58.940 156.358 -22.229 42.121 32.436 -22.562 242.528 211.343 -23.937 108.492 248.456 -22.236 264.320 366.677 -17.016 4.481 18.903 -22.509 383.131 5.485 -19.841 306.878 394.906 -16.095 5.547 468.251 -23.564 291.572 200.026 -21.684 198.360 329.771 -19.205 231.039 54.957 -17.714 222.143 424.144 -17.884 223.434 136.185 -19.655 271.047 342.909 -18.013 308.022 472.275 -18.848 395.812 165.267 -23.451 199.820 292.257 -17.242 209.161 137.277 -19.694 12.049 301.334 -19.569 195.557 198.518 -24.066 90.664 325.493 -20.668 385.336 251.065 -20.876 14.788 454.410 -24.706 14.930 108.704 -24.661 33.188 468.532 -24.363 110.266 218.597 -22.203 396.041 456.430 -20.186 169.352 357.903 -21.353 486.998 161.765 -24.446 480.703 248.864 -19.067 400.834 61.113 -26.885 374.711 51.344 -23.356 246.748 287.429 -19.928 310.378 1.432 -18.102 306.845 413.262 -17.161 0.250 199.821 -23.861 34.795 369.961 -24.152 129.396 204.479 -22.069 377.054 239.465 -22.782 338.113 442.954 -16.182 149.660 407.642 -20.956 462.225 60.932 -26.701 289.591 149.471 -20.668 0.246 288.577 -17.796 196.470 56.335 -18.143 448.967 68.469 -27.681 108.978 176.540 -21.356 314.133 81.142 -21.427 196.476 493.877 -19.907 241.044 19.695 -19.799 268.325 243.746 -23.110 112.437 100.492 -17.119 445.422 482.152 -22.817 70.402 6.968 -19.708 482.707 212.385 -20.360 203.093 321.084 -18.420 440.338 305.322 -20.002 335.756 282.857 -24.294 105.424 310.504 -21.901 310.399 162.752 -21.514 361.067 461.930 -18.536 210.780 249.229 -20.796 306.369 342.742 -17.752 220.984 35.598 -17.844 395.446 208.464 -23.836 23.987 106.359 -24.429 50.037 294.633 -21.704 185.746 297.794 -19.107 163.697 376.054 -22.290 493.189 162.849 -24.124 400.541 393.543 -17.882 459.839 43.031 -26.579 58.211 361.031 -26.530 197.486 137.042 -18.714 184.131 364.665 -20.160 422.611 462.415 -21.502 25.398 299.083 -20.847 364.522 205.495 -21.515 203.925 17.998 -18.909 87.922 25.024 -18.637 414.633 145.403 -25.836 330.326 381.461 -15.874 331.475 138.483 -22.988 384.793 487.760 -20.100 496.086 87.407 -26.289 329.372 54.980 -21.489 155.672 108.166 -17.070 399.734 1.906 -22.854 93.316 217.175 -24.138 448.485 368.376 -19.977 247.600 201.514 -23.406 87.764 237.005 -23.931 118.476 219.043 -22.828 115.260 25.568 -18.354 5.949 167.950 -23.785 33.616 292.574 -21.594 187.615 294.832 -17.678 385.461 401.307 -18.253 108.811 155.260 -19.029 165.239 101.954 -16.602 240.212 143.762 -19.698 392.482 475.979 -21.770 17.216 31.971 -23.758 259.206 176.340 -22.806 148.940 178.931 -23.119 210.595 324.154 -17.638 206.213 443.169 -15.747 14.165 406.341 -24.680 355.256 182.166 -23.526 59.890 499.670 -20.498 114.582 223.359 -22.146 241.156 72.632 -17.912 355.664 301.693 -20.711 382.881 167.915 -24.943 407.490 281.135 -21.187 231.045 44.204 -17.999 368.336 462.305 -18.953 228.940 213.832 -22.211 31.677 275.335 -21.244 308.865 398.914 -17.163 239.189 51.703 -18.582 160.394 369.555 -20.901 19.049 213.518 -23.095 244.008 133.230 -19.222 447.171 112.216 -27.089 447.666 326.677 -21.387 357.597 194.058 -23.229 20.196 294.642 -19.240 334.609 5.984 -17.725 477.496 136.622 -25.639 398.265 137.506 -25.567 434.514 144.385 -26.408 300.267 366.448 -17.327 399.995 257.631 -20.798 496.780 407.850 -23.294 71.675 168.803 -21.027 454.630 38.820 -25.650 114.469 189.184 -22.090 98.156 243.461 -21.480 144.654 462.205 -18.365 234.271 295.938 -19.153 214.785 76.357 -16.272 137.304 475.049 -18.245 301.573 298.956 -21.012 386.712 170.644 -24.200 108.813 400.277 -22.573 440.135 495.046 -23.424 10.159 55.363 -25.921 468.077 24.439 -24.741 49.411 62.011 -21.645 435.592 125.858 -25.903 138.610 148.812 -20.956 273.767 224.772 -20.916 65.600 355.820 -24.420 134.037 418.788 -21.222 204.270 349.400 -19.535 324.828 37.823 -20.342 440.793 33.271 -25.296 414.912 125.570 -26.659 276.635 156.825 -20.783 75.943 305.849 -20.027 212.558 17.392 -18.995 320.213 429.127 -17.911 424.417 311.888 -19.754 375.903 155.864 -24.885 430.476 226.115 -21.022 397.189 95.912 -27.078 479.935 176.037 -24.050 377.538 245.075 -21.906 75.915 88.010 -20.398 19.130 286.246 -18.523 198.757 129.403 -18.871 183.637 387.104 -18.643 442.451 388.767 -19.459 173.265 204.671 -23.459 10.041 419.807 -23.632 125.413 462.179 -20.209 215.261 320.577 -19.901 382.588 181.925 -24.255 437.191 301.252 -20.151 27.871 393.863 -23.601 369.360 262.999 -21.448 26.885 137.130 -24.044 490.265 353.792 -20.243 167.857 417.922 -18.458 6.045 2.263 -23.345 3.055 220.315 -21.110 201.295 111.557 -16.588 382.667 197.504 -23.905 41.011 38.258 -22.505 14.391 6.672 -22.174 324.485 187.617 -22.041 419.958 194.526 -23.030 282.366 293.107 -21.899 278.234 38.675 -20.200 144.879 148.310 -19.644 35.293 179.547 -22.983 140.423 360.621 -22.285 185.462 232.073 -22.373 362.103 251.340 -21.469 9.443 468.073 -24.708 481.845 100.725 -26.267 409.994 345.601 -18.572 165.340 225.020 -22.602 3.140 105.997 -24.558 18.995 436.592 -24.563 471.483 206.499 -20.346 101.729 463.307 -19.566 0.487 411.524 -23.558 203.996 290.083 -17.163 409.079 473.454 -22.835 323.461 174.648 -23.146 348.372 89.951 -24.435 318.282 199.888 -21.447 146.786 243.726 -21.783 258.326 47.969 -19.443 452.379 5.967 -25.013 8.422 106.286 -25.167 329.640 262.307 -23.373 326.420 343.817 -18.243 199.678 44.068 -18.108 460.979 413.348 -23.196 244.824 92.769 -18.396 384.239 230.923 -22.083 9.591 312.745 -20.685 152.669 437.043 -18.671 60.826 225.711 -23.532 49.316 449.955 -23.310 291.370 418.053 -18.493 388.493 494.334 -19.758 45.448 451.043 -24.189 328.735 2.465 -18.277 171.049 418.056 -19.611 402.028 270.108 -21.128 157.806 25.694 -18.249 171.709 238.149 -21.964 181.981 61.771 -17.795 327.147 285.486 -23.947 369.746 341.123 -18.438 324.286 432.394 -18.106 141.807 44.005 -18.053 138.588 204.052 -23.216 217.760 443.778 -16.221 374.105 380.137 -16.030 54.747 461.849 -22.802 75.260 18.504 -19.665 382.543 157.798 -24.688 86.139 444.359 -21.147 105.357 7.720 -19.617 140.577 286.198 -20.067 30.252 473.087 -24.301 33.179 37.701 -22.237 148.185 7.016 -20.965 34.622 116.431 -23.102 85.977 194.813 -20.922 29.735 280.178 -19.690 470.974 388.168 -21.925 380.561 498.976 -19.217 154.370 195.537 -23.265 34.381 21.180 -20.704 430.043 389.053 -18.488 237.590 181.527 -22.142 298.914 147.828 -20.883 287.027 318.876 -20.154 55.519 132.560 -23.574 79.134 94.658 -18.849 372.178 274.330 -22.183 104.009 0.992 -19.184 446.515 469.436 -21.760 396.654 442.889 -19.184 306.251 210.921 -21.193 470.884 143.546 -25.768 244.029 192.411 -22.974 284.401 80.793 -18.383 184.089 412.122 -17.859 457.605 55.613 -26.880 123.813 305.427 -19.783 207.091 322.365 -17.890 491.173 467.995 -22.045 183.849 299.694 -18.218 200.469 182.949 -24.092 495.306 74.850 -25.499 113.809 425.813 -21.381 191.139 187.527 -23.686 458.249 494.343 -25.240 235.092 63.618 -17.629 257.587 332.670 -19.768 365.835 111.862 -24.984 259.833 0.175 -20.770 263.027 419.506 -18.038 257.965 411.160 -18.152 183.422 24.882 -18.934 51.173 443.437 -23.811 346.298 63.903 -23.307 4.586 369.918 -23.580 233.893 148.436 -17.996 124.254 492.242 -18.926 331.601 293.362 -22.573 235.139 414.067 -17.875 62.827 100.524 -21.269 12.561 0.871 -23.334 6.077 1.235 -22.527 154.320 377.660 -21.927 254.547 238.125 -21.425 440.867 167.681 -24.134 147.226 76.171 -16.603 209.933 49.735 -17.778 186.963 43.016 -17.865 270.540 369.092 -18.837 38.809 174.735 -22.903 433.317 381.132 -18.889 422.684 293.051 -20.416 63.572 64.162 -20.053 7.543 423.701 -23.492 293.411 356.750 -17.324 238.356 231.991 -21.551 111.121 109.935 -16.229 294.299 243.073 -23.050 409.614 457.027 -20.960 171.235 245.331 -22.342 235.139 224.394 -22.289 188.289 7.059 -20.098 433.315 18.961 -25.210 17.554 359.775 -22.796 498.473 362.879 -21.636 49.293 192.375 -24.960 471.430 308.410 -19.340 9.053 117.595 -24.531 146.835 63.370 -16.445 418.535 275.548 -21.990 3.088 155.685 -24.069 287.194 200.047 -22.238 225.876 12.058 -19.979 366.063 411.272 -16.988 187.528 31.518 -18.377 427.880 117.637 -26.168 323.926 455.607 -17.821 47.571 154.156 -21.863 326.244 105.768 -22.195 125.799 85.133 -16.826 322.510 439.414 -17.612 224.621 306.316 -19.805 110.472 131.651 -16.909 119.058 261.570 -20.980 300.335 304.860 -19.582 199.990 156.754 -22.301 287.482 471.593 -18.978 424.337 27.229 -25.164 141.202 419.936 -19.844 219.424 492.544 -19.324 337.621 131.337 -23.407 202.020 436.770 -15.999 84.984 292.421 -20.706 234.367 48.068 -17.075 416.912 298.970 -20.257 384.973 148.680 -24.654 55.695 136.512 -22.976 239.921 61.542 -18.459 113.591 203.000 -21.823 133.737 273.875 -20.257 117.552 429.495 -19.457 331.789 17.892 -18.064 425.850 113.877 -27.731 399.666 300.182 -19.783 282.320 338.534 -18.291 162.887 474.421 -18.512 203.391 376.846 -16.770 442.714 365.286 -18.997 397.331 287.327 -20.297 306.007 9.199 -20.514 248.404 499.985 -21.277 149.901 143.460 -19.236 377.135 342.607 -17.105 79.700 6.042 -17.959 335.666 487.873 -17.586 420.179 31.658 -25.441 120.914 274.499 -20.422 280.486 95.541 -18.061 305.406 285.594 -22.948 38.055 269.572 -20.587 395.358 231.215 -21.720 246.244 449.912 -19.144 214.397 386.124 -16.210 463.775 79.768 -28.063 413.855 305.818 -20.136 396.488 295.704 -21.546 110.839 96.266 -16.916 213.990 244.880 -20.663 498.402 375.112 -23.246 417.204 437.428 -20.460 186.315 253.555 -19.790 0.136 125.807 -25.107 247.582 405.984 -19.251 452.724 131.933 -27.262 88.654 213.819 -23.603 290.452 486.608 -20.661 0.797 386.018 -23.510 294.289 101.478 -20.192 43.738 148.285 -22.960 129.059 404.149 -22.055 390.095 344.092 -17.385 298.765 118.425 -21.598 164.461 286.640 -19.312 371.804 46.378 -22.393 455.788 101.066 -28.292 459.364 155.219 -26.443 59.925 168.630 -22.012 472.042 232.692 -18.689 332.758 130.555 -22.843 17.489 24.691 -21.699 156.639 112.106 -15.945 70.129 376.030 -27.230 221.660 161.091 -21.119 186.477 130.115 -18.678 325.895 270.460 -23.528 44.982 25.869 -21.484 115.665 480.418 -18.371 411.455 76.135 -26.434 428.203 257.698 -21.060 429.763 0.361 -24.377 313.095 135.578 -21.257 495.102 381.163 -22.703 46.931 354.857 -25.331 144.762 176.573 -22.342 216.154 209.459 -22.205 257.677 119.546 -18.393 416.798 106.355 -28.053 334.437 238.592 -21.684 350.368 268.234 -22.664 34.157 343.644 -23.251 226.602 318.839 -19.748 335.610 294.822 -23.016 40.430 404.401 -25.328 192.157 81.817 -16.904 169.078 163.694 -21.370 134.064 449.909 -19.190 369.564 417.844 -18.322 52.142 469.100 -22.564 424.063 338.090 -20.123 355.564 498.628 -17.285 57.822 337.030 -23.140 198.752 393.522 -18.267 0.391 350.361 -22.391 410.990 437.132 -20.584 102.136 391.080 -23.540 313.547 425.481 -16.850 405.487 363.226 -18.802 356.408 414.540 -16.920 2.729 494.700 -22.960 409.118 195.404 -22.742 25.507 462.897 -24.139 125.653 24.508 -18.058 168.623 498.362 -19.782 52.675 492.757 -21.735 461.919 50.397 -25.801 312.721 13.660 -18.579 417.850 429.628 -20.309 310.539 255.916 -22.626 143.506 331.368 -20.090 164.804 486.603 -18.508 189.363 101.293 -16.373 314.389 220.242 -22.719 66.972 395.344 -25.728 0.468 151.163 -23.954 155.236 343.846 -21.945 359.774 88.945 -26.037 483.499 406.923 -24.682 430.141 311.400 -19.412 226.603 461.565 -19.406 468.898 375.633 -20.142 52.033 319.156 -20.666 86.633 129.154 -19.589 398.948 487.562 -22.876 425.380 238.135 -21.238 245.781 174.670 -22.844 74.383 43.200 -18.540 8.873 7.735 -23.065 307.970 94.470 -21.623 119.900 59.898 -16.573 133.136 324.797 -20.258 316.345 276.606 -23.506 401.208 367.969 -18.554 394.373 44.262 -24.021 69.783 450.478 -22.982 496.178 119.718 -26.202 310.178 201.684 -21.670 224.703 96.272 -17.233 295.112 230.495 -21.593 304.659 48.197 -18.846 379.278 118.318 -26.132 219.532 392.435 -17.904 363.475 355.548 -15.569 161.363 42.376 -17.779 137.669 486.885 -19.425 465.674 458.176 -22.373 138.690 387.988 -22.057 112.144 7.915 -19.960 231.957 19.870 -20.203 169.583 79.613 -17.260 119.271 387.907 -23.363 122.664 317.930 -20.959 450.351 99.370 -28.982 212.913 156.751 -20.244 368.924 284.159 -21.513 379.363 106.487 -27.259 214.601 188.510 -22.770 475.017 412.672 -23.901 485.044 454.968 -23.860 420.497 218.090 -21.838 241.028 412.816 -17.954 167.697 6.075 -19.067 104.606 80.468 -18.564 63.086 396.717 -26.122 5.017 321.048 -21.479 127.272 124.026 -16.318 150.157 380.408 -22.601 49.513 43.245 -20.860 318.302 288.171 -23.082 344.318 398.219 -15.929 481.448 386.544 -22.396 148.540 18.214 -17.967 272.633 475.017 -20.017 8.311 336.069 -21.780 438.534 487.133 -22.891 391.045 441.535 -20.008 389.384 80.363 -25.885 408.018 131.233 -27.434 432.222 30.623 -25.284 108.101 387.925 -24.212 283.227 431.800 -18.342 258.481 110.453 -19.205 488.009 437.495 -24.322 120.913 37.508 -18.020 334.949 498.169 -17.187 367.016 86.401 -24.960 475.726 211.917 -19.767 230.894 0.497 -20.843 225.759 278.615 -18.043 361.438 232.070 -22.387 39.913 368.726 -26.446 5.915 40.061 -23.935 301.785 270.643 -23.157 446.856 431.527 -23.548 230.672 264.130 -18.797 173.751 107.116 -16.873 267.003 487.734 -20.025 137.080 82.213 -16.581 203.024 475.900 -18.059 155.466 7.928 -18.229 106.079 8.462 -19.368 322.871 247.508 -21.636 257.999 275.863 -21.272 278.142 149.983 -20.966 196.316 1.898 -19.551 462.301 161.506 -25.480 9.209 267.899 -16.989 490.188 368.467 -21.880 101.260 86.610 -18.592 98.838 325.977 -20.337 2.839 425.788 -23.646 435.195 324.810 -20.471 403.298 381.674 -17.461 383.995 325.095 -17.071 480.920 375.498 -22.091 313.933 5.187 -18.193 89.128 12.603 -18.373 214.970 499.751 -19.020 413.016 131.278 -26.554 231.684 480.742 -19.768 203.925 328.130 -18.755 55.993 149.281 -21.605 105.223 393.300 -23.621 117.893 13.736 -19.277 75.755 176.436 -21.484 31.755 426.262 -24.042 417.730 0.940 -23.299 452.856 450.302 -23.405 226.093 148.196 -19.120 336.886 55.953 -22.026 249.414 274.195 -20.217 313.575 104.763 -21.502 209.758 114.664 -16.767 439.009 437.586 -22.030 447.946 12.002 -25.904 447.816 205.343 -20.755 334.797 231.544 -21.974 151.619 74.527 -15.521 160.874 381.810 -21.404 268.407 37.291 -19.614 116.869 7.620 -18.672 318.966 157.796 -22.692 272.682 55.476 -18.846 473.985 32.138 -24.226 427.181 480.222 -22.582 254.936 68.023 -19.383 51.249 175.275 -22.141 397.753 334.297 -18.809 183.646 92.515 -16.628 275.730 499.937 -20.489 361.697 11.570 -20.141 330.247 362.028 -16.779 253.796 113.260 -18.260 400.553 203.295 -22.833 346.516 467.576 -17.750 418.375 87.785 -27.493 135.389 180.480 -23.269 348.049 281.106 -21.344 180.819 155.588 -22.263 47.802 431.165 -24.002 334.432 30.813 -19.473 37.239 264.434 -21.290 76.918 343.068 -21.593 481.376 412.965 -23.773 320.627 167.909 -22.849 373.693 213.366 -22.797 432.114 188.812 -23.169 269.629 154.293 -20.852 24.040 497.991 -22.169 431.017 136.628 -26.687 16.734 280.637 -18.515 357.920 442.860 -16.950 273.784 115.915 -19.211 333.225 226.014 -22.366 33.847 14.189 -20.967 275.587 333.781 -19.606 1.568 450.535 -24.502 443.586 490.526 -23.235 376.552 6.942 -19.699 473.297 261.139 -18.577 237.351 455.269 -18.871 0.876 336.622 -21.964 259.218 270.425 -23.640 372.374 173.832 -25.110 297.304 280.103 -22.566 370.756 68.230 -22.991 336.752 425.535 -16.100 212.824 332.158 -19.071 71.497 189.151 -21.696 435.476 475.853 -22.327 281.003 313.504 -20.297 54.718 7.499 -20.064 410.894 151.443 -26.938 30.800 175.608 -23.564 40.938 455.827 -23.765 108.177 236.939 -22.907 461.574 324.729 -20.132 371.629 193.198 -23.105 427.131 455.145 -21.750 26.407 18.739 -21.826 56.518 423.778 -22.903 329.333 213.699 -22.086 217.376 362.972 -17.206 407.974 468.807 -21.244 6.798 375.631 -23.938 476.336 279.686 -18.564 362.882 143.885 -24.692 90.739 194.738 -20.938 40.278 295.270 -21.847 48.939 389.758 -25.714 273.944 67.784 -18.760 334.357 419.723 -16.535 495.220 356.850 -21.560 92.903 79.977 -17.812 389.668 37.577 -22.857 424.976 76.004 -25.270 2.471 73.806 -24.815 10.274 17.880 -21.604 496.707 255.578 -18.051 306.794 30.355 -20.104 17.307 70.033 -23.448 460.022 445.144 -21.999 363.752 305.920 -21.087 307.778 105.385 -20.661 303.203 355.306 -18.035 3.246 158.392 -23.172 251.822 65.067 -18.264 332.501 369.407 -16.932 227.128 230.202 -21.931 352.322 482.345 -16.556 318.232 480.265 -18.631 174.522 99.739 -16.284 17.468 304.754 -20.166 311.735 448.709 -17.880 341.644 172.474 -24.059 14.331 450.287 -24.706 346.434 36.800 -20.181 255.612 103.838 -19.012 231.528 467.716 -19.182 25.594 13.369 -21.693 39.116 437.648 -23.556 335.026 251.903 -22.500 276.187 7.254 -20.641 448.063 29.032 -26.195 79.022 143.755 -20.643 352.778 325.433 -19.804 366.288 475.984 -18.265 444.492 56.672 -25.753 450.476 73.800 -28.246 459.923 120.060 -26.898 222.385 309.084 -19.661 209.151 337.470 -19.013 246.645 125.004 -17.947 160.847 7.073 -19.571 166.406 155.458 -20.220 415.591 7.547 -22.852 344.422 444.321 -16.599 304.936 318.883 -20.744 293.245 258.485 -23.696 173.801 319.626 -20.622 142.062 381.458 -22.740 104.693 45.871 -17.042 219.372 31.510 -17.688 499.152 460.931 -23.175 355.257 389.062 -15.288 415.813 325.280 -20.315 63.906 0.255 -20.162 404.087 290.074 -21.648 44.427 112.079 -23.222 58.800 105.501 -22.075 415.812 455.455 -20.223 239.913 361.577 -17.441 146.730 473.350 -19.172 220.590 386.695 -16.312 405.248 114.656 -28.084 14.326 100.491 -25.841 133.828 11.705 -19.010 449.680 23.706 -25.341 150.853 214.333 -22.768 229.334 382.186 -16.300 79.871 232.278 -23.915 414.009 194.837 -21.960 49.759 315.360 -21.002 129.406 118.037 -16.276 421.924 256.793 -20.743 54.659 182.509 -23.834 122.992 443.697 -18.351 341.998 38.014 -20.117 341.024 267.464 -23.560 239.109 135.210 -18.673 494.300 113.319 -26.153 356.262 392.817 -15.836 338.959 343.734 -18.848 364.857 188.576 -23.620 425.947 443.046 -21.838 5.454 32.444 -22.990 288.959 290.779 -21.818 177.587 460.424 -18.433 392.460 199.054 -22.979 320.290 93.631 -21.895 343.585 179.632 -23.037 183.034 499.303 -19.431 268.852 390.653 -18.607 411.446 300.451 -21.315 202.392 31.615 -19.107 388.438 468.737 -20.045 436.866 75.744 -26.985 41.058 243.088 -22.568 53.051 291.244 -21.057 392.100 138.431 -26.123 104.636 185.989 -21.289 309.916 86.528 -21.860 66.971 7.654 -20.368 129.420 94.291 -17.133 9.134 68.598 -24.556 143.457 256.844 -19.760 399.221 196.288 -23.875 495.784 481.086 -22.494 375.827 69.204 -25.357 448.922 300.467 -19.699 479.049 49.397 -25.468 237.006 124.964 -18.072 432.903 178.469 -24.588 324.592 63.046 -21.501 411.627 499.524 -22.273 365.402 125.509 -25.116 456.443 18.007 -24.869 79.781 454.335 -20.229 480.987 0.495 -23.699 397.526 116.481 -26.610 336.914 7.952 -18.755 251.933 375.218 -17.589 378.964 17.901 -20.293 240.559 449.827 -18.852 304.826 356.950 -18.986 291.533 275.132 -23.178 190.295 261.855 -19.335 499.691 499.797 -22.903 215.192 161.088 -21.371 65.285 44.150 -18.501 60.218 381.161 -26.630 64.694 499.329 -20.475 160.431 319.684 -20.068 68.545 342.943 -22.763 335.161 336.019 -18.532 223.199 260.505 -18.313 344.000 281.170 -23.094 416.402 245.377 -20.609 282.176 6.996 -20.252 250.993 117.443 -18.103 66.140 205.264 -23.696 128.236 168.302 -22.008 186.302 143.840 -20.912 46.728 136.445 -23.522 291.600 351.623 -17.401 485.402 443.635 -24.135 137.432 29.116 -17.933 204.962 232.504 -21.827 2.550 470.860 -23.923 345.259 385.743 -14.781 486.899 81.619 -25.726 73.107 205.931 -22.179 293.449 69.604 -19.068 229.856 250.607 -18.791 409.702 87.344 -27.631 359.396 162.760 -24.728 197.129 86.907 -15.556 177.238 150.673 -21.945 349.494 411.960 -16.127 343.174 434.251 -17.743 163.390 401.827 -20.449 4.367 81.497 -25.384 319.738 68.807 -19.875 455.748 398.660 -22.606 254.794 437.651 -18.843 495.407 97.298 -26.733 292.324 100.836 -20.746 62.328 92.445 -21.121 237.735 237.317 -20.856 487.014 21.376 -23.738 472.764 406.064 -24.088 283.621 364.878 -16.621 356.972 215.379 -21.655 484.943 232.284 -18.552 388.642 75.274 -26.602 439.802 94.059 -28.249 131.603 1.922 -19.295 359.773 121.732 -24.268 440.111 294.567 -20.497 187.221 445.992 -17.172 149.827 163.921 -21.306 238.030 42.692 -18.890 384.374 51.130 -24.209 278.498 61.905 -18.744 55.570 108.136 -22.128 69.920 1.988 -19.853 222.154 350.685 -17.684 382.977 431.830 -18.402 192.474 68.329 -16.943 404.158 75.398 -27.530 474.778 450.553 -22.631 452.344 56.312 -26.719 119.714 143.771 -19.533 387.658 233.446 -22.126 324.173 400.420 -15.045 306.036 168.433 -21.447 282.917 68.231 -18.156 420.659 281.324 -20.958 162.966 451.868 -17.965 400.666 456.776 -20.418 436.018 261.302 -21.047 307.788 205.984 -22.050 36.733 205.448 -23.654 404.750 437.603 -19.944 3.269 443.026 -23.274 286.769 5.567 -20.784 101.747 425.022 -21.754 111.041 18.809 -18.724 283.913 286.135 -23.070 14.454 488.915 -23.048 108.964 454.355 -18.658 183.409 320.456 -17.828 427.103 384.816 -18.395 279.031 461.293 -18.379 499.960 49.278 -24.083 411.708 274.936 -21.654 307.213 70.471 -19.845 56.624 100.605 -20.927 392.579 126.433 -26.610 356.443 93.631 -25.176 250.257 431.584 -18.059 120.038 412.719 -22.111 245.221 386.973 -17.274 77.801 327.939 -20.478 458.350 456.364 -22.071 460.994 5.946 -25.652 393.354 50.714 -26.406 198.310 105.279 -15.439 472.748 23.965 -24.148 116.385 126.022 -17.524 437.523 350.488 -20.044 407.893 356.334 -17.525 236.627 95.773 -17.783 218.692 45.059 -16.730 323.372 499.553 -18.373 468.078 474.236 -21.305 338.472 154.078 -24.664 197.366 474.668 -18.332 179.390 411.161 -18.611 81.648 387.430 -26.286 466.956 491.528 -23.834 175.017 72.488 -18.009 65.991 244.337 -22.158 293.993 439.108 -19.631 312.666 5.680 -18.097 311.719 68.143 -19.363 395.909 146.780 -25.441 161.243 36.015 -16.896 4.750 418.181 -23.453 116.282 417.993 -21.170 157.965 250.470 -22.027 264.008 433.016 -18.633 100.433 170.496 -21.120 201.704 275.579 -18.459 53.926 281.531 -21.843 220.826 216.041 -23.042 184.266 497.872 -19.581 438.521 82.418 -27.775 239.370 293.319 -19.520 305.399 201.435 -22.129 293.426 246.920 -22.248 331.764 257.223 -22.351 40.429 18.675 -20.506 198.889 301.837 -18.949 190.358 61.670 -17.775 63.887 149.944 -20.949 110.350 406.877 -22.101 77.214 414.395 -24.847 44.163 287.857 -21.152 231.854 495.320 -20.808 338.013 193.453 -23.182 90.798 132.364 -19.775 76.809 483.021 -20.921 147.818 431.640 -18.932 23.721 69.362 -24.615 384.759 304.828 -20.461 366.003 349.161 -17.822 484.129 57.013 -24.805 6.721 134.724 -24.418 367.402 325.174 -17.972 163.270 275.735 -21.056 118.820 294.763 -20.540 393.444 175.448 -23.650 87.737 329.696 -21.159 466.106 112.311 -26.696 23.213 275.551 -18.935 385.258 476.974 -20.632 171.775 282.514 -18.219 476.997 93.175 -27.411 465.966 431.894 -23.624 213.927 24.111 -18.568 474.336 101.035 -27.164 310.251 50.724 -19.885 487.236 248.381 -18.421 486.774 214.020 -19.626 460.931 148.672 -25.602 113.531 76.022 -17.896 397.812 186.527 -23.668 320.076 468.787 -20.449 202.710 240.310 -21.678 96.113 400.319 -23.946 111.750 318.362 -20.830 483.115 429.634 -24.691 88.473 304.569 -20.565 75.513 11.315 -19.696 248.029 362.300 -18.112 190.296 322.604 -18.234 148.187 294.900 -19.325 46.368 54.892 -22.004 34.862 99.868 -23.248 226.032 472.978 -18.349 292.374 94.536 -19.423 313.796 394.447 -15.887 487.718 492.575 -22.716 217.358 49.591 -17.471 272.762 48.859 -20.173 333.737 331.678 -19.806 424.090 349.049 -18.741 271.565 27.439 -19.458 126.131 0.013 -18.731 389.463 281.062 -20.325 251.793 485.460 -20.129 247.384 436.224 -18.544 20.755 383.779 -24.578 226.704 336.641 -17.966 26.880 443.629 -24.234 162.870 106.175 -16.525 484.594 394.574 -23.428 369.874 457.038 -18.053 243.259 256.393 -20.582 155.513 155.066 -20.652 45.389 343.975 -23.534 143.720 450.265 -18.773 171.650 218.800 -22.853 205.619 181.436 -22.117 432.541 206.585 -21.849 118.657 487.416 -19.342 421.620 118.159 -26.436 335.765 100.894 -23.111 36.027 318.593 -22.680 326.956 406.539 -16.515 102.967 354.352 -22.769 118.948 283.630 -19.659 137.407 374.400 -23.525 80.881 194.862 -21.394 55.853 188.230 -23.583 238.705 395.859 -17.399 258.110 250.604 -22.349 459.869 344.249 -20.171 485.239 487.603 -23.006 245.994 499.259 -21.041 75.892 287.042 -20.784 419.395 473.774 -22.082 439.650 267.627 -21.201 95.493 112.103 -16.301 69.531 88.830 -20.436 34.674 142.173 -23.543 143.914 456.797 -18.141 325.305 328.495 -19.543 82.557 25.227 -19.750 310.553 498.408 -18.746 116.442 91.674 -17.237 334.471 199.384 -22.032 81.367 48.198 -17.963 147.809 481.186 -19.527 398.672 39.255 -24.147 441.237 497.273 -23.329 443.543 462.086 -21.897 169.122 394.070 -20.734 192.589 228.897 -21.434 409.774 398.121 -16.857 67.297 425.468 -23.759 346.037 431.781 -16.801 362.726 168.938 -25.022 370.953 31.712 -20.585 71.008 244.886 -22.214 416.214 138.154 -26.980 300.161 319.678 -20.433 149.460 306.610 -19.488 300.910 278.404 -23.653 386.292 275.990 -21.400 287.831 456.671 -19.558 477.818 26.153 -23.578 356.700 19.211 -19.635 241.050 325.997 -19.383 303.516 115.775 -20.611 156.122 481.671 -19.831 88.850 50.047 -18.012 139.568 448.246 -18.046 61.319 66.740 -20.528 179.047 429.873 -17.097 338.162 180.958 -22.646 21.720 73.776 -23.280 281.884 493.915 -21.216 147.676 425.269 -20.403 263.783 7.229 -20.553 151.159 149.432 -20.413 489.385 131.755 -25.495 182.977 37.470 -18.866 219.436 169.122 -21.818 372.558 131.398 -25.126 101.786 399.245 -22.683 304.904 61.848 -19.225 91.492 363.760 -23.879 29.812 268.948 -19.211 125.606 469.133 -19.205 345.208 324.903 -21.351 274.885 244.373 -22.756 365.587 243.773 -20.768 439.695 18.368 -25.384 264.652 425.960 -18.219 105.012 432.221 -20.430 281.008 282.206 -22.982 115.114 456.716 -18.892 405.291 347.522 -18.465 458.437 66.291 -27.720 463.044 99.956 -28.797 353.999 31.558 -19.112 396.240 69.703 -26.908 2.361 231.060 -20.862 320.418 332.864 -19.078 422.665 362.641 -18.713 285.629 137.136 -20.804 48.876 469.048 -23.155 239.723 39.096 -19.420 494.486 25.638 -22.653 373.557 3.112 -18.779 87.584 112.719 -18.118 97.261 180.905 -21.266 326.092 418.287 -15.770 234.177 448.300 -17.444 292.693 117.975 -21.487 445.367 245.787 -19.666 18.753 158.598 -24.538 425.746 493.601 -21.997 267.845 7.174 -21.140 313.197 332.262 -19.437 29.118 91.878 -23.346 199.122 68.105 -16.978 349.230 293.254 -22.652 279.870 485.513 -20.982 148.050 107.828 -16.262 187.703 118.734 -17.057 45.321 331.674 -20.959 228.424 326.196 -19.221 163.978 339.924 -21.103 325.617 155.959 -22.341 223.068 399.533 -16.025 156.313 281.785 -20.477 433.461 317.018 -20.274 392.124 361.483 -17.768 308.341 331.498 -18.366 432.096 444.040 -22.921 81.196 60.295 -20.038 468.639 127.783 -27.413 251.658 344.623 -19.222 95.604 374.278 -24.543 254.546 313.186 -19.338 394.266 424.095 -19.391 464.833 394.997 -22.819 310.656 212.537 -22.431 101.602 56.408 -16.353 310.788 186.646 -20.993 330.927 5.373 -17.643 111.751 232.272 -23.343 478.258 206.603 -21.231 191.682 55.832 -18.103 38.465 122.826 -23.965 4.677 71.342 -24.683 317.015 187.365 -21.362 201.257 50.626 -17.439 263.951 390.738 -18.817 369.098 178.221 -24.462 113.963 192.464 -22.619 232.048 87.775 -18.141 423.772 400.033 -20.631 86.110 479.569 -19.187 469.448 225.323 -19.525 148.192 280.184 -20.117 10.251 217.110 -22.280 470.439 17.973 -23.980 20.649 443.118 -23.880 44.684 305.674 -20.938 462.086 387.242 -22.081 168.280 95.327 -16.971 386.797 337.034 -17.075 208.137 202.807 -22.332 179.005 5.651 -19.455 0.001 309.873 -20.432 352.135 430.461 -17.172 423.562 12.828 -23.907 211.046 208.587 -22.536 408.324 229.727 -20.821 106.391 218.285 -22.567 123.605 405.427 -22.230 67.360 362.476 -26.173 236.046 331.243 -19.688 287.875 81.763 -18.414 206.304 379.723 -16.019 266.227 274.778 -22.653 3.187 178.750 -23.521 62.585 434.307 -23.064 472.410 193.045 -22.391 340.366 355.243 -16.259 147.158 255.432 -21.566 182.077 376.118 -19.584 15.984 331.193 -21.764 298.369 187.322 -21.543 466.783 350.646 -19.799 351.790 455.554 -18.476 215.668 216.357 -22.304 3.846 193.961 -23.640 311.806 25.951 -20.355 51.724 212.876 -24.720 429.146 361.936 -19.063 212.705 419.836 -16.259 5.911 148.337 -24.447 443.880 356.034 -19.824 461.298 13.336 -25.409 16.731 36.951 -23.519 136.784 89.490 -16.731 99.528 475.683 -20.713 259.573 300.695 -21.580 194.644 288.218 -17.849 392.801 299.994 -20.375 471.582 119.059 -26.183 307.043 456.317 -19.286 480.273 17.837 -24.188 176.890 317.283 -20.278 284.701 0.147 -21.524 173.798 455.728 -18.037 340.226 320.633 -21.246 113.843 174.371 -21.204 65.016 18.469 -19.046 9.921 3.407 -22.560 480.686 0.504 -23.179 351.080 296.009 -22.594 204.021 188.527 -23.120 326.109 56.089 -21.363 493.788 436.263 -24.916 429.079 366.686 -18.909 150.181 25.634 -17.165 94.273 139.688 -18.704 329.407 132.418 -21.979 367.319 374.727 -15.875 431.164 75.736 -26.794 448.557 486.836 -23.723 365.548 12.315 -20.752 33.245 100.668 -23.369 28.246 244.416 -21.398 159.234 425.428 -18.847 446.482 90.811 -28.158 333.382 212.624 -22.575 219.733 329.874 -19.370 366.626 424.676 -17.803 196.348 354.643 -18.176 359.875 343.589 -18.110 453.185 12.963 -25.887 399.357 141.274 -26.193 83.016 150.110 -20.745 101.492 351.269 -21.930 396.175 17.753 -23.745 483.543 6.327 -24.130 301.304 45.117 -19.854 152.166 98.651 -15.524 132.868 362.811 -22.080 117.822 469.064 -19.837 80.605 253.785 -20.940 125.031 347.370 -21.723 219.573 456.079 -17.813 317.927 50.185 -20.952 17.370 95.737 -24.239 88.954 413.214 -23.435 318.002 149.663 -22.765 216.099 173.428 -22.556 456.545 126.237 -27.587 6.391 102.597 -25.374 358.464 254.676 -20.802 269.487 106.932 -18.969 449.814 36.025 -26.431 135.579 392.466 -21.796 154.043 205.728 -22.758 484.150 30.212 -24.323 375.795 177.095 -24.339 469.889 42.033 -24.558 142.928 120.136 -17.333 401.858 293.149 -21.379 120.111 443.292 -18.669 272.138 76.661 -18.230 31.696 125.972 -23.457 35.040 188.789 -24.261 160.417 168.608 -22.083 70.747 231.094 -25.117 235.943 424.619 -17.766 432.792 25.734 -24.980 171.251 213.504 -23.349 204.680 356.985 -17.566 174.445 448.827 -17.751 15.869 241.414 -20.042 459.601 462.714 -21.639 173.861 5.759 -19.070 155.801 294.213 -20.162 103.701 470.967 -19.560 65.647 281.759 -22.185 39.759 79.026 -21.770 25.181 311.948 -20.641 286.839 229.792 -21.722 206.500 305.320 -18.755 214.760 10.864 -19.513 212.442 342.538 -19.207 461.133 175.329 -24.249 86.418 276.436 -21.606 417.418 212.717 -21.757 291.790 210.861 -20.336 486.018 150.745 -25.061 243.691 320.250 -19.054 454.895 251.259 -20.600 89.557 56.479 -18.661 465.078 294.878 -18.902 346.246 28.832 -19.704 249.282 394.706 -18.354 392.821 151.609 -24.353 105.556 106.920 -17.668 158.473 451.877 -18.495 90.295 37.203 -19.256 499.438 100.656 -26.093 443.754 425.442 -22.360 292.794 387.772 -17.277 260.900 100.230 -18.682 180.134 370.464 -19.834 14.269 481.014 -23.211 122.422 229.813 -22.714 286.307 480.641 -19.341 223.228 225.235 -21.096 6.480 200.728 -23.271 7.042 413.256 -23.971 455.447 274.592 -20.960 442.814 74.955 -28.793 153.073 306.978 -20.008 195.002 62.186 -16.819 233.971 24.375 -19.450 303.018 326.393 -19.496 415.426 395.960 -18.740 415.968 163.909 -24.431 69.803 75.308 -20.319 95.181 150.002 -19.197 441.469 193.895 -21.653 278.229 298.650 -21.319 411.889 313.679 -19.855 314.003 406.639 -16.318 99.678 18.474 -18.749 465.389 105.913 -27.723 234.614 13.213 -19.661 192.606 169.992 -21.978 8.826 270.385 -17.987 236.418 168.181 -21.793 5.281 388.212 -23.846 177.770 482.241 -17.979 184.464 221.715 -23.540 109.523 488.706 -19.833 61.052 454.352 -21.851 20.706 488.489 -22.653 53.643 0.592 -21.666 408.128 419.431 -19.833 455.701 437.454 -22.819 499.091 10.106 -23.294 178.016 111.711 -16.213 477.604 241.661 -18.423 254.053 402.484 -18.748 225.467 331.684 -18.727 104.397 300.809 -21.197 361.742 156.779 -25.174 420.539 382.783 -17.859 365.268 68.131 -23.113 290.736 25.003 -20.400 259.574 398.413 -18.614 243.109 169.089 -21.265 408.166 307.993 -20.553 451.596 444.832 -22.338 429.865 350.371 -20.011 18.922 407.837 -23.471 368.495 192.170 -23.644 387.216 414.607 -18.185 333.472 246.811 -22.552 243.468 491.439 -21.382 240.991 334.265 -19.405 105.317 256.455 -21.592 143.067 108.353 -16.022 340.884 306.519 -20.961 419.219 461.487 -21.847 397.078 124.762 -26.672 465.663 468.551 -23.085 69.199 48.617 -20.005 479.987 436.957 -23.612 433.038 356.487 -20.020 166.160 251.467 -20.814 456.666 331.470 -20.777 18.106 185.742 -24.055 218.587 431.207 -16.987 67.092 190.693 -22.980 382.905 361.864 -16.114 228.374 387.115 -16.653 219.367 300.373 -19.532 214.475 448.690 -15.897 421.253 424.258 -19.575 210.864 315.457 -18.281 122.889 279.948 -20.254 287.923 269.703 -23.132 356.394 6.616 -18.383 166.950 181.566 -23.458 269.091 140.765 -19.976 9.734 420.445 -23.056 412.398 267.275 -21.375 228.921 49.242 -17.789 20.884 79.548 -23.415 260.547 474.660 -20.531 176.073 288.537 -17.373 348.031 424.405 -16.338 185.477 281.903 -18.306 242.980 392.246 -17.412 101.829 199.450 -23.034 183.213 381.902 -19.478 114.423 409.508 -21.914 458.443 219.845 -19.771 149.972 29.700 -17.722 428.174 93.937 -26.926 409.763 393.127 -18.122 498.515 498.785 -23.526 127.707 130.386 -17.751 140.012 498.182 -19.461 22.830 12.993 -21.412 71.787 415.923 -23.783 127.897 6.806 -19.054 438.301 388.932 -19.371 376.341 469.423 -19.848 221.704 337.751 -18.462 86.460 174.515 -21.082 266.125 126.289 -19.152 426.508 394.198 -19.421 187.803 382.597 -17.696 126.387 411.763 -21.947 63.229 80.301 -20.694 287.459 280.700 -22.474 293.772 170.985 -21.019 4.701 123.457 -25.388 469.456 50.837 -25.910 102.451 437.037 -20.283 353.531 126.949 -25.599 252.214 139.906 -18.507 297.287 288.961 -23.704 213.814 239.676 -20.967 3.092 267.793 -16.735 366.679 174.854 -25.274 221.515 362.050 -17.006 7.313 317.039 -20.033 259.834 338.451 -19.043 3.540 180.720 -23.693 451.951 499.259 -24.375 242.414 355.584 -18.522 461.516 261.031 -20.102 284.346 163.890 -21.339 241.151 150.670 -20.029 413.448 430.355 -19.980 366.534 231.773 -22.611 395.070 432.450 -20.203 177.822 76.380 -17.685 169.241 200.660 -23.786 459.310 92.587 -28.144 1.329 135.849 -24.694 236.547 418.191 -16.984 470.062 355.270 -20.336 32.494 251.003 -21.085 255.869 132.044 -18.574 159.665 237.404 -22.272 294.171 56.729 -18.352 390.375 479.434 -19.505 155.559 330.890 -20.138 323.748 1.989 -18.313 180.908 492.133 -18.861 174.935 330.582 -21.020 95.474 475.484 -19.832 72.376 444.129 -23.678 222.603 181.457 -22.445 235.942 207.723 -22.325 189.661 349.506 -19.443 302.916 249.778 -22.011 458.935 319.952 -19.452 8.131 81.603 -24.434 433.441 175.143 -23.914 433.423 256.624 -19.984 293.269 412.573 -17.632 280.814 361.354 -19.124 458.258 142.668 -26.949 419.513 104.654 -27.509 383.680 445.699 -19.236 436.077 462.673 -21.963 245.526 457.220 -19.395 372.096 259.652 -21.875 388.478 366.173 -16.876 68.857 13.558 -20.679 361.300 474.233 -18.099 267.245 354.475 -18.251 56.176 269.802 -21.223 219.853 12.512 -18.770 97.582 207.070 -21.655 3.067 366.772 -22.689 176.944 275.814 -18.887 378.297 64.011 -24.783 296.037 379.835 -16.981 490.696 268.067 -16.756 6.141 228.980 -20.467 162.144 231.145 -23.488 297.076 238.590 -22.489 284.479 474.442 -19.091 474.593 201.032 -21.273 449.879 422.539 -23.194 203.367 197.434 -23.065 405.077 212.358 -22.869 180.531 418.170 -17.761 380.212 36.486 -22.224 3.625 205.442 -22.589 62.259 31.706 -19.096 380.925 487.863 -18.998 200.525 451.997 -16.581 490.957 168.862 -23.314 51.669 144.353 -23.321 168.925 437.711 -17.589 271.058 274.590 -22.844 249.121 380.447 -17.693 253.562 475.854 -19.542 270.468 214.229 -21.274 95.082 285.433 -20.245 154.846 493.716 -21.280 381.091 301.533 -19.839 393.638 306.206 -21.423 477.004 180.031 -24.750 109.594 81.064 -17.562 261.071 162.922 -21.709 400.735 131.575 -27.486 88.450 108.167 -17.562 140.564 292.227 -20.031 19.623 98.696 -24.394 255.076 263.048 -21.621 460.669 351.457 -20.011 447.037 20.220 -26.145 264.800 248.999 -22.514 284.908 301.641 -20.616 305.277 242.336 -21.238 136.010 256.606 -20.861 8.932 31.127 -22.491 271.423 337.649 -18.520 440.726 69.485 -27.244 320.567 369.113 -17.696 86.446 340.108 -21.988 450.219 199.397 -21.610 44.533 222.978 -22.355 119.524 436.902 -19.286 342.201 353.959 -16.792 13.266 456.291 -24.171 33.953 332.045 -21.505 261.960 176.687 -22.688 437.214 148.614 -25.437 151.621 345.184 -21.776 18.413 138.752 -23.624 123.785 103.409 -15.694 250.380 230.281 -21.122 32.008 164.426 -22.873 55.317 119.878 -22.440 477.083 256.211 -17.702 4.676 474.840 -23.916 154.616 467.399 -18.598 71.332 279.896 -20.300 284.443 497.745 -20.664 395.959 7.471 -21.511 86.260 405.899 -25.641 351.705 169.561 -24.304 107.301 98.439 -18.087 298.985 37.181 -21.137 51.451 425.237 -23.935 16.699 220.018 -22.488 324.646 180.467 -21.587 93.330 1.163 -17.989 81.160 260.721 -19.857 289.348 186.946 -22.157 98.412 310.194 -20.747 438.203 357.335 -20.019 378.479 268.257 -21.232 65.146 475.015 -20.381 237.948 494.934 -21.025 37.193 69.672 -22.948 12.953 401.900 -24.234 165.610 71.470 -17.315 441.701 312.499 -19.316 279.007 472.944 -19.636 394.008 248.552 -21.606 341.299 337.280 -18.880 195.138 351.632 -18.312 75.297 299.177 -20.348 401.067 443.193 -19.355 12.746 237.811 -20.094 475.793 88.885 -27.275 171.668 36.566 -17.925 356.937 292.285 -22.491 274.890 219.600 -20.132 356.930 479.914 -17.177 92.523 207.531 -21.885 32.575 24.397 -21.631 307.906 268.345 -23.066 205.649 368.587 -16.066 144.765 262.128 -21.152 213.164 141.899 -19.395 254.020 98.383 -17.926 455.517 185.528 -22.096 473.554 312.900 -19.241 189.726 1.034 -18.736 276.993 55.759 -19.041 126.572 174.904 -23.539 172.565 407.746 -19.126 20.132 228.212 -21.313 82.206 200.457 -20.974 88.215 162.610 -20.069 424.739 161.406 -25.505 386.172 108.219 -26.051 83.668 412.503 -24.546 15.916 16.406 -21.837 81.018 46.236 -18.875 172.301 343.443 -20.985 464.959 329.753 -20.118 118.661 25.379 -18.315 76.671 274.821 -21.136 485.750 94.394 -26.866 429.803 112.950 -28.212 108.001 423.977 -21.096 292.177 393.509 -16.583 190.338 333.787 -20.691 297.000 429.659 -18.496 121.521 98.978 -16.799 80.901 119.221 -20.207 152.620 0.988 -19.268 226.739 275.879 -18.675 361.508 138.449 -25.344 453.024 343.988 -21.281 443.887 99.860 -28.035 315.646 62.898 -20.139 452.961 417.772 -22.652 144.725 412.882 -21.600 4.545 57.404 -24.149 122.270 336.858 -22.462 286.843 343.504 -17.968 3.135 320.936 -20.997 401.698 158.535 -23.901 116.361 18.546 -19.526 59.283 469.036 -22.229 474.640 434.962 -23.421 449.254 125.240 -27.587 47.113 487.685 -22.523 344.642 342.583 -18.808 492.412 424.700 -24.151 347.923 463.762 -18.289 76.211 488.531 -18.870 216.243 398.328 -16.174 158.532 175.580 -22.575 39.143 137.927 -24.522 222.055 254.794 -19.144 271.255 407.641 -16.012 52.276 69.709 -21.431 401.453 4.173 -22.294 58.195 371.707 -26.081 249.824 442.546 -17.403 230.153 280.812 -18.658 374.876 43.905 -22.485 191.594 205.404 -23.939 351.095 252.424 -22.061 99.231 355.144 -22.778 189.171 248.583 -21.912 454.010 371.771 -20.623 226.402 194.594 -22.458 273.797 364.687 -18.662 0.037 375.291 -24.187 225.330 118.044 -18.118 438.586 220.432 -20.692 317.037 164.076 -22.295 469.281 38.125 -24.386 216.109 37.241 -19.301 5.056 173.452 -22.972 177.538 187.203 -23.243 424.087 100.772 -27.673 189.460 51.264 -17.952 473.691 289.129 -18.879 280.156 156.270 -21.127 417.890 175.486 -25.175 414.279 19.473 -24.971 438.229 43.402 -26.451 119.322 200.435 -22.409 36.971 338.175 -22.490 401.284 18.929 -24.703 194.581 394.623 -17.794 180.127 144.343 -20.834 396.112 368.660 -17.899 255.028 462.224 -19.856 494.975 377.108 -22.878 259.442 389.710 -18.302 413.426 232.642 -20.925 137.601 441.404 -20.137 333.767 413.615 -15.646 236.136 468.753 -20.151 22.098 460.310 -25.300 381.232 43.090 -23.164 10.368 19.314 -22.518 33.671 256.301 -21.209 400.833 461.009 -21.517 361.071 211.790 -21.675 165.891 110.903 -17.309 291.396 129.589 -21.395 324.471 493.146 -17.247 354.207 4.339 -18.016 10.832 481.705 -22.620 176.282 15.130 -18.551 251.637 17.742 -20.966 394.096 212.220 -22.129 475.429 54.052 -25.906 284.376 263.164 -23.303 9.018 70.913 -25.531 26.766 212.847 -23.981 411.099 488.095 -22.182 263.647 307.168 -20.847 154.731 360.385 -21.405 355.306 211.028 -21.475 207.639 333.334 -18.676 340.131 111.767 -23.658 223.889 155.321 -20.271 190.885 388.973 -18.023 99.348 118.008 -17.148 264.611 48.465 -19.316 85.404 117.478 -19.366 307.848 293.579 -21.940 20.567 141.716 -23.758 234.159 402.123 -17.231 401.249 80.572 -26.776 372.839 112.300 -26.480 345.136 157.004 -23.727 484.091 280.771 -17.700 175.794 385.106 -19.890 358.136 429.587 -17.343 153.333 1.840 -18.902 398.589 413.718 -18.337 63.840 337.979 -22.565 18.148 377.085 -23.914 403.661 338.996 -18.469 272.476 359.807 -18.025 229.324 260.571 -18.754 484.322 304.823 -19.839 252.865 482.163 -20.813 468.797 334.949 -20.919 425.639 241.578 -20.807 458.639 230.700 -19.718 154.769 418.091 -20.582 67.344 101.040 -20.513 185.224 432.292 -14.979 203.450 487.061 -18.942 409.991 199.414 -22.975 457.935 81.827 -28.635 336.640 75.002 -22.682 54.639 356.320 -24.492 104.387 118.667 -16.997 195.302 361.609 -19.214 192.180 5.489 -19.834 224.082 443.427 -17.723 323.089 162.122 -22.972 413.109 357.642 -18.443 319.129 405.395 -15.997 455.711 89.596 -27.783 108.987 179.361 -21.534 371.063 331.378 -18.111 361.236 445.486 -17.092 75.282 476.093 -21.701 494.033 140.832 -24.570 318.421 337.806 -18.511 158.764 135.984 -18.058 398.509 263.558 -21.275 106.449 230.937 -24.090 7.795 252.193 -18.222 262.515 355.406 -18.541 171.249 485.365 -19.024 497.891 106.810 -26.974 161.810 192.261 -24.523 228.015 180.080 -22.534 188.116 238.587 -21.097 343.644 330.929 -19.410 379.534 137.813 -26.347 295.330 466.601 -18.764 202.713 14.090 -18.678 493.539 124.703 -25.578 125.523 400.356 -22.873 486.272 475.373 -21.772 323.216 25.572 -18.409 19.874 149.684 -23.132 9.146 171.080 -23.464 244.607 382.170 -18.348 350.469 76.483 -23.730 40.936 106.789 -22.368 406.493 174.181 -22.533 99.516 212.778 -22.828 213.318 491.994 -20.143 25.231 324.446 -22.378 174.697 117.832 -16.470 427.581 52.072 -26.141 310.873 472.775 -18.977 300.347 6.392 -20.683 180.661 306.703 -19.024 259.286 284.047 -20.654 204.370 468.390 -17.759 195.875 368.616 -16.501 331.442 457.569 -18.267 499.399 451.900 -24.229 451.384 110.905 -27.227 111.892 205.265 -21.600 497.316 205.014 -21.767 71.811 480.354 -19.805 482.697 19.497 -23.689 152.394 401.023 -20.094 383.816 294.922 -20.812 9.507 317.825 -20.909 7.667 474.919 -23.676 270.422 429.687 -17.322 430.258 395.611 -19.836 313.473 30.799 -19.874 135.541 232.305 -22.652 228.063 37.944 -18.600 70.021 62.101 -20.893 184.149 149.848 -21.703 317.672 401.607 -17.294 450.808 168.139 -23.843 277.781 395.195 -17.774 107.416 37.872 -17.710 104.134 182.367 -21.633 259.147 437.623 -17.992 402.456 407.435 -18.343 406.422 168.255 -24.076 490.279 36.988 -24.479 438.349 25.615 -26.143 481.873 493.028 -23.568 17.852 427.408 -23.364 109.372 24.965 -17.733 198.303 204.752 -23.665 104.997 492.386 -19.096 182.333 4.882 -19.598 218.127 406.032 -17.689 114.024 237.451 -21.803 234.554 250.856 -21.045 441.088 439.877 -23.290 173.787 366.616 -20.726 189.242 303.140 -17.715 132.870 475.342 -18.775 342.640 487.484 -16.810 461.641 438.026 -23.253 284.446 195.329 -21.258 87.920 127.637 -20.001 465.609 158.760 -25.563 246.102 237.994 -20.798 316.382 432.495 -17.612 103.302 68.828 -17.066 220.574 84.264 -17.338 248.948 293.834 -20.526 3.823 41.584 -23.045 244.726 444.882 -17.980 37.392 397.202 -25.491 64.810 12.031 -21.373 332.669 342.823 -18.677 357.010 316.228 -21.543 260.116 349.562 -18.198 351.734 259.452 -21.115 98.255 483.507 -19.284 88.804 287.106 -20.641 367.777 336.650 -18.017 25.227 377.427 -23.467 494.326 410.136 -24.112 280.597 467.633 -18.683 417.207 424.300 -20.031 7.377 30.521 -21.999 237.683 288.197 -19.929 272.646 0.173 -21.242 473.691 112.967 -26.614 35.621 455.687 -23.917 429.920 382.885 -17.932 385.766 344.270 -16.639 9.271 294.647 -18.278 283.513 98.661 -19.697 368.526 62.916 -24.146 22.887 270.097 -17.822 86.313 5.319 -17.976 240.238 287.844 -20.939 51.777 237.282 -21.993 440.298 474.084 -22.388 124.096 456.824 -18.710 67.215 304.491 -19.907 94.033 64.139 -18.431 97.894 42.449 -18.254 6.325 1.734 -22.473 80.108 469.366 -20.729 390.539 308.037 -19.537 57.188 160.672 -21.242 327.687 117.102 -22.243 358.923 188.209 -22.432 396.652 418.486 -19.292 411.173 260.967 -21.159 53.241 254.569 -21.545 303.089 425.421 -18.526 254.127 186.085 -23.436 319.822 147.246 -22.631 347.591 451.286 -17.298 331.641 406.194 -15.157 457.204 222.928 -19.835 373.646 438.164 -18.499 223.540 358.267 -17.084 278.032 498.324 -21.290 409.379 405.122 -18.481 346.938 26.031 -19.385 277.109 193.359 -23.592 247.415 413.541 -17.457 135.543 130.232 -17.172 479.640 37.513 -24.092 386.214 449.068 -18.592 489.150 206.248 -21.788 447.335 6.717 -25.118 97.054 367.888 -24.485 53.747 170.715 -22.416 305.420 0.214 -19.168 403.230 33.669 -24.906 198.943 254.859 -19.930 401.676 57.390 -26.889 34.187 243.835 -21.610 197.808 375.581 -17.687 14.660 413.067 -23.735 248.629 63.080 -18.201 370.960 356.582 -15.346 36.300 324.944 -20.669 256.838 375.929 -17.769 484.793 181.581 -24.061 326.160 394.211 -15.816 45.762 100.840 -22.430 226.045 244.656 -19.494 281.521 207.426 -21.530 323.037 412.895 -16.300 348.373 139.067 -24.993 3.151 120.017 -24.910 183.590 189.255 -23.522 447.851 319.846 -19.488 368.845 2.308 -18.367 490.862 241.593 -16.779 385.095 465.919 -20.309 216.806 99.701 -17.304 223.552 429.217 -18.155 433.316 42.500 -25.897 379.130 26.368 -21.605 305.675 431.405 -18.486 396.172 14.156 -21.545 444.938 376.411 -20.318 92.644 7.214 -18.685 207.592 37.464 -18.129 324.133 469.591 -18.684 64.227 360.529 -25.303 52.626 32.538 -21.554 251.278 251.763 -21.615 283.054 180.879 -22.541 213.484 226.479 -22.589 157.322 98.692 -16.422 330.719 144.460 -22.737 291.570 123.019 -20.094 266.751 176.608 -22.766 189.306 278.761 -18.693 392.517 122.075 -27.249 259.856 226.056 -20.971 169.157 412.769 -19.790 255.599 161.741 -20.964 78.983 269.708 -21.729 389.128 392.880 -17.598 494.859 217.150 -21.305 471.742 481.087 -23.024 47.012 3.459 -20.690 23.913 426.223 -22.629 487.486 154.801 -25.550 416.339 93.859 -28.583 118.272 344.334 -22.256 239.029 187.558 -23.083 132.468 439.000 -18.380 261.618 493.560 -20.686 427.222 406.344 -19.907 456.295 263.130 -20.492 220.943 173.187 -22.650 330.898 461.135 -18.181 497.567 39.179 -23.136 46.671 241.958 -21.278 375.764 130.292 -25.873 435.718 211.048 -21.290 265.245 145.447 -19.697 497.824 428.700 -23.753 394.459 463.456 -20.672 201.341 0.913 -19.520 40.959 432.863 -24.723 117.994 151.305 -19.757 2.197 329.482 -21.664 405.296 162.772 -24.863 336.461 89.010 -23.487 415.392 224.236 -21.781 321.479 251.670 -21.938 75.600 469.055 -21.090 271.949 288.643 -22.130 333.144 218.170 -22.745 205.257 405.400 -17.946 308.204 442.584 -17.935 104.474 368.647 -23.497 486.580 287.567 -17.019 213.387 5.708 -20.408 276.547 481.874 -19.698 379.316 326.693 -18.498 355.658 177.514 -24.232 242.644 350.090 -18.158 282.415 269.075 -24.643 46.803 80.055 -22.088 364.032 46.728 -21.845 434.189 280.422 -19.204 417.169 0.177 -23.514 424.778 41.103 -25.427 135.408 144.169 -19.843 372.772 312.732 -18.597 385.373 301.018 -20.555 171.729 15.870 -18.192 139.452 261.272 -21.090 74.445 193.737 -21.315 194.886 6.747 -19.262 349.694 400.970 -15.427 368.210 368.580 -15.338 93.555 0.930 -18.014 215.488 473.237 -17.727 100.299 248.710 -22.848 420.034 497.275 -22.204 440.260 298.814 -19.877 426.821 373.802 -19.164 2.832 344.076 -22.952 11.842 166.454 -23.947 433.736 482.113 -23.313 65.655 303.093 -21.227 127.185 35.102 -18.027 397.137 32.476 -23.730 154.769 143.741 -19.226 138.841 349.115 -22.456 372.114 118.814 -25.742 71.085 68.239 -18.990 490.640 332.201 -22.293 357.420 382.038 -16.702 357.975 349.293 -16.561 27.596 292.525 -20.421 199.608 334.639 -19.032 434.833 254.712 -19.782 290.109 18.680 -21.354 426.324 229.902 -20.435 361.626 369.964 -15.826 227.083 497.057 -21.020 464.934 481.073 -23.782 191.917 362.441 -19.905 345.936 82.182 -24.724 417.561 349.248 -18.954 459.433 129.851 -26.967 461.938 473.182 -21.615 60.725 429.497 -25.324 114.388 162.380 -21.078 374.287 273.533 -22.195 376.867 335.222 -17.839 454.872 49.711 -27.038 219.894 6.426 -19.239 434.049 493.731 -23.045 380.890 376.369 -15.452 343.069 450.185 -16.181 124.578 424.787 -20.190 456.375 426.147 -23.547 329.501 479.232 -17.336 453.461 330.394 -20.302 498.041 268.981 -17.580 139.622 297.756 -20.261 297.410 335.953 -19.034 355.691 69.319 -23.328 112.887 273.410 -21.082 250.064 218.183 -22.023 144.866 437.338 -19.238 261.273 37.875 -19.784 54.748 406.494 -24.618 267.489 337.012 -18.457 487.731 10.887 -23.666 409.837 6.609 -22.061 473.204 5.908 -23.266 452.560 291.763 -19.861 13.636 462.242 -23.611 62.758 348.464 -24.007 95.237 11.529 -19.234 499.225 235.509 -17.748 315.111 410.610 -16.981 459.462 381.352 -21.118 424.276 249.469 -19.966 463.759 178.893 -23.472 320.477 120.331 -21.583 39.032 475.366 -24.842 73.269 115.335 -20.046 24.762 487.990 -22.837 349.571 363.458 -16.206 476.906 43.913 -24.935 436.726 289.207 -20.022 289.572 421.837 -17.932 132.809 174.853 -22.715 466.633 185.615 -23.107 484.698 6.022 -22.697 19.073 249.795 -20.135 229.112 393.869 -16.860 454.493 386.870 -21.857 329.313 320.470 -20.953 427.913 460.618 -22.141 159.967 376.753 -21.534 287.225 41.618 -19.945 300.438 79.472 -20.430 158.168 386.411 -21.114 76.999 24.367 -19.516 0.779 413.962 -23.438 283.140 372.224 -18.158 306.761 42.391 -19.931 370.795 231.213 -22.677 497.492 320.106 -21.083 441.792 421.871 -21.377 5.202 487.333 -24.474 97.059 409.449 -22.504 112.004 54.332 -16.795 297.718 11.901 -20.575 479.723 11.478 -23.469 136.761 318.895 -20.027 407.886 155.998 -25.010 401.665 172.593 -22.984 118.073 55.545 -16.488 275.563 202.914 -23.142 44.140 13.078 -22.048 290.890 75.700 -19.557 299.721 57.464 -18.988 154.001 131.744 -16.642 138.971 313.110 -19.891 217.360 420.123 -16.958 398.587 361.501 -18.497 79.993 122.746 -21.478 479.210 155.666 -24.753 36.905 497.692 -21.750 8.825 193.721 -23.932 281.097 479.518 -19.468 206.308 131.918 -17.438 21.433 156.565 -23.923 260.849 423.714 -18.142 401.502 191.136 -24.323 259.540 68.945 -18.725 278.790 427.518 -17.771 480.286 163.621 -24.389 457.887 177.178 -22.189 0.131 200.708 -22.285 234.622 325.288 -19.234 108.504 463.147 -20.101 246.842 186.504 -22.583 70.798 163.115 -20.375 137.149 50.391 -17.899 233.942 99.651 -17.673 178.785 87.215 -16.265 161.556 155.272 -20.511 18.429 88.190 -23.729 280.745 287.123 -22.099 436.210 338.759 -19.832 424.240 62.155 -25.419 156.996 11.214 -19.699 92.645 467.297 -21.766 473.110 92.834 -27.429 177.261 400.845 -19.301 76.247 198.688 -22.128 111.269 305.428 -20.764 409.469 63.254 -26.256 375.229 320.262 -18.362 454.288 149.543 -26.547 145.400 201.113 -22.310 217.290 324.756 -17.985 417.304 249.573 -19.601 464.830 43.445 -25.768 295.152 182.737 -21.386 249.482 355.045 -16.963 243.426 249.046 -20.194 265.009 436.136 -17.462 395.436 494.505 -21.950 78.337 445.326 -21.040 57.536 260.718 -20.695 59.286 233.293 -22.538 146.092 338.919 -20.346 414.614 5.887 -23.748 277.718 13.028 -21.099 224.155 40.771 -16.890 39.169 217.006 -23.623 55.020 447.672 -22.802 339.380 368.273 -16.001 0.344 256.171 -18.227 15.688 42.422 -23.655 443.998 255.379 -20.885 7.488 262.206 -18.423 137.363 124.128 -17.509 35.766 157.538 -24.031 174.158 349.272 -20.908 495.326 275.946 -16.907 169.317 106.185 -16.934 184.127 126.578 -18.485 291.866 112.356 -19.860 178.572 162.461 -22.343 125.143 6.759 -19.053 267.826 1.029 -20.229 136.079 281.812 -19.755 13.043 211.697 -22.524 115.415 28.188 -18.334 460.647 137.982 -27.636 18.420 448.692 -24.434 234.354 237.538 -20.151 2.380 282.504 -18.095 456.829 65.078 -28.093 210.389 75.551 -17.677 431.957 286.798 -20.454 17.541 460.445 -24.769 425.091 499.227 -22.854 388.381 293.640 -21.413 238.650 358.059 -17.220 340.355 44.807 -20.743 65.250 68.638 -20.870 159.699 362.134 -21.284 412.231 499.668 -22.730 290.079 225.198 -21.684 243.959 471.157 -19.744 24.017 48.955 -23.571 300.333 208.188 -21.429 147.302 204.908 -23.549 250.148 92.956 -19.600 301.256 5.441 -19.567 393.369 0.129 -21.984 434.430 169.628 -24.775 404.428 487.229 -22.060 6.921 50.817 -23.993 466.840 256.571 -19.915 27.880 131.031 -23.887 411.875 210.813 -22.923 204.716 31.725 -17.554 499.722 24.873 -22.611 330.876 169.482 -23.621 215.587 150.888 -20.319 388.919 456.534 -19.176 105.948 192.386 -21.164 358.558 408.029 -17.027 16.703 268.260 -18.713 461.441 289.329 -18.948 137.268 304.910 -19.640 379.510 480.522 -18.717 144.242 469.400 -18.731 274.068 344.490 -17.581 116.847 181.272 -22.639 50.368 326.745 -22.336 126.573 50.147 -17.098 381.456 79.958 -26.198 38.861 287.230 -21.117 298.350 375.242 -16.821 472.845 30.274 -23.741 159.731 411.816 -20.672 219.062 254.594 -19.135 197.094 187.070 -23.458 86.731 395.200 -23.756 498.429 312.621 -20.764 370.607 168.223 -25.387 40.975 67.600 -21.905 217.975 16.711 -18.232 353.635 162.279 -25.373 6.034 236.037 -18.981 321.865 228.982 -22.202 114.158 331.684 -22.230 377.165 294.775 -21.623 74.539 238.689 -22.464 101.832 363.294 -23.519 451.914 32.337 -25.477 366.002 391.758 -16.394 22.908 493.617 -22.257 312.097 469.848 -18.350 461.015 250.892 -19.653 223.349 74.086 -18.480 476.810 192.831 -23.503 427.161 81.367 -26.596 222.741 236.316 -19.991 432.381 69.492 -26.897 45.885 168.009 -22.795 197.042 239.983 -21.872 463.315 486.945 -23.779 357.777 30.937 -20.606 160.262 282.171 -19.720 155.357 80.952 -16.017 417.979 63.096 -26.199 419.012 286.395 -20.014 252.850 3.099 -21.490 477.074 119.793 -26.410 101.210 266.851 -20.721 192.571 438.852 -16.558 11.325 375.434 -22.805 19.923 125.187 -23.522 468.251 498.384 -23.998 91.681 493.512 -19.189 5.204 364.038 -22.577 197.083 73.893 -17.355 498.925 398.863 -22.956 345.554 457.587 -17.131 419.874 357.776 -18.770 5.534 425.279 -24.246 313.632 326.621 -19.103 126.468 311.606 -20.077 118.986 248.515 -21.791 401.970 232.277 -22.042 78.789 169.236 -20.916 8.350 461.232 -24.103 120.407 423.506 -20.056 2.694 231.657 -19.532 288.505 182.354 -21.674 234.870 258.861 -20.991 493.740 486.929 -23.676 205.081 0.098 -19.475 140.687 212.857 -23.051 104.683 276.541 -21.559 290.828 324.414 -19.630 368.265 206.623 -22.201 216.945 376.565 -16.178 189.471 337.652 -19.909 295.110 106.407 -19.864 34.879 93.543 -22.986 77.946 31.385 -18.754 187.921 24.513 -18.579 231.647 456.646 -17.020 394.945 237.121 -21.385 207.376 142.619 -20.128 169.794 425.632 -18.683 213.896 499.040 -20.324 89.760 290.448 -20.713 15.066 295.371 -18.584 449.313 411.317 -22.538 206.044 93.355 -16.387 400.208 425.701 -19.237 482.981 318.423 -20.444 26.796 217.551 -23.452 388.100 0.392 -20.036 493.466 172.376 -23.430 80.306 105.506 -19.228 187.145 401.367 -18.962 143.376 444.172 -18.216 368.620 345.738 -18.300 132.031 114.329 -15.993 348.990 304.116 -21.577 56.994 324.259 -22.442 337.592 313.356 -22.710 180.727 469.629 -18.091 418.310 75.892 -26.439 473.876 462.665 -22.681 42.882 194.611 -25.318 32.811 192.854 -24.127 135.145 243.120 -22.022 476.235 269.862 -18.290 25.588 124.865 -24.421 445.582 200.014 -21.448 492.336 248.830 -17.639 157.891 401.050 -20.816 152.101 137.539 -17.994 402.346 165.203 -24.379 58.577 181.561 -23.004 100.855 227.973 -24.979 120.738 124.644 -16.559 307.801 358.532 -18.622 340.560 228.199 -22.149 345.594 6.335 -18.443 461.417 449.062 -22.292 92.682 199.931 -21.884 277.306 125.935 -19.581 153.190 324.606 -20.188 1.116 144.149 -24.295 84.761 356.342 -23.949 309.228 463.756 -17.916 417.264 409.844 -20.211 128.607 305.053 -20.392 287.611 254.648 -23.994 44.434 425.601 -24.124 418.141 13.589 -23.605 408.713 225.565 -22.952 253.014 74.787 -19.188 113.986 212.319 -23.316 248.832 43.226 -19.046 169.952 122.830 -17.203 317.171 105.520 -21.252 482.148 293.153 -18.615 211.364 56.021 -17.363 68.917 486.796 -20.393 142.375 354.392 -22.442 470.413 455.963 -22.444 223.435 49.763 -18.419 217.794 381.590 -14.954 247.513 51.284 -18.534 322.828 450.916 -18.728 298.025 322.764 -18.580 15.477 194.411 -23.629 318.101 82.491 -20.989 235.860 482.306 -20.846 300.705 418.633 -17.574 151.698 225.500 -23.642 255.523 445.590 -19.682 131.931 313.997 -20.289 332.398 186.694 -22.490 369.133 451.143 -18.047 297.662 497.521 -20.090 247.004 225.789 -23.085 359.319 174.947 -24.283 57.396 172.607 -22.657 468.774 138.021 -26.775 341.349 149.963 -23.174 439.100 279.721 -20.271 446.478 381.944 -18.890 84.755 232.386 -24.776 285.254 74.796 -18.405 183.873 349.158 -21.471 31.429 138.145 -22.981 430.540 12.407 -24.704 35.118 480.276 -23.878 205.630 429.978 -16.496 56.280 10.567 -20.677 166.910 345.619 -20.691 228.004 186.562 -21.978 213.635 68.452 -17.839 171.705 448.597 -18.569 355.886 336.555 -17.401 424.767 323.050 -19.162 275.580 292.486 -22.235 118.589 499.288 -20.029 77.468 19.468 -20.184 31.425 368.338 -26.087 175.617 24.173 -18.330 478.931 69.737 -25.882 114.858 62.088 -16.928 297.221 0.730 -19.696 446.690 268.990 -20.920 461.170 499.628 -24.834 352.393 379.176 -15.346 174.926 132.495 -17.833 11.015 393.208 -24.051 316.544 443.087 -17.376 138.627 161.727 -21.933 441.448 37.690 -25.812 458.749 355.767 -19.362 344.893 193.776 -23.007 444.880 392.916 -19.302 147.570 392.489 -21.399 494.008 499.603 -23.855 426.840 68.647 -25.292 418.374 148.393 -26.130 302.683 36.139 -20.153 250.125 155.302 -20.818 89.590 3.484 -18.593 73.750 56.997 -19.316 372.765 480.066 -18.160 256.969 199.360 -23.569 352.635 400.892 -16.220 286.749 54.878 -18.749 305.572 156.187 -21.845 363.656 289.608 -22.126 401.833 343.151 -17.848 463.405 187.845 -22.867 21.181 428.868 -23.065 437.311 224.790 -21.819 125.186 380.017 -22.886 328.422 161.233 -22.925 453.604 180.865 -22.080 1.159 324.860 -21.413 124.252 481.272 -19.619 155.952 243.604 -21.362 73.189 382.140 -27.011 319.439 179.883 -22.365 45.127 498.707 -21.489 58.435 376.055 -26.516 442.942 87.657 -28.306 238.506 18.851 -20.661 347.912 326.449 -19.417 488.265 175.040 -24.424 235.407 175.550 -23.322 32.410 236.114 -22.159 36.348 357.345 -23.725 32.105 262.437 -20.871 237.557 30.689 -19.484 390.180 383.008 -16.288 339.910 142.728 -23.821 310.855 140.360 -22.149 474.078 161.078 -25.053 264.016 2.826 -20.956 394.393 244.235 -21.778 352.086 242.721 -21.561 320.488 418.924 -15.205 350.615 385.930 -14.282 222.993 279.927 -18.244 255.153 169.741 -22.317 268.163 81.293 -19.861 31.538 499.977 -21.584 221.891 266.790 -18.022 290.471 498.081 -20.279 425.828 269.468 -20.755 110.620 443.492 -18.660 142.801 31.853 -17.342 116.735 168.341 -21.966 49.703 86.720 -22.239 356.831 330.447 -19.185 486.368 268.083 -16.944 94.990 123.511 -17.062 215.130 126.016 -18.979 381.640 370.943 -15.830 194.631 117.782 -17.311 153.651 412.285 -20.431 95.359 164.098 -20.832 482.664 135.043 -25.927 449.762 399.624 -20.426 398.977 313.140 -20.207 160.303 265.404 -20.852 211.191 411.590 -17.755 413.156 331.891 -18.203 65.572 443.401 -24.109 194.515 94.274 -16.262 86.929 80.259 -18.907 89.261 474.320 -21.013 200.268 162.757 -22.603 189.839 160.769 -21.921 6.066 212.670 -22.272 231.142 154.538 -20.717 277.243 443.164 -18.220 42.237 345.313 -24.755 229.938 60.770 -16.769 46.940 282.325 -21.519 335.960 189.086 -22.090 35.627 278.471 -21.018 69.858 38.751 -19.867 29.991 499.063 -22.574 56.993 247.554 -22.395 109.730 392.278 -23.727 178.604 474.281 -17.622 155.223 368.326 -22.270 468.686 325.588 -20.296 458.421 193.593 -22.421 90.675 156.321 -20.143 326.657 229.526 -21.878 267.107 324.638 -19.174 222.448 284.753 -17.823 388.238 121.226 -25.608 364.526 219.336 -22.172 116.187 155.146 -20.458 12.255 388.861 -23.280 204.950 168.960 -22.106 129.990 250.957 -21.000 195.743 450.507 -16.784 94.115 464.185 -20.886 451.822 80.385 -27.847 277.763 81.099 -18.746 474.712 348.439 -19.978 232.030 419.675 -16.847 290.540 286.635 -23.287 318.239 348.339 -17.284 309.623 62.626 -19.196 374.287 139.153 -25.468 5.682 350.332 -23.019 177.313 36.168 -18.592 209.136 146.073 -19.919 18.887 337.655 -22.824 168.132 483.258 -17.866 421.250 468.966 -23.181 430.814 65.892 -27.253 265.912 12.609 -21.223 195.158 147.712 -19.350 9.122 348.929 -22.584 89.864 356.402 -22.808 251.057 243.565 -21.111 307.269 380.891 -17.319 10.016 442.492 -23.511 219.399 342.289 -18.931 371.929 237.955 -22.143 11.214 208.982 -23.385 273.358 162.513 -20.882 489.627 183.028 -24.706 363.249 182.105 -24.724 85.807 418.386 -24.255 299.971 342.989 -17.783 264.628 163.653 -20.873 36.960 382.582 -25.333 389.671 46.820 -23.267 62.963 461.655 -22.387 237.562 343.414 -18.153 488.529 223.849 -19.389 157.067 74.474 -17.486 73.570 310.940 -20.857 312.701 436.969 -18.366 240.548 251.095 -19.896 474.159 151.852 -26.311 460.264 211.387 -20.387 494.126 361.656 -21.850 68.189 7.659 -20.991 415.117 281.867 -21.571 82.087 475.607 -21.268 377.259 58.593 -24.747 344.867 381.196 -15.471 232.566 31.250 -18.439 142.361 69.836 -16.589 127.459 239.873 -22.336 194.934 390.972 -17.861 3.760 143.962 -24.533 189.687 13.049 -19.808 281.246 31.204 -20.238 498.693 457.522 -23.155 361.390 130.049 -24.802 122.184 205.956 -22.973 311.127 380.050 -17.349 221.543 88.558 -17.349 387.947 219.995 -22.721 480.599 199.715 -22.909 192.729 367.072 -19.445 295.810 81.560 -19.687 62.354 77.980 -20.418 257.160 394.256 -18.630 323.386 473.055 -18.384 288.951 206.841 -21.101 269.355 131.236 -20.614 174.672 266.678 -19.803 155.680 356.564 -21.978 152.928 300.891 -19.248 11.373 244.833 -19.325 175.775 374.594 -21.017 35.652 419.392 -23.841 135.888 69.505 -15.694 445.550 43.405 -26.912 175.515 143.580 -20.349 243.521 81.641 -18.598 411.061 363.089 -19.095 333.024 431.980 -17.619 197.695 282.071 -18.238 75.632 263.499 -21.634 154.457 119.072 -17.351 66.256 453.996 -22.814 330.533 180.336 -23.101 218.144 468.507 -17.549 287.697 70.771 -19.264 331.979 325.699 -20.586 199.461 355.201 -17.809 44.749 474.267 -23.195 330.457 229.708 -22.568 94.223 210.852 -22.693 74.267 336.559 -20.509 434.277 230.723 -20.563 170.700 461.714 -18.689 276.263 143.760 -20.789 408.833 285.243 -21.469 348.601 436.506 -16.584 79.468 357.456 -23.659 280.273 230.535 -21.332 493.814 187.467 -25.100 262.129 375.449 -19.075 64.660 274.086 -22.140 183.259 12.254 -18.872 155.833 268.712 -20.768 375.880 107.397 -26.066 139.345 423.869 -19.894 122.710 55.971 -17.003 270.330 400.688 -18.344 401.661 329.958 -17.524 223.109 67.607 -17.831 399.660 180.498 -23.064 419.616 169.288 -24.255 121.518 75.679 -16.437 72.763 32.187 -18.577 327.427 98.182 -21.860 130.062 346.531 -22.281 267.705 41.346 -19.331 405.813 49.068 -25.955 84.253 18.572 -19.649 33.583 218.247 -24.113 97.534 283.637 -19.703 132.399 62.926 -16.888 156.630 473.607 -18.433 414.529 482.556 -22.531 189.678 475.597 -17.961 6.737 364.088 -22.428 245.617 313.124 -18.866 322.964 340.599 -18.163 368.871 363.590 -14.911 0.978 293.669 -18.324 335.016 64.906 -22.555 329.114 148.550 -23.971 229.075 343.721 -18.829 363.566 223.488 -22.249 218.154 312.722 -19.558 269.019 6.840 -20.421 84.203 126.773 -21.320 439.655 394.204 -19.833 110.104 494.550 -19.815 198.270 174.332 -22.848 412.454 234.557 -21.343 24.121 162.855 -24.096 82.660 337.402 -21.779 342.483 301.349 -22.486 127.488 104.178 -17.128 28.668 168.215 -23.934 192.614 129.544 -18.510 227.018 25.564 -19.232 455.999 236.994 -19.726 462.713 255.874 -19.569 44.342 387.706 -25.585 252.755 388.355 -18.263 343.486 74.937 -23.280 345.198 318.808 -21.588 427.972 105.981 -27.916 59.168 56.507 -20.744 15.729 180.864 -24.847 192.303 181.583 -23.988 173.122 292.942 -18.284 131.213 122.990 -17.163 42.987 352.297 -24.093 147.633 194.307 -23.708 254.909 340.097 -19.273 255.891 280.508 -20.434 430.795 425.395 -21.539 376.390 202.312 -22.720 157.676 149.645 -20.545 439.339 319.169 -20.266 176.006 363.734 -20.882 330.967 194.379 -22.378 379.290 386.837 -15.978 180.846 195.430 -24.783 454.005 482.427 -23.074 430.181 337.744 -20.540 127.975 337.614 -21.684 259.800 367.386 -17.527 354.395 487.219 -17.945 348.253 354.983 -15.983 377.678 100.604 -27.702 405.217 412.776 -17.855 225.514 217.579 -22.098 63.519 307.809 -20.914 387.392 167.161 -24.865 248.296 144.544 -18.746 172.771 335.715 -21.320 380.064 125.049 -25.918 122.770 432.585 -18.969 420.371 443.216 -20.704 326.759 43.721 -20.580 105.375 164.663 -22.072 256.189 317.874 -19.307 119.276 310.547 -20.473 82.372 218.670 -24.775 107.900 498.771 -18.309 444.053 362.686 -19.943 7.169 494.330 -23.720 146.746 87.117 -15.899 495.458 365.362 -21.809 31.005 88.389 -22.600 182.928 356.383 -20.442 289.380 156.153 -21.936 496.294 69.196 -25.128 152.083 388.994 -21.015 266.087 88.743 -18.444 350.728 4.074 -18.895 124.881 181.212 -22.605 251.356 350.514 -18.655 340.789 249.909 -22.935 98.681 55.601 -18.191 237.686 307.526 -18.843 283.788 176.397 -20.907 303.308 438.334 -18.113 190.426 411.685 -16.978 475.671 338.064 -19.996 328.950 199.592 -21.247 210.459 98.971 -15.083 143.429 274.457 -19.449 229.385 225.965 -22.569 172.848 156.056 -21.507 99.102 394.146 -23.758 169.896 263.610 -20.320 193.565 281.130 -18.762 216.324 63.657 -17.124 490.514 79.682 -24.625 369.784 316.478 -20.138 302.383 351.162 -18.441 127.074 368.053 -22.982 277.822 337.927 -17.788 498.864 473.876 -23.191 373.815 386.310 -16.576 230.255 193.697 -22.829 326.620 256.763 -22.418 478.094 492.927 -23.716 175.484 355.913 -20.710 78.797 461.068 -20.581 245.515 370.654 -17.303 239.601 113.641 -17.338 4.898 245.469 -17.797 174.944 168.350 -22.626 116.386 262.000 -20.931 194.604 262.159 -19.447 407.281 368.670 -18.579 81.884 276.741 -21.406 303.959 491.181 -19.536 450.052 263.079 -21.114 498.465 273.507 -16.820 138.542 276.758 -20.201 308.590 305.969 -20.619 22.309 306.763 -20.418 47.489 439.222 -23.237 77.194 244.500 -21.937 237.582 130.267 -17.458 314.357 223.203 -23.002 205.964 157.123 -21.524 242.673 479.309 -20.423 27.806 7.291 -22.898 129.910 410.909 -22.300 200.527 380.964 -18.208 162.078 294.058 -18.891 1.604 93.444 -25.537 262.217 82.261 -19.480 129.390 54.332 -16.065 242.667 5.569 -21.603 422.856 475.201 -22.175 274.656 463.851 -18.824 227.555 86.145 -17.272 88.768 187.395 -21.287 495.492 473.994 -22.016 266.301 407.151 -17.790 259.866 130.374 -20.176 7.882 238.623 -19.130 3.918 160.429 -23.745 273.196 9.731 -20.081 397.755 55.253 -26.868 331.257 426.471 -17.236 90.724 297.259 -20.749 200.571 230.900 -21.999 252.695 174.571 -23.005 34.422 6.575 -22.106 400.427 498.732 -21.585 131.661 161.063 -21.961 206.603 120.908 -17.120 111.264 433.510 -19.067 482.977 488.420 -23.395 223.395 61.469 -17.982 268.576 94.073 -18.931 132.989 210.803 -22.792 418.370 399.645 -19.478 350.006 260.028 -21.120 25.874 61.480 -23.737 186.317 473.341 -19.011 152.381 188.063 -23.191 319.894 456.610 -18.003 482.691 297.843 -20.978 88.840 73.145 -18.445 251.463 493.675 -21.862 354.072 25.716 -19.923 385.198 220.519 -22.038 294.339 406.891 -18.390 6.863 138.831 -24.075 238.790 226.072 -21.264 444.738 418.632 -22.085 345.495 208.369 -21.373 141.781 294.936 -20.116 121.241 295.164 -20.031 162.768 439.584 -17.493 76.249 319.441 -20.589 431.975 235.781 -20.205 291.389 382.610 -15.830 103.590 140.766 -19.191 400.064 86.259 -26.922 164.570 123.006 -16.631 467.151 13.462 -24.605 60.306 493.910 -21.570 488.034 104.306 -26.733 56.120 113.706 -22.601 3.450 380.066 -22.807 386.379 389.032 -17.009 17.284 143.614 -24.380 357.935 242.268 -22.056 37.583 222.783 -23.358 10.065 455.876 -24.143 201.478 416.603 -16.848 202.476 123.070 -16.909 16.336 7.897 -21.580 217.052 231.787 -20.506 420.655 153.873 -25.048 473.531 249.407 -19.558 209.914 386.828 -17.328 64.043 450.403 -22.750 323.626 98.981 -23.119 165.315 299.983 -19.504 112.184 461.915 -18.557 101.750 81.213 -18.810 282.521 217.103 -20.771 76.874 180.784 -21.137 167.930 329.005 -20.703 160.759 306.836 -19.679 120.042 286.865 -20.630 322.514 344.819 -18.239 385.661 350.420 -16.850 153.058 48.914 -17.343 304.214 223.789 -21.147 461.060 338.899 -19.873 481.270 77.389 -25.367 123.990 393.451 -23.501 499.601 160.940 -24.067 206.561 195.110 -21.911 101.312 73.760 -17.548 155.190 380.406 -21.396 458.313 243.997 -19.256 264.532 361.721 -17.982 244.747 245.823 -20.257 96.876 231.048 -24.607 292.407 265.159 -23.386 210.705 297.856 -18.672 299.010 330.516 -19.296 347.896 0.301 -18.020 432.847 82.080 -27.659 29.781 418.932 -24.238 74.193 7.034 -19.690 354.113 499.717 -17.982 296.940 87.362 -19.437 327.410 292.755 -23.857 163.211 262.016 -20.531 281.627 395.053 -17.274 63.646 216.735 -23.497 189.382 35.882 -18.369 362.615 82.680 -25.697 461.123 206.155 -20.546 480.203 463.651 -23.040 102.711 323.712 -20.742 401.980 317.537 -20.173 462.615 297.770 -19.173 61.915 116.386 -22.863 262.266 212.676 -21.499 5.544 75.755 -25.029 275.266 131.060 -19.417 383.748 374.686 -16.501 443.087 238.827 -20.103 40.722 482.662 -23.037 253.702 150.292 -20.589 0.793 462.864 -23.758 381.848 490.159 -19.883 348.487 123.020 -23.339 236.123 395.272 -17.003 301.710 219.828 -21.747 272.786 296.107 -21.627 82.736 134.689 -19.590 339.515 167.754 -23.666 0.114 36.916 -23.052 9.973 406.608 -24.160 470.911 81.437 -27.012 225.870 417.473 -17.094 119.648 461.321 -19.848 411.760 388.284 -17.614 42.155 206.521 -25.117 465.710 67.507 -27.652 148.156 217.715 -23.933 128.590 363.485 -21.504 100.896 187.106 -21.491 170.913 113.400 -16.307 202.986 136.629 -19.739 281.337 20.766 -21.313 244.611 105.000 -19.343 137.004 6.951 -19.864 299.475 19.736 -20.573 136.509 219.006 -23.355 466.716 442.431 -23.027 327.111 68.419 -20.645 489.267 92.827 -25.684 57.400 386.616 -25.783 304.397 75.618 -19.702 8.897 129.806 -24.165 379.555 411.882 -18.299 373.242 376.654 -15.535 246.448 486.919 -20.997 213.939 289.977 -18.607 305.419 144.006 -22.170 11.518 349.490 -22.072 198.087 489.678 -19.435 308.035 493.486 -18.891 2.673 56.306 -24.702 284.057 437.065 -18.949 330.208 0.767 -18.430 448.440 250.203 -19.477 115.152 438.499 -19.847 103.705 417.322 -21.135 117.755 348.872 -21.966 334.027 303.044 -22.845 281.743 200.131 -22.563 334.981 37.038 -18.730 175.701 488.129 -18.211 130.192 218.314 -22.447 35.313 167.276 -22.587 481.098 262.595 -17.763 389.528 30.305 -23.631 484.703 169.761 -23.594 329.583 223.462 -22.632 76.146 1.591 -20.563 35.191 444.220 -23.600 114.624 300.757 -20.526 416.880 182.662 -23.760 243.462 31.713 -18.957 211.481 92.482 -16.224 436.553 50.139 -25.310 66.193 25.661 -19.757 1.813 132.539 -25.075 26.028 110.842 -24.096 231.549 463.474 -18.952 184.538 454.784 -17.924 310.229 76.537 -19.545 444.893 292.329 -20.730 3.357 225.440 -20.212 447.239 130.432 -26.693 429.642 199.419 -22.551 496.289 42.899 -24.320 205.405 43.696 -17.183 0.203 138.211 -24.160 321.953 223.314 -22.292 150.844 69.596 -16.956 6.046 400.314 -24.163 496.461 280.505 -18.023 37.410 150.588 -24.091 315.218 109.275 -21.347 497.530 420.183 -22.874 475.922 0.385 -23.397 349.087 442.833 -16.891 86.501 297.649 -20.849 54.217 218.336 -24.896 360.446 438.174 -18.269 271.199 252.169 -23.153 214.500 251.094 -19.256 248.083 163.679 -21.833 485.720 350.853 -20.430 280.582 215.041 -21.655 97.632 7.079 -19.174 105.062 381.430 -25.051 198.776 482.951 -18.422 180.345 444.756 -16.723 481.737 225.675 -18.703 420.461 243.339 -20.070 119.108 371.659 -23.561 32.791 73.629 -22.632 224.146 266.827 -17.413 84.754 456.818 -21.637 412.646 10.920 -23.484 389.067 68.050 -25.221 244.600 157.083 -21.141 348.083 173.805 -23.464 11.561 173.462 -23.981 319.827 393.504 -16.857 238.404 437.461 -17.754 210.616 405.461 -17.777 492.044 239.166 -18.161 174.365 96.367 -16.578 498.654 235.477 -17.823 471.071 471.252 -21.626 157.836 464.262 -18.728 114.187 113.081 -15.803 217.793 207.035 -21.823 366.938 388.779 -15.805 235.089 163.859 -20.061 355.127 10.524 -20.033 440.054 338.004 -20.880 59.407 297.235 -20.534 11.727 26.093 -22.698 356.048 199.203 -23.313 263.013 219.813 -21.067 136.449 113.630 -17.262 442.044 326.459 -20.760 41.018 492.562 -22.155 154.477 19.364 -18.649 491.141 455.073 -23.565 24.289 496.858 -21.816 0.416 126.476 -24.884 74.507 375.576 -26.413 255.068 407.202 -19.256 370.824 93.921 -25.461 170.511 0.932 -19.600 377.184 279.985 -21.276 362.013 411.897 -18.444 474.744 75.533 -28.700 230.113 6.606 -19.802 426.203 411.684 -20.140 117.712 66.918 -17.295 78.466 81.318 -18.169 452.776 244.596 -19.615 309.458 245.351 -22.537 81.481 372.818 -25.851 340.972 205.567 -22.726 42.974 172.628 -22.856 251.623 181.740 -23.093 298.031 161.841 -20.560 111.469 418.770 -21.713 402.678 490.365 -22.464 79.048 499.039 -18.671 4.484 26.808 -22.613 475.774 133.238 -26.719 140.870 319.529 -20.930 3.941 398.652 -24.364 85.228 30.983 -19.518 329.273 474.618 -18.881 360.797 302.117 -20.872 485.760 363.796 -21.553 199.756 141.304 -20.493 107.218 73.823 -17.649 278.638 180.079 -21.597 367.986 136.905 -26.339 407.682 215.246 -21.770 359.337 450.127 -18.396 470.111 59.122 -26.083 111.396 43.762 -17.205 125.669 224.055 -22.017 39.449 383.042 -26.233 135.637 106.950 -16.338 4.690 355.573 -22.138 234.597 406.511 -17.541 491.544 231.450 -18.459 51.072 188.983 -23.567 445.177 407.711 -20.985 5.933 151.576 -24.541 208.881 64.644 -17.401 194.922 439.089 -15.946 70.667 457.621 -20.958 139.644 174.388 -23.138 266.877 495.957 -20.132 243.510 70.024 -17.850 314.989 251.908 -22.025 373.228 399.544 -17.463 143.136 56.929 -17.581 253.175 11.425 -20.863 465.138 355.960 -19.488 283.051 320.546 -18.709 466.014 340.450 -19.813 401.805 241.001 -21.993 213.416 438.515 -16.051 399.529 476.608 -20.986 59.926 243.884 -21.527 480.966 475.839 -23.167 432.674 343.755 -18.948 275.818 96.953 -19.612 194.060 273.977 -18.158 32.148 387.342 -24.897 251.120 362.039 -18.620 259.963 11.683 -20.615 77.664 186.162 -21.233 92.635 143.679 -19.905 306.314 337.198 -17.693 54.515 191.616 -24.378 322.773 387.688 -16.263 153.991 6.309 -20.980 146.743 224.145 -24.168 383.641 142.941 -25.144 273.258 121.068 -19.015 452.738 359.568 -20.066 471.936 274.658 -18.933 160.195 56.568 -18.591 9.298 105.720 -25.153 31.040 186.705 -24.604 287.722 308.356 -21.439 365.253 163.542 -24.336 354.464 422.441 -16.728 345.298 19.105 -19.478 341.065 68.257 -21.586 472.671 52.088 -25.534 203.863 6.931 -18.745 142.277 93.833 -15.824 48.253 181.306 -23.705 281.664 353.935 -18.095 450.560 285.998 -21.133 296.126 110.148 -19.764 483.941 239.499 -19.229 368.426 75.499 -25.253 208.792 167.351 -22.468 194.562 104.680 -16.876 381.703 19.962 -20.214 245.251 282.290 -20.373 193.153 163.961 -21.909 263.612 455.320 -19.279 499.943 224.640 -20.470 50.646 10.768 -20.961 236.578 439.280 -18.162 265.437 475.141 -20.049 83.405 69.410 -20.118 162.381 329.581 -21.579 250.906 47.542 -18.566 70.091 210.635 -23.424 343.405 50.834 -21.215 317.947 376.680 -17.183 476.225 317.772 -19.177 349.903 194.430 -22.050 92.056 17.617 -18.704 194.193 22.901 -20.374 132.747 24.791 -19.160 409.850 429.551 -19.764 350.802 437.348 -16.533 111.019 382.732 -23.488 475.145 235.775 -19.422 369.727 256.812 -21.750 373.705 498.920 -18.866 22.845 400.831 -24.633 487.869 36.445 -23.500 108.017 199.742 -21.845 320.445 206.394 -22.152 272.217 355.336 -17.484 415.616 257.158 -20.360 12.517 148.523 -24.024 286.479 312.966 -20.404 448.136 149.284 -26.380 452.341 268.760 -21.119 251.378 82.018 -19.077 3.872 337.719 -22.297 37.571 423.288 -23.445 459.214 167.672 -24.091 340.483 273.121 -23.867 408.061 17.199 -23.280 366.091 99.465 -25.565 9.466 433.377 -23.543 265.045 100.752 -18.770 180.931 104.344 -16.522 318.207 306.359 -21.573 21.713 282.350 -18.486 36.818 199.968 -25.114 283.538 86.129 -18.133 339.377 82.283 -23.744 224.656 407.627 -16.962 346.130 5.945 -18.937 145.876 138.004 -18.646 23.537 343.252 -22.021 114.539 450.298 -18.466 72.539 213.434 -22.311 226.619 451.564 -17.743 146.847 231.380 -22.699 442.977 450.137 -22.082 8.923 81.602 -25.054 185.043 242.681 -21.480 122.532 238.901 -22.566 186.726 345.151 -20.490 53.871 332.430 -22.259 259.185 360.784 -18.346 254.524 481.973 -19.678 145.850 113.103 -16.367 25.097 237.104 -21.591 335.249 176.687 -23.288 294.556 293.737 -21.704 170.636 305.850 -19.114 441.741 164.452 -23.771 130.554 294.733 -19.348 369.922 430.654 -18.842 472.113 68.594 -26.504 219.807 479.555 -18.866 423.426 386.593 -18.864 82.017 111.793 -20.141 337.145 161.432 -23.432 161.778 182.889 -23.603 104.039 208.586 -22.680 176.092 323.928 -20.985 153.226 314.462 -19.892 487.542 126.833 -27.135 484.930 70.110 -24.680 477.879 382.523 -22.750 319.085 41.561 -19.457 330.858 88.763 -23.206 208.585 450.293 -17.275 419.942 232.185 -20.030 327.748 298.342 -21.674 142.169 181.220 -23.812 4.850 436.068 -24.158 175.232 192.383 -24.519 457.133 376.208 -20.776 406.826 87.375 -27.021 133.889 1.003 -19.172 304.858 399.091 -17.877 60.765 146.244 -22.490 168.246 293.010 -18.228 453.308 432.283 -24.078 314.527 210.899 -21.849 477.150 80.188 -25.713 92.066 394.726 -24.648 33.166 6.467 -21.693 301.706 456.516 -17.818 219.896 273.929 -16.966 462.903 406.719 -24.329 359.457 375.043 -16.049 246.284 87.139 -17.934 228.308 424.034 -18.112 36.618 32.410 -22.778 304.634 372.397 -16.994 174.728 443.260 -17.694 439.669 154.280 -25.700 442.482 261.031 -20.985 115.530 257.439 -21.187 378.051 220.393 -23.055 17.104 400.909 -23.608 433.945 243.263 -19.739 491.485 306.735 -19.794 178.072 282.562 -18.372 144.110 6.175 -20.353 203.580 55.907 -17.628 45.153 435.781 -23.935 228.445 362.710 -16.426 310.068 348.870 -18.049 82.555 99.920 -18.604 7.912 308.012 -20.858 420.547 394.600 -18.547 145.751 312.874 -20.126 255.122 5.510 -21.569 306.659 481.599 -19.506 455.098 360.942 -20.209 186.729 355.753 -20.491 180.068 30.285 -18.888 330.417 240.948 -22.861 124.466 329.612 -22.501 477.110 220.073 -19.263 168.622 250.643 -20.485 211.815 466.923 -17.861 27.259 192.010 -24.675 294.529 305.951 -20.878 294.730 73.659 -20.125 336.715 125.965 -22.736 441.413 189.296 -22.211 2.596 219.403 -21.697 64.629 480.743 -21.386 182.439 238.004 -20.835 329.212 37.409 -19.331 409.114 28.781 -24.963 56.127 316.377 -21.117 92.334 119.206 -18.559 486.648 385.577 -23.454 154.133 316.754 -20.835 71.128 293.326 -20.637 426.188 34.793 -25.986 431.949 99.321 -26.557 494.995 209.933 -22.269 356.778 354.280 -16.151 64.521 258.523 -22.839 358.011 362.347 -15.387 308.678 405.495 -17.590 467.516 248.234 -19.896 446.555 498.982 -25.045 127.015 0.095 -19.263 0.392 61.396 -24.160 413.919 467.084 -20.915 50.640 473.476 -22.204 425.146 488.071 -23.311 486.122 337.881 -19.762 172.003 493.866 -18.818 89.803 30.967 -18.855 485.989 373.485 -21.657 10.004 3.312 -22.911 331.211 251.445 -22.479 301.237 242.914 -21.693 401.756 208.013 -22.997 223.329 493.886 -19.314 486.643 68.723 -25.284 33.466 399.206 -23.784 2.837 405.740 -24.570 118.443 206.711 -22.784 226.169 82.224 -16.969 296.714 268.994 -24.203 288.580 396.252 -17.772 391.312 375.350 -16.849 277.346 87.731 -19.068 480.357 186.289 -25.087 422.697 131.114 -25.780 263.643 41.323 -19.812 38.630 388.114 -25.727 206.424 268.097 -19.110 56.782 412.803 -25.236 15.750 187.818 -25.116 374.845 474.643 -19.092 243.717 57.910 -19.018 186.120 63.620 -18.587 152.762 274.233 -20.178 22.363 319.719 -20.581 78.964 380.246 -26.516 337.740 325.053 -20.097 238.589 155.211 -20.717 467.058 75.359 -27.654 459.914 238.986 -19.312 17.587 264.888 -18.524 3.679 118.104 -25.015 342.542 462.505 -17.453 350.543 80.376 -24.975 415.408 339.228 -20.034 139.505 7.003 -18.828 473.195 325.153 -19.313 3.842 418.052 -24.246 141.744 368.329 -23.050 335.191 138.547 -22.883 53.442 19.219 -20.561 224.833 345.180 -17.685 120.394 373.054 -22.775 440.069 60.705 -26.626 357.825 229.360 -21.170 271.212 396.092 -17.562 242.683 343.905 -16.820 46.928 479.944 -21.908 90.903 462.842 -20.857 447.808 121.389 -26.617 419.434 95.915 -27.679 413.637 43.788 -26.130 324.340 88.996 -21.773 153.498 170.658 -21.747 480.045 392.059 -23.649 397.751 420.637 -18.529 393.766 256.815 -21.290 25.066 349.162 -22.872 79.376 5.128 -18.422 201.708 405.609 -17.410 262.299 244.113 -22.047 168.403 445.463 -19.137 199.942 466.947 -17.339 391.123 351.156 -17.846 74.529 350.918 -23.291 180.946 43.697 -18.000 370.153 82.914 -24.731 451.094 453.320 -21.657 413.470 54.851 -25.907 16.803 79.342 -24.683 47.658 205.747 -24.260 302.763 130.263 -20.343 453.923 1.746 -26.237 491.057 319.287 -20.098 225.723 135.585 -19.170 26.859 3.806 -21.309 371.548 111.682 -25.942 232.434 386.860 -17.039 212.747 119.564 -17.342 163.224 409.665 -19.917 195.358 114.042 -16.441 168.420 193.838 -23.415 305.513 121.428 -21.758 467.354 88.086 -27.307 481.720 400.710 -23.872 86.273 45.131 -19.138 470.342 484.490 -23.534 181.877 200.191 -23.268 418.073 101.117 -28.231 472.160 295.088 -19.384 342.946 498.946 -17.726 153.477 54.619 -17.797 337.155 407.232 -15.463 137.919 339.705 -22.081 1.237 225.478 -21.232 453.979 111.294 -28.048 1.435 382.372 -22.605 341.233 89.854 -25.073 488.122 259.736 -17.896 0.993 112.274 -27.203 484.926 369.748 -20.890 499.752 324.808 -21.234 25.366 437.632 -23.626 466.276 367.622 -20.420 278.007 51.571 -19.448 10.526 356.665 -22.100 70.929 248.470 -22.925 38.201 412.978 -24.057 474.430 301.735 -18.388 286.687 425.688 -18.143 424.747 137.279 -26.409 3.129 394.038 -24.650 210.751 373.608 -16.164 435.750 176.204 -23.544 334.425 321.755 -21.809 5.088 87.700 -25.170 129.119 241.909 -22.141 302.336 452.742 -19.273 77.324 282.992 -21.451 392.231 284.837 -19.768 262.720 235.057 -21.041 158.147 498.814 -20.403 277.898 165.022 -21.679 348.492 131.717 -23.231 349.946 140.902 -24.484 94.258 385.704 -23.997 349.349 143.424 -24.700 100.996 401.603 -22.968 355.089 167.314 -23.565 327.710 155.431 -23.258 88.223 380.639 -25.213 375.727 166.670 -24.577 369.893 133.585 -25.982 172.421 340.644 -21.469 151.079 335.264 -20.372 156.992 333.006 -21.694 349.123 107.355 -25.579 187.323 335.981 -20.455 171.967 347.822 -20.460 83.586 376.704 -26.107 197.299 363.661 -17.776 114.221 401.012 -23.110 93.630 379.268 -24.815 363.323 148.920 -24.305 354.001 143.555 -24.665 349.604 177.103 -23.377 172.037 309.574 -18.847 356.301 143.878 -24.051 175.365 336.450 -21.680 355.818 159.378 -23.483 93.612 354.833 -22.674 353.319 139.639 -24.318 355.086 141.663 -24.852 115.406 399.879 -22.898 346.652 136.230 -23.494 72.545 377.373 -26.217 60.028 398.281 -25.936 152.645 312.240 -19.760 336.499 134.988 -24.246 204.403 348.958 -18.063 359.392 138.758 -25.546 86.572 385.492 -24.670 78.873 381.172 -26.084 370.601 105.091 -26.036 191.770 334.425 -19.791 355.353 138.656 -24.659 94.885 346.056 -22.406 343.871 148.454 -25.647 373.420 151.354 -25.922 355.535 142.108 -24.010 366.365 143.862 -25.284 367.353 151.692 -26.570 351.412 159.359 -23.501 191.866 347.669 -19.153 75.651 379.193 -26.347 180.578 347.325 -20.045 368.787 172.599 -24.917 110.409 360.399 -23.176 322.583 134.245 -22.145 180.098 327.963 -20.847 82.104 360.281 -23.867 107.885 356.812 -23.363 82.525 375.600 -25.514 78.748 397.766 -25.292 175.335 330.715 -21.503 120.864 390.493 -23.478 184.399 351.467 -20.804 326.042 142.999 -22.666 155.587 315.557 -20.953 351.750 142.733 -23.701 333.084 150.125 -23.336 56.072 396.206 -25.005 219.083 345.436 -17.234 167.177 362.690 -21.335 87.330 412.602 -23.151 365.538 131.755 -25.037 96.359 352.836 -22.992 95.047 392.370 -23.407 188.309 372.087 -19.536 395.196 130.801 -26.360 356.846 130.559 -24.013 355.804 156.897 -24.034 76.484 381.461 -26.853 63.822 388.594 -26.539 156.281 351.590 -21.407 333.956 165.470 -22.785 78.950 351.382 -22.834 156.770 351.232 -21.380 178.526 343.574 -20.825 392.055 155.320 -24.510 92.699 405.780 -24.057 358.423 141.987 -25.020 103.759 371.596 -23.565 159.118 360.612 -21.438 70.240 348.795 -23.799 353.947 148.006 -24.896 100.271 356.705 -22.803 183.120 343.578 -20.606 343.921 112.222 -24.844 79.474 364.094 -23.959 182.262 330.359 -20.678 336.672 123.765 -23.273 89.070 371.496 -26.039 62.974 341.868 -23.111 81.968 392.657 -25.428 350.224 103.728 -25.045 58.276 368.370 -26.469 340.073 150.072 -23.022 327.016 142.210 -23.032 355.304 138.906 -24.600 345.982 148.921 -23.723 110.433 401.683 -23.499 104.120 368.500 -23.682 179.236 331.968 -20.626 153.123 348.068 -21.209 180.215 340.499 -20.052 79.571 375.877 -26.171 376.315 142.481 -25.219 175.344 358.700 -19.771 85.920 342.036 -22.187 196.891 377.353 -17.212 354.801 167.059 -24.548 315.191 151.625 -23.250 69.990 337.084 -23.508 352.310 157.940 -24.639 178.887 348.413 -20.860 49.336 363.814 -24.893 169.781 361.950 -21.651 178.330 343.457 -20.999 344.691 157.584 -23.974 87.856 349.700 -22.169 82.167 384.649 -25.398 177.738 343.810 -21.185 60.416 404.943 -25.514 357.192 145.661 -23.937 349.990 122.983 -24.427 203.963 345.818 -18.605 67.114 355.702 -24.243 358.464 136.989 -24.252 171.854 345.085 -21.740 84.755 378.035 -25.363 166.318 368.014 -22.281 181.401 347.333 -20.763 112.716 397.944 -22.898 69.240 355.073 -25.095 166.710 315.110 -20.509 356.397 142.274 -25.250 383.124 143.621 -25.320 148.617 329.093 -20.436 99.302 364.343 -23.823 177.189 344.655 -20.368 360.744 143.703 -24.919 78.087 375.329 -26.558 90.765 390.636 -24.532 84.309 374.074 -24.812 78.892 382.539 -26.124 319.531 137.791 -21.634 183.438 346.160 -20.954 182.606 339.899 -20.791 351.405 127.891 -24.795 77.808 361.282 -24.914 111.219 356.042 -22.422 356.400 142.754 -24.689 345.843 142.843 -23.691 146.189 340.887 -21.042 383.969 136.613 -26.398 174.587 314.346 -19.821 374.880 154.267 -24.157 387.561 128.589 -25.791 180.312 330.637 -20.802 65.480 404.456 -25.425 183.612 338.726 -21.585 373.159 158.605 -24.967 111.621 370.105 -23.548 214.577 351.615 -18.039 80.510 363.881 -23.691 181.705 366.138 -21.020 342.555 133.817 -24.179 350.725 145.433 -24.147 198.421 357.072 -17.889 92.990 371.813 -25.081 373.808 132.212 -25.038 358.820 150.197 -25.225 351.404 140.236 -24.349 167.208 334.161 -21.438 78.148 364.505 -24.170 350.362 175.611 -22.569 166.277 311.971 -20.745 179.384 353.110 -19.608 358.161 143.010 -24.985 114.952 398.782 -23.334 71.296 343.710 -22.314 72.835 372.437 -26.518 352.213 143.617 -23.879 370.689 106.960 -26.808 88.340 389.108 -24.905 345.963 133.908 -23.387 370.406 156.023 -25.519 186.298 302.153 -17.334 97.607 353.367 -23.614 64.352 407.376 -24.360 165.451 344.375 -21.340 83.955 363.605 -24.309 109.628 351.086 -23.019 174.645 334.246 -20.948 358.351 144.345 -25.026 180.492 357.531 -19.606 83.838 376.088 -26.065 329.001 135.366 -22.605 366.952 138.121 -24.883 110.949 394.448 -23.176 91.725 383.833 -24.548 81.149 390.019 -25.194 320.741 146.186 -22.234 82.129 399.911 -25.666 52.169 388.620 -25.815 351.995 148.751 -24.393 177.850 326.558 -21.153 80.007 406.933 -24.400 61.278 386.593 -27.099 115.450 390.020 -24.396 158.491 351.947 -21.357 386.728 124.872 -25.657 177.635 351.560 -21.979 58.708 343.696 -23.644 344.881 103.749 -23.268 323.301 133.254 -20.592 324.877 114.297 -22.812 88.620 361.238 -24.592 156.275 323.769 -20.348 199.262 336.826 -19.353 82.545 373.766 -24.837 193.335 348.975 -20.098 66.799 367.560 -25.380 181.532 362.663 -20.717 97.174 394.167 -24.043 354.458 136.182 -24.626 168.988 363.216 -21.090 390.611 127.506 -25.666 197.040 364.147 -17.847 170.671 352.340 -20.722 84.568 378.849 -25.254 63.717 378.183 -26.726 339.371 164.352 -23.999 195.845 350.389 -18.884 116.190 381.828 -23.345 175.665 373.083 -20.600 351.074 175.691 -23.763 184.423 315.885 -18.808 68.496 402.046 -26.208 108.131 379.150 -24.125 217.784 342.521 -19.684 352.091 133.336 -24.065 81.918 389.937 -26.613 359.609 137.622 -24.073 321.189 147.924 -22.913 84.013 372.405 -25.356 367.017 106.106 -25.948 78.767 366.640 -23.782 178.270 342.632 -21.629 386.846 147.129 -25.979 374.740 115.721 -26.493 377.062 149.258 -24.859 170.088 362.883 -20.929 69.504 402.470 -26.931 143.865 358.359 -21.825 142.803 362.438 -22.632 348.985 142.390 -24.671 201.831 326.895 -19.569 178.101 377.185 -20.824 92.849 348.277 -21.667 357.938 104.457 -25.579 86.023 377.361 -26.012 64.785 364.935 -25.183 67.632 411.900 -24.818 60.763 349.539 -24.053 114.792 380.662 -23.600 99.141 369.452 -24.403 363.649 181.541 -24.344 169.613 337.279 -21.160 384.358 134.795 -26.365 364.998 152.330 -23.790 389.740 158.567 -24.638 173.997 324.884 -19.726 103.314 373.507 -23.716 185.812 371.493 -20.946 89.283 368.634 -24.846 73.404 387.334 -25.794 324.731 147.003 -23.115 212.273 331.217 -19.526 207.650 313.080 -19.229 349.547 105.318 -24.903 189.331 350.143 -19.672 104.579 388.264 -24.800 353.281 142.534 -24.934 72.594 394.776 -26.188 182.815 311.650 -17.957 180.289 344.359 -20.778 174.044 338.319 -20.288 185.599 350.778 -20.598 338.236 173.482 -23.516 93.185 341.330 -22.463 180.383 339.242 -20.972 351.261 167.643 -23.748 351.268 126.196 -25.468 90.442 354.767 -22.551 180.494 341.933 -20.964 154.273 339.448 -21.136 364.046 147.656 -25.498 197.811 343.982 -19.490 83.413 381.971 -25.967 94.447 350.225 -22.312 350.854 136.458 -23.833 81.234 355.847 -23.651 88.284 368.883 -25.178 167.127 324.904 -20.882 325.917 128.269 -23.275 351.909 123.668 -24.123 167.026 316.276 -20.451 70.785 355.376 -24.026 215.600 335.291 -18.811 205.314 331.163 -19.480 79.669 382.963 -26.184 170.109 351.783 -21.303 354.437 130.190 -24.116 62.886 365.936 -26.374 84.133 364.208 -24.009 353.907 141.747 -24.588 79.767 372.517 -25.360 175.650 309.750 -20.223 366.311 145.800 -25.297 315.974 143.398 -22.924 119.247 395.557 -23.390 170.224 357.149 -19.593 156.116 360.859 -22.375 351.316 179.320 -23.072 356.499 140.939 -24.579 217.105 349.881 -19.204 314.846 36.082 -19.646 272.651 65.327 -19.156 65.724 318.343 -20.218 29.033 380.005 -25.419 337.360 430.566 -16.988 405.309 375.239 -18.603 387.589 438.332 -19.613 216.239 297.792 -19.552 126.506 75.360 -16.069 426.514 156.262 -24.370 304.604 220.220 -21.772 0.635 486.848 -22.808 186.761 325.558 -19.816 97.796 346.377 -23.173 112.112 145.528 -18.891 469.312 181.022 -24.594 175.935 231.287 -22.755 25.581 287.531 -19.874 247.988 325.081 -19.726 420.993 6.063 -23.287 270.863 260.811 -23.291 331.838 118.223 -22.646 289.444 50.257 -19.199 473.067 14.107 -24.036 459.352 104.302 -28.483 240.892 159.851 -19.948 5.258 338.528 -22.228 419.933 44.820 -25.164 126.516 100.165 -16.446 423.471 274.490 -20.236 351.981 329.915 -18.651 408.159 254.022 -21.117 376.572 458.313 -18.282 330.239 375.573 -15.795 61.056 44.754 -19.503 109.586 338.702 -22.946 257.126 216.208 -22.323 347.713 339.014 -18.601 498.691 273.160 -16.516 310.861 262.901 -22.906 217.983 143.851 -19.038 452.734 216.401 -20.173 117.034 6.582 -19.655 365.308 121.242 -25.045 95.153 329.918 -22.062 286.263 382.027 -17.311 109.967 331.941 -21.697 407.389 323.633 -19.636 268.592 444.417 -18.721 163.664 92.879 -15.781 405.363 313.028 -19.697 251.117 225.319 -20.339 372.026 427.766 -18.714 497.785 6.121 -23.321 191.454 216.277 -25.299 430.333 476.338 -22.060 201.173 249.499 -20.187 210.883 105.397 -16.739 39.802 5.516 -21.595 152.542 62.790 -16.542 47.978 143.967 -22.936 40.813 129.293 -24.197 143.969 193.204 -23.476 499.176 359.510 -22.064 292.864 63.626 -19.812 107.656 149.615 -19.911 7.811 160.988 -22.393 300.228 144.414 -20.895 324.623 333.069 -19.338 381.671 76.946 -27.293 150.746 448.136 -18.483 302.756 26.676 -20.325 17.906 434.512 -23.546 123.447 418.761 -21.405 182.680 325.786 -19.839 189.557 327.128 -18.190 90.988 355.214 -22.831 326.040 138.557 -22.787 374.168 127.467 -24.811 361.921 181.811 -24.485 94.347 345.559 -22.306 147.912 319.521 -20.155 343.623 120.825 -23.542 355.434 140.480 -24.770 165.282 355.077 -21.715 79.678 371.643 -24.907 102.226 371.517 -24.851 60.750 373.863 -27.477 103.442 346.545 -22.381 351.771 179.831 -24.269 169.539 346.856 -21.861 83.365 344.702 -22.242 357.359 150.921 -24.464 363.247 100.482 -24.481 63.643 389.000 -25.408 50.455 353.008 -25.480 350.587 127.368 -24.248 62.076 402.660 -24.907 169.861 375.078 -21.357 368.821 123.657 -25.806 90.413 403.136 -23.115 354.299 139.138 -24.050 86.661 376.009 -25.139 82.841 377.842 -25.510 80.503 372.353 -24.845 347.683 165.096 -23.818 53.395 387.731 -26.241 175.567 343.059 -21.008 207.422 334.422 -19.354 355.205 144.240 -24.641 201.102 344.582 -19.000 95.345 392.982 -23.636 361.456 118.076 -24.517 44.238 369.637 -26.215 387.121 157.476 -24.503 61.707 351.313 -23.325 67.511 386.775 -26.078 172.669 354.869 -20.925 77.713 388.665 -26.571 64.032 389.076 -25.823 79.765 411.280 -24.266 104.388 355.104 -23.432 335.611 163.256 -24.231 174.678 336.281 -21.186 60.815 359.536 -25.731 372.776 141.261 -25.207 103.113 410.993 -21.331 344.179 143.473 -24.824 73.694 358.029 -23.933 183.810 358.002 -20.035 362.972 136.691 -25.191 154.246 340.678 -20.583 83.079 375.668 -25.438 150.868 359.599 -20.901 208.204 367.078 -16.810 347.930 161.262 -23.995 93.871 351.580 -23.053 345.130 152.062 -24.998 356.067 142.388 -25.000 173.904 370.697 -20.303 381.427 161.982 -24.850 354.603 149.514 -24.434 156.347 367.088 -22.380 166.643 347.897 -20.990 86.112 377.879 -25.459 361.470 148.813 -24.969 82.282 402.490 -25.104 354.731 122.605 -23.766 89.323 394.677 -24.716 340.044 128.144 -23.901 374.434 114.729 -26.595 361.990 141.321 -25.183 353.634 181.006 -23.327 349.125 138.593 -25.008 147.689 331.798 -20.509 347.856 148.457 -24.568 74.909 336.173 -22.502 171.412 374.192 -21.568 358.261 143.817 -25.062 70.036 387.236 -26.080 389.040 156.493 -24.411 358.316 125.248 -25.377 343.224 146.546 -23.180 342.996 152.241 -24.212 343.315 159.593 -24.537 376.094 127.842 -26.799 97.448 375.225 -24.647 54.798 364.526 -26.213 163.938 327.360 -19.984 172.625 358.108 -20.505 157.946 352.353 -21.978 177.793 346.810 -21.105 342.750 146.160 -23.483 188.293 343.690 -20.559 185.908 345.372 -20.554 188.845 336.538 -20.630 84.116 376.537 -25.670 207.683 350.485 -18.684 54.100 393.592 -25.217 325.958 135.331 -23.604 351.446 145.497 -24.152 356.050 127.807 -24.118 169.081 311.443 -20.682 65.100 351.619 -25.194 167.087 338.965 -20.898 58.864 403.469 -25.182 181.854 338.620 -20.898 210.931 358.431 -18.057
</DataArray>
</Points>
<PointData>
<DataArray type="Int32" Name="region" format="ascii">
0 0 0 0 0 0 0 0 0 0 0 0 0 0 0 0 0 0 0 0 0 0 0 0 0 0 0 0 0 0 0 0 0 0 0 0 0 0 0 0 0 0 0 0 0 0 0 0 0 0 0 0 0 0 0 0 0 0 0 0 0 0 0 0 0 0 0 0 0 0 0 0 0 0 0 0 0 0 0 0 0 0 0 0 0 0 0 0 0 0 0 0 0 0 0 0 0 0 0 0 0 0 0 0 0 0 0 0 0 0 0 0 0 0 0 0 0 0 0 0 0 0 0 0 0 0 0 0 0 0 0 0 0 0 0 0 0 0 0 0 0 0 0 0 0 0 0 0 0 0 0 0 0 0 0 0 0 0 0 0 0 0 0 0 0 0 0 0 0 0 0 0 0 0 0 0 0 0 0 0 0 0 0 0 0 0 0 0 0 0 0 0 0 0 0 0 0 0 0 0 0 0 0 0 0 0 0 0 0 0 0 0 0 0 0 0 0 0 0 0 0 0 0 0 0 0 0 0 0 0 0 0 0 0 0 0 0 0 0 0 0 0 0 0 0 0 0 0 0 0 0 0 0 0 0 0 0 0 0 0 0 0 0 0 0 0 0 0 0 0 0 0 0 0 0 0 0 0 0 0 0 0 0 0 0 0 0 0 0 0 0 0 0 0 0 0 0 0 0 0 0 0 0 0 0 0 0 0 0 0 0 0 0 0 0 0 0 0 0 0 0 0 0 0 0 0 0 0 0 0 0 0 0 0 0 0 0 0 0 0 0 0 0 0 0 0 0 0 0 0 0 0 0 0 0 0 0 0 0 0 0 0 0 0 0 0 0 0 0 0 0 0 0 0 0 0 0 0 0 0 0 0 0 0 0 0 0 0 0 0 0 0 0 0 0 0 0 0 0 0 0 0 0 0 0 0 0 0 0 0 0 0 0 0 0 0 0 0 0 0 0 0 0 0 0 0 0 0 0 0 0 0 0 0 0 0 0 0 0 0 0 0 0 0 0 0 0 0 0 0 0 0 0 0 0 0 0 0 0 0 0 0 0 0 0 0 0 0 0 0 0 0 0 0 0 0 0 0 0 0 0 0 0 0 0 0 0 0 0 0 0 0 0 0 0 0 0 0 0 0 0 0 0 0 0 0 0 0 0 0 0 0 0 0 0 0 0 0 0 0 0 0 0 0 0 0 0 0 0 0 0 0 0 0 0 0 0 0 0 0 0 0 0 0 0 0 0 0 0 0 0 0 0 0 0 0 0 0 0 0 0 0 0 0 0 0 0 0 0 0 0 0 0 0 0 0 0 0 0 0 0 0 0 0 0 0 0 0 0 0 0 0 0 0 0 0 0 0 0 0 0 0 0 0 0 0 0 0 0 0 0 0 0 0 0 0 0 0 0 0 0 0 0 0 0 0 0 0 0 0 0 0 0 0 0 0 0 0 0 0 0 0 0 0 0 0 0 0 0 0 0 0 0 0 0 0 0 0 0 0 0 0 0 0 0 0 0 0 0 0 0 0 0 0 0 0 0 0 0 0 0 0 0 0 0 0 0 0 0 0 0 0 0 0 0 0 0 0 0 0 0 0 0 0 0 0 0 0 0 0 0 0 0 0 0 0 0 0 0 0 0 0 0 0 0 0 0 0 0 0 0 0 0 0 0 0 0 0 0 0 0 0 0 0 0 0 0 0 0 0 0 0 0 0 0 0 0 0 0 0 0 0 0 0 0 0 0 0 0 0 0 0 0 0 0 0 0 0 0 0 0 0 0 0 0 0 0 0 0 0 0 0 0 0 0 0 0 0 0 0 0 0 0 0 0 0 0 0 0 0 0 0 0 0 0 0 0 0 0 0 0 0 0 0 0 0 0 0 0 0 0 0 0 0 0 0 0 0 0 0 0 0 0 0 0 0 0 0 0 0 0 0 0 0 0 0 0 0 0 0 0 0 0 0 0 0 0 0 0 0 0 0 0 0 0 0 0 0 0 0 0 0 0 0 0 0 0 0 0 0 0 0 0 0 0 0 0 0 0 0 0 0 0 0 0 0 0 0 0 0 0 0 0 0 0 0 0 0 0 0 0 0 0 0 0 0 0 0 0 0 0 0 0 0 0 0 0 0 0 0 0 0 0 0 0 0 0 0 0 0 0 0 0 0 0 0 0 0 0 0 0 0 0 0 0 0 0 0 0 0 0 0 0 0 0 0 0 0 0 0 0 0 0 0 0 0 0 0 0 0 0 0 0 0 0 0 0 0 0 0 0 0 0 0 0 0 0 0 0 0 0 0 0 0 0 0 0 0 0 0 0 0 0 0 0 0 0 0 0 0 0 0 0 0 0 0 0 0 0 0 0 0 0 0 0 0 0 0 0 0 0 0 0 0 0 0 0 0 0 0 0 0 0 0 0 0 0 0 0 0 0 0 0 0 0 0 0 0 0 0 0 0 0 0 0 0 0 0 0 0 0 0 0 0 0 0 0 0 0 0 0 0 0 0 0 0 0 0 0 0 0 0 0 0 0 0 0 0 0 0 0 0 0 0 0 0 0 0 0 0 0 0 0 0 0 0 0 0 0 0 0 0 0 0 0 0 0 0 0 0 0 0 0 0 0 0 0 0 0 0 0 0 0 0 0 0 0 0 0 0 0 0 0 0 0 0 0 0 0 0 0 0 0 0 0 0 0 0 0 0 0 0 0 0 0 0 0 0 0 0 0 0 0 0 0 0 0 0 0 0 0 0 0 0 0 0 0 0 0 0 0 0 0 0 0 0 0 0 0 0 0 0 0 0 0 0 0 0 0 0 0 0 0 0 0 0 0 0 0 0 0 0 0 0 0 0 0 0 0 0 0 0 0 0 0 0 0 0 0 0 0 0 0 0 0 0 0 0 0 0 0 0 0 0 0 0 0 0 0 0 0 0 0 0 0 0 0 0 0 0 0 0 0 0 0 0 0 0 0 0 0 0 0 0 0 0 0 0 0 0 0 0 0 0 0 0 0 0 0 0 0 0 0 0 0 0 0 0 0 0 0 0 0 0 0 0 0 0 0 0 0 0 0 0 0 0 0 0 0 0 0 0 0 0 0 0 0 0 0 0 0 0 0 0 0 0 0 0 0 0 0 0 0 0 0 0 0 0 0 0 0 0 0 0 0 0 0 0 0 0 0 0 0 0 0 0 0 0 0 0 0 0 0 0 0 0 0 0 0 0 0 0 0 0 0 0 0 0 0 0 0 0 0 0 0 0 0 0 0 0 0 0 0 0 0 0 0 0 0 0 0 0 0 0 0 0 0 0 0 0 0 0 0 0 0 0 0 0 0 0 0 0 0 0 0 0 0 0 0 0 0 0 0 0 0 0 0 0 0 0 0 0 0 0 0 0 0 0 0 0 0 0 0 0 0 0 0 0 0 0 0 0 0 0 0 0 0 0 0 0 0 0 0 0 0 0 0 0 0 0 0 0 0 0 0 0 0 0 0 0 0 0 0 0 0 0 0 0 0 0 0 0 0 0 0 0 0 0 0 0 0 0 0 0 0 0 0 0 0 0 0 0 0 0 0 0 0 0 0 0 0 0 0 0 0 0 0 0 0 0 0 0 0 0 0 0 0 0 0 0 0 0 0 0 0 0 0 0 0 0 0 0 0 0 0 0 0 0 0 0 0 0 0 0 0 0 0 0 0 0 0 0 0 0 0 0 0 0 0 0 0 0 0 0 0 0 0 0 0 0 0 0 0 0 0 0 0 0 0 0 0 0 0 0 0 0 0 0 0 0 0 0 0 0 0 0 0 0 0 0 0 0 0 0 0 0 0 0 0 0 0 0 0 0 0 0 0 0 0 0 0 0 0 0 0 0 0 0 0 0 0 0 0 0 0 0 0 0 0 0 0 0 0 0 0 0 0 0 0 0 0 0 0 0 0 0 0 0 0 0 0 0 0 0 0 0 0 0 0 0 0 0 0 0 0 0 0 0 0 0 0 0 0 0 0 0 0 0 0 0 0 0 0 0 0 0 0 0 0 0 0 0 0 0 0 0 0 0 0 0 0 0 0 0 0 0 0 0 0 0 0 0 0 0 0 0 0 0 0 0 0 0 0 0 0 0 0 0 0 0 0 0 0 0 0 0 0 0 0 0 0 0 0 0 0 0 0 0 0 0 0 0 0 0 0 0 0 0 0 0 0 0 0 0 0 0 0 0 0 0 0 0 0 0 0 0 0 0 0 0 0 0 0 0 0 0 0 0 0 0 0 0 0 0 0 0 0 0 0 0 0 0 0 0 0 0 0 0 0 0 0 0 0 0 0 0 0 0 0 0 0 0 0 0 0 0 0 0 0 0 0 0 0 0 0 0 0 0 0 0 0 0 0 0 0 0 0 0 0 0 0 0 0 0 0 0 0 0 0 0 0 0 0 0 0 0 0 0 0 0 0 0 0 0 0 0 0 0 0 0 0 0 0 0 0 0 0 0 0 0 0 0 0 0 0 0 0 0 0 0 0 0 0 0 0 0 0 0 0 0 0 0 0 0 0 0 0 0 0 0 0 0 0 0 0 0 0 0 0 0 0 0 0 0 0 0 0 0 0 0 0 0 0 0 0 0 0 0 0 0 0 0 0 0 0 0 0 0 0 0 0 0 0 0 0 0 0 0 0 0 0 0 0 0 0 0 0 0 0 0 0 0 0 0 0 0 0 0 0 0 0 0 0 0 0 0 0 0 0 0 0 0 0 0 0 0 0 0 0 0 0 0 0 0 0 0 0 0 0 0 0 0 0 0 0 0 0 0 0 0 0 0 0 0 0 0 0 0 0 0 0 0 0 0 0 0 0 0 0 0 0 0 0 0 0 0 0 0 0 0 0 0 0 0 0 0 0 0 0 0 0 0 0 0 0 0 0 0 0 0 0 0 0 0 0 0 0 0 0 0 0 0 0 0 0 0 0 0 0 0 0 0 0 0 0 0 0 0 0 0 0 0 0 0 0 0 0 0 0 0 0 0 0 0 0 0 0 0 0 0 0 0 0 0 0 0 0 0 0 0 0 0 0 0 0 0 0 0 0 0 0 0 0 0 0 0 0 0 0 0 0 0 0 0 0 0 0 0 0 0 0 0 0 0 0 0 0 0 0 0 0 0 0 0 0 0 0 0 0 0 0 0 0 0 0 0 0 0 0 0 0 0 0 0 0 0 0 0 0 0 0 0 0 0 0 0 0 0 0 0 0 0 0 0 0 0 0 0 0 0 0 0 0 0 0 0 0 0 0 0 0 0 0 0 0 0 0 0 0 0 0 0 0 0 0 0 0 0 0 0 0 0 0 0 0 0 0 0 0 0 0 0 0 0 0 0 0 0 0 0 0 0 0 0 0 0 0 0 0 0 0 0 0 0 0 0 0 0 0 0 0 0 0 0 0 0 0 0 0 0 0 0 0 0 0 0 0 0 0 0 0 0 0 0 0 0 0 0 0 0 0 0 0 0 0 0 0 0 0 0 0 0 0 0 0 0 0 0 0 0 0 0 0 0 0 0 0 0 0 0 0 0 0 0 0 0 0 0 0 0 0 0 0 0 0 0 0 0 0 0 0 0 0 0 0 0 0 0 0 0 0 0 0 0 0 0 0 0 0 0 0 0 0 0 0 0 0 0 0 0 0 0 0 0 0 0 0 0 0 0 0 0 0 0 0 0 0 0 0 0 0 0 0 0 0 0 0 0 0 0 0 0 0 0 0 0 0 0 0 0 0 0 0 0 0 0 0 0 0 0 0 0 0 0 0 0 0 0 0 0 0 0 0 0 0 0 0 0 0 0 0 0 0 0 0 0 0 0 0 0 0 0 0 0 0 0 0 0 0 0 0 0 0 0 0 0 0 0 0 0 0 0 0 0 0 0 0 0 0 0 0 0 0 0 0 0 0 0 0 0 0 0 0 0 0 0 0 0 0 0 0 0 0 0 0 0 0 0 0 0 0 0 0 0 0 0 0 0 0 0 0 0 0 0 0 0 0 0 0 0 0 0 0 0 0 0 0 0 0 0 0 0 0 0 0 0 0 0 0 0 0 0 0 0 0 0 0 0 0 0 0 0 0 0 0 0 0 0 0 0 0 0 0 0 0 0 0 0 0 0 0 0 0 0 0 0 0 0 0 0 0 0 0 0 0 0 0 0 0 0 0 0 0 0 0 0 0 0 0 0 0 0 0 0 0 0 0 0 0 0 0 0 0 0 0 0 0 0 0 0 0 0 0 0 0 0 0 0 0 0 0 0 0 0 0 0 0 0 0 0 0 0 0 0 0 0 0 0 0 0 0 0 0 0 0 0 0 0 0 0 0 0 0 0 0 0 0 0 0 0 0 0 0 0 0 0 0 0 0 0 0 0 0 0 0 0 0 0 0 0 0 0 0 0 0 0 0 0 0 0 0 0 0 0 0 0 0 0 0 0 0 0 0 0 0 0 0 0 0 0 0 0 0 0 0 0 0 0 0 0 0 0 0 0 0 0 0 0 0 0 0 0 0 0 0 0 0 0 0 0 0 0 0 0 0 0 0 0 0 0 0 0 0 0 0 0 0 0 0 0 0 0 0 0 0 0 0 0 0 0 0 0 0 0 0 0 0 0 0 0 0 0 0 0 0 0 0 0 0 0 0 0 0 0 0 0 0 0 0 0 0 0 0 0 0 0 0 0 0 0 0 0 0 0 0 0 0 0 0 0 0 0 0 0 0 0 0 0 0 0 0 0 0 0 0 0 0 0 0 0 0 0 0 0 0 0 0 0 0 0 0 0 0 0 0 0 0 0 0 0 0 0 0 0 0 0 0 0 0 0 0 0 0 0 0 0 0 0 0 0 0 0 0 0 0 0 0 0 0 0 0 0 0 0 0 0 0 0 0 0 0 0 0 0 0 0 0 0 0 0 0 0 0 0 0 0 0 0 0 0 0 0 0 0 0 0 0 0 0 0 0 0 0 0 0 0 0 0 0 0 0 0 0 0 0 0 0 0 0 0 0 0 0 0 0 0 0 0 0 0 0 0 0 0 0 0 0 0 0 0 0 0 0 0 0 0 0 0 0 0 0 0 0 0 0 0 0 0 0 0 0 0 0 0 0 0 0 0 0 0 0 0 0 0 0 0 0 0 0 0 0 0 0 0 0 0 0 0 0 0 0 0 0 0 0 0 0 0 0 0 0 0 0 0 0 0 0 0 0 0 0 0 0 0 0 0 0 0 0 0 0 0 0 0 0 0 0 0 0 0 0 0 0 0 0 0 0 0 0 0 0 0 0 0 0 0 0 0 0 0 0 0 0 0 0 0 0 0 0 0 0 0 0 0 0 0 0 0 0 0 0 0 0 0 0 0 0 0 0 0 0 0 0 0 0 0 0 0 0 0 0 0 0 0 0 0 0 0 0 0 0 0 0 0 0 0 0 0 0 0 0 0 0 0 0 0 0 0 0 0 0 0 0 0 0 0 0 0 0 0 0 0 0 0 0 0 0 0 0 0 0 0 0 0 0 0 0 0 0 0 0 0 0 0 0 0 0 0 0 0 0 0 0 0 0 0 0 0 0 0 0 0 0 0 0 0 0 0 0 0 0 0 0 0 0 0 0 0 0 0 0 0 0 0 0 0 0 0 0 0 0 0 0 0 0 0 0 0 0 0 0 0 0 0 0 0 0 0 0 0 0 0 0 0 0 0 0 0 0 0 0 0 0 0 0 0 0 0 0 0 0 0 0 0 0 0 0 0 0 0 0 0 0 0 0 0 0 0 0 0 0 0 0 0 0 0 0 0 0 0 0 0 0 0 0 0 0 0 0 0 0 0 0 0 0 0 0 0 0 0 0 0 0 0 0 0 0 0 0 0 0 0 0 0 0 0 0 0 0 0 0 0 0 0 0 0 0 0 0 0 0 0 0 0 0 0 0 0 0 0 0 0 0 0 0 0 0 0 0 0 0 0 0 0 0 0 0 0 0 0 0 0 0 0 0 0 0 0 0 0 0 0 0 0 0 0 0 0 0 0 0 0 0 0 0 0 0 0 0 0 0 0 0 0 0 0 0 0 0 0 0 0 0 0 0 0 0 0 0 0 0 0 0 0 0 0 0 0 0 0 0 0 0 0 0 0 0 0 0 0 0 0 0 0 0 0 0 0 0 0 0 0 0 0 0 0 0 0 0 0 0 0 0 0 0 0 0 0 0 0 0 0 0 0 0 0 0 0 0 0 0 0 0 0 0 0 0 0 0 0 0 0 0 0 0 0 0 0 0 0 0 0 0 0 0 0 0 0 0 0 0 0 0 0 0 0 0 0 0 0 0 0 0 0 0 0 0 0 0 0 0 0 0 0 0 0 0 0 0 0 0 0 0 0 0 0 0 0 0 0 0 0 0 0 0 0 0 0 0 0 0 0 0 0 0 0 0 0 0 0 0 0 0 0 0 0 0 0 0 0 0 0 0 0 0 0 0 0 0 0 0 0 0 0 0 0 0 0 0 0 0 0 0 0 0 0 0 0 0 0 0 0 0 0 0 0 0 0 0 0 0 0 0 0 0 0 0 0 0 0 0 0 0 0 0 0 0 0 0 0 0 0 0 0 0 0 0 0 0 0 0 0 0 0 0 0 0 0 0 0 0 0 0 0 0 0 0 0 0 0 0 0 0 0 0 0 0 0 0 0 0 0 0 0 0 0 0 0 0 0 0 0 0 0 0 0 0 0 0 0 0 0 0 0 0 0 0 0 0 0 0 0 0 0 0 0 0 0 0 0 0 0 0 0 0 0 0 0 0 0 0 0 0 0 0 0 0 0 0 0 0 0 0 0 0 0 0 0 0 0 0 0 0 0 0 0 0 0 0 0 0 0 0 0 0 0 0 0 0 0 0 0 0 0 0 0 0 0 0 0 0 0 0 0 0 0 0 0 0 0 0 0 0 0 0 0 0 0 0 0 0 0 0 0 0 0 0 0 0 0 0 0 0 0 0 0 0 0 0 0 0 0 0 0 0 0 0 0 0 0 0 0 0 0 0 0 0 0 0 0 0 0 0 0 0 0 0 0 0 0 0 0 0 0 0 0 0 0 0 0 0 0 0 0 0 0 0 0 0 0 0 0 0 0 0 0 0 0 0 0 0 0 0 0 0 0 0 0 0 0 0 0 0 0 0 0 0 0 0 0 0 0 0 0 0 0 0 0 0 0 0 0 0 0 0 0 0 0 0 0 0 0 0 0 0 0 0 0 0 0 0 0 0 0 0 0 0 0 0 0 0 0 0 0 0 0 0 0 0 0 0 0 0 0 0 0 0 0 0 0 0 0 0 0 0 0 0 0 0 0 0 0 0 0 0 0 0 0 0 0 0 0 0 0 0 0 0 0 0 0 0 0 0 0 0 0 0 0 0 0 0 0 0 0 0 0 0 0 0 0 0 0 0 0 0 0 0 0 0 0 0 0 0 0 0 0 0 0 0 0 0 0 0 0 0 0 0 0 0 0 0 0 0 0 0 0 0 0 0 0 0 0 0 0 0 0 0 0 0 0 0 0 0 0 0 0 0 0 0 0 0 0 0 0 0 0 0 0 0 0 0 0 0 0 0 0 0 0 0 0 0 0 0 0 0 0 0 0 0 0 0 0 0 0 0 0 0 0 0 0 0 0 0 0 0 0 0 0 0 0 0 0 0 0 0 0 0 0 0 0 0 0 0 0 0 0 0 0 0 0 0 0 0 0 0 0 0 0 0 0 0 0 0 0 0 0 0 0 0 0 0 0 0 0 0 0 0 0 0 0 0 0 0 0 0 0 0 0 0 0 0 0 0 0 0 0 0 0 0 0 0 0 0 0 0 0 0 0 0 0 0 0 0 0 0 0 0 0 0 0 0 0 0 0 0 0 0 0 0 0 0 0 0 0 0 0 0 0 0 0 0 0 0 0 0 0 0 0 0 0 0 0 0 0 0 0 0 0 0 0 0 0 0 0 0 0 0 0 0 0 0 0 0 0 0 0 0 0 0 0 0 0 0 0 0 0 0 0 0 0 0 0 0 0 0 0 0 0 0 0 0 0 0 0 0 0 0 0 0 0 0 0 0 0 0 0 0 0 0 0 0 0 0 0 0 0 0 0 0 0 0 0 0 0 0 0 0 0 0 0 0 0 0 0 0 0 0 0 0 0 0 0 0 0 0 0 0 0 0 0 0 0 0 0 0 0 0 0 0 0 0 0 0 0 0 0 0 0 0 0 0 0 0 0 0 0 0 0 0 0 0 0 0 0 0 0 0 0 0 0 0 0 0 0 0 0 0 0 0 0 0 0 0 0 0 0 0 0 0 0 0 0 0 0 0 0 0 0 0 0 0 0 0 0 0 0 0 0 0 0 0 0 0 0 0 0 0 0 0 0 0 0 0 0 0 0 0 0 0 0 0 0 0 0 0 0 0 0 0 0 0 0 0 0 0 0 0 0 0 0 0 0 0 0 0 0 0 0 0 0 0 0 0 0 0 0 0 0 0 0 0 0 0 0 0 0 0 0 0 0 0 0 0 0 0 0 0 0 0 0 0 0 0 0 0 0 0 0 0 0 0 0 0 0 0 0 0 0 0 0 0 0 0 0 0 0 0 0 0 0 0 0 0 0 0 0 0 0 0 0 0 0 0 0 0 0 0 0 0 0 0 0 0 0 0 0 0 0 0 0 0 0 0 0 0 0 0 0 0 0 0 0 0 0 0 0 0 0 0 0 0 0 0 0 0 0 0 0 0 0 0 0 0 0 0 0 0 0 0 0 0 0 0 0 0 0 0 0 0 0 0 0 0 0 0 0 0 0 0 0 0 0 0 0 0 0 0 0 0 0 0 0 0 0 0 0 0 0 0 0 0 0 0 0 0 0 0 0 0 0 0 0 0 0 0 0 0 0 0 0 0 0 0 0 0 0 0 0 0 0 0 0 0 0 0 0 0 0 0 0 0 0 0 0 0 0 0 0 0 0 0 0 0 0 0 0 0 0 0 0 0 0 0 0 0 0 0 0 0 0 0 0 0 0 0 0 0 0 0 0 0 0 0 0 0 0 0 0 0 0 0 0 0 0 0 0 0 0 0 0 0 0 0 0 0 0 0 0 0 0 0 0 0 0 0 0 0 0 0 0 0 0 0 0 0 0 0 0 0 0 0 0 0 0 0 0 0 0 0 0 0 0 0 0 0 0 0 0 0 0 0 0 0 0 0 0 0 0 0 0 0 0 0 0 0 0 0 0 0 0 0 0 0 0 0 0 0 0 0 0 0 0 0 0 0 0 0 0 0 0 0 0 0 0 0 0 0 0 0 0 0 0 0 0 0 0 0 0 0 0 0 0 0 0 0 0 0 0 0 0 0 0 0 0 0 0 0 0 0 0 0 0 0 0 0 0 0 0 0 0 0 0 0 0 0 0 0 0 0 0 0 0 0 0 0 0 0 0 0 0 0 0 0 0 0 0 0 0 0 0 0 0 0 0 0 0 0 0 0 0 0 0 0 0 0 0 0 0 0 0 0 0 0 0 0 0 0 0 0 0 0 0 0 0 0 0 0 0 0 0 0 0 0 0 0 0 0 0 0 0 0 0 0 0 0 0 0 0 0 0 0 0 0 0 0 0 0 0 0 0 0 0 0 0 0 0 0 0 0 0 0 0 0 0 0 0 0 0 0 0 0 0 0 0 0 0 0 0 0 0 0 0 0 0 0 0 0 0 0 0 0 0 0 0 0 0 0 0 0 0 0 0 0 0 0 0 0 0 0 0 0 0 0 0 0 0 0 0 0 0 0 0 0 0 0 0 0 0 0 0 0 0 0 0 0 0 0 0 0 0 0 0 0 0 0 0 0 0 0 0 0 0 0 0 0 0 0 0 0 0 0 0 0 0 0 0 0 0 0 0 0 0 0 0 0 0 0 0 0 0 0 0 0 0 0 0 0 0 0 0 0 0 0 0 0 0 0 0 0 0 0 0 0 0 0 0 0 0 0 0 0 0 0 0 0 0 0 0 0 0 0 0 0 0 0 0 0 0 0 0 0 0 0 0 0 0 0 0 0 0 0 0 0 0 0 0 0 0 0 0 0 0 0 0 0 0 0 0 0 0 0 0 0 0 0 0 0 0 0 0 0 0 0 0 0 0 0 0 0 0 0 0 0 0 0 0 0 0 0 0 0 0 0 0 0 0 0 0 0 0 0 0 0 0 0 0 0 0 0 0 0 0 0 0 0 0 0 0 0 0 0 0 0 0 0 0 0 0 0 0 0 0 0 0 0 0 0 0 0 0 0 0 0 0 0 0 0 0 0 0 0 0 0 0 0 0 0 0 0 0 0 0 0 0 0 0 0 0 0 0 0 0 0 0 0 0 0 0 0 0 0 0 0 0 0 0 0 0 0 0 0 0 0 0 0 0 0 0 0 0 0 0 0 0 0 0 0 0 0 0 0 0 0 0 0 0 0 0 0 0 0 0 0 0 0 0 0 0 0 0 0 0 0 0 0 0 0 0 0 0 0 0 0 0 0 0 0 0 0 0 0 0 0 0 0 0 0 0 0 0 0 0 0 0 0 0 0 0 0 0 0 0 0 0 0 0 0 0 0 0 0 0 0 0 0 0 0 0 0 0 0 0 0 0 0 0 0 0 0 0 0 0 0 0 0 0 0 0 0 0 0 0 0 0 0 0 0 0 0 0 0 0 0 0 0 0 0 0 0 0 0 0 0 0 0 0 0 0 0 0 0 0 0 0 0 0 0 0 0 0 0 0 0 0 0 0 0 0 0 0 0 0 0 0 0 0 0 0 0 0 0 0 0 0 0 0 0 0 0 0 0 0 0 0 0 0 0 0 0 0 0 0 0 0 0 0 0 0 0 0 0 0 0 0 0 0 0 0 0 0 0 0 0 0 0 0 0 0 0 0 0 0 0 0 0 0 0 0 0 0 0 0 0 0 0 0 0 0 0 0 0 0 0 0 0 0 0 0 0 0 0 0 0 0 0 0 0 0 0 0 0 0 0 0 0 0 0 0 0 0 0 0 0 0 0 0 0 0 0 0 0 0 0 0 0 0 0 0 0 0 0 0 0 0 0 0 0 0 0 0 0 0 0 0 0 0 0 0 0 0 0 0 0 0 0 0 0 0 0 0 0 0 0 0 0 0 0 0 0 0 0 0 0 0 0 0 0 0 0 0 0 0 0 0 0 0 0 0 0 0 0 0 0 0 0 0 0 0 0 0 0 0 0 0 0 0 0 0 0 0 0 0 0 0 0 0 0 0 0 0 0 0 0 0 0 0 0 0 0 0 0 0 0 0 0 0 0 0 0 0 0 0 0 0 0 0 0 0 0 0 0 0 0 0 0 0 0 0 0 0 0 0 0 0 0 0 0 0 0 0 0 0 0 0 0 0 0 0 0 0 0 0 0 0 0 0 0 0 0 0 0 0 0 0 0 0 0 0 0 0 0 0 0 0 0 0 0 0 0 0 0 0 0 0 0 0 0 0 0 0 0 0 0 0 0 0 0 0 0 0 0 0 0 0 0 0 0 0 0 0 0 0 0 0 0 0 0 0 0 0 0 0 0 0 0 0 0 0 0 0 0 0 0 0 0 0 0 0 0 0 0 0 0 0 0 0 0 0 0 0 0 0 0 0 0 0 0 0 0 0 0 0 0 0 0 0 0 0 0 0 0 0 0 0 0 0 0 0 0 0 0 0 0 0 0 0 0 0 0 0 0 0 0 0 0 0 0 0 0 0 0 0 0 0 0 0 0 0 0 0 0 0 0 0 0 0 0 0 0 0 0 0 0 0 0 0 0 0 0 0 0 0 0 0 0 0 0 0 0 0 0 0 0 0 0 0 0 0 0 0 0 0 0 0 0 0 0 0 0 0 0 0 0 0 0 0 0 0 0 0 0 0 0 0 0 0 0 0 0 0 0 0 0 0 0 0 0 0 0 0 0 0 0 0 0 0 0 0 0 0 0 0 0 0 0 0 0 0 0 0 0 0 0 0 0 0 0 0 0 0 0 0 0 0 0 0 0 0 0 0 0 0 0 0 0 0 0 0 0 0 0 0 0 0 0 0 0 0 0 0 0 0 0 0 0 0 0 0 0 0 0 0 0 0 0 0 0 0 0 0 0 0 0 0 0 0 0 0 0 0 0 0 0 0 0 0 0 0 0 0 0 0 0 0 0 0 0 0 0 0 0 0 0 0 0 0 0 0 0 0 0 0 0 0 0 0 0 0 0 0 0 0 0 0 0 0 0 0 0 0 0 0 0 0 0 0 0 0 0 0 0 0 0 0 0 0 0 0 0 0 0 0 0 0 0 0 0 0 0 0 0 0 0 0 0 0 0 0 0 0 0 0 0 0 0 0 0 0 0 0 0 0 0 0 0 0 0 0 0 0 0 0 0 0 0 0 0 0 0 0 0 0 0 0 0 0 0 0 0 0 0 0 0 0 0 0 0 0 0 0 0 0 0 0 0 0 0 0 0 0 0 0 0 0 0 0 0 0 0 0 0 0 0 0 0 0 0 0 0 0 0 0 0 0 0 0 0 0 0 0 0 0 0 0 0 0 0 0 0 0 0 0 0 0 0 0 0 0 0 0 0 0 0 0 0 0 0 0 0 0 0 0 0 0 0 0 0 0 0 0 0 0 0 0 0 0 0 0 0 0 0 0 0 0 0 0 0 0 0 0 0 0 0 0 0 0 0 0 0 0 0 0 0 0 0 0 0 0 0 0 0 0 0 0 0 0 0 0 0 0 0 0 0 0 0 0 0 0 0 0 0 0 0 0 0 0 0 0 0 0 0 0 0 0 0 0 0 0 0 0 0 0 0 0 0 0 0 0 0 0 0 0 0 0 0 0 0 0 0 0 0 0 0 0 0 0 0 0 0 0 0 0 0 0 0 0 0 0 0 0 0 0 0 0 0 0 0 0 0 0 0 0 0 0 0 0 0 0 0 0 0 0 0 0 0 0 0 0 0 0 0 0 0 0 0 0 0 0 0 0 0 0 0 0 0 0 0 0 0 0 0 0 0 0 0 0 0 0 0 0 0 0 0 0 0 0 0 0 0 0 0 0 0 0 0 0 0 0 0 0 0 0 0 0 0 0 0 0 0 0 0 0 0 0 0 0 0 0 0 0 0 0 0 0 0 0 0 0 0 0 0 0 0 0 0 0 0 0 0 0 0 0 0 0 0 0 0 0 0 0 0 0 0 0 0 0 0 0 0 0 0 0 0 0 0 0 0 0 0 0 0 0 0 0 0 0 0 0 0 0 0 0 0 0 0 0 0 0 0 0 0 0 0 0 0 0 0 0 0 0 0 0 0 0 0 0 0 0 0 0 0 0 0 0 0 0 0 0 0 0 0 0 0 0 0 0 0 0 0 0 0 0 0 0 0 0 0 0 0 0 0 0 0 0 0 0 0 0 0 0 0 0 0 0 0 0 0 0 0 0 0 0 0 0 0 0 0 0 0 0 0 0 0 0 0 0 0 0 0 0 0 0 0 0 0 0 0 0 0 0 0 0 0 0 0 0 0 0 0 0 0 0 0 0 0 0 0 0 0 0 0 0 0 0 0 0 0 0 0 0 0 0 0 0 0 0 0 0 0 0 0 0 0 0 0 0 0 0 0 0 0 0 0 0 0 0 0 0 0 0 0 0 0 0 0 0 0 0 0 0 0 0 0 0 0 0 0 0 0 0 0 0 0 0 0 0 0 0 0 0 0 0 0 0 0 0 0 0 0 0 0 0 0 0 0 0 0 0 0 0 0 0 0 0 0 0 0 0 0 0 0 0 0 0 0 0 0 0 0 0 0 0 0 0 0 0 0 0 0 0 0 0 0 0 0 0 0 0 0 0 0 0 0 0 0 0 0 0 0 0 0 0 0 0 0 0 0 0 0 0 0 0 0 0 0 0 0 0 0 0 0 0 0 0 0 0 0 0 0 0 0 0 0 0 0 0 0 0 0 0 0 0 0 0 0 0 0 0 0 0 0 0 0 0 0 0 0 0 0 0 0 0 0 0 0 0 0 0 0 0 0 0 0 0 0 0 0 0 0 0 0 0 0 0 0 0 0 0 0 0 0 0 0 0 0 0 0 0 0 0 0 0 0 0 0 0 0 0 0 0 0 0 0 0 0 0 0 0 0 0 0 0 0 0 0 0 0 0 0 0 0 0 0 0 0 0 0 0 0 0 0 0 0 0 0 0 0 0 0 0 0 0 0 0 0 0 0 0 0 0 0 0 0 0 0 0 0 0 0 0 0 0 0 0 0 0 0 0 0 0 0 0 0 0 0 0 0 0 0 0 0 0 0 0 0 0 0 0 0 0 0 0 0 0 0 0 0 0 0 0 0 0 0 0 0 0 0 0 0 0 0 0 0 0 0 0 0 0 0 0 0 0 0 0 0 0 0 0 0 0 0 0 0 0 0 0 0 0 0 0 0 0 0 0 0 0 0 0 0 0 0 0 0 0 0 0 0 0 0 0 0 0 0 0 0 0 0 0 0 0 0 0 0 0 0 0 0 0 0 0 0 0 0 0 0 0 0 0 0 0 0 0 0 0 0 0 0 0 0 0 0 0 0 0 0 0 0 0 0 0 0 0 0 0 0 0 0 0 0 0 0 0 0 0 0 0 0 0 0 0 0 0 0 0 0 0 0 0 0 0 0 0 0 0 0 0 0 0 0 0 0 0 0 0 0 0 0 0 0 0 0 0 0 0 0 0 0 0 0 0 0 0 0 0 0 0 0 0 0 0 0 0 0 0 0 0 0 0 0 0 0 0 0 0 0 0 0 0 0 0 0 0 0 0 0 0 0 0 0 0 0 0 0 0 0 0 0 0 0 0 0 0 0 0 0 0 0 0 0 0 0 0 0 0 0 0 0 0 0 0 0 0 0 0 0 0 0 0 0 0 0 0 0 0 0 0 0 0 0 0 0 0 0 0 0 0 0 0 0 0 0 0 0 0 0 0 0 0 0 0 0 0 0 0 0 0 0 0 0 0 0 0 0 0 0 0 0 0 0 0 0 0 0 0 0 0 0 0 0 0 0 0 0 0 0 0 0 0 0 0 0 0 0 0 0 0 0 0 0 0 0 0 0 0 0 0 0 0 0 0 0 0 0 0 0 0 0 0 0 0 0 0 0 0 0 0 0 0 0 0 0 0 0 0 0 0 0 0 0 0 0 0 0 0 0 0 0 0 0 0 0 0 0 0 0 0 0 0 0 0 0 0 0 0 0 0 0 0 0 0 0 0 0 0 0 0 0 0 0 0 0 0 0 0 0 0 0 0 0 0 0 0 0 0 0 0 0 0 0 0 0 0 0 0 0 0 0 0 0 0 0 0 0 0 0 0 0 0 0 0 0 0 0 0 0 0 0 0 0 0 0 0 0 0 0 0 0 0 0 0 0 0 0 0 0 0 0 0 0 0 0 0 0 0 0 0 0 0 0 0 0 0 0 0 0 0 0 0 0 0 0 0 0 0 0 0 0 0 0 0 0 0 0 0 0 0 0 0 0 0 0 0 0 0 0 0 0 0 0 0 0 0 0 0 0 0 0 0 0 0 0 0 0 0 0 0 0 0 0 0 0 0 0 0 0 0 0 0 0 0 0 0 0 0 0 0 0 0 0 0 0 0 0 0 0 0 0 0 0 0 0 0 0 0 0 0 0 0 0 0 0 0 0 0 0 0 0 0 0 0 0 0 0 0 0 0 0 0 0 0 0 0 0 0 0 0 0 0 0 0 0 0 0 0 0 0 0 0 0 0 0 0 0 0 0 0 0 0 0 0 0 0 0 0 0 0 0 0 0 0 0 0 0 0 0 0 0 0 0 0 0 0 0 0 0 0 0 0 0 0 0 0 0 0 0 0 0 0 0 0 0 0 0 0 0 0 0 0 0 0 0 0 0 0 0 0 0 0 0 0 0 0 0 0 0 0 0 0 0 0 0 0 0 0 0 0 0 0 0 0 0 0 0 0 0 0 0 0 0 0 0 0 0 0 0 0 0 0 0 0 0 0 0 0 0 0 0 0 0 0 0 0 0 0 0 0 0 0 0 0 0 0 0 0 0 0 0 0 0 0 0 0 0 0 0 0 0 0 0 0 0 0 0 0 0 0 0 0 0 0 0 0 0 0 0 0 0 0 0 0 0 0 0 0 0 0 0 0 0 0 0 0 0 0 0 0 0 0 0 0 0 0 0 0 0 0 0 0 0 0 0 0 0 0 0 0 0 0 0 0 0 0 0 0 0 0 0 0 0 0 0 0 0 0 0 0 0 0 0 0 0 0 0 0 0 0 0 0 0 0 0 0 0 0 0 0 0 0 0 0 0 0 0 0 0 0 0 0 0 0 0 0 0 0 0 0 0 0 0 0 0 0 0 0 0 0 0 0 0 0 0 0 0 0 0 0 0 0 0 0 0 0 0 0 0 0 0 0 0 0 0 0 0 0 0 0 0 0 0 0 0 0 0 0 0 0 0 0 0 0 0 0 0 0 0 0 0 0 0 0 0 0 0 0 0 0 0 0 0 0 0 0 0 0 0 0 0 0 0 0 0 0 0 0 0 0 0 0 0 0 0 0 0 0 0 0 0 0 0 0 0 0 0 0 0 0 0 0 0 0 0 0 0 0 0 0 0 0 0 0 0 0 0 0 0 0 0 0 0 0 0 0 0 0 0 0 0 0 0 0 0 0 0 0 0 0 0 0 0 0 0 0 0 0 0 0 0 0 0 0 0 0 0 0 0 0 0 0 0 0 0 0 0 0 0 0 0 0 0 0 0 0 0 0 0 0 0 0 0 0 0 0 0 0 0 0 0 0 0 0 0 0 0 0 0 0 0 0 0 0 0 0 0 0 0 0 0 0 0 0 0 0 0 0 0 0 0 0 0 0 0 0 0 0 0 0 0 0 0 0 0 0 0 0 0 0 0 0 0 0 0 0 0 0 0 0 0 0 0 0 0 0 0 0 0 0 0 0 0 0 0 0 0 0 0 0 0 0 0 0 0 0 0 0 0 0 0 0 0 0 0 0 0 0 0 0 0 0 0 0 0 0 0 0 0 0 0 0 0 0 0 0 0 0 0 0 0 0 0 0 0 0 0 0 0 0 0 0 0 0 0 0 0 0 0 0 0 0 0 0 0 0 0 0 0 0 0 0 0 0 0 0 0 0 0 0 0 0 0 0 0 0 0 0 0 0 0 0 0 0 0 0 0 0 0 0 0 0 0 0 0 0 0 0 0 0 0 0 0 0 0 0 0 0 0 0 0 0 0 0 0 0 0 0 0 0 0 0 0 0 0 0 0 0 0 0 0 0 0 0 0 0 0 0 0 0 0 0 0 0 0 0 0 0 0 0 0 0 0 0 0 0 0 0 0 0 0 0 0 0 0 0 0 0 0 0 0 0 0 0 0 0 0 0 0 0 0 0 0 0 0 0 0 0 0 0 0 0 0 0 0 0 0 0 0 0 0 0 0 0 0 0 0 0 0 0 0 0 0 0 0 0 0 0 0 0 0 0 0 0 0 0 0 0 0 0 0 0 0 0 0 0 0 0 0 0 0 0 0 0 0 0 0 0 0 0 0 0 0 0 0 0 0 0 0 0 0 0 0 0 0 0 0 0 0 0 0 0 0 0 0 0 0 0 0 0 0 0 0 0 0 0 0 0 0 0 0 0 0 0 0 0 0 0 0 0 0 0 0 0 0 0 0 0 0 0 0 0 0 0 0 0 0 0 0 0 0 0 0 0 0 0 0 0 0 0 0 0 0 0 0 0 0 0 0 0 0 0 0 0 0 0 0 0 0 0 0 0 0 0 0 0 0 0 0 0 0 0 0 0 0 0 0 0 0 0 0 0 0 0 0 0 0 0 0 0 0 0 0 0 0 0 0 0 0 0 0 0 0 0 0 0 0 0 0 0 0 0 0 0 0 0 0 0 0 0 0 0 0 0 0 0 0 0 0 0 0 0 0 0 0 0 0 0 0 0 0 0 0 0 0 0 0 0 0 0 0 0 0 0 0 0 0 0 0 0 0 0 0 0 0 0 0 0 0 0 0 0 0 0 0 0 0 0 0 0 0 0 0 0 0 0 0 0 0 0 0 0 0 0 0 0 0 0 0 0 0 0 0 0 0 0 0 0 0 0 0 0 0 0 0 0 0 0 0 0 0 0 0 0 0 0 0 0 0 0 0 0 0 0 0 0 0 0 0 0 0 0 0 0 0 0 0 0 0 0 0 0 0 0 0 0 0 0 0 0 0 0 0 0 0 0 0 0 0 0 0 0 0 0 0 0 0 0 0 0 0 0 0 0 0 0 0 0 0 0 0 0 0 0 0 0 0 0 0 0 0 0 0 0 0 0 0 0 0 0 0 0 0 0 0 0 0 0 0 0 0 0 0 0 0 0 0 0 0 0 0 0 0 0 0 0 0 0 0 0 0 0 0 0 0 0 0 0 0 0 0 0 0 0 0 0 0 0 0 0 0 0 0 0 0 0 0 0 0 0 0 0 0 0 0 0 0 0 0 0 0 0 0 0 0 0 0 0 0 0 0 0 0 0 0 0 0 0 0 0 0 0 0 0 0 0 0 0 0 0 0 0 0 0 0 0 0 0 0 0 0 0 0 0 0 0 0 0 0 0 0 0 0 0 0 0 0 0 0 0 0 0 0 0 0 0 0 0 0 0 0 0 0 0 0 0 0 0 0 0 0 0 0 0 0 0 0 0 0 0 0 0 0 0 0 0 0 0 0 0 0 0 0 0 0 0 0 0 0 0 0 0 0 0 0 0 0 0 0 0 0 0 0 0 0 0 0 0 0 0 0 0 0 0 0 0 0 0 0 0 0 0 0 0 0 0 0 0 0 0 0 0 0 0 0 0 0 0 0 0 0 0 0 0 0 0 0 0 0 0 0 0 0 0 0 0 0 0 0 0 0 0 0 0 0 0 0 0 0 0 0 0 0 0 0 0 0 0 0 0 0 0 0 0 0 0 0 0 0 0 0 0 0 0 0 0 0 0 0 0 0 0 0 0 0 0 0 0 0 0 0 0 0 0 0 0 0 0 0 0 0 0 0 0 0 0 0 0 0 0 0 0 0 0 0 0 0 0 0 0 0 0 0 0 0 0 0 0 0 0 0 0 0 0 0 0 0 0 0 0 0 0 0 0 0 0 0 0 0 0 0 0 0 0 0 0 0 0 0 0 0 0 0 0 0 0 0 0 0 0 0 0 0 0 0 0 0 0 0 0 0 0 0 0 0 0 0 0 0 0 0 0 0 0 0 0 0 0 0 0 0 0 0 0 0 0 0 0 0 0 0 0 0 0 0 0 0 0 0 0 0 0 0 0 0 0 0 0 0 0 0 0 0 0 0 0 0 0 0 0 0 0 0 0 0 0 0 0 0 0 0 0 0 0 0 0 0 0 0 0 0 0 0 0 0 0 0 0 0 0 0 0 0 0 0 0 0 0 0 0 0 0 0 0 0 0 0 0 0 0 0 0 0 0 0 0 0 0 0 0 0 0 0 0 0 0 0 0 0 0 0 0 0 0 0 0 0 0 0 0 0 0 0 0 0 0 0 0 0 0 0 0 0 0 0 0 0 0 0 0 0 0 0 0 0 0 0 0 0 0 0 0 0 0 0 0 0 0 0 0 0 0 0 0 0 0 0 0 0 0 0 0 0 0 0 0 0 0 0 0 0 0 0 0 0 0 0 0 0 0 0 0 0 0 0 0 0 0 0 0 0 0 0 0 0 0 0 0 0 0 0 0 0 0 0 0 0 0 0 0 0 0 0 0 0 0 0 0 0 0 0 0 0 0 0 0 0 0 0 0 0 0 0 0 0 0 0 0 0 0 0 0 0 0 0 0 0 0 0 0 0 0 0 0 0 0 0 0 0 0 0 0 0 0 0 0 0 0 0 0 0 0 0 0 0 0 0 0 0 0 0 0 0 0 0 0 0 0 0 0 0 0 0 0 0 0 0 0 0 0 0 0 0 0 0 0 0 0 0 0 0 0 0 0 0 0 0 0 0 0 0 0 0 0 0 0 0 0 0 0 0 0 0 0 0 0 0 0 0 0 0 0 0 0 0 0 0 0 0 0 0 0 0 0 0 0 0 0 0 0 0 0 0 0 0 0 0 0 0 0 0 0 0 0 0 0 0 0 0 0 0 0 0 0 0 0 0 0 0 0 0 0 0 0 0 0 0 0 0 0 0 0 0 0 0 0 0 0 0 0 0 0 0 0 0 0 0 0 0 0 0 0 0 0 0 0 0 0 0 0 0 0 0 0 0 0 0 0 0 0 0 0 0 0 0 0 0 0 0 0 0 0 0 0 0 0 0 0 0 0 0 0 0 0 0 0 0 0 0 0 0 0 0 0 0 0 0 0 0 0 0 0 0 0 0 0 0 0 0 0 0 0 0 0 0 0 0 0 0 0 0 0 0 0 0 0 0 0 0 0 0 0 0 0 0 0 0 0 0 0 0 0 0 0 0 0 0 0 0 0 0 0 0 0 0 0 0 0 0 0 0 0 0 0 0 0 0 0 0 0 0 0 0 0 0 0 0 0 0 0 0 0 0 0 0 0 0 0 0 0 0 0 0 0 0 0 0 0 0 0 0 0 0 0 0 0 0 0 0 0 0 0 0 0 0 0 0 0 0 0 0 0 0 0 0 0 0 0 0 0 0 0 0 0 0 0 0 0 0 0 0 0 0 0 0 0 0 0 0 0 0 0 0 0 0 0 0 0 0 0 0 0 0 0 0 0 0 0 0 0 0 0 0 0 0 0 0 0 0 0 0 0 0 0 0 0 0 0 0 0 0 0 0 0 0 0 0 0 0 0 0 0 0 0 0 0 0 0 0 0 0 0 0 0 0 0 0 0 0 0 0 0 0 0 0 0 0 0 0 0 0 0 0 0 0 0 0 0 0 0 0 0 0 0 0 0 0 0 0 0 0 0 0 0 0 0 0 0 0 0 0 0 0 0 0 0 0 0 0 0 0 0 0 0 0 0 0 0 0 0 0 0 0 0 0 0 0 0 0 0 0 0 0 0 0 0 0 0 0 0 0 0 0 0 0 0 0 0 0 0 0 0 0 0 0 0 0 0 0 0 0 0 0 0 0 0 0 0 0 0 0 0 0 0 0 0 0 0 0 0 0 0 0 0 0 0 0 0 0 0 0 0 0 0 0 0 0 0 0 0 0 0 0 0 0 0 0 0 0 0 0 0 0 0 0 0 0 0 0 0 0 0 0 0 0 0 0 0 0 0 0 0 0 0 0 0 0 0 0 0 0 0 0 0 0 0 0 0 0 0 0 0 0 0 0 0 0 0 0 0 0 0 0 0 0 0 0 0 0 0 0 0 0 0 0 0 0 0 0 0 0 0 0 0 0 0 0 0 0 0 0 0 0 0 0 0 0 0 0 0 0 0 0 0 0 0 0 0 0 0 0 0 0 0 0 0 0 0 0 0 0 0 0 0 0 0 0 0 0 0 0 0 0 0 0 0 0 0 0 0 0 0 0 0 0 0 0 0 0 0 0 0 0 0 0 0 0 0 0 0 0 0 0 0 0 0 0 0 0 0 0 0 0 0 0 0 0 0 0 0 0 0 0 0 0 0 0 0 0 0 0 0 0 0 0 0 0 0 0 0 0 0 0 0 0 0 0 0 0 0 0 0 0 0 0 0 0 0 0 0 0 0 0 0 0 0 0 0 0 0 0 0 0 0 0 0 0 0 0 0 0 0 0 0 0 0 0 0 0 0 0 0 0 0 0 0 0 0 0 0 0 0 0 0 0 0 0 0 0 0 0 0 0 0 0 0 0 0 0 0 0 0 0 0 0 0 0 0 0 0 0 0 0 0 0 0 0 0 0 0 0 0 0 0 0 0 0 0 0 0 0 0 0 0 0 0 0 0 0 0 0 0 0 0 0 0 0 0 0 0 0 0 0 0 0 0 0 0 0 0 0 0 0 0 0 0 0 0 0 0 0 0 0 0 0 0 0 0 0 0 0 0 0 0 0 0 0 0 0 0 0 0 0 0 0 0 0 0 0 0 0 0 0 0 0 0 0 0 0 0 0 0 0 0 0 0 0 0 0 0 0 0 0 0 0 0 0 0 0 0 0 0 0 0 0 0 0 0 0 0 0 0 0 0 0 0 0 0 0 0 0 0 0 0 0 0 0 0 0 0 0 0 0 0 0 0 0 0 0 0 0 0 0 0 0 0 0 0 0 0 0 0 0 0 0 0 0 0 0 0 0 0 0 0 0 0 0 0 0 0 0 0 0 0 0 0 0 0 0 0 0 0 0 0 0 0 0 0 0 0 0 0 0 0 0 0 0 0 0 0 0 0 0 0 0 0 0 0 0 0 0 0 0 0 0 0 0 0 0 0 0 0 0 0 0 0 0 0 0 0 0 0 0 0 0 0 0 0 0 0 0 0 0 0 0 0 0 0 0 0 0 0 0 0 0 0 0 0 0 0 0 0 0 0 0 0 0 0 0 0 0 0 0 0 0 0 0 0 0 0 0 0 0 0 0 0 0 0 0 0 0 0 0 0 0 0 0 0 0 0 0 0 0 0 0 0 0 0 0 0 0 0 0 0 0 0 0 0 0 0 0 0 0 0 0 0 0 0 0 0 0 0 0 0 0 0 0 0 0 0 0 0 0 0 0 0 0 0 0 0 0 0 0 0 0 0 0 0 0 0 0 0 0 0 0 0 0 0 0 0 0 0 0 0 0 0 0 0 0 0 0 0 0 0 0 0 0 0 0 0 0 0 0 0 0 0 0 0 0 0 0 0 0 0 0 0 0 0 0 0 0 0 0 0 0 0 0 0 0 0 0 0 0 0 0 0 0 0 0 0 0 0 0 0 0 0 0 0 0 0 0 0 0 0 0 0 0 0 0 0 0 0 0 0 0 0 0 0 0 0 0 0 0 0 0 0 0 0 0 0 0 0 0 0 0 0 0 0 0 0 0 0 0 0 0 0 0 0 0 0 0 0 0 0 0 0 0 0 0 0 0 0 0 0 0 0 0 0 0 0 0 0 0 0 0 0 0 0 0 0 0 0 0 0 0 0 0 0 0 0 0 0 0 0 0 0 0 0 0 0 0 0 0 0 0 0 0 0 0 0 0 0 0 0 0 0 0 0 0 0 0 0 0 0 0 0 0 0 0 0 0 0 0 0 0 0 0 0 0 0 0 0 0 0 0 0 0 0 0 0 0 0 0 0 0 0 0 0 0 0 0 0 0 0 0 0 0 0 0 0 0 0 0 0 0 0 0 0 0 0 0 0 0 0 0 0 0 0 0 0 0 0 0 0 0 0 0 0 0 0 0 0 0 0 0 0 0 0 0 0 0 0 0 0 0 0 0 0 0 0 0 0 0 0 0 0 0 0 0 0 0 0 0 0 0 0 0 0 0 0 0 0 0 0 0 0 0 0 0 0 0 0 0 0 0 0 0 0 0 0 0 0 0 0 0 0 0 0 0 0 0 0 0 0 0 0 0 0 0 0 0 0 0 0 0 0 0 0 0 0 0 0 0 0 0 0 0 0 0 0 0 0 0 0 0 0 0 0 0 0 0 0 0 0 0 0 0 0 0 0 0 0 0 0 0 0 0 0 0 0 0 0 0 0 0 0 0 0 0 0 0 0 0 0 0 0 0 0 0 0 0 0 0 0 0 0 0 0 0 0 0 0 0 0 0 0 0 0 0 0 0 0 0 0 0 0 0 0 0 0 0 0 0 0 0 0 0 0 0 0 0 0 0 0 0 0 0 0 0 0 0 0 0 0 0 0 0 0 0 0 0 0 0 0 0 0 0 0 0 0 0 0 0 0 0 0 0 0 0 0 0 0 0 0 0 0 0 0 0 0 0 0 0 0 0 0 0 0 0 0 0 0 0 0 0 0 0 0 0 0 0 0 0 0 0 0 0 0 0 0 0 0 0 0 0 0 0 0 0 0 0 0 0 0 0 0 0 0 0 0 0 0 0 0 0 0 0 0 0 0 0 0 0 0 0 0 0 0 0 0 0 0 0 0 0 0 0 0 0 0 0 0 0 0 0 0 0 0 0 0 0 0 0 0 0 0 0 0 0 0 0 0 0 0 0 0 0 0 0 0 0 0 0 0 0 0 0 0 0 0 0 0 0 0 0 0 0 0 0 0 0 0 0 0 0 0 0 0 0 0 0 0 0 0 0 0 0 0 0 0 0 0 0 0 0 0 0 0 0 0 0 0 0 0 0 0 0 0 0 0 0 0 0 0 0 0 0 0 0 0 0 0 0 0 0 0 0 0 0 0 0 0 0 0 0 0 0 0 0 0 0 0 0 0 0 0 0 0 0 0 0 0 0 0 0 0 0 0 0 0 0 0 0 0 0 0 0 0 0 0 0 0 0 0 0 0 0 0 0 0 0 0 0 0 0 0 0 0 0 0 0 0 0 0 0 0 0 0 0 0 0 0 0 0 0 0 0 0 0 0 0 0 0 0 0 0 0 0 0 0 0 0 0 0 0 0 0 0 0 0 0 0 0 0 0 0 0 0 0 0 0 0 0 0 0 0 0 0 0 0 0 0 0 0 0 0 0 0 0 0 0 0 0 0 0 0 0 0 0 0 0 0 0 0 0 0 0 0 0 0 0 0 0 0 0 0 0 0 0 0 0 0 0 0 0 0 0 0 0 0 0 0 0 0 0 0 0 0 0 0 0 0 0 0 0 0 0 0 0 0 0 0 0 0 0 0 0 0 0 0 0 0 0 0 0 0 0 0 0 0 0 0 0 0 0 0 0 0 0 0 0 0 0 0 0 0 0 0 0 0 0 0 0 0 0 0 0 0 0 0 0 0 0 0 0 0 0 0 0 0 0 0 0 0 0 0 0 0 0 0 0 0 0 0 0 0 0 0 0 0 0 0 0 0 0 0 0 0 0 0 0 0 0 0 0 0 0 0 0 0 0 0 0 0 0 0 0 0 0 0 0 0 0 0 0 0 0 0 0 0 0 0 0 0 0 0 0 0 0 0 0 0 0 0 0 0 0 0 0 0 0 0 0 0 0 0 0 0 0 0 0 0 0 0 0 0 0 0 0 0 0 0 0 0 0 0 0 0 0 0 0 0 0 0 0 0 0 0 0 0 0 0 0 0 0 0 0 0 0 0 0 0 0 0 0 0 0 0 0 0 0 0 0 0 0 0 0 0 0 0 0 0 0 0 0 0 0 0 0 0 0 0 0 0 0 0 0 0 0 0 0 0 0 0 0 0 0 0 0 0 0 0 0 0 0 0 0 0 0 0 0 0 0 0 0 0 0 0 0 0 0 0 0 0 0 0 0 0 0 0 0 0 0 0 0 0 0 0 0 0 0 0 0 0 0 0 0 0 0 0 0 0 0 0 0 0 0 0 0 0 0 0 0 0 0 0 0 0 0 0 0 0 0 0 0 0 0 0 0 0 0 0 0 0 0 0 0 0 0 0 0 0 0 0 0 0 0 0 0 0 0 0 0 0 0 0 0 0 0 0 0 0 0 0 0 0 0 0 0 0 0 0 0 0 0 0 0 0 0 0 0 0 0 0 0 0 0 0 0 0 0 0 0 0 0 0 0 0 0 0 0 0 0 0 0 0 0 0 0 0 0 0 0 0 0 0 0 0 0 0 0 0 0 0 0 0 0 0 0 0 0 0 0 0 0 0 0 0 0 0 0 0 0 0 0 0 0 0 0 0 0 0 0 0 0 0 0 0 0 0 0 0 0 0 0 0 0 0 0 0 0 0 0 0 0 0 0 0 0 0 0 0 0 0 0 0 0 0 0 0 0 0 0 0 0 0 0 0 0 0 0 0 0 0 0 0 0 0 0 0 0 0 0 0 0 0 0 0 0 0 0 0 0 0 0 0 0 0 0 0 0 0 0 0 0 0 0 0 0 0 0 0 0 0 0 0 0 0 0 0 0 0 0 0 0 0 0 0 0 0 0 0 0 0 0 0 0 0 0 0 0 0 0 0 0 0 0 0 0 0 0 0 0 0 0 0 0 0 0 0 0 0 0 0 0 0 0 0 0 0 0 0 0 0 0 0 0 0 0 0 0 0 0 0 0 0 0 0 0 0 0 0 0 0 0 0 0 0 0 0 0 0 0 0 0 0 0 0 0 0 0 0 0 0 0 0 0 0 0 0 0 0 0 0 0 0 0 0 0 0 0 0 0 0 0 0 0 0 0 0 0 0 0 0 0 0 0 0 0 0 0 0 0 0 0 0 0 0 0 0 0 0 0 0 0 0 0 0 0 0 0 0 0 0 0 0 0 0 0 0 0 0 0 0 0 0 0 0 0 0 0 0 0 0 0 0 0 0 0 0 0 0 0 0 0 0 0 0 0 0 0 0 0 0 0 0 0 0 0 0 0 0 0 0 0 0 0 0 0 0 0 0 0 0 0 0 0 0 0 0 0 0 0 0 0 0 0 0 0 0 0 0 0 0 0 0 0 0 0 0 0 0 0 0 0 0 0 0 0 0 0 0 0 0 0 0 0 0
</DataArray>
<DataArray type="Float32" Name="order_param" format="ascii">
0.8123 0.7898 0.6601 0.6245 0.7522 0.7574 0.6963 0.6668 0.7507 0.7535 0.7131 0.6114 0.7277 0.7439 0.7448 0.7279 0.8073 0.6313 0.6469 0.6203 0.7927 0.7832 0.6351 0.8327 0.8135 0.6506 0.7443 0.6003 0.6640 0.8364 0.8091 0.7503 0.6607 0.8114 0.7461 0.7917 0.5960 0.7239 0.8046 0.7140 0.6705 0.7222 0.7913 0.8627 0.8258 0.7411 0.7588 0.7315 0.6667 0.6881 0.7527 0.7583 0.7459 0.6381 0.7498 0.6743 0.6743 0.7060 0.8124 0.7522 0.8183 0.6157 0.7107 0.7390 0.6409 0.8230 0.6618 0.8050 0.6827 0.7554 0.6576 0.7835 0.8351 0.6782 0.7123 0.5170 0.8127 0.7906 0.5882 0.8410 0.5785 0.6885 0.5871 0.7495 0.8359 0.6976 0.8424 0.8093 0.7065 0.7506 0.7997 0.7512 0.7755 0.7313 0.5270 0.7286 0.7738 0.6864 0.7950 0.6099 0.7937 0.8084 0.8044 0.7624 0.8353 0.6907 0.6201 0.8289 0.8341 0.8418 0.8174 0.7675 0.6926 0.5211 0.7287 0.6987 0.6476 0.5847 0.7862 0.6497 0.8279 0.5944 0.5553 0.8441 0.7755 0.6295 0.7649 0.5442 0.7047 0.6462 0.7703 0.6916 0.5228 0.7818 0.7173 0.6609 0.7268 0.6313 0.6424 0.7468 0.7505 0.7265 0.8332 0.8196 0.6169 0.7885 0.6438 0.7111 0.7637 0.7850 0.7353 0.6906 0.7212 0.5945 0.7401 0.7012 0.8244 0.8320 0.7621 0.7138 0.6406 0.8320 0.7962 0.5547 0.6867 0.5925 0.6940 0.6473 0.7655 0.7130 0.6267 0.7626 0.7949 0.7604 0.7775 0.6389 0.6787 0.8012 0.7673 0.7685 0.7350 0.6101 0.7236 0.7158 0.7895 0.7162 0.8171 0.8158 0.6573 0.7487 0.7539 0.8145 0.8040 0.7335 0.7805 0.7425 0.7515 0.7837 0.8059 0.7121 0.7390 0.7280 0.5750 0.6275 0.8360 0.6458 0.7324 0.6645 0.8367 0.5830 0.7779 0.8360 0.6629 0.7448 0.7107 0.5422 0.7074 0.6692 0.6457 0.7447 0.8172 0.6853 0.8030 0.7017 0.7887 0.8067 0.6963 0.6181 0.7271 0.6593 0.7563 0.8425 0.7995 0.6990 0.7521 0.7432 0.8053 0.6479 0.7213 0.8078 0.7626 0.5350 0.7663 0.6875 0.7575 0.8358 0.6232 0.6327 0.7416 0.6283 0.7825 0.6493 0.7563 0.6900 0.8015 0.5960 0.7195 0.7997 0.8334 0.7477 0.7094 0.7919 0.5973 0.6982 0.8600 0.5118 0.7199 0.7067 0.7991 0.7402 0.7225 0.8222 0.6519 0.6660 0.6470 0.7123 0.7763 0.8127 0.8150 0.5462 0.7831 0.8095 0.7095 0.7989 0.6570 0.8475 0.7583 0.5863 0.7866 0.7114 0.6288 0.7063 0.7373 0.7958 0.5906 0.6447 0.7466 0.6767 0.7586 0.6262 0.6789 0.7936 0.6325 0.7838 0.6847 0.7090 0.8223 0.7155 0.7925 0.6420 0.7788 0.6714 0.8253 0.6266 0.7992 0.7427 0.8215 0.7472 0.8127 0.7627 0.7405 0.6396 0.6821 0.6944 0.7537 0.8037 0.7393 0.5380 0.7673 0.8300 0.7319 0.7227 0.7584 0.8069 0.7852 0.6821 0.6226 0.6620 0.8581 0.7368 0.8406 0.5818 0.8130 0.7039 0.7272 0.7379 0.6672 0.6632 0.6203 0.6824 0.7522 0.8475 0.7555 0.7396 0.6903 0.6624 0.6193 0.7565 0.6757 0.7984 0.6613 0.6613 0.7246 0.7455 0.7522 0.7696 0.7829 0.8231 0.6711 0.8411 0.5912 0.6518 0.7051 0.5774 0.7905 0.8157 0.7183 0.7879 0.7425 0.8503 0.6762 0.6662 0.7672 0.5609 0.6386 0.8080 0.8258 0.8637 0.7307 0.6429 0.5499 0.6286 0.8333 0.6587 0.8391 0.7498 0.7753 0.7228 0.6795 0.6159 0.7785 0.8217 0.7499 0.8025 0.7885 0.7912 0.6150 0.6166 0.8371 0.8105 0.7565 0.7595 0.8036 0.7036 0.7834 0.4998 0.7234 0.5951 0.6601 0.7258 0.6261 0.6690 0.7492 0.8127 0.6276 0.7740 0.7679 0.8063 0.7531 0.7210 0.6689 0.6755 0.8447 0.7197 0.7641 0.7771 0.8534 0.7876 0.5822 0.7609 0.7144 0.7155 0.7061 0.6177 0.6174 0.6428 0.7023 0.8380 0.6647 0.7248 0.6656 0.7102 0.8609 0.5686 0.6358 0.6778 0.7365 0.7557 0.7644 0.6799 0.6076 0.7063 0.6523 0.6444 0.7589 0.7403 0.6512 0.7339 0.6830 0.7438 0.7506 0.7495 0.5463 0.7627 0.7695 0.7778 0.7687 0.7432 0.7023 0.7814 0.6127 0.7242 0.8218 0.6203 0.8574 0.5258 0.6480 0.5806 0.6229 0.6338 0.7099 0.6519 0.6387 0.7757 0.5955 0.7023 0.7653 0.7382 0.8146 0.8317 0.7594 0.6431 0.8250 0.6068 0.6827 0.6575 0.5902 0.7528 0.7213 0.7685 0.7832 0.6373 0.7281 0.7377 0.7590 0.7467 0.8814 0.7436 0.6397 0.8392 0.7971 0.8049 0.7302 0.6897 0.6120 0.7362 0.5744 0.8073 0.7877 0.8536 0.7928 0.7005 0.5506 0.6654 0.6285 0.6565 0.6866 0.8455 0.5607 0.6418 0.7805 0.7375 0.6648 0.7463 0.7826 0.7592 0.7521 0.6314 0.5788 0.8312 0.6079 0.7863 0.6769 0.7363 0.7275 0.7303 0.7771 0.7497 0.7555 0.8204 0.7507 0.7563 0.7301 0.6941 0.7807 0.7914 0.7821 0.8176 0.6091 0.7863 0.7799 0.6754 0.6055 0.7023 0.7943 0.7362 0.6359 0.7704 0.7096 0.8051 0.8122 0.7119 0.6324 0.7328 0.8415 0.6590 0.5350 0.7542 0.6656 0.7380 0.8356 0.7003 0.7624 0.6934 0.6730 0.6363 0.6198 0.6124 0.7680 0.7163 0.6609 0.5713 0.5951 0.7095 0.7098 0.7191 0.6903 0.8567 0.6687 0.7486 0.5887 0.7453 0.6645 0.7469 0.8031 0.5631 0.8494 0.9011 0.6443 0.6028 0.6886 0.7925 0.6719 0.6047 0.7849 0.7455 0.6829 0.7352 0.7111 0.6539 0.7866 0.6855 0.6899 0.6921 0.7207 0.7722 0.7025 0.5511 0.7468 0.6989 0.8304 0.8050 0.8536 0.7067 0.6875 0.8961 0.6820 0.6498 0.6842 0.6393 0.6883 0.5981 0.6556 0.7327 0.8257 0.7999 0.6580 0.6546 0.7016 0.8144 0.7086 0.6462 0.8036 0.7569 0.7848 0.6907 0.7046 0.6564 0.6590 0.7979 0.8137 0.5999 0.7450 0.7545 0.6708 0.6451 0.7835 0.8158 0.7897 0.5962 0.8552 0.8228 0.8477 0.8239 0.7994 0.6940 0.7726 0.5724 0.7623 0.7759 0.5288 0.8491 0.8016 0.6824 0.7591 0.7791 0.7117 0.8065 0.7136 0.7356 0.7971 0.6898 0.8410 0.6382 0.7167 0.6792 0.6975 0.7444 0.8040 0.7703 0.5584 0.7007 0.7428 0.7823 0.6555 0.7772 0.6310 0.8232 0.6491 0.7298 0.6579 0.8011 0.7624 0.5927 0.7583 0.7991 0.6068 0.7373 0.7059 0.6448 0.6520 0.5597 0.7638 0.7516 0.7300 0.6076 0.7048 0.7588 0.7130 0.7476 0.7853 0.7093 0.6812 0.6845 0.7515 0.8299 0.7315 0.8182 0.8242 0.6133 0.8034 0.6666 0.6502 0.6241 0.6725 0.8435 0.7014 0.7387 0.8058 0.6912 0.5402 0.8493 0.6531 0.8576 0.8576 0.6517 0.7274 0.7873 0.6337 0.6590 0.6697 0.6594 0.5601 0.7485 0.7830 0.6873 0.7557 0.7141 0.7680 0.7819 0.5577 0.7678 0.6168 0.6797 0.7606 0.6312 0.8053 0.8225 0.6028 0.7260 0.7496 0.8073 0.5435 0.5974 0.6003 0.7292 0.7997 0.7178 0.7738 0.6542 0.6954 0.6404 0.7902 0.8089 0.8023 0.6747 0.6210 0.6499 0.7025 0.7393 0.7455 0.7267 0.5962 0.6897 0.6304 0.6768 0.7747 0.7242 0.6298 0.8207 0.6139 0.8235 0.7444 0.7989 0.6875 0.6376 0.6786 0.8038 0.6616 0.8111 0.8195 0.6492 0.7621 0.7843 0.6994 0.5778 0.5675 0.8698 0.5494 0.8041 0.7229 0.6156 0.8184 0.7096 0.7729 0.7671 0.7761 0.8247 0.6696 0.6035 0.8245 0.8000 0.8027 0.7588 0.8338 0.5469 0.8125 0.8033 0.7452 0.7707 0.6459 0.7396 0.6494 0.7455 0.7870 0.7655 0.8069 0.6894 0.7602 0.6804 0.6954 0.5232 0.7332 0.8184 0.7820 0.5616 0.8012 0.7538 0.5851 0.8093 0.7017 0.7621 0.7236 0.8142 0.5074 0.6117 0.8152 0.7352 0.6938 0.7683 0.8574 0.7880 0.6519 0.7508 0.6577 0.7683 0.7669 0.7762 0.5518 0.8108 0.7523 0.7738 0.5587 0.7921 0.7751 0.7345 0.8727 0.7581 0.8316 0.7115 0.7592 0.7897 0.8043 0.5866 0.7867 0.8105 0.8108 0.6132 0.7011 0.6630 0.7940 0.6640 0.6473 0.6093 0.6540 0.6617 0.7070 0.7442 0.8391 0.6585 0.7417 0.6406 0.8154 0.7265 0.8197 0.7353 0.8178 0.7942 0.8453 0.7268 0.7814 0.7885 0.7662 0.7486 0.6764 0.8541 0.8149 0.7012 0.8050 0.7045 0.8117 0.6301 0.7425 0.7262 0.7848 0.5408 0.8243 0.8197 0.7534 0.6085 0.6221 0.7751 0.5486 0.6315 0.6379 0.5716 0.7741 0.7926 0.5655 0.7498 0.6401 0.7549 0.8455 0.7592 0.7111 0.6681 0.8047 0.6277 0.8294 0.7745 0.7173 0.6458 0.7491 0.6499 0.7226 0.7925 0.7561 0.7727 0.6575 0.6624 0.6555 0.7891 0.7938 0.6360 0.8266 0.6598 0.6217 0.6660 0.7999 0.7098 0.7558 0.8074 0.6751 0.7987 0.7332 0.7563 0.8443 0.7813 0.6102 0.8100 0.7404 0.6526 0.7718 0.7914 0.7909 0.7412 0.8303 0.7606 0.7126 0.6939 0.7543 0.7630 0.8192 0.6390 0.7400 0.5962 0.6100 0.6575 0.6712 0.7989 0.6547 0.6378 0.5747 0.4923 0.7563 0.8304 0.7267 0.6733 0.6588 0.6638 0.7572 0.6793 0.8337 0.8473 0.7389 0.6889 0.7229 0.5948 0.7453 0.7322 0.8101 0.7429 0.6577 0.6995 0.7916 0.8062 0.7241 0.5777 0.5870 0.8588 0.6003 0.7119 0.7105 0.7591 0.6669 0.7796 0.7155 0.8222 0.8076 0.8268 0.7531 0.8156 0.7809 0.7577 0.7078 0.7602 0.6061 0.7036 0.7215 0.7981 0.7019 0.6688 0.7999 0.8204 0.6612 0.6318 0.8186 0.7812 0.8140 0.6912 0.6911 0.8009 0.7989 0.6911 0.5631 0.6040 0.6186 0.7168 0.6545 0.7415 0.8014 0.7528 0.7511 0.7517 0.6744 0.5932 0.6709 0.7105 0.6908 0.6793 0.7579 0.7456 0.6814 0.8631 0.5630 0.7369 0.8097 0.8237 0.7899 0.8374 0.7270 0.6644 0.5740 0.8024 0.7908 0.6431 0.6467 0.6365 0.8194 0.7238 0.6675 0.8186 0.6064 0.7383 0.7985 0.6757 0.7216 0.6064 0.8713 0.8155 0.8754 0.6477 0.7804 0.8222 0.7668 0.7187 0.6050 0.7018 0.5983 0.7872 0.6857 0.7445 0.5810 0.7712 0.8232 0.6230 0.7740 0.7006 0.6076 0.7698 0.8040 0.7924 0.6159 0.7621 0.6683 0.8046 0.7392 0.6527 0.6014 0.5922 0.6908 0.6113 0.7835 0.8383 0.7835 0.7014 0.6633 0.8059 0.6431 0.5960 0.8154 0.7297 0.6764 0.7826 0.6197 0.6712 0.6575 0.8821 0.6450 0.6401 0.6182 0.6411 0.7485 0.7726 0.6648 0.6782 0.6666 0.7697 0.6536 0.8080 0.7548 0.6612 0.6288 0.8162 0.6306 0.6728 0.7819 0.5847 0.7423 0.7278 0.7755 0.7227 0.5735 0.6541 0.7887 0.6478 0.7505 0.7275 0.7753 0.7840 0.8255 0.8100 0.8422 0.6853 0.6922 0.6078 0.7318 0.8282 0.8204 0.6085 0.8067 0.6071 0.5968 0.6248 0.5827 0.6465 0.6845 0.7953 0.6194 0.8286 0.7685 0.6910 0.7746 0.6503 0.6923 0.6555 0.5683 0.7026 0.6531 0.7855 0.6813 0.5556 0.8349 0.8048 0.6841 0.6651 0.7620 0.5754 0.8156 0.6559 0.7979 0.7464 0.7014 0.6570 0.5989 0.6818 0.8326 0.7670 0.8271 0.8373 0.6533 0.6955 0.7297 0.6548 0.8271 0.7178 0.6978 0.6803 0.6626 0.7657 0.8054 0.6778 0.7826 0.7381 0.7948 0.8069 0.7617 0.7838 0.5907 0.7596 0.7815 0.7884 0.6988 0.6815 0.7667 0.8322 0.7748 0.7553 0.7689 0.8052 0.7593 0.7853 0.5226 0.7644 0.7979 0.8030 0.7970 0.7460 0.7037 0.5899 0.7649 0.7671 0.7646 0.8422 0.7231 0.6821 0.6815 0.7012 0.7610 0.8110 0.6360 0.8226 0.7503 0.8270 0.5601 0.6682 0.6810 0.6545 0.5749 0.6752 0.7704 0.7263 0.6750 0.6787 0.6620 0.7281 0.6890 0.7793 0.6480 0.5939 0.7791 0.6275 0.8250 0.5743 0.6614 0.6696 0.8211 0.7624 0.5446 0.7192 0.7312 0.8323 0.8182 0.7663 0.6479 0.7141 0.7601 0.8278 0.5014 0.8272 0.7533 0.7603 0.5709 0.6777 0.5737 0.7488 0.7210 0.5844 0.7238 0.6782 0.6002 0.6381 0.8067 0.7300 0.7889 0.6149 0.7835 0.6912 0.7865 0.7351 0.6476 0.5866 0.5934 0.6532 0.7710 0.6637 0.7773 0.7555 0.8088 0.7824 0.6803 0.7009 0.8116 0.6135 0.7496 0.7085 0.8520 0.7137 0.7871 0.6241 0.6926 0.8171 0.7557 0.6422 0.7437 0.8053 0.7607 0.7725 0.5919 0.8096 0.8132 0.8098 0.7767 0.8042 0.8126 0.7859 0.7774 0.7524 0.7256 0.7321 0.7281 0.6838 0.7300 0.6447 0.7058 0.7744 0.7252 0.7477 0.6883 0.7356 0.8278 0.5708 0.7437 0.7882 0.6048 0.6840 0.7386 0.8347 0.7999 0.7992 0.6363 0.6984 0.8067 0.5896 0.5913 0.7340 0.7453 0.6791 0.7609 0.7897 0.7406 0.7053 0.6114 0.7229 0.8293 0.7236 0.8474 0.5948 0.6291 0.7482 0.7603 0.5892 0.7737 0.8471 0.7551 0.8158 0.8479 0.6598 0.6800 0.7504 0.7968 0.7095 0.7749 0.6907 0.7519 0.7121 0.8048 0.8351 0.7171 0.8464 0.7730 0.7287 0.7352 0.7714 0.6015 0.7969 0.7406 0.6456 0.7740 0.6581 0.8516 0.7442 0.6605 0.6785 0.7473 0.7541 0.7931 0.7743 0.8789 0.8483 0.7071 0.8149 0.6797 0.6709 0.8417 0.8111 0.7035 0.7418 0.8053 0.5633 0.5651 0.6246 0.7435 0.7367 0.8127 0.7820 0.8232 0.8225 0.8345 0.8046 0.6705 0.7958 0.6921 0.7478 0.6213 0.7539 0.7048 0.6136 0.6704 0.8040 0.7367 0.6627 0.7313 0.7925 0.6987 0.6252 0.7787 0.7341 0.8043 0.5126 0.6837 0.6943 0.7962 0.8072 0.7731 0.7426 0.6456 0.7739 0.8289 0.7452 0.7524 0.6945 0.7079 0.8195 0.7828 0.5472 0.5851 0.6707 0.8226 0.7763 0.6706 0.6688 0.7904 0.7183 0.7396 0.7365 0.7922 0.8698 0.7543 0.6852 0.6756 0.5931 0.7960 0.7580 0.6745 0.7161 0.8140 0.7603 0.7901 0.7141 0.7600 0.7940 0.7462 0.7402 0.7340 0.7502 0.8311 0.8006 0.7739 0.7008 0.8292 0.5079 0.7759 0.7488 0.8089 0.7706 0.8254 0.8462 0.7573 0.8213 0.6024 0.6592 0.8393 0.7789 0.7830 0.6186 0.7016 0.6301 0.7655 0.6659 0.7310 0.8605 0.7535 0.8196 0.7359 0.7306 0.7165 0.6671 0.7824 0.6951 0.5675 0.6633 0.7054 0.6577 0.7471 0.5740 0.6631 0.6507 0.6512 0.7175 0.7299 0.6740 0.7624 0.6361 0.7443 0.5492 0.8543 0.6489 0.6903 0.6892 0.7239 0.8579 0.8304 0.7475 0.8319 0.7392 0.6641 0.8241 0.8157 0.7414 0.6636 0.8061 0.7475 0.6379 0.7098 0.6262 0.5222 0.8217 0.7990 0.6751 0.7600 0.7499 0.8346 0.7560 0.6253 0.6266 0.8282 0.6343 0.7871 0.6208 0.5484 0.6664 0.6456 0.7499 0.6026 0.6921 0.7799 0.7524 0.7480 0.8244 0.6312 0.6181 0.7340 0.7353 0.5804 0.7193 0.6272 0.6562 0.6465 0.5539 0.7863 0.6233 0.7074 0.7577 0.8173 0.8051 0.6673 0.5652 0.8099 0.6721 0.7019 0.7649 0.7396 0.6598 0.8590 0.7955 0.7194 0.7810 0.7651 0.7840 0.6355 0.8627 0.6148 0.7061 0.6364 0.7551 0.7772 0.7845 0.7971 0.7182 0.7588 0.6599 0.8149 0.8243 0.7992 0.6549 0.5738 0.8125 0.5553 0.8161 0.6175 0.7872 0.6690 0.7559 0.8345 0.7286 0.7865 0.8045 0.8115 0.7614 0.8275 0.7137 0.7117 0.8137 0.6649 0.8334 0.6993 0.7890 0.7099 0.8007 0.7151 0.7704 0.6109 0.7618 0.5689 0.7546 0.7770 0.8356 0.7497 0.5247 0.5920 0.7943 0.7218 0.6046 0.7628 0.7555 0.7117 0.7354 0.7682 0.5924 0.5106 0.7476 0.7263 0.7959 0.7132 0.7670 0.7942 0.7727 0.6713 0.6414 0.6533 0.8347 0.8029 0.6880 0.7783 0.6826 0.6354 0.8126 0.7594 0.8133 0.7082 0.8248 0.6513 0.6980 0.7212 0.6355 0.8082 0.7584 0.7973 0.6545 0.8161 0.6534 0.7899 0.7904 0.6882 0.5378 0.6675 0.7284 0.6047 0.6274 0.5602 0.7440 0.7869 0.7932 0.6232 0.7006 0.6866 0.7732 0.6801 0.6544 0.8367 0.5789 0.7134 0.7652 0.8122 0.6284 0.8055 0.8016 0.7580 0.6872 0.7229 0.8060 0.8168 0.6551 0.8022 0.6914 0.7530 0.7597 0.7361 0.7454 0.7734 0.6944 0.8167 0.7727 0.8228 0.7210 0.7233 0.8266 0.8854 0.7328 0.7441 0.7490 0.5686 0.8081 0.6926 0.6259 0.6577 0.6118 0.8129 0.8231 0.7616 0.7910 0.8167 0.7119 0.8060 0.7207 0.6521 0.7298 0.5559 0.7011 0.5415 0.7672 0.5396 0.5644 0.7293 0.7940 0.6735 0.8207 0.6636 0.8593 0.8266 0.6842 0.5819 0.5903 0.8453 0.6336 0.7929 0.6992 0.8611 0.7052 0.8236 0.7798 0.7431 0.6532 0.7997 0.6739 0.7449 0.8063 0.4917 0.6677 0.7107 0.5249 0.7173 0.7574 0.6855 0.7143 0.7553 0.7637 0.8094 0.7837 0.8511 0.7918 0.7404 0.7594 0.7893 0.7543 0.7854 0.7193 0.6066 0.7960 0.8198 0.7918 0.7574 0.5976 0.7844 0.6031 0.6662 0.6170 0.7226 0.7062 0.8350 0.8226 0.7311 0.8529 0.7553 0.6525 0.7444 0.7377 0.6862 0.5538 0.8018 0.5922 0.7301 0.7018 0.7823 0.8302 0.6524 0.7408 0.7853 0.6816 0.8166 0.6560 0.7723 0.7550 0.6441 0.8453 0.7607 0.8296 0.8228 0.5333 0.7885 0.7504 0.8042 0.5954 0.5900 0.6781 0.7563 0.6633 0.7951 0.7084 0.7615 0.8379 0.6597 0.6621 0.6938 0.7776 0.7888 0.7704 0.7152 0.5978 0.6353 0.7276 0.6871 0.7606 0.8106 0.8110 0.5452 0.6757 0.6283 0.8304 0.7419 0.7416 0.7452 0.7112 0.8268 0.7806 0.8252 0.7103 0.8054 0.8418 0.7716 0.7465 0.5584 0.7413 0.6281 0.8006 0.7601 0.8032 0.7942 0.6628 0.6763 0.5487 0.7788 0.7330 0.7879 0.6504 0.7522 0.5396 0.5976 0.8180 0.8059 0.7883 0.5569 0.7746 0.7495 0.7072 0.7141 0.8025 0.6818 0.7838 0.7289 0.5452 0.7813 0.7668 0.8237 0.8342 0.7787 0.7264 0.6680 0.6889 0.5568 0.6991 0.6339 0.8167 0.8222 0.5814 0.7018 0.6974 0.7811 0.7865 0.7628 0.7997 0.7419 0.7918 0.6537 0.8294 0.5599 0.6221 0.8132 0.7202 0.7267 0.6212 0.8350 0.7098 0.7956 0.6764 0.7181 0.7779 0.6133 0.5523 0.5483 0.7745 0.6924 0.7350 0.7637 0.7159 0.7861 0.7994 0.7447 0.6217 0.6806 0.6396 0.7473 0.7623 0.7855 0.7331 0.7421 0.8095 0.7436 0.8104 0.8054 0.8151 0.7116 0.8629 0.7951 0.8090 0.6399 0.6333 0.5949 0.7809 0.7904 0.8513 0.6543 0.7217 0.6030 0.6541 0.7888 0.7466 0.8306 0.7610 0.7393 0.6746 0.7194 0.7105 0.5747 0.7874 0.7610 0.6737 0.7249 0.7793 0.8034 0.6589 0.7012 0.7160 0.7320 0.6705 0.6955 0.7620 0.6514 0.7288 0.7041 0.7384 0.6979 0.7845 0.7244 0.8254 0.7400 0.7996 0.7474 0.8509 0.8030 0.6259 0.7710 0.7060 0.7963 0.7777 0.6107 0.5259 0.6951 0.8582 0.7664 0.7138 0.6850 0.7594 0.8242 0.7957 0.6734 0.7846 0.7250 0.6456 0.7807 0.7986 0.6463 0.7350 0.5581 0.7990 0.6830 0.8145 0.7657 0.7349 0.6594 0.8731 0.6923 0.6212 0.7676 0.8174 0.7076 0.7115 0.6089 0.7264 0.7729 0.5546 0.7450 0.6752 0.8087 0.7108 0.7513 0.7819 0.6830 0.7603 0.7155 0.7525 0.7458 0.6039 0.5659 0.8024 0.7932 0.7211 0.6717 0.8044 0.6933 0.6818 0.6908 0.7851 0.6809 0.8283 0.7875 0.7178 0.7872 0.8021 0.8002 0.8119 0.8272 0.7855 0.7156 0.7489 0.6547 0.7848 0.7288 0.7924 0.6692 0.7033 0.6685 0.6042 0.6752 0.6242 0.8157 0.8182 0.6778 0.7668 0.6785 0.8068 0.8030 0.7733 0.7938 0.8203 0.5787 0.6778 0.7485 0.7010 0.7670 0.6839 0.8362 0.7688 0.5831 0.7154 0.7792 0.7952 0.8320 0.7448 0.7936 0.8068 0.5987 0.6280 0.7387 0.7537 0.7492 0.7991 0.7457 0.5625 0.7420 0.6021 0.6720 0.7259 0.7572 0.6771 0.8077 0.7699 0.6981 0.6653 0.5612 0.5465 0.7448 0.6289 0.7113 0.7138 0.8107 0.7862 0.7793 0.8678 0.6131 0.6138 0.6398 0.6931 0.7902 0.5925 0.7964 0.8396 0.5887 0.7825 0.6501 0.7781 0.7355 0.7973 0.7790 0.7722 0.8027 0.7635 0.8071 0.7938 0.6280 0.5828 0.8624 0.7815 0.8088 0.7286 0.7664 0.7962 0.6323 0.5404 0.6280 0.5870 0.6827 0.8117 0.8182 0.8408 0.7966 0.6360 0.7144 0.6256 0.7374 0.7758 0.8033 0.6983 0.7517 0.6165 0.8096 0.5655 0.7398 0.8062 0.6886 0.5957 0.7824 0.7182 0.5752 0.7612 0.6341 0.7664 0.8204 0.8350 0.5419 0.6769 0.8741 0.6551 0.6197 0.6976 0.6629 0.6550 0.5648 0.6907 0.8264 0.6698 0.8408 0.7437 0.7500 0.7248 0.7690 0.7272 0.8611 0.8111 0.8284 0.7249 0.8005 0.7485 0.8247 0.7340 0.6553 0.8426 0.6001 0.8099 0.6994 0.8282 0.7951 0.7301 0.7951 0.6222 0.6674 0.6765 0.6519 0.7501 0.6246 0.8165 0.8304 0.7988 0.6653 0.7847 0.6097 0.7236 0.7826 0.6378 0.6180 0.6218 0.8109 0.7843 0.7513 0.7983 0.6079 0.8227 0.5728 0.7243 0.6991 0.6126 0.7150 0.8141 0.7381 0.8326 0.6786 0.7786 0.7737 0.8086 0.6442 0.7397 0.6080 0.6663 0.6936 0.7185 0.7131 0.7683 0.7287 0.6252 0.7553 0.8419 0.7478 0.8325 0.8651 0.6401 0.6720 0.7158 0.8553 0.7003 0.7216 0.7424 0.6923 0.8067 0.7138 0.6764 0.7472 0.7667 0.7142 0.6127 0.6830 0.8353 0.7258 0.8324 0.7820 0.6295 0.7425 0.7104 0.7598 0.7360 0.6896 0.7254 0.6804 0.7138 0.7295 0.6150 0.7969 0.7949 0.7816 0.7955 0.6373 0.5769 0.6584 0.8141 0.8220 0.6770 0.7209 0.7642 0.7794 0.7968 0.5745 0.7904 0.7093 0.6489 0.7335 0.7950 0.6981 0.7863 0.5562 0.7334 0.8115 0.6257 0.8194 0.7839 0.6838 0.5033 0.7580 0.7541 0.7539 0.6713 0.6835 0.7776 0.8527 0.7330 0.6478 0.7393 0.7045 0.6411 0.7963 0.7831 0.6538 0.7344 0.7993 0.7411 0.6116 0.7818 0.7492 0.7437 0.6868 0.7491 0.7870 0.7097 0.6103 0.7932 0.6456 0.7454 0.6263 0.7549 0.7234 0.7998 0.6567 0.7341 0.7343 0.7314 0.6944 0.7235 0.7244 0.7941 0.7367 0.8358 0.6713 0.7576 0.8025 0.7680 0.7561 0.6422 0.7496 0.7251 0.6375 0.7807 0.6204 0.8177 0.6246 0.7652 0.6628 0.8149 0.7397 0.8379 0.7579 0.7953 0.6953 0.7163 0.7279 0.5204 0.5928 0.7112 0.7146 0.8471 0.6468 0.6119 0.7555 0.9000 0.9000 0.9000 0.9000 0.9000 0.9000 0.9000 0.9000 0.9000 0.9000 0.9000 0.9000 0.9000 0.9000 0.9000 0.9000 0.9000 0.9000 0.9000 0.9000 0.9000 0.9000 0.9000 0.9000 0.9000 0.9000 0.9000 0.9000 0.9000 0.9000 0.9000 0.9000 0.9000 0.9000 0.9000 0.9000 0.9000 0.9000 0.9000 0.9000 0.9000 0.9000 0.9000 0.9000 0.9000 0.9000 0.9000 0.9000 0.9000 0.9000 0.9000 0.9000 0.9000 0.9000 0.9000 0.9000 0.9000 0.9000 0.9000 0.9000 0.9000 0.9000 0.9000 0.9000 0.9000 0.9000 0.9000 0.9000 0.9000 0.9000 0.9000 0.9000 0.9000 0.9000 0.9000 0.9000 0.9000 0.9000 0.9000 0.9000 0.9000 0.9000 0.9000 0.9000 0.9000 0.9000 0.9000 0.9000 0.9000 0.9000 0.9000 0.9000 0.9000 0.9000 0.9000 0.9000 0.9000 0.9000 0.9000 0.9000 0.9000 0.9000 0.9000 0.9000 0.9000 0.9000 0.9000 0.9000 0.9000 0.9000 0.9000 0.9000 0.9000 0.9000 0.9000 0.9000 0.9000 0.9000 0.9000 0.9000 0.9000 0.9000 0.9000 0.9000 0.9000 0.9000 0.9000 0.9000 0.9000 0.9000 0.9000 0.9000 0.9000 0.9000 0.9000 0.9000 0.9000 0.9000 0.9000 0.9000 0.9000 0.9000 0.9000 0.9000 0.9000 0.9000 0.9000 0.9000 0.9000 0.9000 0.9000 0.9000 0.9000 0.9000 0.9000 0.9000 0.9000 0.9000 0.9000 0.9000 0.9000 0.9000 0.9000 0.9000 0.9000 0.9000 0.9000 0.9000 0.9000 0.9000 0.9000 0.9000 0.9000 0.9000 0.9000 0.9000 0.9000 0.9000 0.9000 0.9000 0.9000 0.9000 0.9000 0.9000 0.9000 0.9000 0.9000 0.9000 0.9000 0.9000 0.9000 0.9000 0.9000 0.9000 0.9000 0.9000 0.9000 0.9000 0.9000 0.9000 0.9000 0.9000 0.9000 0.9000 0.9000 0.9000 0.9000 0.9000 0.9000 0.9000 0.9000 0.9000 0.9000 0.9000 0.9000 0.9000 0.9000 0.9000 0.9000 0.9000 0.9000 0.9000 0.9000 0.9000 0.9000 0.9000 0.9000 0.9000 0.9000 0.9000 0.9000 0.9000 0.9000 0.9000 0.9000 0.9000 0.9000 0.9000 0.9000 0.9000 0.9000 0.9000 0.9000 0.9000 0.9000 0.9000 0.9000 0.9000 0.9000 0.9000 0.9000 0.9000 0.9000 0.9000 0.9000 0.9000 0.9000 0.9000 0.9000 0.9000 0.9000 0.9000 0.9000 0.9000 0.9000 0.9000 0.9000 0.9000 0.9000 0.9000 0.9000 0.9000 0.9000 0.9000 0.9000 0.9000 0.9000 0.9000 0.9000 0.9000 0.9000 0.9000 0.9000 0.9000 0.9000 0.9000 0.9000 0.9000 0.9000 0.9000 0.9000 0.9000 0.9000 0.9000 0.9000 0.9000 0.9000 0.9000 0.9000 0.9000 0.9000 0.9000 0.9000 0.9000 0.9000 0.9000 0.9000 0.9000 0.9000 0.9000 0.9000 0.9000 0.9000 0.9000 0.9000 0.9000 0.9000 0.9000 0.9000 0.9000 0.9000 0.9000 0.9000 0.9000 0.9000 0.9000 0.9000 0.9000 0.9000 0.9000 0.9000 0.9000 0.9000 0.9000 0.9000 0.9000 0.9000 0.9000 0.9000 0.9000 0.9000 0.9000 0.9000 0.9000 0.9000 0.9000 0.9000 0.9000 0.9000 0.9000 0.9000 0.9000 0.9000 0.9000 0.9000 0.9000 0.9000 0.9000 0.9000 0.9000 0.9000 0.9000 0.9000 0.9000 0.9000 0.9000 0.9000 0.9000 0.9000 0.9000 0.9000 0.9000 0.9000 0.9000 0.9000 0.9000 0.9000 0.9000 0.9000 0.9000 0.9000 0.9000 0.9000 0.9000 0.9000 0.9000 0.9000 0.9000 0.9000 0.9000 0.9000 0.9000 0.9000 0.9000 0.9000 0.9000 0.9000 0.9000 0.9000 0.9000 0.9000 0.9000 0.9000 0.9000 0.9000 0.9000 0.9000 0.9000 0.9000 0.9000 0.9000 0.9000 0.9000 0.9000 0.9000 0.9000 0.9000 0.9000 0.9000 0.9000 0.9000 0.9000 0.9000 0.9000 0.9000 0.9000 0.9000 0.9000 0.9000 0.9000 0.9000 0.9000 0.9000 0.9000 0.9000 0.9000 0.9000 0.9000 0.9000 0.9000 0.9000 0.9000 0.9000 0.9000 0.9000 0.9000 0.9000 0.9000 0.9000 0.9000 0.9000 0.9000 0.9000 0.9000 0.9000 0.9000 0.9000 0.9000 0.9000 0.9000 0.9000 0.9000 0.9000 0.9000 0.9000 0.9000 0.9000 0.9000 0.9000 0.9000 0.9000 0.9000 0.9000 0.9000 0.9000 0.9000 0.9000 0.9000 0.9000 0.9000 0.9000 0.9000 0.9000 0.9000 0.9000 0.9000 0.9000 0.9000 0.9000 0.9000 0.9000 0.9000 0.9000 0.9000 0.9000 0.9000 0.9000 0.9000 0.9000 0.9000 0.9000 0.9000 0.9000 0.9000 0.9000 0.9000 0.9000 0.9000 0.9000 0.9000 0.9000 0.9000 0.9000 0.9000 0.9000 0.9000 0.9000 0.9000 0.9000 0.9000 0.9000 0.9000 0.9000 0.9000 0.9000 0.9000 0.9000 0.9000 0.9000 0.9000 0.9000 0.9000 0.9000 0.9000 0.9000 0.9000 0.9000 0.9000 0.9000 0.9000 0.9000 0.9000 0.9000 0.9000 0.9000 0.9000 0.9000 0.9000 0.9000 0.9000 0.9000 0.9000 0.9000 0.9000 0.9000 0.9000 0.9000 0.9000 0.9000 0.9000 0.9000 0.9000 0.9000 0.9000 0.9000 0.9000 0.9000 0.9000 0.9000 0.9000 0.9000 0.9000 0.9000 0.9000 0.9000 0.9000 0.9000 0.9000 0.9000 0.9000 0.9000 0.9000 0.9000 0.9000 0.9000 0.9000 0.9000 0.9000 0.9000 0.9000 0.9000 0.9000 0.9000 0.9000 0.9000 0.9000 0.9000 0.9000 0.9000 0.9000 0.9000 0.9000 0.9000 0.9000 0.9000 0.9000 0.9000 0.9000 0.9000 0.9000 0.9000 0.9000 0.9000 0.9000 0.9000 0.9000 0.9000 0.9000 0.9000 0.9000 0.9000 0.9000 0.9000 0.9000 0.9000 0.9000 0.9000 0.9000 0.9000 0.9000 0.9000 0.9000 0.9000 0.9000 0.9000 0.9000 0.9000 0.9000 0.9000 0.9000 0.9000 0.9000 0.9000 0.9000 0.9000 0.9000 0.9000 0.9000 0.9000 0.9000 0.9000 0.9000 0.9000 0.9000 0.9000 0.9000 0.9000 0.9000 0.9000 0.9000 0.9000 0.9000 0.9000 0.9000 0.9000 0.9000 0.9000 0.9000 0.9000 0.9000 0.9000 0.9000 0.9000 0.9000 0.9000 0.9000 0.9000 0.9000 0.9000 0.9000 0.9000 0.9000 0.9000 0.9000 0.9000 0.9000 0.9000 0.9000 0.9000 0.9000 0.9000 0.9000 0.9000 0.9000 0.9000 0.9000 0.9000 0.9000 0.9000 0.9000 0.9000 0.9000 0.9000 0.9000 0.9000 0.9000 0.9000 0.9000 0.9000 0.9000 0.9000 0.9000 0.9000 0.9000 0.9000 0.9000 0.9000 0.9000 0.9000 0.9000 0.9000 0.9000 0.9000 0.9000 0.9000 0.9000 0.9000 0.9000 0.9000 0.9000 0.9000 0.9000 0.9000 0.9000 0.9000 0.9000 0.9000 0.9000 0.9000 0.9000 0.9000 0.9000 0.9000 0.9000 0.9000 0.9000 0.9000 0.9000 0.9000 0.9000 0.9000 0.9000 0.9000 0.9000 0.9000 0.9000 0.9000 0.9000 0.9000 0.9000 0.9000 0.9000 0.9000 0.9000 0.9000 0.9000 0.9000 0.9000 0.9000 0.9000 0.9000 0.9000 0.9000 0.9000 0.9000 0.9000 0.9000 0.9000 0.9000 0.9000 0.9000 0.9000 0.9000 0.9000 0.9000 0.9000 0.9000 0.9000 0.9000 0.9000 0.9000 0.9000 0.9000 0.9000 0.9000 0.9000 0.9000 0.9000 0.9000 0.9000 0.9000 0.9000 0.9000 0.9000 0.9000 0.9000 0.9000 0.9000 0.9000 0.9000 0.9000 0.9000 0.9000 0.9000 0.9000 0.9000 0.9000 0.9000 0.9000 0.9000 0.9000 0.9000 0.9000 0.9000 0.9000 0.9000 0.9000 0.9000 0.9000 0.9000 0.9000 0.9000 0.9000 0.9000 0.9000 0.9000 0.9000 0.9000 0.9000 0.9000 0.9000 0.9000 0.9000 0.9000 0.9000 0.9000 0.9000 0.9000 0.9000 0.9000 0.9000 0.9000 0.9000 0.9000 0.9000 0.9000 0.9000 0.9000 0.9000 0.9000 0.9000 0.9000 0.9000 0.9000 0.9000 0.9000 0.9000 0.9000 0.9000 0.9000 0.9000 0.9000 0.9000 0.9000 0.9000 0.9000 0.9000 0.9000 0.9000 0.9000 0.9000 0.9000 0.9000 0.9000 0.9000 0.9000 0.9000 0.9000 0.9000 0.9000 0.9000 0.9000 0.9000 0.9000 0.9000 0.9000 0.9000 0.9000 0.9000 0.9000 0.9000 0.9000 0.9000 0.9000 0.9000 0.9000 0.9000 0.9000 0.9000 0.9000 0.9000 0.9000 0.9000 0.9000 0.9000 0.9000 0.9000 0.9000 0.9000 0.9000 0.9000 0.9000 0.9000 0.9000 0.9000 0.9000 0.9000 0.9000 0.9000 0.9000 0.9000 0.9000 0.9000 0.9000 0.9000 0.9000 0.9000 0.9000 0.9000 0.9000 0.9000 0.9000 0.9000 0.9000 0.9000 0.9000 0.9000 0.9000 0.9000 0.9000 0.9000 0.9000 0.9000 0.9000 0.9000 0.9000 0.9000 0.9000 0.9000 0.9000 0.9000 0.9000 0.9000 0.9000 0.9000 0.9000 0.9000 0.9000 0.9000 0.9000 0.9000 0.9000 0.9000 0.9000 0.9000 0.9000 0.9000 0.9000 0.9000 0.9000 0.9000 0.9000 0.9000 0.9000 0.9000 0.9000 0.9000 0.9000 0.9000 0.9000 0.9000 0.9000 0.9000 0.9000 0.9000 0.9000 0.9000 0.9000 0.9000 0.9000 0.9000 0.9000 0.9000 0.9000 0.9000 0.9000 0.9000 0.9000 0.9000 0.9000 0.9000 0.9000 0.9000 0.9000 0.9000 0.9000 0.9000 0.9000 0.9000 0.9000 0.9000 0.9000 0.9000 0.9000 0.9000 0.9000 0.9000 0.9000 0.9000 0.9000 0.9000 0.9000 0.9000 0.9000 0.9000 0.9000 0.9000 0.9000 0.9000 0.9000 0.9000 0.9000 0.9000 0.9000 0.9000 0.9000 0.9000 0.9000 0.9000 0.9000 0.9000 0.9000 0.9000 0.9000 0.9000 0.9000 0.9000 0.9000 0.9000 0.9000 0.9000 0.9000 0.9000 0.9000 0.9000 0.9000 0.9000 0.9000 0.9000 0.9000 0.9000 0.9000 0.9000 0.9000 0.9000 0.9000 0.9000 0.9000 0.9000 0.9000 0.9000 0.9000 0.9000 0.9000 0.9000 0.9000 0.9000 0.9000 0.9000 0.9000 0.9000 0.9000 0.9000 0.9000 0.9000 0.9000 0.9000 0.9000 0.9000 0.9000 0.9000 0.9000 0.9000 0.9000 0.9000 0.9000 0.9000 0.9000 0.9000 0.9000 0.9000 0.9000 0.9000 0.9000 0.9000 0.9000 0.9000 0.9000 0.9000 0.9000 0.9000 0.9000 0.9000 0.9000 0.9000 0.9000 0.9000 0.9000 0.9000 0.9000 0.9000 0.9000 0.9000 0.9000 0.9000 0.9000 0.9000 0.9000 0.9000 0.9000 0.9000 0.9000 0.9000 0.9000 0.9000 0.9000 0.9000 0.9000 0.9000 0.9000 0.9000 0.9000 0.9000 0.9000 0.9000 0.9000 0.9000 0.9000 0.9000 0.9000 0.9000 0.9000 0.9000 0.9000 0.9000 0.9000 0.9000 0.9000 0.9000 0.9000 0.9000 0.9000 0.9000 0.9000 0.9000 0.9000 0.9000 0.9000 0.9000 0.9000 0.9000 0.9000 0.9000 0.9000 0.9000 0.9000 0.9000 0.9000 0.9000 0.9000 0.9000 0.9000 0.9000 0.9000 0.9000 0.9000 0.9000 0.9000 0.9000 0.9000 0.9000 0.9000 0.9000 0.9000 0.9000 0.9000 0.9000 0.9000 0.9000 0.9000 0.9000 0.9000 0.9000 0.9000 0.9000 0.9000 0.9000 0.9000 0.9000 0.9000 0.9000 0.9000 0.9000 0.9000 0.9000 0.9000 0.9000 0.9000 0.9000 0.9000 0.9000 0.9000 0.9000 0.9000 0.9000 0.9000 0.9000 0.9000 0.9000 0.9000 0.9000 0.9000 0.9000 0.9000 0.9000 0.9000 0.9000 0.9000 0.9000 0.9000 0.9000 0.9000 0.9000 0.9000 0.9000 0.9000 0.9000 0.9000 0.9000 0.9000 0.9000 0.9000 0.9000 0.9000 0.9000 0.9000 0.9000 0.9000 0.9000 0.9000 0.9000 0.9000 0.9000 0.9000 0.9000 0.9000 0.9000 0.9000 0.9000 0.9000 0.9000 0.9000 0.9000 0.9000 0.9000 0.9000 0.9000 0.9000 0.9000 0.9000 0.9000 0.9000 0.9000 0.9000 0.9000 0.9000 0.9000 0.9000 0.9000 0.9000 0.9000 0.9000 0.9000 0.9000 0.9000 0.9000 0.9000 0.9000 0.9000 0.9000 0.9000 0.9000 0.9000 0.9000 0.9000 0.9000 0.9000 0.9000 0.9000 0.9000 0.9000 0.9000 0.9000 0.9000 0.9000 0.9000 0.9000 0.9000 0.9000 0.9000 0.9000 0.9000 0.9000 0.9000 0.9000 0.9000 0.9000 0.9000 0.9000 0.9000 0.9000 0.9000 0.9000 0.9000 0.9000 0.9000 0.9000 0.9000 0.9000 0.9000 0.9000 0.9000 0.9000 0.9000 0.9000 0.9000 0.9000 0.9000 0.9000 0.9000 0.9000 0.9000 0.9000 0.9000 0.9000 0.9000 0.9000 0.9000 0.9000 0.9000 0.9000 0.9000 0.9000 0.9000 0.9000 0.9000 0.9000 0.9000 0.9000 0.9000 0.9000 0.9000 0.9000 0.9000 0.9000 0.9000 0.9000 0.9000 0.9000 0.9000 0.9000 0.9000 0.9000 0.9000 0.9000 0.9000 0.9000 0.9000 0.9000 0.9000 0.9000 0.9000 0.9000 0.9000 0.9000 0.9000 0.9000 0.9000 0.9000 0.9000 0.9000 0.9000 0.9000 0.9000 0.9000 0.9000 0.9000 0.9000 0.9000 0.9000 0.9000 0.9000 0.9000 0.9000 0.9000 0.9000 0.9000 0.9000 0.9000 0.9000 0.9000 0.9000 0.9000 0.9000 0.9000 0.9000 0.9000 0.9000 0.9000 0.9000 0.9000 0.9000 0.9000 0.9000 0.9000 0.9000 0.9000 0.9000 0.9000 0.9000 0.9000 0.9000 0.9000 0.9000 0.9000 0.9000 0.9000 0.9000 0.9000 0.9000 0.9000 0.9000 0.9000 0.9000 0.9000 0.9000 0.9000 0.9000 0.9000 0.9000 0.9000 0.9000 0.9000 0.9000 0.9000 0.9000 0.9000 0.9000 0.9000 0.9000 0.9000 0.9000 0.9000 0.9000 0.9000 0.9000 0.9000 0.9000 0.9000 0.9000 0.9000 0.9000 0.9000 0.9000 0.9000 0.9000 0.9000 0.9000 0.9000 0.9000 0.9000 0.9000 0.9000 0.9000 0.9000 0.9000 0.9000 0.9000 0.9000 0.9000 0.9000 0.9000 0.9000 0.9000 0.9000 0.9000 0.9000 0.9000 0.9000 0.9000 0.9000 0.9000 0.9000 0.9000 0.9000 0.9000 0.9000 0.9000 0.9000 0.9000 0.9000 0.9000 0.9000 0.9000 0.9000 0.9000 0.9000 0.9000 0.9000 0.9000 0.9000 0.9000 0.9000 0.9000 0.9000 0.9000 0.9000 0.9000 0.9000 0.9000 0.9000 0.9000 0.9000 0.9000 0.9000 0.9000 0.9000 0.9000 0.9000 0.9000 0.9000 0.9000 0.9000 0.9000 0.9000 0.9000 0.9000 0.9000 0.9000 0.9000 0.9000 0.9000 0.9000 0.9000 0.9000 0.9000 0.9000 0.9000 0.9000 0.9000 0.9000 0.9000 0.9000 0.9000 0.9000 0.9000 0.9000 0.9000 0.9000 0.9000 0.9000 0.9000 0.9000 0.9000 0.9000 0.9000 0.9000 0.9000 0.9000 0.9000 0.9000 0.9000 0.9000 0.9000 0.9000 0.9000 0.9000 0.9000 0.9000 0.9000 0.9000 0.9000 0.9000 0.9000 0.9000 0.9000 0.9000 0.9000 0.9000 0.9000 0.9000 0.9000 0.9000 0.9000 0.9000 0.9000 0.9000 0.9000 0.9000 0.9000 0.9000 0.9000 0.9000 0.9000 0.9000 0.9000 0.9000 0.9000 0.9000 0.9000 0.9000 0.9000 0.9000 0.9000 0.9000 0.9000 0.9000 0.9000 0.9000 0.9000 0.9000 0.9000 0.9000 0.9000 0.9000 0.9000 0.9000 0.9000 0.9000 0.9000 0.9000 0.9000 0.9000 0.9000 0.9000 0.9000 0.9000 0.9000 0.9000 0.9000 0.9000 0.9000 0.9000 0.9000 0.9000 0.9000 0.9000 0.9000 0.9000 0.9000 0.9000 0.9000 0.9000 0.9000 0.9000 0.9000 0.9000 0.9000 0.9000 0.9000 0.9000 0.9000 0.9000 0.9000 0.9000 0.9000 0.9000 0.9000 0.9000 0.9000 0.9000 0.9000 0.9000 0.9000 0.9000 0.9000 0.9000 0.9000 0.9000 0.9000 0.9000 0.9000 0.9000 0.9000 0.9000 0.9000 0.9000 0.9000 0.9000 0.9000 0.9000 0.9000 0.9000 0.9000 0.9000 0.9000 0.9000 0.9000 0.9000 0.9000 0.9000 0.9000 0.9000 0.9000 0.9000 0.9000 0.9000 0.9000 0.9000 0.9000 0.9000 0.9000 0.9000 0.9000 0.9000 0.9000 0.9000 0.9000 0.9000 0.9000 0.9000 0.9000 0.9000 0.9000 0.9000 0.9000 0.9000 0.9000 0.9000 0.9000 0.9000 0.9000 0.9000 0.9000 0.9000 0.9000 0.9000 0.9000 0.9000 0.9000 0.9000 0.9000 0.9000 0.9000 0.9000 0.9000 0.9000 0.9000 0.9000 0.9000 0.9000 0.9000 0.9000 0.9000 0.9000 0.9000 0.9000 0.9000 0.9000 0.9000 0.9000 0.9000 0.9000 0.9000 0.9000 0.9000 0.9000 0.9000 0.9000 0.9000 0.9000 0.9000 0.9000 0.9000 0.9000 0.9000 0.9000 0.9000 0.9000 0.9000 0.9000 0.9000 0.9000 0.9000 0.9000 0.9000 0.9000 0.9000 0.9000 0.9000 0.9000 0.9000 0.9000 0.9000 0.9000 0.9000 0.9000 0.9000 0.9000 0.9000 0.9000 0.9000 0.9000 0.9000 0.9000 0.9000 0.9000 0.9000 0.9000 0.9000 0.9000 0.9000 0.9000 0.9000 0.9000 0.9000 0.9000 0.9000 0.9000 0.9000 0.9000 0.9000 0.9000 0.9000 0.9000 0.9000 0.9000 0.9000 0.9000 0.9000 0.9000 0.9000 0.9000 0.9000 0.9000 0.9000 0.9000 0.9000 0.9000 0.9000 0.9000 0.9000 0.9000 0.9000 0.9000 0.9000 0.9000 0.9000 0.9000 0.9000 0.9000 0.9000 0.9000 0.9000 0.9000 0.9000 0.9000 0.9000 0.9000 0.9000 0.9000 0.9000 0.9000 0.9000 0.9000 0.9000 0.9000 0.9000 0.9000 0.9000 0.9000 0.9000 0.9000 0.9000 0.9000 0.9000 0.9000 0.9000 0.9000 0.9000 0.9000 0.9000 0.9000 0.9000 0.9000 0.9000 0.9000 0.9000 0.9000 0.9000 0.9000 0.9000 0.9000 0.9000 0.9000 0.9000 0.9000 0.9000 0.9000 0.9000 0.9000 0.9000 0.9000 0.9000 0.9000 0.9000 0.9000 0.9000 0.9000 0.9000 0.9000 0.9000 0.9000 0.9000 0.9000 0.9000 0.9000 0.9000 0.9000 0.9000 0.9000 0.9000 0.9000 0.9000 0.9000 0.9000 0.9000 0.9000 0.9000 0.9000 0.9000 0.9000 0.9000 0.9000 0.9000 0.9000 0.9000 0.9000 0.9000 0.9000 0.9000 0.9000 0.9000 0.9000 0.9000 0.9000 0.9000 0.9000 0.9000 0.9000 0.9000 0.9000 0.9000 0.9000 0.9000 0.9000 0.9000 0.9000 0.9000 0.9000 0.9000 0.9000 0.9000 0.9000 0.9000 0.9000 0.9000 0.9000 0.9000 0.9000 0.9000 0.9000 0.9000 0.9000 0.9000 0.9000 0.9000 0.9000 0.9000 0.9000 0.9000 0.9000 0.9000 0.9000 0.9000 0.9000 0.9000 0.9000 0.9000 0.9000 0.9000 0.9000 0.9000 0.9000 0.9000 0.9000 0.9000 0.9000 0.9000 0.9000 0.9000 0.9000 0.9000 0.9000 0.9000 0.9000 0.9000 0.9000 0.9000 0.9000 0.9000 0.9000 0.9000 0.9000 0.9000 0.9000 0.9062 0.8608 0.8693 0.8925 0.8812 0.9019 0.8673 0.8964 0.8845 0.8769 0.9008 0.8491 0.8491 0.8965 0.8983 0.9107 0.8788 0.8795 0.8648 0.8987 0.8811 0.8944 0.8970 0.9173 0.8843 0.9136 0.8723 0.8859 0.8783 0.9150 0.9013 0.8982 0.8983 0.8686 0.8603 0.8591 0.9233 0.8641 0.9154 0.9003 0.9204 0.9170 0.8938 0.9191 0.8750 0.8718 0.9071 0.9089 0.8987 0.9004 0.9121 0.9035 0.8993 0.8475 0.9034 0.9111 0.8737 0.8974 0.9193 0.8799 0.8870 0.9122 0.8753 0.8886 0.9015 0.8928 0.8973 0.9250 0.8975 0.8335 0.8976 0.9167 0.8896 0.8880 0.9127 0.8508 0.9164 0.8877 0.9014 0.8847 0.9094 0.8750 0.9067 0.9083 0.8646 0.9080 0.8768 0.8621 0.9109 0.8990 0.8809 0.8752 0.8961 0.9021 0.8583 0.8729 0.8938 0.9031 0.9084 0.9184 0.9151 0.8939 0.9040 0.8806 0.9121 0.9059 0.8916 0.8672 0.8649 0.9266 0.8931 0.9024 0.8829 0.8981 0.9266 0.9038 0.8758 0.9108 0.9073 0.8755 0.9103 0.8503 0.8904 0.8747 0.9318 0.8556 0.8923 0.8933 0.8960 0.9136 0.8978 0.9027 0.8990 0.8950 0.8642 0.8805 0.9111 0.9092 0.9062 0.8685 0.8787 0.8643 0.9047 0.8998 0.9061 0.9170 0.8548 0.8925 0.9125 0.8724 0.9122 0.8604 0.8768 0.9050 0.8796 0.8715 0.8813 0.8445 0.8991 0.8667 0.8956 0.8926 0.8659 0.8797 0.8943 0.9111 0.9021 0.8464 0.8908 0.8697 0.9070 0.9054 0.8883 0.9107 0.9306 0.9052 0.8812 0.8578 0.8457 0.9079 0.8779 0.9033 0.8985 0.9021 0.9158 0.8650 0.9235 0.9101 0.9026 0.9026 0.8792 0.9170 0.9011 0.9095 0.8763 0.8898 0.8845 0.8862 0.8885 0.8513 0.9073 0.9019 0.8793 0.8575 0.8620 0.9150 0.8844 0.8852 0.9048 0.8848 0.9114 0.9039 0.9085 0.9207 0.8766 0.9088 0.8717 0.8915 0.9231 0.8882 0.8880 0.8965 0.9084 0.9218 0.9065 0.8687 0.8811 0.8894 0.9050 0.8973 0.9044 0.9110 0.8814 0.8989 0.9011 0.9229 0.8741 0.8326 0.9062 0.8623 0.8887 0.8816 0.8904 0.8651 0.8719 0.9130 0.8913 0.8887 0.9170 0.8524 0.9089 0.9098 0.8723 0.9009 0.8384 0.8901 0.8903 0.9329 0.8875 0.8401 0.9148 0.9214 0.9112 0.9191 0.9220 0.8689 0.8771 0.8775 0.9135 0.9330 0.8893 0.9108 0.9077 0.8629 0.9099 0.8955 0.9192 0.8794 0.8738 0.9146 0.8786 0.8424 0.8898 0.8830 0.8813 0.8998 0.9012 0.9058 0.8491 0.8393 0.8628 0.8702 0.8725 0.8786 0.8999 0.8753 0.8572 0.9051 0.8805 0.9142 0.8871 0.8756 0.8846 0.8751 0.9040 0.9165 0.8587 0.9128 0.9327 0.8624 0.9194 0.8680 0.8917 0.9197 0.9271 0.8881 0.8984 0.8752 0.8746 0.9017 0.8988 0.8865 0.8846 0.8939 0.8825 0.8934 0.8826 0.8764 0.8772 0.8928 0.8724 0.9231 0.8945 0.8379 0.8873 0.8470 0.8808 0.9101 0.8674 0.9114 0.9175 0.8899 0.8976 0.8613 0.9041 0.8664 0.8637 0.8464 0.8767 0.8986 0.9112 0.8904 0.8979 0.9227 0.9206 0.8926 0.8747 0.8378 0.9068 0.9033 0.9023 0.8984 0.9144 0.8985 0.8716 0.8893 0.8962 0.9055 0.8541 0.9042 0.8732 0.9060 0.8978 0.9004 0.8824 0.9058 0.8635 0.9159 0.8802 0.9031 0.9301 0.8989 0.9201 0.8941 0.8809 0.8718 0.9036 0.9219 0.9123 0.8502 0.8996 0.8740 0.9140 0.9126 0.8919 0.9069 0.9041 0.8887 0.8742 0.9119 0.9188 0.8912 0.8865 0.9149 0.8798 0.8582 0.8880 0.9011 0.9010 0.9077 0.8731 0.8976 0.8438 0.9110 0.9013 0.8901 0.9137 0.8983 0.9222 0.8904 0.8734 0.9065 0.9201 0.8888 0.9032 0.8853 0.8999 0.9150 0.9094 0.8950 0.8746 0.8581 0.8907 0.9094 0.8985 0.9128 0.8716 0.9116 0.8574 0.8947 0.8469 0.9030 0.8887 0.8580 0.9004 0.8837 0.8843 0.8972 0.8952 0.9066 0.9096 0.8773 0.8921 0.8634 0.8862 0.8709 0.8606 0.8753 0.9022 0.9086 0.8837 0.8814 0.8992 0.9065 0.9013 0.9001 0.8881 0.8999 0.9102 0.9068 0.8995 0.8941 0.9004 0.8802 0.8995 0.8998 0.9100 0.9170 0.8913 0.9074 0.8608 0.8847 0.8620 0.8786 0.8643 0.9201 0.9042 0.8928 0.9227 0.8946 0.8663 0.8686 0.8703 0.8539 0.9107 0.9091 0.8788 0.9058 0.9116 0.8782 0.9046 0.8782 0.8847 0.8941 0.8983 0.9140 0.9204 0.8762 0.9206 0.8513 0.8990 0.9216 0.9127 0.9014 0.8765 0.8945 0.8856 0.9235 0.8561 0.8960 0.8898 0.8990 0.9065 0.9003 0.9012 0.8692 0.9074 0.9214 0.9110 0.8877 0.9000 0.8635 0.8700 0.8720 0.8735 0.8796 0.9177 0.8565 0.8747 0.9047 0.9015 0.8860 0.8891 0.8494 0.9123 0.8564 0.8804 0.9029 0.9054 0.8805 0.8994 0.8840 0.8584 0.9139 0.8902 0.8907 0.9082 0.9081 0.8855 0.9213 0.9032 0.8840 0.9096 0.9018 0.8700 0.8410 0.8994 0.8631 0.8498 0.8366 0.8801 0.9155 0.8796 0.9093 0.9005 0.9112 0.8914 0.8928 0.8916 0.8807 0.8817 0.8673 0.8991 0.9056 0.8664 0.9106 0.9106 0.8704 0.9148 0.8669 0.8917 0.9187 0.8460 0.8799 0.8421 0.8911 0.8884 0.8671 0.8762 0.9087 0.8821 0.8892 0.9094 0.9009 0.9180 0.8867 0.8550 0.9025 0.8901 0.8859 0.9049 0.8738 0.9081 0.8977 0.8785 0.9037 0.8708 0.9284 0.9258 0.8851 0.8999 0.8975 0.8979 0.8980 0.9085 0.9030 0.8886 0.8599 0.8675 0.9196 0.9103 0.8855 0.8628 0.8790 0.8726 0.9168 0.8716 0.8868 0.8882 0.8645 0.8854 0.9125 0.8731 0.9167 0.9154 0.9032 0.8987 0.9041 0.8910 0.9165 0.9112 0.8827 0.8860 0.8971 0.8733 0.9078 0.8906 0.8650 0.8972 0.9185 0.8605 0.9115 0.9127 0.9047 0.9044 0.9122 0.8665 0.8480 0.8910 0.8918 0.9034 0.8686 0.8853 0.8805 0.8659 0.8610 0.8989 0.7613 0.7296 0.7680 0.6254 0.7741 0.6651 0.7934 0.5279 0.6859 0.8072 0.7989 0.8013 0.6693 0.7782 0.8074 0.8006 0.6722 0.7820 0.7766 0.5741 0.7292 0.5629 0.7990 0.8142 0.6711 0.5722 0.6491 0.6314 0.8350 0.7584 0.6449 0.8160 0.7672 0.7434 0.6089 0.8279 0.7598 0.8069 0.7792 0.7676 0.8300 0.7219 0.8045 0.8075 0.7853 0.6521 0.6697 0.7949 0.8032 0.7467 0.8327 0.7416 0.7334 0.8414 0.7193 0.6762 0.8221 0.6359 0.6033 0.8192 0.7707 0.5972 0.7342 0.7775 0.5040 0.8153 0.7814 0.7001 0.6724 0.8185 0.6360 0.6939 0.6731 0.7399 0.7127 0.7721 0.8306 0.6419 0.8209 0.6345 0.6914 0.6540 0.5418 0.7004 0.8088 0.7632 0.6915 0.7398 0.6855 0.7820 0.6517 0.6443 0.7879 0.7273 0.8057 0.8181 0.7991 0.5925 0.8262 0.5599 0.5409 0.8244 0.8350 0.7940 0.8097 0.7228 0.7947 0.6716 0.7896 0.6555 0.8214 0.7972 0.7221 0.6662 0.8131 0.5920 0.7401 0.8153 0.8222 0.6445 0.6896 0.7749 0.6841 0.7402 0.8153 0.8011 0.6824 0.8047 0.5787 0.7669 0.8075 0.6986 0.6755 0.7308 0.6479 0.6319 0.5274 0.7156 0.6519 0.6442 0.8079 0.7154 0.7913 0.7465 0.7164 0.7615 0.6726 0.7046 0.6811 0.7449 0.7770 0.6483 0.7701 0.6180 0.6831 0.7879 0.7211 0.8003 0.7800 0.7371 0.7591 0.7352 0.8204 0.5749 0.7186 0.7449 0.6320 0.7601 0.7281 0.8039 0.6159 0.6562 0.7076 0.7565 0.7668 0.6696 0.8526 0.5635 0.6984 0.8099 0.6440 0.7502 0.7865 0.5781 0.8277 0.5878 0.7892 0.5539 0.5788 0.7136 0.7547 0.7675 0.7266 0.8005 0.7692 0.7405 0.7925 0.5632 0.7470 0.8614 0.7349 0.6477 0.7249 0.7874 0.5983 0.7762 0.6896 0.6618 0.6998 0.7630 0.7550 0.8301 0.7324 0.7611 0.7335 0.6671 0.7678 0.7250 0.7916 0.6791 0.8171 0.7845 0.7054 0.7894 0.7274 0.5708 0.6357 0.7312 0.7149 0.6156 0.7844 0.5271 0.5852 0.7661 0.7968 0.5987 0.7597 0.7581 0.6545 0.6937 0.7341 0.5413 0.7944 0.6003 0.7885 0.7879 0.6105 0.7615 0.7722 0.8171 0.6930 0.8174 0.8021 0.8469 0.6359 0.8046 0.8581 0.6822 0.6910 0.7464 0.7816 0.6774 0.7773 0.6799 0.8123 0.7369 0.7983 0.6203 0.8246 0.7907 0.8559 0.8066 0.6677 0.7107 0.8014 0.8240 0.6467 0.8369 0.7050 0.7664 0.7042 0.5590 0.8809 0.6752 0.6889 0.8216 0.7193 0.7548 0.7216 0.8385 0.7947 0.7346 0.7488 0.8149 0.7986 0.6970 0.7847 0.6451 0.7634 0.8302 0.8025 0.8137 0.8307 0.7928 0.7360 0.7221 0.8115 0.7310 0.7935 0.7780 0.7236 0.7549 0.7356 0.8307 0.6580 0.6605 0.7999 0.7461 0.6146 0.7837 0.8307 0.8183 0.7668 0.7410 0.6708 0.8021 0.7216 0.7917 0.7971 0.6846 0.7061 0.6414 0.7743 0.7768 0.8295 0.8587 0.7137 0.6006 0.7219 0.6536 0.7170 0.6357 0.7506 0.7024 0.7456 0.6288 0.8129 0.8011 0.8223 0.7739 0.7292 0.6308 0.6503 0.7204 0.7424 0.7962 0.8005 0.7602 0.8168 0.6336 0.8039 0.7450 0.6787 0.7328 0.6717 0.6742 0.8119 0.6336 0.6200 0.7563 0.8328 0.6445 0.7724 0.7700 0.6931 0.7406 0.8338 0.8316 0.6207 0.7166 0.6859 0.7787 0.6576 0.8091 0.6615 0.7118 0.6000 0.7637 0.8207 0.7321 0.6982 0.6315 0.8276 0.6825 0.7349 0.7386 0.5915 0.7729 0.8300 0.8462 0.6099 0.7583 0.5679 0.7458 0.7077 0.8520 0.6540 0.6885 0.7470 0.6314 0.7362 0.8247 0.8021 0.6858 0.5645 0.6719 0.7358 0.8198 0.7452 0.6429 0.8510 0.7779 0.7552 0.8082 0.8236 0.7719 0.8009 0.4918 0.8118 0.8194 0.8003 0.6440 0.7915 0.8086 0.7006 0.8170 0.7006 0.5477 0.7929 0.7687 0.6296 0.8063 0.8299 0.4985 0.7796 0.8016 0.6885 0.8030 0.7994 0.6530 0.7430 0.6822 0.7132 0.7942 0.8005 0.8229 0.6802 0.8937 0.8976 0.8987 0.8807 0.8721 0.8571 0.9140 0.9062 0.9017 0.8794 0.8926 0.8589 0.9117 0.8508 0.8968 0.9039 0.8813 0.8957 0.8982 0.8846 0.8961 0.8647 0.9080 0.8906 0.8753 0.9029 0.9083 0.8925 0.9036 0.8918 0.8758 0.8858 0.8866 0.9145 0.8795 0.8796 0.8985 0.8980 0.8790 0.9159 0.8675 0.8904 0.8699 0.9049 0.8834 0.8977 0.8812 0.8816 0.9042 0.8516 0.8907 0.8888 0.9052 0.8840 0.8709 0.8672 0.8487 0.8344 0.9039 0.9055 0.8677 0.8580 0.8867 0.8736 0.8853 0.8784 0.8574 0.8816 0.9048 0.8896 0.8901 0.8247 0.8812 0.8588 0.8951 0.9082 0.8799 0.8732 0.8715 0.9128 0.8406 0.8972 0.9048 0.8975 0.9039 0.9087 0.8927 0.8601 0.8987 0.8893 0.8892 0.8765 0.8784 0.8890 0.8488 0.9027 0.8818 0.8439 0.8731 0.9086 0.8731 0.8870 0.8847 0.8749 0.9110 0.8528 0.8887 0.8484 0.8868 0.9182 0.8847 0.9189 0.9176 0.9114 0.9055 0.9056 0.8577 0.8848 0.8948 0.9050 0.8677 0.8782 0.9103 0.8467 0.8912 0.9098 0.8935 0.8705 0.8638 0.8956 0.8863 0.8970 0.9010 0.9069 0.8900 0.8847 0.8680 0.8827 0.8956 0.9171 0.9132 0.8810 0.8847 0.8861 0.9234 0.8782 0.9029 0.9097 0.8657 0.8735 0.8686 0.8858 0.8438 0.9054 0.8627 0.8317 0.9208 0.9021 0.8795 0.8839 0.8895 0.8893 0.8480 0.9081 0.8654 0.8828 0.8961 0.8899 0.9001 0.8753 0.8616 0.9136 0.9020 0.8950 0.8609 0.9006 0.8682 0.9141 0.8747 0.8989 0.8365 0.8987 0.8958 0.8842 0.8842 0.8784 0.8805 0.9128 0.8903 0.9071 0.8970 0.9079 0.8631 0.8726 0.8848 0.8534 0.9018 0.8867 0.9218 0.8744 0.8476 0.8849 0.9188 0.8843 0.8360 0.8922 0.9105 0.8916 0.8599 0.9025 0.8768 0.8691 0.9007 0.8745 0.8748 0.8709 0.8586 0.8669 0.8784 0.8750 0.9062 0.9056 0.8943 0.8874 0.9008 0.9019 0.8414 0.8554 0.8787 0.8740 0.9147 0.8794 0.9129 0.8789 0.8655 0.9011 0.9093 0.9045 0.8934 0.9109 0.8960 0.8934 0.8958 0.8462 0.9115 0.8740 0.8769 0.8640 0.8912 0.8783 0.8645 0.8698 0.8698 0.8881 0.9067 0.8923 0.9156 0.8670 0.8657 0.8613 0.8650 0.8919 0.8929 0.8538 0.8961 0.9020 0.8984 0.8716 0.9030 0.8532 0.8762 0.8517 0.8818 0.8900 0.8955 0.8960 0.8623 0.9063 0.9201 0.8849 0.8960 0.8456 0.8496 0.8721 0.9120 0.8754 0.9210 0.8979 0.9061 0.9056 0.8605 0.9099 0.8790 0.8828 0.8653 0.9027 0.8707 0.8901 0.8885 0.9106 0.8614 0.8579 0.8792 0.9119 0.8697 0.8802 0.8741 0.8697 0.9007 0.8495 0.8883 0.8848 0.9069 0.8681 0.9057 0.8812 0.9023 0.9100 0.8783 0.8823 0.8845 0.9117 0.8984 0.9039 0.8708 0.8914 0.9026 0.8824 0.8753 0.8862 0.9034 0.8908 0.8752 0.8804 0.8742 0.9080 0.8997 0.8665 0.8702 0.8909 0.8963 0.9061 0.9251 0.8625 0.8700 0.8978 0.9303 0.8736 0.8592 0.9006 0.8700 0.9125 0.8649 0.8879 0.8596 0.8824 0.8797 0.8840 0.9154 0.9052 0.9021 0.8977 0.8755 0.9068 0.7915 0.7586 0.4773 0.6338 0.8661 0.8383 0.7462 0.6989 0.6056 0.6146 0.7267 0.8057 0.6410 0.8321 0.7642 0.8205 0.8551 0.8223 0.8174 0.8104 0.8569 0.6765 0.8884 0.8045 0.5678 0.7652 0.6489 0.7056 0.7012 0.6274 0.8186 0.6758 0.7792 0.5746 0.6717 0.8176 0.8272 0.6127 0.7347 0.7780 0.7403 0.6511 0.7863 0.5653 0.8432 0.8332 0.8429 0.5370 0.6413 0.8107 0.5877 0.8569 0.7405 0.7872 0.7779 0.6944 0.7831 0.8274 0.6662 0.7623 0.6133 0.5959 0.8522 0.7358 0.7892 0.8332 0.7455 0.8036 0.8194 0.6946 0.8654 0.6948 0.6492 0.7906 0.6057 0.8046 0.8165 0.7426 0.7993 0.7299 0.7998 0.8111 0.7089 0.8169 0.8056 0.6175 0.7636 0.6410 0.6902 0.6263 0.7555 0.7384 0.7474 0.7496 0.7993 0.7453 0.6349 0.7072 0.7128 0.7971 0.8411 0.7017 0.7550 0.8291 0.7590 0.7283 0.8205 0.8109 0.8379 0.8003 0.6561 0.6915 0.8511 0.8478 0.6578 0.7012 0.6671 0.6340 0.7015 0.7551 0.7167 0.7687 0.6641 0.5916 0.7882 0.7575 0.8091 0.7108 0.6595 0.8253 0.6268 0.6879 0.8068 0.7380 0.6780 0.7120 0.7297 0.7590 0.7728 0.6503 0.6198 0.7595 0.6255 0.7318 0.7337 0.6083 0.6874 0.6757 0.8531 0.5676 0.8277 0.6488 0.6148 0.7870 0.7316 0.7784 0.7929 0.8315 0.7929 0.8235 0.5650 0.8631 0.6953 0.8969 0.7051 0.6982 0.7341 0.6653 0.8054 0.7727 0.8812 0.8317 0.8290 0.8061 0.8214 0.8098 0.6986 0.5784 0.7427 0.7489 0.6606 0.7631 0.6851 0.8663 0.7287 0.8335 0.6725 0.8308 0.8485 0.5946 0.6113 0.8122 0.8704 0.7325 0.7136 0.8164 0.6542 0.6148 0.8510 0.7594 0.7141 0.8791 0.8412 0.8607 0.7913 0.6324 0.8176 0.7531 0.6765 0.6348 0.6250 0.8130 0.7309 0.6317 0.8478 0.8449 0.7284 0.7037 0.8075 0.8329 0.5792 0.7677 0.7823 0.7431 0.6642 0.8380 0.8121 0.6230 0.7512 0.8028 0.8159 0.7948 0.6809 0.7342 0.8463 0.8020 0.6847 0.7998 0.8246 0.6117 0.7630 0.6319 0.6369 0.8151 0.8505 0.7501 0.8758 0.6991 0.8308 0.7752 0.6800 0.9000 0.9000 0.9000 0.9000 0.9000 0.9000 0.9000 0.9000 0.9000 0.9000 0.9000 0.9000 0.9000 0.9000 0.9000 0.9000 0.9000 0.9000 0.9000 0.9000 0.9000 0.9000 0.9000 0.9000 0.9000 0.9000 0.9000 0.9000 0.9000 0.9000 0.9000 0.9000 0.9000 0.9000 0.9000 0.9000 0.9000 0.9000 0.9000 0.9000 0.9000 0.9000 0.9000 0.9000 0.9000 0.9000 0.9000 0.9000 0.9000 0.9000 0.9000 0.9000 0.9000 0.9000 0.9000 0.9000 0.9000 0.9000 0.9000 0.9000 0.9000 0.9000 0.9000 0.9000 0.9000 0.9000 0.9000 0.9000 0.9000 0.9000 0.9000 0.9000 0.9000 0.9000 0.9000 0.9000 0.9000 0.9000 0.9000 0.9000 0.9000 0.9000 0.9000 0.9000 0.9000 0.9000 0.9000 0.9000 0.9000 0.9000 0.9000 0.9000 0.9000 0.9000 0.9000 0.9000 0.9000 0.9000 0.9000 0.9000 0.9000 0.9000 0.9000 0.9000 0.9000 0.9000 0.9000 0.9000 0.9000 0.9000 0.9000 0.9000 0.9000 0.9000 0.9000 0.9000 0.9000 0.9000 0.9000 0.9000 0.9000 0.9000 0.9000 0.9000 0.9000 0.9000 0.9000 0.9000 0.9000 0.9000 0.9000 0.9000 0.9000 0.9000 0.9000 0.9000 0.9000 0.9000 0.9000 0.9000 0.9000 0.9000 0.9000 0.9000 0.9000 0.9000 0.9000 0.9000 0.9000 0.9000 0.9000 0.9000 0.9000 0.9000 0.9000 0.9000 0.9000 0.9000 0.9000 0.9000 0.9000 0.9000 0.9000 0.9000 0.9000 0.9000 0.9000 0.9000 0.9000 0.9000 0.9000 0.9000 0.9000 0.9000 0.9000 0.9000 0.9000 0.9000 0.9000 0.9000 0.9000 0.9000 0.9000 0.9000 0.9000 0.9000 0.9000 0.9000 0.9000 0.9000 0.9000 0.9000 0.9000 0.9000 0.9000 0.9000 0.9000 0.9000 0.9000 0.9000 0.9000 0.9000 0.9000 0.9000 0.9000 0.9000 0.9000 0.9000 0.9000 0.9000 0.9000 0.9000 0.9000 0.9000 0.9000 0.9000 0.9000 0.9000 0.9000 0.9000 0.9000 0.9000 0.9000 0.9000 0.9000 0.9000 0.9000 0.9000 0.9000 0.9000 0.9000 0.9000 0.9000 0.9000 0.9000 0.9000 0.9000 0.9000 0.9000 0.9000 0.9000 0.9000 0.9000 0.9000 0.9000 0.9000 0.9000 0.9000 0.9000 0.9000 0.9000 0.9000 0.9000 0.9000 0.9000 0.9000 0.9000 0.9000 0.9000 0.9000 0.9000 0.9000 0.9000 0.9000 0.9000 0.9000 0.9000 0.9000 0.9000 0.9000 0.9000 0.9000 0.9000 0.9000 0.9000 0.9000 0.9000 0.9000 0.9000 0.9000 0.9000 0.9000 0.9000 0.9000 0.9000 0.9000 0.9000 0.9000 0.9000 0.9000 0.9000 0.9000 0.9000 0.9000 0.9000 0.9000 0.9000 0.9000 0.9000 0.9000 0.9000 0.9000 0.9000 0.9000 0.9000 0.9000 0.9000 0.9000 0.9000 0.9000 0.9000 0.9000 0.9000 0.9000 0.9000 0.9000 0.9000 0.9000 0.9000 0.9000 0.9000 0.9000 0.9000 0.9000 0.9000 0.9000 0.9000 0.9000 0.9000 0.9000 0.9000 0.9000 0.9000 0.9000 0.9000 0.9000 0.9000 0.9000 0.9000 0.9000 0.9000 0.9000 0.9000 0.9000 0.9000 0.9000 0.9000 0.9000 0.9000 0.9000 0.9000 0.9000 0.9000 0.9000 0.9000 0.9000 0.9000 0.9000 0.9000 0.9000 0.9000 0.9000 0.9000 0.9000 0.9000 0.9000 0.9000 0.9000 0.9000 0.9000 0.9000 0.9000 0.9000 0.9000 0.9000 0.9000 0.9000 0.9000 0.9000 0.9000 0.9000 0.9000 0.9000 0.9000 0.9000 0.9000 0.9000 0.9000 0.9000 0.9000 0.9000 0.9000 0.9000 0.9000 0.9000 0.9000 0.9000 0.9000 0.9000 0.9000 0.9000 0.9000 0.9000 0.9000 0.9000 0.9000 0.9000 0.9000 0.9000 0.9000 0.9000 0.9000 0.9000 0.9000 0.9000 0.9000 0.9000 0.9000 0.9000 0.9000 0.9000 0.9000 0.9000 0.9000 0.9000 0.9000 0.9000 0.9000 0.9000 0.9000 0.9000 0.9000 0.9000 0.9000 0.9000 0.9000 0.9000 0.9000 0.9000 0.9000 0.9000 0.9000 0.9000 0.9000 0.9000 0.9000 0.9000 0.9000 0.9000 0.9000 0.9000 0.9000 0.9000 0.9000 0.9000 0.9000 0.9000 0.9000 0.9000 0.9000 0.9000 0.9000 0.9000 0.9000 0.9000 0.9000 0.9000 0.9000 0.9000 0.9000 0.9000 0.9000 0.9000 0.9000 0.9000 0.9000 0.9000 0.9000 0.9000 0.9000 0.9000 0.9000 0.9000 0.9000 0.9000 0.9000 0.9000 0.9000 0.9000 0.9000 0.9000 0.9000 0.9000 0.9000 0.9000 0.9000 0.9000 0.9000 0.9000 0.9000 0.9000 0.9000 0.9000 0.9000 0.9000 0.9000 0.9000 0.9000 0.9000 0.9000 0.9000 0.9000 0.9000 0.9000 0.9000 0.9000 0.9000 0.9000 0.9000 0.9000 0.9000 0.9000 0.9000 0.9000 0.9000 0.9000 0.9000 0.9000 0.9000 0.9000 0.9000 0.9000 0.9000 0.9000 0.9000 0.9000 0.9000 0.9000 0.9000 0.9000 0.9000 0.9000 0.9000 0.9000 0.9000 0.9000 0.9000 0.9000 0.9000 0.9000 0.9000 0.9000 0.9000 0.9000 0.9000 0.9000 0.9000 0.9000 0.9000 0.9000 0.9000 0.9000 0.9000 0.9000 0.9000 0.9000 0.9000 0.9000 0.9000 0.9000 0.9000 0.9000 0.9000 0.9000 0.9000 0.9000 0.9000 0.9000 0.9000 0.9000 0.9000 0.9000 0.9000 0.9000 0.9000 0.9000 0.9000 0.9000 0.9000 0.9000 0.9000 0.9000 0.9000 0.9000 0.9000 0.9000 0.9000 0.9000 0.9000 0.9000 0.9000 0.9000 0.9000 0.9000 0.9000 0.9000 0.9000 0.9000 0.9000 0.9000 0.9000 0.9000 0.9000 0.9000 0.9000 0.9000 0.9000 0.9000 0.9000 0.9000 0.9000 0.9000 0.9000 0.9000 0.9000 0.9000 0.9000 0.9000 0.9000 0.9000 0.9000 0.9000 0.9000 0.9000 0.9000 0.9000 0.9000 0.9000 0.9000 0.9000 0.9000 0.9000 0.9000 0.9000 0.9000 0.9000 0.9000 0.9000 0.9000 0.9000 0.9000 0.9000 0.9000 0.9000 0.9000 0.9000 0.9000 0.9000 0.9000 0.9000 0.9000 0.9000 0.9000 0.9000 0.9000 0.9000 0.9000 0.9000 0.9000 0.9000 0.9000 0.9000 0.9000 0.9000 0.9000 0.9000 0.9000 0.9000 0.9000 0.9000 0.9000 0.9000 0.9000 0.9000 0.9000 0.9000 0.9000 0.9000 0.9000 0.9000 0.9000 0.9000 0.9000 0.9000 0.9000 0.9000 0.9000 0.9000 0.9000 0.9000 0.9000 0.9000 0.9000 0.9000 0.9000 0.9000 0.9000 0.9000 0.9000 0.9000 0.9000 0.9000 0.9000 0.9000 0.9000 0.9000 0.9000 0.9000 0.9000 0.9000 0.9000 0.9000 0.9000 0.9000 0.9000 0.9000 0.9000 0.9000 0.9000 0.9000 0.9000 0.9000 0.9000 0.9000 0.9000 0.9000 0.9000 0.9000 0.9000 0.9000 0.9000 0.9000 0.9000 0.9000 0.9000 0.9000 0.9000 0.9000 0.9000 0.9000 0.9000 0.9000 0.9000 0.9000 0.9000 0.9000 0.9000 0.9000 0.9000 0.9000 0.9000 0.9000 0.9000 0.9000 0.9000 0.9000 0.9000 0.9000 0.9000 0.9000 0.9000 0.9000 0.9000 0.9000 0.9000 0.9000 0.9000 0.9000 0.9000 0.9000 0.9000 0.9000 0.9000 0.9000 0.9000 0.9000 0.9000 0.9000 0.9000 0.9000 0.9000 0.9000 0.9000 0.9000 0.9000 0.9000 0.9000 0.9000 0.9000 0.9000 0.9000 0.9000 0.9000 0.9000 0.9000 0.9000 0.9000 0.9000 0.9000 0.9000 0.9000 0.9000 0.9000 0.9000 0.9000 0.9000 0.9000 0.9000 0.9000 0.9000 0.9000 0.9000 0.9000 0.9000 0.9000 0.9000 0.9000 0.9000 0.9000 0.9000 0.9000 0.9000 0.9000 0.9000 0.9000 0.9000 0.9000 0.9000 0.9000 0.9000 0.9000 0.9000 0.9000 0.9000 0.9000 0.9000 0.9000 0.9000 0.9000 0.9000 0.9000 0.9000 0.9000 0.9000 0.9000 0.9000 0.9000 0.9000 0.9000 0.9000 0.9000 0.9000 0.9000 0.9000 0.9000 0.9000 0.9000 0.9000 0.9000 0.9000 0.9000 0.9000 0.9000 0.9000 0.9000 0.9000 0.9000 0.9000 0.9000 0.9000 0.9000 0.9000 0.9000 0.9000 0.9000 0.9000 0.9000 0.9000 0.9000 0.9000 0.9000 0.9000 0.9000 0.9000 0.9000 0.9000 0.9000 0.9000 0.9000 0.9000 0.9000 0.9000 0.9000 0.9000 0.9000 0.9000 0.9000 0.9000 0.9000 0.9000 0.9000 0.9000 0.9000 0.9000 0.9000 0.9000 0.9000 0.9000 0.9000 0.9000 0.9000 0.9000 0.9000 0.9000 0.9000 0.9000 0.9000 0.9000 0.9000 0.9000 0.9000 0.9000 0.9000 0.9000 0.9000 0.9000 0.9000 0.9000 0.9000 0.9000 0.9000 0.9000 0.9000 0.9000 0.9000 0.9000 0.9000 0.9000 0.9000 0.9000 0.9000 0.9000 0.9000 0.9000 0.9000 0.9000 0.9000 0.9000 0.9000 0.9000 0.9000 0.9000 0.9000 0.9000 0.9000 0.9000 0.9000 0.9000 0.9000 0.9000 0.9000 0.9000 0.9000 0.9000 0.9000 0.9000 0.9000 0.9000 0.9000 0.9000 0.9000 0.9000 0.9000 0.9000 0.9000 0.9000 0.9000 0.9000 0.9000 0.9000 0.9000 0.9000 0.9000 0.9000 0.9000 0.9000 0.9000 0.9000 0.9000 0.9000 0.9000 0.9000 0.9000 0.9000 0.9000 0.9000 0.9000 0.9000 0.9000 0.9000 0.9000 0.9000 0.9000 0.9000 0.9000 0.9000 0.9000 0.9000 0.9000 0.9000 0.9000 0.9000 0.9000 0.9000 0.9000 0.9000 0.9000 0.9000 0.9000 0.9000 0.9000 0.9000 0.9000 0.9000 0.9000 0.9000 0.9000 0.9000 0.9000 0.9000 0.9000 0.9000 0.9000 0.9000 0.9000 0.9000 0.9000 0.9000 0.9000 0.9000 0.9000 0.9000 0.9000 0.9000 0.9000 0.9000 0.9000 0.9000 0.9000 0.9000 0.9000 0.9000 0.9000 0.9000 0.9000 0.9000 0.9000 0.9000 0.9000 0.9000 0.9000 0.9000 0.9000 0.9000 0.9000 0.9000 0.9000 0.9000 0.9000 0.9000 0.9000 0.9000 0.9000 0.9000 0.9000 0.9000 0.9000 0.9000 0.9000 0.9000 0.9000 0.9000 0.9000 0.9000 0.9000 0.9000 0.9000 0.9000 0.9000 0.9000 0.9000 0.9000 0.9000 0.9000 0.9000 0.9000 0.9000 0.9000 0.9000 0.9000 0.9000 0.9000 0.9000 0.9000 0.9000 0.9000 0.9000 0.9000 0.9000 0.9000 0.9000 0.9000 0.9000 0.9000 0.9000 0.9000 0.9000 0.9000 0.9000 0.9000 0.9000 0.9000 0.9000 0.9000 0.9000 0.9000 0.9000 0.9000 0.9000 0.9000 0.9000 0.9000 0.9000 0.9000 0.9000 0.9000 0.9000 0.9000 0.9000 0.9000 0.9000 0.9000 0.9000 0.9000 0.9000 0.9000 0.9000 0.9000 0.9000 0.9000 0.9000 0.9000 0.9000 0.9000 0.9000 0.9000 0.9000 0.9000 0.9000 0.9000 0.9000 0.9000 0.9000 0.9000 0.9000 0.9000 0.9000 0.9000 0.9000 0.9000 0.9000 0.9000 0.9000 0.9000 0.9000 0.9000 0.9000 0.9000 0.9000 0.9000 0.9000 0.9000 0.9000 0.9000 0.9000 0.9000 0.9000 0.9000 0.9000 0.9000 0.9000 0.9000 0.9000 0.9000 0.9000 0.9000 0.9000 0.9000 0.9000 0.9000 0.9000 0.9000 0.9000 0.9000 0.9000 0.9000 0.9000 0.9000 0.9000 0.9000 0.9000 0.9000 0.9000 0.9000 0.9000 0.9000 0.9000 0.9000 0.9000 0.9000 0.9000 0.9000 0.9000 0.9000 0.9000 0.9000 0.9000 0.9000 0.9000 0.9000 0.9000 0.9000 0.9000 0.9000 0.9000 0.9000 0.9000 0.9000 0.9000 0.9000 0.9000 0.9000 0.9000 0.9000 0.9000 0.9000 0.9000 0.9000 0.9000 0.9000 0.9000 0.9000 0.9000 0.9000 0.9000 0.9000 0.9000 0.9000 0.9000 0.9000 0.9000 0.9000 0.9000 0.9000 0.9000 0.9000 0.9000 0.9000 0.9000 0.9000 0.9000 0.9000 0.9000 0.9000 0.9000 0.9000 0.9000 0.9000 0.9000 0.9000 0.9000 0.9000 0.9000 0.9000 0.9000 0.9000 0.9000 0.9000 0.9000 0.9000 0.9000 0.9000 0.9000 0.9000 0.9000 0.9000 0.9000 0.9000 0.9000 0.9000 0.9000 0.9000 0.9000 0.9000 0.9000 0.9000 0.9000 0.9000 0.9000 0.9000 0.9000 0.9000 0.9000 0.9000 0.9000 0.9000 0.9000 0.9000 0.9000 0.9000 0.9000 0.9000 0.9000 0.9000 0.9000 0.9000 0.9000 0.9000 0.9000 0.9000 0.9000 0.9000 0.9000 0.9000 0.9000 0.9000 0.9000 0.9000 0.9000 0.9000 0.9000 0.9000 0.9000 0.9000 0.9000 0.9000 0.9000 0.9000 0.9000 0.9000 0.9000 0.9000 0.9000 0.9000 0.9000 0.9000 0.9000 0.9000 0.9000 0.9000 0.9000 0.9000 0.9000 0.9000 0.9000 0.9000 0.9000 0.9000 0.9000 0.9000 0.9000 0.9000 0.9000 0.9000 0.9000 0.9000 0.9000 0.9000 0.9000 0.9000 0.9000 0.9000 0.9000 0.9000 0.9000 0.9000 0.9000 0.9000 0.9000 0.9000 0.9000 0.9000 0.9000 0.9000 0.9000 0.9000 0.9000 0.9000 0.9000 0.9000 0.9000 0.9000 0.9000 0.9000 0.9000 0.9000 0.9000 0.9000 0.9000 0.9000 0.9000 0.9000 0.9000 0.9000 0.9000 0.9000 0.9000 0.9000 0.9000 0.9000 0.9000 0.9000 0.9000 0.9000 0.9000 0.9000 0.9000 0.9000 0.9000 0.9000 0.9000 0.9000 0.9000 0.9000 0.9000 0.9000 0.9000 0.9000 0.9000 0.9000 0.9000 0.9000 0.9000 0.9000 0.9000 0.9000 0.9000 0.9000 0.9000 0.9000 0.9000 0.9000 0.9000 0.9000 0.9000 0.9000 0.9000 0.9000 0.9000 0.9000 0.9000 0.9000 0.9000 0.9000 0.9000 0.9000 0.9000 0.9000 0.9000 0.9000 0.9000 0.9000 0.9000 0.9000 0.9000 0.9000 0.9000 0.9000 0.9000 0.9000 0.9000 0.9000 0.9000 0.9000 0.9000 0.9000 0.9000 0.9000 0.9000 0.9000 0.9000 0.9000 0.9000 0.9000 0.9000 0.9000 0.9000 0.9000 0.9000 0.9000 0.9000 0.9000 0.9000 0.9000 0.9000 0.9000 0.9000 0.9000 0.9000 0.9000 0.9000 0.9000 0.9000 0.9000 0.9000 0.9000 0.9000 0.9000 0.9000 0.9000 0.9000 0.9000 0.9000 0.9000 0.9000 0.9000 0.9000 0.9000 0.9000 0.9000 0.9000 0.9000 0.9000 0.9000 0.9000 0.9000 0.9000 0.9000 0.9000 0.9000 0.9000 0.9000 0.9000 0.9000 0.9000 0.9000 0.9000 0.9000 0.9000 0.9000 0.9000 0.9000 0.9000 0.9000 0.9000 0.9000 0.9000 0.9000 0.9000 0.9000 0.9000 0.9000 0.9000 0.9000 0.9000 0.9000 0.9000 0.9000 0.9000 0.9000 0.9000 0.9000 0.9000 0.9000 0.9000 0.9000 0.9000 0.9000 0.9000 0.9000 0.9000 0.9000 0.9000 0.9000 0.9000 0.9000 0.9000 0.9000 0.9000 0.9000 0.9000 0.9000 0.9000 0.9000 0.9000 0.9000 0.9000 0.9000 0.9000 0.9000 0.9000 0.9000 0.9000 0.9000 0.9000 0.9000 0.9000 0.9000 0.9000 0.9000 0.9000 0.9000 0.9000 0.9000 0.9000 0.9000 0.9000 0.9000 0.9000 0.9000 0.9000 0.9000 0.9000 0.9000 0.9000 0.9000 0.9000 0.9000 0.9000 0.9000 0.9000 0.9000 0.9000 0.9000 0.9000 0.9000 0.9000 0.9000 0.9000 0.9000 0.8319 0.7748 0.6486 0.7885 0.6742 0.7840 0.7500 0.6124 0.5919 0.6172 0.6842 0.8024 0.7849 0.7931 0.7346 0.7836 0.7177 0.7404 0.8042 0.7615 0.6636 0.7327 0.7767 0.6734 0.7247 0.7327 0.5672 0.7813 0.6403 0.7509 0.7010 0.6228 0.7497 0.6056 0.6995 0.7552 0.8182 0.6985 0.6922 0.8197 0.6245 0.6939 0.7701 0.6464 0.6807 0.6590 0.6623 0.7698 0.8097 0.7908 0.7738 0.7698 0.5191 0.7812 0.7834 0.6939 0.8452 0.7910 0.7370 0.6835 0.7150 0.7542 0.5664 0.7134 0.6875 0.5962 0.7318 0.7677 0.7559 0.7994 0.6165 0.8519 0.6495 0.7108 0.7672 0.7044 0.7856 0.7639 0.6164 0.6889 0.7592 0.8097 0.5622 0.7279 0.8309 0.7134 0.6656 0.6868 0.7887 0.7800 0.8130 0.7660 0.7999 0.7797 0.7035 0.6905 0.5766 0.6429 0.7693 0.8322 0.7534 0.7804 0.5808 0.6488 0.6890 0.7448 0.7384 0.7518 0.7992 0.8079 0.7586 0.7375 0.7006 0.7179 0.6490 0.7800 0.6464 0.7960 0.8130 0.8206 0.6331 0.7949 0.7897 0.7078 0.7419 0.5677 0.5899 0.7462 0.8134 0.6785 0.7304 0.8381 0.6493 0.5799 0.6703 0.8777 0.6379 0.8235 0.8189 0.7947 0.7648 0.7367 0.5754 0.8332 0.7952 0.7844 0.7629 0.6852 0.6637 0.8259 0.7901 0.7294 0.6541 0.7479 0.6504 0.7915 0.6701 0.7678 0.6722 0.7341 0.6020 0.7138 0.7843 0.7701 0.7866 0.6556 0.7745 0.7924 0.5807 0.5863 0.6671 0.7780 0.6977 0.8527 0.8070 0.7561 0.7136 0.8044 0.7853 0.5833 0.7511 0.7784 0.7141 0.7629 0.6611 0.6576 0.6667 0.7285 0.7623 0.8540 0.6870 0.8454 0.5631 0.7339 0.7050 0.7343 0.8238 0.7572 0.8176 0.6137 0.8469 0.6674 0.5935 0.6536 0.6284 0.7353 0.6040 0.6291 0.8161 0.7255 0.8317 0.7619 0.8400 0.7600 0.7998 0.8057 0.7219 0.8120 0.7997 0.7064 0.6747 0.6355 0.7393 0.7806 0.7479 0.7586 0.8154 0.6635 0.7835 0.8038 0.7873 0.7257 0.7726 0.8620 0.6981 0.7173 0.6613 0.8146 0.8326 0.8272 0.6268 0.7481 0.7389 0.8177 0.7868 0.8330 0.7375 0.6775 0.8211 0.7864 0.6363 0.7995 0.5870 0.7918 0.7182 0.5837 0.7888 0.6251 0.7356 0.6552 0.7954 0.6876 0.6355 0.7819 0.6845 0.7262 0.8032 0.5715 0.6356 0.7788 0.6259 0.8287 0.8049 0.7745 0.5474 0.6832 0.7143 0.6098 0.8107 0.7601 0.8190 0.6737 0.7712 0.8331 0.8099 0.7996 0.7823 0.7611 0.8042 0.8618 0.7775 0.6750 0.7614 0.8458 0.7807 0.6534 0.6505 0.7589 0.6496 0.6347 0.5713 0.7315 0.7646 0.6158 0.7334 0.7535 0.6653 0.7714 0.5277 0.8480 0.8120 0.7012 0.8016 0.7380 0.5720 0.5001 0.7379 0.6555 0.7286 0.6887 0.7733 0.7821 0.7237 0.7093 0.5381 0.8142 0.8174 0.7965 0.7864 0.7897 0.6775 0.8261 0.5590 0.7433 0.8019 0.4698 0.8081 0.5706 0.6403 0.5759 0.7390 0.6615 0.8480 0.6644 0.7867 0.7711 0.6078 0.6720 0.7457 0.6169 0.7691 0.6909 0.7464 0.7381 0.7783 0.8197 0.7252 0.7758 0.7312 0.7143 0.5742 0.8473 0.8224 0.5902 0.7332 0.7930 0.7567 0.6937 0.7203 0.8255 0.7367 0.7582 0.7064 0.7438 0.6919 0.7800 0.7860 0.7317 0.8235 0.8403 0.6487 0.7544 0.7387 0.7288 0.7488 0.7626 0.8363 0.7452 0.7154 0.6505 0.8440 0.6963 0.5405 0.7550 0.7062 0.6705 0.8474 0.6720 0.7360 0.8182 0.7183 0.7618 0.6917 0.7833 0.7404 0.7007 0.6174 0.7753 0.7947 0.8023 0.7914 0.7305 0.7856 0.7027 0.6763 0.6789 0.7855 0.6815 0.7766 0.5731 0.7566 0.7392 0.8592 0.6585 0.7085 0.6607 0.6573 0.7751 0.8008 0.6172 0.7722 0.7543 0.7906 0.7759 0.8094 0.6372 0.6788 0.8410 0.6860 0.8215 0.7787 0.8131 0.6895 0.6601 0.6000 0.7234 0.5342 0.7574 0.7607 0.6709 0.6898 0.6559 0.7071 0.6931 0.6755 0.5663 0.7117 0.7880 0.7474 0.8377 0.6681 0.7892 0.7381 0.8035 0.6885 0.7608 0.7192 0.7496 0.6624 0.7763 0.7032 0.7253 0.7843 0.7979 0.7623 0.7740 0.7703 0.6945 0.7544 0.6035 0.6828 0.6156 0.7137 0.5864 0.8486 0.8156 0.6992 0.6674 0.6294 0.8042 0.8449 0.8223 0.8184 0.8443 0.8693 0.7062 0.8283 0.7830 0.7808 0.6773 0.7317 0.8410 0.7136 0.5933 0.7222 0.7311 0.7893 0.7945 0.5555 0.7923 0.5973 0.6592 0.7845 0.7417 0.8034 0.7659 0.7177 0.7776 0.6254 0.8306 0.7688 0.6796 0.8129 0.6620 0.7461 0.8074 0.6637 0.6807 0.8055 0.8396 0.7855 0.7268 0.7822 0.8565 0.7714 0.5836 0.8287 0.5735 0.6790 0.6984 0.6381 0.7395 0.6248 0.5814 0.7254 0.8665 0.8159 0.7561 0.7875 0.7908 0.7540 0.7455 0.8441 0.7336 0.8010 0.4818 0.7500 0.7006 0.5839 0.7115 0.7489 0.7934 0.7965 0.8097 0.7836 0.7560 0.8260 0.7194 0.8030 0.7438 0.7822 0.6308 0.6014 0.7916 0.7972 0.5804 0.7889 0.6721 0.7898 0.7600 0.7233 0.7136 0.5553 0.8096 0.7432 0.7675 0.8487 0.7033 0.7114 0.7146 0.5259 0.7466 0.7679 0.7284 0.7807 0.7686 0.8053 0.6686 0.8614 0.7466 0.8135 0.6982 0.8203 0.7355 0.7204 0.7606 0.6730 0.7005 0.7585 0.8040 0.6560 0.7602 0.7509 0.7107 0.7139 0.6841 0.6621 0.6473 0.6596 0.6901 0.6604 0.8615 0.7487 0.6636 0.7632 0.7200 0.7089 0.7243 0.6476 0.7336 0.6362 0.7761 0.6867 0.7649 0.7958 0.6850 0.8412 0.7601 0.7591 0.6762 0.8409 0.8045 0.6377 0.5419 0.6594 0.7784 0.7631 0.6238 0.6862 0.7450 0.7034 0.8325 0.5536 0.7271 0.7726 0.6977 0.6940 0.6929 0.7450 0.6204 0.6890 0.7771 0.6759 0.8482 0.6813 0.7066 0.7847 0.6745 0.5679 0.7682 0.8197 0.6846 0.7151 0.6658 0.8110 0.7960 0.7671 0.6845 0.7585 0.7309 0.7492 0.7423 0.8330 0.5739 0.7936 0.8132 0.6231 0.7106 0.7469 0.7093 0.7418 0.7502 0.7435 0.7242 0.7396 0.8037 0.7484 0.7653 0.8193 0.8093 0.7770 0.7466 0.8486 0.6976 0.6236 0.7874 0.7475 0.6654 0.6605 0.8000 0.7426 0.7809 0.8066 0.7158 0.8062 0.5417 0.7766 0.6978 0.8183 0.8151 0.7112 0.8825 0.8232 0.7531 0.7490 0.7918 0.8213 0.5983 0.5894 0.7115 0.7352 0.6898 0.7009 0.5912 0.6274 0.7621 0.6409 0.6237 0.7147 0.6318 0.7796 0.6262 0.7588 0.6427 0.6924 0.7821 0.8540 0.7611 0.6833 0.7281 0.7366 0.5561 0.5529 0.7681 0.8172 0.6582 0.7666 0.7113 0.7567 0.8036 0.8402 0.5741 0.7402 0.8113 0.7181 0.7881 0.8052 0.6647 0.6098 0.7039 0.7957 0.6572 0.7625 0.6757 0.6364 0.5613 0.6885 0.7548 0.7061 0.7425 0.7442 0.8170 0.7867 0.7437 0.6573 0.7724 0.8396 0.8021 0.7487 0.6856 0.6451 0.6582 0.8206 0.7253 0.8209 0.6939 0.6987 0.6864 0.6109 0.7906 0.7779 0.7848 0.7965 0.6252 0.8298 0.7832 0.7945 0.7280 0.7611 0.7236 0.7943 0.7759 0.6202 0.8121 0.7441 0.6632 0.7662 0.7867 0.5856 0.5861 0.7400 0.7589 0.6294 0.6775 0.8127 0.7016 0.7719 0.6252 0.7046 0.6338 0.7893 0.7198 0.6732 0.7596 0.7335 0.6523 0.6834 0.8132 0.7585 0.7112 0.8244 0.7618 0.8095 0.7970 0.7516 0.7648 0.7958 0.7500 0.5575 0.7799 0.7386 0.6933 0.5344 0.6841 0.8329 0.8060 0.6022 0.6898 0.6842 0.6424 0.7849 0.6689 0.7811 0.8547 0.7772 0.6516 0.7002 0.8531 0.7869 0.5307 0.6910 0.7218 0.6071 0.7749 0.8438 0.8147 0.6266 0.7308 0.7861 0.5470 0.7128 0.7385 0.7607 0.7609 0.7287 0.7505 0.7636 0.7572 0.8013 0.8061 0.6414 0.7966 0.6524 0.7828 0.8501 0.7172 0.8267 0.5476 0.7198 0.5907 0.7466 0.6224 0.8303 0.7652 0.7397 0.8098 0.6970 0.7505 0.6116 0.6234 0.6393 0.7550 0.7901 0.7384 0.8132 0.5142 0.6768 0.6338 0.8278 0.5298 0.8325 0.6049 0.8086 0.7446 0.5885 0.5874 0.7657 0.8085 0.7283 0.7693 0.7728 0.7314 0.6377 0.7867 0.5689 0.6807 0.5993 0.6751 0.7245 0.7754 0.7811 0.7862 0.6692 0.7098 0.8252 0.5754 0.8143 0.7015 0.6838 0.7212 0.7240 0.7121 0.7528 0.6212 0.7405 0.7627 0.7557 0.5723 0.6871 0.7709 0.7540 0.8059 0.7903 0.6377 0.7396 0.7512 0.6420 0.5263 0.5488 0.5310 0.7951 0.7385 0.7855 0.7810 0.6306 0.7953 0.6690 0.7284 0.7911 0.6768 0.6010 0.7754 0.7891 0.5810 0.7916 0.7434 0.6602 0.7202 0.8185 0.7875 0.7275 0.6891 0.5654 0.8196 0.6899 0.6097 0.7568 0.6126 0.7539 0.7442 0.7548 0.8179 0.7964 0.6099 0.6533 0.7264 0.5860 0.7187 0.6387 0.6496 0.5824 0.8208 0.6593 0.7813 0.7744 0.6947 0.7615 0.6790 0.7994 0.7875 0.8388 0.7561 0.7673 0.6644 0.8253 0.6663 0.7323 0.7397 0.7532 0.6706 0.7868 0.6555 0.7705 0.6263 0.7626 0.8061 0.8376 0.5205 0.6250 0.7133 0.7700 0.7424 0.5506 0.7937 0.8188 0.7147 0.8099 0.7862 0.6606 0.6448 0.7320 0.5764 0.6103 0.6126 0.7037 0.8158 0.6248 0.7803 0.8480 0.5066 0.8137 0.8055 0.6590 0.6638 0.7271 0.6742 0.8470 0.8034 0.6740 0.5952 0.7535 0.7332 0.6309 0.5859 0.6566 0.7717 0.6205 0.7555 0.6221 0.6378 0.8033 0.8124 0.7743 0.7494 0.7061 0.7392 0.8053 0.6379 0.7805 0.6440 0.8367 0.7578 0.7567 0.7591 0.8196 0.7548 0.7269 0.8303 0.6298 0.7701 0.8467 0.6969 0.7193 0.6902 0.8276 0.6622 0.7499 0.6332 0.7531 0.8434 0.8127 0.5731 0.6198 0.7723 0.6821 0.6530 0.7151 0.6153 0.5736 0.6245 0.6128 0.8016 0.6633 0.7918 0.6117 0.7722 0.7067 0.7247 0.8402 0.7373 0.8054 0.7482 0.7899 0.7850 0.8551 0.8071 0.7048 0.8086 0.6715 0.6673 0.7601 0.6877 0.7973 0.6141 0.7761 0.7088 0.7672 0.7055 0.7571 0.6077 0.6218 0.5891 0.5728 0.7384 0.8029 0.6459 0.8249 0.7206 0.7453 0.6360 0.7818 0.6239 0.7903 0.6592 0.7383 0.7104 0.7576 0.7201 0.7834 0.7752 0.7611 0.7833 0.7418 0.8233 0.7585 0.7547 0.7284 0.7320 0.8222 0.6872 0.8035 0.6206 0.6039 0.8395 0.7397 0.6560 0.8049 0.7474 0.8416 0.8320 0.8277 0.8464 0.8192 0.7406 0.7723 0.7525 0.7977 0.6252 0.6600 0.8540 0.6656 0.8195 0.6339 0.5936 0.6014 0.5259 0.5859 0.6644 0.7685 0.7569 0.6083 0.7347 0.7439 0.6912 0.7560 0.7897 0.8258 0.7704 0.7374 0.8067 0.6388 0.5748 0.8074 0.6665 0.8149 0.7849 0.7959 0.6766 0.8128 0.6665 0.5894 0.5912 0.7044 0.7442 0.6262 0.6974 0.7959 0.6291 0.7182 0.6672 0.7304 0.7184 0.7902 0.8485 0.7863 0.7720 0.8232 0.7790 0.6823 0.7774 0.5755 0.8174 0.7764 0.8181 0.5681 0.8030 0.7331 0.6680 0.7780 0.5283 0.6943 0.6508 0.5693 0.5588 0.7448 0.8382 0.8008 0.6402 0.6466 0.6042 0.7562 0.7645 0.7991 0.6924 0.7705 0.7067 0.7864 0.5548 0.7714 0.7061 0.7307 0.6458 0.7557 0.8412 0.7188 0.8271 0.7043 0.7316 0.7958 0.7041 0.7632 0.6613 0.7287 0.5955 0.8104 0.7908 0.6261 0.6653 0.7664 0.6065 0.8451 0.8220 0.5969 0.6995 0.8034 0.7293 0.7756 0.6846 0.7338 0.5967 0.7441 0.5918 0.6579 0.5960 0.8479 0.7318 0.8136 0.7940 0.8053 0.8253 0.7207 0.6653 0.6809 0.7051 0.8124 0.8250 0.7349 0.6662 0.6814 0.6504 0.7364 0.6861 0.6915 0.8091 0.6500 0.7383 0.6153 0.6377 0.7036 0.7967 0.7120 0.7309 0.7522 0.8098 0.6125 0.6061 0.7354 0.8121 0.8134 0.7631 0.6480 0.6105 0.7945 0.6818 0.7605 0.8020 0.7450 0.7461 0.7569 0.7728 0.7404 0.7644 0.7092 0.8221 0.6562 0.7753 0.6788 0.6180 0.6485 0.8153 0.6022 0.8272 0.7556 0.8368 0.8643 0.8345 0.7059 0.7812 0.6857 0.7520 0.7701 0.6814 0.7727 0.7201 0.6400 0.6921 0.7549 0.7287 0.7545 0.5943 0.8597 0.7129 0.7622 0.8364 0.7250 0.5671 0.7426 0.5590 0.7366 0.8146 0.6342 0.6594 0.7793 0.8095 0.8406 0.7458 0.6749 0.8459 0.7280 0.6424 0.8658 0.7885 0.7909 0.5812 0.6741 0.8646 0.7579 0.6959 0.8104 0.7510 0.6939 0.7800 0.7965 0.6127 0.7629 0.4752 0.7279 0.5630 0.7541 0.6449 0.7571 0.6334 0.6885 0.7730 0.6973 0.8318 0.7672 0.6854 0.8235 0.7195 0.7630 0.6540 0.6216 0.7132 0.5746 0.7938 0.8092 0.7675 0.7177 0.7012 0.7555 0.6986 0.8075 0.6037 0.7768 0.7161 0.4942 0.8192 0.7194 0.7449 0.7744 0.6754 0.6820 0.5912 0.6812 0.6898 0.7580 0.7362 0.6802 0.8163 0.6113 0.8056 0.7171 0.6564 0.7083 0.7308 0.7004 0.7140 0.7559 0.8360 0.5904 0.6801 0.6399 0.7430 0.6270 0.5631 0.6469 0.6490 0.8364 0.8097 0.8000 0.6652 0.5698 0.8120 0.7785 0.5602 0.6467 0.6733 0.7855 0.7828 0.5452 0.8416 0.8357 0.7846 0.7020 0.7878 0.5707 0.7679 0.8029 0.6566 0.7304 0.5405 0.7649 0.8054 0.6523 0.6686 0.7905 0.8048 0.7676 0.8471 0.7132 0.5510 0.6910 0.5397 0.6117 0.8293 0.6961 0.7253 0.6590 0.5614 0.7790 0.8202 0.7125 0.7924 0.6213 0.8049 0.6040 0.6711 0.7480 0.7402 0.7725 0.7840 0.6968 0.6571 0.8087 0.7564 0.7892 0.8239 0.7372 0.7810 0.7108 0.6998 0.7689 0.7548 0.7182 0.6374 0.7542 0.7037 0.7414 0.8023 0.6108 0.5934 0.7376 0.7080 0.7385 0.7681 0.7941 0.7814 0.7989 0.5017 0.6280 0.6389 0.8084 0.6484 0.7411 0.6236 0.7392 0.8003 0.7460 0.8146 0.7169 0.5702 0.8527 0.7075 0.6440 0.7383 0.7014 0.6758 0.7765 0.7014 0.7112 0.7466 0.7381 0.6858 0.8589 0.7045 0.6294 0.5820 0.5264 0.6660 0.8136 0.7187 0.7830 0.7423 0.6298 0.8261 0.7453 0.7931 0.7829 0.7658 0.8052 0.5476 0.6957 0.6999 0.5647 0.7093 0.8219 0.6584 0.6541 0.7475 0.5995 0.6425 0.8255 0.7948 0.8174 0.5712 0.7841 0.6061 0.6856 0.7621 0.6226 0.7839 0.8259 0.7283 0.7933 0.7884 0.7688 0.7865 0.7004 0.7908 0.6995 0.7678 0.6127 0.8032 0.7994 0.7999 0.8090 0.8466 0.7878 0.7362 0.8156 0.7334 0.7913 0.7187 0.8172 0.8762 0.7824 0.7653 0.8348 0.8270 0.7976 0.7603 0.8036 0.8375 0.7548 0.7590 0.6497 0.6148 0.6880 0.6890 0.6407 0.5268 0.8041 0.7681 0.8047 0.7662 0.7740 0.8253 0.7729 0.7533 0.6206 0.7754 0.6883 0.5602 0.6900 0.7609 0.8008 0.7918 0.8020 0.8020 0.7741 0.7683 0.6080 0.5765 0.6224 0.7162 0.6864 0.6354 0.7404 0.7582 0.6452 0.7083 0.7963 0.5616 0.7969 0.7049 0.7214 0.6983 0.8165 0.8361 0.5465 0.7828 0.8865 0.6492 0.6830 0.7202 0.7800 0.7337 0.7215 0.7734 0.7961 0.6877 0.7994 0.5271 0.7162 0.6530 0.8558 0.7748 0.8247 0.6494 0.7403 0.7184 0.7456 0.8325 0.7845 0.7905 0.7324 0.8043 0.7423 0.7348 0.6546 0.6285 0.8053 0.6283 0.8061 0.6082 0.6668 0.7922 0.7204 0.7228 0.7992 0.7609 0.5961 0.7241 0.8582 0.6764 0.7352 0.6237 0.7785 0.7905 0.7619 0.7725 0.7597 0.7839 0.7347 0.6923 0.6289 0.6955 0.6980 0.7806 0.7316 0.7052 0.6833 0.6354 0.8487 0.8683 0.8387 0.7934 0.7098 0.8021 0.7894 0.7988 0.8325 0.6910 0.6652 0.7733 0.6161 0.7720 0.7228 0.7726 0.7609 0.7371 0.7353 0.6923 0.8167 0.7563 0.5261 0.6605 0.8034 0.8316 0.6115 0.6115 0.7582 0.6093 0.5525 0.7008 0.6625 0.7874 0.7726 0.7834 0.8006 0.5846 0.7927 0.7995 0.5531 0.7542 0.6759 0.6812 0.7395 0.8318 0.8545 0.7675 0.7076 0.7952 0.5793 0.7883 0.7377 0.7926 0.5365 0.8026 0.8485 0.8046 0.7046 0.8245 0.6586 0.7931 0.6324 0.7758 0.7784 0.7959 0.7647 0.7325 0.7635 0.8618 0.6543 0.6560 0.7924 0.7422 0.5263 0.7634 0.6773 0.6589 0.6115 0.6791 0.7191 0.6965 0.7241 0.7062 0.7270 0.6576 0.7498 0.7780 0.8436 0.7524 0.7712 0.5574 0.7945 0.6817 0.5823 0.8102 0.6418 0.7560 0.7611 0.6827 0.7820 0.7567 0.7707 0.8152 0.8004 0.7818 0.8323 0.7148 0.7942 0.5549 0.7629 0.8403 0.7303 0.7622 0.7309 0.6463 0.5950 0.7957 0.8457 0.5997 0.7211 0.8246 0.7064 0.7694 0.7873 0.6501 0.7397 0.8505 0.5572 0.6183 0.8203 0.7963 0.5838 0.7551 0.8393 0.7238 0.7545 0.6373 0.7750 0.8220 0.6709 0.7613 0.6920 0.5984 0.7682 0.7471 0.6722 0.7891 0.7537 0.8004 0.7646 0.7590 0.6265 0.7774 0.7256 0.8010 0.8247 0.7441 0.6525 0.7300 0.8102 0.7941 0.7491 0.8049 0.7740 0.7015 0.7211 0.6157 0.7626 0.7745 0.6312 0.6810 0.6263 0.7170 0.7378 0.8192 0.6911 0.7933 0.5896 0.5431 0.8345 0.7798 0.8548 0.6750 0.6620 0.5636 0.7491 0.5330 0.7842 0.7771 0.5740 0.8031 0.7963 0.6390 0.6937 0.7088 0.6427 0.7633 0.6398 0.8551 0.7973 0.7101 0.7032 0.8124 0.6416 0.7569 0.8335 0.6175 0.6840 0.7851 0.5002 0.5811 0.8048 0.6236 0.5337 0.8585 0.6053 0.7839 0.7736 0.7787 0.7411 0.6576 0.5420 0.6944 0.6279 0.7011 0.6891 0.7214 0.7956 0.6316 0.8067 0.7244 0.7261 0.7339 0.6485 0.6591 0.7112 0.7088 0.7203 0.7352 0.7883 0.7322 0.7356 0.6670 0.6495 0.7898 0.6644 0.6885 0.7399 0.6182 0.7324 0.7793 0.7782 0.7768 0.5647 0.7461 0.5225 0.7901 0.5940 0.7425 0.7675 0.7765 0.7105 0.6589 0.7045 0.6504 0.7099 0.6565 0.7978 0.7851 0.7830 0.8241 0.6648 0.6752 0.8376 0.7084 0.6741 0.5000 0.7044 0.7851 0.5948 0.7493 0.7812 0.6227 0.7746 0.7178 0.6948 0.7197 0.7695 0.7468 0.7855 0.7870 0.5035 0.7188 0.5726 0.7577 0.7450 0.7098 0.8201 0.7128 0.8247 0.8014 0.6496 0.8076 0.8133 0.5172 0.7174 0.8124 0.8018 0.7489 0.7799 0.7504 0.6534 0.7187 0.7010 0.5734 0.8007 0.6083 0.6350 0.7982 0.7311 0.7527 0.5499 0.6121 0.8241 0.5919 0.7428 0.8235 0.7274 0.8175 0.7985 0.7886 0.7864 0.6986 0.8410 0.7707 0.7620 0.7285 0.6519 0.7683 0.7361 0.7252 0.6463 0.7074 0.5302 0.7597 0.7618 0.8008 0.7947 0.5882 0.6594 0.7811 0.7663 0.8364 0.8372 0.6803 0.6969 0.6875 0.8213 0.7468 0.8375 0.7222 0.7547 0.8321 0.8034 0.6041 0.5840 0.8153 0.8232 0.7982 0.7458 0.6485 0.7696 0.5883 0.7297 0.5565 0.7788 0.7547 0.6310 0.8558 0.6158 0.6145 0.6334 0.6911 0.6526 0.7124 0.6918 0.7054 0.5908 0.7535 0.7437 0.6965 0.6622 0.6900 0.7736 0.8246 0.7737 0.7700 0.7575 0.7107 0.7743 0.7853 0.8077 0.7333 0.7167 0.7307 0.8389 0.6110 0.5383 0.7345 0.8081 0.5956 0.6181 0.8061 0.8266 0.5857 0.6909 0.8367 0.7752 0.7238 0.7448 0.8016 0.8208 0.7936 0.5615 0.5672 0.7566 0.6612 0.7316 0.6914 0.7863 0.8016 0.6301 0.7000 0.7843 0.5374 0.7909 0.6414 0.6328 0.7443 0.8109 0.8053 0.7853 0.7415 0.7105 0.7990 0.6047 0.6445 0.7894 0.6764 0.7279 0.6822 0.7583 0.7815 0.7858 0.6259 0.8124 0.7143 0.6168 0.6936 0.8369 0.7375 0.6400 0.6375 0.7945 0.8240 0.5414 0.7997 0.8466 0.7128 0.7171 0.7740 0.7488 0.6806 0.7025 0.8166 0.7574 0.7611 0.6673 0.7279 0.7304 0.7097 0.6456 0.7952 0.6749 0.6980 0.7464 0.7561 0.7243 0.7431 0.4454 0.8000 0.8033 0.7724 0.7983 0.8085 0.8266 0.8101 0.6431 0.7560 0.7896 0.6809 0.6624 0.7511 0.5896 0.8385 0.5857 0.7391 0.8001 0.5672 0.6157 0.7985 0.6341 0.8221 0.7634 0.6836 0.6834 0.7760 0.7426 0.6996 0.6582 0.6544 0.6674 0.6072 0.5327 0.6442 0.6144 0.6571 0.8295 0.7836 0.7259 0.7106 0.7483 0.7528 0.7721 0.7009 0.7775 0.7308 0.8127 0.7685 0.6276 0.5873 0.5986 0.8386 0.6750 0.6846 0.6610 0.7975 0.6623 0.7585 0.8133 0.6900 0.6793 0.7646 0.7219 0.6444 0.7581 0.6716 0.6828 0.7541 0.7049 0.7671 0.7579 0.8188 0.6226 0.6528 0.6415 0.6226 0.6191 0.5954 0.8110 0.8070 0.7293 0.7605 0.7387 0.7775 0.7624 0.7520 0.7191 0.7534 0.8298 0.7012 0.6389 0.7930 0.6987 0.8123 0.6807 0.8260 0.6646 0.8217 0.7237 0.6535 0.8172 0.6302 0.7062 0.7060 0.6910 0.7688 0.7838 0.7777 0.8325 0.8110 0.7504 0.8516 0.8194 0.5862 0.6820 0.7027 0.7759 0.8533 0.7976 0.6205 0.7164 0.6249 0.7757 0.6574 0.7707 0.8171 0.7431 0.5774 0.6373 0.8357 0.7513 0.7231 0.7432 0.6112 0.6726 0.8226 0.6532 0.7095 0.7346 0.7053 0.7537 0.6846 0.6747 0.6514 0.8154 0.6555 0.6573 0.8219 0.8068 0.6172 0.7947 0.7308 0.7409 0.5191 0.7849 0.6607 0.7986 0.8355 0.7511 0.7816 0.7788 0.8197 0.6874 0.6782 0.6300 0.7109 0.6846 0.5923 0.6828 0.7464 0.8042 0.7561 0.7917 0.7644 0.6213 0.6356 0.7814 0.6029 0.6530 0.7280 0.6527 0.6773 0.8281 0.7589 0.7565 0.6915 0.6363 0.7159 0.7981 0.7772 0.6747 0.8260 0.6533 0.5691 0.5680 0.7213 0.7063 0.7968 0.6999 0.6361 0.7563 0.5321 0.5344 0.7859 0.8023 0.8360 0.7216 0.7986 0.7517 0.6466 0.7522 0.7597 0.5850 0.6135 0.5892 0.6436 0.6719 0.7657 0.6519 0.7321 0.7858 0.8027 0.7929 0.7511 0.7909 0.7240 0.7476 0.7117 0.5962 0.8264 0.7575 0.5342 0.7121 0.6021 0.6436 0.7248 0.7780 0.6656 0.7523 0.8224 0.6391 0.7829 0.7048 0.7849 0.6271 0.7718 0.6049 0.6597 0.7839 0.6673 0.7630 0.6764 0.6452 0.7165 0.7764 0.6331 0.7262 0.7805 0.6997 0.7543 0.7454 0.7922 0.6691 0.6459 0.6155 0.7282 0.5010 0.8164 0.6592 0.7594 0.7898 0.8017 0.7167 0.8379 0.8528 0.7688 0.7694 0.7709 0.7495 0.6269 0.7785 0.7278 0.7159 0.7359 0.5809 0.6935 0.5550 0.6723 0.6732 0.7413 0.8009 0.7272 0.6287 0.5976 0.7476 0.5318 0.7710 0.6559 0.6017 0.7114 0.7513 0.8138 0.6296 0.5762 0.7589 0.7281 0.7755 0.6156 0.7405 0.5633 0.8349 0.7647 0.5615 0.8304 0.6324 0.8073 0.6881 0.8085 0.7479 0.6151 0.6317 0.5673 0.6458 0.5999 0.6284 0.7645 0.8030 0.7379 0.7660 0.8638 0.6351 0.8427 0.7067 0.7530 0.7479 0.7319 0.8151 0.6443 0.8045 0.7100 0.7410 0.7778 0.7558 0.7502 0.6454 0.6992 0.6691 0.8195 0.7912 0.6340 0.6745 0.6965 0.7942 0.8363 0.8133 0.8266 0.7380 0.8007 0.5341 0.7641 0.7651 0.7900 0.6324 0.7116 0.7470 0.7555 0.8129 0.8544 0.5830 0.6752 0.7396 0.7140 0.6289 0.5442 0.6097 0.6341 0.8693 0.7765 0.7762 0.7027 0.8633 0.7692 0.7108 0.7893 0.6412 0.6684 0.8031 0.6921 0.7447 0.8768 0.7958 0.8281 0.7837 0.8104 0.6711 0.8185 0.7998 0.7422 0.7424 0.7097 0.8105 0.8001 0.6721 0.7966 0.5633 0.8125 0.6716 0.8229 0.7890 0.7260 0.6429 0.6900 0.4976 0.7227 0.6857 0.8285 0.8357 0.6701 0.6020 0.7704 0.7774 0.7012 0.6720 0.7939 0.5438 0.7102 0.5810 0.7279 0.6853 0.8602 0.7377 0.6619 0.7951 0.7126 0.8183 0.8361 0.7396 0.6564 0.7928 0.6281 0.7977 0.7482 0.6447 0.8431 0.7029 0.7953 0.8485 0.6088 0.8405 0.6280 0.6798 0.7672 0.6445 0.7842 0.7829 0.7735 0.7574 0.8202 0.6542 0.8366 0.7989 0.6786 0.6661 0.6410 0.6143 0.7558 0.7717 0.7301 0.6791 0.5527 0.7016 0.7606 0.5938 0.7868 0.8446 0.6787 0.6665 0.8399 0.7419 0.6434 0.7492 0.7340 0.6664 0.7860 0.7438 0.6109 0.7406 0.8206 0.6925 0.7845 0.5461 0.7654 0.7311 0.7795 0.8097 0.8334 0.7755 0.7567 0.7551 0.7430 0.7874 0.7615 0.7848 0.8048 0.5979 0.5718 0.7112 0.8157 0.6373 0.7070 0.7675 0.7408 0.7843 0.8397 0.8368 0.7609 0.7986 0.6880 0.7753 0.7096 0.8250 0.8008 0.7402 0.7216 0.5848 0.8846 0.7486 0.7628 0.7008 0.7073 0.7674 0.7617 0.7509 0.8187 0.6368 0.6505 0.5870 0.7595 0.7449 0.7948 0.7272 0.8566 0.7997 0.7681 0.7746 0.5207 0.6531 0.7857 0.7899 0.6755 0.8274 0.6803 0.7951 0.7699 0.8079 0.6546 0.7150 0.7781 0.6601 0.8185 0.7823 0.5655 0.6961 0.7231 0.6024 0.6948 0.7681 0.7899 0.7193 0.7387 0.8230 0.6498 0.8015 0.6788 0.8803 0.7750 0.7490 0.7726 0.7619 0.6522 0.5856 0.7130 0.7538 0.8030 0.7978 0.8064 0.8155 0.7929 0.7977 0.6986 0.7193 0.7099 0.6004 0.6329 0.7764 0.6614 0.8576 0.7055 0.8567 0.7372 0.7752 0.7632 0.5921 0.6165 0.7493 0.7142 0.7500 0.7600 0.7504 0.7966 0.6935 0.7895 0.8153 0.5648 0.6730 0.5622 0.7929 0.7311 0.6570 0.6062 0.8220 0.7593 0.7106 0.7252 0.6966 0.7890 0.7208 0.6184 0.6565 0.7147 0.6771 0.5810 0.7071 0.7799 0.8110 0.5394 0.7184 0.7755 0.4789 0.7711 0.8052 0.7935 0.5376 0.8313 0.7347 0.6981 0.7654 0.8016 0.6033 0.6880 0.7746 0.7256 0.7659 0.7080 0.7736 0.7089 0.7855 0.7739 0.8352 0.6443 0.6182 0.7683 0.7389 0.7151 0.7182 0.7329 0.7325 0.7440 0.7853 0.7287 0.5681 0.7232 0.8061 0.6406 0.7811 0.6418 0.7523 0.7552 0.7542 0.7017 0.8367 0.6314 0.6584 0.7076 0.7965 0.7819 0.6982 0.7713 0.6530 0.7413 0.7670 0.6729 0.6754 0.6694 0.7689 0.5739 0.7510 0.6472 0.6934 0.8034 0.6114 0.8485 0.5841 0.6442 0.6970 0.6914 0.7101 0.7455 0.7551 0.7254 0.7284 0.7892 0.7455 0.6651 0.8288 0.5882 0.6744 0.6390 0.6566 0.6864 0.7067 0.8139 0.7056 0.7454 0.6985 0.6493 0.5849 0.8069 0.5713 0.7784 0.7102 0.7766 0.8016 0.6961 0.7927 0.5421 0.7896 0.8299 0.7761 0.7881 0.7660 0.7465 0.7149 0.8273 0.8333 0.6104 0.8389 0.7378 0.7365 0.8168 0.8466 0.8289 0.6944 0.6332 0.6126 0.6436 0.6277 0.7769 0.6222 0.6093 0.6877 0.6766 0.6461 0.6104 0.6948 0.6438 0.7686 0.7376 0.6438 0.6656 0.8503 0.6048 0.6760 0.6062 0.7394 0.6657 0.5728 0.6708 0.7082 0.7267 0.6983 0.7426 0.7768 0.8339 0.7018 0.6567 0.5708 0.8204 0.8050 0.7652 0.7773 0.5353 0.7012 0.5704 0.7777 0.5689 0.7620 0.8108 0.8139 0.6861 0.8053 0.5866 0.7724 0.6343 0.6941 0.7114 0.7946 0.8238 0.6415 0.7083 0.8070 0.6520 0.6541 0.6871 0.7674 0.6653 0.7125 0.7875 0.6877 0.7889 0.7367 0.7191 0.7964 0.8364 0.7783 0.5974 0.8164 0.7124 0.7504 0.6215 0.6959 0.7384 0.7714 0.5480 0.7484 0.6659 0.7029 0.6594 0.7063 0.8069 0.7561 0.7909 0.7819 0.8134 0.6977 0.8256 0.7680 0.8024 0.5654 0.6416 0.6892 0.7097 0.6412 0.6809 0.8069 0.6304 0.8089 0.5772 0.7802 0.7281 0.7376 0.7918 0.7910 0.6120 0.7267 0.7982 0.5759 0.7511 0.8023 0.7939 0.5785 0.7285 0.6427 0.7983 0.7629 0.7234 0.6476 0.6757 0.6889 0.5852 0.8003 0.6930 0.7053 0.6959 0.7473 0.6500 0.7240 0.5424 0.6354 0.8108 0.7838 0.7266 0.7915 0.7039 0.5880 0.7370 0.6510 0.8006 0.6726 0.5979 0.6430 0.7540 0.6761 0.6459 0.8076 0.6731 0.6011 0.5925 0.5830 0.8060 0.6214 0.7745 0.5028 0.5477 0.5318 0.7505 0.7875 0.7766 0.7857 0.6382 0.5542 0.8325 0.7828 0.7671 0.7901 0.5953 0.5757 0.8169 0.8138 0.7562 0.7606 0.5070 0.5696 0.6766 0.7793 0.6376 0.6570 0.7386 0.7892 0.6578 0.6774 0.6233 0.8149 0.6239 0.6651 0.6284 0.7098 0.7687 0.5310 0.6457 0.7076 0.7737 0.7312 0.7256 0.6651 0.7698 0.7960 0.7718 0.7878 0.4745 0.5761 0.8058 0.6566 0.8173 0.8161 0.7664 0.6241 0.7873 0.7878 0.6661 0.7505 0.8135 0.6929 0.8017 0.7961 0.7918 0.7915 0.7998 0.7326 0.6708 0.6083 0.7672 0.6011 0.7425 0.6997 0.7878 0.7799 0.5669 0.7922 0.6182 0.7388 0.6814 0.8286 0.7001 0.7895 0.6500 0.8385 0.7524 0.6738 0.7694 0.7246 0.8151 0.8026 0.7936 0.7254 0.7466 0.6987 0.6369 0.8172 0.6618 0.5982 0.6687 0.8014 0.7838 0.7777 0.7372 0.8579 0.7791 0.5949 0.8440 0.6546 0.7208 0.8072 0.7761 0.6561 0.7446 0.8332 0.8182 0.7807 0.7571 0.7427 0.5803 0.7759 0.7040 0.6153 0.7729 0.8110 0.6808 0.6260 0.7469 0.7579 0.6608 0.6049 0.7466 0.8084 0.7914 0.6819 0.7441 0.7276 0.8348 0.5287 0.5962 0.8488 0.6534 0.7313 0.8252 0.7621 0.8489 0.8029 0.7764 0.6817 0.6201 0.7472 0.8370 0.6558 0.6676 0.5112 0.6226 0.6992 0.7584 0.7535 0.6666 0.6405 0.7313 0.7571 0.6766 0.7878 0.7519 0.5994 0.6461 0.8148 0.6335 0.7239 0.7397 0.7846 0.7410 0.7417 0.7907 0.7811 0.4932 0.6079 0.7688 0.7263 0.7984 0.7594 0.6282 0.7611 0.6221 0.5960 0.5125 0.7629 0.8399 0.7182 0.8221 0.7333 0.8138 0.7096 0.6404 0.5718 0.7934 0.7424 0.8215 0.7828 0.7758 0.8387 0.8296 0.7203 0.5518 0.8100 0.8204 0.7215 0.6399 0.7662 0.7660 0.8118 0.7665 0.6089 0.6853 0.7351 0.8187 0.6181 0.7993 0.7396 0.8047 0.7651 0.6555 0.7401 0.5884 0.7274 0.7830 0.8543 0.6755 0.7330 0.7635 0.7344 0.7165 0.5965 0.8071 0.6991 0.5622 0.7245 0.7958 0.7277 0.6850 0.7498 0.7480 0.5978 0.7228 0.7749 0.7395 0.6846 0.7819 0.7588 0.6352 0.7316 0.6277 0.7121 0.8013 0.6901 0.7680 0.7263 0.7582 0.7616 0.6213 0.7792 0.7462 0.6689 0.8206 0.7826 0.5817 0.8555 0.8488 0.6805 0.8441 0.8213 0.7728 0.7302 0.6314 0.7235 0.8125 0.8474 0.7665 0.6679 0.6628 0.7247 0.7887 0.7336 0.6511 0.5400 0.7717 0.6149 0.7877 0.7954 0.7593 0.7998 0.7879 0.8004 0.7363 0.6396 0.6129 0.7905 0.8442 0.7136 0.5912 0.8287 0.7931 0.7791 0.6030 0.7364 0.7124 0.7958 0.8429 0.6816 0.6682 0.8001 0.7655 0.7591 0.7123 0.7656 0.7018 0.6977 0.6105 0.7081 0.5512 0.7728 0.7663 0.7144 0.6717 0.7606 0.7646 0.7615 0.7474 0.6540 0.7303 0.5863 0.5752 0.6816 0.7275 0.6757 0.7190 0.7203 0.6072 0.7671 0.6809 0.8312 0.7452 0.7023 0.6543 0.7335 0.7304 0.6955 0.7926 0.7457 0.6555 0.7101 0.7110 0.7731 0.7623 0.7090 0.8631 0.7761 0.7431 0.7779 0.7617 0.7476 0.5837 0.7121 0.5475 0.6435 0.5776 0.7420 0.7614 0.5737 0.7200 0.7477 0.5973 0.8043 0.7794 0.7212 0.8133 0.6471 0.7993 0.6156 0.7505 0.8640 0.6712 0.6046 0.7401 0.6883 0.7917 0.7217 0.8041 0.7447 0.6756 0.7779 0.7792 0.6320 0.5862 0.6846 0.5535 0.5650 0.7707 0.8114 0.7248 0.7337 0.6446 0.6649 0.6319 0.5472 0.6395 0.7975 0.6562 0.5874 0.5800 0.7164 0.6918 0.7974 0.6417 0.6446 0.7966 0.6375 0.7513 0.7639 0.6120 0.7192 0.7565 0.8373 0.8198 0.7896 0.7931 0.7579 0.7324 0.6563 0.7589 0.8083 0.7327 0.7870 0.5174 0.8107 0.7944 0.6698 0.5957 0.7897 0.6939 0.5517 0.8152 0.6531 0.6163 0.7463 0.6275 0.5890 0.7490 0.7476 0.8186 0.8485 0.6209 0.6281 0.7276 0.6310 0.6543 0.6461 0.7471 0.7797 0.8614 0.6031 0.7965 0.6793 0.7213 0.7915 0.8129 0.6609 0.8132 0.8354 0.7833 0.7936 0.6073 0.7116 0.6465 0.7930 0.7902 0.8489 0.8343 0.7081 0.6590 0.8509 0.5695 0.7641 0.7484 0.7773 0.6657 0.7880 0.7938 0.7055 0.7651 0.6070 0.7536 0.8071 0.7751 0.6588 0.7133 0.7254 0.7103 0.8153 0.6981 0.5950 0.8952 0.6727 0.8033 0.7985 0.5478 0.7845 0.7820 0.7689 0.6783 0.7935 0.7441 0.5545 0.8371 0.6377 0.7951 0.7401 0.7642 0.6760 0.5400 0.5992 0.7248 0.6356 0.6175 0.5705 0.7523 0.7240 0.6380 0.7411 0.6114 0.8066 0.7978 0.5909 0.7633 0.6137 0.7740 0.6654 0.7268 0.7997 0.5881 0.8242 0.7031 0.6549 0.6338 0.7644 0.8452 0.6497 0.8516 0.6917 0.6425 0.6564 0.7570 0.6770 0.6095 0.6646 0.7910 0.7404 0.8161 0.7157 0.7671 0.6786 0.7542 0.7333 0.6638 0.7031 0.8435 0.7887 0.7074 0.7257 0.7572 0.7577 0.6862 0.7832 0.7873 0.7639 0.7641 0.6721 0.7079 0.7119 0.7145 0.6852 0.7781 0.7138 0.7057 0.7909 0.7242 0.7736 0.6229 0.6774 0.7304 0.6045 0.7993 0.7800 0.7540 0.7864 0.6699 0.6680 0.7598 0.5695 0.6031 0.7519 0.7442 0.5431 0.7047 0.6390 0.6230 0.8393 0.7044 0.7958 0.6010 0.5976 0.8515 0.6797 0.8481 0.6133 0.8076 0.6046 0.5997 0.7835 0.6632 0.7843 0.7807 0.5993 0.7557 0.4924 0.7338 0.7379 0.7427 0.7255 0.6492 0.7007 0.8004 0.8287 0.7304 0.7675 0.7097 0.7998 0.8047 0.6636 0.6873 0.8098 0.8333 0.6515 0.7274 0.6166 0.5915 0.7965 0.5617 0.7916 0.7649 0.7816 0.8528 0.6596 0.7042 0.7643 0.5515 0.7012 0.7978 0.7639 0.8042 0.6601 0.7149 0.7470 0.6017 0.6913 0.7534 0.5916 0.7279 0.5970 0.7817 0.6684 0.6715 0.8268 0.6177 0.6858 0.5336 0.6477 0.7970 0.6529 0.7437 0.6759 0.5744 0.6679 0.5608 0.8252 0.8150 0.7515 0.6441 0.7162 0.8410 0.8378 0.6047 0.8092 0.6999 0.7662 0.7487 0.7539 0.7194 0.8386 0.7982 0.5798 0.7914 0.8181 0.7936 0.8656 0.7933 0.7742 0.8111 0.5656 0.7563 0.7641 0.8405 0.6615 0.6429 0.7990 0.7307 0.6850 0.7531 0.7920 0.6533 0.5826 0.6945 0.7189 0.6284 0.7687 0.6163 0.7966 0.8128 0.7697 0.7334 0.5820 0.8246 0.7902 0.7539 0.7640 0.7885 0.6270 0.7701 0.7653 0.8271 0.5796 0.7818 0.7538 0.8364 0.7220 0.7213 0.7019 0.7258 0.7807 0.8136 0.7721 0.7639 0.8532 0.7858 0.5262 0.6682 0.7646 0.6721 0.7448 0.8109 0.8399 0.7152 0.6090 0.5552 0.7371 0.7971 0.7273 0.6946 0.8073 0.7724 0.7471 0.7540 0.6429 0.8181 0.5788 0.8260 0.7914 0.7101 0.7219 0.7514 0.6666 0.6914 0.6951 0.6617 0.7964 0.6243 0.7676 0.8059 0.7363 0.8047 0.7010 0.7372 0.8067 0.7536 0.6058 0.6901 0.7601 0.7419 0.7426 0.6952 0.7106 0.7802 0.8158 0.7216 0.5101 0.7650 0.7235 0.7255 0.7808 0.7702 0.6677 0.6732 0.8421 0.7125 0.7463 0.8380 0.8129 0.7158 0.6955 0.7500 0.8049 0.8043 0.7702 0.7745 0.7008 0.6708 0.7569 0.6560 0.7472 0.7791 0.6393 0.7417 0.8268 0.8027 0.6331 0.7111 0.7415 0.7122 0.7664 0.6883 0.6771 0.7186 0.7693 0.7166 0.6705 0.5481 0.8173 0.8404 0.6430 0.7385 0.6402 0.8078 0.7072 0.6209 0.7598 0.6728 0.7759 0.5868 0.6600 0.7543 0.7560 0.8087 0.6224 0.7096 0.6528 0.8009 0.6841 0.8555 0.7482 0.6596 0.6405 0.8063 0.6240 0.7953 0.6931 0.7711 0.7047 0.5601 0.8204 0.6172 0.8116 0.7147 0.5634 0.5648 0.7685 0.5287 0.7132 0.5729 0.7206 0.7053 0.7985 0.7453 0.8146 0.5654 0.7909 0.8400 0.7308 0.8050 0.8151 0.7886 0.7441 0.6414 0.6866 0.8138 0.7591 0.7793 0.7561 0.6407 0.8139 0.8140 0.6799 0.7452 0.7314 0.5932 0.7820 0.7225 0.6667 0.7603 0.7452 0.8409 0.7075 0.6805 0.7159 0.7508 0.7681 0.5917 0.7475 0.7324 0.8160 0.8391 0.7810 0.8287 0.6734 0.8333 0.7943 0.5504 0.8231 0.6616 0.6385 0.8262 0.7739 0.7404 0.7510 0.7780 0.7414 0.7327 0.7974 0.7967 0.7193 0.7849 0.7590 0.6761 0.6076 0.7724 0.5467 0.7328 0.8382 0.8403 0.7642 0.7466 0.7109 0.8794 0.8878 0.8234 0.7801 0.7792 0.8332 0.8401 0.7848 0.8062 0.7413 0.5731 0.8168 0.7663 0.6771 0.8296 0.7618 0.7958 0.6982 0.7950 0.7463 0.8750 0.7379 0.8287 0.6448 0.8225 0.8970 0.7620 0.7992 0.7801 0.8593 0.8626 0.8095 0.8366 0.7869 0.6511 0.7768 0.7804 0.8241 0.5900 0.8097 0.8414 0.8275 0.7616 0.8266 0.8635 0.6684 0.8113 0.7810 0.6557 0.7974 0.7418 0.8067 0.7549 0.8090 0.7781 0.8355 0.7130 0.6965 0.8239 0.8086 0.7053 0.7580 0.8274 0.7731 0.7626 0.7399 0.7528 0.8387 0.6044 0.5550 0.6179 0.6534 0.8044 0.8186 0.6914 0.6181 0.8639 0.7342 0.8543 0.7363 0.7162 0.7201 0.8185 0.8061 0.7861 0.6943 0.8020 0.7182 0.8036 0.6212 0.7320 0.6516 0.6963 0.6816 0.6338 0.7385 0.8292 0.7309 0.8467 0.7344 0.6413 0.7232 0.7915 0.7873 0.8475 0.8615 0.5839 0.8307 0.7629 0.8445 0.7224 0.7176 0.7275 0.7768 0.6474 0.8222 0.6324 0.6552 0.7932 0.8066 0.6371 0.8077 0.7350 0.5867 0.5776 0.6944 0.7903 0.6834 0.7913 0.6855 0.6111 0.7458 0.7423 0.6623 0.7064 0.7011 0.7888 0.7374 0.7849 0.6679 0.8190 0.7828 0.6336 0.8079 0.8092 0.8172 0.6326 0.6997 0.8319 0.7752 0.5699 0.7264 0.6608 0.6683 0.6991 0.8247 0.6742 0.7859 0.7419 0.7934 0.7664 0.8248 0.6798 0.8102 0.8313 0.7981 0.6857 0.8272 0.8060 0.8036 0.7433 0.8336 0.6817 0.6336 0.7107 0.8440 0.7798 0.6247 0.8159 0.8402 0.8080 0.7017 0.7081 0.7909 0.7862 0.5656 0.8364 0.8207 0.6908 0.8016 0.7763 0.7827 0.8506 0.6827 0.7842 0.6272 0.6965 0.8226 0.6872 0.7751 0.5834 0.6779 0.6677 0.7149 0.7273 0.7398 0.9000 0.8008 0.6873 0.8336 0.7576 0.5770 0.8235 0.7485 0.7816 0.8015 0.7942 0.7274 0.7973 0.6368 0.7945 0.8313 0.6810 0.7489 0.7835 0.7056 0.7964 0.7146 0.7641 0.6822 0.8513 0.6152 0.7270 0.8257 0.6025 0.6500 0.6916 0.7966 0.8145 0.8920 0.7149 0.6781 0.7526 0.6991 0.6357 0.7554 0.6788 0.7256 0.5917 0.8051 0.6182 0.7528 0.7985 0.7495 0.8208 0.7148 0.6738 0.8295 0.7959 0.7758 0.8308 0.7233 0.6764 0.6653 0.5944 0.8395 0.6503 0.7381 0.7485 0.6135 0.7465 0.8247 0.7763 0.7190 0.6475 0.6625 0.6226 0.7888 0.6809 0.6864 0.6305 0.6012 0.5723 0.6767 0.7140 0.7842 0.8620 0.6413 0.7158 0.7022 0.6747 0.7803 0.7090 0.7145 0.8229 0.8357 0.6452 0.6080 0.6964 0.8355 0.8204 0.8353 0.8499 0.6013 0.7264 0.6042 0.8537 0.7989 0.7674 0.7345 0.8002 0.7507 0.7254 0.5685 0.7815 0.8661 0.8431 0.6487 0.8599 0.7709 0.8533 0.8209 0.8484 0.8004 0.7598 0.6434 0.5816 0.6771 0.7682 0.7382 0.8014 0.6987 0.8299 0.8231 0.7023 0.7371 0.7451 0.7282 0.5443 0.6973 0.6773 0.7359 0.6419 0.7417 0.6491 0.8093 0.7221 0.7559 0.6258 0.8191 0.5950 0.7960 0.5930 0.7480 0.7134 0.6907 0.6909 0.8524 0.8017 0.7506 0.8503 0.6291 0.7396 0.7953 0.6451 0.7193 0.8016 0.8044 0.8250 0.5563 0.7042 0.6715 0.8316 0.7791 0.8209 0.8081 0.7982 0.6379 0.7487 0.7494 0.8060 0.6318 0.6264 0.7089 0.6305 0.6531 0.8230 0.6766 0.7244 0.7820 0.7987 0.8165 0.7549 0.8222 0.6866 0.7987 0.8274 0.8432 0.6778 0.8499 0.7800 0.7555 0.8588 0.6198 0.7272 0.7171 0.7766 0.8330 0.8340 0.8224 0.6114 0.8569 0.7285 0.6366 0.6345 0.7573 0.8292 0.7463 0.7616 0.7969 0.8680 0.6850 0.7536 0.8309 0.7951 0.6304 0.8552 0.6824 0.7019 0.7820 0.6491 0.6506 0.6336 0.8174 0.6710 0.7995 0.6416 0.6569 0.6886 0.5887 0.6499 0.8237 0.6022 0.7545 0.7043 0.8413 0.8443 0.7469 0.7545 0.8254 0.7536 0.8528 0.8535 0.6496 0.6352 0.7709 0.7480 0.7536 0.6330 0.5691 0.8306 0.8685 0.8363 0.6316 0.7913 0.7451 0.8971 0.8167 0.8322 0.7645 0.6751 0.7259 0.6021 0.7875 0.8063 0.6681 0.7633 0.7181 0.8464 0.6654 0.5633 0.8457 0.7777 0.8225 0.8325 0.8148 0.7464 0.6534 0.6218 0.7286 0.6772 0.8193 0.6345 0.6260 0.6330 0.7891 0.5654 0.8518 0.7577 0.6733 0.8275 0.7999 0.8297 0.5955 0.7919 0.7066 0.5906 0.8130 0.8440 0.6414 0.7621 0.6598 0.8530 0.6352 0.8315 0.8376 0.7289
</DataArray>
<DataArray type="Int32" Name="in_raft" format="ascii">
0 0 0 0 0 0 0 0 0 0 0 0 0 0 0 0 0 0 0 0 0 0 0 0 0 0 0 0 0 0 0 0 0 0 0 0 0 0 0 0 0 0 0 0 0 0 0 0 0 0 0 0 0 0 0 0 0 0 0 0 0 0 0 0 0 0 0 0 0 0 0 0 0 0 0 0 0 0 0 0 0 0 0 0 0 0 0 0 0 0 0 0 0 0 0 0 0 0 0 0 0 0 0 0 0 0 0 0 0 0 0 0 0 0 0 0 0 0 0 0 0 0 0 0 0 0 0 0 0 0 0 0 0 0 0 0 0 0 0 0 0 0 0 0 0 0 0 0 0 0 0 0 0 0 0 0 0 0 0 0 0 0 0 0 0 0 0 0 0 0 0 0 0 0 0 0 0 0 0 0 0 0 0 0 0 0 0 0 0 0 0 0 0 0 0 0 0 0 0 0 0 0 0 0 0 0 0 0 0 0 0 0 0 0 0 0 0 0 0 0 0 0 0 0 0 0 0 0 0 0 0 0 0 0 0 0 0 0 0 0 0 0 0 0 0 0 0 0 0 0 0 0 0 0 0 0 0 0 0 0 0 0 0 0 0 0 0 0 0 0 0 0 0 0 0 0 0 0 0 0 0 0 0 0 0 0 0 0 0 0 0 0 0 0 0 0 0 0 0 0 0 0 0 0 0 0 0 0 0 0 0 0 0 0 0 0 0 0 0 0 0 0 0 0 0 0 0 0 0 0 0 0 0 0 0 0 0 0 0 0 0 0 0 0 0 0 0 0 0 0 0 0 0 0 0 0 0 0 0 0 0 0 0 0 0 0 0 0 0 0 0 0 0 0 0 0 0 0 0 0 0 0 0 0 0 0 0 0 0 0 0 0 0 0 0 0 0 0 0 0 0 0 0 0 0 0 0 0 0 0 0 0 0 0 0 0 0 0 0 0 0 0 0 0 0 0 0 0 0 0 0 0 0 0 0 0 0 0 0 0 0 0 0 0 0 0 0 0 0 0 0 0 0 0 0 0 0 0 0 0 0 0 0 0 0 0 0 0 0 0 0 0 0 0 0 0 0 0 0 0 0 0 0 0 0 0 0 0 0 0 0 0 0 0 0 0 0 0 0 0 0 0 0 0 0 0 0 0 0 0 0 0 0 0 0 0 0 0 0 0 0 0 0 0 0 0 0 0 0 0 0 0 0 0 0 0 0 0 0 0 0 0 0 0 0 0 0 0 0 0 0 0 0 0 0 0 0 0 0 0 0 0 0 0 0 0 0 0 0 0 0 0 0 0 0 0 0 0 0 0 0 0 0 0 0 0 0 0 0 0 0 0 0 0 0 0 0 0 0 0 0 0 0 0 0 0 0 0 0 0 0 0 0 0 0 0 0 0 0 0 0 0 0 0 0 0 0 0 0 0 0 0 0 0 0 0 0 0 0 0 0 0 0 0 0 0 0 0 0 0 0 0 0 0 0 0 0 0 0 0 0 0 0 0 0 0 0 0 0 0 0 0 0 0 0 0 0 0 0 0 0 0 0 0 0 0 0 0 0 0 0 0 0 0 0 0 0 0 0 0 0 0 0 0 0 0 0 0 0 0 0 0 0 0 0 0 0 0 0 0 0 0 0 0 0 0 0 0 0 0 0 0 0 0 0 0 0 0 0 0 0 0 0 0 0 0 0 0 0 0 0 0 0 0 0 0 0 0 0 0 0 0 0 0 0 0 0 0 0 0 0 0 0 0 0 0 0 0 0 0 0 0 0 0 0 0 0 0 0 0 0 0 0 0 0 0 0 0 0 0 0 0 0 0 0 0 0 0 0 0 0 0 0 0 0 0 0 0 0 0 0 0 0 0 0 0 0 0 0 0 0 0 0 0 0 0 0 0 0 0 0 0 0 0 0 0 0 0 0 0 0 0 0 0 0 0 0 0 0 0 0 0 0 0 0 0 0 0 0 0 0 0 0 0 0 0 0 0 0 0 0 0 0 0 0 0 0 0 0 0 0 0 0 0 0 0 0 0 0 0 0 0 0 0 0 0 0 0 0 0 0 0 0 0 0 0 0 0 0 0 0 0 0 0 0 0 0 0 0 0 0 0 0 0 0 0 0 0 0 0 0 0 0 0 0 0 0 0 0 0 0 0 0 0 0 0 0 0 0 0 0 0 0 0 0 0 0 0 0 0 0 0 0 0 0 0 0 0 0 0 0 0 0 0 0 0 0 0 0 0 0 0 0 0 0 0 0 0 0 0 0 0 0 0 0 0 0 0 0 0 0 0 0 0 0 0 0 0 0 0 0 0 0 0 0 0 0 0 0 0 0 0 0 0 0 0 0 0 0 0 0 0 0 0 0 0 0 0 0 0 0 0 0 0 0 0 0 0 0 0 0 0 0 0 0 0 0 0 0 0 0 0 0 0 0 0 0 0 0 0 0 0 0 0 0 0 0 0 0 0 0 0 0 0 0 0 0 0 0 0 0 0 0 0 0 0 0 0 0 0 0 0 0 0 0 0 0 0 0 0 0 0 0 0 0 0 0 0 0 0 0 0 0 0 0 0 0 0 0 0 0 0 0 0 0 0 0 0 0 0 0 0 0 0 0 0 0 0 0 0 0 0 0 0 0 0 0 0 0 0 0 0 0 0 0 0 0 0 0 0 0 0 0 0 0 0 0 0 0 0 0 0 0 0 0 0 0 0 0 0 0 0 0 0 0 0 0 0 0 0 0 0 0 0 0 0 0 0 0 0 0 0 0 0 0 0 0 0 0 0 0 0 0 0 0 0 0 0 0 0 0 0 0 0 0 0 0 0 0 0 0 0 0 0 0 0 0 0 0 0 0 0 0 0 0 0 0 0 0 0 0 0 0 0 0 0 0 0 0 0 0 0 0 0 0 0 0 0 0 0 0 0 0 0 0 0 0 0 0 0 0 0 0 0 0 0 0 0 0 0 0 0 0 0 0 0 0 0 0 0 0 0 0 0 0 0 0 0 0 0 0 0 0 0 0 0 0 0 0 0 0 0 0 0 0 0 0 0 0 0 0 0 0 0 0 0 0 0 0 0 0 0 0 0 0 0 0 0 0 0 0 0 0 0 0 0 0 0 0 0 0 0 0 0 0 0 0 0 0 0 0 0 0 0 0 0 0 0 0 0 0 0 0 0 0 0 0 0 0 0 0 0 0 0 0 0 0 0 0 0 0 0 0 0 0 0 0 0 0 0 0 0 0 0 0 0 0 0 0 0 0 0 0 0 0 0 0 0 0 0 0 0 0 0 0 0 0 0 0 0 0 0 0 0 0 0 0 0 0 0 0 0 0 0 0 0 0 0 0 0 0 0 0 0 0 0 0 0 0 0 0 0 0 0 0 0 0 0 0 0 0 0 0 0 0 0 0 0 0 0 0 0 0 0 0 0 0 0 0 0 0 0 0 0 0 0 0 0 0 0 0 0 0 0 0 0 0 0 0 0 0 0 0 0 0 0 0 0 0 0 0 0 0 0 0 0 0 0 0 0 0 0 0 0 0 0 0 0 0 0 0 0 0 0 0 0 0 0 0 0 0 0 0 0 0 0 0 0 0 0 0 0 0 0 0 0 0 0 0 0 0 0 0 0 0 0 0 0 0 0 0 0 0 0 0 0 0 0 0 0 0 0 0 0 0 0 0 0 0 0 0 0 0 0 0 0 0 0 0 0 0 0 0 0 0 0 0 0 0 0 0 0 0 0 0 0 0 0 0 0 0 0 0 0 0 0 0 0 0 0 0 0 0 0 0 0 0 0 0 0 0 0 0 0 0 0 0 0 0 0 0 0 0 0 0 0 0 0 0 0 0 0 0 0 0 0 0 0 0 0 0 0 0 0 0 0 0 0 0 0 0 0 0 0 0 0 0 0 0 0 0 0 0 0 0 0 0 0 0 0 0 0 0 0 0 0 0 0 0 0 0 0 0 0 0 0 0 0 0 0 0 0 0 0 0 0 0 0 0 0 0 0 0 0 0 0 0 0 0 0 0 0 0 0 0 0 0 0 0 0 0 0 0 0 0 0 0 0 0 0 0 0 0 0 0 0 0 0 0 0 0 0 0 0 0 0 0 0 0 0 0 0 0 0 0 0 0 0 0 0 0 0 0 0 0 0 0 0 0 0 0 0 0 0 0 0 0 0 0 0 0 0 0 0 0 0 0 0 0 0 0 0 0 0 0 0 0 0 0 0 0 0 0 0 0 0 0 0 0 0 0 0 0 0 0 0 0 0 0 0 0 0 0 0 0 0 0 0 0 0 0 0 0 0 0 0 0 0 0 0 0 0 0 0 0 0 0 0 0 0 0 0 0 0 0 0 0 0 0 0 0 0 0 0 0 0 0 0 0 0 0 0 0 0 0 0 0 0 0 0 0 0 0 0 0 0 0 0 0 0 0 0 0 0 0 0 0 0 0 0 0 0 0 0 0 0 0 0 0 0 0 0 0 0 0 0 0 0 0 0 0 0 0 0 0 0 0 0 0 0 0 0 0 0 0 0 0 0 0 0 0 0 0 0 0 0 0 0 0 0 0 0 0 0 0 0 0 0 0 0 0 0 0 0 0 0 0 0 0 0 0 0 0 0 0 0 0 0 0 0 0 0 0 0 0 0 0 0 0 0 0 0 0 0 0 0 0 0 0 0 0 0 0 0 0 0 0 0 0 0 0 0 0 0 0 0 0 0 0 0 0 0 0 0 0 0 0 0 0 0 0 0 0 0 0 0 0 0 0 0 0 0 0 0 0 0 0 0 0 0 0 0 0 0 0 0 0 0 0 0 0 0 0 0 0 0 0 0 0 0 0 0 0 0 0 0 0 0 0 0 0 0 0 0 0 0 0 0 0 0 0 0 0 0 0 0 0 0 0 0 0 0 0 0 0 0 0 0 0 0 0 0 0 0 0 0 0 0 0 0 0 0 0 0 0 0 0 0 0 0 0 0 0 0 0 0 0 0 0 0 0 0 0 0 0 0 0 0 0 0 0 0 0 0 0 0 0 0 0 0 0 0 0 0 0 0 0 0 0 0 0 0 0 0 0 0 0 0 0 0 0 0 0 0 0 0 0 0 0 0 0 0 0 0 0 0 0 0 0 0 0 0 0 0 0 0 0 0 0 0 0 0 0 0 0 0 0 0 0 0 0 0 0 0 0 0 0 0 0 0 0 0 0 0 0 0 0 0 0 0 0 0 0 0 0 0 0 0 0 0 0 0 0 0 0 0 0 0 0 0 0 0 0 0 0 0 0 0 0 0 0 0 0 0 0 0 0 0 0 0 0 0 0 0 0 0 0 0 0 0 0 0 0 0 0 0 0 0 0 0 0 0 0 0 0 0 0 0 0 0 0 0 0 0 0 0 0 0 0 0 0 0 0 0 0 0 0 0 0 0 0 0 0 0 0 0 0 0 0 0 0 0 0 0 0 0 0 0 0 0 0 0 0 0 0 0 0 0 0 0 0 0 0 0 0 0 0 0 0 0 0 0 0 0 0 0 0 0 0 0 0 0 0 0 0 0 0 0 0 0 0 0 0 0 0 0 0 0 0 0 0 0 0 0 0 0 0 0 0 0 0 0 0 0 0 0 0 0 0 0 0 0 0 0 0 0 0 0 0 0 0 0 0 0 0 0 0 0 0 0 0 0 0 0 0 0 0 0 0 0 0 0 0 0 0 0 0 0 0 0 0 0 0 0 0 0 0 0 0 0 0 0 0 0 0 0 0 0 0 0 0 0 0 0 0 0 0 0 0 0 0 0 0 1 1 1 1 0 1 0 0 0 0 0 0 1 1 1 1 0 1 1 1 1 0 1 0 0 0 1 1 0 1 1 1 0 0 0 1 0 1 0 0 0 1 0 1 0 0 0 0 1 1 0 1 1 0 0 1 1 0 1 0 0 1 0 0 0 0 1 1 1 0 0 1 1 0 1 0 1 1 1 1 1 0 1 0 1 1 0 1 0 1 1 0 0 0 1 0 0 1 0 0 0 1 1 0 1 0 1 0 0 1 1 1 0 0 0 1 0 1 0 1 0 0 0 0 0 1 1 0 1 1 1 0 1 0 1 1 0 1 1 1 0 0 0 0 1 1 1 1 0 0 1 1 1 0 0 1 0 0 1 0 0 0 1 0 0 0 0 0 1 0 1 0 1 1 0 1 0 0 0 1 1 1 1 0 1 1 0 1 0 1 1 1 1 1 1 1 0 1 1 0 1 0 1 0 1 0 0 1 0 0 0 0 1 0 1 0 1 0 1 0 1 1 1 1 1 0 0 0 1 1 1 1 0 1 1 1 0 1 0 0 0 0 0 1 0 0 1 0 1 1 1 0 1 1 0 1 0 1 0 0 0 0 0 1 0 1 1 0 1 1 1 1 1 0 1 1 1 1 0 1 1 0 1 1 1 1 0 0 0 0 1 0 1 0 1 0 1 1 0 0 1 0 0 1 0 0 1 0 0 0 0 1 1 0 1 0 0 1 0 0 1 0 1 1 1 1 1 0 0 0 0 1 0 0 0 1 0 0 1 0 0 0 1 0 1 1 1 0 1 1 1 0 1 1 0 1 0 0 1 0 0 1 1 1 1 0 1 0 1 0 1 0 0 1 0 1 1 1 1 0 0 0 0 0 0 1 1 1 0 0 1 1 1 0 0 1 0 1 0 1 1 0 1 0 0 0 1 0 0 0 0 1 0 1 1 1 1 0 0 0 0 0 1 0 1 1 0 1 0 0 0 0 1 1 1 1 0 0 0 1 0 1 1 1 0 0 0 1 0 1 0 1 1 0 1 1 0 0 1 1 1 0 0 0 1 0 0 1 1 1 0 0 1 0 0 0 1 0 0 0 1 0 0 1 1 0 1 0 1 1 1 1 0 1 1 1 0 1 1 0 1 0 0 1 1 0 0 1 1 0 1 0 0 0 0 0 0 0 1 1 1 1 1 1 0 0 1 1 1 0 0 1 1 0 1 0 0 1 0 1 1 0 1 1 0 1 1 1 0 0 0 0 1 1 1 1 1 1 0 0 1 1 0 1 1 1 0 1 1 0 1 0 1 0 1 1 1 0 0 1 0 0 0 1 1 0 1 0 0 1 1 0 1 1 1 0 1 1 0 0 1 1 0 1 1 1 1 1 0 1 0 0 0 1 1 0 0 0 1 1 1 1 1 1 1 0 0 0 0 0 1 1 1 0 0 0 0 0 1 0 1 1 0 1 0 1 1 1 0 0 0 1 1 0 1 1 1 1 0 1 0 1 1 0 0 1 0 1 0 0 1 0 0 0 0 1 1 0 0 0 1 1 1 0 0 1 1 1 0 1 1 1 0 1 0 1 0 1 1 0 1 1 0 0 1 0 0 1 1 0 1 0 1 1 1 1 0 1 1 1 1 1 0 1 0 0 1 0 1 1 1 1 0 1 0 1 1 1 0 0 1 0 0 0 0 0 0 0 1 1 0 1 0 1 0 1 0 1 0 0 1 1 0 1 1 0 0 1 1 0 0 0 1 1 1 0 1 1 0 1 0 0 1 0 1 0 1 1 1 0 1 0 1 0 0 0 0 0 1 0 0 1 0 1 0 0 1 1 1 0 1 0 1 1 0 1 1 1 1 0 1 1 1 0 1 1 1 0 0 1 0 1 1 0 1 1 0 0 0 0 1 1 1 0 1 1 0 0 0 0 1 1 0 0 0 0 0 1 0 0 1 1 1 0 0 1 0 1 1 1 1 1 0 1 1 1 0 1 0 1 1 0 0 1 1 1 1 1 1 1 0 1 0 1 1 0 1 0 1 0 1 1 1 1 1 0 1 0 1 0 1 1 1 1 1 1 1 0 1 0 1 1 0 0 1 0 1 1 1 1 1 0 1 1 1 1 1 1 0 0 1 0 0 0 1 0 0 0 1 1 0 1 0 0 1 1 1 1 0 1 1 0 0 1 0 0 1 0 1 1 1 0 0 0 1 1 1 1 1 1 1 1 0 1 0 0 1 0 1 0 0 0 1 1 1 0 1 0 0 1 1 1 1 0 1 1 0 0 1 1 1 1 1 1 1 1 0 0 0 1 1 1 0 1 0 1 1 1 0 0 1 1 0 1 0 1 1 0 1 1 1 0 0 0 1 0 0 1 1 1 1 0 1 0 0 0 0 0 1 0 0 1 1 1 1 0 1 1 1 0 1 0 0 0 0 1 0 1 1 1 0 1 1 0 0 1 1 0 0 0 0 1 1 0 1 0 1 1 1 0 1 0 0 1 1 0 1 0 0 1 1 1 1 0 0 0 1 1 0 1 1 1 0 1 0 1 1 0 1 1 1 1 1 1 1 0 0 1 1 0 1 1 0 1 0 0 1 0 0 0 0 0 0 1 0 0 1 1 0 0 0 1 0 1 0 0 1 1 1 1 1 0 0 1 1 1 0 0 1 1 1 0 0 1 0 1 0 0 0 0 0 0 0 0 1 1 0 0 1 1 0 1 0 1 1 1 0 0 0 0 0 1 1 1 0 1 0 0 1 1 0 0 1 0 0 0 0 0 1 1 0 0 1 1 0 1 1 0 1 0 1 1 1 1 1 1 0 0 1 0 1 0 0 0 1 1 0 0 0 1 1 0 1 0 0 1 0 1 0 0 0 0 0 1 1 1 0 0 1 1 1 0 1 1 1 1 0 0 0 0 1 1 1 0 0 0 0 0 0 0 0 1 0 0 0 1 0 1 1 0 1 0 0 1 0 0 1 1 1 0 1 1 0 1 1 1 0 0 0 1 1 1 1 1 1 0 0 0 1 0 1 0 1 0 0 1 1 0 0 0 1 0 0 1 0 1 0 1 1 1 0 1 1 1 0 0 1 1 1 1 0 1 0 0 0 1 0 1 0 1 0 0 0 1 1 0 0 1 1 1 1 0 0 0 1 1 0 1 1 1 1 0 0 0 1 1 1 1 0 1 0 1 0 0 1 0 0 1 1 0 1 1 1 0 0 1 1 1 0 1 1 0 0 1 0 1 1 0 1 0 0 0 0 1 0 0 1 0 1 1 1 0 0 1 1 1 0 0 1 1 1 0 1 0 0 0 1 0 1 0 0 1 0 1 0 1 1 0 1 0 0 0 1 0 0 1 1 1 0 0 1 1 1 1 0 0 1 1 0 0 1 1 0 1 1 1 0 1 1 1 1 0 1 0 0 0 0 0 0 1 1 0 0 1 0 1 1 1 0 1 1 1 1 1 1 1 1 0 0 0 0 1 0 0 0 0 0 0 1 0 1 0 1 1 1 0 1 1 1 1 1 0 1 0 1 1 0 1 1 0 1 0 1 1 0 0 1 1 0 1 1 0 0 0 0 0 1 0 1 0 0 1 0 1 0 0 0 1 1 0 1 0 1 1 0 1 1 0 0 0 1 1 1 1 0 1 1 1 1 1 1 1 1 0 1 0 0 1 0 0 1 1 0 1 1 0 1 1 1 0 0 1 1 0 1 0 0 0 1 1 0 1 1 1 0 0 1 0 0 1 0 0 0 0 0 1 1 0 0 1 1 1 0 0 0 0 1 1 0 1 1 0 1 1 0 1 0 1 0 0 1 0 0 1 1 0 1 1 1 1 1 1 0 0 0 1 0 1 0 1 1 0 0 0 1 1 1 1 1 1 1 1 1 0 0 1 0 1 0 0 1 0 1 0 1 1 1 1 0 0 1 1 0 0 0 1 0 1 1 0 1 1 1 0 1 1 1 0 0 1 0 1 0 1 0 1 1 1 0 0 1 1 0 0 1 1 0 1 1 0 0 1 0 1 0 0 1 0 1 0 1 1 1 1 1 1 0 1 0 1 0 1 1 0 0 0 0 1 0 1 0 1 1 1 1 0 0 0 0 0 1 1 1 1 0 1 1 1 1 0 1 0 0 0 0 0 1 0 0 1 0 1 0 1 0 0 0 1 0 1 1 0 1 1 1 1 0 1 1 1 1 1 1 0 1 1 1 1 0 1 1 1 1 1 0 1 1 0 0 1 1 1 0 1 0 0 1 1 1 0 0 0 0 1 1 1 0 1 0 1 0 1 0 1 0 1 0 0 0 0 0 1 1 1 0 0 0 0 1 0 0 1 0 1 0 0 1 0 1 1 0 0 0 1 0 1 1 1 1 1 0 0 0 1 1 1 0 0 0 1 0 0 0 1 0 0 1 0 1 0 0 0 1 1 1 1 1 1 1 0 1 0 1 1 0 0 0 1 1 1 1 0 1 1 1 1 1 0 0 1 1 0 0 1 0 1 1 1 1 1 1 0 1 1 1 0 0 1 0 0 0 1 1 0 1 1 0 0 0 0 0 1 1 0 1 1 1 0 0 0 1 0 0 1 1 0 1 1 1 0 1 1 1 1 1 1 1 0 0 1 0 0 0 1 1 1 0 1 1 0 1 0 1 0 1 0 1 1 0 0 0 0 0 0 1 0 0 0 1 0 0 1 0 0 0 1 1 0 0 0 0 0 1 0 1 0 0 0 1 0 1 1 1 1 0 1 1 1 1 1 1 0 1 0 1 1 1 1 1 1 1 1 1 0 0 0 1 1 1 0 1 1 1 0 1 1 0 1 1 1 1 1 0 0 1 0 1 1 0 1 1 0 1 0 1 1 1 0 0 1 1 0 1 0 1 1 1 0 1 1 1 0 1 0 0 0 1 0 1 1 0 1 0 1 1 1 0 1 0 1 1 1 1 1 1 1 1 1 1 0 0 1 0 0 1 1 0 1 0 1 0 0 0 1 1 0 0 1 0 1 1 0 0 0 0 1 0 0 1 1 0 1 1 1 0 1 1 0 0 0 0 1 0 1 1 1 1 0 0 1 0 0 0 1 1 1 1 1 1 0 1 1 1 1 0 0 0 0 1 1 0 0 0 1 0 1 1 1 1 0 1 0 1 1 1 0 1 1 1 0 1 0 1 1 1 1 1 0 1 0 0 1 0 1 0 0 0 1 0 0 1 0 1 0 1 0 0 1 1 0 1 0 0 1 0 0 1 1 1 0 0 1 1 0 1 1 1 1 1 0 1 0 1 1 1 1 0 1 0 0 0 1 1 1 0 1 1 1 0 0 1 1 1 0 0 1 0 1 0 0 1 1 1 1 0 0 0 0 0 1 1 0 1 1 0 0 1 1 0 0 0 1 1 1 0 1 0 0 0 1 0 1 1 1 1 0 0 1 1 1 1 0 1 0 0 1 1 0 1 0 0 1 1 1 1 0 0 1 0 0 1 0 1 1 1 0 1 0 1 0 1 0 0 0 1 1 1 0 1 1 0 1 0 1 1 0 0 0 1 1 0 0 0 0 0 0 1 1 0 0 0 0 0 1 1 1 1 1 0 1 0 1 0 0 0 0 1 1 0 1 0 0 0 1 0 0 0 1 0 1 0 1 0 0 1 1 0 0 0 0 1 0 1 1 1 0 0 1 1 0 1 1 0 1 0 1 0 0 0 1 1 0 0 0 0 0 0 0 1 0 1 0 0 0 1 1 0 1 1 1 1 1 1 1 0 1 1 1 0 1 0 1 0 1 0 1 1 0 1 0 0 1 1 1 1 1 0 0 1 1 1 0 1 1 1 1 1 1 0 1 0 0 0 0 1 0 1 1 0 1 1 0 0 0 0 1 0 1 1 0 1 0 0 1 1 0 1 1 0 0 1 0 0 0 1 1 0 1 0 0 1 0 0 1 1 1 1 0 1 1 1 1 1 0 0 1 1 0 0 1 0 0 1 0 1 1 1 0 1 0 0 0 1 1 1 1 0 1 1 0 0 1 0 1 0 0 0 1 1 0 1 1 1 1 0 1 1 1 0 0 1 0 0 0 1 0 0 1 1 1 1 0 0 0 0 1 0 1 1 1 0 0 1 0 0 0 1 1 1 0 1 0 0 0 0 0 0 0 0 0 0 0 0 0 0 0 0 0 0 0 0 0 0 0 0 0 0 0 0 0 0 0 0 0 0 0 0 0 0 0 0 0 0 0 0 0 0 0 0 0 0 0 0 0 0 0 0 0 0 0 0 0 0 0 0 0 0 0 0 0 0 0 0 0 0 0 0 0 0 0 0 0 0 0 0 0 0 0 0 0 0 0 0 0 0 0 0 0 0 0 0 0 0 0 0 0 0 0 0 0 0 0 0 0 0 0 0 0 0 0 0 0 0 0 0 0 0 0 0 0 0 0 0 0 0 0 0 0 0 0 0 0 0 0 0 0 0 0 0 0 0 0 0 0 0 0 0 0 0 0 0 0 0 0 0 0 0 0 0 0 0 0 0 0 0 0 0 0 0 0 0 0 0 0 0 0 0 0 0 0 0 0 0 0 0 0 0 0 0 0 0 0 0 0 0 0 0 0 0 0 0 0 0 0 0 0 0 0 0 0 0 0 0 0 0 0 0 0 0 0 0 0 0 0 0 0 0 0 0 0 0 0 0 0 0 0 0 0 0 0 0 0 0 0 0 0 0 0 0 0 0 0 0 0 0 0 0 0 0 0 0 0 0 0 0 0 0 0 0 0 0 0 0 0 0 0 0 0 0 0 0 0 0 0 0 0 0 0 0 0 0 0 0 0 0 0 0 0 0 0 0 0 0 0 0 0 0 0 0 0 0 0 0 0 0 0 0 0 0 0 0 0 0 0 0 0 0 0 0 0 0 0 0 0 0 0 0 0 0 0 0 0 0 0 0 0 0 0 0 0 0 0 0 0 0 0 0 0 0 0 0 0 0 0 0 0 0 0 0 0 0 0 0 0 0 0 0 0 0 0 0 0 0 0 0 0 0 0 0 0 0 0 0 0 0 0 0 0 0 0 0 0 0 0 0 0 0 0 0 0 0 0 0 0 0 0 0 0 0 0 0 0 0 0 0 0 0 0 0 0 0 0 0 0 0 0 0 0 0 0 0 0 0 0 0 0 0 0 1 1 0 0 0 1 0 1 1 0 1 1 1 0 1 1 0 1 0 0 1 1 0 1 0 0 1 1 1 1 0 0 0 1 0 0 1 0 1 1 0 1 0 1 0 1 0 1 1 1 0 0 1 0 0 0 1 1 1 1 1 1 1 1 0 1 0 0 0 0 1 1 1 0 1 0 1 0 0 1 0 0 0 0 0 0 1 0 1 1 1 0 1 1 0 1 1 1 1 1 0 0 0 1 1 1 1 1 1 1 1 1 0 0 1 1 1 1 1 0 1 1 0 0 0 0 1 0 1 0 1 0 0 0 1 0 0 1 0 1 0 1 0 0 1 1 0 1 0 1 1 1 1 1 1 0 1 1 0 0 0 1 0 1 1 1 1 0 1 0 1 1 0 1 0 1 1 0 1 1 1 0 1 1 0 1 1 0 1 0 0 1 0 1 1 0 0 0 1 1 1 1 0 1 0 1 0 1 0 0 0 1 0 0 0 1 0 0 1 1 1 0 0 1 0 0 0 0 1 0 1 0 1 1 1 0 1 1 0 0 1 1 1 1 0 0 1 0 0 1 0 1 0 0 0 0 1 0 1 0 0 0 0 1 0 0 0 0 1 0 1 0 1 0 1 1 0 1 0 0 0 1 0 1 1 0 1 1 1 1 1 0 1 0 0 1 0 1 1 1 0 0 1 1 0 1 1 1 1 0 0 0 0 1 1 0 0 0 0 0 0 0 0 1 1 0 1 1 1 0 1 1 1 0 0 0 1 0 1 1 0 1 0 0 1 0 0 1 0 1 1 0 1 0 0 0 0 1 0 1 1 0 1 0 0 0 0 0 0 0 0 0 0 0 0 0 0 0 0 0 0 0 0 0 0 0 0 0 0 0 0 0 0 0 0 0 0 0 0 0 0 0 0 0 0 0 0 0 0 0 0 0 0 0 0 0 0 0 0 0 0 0 0 0 0 0 0 0 0 0 0 0 0 0 0 0 0 0 0 0 0 0 0 0 0 0 0 0 0 0 0 0 0 0 0 0 0 0 0 0 0 0 0 0 0 0 0 0 0 0 0 0 0 0 0 0 0 0 0 0 0 0 0 0 0 0 0 0 0 0 0 0 0 0 0 0 0 0 0 0 0 0 0 0 0 0 0 0 0 0 0 0 0 0 0 0 0 0 0 0 0 0 0 0 0 0 0 0 0 0 0 0 0 0 0 0 0 0 0 0 0 0 0 0 0 0 0 0 0 0 0 0 0 0 0 0 0 0 0 0 0 0 0 0 0 0 0 0 0 0 0 0 0 0 0 0 0 0 0 0 0 0 0 0 0 0 0 0 0 0 0 0 0 0 0 0 0 0 0 0 0 0 0 0 0 0 0 0 0 0 0 0 0 0 0 0 0 1 1 0 0 1 1 0 0 0 1 0 1 0 0 0 1 0 0 0 1 1 0 0 0 1 0 1 0 1 1 0 0 0 1 0 0 1 0 0 0 0 0 0 1 0 0 1 0 1 0 0 1 0 0 0 0 0 0 0 0 1 0 0 0 1 0 1 1 1 0 0 1 1 0 1 0 0 0 1 1 0 0 0 0 0 1 1 1 0 1 0 1 1 0 0 0 0 0 0 1 0 1 0 0 0 0 0 0 0 0 0 0 1 0 1 0 1 0 0 0 0 0 1 0 0 1 1 0 0 1 0 0 0 0 1 1 0 0 1 0 1 1 1 0 0 0 0 0 0 1 0 0 0 0 0 0 0 0 0 0 1 0 0 0 0 0 0 1 1 1 0 1 0 0 0 0 0 1 0 0 0 1 0 0 0 0 1 0 1 1 0 1 1 1 0 0 0 0 0 0 0 0 0 0 0 0 1 1 0 0 0 0 0 0 0 1 0 1 1 1 0 0 0 1 0 0 1 1 1 0 0 0 0 0 1 1 0 0 0 0 1 0 0 0 0 0 0 0 0 1 0 1 0 0 1 0 0 0 0 0 1 1 1 1 0 0 0 0 0 1 0 1 0 0 0 0 1 0 0 0 0 0 1 1 1 0 0 0 0 0 0 1 0 0 0 0 0 0 1 0 0 0 0 1 0 1 0 0 0 0 1 0 0 0 0 0 0 0 0 0 0 0 0 0 0 1 0 0 0 1 1 0 1 0 0 1 0 0 0 0 0 0 1 0 0 1 1 1 0 1 1 0 0 0 0 0 0 0 1 1 0 0 0 0 1 0 1 1 1 1 0 0 0 0 0 0 0 0 0 0 0 0 0 0 0 0 0 0 0 0 0 1 0 0 0 1 0 0 1 0 0 0 1 1 1 0 0 0 0 1 0 0 0 1 1 1 0 0 0 0 0 0 1 0 0 0 0 0 1 0 0 0 0 0 1 1 0 0 1 0 1 0 1 0 1 0 1 1 0 1 0 0 1 0 1 1 0 1 0 0 0 1 0 0 1 0 0 0 0 0 0 0 1 0 1 0 0 0 1 1 0 0 0 0 0 0 0 0 0 1 0 0 0 0 0 0 1 0 0 1 0 1 1 0 1 0 0 0 0 0 1 1 1 0 0 1 0 0 0 1 0 1 1 1 0 0 1 0 0 1 0 1 0 0 0 0 0 0 0 0 0 0 0 1 0 1 0 0 0 1 1 0 0 1 1 0 0 0 1 0 0 0 1 0 0 0 0 0 0 1 0 0 1 0 0 1 0 0 1 0 1 0 0 0 1 1 0 0 0 1 0 0 1 0 0 1 0 0 0 0 0 0 0 0 1 0 0 0 1 0 0 0 0 0 0 0 0 0 0 0 0 0 0 0 0 0 0 0 0 0 1 0 0 0 0 0 0 0 0 0 0 0 1 1 0 0 0 0 1 1 1 1 0 1 0 1 1 0 0 0 1 0 0 0 1 0 0 0 1 0 0 1 0 0 1 0 0 1 0 0 1 0 0 0 0 1 0 0 0 0 0 0 1 1 0 0 0 1 0 1 0 0 0 0 0 1 0 1 1 1 1 0 1 0 0 0 0 0 1 1 0 0 0 0 1 1 0 1 0 1 1 0 0 1 0 1 0 0 0 0 0 1 1 0 0 0 0 0 1 0 0 0 1 1 1 0 0 1 1 1 0 0 0 0 0 0 0 1 0 0 0 0 0 0 1 0 1 1 0 0 0 1 1 1 1 0 0 0 1 1 0 0 0 0 0 0 0 0 0 0 0 0 0 1 1 1 0 0 0 0 0 0 0 0 0 1 0 0 1 1 0 0 0 1 0 1 1 1 0 0 0 1 1 0 1 0 0 0 1 0 0 1 1 0 0 0 0 0 0 1 0 0 0 0 0 0 1 0 0 1 0 0 1 1 1 1 0 1 0 0 0 0 0 0 0 0 1 0 0 1 0 0 0 1 1 0 0 0 0 0 1 1 0 0 0 0 0 0 1 0 1 1 0 1 1 1 0 1 0 0 1 1 0 0 0 0 0 0 1 0 0 1 0 0 1 0 0 0 0 0 0 0 0 1 1 0 1 0 1 0 0 0 0 0 0 0 0 0 0 0 0 0 1 0 1 0 1 0 0 0 0 0 1 0 0 0 1 1 0 1 0 0 1 0 1 0 1 1 1 1 0 0 1 0 0 0 1 0 0 1 1 1 0 1 0 0 0 0 0 1 1 1 1 0 0 0 1 0 0 1 0 0 1 0 0 1 1 1 0 0 1 0 1 0 1 1 0 0 0 0 1 1 0 1 0 1 0 0 0 1 1 0 1 1 0 0 0 0 1 0 0 1 1 0 1 0 0 0 0 0 1 0 0 0 0 0 0 1 0 0 1 1 0 1 0 0 1 0 0 1 0 1 0 0 0 1 1 0 1 1 0 0 0 1 0 0 0 1 0 0 1 0 0 0 0 0 0 0 1 1 1 1 0 0 1 0 1 0 0 0 0 1 0 1 0 1 0 0 0 1 1 0 0 0 0 0 0 0 0 1 0 1 0 1 0 1 1 0 0 0 0 0 0 0 0 0 0 0 1 0 0 1 1 0 0 1 1 0 1 0 1 0 0 1 0 0 0 0 0 0 1 0 0 1 0 0 0 1 0 0 0 1 1 0 0 1 1 0 0 1 0 1 1 1 0 0 0 0 0 0 0 1 1 0 0 0 1 0 0 1 0 0 1 0 1 0 1 1 0 0 0 0 1 0 0 1 1 0 0 0 0 0 0 0 0 1 0 0 0 0 0 0 0 0 0 1 1 0 0 1 0 0 0 1 0 0 0 0 0 1 1 1 0 0 0 0 0 0 0 0 0 0 0 1 0 1 0 1 0 0 0 0 0 0 0 0 0 0 0 0 0 0 0 0 0 0 1 0 0 0 1 0 0 0 0 0 0 0 0 1 0 0 0 0 0 1 0 1 0 0 0 1 0 1 0 0 0 0 0 1 0 0 1 0 0 0 0 1 0 1 1 0 0 0 1 0 0 0 0 0 0 0 1 0 1 1 0 0 0 0 0 0 0 1 1 0 0 0 1 0 0 1 0 0 0 0 0 0 0 0 0 1 0 0 0 1 0 0 0 0 0 0 0 1 1 1 0 0 1 1 0 1 0 1 1 0 0 0 0 0 0 0 0 0 1 0 0 1 1 0 0 0 1 0 0 1 1 0 0 0 0 0 0 1 0 1 0 0 0 0 0 0 0 0 0 0 1 0 0 0 0 1 0 1 0 0 1 0 0 0 1 1 0 1 0 0 0 0 0 1 1 0 0 0 0 0 0 1 0 0 1 0 0 0 0 0 0 0 1 0 1 0 0 0 1 1 0 0 0 0 0 0 0 0 0 0 0 0 0 0 0 0 0 0 1 1 0 0 0 0 0 1 0 0 0 0 1 0 0 0 0 0 0 1 0 0 1 1 0 0 0 1 0 0 0 1 1 1 1 0 1 0 0 1 0 0 0 0 0 1 0 1 1 0 1 0 0 0 0 0 0 1 1 1 0 0 0 0 0 0 1 0 0 1 1 0 0 1 0 0 0 1 0 0 0 1 1 0 0 0 0 1 1 1 0 0 0 0 1 1 1 1 0 0 0 1 0 0 0 1 0 1 0 1 1 1 1 0 0 1 0 0 0 1 0 0 0 0 0 0 0 0 0 0 0 0 0 0 0 0 0 0 0 0 0 0 0 0 0 0 0 0 0 0 0 0 0 0 0 0 0 0 0 0 0 0 0 0 0 0 0 0 0 0 0 0 0 0 0 0 0 0 0 0 0 0 0 0 0 0 0 0 0 0 0 0 0 0 0 0 0 0 0 0 0 0 0 0 0 0 0 0 0 0 0 0 0 0 0 0 0 0 0 0 0 0 0 0 0 0 0 0 0 0 0 0 0 0 0 0 0 0 0 0 0 0 0 0 0 0 0 0 0 0 0 0 0 0 0 0 0 0 0 0 0 0 0 0 0 0 0 0 0 0 0 0 0 0 0 0 0 0 0 0 0 0 0 0 0 0 0 0 0 0 0 0 0 0 0 0 0 0 0 0 0 0 0 0 0 0 0 0 0 0 0 0 0 0 0 0 0 0 0 0 0 0 0 0 0 0 0 0 0 0 0 0 0 0 0 0 0 0 0 0 0 0 0 0 0 0 0 0 0 0 0 0 0 0 0 0 0 0 0 0 0 0 0 0 0 0 0 0 0 0 0 0 0 0 0 0 0 0 0 0 0 0 0 0 0 0 0 0 0 0 0 0 0 0 0 0 0 0 0 0 0 0 0 0 0 0 0 0 0 0 0 0 0 0 0 0 0 0 0 0 0 0 0 0 0 0 0 0 0 0 0 0 0 0 0 0 0 0 0 0 0 0 0 0 0 0 0 0 0 0 0 0 0 0 0 0 0 0 0 0 0 0 0 0 0 0 0 0 0 0 0 0 0 0 0 0 0 0 0 0 0 0 0 0 0 0 0 0 0 0 0 0 0 0 0 0 0 0 0 0 0 0 0 0 0 0 0 0 0 0 0 0 0 0 0 0 0 0 0 0 0 0 0 0 0 0 0 0 0 0 0 0 0 0 0 0 0 0 0 0 0 0 0 0 0 0 0 0 0 0 0 0 0 0 0 0 0 0 0 0 0 0 0 0 0 0 0 0 0 0 0 0 0 0 0 0 0 0 0 0 0 0 0 0 0 0 0 0 0 0 0 0 0 0 0 0 0 0 0 0 0 0 0 0 0 0 0 0 0 0 0 0 0 0 0 0 0 0 0 0 0 0 0 0 0 0 0 0 0 0 0 0 0 0 0 0 0 0 0 0 0 0 0 0 0 0 0 0 0 0 0 0 0 0 0 0 0 0 0 0 0 0 0 0 0 0 0 0 0 0 0 0 0 0 0 0 0 0 0 0 0 0 0 0 0 0 0 0 0 0 0 0 0 0 0 0 0 0 0 0 0 0 0 0 0 0 0 0 0 0 0 0 0 0 0 0 0 0 0 0 0 0 0 0 0 0 0 0 0 0 0 0 0 0 0 0 0 0 0 0 0 0 0 0 0 0 0 0 0 0 0 0 0 0 0 0 0 0 0 0 0 0 0 0 0 0 0 0 0 0 0 0 0 0 0 0 0 0 0 0 0 0 0 0 0 0 0 0 0 0 0 0 0 0 0 0 0 0 0 0 0 0 0 0 0 0 0 0 0 0 0 0 0 0 0 0 0 0 0 0 0 0 0 0 0 0 0 0 0 0 0 0 0 0 0 0 0 0 0 0 0 0 0 0 0 0 0 0 0 0 0 0 0 0 0 0 0 0 0 0 0 0 0 0 0 0 0 0 0 0 0 0 0 0 0 0 0 0 0 0 0 0 0 0 0 0 0 0 0 0 0 0 0 0 0 0 0 0 0 0 0 0 0 0 0 0 0 0 0 0 0 0 0 0 0 0 0 0 0 0 0 0 0 0 0 0 0 0 0 0 0 0 0 0 0 0 0 0 0 0 0 0 0 0 0 0 0 0 0 0 0 0 0 0 0 0 0 0 0 0 0 0 0 0 0 0 0 0 0 0 0 0 0 0 0 0 0 0 0 0 0 0 0 0 0 0 0 0 0 0 0 0 0 0 0 0 0 0 0 0 0 0 0 0 0 0 0 0 0 0 0 0 0 0 0 0 0 0 0 0 0 0 0 0 0 0 0 0 0 0 0 0 0 0 0 0 0 0 0 0 0 0 0 0 0 0 0 0 0 0 0 0 0 0 0 0 0 0 0 0 0 0 0 0 0 0 0 0 0 0 0 0 0 0 0 0 0 0 0 0 0 0 0 0 0 0 0 0 0 0 0 0 0 0 0 0 0 0 0 0 0 0 0 0 0 0 0 0 0 0 0 0 0 0 0 0 0 0 0 0 0 0 0 0 0 0 0 0 0 0 0 0 0 0 0 0 0 0 0 0 0 0 0 0 0 0 0 0 0 0 0 0 0 0 0 0 0 0 0 0 0 0 0 0 0 0 0 0 0 0 0 0 0 0 0 0 0 0 0 0 0 0 0 0 0 0 0 0 0 0 0 0 0 0 0 0 0 0 0 0 0 0 0 0 0 0 0 0 0 0 0 0 0 0 0 0 0 0 0 0 0 0 0 0 0 0 0 0 0 0 0 0 0 0 0 0 0 0 0 0 0 0 0 0 0 0 0 0 0 0 0 0 0 0 0 0 0 0 0 0 0 0 0 0 0 0 0 0 0 0 0 0 0 0 0 0 0 0 0 0 0 0 0 0 0 0 0 0 0 0 0 0 0 0 0 0 0 0 0 0 0 0 0 0 0 0 0 0 0 0 0 0 0 0 0 0 0 0 0 0 0 0 0 0 0 0 0 0 0 0 0 0 0 0 0 0 0 0 0 0 0 0 0 0 0 0 0 0 0 0 0 0 0 0 0 0 0 0 0 0 0 0 0 0 0 0 0 0 0 0 0 0 0 0 0 0 0 0 0 0 0 0 0 0 0 0 0 0 0 0 0 0 0 0 0 0 0 0 0 0 0 0 0 0 0 0 0 0 0 0 0 0 0 0 0 0 0 0 0 0 0 0 0 0 0 0 0 0 0 0 0 0 0 0 0 0 0 0 0 0 0 0 0 0 0 0 0 0 0 0 0 0 0 0 0 0 0 0 0 0 0 0 0 0 0 0 0 0 0 0 0 0 0 0 0 0 0 0 0 0 0 0 0 0 0 0 0 0 0 0 0 0 0 0 0 0 0 0 0 0 0 0 0 0 0 0 0 0 0 0 0 0 0 0 0 0 0 0 0 0 0 0 0 0 0 0 0 0 0 0 0 0 0 0 0 0 0 0 0 0 0 0 0 0 0 0 0 0 0 0 0 0 0 0 0 0 0 0 0 0 0 0 0 0 0 0 0 0 0 0 0 0 0 0 0 0 0 0 0 0 0 0 0 0 0 0 0 0 0 0 0 0 0 0 0 0 0 0 0 0 0 0 0 0 0 0 0 0 0 0 0 0 0 0 0 0 0 0 0 0 0 0 0 0 0 0 0 0 0 0 0 0 0 0 0 0 0 0 0 0 0 0 0 0 0 0 0 0 0 0 0 0 0 0 0 0 0 0 0 0 0 0 0 0 0 0 0 0 0 0 0 0 0 0 0 0 0 0 0 0 0 0 0 0 0 0 0 0 0 0 0 0 0 0 0 0 0 0 0 0 0 0 0 0 0 0 0 0 0 0 0 0 0 0 0 0 0 0 0 0 0 0 0 0 0 0 0 0 0 0 0 0 0 0 0 0 0 0 0 0 0 0 0 0 0 0 0 0 0 0 0 0 0 0 0 0 0 0 0 0 0 0 0 0 0 0 0 0 0 0 0 0 0 0 0 0 0 0 0 0 0 0 0 0 0 0 0 0 0 0 0 0 0 0 0 0 0 0 0 0 0 0 0 0 0 0 0 0 0 0 0 0 0 0 0 0 0 0 0 0 0 0 0 0 0 0 0 0 0 0 0 0 0 0 0 0 0 0 0 0 0 0 0 0 0 0 0 0 0 0 0 0 0 0 0 0 0 0 0 0 0 0 0 0 0 0 0 0 0 0 0 0 0 0 0 0 0 0 0 0 0 0 0 0 0 0 0 0 0 0 0 0 0 0 0 0 0 0 0 0 0 0 0 0 0 0 0 0 0 0 0 0 0 0 0 0 0 0 0 0 0 0 0 0 0 0 0 0 0 0 0 0 0 0 0 0 0 0 0 0 0 0 0 0 0 0 0 0 0 0 0 0 0 0 0 0 0 0 0 0 0 0 0 0 0 0 0 0 0 0 0 0 0 0 0 0 0 0 0 0 0 0 0 0 0 0 0 0 0 0 0 0 0 0 0 0 0 0 0 0 0 0 0 0 0 0 0 0 0 0 0 0 0 0 0 0 0 0 0 0 0 0 0 0 0 0 0 0 0 0 0 0 0 0 0 0 0 0 0 0 0 0 0 0 0 0 0 0 0 0 0 0 0 0 0 0 0 0 0 0 0 0 0 0 0 0 0 0 0 0 0 0 0 0 0 0 0 0 0 0 0 0 0 0 0 0 0 0 0 0 0 0 0 0 0 0 0 0 0 0 0 0 0 0 0 0 0 0 0 0 0 0 0 0 0 0 0 0 0 0 0 0 0 0 0 0 0 0 0 0 0 0 0 0 0 0 0 0 0 0 0 0 0 0 0 0 0 0 0 0 0 0 0 0 0 0 0 0 0 0 0 0 0 0 0 0 0 0 0 0 0 0 0 0 0 0 0 0 0 0 0 0 0 0 0 0 0 0 0 0 0 0 0 0 0 0 0 0 0 0 0 0 0 0 0 0 0 0 0 0 0 0 0 0 0 0 0 0 0 0 0 0 0 0 0 0 0 0 0 0 0 0 0 0 0 0 0 0 0 0 0 0 0 0 0 0 0 0 0 0 0 0 0 0 0 0 0 0 0 0 0 0 0 0 0 0 0 0 0 0 0 0 0 0 0 0 0 0 0 0 0 0 0 0 0 0 0 0 0 0 0 0 0 0 0 0 0 0 0 0 0 0 0 0 0 0 0 0 0 0 0 0 0 0 0 0 0 0 0 0 0 0 0 0 0 0 0 0 0 0 0 0 0 0 0 0 0 0 0 0 0 0 0 0 0 0 0 0 0 0 0 0 0 0 0 0 0 0 0 0 0 0 0 0 0 0 0 0 0 0 0 0 0 0 0 0 0 0 0 0 0 0 0 0 0 0 0 0 0 0 0 0 0 0 0 0 0 0 0 0 0 0 0 0 0 0 0 0 0 0 0 0 0 0 0 0 0 0 0 0 0 0 0 0 0 0 0 0 0 0 0 0 0 0 0 0 0 0 0 0 0 0 0 0 0 0 0 0 0 0 0 0 0 0 0 0 0 0 0 0 0 0 0 0 0 0 0 0 0 0 0 0 0 0 0 0 0 0 0 0 0 0 0 0 0 0 0 0 0 0 0 0 0 0 0 0 0 0 0 0 0 0 0 0 0 0 0 0 0 0 0 0 0 0 0 0 0 0 0 0 0 0 0 0 0 0 0 0 0 0 0 0 0 0 0 0 0 0 0 0 0 0 0 0 0 0 0 0 0 0 0 0 0 0 0 0 0 0 0 0 0 0 0 0 0 0 0 0 0 0 0 0 0 0 0 0 0 0 0 0 0 0 0 0 0 0 0 0 0 0 0 0 0 0 0 0 0 0 0 0 0 0 0 0 0 0 0 0 0 0 0 0 0 0 0 0 0 0 0 0 0 0 0 0 0 0 0 0 0 0 0 0 0 0 0 0 0 0 0 0 0 0 0 0 0 0 0 0 0 0 0 0 0 0 0 0 0 0 0 0 0 0 0 0 0 0 0 0 0 0 0 0 0 0 0 0 0 0 0 0 0 0 0 0 0 0 0 0 0 0 0 0 0 0 0 0 0 0 0 0 0 0 0 0 0 0 0 0 0 0 0 0 0 0 0 0 0 0 0 0 0 0 0 0 0 0 0 0 0 0 0 0 0 0 0 0 0 0 0 0 0 0 0 0 0 0 0 0 0 0 0 0 0 0 0 0 0 0 0 0 0 0 0 0 0 0 0 0 0 0 0 0 0 0 0 0 0 0 0 0 0 0 0 0 0 0 0 0 0 0 0 0 0 0 0 0 0 0 0 0 0 0 0 0 0 0 0 0 0 0 0 0 0 0 0 0 0 0 0 0 0 0 0 0 0 0 0 0 0 0 0 0 0 0 0 0 0 0 0 0 0 0 0 0 0 0 0 0 0 0 0 0 0 0 0 0 0 0 0 0 0 0 0 0 0 0 0 0 0 0 0 0 0 0 0 0 0 0 0 0 0 0 0 0 0 0 0 0 0 0 0 0 0 0 0 0 0 0 0 0 0 0 0 0 0 0 0 0 0 0 0 0 0 0 0 0 0 0 0 0 0 0 0 0 0 0 0 0 0 0 0 0 0 0 0 0 0 0 0 0 0 0 0 0 0 0 0 0 0 0 0 0 0 0 0 0 0 0 0 0 0 0 0 0 0 0 0 0 0 0 0 0 0 0 0 0 0 0 0 0 0 0 0 0 0 0 0 0 0 0 0 0 0 0 0 0 0 0 0 0 0 0 0 0 0 0 0 0 0 0 0 0 0 0 0 0 0 0 0 0 0 0 0 0 0 0 0 0 0 0 0 0 0 0 0 0 0 0 0 0 0 0 0 0 0 0 0 0 0 0 0 0 0 0 0 0 0 0 0 0 0 0 0 0 0 0 0 0 0 0 0 0 0 0 0 0 0 0 0 0 0 0 0 0 0 0 0 0 0 0 0 0 0 0 0 0 0 0 0 0 0 0 0 0 0 0 0 0 0 0 0 0 0 0 0 0 0 0 0 0 0 0 0 0 0 0 0 0 0 0 0 0 0 0 0 0 0 0 0 0 0 0 0 0 0 0 0 0 0 0 0 0 0 0 0 0 0 0 0 0 0 0 0 0 0 0 0 0 0 0 0 0 0 0 0 0 0 0 0 0 0 0 0 0 0 0 0 0 0 0 0 0 0 0 0 0 0 0 0 0 0 0 0 0 0 0 0 0 0 0 0 0 0 0 0 0 0 0 0 0 0 0 0 0 0 0 0 0 0 0 0 0 0 0 0 0 0 0 0 0 0 0 0 0 0 0 0 0 0 0 0 0 0 0 0 0 0 0 0 0 0 0 0 0 0 0 0 0 0 0 0 0 0 0 0 0 0 0 0 0 0 0 0 0 0 0 0 0 0 0 0 0 0 0 0 0 0 0 0 0 0 0 0 0 0 0 0 0 0 0 0 0 0 0 0 0 0 0 0 0 0 0 0 0 0 0 0 0 0 0 0 0 0 0 0 0 0 0 0 0 0 0 0 0 0 0 0 0 0 0 0 0 0 0 0 0 0 0 0 0 0 0 0 0 0 0 0 0 0 0 0 0 0 0 0 0 0 0 0 0 0 0 0 0 0 0 0 0 0 0 0 0 0 0 0 0 0 0 0 0 0 0 0 0 0 0 0 0 0 0 0 0 0 0 0 0 0 0 0 0 0 0 0 0 0 0 0 0 0 0 0 0 0 0 0 0 0 0 0 0 0 0 0 0 0 0 0 0 0 0 0 0 0 0 0 0 0 0 0 0 0 0 0 0 0 0 0 0 0 0 0 0 0 0 0 0 0 0 0 0 0 0 0 0 0 0 0 0 0 0 0 0 0 0 0 0 0 0 0 0 0 0 0 0 0 0 0 0 0 0 0 0 0 0 0 0 0 0 0 0 0 0 0 0 0 0 0 0 0 0 0 0 0 0 0 0 0 0 0 0 0 0 0 0 0 0 0 0 0 0 0 0 0 0 0 0 0 0 0 0 0 0 0 0 0 0 0 0 0 0 0 0 0 0 0 0 0 0 0 0 0 0 0 0 0 0 0 0 0 0 0 0 0 0 0 0 0 0 0 0 0 0 0 0 0 0 0 0 0 0 0 0 0 0 0 0 0 0 0 0 0 0 0 0 0 0 0 0 0 0 0 0 0 0 0 0 0 0 0 0 0 0 0 0 0 0 0 0 0 0 0 0 0 0 0 0 0 0 0 0 0 0 0 0 0 0 0 0 0 0 0 0 0 0 0 0 0 0 0 0 0 0 0 0 0 0 0 0 0 0 0 0 0 0 0 0 0 0 0 0 0 0 0 0 0 0 0 0 0 0 0 0 0 0 0 0 0 0 0 0 0 0 0 0 0 0 0 0 0 0 0 0 0 0 0 0 0 0 0 0 0 0 0 0 0 0 0 0 0 0 0 0 0 0 0 0 0 0 0 0 0 0 0 0 0 0 0 0 0 0 0 0 0 0 0 0 0 0 0 0 0 0 0 0 0 0 0 0 0 0 0 0 0 0 0 0 0 0 0 0 0 0 0 0 0 0 0 0 0 0 0 0 0 0 0 0 0 0 0 0 0 0 0 0 0 0 0 0 0 0 0 0 0 0 0 0 0 0 0 0 0 0 0 0 0 0 0 0 0 0 0 0 0 0 0 0 0 0 0 0 0 0 0 0 0 0 0 0 0 0 0 0 0 0 0 0 0 0 0 0 0 0 0 0 0 0 0 0 0 0 0 0 0 0 0 0 0 0 0 0 0 0 0 0 0 0 0 0 0 0 0 0 0 0 0 0 0 0 0 0 0 0 0 0 0 0 0 0 0 0 0 0 0 0 0 0 0 0 0 0 0 0 0 0 0 0 0 0 0 0 0 0 0 0 0 0 0 0 0 0 0 0 0 0 0 0 0 0 0 0 0 0 0 0 0 0 0 0 0 0 0 0 0 0 0 0 0 0 0 0 0 0 0 0 0 0 0 0 0 0 0 0 0 0 0 0 0 0 0 0 0 0 0 0 0 0 0 0 0 0 0 0 0 0 0 0 0 0 0 0 0 0 0 0 0 0 0 0 0 0 0 0 0 0 0 0 0 0 0 0 0 0 0 0 0 0 0 0 0 0 0 0 0 0 0 0 0 0 0 0 0 0 0 0 0 0 0 0 0 0 0 0 0 0 0 0 0 0 0 0 0 0 0 0 0 0 0 0 0 0 0 0 0 0 0 0 0 0 0 0 0 0 0 0 0 0 0 0 0 0 0 0 0 0 0 0 0 0 0 0 0 0 0 0 0 0 0 0 0 0 0 0 0 0 0 0 0 0 0 0 0 0 0 0 0 0 0 0 0 0 0 0 0 0 0 0 0 0 0 0 0 0 0 0 0 0 0 0 0 0 0 0 0 0 0 0 0 0 0 0 0 0 0 0 0 0 0 0 0 0 0 0 0 0 0 0 0 0 0 0 0 0 0 0 0 0 0 0 0 0 0 0 0 0 0 0 0 0 0 0 0 0 0 0 0 0 0 0 0 0 0 0 0 0 0 0 0 0 0 0 0 0 0 0 0 0 0 0 0 0 0 0 0 0 0 0 0 0 0 0 0 0 0 0 0 0 0 0 0 0 0 0 0 0 0 0 0 0 0 0 0 0 0 0 0 0 0 0 0 0 0 0 0 0 0 0 0 0 0 0 0 0 0 0 0 0 0 0 0 0 0 0 0 0 0 0 0 0 0 0 0 0 0 0 0 0 0 0 0 0 0 0 0 0 0 0 0 0 0 0 0 0 0 0 0 0 0 0 0 0 0 0 0 0 0 0 0 0 0 0 0 0 0 0 0 0 0 0 0 0 0 0 0 0 0 0 0 0 0 0 0 0 0 0 0 0 0 0 0 0 0 0 0 0 0 0 0 0 0 0 0 0 0 0 0 0 0 0 0 0 0 0 0 0 0 0 0 0 0 0 0 0 0 0 0 0 0 0 0 0 0 0 0 0 0 0 0 0 0 0 0 0 0 0 0 0 0 0 0 0 0 0 0 0 0 0 0 0 0 0 0 0 0 0 0 0 0 0 0 0 0 0 0 0 0 0 0 0 0 0 0 0 0 0 0 0 0 0 0 0 0 0 0 0 0 0 0 0 0 0 0 0 0 0 0 0 0 0 0 0 0 0 0 0 0 0 0 0 0 0 0 0 0 0 0 0 0 0 0 0 0 0 0 0 0 0 0 0 0 0 0 0 0 0 0 0 0 0 0 0 0 0 0 0 0 0 0 0 0 0 0 0 0 0 0 0 0 0 0 0 0 0 0 0 0 0 0 0 0 0 0 0 0 0 0 0 0 0 0 0 0 0 0 0 0 0 0 0 0 0 0 0 0 0 0 0 0 0 0 0 0 0 0 0 0 0 0 0 0 0 0 0 0 0 0 0 0 0 0 0 0 0 0 0 0 0 0 0 0 0 0 0 0 0 0 0 0 0 0 0 0 0 0 0 0 0 0 0 0 0 0 0 0 0 0 0 0 0 0 0 0 0 0 0 0 0 0 0 0 0 0 0 0 0 0 0 0 0 0 0 0 0 0 0 0 0 0 0 0 0 0 0 0 0 0 0 0 0 0 0 0 0 0 0 0 0 0 0 0 0 0 0 0 0 0 0 0 0 0 0 0 0 0 0 0 0 0 0 0 0 0 0 0 0 0 0 0 0 0 0 0 0 0 0 0 0 0 0 0 0 0 0 0 0 0 0 0 0 0 0 0 0
</DataArray>
<DataArray type="Int32" Name="is_pip" format="ascii">
0 0 0 0 0 0 0 0 0 0 0 0 0 0 0 0 0 0 0 0 0 0 0 0 0 0 0 0 0 0 0 0 0 0 0 0 0 0 0 0 0 0 0 0 0 0 0 0 0 0 0 0 0 0 0 0 0 0 0 0 0 0 0 0 0 0 0 0 0 0 0 0 0 0 0 0 0 0 0 0 0 0 0 0 0 0 0 0 0 0 0 0 0 0 0 0 0 0 0 0 0 0 0 0 0 0 0 0 0 0 0 0 0 0 0 0 0 0 0 0 0 0 0 0 0 0 0 0 0 0 0 0 0 0 0 0 0 0 0 0 0 0 0 0 0 0 0 0 0 0 0 0 0 0 0 0 0 0 0 0 0 0 0 0 0 0 0 0 0 0 0 0 0 0 0 0 0 0 0 0 0 0 0 0 0 0 0 0 0 0 0 0 0 0 0 0 0 0 0 0 0 0 0 0 0 0 0 0 0 0 0 0 0 0 0 0 0 0 0 0 0 0 0 0 0 0 0 0 0 0 0 0 0 0 0 0 0 0 0 0 0 0 0 0 0 0 0 0 0 0 0 0 0 0 0 0 0 0 0 0 0 0 0 0 0 0 0 0 0 0 0 0 0 0 0 0 0 0 0 0 0 0 0 0 0 0 0 0 0 0 0 0 0 0 0 0 0 0 0 0 0 0 0 0 0 0 0 0 0 0 0 0 0 0 0 0 0 0 0 0 0 0 0 0 0 0 0 0 0 0 0 0 0 0 0 0 0 0 0 0 0 0 0 0 0 0 0 0 0 0 0 0 0 0 0 0 0 0 0 0 0 0 0 0 0 0 0 0 0 0 0 0 0 0 0 0 0 0 0 0 0 0 0 0 0 0 0 0 0 0 0 0 0 0 0 0 0 0 0 0 0 0 0 0 0 0 0 0 0 0 0 0 0 0 0 0 0 0 0 0 0 0 0 0 0 0 0 0 0 0 0 0 0 0 0 0 0 0 0 0 0 0 0 0 0 0 0 0 0 0 0 0 0 0 0 0 0 0 0 0 0 0 0 0 0 0 0 0 0 0 0 0 0 0 0 0 0 0 0 0 0 0 0 0 0 0 0 0 0 0 0 0 0 0 0 0 0 0 0 0 0 0 0 0 0 0 0 0 0 0 0 0 0 0 0 0 0 0 0 0 0 0 0 0 0 0 0 0 0 0 0 0 0 0 0 0 0 0 0 0 0 0 0 0 0 0 0 0 0 0 0 0 0 0 0 0 0 0 0 0 0 0 0 0 0 0 0 0 0 0 0 0 0 0 0 0 0 0 0 0 0 0 0 0 0 0 0 0 0 0 0 0 0 0 0 0 0 0 0 0 0 0 0 0 0 0 0 0 0 0 0 0 0 0 0 0 0 0 0 0 0 0 0 0 0 0 0 0 0 0 0 0 0 0 0 0 0 0 0 0 0 0 0 0 0 0 0 0 0 0 0 0 0 0 0 0 0 0 0 0 0 0 0 0 0 0 0 0 0 0 0 0 0 0 0 0 0 0 0 0 0 0 0 0 0 0 0 0 0 0 0 0 0 0 0 0 0 0 0 0 0 0 0 0 0 0 0 0 0 0 0 0 0 0 0 0 0 0 0 0 0 0 0 0 0 0 0 0 0 0 0 0 0 0 0 0 0 0 0 0 0 0 0 0 0 0 0 0 0 0 0 0 0 0 0 0 0 0 0 0 0 0 0 0 0 0 0 0 0 0 0 0 0 0 0 0 0 0 0 0 0 0 0 0 0 0 0 0 0 0 0 0 0 0 0 0 0 0 0 0 0 0 0 0 0 0 0 0 0 0 0 0 0 0 0 0 0 0 0 0 0 0 0 0 0 0 0 0 0 0 0 0 0 0 0 0 0 0 0 0 0 0 0 0 0 0 0 0 0 0 0 0 0 0 0 0 0 0 0 0 0 0 0 0 0 0 0 0 0 0 0 0 0 0 0 0 0 0 0 0 0 0 0 0 0 0 0 0 0 0 0 0 0 0 0 0 0 0 0 0 0 0 0 0 0 0 0 0 0 0 0 0 0 0 0 0 0 0 0 0 0 0 0 0 0 0 0 0 0 0 0 0 0 0 0 0 0 0 0 0 0 0 0 0 0 0 0 0 0 0 0 0 0 0 0 0 0 0 0 0 0 0 0 0 0 0 0 0 0 0 0 0 0 0 0 0 0 0 0 0 0 0 0 0 0 0 0 0 0 0 0 0 0 0 0 0 0 0 0 0 0 0 0 0 0 0 0 0 0 0 0 0 0 0 0 0 0 0 0 0 0 0 0 0 0 0 0 0 0 0 0 0 0 0 0 0 0 0 0 0 0 0 0 0 0 0 0 0 0 0 0 0 0 0 0 0 0 0 0 0 0 0 0 0 0 0 0 0 0 0 0 0 0 0 0 0 0 0 0 0 0 0 0 0 0 0 0 0 0 0 0 0 0 0 0 0 0 0 0 0 0 0 0 0 0 0 0 0 0 0 0 0 0 0 0 0 0 0 0 0 0 0 0 0 0 0 0 0 0 0 0 0 0 0 0 0 0 0 0 0 0 0 0 0 0 0 0 0 0 0 0 0 0 0 0 0 0 0 0 0 0 0 0 0 0 0 0 0 0 0 0 0 0 0 0 0 0 0 0 0 0 0 0 0 0 0 0 0 0 0 0 0 0 0 0 0 0 0 0 0 0 0 0 0 0 0 0 0 0 0 0 0 0 0 0 0 0 0 0 0 0 0 0 0 0 0 0 0 0 0 0 0 0 0 0 0 0 0 0 0 0 0 0 0 0 0 0 0 0 0 0 0 0 0 0 0 0 0 0 0 0 0 0 0 0 0 0 0 0 0 0 0 0 0 0 0 0 0 0 0 0 0 0 0 0 0 0 0 0 0 0 0 0 0 0 0 0 0 0 0 0 0 0 0 0 0 0 0 0 0 0 0 0 0 0 0 0 0 0 0 0 0 0 0 0 0 0 0 0 0 0 0 0 0 0 0 0 0 0 0 0 0 0 0 0 0 0 0 0 0 0 0 0 0 0 0 0 0 0 0 0 0 0 0 0 0 0 0 0 0 0 0 0 0 0 0 0 0 0 0 0 0 0 0 0 0 0 0 0 0 0 0 0 0 0 0 0 0 0 0 0 0 0 0 0 0 0 0 0 0 0 0 0 0 0 0 0 0 0 0 0 0 0 0 0 0 0 0 0 0 0 0 0 0 0 0 0 0 0 0 0 0 0 0 0 0 0 0 0 0 0 0 0 0 0 0 0 0 0 0 0 0 0 0 0 0 0 0 0 0 0 0 0 0 0 0 0 0 0 0 0 0 0 0 0 0 0 0 0 0 0 0 0 0 0 0 0 0 0 0 0 0 0 0 0 0 0 0 0 0 0 0 0 0 0 0 0 0 0 0 0 0 0 0 0 0 0 0 0 0 0 0 0 0 0 0 0 0 0 0 0 0 0 0 0 0 0 0 0 0 0 0 0 0 0 0 0 0 0 0 0 0 0 0 0 0 0 0 0 0 0 0 0 0 0 0 0 0 0 0 0 0 0 0 0 0 0 0 0 0 0 0 0 0 0 0 0 0 0 0 0 0 0 0 0 0 0 0 0 0 0 0 0 0 0 0 0 0 0 0 0 0 0 0 0 0 0 0 0 0 0 0 0 0 0 0 0 0 0 0 0 0 0 0 0 0 0 0 0 0 0 0 0 0 0 0 0 0 0 0 0 0 0 0 0 0 0 0 0 0 0 0 0 0 0 0 0 0 0 0 0 0 0 0 0 0 0 0 0 0 0 0 0 0 0 0 0 0 0 0 0 0 0 0 0 0 0 0 0 0 0 0 0 0 0 0 0 0 0 0 0 0 0 0 0 0 0 0 0 0 0 0 0 0 0 0 0 0 0 0 0 0 0 0 0 0 0 0 0 0 0 0 0 0 0 0 0 0 0 0 0 0 0 0 0 0 0 0 0 0 0 0 0 0 0 0 0 0 0 0 0 0 0 0 0 0 0 0 0 0 0 0 0 0 0 0 0 0 0 0 0 0 0 0 0 0 0 0 0 0 0 0 0 0 0 0 0 0 0 0 0 0 0 0 0 0 0 0 0 0 0 0 0 0 0 0 0 0 0 0 0 0 0 0 0 0 0 0 0 0 0 0 0 0 0 0 0 0 0 0 0 0 0 0 0 0 0 0 0 0 0 0 0 0 0 0 0 0 0 0 0 0 0 0 0 0 0 0 0 0 0 0 0 0 0 0 0 0 0 0 0 0 0 0 0 0 0 0 0 0 0 0 0 0 0 0 0 0 0 0 0 0 0 0 0 0 0 0 0 0 0 0 0 0 0 0 0 0 0 0 0 0 0 0 0 0 0 0 0 0 0 0 0 0 0 0 0 0 0 0 0 0 0 0 0 0 0 0 0 0 0 0 0 0 0 0 0 0 0 0 0 0 0 0 0 0 0 0 0 0 0 0 0 0 0 0 0 0 0 0 0 0 0 0 0 0 0 0 0 0 0 0 0 0 0 0 0 0 0 0 0 0 0 0 0 0 0 0 0 0 0 0 0 0 0 0 0 0 0 0 0 0 0 0 0 0 0 0 0 0 0 0 0 0 0 0 0 0 0 0 0 0 0 0 0 0 0 0 0 0 0 0 0 0 0 0 0 0 0 0 0 0 0 0 0 0 0 0 0 0 0 0 0 0 0 0 0 0 0 0 0 0 0 0 0 0 0 0 0 0 0 0 0 0 0 0 0 0 0 0 0 0 0 0 0 0 0 0 0 0 0 0 0 0 0 0 0 0 0 0 0 0 0 0 0 0 0 0 0 0 0 0 0 0 0 0 0 0 0 0 0 0 0 0 0 0 0 0 0 0 0 0 0 0 0 0 0 0 0 0 0 0 0 0 0 0 0 0 0 0 0 0 0 0 0 0 0 0 0 0 0 0 0 0 0 0 0 0 0 0 0 0 0 0 0 0 0 0 0 0 0 0 0 0 0 0 0 0 0 0 0 0 0 0 0 0 0 0 0 0 0 0 0 0 0 0 0 0 0 0 0 0 0 0 0 0 0 0 0 0 0 0 0 0 0 0 0 0 0 0 0 0 0 0 0 0 0 0 0 0 0 0 0 0 0 0 0 0 0 0 0 0 0 0 0 0 0 0 0 0 0 0 0 0 0 0 0 0 0 0 0 0 0 0 0 0 0 0 0 0 0 0 0 0 0 0 0 0 0 0 0 0 0 0 0 0 0 0 0 0 0 0 0 0 0 0 0 0 0 0 0 0 0 0 0 0 0 0 0 0 0 0 0 0 0 0 0 0 0 0 0 0 0 0 0 0 0 0 0 0 0 0 0 0 0 0 0 0 0 0 0 0 0 0 0 0 0 0 0 0 0 0 0 0 0 0 0 0 0 0 0 0 0 0 0 0 0 0 0 0 0 0 0 0 0 0 0 0 0 0 0 0 0 0 0 0 0 0 0 0 0 0 0 0 0 0 0 0 0 0 0 0 0 0 0 0 0 0 0 0 0 0 0 0 0 0 0 0 0 0 0 0 0 0 0 0 0 0 0 0 0 0 0 0 0 0 0 0 0 0 0 0 0 0 0 0 0 0 0 0 0 0 0 0 0 0 0 0 0 0 0 0 0 0 0 0 0 0 0 0 0 0 0 0 0 0 0 0 0 0 0 0 0 0 0 0 0 0 0 0 0 0 0 0 0 0 0 0 0 0 0 0 0 0 0 0 0 0 0 0 0 0 0 0 0 0 0 0 0 0 0 0 0 0 0 0 0 0 0 0 0 0 0 0 0 0 0 0 0 0 0 0 0 0 0 0 0 0 0 0 0 0 0 0 0 0 0 0 0 0 0 0 0 0 0 0 0 0 0 0 0 0 0 0 0 0 0 0 0 0 0 0 0 0 0 0 0 0 0 0 0 0 0 0 0 0 0 0 0 0 0 0 0 0 0 0 0 0 0 0 0 0 0 0 0 0 0 0 0 0 0 0 0 0 0 0 0 0 0 0 0 0 0 0 0 0 0 0 0 0 0 0 0 0 0 0 0 0 0 0 0 0 0 0 0 0 0 0 0 0 0 0 0 0 0 0 0 0 0 0 0 0 0 0 0 0 0 0 0 0 0 0 0 0 0 0 0 0 0 0 0 0 0 0 0 0 0 0 0 0 0 0 0 0 0 0 0 0 0 0 0 0 0 0 0 0 0 0 0 0 0 0 0 0 0 0 0 0 0 0 0 0 0 0 0 0 0 0 0 0 0 0 0 0 0 0 0 0 0 0 0 0 0 0 0 0 0 0 0 0 0 0 0 0 0 0 0 0 0 0 0 0 0 0 0 0 0 0 0 0 0 0 0 0 0 0 0 0 0 0 0 0 0 0 0 0 0 0 0 0 0 0 0 0 0 0 0 0 0 0 0 0 0 0 0 0 0 0 0 0 0 0 0 0 0 0 0 0 0 0 0 0 0 0 0 0 0 0 0 0 0 0 0 0 0 0 0 0 0 0 0 0 0 0 0 0 0 0 0 0 0 0 0 0 0 0 0 0 0 0 0 0 0 0 0 0 0 0 0 0 0 0 0 0 0 0 0 0 0 0 0 0 0 0 0 0 0 0 0 0 0 0 0 0 0 0 0 0 0 0 0 0 0 0 0 0 0 0 0 0 0 0 0 0 0 0 0 0 0 0 0 0 0 0 0 0 0 0 0 0 0 0 0 0 0 0 0 0 0 0 0 0 0 0 0 0 0 0 0 0 0 0 0 0 0 0 0 0 0 0 0 0 0 0 0 0 0 0 0 0 0 0 0 0 0 0 0 0 0 0 0 0 0 0 0 0 0 0 0 0 0 0 0 0 0 0 0 0 0 0 0 0 0 0 0 0 0 0 0 0 0 0 0 0 0 0 0 0 0 0 0 0 0 0 0 0 0 0 0 0 0 0 0 0 0 0 0 0 0 0 0 0 0 0 0 0 0 0 0 0 0 0 0 0 0 0 0 0 0 0 0 0 0 0 0 0 0 0 0 0 0 0 0 0 0 0 0 0 0 0 0 0 0 0 0 0 0 0 0 0 0 0 0 0 0 0 0 0 0 0 0 0 0 0 0 0 0 0 0 0 0 0 0 0 0 0 0 0 0 0 0 0 0 0 0 0 0 0 0 0 0 0 0 0 0 0 0 0 0 0 0 0 0 0 0 0 0 0 0 0 0 0 0 0 0 0 0 0 0 0 0 0 0 0 0 0 0 0 0 0 0 0 0 0 0 0 0 0 0 0 0 0 0 0 0 0 0 0 0 0 0 0 0 0 0 0 0 0 0 0 0 0 0 0 0 0 0 0 0 0 0 0 0 0 0 0 0 0 0 0 0 0 0 0 0 0 0 0 0 0 0 0 0 0 0 0 0 0 0 0 0 0 0 0 0 0 0 0 0 0 0 0 0 0 0 0 0 0 0 0 0 0 0 0 0 0 0 0 0 0 0 0 0 0 0 0 0 0 0 0 0 0 0 0 0 0 0 0 0 0 0 0 0 0 0 0 0 0 0 0 0 0 0 0 0 0 0 0 0 0 0 0 0 0 0 0 0 0 0 0 0 0 0 0 0 0 0 0 0 0 0 0 0 0 0 0 0 0 0 0 0 0 0 0 0 0 0 0 0 0 0 0 0 0 0 0 0 0 0 0 0 0 0 0 0 0 0 0 0 0 0 0 0 0 0 0 0 0 0 0 0 0 0 0 0 0 0 0 0 0 0 0 0 0 0 0 0 0 0 0 0 0 0 0 0 0 0 0 0 0 0 0 0 0 0 0 0 0 0 0 0 0 0 0 0 0 0 0 0 0 0 0 0 0 0 0 0 0 0 0 0 0 0 0 0 0 0 0 0 0 0 0 0 0 0 0 0 0 0 0 0 0 0 0 0 0 0 0 0 0 0 0 0 0 0 0 0 0 0 0 0 0 0 0 0 0 0 0 0 0 0 0 0 0 0 0 0 0 0 0 0 0 0 0 0 0 0 0 0 0 0 0 0 0 0 0 0 0 0 0 0 0 0 0 0 0 0 0 0 0 0 0 0 0 0 0 0 0 0 0 0 0 0 0 0 0 0 0 0 0 0 0 0 0 0 0 0 0 0 0 0 0 0 0 0 0 0 0 0 0 0 0 0 0 0 0 0 0 0 0 0 0 0 0 0 0 0 0 0 0 0 0 0 0 0 0 0 0 0 0 0 0 0 0 0 0 0 0 0 0 0 0 0 0 0 0 0 0 0 0 0 0 0 0 0 0 0 0 0 0 0 0 0 0 0 0 0 0 0 0 0 0 0 0 0 0 0 0 0 0 0 0 0 0 0 0 0 0 0 0 0 0 0 0 0 0 0 0 0 0 0 0 0 0 0 0 0 0 0 0 0 0 0 0 0 0 0 0 0 0 0 0 0 0 0 0 0 0 0 0 0 0 0 0 0 0 0 0 0 0 0 0 0 0 0 0 0 0 0 0 0 0 0 0 0 0 0 0 0 0 0 0 0 0 0 0 0 0 0 0 0 0 0 0 0 0 0 0 0 0 0 0 0 0 0 0 0 0 0 0 0 0 0 0 0 0 0 0 0 0 0 0 0 0 0 0 0 0 0 0 0 0 0 0 0 0 0 0 0 0 0 0 0 0 0 0 0 0 0 0 0 0 0 0 0 0 0 0 0 0 0 0 0 0 0 0 0 0 0 0 0 0 0 0 0 0 0 0 0 0 0 0 0 0 0 0 0 0 0 0 0 0 0 0 0 0 0 0 0 0 0 0 0 0 0 0 0 0 0 0 0 0 0 0 0 0 0 0 0 0 0 0 0 0 0 0 0 0 0 0 0 0 0 0 0 0 0 0 0 0 0 0 0 0 0 0 0 0 0 0 0 0 0 0 0 0 0 0 0 0 0 0 0 0 0 0 0 0 0 0 0 0 0 0 0 0 0 0 0 0 0 0 0 0 0 0 0 0 0 0 0 0 0 0 0 0 0 0 0 0 0 0 0 0 0 0 0 0 0 0 0 0 0 0 0 0 0 0 0 0 0 0 0 0 0 0 0 0 0 0 0 0 0 0 0 0 0 0 0 0 0 0 0 0 0 0 0 0 0 0 0 0 0 0 0 0 0 0 0 0 0 0 0 0 0 0 0 0 0 0 0 0 0 0 0 0 0 0 0 0 0 0 0 0 0 0 0 0 0 0 0 0 0 0 0 0 0 0 0 0 0 0 0 0 0 0 0 0 0 0 0 0 0 0 0 0 0 0 0 0 0 0 0 0 0 0 0 0 0 0 0 0 0 0 0 0 0 0 0 0 0 0 0 0 0 0 0 0 0 0 0 0 0 0 0 0 0 0 0 0 0 0 0 0 0 0 0 0 0 0 0 0 0 0 0 0 0 0 0 0 0 0 0 0 0 0 0 0 0 0 0 0 0 0 0 0 0 0 0 0 0 0 0 0 0 0 0 0 0 0 0 0 0 0 0 0 0 0 0 0 0 0 0 0 0 0 0 0 0 0 0 0 0 0 0 0 0 0 0 0 0 0 0 0 0 0 0 0 0 0 0 0 0 0 0 0 0 0 0 0 0 0 0 0 0 0 0 0 0 0 0 0 0 0 0 0 0 0 0 0 0 0 0 0 0 0 0 0 0 0 0 0 0 0 0 0 0 0 0 0 0 0 0 0 0 0 0 0 0 0 0 0 0 0 0 0 0 0 0 0 0 0 0 0 0 0 0 0 0 0 0 0 0 0 0 0 0 0 0 0 0 0 0 0 0 0 0 0 0 0 0 0 0 0 0 0 0 0 0 0 0 0 0 0 0 0 0 0 0 0 0 0 0 0 0 0 0 0 0 0 0 0 0 0 0 0 0 0 0 0 0 0 0 0 0 0 0 0 0 0 0 0 0 0 0 0 0 0 0 0 0 0 0 0 0 0 0 0 0 0 0 0 0 0 0 0 0 0 0 0 0 0 0 0 0 0 0 0 0 0 0 0 0 0 0 0 0 0 0 0 0 0 0 0 0 0 0 0 0 0 0 0 0 0 0 0 0 0 0 0 0 0 0 0 0 0 0 0 0 0 0 0 0 0 0 0 0 0 0 0 0 0 0 0 0 0 0 0 0 0 0 0 0 0 0 0 0 0 0 0 0 0 0 0 0 0 0 0 0 0 0 0 0 0 0 0 0 0 0 0 0 0 0 0 0 0 0 0 0 0 0 0 0 0 0 0 0 0 0 0 0 0 0 0 0 0 0 0 0 0 0 0 0 0 0 0 0 0 0 0 0 0 0 0 0 0 0 0 0 0 0 0 0 0 0 0 0 0 0 0 0 0 0 0 0 0 0 0 0 0 0 0 0 0 0 0 0 0 0 0 0 0 0 0 0 0 0 0 0 0 0 0 0 0 0 0 0 0 0 0 0 0 0 0 0 0 0 0 0 0 0 0 0 0 0 0 0 0 0 0 0 0 0 0 0 0 0 0 0 0 0 0 0 0 0 0 0 0 0 0 0 0 0 0 0 0 0 0 0 0 0 0 0 0 0 0 0 0 0 0 0 0 0 0 0 0 0 0 0 0 0 0 0 0 0 0 0 0 0 0 0 0 0 0 0 0 0 0 0 0 0 0 0 0 0 0 0 0 0 0 0 0 0 0 0 0 0 0 0 0 0 0 0 0 0 0 0 0 0 0 0 0 0 0 0 0 0 0 0 0 0 0 0 0 0 0 0 0 0 0 0 0 0 0 0 0 0 0 0 0 0 0 0 0 0 0 0 0 0 0 0 0 0 0 0 0 0 0 0 0 0 0 0 0 0 0 0 0 0 0 0 0 0 0 0 0 0 0 0 0 0 0 0 0 0 0 0 0 0 0 0 0 0 0 0 0 0 0 0 0 0 0 0 0 0 0 0 0 0 0 0 0 0 0 0 0 0 0 0 0 0 0 0 0 0 0 0 0 0 0 0 0 0 0 0 0 0 0 0 0 0 0 0 0 0 0 0 0 0 0 0 0 0 0 0 0 0 0 0 0 0 0 0 0 0 0 0 0 0 0 0 0 0 0 0 0 0 0 0 0 0 0 0 0 0 0 0 0 0 0 0 0 0 0 0 0 0 0 0 0 0 0 0 0 0 0 0 0 0 0 0 0 0 0 0 0 0 0 0 0 0 0 0 0 0 0 0 0 0 0 0 0 0 0 0 0 0 0 0 0 0 0 0 0 0 0 0 0 0 0 0 0 0 0 0 0 0 0 0 0 0 0 0 0 0 0 0 0 0 0 0 0 0 0 0 0 0 0 0 0 0 0 0 0 0 0 0 0 0 0 0 0 0 0 0 0 0 0 0 0 0 0 0 0 0 0 0 0 0 0 0 0 0 0 0 0 0 0 0 0 0 0 0 0 0 0 0 0 0 0 0 0 0 0 0 0 0 0 0 0 0 0 0 0 0 0 0 0 0 0 0 0 0 0 0 0 0 0 0 0 0 0 0 0 0 0 0 0 0 0 0 0 0 0 0 0 0 0 0 0 0 0 0 0 0 0 0 0 0 0 0 0 0 0 0 0 0 0 0 0 0 0 0 0 0 0 0 0 0 0 0 0 0 0 0 0 0 0 0 0 0 0 0 0 0 0 0 0 0 0 0 0 0 0 0 0 0 0 0 0 0 0 0 0 0 0 0 0 0 0 0 0 0 0 0 0 0 0 0 0 0 0 0 0 0 0 0 0 0 0 0 0 0 0 0 0 0 0 0 0 0 0 0 0 0 0 0 0 0 0 0 0 0 0 0 0 0 0 0 0 0 0 0 0 0 0 0 0 0 0 0 0 0 0 0 0 0 0 0 0 0 0 0 0 0 0 0 0 0 0 0 0 0 0 0 0 0 0 0 0 0 0 0 0 0 0 0 0 0 0 0 0 0 0 0 0 0 0 0 0 0 0 0 0 0 0 0 0 0 0 0 0 0 0 0 0 0 0 0 0 0 0 0 0 0 0 0 0 0 0 0 0 0 0 0 0 0 0 0 0 0 0 0 0 0 0 0 0 0 0 0 0 0 0 0 0 0 0 0 0 0 0 0 0 0 0 0 0 0 0 0 0 0 0 0 0 0 0 0 0 0 0 0 0 0 0 0 0 0 0 0 0 0 0 0 0 0 0 0 0 0 0 0 0 0 0 0 0 0 0 0 0 0 0 0 0 0 0 0 0 0 0 0 0 0 0 0 0 0 0 0 0 0 0 0 0 0 0 0 0 0 0 0 0 0 0 0 0 0 0 0 0 0 0 0 0 0 0 0 0 0 0 0 0 0 0 0 0 0 0 0 0 0 0 0 0 0 0 0 0 0 0 0 0 0 0 0 0 0 0 0 0 0 0 0 0 0 0 0 0 0 0 0 0 0 0 0 0 0 0 0 0 0 0 0 0 0 0 0 0 0 0 0 0 0 0 0 0 0 0 0 0 0 0 0 0 0 0 0 0 0 0 0 0 0 0 0 0 0 0 0 0 0 0 0 0 0 0 0 0 0 0 0 0 0 0 0 0 0 0 0 0 0 0 0 0 0 0 0 0 0 0 0 0 0 0 0 0 0 0 0 0 0 0 0 0 0 0 0 0 0 0 0 0 0 0 0 0 0 0 0 0 0 0 0 0 0 0 0 0 0 0 0 0 0 0 0 0 0 0 0 0 0 0 0 0 0 0 0 0 0 0 0 0 0 0 0 0 0 0 0 0 0 0 0 0 0 0 0 0 0 0 0 0 0 0 0 0 0 0 0 0 0 0 0 0 0 0 0 0 0 0 0 0 0 0 0 0 0 0 0 0 0 0 0 0 0 0 0 0 0 0 0 0 0 0 0 0 0 0 0 0 0 0 0 0 0 0 0 0 0 0 0 0 0 0 0 0 0 0 0 0 0 0 0 0 0 0 0 0 0 0 0 0 0 0 0 0 0 0 0 0 0 0 0 0 0 0 0 0 0 0 0 0 0 0 0 0 0 0 0 0 0 0 0 0 0 0 0 0 0 0 0 0 0 0 0 0 0 0 0 0 0 0 0 0 0 0 0 0 0 0 0 0 0 0 0 0 0 0 0 0 0 0 0 0 0 0 0 0 0 0 0 0 0 0 0 0 0 0 0 0 0 0 0 0 0 0 0 0 0 0 0 0 0 0 0 0 0 0 0 0 0 0 0 0 0 0 0 0 0 0 0 0 0 0 0 0 0 0 0 0 0 0 0 0 0 0 0 0 0 0 0 0 0 0 0 0 0 0 0 0 0 0 0 0 0 0 0 0 0 0 0 0 0 0 0 0 0 0 0 0 0 0 0 0 0 0 0 0 0 0 0 0 0 0 0 0 0 0 0 0 0 0 0 0 0 0 0 0 0 0 0 0 0 0 0 0 0 0 0 0 0 0 0 0 0 0 0 0 0 0 0 0 0 0 0 0 0 0 0 0 0 0 0 0 0 0 0 0 0 0 0 0 0 0 0 0 0 0 0 0 0 0 0 0 0 0 0 0 0 0 0 0 0 0 0 0 0 0 0 0 0 0 0 0 0 0 0 0 0 0 0 0 0 0 0 0 0 0 0 0 0 0 0 0 0 0 0 0 0 0 0 0 0 0 0 0 0 0 0 0 0 0 0 0 0 0 0 0 0 0 0 0 0 0 0 0 0 0 0 0 0 0 0 0 0 0 0 0 0 0 0 0 0 0 0 0 0 0 0 0 0 0 0 0 0 0 0 0 0 0 0 0 0 0 0 0 0 0 0 0 0 0 0 0 0 0 0 0 0 0 0 0 0 0 0 0 0 0 0 0 0 0 0 0 0 0 0 0 0 0 0 0 0 0 0 0 0 0 0 0 0 0 0 0 0 0 0 0 0 0 0 0 0 0 0 0 0 0 0 0 0 0 0 0 0 0 0 0 0 0 0 0 0 0 0 0 0 0 0 0 0 0 0 0 0 0 0 0 0 0 0 0 0 0 0 0 0 0 0 0 0 0 0 0 0 0 0 0 0 0 0 0 0 0 0 0 0 0 0 0 0 0 0 0 0 0 0 0 0 0 0 0 0 0 0 0 0 0 0 0 0 0 0 0 0 0 0 0 0 0 0 0 0 0 0 0 0 0 0 0 0 0 0 0 0 0 0 0 0 0 0 0 0 0 0 0 0 0 0 0 0 0 0 0 0 0 0 0 0 0 0 0 0 0 0 0 0 0 0 0 0 0 0 0 0 0 0 0 0 0 0 0 0 0 0 0 0 0 0 0 0 0 0 0 0 0 0 0 0 0 0 0 0 0 0 0 0 0 0 0 0 0 0 0 0 0 0 0 0 0 0 0 0 0 0 0 0 0 0 0 0 0 0 0 0 0 0 0 0 0 0 0 0 0 0 0 0 0 0 0 0 0 0 0 0 0 0 0 0 0 0 0 0 0 0 0 0 0 0 0 0 0 0 0 0 0 0 0 0 0 0 0 0 0 0 0 0 0 0 0 0 0 0 0 0 0 0 0 0 0 0 0 0 0 0 0 0 0 0 0 0 0 0 0 0 0 0 0 0 0 0 0 0 0 0 0 0 0 0 0 0 0 0 0 0 0 0 0 0 0 0 0 0 0 0 0 0 0 0 0 0 0 0 0 0 0 0 0 0 0 0 0 0 0 0 0 0 0 0 0 0 0 0 0 0 0 0 0 0 0 0 0 0 0 0 0 0 0 0 0 0 0 0 0 0 0 0 0 0 0 0 0 0 0 0 0 0 0 0 0 0 0 0 0 0 0 0 0 0 0 0 0 0 0 0 0 0 0 0 0 0 0 0 0 0 0 0 0 0 0 0 0 0 0 0 0 0 0 0 0 0 0 0 0 0 0 0 0 0 0 0 0 0 0 0 0 0 0 0 0 0 0 0 0 0 0 0 0 0 0 0 0 0 0 0 0 0 0 0 0 0 0 0 0 0 0 0 0 0 0 0 0 0 0 0 0 0 0 0 0 0 0 0 0 0 0 0 0 0 0 0 0 0 0 0 0 0 0 0 0 0 0 0 0 0 0 0 0 0 0 0 0 0 0 0 0 0 0 0 0 0 0 0 0 0 0 0 0 0 0 0 0 0 0 0 0 0 0 0 0 0 0 0 0 0 0 0 0 0 0 0 0 0 0 0 0 0 0 0 0 0 0 0 0 0 0 0 0 0 0 0 0 0 0 0 0 0 0 0 0 0 0 0 0 0 0 0 0 0 0 0 0 0 0 0 0 0 0 0 0 0 0 0 0 0 0 0 0 0 0 0 0 0 0 0 0 0 0 0 0 0 0 0 0 0 0 0 0 0 0 0 0 0 0 0 0 0 0 0 0 0 0 0 0 0 0 0 0 0 0 0 0 0 0 0 0 0 0 0 0 0 0 0 0 0 0 0 0 0 0 0 0 0 0 0 0 0 0 0 0 0 0 0 0 0 0 0 0 0 0 0 0 0 0 0 0 0 0 0 0 0 0 0 0 0 0 0 0 0 0 0 0 0 0 0 0 0 0 0 0 0 0 0 0 0 0 0 0 0 0 0 0 0 0 0 0 0 0 0 0 0 0 0 0 0 0 0 0 0 0 0 0 0 0 0 0 0 0 0 0 0 0 0 0 0 0 0 0 0 0 0 0 0 0 0 0 0 0 0 0 0 0 0 0 0 0 0 0 0 0 0 0 0 0 0 0 0 0 0 0 0 0 0 0 0 0 0 0 0 0 0 0 0 0 0 0 0 0 0 0 0 0 0 0 0 0 0 0 0 0 0 0 0 0 0 0 0 0 0 0 0 0 0 0 0 0 0 0 0 0 0 0 0 0 0 0 0 0 0 0 0 0 0 0 0 0 0 0 0 0 0 0 0 0 0 0 0 0 0 0 0 0 0 0 0 0 0 0 0 0 0 0 0 0 0 0 0 0 0 0 0 0 0 0 0 0 0 0 0 0 0 0 0 0 0 0 0 0 0 0 0 0 0 0 0 0 0 0 0 0 0 0 0 0 0 0 0 0 0 0 0 0 0 0 0 0 0 0 0 0 0 0 0 0 0 0 0 0 0 0 0 0 0 0 0 0 0 0 0 0 0 0 0 0 0 0 0 0 0 0 0 0 0 0 0 0 0 0 0 0 0 0 0 0 0 0 0 0 0 0 0 0 0 0 0 0 0 0 0 0 0 0 0 0 0 0 0 0 0 0 0 0 0 0 0 0 0 0 0 0 0 0 0 0 0 0 0 0 0 0 0 0 0 0 0 0 0 0 0 0 0 0 0 0 0 0 0 0 0 0 0 0 0 0 0 0 0 0 0 0 0 0 0 0 0 0 0 0 0 0 0 0 0 0 0 0 0 0 0 0 0 0 0 0 0 0 0 0 0 0 0 0 0 0 0 0 0 0 0 0 0 0 0 0 0 0 0 0 0 0 0 0 0 0 0 0 0 0 0 0 0 0 0 0 0 0 0 0 0 0 0 0 0 0 0 0 0 0 0 0 0 0 0 0 0 0 0 0 0 0 0 0 0 0 0 0 0 0 0 0 0 0 0 0 0 0 0 0 0 0 0 0 0 0 0 0 0 0 0 0 0 0 0 0 0 0 0 0 0 0 0 0 0 0 0 0 0 0 0 0 0 0 0 0 0 0 0 0 0 0 0 0 0 0 0 0 0 0 0 0 0 0 0 0 0 0 0 0 0 0 0 0 0 0 0 0 0 0 0 0 0 0 0 0 0 0 0 0 0 0 0 0 0 0 0 0 0 0 0 0 0 0 0 0 0 0 0 0 0 0 0 0 0 0 0 0 0 0 0 0 0 0 0 0 0 0 0 0 0 0 0 0 0 0 0 0 0 0 0 0 0 0 0 0 0 0 0 0 0 0 0 0 0 0 0 0 0 0 0 0 0 0 0 0 0 0 0 0 0 0 0 0 0 0 0 0 0 0 0 0 0 0 0 0 0 0 0 0 0 0 0 0 0 0 0 0 0 0 0 0 0 0 0 0 0 0 0 0 0 0 0 0 0 0 0 0 0 0 0 0 0 0 0 0 0 0 0 0 0 0 0 0 0 0 0 0 0 0 0 0 0 0 0 0 0 0 0 0 0 0 0 0 0 0 0 0 0 0 0 0 0 0 0 0 0 0 0 0 0 0 0 0 0 0 0 0 0 0 0 0 0 0 0 0 0 0 0 0 0 0 0 0 0 0 0 0 0 0 0 0 0 0 0 0 0 0 0 0 0 0 0 0 0 0 0 0 0 0 0 0 0 0 0 0 0 0 0 0 0 0 0 0 0 0 0 0 0 0 0 0 0 0 0 0 0 0 0 0 0 0 0 0 0 0 0 0 0 0 0 0 0 0 0 0 0 0 0 0 0 0 0 0 0 0 0 0 0 0 0 0 0 0 0 0 0 0 0 0 0 0 0 0 0 0 0 0 0 0 0 0 0 0 0 0 0 0 0 0 0 0 0 0 0 0 0 0 0 0 0 0 0 0 0 0 0 0 0 0 0 0 0 0 0 0 0 0 0 0 0 0 0 0 0 0 0 0 0 0 0 0 0 0 0 0 0 0 0 0 0 0 0 0 0 0 0 0 0 0 0 0 0 0 0 0 0 0 0 0 0 0 0 0 0 0 0 0 0 0 0 0 0 0 0 0 0 0 0 0 0 0 0 0 0 0 0 0 0 0 0 0 0 0 0 0 0 0 0 0 0 0 0 0 0 0 0 0 0 0 0 0 0 0 0 0 0 0 0 0 0 0 0 0 0 0 0 0 0 0 0 0 0 0 0 0 0 0 0 0 0 0 0 0 0 0 0 0 0 0 0 0 0 0 0 0 0 0 0 0 0 0 0 0 0 0 0 0 0 0 0 0 0 0 0 0 0 0 0 0 0 0 0 0 0 0 0 0 0 0 0 0 0 0 0 0 0 0 0 0 0 0 0 0 0 0 0 0 0 0 0 0 0 0 0 0 0 0 0 0 0 0 0 0 0 0 0 0 0 0 0 0 0 0 0 0 0 0 0 0 0 0 0 0 0 0 0 0 0 0 0 0 0 0 0 0 0 0 0 0 0 0 0 0 0 0 0 0 0 0 0 0 0 0 0 0 0 0 0 0 0 0 0 0 0 0 0 0 0 0 0 0 0 0 0 0 0 0 0 0 0 0 0 0 0 0 0 0 0 0 0 0 0 0 0 0 0 0 0 0 0 0 0 0 0 0 0 0 0 0 0 0 0 0 0 0 0 0 0 0 0 0 0 0 0 0 0 0 0 0 0 0 0 0 0 0 0 0 0 0 0 0 0 0 0 0 0 0 0 0 0 0 0 0 0 0 0 0 0 0 0 0 0 0 0 0 0 0 0 0 0 0 0 0 0 0 0 0 0 0 0 0 0 0 0 0 0 0 0 0 0 0 0 0 0 0 0 0 0 0 0 0 0 0 0 0 0 0 0 0 0 0 0 0 0 0 0 0 0 0 0 0 0 0 0 0 0 0 0 0 0 0 0 0 0 0 0 0 0 0 0 0 0 0 0 0 0 0 0 0 0 0 0 0 0 0 0 0 0 0 0 0 0 0 0 0 0 0 0 0 0 0 0 0 0 0 0 0 0 0 0 0 0 0 0 0 0 0 0 0 0 0 0 0 0 0 0 0 0 0 0 0 0 0 0 0 0 0 0 0 0 0 0 0 0 0 0 0 0 0 0 0 0 0 0 0 0 0 0 0 0 0 0 0 0 0 0 0 0 0 0 0 0 0 0 0 0 0 0 0 0 0 0 0 0 0 0 0 0 0 0 0 0 0 0 0 0 0 0 0 0 0 0 0 0 0 0 0 0 0 0 0 0 0 0 0 0 0 0 0 0 0 0 0 0 0 0 0 0 0 0 0 0 0 0 0 0 0 0 0 0 0 0 0 0 0 0 0 0 0 0 0 0 0 0 0 0 0 0 0 0 0 0 0 0 0 0 0 0 0 0 0 0 0 0 0 0 0 0 0 0 0 0 0 0 0 0 0 0 0 0 0 0 0 0 0 0 0 0 0 0 0 0 0 0 0 0 0 0 0 0 0 0 0 0 0 0 0 0 0 0 0 0 0 0 0 0 0 0 0 0 0 0 0 0 0 0 0 0 0 0 0 0 0 0 0 0 0 0 0 0 0 0 0 0 0 0 0 0 0 0 0 0 0 0 0 0 0 0 0 0 0 0 0 0 0 0 0 0 0 0 0 0 0 0 0 0 0 0 0 0 0 0 0 0 0 0 0 0 0 0 0 0 0 0 0 0 0 0 0 0 0 0 0 0 0 0 0 0 0 0 0 0 0 0 0 0 0 0 0 0 0 0 0 0 0 0 0 0 0 0 0 0 0 0 0 0 0 0 0 0 0 0 0 0 0 0 0 0 0 0 0 0 0 0 0 0 0 0 0 0 0 0 0 0 0 0 0 0 0 0 0 0 0 0 0 0 0 0 0 0 0 0 0 0 0 0 0 0 0 0 0 0 0 0 0 0 0 0 0 0 0 0 0 0 0 0 0 0 0 0 0 0 0 0 0 0 0 0 0 0 0 0 0 0 0 0 0 0 0 0 0 0 0 0 0 0 0 0 0 0 0 0 0 0 0 0 0 0 0 0 0 0 0 0 0 0 0 0 0 0 0 0 0 0 0 0 0 0 0 0 0 0 0 0 0 0 0 0 0 0 0 0 0 0 0 0 0 0 0 0 0 0 0 0 0 0 0 0 0 0 0 0 0 0 0 0 0 0 0 0 0 0 0 0 0 0 0 0 0 0 0 0 0 0 0 0 0 0 0 0 0 0 0 0 0 0 0 0 0 0 0 0 0 0 0 0 0 0 0 0 0 0 0 0 0 0 0 0 0 0 0 0 0 0 0 0 0 0 0 0 0 0 0 0 0 0 0 0 0 0 0 0 0 0 0 0 0 0 0 0 0 0 0 0 0 0 0 0 0 0 0 0 0 0 0 0 0 0 0 0 0 0 0 0 0 0 0 0 0 0 0 0 0 0 0 0 0 0 0 0 0 0 0 0 0 0 0 0 0 0 0 0 0 0 0 0 0 0 0 0 0 0 0 0 0 0 0 0 0 0 0 0 0 0 0 0 0 0 0 0 0 0 0 0 0 0 0 0 0 0 0 0 0 0 0 0 0 0 0 0 0 0 0 0 0 0 0 0 0 0 0 0 0 0 0 0 0 0 0 0 0 0 0 0 0 0 0 0 0 0 0 0 0 0 0 0 0 0 0 0 0 0 0 0 0 0 0 0 0 0 0 0 0 0 0 0 0 0 0 0 0 0 0 0 0 0 0 0 0 0 0 0 0 0 0 0 0 0 0 0 0 0 0 0 0 0 0 0 0 0 0 0 0 0 0 0 0 0 0 0 0 0 0 0 0 0 0 0 0 0 0 0 0 0 0 0 0 0 0 0 0 0 0 0 0 0 0 0 0 0 0 0 0 0 0 0 0 0 0 0 0 0 0 0 0 0 0 0 0 0 0 0 0 0 0 0 0 0 0 0 0 0 0 0 0 0 0 0 0 0 0 0 0 0 0 0 0 0 0 0 0 0 0 0 0 0 0 0 0 0 0 0 0 0 0 0 0 0 0 0 0 0 0 0 0 0 0 0 0 0 0 0 0 0 0 0 0 0 0 0 0 0 0 0 0 0 0 0 0 0 0 0 0 0 0 0 0 0 0 0 0 0 0 0 0 0 0 0 0 0 0 0 0 0 0 0 0 0 0 0 0 0 0 0 0 0 0 0 0 0 0 0 0 0 0 0 0 0 0 0 0 0 0 0 0 0 0 0 0 0 0 0 0 0 0 0 0 0 0 0 0 0 0 0 0 0 0 0 0 0 0 0 0 0 0 0 0 0 0 0 0 0 0 0 0 0 0 0 0 0 0 0 0 0 0 0 0 0 0 0 0 0 0 0 0 0 0 0 0 0 0 0 0 0 0 0 0 0 0 0 0 0 0 0 0 0 0 0 0 0 0 0 0 0 0 0 0 0 0 0 0 0 0 0 0 0 0 0 0 0 0 0 0 0 0 0 0 0 0 0 0 0 0 0 0 0 0 0 0 0 0 0 0 0 0 0 0 0 0 0 0 0 0 0 0 0 0 0 0 0 0 0 0 0 0 0 0 0 0 0 0 0 0 0 0 0 0 0 0 0 0 0 0 0 0 0 0 0 0 0 0 0 0 0 0 0 0 0 0 0 0 0 0 0 0 0 0 0 0 0 0 0 0 0 0 0 0 0 0 0 0 0 0 0 0 0 0 0 0 0 0 0 0 0 0 0 0 0 0 0 0 0 0 0 0 0 0 0 0 0 0 0 0 0 0 0 0 0 0 0 0 0 0 0 0 0 0 0 0 0 0 0 0 0 0 0 0 0 0 0 0 0 0 0 0 0 0 0 0 0 0 0 0 0 0 0 0 0 0 0 0 0 0 0 0 0 0 0 0 0 0 0 0 0 0 0 0 0 0 0 0 0 0 0 0 0 0 0 0 0 0 0 0 0 0 0 0 0 0 0 0 0 0 0 0 0 0 0 0 0 0 0 0 0 0 0 0 0 0 0 0 0 0 0 0 0 0 0 0 0 0 0 0 0 0 0 0 0 0 0 0 0 0 0 0 0 0 0 0 0 0 0 0 0 0 0 0 0 0 0 0 0 0 0 0 0 0 0 0 0 0 0 0 0 0 0 0 0 0 0 0 0 0 0 0 0 0 0 0 0 0 0 0 0 0 0 0 0 0 0 0 0 0 0 0 0 0 0 0 0 0 0 0 0 0 0 0 0 0 0 0 0 0 0 0 0 0 0 0 0 0 0 0 0 0 0 0 0 0 0 0 0 0 0 0 0 0 0 0 0 0 0 0 0 0 0 0 0 0 0 0 0 0 0 0 0 0 0 0 0 0 0 0 0 0 0 0 0 0 0 0 0 0 0 0 0 0 0 0 0 0 0 0 0 0 0 0 0 0 0 0 0 0 0 0 0 0 0 0 0 0 0 0 0 0 0 0 0 0 0 0 0 0 0 0 0 0 0 0 0 0 0 0 0 0 0 0 0 0 0 0 0 0 0 0 0 0 0 0 0 0 0 0 0 0 0 0 0 0 0 0 0 0 0 0 0 0 0 0 0 0 0 0 0 0 0 0 0 0 0 0 0 0 0 0 0 0 0 0 0 0 0 0 0 0 0 0 0 0 0 0 0 0 0 0 0 0 0 0 0 0 0 0 0 0 0 0 0 0 0 0 0 0 0 0 0 0 0 0 0 0 0 0 0 0 0 0 0 0 0 0 0 0 0 0 0 0 0 0 0 0 0 0 0 0 0 0 0 0 0 0 0 0 0 0 0 0 0 0 0 0 0 0 0 0 0 0 0 0 0 0 0 0 0 0 0 0 0 0 0 0 0 0 0 0 0 0 0 0 0 0 0 0 0 0 0 0 0 0 0 0 0 0 0 0 0 0 0 0 0 0 0 0 0 0 0 0 0 0 0 0 0 0 0 0 0 0 0 0 0 0 0 0 0 0 0 0 0 0 0 0 0 0 0 0 0 0 0 0 0 0 0 0 0 0 0 0 0 0 0 0 0 0 0 0 0 0 0 0 0 0 0 0 0 0 0 0 0 0 0 0 0 0 0 0 0 0 0 0 0 0 0 0 0 0 0 0 0 0 0 0 0 0 0 0 0 0 0 0 0 0 0 0 0 0 0 0 0 0 0 0 0 0 0 0 0 0 0 0 0 0 0 0 0 0 0 0 0 0 0 0 0 0 0 0 0 0 0 0 0 0 0 0 0 0 0 0 0 0 0 0 0 0 0 0 0 0 0 0 0 0 0 0 0 0 0 0 0 0 0 0 0 0 0 0 0 0 0 0 0 0 0 0 0 0 0 0 0 0 0 0 0 0 0 0 0 0 0 0 0 0 0 0 0 0 0 0 0 0 0 0 0 0 0 0 0 0 0 0 0 0 0 0 0 0 0 0 0 0 0 0 0 0 0 0 0 0 0 0 0 0 0 0 0 0 0 0 0 0 0 0 0 0 0 0 0 0 0 0 0 0 0 0 0 0 0 0 0 0 0 0 0 0 0 0 0 0 0 0 0 0 0 0 0 0 0 0 0 0 0 0 0 0 0 0 0 0 0 0 0 0 0 0 0 0 0 0 0 0 0 0 0 0 0 0 0 0 0 0 0 0 0 0 0 0 0 0 0 0 0 0 0 0 0 0 0 0 0 0 0 0 0 0 0 0 0 0 0 0 0 0 0 0 0 0 0 0 0 0 0 0 0 0 0 0 0 0 0 0 0 0 0 0 0 0 0 0 0 0 0 0 0 0 0 0 0 0 0 0 0 0 0 0 0 0 0 0 0 0 0 0 0 0 0 0 0 0 0 0 0 0 0 0 0 0 0 0 0 0 0 0 0 0 0 0 0 0 0 0 0 0 0 0 0 0 0 0 0 0 0 0 0 0 0 0 0 0 0 0 0 0 0 0 0 0 0 0 0 0 0 0 0 0 0 0 0 0 0 0 0 0 0 0 0 0 0 0 0 0 0 0 0 0 0 0 0 0 0 0 0 0 0 0 0 0 0 0 0 0 0 0 0 0 0 0 0 0 0 0 0 0 0 0 0 0 0 0 0 0 0 0 0 0 0 0 0 0 0 0 0 0 0 0 0 0 0 0 0 0 0 0 0 0 0 0 0 0 0 0 0 0 0 0 0 0 0 0 0 0 0 0 0 0 0 0 0 0 0 0 0 0 0 0 0 0 0 0 0 0 0 0 0 0 0 0 0 0 0 0 0 0 0 0 0 0 0 0 0 0 0 0 0 0 0 0 0 0 0 0 0 0 0 0 0 0 0 0 0 0 0 0 0 0 0 0 0 0 0 0 0 0 0 0 0 0 0 0 0 0 0 0 0 0 0 0 0 0 0 0 0 0 0 0 0 0 0 0 0 0 0 0 0 0 0 0 0 0 0 0 0 0 0 0 0 0 0 0 0 0 0 0 0 0 0 0 0 0 0 0 0 0 0 0 0 0 0 0 0 0 0 0 0 0 0 0 0 0 0 0 0 0 0 0 0 0 0 0 0 0 0 0 0 0 0 0 0 0 0 0 0 0 0 0 0 0 0 0 0 0 0 0 0 0 0 0 0 0 0 0 0 0 0 0 0 0 0 0 0 0 0 0 0 0 0 0 0 0 0 0 0 0 0 0 0 0 0 0 0 0 0 0 0 0 0 0 0 0 0 0 0 0 0 0 0 0 0 0 0 0 0 0 0 0 0 0 0 0 0 0 0 0 0 0 0 0 0 0 0 0 0 0 0 0 0 0 0 0 0 0 0 0 0 0 0 0 0 0 0 0 0 0 0 0 0 0 0 0 0 0 0 0 0 0 0 0 0 0 0 0 0 0 0 0 0 0 0 0 0 0 0 0 0 0 0 0 0 0 0 0 0 0 0 0 0 0 0 0 0 0 0 0 0 0 0 0 0 0 0 0 0 0 0 0 0 0 0 0 0 0 0 0 0 0 0 0 0 0 0 0 0 0 0 0 0 0 0 0 0 0 0 0 0 0 0 0 0 0 0 0 0 0 0 0 0 0 0 0 0 0 0 0 0 0 0 0 0 0 0 0 0 0 0 0 0 0 0 0 0 0 0 0 0 0 0 0 0 0 0 0 0 0 0 0 0 0 0 0 0 0 0 0 0 0 0 0 0 0 0 0 0 0 0 0 0 0 0 0 0 0 0 0 0 0 0 0 0 0 0 0 0 0 0 0 0 0 0 0 0 0 0 0 0 0 0 0 0 0 0 0 0 0 0 0 0 0 0 0 0 0 0 0 0 0 0 0 0 0 0 0 0 0 0 0 0 0 0 0 0 0 0 0 0 0 0 0 0 0 0 0 0 0 0 0 0 0 0 0 0 0 0 0 0 0 0 0 0 0 0 0 0 0 0 0 0 0 0 0 0 0 0 0 0 0 0 0 0 0 0 0 0 0 0 0 0 0 0 0 0 0 0 0 0 0 0 0 0 0 0 0 0 0 0 0 0 0 0 0 0 0 0 0 0 0 0 0 0 0 0 0 0 0 0 0 0 0 0 0 0 0 0 0 0 0 0 0 0 0 0 0 0 0 0 0 0 0 0 0 0 0 0 0 0 0 0 0 0 0 0 0 0 0 0 0 0 0 0 0 0 0 0 0 0 0 0 0 0 0 0 0 0 0 0 0 0 0 0 0 0 0 0 0 0 0 0 0 0 0 0 0 0 0 0 0 0 0 0 0 0 0 0 0 0 0 0 0 0 0 0 0 0 0 0 0 0 0 0 0 0 0 0 0 0 0 0 0 0 0 0 0 0 0 0 0 0 0 0 0 0 0 0 0 0 0 0 0 0 0 0 0 0 0 0 0 0 0 0 0 0 0 0 0 0 0 0 0 0 0 0 0 0 0 0 0 0 0 0 0 0 0 0 0 0 0 0 0 0 0 0 0 0 0 0 0 0 0 0 0 0 0 0 0 0 0 0 0 0 0 0 0 0 0 0 0 0 0 0 0 0 0 0 0 0 0 0 0 0 0 0 0 0 0 0 0 0 0 0 0 0 0 0 0 0 0 0 0 0 0 0 0 0 0 0 0 0 0 0 0 0 0 0 0 0 0 0 0 0 0 0 0 0 0 0 0 0 0 0 0 0 0 0 0 0 0 0 0 0 0 0 0 0 0 0 0 0 0 0 0 0 0 0 0 0 0 0 0 0 0 0 0 0 0 0 0 0 0 0 0 0 0 0 0 0 0 0 0 0 0 0 0 0 0 0 0 0 0 0 0 0 0 0 0 0 0 0 0 0 0 0 0 0 0 0 0 0 0 0 0 0 0 0 0 0 0 0 0 0 0 0 0 0 0 0 0 0 0 0 0 0 0 0 0 0 0 0 0 0 0 0 0 0 0 0 0 0 0 0 0 0 0 0 0 0 0 0 0 0 0 0 0 0 0 0 0 0 0 0 0 0 0 0 0 0 0 0 0 0 0 0 0 0 0 0 0 0 0 0 0 0 0 0 0 0 0 0 0 0 0 0 0 0 0 0 0 0 0 0 0 0 0 0 0 0 0 0 0 0 0 0 0 0 0 0 0 0 0 0 0 0 0 0 0 0 0 0 0 0 0 0 0 0 0 0 0 0 0 0 0 0 0 0 0 0 0 0 0 0 0 0 0 0 0 0 0 0 0 0 0 0 0 0 0 0 0 0 0 0 0 0 0 0 0 0 0 0 0 0 0 0 0 0 0 0 0 0 0 0 0 0 0 0 0 0 0 0 0 0 0 0 0 0 0 0 0 0 0 0 0 0 0 0 0 0 0 0 0 0 0 0 0 0 0 0 0 0 0 0 0 0 0 0 0 0 0 0 0 0 0 0 0 0 0 0 0 0 0 0 0 0 0 0 0 0 0 0 0 0 0 0 0 0 0 0 0 0 0 0 0 0 0 0 0 0 0 0 0 0 0 0 0 0 0 0 0 0 0 0 0 0 0 0 0 0 0 0 0 0 0 0 0 0 0 0 0 0 0 0 0 0 0 0 0 0 0 0 0 0 0 0 0 0 0 0 0 0 0 0 0 0 0 0 0 0 0 0 0 0 0 0 0 0 0 0 0 0 0 0 0 0 0 0 0 0 0 0 0 0 0 0 0 0 0 0 0 0 0 0 0 0 0 0 0 0 0 0 0 0 0 0 0 0 0 0 0 0 0 0 0 0 0 0 0 0 0 0 0 0 0 0 0 0 0 0 0 0 0 0 0 0 0 0 0 0 0 0 0 0 0 0 0 0 0 0 0 0 0 0 0 0 0 0 0 0 0 0 0 0 0 0 0 0 0 0 0 0 0 0 0 0 0 0 0 0 0 0 0 0 0 0 0 0 0 0 0 0 0 0 0 0 0 0 0 0 0 0 0 0 0 0 0 0 0 0 0 0 0 0 0 0 0 0 0 0 0 0 0 0 0 0 0 0 0 0 0 0 0 0 0 0 0 0 0 0 0 0 0 0 0 0 0 0 0 0 0 0 0 0 0 0 0 0 0 0 0 0 0 0 0 0 0 0 0 0 0 0 0 0 0 0 0 0 0 0 0 0 0 0 0 0 0 0 0 0 0 0 0 0 0 0 0 0 0 0 0 0 0 0 0 0 0 0 0 0 0 0 0 0 0 0 0 0 0 0 0 0 0 0 0 0 0 0 0 0 0 0 0 0 0 0 0 0 0 0 0 0 0 0 0 0 0 0 0 0 0 0 0 0 0 0 0 0 0 0 0 0 0 0 0 0 0 0 1 1 1 1 1 1 1 1 1 1 1 1 1 1 1 1 1 1 1 1 1 1 1 1 1 1 1 1 1 1 1 1 1 1 1 1 1 1 1 1 1 1 1 1 1 1 1 1 1 1 1 1 1 1 1 1 1 1 1 1 1 1 1 1 1 1 1 1 1 1 1 1 1 1 1 1 1 1 1 1 1 1 1 1 1 1 1 1 1 1 1 1 1 1 1 1 1 1 1 1 1 1 1 1 1 1 1 1 1 1 1 1 1 1 1 1 1 1 1 1 1 1 1 1 1 1 1 1 1 1 1 1 1 1 1 1 1 1 1 1 1 1 1 1 1 1 1 1 1 1 1 1 1 1 1 1 1 1 1 1 1 1 1 1 1 1 1 1 1 1 1 1 1 1 1 1 1 1 1 1 1 1 1 1 1 1 1 1 1 1 1 1 1 1 1 1 1 1 1 1 1 1 1 1 1 1 1 1 1 1 1 1 1 1 1 1 1 1 1 1 1 1 1 1 1 1 1 1 1 1 1 1 1 1 1 1 1 1 1 1 1 1 1 1 1 1 1 1 1 1 1 1 1 1 1 1 1 1 1 1 1 1 1 1 1 1 1 1 1 1 1 1 1 1 1 1 1 1 1 1 1 1 1 1 1 1 1 1 1 1 1 1 1 1 1 1 1 1 1 1 1 1 1 1 1 1 1 1 1 1 1 1 1 1 1 1 1 1 1 1 1 1 1 1 1 1 1 1 1 1 1 1 1 1 1 1 1 1 1 1 1 1 1 1 1 1 1 1 1 1 1 1 1 1 1 1 1 1 1 1 1 1 1 1 1 1 1 1 1 1 1 1 1 1 1 1 1 1 1 1 1 1 1 1 1 1 1 1 1 1 1 1 1 1 1 1 1 1 1 1 1 1 1 1 1 1 1 1 1 1 1 1 1 1 1 1 1 1 1 1 1 1 1 1 1 1 1 1 1 1 1 1 1 1 1 1 1 1 1 1 1 1 1 1 1 1 1 1 1 1 1 1 1 1 1 1 1 1 1 1 1 1 1 1 1 1 1 1 1 1 1 1 1 1 1 1 1 1 1 1 1 1 1 1 1 1 1 1 1 1 1 1 1 1 1 1 1 1 1 1 1 1 1 1 1 1 1 1 1 1 1 1 1 1 1 1 1 1 1 1 1 1 1
</DataArray>
<DataArray type="Int32" Name="pip_head" format="ascii">
0 0 0 0 0 0 0 0 0 0 0 0 0 0 0 0 0 0 0 0 0 0 0 0 0 0 0 0 0 0 0 0 0 0 0 0 0 0 0 0 0 0 0 0 0 0 0 0 0 0 0 0 0 0 0 0 0 0 0 0 0 0 0 0 0 0 0 0 0 0 0 0 0 0 0 0 0 0 0 0 0 0 0 0 0 0 0 0 0 0 0 0 0 0 0 0 0 0 0 0 0 0 0 0 0 0 0 0 0 0 0 0 0 0 0 0 0 0 0 0 0 0 0 0 0 0 0 0 0 0 0 0 0 0 0 0 0 0 0 0 0 0 0 0 0 0 0 0 0 0 0 0 0 0 0 0 0 0 0 0 0 0 0 0 0 0 0 0 0 0 0 0 0 0 0 0 0 0 0 0 0 0 0 0 0 0 0 0 0 0 0 0 0 0 0 0 0 0 0 0 0 0 0 0 0 0 0 0 0 0 0 0 0 0 0 0 0 0 0 0 0 0 0 0 0 0 0 0 0 0 0 0 0 0 0 0 0 0 0 0 0 0 0 0 0 0 0 0 0 0 0 0 0 0 0 0 0 0 0 0 0 0 0 0 0 0 0 0 0 0 0 0 0 0 0 0 0 0 0 0 0 0 0 0 0 0 0 0 0 0 0 0 0 0 0 0 0 0 0 0 0 0 0 0 0 0 0 0 0 0 0 0 0 0 0 0 0 0 0 0 0 0 0 0 0 0 0 0 0 0 0 0 0 0 0 0 0 0 0 0 0 0 0 0 0 0 0 0 0 0 0 0 0 0 0 0 0 0 0 0 0 0 0 0 0 0 0 0 0 0 0 0 0 0 0 0 0 0 0 0 0 0 0 0 0 0 0 0 0 0 0 0 0 0 0 0 0 0 0 0 0 0 0 0 0 0 0 0 0 0 0 0 0 0 0 0 0 0 0 0 0 0 0 0 0 0 0 0 0 0 0 0 0 0 0 0 0 0 0 0 0 0 0 0 0 0 0 0 0 0 0 0 0 0 0 0 0 0 0 0 0 0 0 0 0 0 0 0 0 0 0 0 0 0 0 0 0 0 0 0 0 0 0 0 0 0 0 0 0 0 0 0 0 0 0 0 0 0 0 0 0 0 0 0 0 0 0 0 0 0 0 0 0 0 0 0 0 0 0 0 0 0 0 0 0 0 0 0 0 0 0 0 0 0 0 0 0 0 0 0 0 0 0 0 0 0 0 0 0 0 0 0 0 0 0 0 0 0 0 0 0 0 0 0 0 0 0 0 0 0 0 0 0 0 0 0 0 0 0 0 0 0 0 0 0 0 0 0 0 0 0 0 0 0 0 0 0 0 0 0 0 0 0 0 0 0 0 0 0 0 0 0 0 0 0 0 0 0 0 0 0 0 0 0 0 0 0 0 0 0 0 0 0 0 0 0 0 0 0 0 0 0 0 0 0 0 0 0 0 0 0 0 0 0 0 0 0 0 0 0 0 0 0 0 0 0 0 0 0 0 0 0 0 0 0 0 0 0 0 0 0 0 0 0 0 0 0 0 0 0 0 0 0 0 0 0 0 0 0 0 0 0 0 0 0 0 0 0 0 0 0 0 0 0 0 0 0 0 0 0 0 0 0 0 0 0 0 0 0 0 0 0 0 0 0 0 0 0 0 0 0 0 0 0 0 0 0 0 0 0 0 0 0 0 0 0 0 0 0 0 0 0 0 0 0 0 0 0 0 0 0 0 0 0 0 0 0 0 0 0 0 0 0 0 0 0 0 0 0 0 0 0 0 0 0 0 0 0 0 0 0 0 0 0 0 0 0 0 0 0 0 0 0 0 0 0 0 0 0 0 0 0 0 0 0 0 0 0 0 0 0 0 0 0 0 0 0 0 0 0 0 0 0 0 0 0 0 0 0 0 0 0 0 0 0 0 0 0 0 0 0 0 0 0 0 0 0 0 0 0 0 0 0 0 0 0 0 0 0 0 0 0 0 0 0 0 0 0 0 0 0 0 0 0 0 0 0 0 0 0 0 0 0 0 0 0 0 0 0 0 0 0 0 0 0 0 0 0 0 0 0 0 0 0 0 0 0 0 0 0 0 0 0 0 0 0 0 0 0 0 0 0 0 0 0 0 0 0 0 0 0 0 0 0 0 0 0 0 0 0 0 0 0 0 0 0 0 0 0 0 0 0 0 0 0 0 0 0 0 0 0 0 0 0 0 0 0 0 0 0 0 0 0 0 0 0 0 0 0 0 0 0 0 0 0 0 0 0 0 0 0 0 0 0 0 0 0 0 0 0 0 0 0 0 0 0 0 0 0 0 0 0 0 0 0 0 0 0 0 0 0 0 0 0 0 0 0 0 0 0 0 0 0 0 0 0 0 0 0 0 0 0 0 0 0 0 0 0 0 0 0 0 0 0 0 0 0 0 0 0 0 0 0 0 0 0 0 0 0 0 0 0 0 0 0 0 0 0 0 0 0 0 0 0 0 0 0 0 0 0 0 0 0 0 0 0 0 0 0 0 0 0 0 0 0 0 0 0 0 0 0 0 0 0 0 0 0 0 0 0 0 0 0 0 0 0 0 0 0 0 0 0 0 0 0 0 0 0 0 0 0 0 0 0 0 0 0 0 0 0 0 0 0 0 0 0 0 0 0 0 0 0 0 0 0 0 0 0 0 0 0 0 0 0 0 0 0 0 0 0 0 0 0 0 0 0 0 0 0 0 0 0 0 0 0 0 0 0 0 0 0 0 0 0 0 0 0 0 0 0 0 0 0 0 0 0 0 0 0 0 0 0 0 0 0 0 0 0 0 0 0 0 0 0 0 0 0 0 0 0 0 0 0 0 0 0 0 0 0 0 0 0 0 0 0 0 0 0 0 0 0 0 0 0 0 0 0 0 0 0 0 0 0 0 0 0 0 0 0 0 0 0 0 0 0 0 0 0 0 0 0 0 0 0 0 0 0 0 0 0 0 0 0 0 0 0 0 0 0 0 0 0 0 0 0 0 0 0 0 0 0 0 0 0 0 0 0 0 0 0 0 0 0 0 0 0 0 0 0 0 0 0 0 0 0 0 0 0 0 0 0 0 0 0 0 0 0 0 0 0 0 0 0 0 0 0 0 0 0 0 0 0 0 0 0 0 0 0 0 0 0 0 0 0 0 0 0 0 0 0 0 0 0 0 0 0 0 0 0 0 0 0 0 0 0 0 0 0 0 0 0 0 0 0 0 0 0 0 0 0 0 0 0 0 0 0 0 0 0 0 0 0 0 0 0 0 0 0 0 0 0 0 0 0 0 0 0 0 0 0 0 0 0 0 0 0 0 0 0 0 0 0 0 0 0 0 0 0 0 0 0 0 0 0 0 0 0 0 0 0 0 0 0 0 0 0 0 0 0 0 0 0 0 0 0 0 0 0 0 0 0 0 0 0 0 0 0 0 0 0 0 0 0 0 0 0 0 0 0 0 0 0 0 0 0 0 0 0 0 0 0 0 0 0 0 0 0 0 0 0 0 0 0 0 0 0 0 0 0 0 0 0 0 0 0 0 0 0 0 0 0 0 0 0 0 0 0 0 0 0 0 0 0 0 0 0 0 0 0 0 0 0 0 0 0 0 0 0 0 0 0 0 0 0 0 0 0 0 0 0 0 0 0 0 0 0 0 0 0 0 0 0 0 0 0 0 0 0 0 0 0 0 0 0 0 0 0 0 0 0 0 0 0 0 0 0 0 0 0 0 0 0 0 0 0 0 0 0 0 0 0 0 0 0 0 0 0 0 0 0 0 0 0 0 0 0 0 0 0 0 0 0 0 0 0 0 0 0 0 0 0 0 0 0 0 0 0 0 0 0 0 0 0 0 0 0 0 0 0 0 0 0 0 0 0 0 0 0 0 0 0 0 0 0 0 0 0 0 0 0 0 0 0 0 0 0 0 0 0 0 0 0 0 0 0 0 0 0 0 0 0 0 0 0 0 0 0 0 0 0 0 0 0 0 0 0 0 0 0 0 0 0 0 0 0 0 0 0 0 0 0 0 0 0 0 0 0 0 0 0 0 0 0 0 0 0 0 0 0 0 0 0 0 0 0 0 0 0 0 0 0 0 0 0 0 0 0 0 0 0 0 0 0 0 0 0 0 0 0 0 0 0 0 0 0 0 0 0 0 0 0 0 0 0 0 0 0 0 0 0 0 0 0 0 0 0 0 0 0 0 0 0 0 0 0 0 0 0 0 0 0 0 0 0 0 0 0 0 0 0 0 0 0 0 0 0 0 0 0 0 0 0 0 0 0 0 0 0 0 0 0 0 0 0 0 0 0 0 0 0 0 0 0 0 0 0 0 0 0 0 0 0 0 0 0 0 0 0 0 0 0 0 0 0 0 0 0 0 0 0 0 0 0 0 0 0 0 0 0 0 0 0 0 0 0 0 0 0 0 0 0 0 0 0 0 0 0 0 0 0 0 0 0 0 0 0 0 0 0 0 0 0 0 0 0 0 0 0 0 0 0 0 0 0 0 0 0 0 0 0 0 0 0 0 0 0 0 0 0 0 0 0 0 0 0 0 0 0 0 0 0 0 0 0 0 0 0 0 0 0 0 0 0 0 0 0 0 0 0 0 0 0 0 0 0 0 0 0 0 0 0 0 0 0 0 0 0 0 0 0 0 0 0 0 0 0 0 0 0 0 0 0 0 0 0 0 0 0 0 0 0 0 0 0 0 0 0 0 0 0 0 0 0 0 0 0 0 0 0 0 0 0 0 0 0 0 0 0 0 0 0 0 0 0 0 0 0 0 0 0 0 0 0 0 0 0 0 0 0 0 0 0 0 0 0 0 0 0 0 0 0 0 0 0 0 0 0 0 0 0 0 0 0 0 0 0 0 0 0 0 0 0 0 0 0 0 0 0 0 0 0 0 0 0 0 0 0 0 0 0 0 0 0 0 0 0 0 0 0 0 0 0 0 0 0 0 0 0 0 0 0 0 0 0 0 0 0 0 0 0 0 0 0 0 0 0 0 0 0 0 0 0 0 0 0 0 0 0 0 0 0 0 0 0 0 0 0 0 0 0 0 0 0 0 0 0 0 0 0 0 0 0 0 0 0 0 0 0 0 0 0 0 0 0 0 0 0 0 0 0 0 0 0 0 0 0 0 0 0 0 0 0 0 0 0 0 0 0 0 0 0 0 0 0 0 0 0 0 0 0 0 0 0 0 0 0 0 0 0 0 0 0 0 0 0 0 0 0 0 0 0 0 0 0 0 0 0 0 0 0 0 0 0 0 0 0 0 0 0 0 0 0 0 0 0 0 0 0 0 0 0 0 0 0 0 0 0 0 0 0 0 0 0 0 0 0 0 0 0 0 0 0 0 0 0 0 0 0 0 0 0 0 0 0 0 0 0 0 0 0 0 0 0 0 0 0 0 0 0 0 0 0 0 0 0 0 0 0 0 0 0 0 0 0 0 0 0 0 0 0 0 0 0 0 0 0 0 0 0 0 0 0 0 0 0 0 0 0 0 0 0 0 0 0 0 0 0 0 0 0 0 0 0 0 0 0 0 0 0 0 0 0 0 0 0 0 0 0 0 0 0 0 0 0 0 0 0 0 0 0 0 0 0 0 0 0 0 0 0 0 0 0 0 0 0 0 0 0 0 0 0 0 0 0 0 0 0 0 0 0 0 0 0 0 0 0 0 0 0 0 0 0 0 0 0 0 0 0 0 0 0 0 0 0 0 0 0 0 0 0 0 0 0 0 0 0 0 0 0 0 0 0 0 0 0 0 0 0 0 0 0 0 0 0 0 0 0 0 0 0 0 0 0 0 0 0 0 0 0 0 0 0 0 0 0 0 0 0 0 0 0 0 0 0 0 0 0 0 0 0 0 0 0 0 0 0 0 0 0 0 0 0 0 0 0 0 0 0 0 0 0 0 0 0 0 0 0 0 0 0 0 0 0 0 0 0 0 0 0 0 0 0 0 0 0 0 0 0 0 0 0 0 0 0 0 0 0 0 0 0 0 0 0 0 0 0 0 0 0 0 0 0 0 0 0 0 0 0 0 0 0 0 0 0 0 0 0 0 0 0 0 0 0 0 0 0 0 0 0 0 0 0 0 0 0 0 0 0 0 0 0 0 0 0 0 0 0 0 0 0 0 0 0 0 0 0 0 0 0 0 0 0 0 0 0 0 0 0 0 0 0 0 0 0 0 0 0 0 0 0 0 0 0 0 0 0 0 0 0 0 0 0 0 0 0 0 0 0 0 0 0 0 0 0 0 0 0 0 0 0 0 0 0 0 0 0 0 0 0 0 0 0 0 0 0 0 0 0 0 0 0 0 0 0 0 0 0 0 0 0 0 0 0 0 0 0 0 0 0 0 0 0 0 0 0 0 0 0 0 0 0 0 0 0 0 0 0 0 0 0 0 0 0 0 0 0 0 0 0 0 0 0 0 0 0 0 0 0 0 0 0 0 0 0 0 0 0 0 0 0 0 0 0 0 0 0 0 0 0 0 0 0 0 0 0 0 0 0 0 0 0 0 0 0 0 0 0 0 0 0 0 0 0 0 0 0 0 0 0 0 0 0 0 0 0 0 0 0 0 0 0 0 0 0 0 0 0 0 0 0 0 0 0 0 0 0 0 0 0 0 0 0 0 0 0 0 0 0 0 0 0 0 0 0 0 0 0 0 0 0 0 0 0 0 0 0 0 0 0 0 0 0 0 0 0 0 0 0 0 0 0 0 0 0 0 0 0 0 0 0 0 0 0 0 0 0 0 0 0 0 0 0 0 0 0 0 0 0 0 0 0 0 0 0 0 0 0 0 0 0 0 0 0 0 0 0 0 0 0 0 0 0 0 0 0 0 0 0 0 0 0 0 0 0 0 0 0 0 0 0 0 0 0 0 0 0 0 0 0 0 0 0 0 0 0 0 0 0 0 0 0 0 0 0 0 0 0 0 0 0 0 0 0 0 0 0 0 0 0 0 0 0 0 0 0 0 0 0 0 0 0 0 0 0 0 0 0 0 0 0 0 0 0 0 0 0 0 0 0 0 0 0 0 0 0 0 0 0 0 0 0 0 0 0 0 0 0 0 0 0 0 0 0 0 0 0 0 0 0 0 0 0 0 0 0 0 0 0 0 0 0 0 0 0 0 0 0 0 0 0 0 0 0 0 0 0 0 0 0 0 0 0 0 0 0 0 0 0 0 0 0 0 0 0 0 0 0 0 0 0 0 0 0 0 0 0 0 0 0 0 0 0 0 0 0 0 0 0 0 0 0 0 0 0 0 0 0 0 0 0 0 0 0 0 0 0 0 0 0 0 0 0 0 0 0 0 0 0 0 0 0 0 0 0 0 0 0 0 0 0 0 0 0 0 0 0 0 0 0 0 0 0 0 0 0 0 0 0 0 0 0 0 0 0 0 0 0 0 0 0 0 0 0 0 0 0 0 0 0 0 0 0 0 0 0 0 0 0 0 0 0 0 0 0 0 0 0 0 0 0 0 0 0 0 0 0 0 0 0 0 0 0 0 0 0 0 0 0 0 0 0 0 0 0 0 0 0 0 0 0 0 0 0 0 0 0 0 0 0 0 0 0 0 0 0 0 0 0 0 0 0 0 0 0 0 0 0 0 0 0 0 0 0 0 0 0 0 0 0 0 0 0 0 0 0 0 0 0 0 0 0 0 0 0 0 0 0 0 0 0 0 0 0 0 0 0 0 0 0 0 0 0 0 0 0 0 0 0 0 0 0 0 0 0 0 0 0 0 0 0 0 0 0 0 0 0 0 0 0 0 0 0 0 0 0 0 0 0 0 0 0 0 0 0 0 0 0 0 0 0 0 0 0 0 0 0 0 0 0 0 0 0 0 0 0 0 0 0 0 0 0 0 0 0 0 0 0 0 0 0 0 0 0 0 0 0 0 0 0 0 0 0 0 0 0 0 0 0 0 0 0 0 0 0 0 0 0 0 0 0 0 0 0 0 0 0 0 0 0 0 0 0 0 0 0 0 0 0 0 0 0 0 0 0 0 0 0 0 0 0 0 0 0 0 0 0 0 0 0 0 0 0 0 0 0 0 0 0 0 0 0 0 0 0 0 0 0 0 0 0 0 0 0 0 0 0 0 0 0 0 0 0 0 0 0 0 0 0 0 0 0 0 0 0 0 0 0 0 0 0 0 0 0 0 0 0 0 0 0 0 0 0 0 0 0 0 0 0 0 0 0 0 0 0 0 0 0 0 0 0 0 0 0 0 0 0 0 0 0 0 0 0 0 0 0 0 0 0 0 0 0 0 0 0 0 0 0 0 0 0 0 0 0 0 0 0 0 0 0 0 0 0 0 0 0 0 0 0 0 0 0 0 0 0 0 0 0 0 0 0 0 0 0 0 0 0 0 0 0 0 0 0 0 0 0 0 0 0 0 0 0 0 0 0 0 0 0 0 0 0 0 0 0 0 0 0 0 0 0 0 0 0 0 0 0 0 0 0 0 0 0 0 0 0 0 0 0 0 0 0 0 0 0 0 0 0 0 0 0 0 0 0 0 0 0 0 0 0 0 0 0 0 0 0 0 0 0 0 0 0 0 0 0 0 0 0 0 0 0 0 0 0 0 0 0 0 0 0 0 0 0 0 0 0 0 0 0 0 0 0 0 0 0 0 0 0 0 0 0 0 0 0 0 0 0 0 0 0 0 0 0 0 0 0 0 0 0 0 0 0 0 0 0 0 0 0 0 0 0 0 0 0 0 0 0 0 0 0 0 0 0 0 0 0 0 0 0 0 0 0 0 0 0 0 0 0 0 0 0 0 0 0 0 0 0 0 0 0 0 0 0 0 0 0 0 0 0 0 0 0 0 0 0 0 0 0 0 0 0 0 0 0 0 0 0 0 0 0 0 0 0 0 0 0 0 0 0 0 0 0 0 0 0 0 0 0 0 0 0 0 0 0 0 0 0 0 0 0 0 0 0 0 0 0 0 0 0 0 0 0 0 0 0 0 0 0 0 0 0 0 0 0 0 0 0 0 0 0 0 0 0 0 0 0 0 0 0 0 0 0 0 0 0 0 0 0 0 0 0 0 0 0 0 0 0 0 0 0 0 0 0 0 0 0 0 0 0 0 0 0 0 0 0 0 0 0 0 0 0 0 0 0 0 0 0 0 0 0 0 0 0 0 0 0 0 0 0 0 0 0 0 0 0 0 0 0 0 0 0 0 0 0 0 0 0 0 0 0 0 0 0 0 0 0 0 0 0 0 0 0 0 0 0 0 0 0 0 0 0 0 0 0 0 0 0 0 0 0 0 0 0 0 0 0 0 0 0 0 0 0 0 0 0 0 0 0 0 0 0 0 0 0 0 0 0 0 0 0 0 0 0 0 0 0 0 0 0 0 0 0 0 0 0 0 0 0 0 0 0 0 0 0 0 0 0 0 0 0 0 0 0 0 0 0 0 0 0 0 0 0 0 0 0 0 0 0 0 0 0 0 0 0 0 0 0 0 0 0 0 0 0 0 0 0 0 0 0 0 0 0 0 0 0 0 0 0 0 0 0 0 0 0 0 0 0 0 0 0 0 0 0 0 0 0 0 0 0 0 0 0 0 0 0 0 0 0 0 0 0 0 0 0 0 0 0 0 0 0 0 0 0 0 0 0 0 0 0 0 0 0 0 0 0 0 0 0 0 0 0 0 0 0 0 0 0 0 0 0 0 0 0 0 0 0 0 0 0 0 0 0 0 0 0 0 0 0 0 0 0 0 0 0 0 0 0 0 0 0 0 0 0 0 0 0 0 0 0 0 0 0 0 0 0 0 0 0 0 0 0 0 0 0 0 0 0 0 0 0 0 0 0 0 0 0 0 0 0 0 0 0 0 0 0 0 0 0 0 0 0 0 0 0 0 0 0 0 0 0 0 0 0 0 0 0 0 0 0 0 0 0 0 0 0 0 0 0 0 0 0 0 0 0 0 0 0 0 0 0 0 0 0 0 0 0 0 0 0 0 0 0 0 0 0 0 0 0 0 0 0 0 0 0 0 0 0 0 0 0 0 0 0 0 0 0 0 0 0 0 0 0 0 0 0 0 0 0 0 0 0 0 0 0 0 0 0 0 0 0 0 0 0 0 0 0 0 0 0 0 0 0 0 0 0 0 0 0 0 0 0 0 0 0 0 0 0 0 0 0 0 0 0 0 0 0 0 0 0 0 0 0 0 0 0 0 0 0 0 0 0 0 0 0 0 0 0 0 0 0 0 0 0 0 0 0 0 0 0 0 0 0 0 0 0 0 0 0 0 0 0 0 0 0 0 0 0 0 0 0 0 0 0 0 0 0 0 0 0 0 0 0 0 0 0 0 0 0 0 0 0 0 0 0 0 0 0 0 0 0 0 0 0 0 0 0 0 0 0 0 0 0 0 0 0 0 0 0 0 0 0 0 0 0 0 0 0 0 0 0 0 0 0 0 0 0 0 0 0 0 0 0 0 0 0 0 0 0 0 0 0 0 0 0 0 0 0 0 0 0 0 0 0 0 0 0 0 0 0 0 0 0 0 0 0 0 0 0 0 0 0 0 0 0 0 0 0 0 0 0 0 0 0 0 0 0 0 0 0 0 0 0 0 0 0 0 0 0 0 0 0 0 0 0 0 0 0 0 0 0 0 0 0 0 0 0 0 0 0 0 0 0 0 0 0 0 0 0 0 0 0 0 0 0 0 0 0 0 0 0 0 0 0 0 0 0 0 0 0 0 0 0 0 0 0 0 0 0 0 0 0 0 0 0 0 0 0 0 0 0 0 0 0 0 0 0 0 0 0 0 0 0 0 0 0 0 0 0 0 0 0 0 0 0 0 0 0 0 0 0 0 0 0 0 0 0 0 0 0 0 0 0 0 0 0 0 0 0 0 0 0 0 0 0 0 0 0 0 0 0 0 0 0 0 0 0 0 0 0 0 0 0 0 0 0 0 0 0 0 0 0 0 0 0 0 0 0 0 0 0 0 0 0 0 0 0 0 0 0 0 0 0 0 0 0 0 0 0 0 0 0 0 0 0 0 0 0 0 0 0 0 0 0 0 0 0 0 0 0 0 0 0 0 0 0 0 0 0 0 0 0 0 0 0 0 0 0 0 0 0 0 0 0 0 0 0 0 0 0 0 0 0 0 0 0 0 0 0 0 0 0 0 0 0 0 0 0 0 0 0 0 0 0 0 0 0 0 0 0 0 0 0 0 0 0 0 0 0 0 0 0 0 0 0 0 0 0 0 0 0 0 0 0 0 0 0 0 0 0 0 0 0 0 0 0 0 0 0 0 0 0 0 0 0 0 0 0 0 0 0 0 0 0 0 0 0 0 0 0 0 0 0 0 0 0 0 0 0 0 0 0 0 0 0 0 0 0 0 0 0 0 0 0 0 0 0 0 0 0 0 0 0 0 0 0 0 0 0 0 0 0 0 0 0 0 0 0 0 0 0 0 0 0 0 0 0 0 0 0 0 0 0 0 0 0 0 0 0 0 0 0 0 0 0 0 0 0 0 0 0 0 0 0 0 0 0 0 0 0 0 0 0 0 0 0 0 0 0 0 0 0 0 0 0 0 0 0 0 0 0 0 0 0 0 0 0 0 0 0 0 0 0 0 0 0 0 0 0 0 0 0 0 0 0 0 0 0 0 0 0 0 0 0 0 0 0 0 0 0 0 0 0 0 0 0 0 0 0 0 0 0 0 0 0 0 0 0 0 0 0 0 0 0 0 0 0 0 0 0 0 0 0 0 0 0 0 0 0 0 0 0 0 0 0 0 0 0 0 0 0 0 0 0 0 0 0 0 0 0 0 0 0 0 0 0 0 0 0 0 0 0 0 0 0 0 0 0 0 0 0 0 0 0 0 0 0 0 0 0 0 0 0 0 0 0 0 0 0 0 0 0 0 0 0 0 0 0 0 0 0 0 0 0 0 0 0 0 0 0 0 0 0 0 0 0 0 0 0 0 0 0 0 0 0 0 0 0 0 0 0 0 0 0 0 0 0 0 0 0 0 0 0 0 0 0 0 0 0 0 0 0 0 0 0 0 0 0 0 0 0 0 0 0 0 0 0 0 0 0 0 0 0 0 0 0 0 0 0 0 0 0 0 0 0 0 0 0 0 0 0 0 0 0 0 0 0 0 0 0 0 0 0 0 0 0 0 0 0 0 0 0 0 0 0 0 0 0 0 0 0 0 0 0 0 0 0 0 0 0 0 0 0 0 0 0 0 0 0 0 0 0 0 0 0 0 0 0 0 0 0 0 0 0 0 0 0 0 0 0 0 0 0 0 0 0 0 0 0 0 0 0 0 0 0 0 0 0 0 0 0 0 0 0 0 0 0 0 0 0 0 0 0 0 0 0 0 0 0 0 0 0 0 0 0 0 0 0 0 0 0 0 0 0 0 0 0 0 0 0 0 0 0 0 0 0 0 0 0 0 0 0 0 0 0 0 0 0 0 0 0 0 0 0 0 0 0 0 0 0 0 0 0 0 0 0 0 0 0 0 0 0 0 0 0 0 0 0 0 0 0 0 0 0 0 0 0 0 0 0 0 0 0 0 0 0 0 0 0 0 0 0 0 0 0 0 0 0 0 0 0 0 0 0 0 0 0 0 0 0 0 0 0 0 0 0 0 0 0 0 0 0 0 0 0 0 0 0 0 0 0 0 0 0 0 0 0 0 0 0 0 0 0 0 0 0 0 0 0 0 0 0 0 0 0 0 0 0 0 0 0 0 0 0 0 0 0 0 0 0 0 0 0 0 0 0 0 0 0 0 0 0 0 0 0 0 0 0 0 0 0 0 0 0 0 0 0 0 0 0 0 0 0 0 0 0 0 0 0 0 0 0 0 0 0 0 0 0 0 0 0 0 0 0 0 0 0 0 0 0 0 0 0 0 0 0 0 0 0 0 0 0 0 0 0 0 0 0 0 0 0 0 0 0 0 0 0 0 0 0 0 0 0 0 0 0 0 0 0 0 0 0 0 0 0 0 0 0 0 0 0 0 0 0 0 0 0 0 0 0 0 0 0 0 0 0 0 0 0 0 0 0 0 0 0 0 0 0 0 0 0 0 0 0 0 0 0 0 0 0 0 0 0 0 0 0 0 0 0 0 0 0 0 0 0 0 0 0 0 0 0 0 0 0 0 0 0 0 0 0 0 0 0 0 0 0 0 0 0 0 0 0 0 0 0 0 0 0 0 0 0 0 0 0 0 0 0 0 0 0 0 0 0 0 0 0 0 0 0 0 0 0 0 0 0 0 0 0 0 0 0 0 0 0 0 0 0 0 0 0 0 0 0 0 0 0 0 0 0 0 0 0 0 0 0 0 0 0 0 0 0 0 0 0 0 0 0 0 0 0 0 0 0 0 0 0 0 0 0 0 0 0 0 0 0 0 0 0 0 0 0 0 0 0 0 0 0 0 0 0 0 0 0 0 0 0 0 0 0 0 0 0 0 0 0 0 0 0 0 0 0 0 0 0 0 0 0 0 0 0 0 0 0 0 0 0 0 0 0 0 0 0 0 0 0 0 0 0 0 0 0 0 0 0 0 0 0 0 0 0 0 0 0 0 0 0 0 0 0 0 0 0 0 0 0 0 0 0 0 0 0 0 0 0 0 0 0 0 0 0 0 0 0 0 0 0 0 0 0 0 0 0 0 0 0 0 0 0 0 0 0 0 0 0 0 0 0 0 0 0 0 0 0 0 0 0 0 0 0 0 0 0 0 0 0 0 0 0 0 0 0 0 0 0 0 0 0 0 0 0 0 0 0 0 0 0 0 0 0 0 0 0 0 0 0 0 0 0 0 0 0 0 0 0 0 0 0 0 0 0 0 0 0 0 0 0 0 0 0 0 0 0 0 0 0 0 0 0 0 0 0 0 0 0 0 0 0 0 0 0 0 0 0 0 0 0 0 0 0 0 0 0 0 0 0 0 0 0 0 0 0 0 0 0 0 0 0 0 0 0 0 0 0 0 0 0 0 0 0 0 0 0 0 0 0 0 0 0 0 0 0 0 0 0 0 0 0 0 0 0 0 0 0 0 0 0 0 0 0 0 0 0 0 0 0 0 0 0 0 0 0 0 0 0 0 0 0 0 0 0 0 0 0 0 0 0 0 0 0 0 0 0 0 0 0 0 0 0 0 0 0 0 0 0 0 0 0 0 0 0 0 0 0 0 0 0 0 0 0 0 0 0 0 0 0 0 0 0 0 0 0 0 0 0 0 0 0 0 0 0 0 0 0 0 0 0 0 0 0 0 0 0 0 0 0 0 0 0 0 0 0 0 0 0 0 0 0 0 0 0 0 0 0 0 0 0 0 0 0 0 0 0 0 0 0 0 0 0 0 0 0 0 0 0 0 0 0 0 0 0 0 0 0 0 0 0 0 0 0 0 0 0 0 0 0 0 0 0 0 0 0 0 0 0 0 0 0 0 0 0 0 0 0 0 0 0 0 0 0 0 0 0 0 0 0 0 0 0 0 0 0 0 0 0 0 0 0 0 0 0 0 0 0 0 0 0 0 0 0 0 0 0 0 0 0 0 0 0 0 0 0 0 0 0 0 0 0 0 0 0 0 0 0 0 0 0 0 0 0 0 0 0 0 0 0 0 0 0 0 0 0 0 0 0 0 0 0 0 0 0 0 0 0 0 0 0 0 0 0 0 0 0 0 0 0 0 0 0 0 0 0 0 0 0 0 0 0 0 0 0 0 0 0 0 0 0 0 0 0 0 0 0 0 0 0 0 0 0 0 0 0 0 0 0 0 0 0 0 0 0 0 0 0 0 0 0 0 0 0 0 0 0 0 0 0 0 0 0 0 0 0 0 0 0 0 0 0 0 0 0 0 0 0 0 0 0 0 0 0 0 0 0 0 0 0 0 0 0 0 0 0 0 0 0 0 0 0 0 0 0 0 0 0 0 0 0 0 0 0 0 0 0 0 0 0 0 0 0 0 0 0 0 0 0 0 0 0 0 0 0 0 0 0 0 0 0 0 0 0 0 0 0 0 0 0 0 0 0 0 0 0 0 0 0 0 0 0 0 0 0 0 0 0 0 0 0 0 0 0 0 0 0 0 0 0 0 0 0 0 0 0 0 0 0 0 0 0 0 0 0 0 0 0 0 0 0 0 0 0 0 0 0 0 0 0 0 0 0 0 0 0 0 0 0 0 0 0 0 0 0 0 0 0 0 0 0 0 0 0 0 0 0 0 0 0 0 0 0 0 0 0 0 0 0 0 0 0 0 0 0 0 0 0 0 0 0 0 0 0 0 0 0 0 0 0 0 0 0 0 0 0 0 0 0 0 0 0 0 0 0 0 0 0 0 0 0 0 0 0 0 0 0 0 0 0 0 0 0 0 0 0 0 0 0 0 0 0 0 0 0 0 0 0 0 0 0 0 0 0 0 0 0 0 0 0 0 0 0 0 0 0 0 0 0 0 0 0 0 0 0 0 0 0 0 0 0 0 0 0 0 0 0 0 0 0 0 0 0 0 0 0 0 0 0 0 0 0 0 0 0 0 0 0 0 0 0 0 0 0 0 0 0 0 0 0 0 0 0 0 0 0 0 0 0 0 0 0 0 0 0 0 0 0 0 0 0 0 0 0 0 0 0 0 0 0 0 0 0 0 0 0 0 0 0 0 0 0 0 0 0 0 0 0 0 0 0 0 0 0 0 0 0 0 0 0 0 0 0 0 0 0 0 0 0 0 0 0 0 0 0 0 0 0 0 0 0 0 0 0 0 0 0 0 0 0 0 0 0 0 0 0 0 0 0 0 0 0 0 0 0 0 0 0 0 0 0 0 0 0 0 0 0 0 0 0 0 0 0 0 0 0 0 0 0 0 0 0 0 0 0 0 0 0 0 0 0 0 0 0 0 0 0 0 0 0 0 0 0 0 0 0 0 0 0 0 0 0 0 0 0 0 0 0 0 0 0 0 0 0 0 0 0 0 0 0 0 0 0 0 0 0 0 0 0 0 0 0 0 0 0 0 0 0 0 0 0 0 0 0 0 0 0 0 0 0 0 0 0 0 0 0 0 0 0 0 0 0 0 0 0 0 0 0 0 0 0 0 0 0 0 0 0 0 0 0 0 0 0 0 0 0 0 0 0 0 0 0 0 0 0 0 0 0 0 0 0 0 0 0 0 0 0 0 0 0 0 0 0 0 0 0 0 0 0 0 0 0 0 0 0 0 0 0 0 0 0 0 0 0 0 0 0 0 0 0 0 0 0 0 0 0 0 0 0 0 0 0 0 0 0 0 0 0 0 0 0 0 0 0 0 0 0 0 0 0 0 0 0 0 0 0 0 0 0 0 0 0 0 0 0 0 0 0 0 0 0 0 0 0 0 0 0 0 0 0 0 0 0 0 0 0 0 0 0 0 0 0 0 0 0 0 0 0 0 0 0 0 0 0 0 0 0 0 0 0 0 0 0 0 0 0 0 0 0 0 0 0 0 0 0 0 0 0 0 0 0 0 0 0 0 0 0 0 0 0 0 0 0 0 0 0 0 0 0 0 0 0 0 0 0 0 0 0 0 0 0 0 0 0 0 0 0 0 0 0 0 0 0 0 0 0 0 0 0 0 0 0 0 0 0 0 0 0 0 0 0 0 0 0 0 0 0 0 0 0 0 0 0 0 0 0 0 0 0 0 0 0 0 0 0 0 0 0 0 0 0 0 0 0 0 0 0 0 0 0 0 0 0 0 0 0 0 0 0 0 0 0 0 0 0 0 0 0 0 0 0 0 0 0 0 0 0 0 0 0 0 0 0 0 0 0 0 0 0 0 0 0 0 0 0 0 0 0 0 0 0 0 0 0 0 0 0 0 0 0 0 0 0 0 0 0 0 0 0 0 0 0 0 0 0 0 0 0 0 0 0 0 0 0 0 0 0 0 0 0 0 0 0 0 0 0 0 0 0 0 0 0 0 0 0 0 0 0 0 0 0 0 0 0 0 0 0 0 0 0 0 0 0 0 0 0 0 0 0 0 0 0 0 0 0 0 0 0 0 0 0 0 0 0 0 0 0 0 0 0 0 0 0 0 0 0 0 0 0 0 0 0 0 0 0 0 0 0 0 0 0 0 0 0 0 0 0 0 0 0 0 0 0 0 0 0 0 0 0 0 0 0 0 0 0 0 0 0 0 0 0 0 0 0 0 0 0 0 0 0 0 0 0 0 0 0 0 0 0 0 0 0 0 0 0 0 0 0 0 0 0 0 0 0 0 0 0 0 0 0 0 0 0 0 0 0 0 0 0 0 0 0 0 0 0 0 0 0 0 0 0 0 0 0 0 0 0 0 0 0 0 0 0 0 0 0 0 0 0 0 0 0 0 0 0 0 0 0 0 0 0 0 0 0 0 0 0 0 0 0 0 0 0 0 0 0 0 0 0 0 0 0 0 0 0 0 0 0 0 0 0 0 0 0 0 0 0 0 0 0 0 0 0 0 0 0 0 0 0 0 0 0 0 0 0 0 0 0 0 0 0 0 0 0 0 0 0 0 0 0 0 0 0 0 0 0 0 0 0 0 0 0 0 0 0 0 0 0 0 0 0 0 0 0 0 0 0 0 0 0 0 0 0 0 0 0 0 0 0 0 0 0 0 0 0 0 0 0 0 0 0 0 0 0 0 0 0 0 0 0 0 0 0 0 0 0 0 0 0 0 0 0 0 0 0 0 0 0 0 0 0 0 0 0 0 0 0 0 0 0 0 0 0 0 0 0 0 0 0 0 0 0 0 0 0 0 0 0 0 0 0 0 0 0 0 0 0 0 0 0 0 0 0 0 0 0 0 0 0 0 0 0 0 0 0 0 0 0 0 0 0 0 0 0 0 0 0 0 0 0 0 0 0 0 0 0 0 0 0 0 0 0 0 0 0 0 0 0 0 0 0 0 0 0 0 0 0 0 0 0 0 0 0 0 0 0 0 0 0 0 0 0 0 0 0 0 0 0 0 0 0 0 0 0 0 0 0 0 0 0 0 0 0 0 0 0 0 0 0 0 0 0 0 0 0 0 0 0 0 0 0 0 0 0 0 0 0 0 0 0 0 0 0 0 0 0 0 0 0 0 0 0 0 0 0 0 0 0 0 0 0 0 0 0 0 0 0 0 0 0 0 0 0 0 0 0 0 0 0 0 0 0 0 0 0 0 0 0 0 0 0 0 0 0 0 0 0 0 0 0 0 0 0 0 0 0 0 0 0 0 0 0 0 0 0 0 0 0 0 0 0 0 0 0 0 0 0 0 0 0 0 0 0 0 0 0 0 0 0 0 0 0 0 0 0 0 0 0 0 0 0 0 0 0 0 0 0 0 0 0 0 0 0 0 0 0 0 0 0 0 0 0 0 0 0 0 0 0 0 0 0 0 0 0 0 0 0 0 0 0 0 0 0 0 0 0 0 0 0 0 0 0 0 0 0 0 0 0 0 0 0 0 0 0 0 0 0 0 0 0 0 0 0 0 0 0 0 0 0 0 0 0 0 0 0 0 0 0 0 0 0 0 0 0 0 0 0 0 0 0 0 0 0 0 0 0 0 0 0 0 0 0 0 0 0 0 0 0 0 0 0 0 0 0 0 0 0 0 0 0 0 0 0 0 0 0 0 0 0 0 0 0 0 0 0 0 0 0 0 0 0 0 0 0 0 0 0 0 0 0 0 0 0 0 0 0 0 0 0 0 0 0 0 0 0 0 0 0 0 0 0 0 0 0 0 0 0 0 0 0 0 0 0 0 0 0 0 0 0 0 0 0 0 0 0 0 0 0 0 0 0 0 0 0 0 0 0 0 0 0 0 0 0 0 0 0 0 0 0 0 0 0 0 0 0 0 0 0 0 0 0 0 0 0 0 0 0 0 0 0 0 0 0 0 0 0 0 0 0 0 0 0 0 0 0 0 0 0 0 0 0 0 0 0 0 0 0 0 0 0 0 0 0 0 0 0 0 0 0 0 0 0 0 0 0 0 0 0 0 0 0 0 0 0 0 0 0 0 0 0 0 0 0 0 0 0 0 0 0 0 0 0 0 0 0 0 0 0 0 0 0 0 0 0 0 0 0 0 0 0 0 0 0 0 0 0 0 0 0 0 0 0 0 0 0 0 0 0 0 0 0 0 0 0 0 0 0 0 0 0 0 0 0 0 0 0 0 0 0 0 0 0 0 0 0 0 0 0 0 0 0 0 0 0 0 0 0 0 0 0 0 0 0 0 0 0 0 0 0 0 0 0 0 0 0 0 0 0 0 0 0 0 0 0 0 0 0 0 0 0 0 0 0 0 0 0 0 0 0 0 0 0 0 0 0 0 0 0 0 0 0 0 0 0 0 0 0 0 0 0 0 0 0 0 0 0 0 0 0 0 0 0 0 0 0 0 0 0 0 0 0 0 0 0 0 0 0 0 0 0 0 0 0 0 0 0 0 0 0 0 0 0 0 0 0 0 0 0 0 0 0 0 0 0 0 0 0 0 0 0 0 0 0 0 0 0 0 0 0 0 0 0 0 0 0 0 0 0 0 0 0 0 0 0 0 0 0 0 0 0 0 0 0 0 0 0 0 0 0 0 0 0 0 0 0 0 0 0 0 0 0 0 0 0 0 0 0 0 0 0 0 0 0 0 0 0 0 0 0 0 0 0 0 0 0 0 0 0 0 0 0 0 0 0 0 0 0 0 0 0 0 0 0 0 0 0 0 0 0 0 0 0 0 0 0 0 0 0 0 0 0 0 0 0 0 0 0 0 0 0 0 0 0 0 0 0 0 0 0 0 0 0 0 0 0 0 0 0 0 0 0 0 0 0 0 0 0 0 0 0 0 0 0 0 0 0 0 0 0 0 0 0 0 0 0 0 0 0 0 0 0 0 0 0 0 0 0 0 0 0 0 0 0 0 0 0 0 0 0 0 0 0 0 0 0 0 0 0 0 0 0 0 0 0 0 0 0 0 0 0 0 0 0 0 0 0 0 0 0 0 0 0 0 0 0 0 0 0 0 0 0 0 0 0 0 0 0 0 0 0 0 0 0 0 0 0 0 0 0 0 0 0 0 0 0 0 0 0 0 0 0 0 0 0 0 0 0 0 0 0 0 0 0 0 0 0 0 0 0 0 0 0 0 0 0 0 0 0 0 0 0 0 0 0 0 0 0 0 0 0 0 0 0 0 0 0 0 0 0 0 0 0 0 0 0 0 0 0 0 0 0 0 0 0 0 0 0 0 0 0 0 0 0 0 0 0 0 0 0 0 0 0 0 0 0 0 0 0 0 0 0 0 0 0 0 0 0 0 0 0 0 0 0 0 0 0 0 0 0 0 0 0 0 0 0 0 0 0 0 0 0 0 0 0 0 0 0 0 0 0 0 0 0 0 0 0 0 0 0 0 0 0 0 0 0 0 0 0 0 0 0 0 0 0 0 0 0 0 0 0 0 0 0 0 0 0 0 0 0 0 0 0 0 0 0 0 0 0 0 0 0 0 0 0 0 0 0 0 0 0 0 0 0 0 0 0 0 0 0 0 0 0 0 0 0 0 0 0 0 0 0 0 0 0 0 0 0 0 0 0 0 0 0 0 0 0 0 0 0 0 0 0 0 0 0 0 0 0 0 0 0 0 0 0 0 0 0 0 0 0 0 0 0 0 0 0 0 0 0 0 0 0 0 0 0 0 0 0 0 0 0 0 0 0 0 0 0 0 0 0 0 0 0 0 0 0 0 0 0 0 0 0 0 0 0 0 0 0 0 0 0 0 0 0 0 0 0 0 0 0 0 0 0 0 0 0 0 0 0 0 0 0 0 0 0 0 0 0 0 0 0 0 0 0 0 0 0 0 0 0 0 0 0 0 0 0 0 0 0 0 0 0 0 0 0 0 0 0 0 0 0 0 0 0 0 0 0 0 0 0 0 0 0 0 0 0 0 0 0 0 0 0 0 0 0 0 0 0 0 0 0 0 0 0 0 0 0 0 0 0 0 0 0 0 0 0 0 0 0 0 0 0 0 0 0 0 0 0 0 0 0 0 0 0 0 0 0 0 0 0 0 0 0 0 0 0 0 0 0 0 0 0 0 0 0 0 0 0 0 0 0 0 0 0 0 0 0 0 0 0 0 0 0 0 0 0 0 0 0 0 0 0 0 0 0 0 0 0 0 0 0 0 0 0 0 0 0 0 0 0 0 0 0 0 0 0 0 0 0 0 0 0 0 0 0 0 0 0 0 0 0 0 0 0 0 0 0 0 0 0 0 0 0 0 0 0 0 0 0 0 0 0 0 0 0 0 0 0 0 0 0 0 0 0 0 0 0 0 0 0 0 0 0 0 0 0 0 0 0 0 0 0 0 0 0 0 0 0 0 0 0 0 0 0 0 0 0 0 0 0 0 0 0 0 0 0 0 0 0 0 0 0 0 0 0 0 0 0 0 0 0 0 0 0 0 0 0 0 0 0 0 0 0 0 0 0 0 0 0 0 0 0 0 0 0 0 0 0 0 0 0 0 0 0 0 0 0 0 0 0 0 0 0 0 0 0 0 0 0 0 0 0 0 0 0 0 0 0 0 0 0 0 0 0 0 0 0 0 0 0 0 0 0 0 0 0 0 0 0 0 0 0 0 0 0 0 0 0 0 0 0 0 0 0 0 0 0 0 0 0 0 0 0 0 0 0 0 0 0 0 0 0 0 0 0 0 0 0 0 0 0 0 0 0 0 0 0 0 0 0 0 0 0 0 0 0 0 0 0 0 0 0 0 0 0 0 0 0 0 0 0 0 0 0 0 0 0 0 0 0 0 0 0 0 0 0 0 0 0 0 0 0 0 0 0 0 0 0 0 0 0 0 0 0 0 0 0 0 0 0 0 0 0 0 0 0 0 0 0 0 0 0 0 0 0 0 0 0 0 0 0 0 0 0 0 0 0 0 0 0 0 0 0 0 0 0 0 0 0 0 0 0 0 0 0 0 0 0 0 0 0 0 0 0 0 0 0 0 0 0 0 0 0 0 0 0 0 0 0 0 0 0 0 0 0 0 0 0 0 0 0 0 0 0 0 0 0 0 0 0 0 0 0 0 0 0 0 0 0 0 0 0 0 0 0 0 0 0 0 0 0 0 0 0 0 0 0 0 0 0 0 0 0 0 0 0 0 0 0 0 0 0 0 0 0 0 0 0 0 0 0 0 0 0 0 0 0 0 0 0 0 0 0 0 0 0 0 0 0 0 0 0 0 0 0 0 0 0 0 0 0 0 0 0 0 0 0 0 0 0 0 0 0 0 0 0 0 0 0 0 0 0 0 0 0 0 0 0 0 0 0 0 0 0 0 0 0 0 0 0 0 0 0 0 0 0 0 0 0 0 0 0 0 0 0 0 0 0 0 0 0 0 0 0 0 0 0 0 0 0 0 0 0 0 0 0 0 0 0 0 0 0 0 0 0 0 0 0 0 0 0 0 0 0 0 0 0 0 0 0 0 0 0 0 0 0 0 0 0 0 0 0 0 0 0 0 0 0 0 0 0 0 0 0 0 0 0 0 0 0 0 0 0 0 0 0 0 0 0 0 0 0 0 0 0 0 0 0 0 0 0 0 0 0 0 0 0 0 0 0 0 0 0 0 0 0 0 0 0 0 0 0 0 0 0 0 0 0 0 0 0 0 0 0 0 0 0 0 0 0 0 0 0 0 0 0 0 0 0 0 0 0 0 0 0 0 0 0 0 0 0 0 0 0 0 0 0 0 0 0 0 0 0 0 0 0 0 0 0 0 0 0 0 0 0 0 0 0 0 0 0 0 0 0 0 0 0 0 0 0 0 0 0 0 0 0 0 0 0 0 0 0 0 0 0 0 0 0 0 0 0 0 0 0 0 0 0 0 0 0 0 0 0 0 0 0 0 0 0 0 0 0 0 0 0 0 0 0 0 0 0 0 0 0 0 0 0 0 0 0 0 0 0 0 0 0 0 0 0 0 0 0 0 0 0 0 0 0 0 0 0 0 0 0 0 0 0 0 0 0 0 0 0 0 0 0 0 0 0 0 0 0 0 0 0 0 0 0 0 0 0 0 0 0 0 0 0 0 0 0 0 0 0 0 0 0 0 0 0 0 0 0 0 0 0 0 0 0 0 0 0 0 0 0 0 0 0 0 0 0 0 0 0 0 0 0 0 0 0 0 0 0 0 0 0 0 0 0 0 0 0 0 0 0 0 0 0 0 0 0 0 0 0 0 0 0 0 0 0 0 0 0 0 0 0 0 0 0 0 0 0 0 0 0 0 0 0 0 0 0 0 0 0 0 0 0 0 0 0 0 0 0 0 0 0 0 0 0 0 0 0 0 0 0 0 0 0 0 0 0 0 0 0 0 0 0 0 0 0 0 0 0 0 0 0 0 0 0 0 0 0 0 0 0 0 0 0 0 0 0 0 0 0 0 0 0 0 0 0 0 0 0 0 0 0 0 0 0 0 0 0 0 0 0 0 0 0 0 0 0 0 0 0 0 0 0 0 0 0 0 0 0 0 0 0 0 0 0 0 0 0 0 0 0 0 0 0 0 0 0 0 0 0 0 0 0 0 0 0 0 0 0 0 0 0 0 0 0 0 0 0 0 0 0 0 0 0 0 0 0 0 0 0 0 0 0 0 0 0 0 0 0 0 0 0 0 0 0 0 0 0 0 0 0 0 0 0 0 0 0 0 0 0 0 0 0 0 0 0 0 0 0 0 0 0 0 0 0 0 0 0 0 0 0 0 0 0 0 0 0 0 0 0 0 0 0 0 0 0 0 0 0 0 0 0 0 0 0 0 0 0 0 0 0 0 0 0 0 0 0 0 0 0 0 0 0 0 0 0 0 0 0 0 0 0 0 0 0 0 0 0 0 0 0 0 0 0 0 0 0 0 0 0 0 0 0 0 0 0 0 0 0 0 0 0 0 0 0 0 0 0 0 0 0 0 0 0 0 0 0 0 0 0 0 0 0 0 0 0 0 0 0 0 0 0 0 0 0 0 0 0 0 0 0 0 0 0 0 0 0 0 0 0 0 0 0 0 0 0 0 0 0 0 0 0 0 0 0 0 0 0 0 0 0 0 0 0 0 0 0 0 0 0 0 0 0 0 0 0 0 0 0 0 0 0 0 0 0 0 0 0 0 0 0 0 0 0 0 0 0 0 0 0 0 0 0 0 0 0 0 0 0 0 0 0 0 0 0 0 0 0 0 0 0 0 0 0 0 0 0 0 0 0 0 0 0 0 0 0 0 0 0 0 0 0 0 0 0 0 0 0 0 0 0 0 0 0 0 0 0 0 0 0 0 0 0 0 0 0 0 0 0 0 0 0 0 0 0 0 0 0 0 0 0 0 0 0 0 0 0 0 0 0 0 0 0 0 0 0 0 0 0 0 0 0 0 0 0 0 0 0 0 0 0 0 0 0 0 0 0 0 0 0 0 0 0 0 0 0 0 0 0 0 0 0 0 0 0 0 0 0 0 0 0 0 0 0 0 0 0 0 0 0 0 0 0 0 0 0 0 0 0 0 0 0 0 0 0 0 0 0 0 0 0 0 0 0 0 0 0 0 0 0 0 0 0 0 0 0 0 0 0 0 0 0 0 0 0 0 0 0 0 0 0 0 0 0 0 0 0 0 0 0 0 0 0 0 0 0 0 0 0 0 0 0 0 0 0 0 0 0 0 0 0 0 0 0 0 0 0 0 0 0 0 0 0 0 0 0 0 0 0 0 0 0 0 0 0 0 0 0 0 0 0 0 0 0 0 0 0 0 0 0 0 0 0 0 0 0 0 0 0 0 0 0 0 0 0 0 0 0 0 0 0 0 0 0 0 0 0 0 0 0 0 0 0 0 0 0 0 0 0 0 0 0 0 0 0 0 0 0 0 0 0 0 0 0 0 0 0 0 0 0 0 0 0 0 0 0 0 0 0 0 0 0 0 0 0 0 0 0 0 0 0 0 0 0 0 0 0 0 0 0 0 0 0 0 0 0 0 0 0 0 0 0 0 0 0 0 0 0 0 0 0 0 0 0 0 0 0 0 0 0 0 0 0 0 0 0 0 0 0 0 0 0 0 0 0 0 0 0 0 0 0 0 0 0 0 0 0 0 0 0 0 0 0 0 0 0 0 0 0 0 0 0 0 0 0 0 0 0 0 0 0 0 0 0 0 0 0 0 0 0 0 0 0 0 0 0 0 0 0 0 0 0 0 0 0 0 0 0 0 0 0 0 0 0 0 0 0 0 0 0 0 0 0 0 0 0 0 0 0 0 0 0 0 0 0 0 0 0 0 0 0 0 0 0 0 0 0 0 0 0 0 0 0 0 0 0 0 0 0 0 0 0 0 0 0 0 0 0 0 0 0 0 0 0 0 0 0 0 0 0 0 0 0 0 0 0 0 0 0 0 0 0 0 0 0 0 0 0 0 0 0 0 0 0 0 0 0 0 0 0 0 0 0 0 0 0 0 0 0 0 0 0 0 0 0 0 0 0 0 0 0 0 0 0 0 0 0 0 0 0 0 0 0 0 0 0 0 0 0 0 0 0 0 0 0 0 0 0 0 0 0 0 0 0 0 0 0 0 0 0 0 0 0 0 0 0 0 0 0 0 0 0 0 0 0 0 0 0 0 0 0 0 0 0 0 0 0 0 0 0 0 0 0 0 0 0 0 0 0 0 0 0 0 0 0 0 0 0 0 0 0 0 0 0 0 0 0 0 0 0 0 0 0 0 0 0 0 0 0 0 0 0 0 0 0 0 0 0 0 0 0 0 0 0 0 0 0 0 0 0 0 0 0 0 0 0 0 0 0 0 0 0 0 0 0 0 0 0 0 0 0 0 0 0 0 0 0 0 0 0 0 0 0 0 0 0 0 0 0 0 0 0 0 0 0 0 0 0 0 0 0 0 0 0 0 0 0 0 0 0 0 0 0 0 0 0 0 0 0 0 0 0 0 0 0 0 0 0 0 0 0 0 0 0 0 0 0 0 0 0 0 0 0 0 0 0 0 0 0 0 0 0 0 0 0 0 0 0 0 0 0 0 0 0 0 0 0 0 0 0 0 0 0 0 0 0 0 0 0 0 0 0 0 0 0 0 0 0 0 0 0 0 0 0 0 0 0 0 0 0 0 0 0 0 0 0 0 0 0 0 0 0 0 0 0 0 0 0 0 0 0 0 0 0 0 0 0 0 0 0 0 0 0 0 0 0 0 0 0 0 0 0 0 0 0 0 0 0 0 0 0 0 0 0 0 0 0 0 0 0 0 0 0 0 0 0 0 0 0 0 0 0 0 0 0 0 0 0 0 0 0 0 0 0 0 0 0 0 0 0 0 0 0 0 0 0 0 0 0 0 0 0 0 0 0 0 0 0 0 0 0 0 0 0 0 0 0 0 0 0 0 0 0 0 0 0 0 0 0 0 0 0 0 0 0 0 0 0 0 0 0 0 0 0 0 0 0 0 0 0 0 0 0 0 0 0 0 0 0 0 0 0 0 0 0 0 0 0 0 0 0 0 0 0 0 0 0 0 0 0 0 0 0 0 0 0 0 0 0 0 0 0 0 0 0 0 0 0 0 0 0 0 0 0 0 0 0 0 0 0 0 0 0 0 0 0 0 0 0 0 0 0 0 0 0 0 0 0 0 0 0 0 0 0 0 0 0 0 0 0 0 0 0 0 0 0 0 0 0 0 0 0 0 0 0 0 0 0 0 0 0 0 0 0 0 0 0 0 0 0 0 0 0 0 0 0 0 0 0 0 0 0 0 0 0 0 0 0 0 0 0 0 0 0 0 0 0 0 0 0 0 0 0 0 0 0 0 0 0 0 0 0 0 0 0 0 0 0 0 0 0 0 0 0 0 0 0 0 0 0 0 0 0 0 0 0 0 0 0 0 0 0 0 0 0 0 0 0 0 0 0 0 0 0 0 0 0 0 0 0 0 0 0 0 0 0 0 0 0 0 0 0 0 0 0 0 0 0 0 0 0 0 0 0 0 0 0 0 0 0 0 0 0 0 0 0 0 0 0 0 0 0 0 0 0 0 0 0 0 0 0 0 0 0 0 0 0 0 0 0 0 0 0 0 0 0 0 0 0 0 0 0 0 0 0 0 0 0 0 0 0 0 0 0 0 0 0 0 0 0 0 0 0 0 0 0 0 0 0 0 0 0 0 0 0 0 0 0 0 0 0 0 0 0 0 0 0 0 0 0 0 0 0 0 0 0 0 0 0 0 0 0 0 0 0 0 0 0 0 0 0 0 0 0 0 0 0 0 0 0 0 0 0 0 0 0 0 0 0 0 0 0 0 0 0 0 0 0 0 0 0 0 0 0 0 0 0 0 0 0 0 0 0 0 0 0 1 1 1 1 1 1 1 1 1 1 1 1 1 1 1 1 1 1 1 1 1 1 1 1 1 1 1 1 1 1 1 1 1 1 1 1 1 1 1 1 1 1 1 1 1 1 1 1 1 1 1 1 1 1 1 1 1 1 1 1 1 1 1 1 1 1 1 1 1 1 1 1 1 1 1 1 1 1 1 1 1 1 1 1 1 1 1 1 1 1 1 1 1 1 1 1 1 1 1 1 1 1 1 1 1 1 1 1 1 1 1 1 1 1 1 1 1 1 1 1 1 1 1 1 1 1 1 1 1 1 1 1 1 1 1 1 1 1 1 1 1 1 1 1 1 1 1 1 1 1 1 1 1 1 1 1 1 1 1 1 1 1 1 1 1 1 1 1 1 1 1 1 1 1 1 1 1 1 1 1 1 1 1 1 1 1 1 1 1 1 1 1 1 1 1 1 1 1 1 1 1 1 1 1 1 1 1 1 1 1 1 1 1 1 1 1 1 1 1 1 1 1 1 1 1 1 1 1 1 1 1 1 1 1 1 1 1 1 1 1 1 1 1 1 1 1 1 1 1 1 1 1 1 1 1 1 1 1 1 1 1 1 1 1 1 1 1 1 1 1 1 1 1 1 1 1 1 1 1 1 1 1 1 1 1 1 1 1 1 1 1 1 1 1 1 1 1 1 1 1 1 1 1 1 1 1 1 1 1 1 1 1 1 1 1 1 1 1 1 1 1 1 1 1 1 1 1 1 1 1 1 1 1 1 1 1 1 1 1 1 1 1 1 1 1 1 1 1 1 1 1 1 1 1 1 1 1 1 1 1 1 1 1 1 1 1 1 1 1 1 1 1 1 1 1 1 1 1 1 1 1 1 1 1 1 1 1 1 1 1 1 1 1 1 1 1 1 1 1 1 1 1 1 1 1 1 1 1 1 1 1 1 1 1 1 1 1 1 1 1 1 1 1 1 1 1 1 1 1 1 1 1 1 1 1 1 1 1 1 1 1 1 1 1 1 1 1 1 1 1 1 1 1 1 1 1 1 1 1 1 1 1 1 1 1 1 1 1 1 1 1 1 1 1 1 1 1 1 1 1 1 1 1 1 1 1 1 1 1 1 1 1 1 1 1 1 1 1 1 1 1 1 1 1 1 1 1 1 1 1 1 1 1 1 1 1 1 1 1 1 1 1 1
</DataArray>
<DataArray type="Float32" Name="electron_density" format="ascii">
0.4580 0.4580 0.4580 0.4580 0.4580 0.4580 0.4580 0.4580 0.4580 0.4580 0.4580 0.4580 0.4580 0.4580 0.4580 0.4580 0.4580 0.4580 0.4580 0.4580 0.4580 0.4580 0.4580 0.4580 0.4580 0.4580 0.4580 0.4580 0.4580 0.4580 0.4580 0.4580 0.4580 0.4580 0.4580 0.4580 0.4580 0.4580 0.4580 0.4580 0.4580 0.4580 0.4580 0.4580 0.4580 0.4580 0.4580 0.4580 0.4580 0.4580 0.4580 0.4580 0.4580 0.4580 0.4580 0.4580 0.4580 0.4580 0.4580 0.4580 0.4580 0.4580 0.4580 0.4580 0.4580 0.4580 0.4580 0.4580 0.4580 0.4580 0.4580 0.4580 0.4580 0.4580 0.4580 0.4580 0.4580 0.4580 0.4580 0.4580 0.4580 0.4580 0.4580 0.4580 0.4580 0.4580 0.4580 0.4580 0.4580 0.4580 0.4580 0.4580 0.4580 0.4580 0.4580 0.4580 0.4580 0.4580 0.4580 0.4580 0.4580 0.4580 0.4580 0.4580 0.4580 0.4580 0.4580 0.4580 0.4580 0.4580 0.4580 0.4580 0.4580 0.4580 0.4580 0.4580 0.4580 0.4580 0.4580 0.4580 0.4580 0.4580 0.4580 0.4580 0.4580 0.4580 0.4580 0.4580 0.4580 0.4580 0.4580 0.4580 0.4580 0.4580 0.4580 0.4580 0.4580 0.4580 0.4580 0.4580 0.4580 0.4580 0.4580 0.4580 0.4580 0.4580 0.4580 0.4580 0.4580 0.4580 0.4580 0.4580 0.4580 0.4580 0.4580 0.4580 0.4580 0.4580 0.4580 0.4580 0.4580 0.4580 0.4580 0.4580 0.4580 0.4580 0.4580 0.4580 0.4580 0.4580 0.4580 0.4580 0.4580 0.4580 0.4580 0.4580 0.4580 0.4580 0.4580 0.4580 0.4580 0.4580 0.4580 0.4580 0.4580 0.4580 0.4580 0.4580 0.4580 0.4580 0.4580 0.4580 0.4580 0.4580 0.4580 0.4580 0.4580 0.4580 0.4580 0.4580 0.4580 0.4580 0.4580 0.4580 0.4580 0.4580 0.4580 0.4580 0.4580 0.4580 0.4580 0.4580 0.4580 0.4580 0.4580 0.4580 0.4580 0.4580 0.4580 0.4580 0.4580 0.4580 0.4580 0.4580 0.4580 0.4580 0.4580 0.4580 0.4580 0.4580 0.4580 0.4580 0.4580 0.4580 0.4580 0.4580 0.4580 0.4580 0.4580 0.4580 0.4580 0.4580 0.4580 0.4580 0.4580 0.4580 0.4580 0.4580 0.4580 0.4580 0.4580 0.4580 0.4580 0.4580 0.4580 0.4580 0.4580 0.4580 0.4580 0.4580 0.4580 0.4580 0.4580 0.4580 0.4580 0.4580 0.4580 0.4580 0.4580 0.4580 0.4580 0.4580 0.4580 0.4580 0.4580 0.4580 0.4580 0.4580 0.4580 0.4580 0.4580 0.4580 0.4580 0.4580 0.4580 0.4580 0.4580 0.4580 0.4580 0.4580 0.4580 0.4580 0.4580 0.4580 0.4580 0.4580 0.4580 0.4580 0.4580 0.4580 0.4580 0.4580 0.4580 0.4580 0.4580 0.4580 0.4580 0.4580 0.4580 0.4580 0.4580 0.4580 0.4580 0.4580 0.4580 0.4580 0.4580 0.4580 0.4580 0.4580 0.4580 0.4580 0.4580 0.4580 0.4580 0.4580 0.4580 0.4580 0.4580 0.4580 0.4580 0.4580 0.4580 0.4580 0.4580 0.4580 0.4580 0.4580 0.4580 0.4580 0.4580 0.4580 0.4580 0.4580 0.4580 0.4580 0.4580 0.4580 0.4580 0.4580 0.4580 0.4580 0.4580 0.4580 0.4580 0.4580 0.4580 0.4580 0.4580 0.4580 0.4580 0.4580 0.4580 0.4580 0.4580 0.4580 0.4580 0.4580 0.4580 0.4580 0.4580 0.4580 0.4580 0.4580 0.4580 0.4580 0.4580 0.4580 0.4580 0.4580 0.4580 0.4580 0.4580 0.4580 0.4580 0.4580 0.4580 0.4580 0.4580 0.4580 0.4580 0.4580 0.4580 0.4580 0.4580 0.4580 0.4580 0.4580 0.4580 0.4580 0.4580 0.4580 0.4580 0.4580 0.4580 0.4580 0.4580 0.4580 0.4580 0.4580 0.4580 0.4580 0.4580 0.4580 0.4580 0.4580 0.4580 0.4580 0.4580 0.4580 0.4580 0.4580 0.4580 0.4580 0.4580 0.4580 0.4580 0.4580 0.4580 0.4580 0.4580 0.4580 0.4580 0.4580 0.4580 0.4580 0.4580 0.4580 0.4580 0.4580 0.4580 0.4580 0.4580 0.4580 0.4580 0.4580 0.4580 0.4580 0.4580 0.4580 0.4580 0.4580 0.4580 0.4580 0.4580 0.4580 0.4580 0.4580 0.4580 0.4580 0.4580 0.4580 0.4580 0.4580 0.4580 0.4580 0.4580 0.4580 0.4580 0.4580 0.4580 0.4580 0.4580 0.4580 0.4580 0.4580 0.4580 0.4580 0.4580 0.4580 0.4580 0.4580 0.4580 0.4580 0.4580 0.4580 0.4580 0.4580 0.4580 0.4580 0.4580 0.4580 0.4580 0.4580 0.4580 0.4580 0.4580 0.4580 0.4580 0.4580 0.4580 0.4580 0.4580 0.4580 0.4580 0.4580 0.4580 0.4580 0.4580 0.4580 0.4580 0.4580 0.4580 0.4580 0.4580 0.4580 0.4580 0.4580 0.4580 0.4580 0.4580 0.4580 0.4580 0.4580 0.4580 0.4580 0.4580 0.4580 0.4580 0.4580 0.4580 0.4580 0.4580 0.4580 0.4580 0.4580 0.4580 0.4580 0.4580 0.4580 0.4580 0.4580 0.4580 0.4580 0.4580 0.4580 0.4580 0.4580 0.4580 0.4580 0.4580 0.4580 0.4580 0.4580 0.4580 0.4580 0.4580 0.4580 0.4580 0.4580 0.4580 0.4580 0.4580 0.4580 0.4580 0.4580 0.4580 0.4580 0.4580 0.4580 0.4580 0.4580 0.4580 0.4580 0.4580 0.4580 0.4580 0.4580 0.4580 0.4580 0.4580 0.4580 0.4580 0.4580 0.4580 0.4580 0.4580 0.4580 0.4580 0.4580 0.4580 0.4580 0.4580 0.4580 0.4580 0.4580 0.4580 0.4580 0.4580 0.4580 0.4580 0.4580 0.4580 0.4580 0.4580 0.4580 0.4580 0.4580 0.4580 0.4580 0.4580 0.4580 0.4580 0.4580 0.4580 0.4580 0.4580 0.4580 0.4580 0.4580 0.4580 0.4580 0.4580 0.4580 0.4580 0.4580 0.4580 0.4580 0.4580 0.4580 0.4580 0.4580 0.4580 0.4580 0.4580 0.4580 0.4580 0.4580 0.4580 0.4580 0.4580 0.4580 0.4580 0.4580 0.4580 0.4580 0.4580 0.4580 0.4580 0.4580 0.4580 0.4580 0.4580 0.4580 0.4580 0.4580 0.4580 0.4580 0.4580 0.4580 0.4580 0.4580 0.4580 0.4580 0.4580 0.4580 0.4580 0.4580 0.4580 0.4580 0.4580 0.4580 0.4580 0.4580 0.4580 0.4580 0.4580 0.4580 0.4580 0.4580 0.4580 0.4580 0.4580 0.4580 0.4580 0.4580 0.4580 0.4580 0.4580 0.4580 0.4580 0.4580 0.4580 0.4580 0.4580 0.4580 0.4580 0.4580 0.4580 0.4580 0.4580 0.4580 0.4580 0.4580 0.4580 0.4580 0.4580 0.4580 0.4580 0.4580 0.4580 0.4580 0.4580 0.4580 0.4580 0.4580 0.4580 0.4580 0.4580 0.4580 0.4580 0.4580 0.4580 0.4580 0.4580 0.4580 0.4580 0.4580 0.4580 0.4580 0.4580 0.4580 0.4580 0.4580 0.4580 0.4580 0.4580 0.4580 0.4580 0.4580 0.4580 0.4580 0.4580 0.4580 0.4580 0.4580 0.4580 0.4580 0.4580 0.4580 0.4580 0.4580 0.4580 0.4580 0.4580 0.4580 0.4580 0.4580 0.4580 0.4580 0.4580 0.4580 0.4580 0.4580 0.4580 0.4580 0.4580 0.4580 0.4580 0.4580 0.4580 0.4580 0.4580 0.4580 0.4580 0.4580 0.4580 0.4580 0.4580 0.4580 0.4580 0.4580 0.4580 0.4580 0.4580 0.4580 0.4580 0.4580 0.4580 0.4580 0.4580 0.4580 0.4580 0.4580 0.4580 0.4580 0.4580 0.4580 0.4580 0.4580 0.4580 0.4580 0.4580 0.4580 0.4580 0.4580 0.4580 0.4580 0.4580 0.4580 0.4580 0.4580 0.4580 0.4580 0.4580 0.4580 0.4580 0.4580 0.4580 0.4580 0.4580 0.4580 0.4580 0.4580 0.4580 0.4580 0.4580 0.4580 0.4580 0.4580 0.4580 0.4580 0.4580 0.4580 0.4580 0.4580 0.4580 0.4580 0.4580 0.4580 0.4580 0.4580 0.4580 0.4580 0.4580 0.4580 0.4580 0.4580 0.4580 0.4580 0.4580 0.4580 0.4580 0.4580 0.4580 0.4580 0.4580 0.4580 0.4580 0.4580 0.4580 0.4580 0.4580 0.4580 0.4580 0.4580 0.4580 0.4580 0.4580 0.4580 0.4580 0.4580 0.4580 0.4580 0.4580 0.4580 0.4580 0.4580 0.4580 0.4580 0.4580 0.4580 0.4580 0.4580 0.4580 0.4580 0.4580 0.4580 0.4580 0.4580 0.4580 0.4580 0.4580 0.4580 0.4580 0.4580 0.4580 0.4580 0.4580 0.4580 0.4580 0.4580 0.4580 0.4580 0.4580 0.4580 0.4580 0.4580 0.4580 0.4580 0.4580 0.4580 0.4580 0.4580 0.4580 0.4580 0.4580 0.4580 0.4580 0.4580 0.4580 0.4580 0.4580 0.4580 0.4580 0.4580 0.4580 0.4580 0.4580 0.4580 0.4580 0.4580 0.4580 0.4580 0.4580 0.4580 0.4580 0.4580 0.4580 0.4580 0.4580 0.4580 0.4580 0.4580 0.4580 0.4580 0.4580 0.4580 0.4580 0.4580 0.4580 0.4580 0.4580 0.4580 0.4580 0.4580 0.4580 0.4580 0.4580 0.4580 0.4580 0.4580 0.4580 0.4580 0.4580 0.4580 0.4580 0.4580 0.4580 0.4580 0.4580 0.4580 0.4580 0.4580 0.4580 0.4580 0.4580 0.4580 0.4580 0.4580 0.4580 0.4580 0.4580 0.4580 0.4580 0.4580 0.4580 0.4580 0.4580 0.4580 0.4580 0.4580 0.4580 0.4580 0.4580 0.4580 0.4580 0.4580 0.4580 0.4580 0.4580 0.4580 0.4580 0.4580 0.4580 0.4580 0.4580 0.4580 0.4580 0.4580 0.4580 0.4580 0.4580 0.4580 0.4580 0.4580 0.4580 0.4580 0.4580 0.4580 0.4580 0.4580 0.4580 0.4580 0.4580 0.4580 0.4580 0.4580 0.4580 0.4580 0.4580 0.4580 0.4580 0.4580 0.4580 0.4580 0.4580 0.4580 0.4580 0.4580 0.4580 0.4580 0.4580 0.4580 0.4580 0.4580 0.4580 0.4580 0.4580 0.4580 0.4580 0.4580 0.4580 0.4580 0.4580 0.4580 0.4580 0.4580 0.4580 0.4580 0.4580 0.4580 0.4580 0.4580 0.4580 0.4580 0.4580 0.4580 0.4580 0.4580 0.4580 0.4580 0.4580 0.4580 0.4580 0.4580 0.4580 0.4580 0.4580 0.4580 0.4580 0.4580 0.4580 0.4580 0.4580 0.4580 0.4580 0.4580 0.4580 0.4580 0.4580 0.4580 0.4580 0.4580 0.4580 0.4580 0.4580 0.4580 0.4580 0.4580 0.4580 0.4580 0.4580 0.4580 0.4580 0.4580 0.4580 0.4580 0.4580 0.4580 0.4580 0.4580 0.4580 0.4580 0.4580 0.4580 0.4580 0.4580 0.4580 0.4580 0.4580 0.4580 0.4580 0.4580 0.4580 0.4580 0.4580 0.4580 0.4580 0.4580 0.4580 0.4580 0.4580 0.4580 0.4580 0.4580 0.4580 0.4580 0.4580 0.4580 0.4580 0.4580 0.4580 0.4580 0.4580 0.4580 0.4580 0.4580 0.4580 0.4580 0.4580 0.4580 0.4580 0.4580 0.4580 0.4580 0.4580 0.4580 0.4580 0.4580 0.4580 0.4580 0.4580 0.4580 0.4580 0.4580 0.4580 0.4580 0.4580 0.4580 0.4580 0.4580 0.4580 0.4580 0.4580 0.4580 0.4580 0.4580 0.4580 0.4580 0.4580 0.4580 0.4580 0.4580 0.4580 0.4580 0.4580 0.4580 0.4580 0.4580 0.4580 0.4580 0.4580 0.4580 0.4580 0.4580 0.4580 0.4580 0.4580 0.4580 0.4580 0.4580 0.4580 0.4580 0.4580 0.4580 0.4580 0.4580 0.4580 0.4580 0.4580 0.4580 0.4580 0.4580 0.4580 0.4580 0.4580 0.4580 0.4580 0.4580 0.4580 0.4580 0.4580 0.4580 0.4580 0.4580 0.4580 0.4580 0.4580 0.4580 0.4580 0.4580 0.4580 0.4580 0.4580 0.4580 0.4580 0.4580 0.4580 0.4580 0.4580 0.4580 0.4580 0.4580 0.4580 0.4580 0.4580 0.4580 0.4580 0.4580 0.4580 0.4580 0.4580 0.4580 0.4580 0.4580 0.4580 0.4580 0.4580 0.4580 0.4580 0.4580 0.4580 0.4580 0.4580 0.4580 0.4580 0.4580 0.4580 0.4580 0.4580 0.4580 0.4580 0.4580 0.4580 0.4580 0.4580 0.4580 0.4580 0.4580 0.4580 0.4580 0.4580 0.4580 0.4580 0.4580 0.4580 0.4580 0.4580 0.4580 0.4580 0.4580 0.4580 0.4580 0.4580 0.4580 0.4580 0.4580 0.4580 0.4580 0.4580 0.4580 0.4580 0.4580 0.4580 0.4580 0.4580 0.4580 0.4580 0.4580 0.4580 0.4580 0.4580 0.4580 0.4580 0.4580 0.4580 0.4580 0.4580 0.4580 0.4580 0.4580 0.4580 0.4580 0.4580 0.4580 0.4580 0.4580 0.4580 0.4580 0.4580 0.4580 0.4580 0.4580 0.4580 0.4580 0.4580 0.4580 0.4580 0.4580 0.4580 0.4580 0.4580 0.4580 0.4580 0.4580 0.4580 0.4580 0.4580 0.4580 0.4580 0.4580 0.4580 0.4580 0.4580 0.4580 0.4580 0.4580 0.4580 0.4580 0.4580 0.4580 0.4580 0.4580 0.4580 0.4580 0.4580 0.4580 0.4580 0.4580 0.4580 0.4580 0.4580 0.4580 0.4580 0.4580 0.4580 0.4580 0.4580 0.4580 0.4580 0.4580 0.4580 0.4580 0.4580 0.4580 0.4580 0.4580 0.4580 0.4580 0.4580 0.4580 0.4580 0.4580 0.4580 0.4580 0.4580 0.4580 0.4580 0.4580 0.4580 0.4580 0.4580 0.4580 0.4580 0.4580 0.4580 0.4580 0.4580 0.4580 0.4580 0.4580 0.4580 0.4580 0.4580 0.4580 0.4580 0.4580 0.4580 0.4580 0.4580 0.4580 0.4580 0.4580 0.4580 0.4580 0.4580 0.4580 0.4580 0.4580 0.4580 0.4580 0.4580 0.4580 0.4580 0.4580 0.4580 0.4580 0.4580 0.4580 0.4580 0.4580 0.4580 0.4580 0.4580 0.4580 0.4580 0.4580 0.4580 0.4580 0.4580 0.4580 0.4580 0.4580 0.4580 0.4580 0.4580 0.4580 0.4580 0.4580 0.4580 0.4580 0.4580 0.4580 0.4580 0.4580 0.4580 0.4580 0.4580 0.4580 0.4580 0.4580 0.4580 0.4580 0.4580 0.4580 0.4580 0.4580 0.4580 0.4580 0.4580 0.4580 0.4580 0.4580 0.4580 0.4580 0.4580 0.4580 0.4580 0.4580 0.4580 0.4580 0.4580 0.4580 0.4580 0.4580 0.4580 0.4580 0.4580 0.4580 0.4580 0.4580 0.4580 0.4580 0.4580 0.4580 0.4580 0.4580 0.4580 0.4580 0.4580 0.4580 0.4580 0.4580 0.4580 0.4580 0.4580 0.4580 0.4580 0.4580 0.4580 0.4580 0.4580 0.4580 0.4580 0.4580 0.4580 0.4580 0.4580 0.4580 0.4580 0.4580 0.4580 0.4580 0.4580 0.4580 0.4580 0.4580 0.4580 0.4580 0.4580 0.4580 0.4580 0.4580 0.4580 0.4580 0.4580 0.4580 0.4580 0.4580 0.4580 0.4580 0.4580 0.4580 0.4580 0.4580 0.4580 0.4580 0.4580 0.4580 0.4580 0.4580 0.4580 0.4580 0.4580 0.4580 0.4580 0.4580 0.4580 0.4580 0.4580 0.4580 0.4580 0.4580 0.4580 0.4580 0.4580 0.4580 0.4580 0.4580 0.4580 0.4580 0.4580 0.4580 0.4580 0.4580 0.4580 0.4580 0.4580 0.4580 0.4580 0.4580 0.4580 0.4580 0.4580 0.4580 0.4580 0.4580 0.4580 0.4580 0.4580 0.4580 0.4580 0.4580 0.4580 0.4580 0.4580 0.4580 0.4580 0.4580 0.4580 0.4580 0.4580 0.4580 0.4580 0.4580 0.4580 0.4580 0.4580 0.4580 0.4580 0.4580 0.4580 0.4580 0.4580 0.4580 0.4580 0.4580 0.4580 0.4580 0.4580 0.4580 0.4580 0.4580 0.4580 0.4580 0.4580 0.4580 0.4580 0.4580 0.4580 0.4580 0.4580 0.4580 0.4580 0.4580 0.4580 0.4580 0.4580 0.4580 0.4580 0.4580 0.4580 0.4580 0.4580 0.4580 0.4580 0.4580 0.4580 0.4580 0.4580 0.4580 0.4580 0.4580 0.4580 0.4580 0.4580 0.4580 0.4580 0.4580 0.4580 0.4580 0.4580 0.4580 0.4580 0.4580 0.4580 0.4580 0.4580 0.4580 0.4580 0.4580 0.4580 0.4580 0.4580 0.4580 0.4580 0.4580 0.4580 0.4580 0.4580 0.4580 0.4580 0.4580 0.4580 0.4580 0.4580 0.4580 0.4580 0.4580 0.4580 0.4580 0.4580 0.4580 0.4580 0.4580 0.4580 0.4580 0.4580 0.4580 0.4580 0.4580 0.4580 0.4580 0.4580 0.4580 0.4580 0.4580 0.4580 0.4580 0.4580 0.4580 0.4580 0.4580 0.4580 0.4580 0.4580 0.4580 0.4580 0.4580 0.4580 0.4580 0.4580 0.4580 0.4580 0.4580 0.4580 0.4580 0.4580 0.4580 0.4580 0.4580 0.4580 0.4580 0.4580 0.4580 0.4580 0.4580 0.4580 0.4580 0.4580 0.4580 0.4580 0.4580 0.4580 0.4580 0.4580 0.4580 0.4580 0.4580 0.4580 0.4580 0.4580 0.4580 0.4580 0.4580 0.4580 0.4580 0.4580 0.4580 0.4580 0.4580 0.4580 0.4580 0.4580 0.4580 0.4580 0.4580 0.4580 0.4580 0.4580 0.4580 0.4580 0.4580 0.4580 0.4580 0.4580 0.4580 0.4580 0.4580 0.4580 0.4580 0.4580 0.4580 0.4580 0.4580 0.4580 0.4580 0.4580 0.4580 0.4580 0.4580 0.4580 0.4580 0.4580 0.4580 0.4580 0.4580 0.4580 0.4580 0.4580 0.4580 0.4580 0.4580 0.4580 0.4580 0.4580 0.4580 0.4580 0.4580 0.4580 0.4580 0.4580 0.4580 0.4580 0.4580 0.4580 0.4580 0.4580 0.4580 0.4580 0.4580 0.4580 0.4580 0.4580 0.4580 0.4580 0.4580 0.4580 0.4580 0.4580 0.4580 0.4580 0.4580 0.4580 0.4580 0.4580 0.4580 0.4580 0.4580 0.4580 0.4580 0.4580 0.4580 0.4580 0.4580 0.4580 0.4580 0.4580 0.4580 0.4580 0.4580 0.4580 0.4580 0.4580 0.4580 0.4580 0.4580 0.4580 0.4580 0.4580 0.4580 0.4580 0.4580 0.4580 0.4580 0.4580 0.4580 0.4580 0.4580 0.4580 0.4580 0.4580 0.4580 0.4580 0.4580 0.4580 0.4580 0.4580 0.4580 0.4580 0.4580 0.4580 0.4580 0.4580 0.4580 0.4580 0.4580 0.4580 0.4580 0.4580 0.4580 0.4580 0.4580 0.4580 0.4580 0.4580 0.4580 0.4580 0.4580 0.4580 0.4580 0.4580 0.4580 0.4580 0.4580 0.4580 0.4580 0.4580 0.4580 0.4580 0.4580 0.4580 0.4580 0.4580 0.4580 0.4580 0.4580 0.4580 0.4580 0.4580 0.4580 0.4580 0.4580 0.4580 0.4580 0.4580 0.4580 0.4580 0.4580 0.4580 0.4580 0.4580 0.4580 0.4580 0.4580 0.4580 0.4580 0.4580 0.4580 0.4580 0.4580 0.4580 0.4580 0.4580 0.4580 0.4580 0.4580 0.4580 0.4580 0.4580 0.4580 0.4580 0.4580 0.4580 0.4580 0.4580 0.4580 0.4580 0.4580 0.4580 0.4580 0.4580 0.4580 0.4580 0.4580 0.4580 0.4580 0.4580 0.4580 0.4580 0.4580 0.4580 0.4580 0.4580 0.4580 0.4580 0.4580 0.4580 0.4580 0.4580 0.4580 0.4580 0.4580 0.4580 0.4580 0.4580 0.4580 0.4580 0.4580 0.4580 0.4580 0.4580 0.4580 0.4580 0.4580 0.4580 0.4580 0.4580 0.4580 0.4580 0.4580 0.4580 0.4580 0.4580 0.4580 0.4580 0.4580 0.4580 0.4580 0.4580 0.4580 0.4580 0.4580 0.4580 0.4580 0.4580 0.4580 0.4580 0.4580 0.4580 0.4580 0.4580 0.4580 0.4580 0.4580 0.4580 0.4580 0.4580 0.4580 0.4580 0.4580 0.4580 0.4580 0.4580 0.4580 0.4580 0.4580 0.4580 0.4580 0.4580 0.4580 0.4580 0.4580 0.4580 0.4580 0.4580 0.4580 0.4580 0.4580 0.4580 0.4580 0.4580 0.4580 0.4580 0.4580 0.4580 0.4580 0.4580 0.4580 0.4580 0.4580 0.4580 0.4580 0.4580 0.4580 0.4580 0.4580 0.4580 0.4580 0.4580 0.4580 0.4580 0.4580 0.4580 0.4580 0.4580 0.4580 0.4580 0.4580 0.4580 0.4580 0.4580 0.4580 0.4580 0.4580 0.4580 0.4580 0.4580 0.4580 0.4580 0.4580 0.4580 0.4580 0.4580 0.4580 0.4580 0.4580 0.4580 0.4580 0.4580 0.4580 0.4580 0.4580 0.4580 0.4580 0.4580 0.4580 0.4580 0.4580 0.4580 0.4580 0.4580 0.4580 0.4580 0.4580 0.4580 0.4580 0.4580 0.4580 0.4580 0.4580 0.4580 0.4580 0.4580 0.4580 0.4580 0.4580 0.4580 0.4580 0.4580 0.4580 0.4580 0.4580 0.4580 0.4580 0.4580 0.4580 0.4580 0.4580 0.4580 0.4580 0.4580 0.4580 0.4580 0.4580 0.4580 0.4580 0.4580 0.4580 0.4580 0.4580 0.4580 0.4580 0.4580 0.4580 0.4580 0.4580 0.4580 0.4580 0.4580 0.4580 0.4580 0.4580 0.4580 0.4580 0.4580 0.4580 0.4580 0.4580 0.4580 0.4580 0.4580 0.4580 0.4580 0.4580 0.4580 0.4580 0.4580 0.4580 0.4580 0.4580 0.4580 0.4580 0.4580 0.4580 0.4580 0.4580 0.4580 0.4580 0.4580 0.4580 0.4580 0.4580 0.4580 0.4580 0.4580 0.4580 0.4580 0.4580 0.4580 0.4580 0.4580 0.4580 0.4580 0.4580 0.4580 0.4580 0.4580 0.4580 0.4580 0.4580 0.4580 0.4580 0.4580 0.4580 0.4580 0.4580 0.4580 0.4580 0.4580 0.4580 0.4580 0.4580 0.4580 0.4580 0.4580 0.4580 0.4580 0.4580 0.4580 0.4580 0.4580 0.4580 0.4580 0.4580 0.4580 0.4580 0.4580 0.4580 0.4580 0.4580 0.4580 0.4580 0.4580 0.4580 0.4580 0.4580 0.4580 0.4580 0.4580 0.4580 0.4580 0.4580 0.4580 0.4580 0.4580 0.4580 0.4580 0.4580 0.4580 0.4580 0.4580 0.4580 0.4580 0.4580 0.4580 0.4580 0.4580 0.4580 0.4580 0.4580 0.4580 0.4580 0.4580 0.4580 0.4580 0.4580 0.4580 0.4580 0.4580 0.4580 0.4580 0.4580 0.4580 0.4580 0.4580 0.4580 0.4580 0.4580 0.4580 0.4580 0.4580 0.4580 0.4580 0.4580 0.4580 0.4580 0.4580 0.4580 0.4580 0.4580 0.4580 0.4580 0.4580 0.4580 0.4580 0.4580 0.4580 0.4580 0.4580 0.4580 0.4580 0.4580 0.4580 0.4580 0.4580 0.4580 0.4580 0.4580 0.4580 0.4580 0.4580 0.4580 0.4580 0.4580 0.4580 0.4580 0.4580 0.4580 0.4580 0.4580 0.4580 0.4580 0.4580 0.4580 0.4580 0.4580 0.4580 0.4580 0.4580 0.4580 0.4580 0.4580 0.4580 0.4580 0.4580 0.4580 0.4580 0.4580 0.4580 0.4580 0.4580 0.4580 0.4580 0.4580 0.4580 0.4580 0.4580 0.4580 0.4580 0.4580 0.4580 0.4580 0.4580 0.4580 0.4580 0.4580 0.4580 0.4580 0.4580 0.4580 0.4580 0.4580 0.4580 0.4580 0.4580 0.4580 0.4580 0.4580 0.4580 0.4580 0.4580 0.4580 0.4580 0.4580 0.4580 0.4580 0.4580 0.4580 0.4580 0.4580 0.4580 0.4580 0.4580 0.4580 0.4580 0.4580 0.4580 0.4580 0.4580 0.4580 0.4580 0.4580 0.4580 0.4580 0.4580 0.4580 0.4580 0.4580 0.4580 0.4580 0.4580 0.4580 0.4580 0.4580 0.4580 0.4580 0.4580 0.4580 0.4580 0.4580 0.4580 0.4580 0.4580 0.4580 0.4580 0.4580 0.4580 0.4580 0.4580 0.4580 0.4580 0.4580 0.4580 0.4580 0.4580 0.4580 0.4580 0.4580 0.4580 0.4580 0.4580 0.4580 0.4580 0.4580 0.4580 0.4580 0.4580 0.4580 0.4580 0.4580 0.4580 0.4580 0.4580 0.4580 0.4580 0.4580 0.4580 0.4580 0.4580 0.4580 0.4580 0.4580 0.4580 0.4580 0.4580 0.4580 0.4580 0.4580 0.4580 0.4580 0.4580 0.4580 0.4580 0.4580 0.4580 0.4580 0.4580 0.4580 0.4580 0.4580 0.4580 0.4580 0.4580 0.4580 0.4580 0.4580 0.4580 0.4580 0.4580 0.4580 0.4580 0.4580 0.4580 0.4580 0.4580 0.4580 0.4580 0.4580 0.4580 0.4580 0.4580 0.4580 0.4580 0.4580 0.4580 0.4580 0.4580 0.4580 0.4580 0.4580 0.4580 0.4580 0.4580 0.4580 0.4580 0.4580 0.4580 0.4580 0.4580 0.4580 0.4580 0.4580 0.4580 0.4580 0.4580 0.4580 0.4580 0.4580 0.4580 0.4580 0.4580 0.4580 0.4580 0.4580 0.4580 0.4580 0.4580 0.4580 0.4580 0.4580 0.4580 0.4580 0.4580 0.4580 0.4580 0.4580 0.4580 0.4580 0.4580 0.3850 0.3850 0.3850 0.3850 0.3850 0.3850 0.3850 0.3850 0.3850 0.3850 0.3850 0.3850 0.3850 0.3850 0.3850 0.3850 0.3850 0.3850 0.3850 0.3850 0.3850 0.3850 0.3850 0.3850 0.3850 0.3850 0.3850 0.3850 0.3850 0.3850 0.3850 0.3850 0.3850 0.3850 0.3850 0.3850 0.3850 0.3850 0.3850 0.3850 0.3850 0.3850 0.3850 0.3850 0.3850 0.3850 0.3850 0.3850 0.3850 0.3850 0.3850 0.3850 0.3850 0.3850 0.3850 0.3850 0.3850 0.3850 0.3850 0.3850 0.3850 0.3850 0.3850 0.3850 0.3850 0.3850 0.3850 0.3850 0.3850 0.3850 0.3850 0.3850 0.3850 0.3850 0.3850 0.3850 0.3850 0.3850 0.3850 0.3850 0.3850 0.3850 0.3850 0.3850 0.3850 0.3850 0.3850 0.3850 0.3850 0.3850 0.3850 0.3850 0.3850 0.3850 0.3850 0.3850 0.3850 0.3850 0.3850 0.3850 0.3850 0.3850 0.3850 0.3850 0.3850 0.3850 0.3850 0.3850 0.3850 0.3850 0.3850 0.3850 0.3850 0.3850 0.3850 0.3850 0.3850 0.3850 0.3850 0.3850 0.3850 0.3850 0.3850 0.3850 0.3850 0.3850 0.3850 0.3850 0.3850 0.3850 0.3850 0.3850 0.3850 0.3850 0.3850 0.3850 0.3850 0.3850 0.3850 0.3850 0.3850 0.3850 0.3850 0.3850 0.3850 0.3850 0.3850 0.3850 0.3850 0.3850 0.3850 0.3850 0.3850 0.3850 0.3850 0.3850 0.3850 0.3850 0.3850 0.3850 0.3850 0.3850 0.3850 0.3850 0.3850 0.3850 0.3850 0.3850 0.3850 0.3850 0.3850 0.3850 0.3850 0.3850 0.3850 0.3850 0.3850 0.3850 0.3850 0.3850 0.3850 0.3850 0.3850 0.3850 0.3850 0.3850 0.3850 0.3850 0.3850 0.3850 0.3850 0.3850 0.3850 0.3850 0.3850 0.3850 0.3850 0.3850 0.3850 0.3850 0.3850 0.3850 0.3850 0.3850 0.3850 0.3850 0.3850 0.3850 0.3850 0.3850 0.3850 0.3850 0.3850 0.3850 0.3850 0.3850 0.3850 0.3850 0.3850 0.3850 0.3850 0.3850 0.3850 0.3850 0.3850 0.3850 0.3850 0.3850 0.3850 0.3850 0.3850 0.3850 0.3850 0.3850 0.3850 0.3850 0.3850 0.3850 0.3850 0.3850 0.3850 0.3850 0.3850 0.3850 0.3850 0.3850 0.3850 0.3850 0.3850 0.3850 0.3850 0.3850 0.3850 0.3850 0.3850 0.3850 0.3850 0.3850 0.3850 0.3850 0.3850 0.3850 0.3850 0.3850 0.3850 0.3850 0.3850 0.3850 0.3850 0.3850 0.3850 0.3850 0.3850 0.3850 0.3850 0.3850 0.3850 0.3850 0.3850 0.3850 0.3850 0.3850 0.3850 0.3850 0.3850 0.3850 0.3850 0.3850 0.3850 0.3850 0.3850 0.3850 0.3850 0.3850 0.3850 0.3850 0.3850 0.3850 0.3850 0.3850 0.3850 0.3850 0.3850 0.3850 0.3850 0.3850 0.3850 0.3850 0.3850 0.3850 0.3850 0.3850 0.3850 0.3850 0.3850 0.3850 0.3850 0.3850 0.3850 0.3850 0.3850 0.3850 0.3850 0.3850 0.3850 0.3850 0.3850 0.3850 0.3850 0.3850 0.3850 0.3850 0.3850 0.3850 0.3850 0.3850 0.3850 0.3850 0.3850 0.3850 0.3850 0.3850 0.3850 0.3850 0.3850 0.3850 0.3850 0.3850 0.3850 0.3850 0.3850 0.3850 0.3850 0.3850 0.3850 0.3850 0.3850 0.3850 0.3850 0.3850 0.3850 0.3850 0.3850 0.3850 0.3850 0.3850 0.3850 0.3850 0.3850 0.3850 0.3850 0.3850 0.3850 0.3850 0.3850 0.3850 0.3850 0.3850 0.3850 0.3850 0.3850 0.3850 0.3850 0.3850 0.3850 0.3850 0.3850 0.3850 0.3850 0.3850 0.3850 0.3850 0.3850 0.3850 0.3850 0.3850 0.3850 0.3850 0.3850 0.3850 0.3850 0.3850 0.3850 0.3850 0.3850 0.3850 0.3850 0.3850 0.3850 0.3850 0.3850 0.3850 0.3850 0.3850 0.3850 0.3850 0.3850 0.3850 0.3850 0.3850 0.3850 0.3850 0.3850 0.3850 0.3850 0.3850 0.3850 0.3850 0.3850 0.3850 0.3850 0.3850 0.3850 0.3850 0.3850 0.3850 0.3850 0.3850 0.3850 0.3850 0.3850 0.3850 0.3850 0.3850 0.3850 0.3850 0.3850 0.3850 0.3850 0.3850 0.3850 0.3850 0.3850 0.3850 0.3850 0.3850 0.3850 0.3850 0.3850 0.3850 0.3850 0.3850 0.3850 0.3850 0.3850 0.3850 0.3850 0.3850 0.3850 0.3850 0.3850 0.3850 0.3850 0.3850 0.3850 0.3850 0.3850 0.3850 0.3850 0.3850 0.3850 0.3850 0.3850 0.3850 0.3850 0.3850 0.3850 0.3850 0.3850 0.3850 0.3850 0.3850 0.3850 0.3850 0.3850 0.3850 0.3850 0.3850 0.3850 0.3850 0.3850 0.3850 0.3850 0.3850 0.3850 0.3850 0.3850 0.3850 0.3850 0.3850 0.3850 0.3850 0.3850 0.3850 0.3850 0.3850 0.3850 0.3850 0.3850 0.3850 0.3850 0.3850 0.3850 0.3850 0.3850 0.3850 0.3850 0.3850 0.3850 0.3850 0.3850 0.3850 0.3850 0.3850 0.3850 0.3850 0.3850 0.3850 0.3850 0.3850 0.3850 0.3850 0.3850 0.3850 0.3850 0.3850 0.3850 0.3850 0.3850 0.3850 0.3850 0.3850 0.3850 0.3850 0.3850 0.3850 0.3850 0.3850 0.3850 0.3850 0.3850 0.3850 0.3850 0.3850 0.3850 0.3850 0.3850 0.3850 0.3850 0.3850 0.3850 0.3850 0.3850 0.3850 0.3850 0.3850 0.3850 0.3850 0.3850 0.3850 0.3850 0.3850 0.3850 0.3850 0.3850 0.3850 0.3850 0.3850 0.3850 0.3850 0.3850 0.3850 0.3850 0.3850 0.3850 0.3850 0.3850 0.3850 0.3850 0.3850 0.3850 0.3850 0.3850 0.3850 0.3850 0.3850 0.3850 0.3850 0.3850 0.3850 0.3850 0.3850 0.3850 0.3850 0.3850 0.3850 0.3850 0.3850 0.3850 0.3850 0.3850 0.3850 0.3850 0.3850 0.3850 0.3850 0.3850 0.3850 0.3850 0.3850 0.3850 0.3850 0.3850 0.3850 0.3850 0.3850 0.3850 0.3850 0.3850 0.3850 0.3850 0.3850 0.3850 0.3850 0.3850 0.3850 0.3850 0.3850 0.3850 0.3850 0.3850 0.3850 0.3850 0.3850 0.3850 0.3850 0.3850 0.3850 0.3850 0.3850 0.3850 0.3850 0.3850 0.3850 0.3850 0.3850 0.3850 0.3850 0.3850 0.3850 0.3850 0.3850 0.3850 0.3850 0.3850 0.3850 0.3850 0.3850 0.3850 0.3850 0.3850 0.3850 0.3850 0.3850 0.3850 0.3850 0.3850 0.3850 0.3850 0.3850 0.3850 0.3850 0.3850 0.3850 0.3850 0.3850 0.3850 0.3850 0.3850 0.3850 0.3850 0.3850 0.3850 0.3850 0.3850 0.3850 0.3850 0.3850 0.3850 0.3850 0.3850 0.3850 0.3850 0.3850 0.3850 0.3850 0.3850 0.3850 0.3850 0.3850 0.3850 0.3850 0.3850 0.3850 0.3850 0.3850 0.3850 0.3850 0.3850 0.3850 0.3850 0.3850 0.3850 0.3850 0.3850 0.3850 0.3850 0.3850 0.3850 0.3850 0.3850 0.3850 0.3850 0.3850 0.3850 0.3850 0.3850 0.3850 0.3850 0.3850 0.3850 0.3850 0.3850 0.3850 0.3850 0.3850 0.3850 0.3850 0.3850 0.3850 0.3850 0.3850 0.3850 0.3850 0.3850 0.3850 0.3850 0.3850 0.3850 0.3850 0.3850 0.3850 0.3850 0.3850 0.3850 0.3850 0.3850 0.3850 0.3850 0.3850 0.3850 0.3850 0.3850 0.3850 0.3850 0.3850 0.3850 0.3850 0.3850 0.3850 0.3850 0.3850 0.3850 0.3850 0.3850 0.3850 0.3850 0.3850 0.3850 0.3850 0.3850 0.3850 0.3850 0.3850 0.3850 0.3850 0.3850 0.3850 0.3850 0.3850 0.3850 0.3850 0.3850 0.3850 0.3850 0.3850 0.3850 0.3850 0.3850 0.3850 0.3850 0.3850 0.3850 0.3850 0.3850 0.3850 0.3850 0.3850 0.3850 0.3850 0.3850 0.3850 0.3850 0.3850 0.3850 0.3850 0.3850 0.3850 0.3850 0.3850 0.3850 0.3850 0.3850 0.3850 0.3850 0.3850 0.3850 0.3850 0.3850 0.3850 0.3850 0.3850 0.3850 0.3850 0.3850 0.3850 0.3850 0.3850 0.3850 0.3850 0.3850 0.3850 0.3850 0.3850 0.3850 0.3850 0.3850 0.3850 0.3850 0.3850 0.3850 0.3850 0.3850 0.3850 0.3850 0.3850 0.3850 0.3850 0.3850 0.3850 0.3850 0.3850 0.3850 0.3850 0.3850 0.3850 0.3850 0.3850 0.3850 0.3850 0.3850 0.3850 0.3850 0.3850 0.3850 0.3850 0.3850 0.3850 0.3850 0.3850 0.3850 0.3850 0.3850 0.3850 0.3850 0.3850 0.3850 0.3850 0.3850 0.3850 0.3850 0.3850 0.3850 0.3850 0.3850 0.3850 0.3850 0.3850 0.3850 0.3850 0.3850 0.3850 0.3850 0.3850 0.3850 0.3850 0.3850 0.3850 0.3850 0.3850 0.3850 0.3850 0.3850 0.3850 0.3850 0.3850 0.3850 0.3850 0.3850 0.3850 0.3850 0.3850 0.3850 0.3850 0.3850 0.3850 0.3850 0.3850 0.3850 0.3850 0.3850 0.3850 0.3850 0.3850 0.3850 0.3850 0.3850 0.3850 0.3850 0.3850 0.3850 0.3850 0.3850 0.3850 0.3850 0.3850 0.3850 0.3850 0.3850 0.3850 0.3850 0.3850 0.3850 0.3850 0.3850 0.3850 0.3850 0.3850 0.3850 0.3850 0.3850 0.3850 0.3850 0.3850 0.3850 0.3850 0.3850 0.3850 0.3850 0.3850 0.3850 0.3850 0.3850 0.3850 0.3850 0.3850 0.3850 0.3850 0.3850 0.3850 0.3850 0.3850 0.3850 0.3850 0.3850 0.3850 0.3850 0.3850 0.3850 0.3850 0.3850 0.3850 0.3850 0.3850 0.3850 0.3850 0.3850 0.3850 0.3850 0.3850 0.3850 0.3850 0.3850 0.3850 0.3850 0.3850 0.3850 0.3850 0.3850 0.3850 0.3850 0.3850 0.3850 0.3850 0.3850 0.3850 0.3850 0.3850 0.3850 0.3850 0.3850 0.3850 0.3850 0.3850 0.3850 0.3850 0.3850 0.3850 0.3850 0.3850 0.3850 0.3850 0.3850 0.3850 0.3850 0.3850 0.3850 0.3850 0.3850 0.3850 0.3850 0.3850 0.3850 0.3850 0.3850 0.3850 0.3850 0.3850 0.3850 0.3850 0.3850 0.3850 0.3850 0.3850 0.3850 0.3850 0.3850 0.3850 0.3850 0.3850 0.3850 0.3850 0.3850 0.3850 0.3850 0.3850 0.3850 0.3850 0.3850 0.3850 0.3850 0.3850 0.3850 0.3850 0.3850 0.3850 0.3850 0.3850 0.3850 0.3850 0.3850 0.3850 0.3850 0.3850 0.3850 0.3850 0.3850 0.3850 0.3850 0.3850 0.3850 0.3850 0.3850 0.3850 0.3850 0.3850 0.3850 0.3850 0.3850 0.3850 0.3850 0.3850 0.3850 0.3850 0.3850 0.3850 0.3850 0.3850 0.3850 0.3850 0.3850 0.3850 0.3850 0.3850 0.3850 0.3850 0.3850 0.3850 0.3850 0.3850 0.3850 0.3850 0.3850 0.3850 0.3850 0.3850 0.3850 0.3850 0.3850 0.3850 0.3850 0.3850 0.3850 0.3850 0.3850 0.3850 0.3850 0.3850 0.3850 0.3850 0.3850 0.3850 0.3850 0.3850 0.3850 0.3850 0.3850 0.3850 0.3850 0.3850 0.3850 0.3850 0.3850 0.3850 0.3850 0.3850 0.3850 0.3850 0.3850 0.3850 0.3850 0.3850 0.3850 0.3850 0.3850 0.3850 0.3850 0.3850 0.3850 0.3850 0.3850 0.3850 0.3850 0.3850 0.3850 0.3850 0.3850 0.3850 0.3850 0.3850 0.3850 0.3850 0.3850 0.3850 0.3850 0.3850 0.3850 0.3850 0.3850 0.3850 0.3850 0.3850 0.3850 0.3850 0.3850 0.3850 0.3850 0.3850 0.3850 0.3850 0.3850 0.3850 0.3850 0.3850 0.3850 0.3850 0.3850 0.3850 0.3850 0.3850 0.3850 0.3850 0.3850 0.3850 0.3850 0.3850 0.3850 0.3850 0.3850 0.3850 0.3850 0.3850 0.3850 0.3850 0.3850 0.3850 0.3850 0.3850 0.3850 0.3850 0.3850 0.3850 0.3850 0.3850 0.3850 0.3850 0.3850 0.3850 0.3850 0.3850 0.3850 0.3850 0.3850 0.3850 0.3850 0.3850 0.3850 0.3850 0.3850 0.3850 0.3850 0.3850 0.3850 0.3850 0.3850 0.3850 0.3850 0.3850 0.3850 0.3850 0.3850 0.3850 0.3850 0.3850 0.3850 0.3850 0.3850 0.3850 0.3850 0.3850 0.3850 0.3850 0.3850 0.3850 0.3850 0.3850 0.3850 0.3850 0.3850 0.3850 0.3850 0.3850 0.3850 0.3850 0.3850 0.3850 0.3850 0.3850 0.3850 0.3850 0.3850 0.3850 0.3850 0.3850 0.3850 0.3850 0.3850 0.3850 0.3850 0.3850 0.3850 0.3850 0.3850 0.3850 0.3850 0.3850 0.3850 0.3850 0.3850 0.3850 0.3850 0.3850 0.3850 0.3850 0.3850 0.3850 0.3850 0.3850 0.3850 0.3850 0.3850 0.3850 0.3850 0.3850 0.3850 0.3850 0.3850 0.3850 0.3850 0.3850 0.3850 0.3850 0.3850 0.3850 0.3850 0.3850 0.3850 0.3850 0.3850 0.3850 0.3850 0.3850 0.3850 0.3850 0.3850 0.3850 0.3850 0.3850 0.3850 0.3850 0.3850 0.3850 0.3850 0.3850 0.3850 0.3850 0.3850 0.3850 0.3850 0.3850 0.3850 0.3850 0.3850 0.3850 0.3850 0.3850 0.3850 0.3850 0.3850 0.3850 0.3850 0.3850 0.3850 0.3850 0.3850 0.3850 0.3850 0.3850 0.3850 0.3850 0.3850 0.3850 0.3850 0.3850 0.3850 0.3850 0.3850 0.3850 0.3850 0.3850 0.3850 0.3850 0.3850 0.3850 0.3850 0.3850 0.3850 0.3850 0.3850 0.3850 0.3850 0.3850 0.3850 0.3850 0.3850 0.3850 0.3850 0.3850 0.3850 0.3850 0.3850 0.3850 0.3850 0.3850 0.3850 0.3850 0.3850 0.3850 0.3850 0.3850 0.3850 0.3850 0.3850 0.3850 0.3850 0.3850 0.3850 0.3850 0.3850 0.3850 0.3850 0.3850 0.3850 0.3850 0.3850 0.3850 0.3850 0.3850 0.3850 0.3850 0.3850 0.3850 0.3850 0.3850 0.3850 0.3850 0.3850 0.3850 0.3850 0.3850 0.3850 0.3850 0.3850 0.3850 0.3850 0.3850 0.3850 0.3850 0.3850 0.3850 0.3850 0.3850 0.3850 0.3850 0.3850 0.3850 0.3850 0.3850 0.3850 0.3850 0.3850 0.3850 0.3850 0.3850 0.3850 0.3850 0.3850 0.3850 0.3850 0.3850 0.3850 0.3850 0.3850 0.3850 0.3850 0.3850 0.3850 0.3850 0.3850 0.3850 0.3850 0.3850 0.3850 0.3850 0.3850 0.3850 0.3850 0.3850 0.3850 0.3850 0.3850 0.3850 0.3850 0.3850 0.3850 0.3850 0.3850 0.3850 0.3850 0.3850 0.3850 0.3850 0.3850 0.3850 0.3850 0.3850 0.3850 0.3850 0.3850 0.3850 0.3850 0.3850 0.3850 0.3850 0.3850 0.3850 0.3850 0.3850 0.3850 0.3850 0.3850 0.3850 0.3850 0.3850 0.3850 0.3850 0.3850 0.3850 0.3850 0.3850 0.3850 0.3850 0.3850 0.3850 0.3850 0.3850 0.3850 0.3850 0.3850 0.3850 0.3850 0.3850 0.3850 0.3850 0.3850 0.3850 0.3850 0.3850 0.3850 0.3850 0.3850 0.3850 0.3850 0.3850 0.3850 0.3850 0.3850 0.3850 0.3850 0.3850 0.3850 0.3850 0.3850 0.3850 0.3850 0.3850 0.3850 0.3850 0.3850 0.3850 0.3850 0.3850 0.3850 0.3850 0.3850 0.3850 0.3850 0.3850 0.3850 0.3850 0.3850 0.3850 0.3850 0.3850 0.3850 0.3850 0.3850 0.3850 0.3850 0.3850 0.3850 0.3850 0.3850 0.3850 0.3850 0.3850 0.3850 0.3850 0.3850 0.3850 0.3850 0.3850 0.3850 0.3850 0.3850 0.3850 0.3850 0.3850 0.3850 0.3850 0.3850 0.3850 0.3850 0.3850 0.3850 0.3850 0.3850 0.3850 0.3850 0.3850 0.3850 0.3850 0.3850 0.3850 0.3850 0.3850 0.3850 0.3850 0.3850 0.3850 0.3850 0.3850 0.3850 0.3850 0.3850 0.3850 0.3850 0.3850 0.3850 0.3850 0.3850 0.3850 0.3850 0.3850 0.3850 0.3850 0.3850 0.3850 0.3850 0.3850 0.3850 0.3850 0.3850 0.3850 0.3850 0.3850 0.3850 0.3850 0.3850 0.3850 0.3850 0.3850 0.3850 0.3850 0.3850 0.3850 0.3850 0.3850 0.3850 0.3850 0.3850 0.3850 0.3850 0.3850 0.3850 0.3850 0.3850 0.3850 0.3850 0.3850 0.3850 0.3850 0.3850 0.3850 0.3850 0.3850 0.3850 0.3850 0.3850 0.3850 0.3850 0.3850 0.3850 0.3850 0.3850 0.3850 0.3850 0.3850 0.3850 0.3850 0.3850 0.3850 0.3850 0.3850 0.3850 0.3850 0.3850 0.3850 0.3850 0.3850 0.3850 0.3850 0.3850 0.3850 0.3850 0.3850 0.3850 0.3850 0.3850 0.3850 0.3850 0.3850 0.3850 0.3850 0.3850 0.3850 0.3850 0.3850 0.3850 0.3850 0.3850 0.3850 0.3850 0.3850 0.3850 0.3850 0.3850 0.3850 0.3850 0.3850 0.3850 0.3850 0.3850 0.3850 0.3850 0.3850 0.3850 0.3850 0.3850 0.3850 0.3850 0.3850 0.3850 0.3850 0.3850 0.3850 0.3850 0.3850 0.3850 0.3850 0.3850 0.3850 0.3850 0.3850 0.3850 0.3850 0.3850 0.3850 0.3850 0.3850 0.3850 0.3850 0.3850 0.3850 0.3850 0.3850 0.3850 0.3850 0.3850 0.3850 0.3850 0.3850 0.3850 0.3850 0.3850 0.3850 0.3850 0.3850 0.3850 0.3850 0.3850 0.3850 0.3850 0.3850 0.3850 0.3850 0.3850 0.3850 0.3850 0.3850 0.3850 0.3850 0.3850 0.3850 0.3850 0.3850 0.3850 0.3850 0.3850 0.3850 0.3850 0.3850 0.3850 0.3850 0.3850 0.3850 0.3850 0.3850 0.3850 0.3850 0.3850 0.3850 0.3850 0.3850 0.3850 0.3850 0.3850 0.3850 0.3850 0.3850 0.3850 0.3850 0.3850 0.3850 0.3850 0.3850 0.3850 0.3850 0.3850 0.3850 0.3850 0.3850 0.3850 0.3850 0.3850 0.3850 0.3850 0.3850 0.3850 0.3850 0.3850 0.3850 0.3850 0.3850 0.3850 0.3850 0.3850 0.3850 0.3850 0.3850 0.3850 0.3850 0.3850 0.3850 0.3850 0.3850 0.3850 0.3850 0.3850 0.3850 0.3850 0.3850 0.3850 0.3850 0.3850 0.3850 0.3850 0.3850 0.3850 0.3850 0.3850 0.3850 0.3850 0.3850 0.3850 0.3850 0.3850 0.3850 0.3850 0.3850 0.3850 0.3850 0.3850 0.3850 0.3850 0.3850 0.3850 0.3850 0.3850 0.3850 0.3850 0.3850 0.3850 0.3850 0.3850 0.3850 0.3850 0.3850 0.3850 0.3850 0.3850 0.3850 0.3850 0.3850 0.3850 0.3850 0.3850 0.3850 0.3850 0.3850 0.3850 0.3850 0.3850 0.3850 0.3850 0.3850 0.3850 0.3850 0.3850 0.3850 0.3850 0.3850 0.3850 0.3850 0.3850 0.3850 0.3850 0.3850 0.3850 0.3850 0.3850 0.3850 0.3850 0.3850 0.3850 0.3850 0.3850 0.3850 0.3850 0.3850 0.3850 0.3850 0.3850 0.3850 0.3850 0.3850 0.3850 0.3850 0.3850 0.3850 0.3850 0.3850 0.3850 0.3850 0.3850 0.3850 0.3850 0.3850 0.3850 0.3850 0.3850 0.3850 0.3850 0.3850 0.3850 0.3850 0.3850 0.3850 0.3850 0.3850 0.3850 0.3850 0.3850 0.3850 0.3850 0.3850 0.3850 0.3850 0.3850 0.3850 0.3850 0.3850 0.3850 0.3850 0.3850 0.3850 0.3850 0.3850 0.3850 0.3850 0.3850 0.3850 0.3850 0.3850 0.3850 0.3850 0.3850 0.3850 0.3850 0.3850 0.3850 0.3850 0.3850 0.3850 0.3850 0.3850 0.4620 0.4620 0.4620 0.4620 0.4620 0.4620 0.4620 0.4620 0.4620 0.4620 0.4620 0.4620 0.4620 0.4620 0.4620 0.4620 0.4620 0.4620 0.4620 0.4620 0.4620 0.4620 0.4620 0.4620 0.4620 0.4620 0.4620 0.4620 0.4620 0.4620 0.4620 0.4620 0.4620 0.4620 0.4620 0.4620 0.4620 0.4620 0.4620 0.4620 0.4620 0.4620 0.4620 0.4620 0.4620 0.4620 0.4620 0.4620 0.4620 0.4620 0.4620 0.4620 0.4620 0.4620 0.4620 0.4620 0.4620 0.4620 0.4620 0.4620 0.4620 0.4620 0.4620 0.4620 0.4620 0.4620 0.4620 0.4620 0.4620 0.4620 0.4620 0.4620 0.4620 0.4620 0.4620 0.4620 0.4620 0.4620 0.4620 0.4620 0.4620 0.4620 0.4620 0.4620 0.4620 0.4620 0.4620 0.4620 0.4620 0.4620 0.4620 0.4620 0.4620 0.4620 0.4620 0.4620 0.4620 0.4620 0.4620 0.4620 0.4620 0.4620 0.4620 0.4620 0.4620 0.4620 0.4620 0.4620 0.4620 0.4620 0.4620 0.4620 0.4620 0.4620 0.4620 0.4620 0.4620 0.4620 0.4620 0.4620 0.4620 0.4620 0.4620 0.4620 0.4620 0.4620 0.4620 0.4620 0.4620 0.4620 0.4620 0.4620 0.4620 0.4620 0.4620 0.4620 0.4620 0.4620 0.4620 0.4620 0.4620 0.4620 0.4620 0.4620 0.4620 0.4620 0.4620 0.4620 0.4620 0.4620 0.4620 0.4620 0.4620 0.4620 0.4620 0.4620 0.4620 0.4620 0.4620 0.4620 0.4620 0.4620 0.4620 0.4620 0.4620 0.4620 0.4620 0.4620 0.4620 0.4620 0.4620 0.4620 0.4620 0.4620 0.4620 0.4620 0.4620 0.4620 0.4620 0.4620 0.4620 0.4620 0.4620 0.4620 0.4620 0.4620 0.4620 0.4620 0.4620 0.4620 0.4620 0.4620 0.4620 0.4620 0.4620 0.4620 0.4620 0.4620 0.4620 0.4620 0.4620 0.4620 0.4620 0.4620 0.4620 0.4620 0.4620 0.4620 0.4620 0.4620 0.4620 0.4620 0.4620 0.4620 0.4620 0.4620 0.4620 0.4620 0.4620 0.4620 0.4620 0.4620 0.4620 0.4620 0.4620 0.4620 0.4620 0.4620 0.4620 0.4620 0.4620 0.4620 0.4620 0.4620 0.4620 0.4620 0.4620 0.4620 0.4620 0.4620 0.4620 0.4620 0.4620 0.4620 0.4620 0.4620 0.4620 0.4620 0.4620 0.4620 0.4620 0.4620 0.4620 0.4620 0.4620 0.4620 0.4620 0.4620 0.4620 0.4620 0.4620 0.4620 0.4620 0.4620 0.4620 0.4620 0.4620 0.4620 0.4620 0.4620 0.4620 0.4620 0.4620 0.4620 0.4620 0.4620 0.4620 0.4620 0.4620 0.4620 0.4620 0.4620 0.4620 0.4620 0.4620 0.4620 0.4620 0.4620 0.4620 0.4620 0.4620 0.4620 0.4620 0.4620 0.4620 0.4620 0.4620 0.4620 0.4620 0.4620 0.4620 0.4620 0.4620 0.4620 0.4620 0.4620 0.4620 0.4620 0.4620 0.4620 0.4620 0.4620 0.4620 0.4620 0.4620 0.4620 0.4620 0.4620 0.4620 0.4620 0.4620 0.4620 0.4620 0.4620 0.4620 0.4620 0.4620 0.4620 0.4620 0.4620 0.4620 0.4620 0.4620 0.4620 0.4620 0.4620 0.4620 0.4620 0.4620 0.4620 0.4620 0.4620 0.4620 0.4620 0.4620 0.4620 0.4620 0.4620 0.4620 0.4620 0.4620 0.4620 0.4620 0.4620 0.4620 0.4620 0.4620 0.4620 0.4620 0.4620 0.4620 0.4620 0.4620 0.4620 0.4620 0.4620 0.4620 0.4620 0.4620 0.4620 0.4620 0.4620 0.4620 0.4620 0.4620 0.4620 0.4620 0.4620 0.4620 0.4620 0.4620 0.4620 0.4620 0.4620 0.4620 0.4620 0.4620 0.4620 0.4620 0.4620 0.4620 0.4620 0.4620 0.4620 0.4620 0.4620 0.4620 0.4620 0.4620 0.4620 0.4620 0.4620 0.4620 0.4620 0.4620 0.4620 0.4620 0.4620 0.4620 0.4620 0.4620 0.4620 0.4620 0.4620 0.4620 0.4620 0.4620 0.4620 0.4620 0.4620 0.4620 0.4620 0.4620 0.4620 0.4620 0.4620 0.4620 0.4620 0.4620 0.4620 0.4620 0.4620 0.4620 0.4620 0.4620 0.4620 0.4620 0.4620 0.4620 0.4620 0.4620 0.4620 0.4620 0.4620 0.4620 0.4620 0.4620 0.4620 0.4620 0.4620 0.4620 0.4620 0.4620 0.4620 0.4620 0.4620 0.4620 0.4620 0.4620 0.4620 0.4620 0.4620 0.4620 0.4620 0.4620 0.4620 0.4620 0.4620 0.4620 0.4620 0.4620 0.4620 0.4620 0.4620 0.4620 0.4620 0.4620 0.4620 0.4620 0.4620 0.4620 0.4620 0.4620 0.4620 0.4620 0.4620 0.4620 0.4620 0.4620 0.4620 0.4620 0.4620 0.4620 0.4620 0.4620 0.4620 0.4620 0.4620 0.4620 0.4620 0.4620 0.4620 0.4620 0.4620 0.4620 0.4620 0.4620 0.4620 0.4620 0.4620 0.4620 0.4620 0.4620 0.4620 0.4620 0.4620 0.4620 0.4620 0.4620 0.4620 0.4620 0.4620 0.4620 0.4620 0.4620 0.4620 0.4620 0.4620 0.4620 0.4620 0.4620 0.4620 0.4620 0.4620 0.4620 0.4620 0.4620 0.4620 0.4620 0.4620 0.4620 0.4620 0.4620 0.4620 0.4620 0.4620 0.4620 0.4620 0.4620 0.4620 0.4620 0.4620 0.4620 0.4620 0.4620 0.4620 0.4620 0.4620 0.4620 0.4620 0.4620 0.4620 0.4620 0.4620 0.4620 0.4620 0.4620 0.4620 0.4620 0.4620 0.4620 0.4620 0.4620 0.4620 0.4620 0.4620 0.4620 0.4620 0.4620 0.4620 0.4620 0.4620 0.4620 0.4620 0.4620 0.4620 0.4620 0.4620 0.4620 0.4620 0.4620 0.4620 0.4620 0.4620 0.4620 0.4620 0.4620 0.4620 0.4620 0.4620 0.4620 0.4620 0.4620 0.4620 0.4620 0.4620 0.4620 0.4620 0.4620 0.4620 0.4620 0.4620 0.4620 0.4620 0.4620 0.4620 0.4620 0.4620 0.4620 0.4620 0.4620 0.4620 0.4620 0.4620 0.4620 0.4620 0.4620 0.4620 0.4620 0.4620 0.4620 0.4620 0.4620 0.4620 0.4620 0.4620 0.4620 0.4620 0.4620 0.4620 0.4620 0.4620 0.4620 0.4620 0.4620 0.4620 0.4620 0.4620 0.4620 0.4620 0.4620 0.4620 0.4620 0.4620 0.4620 0.4620 0.4620 0.4620 0.4620 0.4620 0.4620 0.4620 0.4620 0.4620 0.4620 0.4620 0.4620 0.4620 0.4620 0.4620 0.4620 0.4620 0.4620 0.4620 0.4620 0.4620 0.4620 0.4520 0.4520 0.4520 0.4520 0.4520 0.4520 0.4520 0.4520 0.4520 0.4520 0.4520 0.4520 0.4520 0.4520 0.4520 0.4520 0.4520 0.4520 0.4520 0.4520 0.4520 0.4520 0.4520 0.4520 0.4520 0.4520 0.4520 0.4520 0.4520 0.4520 0.4520 0.4520 0.4520 0.4520 0.4520 0.4520 0.4520 0.4520 0.4520 0.4520 0.4520 0.4520 0.4520 0.4520 0.4520 0.4520 0.4520 0.4520 0.4520 0.4520 0.4520 0.4520 0.4520 0.4520 0.4520 0.4520 0.4520 0.4520 0.4520 0.4520 0.4520 0.4520 0.4520 0.4520 0.4520 0.4520 0.4520 0.4520 0.4520 0.4520 0.4520 0.4520 0.4520 0.4520 0.4520 0.4520 0.4520 0.4520 0.4520 0.4520 0.4520 0.4520 0.4520 0.4520 0.4520 0.4520 0.4520 0.4520 0.4520 0.4520 0.4520 0.4520 0.4520 0.4520 0.4520 0.4520 0.4520 0.4520 0.4520 0.4520 0.4520 0.4520 0.4520 0.4520 0.4520 0.4520 0.4520 0.4520 0.4520 0.4520 0.4520 0.4520 0.4520 0.4520 0.4520 0.4520 0.4520 0.4520 0.4520 0.4520 0.4520 0.4520 0.4520 0.4520 0.4520 0.4520 0.4520 0.4520 0.4520 0.4520 0.4520 0.4520 0.4520 0.4520 0.4520 0.4520 0.4520 0.4520 0.4520 0.4520 0.4520 0.4520 0.4520 0.4520 0.4520 0.4520 0.4520 0.4520 0.4520 0.4520 0.4520 0.4520 0.4520 0.4520 0.4520 0.4520 0.4520 0.4520 0.4520 0.4520 0.4520 0.4520 0.4520 0.4520 0.4520 0.4520 0.4520 0.4520 0.4520 0.4520 0.4520 0.4520 0.4520 0.4520 0.4520 0.4520 0.4520 0.4520 0.4520 0.4520 0.4520 0.4520 0.4520 0.4520 0.4520 0.4520 0.4520 0.4520 0.4520 0.4520 0.4520 0.4520 0.4520 0.4520 0.4520 0.4520 0.4520 0.4520 0.4520 0.4520 0.4520 0.4520 0.4520 0.4520 0.4520 0.4520 0.4520 0.4520 0.4520 0.4520 0.4520 0.4520 0.4520 0.4520 0.4520 0.4520 0.4520 0.4520 0.4520 0.4520 0.4520 0.4520 0.4520 0.4520 0.4520 0.4520 0.4520 0.4520 0.4520 0.4520 0.4520 0.4520 0.4520 0.4520 0.4520 0.4520 0.4520 0.4520 0.4520 0.4520 0.4520 0.4520 0.4520 0.4520 0.4520 0.4520 0.4520 0.4520 0.4520 0.4520 0.4520 0.4520 0.4520 0.4520 0.4520 0.4520 0.4520 0.4520 0.4520 0.4520 0.4520 0.4520 0.4520 0.4520 0.4520 0.4520 0.4520 0.4520 0.4520 0.4520 0.4520 0.4520 0.4520 0.4520 0.4520 0.4520 0.4520 0.4520 0.4520 0.4520 0.4520 0.4520 0.4520 0.4520 0.4520 0.4520 0.4520 0.4520 0.4520 0.4520 0.4520 0.4520 0.4520 0.4520 0.4520 0.4520 0.4520 0.4520 0.4520 0.4520 0.4520 0.4520 0.4520 0.4520 0.4520 0.4520 0.4520 0.4520 0.4520 0.4520 0.4520 0.4520 0.4520 0.4520 0.4520 0.4520 0.4520 0.4520 0.4520 0.4520 0.4520 0.4520 0.4520 0.4520 0.4520 0.4520 0.4520 0.4520 0.4520 0.4520 0.4520 0.4520 0.4520 0.4520 0.4520 0.4520 0.4520 0.4520 0.4520 0.4520 0.4520 0.4520 0.4520 0.4520 0.4520 0.4520 0.4520 0.4520 0.4520 0.4520 0.4520 0.4520 0.4520 0.4520 0.4520 0.4520 0.4520 0.4520 0.4520 0.4520 0.4520 0.4520 0.4520 0.4520 0.4520 0.4520 0.4520 0.4520 0.4520 0.4520 0.4520 0.4520 0.4520 0.4520 0.4520 0.4520 0.4520 0.4520 0.4520 0.4520 0.4520 0.4520 0.4520 0.4520 0.4520 0.4520 0.4520 0.4520 0.4520 0.4520 0.4520 0.4520 0.4520 0.4520 0.4520 0.4520 0.4520 0.4520 0.4520 0.4520 0.4520 0.4520 0.4520 0.4520 0.4520 0.4520 0.4520 0.4520 0.4520 0.4520 0.4520 0.4520 0.4520 0.4520 0.4520 0.4520 0.4520 0.4520 0.4520 0.4520 0.4520 0.4520 0.4520 0.4520 0.4520 0.4520 0.4520 0.4520 0.4520 0.4520 0.4520 0.4520 0.4520 0.4520 0.4520 0.4520 0.4520 0.4520 0.4520 0.4520 0.4520 0.4520 0.4520 0.4520 0.4520 0.4520 0.4520 0.4520 0.4520 0.4520 0.4520 0.4520 0.4520 0.4520 0.4520 0.4520 0.4520 0.4720 0.4720 0.4720 0.4720 0.4720 0.4720 0.4720 0.4720 0.4720 0.4720 0.4720 0.4720 0.4720 0.4720 0.4720 0.4720 0.4720 0.4720 0.4720 0.4720 0.4720 0.4720 0.4720 0.4720 0.4720 0.4720 0.4720 0.4720 0.4720 0.4720 0.4720 0.4720 0.4720 0.4720 0.4720 0.4720 0.4720 0.4720 0.4720 0.4720 0.4720 0.4720 0.4720 0.4720 0.4720 0.4720 0.4720 0.4720 0.4720 0.4720 0.4720 0.4720 0.4720 0.4720 0.4720 0.4720 0.4720 0.4720 0.4720 0.4720 0.4720 0.4720 0.4720 0.4720 0.4720 0.4720 0.4720 0.4720 0.4720 0.4720 0.4720 0.4720 0.4720 0.4720 0.4720 0.4720 0.4720 0.4720 0.4720 0.4720 0.4720 0.4720 0.4720 0.4720 0.4720 0.4720 0.4720 0.4720 0.4720 0.4720 0.4720 0.4720 0.4720 0.4720 0.4720 0.4720 0.4720 0.4720 0.4720 0.4720 0.4720 0.4720 0.4720 0.4720 0.4720 0.4720 0.4720 0.4720 0.4720 0.4720 0.4720 0.4720 0.4720 0.4720 0.4720 0.4720 0.4720 0.4720 0.4720 0.4720 0.4720 0.4720 0.4720 0.4720 0.4720 0.4720 0.4720 0.4720 0.4720 0.4720 0.4720 0.4720 0.4720 0.4720 0.4720 0.4720 0.4720 0.4720 0.4720 0.4720 0.4720 0.4720 0.4720 0.4720 0.4720 0.4720 0.4720 0.4720 0.4720 0.4720 0.4720 0.4720 0.4720 0.4720 0.4720 0.4720 0.4720 0.4720 0.4720 0.4720 0.4720 0.4720 0.4720 0.4720 0.4720 0.4720 0.4720 0.4720 0.4720 0.4720 0.4720 0.4720 0.4720 0.4720 0.4720 0.4720 0.4720 0.4720 0.4720 0.4720 0.4720 0.4720 0.4720 0.4720 0.4720 0.4720 0.4720 0.4720 0.4720 0.4720 0.4720 0.4720 0.4720 0.4720 0.4720 0.4720 0.4720 0.4720 0.4720 0.4720 0.4720 0.4720 0.4720 0.4720 0.4720 0.4720 0.4720 0.4720 0.4720 0.4720 0.4720 0.4720 0.4720 0.4720 0.4720 0.4720 0.4720 0.4720 0.4720 0.4720 0.4720 0.4720 0.4720 0.4720 0.4720 0.4720 0.4720 0.4720 0.4720 0.4720 0.4720 0.4720 0.4720 0.4720 0.4720 0.4720 0.4720 0.4720 0.4720 0.4720 0.4720 0.4720 0.4720 0.4720 0.4720 0.4720 0.4720 0.4720 0.4720 0.4720 0.4720 0.4720 0.4720 0.4720 0.4720 0.4720 0.4720 0.4720 0.4720 0.4720 0.4720 0.4720 0.4720 0.4720 0.4720 0.4720 0.4720 0.4720 0.4720 0.4720 0.4720 0.4720 0.4720 0.4720 0.4720 0.4720 0.4720 0.4720 0.4720 0.4720 0.4720 0.4720 0.4720 0.4720 0.4720 0.4720 0.4720 0.4720 0.4720 0.4720 0.4720 0.4720 0.4720 0.4720 0.4720 0.4720 0.4720 0.4720 0.4720 0.4720 0.4720 0.4720 0.4720 0.4720 0.4720 0.4720 0.4720 0.4720 0.4720 0.4720 0.4720 0.4720 0.4720 0.4720 0.4720 0.4720 0.4720 0.4720 0.4720 0.4720 0.4720 0.4720 0.4720 0.4720 0.4720 0.4720 0.4720 0.4720 0.4720 0.4720 0.4720 0.4720 0.4720 0.4720 0.4720 0.4720 0.4720 0.4720 0.4720 0.4720 0.4720 0.4720 0.4720 0.4720 0.4720 0.4720 0.4720 0.4720 0.4720 0.4720 0.4720 0.4720 0.4720 0.4720 0.4720 0.4720 0.4720 0.4720 0.4720 0.4720 0.4720 0.4720 0.4720 0.4720 0.4680 0.4680 0.4680 0.4680 0.4680 0.4680 0.4680 0.4680 0.4680 0.4680 0.4680 0.4680 0.4680 0.4680 0.4680 0.4680 0.4680 0.4680 0.4680 0.4680 0.4680 0.4680 0.4680 0.4680 0.4680 0.4680 0.4680 0.4680 0.4680 0.4680 0.4680 0.4680 0.4680 0.4680 0.4680 0.4680 0.4680 0.4680 0.4680 0.4680 0.4680 0.4680 0.4680 0.4680 0.4680 0.4680 0.4680 0.4680 0.4680 0.4680 0.4680 0.4680 0.4680 0.4680 0.4680 0.4680 0.4680 0.4680 0.4680 0.4680 0.4680 0.4680 0.4680 0.4680 0.4680 0.4680 0.4680 0.4680 0.4680 0.4680 0.4680 0.4680 0.4680 0.4680 0.4680 0.4680 0.4680 0.4680 0.4680 0.4680 0.4680 0.4680 0.4680 0.4680 0.4680 0.4680 0.4680 0.4680 0.4680 0.4680 0.4680 0.4680 0.4680 0.4680 0.4680 0.4680 0.4680 0.4680 0.4680 0.4680 0.4680 0.4680 0.4680 0.4680 0.4680 0.4680 0.4680 0.4680 0.4680 0.4680 0.4680 0.4680 0.4680 0.4680 0.4680 0.4680 0.4680 0.4680 0.4680 0.4680 0.4680 0.4680 0.4680 0.4680 0.4680 0.4680 0.4680 0.4680 0.4680 0.4680 0.4680 0.4680 0.4680 0.4680 0.4680 0.4680 0.4680 0.4680 0.4680 0.4680 0.4680 0.4680 0.4680 0.4680 0.4680 0.4680 0.4680 0.4680 0.4680 0.4680 0.4680 0.4680 0.4680 0.4680 0.4680 0.4680 0.4680 0.4680 0.4680 0.4680 0.4680 0.4680 0.4680 0.4680 0.4680 0.4680 0.4680 0.4680 0.4680 0.4680 0.4680 0.4680 0.4680 0.4680 0.4680 0.4680 0.4680 0.4680 0.4680 0.4680 0.4680 0.4680 0.4680 0.4680 0.4680 0.4680 0.4680 0.4680 0.4680 0.4680 0.4680 0.4680 0.4680 0.4680 0.4680 0.4680 0.4680 0.4680 0.4680 0.4680 0.4680 0.4680 0.4680 0.4680 0.4680 0.4680 0.4680 0.4680 0.4680 0.4680 0.4680 0.4680 0.4680 0.4680 0.4680 0.4680 0.4680 0.4680 0.4680 0.4680 0.4680 0.4680 0.4680 0.4680 0.4680 0.4680 0.4680 0.4680 0.4680 0.4680 0.4680 0.4680 0.4680 0.4680 0.4680 0.4680 0.4680 0.4680 0.4680 0.4680 0.4680 0.4680 0.4680 0.4680 0.4680 0.4680 0.4680 0.4680 0.4680 0.4680 0.4680 0.3850 0.3850 0.3850 0.3850 0.3850 0.3850 0.3850 0.3850 0.3850 0.3850 0.3850 0.3850 0.3850 0.3850 0.3850 0.3850 0.3850 0.3850 0.3850 0.3850 0.3850 0.3850 0.3850 0.3850 0.3850 0.3850 0.3850 0.3850 0.3850 0.3850 0.3850 0.3850 0.3850 0.3850 0.3850 0.3850 0.3850 0.3850 0.3850 0.3850 0.3850 0.3850 0.3850 0.3850 0.3850 0.3850 0.3850 0.3850 0.3850 0.3850 0.3850 0.3850 0.3850 0.3850 0.3850 0.3850 0.3850 0.3850 0.3850 0.3850 0.3850 0.3850 0.3850 0.3850 0.3850 0.3850 0.3850 0.3850 0.3850 0.3850 0.3850 0.3850 0.3850 0.3850 0.3850 0.3850 0.3850 0.3850 0.3850 0.3850 0.3850 0.3850 0.3850 0.3850 0.3850 0.3850 0.3850 0.3850 0.3850 0.3850 0.3850 0.3850 0.3850 0.3850 0.3850 0.3850 0.3850 0.3850 0.3850 0.3850 0.3850 0.3850 0.3850 0.3850 0.3850 0.3850 0.3850 0.3850 0.3850 0.3850 0.3850 0.3850 0.3850 0.3850 0.3850 0.3850 0.3850 0.3850 0.3850 0.3850 0.3850 0.3850 0.3850 0.3850 0.3850 0.3850 0.3850 0.3850 0.3850 0.3850 0.3850 0.3850 0.3850 0.3850 0.3850 0.3850 0.3850 0.3850 0.3850 0.3850 0.3850 0.3850 0.3850 0.3850 0.3850 0.3850 0.3850 0.3850 0.3850 0.3850 0.3850 0.3850 0.3850 0.3850 0.3850 0.3850 0.3850 0.3850 0.3850 0.3850 0.3850 0.3850 0.3850 0.3850 0.3850 0.3850 0.3850 0.3850 0.3850 0.3850 0.3850 0.3850 0.3850 0.3850 0.3850 0.3850 0.3850 0.3850 0.3850 0.3850 0.3850 0.3850 0.3850 0.3850 0.3850 0.3850 0.3850 0.3850 0.3850 0.3850 0.3850 0.3850 0.3850 0.3850 0.3850 0.3850 0.3850 0.3850 0.3850 0.3850 0.3850 0.3850 0.3850 0.3850 0.3850 0.3850 0.3850 0.3850 0.3850 0.3850 0.3850 0.3850 0.3850 0.3850 0.3850 0.3850 0.3850 0.3850 0.3850 0.3850 0.3850 0.3850 0.3850 0.3850 0.3850 0.3850 0.3850 0.3850 0.3850 0.3850 0.3850 0.3850 0.3850 0.3850 0.3850 0.3850 0.3850 0.3850 0.3850 0.3850 0.3850 0.3850 0.3850 0.3850 0.3850 0.3850 0.3850 0.3850 0.3850 0.3850 0.3850 0.3850 0.3850 0.3850 0.3850 0.3850 0.3850 0.3850 0.3850 0.3850 0.3850 0.3850 0.3850 0.3850 0.3850 0.3850 0.3850 0.3850 0.3850 0.3850 0.3850 0.3850 0.3850 0.3850 0.3850 0.3850 0.3850 0.3850 0.3850 0.3850 0.3850 0.3850 0.3850 0.3850 0.3850 0.3850 0.3850 0.3850 0.3850 0.3850 0.3850 0.3850 0.3850 0.3850 0.3850 0.3850 0.3850 0.3850 0.3850 0.3850 0.3850 0.3850 0.3850 0.3850 0.3850 0.3850 0.3850 0.3850 0.3850 0.3850 0.3850 0.3850 0.3850 0.3850 0.3850 0.3850 0.3850 0.3850 0.3850 0.3850 0.3850 0.3850 0.3850 0.3850 0.3850 0.3850 0.3850 0.3850 0.3850 0.3850 0.3850 0.3850 0.3850 0.3850 0.3850 0.3850 0.3850 0.3850 0.3850 0.3850 0.3850 0.3850 0.3850 0.3850 0.3850 0.3850 0.3850 0.3850 0.3850 0.3850 0.3850 0.3850 0.3850 0.3850 0.3850 0.3850 0.3850 0.3850 0.3850 0.3850 0.3850 0.3850 0.3850 0.3850 0.3850 0.3850 0.3850 0.3850 0.3850 0.3850 0.3850 0.3850 0.3850 0.3850 0.3850 0.3850 0.3850 0.3850 0.3850 0.3850 0.3850 0.3850 0.3850 0.3850 0.3850 0.3850 0.3850 0.3850 0.3850 0.3850 0.3850 0.3850 0.3850 0.3850 0.3850 0.3850 0.3850 0.3850 0.3850 0.3850 0.3850 0.3850 0.3850 0.3850 0.3850 0.3850 0.3850 0.3850 0.3850 0.3850 0.3850 0.3850 0.3850 0.3850 0.3850 0.3850 0.3850 0.3850 0.3850 0.3850 0.3850 0.3850 0.3850 0.3850 0.3850 0.3850 0.3850 0.3850 0.3850 0.3850 0.3850 0.3850 0.3850 0.3850 0.3850 0.3850 0.3850 0.3850 0.3850 0.3850 0.3850 0.3850 0.3850 0.3850 0.3850 0.3850 0.3850 0.3850 0.3850 0.3850 0.3850 0.3850 0.3850 0.3850 0.3850 0.3850 0.3850 0.3850 0.3850 0.3850 0.3850 0.3850 0.3850 0.3850 0.3850 0.3850 0.3850 0.3850 0.3850 0.3850 0.3850 0.3850 0.3850 0.3850 0.3850 0.3850 0.3850 0.3850 0.3850 0.3850 0.3850 0.3850 0.3850 0.3850 0.3850 0.3850 0.3850 0.3850 0.3850 0.3850 0.3850 0.3850 0.3850 0.3850 0.3850 0.3850 0.3850 0.3850 0.3850 0.3850 0.3850 0.3850 0.3850 0.3850 0.3850 0.3850 0.3850 0.3850 0.3850 0.3850 0.3850 0.3850 0.3850 0.3850 0.3850 0.3850 0.3850 0.3850 0.3850 0.3850 0.3850 0.3850 0.3850 0.3850 0.3850 0.3850 0.3850 0.3850 0.3850 0.3850 0.3850 0.3850 0.3850 0.3850 0.3850 0.3850 0.3850 0.3850 0.3850 0.3850 0.3850 0.3850 0.3850 0.3850 0.3850 0.3850 0.3850 0.3850 0.3850 0.3850 0.3850 0.3850 0.3850 0.3850 0.3850 0.3850 0.3850 0.3850 0.3850 0.3850 0.3850 0.3850 0.3850 0.3850 0.3850 0.3850 0.3850 0.3850 0.3850 0.3850 0.3850 0.3850 0.3850 0.3850 0.3850 0.3850 0.3850 0.3850 0.3850 0.3850 0.3850 0.3850 0.3850 0.3850 0.3850 0.3850 0.3850 0.3850 0.3850 0.3850 0.3850 0.3850 0.3850 0.3850 0.3850 0.3850 0.3850 0.3850 0.3850 0.3850 0.3850 0.3850 0.3850 0.3850 0.3850 0.3850 0.3850 0.3850 0.3850 0.3850 0.3850 0.3850 0.3850 0.3850 0.3850 0.3850 0.3850 0.3850 0.3850 0.3850 0.3850 0.3850 0.3850 0.3850 0.3850 0.3850 0.3850 0.3850 0.3850 0.3850 0.3850 0.3850 0.3850 0.3850 0.3850 0.3850 0.3850 0.3850 0.3850 0.3850 0.3850 0.3850 0.3850 0.3850 0.3850 0.3850 0.3850 0.3850 0.3850 0.3850 0.3850 0.3850 0.3850 0.3850 0.3850 0.3850 0.3850 0.3850 0.3850 0.3850 0.3850 0.3850 0.3850 0.3850 0.3850 0.3850 0.3850 0.3850 0.3850 0.3850 0.3850 0.3850 0.3850 0.3850 0.3850 0.3850 0.3850 0.3850 0.3850 0.3850 0.3850 0.3850 0.3850 0.3850 0.3850 0.3850 0.3850 0.3850 0.3850 0.3850 0.3850 0.3850 0.3850 0.3850 0.3850 0.3850 0.3850 0.3850 0.3850 0.3850 0.3850 0.3850 0.3850 0.3850 0.3850 0.3850 0.3850 0.3850 0.3850 0.3850 0.3850 0.3850 0.3850 0.3850 0.3850 0.3850 0.3850 0.3850 0.3850 0.3850 0.3850 0.3850 0.3850 0.3850 0.3850 0.3850 0.3850 0.3850 0.3850 0.3850 0.3850 0.3850 0.3850 0.3850 0.3850 0.3850 0.3850 0.3850 0.3850 0.3850 0.3850 0.3850 0.3850 0.3850 0.3850 0.3850 0.3850 0.3850 0.3850 0.3850 0.3850 0.3850 0.3850 0.3850 0.3850 0.3850 0.3850 0.3850 0.3850 0.3850 0.3850 0.3850 0.3850 0.3850 0.3850 0.3850 0.3850 0.3850 0.3850 0.3850 0.3850 0.3850 0.3850 0.3850 0.3850 0.3850 0.3850 0.3850 0.3850 0.3850 0.3850 0.3850 0.3850 0.3850 0.3850 0.3850 0.3850 0.3850 0.3850 0.3850 0.3850 0.3850 0.3850 0.3850 0.3850 0.3850 0.3850 0.3850 0.3850 0.3850 0.3850 0.3850 0.3850 0.3850 0.3850 0.3850 0.3850 0.3850 0.3850 0.3850 0.3850 0.3850 0.3850 0.3850 0.3850 0.3850 0.3850 0.3850 0.3850 0.3850 0.3850 0.3850 0.3850 0.3850 0.3850 0.3850 0.3850 0.3850 0.3850 0.3850 0.3850 0.3850 0.3850 0.3850 0.3850 0.3850 0.3850 0.3850 0.3850 0.3850 0.3850 0.3850 0.3850 0.3850 0.3850 0.3850 0.3850 0.3850 0.3850 0.3850 0.3850 0.3850 0.3850 0.3850 0.3850 0.3850 0.3850 0.3850 0.3850 0.3850 0.3850 0.3850 0.3850 0.3850 0.3850 0.3850 0.3850 0.3850 0.3850 0.3850 0.3850 0.3850 0.3850 0.3850 0.3850 0.3850 0.3850 0.3850 0.3850 0.3850 0.3850 0.3850 0.3850 0.3850 0.3850 0.3850 0.3850 0.3850 0.3850 0.3850 0.3850 0.3850 0.3850 0.3850 0.3850 0.3850 0.3850 0.3850 0.3850 0.3850 0.3850 0.3850 0.3850 0.3850 0.3850 0.3850 0.3850 0.3850 0.3850 0.3850 0.3850 0.3850 0.3850 0.3850 0.3850 0.3850 0.3850 0.3850 0.3850 0.3850 0.3850 0.3850 0.3850 0.3850 0.3850 0.3850 0.3850 0.3850 0.3850 0.3850 0.3850 0.3850 0.3850 0.3850 0.3850 0.3850 0.3850 0.3850 0.3850 0.3850 0.3850 0.3850 0.3850 0.3850 0.3850 0.3850 0.3850 0.3850 0.3850 0.3850 0.3850 0.3850 0.3850 0.3850 0.3850 0.3850 0.3850 0.3850 0.3850 0.3850 0.3850 0.3850 0.3850 0.3850 0.3850 0.3850 0.3850 0.3850 0.3850 0.3850 0.3850 0.3850 0.3850 0.3850 0.3850 0.3850 0.3850 0.3850 0.3850 0.3850 0.3850 0.3850 0.3850 0.3850 0.3850 0.3850 0.3850 0.3850 0.3850 0.3850 0.3850 0.3850 0.3850 0.3850 0.3850 0.3850 0.3850 0.3850 0.3850 0.3850 0.3850 0.3850 0.3850 0.3850 0.3850 0.3850 0.3850 0.3850 0.3850 0.3850 0.3850 0.3850 0.3850 0.3850 0.3850 0.3850 0.3850 0.3850 0.3850 0.3850 0.3850 0.3850 0.3850 0.3850 0.3850 0.3850 0.3850 0.3850 0.3850 0.3850 0.3850 0.3850 0.3850 0.3850 0.3850 0.3850 0.3850 0.3850 0.3850 0.3850 0.3850 0.3850 0.3850 0.3850 0.3850 0.3850 0.3850 0.3850 0.3850 0.3850 0.3850 0.3850 0.3850 0.3850 0.3850 0.3850 0.3850 0.3850 0.3850 0.3850 0.3850 0.3850 0.3850 0.3850 0.3850 0.3850 0.3850 0.3850 0.3850 0.3850 0.3850 0.3850 0.3850 0.3850 0.3850 0.3850 0.3850 0.3850 0.3850 0.3850 0.3850 0.3850 0.3850 0.3850 0.3850 0.3850 0.3850 0.3850 0.3850 0.3850 0.3850 0.3850 0.3850 0.3850 0.3850 0.3850 0.3850 0.3850 0.3850 0.3850 0.3850 0.3850 0.3850 0.3850 0.3850 0.3850 0.3850 0.3850 0.3850 0.3850 0.3850 0.3850 0.3850 0.3850 0.3850 0.3850 0.3850 0.3850 0.3850 0.3850 0.3850 0.3850 0.3850 0.3850 0.3850 0.3850 0.3850 0.3850 0.3850 0.3850 0.3850 0.3850 0.3850 0.3850 0.3850 0.3850 0.3850 0.3850 0.3850 0.3850 0.3850 0.3850 0.3850 0.3850 0.3850 0.3850 0.3850 0.3850 0.3850 0.3850 0.3850 0.3850 0.3850 0.3850 0.3850 0.3850 0.3850 0.3850 0.3850 0.3850 0.3850 0.3850 0.3850 0.3850 0.3850 0.3850 0.3850 0.3850 0.3850 0.3850 0.3850 0.3850 0.3850 0.3850 0.3850 0.3850 0.3850 0.3850 0.3850 0.3850 0.3850 0.3850 0.3850 0.3850 0.3850 0.3850 0.3850 0.3850 0.3850 0.3850 0.3850 0.3850 0.3850 0.3850 0.3850 0.3850 0.3850 0.3850 0.3850 0.3850 0.3850 0.3850 0.3850 0.3850 0.3850 0.3850 0.3850 0.3850 0.3850 0.3850 0.3850 0.3850 0.3850 0.3850 0.3850 0.3850 0.3850 0.3850 0.3850 0.3850 0.3850 0.3850 0.3850 0.3850 0.3850 0.3850 0.3850 0.3850 0.3850 0.3850 0.3850 0.3850 0.3850 0.3850 0.3850 0.3850 0.3850 0.3850 0.3850 0.3850 0.3850 0.3850 0.3850 0.3850 0.3850 0.3850 0.3850 0.3850 0.3850 0.3850 0.3850 0.3850 0.3850 0.3850 0.3850 0.3850 0.3850 0.3850 0.3850 0.3850 0.3850 0.3850 0.3850 0.3850 0.3850 0.3850 0.3850 0.3850 0.3850 0.3850 0.3850 0.3850 0.3850 0.3850 0.3850 0.3850 0.3850 0.3850 0.3850 0.3850 0.3850 0.3850 0.3850 0.3850 0.3850 0.3850 0.3850 0.3850 0.3850 0.3850 0.3850 0.3850 0.3850 0.3850 0.3850 0.3850 0.3850 0.3850 0.3850 0.3850 0.3850 0.3850 0.3850 0.3850 0.3850 0.3850 0.3850 0.3850 0.3850 0.3850 0.3850 0.3850 0.3850 0.3850 0.3850 0.3850 0.3850 0.3850 0.3850 0.3850 0.3850 0.3850 0.3850 0.3850 0.3850 0.3850 0.3850 0.3850 0.3850 0.3850 0.3850 0.3850 0.3850 0.3850 0.3850 0.3850 0.3850 0.3850 0.3850 0.3850 0.3850 0.3850 0.3850 0.3850 0.3850 0.3850 0.3850 0.3850 0.3850 0.3850 0.3850 0.3850 0.3850 0.3850 0.3850 0.3850 0.3850 0.3850 0.3850 0.3850 0.3850 0.3850 0.3850 0.3850 0.3850 0.3850 0.3850 0.3850 0.3850 0.3850 0.3850 0.3850 0.3850 0.3850 0.3850 0.3850 0.3850 0.3850 0.3850 0.3850 0.3850 0.3850 0.3850 0.3850 0.3850 0.3850 0.3850 0.3850 0.3850 0.3850 0.3850 0.3850 0.3850 0.3850 0.3850 0.3850 0.3850 0.3850 0.3850 0.3850 0.3850 0.3850 0.3850 0.3850 0.3850 0.3850 0.3850 0.3850 0.3850 0.3850 0.3850 0.3850 0.3850 0.3850 0.3850 0.3850 0.3850 0.3850 0.3850 0.3850 0.3850 0.3850 0.3850 0.3850 0.3850 0.3850 0.3850 0.3850 0.3850 0.3850 0.3850 0.3850 0.3850 0.3850 0.3850 0.3850 0.3850 0.3850 0.3850 0.3850 0.3850 0.3850 0.3850 0.3850 0.3850 0.3850 0.3850 0.3850 0.3850 0.3850 0.3850 0.3850 0.3850 0.3850 0.3850 0.3850 0.3850 0.3850 0.3850 0.3850 0.3850 0.3850 0.3850 0.3850 0.3850 0.3850 0.3850 0.3850 0.3850 0.3850 0.3850 0.3850 0.3850 0.3850 0.3850 0.3850 0.3850 0.3850 0.3850 0.3850 0.3850 0.3850 0.3850 0.3850 0.3850 0.3850 0.3850 0.3850 0.3850 0.3850 0.3850 0.3850 0.3850 0.3850 0.3850 0.3850 0.3850 0.3850 0.3850 0.3850 0.3850 0.3850 0.3850 0.3850 0.3850 0.3850 0.3850 0.3850 0.3850 0.3850 0.3850 0.3850 0.3850 0.3850 0.3850 0.3850 0.3850 0.3850 0.3850 0.3850 0.3850 0.3850 0.3850 0.3850 0.3850 0.3850 0.3850 0.3850 0.3850 0.3850 0.3850 0.3850 0.3850 0.3850 0.3850 0.3850 0.3850 0.3850 0.3850 0.3850 0.3850 0.3850 0.3850 0.3850 0.3850 0.3850 0.3850 0.3850 0.3850 0.3850 0.3850 0.3850 0.3850 0.3850 0.3850 0.3850 0.3850 0.3850 0.3850 0.3850 0.3850 0.3850 0.3850 0.3850 0.3850 0.3850 0.3850 0.3850 0.3850 0.3850 0.3850 0.3850 0.3850 0.3850 0.3850 0.3850 0.3850 0.3850 0.3850 0.3850 0.3850 0.3850 0.3850 0.3850 0.3850 0.3850 0.3850 0.3850 0.3850 0.3850 0.3850 0.3850 0.3850 0.3850 0.3850 0.3850 0.3850 0.3850 0.3850 0.3850 0.3850 0.3850 0.3850 0.3850 0.3850 0.3850 0.3850 0.3850 0.3850 0.3850 0.3850 0.3850 0.3850 0.3850 0.3850 0.3850 0.3850 0.3850 0.3850 0.3850 0.3850 0.3850 0.3850 0.3850 0.3850 0.3850 0.3850 0.3850 0.3850 0.3850 0.3850 0.3850 0.3850 0.3850 0.3850 0.3850 0.3850 0.3850 0.3850 0.3850 0.3850 0.3850 0.3850 0.3850 0.3850 0.3850 0.3850 0.3850 0.3850 0.3850 0.4610 0.4610 0.4610 0.4610 0.4610 0.4610 0.4610 0.4610 0.4610 0.4610 0.4610 0.4610 0.4610 0.4610 0.4610 0.4610 0.4610 0.4610 0.4610 0.4610 0.4610 0.4610 0.4610 0.4610 0.4610 0.4610 0.4610 0.4610 0.4610 0.4610 0.4610 0.4610 0.4610 0.4610 0.4610 0.4610 0.4610 0.4610 0.4610 0.4610 0.4610 0.4610 0.4610 0.4610 0.4610 0.4610 0.4610 0.4610 0.4610 0.4610 0.4610 0.4610 0.4610 0.4610 0.4610 0.4610 0.4610 0.4610 0.4610 0.4610 0.4610 0.4610 0.4610 0.4610 0.4610 0.4610 0.4610 0.4610 0.4610 0.4610 0.4610 0.4610 0.4610 0.4610 0.4610 0.4610 0.4610 0.4610 0.4610 0.4610 0.4610 0.4610 0.4610 0.4610 0.4610 0.4610 0.4610 0.4610 0.4610 0.4610 0.4610 0.4610 0.4610 0.4610 0.4610 0.4610 0.4610 0.4610 0.4610 0.4610 0.4610 0.4610 0.4610 0.4610 0.4610 0.4610 0.4610 0.4610 0.4610 0.4610 0.4610 0.4610 0.4610 0.4610 0.4610 0.4610 0.4610 0.4610 0.4610 0.4610 0.4610 0.4610 0.4610 0.4610 0.4610 0.4610 0.4610 0.4610 0.4610 0.4610 0.4610 0.4610 0.4610 0.4610 0.4610 0.4610 0.4610 0.4610 0.4610 0.4610 0.4610 0.4610 0.4610 0.4610 0.4610 0.4610 0.4610 0.4610 0.4610 0.4610 0.4610 0.4610 0.4610 0.4610 0.4610 0.4610 0.4610 0.4610 0.4610 0.4610 0.4610 0.4610 0.4610 0.4610 0.4610 0.4610 0.4610 0.4610 0.4610 0.4610 0.4610 0.4610 0.4610 0.4610 0.4610 0.4610 0.4610 0.4610 0.4610 0.4610 0.4610 0.4610 0.4610 0.4610 0.4610 0.4610 0.4610 0.4610 0.4610 0.4610 0.4610 0.4610 0.4610 0.4610 0.4610 0.4610 0.4610 0.4610 0.4610 0.4610 0.4610 0.4610 0.4610 0.4610 0.4610 0.4610 0.4610 0.4610 0.4610 0.4610 0.4610 0.4610 0.4610 0.4610 0.4610 0.4610 0.4610 0.4610 0.4610 0.4610 0.4610 0.4610 0.4610 0.4610 0.4610 0.4610 0.4610 0.4610 0.4610 0.4610 0.4610 0.4610 0.4610 0.4610 0.4610 0.4610 0.4610 0.4610 0.4610 0.4610 0.4610 0.4610 0.4610 0.4610 0.4610 0.4610 0.4610 0.4610 0.4610 0.4610 0.4610 0.4610 0.4610 0.4610 0.4610 0.4610 0.4610 0.4610 0.4610 0.4610 0.4610 0.4610 0.4610 0.4610 0.4610 0.4610 0.4610 0.4610 0.4610 0.4610 0.4610 0.4610 0.4610 0.4610 0.4610 0.4610 0.4610 0.4610 0.4610 0.4610 0.4610 0.4610 0.4610 0.4610 0.4610 0.4610 0.4610 0.4610 0.4610 0.4610 0.4610 0.4610 0.4610 0.4610 0.4610 0.4610 0.4610 0.4610 0.4610 0.4610 0.4610 0.4610 0.4610 0.4610 0.4610 0.4610 0.4610 0.4610 0.4610 0.4610 0.4610 0.4610 0.4610 0.4610 0.4610 0.4610 0.4610 0.4610 0.4610 0.4610 0.4610 0.4610 0.4610 0.4610 0.4610 0.4610 0.4610 0.4610 0.4610 0.4610 0.4610 0.4610 0.4610 0.4610 0.4610 0.4610 0.4610 0.4610 0.4610 0.4610 0.4610 0.4610 0.4610 0.4610 0.4610 0.4610 0.4610 0.4610 0.4610 0.4610 0.4610 0.4610 0.4610 0.4610 0.4610 0.4610 0.4610 0.4610 0.4610 0.4610 0.4610 0.4610 0.4610 0.4610 0.4610 0.4610 0.4610 0.4610 0.4610 0.4610 0.4610 0.4610 0.4610 0.4610 0.4610 0.4610 0.4610 0.4610 0.4610 0.4610 0.4610 0.4610 0.4610 0.4610 0.4610 0.4610 0.4610 0.4610 0.4610 0.4610 0.4610 0.4610 0.4610 0.4610 0.4610 0.4610 0.4610 0.4610 0.4610 0.4610 0.4610 0.4610 0.4610 0.4610 0.4610 0.4610 0.4610 0.4610 0.4610 0.4610 0.4610 0.4610 0.4610 0.4610 0.4610 0.4610 0.4610 0.4610 0.4610 0.4610 0.4610 0.4610 0.4610 0.4610 0.4610 0.4610 0.4610 0.4610 0.4610 0.4610 0.4610 0.4610 0.4610 0.4610 0.4610 0.4610 0.4610 0.4610 0.4610 0.4610 0.4610 0.4610 0.4610 0.4610 0.4610 0.4610 0.4610 0.4610 0.4610 0.4610 0.4610 0.4610 0.4610 0.4610 0.4610 0.4610 0.4610 0.4610 0.4610 0.4610 0.4610 0.4610 0.4610 0.4610 0.4610 0.4610 0.4610 0.4610 0.4610 0.4610 0.4610 0.4610 0.4610 0.4610 0.4610 0.4610 0.4610 0.4610 0.4610 0.4610 0.4610 0.4610 0.4610 0.4610 0.4610 0.4610 0.4610 0.4610 0.4610 0.4610 0.4610 0.4610 0.4610 0.4610 0.4610 0.4610 0.4610 0.4610 0.4610 0.4610 0.4610 0.4610 0.4610 0.4610 0.4610 0.4610 0.4610 0.4610 0.4610 0.4610 0.4610 0.4610 0.4610 0.4610 0.4610 0.4610 0.4610 0.4610 0.4610 0.4610 0.4610 0.4610 0.4610 0.4610 0.4610 0.4610 0.4610 0.4610 0.4610 0.4610 0.4610 0.4610 0.4610 0.4610 0.4610 0.4610 0.4610 0.4610 0.4610 0.4610 0.4610 0.4610 0.4610 0.4610 0.4610 0.4610 0.4610 0.4610 0.4610 0.4610 0.4610 0.4610 0.4610 0.4610 0.4610 0.4610 0.4610 0.4610 0.4610 0.4610 0.4610 0.4610 0.4610 0.4610 0.4610 0.4610 0.4610 0.4610 0.4610 0.4610 0.4610 0.4610 0.4610 0.4610 0.4610 0.4610 0.4610 0.4610 0.4610 0.4610 0.4610 0.4610 0.4610 0.4610 0.4610 0.4610 0.4610 0.4610 0.4610 0.4610 0.4610 0.4610 0.4610 0.4610 0.4610 0.4610 0.4610 0.4610 0.4610 0.4610 0.4610 0.4610 0.4610 0.4610 0.4610 0.4610 0.4610 0.4610 0.4610 0.4610 0.4610 0.4610 0.4610 0.4610 0.4610 0.4610 0.4610 0.4610 0.4610 0.4610 0.4610 0.4610 0.4610 0.4610 0.4610 0.4610 0.4610 0.4610 0.4610 0.4610 0.4610 0.4610 0.4610 0.4610 0.4610 0.4610 0.4610 0.4610 0.4610 0.4610 0.4610 0.4610 0.4610 0.4610 0.4610 0.4610 0.4610 0.4610 0.4610 0.4610 0.4610 0.4610 0.4610 0.4610 0.4610 0.4610 0.4610 0.4610 0.4610 0.4610 0.4610 0.4610 0.4610 0.4610 0.4610 0.4610 0.4610 0.4610 0.4610 0.4610 0.4610 0.4610 0.4610 0.4610 0.4610 0.4610 0.4610 0.4610 0.4610 0.4610 0.4610 0.4610 0.4610 0.4610 0.4610 0.4610 0.4610 0.4610 0.4610 0.4610 0.4610 0.4610 0.4610 0.4610 0.4610 0.4610 0.4610 0.4610 0.4610 0.4610 0.4610 0.4610 0.4610 0.4610 0.4610 0.4610 0.4610 0.4610 0.4610 0.4610 0.4610 0.4610 0.4610 0.4610 0.4610 0.4610 0.4610 0.4610 0.4610 0.4610 0.4610 0.4610 0.4610 0.4610 0.4610 0.4610 0.4610 0.4610 0.4610 0.4610 0.4610 0.4610 0.4610 0.4610 0.4610 0.4610 0.4610 0.4610 0.4610 0.4610 0.4610 0.4610 0.4610 0.4610 0.4610 0.4610 0.4610 0.4610 0.4610 0.4610 0.4610 0.4610 0.4610 0.4610 0.4610 0.4610 0.4610 0.4610 0.4610 0.4610 0.4610 0.4610 0.4610 0.4610 0.4610 0.4610 0.4610 0.4610 0.4610 0.4610 0.4610 0.4610 0.4610 0.4610 0.4610 0.4610 0.4610 0.4610 0.4610 0.4610 0.4610 0.4610 0.4610 0.4610 0.4610 0.4610 0.4610 0.4610 0.4610 0.4610 0.4610 0.4610 0.4610 0.4610 0.4610 0.4610 0.4610 0.4610 0.4610 0.4610 0.4610 0.4610 0.4610 0.4610 0.4610 0.4610 0.4610 0.4610 0.4610 0.4610 0.4610 0.4610 0.4610 0.4610 0.4610 0.4610 0.4610 0.4610 0.4610 0.4610 0.4610 0.4610 0.4610 0.4610 0.4610 0.4610 0.4610 0.4610 0.4610 0.4610 0.4610 0.4610 0.4610 0.4610 0.4610 0.4610 0.4610 0.4610 0.4610 0.4610 0.4610 0.4610 0.4610 0.4610 0.4610 0.4610 0.4610 0.4610 0.4610 0.4610 0.4610 0.4610 0.4610 0.4610 0.4610 0.4610 0.4610 0.4610 0.4610 0.4610 0.4610 0.4610 0.4610 0.4610 0.4610 0.4610 0.4610 0.4610 0.4610 0.4610 0.4610 0.4610 0.4610 0.4610 0.4610 0.4610 0.4610 0.4610 0.4610 0.4610 0.4610 0.4610 0.4610 0.4610 0.4610 0.4610 0.4610 0.4610 0.4610 0.4610 0.4610 0.4610 0.4610 0.4610 0.4610 0.4610 0.4610 0.4610 0.4610 0.4610 0.4610 0.4610 0.4610 0.4610 0.4610 0.4610 0.4610 0.4610 0.4610 0.4610 0.4610 0.4610 0.4610 0.4610 0.4610 0.4610 0.4610 0.4610 0.4610 0.4610 0.4610 0.4610 0.4610 0.4610 0.4610 0.4610 0.4610 0.4610 0.4610 0.4610 0.4610 0.4610 0.4610 0.4610 0.4610 0.4610 0.4610 0.4610 0.4610 0.4610 0.4610 0.4610 0.4610 0.4610 0.4610 0.4610 0.4610 0.4610 0.4610 0.4610 0.4610 0.4610 0.4610 0.4610 0.4610 0.4610 0.4610 0.4610 0.4610 0.4610 0.4610 0.4610 0.4610 0.4610 0.4610 0.4610 0.4610 0.4610 0.4610 0.4610 0.4610 0.4610 0.4610 0.4610 0.4610 0.4610 0.4610 0.4610 0.4610 0.4610 0.4610 0.4610 0.4610 0.4610 0.4610 0.4610 0.4610 0.4610 0.4610 0.4610 0.4610 0.4610 0.4610 0.4610 0.4610 0.4610 0.4610 0.4610 0.4610 0.4610 0.4610 0.4610 0.4610 0.4610 0.4610 0.4610 0.4610 0.4610 0.4610 0.4610 0.4610 0.4610 0.4610 0.4610 0.4610 0.4610 0.4610 0.4610 0.4610 0.4610 0.4610 0.4610 0.4610 0.4610 0.4610 0.4610 0.4610 0.4610 0.4610 0.4610 0.4610 0.4610 0.4610 0.4610 0.4610 0.4610 0.4610 0.4610 0.4610 0.4610 0.4610 0.4610 0.4610 0.4610 0.4610 0.4610 0.4610 0.4610 0.4610 0.4610 0.4610 0.4610 0.4610 0.4610 0.4610 0.4610 0.4610 0.4610 0.4610 0.4610 0.4610 0.4610 0.4610 0.4610 0.4610 0.4610 0.4610 0.4610 0.4610 0.4610 0.4610 0.4610 0.4610 0.4610 0.4610 0.4610 0.4610 0.4610 0.4610 0.4610 0.4610 0.4610 0.4610 0.4610 0.4610 0.4610 0.4610 0.4610 0.4610 0.4610 0.4610 0.4610 0.4610 0.4610 0.4610 0.4610 0.4610 0.4610 0.4610 0.4610 0.4610 0.4610 0.4610 0.4610 0.4610 0.4610 0.4610 0.4610 0.4610 0.4610 0.4610 0.4610 0.4610 0.4610 0.4610 0.4610 0.4610 0.4610 0.4610 0.4610 0.4610 0.4610 0.4610 0.4610 0.4610 0.4610 0.4610 0.4610 0.4610 0.4610 0.4610 0.4610 0.4610 0.4610 0.4610 0.4610 0.4610 0.4610 0.4610 0.4610 0.4610 0.4610 0.4610 0.4610 0.4610 0.4610 0.4610 0.4610 0.4610 0.4610 0.4610 0.4610 0.4610 0.4610 0.4610 0.4610 0.4610 0.4610 0.4610 0.4610 0.4610 0.4610 0.4610 0.4610 0.4610 0.4610 0.4610 0.4610 0.4610 0.4610 0.4610 0.4610 0.4610 0.4610 0.4610 0.4610 0.4610 0.4610 0.4610 0.4610 0.4610 0.4610 0.4610 0.4580 0.4580 0.4580 0.4580 0.4580 0.4580 0.4580 0.4580 0.4580 0.4580 0.4580 0.4580 0.4580 0.4580 0.4580 0.4580 0.4580 0.4580 0.4580 0.4580 0.4580 0.4580 0.4580 0.4580 0.4580 0.4580 0.4580 0.4580 0.4580 0.4580 0.4580 0.4580 0.4580 0.4580 0.4580 0.4580 0.4580 0.4580 0.4580 0.4580 0.4580 0.4580 0.4580 0.4580 0.4580 0.4580 0.4580 0.4580 0.4580 0.4580 0.4580 0.4580 0.4580 0.4580 0.4580 0.4580 0.4580 0.4580 0.4580 0.4580 0.4580 0.4580 0.4580 0.4580 0.4580 0.4580 0.4580 0.4580 0.4580 0.4580 0.4580 0.4580 0.4580 0.4580 0.4580 0.4580 0.4580 0.4580 0.4580 0.4580 0.4580 0.4580 0.4580 0.4580 0.4580 0.4580 0.4580 0.4580 0.4580 0.4580 0.4580 0.4580 0.4580 0.4580 0.4580 0.4580 0.4580 0.4580 0.4580 0.4580 0.4580 0.4580 0.4580 0.4580 0.4580 0.4580 0.4580 0.4580 0.4580 0.4580 0.4580 0.4580 0.4580 0.4580 0.4580 0.4580 0.4580 0.4580 0.4580 0.4580 0.4580 0.4580 0.4580 0.4580 0.4580 0.4580 0.4580 0.4580 0.4580 0.4580 0.4580 0.4580 0.4580 0.4580 0.4580 0.4580 0.4580 0.4580 0.4580 0.4580 0.4580 0.4580 0.4580 0.4580 0.4580 0.4580 0.4580 0.4580 0.4580 0.4580 0.4580 0.4580 0.4580 0.4580 0.4580 0.4580 0.4580 0.4580 0.4580 0.4580 0.4580 0.4580 0.4580 0.4580 0.4580 0.4580 0.4580 0.4580 0.4580 0.4580 0.4580 0.4580 0.4580 0.4580 0.4580 0.4580 0.4580 0.4580 0.4580 0.4580 0.4580 0.4580 0.4580 0.4580 0.4580 0.4580 0.4580 0.4580 0.4580 0.4580 0.4580 0.4580 0.4580 0.4580 0.4580 0.4580 0.4580 0.4580 0.4580 0.4580 0.4580 0.4580 0.4580 0.4580 0.4580 0.4580 0.4580 0.4580 0.4580 0.4580 0.4580 0.4580 0.4580 0.4580 0.4580 0.4580 0.4580 0.4580 0.4580 0.4580 0.4580 0.4580 0.4580 0.4580 0.4580 0.4580 0.4580 0.4580 0.4580 0.4580 0.4580 0.4580 0.4580 0.4580 0.4580 0.4580 0.4580 0.4580 0.4580 0.4580 0.4580 0.4580 0.4580 0.4580 0.4580 0.4580 0.4580 0.4580 0.4580 0.4580 0.4580 0.4580 0.4580 0.4580 0.4580 0.4580 0.4580 0.4580 0.4580 0.4580 0.4580 0.4580 0.4580 0.4580 0.4580 0.4580 0.4580 0.4580 0.4580 0.4580 0.4580 0.4580 0.4580 0.4580 0.4580 0.4580 0.4580 0.4580 0.4580 0.4580 0.4580 0.4580 0.4580 0.4580 0.4580 0.4580 0.4580 0.4580 0.4580 0.4580 0.4580 0.4580 0.4580 0.4580 0.4580 0.4580 0.4580 0.4580 0.4580 0.4580 0.4580 0.4580 0.4580 0.4580 0.4580 0.4580 0.4580 0.4580 0.4580 0.4580 0.4580 0.4580 0.4580 0.4580 0.4580 0.4580 0.4580 0.4580 0.4580 0.4580 0.4580 0.4580 0.4580 0.4580 0.4580 0.4580 0.4580 0.4580 0.4580 0.4580 0.4580 0.4580 0.4580 0.4580 0.4580 0.4580 0.4580 0.4580 0.4580 0.4580 0.4580 0.4580 0.4580 0.4580 0.4580 0.4580 0.4580 0.4580 0.4580 0.4580 0.4580 0.4580 0.4580 0.4580 0.4580 0.4580 0.4580 0.4580 0.4580 0.4580 0.4580 0.4580 0.4580 0.4580 0.4580 0.4580 0.4580 0.4580 0.4580 0.4580 0.4580 0.4580 0.4580 0.4580 0.4580 0.4580 0.4580 0.4580 0.4580 0.4580 0.4580 0.4580 0.4580 0.4580 0.4580 0.4580 0.4580 0.4580 0.4580 0.4580 0.4580 0.4580 0.4580 0.4580 0.4580 0.4580 0.4580 0.4580 0.4580 0.4580 0.4580 0.4580 0.4580 0.4580 0.4580 0.4580 0.4580 0.4580 0.4580 0.4580 0.4580 0.4580 0.4580 0.4580 0.4580 0.4580 0.4580 0.4580 0.4580 0.4580 0.4580 0.4580 0.4580 0.4580 0.4580 0.4580 0.4580 0.4580 0.4580 0.4580 0.4580 0.4580 0.4580 0.4580 0.4580 0.4580 0.4580 0.4580 0.4580 0.4580 0.4580 0.4580 0.4580 0.4580 0.4580 0.4580 0.4580 0.4580 0.4580 0.4580 0.4580 0.4580 0.4580 0.4580 0.4580 0.4580 0.4580 0.4580 0.4580 0.4580 0.4580 0.4580 0.4580 0.4580 0.4580 0.4580 0.4580 0.4580 0.4580 0.4580 0.4580 0.4580 0.4580 0.4580 0.4580 0.4580 0.4580 0.4580 0.4580 0.4580 0.4580 0.4580 0.4580 0.4580 0.4580 0.4580 0.4580 0.4580 0.4580 0.4580 0.4580 0.4580 0.4580 0.4580 0.4580 0.4580 0.4580 0.4580 0.4580 0.4580 0.4580 0.4580 0.4580 0.4580 0.4580 0.4580 0.4580 0.4580 0.4580 0.4580 0.4580 0.4580 0.4580 0.4580 0.4580 0.4580 0.4580 0.4580 0.4580 0.4580 0.4580 0.4580 0.4580 0.4580 0.4580 0.4580 0.4580 0.4580 0.4580 0.4580 0.4580 0.4580 0.4580 0.4580 0.4580 0.4580 0.4580 0.4580 0.4580 0.4580 0.4580 0.4580 0.4580 0.4580 0.4580 0.4580 0.4580 0.4580 0.4580 0.4580 0.4580 0.4580 0.4580 0.4580 0.4580 0.4580 0.4580 0.4580 0.4580 0.4580 0.4580 0.4580 0.4580 0.4580 0.4580 0.4580 0.4580 0.4580 0.4580 0.4580 0.4580 0.4580 0.4580 0.4580 0.4580 0.4580 0.4580 0.4580 0.4580 0.4580 0.4580 0.4580 0.4580 0.4580 0.4580 0.4580 0.4580 0.4580 0.4580 0.4580 0.4580 0.4580 0.4580 0.4580 0.4580 0.4580 0.4580 0.4580 0.4580 0.4580 0.4580 0.4580 0.4580 0.4580 0.4580 0.4580 0.4580 0.4580 0.4580 0.4580 0.4580 0.4580 0.4580 0.4580 0.4580 0.4580 0.4580 0.4580 0.4580 0.4580 0.4580 0.4580 0.4580 0.4580 0.4580 0.4580 0.4580 0.4580 0.4580 0.4580 0.4580 0.4580 0.4580 0.4580 0.4580 0.4580 0.4580 0.4580 0.4580 0.4580 0.4580 0.4580 0.4580 0.4580 0.4580 0.4580 0.4580 0.4580 0.4580 0.4580 0.4580 0.4580 0.4580 0.4580 0.4580 0.4580 0.4580 0.4580 0.4580 0.4580 0.4580 0.4580 0.4580 0.4580 0.4580 0.4580 0.4580 0.4580 0.4580 0.4580 0.4580 0.4580 0.4580 0.4580 0.4580 0.4580 0.4580 0.4580 0.4580 0.4580 0.4580 0.4580 0.4580 0.4580 0.4580 0.4580 0.4580 0.4580 0.4580 0.4580 0.4580 0.4580 0.4580 0.4580 0.4580 0.4580 0.4580 0.4580 0.4580 0.4580 0.4580 0.4580 0.4580 0.4580 0.4580 0.4580 0.4580 0.4580 0.4580 0.4580 0.4580 0.4580 0.4580 0.4580 0.4580 0.4580 0.4580 0.4580 0.4580 0.4580 0.4580 0.4580 0.4580 0.4580 0.4580 0.4580 0.4580 0.4580 0.4580 0.4580 0.4580 0.4580 0.4580 0.4580 0.4580 0.4580 0.4580 0.4580 0.4580 0.4580 0.4580 0.4580 0.4580 0.4580 0.4580 0.4580 0.4580 0.4580 0.4580 0.4580 0.4580 0.4580 0.4580 0.4580 0.4580 0.4580 0.4580 0.4580 0.4580 0.4580 0.4580 0.4580 0.4580 0.4580 0.4580 0.4580 0.4580 0.4580 0.4580 0.4580 0.4580 0.4580 0.4580 0.4580 0.4580 0.4580 0.4580 0.4580 0.4580 0.4580 0.4580 0.4580 0.4580 0.4580 0.4580 0.4580 0.4580 0.4580 0.4580 0.4580 0.4580 0.4580 0.4580 0.4580 0.4580 0.4580 0.4580 0.4580 0.4580 0.4580 0.4580 0.4580 0.4580 0.4580 0.4580 0.4580 0.4580 0.4580 0.4580 0.4580 0.4580 0.4580 0.4580 0.4580 0.4580 0.4580 0.4580 0.4580 0.4580 0.4580 0.4580 0.4580 0.4580 0.4580 0.4580 0.4580 0.4580 0.4580 0.4580 0.4580 0.4580 0.4580 0.4580 0.4580 0.4580 0.4580 0.4580 0.4580 0.4580 0.4580 0.4580 0.4580 0.4580 0.4580 0.4580 0.4580 0.4580 0.4580 0.4580 0.4580 0.4580 0.4580 0.4580 0.4580 0.4580 0.4580 0.4580 0.4580 0.4580 0.4580 0.4580 0.4580 0.4580 0.4580 0.4580 0.4580 0.4580 0.4580 0.4580 0.4580 0.4580 0.4580 0.4580 0.4580 0.4580 0.4580 0.4580 0.4580 0.4580 0.4580 0.4580 0.4580 0.4580 0.4580 0.4580 0.4580 0.4580 0.4580 0.4580 0.4580 0.4580 0.4580 0.4580 0.4580 0.4580 0.4580 0.4580 0.4580 0.4580 0.4580 0.4580 0.4580 0.4580 0.4580 0.4580 0.4580 0.4580 0.4580 0.4580 0.4580 0.4580 0.4580 0.4580 0.4580 0.4580 0.4580 0.4580 0.4580 0.4580 0.4580 0.4580 0.4580 0.4580 0.4580 0.4580 0.4580 0.4580 0.4580 0.4580 0.4580 0.4580 0.4580 0.4580 0.4580 0.4580 0.4580 0.4580 0.4580 0.4580 0.4580 0.4580 0.4580 0.4580 0.4580 0.4580 0.4580 0.4580 0.4580 0.4580 0.4580 0.4580 0.4580 0.4580 0.4580 0.4580 0.4580 0.4580 0.4580 0.4580 0.4580 0.4580 0.4580 0.4580 0.4580 0.4580 0.4580 0.4580 0.4580 0.4580 0.4580 0.4580 0.4580 0.4580 0.4580 0.4580 0.4580 0.4580 0.4580 0.4580 0.4580 0.4580 0.4580 0.4580 0.4580 0.4580 0.4580 0.4580 0.4580 0.4580 0.4580 0.4580 0.4580 0.4580 0.4580 0.4580 0.4580 0.4580 0.4580 0.4580 0.4580 0.4580 0.4580 0.4580 0.4580 0.4580 0.4580 0.4580 0.4580 0.4580 0.4580 0.4580 0.4580 0.4580 0.4580 0.4580 0.4580 0.4580 0.4580 0.4580 0.4580 0.4580 0.4580 0.4580 0.4580 0.4580 0.4580 0.4580 0.4580 0.4580 0.4580 0.4580 0.4580 0.4580 0.4580 0.4580 0.4580 0.4580 0.4580 0.4580 0.4580 0.4580 0.4580 0.4580 0.4580 0.4580 0.4580 0.4580 0.4580 0.4580 0.4580 0.4580 0.4580 0.4580 0.4580 0.4580 0.4580 0.4580 0.4580 0.4580 0.4580 0.4580 0.4580 0.4580 0.4580 0.4580 0.4580 0.4580 0.4580 0.4580 0.4580 0.4580 0.4580 0.4580 0.4580 0.4580 0.4580 0.4580 0.4580 0.4580 0.4580 0.4580 0.4580 0.4580 0.4580 0.4580 0.4580 0.4580 0.4580 0.4580 0.4580 0.4580 0.4580 0.4580 0.4580 0.4580 0.4580 0.4580 0.4580 0.4580 0.4580 0.4580 0.4580 0.4580 0.4580 0.4580 0.4580 0.4580 0.4580 0.4580 0.4580 0.4580 0.4580 0.4580 0.4580 0.4580 0.4580 0.4580 0.4580 0.4580 0.4580 0.4580 0.4580 0.4580 0.4580 0.4580 0.4580 0.4580 0.4580 0.4580 0.4580 0.4580 0.4580 0.4580 0.4580 0.4580 0.4580 0.4580 0.4580 0.4580 0.4580 0.4580 0.4580 0.4580 0.4580 0.4580 0.4580 0.4580 0.4580 0.4580 0.4580 0.4580 0.4580 0.4580 0.4480 0.4480 0.4480 0.4480 0.4480 0.4480 0.4480 0.4480 0.4480 0.4480 0.4480 0.4480 0.4480 0.4480 0.4480 0.4480 0.4480 0.4480 0.4480 0.4480 0.4480 0.4480 0.4480 0.4480 0.4480 0.4480 0.4480 0.4480 0.4480 0.4480 0.4480 0.4480 0.4480 0.4480 0.4480 0.4480 0.4480 0.4480 0.4480 0.4480 0.4480 0.4480 0.4480 0.4480 0.4480 0.4480 0.4480 0.4480 0.4480 0.4480 0.4480 0.4480 0.4480 0.4480 0.4480 0.4480 0.4480 0.4480 0.4480 0.4480 0.4480 0.4480 0.4480 0.4480 0.4480 0.4480 0.4480 0.4480 0.4480 0.4480 0.4480 0.4480 0.4480 0.4480 0.4480 0.4480 0.4480 0.4480 0.4480 0.4480 0.4480 0.4480 0.4480 0.4480 0.4480 0.4480 0.4480 0.4480 0.4480 0.4480 0.4480 0.4480 0.4480 0.4480 0.4480 0.4480 0.4480 0.4480 0.4480 0.4480 0.4480 0.4480 0.4480 0.4480 0.4480 0.4480 0.4480 0.4480 0.4480 0.4480 0.4480 0.4480 0.4480 0.4480 0.4480 0.4480 0.4480 0.4480 0.4480 0.4480 0.4480 0.4480 0.4480 0.4480 0.4480 0.4480 0.4480 0.4480 0.4480 0.4480 0.4480 0.4480 0.4480 0.4480 0.4480 0.4480 0.4480 0.4480 0.4480 0.4480 0.4480 0.4480 0.4480 0.4480 0.4480 0.4480 0.4480 0.4480 0.4480 0.4480 0.4480 0.4480 0.4480 0.4480 0.4480 0.4480 0.4480 0.4480 0.4480 0.4480 0.4480 0.4480 0.4480 0.4480 0.4480 0.4480 0.4480 0.4480 0.4480 0.4480 0.4480 0.4480 0.4480 0.4480 0.4480 0.4480 0.4480 0.4480 0.4480 0.4480 0.4480 0.4480 0.4480 0.4480 0.4480 0.4480 0.4480 0.4480 0.4480 0.4480 0.4480 0.4480 0.4480 0.4480 0.4480 0.4480 0.4480 0.4480 0.4480 0.4480 0.4480 0.4480 0.4480 0.4480 0.4480 0.4480 0.4480 0.4480 0.4480 0.4480 0.4480 0.4480 0.4480 0.4480 0.4480 0.4480 0.4480 0.4480 0.4480 0.4480 0.4480 0.4480 0.4480 0.4480 0.4480 0.4480 0.4480 0.4480 0.4480 0.4480 0.4480 0.4480 0.4480 0.4480 0.4480 0.4480 0.4480 0.4480 0.4480 0.4480 0.4480 0.4480 0.4480 0.4480 0.4480 0.4480 0.4480 0.4480 0.4480 0.4480 0.4480 0.4480 0.4480 0.4480 0.4480 0.4480 0.4480 0.4480 0.4480 0.4480 0.4480 0.4480 0.4480 0.4480 0.4480 0.4480 0.4480 0.4480 0.4480 0.4480 0.4480 0.4480 0.4480 0.4480 0.4480 0.4480 0.4480 0.4480 0.4480 0.4480 0.4480 0.4480 0.4480 0.4480 0.4480 0.4480 0.4480 0.4480 0.4480 0.4480 0.4480 0.4480 0.4480 0.4480 0.4480 0.4480 0.4480 0.4480 0.4480 0.4480 0.4480 0.4480 0.4480 0.4480 0.4480 0.4480 0.4480 0.4480 0.4480 0.4480 0.4480 0.4480 0.4480 0.4480 0.4480 0.4480 0.4480 0.4480 0.4480 0.4480 0.4480 0.4480 0.4480 0.4480 0.4480 0.4480 0.4480 0.4480 0.4480 0.4480 0.4480 0.4480 0.4480 0.4480 0.4480 0.4480 0.4480 0.4480 0.4480 0.4480 0.4480 0.4480 0.4480 0.4480 0.4480 0.4480 0.4480 0.4480 0.4480 0.4480 0.4480 0.4480 0.4480 0.4480 0.4480 0.4480 0.4480 0.4480 0.4480 0.4480 0.4480 0.4480 0.4480 0.4480 0.4480 0.4480 0.4480 0.4480 0.4480 0.4480 0.4480 0.4480 0.4480 0.4480 0.4480 0.4480 0.4480 0.4480 0.4480 0.4480 0.4480 0.4480 0.4480 0.4480 0.4480 0.4480 0.4480 0.4480 0.4480 0.4480 0.4480 0.4480 0.4480 0.4480 0.4480 0.4480 0.4480 0.4480 0.4480 0.4480 0.4480 0.4480 0.4480 0.4480 0.4480 0.4480 0.4480 0.4480 0.4480 0.4480 0.4480 0.4480 0.4480 0.4480 0.4480 0.4480 0.4480 0.4480 0.4480 0.4480 0.4480 0.4480 0.4480 0.4480 0.4480 0.4480 0.4480 0.4480 0.4480 0.4480 0.4480 0.4480 0.4480 0.4480 0.4480 0.4480 0.4480 0.4480 0.4480 0.4480 0.4480 0.4480 0.4480 0.4480 0.4480 0.4480 0.4480 0.4480 0.4480 0.4480 0.4480 0.4480 0.4480 0.4480 0.4480 0.4480 0.4480 0.4480 0.4480 0.4480 0.4480 0.4480 0.4480 0.4480 0.4480 0.4480 0.4480 0.4480 0.4480 0.4480 0.4480 0.4480 0.4480 0.4480 0.4480 0.4480 0.4480 0.4480 0.4480 0.4480 0.4480 0.4480 0.4480 0.4480 0.4480 0.4480 0.4480 0.4480 0.4480 0.4480 0.4480 0.4480 0.4480 0.4480 0.4480 0.4480 0.4480 0.4480 0.4480 0.4480 0.4480 0.4480 0.4480 0.4480 0.4480 0.4480 0.4480 0.4480 0.4480 0.4480 0.4480 0.4480 0.4480 0.4480 0.4480 0.4480 0.4480 0.4480 0.4480 0.4480 0.4480 0.4480 0.4480 0.4480 0.4480 0.4480 0.4480 0.4480 0.4480 0.4480 0.4480 0.4480 0.4480 0.4480 0.4480 0.4480 0.4480 0.4480 0.4480 0.4480 0.4480 0.4480 0.4480 0.4480 0.4480 0.4480 0.4480 0.4480 0.4480 0.4480 0.4480 0.4480 0.4480 0.4480 0.4480 0.4480 0.4480 0.4480 0.4480 0.4480 0.4480 0.4480 0.4480 0.4480 0.4480 0.4480 0.4480 0.4480 0.4480 0.4480 0.4480 0.4480 0.4480 0.4480 0.4480 0.4480 0.4480 0.4480 0.4480 0.4480 0.4480 0.4480 0.4480 0.4480 0.4480 0.4480 0.4480 0.4480 0.4480 0.4480 0.4480 0.4480 0.4480 0.4480 0.4480 0.4480 0.4480 0.4480 0.4480 0.4480 0.4480 0.4480 0.4480 0.4480 0.4480 0.4480 0.4480 0.4480 0.4480 0.4480 0.4480 0.4480 0.4480 0.4480 0.4480 0.4480 0.4480 0.4480 0.4480 0.4480 0.4480 0.4480 0.4480 0.4480 0.4480 0.4480 0.4480 0.4480 0.4480 0.4480 0.4480 0.4480 0.4480 0.4480 0.4480 0.4480 0.4480 0.4480 0.4480 0.4480 0.4480 0.4480 0.4480 0.4480 0.4480 0.4480 0.4480 0.4480 0.4480 0.4480 0.4480 0.4480 0.4480 0.4480 0.4480 0.4480 0.4480 0.4480 0.4480 0.4480 0.4480 0.4480 0.4480 0.4480 0.4480 0.4480 0.4480 0.4480 0.4480 0.4480 0.4480 0.4480 0.4480 0.4480 0.4480 0.4480 0.4480 0.4480 0.4480 0.4480 0.4480 0.4480 0.4480 0.4480 0.4480 0.4480 0.4480 0.4480 0.4480 0.4480 0.4480 0.4480 0.4480 0.4480 0.4480 0.4480 0.4480 0.4480 0.4480 0.4480 0.4480 0.4480 0.4480 0.4480 0.4480 0.4480 0.4480 0.4480 0.4480 0.4480 0.4480 0.4480 0.4480 0.4480 0.4480 0.4480 0.4480 0.4480 0.4480 0.4480 0.4480 0.4480 0.4480 0.4480 0.4480 0.4480 0.4480 0.4480 0.4480 0.4480 0.4480 0.4480 0.4480 0.4480 0.4480 0.4480 0.4480 0.4480 0.4480 0.4480 0.4480 0.4480 0.4480 0.4480 0.4480 0.4480 0.4480 0.4480 0.4480 0.4480 0.4480 0.4480 0.4480 0.4480 0.4480 0.4480 0.4480 0.4480 0.4480 0.4480 0.4480 0.4480 0.4480 0.4480 0.4480 0.4480 0.4480 0.4480 0.4480 0.4480 0.4480 0.4480 0.4480 0.4480 0.4480 0.4480 0.4480 0.4480 0.4480 0.4480 0.4480 0.4480 0.4480 0.4480 0.4480 0.4480 0.4480 0.4480 0.4480 0.4480 0.4480 0.4480 0.4480 0.4480 0.4480 0.4480 0.4480 0.4480 0.4480 0.4480 0.4480 0.4480 0.4480 0.4480 0.4480 0.4480 0.4480 0.4480 0.4480 0.4480 0.4480 0.4480 0.4480 0.4480 0.4480 0.4480 0.4480 0.4480 0.4480 0.4480 0.4480 0.4480 0.4480 0.4480 0.4480 0.4480 0.4480 0.4480 0.4480 0.4480 0.4480 0.4480 0.4480 0.4480 0.4480 0.4480 0.4480 0.4480 0.4480 0.4480 0.4480 0.4480 0.4480 0.4480 0.4480 0.4480 0.4480 0.4480 0.4480 0.4480 0.4480 0.4480 0.4480 0.4480 0.4480 0.4480 0.4480 0.4480 0.4480 0.4480 0.4480 0.4480 0.4480 0.4480 0.4480 0.4480 0.4480 0.4480 0.4480 0.4480 0.4480 0.4480 0.4480 0.4480 0.4480 0.4480 0.4480 0.4480 0.4480 0.4480 0.4480 0.4480 0.4480 0.4480 0.4480 0.4480 0.4480 0.4480 0.4480 0.4480 0.4480 0.4480 0.4480 0.4480 0.4480 0.4480 0.4480 0.4480 0.4480 0.4480 0.4480 0.4480 0.4480 0.4480 0.4480 0.4480 0.4480 0.4480 0.4480 0.4480 0.4480 0.4480 0.4480 0.4480 0.4480 0.4480 0.4480 0.4480 0.4480 0.4480 0.4480 0.4480 0.4480 0.4480 0.4480 0.4480 0.4480 0.4480 0.4480 0.4480 0.4480 0.4480 0.4480 0.4480 0.4480 0.4480 0.4480 0.4480 0.4480 0.4480 0.4520 0.4520 0.4520 0.4520 0.4520 0.4520 0.4520 0.4520 0.4520 0.4520 0.4520 0.4520 0.4520 0.4520 0.4520 0.4520 0.4520 0.4520 0.4520 0.4520 0.4520 0.4520 0.4520 0.4520 0.4520 0.4520 0.4520 0.4520 0.4520 0.4520 0.4520 0.4520 0.4520 0.4520 0.4520 0.4520 0.4520 0.4520 0.4520 0.4520 0.4520 0.4520 0.4520 0.4520 0.4520 0.4520 0.4520 0.4520 0.4520 0.4520 0.4520 0.4520 0.4520 0.4520 0.4520 0.4520 0.4520 0.4520 0.4520 0.4520 0.4520 0.4520 0.4520 0.4520 0.4520 0.4520 0.4520 0.4520 0.4520 0.4520 0.4520 0.4520 0.4520 0.4520 0.4520 0.4520 0.4520 0.4520 0.4520 0.4520 0.4520 0.4520 0.4520 0.4520 0.4520 0.4520 0.4520 0.4520 0.4520 0.4520 0.4520 0.4520 0.4520 0.4520 0.4520 0.4520 0.4520 0.4520 0.4520 0.4520 0.4520 0.4520 0.4520 0.4520 0.4520 0.4520 0.4520 0.4520 0.4520 0.4520 0.4520 0.4520 0.4520 0.4520 0.4520 0.4520 0.4520 0.4520 0.4520 0.4520 0.4520 0.4520 0.4520 0.4520 0.4520 0.4520 0.4520 0.4520 0.4520 0.4520 0.4520 0.4520 0.4520 0.4520 0.4520 0.4520 0.4520 0.4520 0.4520 0.4520 0.4520 0.4520 0.4520 0.4520 0.4520 0.4520 0.4520 0.4520 0.4520 0.4520 0.4520 0.4520 0.4520 0.4520 0.4520 0.4520 0.4520 0.4520 0.4520 0.4520 0.4520 0.4520 0.4520 0.4520 0.4520 0.4520 0.4520 0.4520 0.4520 0.4520 0.4520 0.4520 0.4520 0.4520 0.4520 0.4520 0.4520 0.4520 0.4520 0.4520 0.4520 0.4520 0.4520 0.4520 0.4520 0.4520 0.4520 0.4520 0.4520 0.4520 0.4520 0.4520 0.4520 0.4520 0.4520 0.4520 0.4520 0.4520 0.4520 0.4520 0.4520 0.4520 0.4520 0.4520 0.4520 0.4520 0.4520 0.4520 0.4520 0.4520 0.4520 0.4520 0.4520 0.4520 0.4520 0.4520 0.4520 0.4520 0.4520 0.4520 0.4520 0.4520 0.4520 0.4520 0.4520 0.4520 0.4520 0.4520 0.4520 0.4520 0.4520 0.4520 0.4520 0.4520 0.4520 0.4520 0.4520 0.4520 0.4520 0.4520 0.4520 0.4520 0.4520 0.4520 0.4520 0.4520 0.4520 0.4520 0.4520 0.4520 0.4520 0.4520 0.4520 0.4520 0.4520 0.4520 0.4520 0.4520 0.4520 0.4520 0.4520 0.4520 0.4520 0.4520 0.4520 0.4520 0.4520 0.4520 0.4520 0.4520 0.4520 0.4520 0.4520 0.4520 0.4520 0.4520 0.4520 0.4520 0.4520 0.4520 0.4520 0.4520 0.4520 0.4520 0.4520 0.4520 0.4520 0.4520 0.4520 0.4520 0.4520 0.4520 0.4520 0.4520 0.4520 0.4520 0.4520 0.4520 0.4520 0.4520 0.4520 0.4520 0.4520 0.4520 0.4520 0.4520 0.4520 0.4520 0.4520 0.4520 0.4520 0.4520 0.4520 0.4520 0.4520 0.4520 0.4520 0.4520 0.4520 0.4520 0.4520 0.4520 0.4520 0.4520 0.4520 0.4520 0.4520 0.4520 0.4520 0.4520 0.4520 0.4520 0.4520 0.4520 0.4520 0.4520 0.4520 0.4520 0.4520 0.4520 0.4520 0.4520 0.4520 0.4520 0.4520 0.4520 0.4520 0.4520 0.4520 0.4520 0.4520 0.4520 0.4520 0.4520 0.4520 0.4520 0.4520 0.4520 0.4520 0.4520 0.4520 0.4520 0.4520 0.4520 0.4520 0.4520 0.4520 0.4520 0.4520 0.4520 0.4520 0.4520 0.4520 0.4520 0.4520 0.4520 0.4520 0.4520 0.4520 0.4520 0.4520 0.4520 0.4520 0.4520 0.4520 0.4520 0.4520 0.4520 0.4520 0.4520 0.4520 0.4520 0.4520 0.4520 0.4520 0.4520 0.4520 0.4520 0.4520 0.4520 0.4520 0.4520 0.4520 0.4520 0.4520 0.4520 0.4520 0.4520 0.4520 0.4520 0.4520 0.4520 0.4520 0.4520 0.4520 0.4520 0.4520 0.4520 0.4520 0.4520 0.4520 0.4520 0.4520 0.4520 0.4520 0.4520 0.4520 0.4520 0.4520 0.4520 0.4520 0.4520 0.4520 0.4520 0.4520 0.4520 0.4520 0.4520 0.4520 0.4520 0.4520 0.4520 0.4520 0.4520 0.4520 0.4520 0.4520 0.4520 0.4520 0.4520 0.4520 0.4520 0.4520 0.4520 0.4520 0.4520 0.4520 0.4520 0.4520 0.4520 0.4520 0.4520 0.4520 0.4520 0.4520 0.4520 0.4520 0.4520 0.4520 0.4520 0.4520 0.4520 0.4520 0.4520 0.4520 0.4520 0.4520 0.4520 0.4520 0.4520 0.4520 0.4520 0.4520 0.4520 0.4520 0.4520 0.4520 0.4520 0.4520 0.4520 0.4520 0.4520 0.4520 0.4520 0.4520 0.4520 0.4520 0.4520 0.4520 0.4520 0.4520 0.4520 0.4520 0.4520 0.4520 0.4520 0.4520 0.4520 0.4520 0.4520 0.4520 0.4520 0.4520 0.4520 0.4520 0.4520 0.4520 0.4520 0.4520 0.4520 0.4520 0.4520 0.4520 0.4520 0.4520 0.4520 0.4520 0.4520 0.4520 0.4520 0.4520 0.4520 0.4520 0.4520 0.4520 0.4520 0.4520 0.4520 0.4520 0.4520 0.4520 0.4520 0.4520 0.4520 0.4520 0.4520 0.4520 0.4520 0.4520 0.4520 0.4520 0.4520 0.4520 0.4520 0.4520 0.4520 0.4520 0.4520 0.4520 0.4520 0.4520 0.4520 0.4520 0.4520 0.4520 0.4520 0.4520 0.4520 0.4520 0.4520 0.4520 0.4520 0.4520 0.4520 0.4520 0.4520 0.4520 0.4520 0.4520 0.4520 0.4520 0.4520 0.4520 0.4520 0.4520 0.4520 0.4520 0.4520 0.4520 0.4520 0.4520 0.4520 0.4520 0.4520 0.4520 0.4520 0.4520 0.4520 0.4520 0.4520 0.4520 0.4520 0.4520 0.4520 0.4520 0.4520 0.4520 0.4520 0.4520 0.4520 0.4520 0.4520 0.4520 0.4520 0.4520 0.4520 0.4520 0.4520 0.4520 0.4520 0.4520 0.4520 0.4520 0.4520 0.4520 0.4520 0.4520 0.4520 0.4520 0.4520 0.4520 0.4520 0.4520 0.4520 0.4520 0.4520 0.4520 0.4520 0.4520 0.4520 0.4520 0.4520 0.4520 0.4520 0.4520 0.4520 0.4520 0.4520 0.4520 0.4520 0.4520 0.4520 0.4520 0.4520 0.4520 0.4520 0.4520 0.4520 0.4520 0.4520 0.4520 0.4520 0.4520 0.4520 0.4520 0.4520 0.4520 0.4520 0.4520 0.4520 0.4520 0.4520 0.4520 0.4520 0.4520 0.4520 0.4520 0.4520 0.4520 0.4520 0.4520 0.4520 0.4520 0.4520 0.4520 0.4520 0.4520 0.4520 0.4520 0.4520 0.4520 0.4520 0.4520 0.4520 0.4520 0.4520 0.4520 0.4520 0.4520 0.4520 0.4520 0.4520 0.4520 0.4520 0.4520 0.4520 0.4520 0.4520 0.4520 0.4520 0.4520 0.4520 0.4520 0.4520 0.4520 0.4520 0.4520 0.4520 0.4520 0.4520 0.4520 0.4520 0.4520 0.4520 0.4520 0.4520 0.4520 0.4520 0.4520 0.4520 0.4520 0.4520 0.4520 0.4520 0.4520 0.4520 0.4520 0.4520 0.4520 0.4520 0.4520 0.4520 0.4520 0.4520 0.4520 0.4520 0.4520 0.4520 0.4520 0.4520 0.4520 0.4520 0.4520 0.4520 0.4520 0.4520 0.4520 0.4520 0.4520 0.4520 0.4520 0.4520 0.4520 0.4520 0.4520 0.4520 0.4520 0.4520 0.4520 0.4520 0.4520 0.4520 0.4520 0.4520 0.4520 0.4520 0.4520 0.4520 0.4520 0.4520 0.4520 0.4520 0.4520 0.4520 0.4520 0.4520 0.4520 0.4520 0.4520 0.4520 0.4520 0.4520 0.4520 0.4520 0.4520 0.4520 0.4520 0.4520 0.4520 0.4520 0.4520 0.4520 0.4520 0.4520 0.4520 0.4520 0.4520 0.4520 0.4520 0.4520 0.4520 0.4520 0.4520 0.4520 0.4520 0.4520 0.4520 0.4520 0.4520 0.4520 0.4520 0.4520 0.4520 0.4520 0.4520 0.4520 0.4520 0.4520 0.4520 0.4520 0.4520 0.4520 0.4520 0.4520 0.4520 0.4520 0.4520 0.4520 0.4520 0.4520 0.4520 0.4520 0.4520 0.4520 0.4520 0.4520 0.4520 0.4520 0.4520 0.4520 0.4520 0.4520 0.4520 0.4520 0.4520 0.4520 0.4520 0.4520 0.4520 0.4900 0.4900 0.4900 0.4900 0.4900 0.4900 0.4900 0.4900 0.4900 0.4900 0.4900 0.4900 0.4900 0.4900 0.4900 0.4900 0.4900 0.4900 0.4900 0.4900 0.4900 0.4900 0.4900 0.4900 0.4900 0.4900 0.4900 0.4900 0.4900 0.4900 0.4900 0.4900 0.4900 0.4900 0.4900 0.4900 0.4900 0.4900 0.4900 0.4900 0.4900 0.4900 0.4900 0.4900 0.4900 0.4900 0.4900 0.4900 0.4900 0.4900 0.4900 0.4900 0.4900 0.4900 0.4900 0.4900 0.4900 0.4900 0.4900 0.4900 0.4900 0.4900 0.4900 0.4900 0.4900 0.4900 0.4900 0.4900 0.4900 0.4900 0.4900 0.4900 0.4900 0.4900 0.4900 0.4900 0.4900 0.4900 0.4900 0.4900 0.4900 0.4900 0.4900 0.4900 0.4900 0.4900 0.4900 0.4900 0.4900 0.4900 0.4900 0.4900 0.4900 0.4900 0.4900 0.4900 0.4900 0.4900 0.4900 0.4900 0.4900 0.4900 0.4900 0.4900 0.4900 0.4900 0.4900 0.4900 0.4900 0.4900 0.4900 0.4900 0.4900 0.4900 0.4900 0.4900 0.4900 0.4900 0.4900 0.4900 0.4900 0.4900 0.4900 0.4900 0.4900 0.4900 0.4900 0.4900 0.4900 0.4900 0.4900 0.4900 0.4900 0.4900 0.4900 0.4900 0.4900 0.4900 0.4900 0.4900 0.4900 0.4900 0.4900 0.4900 0.4900 0.4900 0.4900 0.4900 0.4900 0.4900 0.4900 0.4750 0.4750 0.4750 0.4750 0.4750 0.4750 0.4750 0.4750 0.4750 0.4750 0.4750 0.4750 0.4750 0.4750 0.4750 0.4750 0.4750 0.4750 0.4750 0.4750 0.4750 0.4750 0.4750 0.4750 0.4750 0.4750 0.4750 0.4750 0.4750 0.4750 0.4750 0.4750 0.4750 0.4750 0.4750 0.4750 0.4750 0.4750 0.4750 0.4750 0.4750 0.4750 0.4750 0.4750 0.4750 0.4750 0.4750 0.4750 0.4750 0.4750 0.4750 0.4750 0.4750 0.4750 0.4750 0.4750 0.4750 0.4750 0.4750 0.4750 0.4750 0.4750 0.4750 0.4750 0.4750 0.4750 0.4750 0.4750 0.4750 0.4750 0.4750 0.4750 0.4750 0.4750 0.4750 0.4750 0.4750 0.4750 0.4750 0.4750 0.4750 0.4750 0.4750 0.4750 0.4750 0.4750 0.4750 0.4750 0.4750 0.4750 0.4750 0.4750 0.4750 0.4750 0.4750 0.4750 0.4750 0.4750 0.4750 0.4750 0.4750 0.4750 0.4750 0.4750 0.4750 0.4760 0.4760 0.4760 0.4760 0.4760 0.4760 0.4760 0.4760 0.4760 0.4760 0.4760 0.4760 0.4760 0.4760 0.4760 0.4760 0.4760 0.4760 0.4760 0.4760 0.4760 0.4760 0.4760 0.4760 0.4760 0.4760 0.4760 0.4760 0.4760 0.4760 0.4760 0.4760 0.4760 0.4760 0.4760 0.4760 0.4760 0.4760 0.4760 0.4760 0.4760 0.4760 0.4760 0.4760 0.4760 0.4760 0.4760 0.4760 0.4760 0.4760 0.4760 0.4760 0.4760 0.4760 0.4760 0.4760 0.4760 0.4760 0.4760 0.4760 0.4760 0.4760 0.4760 0.4760 0.4760 0.4760 0.4760 0.4760 0.4760 0.4760 0.4760 0.4760 0.4760 0.4760 0.4760 0.4760 0.4760 0.4760 0.4760 0.4680 0.4680 0.4680 0.4680 0.4680 0.4680 0.4680 0.4680 0.4680 0.4680 0.4680 0.4680 0.4680 0.4680 0.4680 0.4680 0.4680 0.4680 0.4680 0.4680 0.4680 0.4680 0.4680 0.4680 0.4680 0.4680 0.4680 0.4680 0.4680 0.4680 0.4680 0.4680 0.4680 0.4680 0.4680 0.4680 0.4680 0.4680 0.4680 0.4680 0.4680 0.4680 0.4680 0.4680 0.4680 0.4680 0.4680 0.4680 0.4680 0.4680 0.4680 0.4680 0.4680 0.4680 0.4680 0.4680 0.4680 0.4680 0.4680 0.4680 0.4680 0.4680 0.4680 0.4680 0.4680 0.4680 0.4680 0.4680 0.4680 0.4680 0.4680 0.4680 0.4680 0.4680 0.4980 0.4980 0.4980 0.4980 0.4980 0.4980 0.4980 0.4980 0.4980 0.4980 0.4980 0.4980 0.4980 0.4980 0.4980 0.4980 0.4980 0.4980 0.4980 0.4980 0.4980 0.4980 0.4980 0.4980 0.4980 0.4980 0.4980 0.4980 0.4980 0.4980 0.4980 0.4980 0.4980 0.4980 0.4980 0.4980 0.4980 0.4980 0.4980 0.4980 0.4980 0.4980 0.4980 0.4980 0.4980 0.4980 0.4980 0.4980 0.4980 0.4980 0.4980 0.4980 0.4980 0.4980 0.4980 0.4980 0.4980 0.4980 0.4980 0.4980 0.4980 0.4980 0.4980 0.4980 0.4980 0.4980 0.4980 0.4980 0.4980 0.4980 0.4980 0.4980 0.4980 0.4980 0.4980 0.4980 0.4980 0.4980 0.4980 0.4980 0.4980 0.4980 0.4980 0.4980 0.4980 0.4980 0.4980 0.4980 0.4980 0.4980 0.4980 0.4980 0.4980 0.4980 0.4980 0.4980 0.4980 0.4980 0.4980 0.4980 0.4980 0.4980 0.4980 0.4980 0.4980 0.4980 0.4980 0.4980 0.4980 0.4980 0.4980 0.4980 0.4980 0.4980
</DataArray>
<DataArray type="Int32" Name="lipid_id" format="ascii">
0 0 0 0 0 0 0 0 0 0 0 0 0 0 0 0 0 0 0 0 0 0 0 0 0 0 0 0 0 0 0 0 0 0 0 0 0 0 0 0 0 0 0 0 0 0 0 0 0 0 0 0 0 0 0 0 0 0 0 0 0 0 0 0 0 0 0 0 0 0 0 0 0 0 0 0 0 0 0 0 0 0 0 0 0 0 0 0 0 0 0 0 0 0 0 0 0 0 0 0 0 0 0 0 0 0 0 0 0 0 0 0 0 0 0 0 0 0 0 0 0 0 0 0 0 0 0 0 0 0 0 0 0 0 0 0 0 0 0 0 0 0 0 0 0 0 0 0 0 0 0 0 0 0 0 0 0 0 0 0 0 0 0 0 0 0 0 0 0 0 0 0 0 0 0 0 0 0 0 0 0 0 0 0 0 0 0 0 0 0 0 0 0 0 0 0 0 0 0 0 0 0 0 0 0 0 0 0 0 0 0 0 0 0 0 0 0 0 0 0 0 0 0 0 0 0 0 0 0 0 0 0 0 0 0 0 0 0 0 0 0 0 0 0 0 0 0 0 0 0 0 0 0 0 0 0 0 0 0 0 0 0 0 0 0 0 0 0 0 0 0 0 0 0 0 0 0 0 0 0 0 0 0 0 0 0 0 0 0 0 0 0 0 0 0 0 0 0 0 0 0 0 0 0 0 0 0 0 0 0 0 0 0 0 0 0 0 0 0 0 0 0 0 0 0 0 0 0 0 0 0 0 0 0 0 0 0 0 0 0 0 0 0 0 0 0 0 0 0 0 0 0 0 0 0 0 0 0 0 0 0 0 0 0 0 0 0 0 0 0 0 0 0 0 0 0 0 0 0 0 0 0 0 0 0 0 0 0 0 0 0 0 0 0 0 0 0 0 0 0 0 0 0 0 0 0 0 0 0 0 0 0 0 0 0 0 0 0 0 0 0 0 0 0 0 0 0 0 0 0 0 0 0 0 0 0 0 0 0 0 0 0 0 0 0 0 0 0 0 0 0 0 0 0 0 0 0 0 0 0 0 0 0 0 0 0 0 0 0 0 0 0 0 0 0 0 0 0 0 0 0 0 0 0 0 0 0 0 0 0 0 0 0 0 0 0 0 0 0 0 0 0 0 0 0 0 0 0 0 0 0 0 0 0 0 0 0 0 0 0 0 0 0 0 0 0 0 0 0 0 0 0 0 0 0 0 0 0 0 0 0 0 0 0 0 0 0 0 0 0 0 0 0 0 0 0 0 0 0 0 0 0 0 0 0 0 0 0 0 0 0 0 0 0 0 0 0 0 0 0 0 0 0 0 0 0 0 0 0 0 0 0 0 0 0 0 0 0 0 0 0 0 0 0 0 0 0 0 0 0 0 0 0 0 0 0 0 0 0 0 0 0 0 0 0 0 0 0 0 0 0 0 0 0 0 0 0 0 0 0 0 0 0 0 0 0 0 0 0 0 0 0 0 0 0 0 0 0 0 0 0 0 0 0 0 0 0 0 0 0 0 0 0 0 0 0 0 0 0 0 0 0 0 0 0 0 0 0 0 0 0 0 0 0 0 0 0 0 0 0 0 0 0 0 0 0 0 0 0 0 0 0 0 0 0 0 0 0 0 0 0 0 0 0 0 0 0 0 0 0 0 0 0 0 0 0 0 0 0 0 0 0 0 0 0 0 0 0 0 0 0 0 0 0 0 0 0 0 0 0 0 0 0 0 0 0 0 0 0 0 0 0 0 0 0 0 0 0 0 0 0 0 0 0 0 0 0 0 0 0 0 0 0 0 0 0 0 0 0 0 0 0 0 0 0 0 0 0 0 0 0 0 0 0 0 0 0 0 0 0 0 0 0 0 0 0 0 0 0 0 0 0 0 0 0 0 0 0 0 0 0 0 0 0 0 0 0 0 0 0 0 0 0 0 0 0 0 0 0 0 0 0 0 0 0 0 0 0 0 0 0 0 0 0 0 0 0 0 0 0 0 0 0 0 0 0 0 0 0 0 0 0 0 0 0 0 0 0 0 0 0 0 0 0 0 0 0 0 0 0 0 0 0 0 0 0 0 0 0 0 0 0 0 0 0 0 0 0 0 0 0 0 0 0 0 0 0 0 0 0 0 0 0 0 0 0 0 0 0 0 0 0 0 0 0 0 0 0 0 0 0 0 0 0 0 0 0 0 0 0 0 0 0 0 0 0 0 0 0 0 0 0 0 0 0 0 0 0 0 0 0 0 0 0 0 0 0 0 0 0 0 0 0 0 0 0 0 0 0 0 0 0 0 0 0 0 0 0 0 0 0 0 0 0 0 0 0 0 0 0 0 0 0 0 0 0 0 0 0 0 0 0 0 0 0 0 0 0 0 0 0 0 0 0 0 0 0 0 0 0 0 0 0 0 0 0 0 0 0 0 0 0 0 0 0 0 0 0 0 0 0 0 0 0 0 0 0 0 0 0 0 0 0 0 0 0 0 0 0 0 0 0 0 0 0 0 0 0 0 0 0 0 0 0 0 0 0 0 0 0 0 0 0 0 0 0 0 0 0 0 0 0 0 0 0 0 0 0 0 0 0 0 0 0 0 0 0 0 0 0 0 0 0 0 0 0 0 0 0 0 0 0 0 0 0 0 0 0 0 0 0 0 0 0 0 0 0 0 0 0 0 0 0 0 0 0 0 0 0 0 0 0 0 0 0 0 0 0 0 0 0 0 0 0 0 0 0 0 0 0 0 0 0 0 0 0 0 0 0 0 0 0 0 0 0 0 0 0 0 0 0 0 0 0 0 0 0 0 0 0 0 0 0 0 0 0 0 0 0 0 0 0 0 0 0 0 0 0 0 0 0 0 0 0 0 0 0 0 0 0 0 0 0 0 0 0 0 0 0 0 0 0 0 0 0 0 0 0 0 0 0 0 0 0 0 0 0 0 0 0 0 0 0 0 0 0 0 0 0 0 0 0 0 0 0 0 0 0 0 0 0 0 0 0 0 0 0 0 0 0 0 0 0 0 0 0 0 0 0 0 0 0 0 0 0 0 0 0 0 0 0 0 0 0 0 0 0 0 0 0 0 0 0 0 0 0 0 0 0 0 0 0 0 0 0 0 0 0 0 0 0 0 0 0 0 0 0 0 0 0 0 0 0 0 0 0 0 0 0 0 0 0 0 0 0 0 0 0 0 0 0 0 0 0 0 0 0 0 0 0 0 0 0 0 0 0 0 0 0 0 0 0 0 0 0 0 0 0 0 0 0 0 0 0 0 0 0 0 0 0 0 0 0 0 0 0 0 0 0 0 0 0 0 0 0 0 0 0 0 0 0 0 0 0 0 0 0 0 0 0 0 0 0 0 0 0 0 0 0 0 0 0 0 0 0 0 0 0 0 0 0 0 0 0 0 0 0 0 0 0 0 0 0 0 0 0 0 0 0 0 0 0 0 0 0 0 0 0 0 0 0 0 0 0 0 0 0 0 0 0 0 0 0 0 0 0 0 0 0 0 0 0 0 0 0 0 0 0 0 0 0 0 0 0 0 0 0 0 0 0 0 0 0 0 0 0 0 0 0 0 0 0 0 0 0 0 0 0 0 0 0 0 0 0 0 0 0 0 0 0 0 0 0 0 0 0 0 0 0 0 0 0 0 0 0 0 0 0 0 0 0 0 0 0 0 0 0 0 0 0 0 0 0 0 0 0 0 0 0 0 0 0 0 0 0 0 0 0 0 0 0 0 0 0 0 0 0 0 0 0 0 0 0 0 0 0 0 0 0 0 0 0 0 0 0 0 0 0 0 0 0 0 0 0 0 0 0 0 0 0 0 0 0 0 0 0 0 0 0 0 0 0 0 0 0 0 0 0 0 0 0 0 0 0 0 0 0 0 0 0 0 0 0 0 0 0 0 0 0 0 0 0 0 0 0 0 0 0 0 0 0 0 0 0 0 0 0 0 0 0 0 0 0 0 0 0 0 0 0 0 0 0 0 0 0 0 0 0 0 0 0 0 0 0 0 0 0 0 0 0 0 0 0 0 0 0 0 0 0 0 0 0 0 0 0 0 0 0 0 0 0 0 0 0 0 0 0 0 0 0 0 0 0 0 0 0 0 0 0 0 0 0 0 0 0 0 0 0 0 0 0 0 0 0 0 0 0 0 0 0 0 0 0 0 0 0 0 0 0 0 0 0 0 0 0 0 0 0 0 0 0 0 0 0 0 0 0 0 0 0 0 0 0 0 0 0 0 0 0 0 0 0 0 0 0 0 0 0 0 0 0 0 0 0 0 0 0 0 0 0 0 0 0 0 0 0 0 0 0 0 0 0 0 0 0 0 0 0 0 0 0 0 0 0 0 0 0 0 0 0 0 0 0 0 0 0 0 0 0 0 0 0 0 0 0 0 0 0 0 0 0 0 0 0 0 0 0 0 0 0 0 0 0 0 0 0 0 0 0 0 0 0 0 0 0 0 0 0 0 0 0 0 0 0 0 0 0 0 0 0 0 0 0 0 0 0 0 0 0 0 0 0 0 0 0 0 0 0 0 0 0 0 0 0 0 0 0 0 0 0 0 0 0 0 0 0 0 0 0 0 0 0 0 0 0 0 0 0 0 0 0 0 0 0 0 0 0 0 0 0 0 0 0 0 0 0 0 0 0 0 0 0 0 0 0 0 0 0 0 0 0 0 0 0 0 0 0 0 0 0 0 0 0 0 0 0 0 0 0 0 0 0 0 0 0 0 0 0 0 0 0 0 0 0 0 0 0 0 0 0 0 0 0 0 0 0 0 0 0 0 0 0 0 0 0 0 0 0 0 0 0 0 0 0 0 0 0 0 0 0 0 0 0 0 0 0 0 0 0 0 0 0 0 0 0 0 0 0 0 0 0 0 0 0 0 0 0 0 0 0 0 0 0 0 0 0 0 0 0 0 0 0 0 0 0 0 0 0 0 0 0 0 0 0 0 0 0 0 0 0 0 0 0 0 0 0 0 0 0 0 0 0 0 0 0 0 0 0 0 0 0 0 0 0 0 0 0 0 0 0 0 0 0 0 0 0 0 0 0 0 0 0 0 0 0 0 0 0 0 0 0 0 0 0 0 0 0 0 0 0 0 0 0 0 0 0 0 0 0 0 0 0 0 0 0 0 0 0 0 0 0 0 0 0 0 0 0 0 0 0 0 0 0 0 0 0 0 0 0 0 0 0 0 0 0 0 0 0 0 0 0 0 0 0 0 0 0 0 0 0 0 0 0 0 0 0 0 0 0 0 0 0 0 0 0 0 0 0 0 0 0 0 0 0 0 0 0 0 0 0 0 0 0 0 0 0 0 0 0 0 0 0 0 0 0 0 0 0 0 0 0 0 0 0 0 0 0 0 0 0 0 0 0 0 0 0 0 0 0 0 0 0 0 0 0 0 0 0 0 0 0 0 0 0 0 0 0 0 0 0 0 0 0 0 0 0 0 0 0 0 0 0 0 0 0 0 0 0 0 0 0 0 0 0 0 0 0 0 0 0 0 0 0 0 0 0 0 0 0 0 0 0 0 0 0 0 0 0 0 0 0 0 0 0 0 0 0 0 0 0 0 0 0 0 0 0 0 0 0 0 0 0 0 0 0 0 0 0 0 0 0 0 0 0 0 0 0 0 0 0 0 0 0 0 0 0 0 0 0 0 0 0 0 0 0 0 0 0 0 0 0 0 0 0 0 0 0 0 0 0 0 0 0 0 0 0 0 0 0 0 0 0 0 0 0 0 0 0 0 0 0 0 0 0 0 0 0 0 0 0 0 11 11 11 11 11 11 11 11 11 11 11 11 11 11 11 11 11 11 11 11 11 11 11 11 11 11 11 11 11 11 11 11 11 11 11 11 11 11 11 11 11 11 11 11 11 11 11 11 11 11 11 11 11 11 11 11 11 11 11 11 11 11 11 11 11 11 11 11 11 11 11 11 11 11 11 11 11 11 11 11 11 11 11 11 11 11 11 11 11 11 11 11 11 11 11 11 11 11 11 11 11 11 11 11 11 11 11 11 11 11 11 11 11 11 11 11 11 11 11 11 11 11 11 11 11 11 11 11 11 11 11 11 11 11 11 11 11 11 11 11 11 11 11 11 11 11 11 11 11 11 11 11 11 11 11 11 11 11 11 11 11 11 11 11 11 11 11 11 11 11 11 11 11 11 11 11 11 11 11 11 11 11 11 11 11 11 11 11 11 11 11 11 11 11 11 11 11 11 11 11 11 11 11 11 11 11 11 11 11 11 11 11 11 11 11 11 11 11 11 11 11 11 11 11 11 11 11 11 11 11 11 11 11 11 11 11 11 11 11 11 11 11 11 11 11 11 11 11 11 11 11 11 11 11 11 11 11 11 11 11 11 11 11 11 11 11 11 11 11 11 11 11 11 11 11 11 11 11 11 11 11 11 11 11 11 11 11 11 11 11 11 11 11 11 11 11 11 11 11 11 11 11 11 11 11 11 11 11 11 11 11 11 11 11 11 11 11 11 11 11 11 11 11 11 11 11 11 11 11 11 11 11 11 11 11 11 11 11 11 11 11 11 11 11 11 11 11 11 11 11 11 11 11 11 11 11 11 11 11 11 11 11 11 11 11 11 11 11 11 11 11 11 11 11 11 11 11 11 11 11 11 11 11 11 11 11 11 11 11 11 11 11 11 11 11 11 11 11 11 11 11 11 11 11 11 11 11 11 11 11 11 11 11 11 11 11 11 11 11 11 11 11 11 11 11 11 11 11 11 11 11 11 11 11 11 11 11 11 11 11 11 11 11 11 11 11 11 11 11 11 11 11 11 11 11 11 11 11 11 11 11 11 11 11 11 11 11 11 11 11 11 11 11 11 11 11 11 11 11 11 11 11 11 11 11 11 11 11 11 11 11 11 11 11 11 11 11 11 11 11 11 11 11 11 11 11 11 11 11 11 11 11 11 11 11 11 11 11 11 11 11 11 11 11 11 11 11 11 11 11 11 11 11 11 11 11 11 11 11 11 11 11 11 11 11 11 11 11 11 11 11 11 11 11 11 11 11 11 11 11 11 11 11 11 11 11 11 11 11 11 11 11 11 11 11 11 11 11 11 11 11 11 11 11 11 11 11 11 11 11 11 11 11 11 11 11 11 11 11 11 11 11 11 11 11 11 11 11 11 11 11 11 11 11 11 11 11 11 11 11 11 11 11 11 11 11 11 11 11 11 11 11 11 11 11 11 11 11 11 11 11 11 11 11 11 11 11 11 11 11 11 11 11 11 11 11 11 11 11 11 11 11 11 11 11 11 11 11 11 11 11 11 11 11 11 11 11 11 11 11 11 11 11 11 11 11 11 11 11 11 11 11 11 11 11 11 11 11 11 11 11 11 11 11 11 11 11 11 11 11 11 11 11 11 11 11 11 11 11 11 11 11 11 11 11 11 11 11 11 11 11 11 11 11 11 11 11 11 11 11 11 11 11 11 11 11 11 11 11 11 11 11 11 11 11 11 11 11 11 11 11 11 11 11 11 11 11 11 11 11 11 11 11 11 11 11 11 11 11 11 11 11 11 11 11 11 11 11 11 11 11 11 11 11 11 11 11 11 11 11 11 11 11 11 11 11 11 11 11 11 11 11 11 11 11 11 11 11 11 11 11 11 11 11 11 11 11 11 11 11 11 11 11 11 11 11 11 11 11 11 11 11 11 11 11 11 11 11 11 11 11 11 11 11 11 11 11 11 11 11 11 11 11 11 11 11 11 11 11 11 11 11 11 11 11 11 11 11 11 11 11 11 11 11 11 11 11 11 11 11 11 11 11 11 11 11 11 11 11 11 11 11 11 11 11 11 11 11 11 11 11 11 11 11 11 11 11 11 11 11 11 11 11 11 11 11 11 11 11 11 11 11 11 11 11 11 11 11 11 11 11 11 11 11 11 11 11 11 11 11 11 11 11 11 11 11 11 11 11 11 11 11 11 11 11 11 11 11 11 11 11 11 11 11 11 11 11 11 11 11 11 11 11 11 11 11 11 11 11 11 11 11 11 11 11 11 11 11 11 11 11 11 11 11 11 11 11 11 11 11 11 11 11 11 11 11 11 11 11 11 11 11 11 11 11 11 11 11 11 11 11 11 11 11 11 11 11 11 11 11 11 11 11 11 11 11 11 11 11 11 11 11 11 11 11 11 11 11 11 11 11 11 11 11 11 11 11 11 11 11 11 11 11 11 11 11 11 11 11 11 11 11 11 11 11 11 11 11 11 11 11 11 11 11 11 11 11 11 11 11 11 11 11 11 11 11 11 11 11 11 11 11 11 11 11 11 11 11 11 11 11 11 11 11 11 11 11 11 11 11 11 11 11 11 11 11 11 11 11 11 11 11 11 11 11 11 11 11 11 11 11 11 11 11 11 11 11 11 11 11 11 11 11 11 11 11 11 11 11 11 11 11 11 11 11 11 11 11 11 11 11 11 11 11 11 11 11 11 11 11 11 11 11 11 11 11 11 11 11 11 11 11 11 11 11 11 11 11 11 11 11 11 11 11 11 11 11 11 11 11 11 11 11 11 11 11 11 11 11 11 11 11 11 11 11 11 11 11 11 11 11 11 11 11 11 11 11 11 11 11 11 11 11 11 11 11 11 11 11 11 11 11 11 11 11 11 11 11 11 11 11 11 11 11 11 11 11 11 11 11 11 11 11 11 11 11 11 11 11 11 11 11 11 11 11 11 11 11 11 11 11 11 11 11 11 11 11 11 11 11 11 11 11 11 11 11 11 11 11 11 11 11 11 11 11 11 11 11 11 11 11 11 11 11 11 11 11 11 11 11 11 11 11 11 11 11 11 11 11 11 11 11 11 11 11 11 11 11 11 11 11 11 11 11 11 11 11 11 11 11 11 11 11 11 11 11 11 11 11 11 11 11 11 11 11 11 11 11 11 11 11 11 11 11 11 11 11 11 11 11 11 11 11 11 11 11 11 11 11 11 11 11 11 11 11 11 11 11 11 11 11 11 11 11 11 11 11 11 11 11 11 11 11 11 11 11 11 11 11 11 11 11 11 11 11 11 11 11 11 11 11 11 11 11 11 11 11 11 11 11 11 11 11 11 11 11 11 11 11 11 11 11 11 11 11 11 11 11 11 11 11 11 11 11 11 11 11 11 11 11 11 11 11 11 11 11 11 11 11 11 11 11 11 11 11 11 11 11 11 11 11 11 11 11 11 11 11 11 11 11 11 11 11 11 11 11 11 11 11 11 11 11 11 11 11 11 11 11 11 11 11 11 11 11 11 11 11 11 11 11 11 11 11 11 11 11 11 11 11 11 11 11 11 11 11 11 11 11 11 11 11 11 11 11 11 11 11 11 11 11 11 11 11 11 11 11 11 11 11 11 11 11 11 11 11 11 11 11 11 11 11 11 11 11 11 11 11 11 11 11 11 11 11 11 11 11 11 11 11 11 11 11 11 11 11 11 11 11 11 11 11 11 11 11 11 11 11 11 11 11 11 11 11 11 11 11 11 11 11 11 11 11 11 11 11 11 11 11 11 11 11 11 11 11 11 11 11 11 11 11 11 11 11 11 11 11 11 11 11 11 11 11 11 11 11 11 11 11 11 11 11 11 11 11 11 11 11 11 11 11 11 11 11 11 11 11 11 11 11 11 11 11 11 11 11 11 11 11 11 11 11 11 11 11 11 11 11 11 11 11 11 11 11 11 11 11 11 11 11 11 11 11 11 11 11 11 11 11 11 11 11 11 11 11 11 11 11 11 11 11 11 11 11 11 11 11 11 11 11 11 11 11 11 11 11 11 11 11 11 11 11 11 11 11 11 11 11 11 11 11 11 11 11 11 11 11 11 11 11 11 11 11 11 11 11 11 11 11 11 11 11 11 11 11 11 11 11 11 11 11 11 11 11 11 11 11 11 11 11 11 11 11 11 11 11 11 11 11 11 11 11 11 11 11 11 11 11 11 11 11 11 11 11 11 11 11 11 11 11 11 11 11 11 11 11 11 11 11 11 11 11 11 11 11 11 11 11 11 11 11 11 11 11 11 11 11 11 11 11 11 11 11 11 11 11 11 11 11 11 11 11 11 11 11 11 11 11 11 11 11 11 11 11 11 11 11 11 11 11 11 11 11 11 11 11 11 11 11 11 11 11 11 11 11 11 11 11 11 11 11 11 11 11 11 11 11 11 11 11 11 11 11 11 11 11 11 11 11 11 11 11 11 11 11 11 11 11 11 11 11 11 11 11 11 11 11 11 11 11 11 11 11 11 11 11 11 11 11 11 11 11 11 11 11 11 11 11 11 11 11 11 11 11 11 11 11 11 11 11 11 11 11 11 11 11 11 11 11 11 11 11 11 11 11 11 11 11 11 11 11 11 11 11 11 11 11 11 11 11 11 11 11 11 11 11 11 10 10 10 10 10 10 10 10 10 10 10 10 10 10 10 10 10 10 10 10 10 10 10 10 10 10 10 10 10 10 10 10 10 10 10 10 10 10 10 10 10 10 10 10 10 10 10 10 10 10 10 10 10 10 10 10 10 10 10 10 10 10 10 10 10 10 10 10 10 10 10 10 10 10 10 10 10 10 10 10 10 10 10 10 10 10 10 10 10 10 10 10 10 10 10 10 10 10 10 10 10 10 10 10 10 10 10 10 10 10 10 10 10 10 10 10 10 10 10 10 10 10 10 10 10 10 10 10 10 10 10 10 10 10 10 10 10 10 10 10 10 10 10 10 10 10 10 10 10 10 10 10 10 10 10 10 10 10 10 10 10 10 10 10 10 10 10 10 10 10 10 10 10 10 10 10 10 10 10 10 10 10 10 10 10 10 10 10 10 10 10 10 10 10 10 10 10 10 10 10 10 10 10 10 10 10 10 10 10 10 10 10 10 10 10 10 10 10 10 10 10 10 10 10 10 10 10 10 10 10 10 10 10 10 10 10 10 10 10 10 10 10 10 10 10 10 10 10 10 10 10 10 10 10 10 10 10 10 10 10 10 10 10 10 10 10 10 10 10 10 10 10 10 10 10 10 10 10 10 10 10 10 10 10 10 10 10 10 10 10 10 10 10 10 10 10 10 10 10 10 10 10 10 10 10 10 10 10 10 10 10 10 10 10 10 10 10 10 10 10 10 10 10 10 10 10 10 10 10 10 10 10 10 10 10 10 10 10 10 10 10 10 10 10 10 10 10 10 10 10 10 10 10 10 10 10 10 10 10 10 10 10 10 10 10 10 10 10 10 10 10 10 10 10 10 10 10 10 10 10 10 10 10 10 10 10 10 10 10 10 10 10 10 10 10 10 10 10 10 10 10 10 10 10 10 10 10 10 10 10 10 10 10 10 10 10 10 10 10 10 10 10 10 10 10 10 10 10 10 10 10 10 10 10 10 10 10 10 10 10 10 10 10 10 10 10 10 10 10 10 10 10 10 10 10 10 10 10 10 10 10 10 10 10 10 10 10 10 10 10 10 10 10 10 10 10 10 10 10 10 10 10 10 10 10 10 10 10 10 10 10 10 10 10 10 10 10 10 10 10 10 10 10 10 10 10 10 10 10 10 10 10 10 10 10 10 10 10 10 10 10 10 10 10 10 10 10 10 10 10 10 10 10 10 10 10 10 10 10 10 10 10 10 10 10 10 10 10 10 10 10 10 10 10 10 10 10 10 10 10 10 10 10 10 10 10 10 10 10 10 10 10 10 10 10 10 10 10 10 10 10 10 10 10 10 10 10 10 10 10 10 10 10 10 10 10 10 10 10 10 10 10 10 10 10 10 10 10 10 10 10 10 10 10 10 10 10 10 10 10 10 10 10 10 10 10 10 10 10 10 10 10 10 10 10 10 10 10 10 10 10 10 10 10 10 10 10 10 10 10 10 10 10 10 10 10 10 10 10 10 10 10 10 10 10 10 10 10 10 10 10 10 10 10 10 10 10 1 1 1 1 1 1 1 1 1 1 1 1 1 1 1 1 1 1 1 1 1 1 1 1 1 1 1 1 1 1 1 1 1 1 1 1 1 1 1 1 1 1 1 1 1 1 1 1 1 1 1 1 1 1 1 1 1 1 1 1 1 1 1 1 1 1 1 1 1 1 1 1 1 1 1 1 1 1 1 1 1 1 1 1 1 1 1 1 1 1 1 1 1 1 1 1 1 1 1 1 1 1 1 1 1 1 1 1 1 1 1 1 1 1 1 1 1 1 1 1 1 1 1 1 1 1 1 1 1 1 1 1 1 1 1 1 1 1 1 1 1 1 1 1 1 1 1 1 1 1 1 1 1 1 1 1 1 1 1 1 1 1 1 1 1 1 1 1 1 1 1 1 1 1 1 1 1 1 1 1 1 1 1 1 1 1 1 1 1 1 1 1 1 1 1 1 1 1 1 1 1 1 1 1 1 1 1 1 1 1 1 1 1 1 1 1 1 1 1 1 1 1 1 1 1 1 1 1 1 1 1 1 1 1 1 1 1 1 1 1 1 1 1 1 1 1 1 1 1 1 1 1 1 1 1 1 1 1 1 1 1 1 1 1 1 1 1 1 1 1 1 1 1 1 1 1 1 1 1 1 1 1 1 1 1 1 1 1 1 1 1 1 1 1 1 1 1 1 1 1 1 1 1 1 1 1 1 1 1 1 1 1 1 1 1 1 1 1 1 1 1 1 1 1 1 1 1 1 1 1 1 1 1 1 1 1 1 1 1 1 1 1 1 1 1 1 1 1 1 1 1 1 1 1 1 1 1 1 1 1 1 1 1 1 1 1 1 1 1 1 1 1 1 1 1 1 1 1 1 1 1 1 1 1 1 1 1 1 1 1 1 1 1 1 1 1 1 1 1 1 1 1 1 1 1 1 1 1 1 1 1 1 1 1 1 1 1 1 1 1 1 1 1 1 1 1 1 1 1 1 1 1 1 1 1 1 1 1 1 1 1 1 1 1 1 1 1 1 1 1 1 1 1 1 1 1 1 12 12 12 12 12 12 12 12 12 12 12 12 12 12 12 12 12 12 12 12 12 12 12 12 12 12 12 12 12 12 12 12 12 12 12 12 12 12 12 12 12 12 12 12 12 12 12 12 12 12 12 12 12 12 12 12 12 12 12 12 12 12 12 12 12 12 12 12 12 12 12 12 12 12 12 12 12 12 12 12 12 12 12 12 12 12 12 12 12 12 12 12 12 12 12 12 12 12 12 12 12 12 12 12 12 12 12 12 12 12 12 12 12 12 12 12 12 12 12 12 12 12 12 12 12 12 12 12 12 12 12 12 12 12 12 12 12 12 12 12 12 12 12 12 12 12 12 12 12 12 12 12 12 12 12 12 12 12 12 12 12 12 12 12 12 12 12 12 12 12 12 12 12 12 12 12 12 12 12 12 12 12 12 12 12 12 12 12 12 12 12 12 12 12 12 12 12 12 12 12 12 12 12 12 12 12 12 12 12 12 12 12 12 12 12 12 12 12 12 12 12 12 12 12 12 12 12 12 12 12 12 12 12 12 12 12 12 12 12 12 12 12 12 12 12 12 12 12 12 12 12 12 12 12 12 12 12 12 12 12 12 12 12 12 12 12 12 12 12 12 12 12 12 12 12 12 12 12 12 12 12 12 12 12 12 12 12 12 12 12 12 12 12 12 12 12 12 12 12 12 12 12 12 12 12 12 12 12 12 12 12 12 12 12 12 12 12 12 12 12 12 12 12 12 12 12 12 12 12 12 12 12 12 12 12 12 12 12 12 12 12 12 12 12 12 12 12 12 12 12 12 12 12 12 12 12 12 12 12 12 12 12 12 12 3 3 3 3 3 3 3 3 3 3 3 3 3 3 3 3 3 3 3 3 3 3 3 3 3 3 3 3 3 3 3 3 3 3 3 3 3 3 3 3 3 3 3 3 3 3 3 3 3 3 3 3 3 3 3 3 3 3 3 3 3 3 3 3 3 3 3 3 3 3 3 3 3 3 3 3 3 3 3 3 3 3 3 3 3 3 3 3 3 3 3 3 3 3 3 3 3 3 3 3 3 3 3 3 3 3 3 3 3 3 3 3 3 3 3 3 3 3 3 3 3 3 3 3 3 3 3 3 3 3 3 3 3 3 3 3 3 3 3 3 3 3 3 3 3 3 3 3 3 3 3 3 3 3 3 3 3 3 3 3 3 3 3 3 3 3 3 3 3 3 3 3 3 3 3 3 3 3 3 3 3 3 3 3 3 3 3 3 3 3 3 3 3 3 3 3 3 3 3 3 3 3 3 3 3 3 3 3 3 3 3 3 3 3 3 3 3 3 3 3 3 3 3 3 3 3 3 3 3 3 3 3 3 3 3 3 3 3 3 3 3 3 3 3 3 3 3 3 3 3 3 11 11 11 11 11 11 11 11 11 11 11 11 11 11 11 11 11 11 11 11 11 11 11 11 11 11 11 11 11 11 11 11 11 11 11 11 11 11 11 11 11 11 11 11 11 11 11 11 11 11 11 11 11 11 11 11 11 11 11 11 11 11 11 11 11 11 11 11 11 11 11 11 11 11 11 11 11 11 11 11 11 11 11 11 11 11 11 11 11 11 11 11 11 11 11 11 11 11 11 11 11 11 11 11 11 11 11 11 11 11 11 11 11 11 11 11 11 11 11 11 11 11 11 11 11 11 11 11 11 11 11 11 11 11 11 11 11 11 11 11 11 11 11 11 11 11 11 11 11 11 11 11 11 11 11 11 11 11 11 11 11 11 11 11 11 11 11 11 11 11 11 11 11 11 11 11 11 11 11 11 11 11 11 11 11 11 11 11 11 11 11 11 11 11 11 11 11 11 11 11 11 11 11 11 11 11 11 11 11 11 11 11 11 11 11 11 11 11 11 11 11 11 11 11 11 11 11 11 11 11 11 11 11 11 11 11 11 11 11 11 11 11 11 11 11 11 11 11 11 11 11 11 11 11 11 11 11 11 11 11 11 11 11 11 11 11 11 11 11 11 11 11 11 11 11 11 11 11 11 11 11 11 11 11 11 11 11 11 11 11 11 11 11 11 11 11 11 11 11 11 11 11 11 11 11 11 11 11 11 11 11 11 11 11 11 11 11 11 11 11 11 11 11 11 11 11 11 11 11 11 11 11 11 11 11 11 11 11 11 11 11 11 11 11 11 11 11 11 11 11 11 11 11 11 11 11 11 11 11 11 11 11 11 11 11 11 11 11 11 11 11 11 11 11 11 11 11 11 11 11 11 11 11 11 11 11 11 11 11 11 11 11 11 11 11 11 11 11 11 11 11 11 11 11 11 11 11 11 11 11 11 11 11 11 11 11 11 11 11 11 11 11 11 11 11 11 11 11 11 11 11 11 11 11 11 11 11 11 11 11 11 11 11 11 11 11 11 11 11 11 11 11 11 11 11 11 11 11 11 11 11 11 11 11 11 11 11 11 11 11 11 11 11 11 11 11 11 11 11 11 11 11 11 11 11 11 11 11 11 11 11 11 11 11 11 11 11 11 11 11 11 11 11 11 11 11 11 11 11 11 11 11 11 11 11 11 11 11 11 11 11 11 11 11 11 11 11 11 11 11 11 11 11 11 11 11 11 11 11 11 11 11 11 11 11 11 11 11 11 11 11 11 11 11 11 11 11 11 11 11 11 11 11 11 11 11 11 11 11 11 11 11 11 11 11 11 11 11 11 11 11 11 11 11 11 11 11 11 11 11 11 11 11 11 11 11 11 11 11 11 11 11 11 11 11 11 11 11 11 11 11 11 11 11 11 11 11 11 11 11 11 11 11 11 11 11 11 11 11 11 11 11 11 11 11 11 11 11 11 11 11 11 11 11 11 11 11 11 11 11 11 11 11 11 11 11 11 11 11 11 11 11 11 11 11 11 11 11 11 11 11 11 11 11 11 11 11 11 11 11 11 11 11 11 11 11 11 11 11 11 11 11 11 11 11 11 11 11 11 11 11 11 11 11 11 11 11 11 11 11 11 11 11 11 11 11 11 11 11 11 11 11 11 11 11 11 11 11 11 11 11 11 11 11 11 11 11 11 11 11 11 11 11 11 11 11 11 11 11 11 11 11 11 11 11 11 11 11 11 11 11 11 11 11 11 11 11 11 11 11 11 11 11 11 11 11 11 11 11 11 11 11 11 11 11 11 11 11 11 11 11 11 11 11 11 11 11 11 11 11 11 11 11 11 11 11 11 11 11 11 11 11 11 11 11 11 11 11 11 11 11 11 11 11 11 11 11 11 11 11 11 11 11 11 11 11 11 11 11 11 11 11 11 11 11 11 11 11 11 11 11 11 11 11 11 11 11 11 11 11 11 11 11 11 11 11 11 11 11 11 11 11 11 11 11 11 11 11 11 11 11 11 11 11 11 11 11 11 11 11 11 11 11 11 11 11 11 11 11 11 11 11 11 11 11 11 11 11 11 11 11 11 11 11 11 11 11 11 11 11 11 11 11 11 11 11 11 11 11 11 11 11 11 11 11 11 11 11 11 11 11 11 11 11 11 11 11 11 11 11 11 11 11 11 11 11 11 11 11 11 11 11 11 11 11 11 11 11 11 11 11 11 11 11 11 11 11 11 11 11 11 11 11 11 11 11 11 11 11 11 11 11 11 11 11 11 11 11 11 11 11 11 11 11 11 11 11 11 11 11 11 11 11 11 11 11 11 11 11 11 11 11 11 11 11 11 11 11 11 11 11 11 11 11 11 11 11 11 11 11 11 11 11 11 11 11 11 11 11 11 11 11 11 11 11 11 11 11 11 11 11 11 11 11 11 11 11 11 11 11 11 11 11 11 11 11 11 11 11 11 11 11 11 11 11 11 11 11 11 11 11 11 11 11 11 11 11 11 11 11 11 11 11 11 11 11 11 11 11 11 11 11 11 11 11 11 11 11 11 11 11 11 11 11 11 11 11 11 11 11 11 11 11 11 11 11 11 11 11 11 11 11 11 11 11 11 11 11 11 11 11 11 11 11 11 11 11 11 11 11 11 11 11 11 11 11 11 11 11 11 11 11 11 11 11 11 11 11 11 11 11 11 11 11 11 11 11 11 11 11 11 11 11 11 11 11 11 11 11 11 11 11 11 11 11 11 11 11 11 11 11 11 11 11 11 11 11 11 11 11 11 11 11 11 11 11 11 11 11 11 11 11 11 11 11 11 11 11 11 11 11 11 11 11 11 11 11 11 11 11 11 11 11 11 11 11 11 11 11 11 11 11 11 11 11 11 11 11 11 11 11 11 11 11 11 11 11 11 11 11 11 11 11 11 11 11 11 11 11 11 11 11 11 11 11 11 11 11 11 11 11 11 11 11 11 11 11 11 11 11 11 11 11 11 11 11 11 11 11 11 11 11 11 11 11 11 11 11 11 11 11 11 11 11 11 11 11 11 11 11 11 11 11 11 11 11 11 11 11 11 11 11 11 11 11 11 11 11 11 11 11 11 11 11 11 11 11 11 11 11 11 11 11 11 11 11 11 11 11 11 11 11 11 11 11 11 11 11 11 11 11 11 11 11 11 11 11 11 11 11 11 11 11 11 11 11 11 11 11 11 11 11 11 11 11 11 11 11 11 11 11 11 11 11 11 11 11 11 11 11 11 11 11 11 11 11 11 11 11 11 11 11 11 11 11 11 11 11 11 11 11 11 11 11 11 11 11 11 11 11 11 11 11 11 11 11 11 11 11 11 11 11 11 11 11 11 11 11 11 11 11 11 11 11 11 11 11 11 11 11 11 11 11 11 11 11 11 11 11 11 11 11 11 11 11 11 11 11 11 11 11 11 11 11 11 11 11 11 11 11 11 11 11 11 11 11 11 11 11 11 11 11 11 11 11 11 11 11 11 11 11 11 11 11 11 11 11 11 11 11 11 11 11 11 11 11 11 11 11 11 11 11 11 11 11 11 11 11 11 11 11 11 11 11 11 11 11 11 11 11 11 11 11 11 11 11 11 11 11 11 11 11 11 11 11 11 11 11 11 11 11 11 11 11 11 11 11 11 11 11 11 11 11 11 11 11 11 11 11 11 11 11 11 11 11 11 11 11 11 11 11 11 11 11 11 11 11 11 11 11 11 11 11 11 11 11 11 11 11 11 2 2 2 2 2 2 2 2 2 2 2 2 2 2 2 2 2 2 2 2 2 2 2 2 2 2 2 2 2 2 2 2 2 2 2 2 2 2 2 2 2 2 2 2 2 2 2 2 2 2 2 2 2 2 2 2 2 2 2 2 2 2 2 2 2 2 2 2 2 2 2 2 2 2 2 2 2 2 2 2 2 2 2 2 2 2 2 2 2 2 2 2 2 2 2 2 2 2 2 2 2 2 2 2 2 2 2 2 2 2 2 2 2 2 2 2 2 2 2 2 2 2 2 2 2 2 2 2 2 2 2 2 2 2 2 2 2 2 2 2 2 2 2 2 2 2 2 2 2 2 2 2 2 2 2 2 2 2 2 2 2 2 2 2 2 2 2 2 2 2 2 2 2 2 2 2 2 2 2 2 2 2 2 2 2 2 2 2 2 2 2 2 2 2 2 2 2 2 2 2 2 2 2 2 2 2 2 2 2 2 2 2 2 2 2 2 2 2 2 2 2 2 2 2 2 2 2 2 2 2 2 2 2 2 2 2 2 2 2 2 2 2 2 2 2 2 2 2 2 2 2 2 2 2 2 2 2 2 2 2 2 2 2 2 2 2 2 2 2 2 2 2 2 2 2 2 2 2 2 2 2 2 2 2 2 2 2 2 2 2 2 2 2 2 2 2 2 2 2 2 2 2 2 2 2 2 2 2 2 2 2 2 2 2 2 2 2 2 2 2 2 2 2 2 2 2 2 2 2 2 2 2 2 2 2 2 2 2 2 2 2 2 2 2 2 2 2 2 2 2 2 2 2 2 2 2 2 2 2 2 2 2 2 2 2 2 2 2 2 2 2 2 2 2 2 2 2 2 2 2 2 2 2 2 2 2 2 2 2 2 2 2 2 2 2 2 2 2 2 2 2 2 2 2 2 2 2 2 2 2 2 2 2 2 2 2 2 2 2 2 2 2 2 2 2 2 2 2 2 2 2 2 2 2 2 2 2 2 2 2 2 2 2 2 2 2 2 2 2 2 2 2 2 2 2 2 2 2 2 2 2 2 2 2 2 2 2 2 2 2 2 2 2 2 2 2 2 2 2 2 2 2 2 2 2 2 2 2 2 2 2 2 2 2 2 2 2 2 2 2 2 2 2 2 2 2 2 2 2 2 2 2 2 2 2 2 2 2 2 2 2 2 2 2 2 2 2 2 2 2 2 2 2 2 2 2 2 2 2 2 2 2 2 2 2 2 2 2 2 2 2 2 2 2 2 2 2 2 2 2 2 2 2 2 2 2 2 2 2 2 2 2 2 2 2 2 2 2 2 2 2 2 2 2 2 2 2 2 2 2 2 2 2 2 2 2 2 2 2 2 2 2 2 2 2 2 2 2 2 2 2 2 2 2 2 2 2 2 2 2 2 2 2 2 2 2 2 2 2 2 2 2 2 2 2 2 2 2 2 2 2 2 2 2 2 2 2 2 2 2 2 2 2 2 2 2 2 2 2 2 2 2 2 2 2 2 2 2 2 2 2 2 2 2 2 2 2 2 2 2 2 2 2 2 2 2 2 2 2 2 2 2 2 2 2 2 2 2 2 2 2 2 2 2 2 2 2 2 2 2 2 2 2 2 2 2 2 2 2 2 2 2 2 2 2 2 2 2 2 2 2 2 2 2 2 2 2 2 2 2 2 2 2 2 2 2 2 2 2 2 2 2 2 2 2 2 2 2 2 2 2 2 2 2 2 2 2 2 2 2 2 2 2 2 2 2 2 2 2 2 2 2 2 2 2 2 2 2 2 2 2 2 2 2 2 2 2 2 2 2 2 2 2 2 2 2 2 2 2 2 2 2 2 2 2 2 2 2 2 2 2 2 2 2 2 2 2 2 2 2 2 2 2 2 2 2 2 2 2 2 2 2 2 2 2 2 2 2 2 2 2 2 2 2 2 2 2 2 2 2 2 2 2 2 2 2 2 2 2 2 2 2 2 2 2 2 2 2 2 2 2 2 2 2 2 2 2 2 2 2 2 2 2 2 2 2 2 2 2 2 2 2 2 2 2 2 2 2 2 2 2 2 2 2 2 2 2 2 2 2 2 2 2 2 2 2 2 2 2 2 2 2 2 2 2 2 2 2 2 2 2 2 2 2 2 2 2 2 2 2 2 2 2 2 2 2 2 2 2 2 2 2 2 2 2 2 2 2 2 2 2 2 2 2 2 2 2 2 2 2 2 2 2 2 2 2 2 2 2 2 2 2 2 2 2 2 2 2 2 2 2 2 2 2 2 2 2 2 2 2 2 2 2 2 2 2 2 2 2 2 2 2 2 2 2 2 2 2 2 2 2 2 2 2 2 2 2 2 2 2 2 2 2 2 2 2 2 2 2 2 2 2 2 2 2 2 2 2 2 2 2 2 2 2 2 2 2 2 2 2 2 2 2 2 2 2 2 2 2 2 2 2 2 2 2 2 2 2 2 2 2 2 2 2 2 2 2 2 2 2 2 2 2 2 2 2 2 2 2 2 2 2 2 2 2 2 2 2 2 2 2 2 2 2 2 2 2 2 2 2 2 2 2 2 2 2 2 2 2 2 2 2 2 2 2 2 2 2 2 2 2 2 2 2 2 2 2 2 2 2 2 2 2 2 2 2 2 2 2 2 2 2 2 2 2 2 2 2 2 2 2 2 2 0 0 0 0 0 0 0 0 0 0 0 0 0 0 0 0 0 0 0 0 0 0 0 0 0 0 0 0 0 0 0 0 0 0 0 0 0 0 0 0 0 0 0 0 0 0 0 0 0 0 0 0 0 0 0 0 0 0 0 0 0 0 0 0 0 0 0 0 0 0 0 0 0 0 0 0 0 0 0 0 0 0 0 0 0 0 0 0 0 0 0 0 0 0 0 0 0 0 0 0 0 0 0 0 0 0 0 0 0 0 0 0 0 0 0 0 0 0 0 0 0 0 0 0 0 0 0 0 0 0 0 0 0 0 0 0 0 0 0 0 0 0 0 0 0 0 0 0 0 0 0 0 0 0 0 0 0 0 0 0 0 0 0 0 0 0 0 0 0 0 0 0 0 0 0 0 0 0 0 0 0 0 0 0 0 0 0 0 0 0 0 0 0 0 0 0 0 0 0 0 0 0 0 0 0 0 0 0 0 0 0 0 0 0 0 0 0 0 0 0 0 0 0 0 0 0 0 0 0 0 0 0 0 0 0 0 0 0 0 0 0 0 0 0 0 0 0 0 0 0 0 0 0 0 0 0 0 0 0 0 0 0 0 0 0 0 0 0 0 0 0 0 0 0 0 0 0 0 0 0 0 0 0 0 0 0 0 0 0 0 0 0 0 0 0 0 0 0 0 0 0 0 0 0 0 0 0 0 0 0 0 0 0 0 0 0 0 0 0 0 0 0 0 0 0 0 0 0 0 0 0 0 0 0 0 0 0 0 0 0 0 0 0 0 0 0 0 0 0 0 0 0 0 0 0 0 0 0 0 0 0 0 0 0 0 0 0 0 0 0 0 0 0 0 0 0 0 0 0 0 0 0 0 0 0 0 0 0 0 0 0 0 0 0 0 0 0 0 0 0 0 0 0 0 0 0 0 0 0 0 0 0 0 0 0 0 0 0 0 0 0 0 0 0 0 0 0 0 0 0 0 0 0 0 0 0 0 0 0 0 0 0 0 0 0 0 0 0 0 0 0 0 0 0 0 0 0 0 0 0 0 0 0 0 0 0 0 0 0 0 0 0 0 0 0 0 0 0 0 0 0 0 0 0 0 0 0 0 0 0 0 0 0 0 0 0 0 0 0 0 0 0 0 0 0 0 0 0 0 0 0 0 0 0 0 0 0 0 0 0 0 0 0 0 0 0 0 0 0 0 0 0 0 0 0 0 0 0 0 0 0 0 0 0 0 0 0 0 0 0 0 0 0 0 0 0 0 0 0 0 0 0 0 0 0 0 0 0 0 0 0 0 0 0 0 0 0 0 0 0 0 0 0 0 0 0 0 0 0 0 0 0 0 0 0 0 0 0 0 0 0 0 0 0 0 0 0 0 0 0 0 0 0 0 0 0 0 0 0 0 0 0 0 0 0 0 0 0 0 0 0 0 0 0 0 0 0 0 0 0 0 0 0 0 0 0 0 0 0 0 0 0 0 0 0 0 0 0 0 0 0 0 0 0 0 0 0 0 0 0 0 0 0 0 0 0 0 0 0 0 0 0 0 0 0 0 0 0 0 0 0 0 0 0 0 0 0 0 0 0 0 0 0 0 0 0 0 0 0 0 0 0 0 0 0 0 0 0 0 0 0 0 0 0 0 0 0 0 0 0 0 0 0 0 0 0 0 0 0 0 0 0 0 0 0 0 0 0 0 0 0 0 0 0 0 0 0 0 0 0 0 0 0 0 0 0 0 0 0 0 0 0 0 0 0 0 0 0 0 0 0 0 0 0 0 0 0 0 0 0 0 0 0 0 0 0 0 0 0 0 0 0 0 0 0 0 0 0 0 0 0 0 0 0 0 0 0 0 0 0 0 0 0 0 0 0 0 0 0 0 0 0 0 0 0 0 0 0 0 0 0 0 0 0 0 0 0 0 0 0 0 0 0 0 0 0 0 0 0 0 0 0 0 0 0 0 0 0 0 0 0 0 0 0 0 0 0 0 0 0 0 0 0 0 0 0 0 0 0 0 0 0 0 0 0 0 0 0 0 0 0 0 0 0 0 0 0 0 0 0 0 0 0 0 0 0 0 0 0 0 0 0 0 0 0 0 0 0 0 0 0 0 0 0 0 0 0 0 0 0 0 0 0 0 0 0 0 0 0 0 0 0 0 0 0 0 0 0 0 0 0 0 0 0 0 0 0 0 0 0 0 0 0 0 0 0 0 0 0 0 0 0 0 0 0 0 0 0 0 0 0 0 0 0 0 0 0 0 0 0 0 0 0 0 0 0 0 0 0 0 0 0 0 0 0 0 0 0 0 0 0 0 0 0 0 0 0 0 0 0 0 0 0 0 0 0 0 0 0 0 0 0 0 0 0 0 0 0 0 0 0 0 0 0 0 0 0 0 0 0 0 0 0 0 0 0 0 0 0 0 0 0 0 0 0 0 0 0 0 0 0 0 0 0 0 0 0 0 0 0 0 0 0 0 0 0 0 0 0 0 0 0 0 0 0 0 0 0 0 0 0 0 0 0 0 0 0 0 0 0 0 0 0 0 0 0 0 0 0 0 0 0 0 0 0 0 0 0 0 0 0 0 0 0 0 0 0 0 0 0 0 0 0 13 13 13 13 13 13 13 13 13 13 13 13 13 13 13 13 13 13 13 13 13 13 13 13 13 13 13 13 13 13 13 13 13 13 13 13 13 13 13 13 13 13 13 13 13 13 13 13 13 13 13 13 13 13 13 13 13 13 13 13 13 13 13 13 13 13 13 13 13 13 13 13 13 13 13 13 13 13 13 13 13 13 13 13 13 13 13 13 13 13 13 13 13 13 13 13 13 13 13 13 13 13 13 13 13 13 13 13 13 13 13 13 13 13 13 13 13 13 13 13 13 13 13 13 13 13 13 13 13 13 13 13 13 13 13 13 13 13 13 13 13 13 13 13 13 13 13 13 13 13 13 13 13 13 13 13 13 13 13 13 13 13 13 13 13 13 13 13 13 13 13 13 13 13 13 13 13 13 13 13 13 13 13 13 13 13 13 13 13 13 13 13 13 13 13 13 13 13 13 13 13 13 13 13 13 13 13 13 13 13 13 13 13 13 13 13 13 13 13 13 13 13 13 13 13 13 13 13 13 13 13 13 13 13 13 13 13 13 13 13 13 13 13 13 13 13 13 13 13 13 13 13 13 13 13 13 13 13 13 13 13 13 13 13 13 13 13 13 13 13 13 13 13 13 13 13 13 13 13 13 13 13 13 13 13 13 13 13 13 13 13 13 13 13 13 13 13 13 13 13 13 13 13 13 13 13 13 13 13 13 13 13 13 13 13 13 13 13 13 13 13 13 13 13 13 13 13 13 13 13 13 13 13 13 13 13 13 13 13 13 13 13 13 13 13 13 13 13 13 13 13 13 13 13 13 13 13 13 13 13 13 13 13 13 13 13 13 13 13 13 13 13 13 13 13 13 13 13 13 13 13 13 13 13 13 13 13 13 13 13 13 13 13 13 13 13 13 13 13 13 13 13 13 13 13 13 13 13 13 13 13 13 13 13 13 13 13 13 13 13 13 13 13 13 13 13 13 13 13 13 13 13 13 13 13 13 13 13 13 13 13 13 13 13 13 13 13 13 13 13 13 13 13 13 13 13 13 13 13 13 13 13 13 13 13 13 13 13 13 13 13 13 13 13 13 13 13 13 13 13 13 13 13 13 13 13 13 13 13 13 13 13 13 13 13 13 13 13 13 13 13 13 13 13 13 13 13 13 13 13 13 13 13 13 13 13 13 13 13 13 13 13 13 13 13 13 13 13 13 13 13 13 13 13 13 13 13 13 13 13 13 13 13 13 13 13 13 13 13 13 13 13 13 13 13 13 13 13 13 13 13 13 13 13 13 13 13 13 13 13 13 13 13 13 13 13 13 13 13 13 13 13 13 13 13 13 13 13 13 13 13 13 13 13 13 13 13 13 13 13 13 13 13 13 13 13 13 13 13 13 13 13 13 13 13 13 13 13 13 13 13 13 13 13 13 13 13 13 13 13 13 13 13 13 13 13 13 13 13 13 13 13 13 13 13 13 13 13 13 13 13 13 13 13 13 13 13 13 13 13 13 13 13 13 13 13 13 13 13 13 13 13 13 13 13 13 13 13 13 13 13 13 13 13 13 13 13 13 13 13 13 13 13 13 13 13 13 13 13 13 13 13 13 13 13 13 13 13 13 13 13 13 13 13 13 13 13 13 13 13 13 13 13 13 13 13 13 13 13 13 13 13 13 13 13 13 13 13 13 13 13 13 13 13 13 13 13 13 13 13 13 13 13 13 13 13 13 13 13 13 13 13 13 13 13 13 13 13 13 13 13 13 13 13 13 13 13 13 13 13 13 13 13 13 13 13 13 13 13 13 13 13 13 13 13 13 13 13 13 13 13 13 13 13 13 13 13 13 13 13 13 13 13 13 13 13 13 13 13 13 13 13 13 13 13 13 13 13 13 13 13 13 13 13 13 13 13 13 13 13 13 13 13 13 13 13 13 13 13 13 13 13 13 13 13 13 13 13 13 13 13 13 13 13 13 13 13 13 13 13 13 13 13 13 13 13 13 13 13 13 13 13 13 13 13 13 13 13 13 13 13 13 13 13 13 13 13 13 13 13 13 13 13 13 13 13 13 13 13 13 13 13 13 13 13 13 13 13 13 13 13 13 13 13 13 13 13 13 13 13 13 13 13 13 13 13 13 13 13 13 1 1 1 1 1 1 1 1 1 1 1 1 1 1 1 1 1 1 1 1 1 1 1 1 1 1 1 1 1 1 1 1 1 1 1 1 1 1 1 1 1 1 1 1 1 1 1 1 1 1 1 1 1 1 1 1 1 1 1 1 1 1 1 1 1 1 1 1 1 1 1 1 1 1 1 1 1 1 1 1 1 1 1 1 1 1 1 1 1 1 1 1 1 1 1 1 1 1 1 1 1 1 1 1 1 1 1 1 1 1 1 1 1 1 1 1 1 1 1 1 1 1 1 1 1 1 1 1 1 1 1 1 1 1 1 1 1 1 1 1 1 1 1 1 1 1 1 1 1 1 1 1 1 1 1 1 1 1 1 1 1 1 1 1 1 1 1 1 1 1 1 1 1 1 1 1 1 1 1 1 1 1 1 1 1 1 1 1 1 1 1 1 1 1 1 1 1 1 1 1 1 1 1 1 1 1 1 1 1 1 1 1 1 1 1 1 1 1 1 1 1 1 1 1 1 1 1 1 1 1 1 1 1 1 1 1 1 1 1 1 1 1 1 1 1 1 1 1 1 1 1 1 1 1 1 1 1 1 1 1 1 1 1 1 1 1 1 1 1 1 1 1 1 1 1 1 1 1 1 1 1 1 1 1 1 1 1 1 1 1 1 1 1 1 1 1 1 1 1 1 1 1 1 1 1 1 1 1 1 1 1 1 1 1 1 1 1 1 1 1 1 1 1 1 1 1 1 1 1 1 1 1 1 1 1 1 1 1 1 1 1 1 1 1 1 1 1 1 1 1 1 1 1 1 1 1 1 1 1 1 1 1 1 1 1 1 1 1 1 1 1 1 1 1 1 1 1 1 1 1 1 1 1 1 1 1 1 1 1 1 1 1 1 1 1 1 1 1 1 1 1 1 1 1 1 1 1 1 1 1 1 1 1 1 1 1 1 1 1 1 1 1 1 1 1 1 1 1 1 1 1 1 1 1 1 1 1 1 1 1 1 1 1 1 1 1 1 1 1 1 1 1 1 1 1 1 1 1 1 1 1 1 1 1 1 1 1 1 1 1 1 1 1 1 1 1 1 1 1 1 1 1 1 1 1 1 1 1 1 1 1 1 1 1 1 1 1 1 1 1 1 1 1 1 1 1 1 1 1 1 1 1 1 1 1 1 1 1 1 1 1 1 1 1 1 1 1 1 1 1 1 1 1 1 1 1 1 1 1 1 1 1 1 1 1 1 1 1 1 1 1 1 1 1 1 1 1 1 1 1 1 1 1 1 1 1 1 1 1 1 1 1 1 1 1 1 1 1 1 1 1 1 1 1 1 1 1 1 1 1 1 1 1 1 1 1 1 1 1 1 1 1 1 1 1 1 1 1 1 1 1 1 1 1 1 1 1 1 1 1 1 1 1 1 1 1 1 1 1 1 1 1 1 1 1 1 1 1 1 1 1 1 1 1 1 1 1 1 1 1 1 1 1 1 1 1 1 1 1 1 1 1 1 1 1 1 1 1 1 1 1 1 1 1 1 1 1 1 1 1 1 1 1 1 1 1 1 1 1 1 1 1 1 1 1 1 1 1 1 1 1 1 1 1 1 1 1 1 1 1 1 1 1 1 1 1 1 1 1 1 1 1 1 1 1 1 1 1 1 1 1 1 1 1 1 1 1 1 1 1 1 1 1 1 1 1 1 1 1 1 1 1 1 1 1 1 1 1 1 1 1 1 1 1 1 1 1 1 1 1 1 1 1 1 1 1 1 1 1 1 1 1 1 1 1 1 1 1 1 1 1 1 1 1 1 1 1 1 1 1 1 1 1 1 1 1 1 1 1 1 1 1 1 1 1 1 1 1 1 1 1 1 1 1 1 1 1 1 1 1 1 1 1 1 1 1 1 1 1 1 1 1 1 1 1 1 1 1 1 1 1 1 1 1 1 1 1 1 1 8 8 8 8 8 8 8 8 8 8 8 8 8 8 8 8 8 8 8 8 8 8 8 8 8 8 8 8 8 8 8 8 8 8 8 8 8 8 8 8 8 8 8 8 8 8 8 8 8 8 8 8 8 8 8 8 8 8 8 8 8 8 8 8 8 8 8 8 8 8 8 8 8 8 8 8 8 8 8 8 8 8 8 8 8 8 8 8 8 8 8 8 8 8 8 8 8 8 8 8 8 8 8 8 8 8 8 8 8 8 8 8 8 8 8 8 8 8 8 8 8 8 8 8 8 8 8 8 8 8 8 8 8 8 8 8 8 8 8 8 8 8 8 8 8 8 8 8 8 8 8 4 4 4 4 4 4 4 4 4 4 4 4 4 4 4 4 4 4 4 4 4 4 4 4 4 4 4 4 4 4 4 4 4 4 4 4 4 4 4 4 4 4 4 4 4 4 4 4 4 4 4 4 4 4 4 4 4 4 4 4 4 4 4 4 4 4 4 4 4 4 4 4 4 4 4 4 4 4 4 4 4 4 4 4 4 4 4 4 4 4 4 4 4 4 4 4 4 4 4 4 4 4 4 4 4 5 5 5 5 5 5 5 5 5 5 5 5 5 5 5 5 5 5 5 5 5 5 5 5 5 5 5 5 5 5 5 5 5 5 5 5 5 5 5 5 5 5 5 5 5 5 5 5 5 5 5 5 5 5 5 5 5 5 5 5 5 5 5 5 5 5 5 5 5 5 5 5 5 5 5 5 5 5 5 3 3 3 3 3 3 3 3 3 3 3 3 3 3 3 3 3 3 3 3 3 3 3 3 3 3 3 3 3 3 3 3 3 3 3 3 3 3 3 3 3 3 3 3 3 3 3 3 3 3 3 3 3 3 3 3 3 3 3 3 3 3 3 3 3 3 3 3 3 3 3 3 3 3 9 9 9 9 9 9 9 9 9 9 9 9 9 9 9 9 9 9 9 9 9 9 9 9 9 9 9 9 9 9 9 9 9 9 9 9 9 9 9 9 9 9 9 9 9 9 9 9 9 9 9 9 9 9 9 9 9 9 9 9 9 9 9 9 9 9 9 9 9 9 9 9 9 9 9 9 9 9 9 9 9 9 9 9 9 9 9 9 9 9 9 9 9 9 9 9 9 9 9 9 9 9 9 9 9 9 9 9 9 9 9 9 9 9
</DataArray>
<DataArray type="Int32" Name="leaflet" format="ascii">
0 0 0 0 0 0 0 0 0 0 0 0 0 0 0 0 0 0 0 0 0 0 0 0 0 0 0 0 0 0 0 0 0 0 0 0 0 0 0 0 0 0 0 0 0 0 0 0 0 0 0 0 0 0 0 0 0 0 0 0 0 0 0 0 0 0 0 0 0 0 0 0 0 0 0 0 0 0 0 0 0 0 0 0 0 0 0 0 0 0 0 0 0 0 0 0 0 0 0 0 0 0 0 0 0 0 0 0 0 0 0 0 0 0 0 0 0 0 0 0 0 0 0 0 0 0 0 0 0 0 0 0 0 0 0 0 0 0 0 0 0 0 0 0 0 0 0 0 0 0 0 0 0 0 0 0 0 0 0 0 0 0 0 0 0 0 0 0 0 0 0 0 0 0 0 0 0 0 0 0 0 0 0 0 0 0 0 0 0 0 0 0 0 0 0 0 0 0 0 0 0 0 0 0 0 0 0 0 0 0 0 0 0 0 0 0 0 0 0 0 0 0 0 0 0 0 0 0 0 0 0 0 0 0 0 0 0 0 0 0 0 0 0 0 0 0 0 0 0 0 0 0 0 0 0 0 0 0 0 0 0 0 0 0 0 0 0 0 0 0 0 0 0 0 0 0 0 0 0 0 0 0 0 0 0 0 0 0 0 0 0 0 0 0 0 0 0 0 0 0 0 0 0 0 0 0 0 0 0 0 0 0 0 0 0 0 0 0 0 0 0 0 0 0 0 0 0 0 0 0 0 0 0 0 0 0 0 0 0 0 0 0 0 0 0 0 0 0 0 0 0 0 0 0 0 0 0 0 0 0 0 0 0 0 0 0 0 0 0 0 0 0 0 0 0 0 0 0 0 0 0 0 0 0 0 0 0 0 0 0 0 0 0 0 0 0 0 0 0 0 0 0 0 0 0 0 0 0 0 0 0 0 0 0 0 0 0 0 0 0 0 0 0 0 0 0 0 0 0 0 0 0 0 0 0 0 0 0 0 0 0 0 0 0 0 0 0 0 0 0 0 0 0 0 0 0 0 0 0 0 0 0 0 0 0 0 0 0 0 0 0 0 0 0 0 0 0 0 0 0 0 0 0 0 0 0 0 0 0 0 0 0 0 0 0 0 0 0 0 0 0 0 0 0 0 0 0 0 0 0 0 0 0 0 0 0 0 0 0 0 0 0 0 0 0 0 0 0 0 0 0 0 0 0 0 0 0 0 0 0 0 0 0 0 0 0 0 0 0 0 0 0 0 0 0 0 0 0 0 0 0 0 0 0 0 0 0 0 0 0 0 0 0 0 0 0 0 0 0 0 0 0 0 0 0 0 0 0 0 0 0 0 0 0 0 0 0 0 0 0 0 0 0 0 0 0 0 0 0 0 0 0 0 0 0 0 0 0 0 0 0 0 0 0 0 0 0 0 0 0 0 0 0 0 0 0 0 0 0 0 0 0 0 0 0 0 0 0 0 0 0 0 0 0 0 0 0 0 0 0 0 0 0 0 0 0 0 0 0 0 0 0 0 0 0 0 0 0 0 0 0 0 0 0 0 0 0 0 0 0 0 0 0 0 0 0 0 0 0 0 0 0 0 0 0 0 0 0 0 0 0 0 0 0 0 0 0 0 0 0 0 0 0 0 0 0 0 0 0 0 0 0 0 0 0 0 0 0 0 0 0 0 0 0 0 0 0 0 0 0 0 0 0 0 0 0 0 0 0 0 0 0 0 0 0 0 0 0 0 0 0 0 0 0 0 0 0 0 0 0 0 0 0 0 0 0 0 0 0 0 0 0 0 0 0 0 0 0 0 0 0 0 0 0 0 0 0 0 0 0 0 0 0 0 0 0 0 0 0 0 0 0 0 0 0 0 0 0 0 0 0 0 0 0 0 0 0 0 0 0 0 0 0 0 0 0 0 0 0 0 0 0 0 0 0 0 0 0 0 0 0 0 0 0 0 0 0 0 0 0 0 0 0 0 0 0 0 0 0 0 0 0 0 0 0 0 0 0 0 0 0 0 0 0 0 0 0 0 0 0 0 0 0 0 0 0 0 0 0 0 0 0 0 0 0 0 0 0 0 0 0 0 0 0 0 0 0 0 0 0 0 0 0 0 0 0 0 0 0 0 0 0 0 0 0 0 0 0 0 0 0 0 0 0 0 0 0 0 0 0 0 0 0 0 0 0 0 0 0 0 0 0 0 0 0 0 0 0 0 0 0 0 0 0 0 0 0 0 0 0 0 0 0 0 0 0 0 0 0 0 0 0 0 0 0 0 0 0 0 0 0 0 0 0 0 0 0 0 0 0 0 0 0 0 0 0 0 0 0 0 0 0 0 0 0 0 0 0 0 0 0 0 0 0 0 0 0 0 0 0 0 0 0 0 0 0 0 0 0 0 0 0 0 0 0 0 0 0 0 0 0 0 0 0 0 0 0 0 0 0 0 0 0 0 0 0 0 0 0 0 0 0 0 0 0 0 0 0 0 0 0 0 0 0 0 0 0 0 0 0 0 0 0 0 0 0 0 0 0 0 0 0 0 0 0 0 0 0 0 0 0 0 0 0 0 0 0 0 0 0 0 0 0 0 0 0 0 0 0 0 0 0 0 0 0 0 0 0 0 0 0 0 0 0 0 0 0 0 0 0 0 0 0 0 0 0 0 0 0 0 0 0 0 0 0 0 0 0 0 0 0 0 0 0 0 0 0 0 0 0 0 0 0 0 0 0 0 0 0 0 0 0 0 0 0 0 0 0 0 0 0 0 0 0 0 0 0 0 0 0 0 0 0 0 0 0 0 0 0 0 0 0 0 0 0 0 0 0 0 0 0 0 0 0 0 0 0 0 0 0 0 0 0 0 0 0 0 0 0 0 0 0 0 0 0 0 0 0 0 0 0 0 0 0 0 0 0 0 0 0 0 0 0 0 0 0 0 0 0 0 0 0 0 0 0 0 0 0 0 0 0 0 0 0 0 0 0 0 0 0 0 0 0 0 0 0 0 0 0 0 0 0 0 0 0 0 0 0 0 0 0 0 0 0 0 0 0 0 0 0 0 0 0 0 0 0 0 0 0 0 0 0 0 0 0 0 0 0 0 0 0 0 0 0 0 0 0 0 0 0 0 0 0 0 0 0 0 0 0 0 0 0 0 0 0 0 0 0 0 0 0 0 0 0 0 0 0 0 0 0 0 0 0 0 0 0 0 0 0 0 0 0 0 0 0 0 0 0 0 0 0 0 0 0 0 0 0 0 0 0 0 0 0 0 0 0 0 0 0 0 0 0 0 0 0 0 0 0 0 0 0 0 0 0 0 0 0 0 0 0 0 0 0 0 0 0 0 0 0 0 0 0 0 0 0 0 0 0 0 0 0 0 0 0 0 0 0 0 0 0 0 0 0 0 0 0 0 0 0 0 0 0 0 0 0 0 0 0 0 0 0 0 0 0 0 0 0 0 0 0 0 0 0 0 0 0 0 0 0 0 0 0 0 0 0 0 0 0 0 0 0 0 0 0 0 0 0 0 0 0 0 0 0 0 0 0 0 0 0 0 0 0 0 0 0 0 0 0 0 0 0 0 0 0 0 0 0 0 0 0 0 0 0 0 0 0 0 0 0 0 0 0 0 0 0 0 0 0 0 0 0 0 0 0 0 0 0 0 0 0 0 0 0 0 0 0 0 0 0 0 0 0 0 0 0 0 0 0 0 0 0 0 0 0 0 0 0 0 0 0 0 0 0 0 0 0 0 0 0 0 0 0 0 0 0 0 0 0 0 0 0 0 0 0 0 0 0 0 0 0 0 0 0 0 0 0 0 0 0 0 0 0 0 0 0 0 0 0 0 0 0 0 0 0 0 0 0 0 0 0 0 0 0 0 0 0 0 0 0 0 0 0 0 0 0 0 0 0 0 0 0 0 0 0 0 0 0 0 0 0 0 0 0 0 0 0 0 0 0 0 0 0 0 0 0 0 0 0 0 0 0 0 0 0 0 0 0 0 0 0 0 0 0 0 0 0 0 0 0 0 0 0 0 0 0 0 0 0 0 0 0 0 0 0 0 0 0 0 0 0 0 0 0 0 0 0 0 0 0 0 0 0 0 0 0 0 0 0 0 0 0 0 0 0 0 0 0 0 0 0 0 0 0 0 0 0 0 0 0 0 0 0 0 0 0 0 0 0 0 0 0 0 0 0 0 0 0 0 0 0 0 0 0 0 0 0 0 0 0 0 0 0 0 0 0 0 0 0 0 0 0 0 0 0 0 0 0 0 0 0 0 0 0 0 0 0 0 0 0 0 0 0 0 0 0 0 0 0 0 0 0 0 0 0 0 0 0 0 0 0 0 0 0 0 0 0 0 0 0 0 0 0 0 0 0 0 0 0 0 0 0 0 0 0 0 0 0 0 0 0 0 0 0 0 0 0 0 0 0 0 0 0 0 0 0 0 0 0 0 0 0 0 0 0 0 0 0 0 0 0 0 0 0 0 0 0 0 0 0 0 0 0 0 0 0 0 0 0 0 0 0 0 0 0 0 0 0 0 0 0 0 0 0 0 0 0 0 0 0 0 0 0 0 0 0 0 0 0 0 0 0 0 0 0 0 0 0 0 0 0 0 0 0 0 0 0 0 0 0 0 0 0 0 0 0 0 0 0 0 0 0 0 0 0 0 0 0 0 0 0 0 0 0 0 0 0 0 0 0 0 0 0 0 0 0 0 0 0 0 0 0 0 0 0 0 0 0 0 0 0 0 0 0 0 0 0 0 0 0 0 0 0 0 0 0 0 0 0 0 0 0 0 0 0 0 0 0 0 0 0 0 0 0 0 0 0 0 0 0 0 0 0 0 0 0 0 0 0 0 0 0 0 0 0 0 0 0 0 0 0 0 0 0 0 0 0 0 0 0 0 0 0 0 0 0 0 0 0 0 0 0 0 0 0 0 0 0 0 0 0 0 0 0 0 0 0 0 0 0 0 0 0 0 0 0 0 0 0 0 0 0 0 0 0 0 0 0 0 0 0 0 0 0 0 0 0 0 0 0 0 0 0 0 0 0 0 0 0 0 0 0 0 0 0 0 0 0 0 0 0 0 0 0 0 0 0 0 0 0 0 0 0 0 0 0 0 0 0 0 0 0 0 0 0 0 0 0 0 0 0 0 0 0 0 0 0 0 0 0 0 0 0 0 0 0 0 0 0 0 0 0 0 0 0 0 0 0 0 0 0 0 0 0 0 0 0 0 0 0 0 0 0 0 0 0 0 0 0 0 0 0 0 0 0 0 0 0 0 0 0 0 0 0 0 0 0 0 0 0 0 0 0 0 0 0 0 0 0 0 0 0 0 0 0 0 0 0 0 0 0 0 0 0 0 0 0 0 0 0 0 0 0 0 0 0 0 0 0 0 0 0 0 0 0 0 0 0 0 0 0 0 0 0 0 0 0 0 0 0 0 0 0 0 0 0 0 0 0 0 0 0 0 0 0 0 0 0 0 0 0 0 0 0 0 0 0 0 0 0 0 0 0 0 0 0 0 0 0 0 0 0 0 0 0 0 0 0 0 0 0 0 0 0 0 0 0 0 0 0 0 0 0 0 0 0 0 0 0 0 0 0 0 0 0 0 0 0 0 0 0 0 0 0 0 0 0 0 0 0 0 0 0 0 0 0 0 0 0 0 0 0 0 0 0 0 0 0 0 0 0 0 0 0 0 0 0 0 0 0 0 0 0 0 0 0 0 0 0 0 0 0 0 0 0 0 0 0 0 0 0 0 0 0 0 0 0 0 0 0 0 0 0 0 0 0 0 0 0 0 0 0 0 0 0 0 0 0 0 0 0 0 0 0 0 0 0 0 0 0 0 0 0 0 0 0 0 0 0 0 0 0 0 0 0 0 0 0 0 0 0 0 0 0 0 0 0 0 0 0 0 0 0 0 0 0 0 0 0 0 0 0 0 0 0 0 0 0 0 0 0 0 0 0 0 0 0 0 0 0 0 0 0 0 0 0 0 0 0 0 0 0 0 0 0 0 0 0 0 0 0 0 0 0 0 0 0 0 0 0 0 0 0 0 0 0 0 0 0 0 0 0 0 0 0 0 0 0 0 0 0 0 0 0 0 0 0 0 0 0 0 0 0 0 0 0 0 0 0 0 0 0 0 0 0 0 0 0 0 0 0 0 0 0 0 0 0 0 0 0 0 0 0 0 0 0 0 0 0 0 0 0 0 0 0 0 0 0 0 0 0 0 0 0 0 0 0 0 0 0 0 0 0 0 0 0 0 0 0 0 0 0 0 0 0 0 0 0 0 0 0 0 0 0 0 0 0 0 0 0 0 0 0 0 0 0 0 0 0 0 0 0 0 0 0 0 0 0 0 0 0 0 0 0 0 0 0 0 0 0 0 0 0 0 0 0 0 0 0 0 0 0 0 0 0 0 0 0 0 0 0 0 0 0 0 0 0 0 0 0 0 0 0 0 0 0 0 0 0 0 0 0 0 0 0 0 0 0 0 0 0 0 0 0 0 0 0 0 0 0 0 0 0 0 0 0 0 0 0 0 0 0 0 0 0 0 0 0 0 0 0 0 0 0 0 0 0 0 0 0 0 0 0 0 0 0 0 0 0 0 0 0 0 0 0 0 0 0 0 0 0 0 0 0 0 0 0 0 0 0 0 0 0 0 0 0 0 0 0 0 0 0 0 0 0 0 0 0 0 0 0 0 0 0 0 0 0 0 0 0 0 0 0 0 0 0 0 0 0 0 0 0 0 0 0 0 0 0 0 0 0 0 0 0 0 0 0 0 0 0 0 0 0 0 0 0 0 0 0 0 0 0 0 0 0 0 0 0 0 0 0 0 0 0 0 0 0 0 0 0 0 0 0 0 0 0 0 0 0 0 0 0 0 0 0 0 0 0 0 0 0 0 0 0 0 0 0 0 0 0 0 0 0 0 0 0 0 0 0 0 0 0 0 0 0 0 0 0 0 0 0 0 0 0 0 0 0 0 0 0 0 0 0 0 0 0 0 0 0 0 0 0 0 0 0 0 0 0 0 0 0 0 0 0 0 0 0 0 0 0 0 0 0 0 0 0 0 0 0 0 0 0 0 0 0 0 0 0 0 0 0 0 0 0 0 0 0 0 0 0 0 0 0 0 0 0 0 0 0 0 0 0 0 0 0 0 0 0 0 0 0 0 0 0 0 0 0 0 0 0 0 0 0 0 0 0 0 0 0 0 0 0 0 0 0 0 0 0 0 0 0 0 0 0 0 0 0 0 0 0 0 0 0 0 0 0 0 0 0 0 0 0 0 0 0 0 0 0 0 0 0 0 0 0 0 0 0 0 0 0 0 0 0 0 0 0 0 0 0 0 0 0 0 0 0 0 0 0 0 0 0 0 0 0 0 0 0 0 0 0 0 0 0 0 0 0 0 0 0 0 0 0 0 0 0 0 0 0 0 0 0 0 0 0 0 0 0 0 0 0 0 0 0 0 0 0 0 0 0 0 0 0 0 0 0 0 0 0 0 0 0 0 0 0 0 0 0 0 0 0 0 0 0 0 0 0 0 0 0 0 0 0 0 0 0 0 0 0 0 0 0 0 0 0 0 0 0 0 0 0 0 0 0 0 0 0 0 0 0 0 0 0 0 0 0 0 0 0 0 0 0 0 0 0 0 0 0 0 0 0 0 0 0 0 0 0 0 0 0 0 0 0 0 0 0 0 0 0 0 0 0 0 0 0 0 0 0 0 0 0 0 0 0 0 0 0 0 0 0 0 0 0 0 0 0 0 0 0 0 0 0 0 0 0 0 0 0 0 0 0 0 0 0 0 0 0 0 0 0 0 0 0 0 0 0 0 0 0 0 0 0 0 0 0 0 0 0 0 0 0 0 0 0 0 0 0 0 0 0 0 0 0 0 0 0 0 0 0 0 0 0 0 0 0 0 0 0 0 0 0 0 0 0 0 0 0 0 0 0 0 0 0 0 0 0 0 0 0 0 0 0 0 0 0 0 0 0 0 0 0 0 0 0 0 0 0 0 0 0 0 0 0 0 0 0 0 0 0 0 0 0 0 0 0 0 0 0 0 0 0 0 0 0 0 0 0 0 0 0 0 0 0 0 0 0 0 0 0 0 0 0 0 0 0 0 0 0 0 0 0 0 0 0 0 0 0 0 0 0 0 0 0 0 0 0 0 0 0 0 0 0 0 0 0 0 0 0 0 0 0 0 0 0 0 0 0 0 0 0 0 0 0 0 0 0 0 0 0 0 0 0 0 0 0 0 0 0 0 0 0 0 0 0 0 0 0 0 0 0 0 0 0 0 0 0 0 0 0 0 0 0 0 0 0 0 0 0 0 0 0 0 0 0 0 0 0 0 0 0 0 0 0 0 0 0 0 0 0 0 0 0 0 0 0 0 0 0 0 0 0 0 0 0 0 0 0 0 0 0 0 0 0 0 0 0 0 0 0 0 0 0 0 0 0 0 0 0 0 0 0 0 0 0 0 0 0 0 0 0 0 0 0 0 0 0 0 0 0 0 0 0 0 0 0 0 0 0 0 0 0 0 0 0 0 0 0 0 0 0 0 0 0 0 0 0 0 0 0 0 0 0 0 0 0 0 0 0 0 0 0 0 0 0 0 0 0 0 0 0 0 0 0 0 0 0 0 0 0 0 0 0 0 0 0 0 0 0 0 0 0 0 0 0 0 0 0 0 0 0 0 0 0 0 0 0 0 0 0 0 0 0 0 0 0 0 0 0 0 0 0 0 0 0 0 0 0 0 0 0 0 0 0 0 0 0 0 0 0 0 0 0 0 0 0 0 0 0 0 0 0 0 0 0 0 0 0 0 0 0 0 0 0 0 0 0 0 0 0 0 0 0 0 0 0 0 0 0 0 0 0 0 0 0 0 0 0 0 0 0 0 0 0 0 0 0 0 0 0 0 0 0 0 0 0 0 0 0 0 0 0 0 0 0 0 0 0 0 0 0 0 0 0 0 0 0 0 0 0 0 0 0 0 0 0 0 0 0 0 0 0 0 0 0 0 0 0 0 0 0 0 0 0 0 0 0 0 0 0 0 0 0 0 0 0 0 0 0 0 0 0 0 0 0 0 0 0 0 0 0 0 0 0 0 0 0 0 0 0 0 0 0 0 0 0 0 0 0 0 0 0 0 0 0 0 0 0 0 0 0 0 0 0 0 0 0 0 0 0 0 0 0 0 0 0 0 0 0 0 0 0 0 0 0 0 0 0 0 0 0 0 0 0 0 0 0 0 0 0 0 0 0 0 0 0 0 0 0 0 0 0 0 0 0 0 0 0 0 0 0 0 0 0 0 0 0 0 0 0 0 0 0 0 0 0 0 0 0 0 0 0 0 0 0 0 0 0 0 0 0 0 0 0 0 0 0 0 0 0 0 0 0 0 0 0 0 0 0 0 0 0 0 0 0 0 0 0 0 0 0 0 0 0 0 0 0 0 0 0 0 0 0 0 0 0 0 0 0 0 0 0 0 0 0 0 0 0 0 0 0 0 0 0 0 0 0 0 0 0 0 0 0 0 0 0 0 0 0 0 0 0 0 0 0 0 0 0 0 0 0 0 0 0 0 0 0 0 0 0 0 0 0 0 0 0 0 0 0 0 0 0 0 0 0 0 0 0 0 0 0 0 0 0 0 0 0 0 0 0 0 0 0 0 0 0 0 0 0 0 0 0 0 0 0 0 0 0 0 0 0 0 0 0 0 0 0 0 0 0 0 0 0 0 0 0 0 0 0 0 0 0 0 0 0 0 0 0 0 0 0 0 0 0 0 0 0 0 0 0 0 0 0 0 0 0 0 0 0 0 0 0 0 0 0 0 0 0 0 0 0 0 0 0 0 0 0 0 0 0 0 0 0 0 0 0 0 0 0 0 0 0 0 0 0 0 0 0 0 0 0 0 0 0 0 0 0 0 0 0 0 0 0 0 0 0 0 0 0 0 0 0 0 0 0 0 0 0 0 0 0 0 0 0 0 0 0 0 0 0 0 0 0 0 0 0 0 0 0 0 0 0 0 0 0 0 0 0 0 0 0 0 0 0 0 0 0 0 0 0 0 0 0 0 0 0 0 0 0 0 0 0 0 0 0 0 0 0 0 0 0 0 0 0 0 0 0 0 0 0 0 0 0 0 0 0 0 0 0 0 0 0 0 0 0 0 0 0 0 0 0 0 0 0 0 0 0 0 0 0 0 0 0 0 0 0 0 0 0 0 0 0 0 0 0 0 0 0 0 0 0 0 0 0 0 0 0 0 0 0 0 0 0 0 0 0 0 0 0 0 0 0 0 0 0 0 0 0 0 0 0 0 0 0 0 0 0 0 0 0 0 0 0 0 0 0 0 0 0 0 0 0 0 0 0 0 0 0 0 0 0 0 0 0 0 0 0 0 0 0 0 0 0 0 0 0 0 0 0 0 0 0 0 0 0 0 0 0 0 0 0 0 0 0 0 0 0 0 0 0 0 0 0 0 0 0 0 0 0 0 0 0 0 0 0 0 0 0 0 0 0 0 0 0 0 0 0 0 0 0 0 0 0 0 0 0 0 0 0 0 0 0 0 0 0 0 0 0 0 0 0 0 0 0 0 0 0 0 0 0 0 0 0 0 0 0 0 0 0 0 0 0 0 0 0 0 0 0 0 0 0 0 0 0 0 0 0 0 0 0 0 0 0 0 0 0 0 0 0 0 0 0 0 0 0 0 0 0 0 0 0 0 0 0 0 0 0 0 0 0 0 0 0 0 0 0 0 0 0 0 0 0 0 0 0 0 0 0 0 0 0 0 0 0 0 0 0 0 0 0 0 0 0 0 0 0 0 0 0 0 0 0 0 0 0 0 0 0 0 0 0 0 0 0 0 0 0 0 0 0 0 0 0 0 0 0 0 0 0 0 0 0 0 0 0 0 0 0 0 0 0 0 0 0 0 0 0 0 0 0 0 0 0 0 0 0 0 0 0 0 0 0 0 0 0 0 0 0 0 0 0 0 0 0 0 0 0 0 0 0 0 0 0 0 0 0 0 0 0 0 0 0 0 0 0 0 0 0 0 0 0 0 0 0 0 0 0 0 0 0 0 0 0 0 0 0 0 0 0 0 0 0 0 0 0 0 0 0 0 0 0 0 0 0 0 0 0 0 0 0 0 0 0 0 0 0 0 0 0 0 0 0 0 0 0 0 0 0 0 0 0 0 0 0 0 0 0 0 0 0 0 0 0 0 0 0 0 0 0 0 0 0 0 0 0 0 0 0 0 0 0 0 0 0 0 0 0 0 0 0 0 0 0 0 0 0 0 0 0 0 0 0 0 0 0 0 0 0 0 0 0 0 0 0 0 0 0 0 0 0 0 0 0 0 0 0 0 0 0 0 0 0 0 0 0 0 0 0 0 0 0 0 0 0 0 0 0 0 0 0 0 0 0 0 0 0 0 0 0 0 0 0 0 0 0 0 0 0 0 0 0 0 0 0 0 0 0 0 0 0 0 0 0 0 0 0 0 0 0 0 0 0 0 0 0 0 0 0 0 0 0 0 0 0 0 0 0 0 0 0 0 0 0 0 0 0 0 0 0 0 0 0 0 0 0 0 0 0 0 0 0 0 0 0 0 0 0 0 0 0 0 0 0 0 0 0 0 0 0 0 0 0 0 0 0 0 0 0 0 0 0 0 0 0 0 0 0 0 0 0 0 0 0 0 0 0 0 0 0 0 0 0 0 0 0 0 0 0 0 0 0 0 0 0 0 0 0 0 0 0 0 0 0 0 0 0 0 0 0 0 0 0 0 0 0 0 0 0 0 0 0 0 0 0 0 0 0 0 0 0 0 0 0 0 0 0 0 0 0 0 0 0 0 0 0 0 0 0 0 0 0 0 0 0 0 0 0 0 0 0 0 0 0 0 0 0 0 0 0 0 0 0 0 0 0 0 0 0 0 0 0 0 0 0 0 0 0 0 0 0 0 0 0 0 0 0 0 0 0 0 0 0 0 0 0 0 0 0 0 0 0 0 0 0 0 0 0 0 0 0 0 0 0 0 0 0 0 0 0 0 0 0 0 0 0 0 0 0 0 0 0 0 0 0 0 0 0 0 0 0 0 0 0 0 0 0 0 0 0 0 0 0 0 0 0 0 0 0 0 0 0 0 0 0 0 0 0 0 0 0 0 0 0 0 0 0 0 0 0 0 0 0 0 0 0 0 0 0 0 0 0 0 0 0 0 0 0 0 0 0 0 0 0 0 0 0 0 0 0 0 0 0 0 0 0 0 0 0 0 0 0 0 0 0 0 0 0 0 0 0 0 0 0 0 0 0 0 0 0 0 0 0 0 0 0 0 0 0 0 0 0 0 0 0 0 0 0 0 0 0 0 0 0 0 0 0 0 0 0 0 0 0 0 0 0 0 0 0 0 0 0 0 0 0 0 0 0 0 0 0 0 0 0 0 0 0 0 0 0 0 0 0 0 0 0 0 0 0 0 0 0 0 0 0 0 0 0 0 0 0 0 0 0 0 0 0 0 0 0 0 0 0 0 0 0 0 0 0 0 0 0 0 0 0 0 0 0 0 0 0 0 0 0 0 0 0 0 0 0 0 0 0 0 0 0 0 0 0 0 0 0 0 0 0 0 0 0 0 0 0 0 0 0 0 0 0 0 0 0 0 0 0 0 0 0 0 0 0 0 0 0 0 0 0 0 0 0 0 0 0 0 0 0 0 0 0 0 0 0 0 0 0 0 0 0 0 0 0 0 0 0 0 0 0 0 0 0 0 0 0 0 0 0 0 0 0 0 0 0 0 0 0 0 0 0 0 0 0 0 0 0 0 0 0 0 0 0 0 0 0 0 0 0 0 0 0 0 0 0 0 0 0 0 0 0 0 0 0 0 0 0 0 0 0 0 0 0 0 0 0 0 0 0 0 0 0 0 0 0 0 0 0 0 0 0 0 0 0 0 0 0 0 0 0 0 0 0 0 0 0 0 0 0 0 0 0 0 0 0 0 0 0 0 0 0 0 0 0 0 0 0 0 0 0 0 0 0 0 0 0 0 0 0 0 0 0 0 0 0 0 0 0 0 0 0 0 0 0 0 0 0 0 0 0 0 0 0 0 0 0 0 0 0 0 0 0 0 0 0 0 0 0 0 0 0 0 0 0 0 0 0 0 0 0 0 0 0 0 0 0 0 0 0 0 0 0 0 0 0 0 0 0 0 0 0 0 0 0 0 0 0 0 0 0 0 0 0 0 0 0 0 0 0 0 0 0 0 0 0 0 0 0 0 0 0 0 0 0 0 0 0 0 0 0 0 0 0 0 0 0 0 0 0 0 0 0 0 0 0 0 0 0 0 0 0 0 0 0 0 0 0 0 0 0 0 0 0 0 0 0 0 0 0 0 0 0 0 0 0 0 0 0 0 0 0 0 0 0 0 0 0 0 0 0 0 0 0 0 0 0 0 0 0 0 0 0 0 0 0 0 0 0 0 0 0 0 0 0 0 0 0 0 0 0 0 0 0 0 0 0 0 0 0 0 0 0 0 0 0 0 0 0 0 0 0 0 0 0 0 0 0 0 0 0 0 0 0 0 0 0 0 0 0 0 0 0 0 0 0 0 0 0 0 0 0 0 0 0 0 0 0 0 0 0 0 0 0 0 0 0 0 0 0 0 0 0 0 0 0 0 0 0 0 0 0 0 0 0 0 0 0 0 0 0 0 0 0 0 0 0 0 0 0 0 0 0 0 0 0 0 0 0 0 0 0 0 0 0 0 0 0 0 0 0 0 0 0 0 0 0 0 0 0 0 0 0 0 0 0 0 0 0 0 0 0 0 0 0 0 0 0 0 0 0 0 0 0 0 0 0 0 0 0 0 0 0 0 0 0 0 0 0 0 0 0 0 0 0 0 0 0 0 0 0 0 0 0 0 0 0 0 0 0 0 0 0 0 0 0 0 0 0 0 0 0 0 0 0 0 0 0 0 0 0 0 0 0 0 0 0 0 0 0 0 0 0 0 0 0 0 0 0 0 0 0 0 0 0 0 0 0 0 0 0 0 0 0 0 0 0 0 0 0 0 0 0 0 0 0 0 0 0 0 0 0 0 0 0 0 0 0 0 0 0 0 0 0 0 0 0 0 0 0 0 0 0 0 0 0 0 0 0 0 0 0 0 0 0 0 0 0 0 0 0 0 0 0 0 0 0 0 0 0 0 0 0 0 0 0 0 0 0 0 0 0 0 0 0 0 0 0 0 0 0 0 0 0 0 0 0 0 0 0 0 0 0 0 0 0 0 0 0 0 0 0 0 0 0 0 0 0 0 0 0 0 0 0 0 0 1 1 1 1 1 1 1 1 1 1 1 1 1 1 1 1 1 1 1 1 1 1 1 1 1 1 1 1 1 1 1 1 1 1 1 1 1 1 1 1 1 1 1 1 1 1 1 1 1 1 1 1 1 1 1 1 1 1 1 1 1 1 1 1 1 1 1 1 1 1 1 1 1 1 1 1 1 1 1 1 1 1 1 1 1 1 1 1 1 1 1 1 1 1 1 1 1 1 1 1 1 1 1 1 1 1 1 1 1 1 1 1 1 1 1 1 1 1 1 1 1 1 1 1 1 1 1 1 1 1 1 1 1 1 1 1 1 1 1 1 1 1 1 1 1 1 1 1 1 1 1 1 1 1 1 1 1 1 1 1 1 1 1 1 1 1 1 1 1 1 1 1 1 1 1 1 1 1 1 1 1 1 1 1 1 1 1 1 1 1 1 1 1 1 1 1 1 1 1 1 1 1 1 1 1 1 1 1 1 1 1 1 1 1 1 1 1 1 1 1 1 1 1 1 1 1 1 1 1 1 1 1 1 1 1 1 1 1 1 1 1 1 1 1 1 1 1 1 1 1 1 1 1 1 1 1 1 1 1 1 1 1 1 1 1 1 1 1 1 1 1 1 1 1 1 1 1 1 1 1 1 1 1 1 1 1 1 1 1 1 1 1 1 1 1 1 1 1 1 1 1 1 1 1 1 1 1 1 1 1 1 1 1 1 1 1 1 1 1 1 1 1 1 1 1 1 1 1 1 1 1 1 1 1 1 1 1 1 1 1 1 1 1 1 1 1 1 1 1 1 1 1 1 1 1 1 1 1 1 1 1 1 1 1 1 1 1 1 1 1 1 1 1 1 1 1 1 1 1 1 1 1 1 1 1 1 1 1 1 1 1 1 1 1 1 1 1 1 1 1 1 1 1 1 1 1 1 1 1 1 1 1 1 1 1 1 1 1 1 1 1 1 1 1 1 1 1 1 1 1 1 1 1 1 1 1 1 1 1 1 1 1 1 1 1 1 1 1 1 1 1 1 1 1 1 1 1 1 1 1 1 1 1 1 1 1 1 1 1 1 1 1 1 1 1 1 1 1 1 1 1 1 1 1 1 1 1 1 1 1 1 1 1 1 1 1 1 1 1 1 1 1 1 1 1 1 1 1 1 1 1 1 1 1 1 1 1 1 1 1 1 1 1 1 1 1 1 1 1 1 1 1 1 1 1 1 1 1 1 1 1 1 1 1 1 1 1 1 1 1 1 1 1 1 1 1 1 1 1 1 1 1 1 1 1 1 1 1 1 1 1 1 1 1 1 1 1 1 1 1 1 1 1 1 1 1 1 1 1 1 1 1 1 1 1 1 1 1 1 1 1 1 1 1 1 1 1 1 1 1 1 1 1 1 1 1 1 1 1 1 1 1 1 1 1 1 1 1 1 1 1 1 1 1 1 1 1 1 1 1 1 1 1 1 1 1 1 1 1 1 1 1 1 1 1 1 1 1 1 1 1 1 1 1 1 1 1 1 1 1 1 1 1 1 1 1 1 1 1 1 1 1 1 1 1 1 1 1 1 1 1 1 1 1 1 1 1 1 1 1 1 1 1 1 1 1 1 1 1 1 1 1 1 1 1 1 1 1 1 1 1 1 1 1 1 1 1 1 1 1 1 1 1 1 1 1 1 1 1 1 1 1 1 1 1 1 1 1 1 1 1 1 1 1 1 1 1 1 1 1 1 1 1 1 1 1 1 1 1 1 1 1 1 1 1 1 1 1 1 1 1 1 1 1 1 1 1 1 1 1 1 1 1 1 1 1 1 1 1 1 1 1 1 1 1 1 1 1 1 1 1 1 1 1 1 1 1 1 1 1 1 1 1 1 1 1 1 1 1 1 1 1 1 1 1 1 1 1 1 1 1 1 1 1 1 1 1 1 1 1 1 1 1 1 1 1 1 1 1 1 1 1 1 1 1 1 1 1 1 1 1 1 1 1 1 1 1 1 1 1 1 1 1 1 1 1 1 1 1 1 1 1 1 1 1 1 1 1 1 1 1 1 1 1 1 1 1 1 1 1 1 1 1 1 1 1 1 1 1 1 1 1 1 1 1 1 1 1 1 1 1 1 1 1 1 1 1 1 1 1 1 1 1 1 1 1 1 1 1 1 1 1 1 1 1 1 1 1 1 1 1 1 1 1 1 1 1 1 1 1 1 1 1 1 1 1 1 1 1 1 1 1 1 1 1 1 1 1 1 1 1 1 1 1 1 1 1 1 1 1 1 1 1 1 1 1 1 1 1 1 1 1 1 1 1 1 1 1 1 1 1 1 1 1 1 1 1 1 1 1 1 1 1 1 1 1 1 1 1 1 1 1 1 1 1 1 1 1 1 1 1 1 1 1 1 1 1 1 1 1 1 1 1 1 1 1 1 1 1 1 1 1 1 1 1 1 1 1 1 1 1 1 1 1 1 1 1 1 1 1 1 1 1 1 1 1 1 1 1 1 1 1 1 1 1 1 1 1 1 1 1 1 1 1 1 1 1 1 1 1 1 1 1 1 1 1 1 1 1 1 1 1 1 1 1 1 1 1 1 1 1 1 1 1 1 1 1 1 1 1 1 1 1 1 1 1 1 1 1 1 1 1 1 1 1 1 1 1 1 1 1 1 1 1 1 1 1 1 1 1 1 1 1 1 1 1 1 1 1 1 1 1 1 1 1 1 1 1 1 1 1 1 1 1 1 1 1 1 1 1 1 1 1 1 1 1 1 1 1 1 1 1 1 1 1 1 1 1 1 1 1 1 1 1 1 1 1 1 1 1 1 1 1 1 1 1 1 1 1 1 1 1 1 1 1 1 1 1 1 1 1 1 1 1 1 1 1 1 1 1 1 1 1 1 1 1 1 1 1 1 1 1 1 1 1 1 1 1 1 1 1 1 1 1 1 1 1 1 1 1 1 1 1 1 1 1 1 1 1 1 1 1 1 1 1 1 1 1 1 1 1 1 1 1 1 1 1 1 1 1 1 1 1 1 1 1 1 1 1 1 1 1 1 1 1 1 1 1 1 1 1 1 1 1 1 1 1 1 1 1 1 1 1 1 1 1 1 1 1 1 1 1 1 1 1 1 1 1 1 1 1 1 1 1 1 1 1 1 1 1 1 1 1 1 1 1 1 1 1 1 1 1 1 1 1 1 1 1 1 1 1 1 1 1 1 1 1 1 1 1 1 1 1 1 1 1 1 1 1 1 1 1 1 1 1 1 1 1 1 1 1 1 1 1 1 1 1 1 1 1 1 1 1 1 1 1 1 1 1 1 1 1 1 1 1 1 1 1 1 1 1 1 1 1 1 1 1 1 1 1 1 1 1 1 1 1 1 1 1 1 1 1 1 1 1 1 1 1 1 1 1 1 1 1 1 1 1 1 1 1 1 1 1 1 1 1 1 1 1 1 1 1 1 1 1 1 1 1 1 1 1 1 1 1 1 1 1 1 1 1 1 1 1 1 1 1 1 1 1 1 1 1 1 1 1 1 1 1 1 1 1 1 1 1 1 1 1 1 1 1 1 1 1 1 1 1 1 1 1 1 1 1 1 1 1 1 1 1 1 1 1 1 1 1 1 1 1 1 1 1 1 1 1 1 1 1 1 1 1 1 1 1 1 1 1 1 1 1 1 1 1 1 1 1 1 1 1 1 1 1 1 1 1 1 1 1 1 1 1 1 1 1 1 1 1 1 1 1 1 1 1 1 1 1 1 1 1 1 1 1 1 1 1 1 1 1 1 1 1 1 1 1 1 1 1 1 1 1 1 1 1 1 1 1 1 1 1 1 1 1 1 1 1 1 1 1 1 1 1 1 1 1 1 1 1 1 1 1 1 1 1 1 1 1 1 1 1 1 1 1 1 1 1 1 1 1 1 1 1 1 1 1 1 1 1 1 1 1 1 1 1 1 1 1 1 1 1 1 1 1 1 1 1 1 1 1 1 1 1 1 1 1 1 1 1 1 1 1 1 1 1 1 1 1 1 1 1 1 1 1 1 1 1 1 1 1 1 1 1 1 1 1 1 1 1 1 1 1 1 1 1 1 1 1 1 1 1 1 1 1 1 1 1 1 1 1 1 1 1 1 1 1 1 1 1 1 1 1 1 1 1 1 1 1 1 1 1 1 1 1 1 1 1 1 1 1 1 1 1 1 1 1 1 1 1 1 1 1 1 1 1 1 1 1 1 1 1 1 1 1 1 1 1 1 1 1 1 1 1 1 1 1 1 1 1 1 1 1 1 1 1 1 1 1 1 1 1 1 1 1 1 1 1 1 1 1 1 1 1 1 1 1 1 1 1 1 1 1 1 1 1 1 1 1 1 1 1 1 1 1 1 1 1 1 1 1 1 1 1 1 1 1 1 1 1 1 1 1 1 1 1 1 1 1 1 1 1 1 1 1 1 1 1 1 1 1 1 1 1 1 1 1 1 1 1 1 1 1 1 1 1 1 1 1 1 1 1 1 1 1 1 1 1 1 1 1 1 1 1 1 1 1 1 1 1 1 1 1 1 1 1 1 1 1 1 1 1 1 1 1 1 1 1 1 1 1 1 1 1 1 1 1 1 1 1 1 1 1 1 1 1 1 1 1 1 1 1 1 1 1 1 1 1 1 1 1 1 1 1 1 1 1 1 1 1 1 1 1 1 1 1 1 1 1 1 1 1 1 1 1 1 1 1 1 1 1 1 1 1 1 1 1 1 1 1 1 1 1 1 1 1 1 1 1 1 1 1 1 1 1 1 1 1 1 1 1 1 1 1 1 1 1 1 1 1 1 1 1 1 1 1 1 1 1 1 1 1 1 1 1 1 1 1 1 1 1 1 1 1 1 1 1 1 1 1 1 1 1 1 1 1 1 1 1 1 1 1 1 1 1 1 1 1 1 1 1 1 1 1 1 1 1 1 1 1 1 1 1 1 1 1 1 1 1 1 1 1 1 1 1 1 1 1 1 1 1 1 1 1 1 1 1 1 1 1 1 1 1 1 1 1 1 1 1 1 1 1 1 1 1 1 1 1 1 1 1 1 1 1 1 1 1 1 1 1 1 1 1 1 1 1 1 1 1 1 1 1 1 1 1 1 1 1 1 1 1 1 1 1 1 1 1 1 1 1 1 1 1 1 1 1 1 1 1 1 1 1 1 1 1 1 1 1 1 1 1 1 1 1 1 1 1 1 1 1 1 1 1 1 1 1 1 1 1 1 1 1 1 1 1 1 1 1 1 1 1 1 1 1 1 1 1 1 1 1 1 1 1 1 1 1 1 1 1 1 1 1 1 1 1 1 1 1 1 1 1 1 1 1 1 1 1 1 1 1 1 1 1 1 1 1 1 1 1 1 1 1 1 1 1 1 1 1 1 1 1 1 1 1 1 1 1 1 1 1 1 1 1 1 1 1 1 1 1 1 1 1 1 1 1 1 1 1 1 1 1 1 1 1 1 1 1 1 1 1 1 1 1 1 1 1 1 1 1 1 1 1 1 1 1 1 1 1 1 1 1 1 1 1 1 1 1 1 1 1 1 1 1 1 1 1 1 1 1 1 1 1 1 1 1 1 1 1 1 1 1 1 1 1 1 1 1 1 1 1 1 1 1 1 1 1 1 1 1 1 1 1 1 1 1 1 1 1 1 1 1 1 1 1 1 1 1 1 1 1 1 1 1 1 1 1 1 1 1 1 1 1 1 1 1 1 1 1 1 1 1 1 1 1 1 1 1 1 1 1 1 1 1 1 1 1 1 1 1 1 1 1 1 1 1 1 1 1 1 1 1 1 1 1 1 1 1 1 1 1 1 1 1 1 1 1 1 1 1 1 1 1 1 1 1 1 1 1 1 1 1 1 1 1 1 1 1 1 1 1 1 1 1 1 1 1 1 1 1 1 1 1 1 1 1 1 1 1 1 1 1 1 1 1 1 1 1 1 1 1 1 1 1 1 1 1 1 1 1 1 1 1 1 1 1 1 1 1 1 1 1 1 1 1 1 1 1 1 1 1 1 1 1 1 1 1 1 1 1 1 1 1 1 1 1 1 1 1 1 1 1 1 1 1 1 1 1 1 1 1 1 1 1 1 1 1 1 1 1 1 1 1 1 1 1 1 1 1 1 1 1 1 1 1 1 1 1 1 1 1 1 1 1 1 1 1 1 1 1 1 1 1 1 1 1 1 1 1 1 1 1 1 1 1 1 1 1 1 1 1 1 1 1 1 1 1 1 1 1 1 1 1 1 1 1 1 1 1 1 1 1 1 1 1 1 1 1 1 1 1 1 1 1 1 1 1 1 1 1 1 1 1 1 1 1 1 1 1 1 1 1 1 1 1 1 1 1 1 1 1 1 1 1 1 1 1 1 1 1 1 1 1 1 1 1 1 1 1 1 1 1 1 1 1 1 1 1 1 1 1 1 1 1 1 1 1 1 1 1 1 1 1 1 1 1 1 1 1 1 1 1 1 1 1 1 1 1 1 1 1 1 1 1 1 1 1 1 1 1 1 1 1 1 1 1 1 1 1 1 1 1 1 1 1 1 1 1 1 1 1 1 1 1 1 1 1 1 1 1 1 1 1 1 1 1 1 1 1 1 1 1 1 1 1 1 1 1 1 1 1 1 1 1 1 1 1 1 1 1 1 1 1 1 1 1 1 1 1 1 1 1 1 1 1 1 1 1 1 1 1 1 1 1 1 1 1 1 1 1 1 1 1 1 1 1 1 1 1 1 1 1 1 1 1 1 1 1 1 1 1 1 1 1 1 1 1 1 1 1 1 1 1 1 1 1 1 1 1 1 1 1 1 1 1 1 1 1 1 1 1 1 1 1 1 1 1 1 1 1 1 1 1 1 1 1 1 1 1 1 1 1 1 1 1 1 1 1 1 1 1 1 1 1 1 1 1 1 1 1 1 1 1 1 1 1 1 1 1 1 1 1 1 1 1 1 1 1 1 1 1 1 1 1 1 1 1 1 1 1 1 1 1 1 1 1 1 1 1 1 1 1 1 1 1 1 1 1 1 1 1 1 1 1 1 1 1 1 1 1 1 1 1 1 1 1 1 1 1 1 1 1 1 1 1 1 1 1 1 1 1 1 1 1 1 1 1 1 1 1 1 1 1 1 1 1 1 1 1 1 1 1 1 1 1 1 1 1 1 1 1 1 1 1 1 1 1 1 1 1 1 1 1 1 1 1 1 1 1 1 1 1 1 1 1 1 1 1 1 1 1 1 1 1 1 1 1 1 1 1 1 1 1 1 1 1 1 1 1 1 1 1 1 1 1 1 1 1 1 1 1 1 1 1 1 1 1 1 1 1 1 1 1 1 1 1 1 1 1 1 1 1 1 1 1 1 1 1 1 1 1 1 1 1 1 1 1 1 1 1 1 1 1 1 1 1 1 1 1 1 1 1 1 1 1 1 1 1 1 1 1 1 1 1 1 1 1 1 1 1 1 1 1 1 1 1 1 1 1 1 1 1 1 1 1 1 1 1 1 1 1 1 1 1 1 1 1 1 1 1 1 1 1 1 1 1 1 1 1 1 1 1 1 1 1 1 1 1 1 1 1 1 1 1 1 1 1 1 1 1 1 1 1 1 1 1 1 1 1 1 1 1 1 1 1 1 1 1 1 1 1 1 1 1 1 1 1 1 1 1 1 1 1 1 1 1 1 1 1 1 1 1 1 1 1 1 1 1 1 1 1 1 1 1 1 1 1 1 1 1 1 1 1 1 1 1 1 1 1 1 1 1 1 1 1 1 1 1 1 1 1 1 1 1 1 1 1 1 1 1 1 1 1 1 1 1 1 1 1 1 1 1 1 1 1 1 1 1 1 1 1 1 1 1 1 1 1 1 1 1 1 1 1 1 1 1 1 1 1 1 1 1 1 1 1 1 1 1 1 1 1 1 1 1 1 1 1 1 1 1 1 1 1 1 1 1 1 1 1 1 1 1 1 1 1 1 1 1 1 1 1 1 1 1 1 1 1 1 1 1 1 1 1 1 1 1 1 1 1 1 1 1 1 1 1 1 1 1 1 1 1 1 1 1 1 1 1 1 1 1 1 1 1 1 1 1 1 1 1 1 1 1 1 1 1 1 1 1 1 1 1 1 1 1 1 1 1 1 1 1 1 1 1 1 1 1 1 1 1 1 1 1 1 1 1 1 1 1 1 1 1 1 1 1 1 1 1 1 1 1 1 1 1 1 1 1 1 1 1 1 1 1 1 1 1 1 1 1 1 1 1 1 1 1 1 1 1 1 1 1 1 1 1 1 1 1 1 1 1 1 1 1 1 1 1 1 1 1 1 1 1 1 1 1 1 1 1 1 1 1 1 1 1 1 1 1 1 1 1 1 1 1 1 1 1 1 1 1 1 1 1 1 1 1 1 1 1 1 1 1 1 1 1 1 1 1 1 1 1 1 1 1 1 1 1 1 1 1 1 1 1 1 1 1 1 1 1 1 1 1 1 1 1 1 1 1 1 1 1 1 1 1 1 1 1 1 1 1 1 1 1 1 1 1 1 1 1 1 1 1 1 1 1 1 1 1 1 1 1 1 1 1 1 1 1 1 1 1 1 1 1 1 1 1 1 1 1 1 1 1 1 1 1 1 1 1 1 1 1 1 1 1 1 1 1 1 1 1 1 1 1 1 1 1 1 1 1 1 1 1 1 1 1 1 1 1 1 1 1 1 1 1 1 1 1 1 1 1 1 1 1 1 1 1 1 1 1 1 1 1 1 1 1 1 1 1 1 1 1 1 1 1 1 1 1 1 1 1 1 1 1 1 1 1 1 1 1 1 1 1 1 1 1 1 1 1 1 1 1 1 1 1 1 1 1 1 1 1 1 1 1 1 1 1 1 1 1 1 1 1 1 1 1 1 1 1 1 1 1 1 1 1 1 1 1 1 1 1 1 1 1 1 1 1 1 1 1 1 1 1 1 1 1 1 1 1 1 1 1 1 1 1 1 1 1 1 1 1 1 1 1 1 1 1 1 1 1 1 1 1 1 1 1 1 1 1 1 1 1 1 1 1 1 1 1 1 1 1 1 1 1 1 1 1 1 1 1 1 1 1 1 1 1 1 1 1 1 1 1 1 1 1 1 1 1 1 1 1 1 1 1 1 1 1 1 1 1 1 1 1 1 1 1 1 1 1 1 1 1 1 1 1 1 1 1 1 1 1 1 1 1 1 1 1 1 1 1 1 1 1 1 1 1 1 1 1 1 1 1 1 1 1 1 1 1 1 1 1 1 1 1 1 1 1 1 1 1 1 1 1 1 1 1 1 1 1 1 1 1 1 1 1 1 1 1 1 1 1 1 1 1 1 1 1 1 1 1 1 1 1 1 1 1 1 1 1 1 1 1 1 1 1 1 1 1 1 1 1 1 1 1 1 1 1 1 1 1 1 1 1 1 1 1 1 1 1 1 1 1 1 1 1 1 1 1 1 1 1 1 1 1 1 1 1 1 1 1 1 1 1 1 1 1 1 1 1 1 1 1 1 1 1 1 1 1 1 1 1 1 1 1 1 1 1 1 1 1 1 1 1 1 1 1 1 1 1 1 1 1 1 1 1 1 1 1 1 1 1 1 1 1 1 1 1 1 1 1 1 1 1 1 1 1 1 1 1 1 1 1 1 1 1 1 1 1 1 1 1 1 1 1 1 1 1 1 1 1 1 1 1 1 1 1 1 1 1 1 1 1 1 1 1 1 1 1 1 1 1 1 1 1 1 1 1 1 1 1 1 1 1 1 1 1 1 1 1 1 1 1 1 1 1 1 1 1 1 1 1 1 1 1 1 1 1 1 1 1 1 1 1 1 1 1 1 1 1 1 1 1 1 1 1 1 1 1 1 1 1 1 1 1 1 1 1 1 1 1 1 1 1 1 1 1 1 1 1 1 1 1 1 1 1 1 1 1 1 1 1 1 1 1 1 1 1 1 1 1 1 1 1 1 1 1 1 1 1 1 1 1 1 1 1 1 1 1 1 1 1 1 1 1 1 1 1 1 1 1 1 1 1 1 1 1 1 1 1 1 1 1 1 1 1 1 1 1 1 1 1 1 1 1 1 1 1 1 1 1 1 1 1 1 1 1 1 1 1 1 1 1 1 1 1 1 1 1 1 1 1 1 1 1 1 1 1 1 1 1 1 1 1 1 1 1 1 1 1 1 1 1 1 1 1 1 1 1 1 1 1 1 1 1 1 1 1 1 1 1 1 1 1 1 1 1 1 1 1 1 1 1 1 1 1 1 1 1 1 1 1 1 1 1 1 1 1 1 1 1 1 1 1 1 1 1 1 1 1 1 1 1 1 1 1 1 1 1 1 1 1 1 1 1 1 1 1 1 1 1 1 1 1 1 1 1 1 1 1 1 1 1 1 1 1 1 1 1 1 1 1 1 1 1 1 1 1 1 1 1 1 1 1 1 1 1 1 1 1 1 1 1 1 1 1 1 1 1 1 1 1 1 1 1 1 1 1 1 1 1 1 1 1 1 1 1 1 1 1 1 1 1 1 1 1 1 1 1 1 1 1 1 1 1 1 1 1 1 1 1 1 1 1 1 1 1 1 1 1 1 1 1 1 1 1 1 1 1 1 1 1 1 1 1 1 1 1 1 1 1 1 1 1 1 1 1 1 1 1 1 1 1 1 1 1 1 1 1 1 1 1 1 1 1 1 1 1 1 1 1 1 1 1 1 1 1 1 1 1 1 1 1 1 1 1 1 1 1 1 1 1 1 1 1 1 1 1 1 1 1 1 1 1 1 1 1 1 1 1 1 1 1 1 1 1 1 1 1 1 1 1 1 1 1 1 1 1 1 1 1 1 1 1 1 1 1 1 1 1 1 1 1 1 1 1 1 1 1 1 1 1 1 1 1 1 1 1 1 1 1 1 1 1 1 1 1 1 1 1 1 1 1 1 1 1 1 1 1 1 1 1 1 1 1 1 1 1 1 1 1 1 1 1 1 1 1 1 1 1 1 1 1 1 1 1 1 1 1 1 1 1 1 1 1 1 1 1 1 1 1 1 1 1 1 1 1 1 1 1 1 1 1 1 1 1 1 1 1 1 1 1 1 1 1 1 1 1 1 1 1 1 1 1 1 1 1 1 1 1 1 1 1 1 1 1 1 1 1 1 1 1 1 1 1 1 1 1 1 1 1 1 1 1 1 1 1 1 1 1 1 1 1 1 1 1 1 1 1 1 1 1 1 1 1 1 1 1 1 1 1 1 1 1 1 1 1 1 1 1 1 1 1 1 1 1 1 1 1 1 1 1 1 1 1 1 1 1 1 1 1 1 1 1 1 1 1 1 1 1 1 1 1 1 1 1 1 1 1 1 1 1 1 1 1 1 1 1 1 1 1 1 1 1 1 1 1 1 1 1 1 1 1 1 1 1 1 1 1 1 1 1 1 1 1 1 1 1 1 1 1 1 1 1 1 1 1 1 1 1 1 1 1 1 1 1 1 1 1 1 1 1 1 1 1 1 1 1 1 1 1 1 1 1 1 1 1 1 1 1 1 1 1 1 1 1 1 1 1 1 1 1 1 1 1 1 1 1 1 1 1 1 1 1 1 1 1 1 1 1 1 1 1 1 1 1 1 1 1 1 1 1 1 1 1 1 1 1 1 1 1 1 1 1 1 1 1 1 1 1 1 1 1 1 1 1 1 1 1 1 1 1 1 1 1 1 1 1 1 1 1 1 1 1 1 1 1 1 1 1 1 1 1 1 1 1 1 1 1 1 1 1 1 1 1 1 1 1 1 1 1 1 1 1 1 1 1 1 1 1 1 1 1 1 1 1 1 1 1 1 1 1 1 1 1 1 1 1 1 1 1 1 1 1 1 1 1 1 1 1 1 1 1 1 1 1 1 1 1 1 1 1 1 1 1 1 1 1 1 1 1 1 1 1 1 1 1 1 1 1 1 1 1 1 1 1 1 1 1 1 1 1 1 1 1 1 1 1 1 1 1 1 1 1 1 1 1 1 1 1 1 1 1 1 1 1 1 1 1 1 1 1 1 1 1 1 1 1 1 1 1 1 1 1 1 1 1 1 1 1 1 1 1 1 1 1 1 1 1 1 1 1 1 1 1 1 1 1 1 1 1 1 1 1 1 1 1 1 1 1 1 1 1 1 1 1 1 1 1 1 1 1 1 1 1 1 1 1 1 1 1 1 1 1 1 1 1 1 1 1 1 1 1 1 1 1 1 1 1 1 1 1 1 1 1 1 1 1 1 1 1 1 1 1 1 1 1 1 1 1 1 1 1 1 1 1 1 1 1 1 1 1 1 1 1 1 1 1 1 1 1 1 1 1 1 1 1 1 1 1 1 1 1 1 1 1 1 1 1 1 1 1 1 1 1 1 1 1 1 1 1 1 1 1 1 1 1 1 1 1 1 1 1 1 1 1 1 1 1 1 1 1 1 1 1 1 1 1 1 1 1 1 1 1 1 1 1 1 1 1 1 1 1 1 1 1 1 1 1 1 1 1 1 1 1 1 1 1 1 1 1 1 1 1 1 1 1 1 1 1 1 1 1 1 1 1 1 1 1 1 1 1 1 1 1 1 1 1 1 1 1 1 1 1 1 1 1 1 1 1 1 1 1 1 1 1 1 1 1 1 1 1 1 1 1 1 1 1 1 1 1 1 1 1 1 1 1 1 1 1 1 1 1 1 1 1 1 1 1 1 1 1 1 1 1 1 1 1 1 1 1 1 1 1 1 1 1 1 1 1 1 1 1 1 1 1 1 1 1 1 1 1 1 1 1 1 1 1 1 1 1 1 1 1 1 1 1 1 1 1 1 1 1 1 1 1 1 1 1 1 1 1 1 1 1 1 1 1 1 1 1 1 1 1 1 1 1 1 1 1 1 1 1 1 1 1 1 1 1 1 1 1 1 1 1 1 1 1 1 1 1 1 1 1 1 1 1 1 1 1 1 1 1 1 1 1 1 1 1 1 1 1 1 1 1 1 1 1 1 1 1 1 1 1 1 1 1 1 1 1 1 1 1 1 1 1 1 1 1 1 1 1 1 1 1 1 1 1 1 1 1 1 1 1 1 1 1 1 1 1 1 1 1 1 1 1 1 1 1 1 1 1 1 1 1 1 1 1 1 1 1 1 1 1 1 1 1 1 1 1 1 1 1 1 1 1 1 1 1 1 1 1 1 1 1 1 1 1 1 1 1 1 1 1 1 1 1 1 1 1 1 1 1 1 1 1 1 1 1 1 1 1 1 1 1 1 1 1 1 1 1 1 1 1 1 1 1 1 1 1 1 1 1 1 1 1 1 1 1 1 1 1 1 1 1 1 1 1 1 1 1 1 1 1 1 1 1 1 1 1 1 1 1 1 1 1 1 1 1 1 1 1 1 1 1 1 1 1 1 1 1 1 1 1 1 1 1 1 1 1 1 1 1 1 1 1 1 1 1 1 1 1 1 1 1 1 1 1 1 1 1 1 1 1 1 1 1 1 1 1 1 1 1 1 1 1 1 1 1 1 1 1 1 1 1 1 1 1 1 1 1 1 1 1 1 1 1 1 1 1 1 1 1 1 1 1 1 1 1 1 1 1 1 1 1 1 1 1 1 1 1 1 1 1 1 1 1 1 1 1 1 1 1 1 1 1 1 1 1 1 1 1 1 1 1 1 1 1 1 1 1 1 1 1 1 1 1 1 1 1 1 1 1 1 1 1 1 1 1 1 1 1 1 1 1 1 1 1 1 1 1 1 1 1 1 1 1 1 1 1 1 1 1 1 1 1 1 1 1 1 1 1 1 1 1 1 1 1 1 1 1 1 1 1 1 1 1 1 1 1 1 1 1 1 1 1 1 1 1 1 1 1 1 1 1 1 1 1 1 1 1 1 1 1 1 1 1 1 1 1 1 1 1 1 1 1 1 1 1 1 1 1 1 1 1 1 1 1 1 1 1 1 1 1 1 1 1 1 1 1 1 1 1 1 1 1 1 1 1 1 1 1 1 1 1 1 1 1 1 1 1 1 1 1 1 1 1 1 1 1 1 1 1 1 1 1 1 1 1 1 1 1 1 1 1 1 1 1 1 1 1 1 1 1 1 1 1 1 1 1 1 1 1 1 1 1 1 1 1 1 1 1 1 1 1 1 1 1 1 1 1 1 1 1 1 1 1 1 1 1 1 1 1 1 1 1 1 1 1 1 1 1 1 1 1 1 1 1 1 1 1 1 1 1 1 1 1 1
</DataArray>
<DataArray type="Int32" Name="phase" format="ascii">
1 1 1 1 1 1 1 1 1 1 1 1 1 1 1 1 1 1 1 1 1 1 1 1 1 1 1 1 1 1 1 1 1 1 1 1 1 1 1 1 1 1 1 1 1 1 1 1 1 1 1 1 1 1 1 1 1 1 1 1 1 1 1 1 1 1 1 1 1 1 1 1 1 1 1 1 1 1 1 1 1 1 1 1 1 1 1 1 1 1 1 1 1 1 1 1 1 1 1 1 1 1 1 1 1 1 1 1 1 1 1 1 1 1 1 1 1 1 1 1 1 1 1 1 1 1 1 1 1 1 1 1 1 1 1 1 1 1 1 1 1 1 1 1 1 1 1 1 1 1 1 1 1 1 1 1 1 1 1 1 1 1 1 1 1 1 1 1 1 1 1 1 1 1 1 1 1 1 1 1 1 1 1 1 1 1 1 1 1 1 1 1 1 1 1 1 1 1 1 1 1 1 1 1 1 1 1 1 1 1 1 1 1 1 1 1 1 1 1 1 1 1 1 1 1 1 1 1 1 1 1 1 1 1 1 1 1 1 1 1 1 1 1 1 1 1 1 1 1 1 1 1 1 1 1 1 1 1 1 1 1 1 1 1 1 1 1 1 1 1 1 1 1 1 1 1 1 1 1 1 1 1 1 1 1 1 1 1 1 1 1 1 1 1 1 1 1 1 1 1 1 1 1 1 1 1 1 1 1 1 1 1 1 1 1 1 1 1 1 1 1 1 1 1 1 1 1 1 1 1 1 1 1 1 1 1 1 1 1 1 1 1 1 1 1 1 1 1 1 1 1 1 1 1 1 1 1 1 1 1 1 1 1 1 1 1 1 1 1 1 1 1 1 1 1 1 1 1 1 1 1 1 1 1 1 1 1 1 1 1 1 1 1 1 1 1 1 1 1 1 1 1 1 1 1 1 1 1 1 1 1 1 1 1 1 1 1 1 1 1 1 1 1 1 1 1 1 1 1 1 1 1 1 1 1 1 1 1 1 1 1 1 1 1 1 1 1 1 1 1 1 1 1 1 1 1 1 1 1 1 1 1 1 1 1 1 1 1 1 1 1 1 1 1 1 1 1 1 1 1 1 1 1 1 1 1 1 1 1 1 1 1 1 1 1 1 1 1 1 1 1 1 1 1 1 1 1 1 1 1 1 1 1 1 1 1 1 1 1 1 1 1 1 1 1 1 1 1 1 1 1 1 1 1 1 1 1 1 1 1 1 1 1 1 1 1 1 1 1 1 1 1 1 1 1 1 1 1 1 1 1 1 1 1 1 1 1 1 1 1 1 1 1 1 1 1 1 1 1 1 1 1 1 1 1 1 1 1 1 1 1 1 1 1 1 1 1 1 1 1 1 1 1 1 1 1 1 1 1 1 1 1 1 1 1 1 1 1 1 1 1 1 1 1 1 1 1 1 1 1 1 1 1 1 1 1 1 1 1 1 1 1 1 1 1 1 1 1 1 1 1 1 1 1 1 1 1 1 1 1 1 1 1 1 1 1 1 1 1 1 1 1 1 1 1 1 1 1 1 1 1 1 1 1 1 1 1 1 1 1 1 1 1 1 1 1 1 1 1 1 1 1 1 1 1 1 1 1 1 1 1 1 1 1 1 1 1 1 1 1 1 1 1 1 1 1 1 1 1 1 1 1 1 1 1 1 1 1 1 1 1 1 1 1 1 1 1 1 1 1 1 1 1 1 1 1 1 1 1 1 1 1 1 1 1 1 1 1 1 1 1 1 1 1 1 1 1 1 1 1 1 1 1 1 1 1 1 1 1 1 1 1 1 1 1 1 1 1 1 1 1 1 1 1 1 1 1 1 1 1 1 1 1 1 1 1 1 1 1 1 1 1 1 1 1 1 1 1 1 1 1 1 1 1 1 1 1 1 1 1 1 1 1 1 1 1 1 1 1 1 1 1 1 1 1 1 1 1 1 1 1 1 1 1 1 1 1 1 1 1 1 1 1 1 1 1 1 1 1 1 1 1 1 1 1 1 1 1 1 1 1 1 1 1 1 1 1 1 1 1 1 1 1 1 1 1 1 1 1 1 1 1 1 1 1 1 1 1 1 1 1 1 1 1 1 1 1 1 1 1 1 1 1 1 1 1 1 1 1 1 1 1 1 1 1 1 1 1 1 1 1 1 1 1 1 1 1 1 1 1 1 1 1 1 1 1 1 1 1 1 1 1 1 1 1 1 1 1 1 1 1 1 1 1 1 1 1 1 1 1 1 1 1 1 1 1 1 1 1 1 1 1 1 1 1 1 1 1 1 1 1 1 1 1 1 1 1 1 1 1 1 1 1 1 1 1 1 1 1 1 1 1 1 1 1 1 1 1 1 1 1 1 1 1 1 1 1 1 1 1 1 1 1 1 1 1 1 1 1 1 1 1 1 1 1 1 1 1 1 1 1 1 1 1 1 1 1 1 1 1 1 1 1 1 1 1 1 1 1 1 1 1 1 1 1 1 1 1 1 1 1 1 1 1 1 1 1 1 1 1 1 1 1 1 1 1 1 1 1 1 1 1 1 1 1 1 1 1 1 1 1 1 1 1 1 1 1 1 1 1 1 1 1 1 1 1 1 1 1 1 1 1 1 1 1 1 1 1 1 1 1 1 1 1 1 1 1 1 1 1 1 1 1 1 1 1 1 1 1 1 1 1 1 1 1 1 1 1 1 1 1 1 1 1 1 1 1 1 1 1 1 1 1 1 1 1 1 1 1 1 1 1 1 1 1 1 1 1 1 1 1 1 1 1 1 1 1 1 1 1 1 1 1 1 1 1 1 1 1 1 1 1 1 1 1 1 1 1 1 1 1 1 1 1 1 1 1 1 1 1 1 1 1 1 1 1 1 1 1 1 1 1 1 1 1 1 1 1 1 1 1 1 1 1 1 1 1 1 1 1 1 1 1 1 1 1 1 1 1 1 1 1 1 1 1 1 1 1 1 1 1 1 1 1 1 1 1 1 1 1 1 1 1 1 1 1 1 1 1 1 1 1 1 1 1 1 1 1 1 1 1 1 1 1 1 1 1 1 1 1 1 1 1 1 1 1 1 1 1 1 1 1 1 1 1 1 1 1 1 1 1 1 1 1 1 1 1 1 1 1 1 1 1 1 1 1 1 1 1 1 1 1 1 1 1 1 1 1 1 1 1 1 1 1 1 1 1 1 1 1 1 1 1 1 1 1 1 1 1 1 1 1 1 1 1 1 1 1 1 1 1 1 1 1 1 1 1 1 1 1 1 1 1 1 1 1 1 1 1 1 1 1 1 1 1 1 1 1 1 1 1 1 1 1 1 1 1 1 1 1 1 1 1 1 1 1 1 1 1 1 1 1 1 1 1 1 1 1 1 1 1 1 1 1 1 1 1 1 1 1 1 1 1 1 1 1 1 1 1 1 1 1 1 1 1 1 1 1 1 1 1 1 1 1 1 1 1 1 1 1 1 1 1 1 1 1 1 1 1 1 1 1 1 1 1 1 1 1 1 1 1 1 1 1 1 1 1 1 1 1 1 1 1 1 1 1 1 1 1 1 1 1 1 1 1 1 1 1 1 1 1 1 1 1 1 1 1 1 1 1 1 1 1 1 1 1 1 1 1 1 1 1 1 1 1 1 1 1 1 1 1 1 1 1 1 1 1 1 1 1 1 1 1 1 1 1 1 1 1 1 1 1 1 1 1 1 1 1 1 1 1 1 1 1 1 1 1 1 1 1 1 1 1 1 1 1 1 1 1 1 1 1 1 1 1 1 1 1 1 1 1 1 1 1 1 1 1 1 1 1 1 1 1 1 1 1 1 1 1 1 1 1 1 1 1 1 1 1 1 1 1 1 1 1 1 1 1 1 1 1 1 1 1 1 1 1 1 1 1 1 1 1 1 1 1 1 1 1 1 1 1 1 1 1 1 1 1 1 1 1 1 1 1 1 1 1 1 1 1 1 1 1 1 1 1 1 1 1 1 1 1 1 1 1 1 1 1 1 1 1 1 1 1 1 1 1 1 1 1 1 1 1 1 1 1 1 1 1 1 1 1 1 1 1 1 1 1 1 1 1 1 1 1 1 1 1 1 1 1 1 1 1 1 1 1 1 1 1 1 1 1 1 1 1 1 1 1 1 1 1 1 1 1 1 1 1 1 1 1 1 1 1 1 1 1 1 1 1 1 1 1 1 1 1 1 1 1 1 1 1 1 1 1 1 1 1 1 1 1 1 1 1 1 1 1 1 1 1 1 1 1 1 1 1 1 1 1 1 1 1 1 1 1 1 1 1 1 1 1 1 1 1 1 1 1 1 1 1 1 1 1 1 1 1 1 1 1 1 1 1 1 1 1 1 1 1 1 1 1 1 1 1 1 1 1 1 1 1 1 1 1 1 1 1 1 1 1 1 1 1 1 1 1 1 1 1 1 1 1 1 1 1 1 1 1 1 1 1 1 1 1 1 1 1 1 1 1 1 1 1 1 1 1 1 1 1 1 1 1 1 1 1 1 1 1 1 1 1 1 1 1 1 1 1 1 1 1 1 1 1 1 1 1 1 1 1 1 1 1 1 1 1 1 1 1 1 1 1 1 1 1 1 1 1 1 1 1 1 1 1 1 1 1 1 1 1 1 1 1 1 1 1 1 1 1 1 1 1 1 1 1 1 1 1 1 1 1 1 1 1 1 1 1 1 1 1 1 1 1 1 1 1 1 1 1 1 1 1 1 1 1 1 1 1 1 1 1 1 1 1 1 1 1 1 1 1 1 1 1 1 1 1 1 1 1 1 1 1 1 1 1 1 1 1 1 1 1 1 1 1 1 1 1 1 1 1 1 1 1 1 1 1 1 1 1 1 1 1 1 1 1 1 1 1 1 1 1 1 1 1 1 1 1 1 1 1 1 1 1 1 1 1 1 1 1 1 1 1 1 1 1 1 1 1 1 1 1 1 1 1 1 1 1 1 1 1 1 1 1 1 1 1 1 1 1 1 1 1 1 1 1 1 1 1 1 1 1 1 1 1 1 1 1 1 1 1 1 1 1 1 1 1 1 1 1 1 1 1 1 1 1 1 1 1 1 1 1 1 1 1 1 1 1 1 1 1 1 1 1 1 1 1 1 1 1 1 1 1 1 1 1 1 1 1 1 1 1 1 1 1 1 1 1 1 1 1 1 1 1 1 1 1 1 1 1 1 1 1 1 1 1 1 1 1 1 1 1 1 1 1 1 1 1 1 1 1 1 1 1 1 1 1 1 1 1 1 1 1 1 1 1 1 1 1 1 1 1 1 1 1 1 1 1 1 1 1 1 1 1 1 1 1 1 1 1 1 1 1 1 1 1 1 1 1 1 1 1 1 1 1 1 1 1 1 1 1 1 1 1 1 1 1 1 1 1 1 1 1 1 1 1 1 1 1 1 1 1 1 1 1 1 1 1 1 1 1 1 1 1 1 1 1 1 1 1 1 1 1 1 1 1 1 1 1 1 1 1 1 1 1 1 1 1 1 1 1 1 1 1 1 1 1 1 1 1 1 1 1 1 1 1 1 1 1 1 1 1 1 1 1 1 1 1 1 1 1 1 1 1 1 1 1 1 1 1 1 1 1 1 1 1 1 1 1 1 1 1 1 1 1 1 1 1 1 1 1 1 1 1 1 1 1 1 1 1 1 1 1 1 1 1 1 1 1 1 1 1 1 1 1 1 1 1 1 1 1 1 1 1 1 1 1 1 1 1 1 1 1 1 1 1 1 1 1 1 1 1 1 1 1 1 1 1 1 1 1 1 1 1 1 1 0 0 0 0 0 0 0 0 0 0 0 0 0 0 0 0 0 0 0 0 0 0 0 0 0 0 0 0 0 0 0 0 0 0 0 0 0 0 0 0 0 0 0 0 0 0 0 0 0 0 0 0 0 0 0 0 0 0 0 0 0 0 0 0 0 0 0 0 0 0 0 0 0 0 0 0 0 0 0 0 0 0 0 0 0 0 0 0 0 0 0 0 0 0 0 0 0 0 0 0 0 0 0 0 0 0 0 0 0 0 0 0 0 0 0 0 0 0 0 0 0 0 0 0 0 0 0 0 0 0 0 0 0 0 0 0 0 0 0 0 0 0 0 0 0 0 0 0 0 0 0 0 0 0 0 0 0 0 0 0 0 0 0 0 0 0 0 0 0 0 0 0 0 0 0 0 0 0 0 0 0 0 0 0 0 0 0 0 0 0 0 0 0 0 0 0 0 0 0 0 0 0 0 0 0 0 0 0 0 0 0 0 0 0 0 0 0 0 0 0 0 0 0 0 0 0 0 0 0 0 0 0 0 0 0 0 0 0 0 0 0 0 0 0 0 0 0 0 0 0 0 0 0 0 0 0 0 0 0 0 0 0 0 0 0 0 0 0 0 0 0 0 0 0 0 0 0 0 0 0 0 0 0 0 0 0 0 0 0 0 0 0 0 0 0 0 0 0 0 0 0 0 0 0 0 0 0 0 0 0 0 0 0 0 0 0 0 0 0 0 0 0 0 0 0 0 0 0 0 0 0 0 0 0 0 0 0 0 0 0 0 0 0 0 0 0 0 0 0 0 0 0 0 0 0 0 0 0 0 0 0 0 0 0 0 0 0 0 0 0 0 0 0 0 0 0 0 0 0 0 0 0 0 0 0 0 0 0 0 0 0 0 0 0 0 0 0 0 0 0 0 0 0 0 0 0 0 0 0 0 0 0 0 0 0 0 0 0 0 0 0 0 0 0 0 0 0 0 0 0 0 0 0 0 0 0 0 0 0 0 0 0 0 0 0 0 0 0 0 0 0 0 0 0 0 0 0 0 0 0 0 0 0 0 0 0 0 0 0 0 0 0 0 0 0 0 0 0 0 0 0 0 0 0 0 0 0 0 0 0 0 0 0 0 0 0 0 0 0 0 0 0 0 0 0 0 0 0 0 0 0 0 0 0 0 0 0 0 0 0 0 0 0 0 0 0 0 0 0 0 0 0 0 0 0 0 0 0 0 0 0 0 0 0 0 0 0 0 0 0 0 0 0 0 0 0 0 0 0 0 0 0 0 0 0 0 0 0 0 0 0 0 0 0 0 0 0 0 0 0 0 0 0 0 0 0 0 0 0 0 0 0 0 0 0 0 0 0 0 0 0 0 0 0 0 0 0 0 0 0 0 0 0 0 0 0 0 0 0 0 0 0 0 0 0 0 0 0 0 0 0 0 0 0 0 0 0 0 0 0 0 0 0 0 0 0 0 0 0 0 0 0 0 0 0 0 0 0 0 0 0 0 0 0 0 0 0 0 0 0 0 0 0 0 0 0 0 0 0 0 0 0 0 0 0 0 0 0 0 0 0 0 0 0 0 0 0 0 0 0 0 0 0 0 0 0 0 0 0 0 0 0 0 0 0 0 0 0 0 0 0 0 0 0 0 0 0 0 0 0 0 0 0 0 0 0 0 0 0 0 0 0 0 0 0 0 0 0 0 0 0 0 0 0 0 0 0 0 0 0 0 0 0 0 0 0 0 0 0 0 0 0 0 0 0 0 0 0 0 0 0 0 0 0 0 0 0 0 0 0 0 0 0 0 0 0 0 0 0 0 0 0 0 0 0 0 0 0 0 0 0 0 0 0 0 0 0 0 0 0 0 0 0 0 0 0 0 0 0 0 0 0 0 0 0 0 0 0 0 0 0 0 0 0 0 0 0 0 0 0 0 0 0 0 0 0 0 0 0 0 0 0 0 0 0 0 0 0 0 0 0 0 0 0 0 0 0 0 0 0 0 0 0 0 0 0 0 0 0 0 0 0 0 0 0 0 0 0 0 0 0 0 0 0 0 0 0 0 0 0 0 0 0 0 0 0 0 0 0 0 0 0 0 0 0 0 0 0 0 0 0 0 0 0 0 0 0 0 0 0 0 0 0 0 0 0 0 0 0 0 0 0 0 0 0 0 0 0 0 0 0 0 0 0 0 0 0 0 0 0 0 0 0 0 0 0 0 0 0 0 0 0 0 0 0 0 0 0 0 0 0 0 0 0 0 0 0 0 0 0 0 0 0 0 0 0 0 0 0 0 0 0 0 0 0 0 0 0 0 0 0 0 0 0 0 0 0 0 0 0 0 0 0 0 0 0 0 0 0 0 0 0 0 0 0 0 0 0 0 0 0 0 0 0 0 0 0 0 0 0 0 0 0 0 0 0 0 0 0 0 0 0 0 0 0 0 0 0 0 0 0 0 0 0 0 0 0 0 0 0 0 0 0 0 0 0 0 0 0 0 0 0 0 0 0 0 0 0 0 0 0 0 0 0 0 0 0 0 0 0 0 0 0 0 0 0 0 0 0 0 0 0 0 0 0 0 0 0 0 0 0 0 0 0 0 0 0 0 0 0 0 0 0 0 0 0 0 0 0 0 0 0 0 0 0 0 0 0 0 0 0 0 0 0 0 0 0 0 0 0 0 0 0 0 0 0 0 0 0 0 0 0 0 0 0 0 0 0 0 0 0 0 0 0 0 0 0 0 0 0 0 0 0 0 0 0 0 0 0 0 0 0 0 0 0 0 0 0 0 0 0 0 0 0 0 0 0 0 0 0 0 0 0 0 0 0 0 0 0 0 0 0 0 0 0 0 0 0 0 0 0 0 0 0 0 0 0 0 0 0 0 0 0 0 0 0 0 0 0 0 0 0 0 0 0 0 0 0 0 0 0 0 0 0 0 0 0 0 0 0 0 0 0 0 0 0 0 0 0 0 0 0 0 0 0 0 0 0 0 0 0 0 0 0 0 0 0 0 0 0 0 0 0 0 0 0 0 0 0 0 0 0 0 0 0 0 0 0 0 0 0 0 0 0 0 0 0 0 0 0 0 0 0 0 0 0 0 0 0 0 0 0 0 0 0 0 0 0 0 0 0 0 0 0 0 0 0 0 0 0 0 0 0 0 0 0 0 0 0 0 0 0 0 0 0 0 0 0 0 0 0 0 0 0 0 0 0 0 0 0 0 0 0 0 0 0 0 0 0 0 0 0 0 0 0 0 0 0 0 0 0 0 0 0 0 0 0 0 0 0 0 0 0 0 0 0 0 0 0 0 0 0 0 0 0 0 0 0 0 0 0 0 0 0 0 0 0 0 0 0 0 0 0 0 0 0 0 0 0 0 0 0 0 0 0 0 0 0 0 0 0 0 0 0 0 0 0 0 0 0 0 0 0 0 0 0 0 0 0 0 0 0 0 0 0 0 0 0 0 0 0 0 0 0 0 0 0 0 0 0 0 0 0 0 0 0 0 0 0 0 0 0 0 0 0 0 0 0 0 0 0 0 0 0 0 0 0 0 0 0 0 0 0 0 0 0 0 0 0 0 0 0 0 0 0 0 0 0 0 0 0 0 0 0 0 0 0 0 0 0 0 0 0 0 0 0 0 0 0 0 0 0 0 0 0 0 0 0 0 0 0 0 0 0 0 0 0 0 0 0 0 0 0 0 0 0 0 0 0 0 0 0 0 0 0 0 0 0 0 0 0 0 0 0 0 0 0 0 0 0 0 0 0 0 0 0 0 0 0 0 0 0 0 0 0 0 0 0 0 0 0 0 0 0 0 0 0 0 0 0 0 0 0 0 0 0 0 0 0 0 0 0 0 0 0 0 0 0 0 0 0 0 0 0 0 0 0 0 0 0 0 0 0 0 0 0 0 0 0 0 0 0 0 0 0 0 0 0 0 0 0 0 0 0 0 0 0 0 0 0 0 0 0 0 0 0 0 0 0 0 0 0 0 0 0 0 0 0 0 0 0 0 0 0 0 0 0 0 0 0 0 0 0 0 0 0 0 0 0 0 0 0 0 0 0 0 0 0 0 0 0 0 0 0 0 0 0 0 0 0 0 0 0 0 0 0 0 0 0 0 0 0 0 0 0 0 0 0 0 0 0 0 0 0 0 0 0 0 0 0 0 0 0 0 0 0 0 0 0 0 0 0 0 0 0 0 0 0 0 0 0 0 0 0 0 0 0 0 0 0 0 0 0 0 0 0 0 0 0 0 0 0 0 0 0 0 0 0 0 0 0 0 0 0 0 0 0 0 0 0 0 0 0 0 0 0 0 0 0 0 0 0 0 0 0 0 0 0 0 0 0 0 0 0 0 0 0 0 0 0 0 0 0 0 0 0 0 0 0 0 0 0 0 0 0 0 0 0 0 0 0 0 0 0 0 0 0 0 0 0 0 0 0 0 0 0 0 0 0 0 0 0 0 0 0 0 0 0 0 0 0 0 0 0 0 0 0 0 0 0 0 0 0 0 0 0 0 0 0 0 0 0 0 0 0 0 0 0 0 0 0 0 0 0 0 0 0 0 0 0 0 0 0 0 0 0 0 0 0 0 0 0 0 0 0 0 0 0 0 0 0 0 0 0 0 0 0 0 0 0 0 0 0 0 0 0 0 0 0 0 0 0 0 0 0 0 0 0 0 0 0 0 0 0 0 0 0 0 0 0 0 0 0 0 0 0 0 0 0 0 0 0 0 0 0 0 0 0 0 0 0 0 0 0 0 0 0 0 0 0 0 0 0 0 0 0 0 0 0 0 0 0 0 0 0 0 0 0 0 0 0 0 0 0 0 0 0 0 0 0 0 0 0 0 0 0 0 0 0 0 0 0 0 0 0 0 0 0 0 0 0 0 0 0 0 0 0 0 0 0 0 0 0 0 0 0 0 0 0 0 0 0 0 0 0 0 0 0 0 0 0 0 0 0 0 0 0 0 0 0 0 0 0 0 0 0 0 0 0 0 0 0 0 0 0 0 0 0 0 0 0 0 0 0 0 0 0 0 0 0 0 0 0 0 0 0 0 0 0 0 0 0 0 0 0 0 0 0 0 0 0 0 0 0 0 0 0 0 0 0 0 0 0 0 0 0 0 0 0 0 0 0 0 0 0 0 0 0 0 0 0 0 0 0 0 0 0 0 0 0 0 0 0 0 0 0 0 0 0 0 0 0 0 0 0 0 0 0 0 0 0 0 0 0 0 0 0 0 0 0 0 0 0 0 0 0 0 0 0 0 0 0 0 0 0 0 0 0 0 0 0 0 0 0 0 0 0 0 0 0 0 0 0 0 0 0 0 0 0 0 0 0 0 0 0 0 0 0 0 0 0 0 0 0 0 0 0 0 0 0 0 0 0 0 0 0 0 0 0 0 0 0 0 0 0 0 0 0 0 0 0 0 0 0 0 0 0 0 0 0 0 0 0 0 0 0 0 0 0 0 0 0 0 0 0 0 0 0 0 0 0 0 0 0 0 0 0 0 0 0 0 0 0 0 0 0 0 0 0 0 0 0 0 0 0 0 0 0 0 0 0 0 0 0 0 0 0 0 0 0 0 0 0 0 0 0 0 0 0 0 0 0 0 0 0 0 0 0 0 0 0 0 0 0 0 0 0 0 0 0 0 0 0 0 0 0 0 0 0 0 0 0 0 0 0 0 0 0 0 0 0 0 0 0 0 0 0 0 0 0 0 0 0 0 0 0 0 0 0 0 0 0 0 0 0 0 0 0 0 0 0 0 0 0 0 0 0 0 0 0 0 0 0 0 0 0 0 0 0 0 0 0 0 0 0 0 0 0 0 0 0 0 0 0 0 0 0 0 0 0 0 0 0 0 0 0 0 0 0 0 0 0 0 0 0 0 0 0 0 0 0 0 0 0 0 0 0 0 0 0 0 0 0 0 0 0 0 0 0 0 0 0 0 0 0 0 0 0 0 0 0 0 0 0 0 0 0 0 0 0 0 0 0 0 0 0 0 0 0 0 0 0 0 0 0 0 0 0 0 0 0 0 0 0 0 0 0 0 0 0 0 0 0 0 0 0 0 0 0 0 0 0 0 0 0 0 0 0 0 0 0 0 0 0 0 0 0 0 0 0 0 0 0 0 0 0 0 0 0 0 0 0 0 1 1 1 1 1 1 1 1 1 1 1 1 1 1 1 1 1 1 1 1 1 1 1 1 1 1 1 1 1 1 1 1 1 1 1 1 1 1 1 1 1 1 1 1 1 1 1 1 1 1 1 1 1 1 1 1 1 1 1 1 1 1 1 1 1 1 1 1 1 1 1 1 1 1 1 1 1 1 1 1 1 1 1 1 1 1 1 1 1 1 1 1 1 1 1 1 1 1 1 1 1 1 1 1 1 1 1 1 1 1 1 1 1 1 1 1 1 1 1 1 1 1 1 1 1 1 1 1 1 1 1 1 1 1 1 1 1 1 1 1 1 1 1 1 1 1 1 1 1 1 1 1 1 1 1 1 1 1 1 1 1 1 1 1 1 1 1 1 1 1 1 1 1 1 1 1 1 1 1 1 1 1 1 1 1 1 1 1 1 1 1 1 1 1 1 1 1 1 1 1 1 1 1 1 1 1 1 1 1 1 1 1 1 1 1 1 1 1 1 1 1 1 1 1 1 1 1 1 1 1 1 1 1 1 1 1 1 1 1 1 1 1 1 1 1 1 1 1 1 1 1 1 1 1 1 1 1 1 1 1 1 1 1 1 1 1 1 1 1 1 1 1 1 1 1 1 1 1 1 1 1 1 1 1 1 1 1 1 1 1 1 1 1 1 1 1 1 1 1 1 1 1 1 1 1 1 1 1 1 1 1 1 1 1 1 1 1 1 1 1 1 1 1 1 1 1 1 1 1 1 1 1 1 1 1 1 1 1 1 1 1 1 1 1 1 1 1 1 1 1 1 1 1 1 1 1 1 1 1 1 1 1 1 1 1 1 1 1 1 1 1 1 1 1 1 1 1 1 1 1 1 1 1 1 1 1 1 1 1 1 1 1 1 1 1 1 1 1 1 1 1 1 1 1 1 1 1 1 1 1 1 1 1 1 1 1 1 1 1 1 1 1 1 1 1 1 1 1 1 1 1 1 1 1 1 1 1 1 1 1 1 1 1 1 1 1 1 1 1 1 1 1 1 1 1 1 1 0 0 0 0 0 0 0 0 0 0 0 0 0 0 0 0 0 0 0 0 0 0 0 0 0 0 0 0 0 0 0 0 0 0 0 0 0 0 0 0 0 0 0 0 0 0 0 0 0 0 0 0 0 0 0 0 0 0 0 0 0 0 0 0 0 0 0 0 0 0 0 0 0 0 0 0 0 0 0 0 0 0 0 0 0 0 0 0 0 0 0 0 0 0 0 0 0 0 0 0 0 0 0 0 0 0 0 0 0 0 0 0 0 0 0 0 0 0 0 0 0 0 0 0 0 0 0 0 0 0 0 0 0 0 0 0 0 0 0 0 0 0 0 0 0 0 0 0 0 0 0 0 0 0 0 0 0 0 0 0 0 0 0 0 0 0 0 0 0 0 0 0 0 0 0 0 0 0 0 0 0 0 0 0 0 0 0 0 0 0 0 0 0 0 0 0 0 0 0 0 0 0 0 0 0 0 0 0 0 0 0 0 0 0 0 0 0 0 0 0 0 0 0 0 0 0 0 0 0 0 0 0 0 0 0 0 0 0 0 0 0 0 0 0 0 0 0 0 0 0 0 0 0 0 0 0 0 0 0 0 0 0 0 0 0 0 0 0 0 0 0 0 0 0 0 0 0 0 0 0 0 0 0 0 0 0 0 0 0 0 0 0 0 0 0 0 0 0 0 0 0 0 0 0 0 0 0 0 0 0 0 0 0 0 0 0 0 0 0 0 0 0 0 0 0 0 0 0 0 0 0 0 0 0 0 0 0 0 0 0 0 0 0 0 0 0 0 0 0 0 0 0 0 0 0 0 0 0 0 0 0 0 0 0 1 1 1 1 1 1 1 1 1 1 1 1 1 1 1 1 1 1 1 1 1 1 1 1 1 1 1 1 1 1 1 1 1 1 1 1 1 1 1 1 1 1 1 1 1 1 1 1 1 1 1 1 1 1 1 1 1 1 1 1 1 1 1 1 1 1 1 1 1 1 1 1 1 1 1 1 1 1 1 1 1 1 1 1 1 1 1 1 1 1 1 1 1 1 1 1 1 1 1 1 1 1 1 1 1 1 1 1 1 1 1 1 1 1 1 1 1 1 1 1 1 1 1 1 1 1 1 1 1 1 1 1 1 1 1 1 1 1 1 1 1 1 1 1 1 1 1 1 1 1 1 1 1 1 1 1 1 1 1 1 1 1 1 1 1 1 1 1 1 1 1 1 1 1 1 1 1 1 1 1 1 1 1 1 1 1 1 1 1 1 1 1 1 1 1 1 1 1 1 1 1 1 1 1 1 1 1 1 1 1 1 1 1 1 1 1 1 1 1 1 1 1 1 1 1 1 1 1 1 1 1 1 1 1 1 1 1 1 1 1 1 1 1 1 1 1 1 1 1 1 1 0 0 0 0 0 0 0 0 0 0 0 0 0 0 0 0 0 0 0 0 0 0 0 0 0 0 0 0 0 0 0 0 0 0 0 0 0 0 0 0 0 0 0 0 0 0 0 0 0 0 0 0 0 0 0 0 0 0 0 0 0 0 0 0 0 0 0 0 0 0 0 0 0 0 0 0 0 0 0 0 0 0 0 0 0 0 0 0 0 0 0 0 0 0 0 0 0 0 0 0 0 0 0 0 0 0 0 0 0 0 0 0 0 0 0 0 0 0 0 0 0 0 0 0 0 0 0 0 0 0 0 0 0 0 0 0 0 0 0 0 0 0 0 0 0 0 0 0 0 0 0 0 0 0 0 0 0 0 0 0 0 0 0 0 0 0 0 0 0 0 0 0 0 0 0 0 0 0 0 0 0 0 0 0 0 0 0 0 0 0 0 0 0 0 0 0 0 0 0 0 0 0 0 0 0 0 0 0 0 0 0 0 0 0 0 0 0 0 0 0 0 0 0 0 0 0 0 0 0 0 0 0 0 0 0 0 0 0 0 0 0 0 0 0 0 0 0 0 0 0 0 0 0 0 0 0 0 0 0 0 0 0 0 0 0 0 0 0 0 0 0 0 0 0 0 0 0 0 0 0 0 0 0 0 0 0 0 0 0 0 0 0 0 0 0 0 0 0 0 0 0 0 0 0 0 0 0 0 0 0 0 0 0 0 0 0 0 0 0 0 0 0 0 0 0 0 0 0 0 0 0 0 0 0 0 0 0 0 0 0 0 0 0 0 0 0 0 0 0 0 0 0 0 0 0 0 0 0 0 0 0 0 0 0 0 0 0 0 0 0 0 0 0 0 0 0 0 0 0 0 0 0 0 0 0 0 0 0 0 0 0 0 0 0 0 0 0 0 0 0 0 0 0 0 0 0 0 0 0 0 0 0 0 0 0 0 0 0 0 0 0 0 0 0 0 0 0 0 0 0 0 0 0 0 0 0 0 0 0 0 0 0 0 0 0 0 0 0 0 0 0 0 0 0 0 0 0 0 0 0 0 0 0 0 0 0 0 0 0 0 0 0 0 0 0 0 0 0 0 0 0 0 0 0 0 0 0 0 0 0 0 0 0 0 0 0 0 0 0 0 0 0 0 0 0 0 0 0 0 0 0 0 0 0 0 0 0 0 0 0 0 0 0 0 0 0 0 0 0 0 0 0 0 0 0 0 0 0 0 0 0 0 0 0 0 0 0 0 0 0 0 0 0 0 0 0 0 0 0 0 0 0 0 0 0 0 0 0 0 0 0 0 0 0 0 0 0 0 0 0 0 0 0 0 0 0 0 0 0 0 0 0 0 0 0 0 0 0 0 0 0 0 0 0 0 0 0 0 0 0 0 0 0 0 0 0 0 0 0 0 0 0 0 0 0 0 0 0 0 0 0 0 0 0 0 0 0 0 0 0 0 0 0 0 0 0 0 0 0 0 0 0 0 0 0 0 0 0 0 0 0 0 0 0 0 0 0 0 0 0 0 0 0 0 0 0 0 0 0 0 0 0 0 0 0 0 0 0 0 0 0 0 0 0 0 0 0 0 0 0 0 0 0 0 0 0 0 0 0 0 0 0 0 0 0 0 0 0 0 0 0 0 0 0 0 0 0 0 0 0 0 0 0 0 0 0 0 0 0 0 0 0 0 0 0 0 0 0 0 0 0 0 0 0 0 0 0 0 0 0 0 0 0 0 0 0 0 0 0 0 0 0 0 0 0 0 0 0 0 0 0 0 0 0 0 0 0 0 0 0 0 0 0 0 0 0 0 0 0 0 0 0 0 0 0 0 0 0 0 0 0 0 0 0 0 0 0 0 0 0 0 0 0 0 0 0 0 0 0 0 0 0 0 0 0 0 0 0 0 0 0 0 0 0 0 0 0 0 0 0 0 0 0 0 0 0 0 0 0 0 0 0 0 0 0 0 0 0 0 0 0 0 0 0 0 0 0 0 0 0 0 0 0 0 0 0 0 0 0 0 0 0 0 0 0 0 0 0 0 0 0 0 0 0 0 0 0 0 0 0 0 0 0 0 0 0 0 0 0 0 0 0 0 0 0 0 0 0 0 0 0 0 0 0 0 0 0 0 0 0 0 0 0 0 0 0 0 0 0 0 0 0 0 0 0 0 0 0 0 0 0 0 0 0 0 0 0 0 0 0 0 0 0 0 0 0 0 0 0 0 0 0 0 0 0 0 0 0 0 0 0 0 0 0 0 0 0 0 0 0 0 0 0 0 0 0 0 0 0 0 0 0 0 0 0 0 0 0 0 0 0 0 0 0 0 0 0 0 0 0 0 0 0 0 0 0 0 0 0 0 0 0 0 0 0 0 0 0 0 0 0 0 0 0 0 0 0 0 0 0 0 0 0 0 0 0 0 0 0 0 0 0 0 0 0 0 0 0 0 0 0 0 0 0 0 0 0 0 0 0 0 0 0 0 0 0 0 0 0 0 0 0 0 0 0 0 0 0 0 0 0 0 0 0 0 0 0 0 0 0 0 0 0 0 0 0 0 0 0 0 0 0 0 0 0 0 0 0 0 0 0 0 0 0 0 0 0 0 0 0 0 0 0 0 0 0 0 0 0 0 0 0 0 0 0 0 0 0 0 0 0 0 0 0 0 0 0 0 0 0 0 0 0 0 0 0 0 0 0 0 0 0 0 0 0 0 0 0 0 0 0 0 0 0 0 0 0 0 0 0 0 0 0 0 0 0 0 0 0 0 0 0 0 0 0 0 0 0 0 0 0 0 0 0 0 0 0 0 0 0 0 0 0 0 0 0 0 0 0 0 0 0 0 0 0 0 0 0 0 0 0 0 0 0 0 0 0 0 0 0 0 0 0 0 0 0 0 0 0 0 0 0 0 0 0 0 0 0 0 0 0 0 0 0 0 0 0 0 0 0 0 0 0 0 0 0 0 0 0 0 0 0 0 0 0 0 0 0 0 0 0 0 0 0 0 0 0 0 0 0 0 0 0 0 0 0 0 0 0 0 0 0 0 0 0 0 0 0 0 0 0 0 0 0 0 0 0 0 0 0 0 0 0 0 0 0 0 0 0 0 0 0 0 0 0 0 0 0 0 0 0 0 0 0 0 0 0 0 0 0 0 0 0 0 0 0 0 0 0 0 0 0 0 0 0 0 0 0 0 0 0 0 0 0 0 0 0 0 0 0 0 0 0 0 0 0 0 0 0 0 0 0 0 0 0 0 0 0 0 0 0 0 0 0 0 0 0 0 0 0 0 0 0 0 0 0 0 0 0 0 0 0 0 0 0 0 0 0 0 0 0 0 0 0 0 0 0 0 0 0 0 0 0 0 0 0 0 0 0 0 0 0 0 0 0 0 0 0 0 0 0 0 0 0 0 0 0 0 0 0 0 0 0 0 0 0 0 0 0 0 0 0 0 0 0 0 0 0 0 0 0 0 0 0 0 0 0 0 0 0 0 0 0 0 0 0 0 0 0 0 0 0 0 0 0 0 0 0 0 0 0 0 0 0 0 0 0 0 0 0 0 0 0 0 0 0 0 0 0 0 0 0 0 0 0 0 0 0 0 0 0 0 0 0 0 0 0 0 0 0 0 0 0 0 0 0 0 0 0 0 0 0 0 0 0 0 0 0 0 0 0 0 0 0 0 0 0 0 0 0 0 0 0 0 0 0 0 0 0 0 0 0 0 0 0 0 0 0 0 0 1 1 1 1 1 1 1 1 1 1 1 1 1 1 1 1 1 1 1 1 1 1 1 1 1 1 1 1 1 1 1 1 1 1 1 1 1 1 1 1 1 1 1 1 1 1 1 1 1 1 1 1 1 1 1 1 1 1 1 1 1 1 1 1 1 1 1 1 1 1 1 1 1 1 1 1 1 1 1 1 1 1 1 1 1 1 1 1 1 1 1 1 1 1 1 1 1 1 1 1 1 1 1 1 1 1 1 1 1 1 1 1 1 1 1 1 1 1 1 1 1 1 1 1 1 1 1 1 1 1 1 1 1 1 1 1 1 1 1 1 1 1 1 1 1 1 1 1 1 1 1 1 1 1 1 1 1 1 1 1 1 1 1 1 1 1 1 1 1 1 1 1 1 1 1 1 1 1 1 1 1 1 1 1 1 1 1 1 1 1 1 1 1 1 1 1 1 1 1 1 1 1 1 1 1 1 1 1 1 1 1 1 1 1 1 1 1 1 1 1 1 1 1 1 1 1 1 1 1 1 1 1 1 1 1 1 1 1 1 1 1 1 1 1 1 1 1 1 1 1 1 1 1 1 1 1 1 1 1 1 1 1 1 1 1 1 1 1 1 1 1 1 1 1 1 1 1 1 1 1 1 1 1 1 1 1 1 1 1 1 1 1 1 1 1 1 1 1 1 1 1 1 1 1 1 1 1 1 1 1 1 1 1 1 1 1 1 1 1 1 1 1 1 1 1 1 1 1 1 1 1 1 1 1 1 1 1 1 1 1 1 1 1 1 1 1 1 1 1 1 1 1 1 1 1 1 1 1 1 1 1 1 1 1 1 1 1 1 1 1 1 1 1 1 1 1 1 1 1 1 1 1 1 1 1 1 1 1 1 1 1 1 1 1 1 1 1 1 1 1 1 1 1 1 1 1 1 1 1 1 1 1 1 1 1 1 1 1 1 1 1 1 1 1 1 1 1 1 1 1 1 1 1 1 1 1 1 1 1 1 1 1 1 1 1 1 1 1 1 1 1 1 1 1 1 1 1 1 1 1 1 1 1 1 1 1 1 1 1 1 1 1 1 1 1 1 1 1 1 1 1 1 1 1 1 1 1 1 1 1 1 1 1 1 1 1 1 1 1 1 1 1 1 1 1 1 1 1 1 1 1 1 1 1 1 1 1 1 1 1 1 1 1 1 1 1 1 1 1 1 1 1 1 1 1 1 1 1 1 1 1 1 1 1 1 1 1 1 1 1 1 1 1 1 1 1 1 1 1 1 1 1 1 1 1 1 1 1 1 1 1 1 1 1 1 1 1 1 1 1 1 1 1 1 1 1 1 1 1 1 1 1 1 1 1 1 1 1 1 1 1 1 1 1 1 1 1 1 1 1 1 1 1 1 1 1 1 1 1 1 1 1 1 1 1 1 1 1 1 1 1 1 1 1 1 1 1 1 1 1 1 1 1 1 1 1 1 1 1 1 1 1 1 1 1 1 1 1 1 1 1 1 1 1 1 1 1 1 1 1 1 1 1 1 1 1 1 1 1 1 1 1 1 1 1 1 1 1 1 1 1 1 1 1 1 1 1 1 1 1 1 1 1 1 1 1 1 1 1 1 1 1 1 1 1 1 1 1 1 1 1 1 1 1 1 1 1 1 1 1 1 1 1 1 1 1 1 1 1 1 1 1 1 1 1 1 1 1 1 1 1 1 1 1 1 1 1 1 1 1 1 1 1 1 1 1 1 1 1 1 1 1 1 1 1 1 1 1 1 1 1 1 1 1 1 1 1 1 1 1 1 1 1 1 1 1 1 1 1 1 1 1 1 1 1 1 1 1 1 1 1 1 1 1 1 1 1 1 1 1 1 1 1 1 1 1 1 1 1 1 1 1 1 1 1 1 1 1 1 1 1 1 1 1 1 1 1 1 1 1 1 1 1 1 1 1 1 1 1 1 1 1 1 1 1 1 1 1 1 1 1 1 1 1 1 1 1 1 1 1 1 1 1 1 1 1 1 1 1 1 1 1 1 1 1 1 1 1 1 1 1 1 1 1 1 1 1 1 1 1 1 1 1 1 1 1 1 1 1 1 1 1 1 1 1 1 1 1 1 1 1 1 1 1 1 1 1 1 1 1 1 1 1 1 1 1 1 1 1 1 1 1 1 1 1 1 1 1 1 1 1 1 1 1 1 1 1 1 1 1 1 1 1 1 1 1 1 1 1 1 1 1 1 1 1 1 1 1 1 1 1 1 1 1 1 1 1 1 1 1 1 1 1 1 1 1 1 1 1 1 1 1 1 1 1 1 1 1 1 1 1 1 1 1 1 1 1 1 1 1 1 1 1 1 1 1 1 1 1 1 1 1 1 1 1 1 1 1 1 1 1 1 1 1 1 1 1 1 1 1 1 1 1 1 1 1 1 1 1 1 1 1 1 1 1 1 1 1 1 1 1 1 1 1 1 1 1 1 1 1 1 1 1 1 1 1 1 1 1 1 1 1 1 1 1 1 1 1 1 1 1 1 1 1 1 1 1 1 1 1 1 1 1 1 1 1 1 1 1 1 1 1 1 1 1 1 1 1 1 1 1 1 1 1 1 1 1 1 1 1 1 1 1 1 1 1 1 1 1 1 1 1 1 1 1 1 1 1 1 1 1 1 1 1 1 1 1 1 1 1 1 1 1 1 1 1 1 1 1 1 1 1 1 1 1 1 1 1 1 1 1 1 1 1 1 1 1 1 1 1 1 1 1 1 1 1 1 1 1 1 1 1 1 1 1 1 1 1 1 1 1 1 1 1 1 1 1 1 1 1 1 1 1 1 1 1 1 1 1 1 1 1 1 1 1 1 1 1 1 1 1 1 1 1 1 1 1 1 1 1 1 1 1 1 1 1 1 1 1 1 1 1 1 1 1 1 1 1 1 1 1 1 1 1 1 1 1 1 1 1 1 1 1 1 1 1 1 1 1 1 1 1 1 1 1 1 1 1 1 1 1 1 1 1 1 1 1 1 1 1 1 1 1 1 1 1 1 1 1 1 1 1 1 1 1 1 1 1 1 1 1 1 1 1 1 1 1 1 1 1 1 1 1 1 1 1 1 1 1 1 1 1 1 1 1 1 1 1 1 1 1 1 1 1 1 1 1 1 1 1 1 1 1 1 1 1 1 1 1 1 1 1 1 1 1 1 1 1 1 1 1 1 1 1 1 1 1 1 1 1 1 1 1 1 1 1 1 1 1 1 1 1 1 1 1 1 1 1 1 1 1 1 1 1 1 1 1 1 1 1 1 1 1 1 1 1 1 1 1 1 1 1 1 1 1 1 1 1 1 1 1 1 1 1 1 1 1 1 1 1 1 1 1 1 1 1 1 1 1 1 1 1 1 1 1 1 1 1 1 1 1 1 1 1 1 1 1 1 1 1 1 1 1 1 1 1 1 1 1 1 1 1 1 1 1 1 1 1 1 1 1 1 1 1 1 1 1 1 1 1 1 1 1 1 1 1 1 1 1 1 1 1 1 1 1 1 1 1 1 1 1 1 1 1 1 1 1 1 1 1 1 1 1 1 1 1 1 1 1 1 1 1 1 1 1 1 1 1 1 1 1 1 1 1 1 1 1 1 1 1 1 1 1 1 1 1 1 1 1 1 1 1 1 1 1 1 1 1 1 1 1 1 1 1 1 1 1 1 1 1 1 1 1 1 1 1 1 1 1 1 1 1 1 1 1 1 1 1 1 1 1 1 1 1 1 1 1 1 1 1 1 1 1 1 1 1 1 1 1 1 1 1 1 1 1 1 1 1 1 1 1 1 1 1 1 1 1 1 1 1 1 1 1 1 1 1 1 1 1 1 1 1 1 1 1 1 1 1 1 1 1 1 1 1 1 1 1 1 1 1 1 1 1 1 1 1 1 1 1 1 1 1 1 1 1 1 1 1 1 1 1 1 1 1 1 1 1 1 1 1 1 1 1 1 1 1 1 1 1 1 1 1 1 1 1 1 1 1 1 1 1 1 1 1 1 1 1 1 1 1 1 1 1 1 1 1 1 1 1 1 1 1 1 1 1 1 1 1 1 1 1 1 1 1 1 1 1 1 1 1 1 1 1 1 1 1 1 1 1 1 1 1 1 1 1 1 1 1 1 1 1 1 1 1 1 1 1 1 1 1 1 1 1 1 1 1 1 1 1 1 1 1 1 1 1 1 1 1 1 1 1 1 1 1 1 1 1 1 1 1 1 1 1 1 1 1 1 1 1 1 1 1 1 1 1 1 1 1 1 1 1 1 1 1 1 1 1 1 1 1 1 1 1 1 1 1 1 1 1 1 1 1 1 1 1 1 1 1 1 1 1 1 1 1 1 1 1 1 1 1 1 1 1 1 1 1 1 1 1 1 1 1 1 1 1 1 1 1 1 1 1 1 1 1 1 1 1 1 1 1 1 1 1 1 1 1 1 1 1 1 1 1 1 1 1 1 1 1 1 1 1 1 1 1 1 1 1 1 1 1 1 1 1 1 1 1 1 1 1 1 1 1 1 1 1 1 1 1 1 1 1 1 1 1 1 1 1 1 1 1 1 1 1 1 1 1 1 1 1 1 1 1 1 1 1 1 1 1 1 1 1 1 1 1 1 1 1 1 1 1 1 1 1 1 1 1 1 1 1 1 1 1 1 1 1 1 1 1 1 1 1 1 1 1 1 1 1 1 1 1 1 1 1 1 1 1 1 1 1 1 1 1 1 1 1 1 1 1 1 1 1 1 1 1 1 1 1 1 1 1 1 1 1 1 1 1 1 1 1 1 1 1 1 1 1 1 1 1 1 1 1 1 1 1 1 1 1 1 1 1 1 1 1 1 1 1 1 1 1 1 1 1 1 1 1 1 1 1 1 1 1 1 1 1 1 1 1 1 1 1 1 1 1 1 1 1 1 1 1 1 1 1 1 1 1 1 1 1 1 1 1 1 1 1 1 1 1 1 1 1 1 1 1 1 1 1 1 1 1 1 1 1 1 1 1 1 1 1 1 1 1 1 1 1 1 1 1 1 1 1 1 1 1 1 1 1 1 1 1 1 1 1 1 1 1 1 1 1 1 1 1 1 1 1 1 1 1 1 1 1 1 1 1 1 1 1 1 1 1 1 1 1 1 1 1 1 1 1 1 1 1 1 1 1 1 1 1 1 1 1 1 1 1 1 1 1 1 1 1 1 1 1 1 1 1 1 1 1 1 1 1 1 1 1 1 1 1 1 1 1 1 1 1 1 1 1 1 1 1 1 1 1 1 1 1 1 1 1 1 1 1 1 1 1 1 1 1 1 1 1 1 1 1 1 1 1 1 1 1 1 1 1 1 1 1 1 1 1 1 1 1 1 1 1 1 1 1 1 1 1 1 1 1 1 1 1 1 1 1 1 1 1 1 1 1 1 1 1 1 1 1 1 1 1 1 1 1 1 1 1 1 1 1 1 1 1 1 1 1 1 1 1 1 1 1 1 1 1 1 1 1 1 1 1 1 1 1 1 1 1 1 1 1 1 1 1 1 1 1 1 1 1 1 1 1 1 1 1 1 1 1 1 1 1 1 1 1 1 1 1 1 1 1 1 1 1 1 1 1 1 1 1 1 1 1 1 1 1 1 1 1 1 1 1 1 1 1 1 1 1 1 1 1 1 1 1 1 1 1 1 1 1 1 1 1 1 1 1 1 1 1 1 1 1 1 1 1 1 1 1 1 1 1 1 1 1 1 1 1 1 1 1 1 1 1 1 1 1 1 1 1 1 1 1 1 1 1 1 1 1 1 1 1 1 1 1 1 1 1 1 1 1 1 1 1 1 1 1 1 1 1 1 1 1 1 1 1 1 1 1 1 1 1 1 1 1 1 1 1 1 1 1 1 1 1 1 1 1 1 1 1 1 1 1 1 1 1 1 1 1 1 1 1 1 1 1 1 1 1 1 1 1 1 1 1 1 1 1 1 1 1 1 1 1 1 1 1 1 1 1 1 1 1 1 1 1 1 1 1 1 1 1 1 1 1 1 1 1 1 1 1 1 1 1 1 1 1 1 1 1 1 1 1 1 1 1 1 1 1 1 1 1 1 1 1 1 1 1 1 1 1 1 1 1 1 1 1 1 1 1 1 1 1 1 1 1 1 1 1 1 1 1 1 1 1 1 1 1 1 1 1 1 1 1 1 1 1 1 1 1 1 1 1 1 1 1 1 1 1 1 1 1 1 1 1 1 1 1 1 1 1 1 1 1 1 1 1 1 1 1 1 1 1 1 1 1 1 1 1 1 1 1 1 1 1 1 1 1 1 1 1 1 1 1 1 1 1 1 1 1 1 1 1 1 1 1 1 1 1 1 1 1 1 1 1 1 1 1 1 1 1 1 1 1 1 1 1 1 1 1 1 1 1 1 1 1 1 1 1 1 1 1 1 1 1 1 1 1 1 1 1 1 1 1 1 1 1 1 1 1 1 1 1 1 1 1 1 1 1 1 1 1 1 1 1 1 1 1 1 1 1 1 1 1 1 1 1 1 1 1 1 1 1 1 1 1 1 1 1 1 1 1 1 1 1 1 1 1 1 1 1 1 1 1 1 1 1 1 1 1 1 1 1 1 1 1 1 1 1 1 1 1 1 1 1 1 1 1 1 1 1 1 1 1 1 1 1 1 1 1 1 1 1 1 1 1 1 1 1 1 1 1 1 1 1 1 1 1 1 1 1 1 1 1 1 1 1 1 1 1 1 1 1 1 1 1 1 1 1 1 1 1 1 1 1 1 1 1 1 1 1 1 1 1 1 1 1 1 1 1 1 1 1 1 1 1 1 1 1 1 1 1 1 1 1 1 1 1 1 1 1 1 1 1 1 1 1 1 1 1 1 1 1 1 1 1 1 1 1 1 1 1 1 1 1 1 1 1 1 1 1 1 1 1 1 1 1 1 1 1 1 1 1 1 1 1 1 1 1 1 1 1 1 1 1 1 1 1 1 1 1 1 1 1 1 1 1 1 1 1 1 1 1 1 1 1 1 1 1 1 1 1 1 1 1 1 1 1 1 1 1 1 1 1 1 1 1 1 1 1 1 1 1 1 1 1 1 1 1 1 1 1 1 1 1 1 1 1 1 1 1 1 1 1 1 1 1 1 1 1 1 1 1 1 1 1 1 1 1 1 1 1 1 1 1 1 1 1 1 1 1 1 1 1 1 1 1 1 1 1 1 1 1 1 1 1 1 1 1 1 1 1 1 1 1 1 1 1 1 1 1 1 1 1 1 1 1 1 1 1 1 1 1 1 1 1 1 1 1 1 1 1 1 1 1 1 1 1 1 1 1 1 1 1 1 1 1 1 1 1 1 1 1 1 1 1 1 1 1 1 1 1 1 1 1 1 1 1 1 1 1 1 1 1 1 1 1 1 1 1 1 1 1 1 1 1 1 1 1 1 1 1 1 1 1 1 1 1 1 1 1 1 1 1 1 1 1 1 1 1 1 1 1 1 1 1 1 1 1 1 1 1 1 1 1 1 1 1 1 1 1 1 1 1 1 1 1 1 1 1 1 1 1 1 1 1 1 1 1 1 1 1 1 1 1 1 1 1 1 1 1 1 1 1 1 1 1 1 1 1 1 1 1 1 1 1 1 1 1 1 1 1 1 1 1 1 1 1 1 1 1 1 1 1 1 1 1 1 1 1 1 1 1 1 1 1 1 1 1 1 1 1 1 1 1 1 1 1 1 1 1 1 1 1 1 1 1 1 1 1 1 1 1 1 1 1 1 1 1 1 1 1 1 1 1 1 1 1 1 1 1 1 1 1 1 1 1 1 1 1 1 1 1 1 1 1 1 1 1 1 1 1 1 1 1 1 1 1 1 1 1 1 1 1 1 1 1 1 1 1 1 1 1 1 1 1 1 1 1 1 1 1 1 1 1 1 1 1 1 1 1 1 1 1 1 1 1 1 1 1 1 1 1 1 1 1 1 1 1 1 1 1 1 1 1 1 1 1 1 1 1 1 1 1 1 1 1 1 1 1 1 1 1 1 1 1 1 1 1 1 1 1 1 1 1 1 1 1 1 1 1 1 1 1 1 1 1 1 1 1 1 1 1 1 1 1 1 1 1 1 1 1 1 1 1 1 1 1 1 1 1 1 1 1 1 1 1 1 1 1 1 1 1 1 1 1 1 1 1 1 1 1 1 1 1 1 1 1 1 1 1 1 1 1 1 1 1 1 1 1 1 1 1 1 1 1 1 1 1 1 1 1 1 1 1 1 1 1 1 1 1 1 1 1 1 1 1 1 1 1 1 1 1 1 1 1 1 1 1 1 1 1 1 1 1 1 1 1 1 1 1 1 1 1 1 1 1 1 1 1 1 1 1 1 1 1 1 1 1 1 1 1 1 1 1 1 1 1 1 1 1 1 1 1 1 1 1 1 1 1 1 1 1 1 1 1 1 1 1 1 1 1 1 1 1 1 1 1 1 1 1 1 1 1 1 1 1 1 1 1 1 1 1 1 1 1 1 1 1 1 1 1 1 1 1 1 1 1 1 1 1 1 1 1 1 1 1 1 1 1 1 1 1 1 1 1 1 1 1 1 1 1 1 1 1 1 1 1 1 1 1 1 1 1 1 1 1 1 1 1 1 1 1 1 1 1 1 1 1 1 1 1 1 1 1 1 1 1 1 1 1 1 1 1 1 1 1 1 1 1 1 1 1 1 1 1 1 1 1 1 1 1 1 1 1 1 1 1 1 1 1 1 1 1 1 1 1 1 1 1 1 1 1 1 1 1 1 1 1 1 1 1 1 1 1 1 1 1 1 1 1 1 1 1 1 1 1 1 1 1 1 1 1 1 1 1 1 1 1 1 1 1 1 1 1 1 1 1 1 1 1 1 1 1 1 1 1 1 1 1 1 1 1 1 1 1 1 1 1 1 1 1 1 1 1 1 1 1 1 1 1 1 1 1 1 1 1 1 1 1 1 1 1 1 1 1 1 1 1 1 1 1 1 1 1 1 1 1 1 1 1 1 1 1 1 1 1 1 1 1 1 1 1 1 1 1 1 1 1 1 1 1 1 1 1 1 1 1 1 1 1 1 1 1 1 1 1 1 1 1 1 1 1 1 1 1 1 1 1 1 1 1 1 1 1 1 1 1 1 1 1 1 1 1 1 1 1 1 1 1 1 1 1 1 1 1 1 1 1 1 1 1 1 1 1 1 1 1 1 1 1 1 1 1 1 1 1 1 1 1 1 1 1 1 1 1 1 1 1 1 1 1 1 1 1 1 1 1 1 1 1 1 1 1 1 1 1 1 1 1 1 1 1 1 1 1 1 1 1 1 1 1 1 1 1 1 1 1 1 1 1 1 1 1 1 1 1 1 1 1 1 1 1 1 1 1 1 1 1 1 1 1 1 1 1 1 1 1 1 1 1 1 1 1 1 1 1 1 1 1 1 1 1 1 1 1 1 1 1 1 1 1 1 1 1 1 1 1 1 1 1 1 1 1 1 1 1 1 1 1 1 1 1 1 1 1 1 1 1 1 1 1 1 1 1 1 1 1 1 1 1 1 1 1 1 1 1 1 1 1 1 1 1 1 1 1 1 1 1 1 1 1 1 1 1 1 1 1 1 1 1 1 1 1 1 1 1 1 1 1 1 1 1 1 1 1 1 1 1 1 1 1 1 1 1 1 1 1 1 1 1 1 1 1 1 1 1 1 1 1 1 1 1 1 1 1 1 1 1 1 1 1 1 1 1 1 1 1 1 1 1 1 1 1 1 1 1 1 1 1 1 1 1 1 1 1 1 1 1 1 1 1 1 1 1 1 1 1 1 1 1 1 1 1 1 1 1 1 1 1 1 1 1 1 1 1 1 1 1 1 1 1 1 1 1 1 1 1 1 1 1 1 1 1 1 1 1 1 1 1 1 1 1 1 1 1 1 1 1 1 1 1 1 1 1 1 1 1 1 1 1 1 1 1 1 1 1 1 1 1 1 1 1 1 1 1 1 1 1 1 1 1 1 1 1 1 1 1 1 1 1 1 1 1 1 1 1 1 1 1 1 1 1 1 1 1 1 1 1 1 1 1 1 1 1 1 1 1 1 1 1 1 1 1 1 1 1 1 1 1 1 1 1 1 1 1 1 1 1 1 1 1 1 1 1 1 1 1 1 1 1 1 1 1 1 1 1 1 1 1 1 1 1 1 1 1 1 1 1 1 1 1 1 1 1 1 1 1 1 1 1 1 1 1 1 1 1 1 1 1 1 1 1 1 1 1 1 1 1 1 1 1 1 1 1 1 1 1 1 1 1 1 1 1 1 1 1 1 1 1 1 1 1 1 1 1 1 1 1 1 1 1 1 1 1 1 1 1 1 1 1 1 1 1 1 1 1 1 1 1 1 1 1 1 1 1 1 1 1 1 1 1 1 1 1 1 1 1 1 1 1 1 1 1 1 1 1 1 1 1 1 1 1 1 1 1 1 1 1 1 1 1 1 1 1 1 1 1 1 1 1 1 1 1 1 1 1 1
</DataArray>
<DataArray type="Int32" Name="n_doublebonds" format="ascii">
1 1 1 1 1 1 1 1 1 1 1 1 1 1 1 1 1 1 1 1 1 1 1 1 1 1 1 1 1 1 1 1 1 1 1 1 1 1 1 1 1 1 1 1 1 1 1 1 1 1 1 1 1 1 1 1 1 1 1 1 1 1 1 1 1 1 1 1 1 1 1 1 1 1 1 1 1 1 1 1 1 1 1 1 1 1 1 1 1 1 1 1 1 1 1 1 1 1 1 1 1 1 1 1 1 1 1 1 1 1 1 1 1 1 1 1 1 1 1 1 1 1 1 1 1 1 1 1 1 1 1 1 1 1 1 1 1 1 1 1 1 1 1 1 1 1 1 1 1 1 1 1 1 1 1 1 1 1 1 1 1 1 1 1 1 1 1 1 1 1 1 1 1 1 1 1 1 1 1 1 1 1 1 1 1 1 1 1 1 1 1 1 1 1 1 1 1 1 1 1 1 1 1 1 1 1 1 1 1 1 1 1 1 1 1 1 1 1 1 1 1 1 1 1 1 1 1 1 1 1 1 1 1 1 1 1 1 1 1 1 1 1 1 1 1 1 1 1 1 1 1 1 1 1 1 1 1 1 1 1 1 1 1 1 1 1 1 1 1 1 1 1 1 1 1 1 1 1 1 1 1 1 1 1 1 1 1 1 1 1 1 1 1 1 1 1 1 1 1 1 1 1 1 1 1 1 1 1 1 1 1 1 1 1 1 1 1 1 1 1 1 1 1 1 1 1 1 1 1 1 1 1 1 1 1 1 1 1 1 1 1 1 1 1 1 1 1 1 1 1 1 1 1 1 1 1 1 1 1 1 1 1 1 1 1 1 1 1 1 1 1 1 1 1 1 1 1 1 1 1 1 1 1 1 1 1 1 1 1 1 1 1 1 1 1 1 1 1 1 1 1 1 1 1 1 1 1 1 1 1 1 1 1 1 1 1 1 1 1 1 1 1 1 1 1 1 1 1 1 1 1 1 1 1 1 1 1 1 1 1 1 1 1 1 1 1 1 1 1 1 1 1 1 1 1 1 1 1 1 1 1 1 1 1 1 1 1 1 1 1 1 1 1 1 1 1 1 1 1 1 1 1 1 1 1 1 1 1 1 1 1 1 1 1 1 1 1 1 1 1 1 1 1 1 1 1 1 1 1 1 1 1 1 1 1 1 1 1 1 1 1 1 1 1 1 1 1 1 1 1 1 1 1 1 1 1 1 1 1 1 1 1 1 1 1 1 1 1 1 1 1 1 1 1 1 1 1 1 1 1 1 1 1 1 1 1 1 1 1 1 1 1 1 1 1 1 1 1 1 1 1 1 1 1 1 1 1 1 1 1 1 1 1 1 1 1 1 1 1 1 1 1 1 1 1 1 1 1 1 1 1 1 1 1 1 1 1 1 1 1 1 1 1 1 1 1 1 1 1 1 1 1 1 1 1 1 1 1 1 1 1 1 1 1 1 1 1 1 1 1 1 1 1 1 1 1 1 1 1 1 1 1 1 1 1 1 1 1 1 1 1 1 1 1 1 1 1 1 1 1 1 1 1 1 1 1 1 1 1 1 1 1 1 1 1 1 1 1 1 1 1 1 1 1 1 1 1 1 1 1 1 1 1 1 1 1 1 1 1 1 1 1 1 1 1 1 1 1 1 1 1 1 1 1 1 1 1 1 1 1 1 1 1 1 1 1 1 1 1 1 1 1 1 1 1 1 1 1 1 1 1 1 1 1 1 1 1 1 1 1 1 1 1 1 1 1 1 1 1 1 1 1 1 1 1 1 1 1 1 1 1 1 1 1 1 1 1 1 1 1 1 1 1 1 1 1 1 1 1 1 1 1 1 1 1 1 1 1 1 1 1 1 1 1 1 1 1 1 1 1 1 1 1 1 1 1 1 1 1 1 1 1 1 1 1 1 1 1 1 1 1 1 1 1 1 1 1 1 1 1 1 1 1 1 1 1 1 1 1 1 1 1 1 1 1 1 1 1 1 1 1 1 1 1 1 1 1 1 1 1 1 1 1 1 1 1 1 1 1 1 1 1 1 1 1 1 1 1 1 1 1 1 1 1 1 1 1 1 1 1 1 1 1 1 1 1 1 1 1 1 1 1 1 1 1 1 1 1 1 1 1 1 1 1 1 1 1 1 1 1 1 1 1 1 1 1 1 1 1 1 1 1 1 1 1 1 1 1 1 1 1 1 1 1 1 1 1 1 1 1 1 1 1 1 1 1 1 1 1 1 1 1 1 1 1 1 1 1 1 1 1 1 1 1 1 1 1 1 1 1 1 1 1 1 1 1 1 1 1 1 1 1 1 1 1 1 1 1 1 1 1 1 1 1 1 1 1 1 1 1 1 1 1 1 1 1 1 1 1 1 1 1 1 1 1 1 1 1 1 1 1 1 1 1 1 1 1 1 1 1 1 1 1 1 1 1 1 1 1 1 1 1 1 1 1 1 1 1 1 1 1 1 1 1 1 1 1 1 1 1 1 1 1 1 1 1 1 1 1 1 1 1 1 1 1 1 1 1 1 1 1 1 1 1 1 1 1 1 1 1 1 1 1 1 1 1 1 1 1 1 1 1 1 1 1 1 1 1 1 1 1 1 1 1 1 1 1 1 1 1 1 1 1 1 1 1 1 1 1 1 1 1 1 1 1 1 1 1 1 1 1 1 1 1 1 1 1 1 1 1 1 1 1 1 1 1 1 1 1 1 1 1 1 1 1 1 1 1 1 1 1 1 1 1 1 1 1 1 1 1 1 1 1 1 1 1 1 1 1 1 1 1 1 1 1 1 1 1 1 1 1 1 1 1 1 1 1 1 1 1 1 1 1 1 1 1 1 1 1 1 1 1 1 1 1 1 1 1 1 1 1 1 1 1 1 1 1 1 1 1 1 1 1 1 1 1 1 1 1 1 1 1 1 1 1 1 1 1 1 1 1 1 1 1 1 1 1 1 1 1 1 1 1 1 1 1 1 1 1 1 1 1 1 1 1 1 1 1 1 1 1 1 1 1 1 1 1 1 1 1 1 1 1 1 1 1 1 1 1 1 1 1 1 1 1 1 1 1 1 1 1 1 1 1 1 1 1 1 1 1 1 1 1 1 1 1 1 1 1 1 1 1 1 1 1 1 1 1 1 1 1 1 1 1 1 1 1 1 1 1 1 1 1 1 1 1 1 1 1 1 1 1 1 1 1 1 1 1 1 1 1 1 1 1 1 1 1 1 1 1 1 1 1 1 1 1 1 1 1 1 1 1 1 1 1 1 1 1 1 1 1 1 1 1 1 1 1 1 1 1 1 1 1 1 1 1 1 1 1 1 1 1 1 1 1 1 1 1 1 1 1 1 1 1 1 1 1 1 1 1 1 1 1 1 1 1 1 1 1 1 1 1 1 1 1 1 1 1 1 1 1 1 1 1 1 1 1 1 1 1 1 1 1 1 1 1 1 1 1 1 1 1 1 1 1 1 1 1 1 1 1 1 1 1 1 1 1 1 1 1 1 1 1 1 1 1 1 1 1 1 1 1 1 1 1 1 1 1 1 1 1 1 1 1 1 1 1 1 1 1 1 1 1 1 1 1 1 1 1 1 1 1 1 1 1 1 1 1 1 1 1 1 1 1 1 1 1 1 1 1 1 1 1 1 1 1 1 1 1 1 1 1 1 1 1 1 1 1 1 1 1 1 1 1 1 1 1 1 1 1 1 1 1 1 1 1 1 1 1 1 1 1 1 1 1 1 1 1 1 1 1 1 1 1 1 1 1 1 1 1 1 1 1 1 1 1 1 1 1 1 1 1 1 1 1 1 1 1 1 1 1 1 1 1 1 1 1 1 1 1 1 1 1 1 1 1 1 1 1 1 1 1 1 1 1 1 1 1 1 1 1 1 1 1 1 1 1 1 1 1 1 1 1 1 1 1 1 1 1 1 1 1 1 1 1 1 1 1 1 1 1 1 1 1 1 1 1 1 1 1 1 1 1 1 1 1 1 1 1 1 1 1 1 1 1 1 1 1 1 1 1 1 1 1 1 1 1 1 1 1 1 1 1 1 1 1 1 1 1 1 1 1 1 1 1 1 1 1 1 1 1 1 1 1 1 1 1 1 1 1 1 1 1 1 1 1 1 1 1 1 1 1 1 1 1 1 1 1 1 1 1 1 1 1 1 1 1 1 1 1 1 1 1 1 1 1 1 1 1 1 1 1 1 1 1 1 1 1 1 1 1 1 1 1 1 1 1 1 1 1 1 1 1 1 1 1 1 1 1 1 1 1 1 1 1 1 1 1 1 1 1 1 1 1 1 1 1 1 1 1 1 1 1 1 1 1 1 1 1 1 1 1 1 1 1 1 1 1 1 1 1 1 1 1 1 1 1 1 1 1 1 1 1 1 1 1 1 1 1 1 1 1 1 1 1 1 1 1 1 1 1 1 1 1 1 1 1 1 1 1 1 1 1 1 1 1 1 1 1 1 1 1 1 1 1 1 1 1 1 1 1 1 1 1 1 1 1 1 1 1 1 1 1 1 1 1 1 1 1 1 1 1 1 1 1 1 1 1 1 1 1 1 1 1 1 1 1 1 1 1 1 1 1 1 1 1 1 1 1 1 1 1 1 1 1 1 1 1 1 1 1 1 1 1 1 1 1 1 1 1 1 1 1 1 1 1 1 1 1 1 1 1 1 1 1 1 1 1 1 1 1 1 1 1 1 1 1 1 1 1 1 1 1 1 1 1 1 1 1 1 1 1 1 1 1 1 1 1 1 1 1 1 1 1 1 1 1 1 1 1 1 1 1 1 1 1 1 1 1 1 1 1 1 1 1 1 1 1 1 1 1 1 1 1 1 1 1 1 1 1 1 1 1 1 1 1 1 1 1 1 1 1 1 1 1 1 1 1 1 1 1 1 1 1 1 1 1 1 1 1 1 1 1 1 1 1 1 1 1 1 1 1 1 1 1 1 1 1 1 1 1 1 1 1 1 1 1 1 1 1 1 1 1 1 1 1 1 1 1 1 1 1 1 1 1 1 1 1 1 1 1 1 1 1 1 1 1 1 1 1 1 1 1 1 1 1 1 1 1 1 1 1 1 1 1 1 1 1 1 1 1 1 1 1 1 1 1 1 1 1 1 1 1 1 1 1 1 1 1 1 1 1 1 1 1 1 1 1 1 1 1 1 1 1 1 1 1 1 1 1 1 1 1 1 1 1 1 1 1 1 1 1 1 1 1 1 1 1 1 1 1 1 1 1 1 1 1 1 1 1 1 1 1 1 1 1 1 1 1 1 1 1 1 1 1 1 1 1 1 1 1 1 1 1 1 1 1 1 1 1 1 1 1 1 1 1 1 1 1 1 1 1 1 1 1 1 1 1 1 1 1 1 1 1 1 1 1 1 1 1 1 1 1 1 1 1 1 1 1 1 1 1 1 1 1 1 1 1 1 1 1 1 1 1 1 1 1 1 1 1 1 1 1 1 1 1 1 1 1 1 1 1 1 1 1 1 1 1 1 1 1 1 1 1 1 1 1 1 1 1 1 1 1 1 1 1 1 1 1 1 1 1 1 1 1 1 1 1 1 1 1 1 1 1 1 1 1 1 1 1 1 1 1 1 1 1 1 1 1 1 1 1 1 1 1 1 1 1 1 1 1 1 1 1 1 1 1 1 1 1 1 1 1 1 1 1 1 1 1 1 1 1 1 1 1 1 1 1 1 1 1 1 1 1 1 1 1 1 1 1 1 1 1 1 1 1 1 1 1 1 1 1 1 1 1 1 1 1 1 1 1 1 1 1 1 1 1 1 1 1 1 1 1 1 1 1 1 1 1 1 1 1 1 1 1 1 1 1 1 1 1 1 1 1 1 1 1 1 1 1 1 1 1 1 1 1 1 1 1 1 1 1 1 1 1 1 1 1 1 1 1 1 1 1 1 1 1 1 1 1 1 1 1 1 1 1 1 1 1 1 1 1 1 1 1 1 1 1 1 1 1 1 1 1 1 1 1 1 1 1 1 1 1 1 1 1 1 1 1 1 1 1 1 1 1 1 1 1 1 1 1 1 1 1 1 1 1 1 1 1 1 1 1 1 1 1 1 1 1 1 1 1 1 1 1 1 1 1 1 1 1 1 1 1 1 1 1 1 1 1 1 1 1 1 1 1 1 1 1 1 1 1 1 1 1 1 1 1 1 1 1 1 1 1 1 1 1 1 1 1 1 1 1 1 1 1 1 1 1 1 1 1 1 1 1 1 1 1 1 1 1 1 1 1 1 1 1 1 1 1 1 1 1 1 1 1 1 1 1 1 1 1 1 1 1 1 1 1 1 1 1 1 1 1 1 1 1 1 1 1 1 1 1 1 1 1 1 1 1 1 1 1 1 1 1 1 1 1 1 1 1 1 1 1 1 1 1 1 1 1 1 1 1 1 1 1 1 1 1 1 1 1 1 1 1 1 1 1 1 1 1 1 1 1 1 1 1 1 1 1 1 1 1 1 1 1 1 1 1 1 1 1 1 1 1 1 1 1 1 1 1 1 1 1 1 1 1 1 1 1 1 1 1 1 1 1 1 1 1 1 1 1 1 1 1 1 1 1 1 1 1 1 1 1 1 1 1 1 1 1 1 1 1 1 1 1 1 1 1 1 1 1 1 1 1 1 1 1 1 1 1 1 1 1 1 1 1 1 1 1 1 1 1 1 1 1 1 1 1 1 1 1 1 1 1 1 1 1 1 1 1 1 1 1 1 1 1 1 1 1 1 1 1 1 1 1 1 1 1 1 1 1 1 1 1 1 1 1 1 1 1 1 1 1 1 1 1 1 1 1 1 1 1 1 1 1 1 1 1 1 1 1 1 1 1 1 1 1 1 1 1 1 1 1 1 1 1 1 1 1 1 1 1 1 1 1 1 1 1 1 1 1 1 1 1 1 1 1 1 1 1 1 1 1 1 1 1 1 1 1 1 1 1 1 1 1 1 1 1 1 1 1 1 1 1 1 1 1 1 1 1 1 1 1 1 1 1 1 1 1 1 1 1 1 1 1 1 1 1 1 1 1 1 1 1 1 1 1 1 1 1 1 1 1 1 1 1 1 1 1 1 1 1 1 1 1 1 1 1 1 1 1 1 1 1 1 1 1 1 1 1 1 1 1 1 1 1 1 1 1 1 1 1 1 1 1 1 1 1 1 1 1 1 1 1 1 1 1 1 1 1 1 1 1 1 1 1 1 1 1 1 1 1 1 1 1 1 1 1 1 1 1 1 1 1 1 1 1 1 1 1 1 1 1 1 1 1 1 1 1 1 1 1 1 1 1 1 1 1 1 1 1 1 1 1 1 1 1 1 1 1 1 1 1 1 1 1 1 1 1 1 1 1 1 1 1 1 1 1 1 1 1 1 1 1 1 1 1 1 1 1 1 1 1 1 1 1 1 1 1 1 1 1 1 1 1 1 1 1 1 1 1 1 1 1 1 1 1 1 1 1 1 1 1 1 1 1 1 1 1 1 1 1 1 1 1 1 1 1 1 1 1 1 1 1 1 1 1 1 1 1 1 1 1 1 1 1 1 1 1 1 1 1 1 1 1 1 1 1 1 1 1 1 1 1 1 1 1 1 1 1 1 1 1 1 1 1 1 1 1 1 1 1 1 1 1 1 1 1 1 1 1 1 1 1 1 1 1 1 1 1 1 1 1 1 1 1 1 1 1 1 1 1 1 1 1 1 1 1 1 1 1 1 1 1 1 1 1 1 1 1 1 1 1 1 1 1 1 1 1 1 1 1 1 1 1 1 1 1 1 1 1 1 1 1 1 1 1 1 1 1 1 1 1 1 1 1 1 1 1 1 1 1 1 1 1 1 1 1 1 1 1 1 1 1 1 1 1 1 1 1 1 1 1 1 1 1 1 1 1 1 1 1 1 1 1 1 1 1 1 1 1 1 1 1 1 1 1 1 1 1 1 1 1 1 1 1 1 1 1 1 1 1 1 1 1 1 1 1 1 1 1 1 1 1 1 1 1 1 1 1 1 1 1 1 1 1 1 1 1 1 1 1 1 1 1 1 1 1 1 1 1 1 1 1 1 1 1 1 1 1 1 1 1 1 1 1 1 1 1 1 1 1 1 1 1 1 1 1 1 1 1 1 1 1 1 1 1 1 1 1 1 1 1 1 1 1 1 1 1 1 1 1 1 1 1 1 1 1 1 1 1 1 1 1 1 1 1 1 1 1 1 1 1 1 1 1 1 1 1 1 1 1 1 1 1 1 1 1 1 1 1 1 1 1 1 1 1 1 1 1 1 1 1 1 1 1 1 1 1 1 1 1 1 1 1 1 1 1 1 1 1 1 1 1 1 1 1 1 1 1 1 1 1 1 1 1 1 1 1 1 1 1 1 1 1 1 1 1 1 1 1 1 1 1 1 1 1 1 1 1 1 1 1 1 1 1 1 1 1 1 1 1 1 1 1 1 1 1 1 1 1 1 1 1 1 1 1 1 1 1 1 1 1 1 1 1 1 1 1 1 1 1 1 1 1 1 1 1 1 1 1 1 1 1 1 1 1 1 1 1 1 1 1 1 1 1 1 1 1 1 1 1 1 1 1 1 1 1 1 1 1 1 1 1 1 1 1 1 1 1 1 1 1 1 1 1 1 1 1 1 1 1 1 1 1 1 1 1 1 1 1 1 1 1 1 1 1 1 1 1 1 1 1 1 1 1 1 1 1 1 1 1 1 1 1 1 1 1 1 1 1 1 1 1 1 1 1 1 1 1 1 1 1 1 1 1 1 1 1 1 1 1 1 1 1 1 1 1 1 1 1 1 1 1 1 1 1 1 1 1 1 1 1 1 1 1 1 1 1 1 1 1 1 1 1 1 1 1 1 1 1 1 1 1 1 1 1 1 1 1 1 1 1 1 1 1 1 1 1 1 1 1 1 1 1 1 1 1 1 1 1 1 1 1 1 1 1 1 1 1 1 1 1 1 1 1 1 1 1 1 1 1 1 1 1 1 1 1 1 1 1 1 1 1 1 1 1 1 1 1 1 1 1 1 1 1 1 1 1 1 1 1 1 1 1 1 1 1 1 1 1 1 1 1 1 1 1 1 1 1 1 1 1 1 1 1 1 1 1 1 1 1 1 1 1 1 1 1 1 1 1 1 1 1 1 1 1 1 1 1 1 1 1 1 1 1 1 1 1 1 1 1 1 1 1 1 1 1 1 1 1 1 1 1 1 1 1 1 1 1 1 1 1 1 1 1 1 1 1 1 1 1 1 1 1 1 1 1 1 1 1 1 1 1 1 1 1 1 1 1 1 1 1 1 1 1 1 1 1 1 1 1 1 1 1 1 1 1 1 1 1 1 1 1 1 1 1 1 1 1 1 1 1 1 1 1 1 1 1 1 1 1 1 1 1 1 1 1 1 1 1 1 1 1 1 1 1 1 1 1 1 1 1 1 1 1 1 1 1 1 1 1 1 1 1 1 1 1 1 1 1 1 1 1 1 1 1 1 1 1 1 1 1 1 1 1 1 1 1 1 1 1 1 1 1 1 1 1 1 1 1 1 1 1 1 1 1 1 1 1 1 1 1 1 1 1 1 1 1 1 1 1 1 1 1 1 1 1 1 1 1 1 1 1 1 1 1 1 1 1 1 1 1 1 1 1 1 1 1 1 1 1 1 1 1 1 1 1 1 1 1 1 1 1 1 1 1 1 1 1 1 1 1 1 1 1 1 1 1 1 1 1 1 1 1 1 1 1 1 1 1 1 1 1 1 1 1 1 1 1 1 1 1 1 1 1 1 1 1 1 1 1 1 1 1 1 1 1 1 1 1 1 1 1 1 1 1 1 1 1 1 1 1 1 1 1 1 1 1 1 1 1 1 1 1 1 1 1 1 1 1 1 1 1 1 1 1 1 1 1 1 1 1 1 1 1 1 1 1 1 1 1 1 1 1 1 1 1 1 1 1 1 1 1 1 1 1 1 1 1 1 1 1 1 1 1 1 1 1 1 1 1 1 1 1 1 1 1 1 1 1 1 1 1 1 1 1 1 1 1 1 1 1 1 1 1 1 1 1 1 1 1 1 1 1 1 1 1 1 1 1 1 1 1 1 1 1 1 1 1 1 1 1 1 1 1 1 1 1 1 1 1 1 1 1 1 1 1 1 1 1 1 1 1 1 1 1 1 1 1 1 1 1 1 1 1 1 1 1 1 1 1 1 1 1 1 1 1 1 1 1 1 1 1 1 1 1 1 1 1 1 1 1 1 1 1 1 1 1 1 1 1 1 1 1 1 1 1 1 1 1 1 1 1 1 1 1 1 1 1 1 1 1 1 1 1 1 1 1 1 1 1 1 1 1 1 1 1 1 1 1 1 1 1 1 1 1 1 1 1 1 1 1 1 1 1 1 1 1 1 1 1 1 1 1 1 1 1 1 1 1 1 1 1 1 1 1 1 1 1 1 1 1 1 1 1 1 1 1 1 1 1 1 1 1 1 1 1 1 1 1 1 1 1 1 1 1 1 1 1 1 1 1 1 1 1 1 1 1 1 1 1 1 1 1 1 1 1 1 1 1 1 1 1 1 1 1 1 1 1 1 1 1 1 1 1 1 1 1 1 1 1 1 1 1 1 1 1 1 1 1 1 1 1 1 1 1 1 1 1 1 1 1 1 1 1 1 1 1 1 1 1 1 1 1 1 1 1 1 1 1 1 1 1 1 1 1 1 1 1 1 1 1 1 1 1 1 1 1 1 1 1 1 1 1 1 1 1 1 1 1 1 1 1 1 1 1 1 1 1 1 1 1 1 1 1 1 1 1 1 1 1 1 1 1 1 1 1 1 1 1 1 1 1 1 1 1 1 1 1 1 1 1 1 1 1 1 1 1 1 1 1 1 1 1 1 1 1 1 1 1 1 1 1 1 1 1 1 1 1 1 1 1 1 1 1 1 1 1 1 1 1 1 1 1 1 1 1 1 1 1 1 1 1 1 1 1 1 1 1 1 1 1 1 1 1 1 1 1 1 1 1 1 1 1 1 1 1 1 1 1 1 1 1 1 1 1 1 1 1 1 1 1 1 1 1 1 1 1 1 1 1 1 1 1 1 1 1 1 1 1 1 1 1 1 1 1 1 1 1 1 1 1 1 1 1 1 1 1 1 1 1 1 1 1 1 1 1 1 1 1 1 1 1 1 1 1 1 1 1 1 1 1 1 1 1 1 1 1 1 1 1 1 1 1 1 1 1 1 1 1 1 1 1 1 1 1 1 1 1 1 1 1 1 1 1 1 1 1 1 1 1 1 1 1 1 1 1 1 1 1 1 1 1 1 1 1 1 1 1 1 1 1 1 1 1 1 1 1 1 1 1 1 1 1 1 1 1 1 1 1 1 1 1 1 1 1 1 1 1 1 1 1 1 1 1 1 1 1 1 1 1 1 1 1 1 1 1 1 1 1 1 1 1 1 1 1 1 1 1 1 1 1 1 1 1 1 1 1 1 1 1 1 1 1 1 1 1 1 1 1 1 1 1 1 1 1 1 1 1 1 1 1 1 1 1 1 1 1 1 1 1 1 1 1 1 1 1 1 1 1 1 1 1 1 1 1 1 1 1 1 1 1 1 1 1 1 1 1 1 1 1 1 1 1 1 1 1 1 1 1 1 1 1 1 1 1 1 1 1 1 1 1 1 1 1 1 1 1 1 1 1 1 1 1 1 1 1 1 1 1 1 1 1 1 1 1 1 1 1 1 1 1 1 1 1 1 1 1 1 1 1 1 1 1 1 1 1 1 1 1 1 1 1 1 1 1 1 1 1 1 1 1 1 1 1 1 1 1 1 1 1 1 1 1 1 1 1 1 1 1 1 1 1 1 1 1 1 1 1 1 1 1 1 1 1 1 1 1 1 1 1 1 1 1 1 1 1 1 1 1 1 1 1 1 1 1 1 1 1 1 1 1 1 1 1 1 1 1 1 1 1 1 1 1 1 1 1 1 1 1 1 1 1 1 1 1 1 1 1 1 1 1 1 1 1 1 1 1 1 1 1 1 1 1 1 1 1 1 1 1 1 1 1 1 1 1 1 1 1 1 1 1 1 1 1 1 1 1 1 1 1 1 1 1 1 1 1 1 1 1 1 1 1 1 1 1 1 1 1 1 1 1 1 1 1 1 1 1 1 1 1 1 1 1 1 1 1 1 1 1 1 1 1 1 1 1 1 1 1 1 1 1 1 1 1 1 1 1 1 1 1 1 1 1 1 1 1 1 1 1 1 1 1 1 1 1 1 1 1 1 1 1 1 1 1 1 1 1 1 1 1 1 1 1 1 1 1 1 1 1 1 1 1 1 1 1 1 1 1 1 1 1 1 1 1 1 1 1 1 1 1 1 1 1 1 1 1 1 1 1 1 1 1 1 1 1 1 1 1 1 1 1 1 1 1 1 1 1 1 1 1 1 1 1 1 1 1 1 1 1 1 1 1 1 1 1 1 1 1 1 1 1 1 1 1 1 1 1 1 1 1 1 1 1 1 1 1 1 1 1 1 1 1 1 1 1 1 1 1 1 1 1 1 1 1 1 1 1 1 1 1 1 1 1 1 1 1 1 1 1 1 1 1 1 1 1 1 1 1 1 1 1 1 1 1 1 1 1 1 1 1 1 1 1 1 1 1 1 1 1 1 1 1 1 1 1 1 1 1 1 1 1 1 1 1 1 1 1 1 1 1 1 1 1 1 1 1 1 1 1 1 1 1 1 1 1 1 1 1 1 1 1 1 1 1 1 1 1 1 1 1 1 1 1 1 1 1 1 1 1 1 1 1 1 1 1 1 1 1 1 1 1 1 1 1 1 1 1 1 1 1 1 1 1 1 1 1 1 1 1 1 1 1 1 1 1 1 1 1 1 1 1 1 1 1 1 1 1 1 1 1 1 1 1 1 1 1 1 1 1 1 1 1 1 1 1 1 1 1 1 1 1 1 1 1 1 1 1 1 1 1 1 1 1 1 1 1 1 1 1 1 1 1 1 1 1 1 1 1 1 1 1 1 1 1 1 1 1 1 1 1 1 1 1 1 1 1 1 1 1 1 1 1 1 1 1 1 1 1 1 1 1 1 1 1 1 1 1 1 1 1 1 1 1 1 1 1 1 1 1 1 1 1 1 1 1 1 1 1 1 1 1 1 1 1 1 1 1 1 1 1 1 1 1 1 1 1 1 1 1 1 1 1 1 1 1 1 1 1 1 1 1 1 1 1 1 1 1 1 1 1 1 1 1 1 1 1 1 1 1 1 1 1 1 1 1 1 1 1 1 1 1 1 1 1 1 1 1 1 1 1 1 1 1 1 1 1 1 1 1 1 1 1 1 1 1 1 1 1 1 1 1 1 1 1 1 1 1 1 1 1 1 1 1 1 1 1 1 1 1 1 1 1 1 1 1 1 1 1 1 1 1 1 1 1 1 1 1 1 1 1 1 1 1 1 1 1 1 1 1 1 1 1 1 1 1 1 1 1 1 1 1 1 1 1 1 1 1 1 1 1 1 1 1 1 1 1 1 1 1 1 1 1 1 1 1 1 1 1 1 1 1 1 1 1 1 1 1 1 1 1 1 1 1 1 1 1 1 1 1 1 1 1 1 1 1 1 1 1 1 1 1 1 1 1 1 1 1 1 1 1 1 1 1 1 1 1 1 1 1 1 1 1 1 1 1 1 1 1 1 1 1 1 1 1 1 1 1 1 1 1 1 1 1 1 1 1 1 1 1 1 1 1 1 1 1 1 1 1 1 1 1 1 4 4 4 4 4 4 4 4 4 4 4 4 4 4 4 4 4 4 4 4 4 4 4 4 4 4 4 4 4 4 4 4 4 4 4 4 4 4 4 4 4 4 4 4 4 4 4 4 4 4 4 4 4 4 4 4 4 4 4 4 4 4 4 4 4 4 4 4 4 4 4 4 4 4 4 4 4 4 4 4 4 4 4 4 4 4 4 4 4 4 4 4 4 4 4 4 4 4 4 4 4 4 4 4 4 4 4 4 4 4 4 4 4 4 4 4 4 4 4 4 4 4 4 4 4 4 4 4 4 4 4 4 4 4 4 4 4 4 4 4 4 4 4 4 4 4 4 4 4 4 4 4 4 4 4 4 4 4 4 4 4 4 4 4 4 4 4 4 4 4 4 4 4 4 4 4 4 4 4 4 4 4 4 4 4 4 4 4 4 4 4 4 4 4 4 4 4 4 4 4 4 4 4 4 4 4 4 4 4 4 4 4 4 4 4 4 4 4 4 4 4 4 4 4 4 4 4 4 4 4 4 4 4 4 4 4 4 4 4 4 4 4 4 4 4 4 4 4 4 4 4 1 1 1 1 1 1 1 1 1 1 1 1 1 1 1 1 1 1 1 1 1 1 1 1 1 1 1 1 1 1 1 1 1 1 1 1 1 1 1 1 1 1 1 1 1 1 1 1 1 1 1 1 1 1 1 1 1 1 1 1 1 1 1 1 1 1 1 1 1 1 1 1 1 1 1 1 1 1 1 1 1 1 1 1 1 1 1 1 1 1 1 1 1 1 1 1 1 1 1 1 1 1 1 1 1 1 1 1 1 1 1 1 1 1 1 1 1 1 1 1 1 1 1 1 1 1 1 1 1 1 1 1 1 1 1 1 1 1 1 1 1 1 1 1 1 1 1 1 1 1 1 1 1 1 1 1 1 1 1 1 1 1 1 1 1 1 1 1 1 1 1 1 1 1 1 1 1 1 1 1 1 1 1 1 1 1 1 1 1 1 1 1 1 1 1 1 1 1 1 1 1 1 1 1 1 1 1 1 1 1 1 1 1 1 1 1 1 1 1 1 1 1 1 1 1 1 1 1 1 1 1 1 1 1 1 1 1 1 1 1 1 1 1 1 1 1 1 1 1 1 1 1 1 1 1 1 1 1 1 1 1 1 1 1 1 1 1 1 1 1 1 1 1 1 1 1 1 1 1 1 1 1 1 1 1 1 1 1 1 1 1 1 1 1 1 1 1 1 1 1 1 1 1 1 1 1 1 1 1 1 1 1 1 1 1 1 1 1 1 1 1 1 1 1 1 1 1 1 1 1 1 1 1 1 1 1 1 1 1 1 1 1 1 1 1 1 1 1 1 1 1 1 1 1 1 1 1 1 1 1 1 1 1 1 1 1 1 1 1 1 1 1 1 1 1 1 1 1 1 1 1 1 1 1 1 1 1 1 1 1 1 1 1 1 1 1 1 1 1 1 1 1 1 1 1 1 1 1 1 1 1 1 1 1 1 1 1 1 1 1 1 1 1 1 1 1 1 1 1 1 1 1 1 1 1 1 1 1 1 1 1 1 1 1 1 1 1 1 1 1 1 1 1 1 1 1 1 1 1 1 1 1 1 1 1 1 1 1 1 1 1 1 1 1 1 1 1 1 1 1 1 1 1 1 1 1 1 1 1 1 1 1 1 1 1 1 1 1 1 1 1 1 1 1 1 1 1 1 1 1 1 1 1 1 1 1 1 1 1 1 1 1 1 1 1 1 1 1 1 1 1 1 1 1 1 1 1 1 1 1 1 1 1 1 1 1 1 1 1 1 1 1 1 1 1 1 1 1 1 1 1 1 1 1 1 1 1 1 1 1 1 1 1 1 1 1 1 1 1 1 1 1 1 1 1 1 1 1 1 1 1 1 1 1 1 1 1 1 1 1 1 1 1 1 1 1 1 1 1 1 1 1 1 1 1 1 1 1 1 1 1 1 1 1 1 1 1 1 1 1 1 1 1 1 1 1 1 1 1 1 1 1 1 1 1 1 1 1 1 1 1 1 1 1 1 1 1 1 1 1 1 1 1 1 1 1 1 1 1 1 1 1 1 1 1 1 1 1 1 1 1 1 1 1 1 1 1 1 1 1 1 1 1 1 1 1 1 1 1 1 1 1 1 1 1 1 1 1 1 1 1 1 1 1 1 1 1 1 1 1 1 1 1 1 1 1 1 1 1 1 1 1 1 1 1 1 1 1 1 1 1 1 1 1 1 1 1 1 1 1 1 1 1 1 1 1 1 1 1 1 1 1 1 1 1 1 1 1 1 1 1 1 1 1 1 1 1 1 1 1 1 1 1 1 1 1 1 1 1 1 1 1 1 1 1 1 1 1 1 1 1 1 1 1 1 1 1 1 1 1 1 1 1 1 1 1 1 1 1 1 1 1 1 1 1 1 1 1 1 1 1 1 1 1 1 1 1 1 1 1 1 1 1 1 1 1 1 1 1 1 1 1 1 1 1 1 1 1 1 1 1 1 1 1 1 1 1 1 1 1 1 1 1 1 1 1 1 1 1 1 1 1 1 1 1 1 1 1 1 1 1 1 1 1 1 1 1 1 1 1 1 1 1 1 1 1 1 1 1 1 1 1 1 1 1 1 1 1 1 1 1 1 1 1 1 1 1 1 1 1 1 1 1 1 1 1 1 1 1 1 1 1 1 1 1 1 1 1 1 1 1 1 1 1 1 1 1 1 1 1 1 1 1 1 1 1 1 1 1 1 1 1 1 1 1 1 1 1 1 1 1 1 1 1 1 1 1 1 1 1 1 1 1 1 1 1 1 1 1 1 1 1 1 1 1 1 1 1 1 1 1 1 1 1 1 1 1 1 1 1 1 1 1 1 1 1 1 1 1 1 1 1 1 1 1 1 1 1 1 1 1 1 1 1 1 1 1 1 1 1 1 1 1 1 1 1 1 1 1 1 1 1 1 1 1 1 1 1 1 1 1 1 1 1 1 1 1 1 1 1 1 1 1 1 1 1 1 1 1 1 1 1 1 1 1 1 1 1 1 1 1 1 1 1 1 1 1 1 1 1 1 1 1 1 1 1 1 1 1 1 1 1 1 1 1 1 1 1 1 1 1 1 1 1 1 1 1 1 1 1 1 1 1 1 1 1 1 1 1 1 1 1 1 1 1 1 1 1 1 1 1 1 1 1 1 1 1 1 1 1 1 1 1 1 1 1 1 1 1 1 1 1 1 1 1 1 1 1 1 1 1 1 1 1 1 1 1 1 1 1 1 1 1 1 1 1 1 1 1 1 1 1 1 1 1 1 1 1 1 1 1 1 1 1 1 1 1 1 1 1 1 1 1 1 1 1 1 1 1 1 1 1 1 1 1 1 1 1 1 1 1 1 1 1 1 1 1 1 1 1 1 1 1 1 1 1 1 1 1 1 1 1 1 1 1 1 1 1 1 1 1 1 1 1 1 1 1 1 1 1 1 1 1 1 1 1 1 1 1 1 1 1 1 1 1 1 1 1 1 1 1 1 1 1 1 1 1 1 1 1 1 1 1 1 1 1 1 1 1 1 1 1 1 1 1 1 1 1 1 1 1 1 1 1 1 1 1 1 1 1 1 1 1 1 1 1 1 1 1 1 1 1 1 1 1 1 1 1 1 1 1 1 1 1 1 1 1 1 1 1 1 1 1 1 1 1 1 1 1 1 1 1 1 1 1 1 1 1 1 1 1 1 1 1 1 1 1 1 1 1 1 1 1 1 1 1 1 1 1 1 1 1 1 1 1 1 1 1 1 1 1 1 1 1 1 1 1 1 1 1 1 1 1 1 1 1 1 1 1 1 1 1 1 1 1 1 1 1 1 1 1 1 1 1 1 1 1 1 1 1 1 1 1 1 1 1 1 1 1 1 1 1 1 1 1 1 1 1 1 1 1 1 1 1 1 1 1 1 1 1 1 1 1 1 1 1 1 1 1 1 1 1 1 1 1 1 1 1 1 1 1 1 1 1 1 1 1 1 1 1 1 1 1 1 1 1 1 1 1 1 1 1 1 1 1 1 1 1 1 1 1 1 1 1 1 1 1 1 1 1 1 1 1 1 1 1 1 1 1 1 1 1 1 1 1 1 1 1 1 1 1 1 1 1 1 1 1 1 1 1 1 1 1 1 1 1 1 1 1 1 1 1 1 1 1 1 1 1 1 1 1 1 1 1 1 1 1 1 1 1 1 1 1 1 1 1 1 1 1 1 1 1 1 1 1 1 1 1 1 1 1 1 1 1 1 1 1 1 1 1 1 1 1 1 1 1 1 1 1 1 1 1 1 1 1 1 1 1 1 1 1 1 1 1 1 1 1 1 1 1 1 1 1 1 1 1 1 1 1 1 1 1 1 1 1 1 1 1 1 1 1 1 1 1 1 1 1 1 1 1 1 1 1 1 1 1 1 1 1 1 1 1 1 1 1 1 1 1 1 1 1 1 1 1 1 1 1 1 1 1 1 1 1 1 1 1 1 1 1 1 1 1 1 1 1 1 1 1 1 1 1 1 1 1 1 1 1 1 1 1 1 1 1 1 1 1 1 1 1 1 1 1 1 1 1 1 1 1 1 1 1 1 1 1 1 1 1 1 1 1 1 1 1 1 1 1 1 1 1 1 1 1 1 1 1 1 1 1 1 1 1 1 1 1 1 1 1 1 1 1 1 1 1 1 1 1 1 1 1 1 1 1 1 1 1 1 1 1 1 1 1 1 1 1 1 1 1 1 1 1 1 1 1 1 1 1 1 1 1 1 1 1 1 1 1 1 1 1 1 1 1 1 1 1 1 1 1 1 1 1 1 1 1 1 1 1 1 1 1 1 1 1 1 1 1 1 1 1 1 1 1 1 1 1 1 1 1 1 1 1 1 1 1 1 1 1 1 1 1 1 1 1 1 1 1 1 1 1 1 1 1 1 1 1 1 1 1 1 1 1 1 1 1 1 1 1 1 1 1 1 1 1 1 1 1 1 1 1 1 1 1 1 1 1 1 1 1 1 1 1 1 1 1 1 1 1 1 1 1 1 1 1 1 1 1 1 1 1 1 1 1 1 1 1 1 1 1 1 1 1 1 1 1 1 1 1 1 1 1 1 1 1 1 1 1 1 1 1 1 1 1 1 1 1 1 1 1 1 1 1 1 1 1 1 1 1 1 1 1 1 1 1 1 1 1 1 1 1 1 1 1 1 1 1 1 1 1 1 1 1 1 1 1 1 1 1 1 1 1 1 1 1 1 1 1 1 1 1 1 1 1 1 1 1 1 1 1 1 1 1 1 1 1 1 1 1 1 1 1 1 1 1 1 1 1 1 1 1 1 1 1 1 1 1 1 1 1 1 1 1 1 1 1 1 1 1 1 1 1 1 1 1 1 1 1 1 1 1 1 1 1 1 1 1 1 1 1 1 1 1 1 1 1 1 1 1 1 1 1 1 1 1 1 1 1 1 1 1 1 1 1 1 1 1 1 1 1 1 1 1 1 1 1 1 1 1 1 1 1 1 1 1 1 1 1 1 1 1 1 1 1 1 1 1 1 1 1 1 1 1 1 1 1 1 1 1 1 1 1 1 1 1 1 1 1 1 1 1 1 1 1 1 1 1 1 1 1 1 1 1 1 1 1 1 1 1 1 1 1 1 1 1 1 1 1 1 1 1 1 1 1 1 1 1 1 1 1 1 1 1 1 1 1 1 1 1 1 1 1 1 1 1 1 1 1 1 1 1 1 1 1 1 1 1 1 1 1 1 1 1 1 1 1 1 1 1 1 1 1 1 1 1 1 1 1 1 1 1 1 1 1 1 1 1 1 1 1 1 1 1 1 1 1 1 1 1 1 1 1 1 1 1 1 1 1 1 1 1 1 1 1 1 1 1 1 1 1 1 1 1 1 1 1 1 1 1 1 1 1 1 1 1 1 1 1 1 1 1 1 1 1 1 1 1 1 1 1 1 1 1 1 1 1 1 1 1 1 1 1 1 1 1 1 1 1 1 1 1 1 1 1 1 1 1 1 1 1 1 1 1 1 1 1 1 1 1 1 1 1 1 1 1 1 1 1 1 1 1 1 1 1 1 1 1 1 1 1 1 1 1 1 1 1 1 1 1 1 1 1 1 1 1 1 1 1 1 1 1 1 1 1 1 1 1 1 1 1 1 1 1 1 1 1 1 1 1 1 1 1 1 1 1 1 1 1 1 1 1 1 1 1 1 1 1 1 1 1 1 1 1 1 1 1 1 1 1 1 1 1 1 1 1 1 1 1 1 1 1 1 1 1 1 1 1 1 1 1 1 1 1 1 1 1 1 1 1 1 1 1 1 1 1 1 1 1 1 1 1 1 1 1 1 1 1 1 1 1 1 1 1 1 1 1 1 1 1 1 1 1 1 1 1 1 1 1 1 1 1 1 1 1 1 1 1 1 1 1 1 1 1 1 1 1 1 1 1 1 1 1 1 1 1 1 1 1 1 1 1 1 1 1 1 1 1 1 1 1 1 1 1 1 1 1 1 1 1 1 1 1 1 1 1 1 1 1 1 1 1 1 1 1 1 1 1 1 1 1 1 1 1 1 1 1 1 1 1 1 1 1 1 1 1 1 1 1 1 1 1 1 1 1 1 1 1 1 1 1 1 1 1 1 1 1 1 1 1 1 1 1 1 1 1 1 1 1 1 1 1 1 1 1 1 1 1 1 1 1 1 1 1 1 1 1 1 1 1 1 1 1 1 1 1 1 1 1 1 1 1 1 1 1 1 1 1 1 1 1 1 1 1 1 1 1 1 1 1 1 1 1 1 1 1 1 1 1 1 1 1 1 1 1 1 1 1 1 1 1 1 1 1 1 1 1 1 1 1 1 1 1 1 1 1 1 1 1 1 1 1 1 1 1 1 1 1 1 1 1 1 1 1 1 1 1 1 1 1 1 1 1 1 1 1 1 1 1 1 1 1 1 1 1 1 1 1 1 1 1 1 1 1 1 1 1 1 1 1 1 1 1 1 1 1 1 1 1 1 1 1 1 1 1 1 1 1 1 1 1 1 1 1 1 1 1 1 1 1 1 1 1 1 1 1 1 1 1 1 1 1 1 1 1 1 1 1 1 1 1 1 1 1 1 1 1 1 1 1 1 1 1 1 1 1 1 1 1 1 1 1 1 1 1 1 1 1 1 1 1 1 1 1 1 1 1 1 1 1 1 1 1 1 1 1 1 1 1 1 1 1 1 1 1 1 1 1 1 1 1 1 1 1 1 1 1 1 1 1 1 1 1 1 1 1 1 1 1 1 1 1 1 1 1 1 1 1 1 1 1 1 1 1 1 1 1 1 1 1 1 1 1 1 1 1 1 1 1 1 1 1 1 1 1 1 1 1 1 1 1 1 1 1 1 1 1 1 1 1 1 1 1 1 1 1 1 1 1 1 1 1 1 1 1 1 1 1 1 1 1 1 1 1 1 1 1 1 1 1 1 1 1 1 1 1 1 1 1 1 1 1 1 1 1 1 1 1 1 1 1 1 1 1 1 1 1 1 1 1 1 1 1 1 1 1 1 1 1 1 1 1 1 1 1 1 1 1 1 1 1 1 1 1 1 1 1 1 1 1 1 1 1 1 1 1 1 1 1 1 1 1 1 1 1 1 1 1 1 1 1 1 1 1 1 1 1 1 1 1 1 1 1 1 1 1 1 1 1 1 1 1 1 1 1 1 1 1 1 1 1 1 1 1 1 1 1 1 1 1 1 1 1 1 1 1 1 1 1 1 1 1 1 1 1 1 1 1 1 1 1 1 1 1 1 1 1 1 1 1 1 1 1 1 1 1 1 1 1 1 1 1 1 1 1 1 1 1 1 1 1 1 1 1 1 1 1 1 1 1 1 1 1 1 1 1 1 1 1 1 1 1 1 1 1 1 1 1 1 1 1 1 1 1 1 1 1 1 1 1 1 1 1 1 1 1 1 1 1 1 1 1 1 1 1 1 1 1 1 1 1 1 1 1 1 1 1 1 1 1 1 1 1 1 1 1 1 1 1 1 1 1 1 1 1 1 1 1 1 1 1 1 1 1 1 1 1 1 1 1 1 1 1 1 1 1 1 1 1 1 1 1 1 1 1 1 1 1 1 1 1 1 1 1 1 1 1 1 1 1 1 1 1 1 1 1 1 1 1 1 1 1 1 1 1 1 1 1 1 1 1 1 1 1 1 1 1 1 1 1 1 1 1 1 1 1 1 1 1 1 1 1 1 1 1 1 1 1 1 1 1 1 1 1 1 1 1 1 1 1 1 1 1 1 1 1 1 1 1 1 1 1 1 1 1 1 1 1 1 1 1 1 1 1 1 1 1 1 1 1 1 1 1 1 1 1 1 1 1 1 1 1 1 1 1 1 1 1 1 1 1 1 1 1 1 1 1 1 1 1 1 1 1 1 1 1 1 1 1 1 1 1 1 1 1 1 1 1 1 1 1 1 1 1 1 1 1 1 1 1 1 1 1 1 1 1 1 1 1 1 1 1 1 1 1 1 1 1 1 1 1 1 1 1 1 1 1 1 1 1 1 1 1 1 1 1 1 1 1 1 1 1 1 1 1 1 1 1 1 1 1 1 1 1 1 1 1 1 1 1 1 1 1 1 1 1 1 1 1 1 1 1 1 1 1 1 1 1 1 1 1 1 1 1 1 1 1 1 1 1 1 1 1 1 1 1 1 1 1 1 1 1 1 1 1 1 1 1 1 1 1 1 1 1 1 1 1 1 1 1 1 1 1 1 1 1 1 1 1 1 1 1 1 1 1 1 1 1 1 1 1 1 1 1 1 1 1 1 1 1 1 1 1 1 1 1 1 1 1 1 1 1 1 1 1 1 1 1 1 1 1 1 1 1 1 1 1 1 1 1 1 1 1 1 1 1 1 1 1 1 1 1 1 1 1 1 1 1 1 1 1 1 1 1 1 1 1 1 1 1 1 1 1 1 1 1 1 1 1 1 1 1 1 1 1 1 1 1 1 1 1 1 1 1 1 1 1 1 1 1 1 1 1 1 1 1 1 1 1 1 1 1 1 1 1 1 1 1 1 1 1 1 1 1 1 1 1 1 1 1 1 1 1 1 1 1 1 1 1 1 1 1 1 1 1 1 1 1 1 1 1 1 1 1 1 1 1 1 1 1 1 1 1 1 1 1 1 1 1 1 1 1 1 1 1 1 1 1 1 1 1 1 1 1 1 1 1 1 1 1 1 1 1 1 1 1 1 1 1 1 1 1 1 1 1 1 1 1 1 1 1 1 1 1 1 1 1 1 1 1 1 1 1 1 1 1 1 1 1 1 1 1 1 1 1 1 1 1 1 1 1 1 1 1 1 1 1 1 1 1 1 1 1 1 1 1 1 1 1 1 1 1 1 1 1 1 1 1 1 1 1 1 1 1 1 1 1 1 1 1 1 1 1 1 1 1 1 1 1 1 1 1 1 1 1 1 1 1 1 1 1 1 1 1 1 1 1 1 1 1 1 1 1 1 1 1 1 1 1 1 1 1 1 1 1 1 1 1 1 1 1 1 1 1 1 1 1 1 1 1 1 1 1 1 1 1 1 1 1 1 1 1 1 1 1 1 1 1 1 1 1 1 1 1 1 1 1 1 1 1 1 1 1 1 1 1 1 1 1 1 1 1 1 1 1 1 1 1 1 1 1 1 1 1 1 1 1 1 1 1 1 1 1 1 1 1 1 1 1 1 1 1 1 1 1 1 1 1 1 1 1 1 1 1 1 1 1 1 1 1 1 1 1 1 1 1 1 1 1 1 1 1 1 1 1 1 1 1 1 1 1 1 1 1 1 1 1 1 1 1 1 1 1 1 1 1 1 1 1 1 1 1 1 1 1 1 1 1 1 1 1 1 1 1 1 1 1 1 1 1 1 1 1 1 1 1 1 1 1 1 1 1 1 1 1 1 1 1 1 1 1 1 1 1 1 1 1 1 1 1 1 1 1 1 1 1 1 1 1 1 1 1 1 1 1 1 1 1 1 1 1 1 1 1 1 1 1 1 1 1 1 1 1 1 1 1 1 1 1 1 1 1 1 1 1 1 1 1 1 1 1 1 1 1 1 1 1 1 1 1 1 1 1 1 1 1 1 1 1 1 1 1 1 1 1 1 1 1 1 1 1 1 1 1 1 1 1 1 1 1 1 1 1 1 1 1 1 1 1 1 1 1 1 1 1 1 1 1 1 1 1 1 1 1 1 1 1 1 1 1 1 1 1 1 1 1 1 1 1 1 1 1 1 1 1 1 1 1 1 1 1 1 1 1 1 1 1 1 1 1 1 1 1 1 1 1 1 1 1 1 1 1 1 1 1 1 1 1 1 1 1 1 1 1 1 1 1 1 1 1 1 1 1 1 1 1 1 1 1 1 1 1 1 1 1 1 1 1 1 1 1 1 1 1 1 1 1 1 1 1 1 1 1 1 1 1 1 1 1 1 1 1 1 1 1 1 1 1 1 1 1 1 1 1 1 1 1 1 1 1 1 1 1 1 1 1 1 1 1 1 1 1 1 1 1 1 1 1 1 1 1 1 1 1 1 1 1 1 1 1 1 1 1 1 1 1 1 1 1 1 1 1 1 1 1 1 1 1 1 1 1 1 1 1 1 1 1 1 1 1 1 1 1 1 1 1 1 1 1 1 1 1 1 1 1 1 1 1 1 1 1 1 1 1 1 1 1 1 1 1 1 1 1 1 1 1 1 1 1 1 1 1 1 1 1 1 1 1 1 1 1 1 1 1 1 1 1 1 1 1 1 1 1 1 1 1 1 1 1 1 1 1 1 1 1 1 1 1 1 1 1 1 1 1 1 1 1 1 1 1 1 1 1 1 1 1 1 1 1 1 1 1 1 1 1 1 1 1 1 1 1 1 1 1 1 1 1 1 1 1 1 1 1 1 1 1 1 1 1 1 1 1 1 1 1 1 1 1 1 1 1 1 1 1 1 1 1 1 1 1 1 1 1 1 1 1 1 1 1 1 1 1 1 1 1 1 1 1 1 1 1 1 1 1 1 1 1 1 1 1 1 1 1 1 1 1 1 1 1 1 1 1 1 1 1 1 1 1 1 1 1 1 1 1 1 1 1 1 1 1 1 1 1 1 1 1 1 1 1 1 1 1 1 1 1 1 1 1 1 1 1 1 1 1 1 1 1 1 1 1 1 1 1 1 1 1 1 1 1 1 1 1 1 1 1 1 1 1 1 1 1 1 1 1 1 1 1 1 1 1 1 1 1 1 1 1 1 1 1 1 1 1 1 1 1 1 1 1 1 1 1 1 1 1 1 1 1 1 1 1 1 1 1 1 1 1 1 1 1 1 1 1 1 1 1 1 1 1 1 1 1 1 1 1 1 1 1 1 1 1 1 1 1 1 1 1 1 1 1 1 1 1 1 1 1 1 1 1 1 1 1 1 1 1 1 1 1 1 1 1 1 1 1 1 1 1 1 1 1 1 1 1 1 1 1 1 1 1 1 1 1 1 1 1 1 1 1 1 1 1 1 1 1 1 1 1 1 1 1 1 1 1 1 1 1 1 1 1 1 1 1 1 1 1 1 1 1 1 1 1 1 1 1 1 1 1 1 1 1 1 1 1 1 1 1 1 1 1 1 1 1 1 1 1 1 1 1 1 1 1 1 1 1 1 1 1 1 1 1 1 1 1 1 1 1 1 1 1 1 1 1 1 1 1 1 1 1 1 1 1 1 1 1 1 1 1 1 1 1 1 1 1 1 1 1 1 1 1 1 1 1 1 1 1 1 1 1 1 1 1 1 1 1 1 1 1 1 1 1 1 1 1 1 1 1 1 1 1 1 1 1 1 1 1 1 1 1 1 1 1 1 1 1 1 1 1 1 1 1 1 1 1 1 1 1 1 1 1 1 1 1 1 1 1 1 1 1 1 1 1 1 1 1 1 1 1 1 1 1 1 1 1 1 1 1 1 1 1 1 1 1 1 1 1 1 1 1 1 1 1 1 1 1 1 1 1 1 1 1 1 1 1 1 1 1 1 1 1 1 1 1 1 1 1 1 1 1 1 1 1 1 1 1 1 1 1 1 1 1 1 1 1 1 1 1 1 1 1 1 1 1 1 1 1 1 1 1 1 1 1 1 1 1 1 1 1 1 1 1 1 1 1 1 1 1 1 1 1 1 1 1 1 1 1 1 1 1 1 1 1 1 1 1 1 1 1 1 1 1 1 1 1 1 1 1 1 1 1 1 1 1 1 1 1 1 1 1 1 1 1 1 1 1 1 1 1 1 1 1 1 1 1 1 1 1 1 1 1 1 1 1 1 1 1 1 1 1 1 1 1 1 1 1 1 1 1 1 1 1 1 1 1 1 1 1 1 1 1 1 1 1 1 1 1 1 1 1 1 1 1 1 1 1 1 1 1 1 1 1 1 1 1 1 1 1 1 1 1 1 1 1 1 1 1 1 1 1 1 1 1 1 1 1 1 1 1 1 1 1 1 1 1 1 1 1 1 1 1 1 1 1 1 1 1 1 1 1 1 1 1 1 1 1 1 1 1 1 1 1 1 1 1 1 1 1 1 1 1 1 1 1 1 1 1 1 1 1 1 1 1 1 1 1 1 1 1 1 1 1 1 1 1 1 1 1 1 1 1 1 1 1 1 1 1 1 1 1 1 1 1 1 1 1 1 1 1 1 1 1 1 1 1 1 1 1 1 1 1 1 1 1 1 1 1 1 1 1 1 1 1 1 1 1 1 1 1 1 1 1 1 1 1 1 1 1 1 1 1 1 1 1 1 1 1 1 1 1 1 1 1 1 1 1 1 1 1 1 1 1 1 1 1 1 1 1 1 1 1 1 1 1 1 1 1 1 1 1 1 1 1 1 1 1 1 1 1 1 1 1 1 1 1 1 1 1 1 1 1 1 1 1 1 1 1 1 1 1 1 1 1 1 1 1 1 1 1 1 1 1 1 1 1 1 1 1 1 1 1 1 1 1 1 1 1 1 1 1 1 1 1 1 1 1 1 1 1 1 1 1 1 1 1 1 1 1 1 1 1 1 1 1 1 1 1 1 1 1 1 1 1 1 1 1 1 1 1 1 1 1 1 1 1 1 1 1 1 1 1 1 1 1 1 1 1 1 1 1 1 1 1 1 1 1 1 1 1 1 1 1 1 1 1 1 1 1 1 1 1 1 1 1 1 1 1 1 1 1 1 1 1 1 1 1 1 1 1 1 1 1 1 1 1 1 1 1 1 1 1 1 1 1 1 1 1 1 1 1 1 1 1 1 1 1 1 1 1 1 1 1 1 1 1 1 1 1 1 1 1 1 1 1 1 1 1 1 1 1 1 1 1 1 1 1 1 1 1 1 1 1 1 1 1 1 1 1 1 1 1 1 1 1 1 1 1 1 1 1 1 1 1 1 1 1 1 1 1 1 1 1 1 1 1 1 1 1 1 1 1 1 1 1 1 1 1 1 1 1 1 1 1 1 1 1 1 1 1 1 1 1 1 1 1 1 1 1 1 1 1 1 1 1 1 1 1 1 1 1 1 1 1 1 1 1 1 1 1 1 1 1 1 1 1 1 1 1 1 1 1 1 4 4 4 4 4 4 4 4 4 4 4 4 4 4 4 4 4 4 4 4 4 4 4 4 4 4 4 4 4 4 4 4 4 4 4 4 4 4 4 4 4 4 4 4 4 4 4 4 4 4 4 4 4 4 4 4 4 4 4 4 4 4 4 4 4 4 4 4 4 4 4 4 4 4 4 4 4 4 4 4 4 4 4 4 4 4 4 4 4 4 4 4 4 4 4 4 4 4 4 4 4 4 4 4 4 4 4 4 4 4 4 4 4 4 4 4 4 4 4 4 4 4 4 4 4 4 4 4 4 4 4 4 4 4 4 4 4 4 4 4 4 4 4 4 4 4 4 4 4 4 4 4 4 4 4 4 4 4 4 4 4 4 4 4 4 4 4 4 4 4 4 4 4 4 4 4 4 4 4 4 4 4 4 4 4 4 4 4 4 4 4 4 4 4 4 4 4 4 4 4 4 4 4 4 4 4 4 4 4 4 4 4 4 4 4 4 4 4 4 4 4 4 4 4 4 4 4 4 4 4 4 4 4 4 4 4 4 4 4 4 4 4 4 4 4 4 4 4 4 4 4 4 4 4 4 4 4 4 4 4 4 4 4 4 4 4 4 4 4 4 4 4 4 4 4 4 4 4 4 4 4 4 4 4 4 4 4 4 4 4 4 4 4 4 4 4 4 4 4 4 4 4 4 4 4 4 4 4 4 4 4 4 4 4 4 4 4 4 4 4 4 4 4 4 4 4 4 4 4 4 4 4 4 4 4 4 4 4 4 4 4 4 4 4 4 4 4 4 4 4 4 4 4 4 4 4 4 4 4 4 4 4 4 4 4 4 4 4 4 4 4 4 4 4 4 4 4 4 4 4 4 4 4 4 4 4 4 4 4 4 4 4 4 4 4 4 4 4 4 4 4 4 4 4 4 4 4 4 4 4 4 4 4 4 4 4 4 4 4 4 4 4 4 4 4 4 4 4 4 4 4 4 4 4 4 4 4 4 4 4 4 4 4 4 4 4 4 4 4 4 4 4 4 4 4 4 4 4 4 4 4 4 4 4 4 4 4 4 4 4 4 4 4 4 4 4 4 4 4 4 4 4 4 4 4 4 4 4 4 4 4 4 4 4 4 4 4 4 4 4 4 4 4 4 4 4 4 4 4 4 4 4 4 4 4 4 4 4 4 4 4 4 4
</DataArray>
</PointData>
</Piece>
</PolyData>
</VTKFile>
