<?xml version="1.0"?>
<VTKFile type="PolyData" version="0.1" byte_order="LittleEndian">
<PolyData>
<Piece NumberOfPoints="13104" NumberOfVerts="0" NumberOfLines="0" NumberOfStrips="0" NumberOfPolys="0">
<Points>
<DataArray type="Float32" NumberOfComponents="3" format="ascii">
54.523 370.757 23.854 80.239 286.392 22.266 218.507 365.040 27.195 83.249 136.879 16.500 288.813 402.901 27.294 235.521 105.920 23.237 328.290 6.773 23.935 400.827 353.703 22.143 211.073 476.443 28.930 131.760 352.388 23.034 182.193 219.475 21.320 411.253 128.723 18.691 0.619 279.990 21.519 3.074 225.583 19.179 484.177 359.873 22.914 410.559 274.388 18.687 388.583 243.920 18.471 70.622 148.028 17.722 184.318 201.039 21.742 475.044 241.434 17.821 297.213 5.918 27.313 305.777 72.162 26.220 121.763 224.205 20.953 200.507 303.639 25.233 294.357 463.916 27.862 15.460 188.108 19.891 36.597 229.899 19.347 204.170 402.105 26.019 4.259 201.944 19.134 199.532 340.926 25.241 85.958 256.690 23.131 396.226 15.493 23.321 125.895 232.056 21.207 313.419 353.568 25.194 53.582 212.722 20.796 15.088 263.384 20.642 246.083 32.286 27.362 100.283 37.953 18.837 278.687 6.214 27.153 480.159 252.260 18.979 24.336 329.112 21.465 466.500 200.359 17.179 308.313 292.822 22.793 224.010 474.873 26.851 330.047 219.696 18.767 493.012 315.662 19.752 251.444 7.552 26.918 332.191 182.644 19.777 496.851 79.219 16.128 475.786 361.023 21.767 417.376 475.689 21.260 58.480 44.157 15.180 169.980 391.390 26.697 184.547 470.706 26.125 498.010 110.228 16.363 159.452 176.742 19.653 303.368 17.853 27.230 204.559 222.184 21.072 220.187 125.145 21.826 274.076 486.263 26.851 202.010 140.760 17.809 497.099 371.247 22.236 349.966 409.044 24.010 247.595 7.883 28.077 270.517 359.227 25.013 403.317 396.008 21.043 426.168 416.034 18.171 460.152 249.536 18.532 174.750 233.411 22.454 171.678 446.238 23.680 457.690 335.960 20.085 427.669 396.156 19.825 342.072 310.904 22.288 474.905 371.642 21.628 444.471 493.627 19.789 120.893 397.015 24.321 61.979 328.456 21.521 368.887 280.630 19.771 339.945 468.271 25.510 15.701 162.366 18.165 228.222 207.219 18.532 32.929 62.324 14.301 100.382 174.754 19.959 472.183 493.849 16.428 218.843 168.207 17.410 86.413 436.554 21.651 303.718 262.917 21.965 213.963 499.295 28.851 432.769 499.460 20.772 210.271 17.729 27.452 245.832 224.818 20.325 324.232 73.852 25.266 347.879 287.309 20.931 467.560 433.423 18.737 79.016 67.621 15.597 181.194 390.441 26.885 458.208 299.548 21.035 249.961 93.284 25.959 371.509 91.991 24.212 368.393 12.688 22.902 297.248 299.859 23.314 242.761 476.371 27.960 80.578 122.837 16.443 401.008 293.934 18.721 282.606 197.092 20.961 409.105 336.517 20.578 213.213 244.126 22.008 44.907 34.746 15.067 363.313 224.878 19.054 52.022 6.899 17.334 50.877 462.315 19.394 480.758 498.628 16.385 96.416 17.753 20.138 260.953 287.691 24.177 497.760 41.329 14.744 357.167 332.832 23.490 390.070 5.981 22.742 79.040 488.132 19.046 476.207 108.933 15.764 271.787 349.071 22.955 437.990 498.802 19.612 230.237 257.777 23.294 176.294 54.847 24.743 122.532 182.244 19.604 226.620 251.554 23.344 190.267 91.176 25.781 43.876 219.534 19.857 331.283 358.256 24.229 437.861 330.271 21.205 297.587 309.058 23.139 342.795 24.917 23.947 432.529 46.606 19.872 346.582 53.181 23.899 114.981 457.539 20.697 252.916 359.107 25.057 275.865 499.149 26.649 345.812 418.772 25.189 312.680 303.837 22.571 498.310 37.667 16.412 175.329 254.596 23.305 304.015 273.301 22.025 370.390 476.030 24.267 304.098 396.015 28.147 115.887 303.391 23.083 416.903 346.713 20.990 294.815 85.302 27.598 422.413 365.355 22.897 226.357 279.957 25.693 223.038 310.708 24.115 414.905 420.794 19.293 30.090 188.711 19.478 253.391 347.263 24.615 410.698 202.826 18.757 465.426 408.873 18.446 226.739 76.366 26.601 0.773 244.911 18.985 95.165 297.009 21.678 2.600 179.502 19.070 176.367 312.186 25.580 4.498 165.051 19.097 402.946 7.195 23.403 178.787 274.336 23.753 17.282 17.373 15.685 416.027 170.875 19.503 192.443 450.530 26.744 339.062 129.156 24.682 86.655 221.439 21.074 285.301 138.399 23.263 199.736 95.589 24.641 159.861 166.995 19.174 435.465 104.824 17.998 265.161 7.442 28.369 107.611 242.724 22.477 393.502 317.318 20.976 239.118 68.150 27.119 139.663 68.869 20.787 262.062 416.059 28.623 0.231 352.392 21.581 124.151 499.813 22.284 58.850 87.544 14.763 318.334 463.701 27.404 471.351 469.361 14.772 258.585 412.584 28.548 219.007 487.585 28.107 364.174 79.830 23.754 379.735 495.912 23.045 300.752 31.865 27.683 360.385 443.831 24.028 395.270 92.486 20.534 474.163 279.771 20.953 462.680 355.525 18.967 145.903 6.866 23.201 443.645 475.356 19.717 293.861 488.316 27.702 165.460 287.623 24.111 18.456 135.473 17.079 130.244 37.912 21.104 494.229 279.680 22.672 364.907 17.394 22.124 489.395 329.021 21.885 293.801 497.429 25.770 402.839 384.400 21.616 401.742 170.358 19.662 217.608 117.425 22.505 149.685 280.451 23.574 442.866 115.298 16.672 398.480 499.654 22.739 126.803 377.690 25.219 82.439 499.242 18.673 15.259 151.174 17.515 223.471 190.260 18.142 258.362 408.864 28.514 29.715 0.794 16.562 317.596 30.967 27.460 227.973 340.888 25.801 336.651 145.849 24.687 199.175 371.146 26.597 58.264 373.723 22.805 94.361 70.569 18.643 145.782 187.991 20.514 317.531 256.832 21.325 56.864 60.721 15.896 417.709 122.233 18.774 374.122 257.468 19.551 69.122 4.039 16.972 295.949 428.352 28.501 267.221 201.792 20.098 169.424 218.735 21.843 26.539 303.448 23.385 36.008 29.336 13.625 448.342 176.016 18.696 192.841 207.612 21.245 258.094 237.840 21.674 302.739 296.871 23.624 434.192 89.690 17.983 384.668 78.447 22.667 314.727 463.636 26.078 269.061 3.975 28.204 165.325 468.722 24.039 145.263 8.153 22.437 103.882 475.630 21.773 22.148 384.146 21.440 348.171 148.286 23.481 111.187 113.690 19.024 44.904 163.901 18.984 297.128 480.054 26.685 371.542 54.274 22.029 169.896 232.753 21.988 132.959 262.049 22.668 378.759 226.850 18.918 351.743 138.450 23.842 260.769 7.102 27.951 94.892 462.170 21.183 412.093 84.377 19.529 330.539 110.000 24.728 224.922 194.211 17.860 60.953 92.155 14.233 25.808 401.266 22.062 30.834 136.590 18.337 413.212 97.951 20.459 277.809 169.371 20.403 296.572 274.107 22.143 71.667 359.307 23.481 75.300 98.887 15.228 180.178 236.802 22.085 426.300 165.177 19.453 112.311 99.355 18.618 237.721 474.147 27.709 404.875 91.007 19.764 155.052 284.665 22.966 73.038 175.208 19.634 120.399 0.797 22.071 9.349 371.719 22.027 37.612 474.578 18.569 125.516 35.849 21.082 284.572 90.467 27.425 131.262 390.235 25.000 2.375 54.728 14.117 347.193 224.429 19.186 234.602 6.177 27.723 334.214 321.441 21.980 277.639 288.650 22.922 190.648 444.400 26.391 116.674 115.765 18.731 443.162 426.433 17.731 432.762 372.424 20.750 220.283 238.119 21.012 6.755 140.528 17.863 250.093 98.000 25.603 234.044 273.438 23.915 449.767 426.669 18.152 337.041 440.590 25.283 74.572 244.363 21.406 241.124 456.831 29.031 418.373 355.991 22.090 402.766 311.957 20.417 339.471 49.230 23.616 243.050 305.386 24.026 307.679 152.625 21.423 420.890 207.550 17.110 482.209 319.031 20.009 113.658 488.728 20.790 296.977 57.529 26.027 329.298 432.623 25.706 19.526 172.717 18.756 70.973 338.214 22.510 0.090 11.400 16.904 82.966 189.165 21.216 75.818 477.145 18.548 66.840 115.312 15.442 74.085 444.680 21.462 6.659 328.885 21.279 30.921 315.095 21.412 189.190 129.221 19.943 257.106 482.824 28.225 153.465 189.260 20.141 488.024 402.624 20.252 122.828 408.893 23.381 91.709 114.902 16.702 259.127 302.711 23.836 106.463 7.389 21.090 254.697 244.495 23.015 426.685 340.521 21.100 96.606 445.186 22.044 54.667 383.628 22.549 365.399 444.096 23.317 364.919 262.554 18.718 310.022 127.485 24.530 437.940 60.603 18.586 35.728 347.900 22.506 159.616 335.298 23.588 123.308 274.393 23.514 374.004 292.411 20.500 50.123 402.843 22.463 348.174 242.688 20.656 239.706 92.342 25.776 267.563 154.217 19.921 478.487 403.031 19.968 133.553 310.121 22.367 430.809 218.758 16.781 143.187 474.600 20.688 88.042 48.838 18.853 269.005 92.387 27.620 74.255 425.847 23.603 355.720 365.620 23.794 154.576 148.778 20.105 321.524 312.337 23.303 205.091 54.196 28.276 250.268 163.938 17.798 221.675 151.724 18.784 186.706 119.866 21.297 120.053 170.853 19.616 280.307 11.955 28.787 154.540 42.479 22.253 101.034 0.175 19.136 280.370 342.765 24.028 329.685 456.961 25.232 174.066 69.895 22.882 272.869 394.404 27.710 135.941 334.681 23.568 14.361 420.637 21.015 256.233 426.911 27.487 299.979 294.455 23.309 56.887 391.368 21.895 14.171 4.911 17.452 235.005 227.193 20.438 144.212 499.867 22.540 129.815 347.516 22.545 68.529 317.670 22.103 107.247 246.848 22.552 333.024 385.837 26.806 0.749 61.321 15.338 273.203 6.920 27.729 477.120 442.979 18.822 394.207 439.556 21.465 365.794 493.371 24.028 308.716 261.635 21.875 27.256 346.925 21.519 351.117 365.481 24.160 242.285 24.510 28.210 177.741 291.896 24.324 127.317 28.279 21.960 372.743 6.060 22.790 361.018 498.133 22.773 3.715 309.005 21.158 478.121 430.417 19.838 238.399 386.839 28.049 337.128 343.318 22.943 436.278 280.237 20.153 402.953 103.672 19.780 377.501 480.468 23.521 254.344 44.174 26.575 497.663 51.870 16.018 421.252 334.581 21.407 399.622 389.628 21.470 31.116 25.630 14.373 56.770 233.031 20.649 74.942 194.004 20.912 450.627 251.513 19.461 81.736 207.857 21.647 300.520 258.058 21.252 314.972 299.024 23.240 48.915 254.805 20.930 169.053 24.544 23.428 452.957 445.994 17.238 192.104 219.499 22.078 436.565 300.886 20.204 35.243 91.596 15.823 44.123 159.077 18.162 262.587 401.410 28.076 50.222 298.353 23.819 239.766 11.188 28.048 323.236 103.450 24.097 230.407 200.537 18.153 371.672 311.570 20.862 234.997 133.822 20.667 433.611 42.078 20.811 207.706 489.411 28.692 215.672 457.428 28.830 443.663 304.977 20.433 214.940 239.114 20.922 121.420 140.222 19.017 304.232 341.885 23.223 89.103 421.568 23.559 403.530 281.516 17.401 124.258 13.537 21.619 345.824 206.482 18.634 103.097 91.075 18.032 149.615 451.887 22.008 216.041 133.751 19.819 241.989 422.771 25.881 313.059 127.288 24.090 281.949 108.305 26.588 142.456 97.878 20.463 26.482 182.911 19.855 301.002 224.586 20.428 48.350 5.988 15.641 251.072 450.979 27.877 419.848 371.989 21.647 261.518 290.890 23.317 390.657 482.702 23.176 412.421 170.390 19.064 468.065 257.166 18.693 58.890 150.918 17.773 230.582 267.301 24.596 92.095 247.475 22.283 167.986 95.178 23.393 284.290 189.629 19.134 223.091 44.496 28.311 7.000 268.321 21.555 408.554 129.285 19.793 469.159 315.452 20.413 276.900 220.189 20.876 8.133 66.477 15.834 333.408 300.275 23.108 118.405 302.823 23.115 12.370 158.018 17.884 440.283 430.842 17.444 465.820 237.242 18.383 406.520 366.088 22.106 58.315 323.218 22.082 143.545 290.799 23.870 308.636 393.621 27.776 250.933 273.436 24.236 133.217 487.796 22.111 205.745 123.523 21.469 222.550 163.264 17.720 426.428 404.046 19.119 179.987 493.979 27.214 95.900 412.678 23.722 192.468 389.658 26.299 299.192 158.250 21.292 229.358 60.596 26.422 43.918 291.104 23.292 116.752 200.388 20.092 136.328 23.676 22.233 28.274 408.024 21.328 496.396 305.258 20.143 93.736 328.312 22.017 475.127 499.955 16.775 454.290 260.125 19.687 161.129 194.895 20.773 334.725 311.050 22.731 309.289 337.130 23.035 433.628 115.804 17.835 12.175 72.486 16.169 390.030 67.100 22.798 378.715 372.326 22.647 436.688 165.032 18.300 331.782 22.476 24.927 240.763 5.987 27.830 208.758 462.333 27.809 285.838 220.836 19.906 158.756 381.744 26.512 294.610 445.484 27.214 299.111 438.411 26.956 271.345 65.538 27.738 109.161 335.898 22.800 376.836 25.320 22.309 80.378 255.591 22.987 402.150 110.490 20.039 390.716 104.014 21.426 457.473 163.028 18.719 282.546 224.729 21.409 290.288 275.388 23.258 405.774 55.857 20.664 394.916 58.750 22.218 389.982 214.957 17.175 332.301 261.797 22.063 327.553 182.674 19.758 7.721 322.258 21.748 453.201 456.853 17.250 371.759 27.676 23.214 378.184 468.779 23.400 264.363 74.188 26.844 499.868 291.165 21.003 25.079 427.656 20.786 243.971 12.180 27.905 184.890 117.645 20.360 246.490 34.965 27.530 113.566 267.074 21.559 302.530 6.578 26.937 497.164 6.105 17.012 108.512 65.189 18.369 30.995 498.536 17.256 199.465 439.099 27.561 393.857 451.123 21.619 381.004 98.267 21.998 196.139 273.800 23.797 269.519 267.456 25.429 192.055 18.998 26.956 191.864 61.368 27.531 229.425 469.972 26.590 9.057 113.078 15.884 184.354 152.946 18.135 367.741 424.002 22.257 82.506 104.499 17.220 5.332 404.912 20.619 444.810 292.810 19.794 39.540 469.018 18.378 146.143 298.810 22.880 5.280 124.188 16.140 299.783 144.018 22.625 142.870 422.005 22.593 269.612 499.821 27.147 18.479 182.870 18.529 334.783 164.160 21.773 425.549 193.743 18.226 175.389 38.134 24.673 285.899 421.990 26.558 417.471 414.986 19.683 496.609 17.166 16.753 448.722 67.621 17.229 433.868 262.232 19.549 499.854 171.382 19.120 87.400 314.637 20.651 386.497 279.095 18.333 27.555 238.774 18.574 128.883 86.891 18.712 8.921 322.597 21.502 478.376 333.445 21.411 60.296 6.398 17.582 3.540 20.838 16.110 339.608 346.958 24.231 237.005 463.302 28.972 44.719 457.144 20.616 200.356 60.288 27.272 6.973 40.964 16.124 73.172 163.462 18.536 5.857 232.973 17.975 207.801 171.968 17.235 268.758 258.910 24.835 196.499 469.120 28.005 320.657 48.929 25.360 350.473 2.690 23.477 388.286 492.758 23.068 285.081 481.941 26.995 70.827 432.474 20.950 14.652 398.000 21.360 33.816 275.803 21.312 488.330 43.221 17.135 13.510 23.151 15.924 150.157 329.040 23.528 496.377 7.622 16.801 38.686 302.593 23.177 253.086 234.092 21.312 400.683 188.060 18.351 24.635 59.649 15.262 199.015 365.838 27.132 51.988 310.050 23.115 479.545 4.657 16.978 400.572 193.006 18.353 431.521 292.310 19.945 309.883 106.195 25.099 203.558 216.728 20.859 47.624 434.462 21.504 141.886 469.340 20.745 482.825 16.332 16.583 150.209 53.741 22.038 397.081 323.844 20.770 46.967 393.991 22.339 498.191 24.443 17.056 9.479 89.817 15.664 141.334 212.530 21.116 362.584 157.662 20.732 35.318 359.587 23.869 45.754 480.500 18.321 115.797 251.613 22.698 459.989 491.813 16.829 325.311 2.124 26.354 6.426 305.854 20.769 100.968 137.172 17.212 244.814 175.198 17.211 382.017 181.975 19.337 467.643 291.959 21.573 211.309 53.936 28.220 219.384 495.071 28.938 288.016 376.052 25.546 5.641 0.438 17.915 348.062 390.732 24.740 12.838 376.685 20.188 458.576 396.434 18.919 218.833 47.516 27.856 142.520 322.382 23.355 337.648 318.073 23.198 410.335 237.760 19.040 141.476 493.602 22.540 78.372 202.679 21.453 246.662 77.495 26.104 173.040 498.505 24.479 235.765 443.179 28.325 430.287 398.532 18.697 9.151 432.876 19.992 453.681 335.180 21.814 300.416 428.146 28.929 87.259 165.115 19.734 266.759 367.838 25.695 222.099 78.414 26.314 421.758 213.348 16.876 303.708 286.379 22.735 89.521 372.851 22.370 423.999 96.586 18.136 481.777 466.120 15.780 465.641 274.061 19.724 404.024 112.760 19.325 218.418 355.296 26.509 97.720 121.220 17.741 305.079 363.768 25.485 119.993 243.504 22.501 34.415 187.113 19.369 455.298 437.058 17.730 93.760 207.191 21.666 453.962 140.477 17.945 388.364 85.468 20.983 307.982 242.809 20.721 96.314 248.579 22.957 89.937 128.183 17.220 34.202 434.426 20.548 430.829 158.724 18.224 142.218 443.317 20.703 237.082 154.085 18.530 166.262 55.364 23.528 193.134 183.525 19.271 492.447 206.385 18.731 200.471 112.339 23.010 149.356 60.911 21.984 271.003 55.095 26.692 391.591 250.598 18.232 20.634 470.566 16.965 75.882 493.510 16.717 121.577 379.527 24.353 286.085 230.781 21.362 208.604 360.568 26.112 358.090 210.864 18.913 271.048 470.239 29.334 163.450 378.015 27.352 154.620 488.200 22.298 222.068 138.670 20.486 389.033 273.787 18.507 320.512 348.324 24.258 234.169 287.533 24.595 170.571 55.476 24.185 23.210 151.866 17.311 409.721 80.601 18.916 223.223 146.119 18.499 373.025 267.781 19.388 416.074 127.208 18.601 9.141 103.418 17.130 295.665 224.445 20.549 101.803 115.472 18.196 93.963 111.871 17.874 210.955 5.491 27.129 498.934 487.925 17.307 468.439 343.825 20.217 262.314 450.441 27.845 145.338 346.339 24.726 420.940 395.148 19.513 264.198 233.836 21.684 368.924 316.576 21.092 266.656 366.194 25.359 381.720 13.075 23.043 354.174 384.135 25.610 42.801 316.170 21.536 172.236 432.609 24.832 486.300 438.474 18.877 128.545 262.370 22.644 176.941 80.223 24.170 35.343 42.739 14.603 245.525 493.728 27.767 259.520 132.994 22.457 10.695 264.603 22.068 274.775 229.760 20.700 6.256 487.910 18.052 380.467 273.445 18.591 33.318 72.341 14.986 233.328 188.364 17.623 79.434 31.229 17.823 266.589 394.722 27.309 463.671 6.594 17.581 295.889 103.746 25.314 151.164 292.950 23.130 321.949 433.452 27.149 275.727 26.771 28.658 279.032 394.655 26.426 435.997 335.610 20.231 374.043 182.680 18.435 219.636 37.304 29.168 31.652 336.888 23.267 0.388 425.570 20.759 45.153 192.622 19.433 117.911 49.162 19.829 383.255 311.270 20.012 266.313 298.828 23.229 94.533 11.662 19.188 412.792 256.642 18.566 300.505 378.472 26.822 483.018 23.697 16.360 327.240 162.653 23.097 303.974 378.157 25.722 232.783 304.372 23.724 126.398 474.521 20.544 282.816 470.285 27.751 65.864 430.199 21.588 371.779 286.893 20.325 194.492 232.137 20.818 95.829 102.561 17.172 407.661 59.316 21.191 45.567 6.070 15.787 388.249 427.656 21.204 464.407 77.940 16.515 54.897 23.408 16.227 461.160 188.163 17.421 268.615 24.942 28.740 228.610 189.223 16.959 11.443 49.477 15.437 24.955 145.653 17.584 321.336 153.845 23.995 76.443 415.736 22.482 497.661 150.743 18.414 394.085 401.401 21.081 2.402 494.399 17.468 113.045 254.588 22.468 40.882 227.275 19.543 146.906 384.793 26.169 223.577 353.161 25.777 127.116 357.476 22.752 50.653 246.095 20.688 23.993 231.304 18.092 303.315 249.216 22.325 391.085 123.559 21.343 227.778 340.759 24.013 238.521 207.551 17.697 152.194 346.591 26.078 311.249 436.263 27.736 304.857 50.249 25.868 96.550 94.564 17.291 291.137 336.387 23.267 22.842 346.784 22.110 411.260 135.998 19.353 422.948 177.066 18.386 321.982 448.383 25.912 206.766 328.917 24.406 26.064 73.016 15.188 69.723 353.474 22.347 263.137 124.917 24.879 7.743 443.955 19.145 271.942 418.802 27.889 299.291 285.608 23.387 109.079 126.741 18.224 475.421 145.931 18.525 282.135 122.543 25.373 470.604 295.951 20.972 300.951 373.694 25.829 79.484 38.360 18.478 76.715 336.868 22.800 416.128 237.217 17.556 476.037 232.914 18.117 353.939 422.292 25.488 333.998 9.025 23.764 409.999 42.673 20.641 178.323 91.259 23.484 80.644 71.538 15.907 131.960 178.577 19.873 144.703 61.523 20.903 194.848 145.757 17.989 14.538 430.803 20.289 260.962 169.459 18.776 131.356 414.203 21.913 464.262 231.281 18.003 370.451 134.008 23.017 306.246 278.091 22.345 11.970 315.086 21.343 5.132 294.226 21.802 376.709 207.580 18.333 390.179 144.251 21.311 456.440 291.786 21.011 34.099 225.364 18.229 327.358 469.548 26.178 421.713 93.514 18.360 454.385 114.137 16.018 174.541 99.450 22.688 4.587 138.076 17.228 316.274 105.383 25.823 408.730 298.468 19.511 317.708 176.855 20.589 473.396 291.076 20.417 107.544 205.153 22.005 49.131 353.483 23.571 37.363 486.165 17.611 308.284 423.148 27.922 359.594 311.602 21.354 361.651 473.977 24.470 150.222 489.551 22.190 105.263 255.333 23.089 43.892 449.622 19.357 485.496 287.363 21.071 343.725 11.580 23.080 171.741 199.941 21.005 125.190 196.391 19.811 474.552 58.563 18.407 264.233 66.000 27.304 0.112 87.002 16.018 183.428 213.289 21.258 310.951 288.204 23.128 429.401 72.761 17.802 429.792 171.414 18.666 28.880 285.530 23.156 437.048 84.441 17.541 295.531 161.761 20.371 269.066 416.551 27.506 473.073 261.075 20.231 272.392 42.236 27.970 412.428 400.531 20.558 2.621 5.342 17.336 139.695 0.422 21.564 487.789 136.621 18.508 256.296 237.254 22.220 179.384 285.086 24.035 356.731 465.050 24.991 27.204 390.436 21.437 264.510 263.110 24.587 299.552 183.109 21.014 123.775 49.631 20.213 379.985 499.227 23.676 297.601 328.080 22.637 241.656 261.141 23.788 75.141 140.050 17.032 328.823 239.243 21.559 479.546 452.532 17.382 463.465 426.574 17.932 299.799 87.267 26.375 202.411 230.558 21.949 55.444 480.695 18.900 193.018 243.420 21.426 359.411 126.762 22.653 394.280 353.199 21.402 468.227 11.816 18.170 405.552 243.296 17.914 440.609 457.331 18.038 116.246 213.708 21.713 69.351 183.038 21.848 165.290 129.065 19.959 336.173 103.057 25.382 385.158 348.375 20.885 139.666 125.160 19.211 2.042 159.711 17.975 237.929 120.314 23.354 483.679 213.630 17.055 426.511 13.007 21.938 350.955 396.079 24.757 276.970 165.289 19.652 256.275 267.810 23.281 6.069 219.725 18.955 386.177 3.040 23.270 198.207 334.603 24.849 4.514 341.629 21.696 359.273 29.677 21.750 168.947 282.247 24.724 435.364 361.290 21.605 330.703 37.962 24.419 395.905 326.988 21.106 406.005 463.954 21.810 340.275 325.483 22.488 253.825 432.274 28.238 416.221 432.164 17.382 316.457 425.428 28.373 305.343 120.133 25.342 60.207 492.999 17.540 455.084 31.100 18.618 209.423 176.554 16.836 135.814 294.817 23.490 197.377 360.242 26.995 436.686 340.957 21.693 432.972 237.270 17.795 142.796 103.926 20.607 316.648 115.199 25.225 222.179 481.295 27.344 368.466 159.876 21.326 84.109 176.984 19.516 197.081 43.447 27.886 292.031 298.521 24.339 429.202 439.833 17.759 435.669 438.784 17.912 447.795 232.002 17.637 98.695 341.726 22.342 409.227 105.543 18.972 20.817 103.201 15.747 4.364 5.308 17.578 385.019 66.769 22.741 324.635 134.354 23.948 155.167 62.117 21.417 180.183 330.709 26.170 475.047 450.215 17.851 4.608 194.425 19.579 352.429 30.428 22.097 231.999 462.909 28.302 498.897 486.399 17.979 257.055 388.078 27.685 21.184 457.514 18.087 457.079 182.942 18.385 147.543 446.920 21.976 340.531 163.661 21.567 470.455 140.908 18.227 301.776 471.215 27.485 121.742 64.988 18.169 238.382 482.593 26.855 350.473 422.129 25.044 318.669 219.042 20.352 469.128 38.488 18.281 248.574 327.159 22.599 231.939 183.477 16.938 481.280 98.962 15.734 27.995 116.700 17.290 58.060 75.580 14.828 212.005 408.923 26.441 455.261 189.651 17.450 160.451 457.476 23.552 108.011 326.365 21.931 325.836 261.643 22.463 397.939 342.367 20.886 81.816 386.379 23.894 416.742 30.630 21.113 278.677 201.570 20.461 361.297 225.098 18.697 138.750 95.301 19.790 369.684 71.505 23.888 380.490 460.120 23.132 396.834 286.986 18.076 260.435 354.187 24.663 274.398 451.523 27.916 279.048 262.110 24.126 427.244 359.723 21.897 371.622 387.217 23.587 46.843 127.423 15.391 50.964 62.504 14.587 149.552 0.741 23.593 103.756 41.367 19.068 255.841 487.943 27.975 124.150 130.453 19.266 429.749 8.906 20.042 72.218 282.702 22.277 464.483 96.426 16.313 112.613 167.739 20.076 240.500 214.356 18.517 115.637 55.504 18.161 187.341 160.188 16.612 108.200 267.165 22.350 13.720 108.869 16.655 74.185 181.702 21.076 1.476 6.605 17.706 301.717 57.179 25.767 15.519 200.533 17.535 117.290 352.411 23.568 482.775 121.499 17.324 391.871 183.446 18.506 358.429 379.464 23.485 89.353 347.262 23.000 242.914 340.543 23.488 490.110 219.044 17.687 214.938 248.128 22.909 113.681 384.535 25.267 453.316 384.168 19.150 229.081 232.757 21.431 237.417 171.267 16.237 278.321 297.783 24.025 435.595 5.903 20.894 407.975 13.209 21.555 211.014 230.917 22.343 410.679 270.018 18.189 384.953 325.291 20.273 153.481 115.884 19.509 116.868 348.884 23.879 406.677 231.579 17.637 497.627 154.940 18.569 137.488 389.814 24.741 361.377 11.508 22.715 436.381 464.286 19.502 208.847 446.767 28.362 406.063 184.460 19.417 189.774 42.501 27.587 201.109 316.084 25.094 497.464 338.358 21.262 162.171 498.080 23.065 487.287 426.219 18.580 293.383 342.114 23.284 271.547 18.489 30.276 32.795 199.920 18.944 230.934 195.121 17.582 318.708 395.509 27.085 475.108 439.109 18.686 331.828 154.047 22.946 459.978 238.602 19.154 399.149 401.537 20.690 73.810 408.953 23.671 134.284 212.437 21.010 15.331 362.385 22.114 429.876 348.747 21.979 56.958 156.561 18.203 157.676 397.022 25.756 145.447 406.986 23.289 296.380 189.376 20.123 480.608 207.638 18.180 224.632 305.049 22.812 85.805 73.178 15.305 1.499 70.536 15.808 144.864 207.753 20.622 350.703 12.271 23.333 199.777 255.668 22.613 365.391 248.048 19.590 215.522 227.246 21.243 123.852 413.720 23.201 223.098 86.911 25.912 277.765 447.264 27.350 465.787 415.393 18.328 211.619 85.841 26.601 66.589 92.007 15.610 157.393 230.972 23.034 220.338 11.061 28.611 277.123 190.840 19.637 58.897 334.504 22.067 12.091 458.051 17.562 253.639 225.667 20.098 117.660 488.207 20.833 422.841 199.617 17.087 450.297 330.063 20.105 406.424 136.114 20.205 499.817 214.875 18.550 479.930 48.170 16.787 465.217 215.343 16.810 431.937 454.052 18.993 207.480 197.578 18.639 388.108 316.378 20.271 436.860 427.209 16.828 235.973 395.708 27.434 6.773 61.184 14.620 426.991 52.179 20.326 109.889 278.935 22.736 32.401 291.640 22.106 216.222 306.435 23.835 133.836 95.937 19.600 406.497 390.068 20.632 369.552 443.199 22.715 371.247 273.114 19.177 98.274 457.327 21.788 394.802 30.902 22.774 103.983 294.718 21.328 232.705 94.816 24.803 240.316 399.702 27.689 172.353 360.872 27.353 457.501 98.413 16.948 74.191 488.739 17.770 469.126 449.975 17.420 160.069 5.021 24.548 12.672 0.581 17.462 270.727 494.193 27.772 444.336 232.016 17.548 187.535 489.397 26.285 110.959 274.845 23.089 87.157 10.497 19.209 454.498 10.659 18.278 6.694 136.076 16.800 370.048 451.937 23.416 433.299 18.388 19.948 456.367 365.347 20.141 254.030 469.988 28.325 214.404 298.575 23.904 56.551 394.940 22.790 265.162 78.400 26.211 321.186 201.774 19.296 447.507 54.189 17.987 145.894 470.143 21.007 117.916 308.691 22.789 11.765 475.513 16.514 228.168 221.563 21.779 70.814 373.544 22.649 101.067 324.677 20.910 253.299 377.035 26.270 352.417 347.939 23.137 20.733 274.846 22.528 209.861 170.292 17.040 68.316 36.610 15.377 225.441 268.939 24.099 453.930 66.494 16.756 229.514 229.999 20.970 445.778 278.638 19.592 348.913 73.051 23.519 204.815 353.584 25.493 366.404 116.829 23.660 2.091 103.530 16.551 419.184 392.131 20.073 401.104 183.222 20.280 2.045 288.116 21.829 85.013 281.169 22.061 175.805 280.141 24.557 143.195 328.756 22.466 45.865 299.282 23.219 417.727 377.391 21.599 275.542 158.065 20.345 62.721 47.531 15.403 324.937 122.290 25.177 431.520 193.191 17.567 356.132 183.014 19.360 365.092 431.412 22.907 139.656 251.217 23.606 77.600 6.392 17.575 9.014 200.829 18.349 194.999 197.699 20.931 137.357 488.395 21.629 492.670 123.788 15.831 227.156 243.657 22.651 270.447 464.767 28.935 429.249 177.563 18.219 258.404 28.786 29.532 380.377 230.707 18.581 302.452 6.276 26.861 391.339 463.458 22.588 42.114 236.453 19.716 425.382 352.889 21.939 475.072 488.006 16.125 458.206 152.735 18.311 252.645 261.768 23.946 371.903 481.837 23.831 51.327 140.632 16.864 431.751 317.028 21.060 309.736 322.759 23.238 305.691 109.333 24.832 36.757 116.336 15.913 133.532 409.254 24.060 356.113 62.275 23.458 10.036 493.438 17.188 413.460 451.646 19.484 209.480 150.538 17.699 143.318 11.551 22.697 499.827 401.206 20.343 246.851 346.591 24.839 356.091 114.547 24.357 294.261 494.147 26.774 174.784 219.924 22.074 13.119 99.056 16.126 462.894 330.959 21.175 54.816 322.522 21.770 168.540 208.258 21.888 285.805 100.003 26.424 483.147 35.912 16.394 131.637 300.568 23.003 232.064 365.962 27.239 266.684 137.210 22.764 22.552 323.975 20.138 285.612 345.869 24.468 143.161 391.895 25.357 384.063 275.689 18.585 3.472 444.698 20.155 159.208 260.833 23.412 355.282 35.969 23.155 256.422 136.060 21.815 65.668 457.053 19.269 31.019 451.737 19.149 417.640 90.938 18.154 388.223 34.272 21.670 124.745 353.643 23.790 272.167 431.739 27.489 9.303 459.406 17.194 26.620 353.590 22.320 84.645 358.197 23.060 50.883 498.004 17.448 302.899 78.992 26.895 326.238 168.975 21.800 480.974 158.084 18.489 242.804 0.123 27.615 493.455 329.519 20.913 451.461 414.973 18.538 233.469 56.957 27.333 410.324 346.361 21.017 174.168 333.154 24.797 444.225 108.960 17.326 124.724 157.847 19.342 260.491 390.224 26.740 11.580 498.994 17.663 456.366 391.110 19.974 390.649 333.784 21.176 52.053 399.237 22.986 405.191 201.857 18.597 264.475 165.826 18.685 487.363 364.809 22.630 250.821 304.951 23.932 415.019 18.578 21.513 341.599 496.851 23.287 3.634 33.150 15.665 403.556 304.379 19.271 452.978 349.645 20.643 323.461 278.992 21.849 406.742 318.210 21.562 155.383 208.393 20.617 377.414 3.608 23.140 145.506 34.845 21.949 48.425 407.035 22.604 346.998 487.652 24.450 60.239 407.852 22.891 323.551 238.995 20.951 306.192 323.496 23.007 16.166 334.020 20.700 290.083 317.273 23.030 478.131 309.838 19.279 397.517 464.278 21.883 260.731 200.294 18.582 234.745 6.944 27.980 98.210 282.573 22.499 34.557 353.431 22.947 221.238 85.311 25.999 95.654 347.258 23.802 453.637 43.133 17.691 345.146 437.125 23.860 231.233 48.086 28.635 187.825 402.010 25.735 407.103 139.913 20.233 477.968 164.231 18.697 162.208 171.089 19.347 408.182 445.209 19.506 79.928 354.865 21.772 393.074 322.911 20.845 282.437 452.477 27.995 395.549 5.646 23.459 309.429 44.312 26.912 8.757 30.754 15.280 173.796 156.984 17.953 459.202 5.069 18.152 347.330 382.992 25.058 239.030 427.184 27.654 244.900 274.971 23.617 488.852 373.076 21.847 413.214 353.305 21.496 98.321 288.670 20.847 373.540 48.606 22.774 346.451 310.307 21.863 234.076 253.883 23.200 154.228 396.711 25.150 224.333 498.701 28.697 438.890 66.355 17.681 269.024 193.912 19.257 253.199 457.738 27.726 356.001 441.448 23.163 364.518 54.376 22.334 43.712 329.435 22.356 173.089 355.388 27.484 281.908 317.987 22.870 63.049 0.653 17.874 4.805 427.094 21.226 128.201 386.360 24.511 438.270 396.478 18.855 346.808 9.582 24.479 460.419 445.038 17.928 357.194 474.953 24.729 123.813 451.275 21.139 461.317 384.421 18.799 369.597 354.166 22.535 121.101 5.589 20.686 209.419 323.811 25.482 294.326 177.521 20.096 168.679 437.738 22.506 284.390 29.878 27.911 485.786 157.780 18.538 157.761 250.606 25.275 48.966 291.146 22.802 238.896 281.637 23.577 27.186 298.716 22.636 165.306 200.546 21.813 497.543 92.832 16.233 21.459 76.379 15.341 433.270 139.145 18.541 397.644 49.034 21.545 476.924 286.015 21.046 332.250 97.682 24.319 204.274 434.182 27.062 421.844 29.137 21.420 0.119 123.231 16.971 448.952 407.503 19.132 71.257 187.282 22.085 99.887 387.701 24.740 160.513 32.721 22.872 458.169 18.697 18.254 11.241 183.584 19.742 493.346 403.775 19.988 38.251 480.588 17.073 221.107 90.453 26.811 157.149 401.977 25.627 415.304 479.604 21.053 300.203 10.324 26.777 425.758 245.922 17.686 487.105 390.291 19.591 35.798 445.715 19.284 59.059 299.552 21.342 28.741 29.609 14.068 0.698 389.836 19.265 8.195 67.441 15.396 493.160 132.977 18.593 294.686 36.906 27.810 6.358 146.555 17.854 41.346 311.183 22.586 29.269 214.227 19.390 291.977 33.550 27.862 443.722 316.401 20.669 71.534 31.340 17.419 167.004 294.457 23.909 267.682 468.483 28.183 212.441 287.717 25.637 475.803 71.700 16.327 37.735 245.921 19.527 118.477 168.909 20.230 368.888 417.931 22.333 221.512 349.830 25.523 243.081 171.539 16.242 135.586 182.314 19.880 382.885 268.437 17.710 154.897 158.072 20.539 103.799 109.214 17.776 374.874 155.790 21.011 393.825 290.914 18.063 91.519 6.575 19.145 357.131 331.057 23.619 260.220 494.192 27.507 133.093 401.933 23.973 306.809 257.108 22.281 330.557 158.733 22.626 276.340 273.425 24.161 25.362 95.757 15.376 69.691 469.986 19.632 371.056 165.419 20.279 315.982 309.515 22.671 77.496 151.777 18.647 311.958 166.653 21.389 97.593 139.479 19.224 385.141 164.630 19.139 315.332 451.052 25.501 56.415 147.788 17.995 177.616 152.885 18.517 66.405 325.539 22.511 322.570 54.431 24.992 250.528 476.354 28.363 29.615 102.896 15.705 376.464 416.695 22.340 4.639 452.172 18.597 271.322 28.870 28.839 479.825 64.904 15.609 246.295 65.544 26.584 175.936 84.401 24.911 94.671 121.638 17.770 311.082 318.586 23.511 120.836 151.741 19.288 121.429 165.701 20.135 40.181 19.078 14.522 336.965 329.682 22.887 11.128 54.416 14.633 12.709 194.337 18.897 207.132 183.027 16.469 217.741 474.957 28.469 182.325 122.921 22.215 128.117 173.895 19.643 6.435 318.666 21.120 170.991 420.495 24.371 4.076 128.684 18.199 135.729 243.840 22.520 499.032 258.525 20.241 318.830 293.236 23.216 146.210 353.362 24.665 415.125 108.428 18.637 489.334 181.695 18.982 381.487 364.963 22.355 388.658 414.798 21.643 385.981 394.740 21.912 299.302 353.321 24.772 462.791 438.366 18.574 167.752 135.310 19.726 181.141 464.934 26.570 290.035 408.888 28.094 373.387 98.710 23.313 328.595 482.176 26.579 451.511 498.776 17.361 498.144 206.883 19.641 432.514 207.624 16.661 451.608 482.725 18.500 102.918 432.403 22.617 296.225 360.119 24.820 483.530 152.113 18.473 255.593 365.669 25.912 453.599 471.474 17.157 144.061 366.778 25.500 16.939 219.806 18.274 82.386 173.458 20.364 251.737 388.438 27.876 117.220 4.070 20.962 183.744 287.085 24.308 60.120 310.206 22.497 460.721 127.250 16.790 426.503 60.382 19.522 2.173 294.130 22.345 187.230 147.258 17.493 325.830 219.111 19.201 224.806 438.591 29.154 480.478 498.963 16.658 437.015 475.362 20.430 312.070 474.953 25.662 201.184 427.410 25.863 52.167 333.606 22.955 449.802 84.721 16.767 9.307 177.221 19.263 65.638 371.822 23.417 45.002 29.156 14.587 382.870 315.935 19.566 1.770 261.779 21.244 14.257 141.884 17.400 240.592 334.583 24.102 485.418 445.904 18.101 0.499 251.394 20.143 129.274 144.209 20.153 495.880 116.737 16.735 167.114 360.208 26.041 237.986 70.515 25.894 207.780 428.750 25.951 333.438 375.958 25.950 418.694 74.323 18.868 333.393 140.584 25.237 282.018 268.121 23.275 318.545 24.885 25.939 472.294 30.335 17.970 116.848 135.338 18.624 149.704 16.026 23.608 306.576 38.342 26.498 36.703 367.200 23.566 32.709 177.941 18.408 29.617 35.805 14.406 480.154 414.391 18.535 9.655 5.777 16.915 409.815 189.737 19.121 412.460 178.637 19.165 397.545 358.445 21.304 152.454 79.049 21.672 20.102 16.874 15.896 219.078 387.044 27.254 343.348 82.532 25.850 342.420 274.736 22.377 495.729 67.948 15.851 320.522 194.673 19.267 360.248 42.127 22.045 360.994 60.631 23.672 459.926 374.008 20.844 98.336 432.519 21.719 277.031 409.120 27.316 266.710 347.446 22.763 113.122 243.555 21.652 82.962 278.114 21.888 15.146 310.706 20.681 82.685 48.001 17.207 128.915 394.994 24.245 195.359 300.573 24.765 449.973 21.786 18.081 384.206 202.014 17.714 251.566 499.382 27.151 245.642 430.997 28.096 3.244 297.165 21.229 76.777 21.394 17.971 306.626 60.726 26.098 18.707 11.670 15.876 474.546 196.352 17.542 315.906 66.962 26.425 87.769 353.565 22.609 84.394 123.944 16.256 168.589 146.836 18.590 106.787 329.757 22.209 381.350 62.324 22.839 312.041 370.672 25.559 87.548 204.699 22.224 138.824 314.922 23.467 432.646 35.321 21.160 276.976 333.878 23.535 123.326 145.005 19.366 151.575 390.681 25.744 133.255 243.756 22.548 93.392 367.338 23.196 309.951 49.558 25.461 164.903 373.163 27.078 17.700 438.576 19.647 111.169 469.104 21.093 263.427 37.274 28.656 256.773 223.039 20.801 478.035 344.018 21.668 341.289 341.638 22.664 105.228 11.101 20.251 5.427 120.694 17.266 123.136 186.321 19.972 406.030 194.753 18.383 141.752 419.561 24.252 470.807 279.639 21.350 428.499 91.398 18.762 402.517 335.607 21.605 472.532 310.180 20.366 412.511 414.016 20.013 484.426 491.583 16.865 353.491 357.295 24.174 430.358 341.536 21.143 447.065 109.154 16.226 170.148 364.725 26.283 458.648 402.978 17.375 161.203 11.775 24.956 333.055 134.351 23.489 28.900 175.298 18.297 191.916 225.099 22.099 112.357 390.695 24.140 121.844 371.104 24.083 292.801 0.622 26.600 140.062 116.581 18.229 120.571 481.090 20.364 130.217 202.222 20.752 401.225 286.679 17.602 46.207 167.242 18.562 458.491 110.744 15.214 437.007 365.935 20.976 8.462 189.679 19.147 390.389 56.102 23.465 494.938 297.480 20.961 149.355 364.404 25.535 51.588 284.845 23.276 448.822 397.491 19.100 182.816 488.765 25.280 302.993 370.365 24.925 148.738 404.167 25.110 242.971 71.957 25.906 133.419 19.410 23.249 272.234 377.430 26.120 319.156 387.854 27.176 349.238 0.475 23.108 471.223 128.376 17.829 361.317 150.769 21.806 168.028 48.404 23.370 22.397 291.976 22.725 326.081 24.465 24.397 246.828 284.866 22.771 437.091 402.630 18.740 459.778 456.749 17.920 416.317 311.969 20.306 246.169 457.319 27.795 493.549 488.428 17.640 346.429 444.132 24.163 269.930 208.824 18.266 179.894 132.366 19.283 162.553 328.654 24.316 204.835 315.657 25.261 470.212 465.093 15.943 8.066 73.383 16.400 221.849 424.602 27.942 462.901 452.441 17.244 471.120 421.765 17.834 240.602 360.376 25.177 468.513 489.196 15.484 346.630 248.228 20.761 325.227 304.621 23.279 154.412 373.257 26.269 132.129 499.605 21.441 117.382 426.512 22.533 392.031 194.691 18.066 410.071 116.062 19.185 12.741 341.359 21.130 81.989 307.520 21.608 27.396 483.288 16.878 377.785 349.964 21.190 3.402 79.226 16.457 319.616 122.024 24.536 83.604 214.075 21.555 267.315 292.892 23.730 235.595 410.138 26.749 73.337 102.751 15.883 58.040 476.526 19.778 379.567 188.577 18.549 11.682 126.568 17.283 277.454 454.677 27.686 95.592 335.479 21.998 244.560 181.971 16.270 241.102 200.752 17.403 57.961 346.058 23.289 484.223 471.655 16.854 330.752 343.246 23.393 318.930 28.570 25.658 485.743 384.148 21.445 3.125 482.255 16.199 273.949 439.403 28.242 326.588 30.768 24.876 213.206 192.259 17.537 229.773 0.277 28.121 71.565 5.221 17.637 200.086 275.120 24.275 146.980 275.042 23.253 364.840 334.409 20.547 33.233 97.941 15.600 385.909 53.519 22.394 382.439 132.621 23.050 383.853 197.091 18.347 444.586 1.759 19.137 200.589 450.344 27.277 242.615 110.030 23.796 283.985 49.164 27.286 201.688 458.016 27.722 199.541 211.584 21.493 177.700 260.680 23.343 5.141 409.880 19.846 164.618 342.057 25.050 253.395 408.909 29.252 389.968 311.093 20.530 125.840 303.298 22.233 205.227 284.121 25.895 347.913 61.525 23.273 124.786 420.562 22.613 119.191 451.585 20.379 141.228 456.527 20.508 339.345 6.619 23.343 96.432 402.196 24.207 484.500 420.339 20.024 358.671 346.605 23.005 76.774 319.022 20.757 41.101 346.734 23.795 311.310 275.128 22.731 89.793 493.697 19.486 46.247 262.290 21.315 156.823 108.484 22.164 56.300 219.796 20.287 271.665 408.525 28.869 172.798 6.994 25.929 131.128 330.616 21.934 363.631 74.581 24.005 137.855 188.206 19.862 13.527 116.068 14.910 437.657 23.501 18.906 370.650 462.978 22.302 471.028 330.605 20.642 164.397 299.627 25.042 110.016 178.925 20.596 135.000 1.024 22.798 65.657 494.299 16.932 198.402 24.671 27.849 428.512 5.384 21.734 343.148 377.048 26.336 62.650 35.308 16.159 135.670 306.355 23.629 451.265 131.614 16.161 478.736 127.962 16.968 221.674 5.609 28.265 258.326 307.516 23.497 64.033 111.133 15.941 40.112 54.965 15.011 152.354 173.072 20.222 126.396 24.259 21.770 13.602 417.153 21.262 202.310 446.714 27.206 195.754 35.702 27.902 100.242 46.813 19.419 321.895 166.017 21.260 169.057 304.722 24.014 105.022 231.150 22.563 144.312 24.451 23.275 445.226 386.133 19.953 444.400 158.211 20.043 473.064 207.411 18.172 24.789 195.771 19.157 404.299 73.709 21.298 95.891 62.304 18.714 451.255 205.867 17.838 418.466 301.981 19.362 337.451 376.166 25.563 434.272 493.115 20.617 421.781 314.228 20.831 392.134 30.134 22.087 339.874 237.844 19.469 385.975 7.005 23.397 115.507 90.326 18.112 274.637 86.270 26.985 179.806 360.749 26.806 219.091 133.407 19.214 446.872 370.144 20.019 240.902 384.823 28.177 67.291 243.893 20.436 253.522 104.376 24.379 39.906 170.154 19.108 94.729 255.191 22.828 19.218 207.013 18.894 247.346 395.790 27.741 131.389 292.468 23.300 363.630 303.963 20.903 8.041 425.726 20.586 283.166 105.777 26.076 358.735 168.582 21.278 344.423 395.258 26.972 271.955 176.918 19.929 145.052 218.932 22.354 228.252 129.991 21.669 484.988 239.729 17.931 52.052 433.338 21.097 432.574 352.447 20.930 419.533 110.038 18.420 199.325 400.907 25.213 93.657 160.832 19.534 48.785 225.771 19.390 4.934 181.969 19.480 420.434 243.265 18.596 179.276 335.289 24.538 93.583 311.282 22.101 145.769 414.551 23.573 391.554 90.809 20.617 269.231 305.443 23.096 290.574 471.218 27.740 272.373 151.624 21.103 18.755 122.990 16.084 264.770 41.303 26.833 36.450 279.076 22.344 269.873 253.334 22.377 216.551 423.571 25.434 329.842 197.948 19.830 32.506 170.701 17.633 281.750 476.134 27.302 5.936 0.313 17.364 47.208 43.025 16.288 134.253 200.332 20.781 400.860 482.833 23.423 424.046 304.390 19.007 449.082 46.981 18.104 486.040 91.260 16.069 299.914 452.081 26.237 247.011 301.204 22.616 133.438 53.780 20.961 114.422 480.592 20.449 196.487 286.583 24.257 135.509 194.000 20.109 23.842 359.427 22.593 363.037 439.250 23.570 273.406 12.618 28.674 317.059 15.046 26.848 19.038 414.323 22.129 431.150 1.317 21.614 465.683 250.514 18.664 0.781 25.821 17.013 43.293 498.377 16.556 478.451 177.105 18.957 447.848 320.711 19.970 194.504 304.663 25.021 2.583 77.855 15.632 55.224 135.086 16.819 76.701 190.082 22.133 258.947 328.428 23.658 127.594 426.123 22.958 20.868 310.330 22.462 143.904 73.048 21.593 481.456 347.635 21.328 331.324 433.805 26.599 480.830 279.746 20.786 44.392 13.431 15.062 11.653 403.008 20.328 9.213 250.970 19.926 308.144 372.151 25.930 345.875 365.846 24.779 343.734 230.450 20.214 56.841 13.939 15.410 72.188 462.626 20.477 355.548 156.397 20.889 456.951 379.177 20.019 77.612 128.349 16.751 61.424 455.187 20.046 415.587 397.837 19.764 8.776 102.365 16.569 184.003 371.693 27.545 388.687 61.416 22.737 85.221 457.819 19.931 235.649 486.797 27.530 75.857 60.713 15.907 258.941 421.556 29.373 488.826 128.211 18.737 304.537 315.719 23.358 461.516 244.705 18.614 41.008 115.571 15.583 250.357 498.473 27.407 260.434 242.396 23.035 355.457 204.085 17.848 107.736 217.384 22.086 324.011 352.047 25.036 408.022 144.014 20.471 246.574 4.318 26.739 394.459 232.703 17.430 65.074 7.353 16.788 105.166 451.717 21.120 278.425 483.241 28.426 445.209 12.053 19.931 143.409 51.086 21.003 411.621 425.047 19.695 150.269 440.452 22.055 97.907 301.640 21.096 149.182 476.173 21.563 429.003 408.586 18.693 96.258 292.272 21.671 288.459 390.675 26.820 158.831 89.388 23.409 280.432 497.858 27.023 327.906 114.696 24.750 287.837 477.007 27.876 107.333 175.754 20.269 361.999 335.321 22.596 332.899 480.769 25.162 151.709 182.970 19.997 255.879 344.470 24.850 225.903 236.128 20.823 423.534 439.014 17.230 447.993 481.452 17.309 353.294 44.003 22.880 241.877 131.291 21.620 398.635 484.763 21.040 364.860 282.409 21.195 409.160 393.870 19.766 176.189 140.815 17.550 449.784 170.115 18.655 319.557 280.541 21.654 144.827 451.271 21.019 112.565 173.913 19.553 462.600 170.833 17.929 468.398 170.158 18.846 213.757 393.166 26.905 343.687 330.017 23.252 317.806 346.822 24.478 488.422 11.668 17.242 31.232 146.936 17.320 205.470 193.279 18.571 270.657 261.838 25.283 335.270 114.896 24.218 384.272 17.845 22.454 288.035 194.723 20.279 137.587 268.406 22.710 172.734 115.668 21.750 119.624 231.885 22.219 238.831 424.265 29.314 57.139 122.500 15.768 57.518 48.004 15.808 440.461 410.031 18.966 429.901 213.608 17.133 145.751 459.828 20.828 420.947 114.168 19.073 288.146 6.114 26.050 293.653 280.886 23.284 167.999 383.435 26.824 387.653 0.706 22.479 284.333 158.481 20.861 28.537 422.307 20.956 245.734 92.125 25.364 473.970 213.404 16.378 151.264 49.814 22.079 90.654 258.819 22.901 487.646 109.549 15.763 466.237 371.711 20.828 10.136 285.399 21.888 256.205 474.301 28.807 230.425 425.312 26.876 371.418 493.211 22.493 382.879 415.047 22.877 291.702 348.677 24.017 189.445 323.104 24.481 421.832 483.574 22.146 110.657 480.251 21.163 324.470 147.198 23.799 8.067 155.017 18.014 321.588 116.692 24.575 159.432 139.643 19.067 324.618 462.835 25.197 185.661 231.609 21.563 139.173 328.480 22.734 31.112 121.812 16.417 430.615 61.576 18.299 499.338 377.411 21.292 448.260 80.727 17.572 259.576 297.819 24.249 179.444 347.471 27.027 265.062 336.003 24.122 228.527 30.088 28.211 61.399 403.413 23.159 222.144 176.033 17.717 95.500 6.684 19.203 72.890 218.933 21.733 78.968 467.676 20.186 172.931 190.682 19.675 155.869 13.267 23.838 411.623 391.451 19.055 457.076 281.520 21.368 338.013 450.331 24.775 271.174 274.073 24.577 221.167 228.564 21.411 87.510 84.407 17.127 118.989 366.382 24.428 423.519 328.189 20.516 450.016 419.298 18.756 138.860 86.616 20.160 230.343 336.390 25.358 89.802 101.968 16.614 88.328 383.025 24.199 358.345 121.505 24.481 327.785 383.105 27.005 144.972 266.789 23.340 346.937 49.623 23.592 470.901 134.250 18.320 36.805 144.296 16.474 260.221 213.151 20.454 20.639 146.990 16.417 49.100 147.069 17.202 269.253 181.529 19.744 109.378 213.494 21.597 233.800 165.104 16.987 186.649 207.204 20.273 451.117 402.179 19.577 217.426 348.540 24.662 495.388 389.669 19.961 359.563 237.393 19.294 310.193 81.539 26.811 13.189 426.555 20.686 472.771 336.758 21.910 295.475 432.661 27.925 231.414 281.258 24.064 428.592 249.177 18.060 163.337 218.873 21.767 344.312 318.535 22.554 88.127 304.544 20.745 57.569 290.316 22.712 42.483 254.374 20.736 175.342 196.776 20.991 319.766 481.068 26.707 307.057 146.590 22.507 316.824 226.082 20.075 423.689 360.123 21.750 411.749 365.399 21.623 228.886 328.449 24.815 415.662 111.906 19.238 11.645 389.443 20.738 130.370 133.258 20.172 444.487 170.928 18.270 461.969 110.523 16.203 411.573 227.468 17.754 322.346 212.248 18.453 387.926 169.774 19.475 358.514 298.908 21.759 7.750 169.777 19.545 395.298 188.333 18.374 304.172 167.317 20.849 401.836 145.912 20.083 197.242 432.430 26.930 283.016 176.568 20.014 75.558 231.073 20.694 118.262 87.535 19.312 397.394 86.879 21.105 66.270 237.097 20.114 132.922 139.749 19.083 410.436 262.578 18.055 384.178 286.239 18.991 3.187 138.957 18.153 250.747 297.653 24.293 27.895 382.958 22.262 346.577 338.443 23.597 347.193 346.216 24.219 413.460 330.771 21.342 9.200 213.422 16.847 463.257 34.378 18.235 475.996 395.454 19.352 133.180 225.264 21.035 152.882 137.904 19.046 195.684 158.382 18.018 128.183 433.625 22.756 296.796 138.851 23.531 83.134 62.563 15.222 360.430 488.459 24.249 362.638 95.956 24.175 58.546 30.928 15.837 419.232 449.891 19.391 282.122 0.501 26.712 346.270 260.724 21.548 339.152 36.752 22.932 336.495 18.629 23.412 124.261 243.908 21.789 181.697 0.619 27.326 434.345 226.683 17.611 396.899 384.469 22.827 394.653 256.371 18.189 8.377 116.297 16.820 264.276 281.172 23.991 313.819 193.885 18.998 254.925 443.233 28.205 151.016 218.216 21.437 127.183 334.361 23.166 352.645 372.770 24.522 274.667 135.823 23.700 428.212 432.834 17.502 123.542 298.974 22.300 278.486 321.387 23.241 119.514 401.621 23.590 98.622 373.062 24.291 183.665 358.662 26.135 327.333 362.460 26.373 8.997 27.491 15.682 321.527 301.774 22.560 356.751 245.537 20.824 67.996 278.887 22.119 326.732 103.058 25.159 22.924 191.467 18.949 142.076 263.148 22.635 35.933 378.927 23.295 28.095 54.202 14.420 407.686 35.631 20.896 499.779 451.635 17.555 136.331 129.269 19.579 486.746 128.006 17.324 352.875 324.920 21.970 205.268 229.370 22.660 406.298 475.927 21.148 125.804 286.020 22.719 135.398 411.655 22.955 347.626 28.080 23.422 296.266 246.159 21.855 258.012 292.889 23.828 208.218 84.670 26.796 136.314 70.089 20.745 390.868 85.102 21.762 203.236 395.825 26.054 223.376 55.989 26.630 77.953 446.278 20.800 355.244 13.384 23.613 498.215 464.552 15.871 465.244 321.406 20.391 9.281 127.043 16.789 311.489 83.848 26.573 116.151 498.364 22.174 437.329 488.731 20.700 232.566 493.689 28.886 424.023 499.220 20.971 122.268 433.842 21.568 35.105 468.189 18.207 69.748 22.644 16.655 350.986 193.108 17.708 16.087 98.020 16.145 234.451 176.860 17.712 324.056 239.158 21.094 313.840 393.550 28.090 477.305 305.261 20.267 294.202 438.344 28.187 431.266 461.896 18.945 25.330 5.653 16.166 155.364 178.483 19.780 352.718 236.061 20.546 497.174 196.232 18.725 76.611 260.903 22.377 31.930 256.607 21.630 232.400 140.018 19.366 109.720 3.096 21.111 44.005 414.558 21.980 97.795 232.569 23.392 470.215 5.764 17.308 348.352 159.349 22.206 100.674 414.891 22.029 377.339 43.796 23.048 41.269 138.824 16.015 66.313 129.197 16.805 227.980 372.518 27.127 274.850 329.478 22.742 107.840 373.821 24.146 125.000 410.400 23.039 396.971 80.475 21.665 330.622 292.057 21.325 351.802 488.472 23.410 192.654 366.048 27.307 127.219 4.662 22.276 76.451 147.004 17.159 137.355 219.612 21.830 233.471 68.530 27.455 247.196 263.451 24.461 328.591 79.277 25.587 193.683 317.774 24.873 189.110 473.494 27.162 104.583 86.419 17.478 292.041 285.036 23.017 249.021 171.677 16.518 22.005 177.797 19.167 446.807 164.104 18.430 39.487 273.944 22.481 212.472 254.894 23.460 133.979 29.939 22.117 287.055 317.616 22.136 174.673 377.054 27.205 316.281 430.356 27.567 276.613 360.375 24.971 35.200 69.771 13.688 455.190 488.133 17.622 7.854 364.745 22.668 416.198 298.274 20.172 440.568 274.627 20.037 246.721 358.135 25.830 75.507 452.706 20.624 322.246 459.632 25.780 468.087 158.149 17.462 131.662 339.708 21.445 211.636 438.442 29.169 123.150 213.064 21.406 435.543 406.838 19.143 465.605 361.498 21.887 437.288 100.256 16.823 495.889 249.501 19.172 409.803 1.076 22.797 421.361 77.439 18.883 224.841 199.573 18.470 174.721 72.290 23.690 187.948 390.194 27.309 408.573 371.574 22.374 69.418 11.101 17.900 494.644 49.036 16.695 4.592 358.667 22.925 405.745 359.078 21.867 310.292 365.677 25.210 222.904 244.644 23.651 273.858 401.227 27.851 137.608 50.588 20.884 166.743 0.710 25.211 253.001 125.413 23.120 34.924 396.297 22.350 164.531 459.102 25.115 294.348 231.110 20.944 130.172 104.501 19.162 24.483 464.768 19.137 391.999 81.447 23.320 449.723 451.766 17.691 264.692 323.286 22.897 362.898 84.778 23.883 153.610 128.026 18.943 181.469 181.813 18.488 198.173 242.448 22.129 372.241 237.528 18.344 461.691 134.990 17.662 189.871 237.822 22.573 199.531 182.723 17.877 264.623 14.269 28.529 79.201 268.728 22.023 491.572 450.383 18.161 154.957 68.042 22.714 119.329 268.483 23.282 253.928 479.737 27.325 451.752 274.609 20.177 434.976 430.955 17.283 10.876 344.765 21.723 371.567 67.093 24.924 203.736 416.480 26.634 480.717 254.285 18.839 477.488 117.025 15.866 289.447 422.433 28.351 388.692 403.048 22.297 140.207 179.247 20.861 281.883 426.540 28.478 457.355 425.197 18.062 353.976 260.142 20.717 330.302 268.242 22.441 49.714 452.114 20.254 290.138 457.790 27.373 94.646 477.352 20.863 263.306 53.229 26.689 472.178 277.205 21.360 379.670 159.291 20.133 469.927 22.054 17.482 228.502 144.953 19.773 62.928 141.417 17.284 228.839 99.763 24.369 438.131 450.696 17.838 323.674 268.701 23.026 459.109 481.184 17.278 223.523 47.504 26.891 116.994 152.053 19.472 350.518 354.512 25.005 28.337 444.759 19.401 289.382 279.995 22.678 470.094 151.438 17.698 212.361 24.755 28.290 14.328 12.424 16.267 461.773 209.866 16.740 215.873 175.356 16.903 122.165 285.572 23.322 144.217 281.257 23.311 398.591 159.393 20.920 276.495 0.690 27.407 309.892 499.141 27.681 265.529 434.602 27.880 380.124 84.646 22.238 279.768 32.896 27.456 381.242 377.815 22.820 63.423 78.777 13.933 209.177 469.460 29.074 11.339 395.218 20.234 328.259 127.896 24.893 47.473 214.106 19.823 417.789 335.803 20.515 336.021 133.307 24.261 347.695 115.362 24.953 316.444 356.850 25.903 368.082 195.366 17.708 427.349 419.863 18.464 322.094 492.753 25.679 380.567 128.609 22.158 467.323 84.990 16.416 489.720 151.686 19.006 411.571 458.833 20.593 42.429 207.370 20.453 157.208 132.762 21.346 65.289 104.135 15.366 299.686 498.535 26.714 200.241 260.499 22.711 376.211 202.474 17.373 246.393 311.146 23.674 376.004 499.130 22.847 46.030 477.341 18.356 115.785 157.729 20.505 355.150 233.242 19.535 9.510 223.479 18.488 331.976 0.124 23.553 380.126 294.639 18.450 281.868 236.712 21.400 91.019 187.314 21.084 312.521 24.656 27.213 290.616 444.296 27.730 291.105 163.881 20.123 451.695 378.140 19.753 105.994 196.701 21.294 444.449 28.004 19.758 353.687 482.825 23.104 248.242 291.915 22.999 34.941 105.208 14.393 85.793 235.840 22.117 405.465 297.458 19.631 426.194 261.757 19.337 169.445 60.155 22.751 43.261 243.737 20.951 394.382 305.526 20.264 289.950 146.403 21.696 4.315 286.917 21.202 31.215 462.658 18.282 431.662 128.658 17.490 82.138 416.948 23.483 214.462 312.014 24.835 479.553 183.493 18.604 56.574 213.990 20.687 157.935 311.484 23.754 378.287 260.778 19.125 333.102 215.044 19.264 382.764 455.465 21.794 138.847 6.734 21.871 358.736 400.105 24.456 114.956 31.208 21.516 2.059 470.722 15.831 146.810 481.699 22.242 206.378 25.323 27.748 362.120 121.472 23.551 4.901 232.295 18.036 315.641 5.930 26.612 143.541 463.930 19.730 84.083 293.367 22.596 242.874 75.250 27.135 216.829 333.870 23.465 345.393 493.334 23.092 477.394 2.355 17.182 335.021 92.258 25.246 95.255 242.872 21.811 243.859 354.167 25.585 52.373 251.503 20.818 161.053 122.282 21.333 123.321 4.961 21.200 391.468 471.056 22.347 97.461 481.892 20.963 9.004 151.833 17.293 186.206 316.376 25.309 111.097 366.773 24.064 429.830 238.124 18.021 337.094 234.533 20.739 332.750 79.117 24.467 201.940 309.827 25.038 409.359 51.321 20.955 103.684 382.513 24.734 471.983 201.362 17.140 281.737 403.314 28.071 193.517 256.774 22.729 316.266 443.683 26.823 441.438 227.693 16.320 419.104 291.224 18.499 118.590 257.944 23.405 349.251 451.166 24.230 149.842 160.498 19.939 357.390 480.265 23.595 272.011 79.614 27.361 328.756 273.301 23.538 64.685 230.465 21.197 377.193 16.835 22.411 257.821 467.575 28.771 14.969 365.944 22.801 93.465 322.381 21.396 184.470 82.083 25.422 108.154 407.075 22.793 365.201 142.320 22.386 169.963 492.541 24.752 119.058 182.004 20.695 113.294 121.762 18.560 466.061 444.406 18.816 131.216 75.227 20.753 387.461 499.751 23.422 489.718 456.386 17.116 35.871 449.502 18.935 434.319 55.894 18.360 472.572 68.034 15.873 339.548 287.519 22.452 12.009 450.659 18.675 471.788 383.986 20.349 327.383 494.495 24.958 180.357 189.370 20.392 499.281 408.805 19.765 11.633 331.354 21.176 374.907 200.994 17.924 268.330 234.718 21.553 12.016 122.804 16.336 171.736 456.850 24.292 100.354 243.687 21.922 420.174 458.657 19.913 156.247 24.104 22.851 424.750 159.836 18.854 107.353 30.197 20.560 87.074 108.256 16.887 184.842 44.936 26.138 172.113 372.604 27.083 176.443 425.089 24.399 250.663 129.908 23.401 402.097 243.698 18.290 372.783 340.180 19.863 340.282 80.144 25.532 188.443 182.398 19.279 484.938 432.423 20.119 249.817 426.222 27.846 241.756 53.994 28.187 494.262 354.949 22.817 438.214 219.370 16.525 399.712 12.581 22.492 314.977 483.255 26.104 22.881 406.500 22.511 399.858 452.603 21.102 316.304 274.010 21.693 137.242 367.251 23.896 299.007 89.527 26.139 247.180 469.612 27.657 487.201 249.099 17.405 400.776 256.267 17.568 86.241 299.417 21.998 133.278 5.164 22.090 186.422 35.591 26.246 26.154 133.458 17.031 423.831 72.375 18.956 5.699 136.621 17.445 53.603 493.043 17.650 376.676 431.309 22.349 9.341 409.703 20.539 419.866 470.556 20.431 394.611 142.667 21.469 413.169 206.837 17.121 362.806 110.813 23.743 20.698 23.953 15.282 379.673 115.808 22.040 110.372 78.907 18.820 24.465 37.014 15.456 307.106 84.632 26.757 287.196 465.297 27.740 102.494 492.818 20.293 371.127 439.820 22.075 433.402 266.865 19.440 56.063 427.636 21.857 359.064 249.013 20.605 199.637 281.916 24.958 8.256 360.709 22.452 170.522 481.941 23.450 376.576 397.924 24.167 349.291 266.452 21.313 347.908 121.242 24.704 435.896 134.720 17.764 426.465 476.415 20.746 2.675 146.594 18.195 115.824 470.161 20.621 157.074 79.548 22.194 492.025 2.426 16.647 101.901 170.997 20.189 339.040 444.860 25.276 9.090 408.827 20.984 321.861 186.356 20.273 92.901 376.549 23.648 331.949 453.025 24.850 408.531 122.092 20.842 455.655 474.232 16.022 425.101 268.631 19.270 179.657 163.399 18.688 139.285 463.792 20.662 441.477 145.905 18.453 408.715 285.971 18.729 290.877 48.733 25.809 405.569 439.677 20.346 3.736 394.483 20.209 409.513 163.174 20.778 410.431 17.683 22.533 168.610 429.171 24.036 489.513 340.022 21.681 452.363 212.520 17.214 341.081 420.308 27.702 247.821 18.485 28.111 259.172 231.625 20.230 357.302 488.351 24.694 378.842 255.280 18.103 1.125 114.027 16.638 212.437 74.226 27.092 66.669 122.905 16.994 235.741 1.356 27.899 18.593 474.738 16.686 105.427 301.051 21.940 32.750 311.162 21.346 321.263 332.779 21.695 460.728 348.880 20.514 283.019 323.460 23.071 225.561 255.411 24.153 277.370 174.552 20.853 340.787 29.878 23.924 416.154 259.347 18.965 182.503 233.885 21.632 14.684 410.134 21.594 217.817 398.232 26.727 200.243 86.914 25.539 122.181 249.038 22.516 253.540 115.612 24.986 0.751 230.754 17.477 11.889 114.354 16.151 409.685 133.987 19.513 72.701 151.770 17.803 209.955 402.710 26.600 20.648 252.690 20.079 40.926 408.922 22.284 61.800 365.219 23.765 194.515 134.550 18.688 331.529 373.448 25.913 390.421 432.472 21.743 22.141 66.871 14.984 460.705 367.931 20.350 385.811 175.654 18.579 328.726 370.675 24.990 458.491 420.492 18.336 109.674 260.940 22.293 53.152 44.517 14.879 268.410 50.653 27.789 17.445 130.184 17.126 499.653 121.258 16.942 293.566 4.576 26.869 261.738 427.500 28.443 455.839 231.142 17.785 359.086 66.967 24.011 420.702 148.972 19.688 273.804 298.975 24.132 52.682 468.445 19.844 53.712 200.579 20.893 307.219 218.563 21.115 87.650 377.907 24.029 64.006 482.315 19.321 416.071 250.883 18.097 291.137 249.067 21.756 412.152 436.121 20.023 485.010 309.471 20.588 419.378 262.507 18.327 419.490 316.387 21.400 155.880 166.862 19.769 79.561 108.468 16.766 436.048 11.830 20.245 420.629 237.642 17.628 92.296 445.952 20.386 125.678 291.893 23.466 378.884 360.578 22.199 114.232 144.211 18.297 346.033 146.397 23.733 370.889 42.974 22.465 351.039 493.832 23.476 316.661 19.026 26.191 228.425 354.081 26.333 17.135 381.977 21.423 297.249 456.218 26.756 250.638 401.353 29.835 296.723 335.531 22.548 428.102 199.698 18.387 345.203 211.181 18.857 303.704 103.657 25.922 122.038 347.928 22.405 488.512 29.898 16.075 251.445 212.993 19.137 183.366 366.735 26.259 116.366 395.288 24.142 0.092 183.641 18.923 218.007 360.037 26.201 196.350 127.485 19.228 324.065 87.350 25.388 484.009 141.573 18.462 177.297 0.513 25.480 169.476 122.963 22.107 455.268 18.531 18.147 371.646 168.311 19.694 441.432 213.724 17.542 414.151 498.830 22.300 127.497 372.157 23.698 161.489 237.492 23.811 326.617 111.747 24.163 342.328 291.130 22.033 104.452 184.677 20.782 304.080 24.213 26.875 431.127 487.567 19.721 355.279 95.678 24.173 478.908 214.588 18.185 418.999 13.600 21.207 360.564 417.479 23.468 393.080 38.193 21.832 493.611 25.745 16.208 220.366 370.635 27.436 378.019 319.644 20.846 323.251 18.070 25.413 119.314 97.506 17.674 291.978 117.225 24.836 271.550 461.361 28.607 109.949 495.634 21.323 65.264 159.580 18.874 499.935 1.336 17.770 452.200 164.891 17.934 252.577 420.743 28.394 478.607 264.242 20.210 450.657 462.466 17.188 153.495 154.948 19.638 300.996 195.948 21.335 338.796 61.497 23.571 115.178 293.075 22.262 78.483 104.729 17.049 485.428 463.461 16.082 253.156 252.352 23.988 257.551 7.113 27.034 62.249 424.899 22.433 175.212 49.609 24.699 376.227 135.061 22.897 116.328 324.659 21.298 334.764 496.656 20.902 368.360 24.641 19.430 30.412 477.432 13.822 267.587 488.602 24.780 83.430 347.993 19.309 139.462 257.791 19.820 205.143 242.016 18.996 461.250 40.497 13.863 443.301 74.537 13.464 46.387 361.545 19.311 427.478 444.733 13.799 481.716 479.797 12.397 241.393 222.658 17.376 180.888 206.993 17.980 256.738 465.287 25.600 230.588 86.715 22.902 54.138 258.227 17.824 392.530 19.899 19.444 236.213 416.372 23.329 58.272 357.599 19.505 426.276 35.525 17.981 445.271 257.780 14.438 464.331 463.935 12.451 200.476 100.602 20.210 61.753 475.321 16.295 371.350 83.891 20.584 212.670 59.834 23.816 439.708 346.935 17.343 84.505 140.610 15.125 489.915 90.488 12.171 83.184 312.588 18.612 379.731 310.754 17.663 482.759 330.279 18.005 9.176 385.075 17.499 9.520 250.509 16.993 192.615 1.559 24.234 242.536 488.848 24.542 4.442 41.595 12.455 188.891 432.969 23.190 194.766 72.506 22.508 265.089 187.812 14.735 149.061 244.142 19.854 102.243 372.394 20.893 300.899 390.096 21.993 198.538 207.130 18.006 190.306 81.589 22.959 290.261 311.012 20.193 329.299 444.972 22.389 424.045 299.462 15.536 230.473 215.416 16.149 246.470 165.454 14.773 168.300 475.956 19.363 85.276 488.644 15.569 101.154 423.905 19.421 446.886 285.446 16.990 409.921 139.287 16.815 210.816 279.485 20.247 415.240 211.124 14.154 3.384 274.697 18.259 244.276 114.913 19.430 347.965 274.716 17.624 470.693 372.666 18.522 102.109 102.714 15.202 244.318 390.662 24.361 32.453 84.326 10.996 334.556 223.262 16.041 145.507 127.657 15.567 27.283 128.401 13.312 113.331 61.247 15.152 250.776 365.291 21.985 40.822 86.822 11.488 160.888 494.643 19.923 457.469 341.484 17.490 106.313 281.259 19.366 225.029 388.315 23.998 297.080 33.550 22.985 68.488 71.599 11.203 128.855 54.323 16.729 81.707 166.287 15.907 466.990 110.342 12.507 162.475 389.342 21.947 289.383 127.252 20.240 372.034 212.440 14.246 443.610 355.045 17.278 399.677 475.992 18.510 25.353 117.315 12.704 354.492 389.299 21.866 78.897 292.133 19.627 477.200 329.853 17.135 135.391 445.244 18.362 293.455 352.972 21.520 69.072 397.840 19.544 360.406 92.748 20.512 170.706 244.881 21.016 81.280 462.438 15.687 314.509 35.560 22.835 118.148 108.893 15.075 173.454 23.620 21.174 246.141 108.716 21.647 324.746 487.869 21.314 4.756 0.929 14.561 488.845 36.451 12.684 115.217 274.252 18.331 428.274 137.541 15.266 292.387 476.202 23.284 171.109 251.690 20.951 387.429 366.889 18.428 264.704 445.357 24.501 255.730 355.763 21.199 473.651 10.633 15.866 160.126 358.722 22.859 57.632 366.367 19.696 395.122 108.731 17.868 471.750 77.242 12.586 32.628 164.550 14.731 463.516 122.505 13.374 428.450 128.361 14.209 42.958 147.733 12.948 89.820 139.656 13.919 301.390 342.678 20.275 330.419 250.799 17.824 105.778 426.788 18.979 442.350 342.767 16.027 148.434 74.584 18.080 178.938 6.560 22.373 498.504 96.926 13.301 6.730 269.090 17.871 384.158 494.539 19.223 250.591 257.559 19.907 434.740 79.651 13.170 203.388 384.799 23.292 38.823 335.837 18.369 279.315 172.039 15.384 69.613 480.580 15.791 84.306 492.730 14.746 406.596 218.251 14.334 150.970 167.236 16.215 163.494 157.674 16.060 156.369 318.784 21.103 366.970 310.980 17.956 188.253 356.036 22.504 416.329 68.906 16.083 5.655 253.838 17.238 278.414 91.535 23.909 359.621 134.868 19.113 397.150 203.132 14.323 260.614 164.075 14.226 382.579 220.237 14.407 65.468 410.118 20.428 218.160 332.077 19.962 112.646 108.208 14.494 428.101 153.305 15.010 167.205 82.469 19.615 280.327 351.699 20.414 494.840 158.374 15.004 269.315 1.473 23.630 163.101 478.919 18.815 193.409 86.343 21.400 3.200 227.429 14.633 245.135 449.224 25.646 155.158 37.595 18.824 394.652 468.008 17.939 27.644 432.135 17.385 499.108 342.525 18.287 411.198 249.912 15.367 60.924 238.253 16.974 176.650 43.105 21.173 76.387 354.315 19.280 208.307 33.636 25.353 358.012 5.141 19.365 57.327 433.829 18.011 148.380 138.950 15.635 318.052 230.941 17.644 301.743 420.254 24.998 262.373 462.052 24.331 79.389 311.001 18.813 490.946 446.735 15.095 131.735 184.941 16.144 402.281 249.986 14.754 182.174 146.716 14.858 173.649 475.261 21.857 80.865 144.581 14.427 216.075 407.335 22.331 229.118 6.354 24.617 335.677 129.729 21.855 419.479 329.974 17.686 176.065 433.674 20.794 29.007 17.196 12.251 81.009 428.296 18.449 201.340 354.197 23.048 334.702 457.421 21.770 492.543 268.792 17.974 332.825 176.792 16.466 463.171 0.404 14.043 310.592 256.558 18.261 344.612 36.823 19.483 366.874 41.535 19.569 239.322 369.942 23.576 180.224 307.437 21.148 280.489 346.220 19.643 13.983 170.669 16.109 76.131 342.249 19.208 344.418 90.354 21.148 452.510 6.651 15.070 384.216 344.997 17.829 55.882 205.506 16.620 332.404 86.739 21.123 315.281 164.496 17.547 292.355 103.030 21.939 421.648 139.452 16.198 20.266 331.523 17.779 3.738 494.835 13.400 137.227 302.898 20.085 309.419 145.898 18.977 494.199 215.992 15.219 236.645 342.053 20.979 401.364 458.108 17.289 401.906 81.970 16.972 222.899 392.776 23.965 352.828 402.752 21.393 304.617 116.175 21.803 310.866 7.009 23.559 7.918 420.805 17.183 368.743 108.178 19.591 93.223 427.643 19.270 489.664 495.182 12.994 319.247 487.310 22.609 153.863 470.332 18.961 299.133 414.161 24.852 293.905 72.848 22.188 492.082 360.903 18.510 298.064 306.267 20.267 32.721 364.844 19.201 175.329 452.329 21.427 292.006 359.892 22.063 473.808 268.080 16.883 380.306 438.000 18.154 331.650 317.901 19.509 284.019 371.329 21.665 443.462 97.737 13.640 142.461 86.837 17.852 221.343 287.779 20.881 456.896 206.282 13.616 255.791 7.212 24.357 288.482 79.469 23.515 97.987 31.204 15.008 65.461 352.994 19.183 196.076 78.570 22.576 153.691 312.677 19.140 100.253 202.599 17.318 272.268 189.624 16.692 40.780 377.810 19.651 418.626 340.380 16.867 212.351 366.300 23.455 37.408 179.352 15.478 110.085 397.866 20.527 81.381 196.107 18.808 470.368 444.952 14.168 333.891 286.521 17.937 369.101 267.759 15.475 222.768 275.720 21.721 239.895 274.307 19.601 131.794 365.020 19.849 176.945 267.162 20.638 15.546 445.101 16.428 123.690 18.808 17.757 255.099 322.406 20.662 428.039 288.801 15.043 306.920 451.839 23.269 352.471 311.724 18.660 1.896 209.266 14.684 318.551 469.235 22.992 334.955 348.125 19.909 200.133 147.000 15.553 273.853 385.274 23.252 441.441 419.575 15.158 236.594 136.416 18.122 207.822 2.140 23.794 181.353 25.725 22.988 312.505 219.739 17.298 330.104 489.268 21.103 363.822 152.633 18.162 60.967 163.150 15.206 106.057 389.495 20.841 309.246 224.760 17.263 499.229 233.454 14.396 44.804 272.218 17.898 486.575 414.356 15.362 124.338 171.969 15.408 443.300 377.568 16.753 115.834 358.194 18.829 157.913 104.237 19.442 499.401 330.944 18.946 48.025 120.914 11.670 353.607 56.334 20.196 1.752 378.638 18.731 351.457 463.556 21.943 130.888 167.612 16.438 269.189 122.140 21.434 234.959 43.389 24.417 460.715 311.589 17.276 439.552 57.217 14.437 477.733 29.853 13.382 211.051 310.965 21.961 252.777 54.694 23.350 137.728 122.496 16.650 18.755 258.147 16.197 214.211 166.016 13.481 188.253 196.460 17.475 241.503 99.930 21.902 230.554 171.961 12.878 42.372 297.775 20.684 51.496 281.805 19.760 92.248 174.311 16.546 159.799 469.925 18.890 225.345 35.823 25.768 180.226 353.594 22.789 39.732 93.656 11.090 95.805 54.758 15.586 215.501 153.066 14.465 37.932 72.129 11.684 361.226 207.776 15.488 195.035 225.218 17.797 470.736 410.175 15.641 158.088 450.624 19.092 13.496 291.202 18.891 296.563 421.201 26.141 46.041 237.456 17.381 486.029 232.086 13.252 71.882 387.194 20.049 277.637 382.459 22.381 198.510 3.873 24.432 258.833 369.312 22.130 396.336 219.333 14.365 200.994 377.967 24.072 120.234 42.309 16.574 13.499 297.942 18.219 451.561 365.558 17.762 375.930 488.687 20.299 185.720 102.914 19.176 425.034 465.478 16.454 380.756 488.037 19.915 54.367 458.268 16.930 322.496 223.047 16.214 58.640 441.345 16.833 216.637 498.620 24.596 142.087 6.503 18.366 287.746 11.337 24.615 155.930 365.494 22.120 366.823 4.657 18.817 199.518 415.897 23.129 482.997 85.643 13.243 8.434 431.878 16.945 242.933 462.645 25.225 440.143 199.454 13.898 387.997 145.168 18.477 233.691 212.578 16.177 106.696 59.724 15.741 434.035 65.043 13.129 236.922 317.351 20.543 254.581 398.940 24.956 18.420 193.865 16.546 476.597 473.262 11.676 289.853 386.098 22.574 173.166 12.176 21.990 129.201 247.647 17.948 366.917 144.398 19.130 188.177 499.177 23.697 412.386 51.233 17.858 162.137 37.111 19.885 91.908 224.835 18.647 166.825 190.259 16.944 153.011 16.408 20.632 160.929 52.219 18.730 210.283 92.127 22.444 108.921 225.602 18.124 46.144 390.140 19.988 11.647 19.299 12.895 2.808 370.592 17.964 431.912 187.352 14.779 161.596 59.415 19.618 256.839 376.547 23.152 465.407 299.673 17.867 268.713 169.552 16.240 170.650 383.481 23.146 128.087 189.584 16.036 2.051 154.580 13.899 419.796 158.572 17.130 496.318 497.798 14.171 182.672 336.016 23.402 413.403 280.717 14.929 272.063 224.635 16.598 162.385 275.384 20.274 499.485 367.649 17.493 147.677 359.905 21.818 432.931 151.571 15.734 329.499 440.003 22.583 434.131 287.180 15.678 310.157 279.964 19.606 34.900 324.940 18.541 378.044 299.330 17.337 446.182 262.433 15.957 158.939 288.055 20.695 360.151 383.272 21.002 79.351 377.387 18.975 262.485 267.413 20.902 218.755 439.087 25.546 439.329 90.645 14.463 327.152 292.843 18.938 17.913 49.293 11.195 10.853 468.667 12.521 89.899 397.698 20.641 134.155 91.773 16.463 281.153 148.783 18.378 314.691 324.780 18.758 233.368 347.837 22.454 350.709 98.258 21.248 415.692 139.776 15.818 206.911 410.893 21.576 108.884 458.681 18.317 99.732 330.591 17.790 77.034 410.196 19.302 342.444 7.476 19.712 347.663 404.769 22.571 201.907 389.443 22.651 266.095 145.819 17.194 468.170 97.850 12.940 104.316 275.737 17.990 180.020 61.271 23.175 362.330 197.018 13.652 283.004 412.571 25.142 389.651 298.465 15.952 405.793 97.161 16.588 414.943 163.034 16.848 46.876 157.054 14.186 95.792 115.017 13.201 77.843 302.946 18.189 322.889 261.154 18.951 84.271 5.311 14.236 285.492 128.451 20.939 190.649 166.422 13.653 132.008 426.065 18.992 496.322 188.432 15.025 387.756 487.195 19.768 140.985 437.809 18.728 305.317 214.706 16.101 117.176 1.340 17.211 274.560 318.621 20.093 63.271 96.878 11.839 491.175 386.025 17.613 465.343 153.412 14.640 182.531 416.005 22.138 485.817 187.963 15.730 344.239 464.129 21.455 456.356 84.552 14.260 198.762 56.640 24.186 457.336 132.654 14.237 486.362 25.314 12.488 303.126 384.180 22.992 425.867 102.853 15.070 450.186 248.893 15.198 451.560 104.076 12.672 147.268 397.601 20.882 481.179 74.267 11.730 4.791 329.205 17.590 181.208 172.178 14.926 467.989 303.587 18.369 497.995 227.051 14.507 117.103 391.192 20.354 175.369 365.825 23.152 293.010 401.761 25.363 426.796 29.810 17.163 459.248 408.274 15.982 195.228 282.029 22.030 18.103 38.476 11.446 96.588 5.511 16.326 234.049 468.670 24.873 198.198 170.366 13.543 169.942 38.100 19.644 345.348 470.005 21.044 311.841 134.054 19.982 108.801 6.490 16.736 19.537 110.624 12.217 85.194 323.161 17.912 401.917 366.051 18.470 356.613 49.284 19.239 177.606 126.829 16.741 280.333 487.320 24.102 426.271 172.074 14.839 139.890 81.884 17.027 298.699 202.151 17.213 187.900 339.561 21.312 112.050 220.991 18.222 355.779 286.147 18.152 184.393 347.884 23.333 335.337 30.483 22.264 176.575 371.772 24.572 476.451 475.096 12.724 370.643 249.108 16.056 213.189 369.540 23.871 120.986 326.565 18.608 377.033 175.031 15.856 325.033 187.185 15.387 230.419 121.192 18.522 415.685 196.590 15.290 430.710 232.786 13.096 288.227 413.571 26.266 133.352 469.494 16.617 58.692 353.157 19.057 49.680 110.228 12.200 77.056 480.788 16.206 424.236 254.721 15.111 449.194 11.700 14.718 499.031 171.388 15.166 48.788 71.002 11.250 10.765 18.781 12.875 103.623 357.848 19.602 487.317 280.889 17.662 350.584 255.997 17.562 452.550 182.631 15.118 165.519 334.106 21.357 117.078 278.961 19.647 143.327 230.990 18.163 239.496 124.700 19.754 415.147 372.660 18.351 74.756 131.336 13.867 423.456 207.557 13.752 275.495 258.456 19.025 270.004 83.330 23.698 51.708 185.413 16.549 471.307 481.692 13.328 456.371 0.910 14.510 295.765 16.988 24.538 6.788 85.354 13.035 183.819 494.271 23.879 267.497 12.585 25.373 431.045 415.223 14.326 362.158 317.798 18.328 461.572 263.498 15.794 433.574 177.943 15.870 418.768 24.707 17.695 40.751 29.646 10.638 356.877 352.780 20.439 145.783 245.133 20.083 406.930 499.254 19.078 397.369 438.436 17.363 376.517 428.211 18.100 423.149 434.339 13.573 426.436 292.363 15.557 415.364 287.206 14.647 434.366 310.765 17.638 301.595 337.599 19.626 415.546 153.584 16.211 11.633 495.416 14.134 227.810 263.163 19.146 361.488 233.880 15.023 23.291 203.108 15.248 279.842 211.608 17.415 370.147 397.219 19.919 65.126 347.929 19.659 189.120 482.197 23.480 261.896 430.917 25.733 134.245 481.896 17.660 466.426 115.656 12.452 334.811 212.331 13.309 487.677 305.661 16.891 240.462 468.572 24.939 347.838 298.491 18.483 219.310 282.443 21.326 473.275 397.279 16.052 455.022 268.064 16.516 62.944 279.248 19.435 118.532 341.233 19.043 236.532 218.503 14.618 228.435 79.469 23.015 474.918 342.590 17.482 434.500 32.530 17.482 497.206 432.867 16.403 451.220 495.040 15.547 197.351 12.703 23.934 63.596 209.819 16.715 6.987 46.858 13.124 237.743 292.681 19.363 497.334 285.927 18.496 432.927 420.653 14.779 153.980 362.109 21.709 66.678 206.788 17.025 332.807 444.879 23.006 86.923 36.653 14.671 394.925 497.720 18.356 467.711 395.257 15.031 83.279 55.056 12.068 287.724 235.955 18.013 64.700 67.604 11.734 34.099 170.252 14.748 454.677 237.135 16.243 318.682 499.844 23.555 419.224 486.576 17.645 20.018 316.864 18.112 51.998 408.878 19.151 215.000 118.194 19.630 43.847 178.967 15.386 132.954 462.716 16.414 170.356 267.956 20.525 428.701 225.266 13.342 322.668 66.368 22.051 193.541 26.288 23.824 25.417 111.552 12.446 115.494 237.312 18.708 345.369 354.222 20.452 196.418 102.689 19.873 423.128 349.306 17.999 220.945 248.975 20.258 300.428 282.635 20.581 363.778 220.443 15.727 418.867 182.731 15.712 466.363 18.006 14.122 315.371 42.321 22.188 58.863 274.439 19.018 249.471 268.952 20.003 466.149 43.466 14.957 9.773 310.300 17.756 430.486 427.351 13.208 374.346 84.324 20.572 74.741 87.271 11.215 131.018 217.017 18.199 257.526 360.378 22.639 31.807 183.324 15.545 190.733 6.169 23.604 339.685 122.382 20.446 488.382 354.502 17.839 68.527 266.850 18.468 8.857 7.951 13.490 415.627 322.822 18.536 160.953 317.708 19.662 288.542 268.584 20.040 21.312 5.663 14.299 306.999 304.536 19.408 252.819 201.944 14.035 1.933 236.365 15.080 386.391 389.017 20.303 322.092 248.480 17.143 79.953 83.576 12.113 68.445 499.238 14.113 256.438 25.148 25.262 466.641 189.280 14.277 32.515 265.908 18.319 206.891 422.416 23.428 263.459 318.542 20.136 343.341 242.910 17.538 227.954 317.993 21.820 65.932 249.097 18.014 87.832 195.198 17.005 286.628 438.552 24.404 437.780 267.838 16.360 99.535 311.919 18.153 430.382 132.852 15.080 133.290 8.146 19.085 288.755 351.307 20.971 83.209 220.612 17.494 30.590 304.575 19.330 341.535 267.470 18.078 248.674 407.286 24.552 9.776 335.402 16.602 372.530 5.409 18.992 345.441 101.492 20.168 301.661 477.325 24.138 455.354 415.413 14.792 359.304 469.665 22.134 467.140 286.579 16.870 90.945 297.013 17.819 169.068 377.801 24.061 259.016 159.804 15.107 53.638 361.490 20.119 472.906 175.746 15.291 247.980 422.114 24.211 473.483 43.992 12.806 110.195 357.114 19.379 242.497 207.909 14.486 250.483 24.434 24.863 151.580 195.463 16.799 266.486 226.057 16.749 25.970 487.891 13.593 487.125 48.851 13.001 3.550 418.735 17.233 385.488 154.448 16.811 393.485 207.378 13.981 223.165 160.316 12.838 463.239 104.467 12.990 325.020 475.369 21.776 413.102 341.598 16.783 442.055 46.250 15.707 492.244 168.330 15.494 410.708 487.077 18.512 175.426 303.576 22.067 250.804 378.189 23.565 253.910 310.694 20.494 322.208 273.995 18.272 425.718 427.193 14.909 6.746 97.780 12.972 2.217 304.315 18.663 443.131 310.115 17.078 125.166 18.840 18.363 172.204 321.858 21.280 310.551 484.455 22.418 372.922 359.027 19.728 273.232 479.974 24.291 451.601 292.637 17.107 149.871 302.860 21.093 14.891 176.660 15.812 265.345 410.034 24.946 72.739 19.261 13.242 248.237 155.743 15.980 489.796 7.913 13.013 36.675 205.885 15.923 260.919 324.635 20.725 428.299 256.861 15.770 404.052 342.314 19.551 5.227 377.898 17.558 196.199 186.690 15.474 77.243 44.807 13.066 491.969 410.411 16.280 375.380 378.585 19.495 462.738 86.306 12.859 207.399 5.355 24.338 397.444 165.233 16.254 318.656 354.366 20.875 103.057 18.797 16.273 190.661 395.534 23.444 233.644 208.522 15.114 173.060 178.377 15.549 9.854 227.803 15.046 470.758 145.905 15.100 499.788 303.542 17.877 490.313 228.608 13.945 357.651 421.191 20.776 69.742 159.766 14.819 368.610 184.485 15.075 314.477 249.614 17.651 379.497 102.474 17.870 242.792 123.639 19.791 336.676 110.522 21.269 255.721 36.501 24.114 201.426 194.008 15.714 446.831 30.854 15.218 87.347 60.010 14.108 123.623 54.682 17.155 171.354 165.404 15.462 310.430 19.251 23.332 442.236 142.367 14.993 407.780 329.523 17.178 446.888 235.634 14.899 397.553 421.901 16.690 191.624 493.367 23.474 6.700 85.125 12.964 87.787 152.279 15.404 226.158 94.372 22.408 151.807 232.442 19.013 0.181 84.616 12.527 259.115 396.218 25.116 280.725 392.037 24.057 58.973 261.863 18.946 162.564 350.888 21.912 89.051 498.062 15.246 346.540 280.880 17.798 472.540 238.117 13.945 443.381 177.731 15.366 329.498 244.591 17.898 291.308 372.360 22.153 357.611 18.073 19.979 50.356 307.562 18.827 257.430 123.769 20.538 37.979 35.078 11.243 184.826 446.473 22.294 493.185 310.994 17.992 89.590 322.879 18.642 63.103 395.563 20.358 394.646 54.414 18.236 396.437 481.929 19.665 229.035 393.154 24.250 168.989 173.648 15.788 93.333 399.084 21.483 33.796 53.883 10.177 333.110 43.270 20.467 494.179 414.915 16.780 294.165 146.686 19.000 480.136 426.357 16.378 169.349 348.429 23.338 224.127 374.942 24.294 193.718 419.002 22.781 173.196 400.710 23.273 202.131 476.426 25.023 126.345 332.452 19.084 490.681 202.673 15.551 29.006 456.523 14.370 33.462 7.789 11.932 176.958 301.134 21.236 0.562 316.282 18.172 465.670 282.243 16.899 274.015 237.688 17.754 8.397 61.032 11.214 284.982 158.763 17.400 453.124 119.404 12.765 30.889 156.782 14.080 242.971 97.065 22.408 62.046 132.916 14.461 254.743 493.394 24.077 345.689 396.561 23.349 154.078 146.846 16.028 458.271 175.245 14.186 40.362 321.000 19.037 285.331 433.392 24.300 110.554 378.214 21.851 54.154 152.505 13.623 391.106 286.489 14.571 22.829 374.207 17.710 321.898 176.022 16.884 155.717 143.744 16.004 338.328 25.054 20.417 226.980 12.390 24.587 459.624 199.965 13.417 269.940 39.554 24.276 154.820 293.281 19.691 475.024 389.606 16.946 393.875 499.703 19.872 86.666 373.080 20.628 187.221 298.560 20.718 190.862 151.368 15.109 484.820 263.667 16.489 115.221 182.267 16.255 329.438 309.454 18.848 260.481 124.937 20.403 466.957 347.241 17.314 403.006 226.503 15.402 410.503 66.513 17.376 383.883 31.152 19.348 14.343 207.987 14.476 368.283 96.576 18.753 247.548 126.626 19.389 16.655 30.698 11.086 81.908 498.255 14.802 339.083 499.738 20.209 424.905 83.868 13.626 212.326 329.720 20.771 78.514 306.926 18.370 175.081 317.749 20.900 309.101 54.012 22.515 331.369 257.729 17.565 59.998 129.523 12.225 264.246 456.163 25.364 264.023 3.234 24.408 126.176 138.354 16.600 221.359 130.534 17.987 77.219 92.255 11.434 478.016 384.230 17.098 246.594 382.432 23.149 254.795 437.718 24.408 310.092 247.799 17.509 325.278 450.397 22.880 358.946 5.805 18.949 449.409 190.073 15.576 114.936 132.202 16.382 196.862 213.158 18.506 469.573 402.916 14.607 361.616 245.670 16.554 37.861 499.720 13.525 319.169 499.739 23.749 180.542 7.082 22.872 243.607 407.747 23.178 250.804 342.102 19.244 497.671 103.778 13.724 69.649 82.912 11.148 153.697 480.439 18.944 314.690 434.782 23.287 384.416 214.364 13.660 171.414 213.475 18.852 5.728 13.809 13.605 486.025 450.391 14.704 163.838 250.258 21.270 384.377 360.703 18.260 403.217 422.155 15.793 330.388 67.327 21.187 145.120 54.073 17.234 115.943 128.145 14.831 458.189 90.344 13.701 389.541 6.745 18.458 125.861 98.381 15.799 73.539 67.795 12.433 12.524 479.744 13.804 460.174 114.178 12.423 374.172 460.754 20.081 332.368 0.530 21.285 95.936 468.126 18.189 5.649 243.114 15.762 49.178 50.272 12.484 124.788 392.330 21.204 457.581 327.749 17.102 404.477 207.297 14.124 64.378 273.155 18.578 499.940 476.196 12.202 177.340 482.899 22.172 38.320 358.974 18.999 438.445 412.877 14.601 395.250 0.283 19.752 100.817 463.908 16.462 29.809 219.348 14.664 293.277 26.195 22.828 201.892 48.352 23.121 490.660 188.429 15.083 127.974 179.530 16.326 276.652 204.883 17.261 56.745 402.999 19.636 208.127 120.193 18.160 212.035 80.125 24.345 470.484 348.519 18.140 362.871 378.364 20.825 69.336 450.733 17.000 360.415 343.278 19.947 18.304 499.059 14.305 104.448 499.013 16.385 142.822 409.558 20.172 140.987 348.590 21.321 447.078 4.649 14.742 194.703 475.730 23.162 116.322 408.042 19.515 57.127 282.098 19.157 211.830 47.473 25.451 488.643 207.688 14.925 417.266 220.088 14.702 491.295 249.145 14.938 250.724 248.791 20.411 414.733 224.105 13.386 499.955 267.413 17.922 199.024 139.279 15.478 406.807 86.280 15.984 97.418 40.842 16.556 45.015 199.435 16.646 35.007 3.788 12.486 418.089 0.267 18.133 145.190 419.292 20.041 261.711 258.907 20.892 4.788 44.306 11.977 217.452 243.913 18.871 249.398 437.577 25.003 214.273 445.639 25.047 380.766 477.009 21.067 154.620 462.700 17.506 121.519 262.350 20.120 432.106 97.845 14.682 444.639 489.483 16.563 385.371 250.555 15.082 34.995 464.254 14.151 231.628 378.475 24.050 54.189 66.115 11.926 138.458 230.979 17.884 9.788 140.432 13.634 57.266 452.013 17.662 399.317 415.553 15.540 4.032 237.204 14.275 158.642 18.052 20.891 152.607 66.735 18.172 325.264 256.034 17.319 119.279 329.305 18.753 18.363 267.905 18.442 36.949 47.930 10.594 237.371 353.182 23.085 396.503 333.860 17.568 214.484 91.116 22.898 59.912 421.857 19.399 162.195 256.303 19.587 41.668 372.621 19.270 281.617 305.087 19.492 394.024 265.784 15.697 305.799 232.045 17.767 38.314 326.942 17.815 319.763 98.412 21.906 56.333 70.996 11.112 325.246 12.138 22.381 216.702 43.135 24.384 186.894 462.748 22.439 358.290 208.188 15.641 420.174 224.833 12.316 337.182 255.475 18.362 394.817 157.843 16.815 94.414 149.575 15.271 292.125 226.925 17.513 468.755 364.182 17.825 479.197 92.980 12.938 82.078 273.542 18.675 42.669 353.517 19.796 432.495 147.700 15.682 384.282 469.230 19.436 427.881 115.777 14.007 19.375 306.838 18.193 410.814 158.291 17.319 139.699 334.597 19.750 146.638 324.755 19.929 345.639 415.013 21.825 252.219 228.529 17.589 149.681 95.537 17.286 466.939 312.219 17.645 386.643 304.654 16.632 421.395 444.598 14.687 443.900 197.614 13.734 459.468 499.965 14.643 244.991 54.999 23.522 336.153 242.665 16.776 22.930 431.898 17.128 336.791 268.918 18.131 63.733 385.569 19.521 203.223 299.566 21.329 191.034 5.177 24.849 177.967 499.920 21.124 122.607 487.163 17.525 455.910 359.264 16.516 386.896 195.053 15.501 385.262 481.446 19.213 277.010 378.990 21.929 242.945 328.042 19.387 157.213 413.479 22.057 26.061 267.153 17.736 250.498 117.548 20.471 46.429 420.243 18.415 453.199 55.711 13.788 367.234 191.231 15.289 458.548 213.072 13.431 398.931 205.897 13.717 437.226 207.972 12.465 171.250 111.685 18.613 52.872 263.450 17.533 189.996 408.735 21.867 78.737 175.909 16.904 231.464 458.307 25.777 61.055 3.552 12.622 153.579 236.191 20.519 73.022 404.130 19.859 272.079 285.263 19.953 346.074 433.480 20.385 87.862 95.596 14.099 206.564 341.238 21.090 69.559 425.051 18.593 9.330 299.688 18.251 196.681 176.563 15.075 452.580 226.109 13.657 489.658 274.810 17.260 409.361 407.457 15.708 23.185 224.968 14.743 456.794 242.012 14.420 158.226 173.102 15.651 34.772 80.031 11.744 240.655 322.190 19.957 349.255 83.531 20.756 322.489 183.281 16.325 314.952 202.413 15.539 100.315 144.381 14.092 216.624 492.291 25.457 305.154 328.939 19.096 90.905 432.217 18.040 451.386 304.650 17.181 369.415 364.422 18.961 188.817 134.088 15.576 187.326 11.947 23.689 45.514 154.358 13.570 410.991 231.876 14.757 326.734 386.636 23.747 307.409 464.686 23.077 82.340 151.863 15.082 192.204 353.256 22.889 319.816 133.156 19.574 294.068 253.945 19.485 87.166 366.106 18.452 108.962 200.218 17.476 357.682 165.570 17.513 167.824 11.468 21.936 13.959 35.487 11.692 255.518 183.496 14.484 64.285 19.659 13.491 37.622 1.779 12.978 499.165 329.116 18.563 330.283 281.320 18.523 404.174 43.622 18.994 421.431 400.121 15.335 380.899 120.188 19.294 269.684 139.882 18.668 403.705 263.157 16.502 386.119 43.410 19.342 242.616 347.369 21.878 69.170 342.596 18.616 202.928 136.458 15.518 284.813 6.490 22.508 167.438 163.244 15.817 310.609 212.551 16.753 410.708 53.970 17.761 292.061 206.668 17.705 19.334 73.793 11.924 491.854 86.335 12.674 47.566 56.647 10.711 72.316 202.676 18.403 265.953 102.754 22.543 117.327 25.489 17.991 420.527 420.049 15.236 254.260 29.667 25.122 31.219 437.635 15.741 276.624 37.593 24.942 316.949 73.475 22.030 292.406 203.213 18.266 471.634 434.413 14.827 174.257 90.198 19.772 258.156 115.017 22.192 473.613 187.424 13.867 286.283 206.858 16.807 419.873 3.147 18.060 133.947 142.518 17.263 7.477 73.030 11.732 0.441 1.444 13.509 302.960 52.202 21.478 172.966 210.664 18.982 372.906 422.390 19.156 78.477 238.018 17.431 435.717 72.378 14.895 107.134 498.522 17.538 477.968 16.351 13.419 326.446 177.146 17.560 285.148 312.349 20.219 179.946 375.275 24.630 252.467 385.360 23.904 66.479 31.168 13.877 483.334 341.009 18.203 399.035 232.859 14.481 185.303 166.597 13.912 483.445 78.860 12.715 45.337 303.758 19.682 2.001 165.048 15.852 62.541 220.365 16.668 404.117 17.744 19.037 62.993 27.007 12.548 470.849 288.041 17.767 184.188 137.569 14.699 300.397 172.367 17.730 3.679 206.147 14.815 276.511 371.244 22.124 288.450 434.393 25.040 123.633 73.156 15.665 84.503 333.863 18.342 467.694 389.859 15.541 444.098 243.279 14.615 67.199 283.166 18.329 162.077 206.978 17.672 448.856 473.420 15.036 156.083 474.829 18.683 315.544 284.516 19.535 136.125 439.641 18.396 305.505 269.215 18.524 256.603 11.992 24.799 58.619 384.505 19.311 92.172 142.301 14.474 117.829 73.367 16.431 414.493 39.056 17.895 493.977 463.155 12.717 137.087 97.220 14.878 327.135 189.794 15.266 324.408 95.975 21.477 390.920 238.959 16.056 366.414 327.257 17.351 206.237 146.797 14.543 160.946 3.315 20.466 403.019 5.630 19.798 23.053 244.301 15.376 498.071 265.114 17.163 444.174 450.359 14.508 201.267 407.420 21.753 407.631 158.671 16.106 254.500 60.924 24.055 103.071 248.506 18.991 398.321 237.220 15.842 127.280 0.298 17.639 300.709 497.550 23.073 162.493 47.031 19.307 330.823 72.818 21.814 332.814 272.928 18.973 103.942 420.529 20.317 275.814 389.702 23.511 96.059 387.831 21.801 108.628 422.195 19.336 91.745 168.273 16.852 342.927 451.488 21.315 295.791 43.990 23.674 153.715 334.541 20.395 244.437 395.181 24.909 344.470 107.771 21.255 198.368 18.507 24.119 482.374 243.180 13.632 46.185 65.899 11.305 149.344 377.649 22.916 413.245 72.147 15.935 50.635 414.756 19.166 306.466 196.106 16.624 441.043 152.031 15.760 23.303 31.464 11.104 202.165 248.801 18.351 14.930 345.884 18.921 477.591 139.380 13.750 495.351 165.751 14.468 141.095 30.186 18.868 491.165 119.976 13.300 79.413 346.698 19.941 352.409 456.836 20.176 287.383 487.515 24.186 330.617 61.138 20.180 48.949 98.638 11.251 74.743 303.069 19.421 367.327 380.121 20.632 50.711 12.052 12.448 405.113 487.499 18.667 357.095 254.510 17.645 490.481 72.621 12.565 24.340 342.574 19.438 426.941 489.401 17.894 264.937 19.507 25.559 153.554 103.152 18.209 454.862 316.414 17.013 180.842 402.498 22.812 412.568 378.678 18.782 78.990 358.004 20.125 135.150 173.695 15.891 64.715 315.793 17.849 99.803 499.874 16.321 283.656 299.464 20.694 242.411 42.006 23.898 356.655 73.179 20.547 147.856 353.529 20.171 146.914 214.079 17.680 234.694 223.309 17.129 204.128 481.361 24.603 317.067 79.452 22.577 404.235 153.984 17.377 131.299 452.845 17.961 2.343 480.372 12.650 481.573 267.919 17.199 446.170 458.972 13.713 6.363 366.351 19.260 196.245 445.284 24.136 201.963 200.798 15.407 176.796 18.836 21.948 29.875 327.901 17.715 471.326 0.306 13.028 28.731 247.549 15.290 230.070 291.643 19.565 197.413 115.223 18.737 8.108 372.633 17.895 82.365 244.736 18.773 34.832 11.004 12.346 488.694 115.800 13.567 323.560 91.421 22.117 479.375 43.152 13.888 398.815 24.847 18.922 301.610 408.605 24.609 6.065 257.934 16.815 101.189 367.453 20.733 311.355 399.003 24.898 268.507 390.374 23.398 258.712 310.671 20.575 166.176 114.867 19.125 400.199 299.585 14.796 324.153 380.692 23.585 399.344 318.485 17.854 261.275 348.127 21.156 16.044 214.061 15.278 424.288 181.901 15.000 141.593 371.736 22.848 284.476 6.233 23.161 273.905 415.377 24.592 269.970 228.161 17.384 57.198 180.858 15.760 107.671 54.316 15.355 328.463 55.526 21.543 220.878 448.131 26.030 121.775 308.277 19.210 223.852 428.382 23.621 175.409 412.915 21.544 432.695 23.106 17.202 298.379 395.667 24.291 389.450 408.602 16.976 263.310 100.721 22.394 190.588 201.650 17.200 243.611 162.786 15.225 2.894 433.738 16.512 95.674 26.688 16.514 375.629 474.721 19.971 77.850 213.336 18.503 134.669 82.088 17.515 225.588 291.694 21.153 67.755 195.019 18.079 233.385 488.153 23.453 59.105 271.132 18.421 203.215 227.779 18.613 157.668 200.423 17.380 5.512 158.575 15.199 338.870 388.389 23.317 134.327 419.854 20.303 125.130 463.882 16.336 12.427 463.691 13.057 332.126 328.350 19.580 228.955 432.073 24.474 116.396 298.231 19.689 254.701 172.449 14.281 58.214 141.266 14.834 380.535 106.331 18.477 261.100 436.429 25.566 203.060 324.460 20.823 98.979 110.379 13.700 137.487 207.597 16.946 311.111 97.586 22.436 194.993 339.110 22.298 106.759 237.567 18.905 362.582 146.590 17.939 276.882 53.417 23.787 87.924 415.294 19.158 287.231 263.476 19.749 400.877 97.488 16.403 263.803 21.488 26.153 276.194 183.734 16.041 151.136 314.263 19.282 283.028 156.023 16.977 490.726 434.684 16.813 204.043 360.105 22.918 4.512 213.128 15.509 272.864 202.158 16.472 359.256 287.786 18.116 269.123 218.739 16.975 339.624 250.618 17.112 305.219 133.717 19.455 385.480 462.831 18.177 236.294 267.132 20.338 59.963 189.066 17.267 190.339 67.503 23.082 291.571 139.583 19.869 51.023 197.196 17.191 291.650 42.301 24.033 39.596 383.802 19.906 263.901 341.244 20.958 360.079 499.174 18.987 6.173 206.442 14.628 431.501 300.157 15.792 230.854 71.429 23.785 72.357 115.697 12.486 251.294 186.210 13.732 85.608 91.235 12.178 20.617 229.368 15.013 104.180 446.124 17.852 456.565 255.325 15.851 89.584 403.829 19.848 410.239 6.842 19.620 420.280 436.213 14.871 153.783 445.218 19.038 150.390 256.180 19.422 474.124 184.085 15.256 205.716 304.335 21.357 104.566 143.787 14.988 50.795 221.195 17.139 490.788 426.467 16.715 105.923 353.366 19.686 155.153 85.942 18.826 467.420 267.823 16.713 377.161 170.541 17.045 210.306 455.995 25.118 472.631 18.972 14.464 313.056 171.640 18.524 410.817 146.498 16.793 84.850 31.619 13.795 11.990 43.197 11.636 333.575 410.746 24.871 314.350 55.160 22.545 350.313 109.810 21.109 382.113 452.018 18.031 379.061 5.966 19.441 2.988 213.192 16.367 360.715 494.665 19.374 152.670 31.186 19.979 166.184 263.239 20.278 397.140 218.984 14.155 232.387 219.212 16.447 474.010 366.111 17.837 274.554 98.994 22.890 356.202 499.615 20.480 256.581 280.722 20.051 21.116 480.231 12.352 67.850 486.602 14.734 299.042 385.800 23.562 237.622 186.443 13.176 423.873 2.201 18.468 447.791 273.280 16.592 65.586 55.724 12.184 457.673 303.072 17.421 233.640 298.323 20.661 61.182 390.875 18.644 438.208 243.332 14.269 385.747 321.222 17.221 444.599 268.657 16.231 28.403 494.555 12.381 178.413 419.799 21.043 109.460 297.012 18.540 57.632 376.066 19.061 441.934 444.925 13.665 1.870 117.514 13.141 277.049 419.162 24.290 132.594 265.782 20.041 337.288 462.818 21.721 119.377 414.682 19.721 495.772 56.113 11.923 62.606 311.701 17.922 200.224 220.718 17.295 286.786 134.934 18.684 282.392 205.620 17.280 498.750 279.839 19.016 346.951 292.972 17.093 339.218 417.564 23.109 482.600 111.201 12.575 166.579 423.797 20.203 39.754 135.837 13.001 153.549 251.140 20.254 277.492 78.372 24.045 280.352 329.119 20.117 413.433 476.465 17.501 332.432 427.810 22.935 214.151 353.420 22.537 456.708 162.199 14.773 308.601 189.591 16.876 395.566 42.724 18.104 353.861 293.376 16.690 458.729 102.560 12.500 496.877 479.557 13.612 184.413 262.447 19.570 22.134 213.240 14.495 480.717 218.141 13.467 220.339 73.630 23.669 229.753 357.009 22.308 331.647 462.174 20.883 6.112 25.511 13.691 165.397 479.391 19.987 170.679 130.122 15.837 204.885 438.996 24.028 190.900 300.053 21.059 185.115 251.598 19.128 420.940 186.567 16.033 82.452 232.784 17.440 49.159 389.561 18.805 462.511 376.426 18.077 128.999 274.880 18.863 348.652 315.618 20.468 163.814 30.353 20.466 437.498 108.620 12.735 143.615 193.605 16.455 434.297 347.022 18.230 71.000 421.334 19.705 202.442 28.825 23.921 369.703 327.851 18.747 291.958 67.246 23.468 92.583 37.220 14.476 318.572 108.456 21.726 71.141 43.243 12.775 89.220 243.451 19.205 407.879 213.388 14.867 133.895 12.343 19.442 102.185 469.338 17.047 118.154 12.276 17.169 421.829 408.815 15.254 433.354 277.306 15.946 20.865 292.414 19.214 299.080 211.450 17.231 431.779 111.315 15.237 384.978 114.888 18.674 118.437 103.805 15.127 364.326 383.188 20.653 221.476 16.715 24.718 64.879 468.857 16.963 436.737 459.493 14.225 332.749 307.453 19.334 175.121 464.280 21.297 468.943 61.468 13.249 207.960 95.765 21.199 420.439 286.546 14.666 23.550 1.082 12.668 410.960 323.145 18.026 4.935 33.654 12.368 14.630 101.349 13.344 411.880 120.564 16.031 428.939 188.458 14.606 180.303 291.746 21.613 47.085 103.648 10.903 375.129 450.723 18.743 205.957 365.729 22.963 168.160 272.154 19.800 220.571 110.149 20.214 14.207 55.478 10.145 442.205 328.312 17.247 431.440 119.420 14.018 342.780 359.834 20.980 31.566 245.627 16.785 111.795 23.154 17.958 472.295 456.883 12.549 294.605 134.665 18.691 136.006 352.975 19.549 33.968 214.802 15.984 369.417 242.724 15.673 455.808 449.776 15.110 364.391 285.992 16.842 260.342 107.039 22.752 422.619 43.132 17.593 366.605 212.575 13.572 155.015 184.981 16.812 282.809 133.927 20.114 43.360 424.971 17.732 470.584 102.378 12.366 30.623 471.278 13.885 60.413 464.720 16.876 486.447 98.313 12.430 401.037 305.163 17.268 353.739 207.989 16.543 122.705 103.475 14.837 376.512 407.496 19.828 37.097 86.535 11.323 454.941 170.859 15.343 3.757 29.110 13.010 241.843 414.053 24.211 100.026 440.051 17.568 456.017 73.094 13.264 352.350 281.763 18.139 152.178 341.282 20.980 458.990 287.244 16.586 378.687 422.306 19.228 497.408 34.453 13.329 149.586 436.191 18.585 219.634 29.126 25.703 320.594 181.422 17.437 98.413 354.814 20.714 76.449 460.269 17.632 499.248 413.106 16.257 291.977 412.042 25.159 152.400 323.547 20.840 28.433 65.477 11.566 363.954 5.763 18.929 345.470 372.301 21.321 215.563 3.843 25.951 12.181 87.505 13.236 499.407 315.730 16.825 349.356 50.996 19.781 392.749 163.158 17.431 383.451 354.249 17.675 169.827 225.089 19.193 300.866 63.066 22.687 240.741 309.966 19.801 250.726 253.257 20.568 108.765 386.019 20.850 497.340 201.839 15.305 203.936 158.292 14.299 236.850 439.623 25.045 483.674 407.984 15.350 367.658 199.671 14.020 189.785 2.249 22.435 79.443 115.371 13.027 492.274 61.575 11.681 95.870 65.900 15.484 468.455 352.813 16.691 91.004 286.433 18.062 497.373 341.438 18.347 451.163 137.121 14.510 133.643 195.844 16.651 190.782 336.228 22.384 95.929 184.141 17.248 455.939 129.851 13.797 361.300 329.120 19.227 113.406 234.068 17.896 385.870 420.803 17.863 399.897 67.142 17.676 92.728 133.285 13.310 159.323 157.255 16.087 285.728 212.280 17.714 237.482 61.647 23.302 409.541 357.743 18.390 274.075 366.938 21.997 173.224 18.046 21.743 389.076 110.755 17.464 139.140 18.541 18.804 387.250 23.660 19.432 452.438 435.172 13.390 191.042 456.396 22.613 377.291 92.829 18.219 233.971 99.762 19.819 273.630 165.032 16.645 453.869 313.641 16.335 51.585 5.840 13.127 124.801 279.711 20.392 314.699 419.620 24.008 474.114 359.518 18.167 479.694 391.912 16.453 361.182 188.112 15.220 447.255 359.148 16.329 274.781 293.995 19.296 230.534 327.997 20.243 312.934 246.112 16.573 318.278 384.075 24.200 209.411 236.826 18.276 111.664 73.231 15.502 273.679 61.241 24.658 46.462 492.799 13.435 195.407 346.951 20.654 182.130 342.362 22.418 0.802 414.061 17.252 385.990 268.637 15.025 185.536 394.459 23.204 26.604 120.754 12.686 133.498 432.140 18.678 286.969 112.173 21.150 160.437 85.106 18.609 65.836 303.183 18.886 218.689 184.520 14.736 360.324 116.959 19.714 296.424 260.594 19.829 405.367 293.698 15.318 359.237 195.561 15.897 446.869 153.130 14.591 225.437 140.318 14.946 127.348 158.399 15.273 245.698 365.674 22.494 19.321 424.630 17.215 181.299 72.635 23.486 418.651 281.183 14.845 481.928 228.955 13.952 248.648 60.890 23.971 416.690 199.943 13.742 492.956 244.616 15.890 26.549 256.683 17.239 337.664 96.266 21.246 353.305 152.564 18.496 8.005 263.347 18.032 244.616 499.504 24.376 35.863 298.380 18.453 63.331 179.233 16.014 209.024 480.797 25.612 465.103 493.041 12.753 211.666 342.189 21.161 135.159 426.388 18.878 11.162 163.263 13.452 412.188 24.416 17.821 475.309 352.085 17.803 353.532 128.125 20.750 292.256 110.070 21.041 377.135 65.427 20.032 148.439 177.489 16.503 89.599 311.139 17.645 485.470 104.444 12.460 157.795 330.122 20.449 449.404 59.706 12.923 115.091 495.026 17.448 45.748 61.081 12.609 209.115 233.349 18.766 492.301 229.385 14.113 403.802 471.646 18.788 498.543 397.903 17.489 213.605 452.501 25.411 497.565 358.028 18.359 270.319 354.203 21.073 23.060 165.337 14.615 4.680 355.131 18.906 270.833 369.531 22.108 203.727 206.220 16.546 267.078 159.163 16.063 176.813 409.918 22.368 115.524 189.892 15.353 217.652 109.734 19.495 371.401 189.516 14.586 240.572 255.929 20.403 186.980 243.187 18.712 193.613 48.147 22.943 499.160 133.291 14.512 350.806 218.472 15.349 85.594 339.131 19.128 295.491 366.035 21.500 6.059 280.400 18.385 106.632 415.220 19.732 234.367 433.115 25.449 187.806 254.339 19.748 278.362 376.074 22.972 399.182 498.635 18.885 465.833 384.930 15.713 84.690 18.367 15.777 462.768 415.151 14.628 221.876 298.060 20.891 242.613 316.914 20.167 498.919 134.865 14.537 364.345 181.627 15.725 23.023 24.172 10.719 319.794 244.169 17.311 373.432 392.215 20.545 120.632 217.576 17.898 372.172 140.278 19.759 205.025 132.945 16.320 397.853 101.059 18.273 78.453 4.695 15.066 294.390 267.048 19.697 442.506 19.425 14.914 300.611 230.787 17.834 193.180 262.810 19.701 74.645 279.004 18.476 306.960 157.342 18.225 147.250 114.977 15.638 437.866 499.072 17.027 50.567 133.359 12.104 484.249 164.692 15.305 8.224 201.586 15.122 423.865 121.903 14.715 498.014 384.620 16.134 2.790 89.102 13.462 306.178 188.519 16.146 398.647 329.166 17.430 347.339 482.643 21.503 469.193 475.595 12.555 415.567 493.574 17.858 355.890 22.369 19.082 365.040 354.434 19.691 382.188 207.869 13.967 475.705 36.400 13.344 100.598 21.826 16.228 389.500 420.353 17.712 96.167 237.187 18.309 325.231 81.262 21.682 70.951 0.425 14.215 163.822 4.634 20.458 139.268 285.690 20.415 338.919 141.208 20.481 114.193 463.871 17.425 93.980 48.274 15.168 439.368 160.362 15.104 98.476 185.148 16.620 7.884 416.925 16.869 394.162 74.750 17.229 164.385 280.570 19.487 431.095 85.441 14.554 134.139 102.553 15.965 179.485 268.429 20.691 172.392 42.824 21.126 301.934 487.006 24.132 6.792 342.542 17.012 111.559 499.936 17.918 456.371 25.008 15.008 19.319 378.822 17.652 427.955 469.352 16.996 74.317 111.432 13.114 171.637 341.264 21.918 118.005 143.939 16.349 195.565 167.279 13.911 492.881 218.800 14.462 24.765 206.082 15.328 428.699 102.999 14.928 308.344 311.820 20.289 487.342 292.553 17.566 208.693 205.127 15.047 150.138 133.259 16.956 53.932 349.245 19.387 245.219 415.837 24.052 97.494 222.732 18.564 41.712 48.840 11.142 315.454 212.864 15.593 63.477 439.777 17.415 430.091 362.797 18.683 495.623 193.446 15.907 119.889 157.864 15.249 238.830 451.411 25.261 138.284 12.304 18.846 66.664 439.042 16.416 381.679 394.094 19.196 67.407 379.600 19.319 435.775 129.298 14.195 328.024 323.111 19.694 230.084 398.211 23.252 311.969 343.473 20.330 300.292 122.297 21.111 81.178 25.769 13.285 317.309 458.350 23.004 405.137 403.383 16.578 333.043 354.530 21.699 453.764 324.102 17.576 107.674 103.787 14.792 473.247 55.349 13.946 489.776 299.563 17.421 353.398 90.924 20.565 475.010 461.798 12.804 36.091 371.704 19.383 482.003 438.155 14.630 328.964 209.683 13.926 13.439 145.420 12.611 490.053 482.761 12.640 187.537 326.981 22.389 82.454 67.567 12.216 265.821 215.165 16.105 480.541 13.126 13.959 311.989 160.372 18.771 2.084 324.555 16.253 24.537 449.928 15.615 265.456 84.685 22.340 266.052 358.250 20.617 476.740 376.975 17.780 380.860 25.713 19.349 218.744 24.882 26.100 359.021 55.344 19.889 364.460 238.040 15.516 443.845 207.641 14.218 390.921 396.718 17.894 357.578 177.504 16.766 283.775 287.744 19.279 391.990 21.879 18.887 220.627 293.344 20.889 156.159 378.904 22.131 209.887 115.527 18.881 29.912 141.458 13.396 157.291 306.191 20.736 224.243 124.499 17.984 60.534 65.360 11.626 204.005 177.133 13.603 463.117 180.734 15.715 415.535 4.344 19.277 397.329 178.129 15.417 332.448 144.325 21.034 390.500 116.480 17.971 291.856 178.014 17.788 140.730 310.871 19.885 51.355 275.241 18.818 374.489 471.290 20.496 387.769 184.484 15.498 475.752 220.842 13.900 368.620 292.144 16.362 403.307 494.811 18.235 319.775 424.837 23.248 393.523 96.724 17.535 270.568 103.808 23.818 0.445 255.174 16.852 40.940 446.010 16.775 187.084 85.178 21.711 216.412 5.739 24.609 308.723 139.946 19.010 385.716 130.302 18.754 343.835 171.371 17.272 219.057 433.771 24.159 440.602 8.664 15.953 391.933 413.522 16.441 433.226 446.194 14.808 337.797 367.763 21.354 291.750 482.819 23.576 349.725 376.430 21.045 23.991 297.304 19.640 229.095 6.965 24.566 89.814 469.444 18.131 378.740 456.824 19.047 405.868 26.121 18.662 227.081 1.335 24.260 214.181 469.948 24.136 10.898 395.233 17.290 35.070 493.715 13.194 372.983 126.725 19.222 262.013 327.997 19.680 217.695 158.939 13.152 288.299 494.383 22.809 173.048 74.269 20.727 73.762 205.511 17.488 482.842 5.508 13.941 102.399 4.652 16.967 305.716 483.165 22.953 91.905 334.135 17.852 84.254 225.985 17.855 75.147 266.982 19.194 35.154 152.295 14.059 378.711 212.326 14.452 473.889 24.270 13.908 336.356 426.100 23.333 283.577 66.770 22.878 287.504 59.921 23.353 137.177 298.012 18.923 69.857 474.390 15.671 191.589 188.341 15.710 184.575 7.948 23.095 268.941 451.765 25.129 344.771 159.384 18.744 390.602 347.864 18.915 99.126 86.232 13.725 17.693 461.745 13.292 356.845 405.902 20.111 418.193 230.727 14.190 288.471 49.971 23.979 180.753 395.457 23.108 159.086 116.418 17.943 200.501 328.861 20.485 42.197 456.841 15.468 309.254 30.104 23.975 241.379 176.492 13.480 216.721 382.421 24.552 239.821 407.271 24.807 290.983 262.816 19.926 343.610 168.370 17.116 389.080 140.618 17.918 73.815 126.239 12.415 217.114 95.613 21.714 17.690 84.762 12.904 70.231 348.209 19.024 216.395 258.769 19.908 153.518 72.523 17.974 87.800 134.546 13.329 103.367 458.590 21.783 345.481 61.865 24.443 155.237 219.932 21.375 343.028 371.006 25.383 1.400 389.322 20.134 450.948 1.421 17.902 27.022 201.762 20.025 274.862 473.213 28.491 6.132 389.384 20.377 30.175 311.445 22.700 318.485 339.770 23.537 35.987 250.305 21.405 151.181 84.038 22.104 34.858 457.309 20.282 22.514 40.298 15.000 298.099 134.339 24.002 266.903 313.561 23.915 329.152 423.750 27.171 347.457 68.613 23.979 391.895 405.184 21.342 385.434 97.278 22.023 263.453 61.599 28.178 200.569 421.769 26.150 147.614 102.196 20.607 218.162 268.211 24.926 358.099 266.981 21.107 21.831 397.053 22.030 400.664 33.629 21.780 371.030 118.377 23.210 490.484 240.050 17.683 69.258 231.207 20.802 139.251 171.279 20.807 5.007 412.015 21.592 41.524 81.949 14.011 365.137 164.782 20.665 145.981 239.195 23.457 487.090 3.068 17.337 43.949 231.567 19.714 217.467 59.736 29.095 151.762 261.880 22.903 66.220 176.350 21.139 54.023 463.588 20.492 196.615 68.306 27.524 9.019 300.822 21.510 9.051 80.629 16.430 228.063 53.830 27.999 166.212 444.068 24.008 477.520 54.810 17.188 209.864 288.881 25.313 11.216 370.461 20.736 24.749 171.932 18.263 5.182 409.809 21.336 228.452 383.152 28.756 396.223 309.259 20.579 149.028 30.657 23.862 361.034 451.456 23.850 352.808 249.309 20.500 212.761 145.364 19.134 476.645 414.872 19.331 234.675 372.254 27.381 475.915 236.986 17.358 489.065 347.762 23.046 248.310 84.651 26.122 5.867 456.826 19.160 457.764 359.301 20.790 395.975 273.869 18.383 103.465 286.159 22.844 177.265 467.619 25.723 217.232 129.185 20.397 245.048 427.805 27.476 377.275 244.711 18.559 493.336 438.998 19.472 203.794 17.201 29.258 140.892 42.817 21.414 394.749 341.410 22.183 183.990 91.772 24.990 196.303 250.575 23.427 310.150 121.041 25.266 355.920 67.718 24.466 472.140 250.421 18.997 361.930 266.727 20.590 213.472 283.787 26.163 324.700 390.075 28.780 0.939 346.784 21.591 425.867 15.431 21.965 39.132 314.457 22.926 189.326 274.882 24.206 489.986 105.134 16.360 9.244 274.345 22.950 391.094 381.930 23.314 360.682 182.458 20.062 2.846 361.342 23.227 385.555 371.337 22.972 50.064 364.392 24.212 212.659 489.328 29.465 99.666 376.669 24.584 37.762 184.758 19.262 409.269 479.992 22.985 299.024 100.350 27.427 272.735 111.171 25.867 261.903 499.700 28.757 444.074 347.021 21.359 400.153 280.245 19.338 496.562 347.739 22.784 359.177 262.930 21.433 6.375 292.666 22.685 306.839 183.911 20.354 2.900 248.973 19.446 396.843 249.967 18.310 93.210 56.837 16.790 3.097 17.792 16.988 497.117 445.151 20.135 467.830 183.750 17.381 16.992 90.909 16.605 129.845 213.599 21.953 41.596 488.404 18.540 82.201 98.300 16.713 223.711 206.005 18.679 499.879 322.604 21.229 92.034 354.976 22.720 288.983 258.316 22.967 468.392 425.559 18.047 310.741 391.519 28.177 226.866 317.950 25.258 361.624 175.460 19.697 101.943 347.789 23.884 463.708 403.313 19.413 184.053 66.960 26.821 390.523 137.946 21.291 103.732 259.175 23.478 273.108 325.446 24.504 493.759 293.705 22.394 35.851 403.895 23.381 101.932 148.837 19.625 40.965 433.729 20.235 291.770 96.761 26.425 122.177 445.063 23.099 486.209 43.518 17.772 24.766 438.561 20.137 252.187 92.163 26.165 224.619 459.574 29.862 341.962 477.367 25.595 147.487 286.151 23.900 377.920 286.724 19.466 237.207 305.081 24.461 129.282 306.610 23.416 245.304 86.155 26.070 373.110 320.133 22.071 278.686 128.071 23.299 158.374 227.501 22.677 300.898 37.705 28.277 117.471 79.413 20.111 275.702 17.932 29.315 8.985 281.308 22.317 427.657 371.724 21.401 304.819 41.509 26.638 304.532 89.464 27.464 350.446 231.389 20.663 191.315 362.925 27.814 415.815 80.983 19.410 129.018 58.380 20.604 197.516 31.000 27.831 122.225 494.236 22.793 290.384 153.229 22.761 192.304 29.876 27.654 285.875 359.404 25.980 324.393 316.873 23.342 234.608 145.327 20.644 368.125 498.378 23.278 118.505 226.023 21.898 199.895 37.222 29.305 391.850 264.029 18.537 299.905 462.161 26.775 429.846 392.433 19.975 391.970 387.222 23.535 440.302 173.477 18.210 304.560 128.742 24.380 384.799 225.405 18.802 100.760 255.278 23.666 103.837 407.055 24.061 42.480 438.099 20.486 334.838 237.025 21.464 309.638 67.684 25.578 193.663 439.113 27.379 454.757 153.150 18.795 308.124 6.510 27.557 207.286 0.515 28.668 114.235 447.386 22.513 234.467 198.733 16.628 390.001 328.833 21.877 30.400 151.636 17.245 454.799 6.453 18.733 58.618 469.072 19.936 169.611 86.501 23.727 198.790 384.621 27.864 224.410 72.281 27.195 159.861 444.204 22.459 407.435 269.091 18.056 235.129 17.522 29.341 414.308 190.530 19.292 458.929 433.952 18.254 209.890 345.789 25.520 90.321 387.321 24.520 219.144 193.409 18.874 160.923 372.198 26.950 238.564 331.490 24.831 403.060 272.342 19.866 230.790 310.605 24.089 46.658 387.212 24.464 0.367 10.934 17.563 497.208 495.143 17.961 345.798 0.828 23.479 230.370 439.025 29.867 36.234 269.224 22.453 8.052 237.619 19.050 192.565 212.964 22.085 113.906 414.415 23.171 218.390 463.404 29.135 405.707 109.976 20.459 185.084 238.862 22.812 465.204 482.522 16.308 9.264 214.384 18.163 223.288 25.484 29.581 455.373 37.149 18.764 380.664 390.080 23.482 45.309 445.420 20.970 439.961 381.836 22.086 53.009 444.072 20.987 48.600 329.409 22.170 276.319 100.930 27.279 110.231 150.524 19.555 181.370 475.897 27.078 200.775 13.285 27.712 182.640 424.943 26.221 204.504 71.509 27.527 377.400 153.396 21.937 127.383 6.129 21.775 125.129 384.935 26.126 86.484 172.661 20.012 14.870 249.695 19.490 108.527 430.409 23.650 181.223 242.626 23.147 152.695 458.258 21.870 387.150 292.425 18.818 493.061 380.271 21.383 152.934 211.940 21.730 92.053 282.299 21.871 300.674 109.447 25.326 208.009 190.369 18.822 236.725 360.552 27.511 207.063 476.713 28.920 462.705 418.646 18.268 339.776 433.354 25.905 205.987 11.259 28.650 438.936 247.954 18.388 129.703 43.250 21.407 342.592 385.752 26.907 209.768 372.225 26.640 74.131 119.248 16.560 344.590 388.414 25.429 138.562 224.276 21.942 477.693 456.777 17.126 90.929 67.011 17.881 448.697 201.861 18.500 355.682 280.292 21.964 444.809 310.060 21.331 487.339 85.457 16.296 192.195 286.342 24.860 62.349 340.873 23.351 92.626 382.465 24.706 202.034 464.031 28.862 103.827 179.454 21.574 374.625 121.887 23.095 240.407 228.465 21.514 39.341 67.241 14.767 47.801 140.094 16.326 40.359 152.482 18.858 413.174 316.175 21.830 373.694 12.656 23.105 411.051 244.413 19.777 164.283 325.104 25.441 313.850 499.730 27.023 373.002 300.369 20.983 498.440 437.856 19.872 296.748 156.661 22.084 7.863 79.099 16.443 291.531 330.118 23.854 118.887 61.435 19.531 383.136 499.849 24.106 10.385 444.594 20.390 46.108 348.526 23.641 269.561 71.291 27.893 250.131 315.299 25.005 133.592 275.204 24.460 296.598 345.502 24.420 114.734 138.512 19.309 113.523 401.547 24.418 289.856 237.098 22.679 302.608 457.642 27.889 206.507 34.593 28.837 379.702 250.359 18.518 321.905 127.996 25.818 56.682 342.290 22.976 99.227 477.436 20.799 447.054 103.824 17.630 333.927 65.871 25.599 65.151 415.894 24.067 40.213 6.839 17.217 491.318 6.256 18.155 73.191 491.695 19.281 440.699 360.408 21.116 64.822 123.387 16.520 116.567 334.378 21.834 181.841 49.486 26.380 468.948 0.106 16.683 75.366 72.259 16.681 145.712 1.874 22.806 44.877 111.901 16.064 7.553 377.370 21.474 170.941 3.103 25.689 366.239 388.005 24.978 224.566 487.464 28.918 27.935 323.992 21.133 233.317 311.640 24.647 164.068 140.825 20.843 39.473 80.104 14.206 158.110 347.983 24.983 74.565 382.057 22.837 200.006 74.355 27.072 394.729 486.986 22.681 435.926 181.193 18.720 459.600 61.944 17.546 1.645 146.443 17.790 344.778 499.949 22.956 202.171 151.040 18.647 41.359 190.208 20.227 63.158 86.585 15.350 256.034 46.882 28.918 64.486 403.602 22.531 390.427 201.825 18.292 86.200 285.321 23.187 273.618 443.647 29.634 449.326 97.728 16.254 195.494 2.909 28.657 171.124 346.516 26.322 353.337 274.905 21.030 259.009 446.719 28.383 34.094 128.707 17.698 192.842 402.925 26.024 340.201 262.557 21.173 187.614 292.435 25.585 203.867 65.605 28.774 290.755 213.293 21.348 353.076 214.646 20.055 492.549 97.636 16.706 337.631 292.838 22.354 26.376 79.998 15.654 84.860 420.366 23.323 123.416 218.932 22.282 465.672 90.127 17.004 365.864 68.341 24.357 112.474 319.140 23.058 306.180 168.626 22.024 176.587 340.495 26.806 333.788 364.415 25.736 429.583 42.872 21.276 435.947 390.088 20.718 66.225 162.821 20.269 295.650 61.136 27.171 6.342 12.183 16.850 196.668 108.780 23.568 106.684 367.440 25.536 499.249 462.331 16.523 462.875 24.266 18.257 33.230 193.579 20.092 107.860 189.083 21.574 439.572 78.401 18.058 209.976 139.467 19.525 482.174 59.756 16.784 409.789 151.523 21.393 51.272 251.667 22.168 480.571 402.440 20.414 247.251 216.796 19.140 410.822 433.971 19.761 190.475 101.636 23.233 444.198 1.098 20.094 134.529 397.340 25.336 384.821 239.726 18.401 421.138 4.811 22.516 449.471 113.622 17.104 106.605 378.080 24.594 453.227 373.103 20.855 386.128 134.877 22.138 162.152 268.059 24.358 215.265 428.056 27.491 99.505 193.841 20.667 4.971 296.656 21.529 266.066 288.627 24.779 130.925 49.878 20.674 95.760 422.216 23.595 0.515 47.795 15.407 488.054 488.436 17.696 446.663 42.473 19.108 130.022 114.193 19.813 442.859 412.523 19.723 359.256 81.191 24.364 100.252 207.648 22.120 31.864 48.229 14.767 22.527 444.518 20.435 172.892 286.231 24.825 352.658 225.720 19.653 465.865 28.854 17.330 295.571 392.248 27.086 311.635 292.783 23.827 415.748 458.668 20.092 13.226 232.799 19.777 231.074 474.633 27.244 386.477 158.043 20.927 130.043 376.109 24.977 374.875 145.646 22.179 196.233 321.513 25.584 131.163 147.993 19.874 5.686 458.644 18.288 12.834 243.076 19.224 206.322 377.694 27.724 430.700 242.280 19.546 2.944 382.678 21.578 253.628 285.030 24.407 176.713 114.616 24.032 281.307 397.930 28.120 158.209 409.286 25.113 451.859 409.638 18.783 121.250 334.322 23.629 3.796 92.342 17.453 494.065 37.331 17.294 60.451 167.601 19.069 271.583 405.108 28.304 22.263 126.658 17.202 259.053 67.833 27.932 110.276 91.773 19.416 437.963 293.888 20.498 160.097 421.454 24.094 50.225 498.118 17.196 57.688 499.110 18.839 251.669 373.795 26.531 169.107 159.752 20.181 425.267 78.845 19.610 381.525 410.293 23.336 361.955 292.557 21.147 127.561 121.831 19.768 364.997 482.304 24.831 181.164 12.167 27.581 309.272 97.349 27.669 477.460 105.024 16.016 214.705 378.441 27.238 251.873 20.399 28.790 36.705 24.677 15.165 483.251 336.791 22.324 154.233 201.172 21.349 218.435 224.348 21.501 444.590 438.586 18.128 373.167 152.629 21.253 347.111 162.955 21.628 413.549 177.647 18.679 194.926 171.687 18.084 163.866 412.981 25.882 127.448 266.292 24.003 61.029 450.289 20.243 316.761 158.565 22.635 294.835 13.263 27.789 260.008 40.807 27.530 133.997 162.413 20.458 493.371 476.029 15.549 266.994 387.849 27.922 309.644 414.073 28.077 392.607 444.537 21.265 146.842 335.259 23.251 95.698 493.424 20.704 440.304 30.078 19.457 341.217 297.732 21.973 249.950 195.614 16.303 257.535 385.641 27.756 59.703 186.142 21.268 448.461 354.048 21.293 257.922 100.282 26.383 48.539 340.917 22.758 100.085 393.232 25.985 438.522 113.286 17.091 278.492 140.258 23.094 55.121 37.259 16.735 23.133 235.885 19.510 114.179 20.845 21.329 36.494 438.959 19.912 51.856 17.401 16.238 149.510 111.453 21.691 331.675 47.553 24.320 42.687 367.049 23.472 488.297 256.137 18.873 490.473 288.359 21.433 365.563 299.675 21.191 430.412 304.923 20.110 3.260 274.441 22.321 6.276 67.239 15.664 90.217 481.623 20.162 451.273 196.016 17.784 164.889 5.393 25.912 23.529 220.573 19.779 0.330 109.408 17.180 431.695 476.124 20.532 210.559 425.972 27.700 348.660 456.883 24.957 483.080 305.226 20.115 13.554 221.660 18.416 478.332 198.421 18.755 276.051 195.027 21.030 370.803 76.851 24.531 371.310 383.321 24.728 306.522 439.390 28.534 311.390 481.412 26.897 113.904 49.308 20.616 256.252 246.183 22.861 136.040 378.330 24.630 450.683 438.382 17.272 377.128 232.294 19.533 441.627 84.954 18.484 361.741 37.060 23.703 290.664 53.291 26.589 90.355 237.043 22.280 374.358 110.598 24.302 398.290 407.068 20.844 64.567 73.837 15.886 395.692 456.738 21.501 402.901 214.693 18.444 186.981 424.921 26.118 417.277 7.985 22.848 302.870 415.345 28.820 37.356 213.040 18.562 177.198 458.422 24.723 112.790 327.975 22.324 70.909 249.607 21.649 466.694 7.112 18.250 209.018 384.746 28.025 4.705 4.807 17.708 277.124 493.898 27.345 228.345 274.697 24.769 431.455 330.217 20.608 225.124 396.869 28.724 219.685 101.121 24.194 6.859 239.017 18.437 219.973 451.585 30.276 303.105 445.469 27.158 372.915 349.568 23.023 332.408 11.307 24.893 2.800 188.779 20.425 275.039 470.222 28.604 484.033 29.507 17.666 65.405 44.891 15.812 382.673 299.366 21.318 389.552 232.446 18.918 4.959 24.578 17.411 180.561 215.489 22.055 177.206 201.068 21.696 23.350 421.471 21.893 256.471 109.248 26.519 303.255 493.198 27.019 238.848 251.465 23.606 249.727 208.078 16.650 151.334 92.324 23.226 325.192 50.142 25.764 339.016 178.695 20.006 7.014 317.824 21.418 98.942 358.980 23.585 310.763 266.513 23.121 278.865 309.668 23.193 223.279 133.643 19.798 337.557 104.432 24.544 345.400 80.293 24.259 323.214 6.348 26.103 470.729 5.825 19.013 242.468 226.430 20.995 124.504 326.339 22.231 362.998 462.961 24.631 210.167 387.536 28.384 158.362 42.075 23.482 196.994 5.748 26.928 353.758 4.768 23.913 254.668 450.775 28.262 256.428 208.017 18.704 344.250 407.483 27.403 54.614 487.362 18.325 80.491 452.143 20.272 348.893 16.946 23.861 60.764 305.246 21.630 40.684 251.551 21.612 45.947 342.832 22.232 233.337 126.272 22.676 404.877 31.226 22.908 220.923 146.218 19.397 250.575 111.938 25.012 37.267 218.766 19.052 373.349 439.931 22.741 74.050 259.275 22.301 302.746 238.407 20.812 414.489 361.408 23.566 275.238 354.156 24.774 362.101 428.196 24.259 209.601 435.067 28.078 76.386 498.175 18.243 119.714 469.503 21.060 447.264 432.838 16.795 53.624 127.969 17.136 85.616 233.250 22.182 63.331 488.267 18.592 377.841 499.992 23.536 196.718 495.174 27.242 257.927 105.305 27.174 214.739 316.013 25.687 78.275 436.262 22.843 255.236 403.045 29.330 314.931 239.499 21.837 300.687 141.415 21.816 27.565 362.807 23.579 466.167 334.333 20.307 140.407 358.347 24.387 175.912 184.787 20.988 5.090 371.593 22.048 474.205 157.765 18.837 25.238 13.742 16.181 402.583 432.068 20.509 171.433 29.641 24.079 481.772 294.064 21.024 92.677 212.120 22.142 321.426 380.364 27.133 370.267 223.984 19.568 79.387 54.755 16.335 489.998 169.328 19.954 252.895 67.099 27.413 329.410 285.757 23.433 86.568 475.550 21.387 374.645 74.433 24.817 324.737 37.944 25.352 6.404 49.521 14.971 462.084 219.007 18.063 293.587 293.592 24.797 412.487 44.024 22.010 35.208 111.051 16.490 85.262 158.349 20.161 90.886 262.123 24.587 190.630 56.101 27.365 5.226 263.934 20.948 476.098 135.657 18.835 255.226 81.008 26.397 234.402 261.478 24.610 328.556 4.851 25.219 257.033 153.846 20.776 22.005 366.608 23.412 16.418 237.010 18.938 267.534 173.958 20.174 168.554 452.599 24.538 206.223 238.413 21.610 446.967 141.183 18.429 104.705 403.017 24.637 90.687 91.669 16.365 130.705 499.456 21.105 403.671 450.678 21.214 435.326 322.311 20.776 171.828 104.566 23.632 61.506 377.462 23.801 227.325 182.961 16.699 420.835 65.907 20.652 149.153 200.268 21.450 385.040 123.697 22.582 256.825 256.452 24.087 278.814 150.620 21.869 92.990 32.721 18.197 448.782 266.856 20.943 241.937 19.258 29.495 260.731 177.701 20.013 38.266 427.127 20.394 348.410 195.310 19.355 1.444 183.264 19.375 51.867 225.147 20.392 37.649 156.658 17.446 134.754 371.728 25.121 473.344 256.434 19.426 325.368 328.969 23.943 264.617 275.093 24.251 490.506 421.593 20.302 145.199 372.001 25.997 392.907 245.450 18.262 484.938 276.623 21.855 319.790 267.201 22.857 89.633 360.640 24.175 44.537 98.931 15.348 285.053 242.412 22.131 206.691 255.253 23.413 304.929 351.730 24.822 24.276 280.825 22.599 25.452 83.766 14.977 490.839 165.759 19.806 77.096 372.807 23.751 378.967 80.800 23.796 43.321 24.953 15.104 240.931 431.707 28.181 173.745 133.042 19.660 288.523 171.690 20.558 470.054 379.671 21.073 103.791 128.424 20.427 491.638 68.189 16.345 180.063 66.280 25.815 194.968 121.356 22.098 450.224 36.986 18.688 212.633 80.020 27.516 455.883 50.099 19.035 208.329 250.908 23.733 358.961 104.010 24.212 260.634 137.602 22.114 342.377 216.204 19.429 20.758 335.504 21.980 191.477 470.759 28.755 71.810 264.808 22.762 168.362 407.077 26.384 81.202 475.012 21.163 80.412 438.400 21.110 175.495 110.527 23.278 335.947 415.318 28.786 444.556 463.931 18.717 287.460 498.833 26.961 3.269 396.766 20.304 175.442 485.881 25.358 185.432 128.317 20.055 336.074 421.597 28.136 412.670 219.801 18.955 113.176 476.981 21.983 325.627 230.974 21.670 152.972 224.121 22.357 221.949 4.078 29.226 379.765 242.238 18.867 295.378 237.061 22.118 99.529 488.092 19.952 342.870 221.923 19.991 416.485 468.503 20.531 32.334 428.625 21.159 232.730 336.850 25.624 114.950 420.659 23.560 411.035 61.778 22.502 45.791 119.880 16.145 71.928 76.925 15.388 127.221 300.115 22.895 112.142 354.802 23.759 388.634 378.365 23.979 316.473 263.654 22.931 368.015 176.468 19.207 8.531 188.007 19.068 349.599 134.887 24.287 358.325 275.250 21.094 359.005 190.554 19.513 105.853 291.233 22.214 340.369 54.208 23.526 300.423 365.785 25.820 5.565 474.860 15.643 354.763 220.634 19.850 399.288 377.790 22.333 202.961 166.181 18.864 345.495 404.852 25.722 497.350 457.625 17.825 157.665 427.775 23.740 418.238 367.553 23.168 493.506 181.743 19.756 107.111 124.280 19.120 72.175 240.478 20.936 26.270 477.487 17.250 205.412 388.816 27.974 205.023 90.383 27.008 181.954 110.936 22.754 18.361 388.227 21.753 388.472 50.501 22.469 486.884 323.408 20.102 102.422 188.656 20.682 39.513 129.242 16.501 113.309 340.952 23.113 184.077 177.380 18.488 286.865 427.349 28.404 65.400 202.206 21.703 439.721 300.698 21.143 354.874 163.621 20.564 28.693 6.227 16.605 249.379 35.302 28.437 383.686 189.750 18.355 149.391 463.186 22.529 362.370 257.557 19.896 146.048 440.030 23.331 247.568 481.896 28.063 79.605 457.141 20.884 328.707 300.282 22.358 452.650 89.766 16.952 241.295 188.542 16.780 187.076 321.007 25.542 118.501 437.425 22.273 219.332 323.867 25.534 323.403 6.540 26.557 42.043 186.901 19.786 424.526 388.000 21.159 86.651 23.887 18.636 484.369 459.190 16.410 138.158 474.982 20.845 360.266 202.378 18.991 50.212 488.659 18.766 5.185 474.870 15.900 355.454 499.081 23.834 70.287 214.687 21.620 271.904 115.937 25.901 437.169 306.354 20.558 452.814 244.161 19.547 90.028 454.145 20.438 162.534 461.856 24.123 54.983 420.523 22.516 11.485 458.779 17.495 1.769 420.310 20.558 215.906 321.539 24.719 155.197 499.346 22.545 310.739 430.557 28.084 238.199 166.556 16.925 51.523 316.092 22.750 455.150 353.433 21.642 174.561 438.357 24.401 402.337 373.637 22.570 247.080 444.865 28.673 23.904 494.509 17.862 129.934 227.733 21.589 105.692 462.090 21.976 171.644 262.070 25.146 241.231 288.252 24.129 6.787 497.215 17.994 219.549 498.344 29.758 307.842 236.388 21.315 149.601 37.034 23.639 4.276 158.410 18.702 97.862 132.571 18.362 440.846 376.520 20.921 104.790 319.333 22.278 74.657 36.910 16.986 189.726 346.115 26.867 7.329 438.071 19.366 48.534 474.213 19.944 265.349 159.205 19.461 309.778 199.706 20.209 74.554 289.044 22.531 287.060 71.037 27.754 188.732 63.784 27.741 99.609 400.404 25.103 230.595 499.061 29.781 7.557 91.273 17.281 244.354 437.189 29.117 214.739 32.839 29.429 317.543 148.496 22.755 349.517 439.222 25.039 218.020 432.468 28.493 125.363 67.109 20.280 93.516 487.906 20.395 91.267 456.667 21.028 337.298 173.435 20.332 427.101 279.447 19.836 374.395 176.454 19.312 5.994 302.162 22.006 109.704 43.092 20.512 269.656 109.819 26.242 116.676 67.771 19.558 382.421 90.938 22.469 332.373 206.521 18.382 350.397 169.541 20.480 342.927 254.831 21.331 193.000 414.868 26.725 324.523 471.214 26.093 306.679 409.794 30.029 135.554 109.967 19.439 250.449 48.557 27.754 9.045 360.321 23.095 35.751 407.988 21.799 160.650 23.663 24.781 481.658 486.612 17.609 339.543 150.116 23.743 169.119 255.864 24.904 31.418 280.697 23.258 103.427 272.834 23.250 348.235 418.568 26.270 467.516 120.280 16.910 395.516 7.269 23.146 102.781 337.554 23.516 276.254 66.764 28.909 166.571 91.486 23.364 9.178 8.501 18.354 41.244 70.718 15.314 51.557 161.835 18.991 431.725 277.921 20.423 196.009 237.284 21.974 64.787 361.490 24.142 474.130 318.460 20.229 318.403 441.742 27.475 221.973 260.394 24.787 466.299 138.880 18.741 6.731 110.763 17.632 13.040 267.759 22.799 103.582 54.722 19.199 209.258 163.840 17.738 441.524 334.677 20.195 431.889 13.041 20.943 353.453 446.160 25.269 440.394 261.120 20.202 124.904 468.790 21.271 64.321 195.921 21.014 317.561 91.807 26.698 433.937 200.401 17.496 485.862 201.074 18.922 418.562 268.679 19.485 164.854 17.844 25.210 488.153 71.096 16.902 163.140 96.179 23.016 336.208 221.222 20.130 193.752 427.681 25.536 403.102 236.884 18.564 134.545 287.808 25.032 0.001 427.039 20.493 0.542 365.502 23.225 192.378 464.426 27.415 326.836 160.156 23.367 25.475 377.058 22.512 29.669 485.495 18.251 150.585 208.108 21.604 331.070 123.118 25.315 483.468 55.975 16.853 170.873 274.575 23.806 410.568 310.736 20.716 296.038 115.878 25.387 300.177 78.101 26.633 318.344 318.202 23.330 327.012 226.945 22.255 135.992 402.526 25.687 183.280 433.662 26.930 32.619 420.855 21.324 287.917 22.110 29.352 5.676 243.201 19.835 69.158 172.393 20.586 196.365 262.941 23.618 476.614 418.899 19.195 348.138 24.281 23.563 125.166 437.351 22.517 41.222 44.238 15.068 313.434 492.827 26.473 402.358 65.836 21.755 380.437 146.725 22.229 77.372 322.860 22.159 215.107 479.877 28.919 18.160 242.733 19.718 395.953 213.279 18.353 308.131 468.734 27.297 187.026 73.254 26.428 446.291 227.504 18.055 285.363 331.987 23.631 375.608 366.442 22.335 4.492 353.679 22.410 440.506 481.943 20.009 312.759 331.070 24.379 220.046 304.374 24.143 12.874 488.258 17.980 357.289 107.516 24.377 284.649 55.770 28.059 156.303 439.481 23.537 337.986 279.358 22.146 30.710 111.559 16.641 190.808 310.451 25.978 190.926 141.309 18.653 266.607 438.034 29.070 428.124 326.018 21.059 234.428 129.795 22.222 198.172 480.576 27.618 449.872 391.297 18.390 317.101 331.024 23.621 372.562 61.638 23.599 198.488 292.393 25.014 108.120 444.333 22.978 20.845 286.532 22.638 31.530 19.119 15.582 187.991 170.738 17.676 16.762 41.985 15.796 16.607 360.312 21.985 141.446 200.184 20.056 296.844 249.515 21.363 440.016 494.430 20.394 354.543 103.843 25.306 365.110 127.080 22.925 388.214 353.228 22.130 275.808 122.541 24.900 338.503 167.476 22.033 82.075 42.309 18.284 225.455 286.474 25.373 129.168 80.814 20.803 45.101 465.092 19.339 188.802 176.523 18.902 494.574 11.144 16.921 159.246 50.016 24.690 213.407 219.799 21.160 318.543 450.318 27.225 122.926 30.676 21.510 124.258 207.205 21.694 24.975 497.850 16.808 204.726 118.573 23.653 162.499 242.367 24.688 92.946 451.998 21.108 156.461 340.771 25.087 246.661 402.711 29.036 284.558 495.933 27.763 187.494 304.244 25.460 388.372 475.902 23.211 209.834 461.947 28.984 235.373 90.845 25.936 85.470 145.802 19.482 491.070 54.929 16.454 258.149 249.526 23.038 51.641 426.449 22.578 120.593 316.131 23.141 50.691 24.396 15.836 261.999 184.721 18.935 391.069 225.291 18.630 484.577 224.789 17.494 96.925 383.885 25.907 25.923 155.719 17.284 171.566 80.207 23.450 356.020 83.962 24.698 83.299 77.663 15.549 158.824 432.411 24.066 322.393 403.010 28.401 194.647 98.846 24.974 108.366 133.001 19.531 476.668 84.476 16.737 178.813 176.560 20.058 284.433 116.082 26.215 188.637 451.723 25.484 380.487 73.690 24.946 246.088 40.703 28.114 288.541 341.160 24.319 416.866 462.913 20.903 138.661 63.782 21.166 24.030 51.079 14.844 70.147 329.163 22.250 56.083 329.059 23.156 481.882 477.945 16.012 205.747 372.840 26.698 465.606 469.640 16.460 146.259 226.895 23.497 258.323 78.155 27.295 121.883 80.881 20.162 84.520 250.309 22.890 404.953 498.878 22.726 374.088 261.702 19.517 363.603 30.102 22.586 436.956 232.668 18.039 141.448 385.762 26.630 259.333 458.279 28.024 282.040 23.532 28.404 133.208 344.686 24.529 114.475 305.776 23.925 8.307 470.361 16.515 3.298 125.581 18.176 243.036 125.930 23.264 440.169 44.438 19.759 239.906 88.208 25.886 182.666 439.620 26.124 229.449 226.030 21.279 288.220 498.414 26.356 478.525 226.452 17.483 477.779 153.450 18.724 232.631 449.774 29.731 363.511 47.548 23.677 394.394 13.268 23.310 499.517 310.655 20.958 335.976 392.277 28.118 121.400 201.895 21.253 267.531 115.918 26.045 312.484 457.186 27.343 278.116 6.491 27.487 405.712 425.555 20.225 87.255 426.440 22.516 361.011 167.532 21.249 398.017 446.905 22.838 424.993 232.948 18.581 61.986 60.064 16.160 230.288 443.948 29.082 163.894 434.341 22.893 115.493 319.821 22.753 78.453 418.106 24.217 347.396 409.767 26.464 220.739 377.993 29.201 421.693 273.708 19.412 443.175 136.678 19.411 6.432 462.822 17.072 484.708 371.958 22.908 368.954 89.190 23.611 113.892 371.244 24.518 396.175 433.595 21.814 184.875 274.558 25.553 437.731 197.814 17.392 85.985 409.668 24.425 472.451 90.580 17.027 370.441 103.157 22.543 190.487 109.987 22.418 127.803 455.599 21.284 156.767 280.534 24.883 71.769 457.509 20.690 393.093 41.043 22.254 84.034 0.450 19.193 213.700 0.881 28.379 335.957 54.381 22.839 307.517 207.694 19.290 168.031 499.214 25.566 495.068 110.510 16.807 313.742 384.285 27.483 293.407 193.380 20.796 198.411 122.162 21.141 151.312 415.146 25.258 444.424 220.395 16.390 283.962 276.214 23.569 11.491 257.771 20.757 96.943 408.375 23.811 183.282 481.684 26.372 458.934 5.980 18.640 44.086 497.999 17.931 146.070 65.721 22.697 38.922 161.475 18.017 376.895 37.286 22.206 330.878 168.615 21.465 52.421 104.385 15.531 483.673 396.107 20.298 344.967 100.199 24.655 493.669 255.865 19.516 68.811 219.209 21.174 313.417 72.593 25.895 68.027 257.081 22.020 146.401 311.288 23.585 310.842 408.014 28.070 462.017 159.444 18.546 475.402 48.602 17.439 304.853 432.776 26.725 340.742 66.214 25.310 273.315 92.442 26.787 269.014 427.123 28.359 321.728 193.314 19.862 173.226 151.462 18.896 341.621 20.480 24.411 278.376 224.271 20.766 232.417 24.082 29.392 312.394 182.477 20.835 119.044 473.680 21.001 27.567 334.882 21.195 110.534 157.252 20.349 39.236 286.186 23.496 258.594 124.756 24.294 275.454 341.204 24.178 472.911 115.689 16.698 99.355 74.567 18.810 192.670 487.438 27.755 267.193 478.364 28.495 163.407 436.959 23.037 486.233 66.586 17.029 309.554 446.432 27.011 348.092 215.262 20.226 416.979 54.256 20.256 477.854 299.298 20.829 393.383 377.690 23.576 445.925 91.406 16.954 368.747 61.896 22.970 265.894 30.081 27.956 223.726 232.015 21.696 254.255 76.392 25.504 65.999 150.792 18.734 4.875 219.495 19.113 387.877 256.185 18.191 194.504 267.816 23.505 74.274 364.679 23.020 181.487 379.349 27.833 45.444 89.904 14.234 286.556 365.927 25.113 302.457 153.206 21.783 20.304 279.537 22.331 101.741 231.754 21.245 218.694 255.522 22.921 260.591 263.407 24.014 373.909 354.221 21.242 209.729 221.261 20.128 360.034 361.520 23.468 311.685 384.137 27.441 404.198 408.975 20.453 418.785 60.563 19.871 399.315 266.052 18.256 307.889 474.117 28.050 179.759 444.154 24.146 364.066 322.069 22.752 93.707 499.520 18.681 465.424 165.378 18.029 134.340 383.871 25.562 325.212 322.067 22.788 245.352 267.491 23.134 462.199 293.820 21.500 74.227 13.129 17.508 152.484 275.881 23.543 117.538 44.633 21.137 333.155 336.046 23.344 247.347 371.871 26.630 157.681 120.404 21.730 48.040 93.407 13.982 429.127 383.625 20.683 281.174 462.791 28.159 284.994 457.122 27.460 171.012 317.173 24.217 150.519 1.804 23.762 145.195 149.003 18.487 137.936 40.427 20.624 223.582 367.270 26.440 306.956 92.326 26.719 354.033 333.810 23.234 478.118 492.469 16.956 396.130 170.184 20.848 273.211 126.236 23.804 464.366 341.954 20.179 99.113 295.180 21.291 449.939 316.856 20.469 195.488 420.110 26.495 436.214 191.233 17.402 315.800 336.357 22.776 317.315 187.335 20.886 471.294 325.336 20.290 183.080 98.444 23.359 247.034 200.721 15.746 438.937 253.316 18.593 196.652 90.257 26.042 462.772 261.646 18.815 338.698 412.108 27.107 208.852 182.736 17.234 34.674 288.322 22.294 325.800 202.627 19.127 482.346 194.605 18.852 498.028 75.671 15.787 34.760 194.077 19.075 255.948 1.121 27.308 425.424 134.261 18.641 384.055 104.682 21.386 498.707 198.192 18.240 296.916 127.431 24.151 421.180 7.622 22.123 280.205 253.242 23.223 236.050 499.523 27.762 337.641 303.770 21.067 153.588 6.889 22.613 365.577 104.284 24.195 428.321 482.398 21.789 292.125 218.341 20.665 392.079 188.376 17.954 26.872 43.457 14.721 351.657 305.123 21.928 110.854 439.260 21.650 355.494 428.924 24.481 132.262 475.645 19.750 61.572 253.536 20.981 90.952 277.298 23.318 424.907 48.517 20.202 27.738 5.568 16.392 346.177 129.256 24.547 32.340 402.489 22.440 129.255 421.461 23.195 15.763 286.060 22.389 388.128 337.969 21.097 214.524 55.565 26.866 113.639 208.400 22.047 308.113 378.435 26.430 381.879 34.728 22.057 245.846 257.779 24.196 329.943 415.568 28.025 19.702 55.010 14.735 258.361 225.557 20.017 359.372 133.673 23.169 25.916 261.685 21.862 10.682 304.188 22.391 315.531 399.725 28.323 437.903 252.394 18.498 300.452 72.907 26.386 357.810 393.018 24.142 396.960 346.976 21.822 68.940 60.852 15.223 288.595 452.339 27.510 237.041 366.261 26.399 442.738 284.235 19.948 489.652 323.914 20.365 52.574 55.920 15.130 475.282 0.765 16.548 279.457 439.367 28.408 457.830 54.559 17.934 340.889 456.994 24.199 12.348 61.593 15.078 283.131 17.042 27.788 335.719 370.840 25.887 97.760 180.801 20.072 264.248 367.478 26.191 177.972 319.972 24.812 288.381 34.528 27.109 246.892 325.393 23.345 262.425 196.344 18.524 282.682 61.471 26.496 164.408 42.685 22.347 448.074 6.486 18.334 269.410 135.663 22.397 219.562 276.762 24.026 150.630 493.594 22.896 478.953 407.795 18.835 57.600 414.485 22.408 132.139 209.328 19.947 448.559 280.345 20.255 207.355 413.372 26.604 462.376 254.014 18.720 199.839 488.224 27.550 293.835 451.448 25.987 450.664 256.269 19.298 76.562 164.431 19.937 161.505 499.862 23.143 351.530 299.743 21.427 289.949 189.086 20.562 132.552 24.422 21.236 487.550 195.157 18.567 223.314 462.080 28.184 438.357 353.030 20.874 188.246 282.000 24.522 71.301 313.620 22.184 204.297 6.213 27.532 25.740 273.286 21.087 155.404 385.010 25.854 368.814 232.047 18.938 288.339 85.968 27.010 221.536 266.084 24.588 152.704 426.608 23.664 229.569 40.631 28.529 336.334 354.023 25.036 437.104 317.792 20.787 18.512 488.390 16.372 166.278 235.290 23.303 319.505 475.329 25.961 65.325 225.046 20.450 66.778 7.367 17.909 465.315 217.262 16.864 123.139 87.300 18.342 321.506 357.854 26.260 366.036 275.696 20.095 497.069 130.315 18.020 245.400 281.094 23.403 44.065 401.319 21.909 56.278 98.315 14.237 189.578 368.755 27.852 144.137 109.963 19.873 63.501 499.704 18.146 339.486 481.311 25.009 166.496 177.525 19.562 378.131 240.040 17.940 368.796 36.125 22.618 285.548 292.831 23.490 169.481 413.135 25.635 307.347 176.775 21.463 348.059 236.792 19.988 0.168 440.312 20.636 170.388 330.929 24.351 395.489 111.671 21.583 228.060 65.642 27.086 311.133 229.638 20.859 268.122 316.971 23.558 127.247 446.123 21.785 358.039 372.025 24.395 185.338 56.325 25.911 95.719 126.639 17.024 142.055 273.986 23.120 6.542 185.653 19.296 13.570 3.598 17.410 396.484 151.740 20.668 48.119 35.611 15.172 313.791 12.880 26.700 386.281 445.297 21.618 72.546 395.597 23.018 43.191 194.542 20.459 456.105 142.667 18.285 306.644 390.181 26.279 140.340 237.633 21.626 450.425 148.061 18.417 169.950 140.387 21.166 139.223 280.409 23.850 354.002 7.712 23.298 155.386 408.195 24.171 360.057 431.333 23.128 98.115 320.454 21.835 198.225 152.783 17.937 98.269 96.560 17.341 273.874 458.384 27.708 465.908 127.327 17.068 155.033 499.337 22.975 127.757 63.211 20.349 157.663 97.647 23.360 19.620 352.648 23.153 442.652 104.357 17.451 381.523 139.258 22.285 408.264 469.917 21.382 332.879 357.535 25.332 41.116 395.879 23.274 250.214 219.992 19.911 353.728 468.590 24.922 214.481 18.338 27.920 237.938 36.929 28.376 453.684 78.711 16.441 71.546 226.799 20.463 34.030 238.076 20.003 423.903 127.179 18.928 287.210 323.174 22.278 25.477 414.445 21.411 363.382 412.399 23.565 418.320 36.613 20.648 7.125 452.635 19.032 168.643 488.001 23.993 274.670 73.332 28.164 366.985 206.746 18.424 37.650 61.010 14.747 161.974 134.448 18.846 107.379 436.212 22.461 7.451 439.943 19.384 142.614 133.274 20.297 92.333 17.623 19.564 146.374 252.578 23.063 84.355 482.598 19.972 312.298 205.863 19.847 205.209 47.012 28.002 296.274 68.444 26.790 374.295 386.925 24.848 350.323 476.264 24.863 368.333 344.137 22.091 145.340 343.608 24.596 184.235 308.691 24.098 498.926 497.653 17.726 426.507 318.137 20.838 86.967 291.741 22.450 145.565 143.226 19.829 446.064 468.432 18.410 355.582 343.232 22.563 412.335 195.821 18.235 37.144 256.957 20.239 316.073 363.104 25.939 300.865 6.058 27.228 195.683 398.587 26.797 304.971 359.356 25.022 384.557 431.434 21.461 321.500 287.237 22.182 280.784 38.006 27.802 308.611 436.197 27.319 338.128 402.156 27.064 372.142 372.444 23.145 179.056 30.161 24.483 155.663 390.022 25.754 144.429 315.053 22.584 206.771 291.399 25.428 161.625 480.130 22.996 452.203 296.650 21.108 299.270 268.202 22.585 135.148 236.915 22.735 270.763 335.834 23.457 264.420 244.254 21.517 150.742 120.860 19.402 141.042 398.328 25.469 57.859 194.294 21.063 14.215 468.407 17.213 388.104 438.083 22.958 3.103 153.264 17.834 344.804 74.171 24.415 270.147 62.397 28.025 337.951 0.951 22.762 294.986 303.357 24.191 9.929 347.591 21.369 281.767 85.921 27.425 335.687 7.159 24.559 219.637 316.281 25.503 120.092 122.196 19.907 121.147 127.836 19.133 197.475 199.300 20.454 54.547 244.264 20.950 429.273 309.638 20.049 155.400 214.205 21.999 378.146 139.073 21.637 466.714 245.193 19.578 26.307 314.217 21.047 477.752 275.014 20.934 197.434 310.842 24.771 375.322 219.431 18.174 441.917 402.128 18.944 389.682 127.865 19.942 2.497 321.888 20.888 204.182 186.541 17.384 368.652 217.459 17.825 170.800 194.036 19.849 461.049 197.926 16.800 93.055 316.964 21.685 222.226 418.000 26.502 158.549 73.341 22.760 227.768 177.428 16.547 212.915 12.946 28.606 371.867 457.897 23.580 385.583 73.991 22.903 175.373 244.760 24.107 112.063 11.926 21.323 82.928 435.074 21.972 371.916 19.953 22.525 131.000 440.011 21.260 314.091 6.740 26.290 12.689 353.955 22.026 246.567 334.247 23.260 181.758 453.899 26.536 37.587 122.093 15.706 106.774 73.146 19.068 316.967 404.200 27.357 73.132 91.699 15.859 60.116 483.140 19.406 17.727 158.994 17.676 63.790 11.476 17.069 69.073 134.478 17.514 238.500 495.905 28.142 183.782 421.587 25.895 341.029 225.295 19.664 243.924 58.628 27.293 462.573 391.009 19.203 381.101 280.512 18.148 460.743 471.749 17.673 475.010 165.189 18.153 359.473 456.141 23.615 454.949 285.001 20.028 350.853 339.605 23.322 463.005 10.444 18.089 227.168 60.316 27.243 196.681 458.687 28.036 439.258 170.343 19.179 55.409 109.114 14.798 15.310 320.753 21.400 117.059 292.111 21.868 170.672 410.478 25.125 123.403 458.295 21.089 206.931 396.589 27.400 389.361 219.102 17.497 304.682 11.912 27.148 392.411 127.355 21.270 125.687 167.171 19.060 309.097 117.499 24.343 131.874 188.299 20.964 203.050 128.958 19.987 139.767 480.265 21.107 425.714 147.462 18.161 13.370 135.059 16.777 122.731 109.946 19.629 369.056 124.440 22.132 365.194 468.638 24.280 392.359 151.533 20.930 431.560 379.027 20.686 107.207 17.473 20.673 483.547 117.948 17.108 216.367 139.916 19.433 409.460 419.728 20.367 154.446 255.169 24.480 19.866 60.629 14.467 21.326 453.417 18.101 296.131 407.507 28.455 481.432 134.443 18.594 7.223 196.507 18.954 48.604 322.384 22.423 236.874 146.786 19.683 268.829 278.438 23.830 48.980 335.466 22.723 64.425 214.270 20.275 256.327 74.291 26.416 87.232 461.958 20.705 177.415 383.489 26.972 462.639 72.179 17.283 189.918 115.215 22.370 14.493 80.086 15.936 28.279 374.946 21.912 240.796 299.733 24.249 206.287 451.221 29.025 487.447 144.630 18.010 125.158 256.011 22.352 64.377 169.784 19.018 73.568 22.530 18.389 72.390 323.566 22.024 182.937 187.901 20.072 108.439 25.723 20.135 165.947 461.544 23.254 310.154 492.296 26.495 161.393 450.304 23.209 112.831 195.426 20.553 23.012 140.912 17.726 175.322 122.315 21.229 209.877 99.652 24.410 123.861 403.378 23.516 480.778 367.910 21.969 74.849 439.661 21.306 213.155 259.309 23.370 494.022 149.038 19.033 200.593 268.687 24.695 204.721 286.451 25.465 278.199 114.339 26.080 382.757 427.726 22.129 413.808 408.351 20.299 418.614 106.024 17.899 263.107 253.274 23.893 161.296 109.053 22.118 203.012 80.330 26.946 389.473 342.475 20.924 31.365 234.093 18.463 10.271 481.863 17.445 146.426 487.714 20.994 172.366 299.458 24.953 451.781 176.277 18.731 200.977 348.456 25.449 183.663 280.218 24.649 249.654 489.153 27.771 445.758 420.722 18.003 260.331 207.790 19.120 313.159 61.430 26.727 68.458 111.213 15.592 497.017 470.204 15.202 340.270 335.211 23.729 367.165 360.966 23.065 250.883 71.268 26.090 145.896 42.950 22.005 381.218 49.274 22.277 393.166 425.496 20.239 249.037 462.839 28.265 193.762 109.283 22.704 205.323 61.555 28.516 351.775 78.451 23.838 58.727 54.748 15.267 419.044 426.702 18.958 429.367 459.061 18.338 216.198 197.924 19.120 366.954 304.613 21.156 250.199 12.423 28.328 181.471 35.267 26.237 328.312 337.628 23.975 424.328 453.273 18.253 478.651 482.470 16.950 261.774 334.074 24.738 469.267 441.338 17.613 47.649 437.406 21.178 75.289 376.787 22.918 101.096 67.973 18.472 226.670 211.941 20.461 119.754 463.578 19.887 289.540 183.657 20.061 482.700 378.670 21.461 458.768 463.051 17.550 481.323 172.587 19.342 293.106 92.381 27.513 395.305 117.327 19.592 130.372 280.438 23.612 286.153 121.574 25.274 497.439 275.262 22.161 400.868 348.425 21.073 256.757 146.836 20.282 108.014 347.647 22.792 269.506 144.641 21.302 490.913 261.596 19.379 243.559 136.582 20.640 166.955 183.554 19.416 235.957 159.522 17.427 180.671 321.652 26.001 225.847 319.801 25.123 442.285 368.716 20.911 261.699 155.454 20.399 16.811 270.692 21.507 31.236 340.469 22.049 389.784 373.222 21.535 142.016 305.021 23.777 324.117 43.243 25.708 244.860 49.348 27.943 32.680 411.944 21.565 280.661 429.755 28.440 15.810 67.197 14.635 400.020 71.668 20.958 14.890 482.383 17.302 155.875 352.896 25.684 412.145 305.010 20.451 67.446 263.247 22.210 72.555 0.072 17.208 93.106 499.347 20.092 8.933 53.457 15.152 58.172 201.113 21.367 318.908 207.697 18.834 183.408 224.090 21.386 74.575 54.817 15.422 421.131 321.795 21.894 344.228 123.490 24.626 201.030 159.905 16.849 116.459 263.476 23.684 241.573 6.104 28.413 165.522 104.100 23.172 488.735 376.890 21.008 185.895 22.638 26.132 489.721 79.505 16.971 93.891 86.538 17.413 291.350 243.868 22.436 252.353 412.522 29.650 199.021 2.816 27.753 9.208 164.724 19.342 40.342 418.970 20.800 499.729 97.797 16.666 338.374 82.944 25.900 150.389 24.953 22.921 309.397 101.311 26.975 287.443 331.443 23.134 300.426 401.064 29.150 457.997 65.433 16.539 319.023 38.164 25.373 69.802 47.963 15.715 274.101 146.505 21.935 427.953 494.270 20.209 305.296 427.388 28.722 254.600 176.755 17.854 284.150 407.781 28.429 258.701 188.571 18.365 339.711 42.686 23.047 423.850 379.348 21.399 344.828 139.018 23.907 342.393 90.224 24.569 122.519 361.071 23.601 369.086 488.499 21.778 263.830 49.747 27.599 60.908 268.906 22.586 412.361 182.301 19.645 16.133 493.864 17.053 279.592 279.787 24.683 238.065 377.690 28.617 259.817 273.994 24.414 459.643 321.799 20.203 146.048 93.333 21.333 24.498 262.863 21.109 410.580 490.854 21.974 2.666 105.576 16.647 158.128 299.084 23.784 85.988 201.846 21.616 498.382 475.946 15.523 210.119 96.167 25.201 471.775 225.968 17.903 346.138 8.675 22.725 87.499 124.705 18.046 175.344 147.041 17.784 492.014 366.687 22.049 416.766 145.062 19.745 476.215 169.748 18.895 104.029 30.944 20.396 110.664 287.926 22.748 2.513 469.353 16.070 231.888 35.396 28.265 54.238 93.826 13.579 8.093 334.214 19.797 461.724 270.387 20.437 430.354 180.309 18.578 166.147 492.195 24.575 52.703 31.270 15.042 233.769 480.924 26.993 458.480 119.017 17.389 293.138 170.239 20.765 396.795 224.526 18.487 391.271 360.697 22.655 92.159 343.240 24.206 209.552 66.465 27.824 3.606 334.128 21.190 29.750 226.461 17.857 460.148 315.835 21.245 105.844 50.246 18.553 371.111 1.435 22.185 152.386 6.206 24.141 473.108 97.160 16.858 23.303 91.411 16.381 188.229 48.197 27.226 324.179 208.960 19.113 240.002 96.291 25.876 175.622 171.719 18.450 48.312 17.978 16.058 160.897 183.026 20.294 52.092 305.748 22.942 164.161 226.909 22.922 178.449 249.983 23.999 62.728 225.347 21.274 252.027 122.255 25.726 433.586 481.781 21.463 50.057 267.246 22.036 49.383 232.553 21.157 121.899 178.841 21.068 11.272 282.698 22.713 482.481 6.202 17.447 449.650 158.109 19.156 236.552 30.732 28.180 187.698 98.316 24.429 453.452 202.359 17.811 270.706 327.163 23.955 3.265 55.317 15.651 63.163 146.094 18.379 44.236 268.473 23.517 187.540 366.054 28.567 309.343 348.352 24.584 284.415 445.700 28.342 128.867 128.955 20.655 66.155 389.939 23.974 29.981 206.533 20.037 496.054 177.745 19.693 435.248 6.734 21.165 207.242 336.767 25.052 390.601 457.645 22.613 183.771 408.207 26.772 447.543 336.725 21.087 157.306 193.884 21.689 72.130 274.420 22.532 283.365 72.352 27.327 314.832 153.720 22.988 8.075 6.977 17.206 498.296 241.555 18.656 278.991 182.549 19.865 67.904 367.485 23.581 287.937 305.801 24.926 311.585 357.862 24.731 468.319 195.433 18.178 384.304 399.774 22.819 438.720 146.650 19.542 137.610 115.978 19.603 80.622 317.390 21.869 241.225 444.338 29.462 229.505 133.660 21.227 334.884 249.354 21.701 420.226 47.297 20.197 94.466 97.169 18.634 216.942 417.145 26.754 118.361 34.593 20.872 127.918 492.417 22.676 303.029 199.627 20.545 460.955 488.297 17.118 409.076 6.170 22.236 304.858 311.232 23.661 251.084 337.091 23.785 296.559 468.411 28.004 278.466 44.791 27.573 358.218 316.540 22.932 459.928 78.465 17.188 263.691 492.317 27.857 166.879 422.630 23.996 9.146 275.050 23.593 34.112 483.044 18.040 82.809 260.103 23.563 300.989 246.549 21.375 299.449 219.411 20.839 283.124 257.796 23.520 97.702 76.783 18.896 328.204 89.474 25.941 212.198 121.717 22.233 41.444 263.315 21.916 296.238 120.877 24.937 258.828 219.110 20.301 449.277 73.440 17.531 2.227 177.967 19.605 435.761 120.550 17.089 466.699 65.841 17.052 463.579 145.375 19.358 457.779 225.110 18.008 104.403 214.340 21.334 81.093 247.356 22.300 267.286 482.303 28.753 304.704 346.195 24.481 232.837 427.974 27.764 152.881 434.329 23.387 233.778 381.704 28.325 75.783 171.107 20.739 487.682 60.192 15.743 270.032 342.101 24.419 176.898 104.433 23.282 441.282 320.831 21.392 5.284 390.191 20.422 440.590 6.737 19.705 159.792 320.270 24.062 86.446 443.224 21.298 232.010 322.386 24.805 56.098 439.167 21.143 232.366 153.220 18.609 20.196 342.448 21.623 140.216 137.695 19.958 458.420 31.727 19.318 229.125 495.094 27.894 49.632 114.935 15.347 46.388 469.037 19.068 98.273 276.132 23.478 422.978 18.749 21.734 37.901 388.279 22.489 420.920 256.215 19.866 408.912 89.907 20.636 271.780 310.185 23.193 346.371 361.141 25.998 222.416 67.210 28.397 225.427 450.234 29.434 6.067 98.602 16.713 185.258 18.579 27.599 326.784 41.977 24.981 39.618 291.497 22.968 127.158 341.089 23.264 153.547 420.463 24.768 43.108 279.533 22.964 105.824 489.232 21.061 80.094 366.942 22.822 18.219 402.888 22.845 138.085 36.012 21.867 323.645 341.758 24.018 229.722 157.754 18.949 445.173 298.893 20.546 167.345 63.339 23.475 240.096 30.274 27.381 444.698 445.784 17.503 98.772 258.814 22.522 415.199 445.261 19.025 6.695 145.849 17.359 419.614 97.991 17.711 414.069 292.723 17.985 442.853 36.592 20.723 302.496 176.897 21.048 8.982 311.185 21.205 182.064 385.844 26.642 474.907 427.453 18.274 481.377 354.061 21.893 87.500 329.377 21.299 334.775 187.518 19.252 454.706 395.793 18.350 378.734 317.151 19.050 164.523 309.060 23.938 297.062 153.100 21.681 337.630 73.792 24.660 171.584 467.843 23.862 247.751 281.876 23.112 371.442 431.503 22.123 117.598 286.944 23.187 62.099 103.292 14.931 130.859 232.506 20.779 76.390 327.206 22.178 368.648 47.172 22.761 259.911 143.759 20.474 489.244 141.410 18.297 163.794 292.380 24.622 97.451 213.163 22.189 330.362 233.332 20.585 93.002 306.692 21.179 15.718 226.414 18.140 1.192 354.727 21.439 420.775 86.231 18.279 2.790 202.333 17.554 195.326 329.466 24.499 181.637 84.857 25.142 96.073 201.285 20.702 146.055 17.923 23.569 496.337 30.023 16.328 114.176 4.383 21.590 186.365 219.166 21.835 463.398 51.048 17.523 28.685 91.193 16.452 44.018 284.826 22.471 281.095 364.086 25.639 99.566 218.396 21.813 35.591 415.560 20.988 329.367 149.441 22.659 353.333 200.085 18.008 478.567 323.224 19.851 100.760 452.876 21.004 102.459 227.659 21.653 95.740 190.046 20.496 284.569 200.163 20.454 476.061 190.611 18.542 415.463 385.519 20.379 142.492 402.188 24.722 429.392 334.311 21.655 165.227 153.770 19.481 354.094 431.720 25.433 455.244 144.255 18.644 145.410 377.834 26.472 202.296 494.505 28.049 148.277 77.956 21.996 379.118 169.901 20.926 80.465 140.363 16.599 485.912 299.023 20.505 338.516 159.570 22.485 419.838 133.890 19.292 351.197 329.575 23.770 151.456 299.512 23.273 377.348 165.196 21.007 130.203 254.112 23.649 119.614 90.681 18.319 199.490 265.472 23.769 125.277 149.798 19.843 393.933 49.166 22.554 288.981 396.454 27.222 407.645 353.778 21.305 451.557 487.327 19.397 441.841 236.847 17.824 396.804 397.207 21.934 77.948 79.079 14.738 84.613 115.261 17.206 304.731 399.789 28.233 148.865 269.566 24.071 202.840 470.182 27.844 282.182 294.217 23.183 3.021 335.261 22.022 323.590 441.116 26.205 82.851 6.224 17.578 142.905 173.398 19.304 482.804 177.094 18.477 171.803 332.797 24.707 263.085 421.777 28.729 210.782 36.261 28.843 401.533 178.451 18.642 257.693 232.806 21.628 4.129 431.745 20.420 190.582 248.581 21.924 94.268 196.065 21.034 405.679 255.434 17.916 203.902 336.336 25.845 54.746 289.267 22.534 163.160 145.863 19.967 358.545 322.898 22.257 326.833 140.016 24.332 1.277 451.432 18.730 366.189 391.743 24.595 135.409 494.913 21.978 184.469 33.979 26.047 374.590 276.989 19.832 101.754 80.649 19.053 434.185 394.924 19.361 468.413 206.709 17.612 327.999 347.301 23.736 40.772 203.587 19.429 364.989 370.942 24.036 161.954 314.019 -16.371 480.911 182.559 -20.341 408.567 8.365 -16.720 44.247 155.884 -21.956 477.150 334.906 -18.401 243.490 379.110 -11.158 472.097 30.278 -21.503 71.155 4.657 -22.040 223.476 364.740 -12.607 449.934 192.425 -21.315 100.758 121.962 -20.898 36.549 219.207 -20.286 495.242 151.235 -20.949 293.749 486.978 -11.038 396.708 92.038 -18.493 82.315 226.158 -18.364 194.155 349.087 -13.780 33.608 321.544 -17.063 456.941 313.026 -17.826 165.464 474.825 -14.456 472.485 190.346 -21.607 262.095 116.402 -13.402 137.952 319.230 -15.638 171.723 92.942 -15.847 480.236 196.442 -21.161 488.665 498.416 -21.735 196.554 268.204 -15.648 67.904 318.759 -16.803 56.753 121.890 -23.029 374.430 177.721 -20.060 333.290 181.440 -18.302 34.270 381.138 -17.546 398.053 481.119 -16.734 226.841 177.856 -22.587 14.526 61.867 -25.701 401.873 61.498 -17.478 148.949 435.853 -16.583 314.206 244.816 -17.442 73.728 366.205 -15.640 38.391 267.787 -17.891 241.441 194.298 -23.255 495.713 158.391 -20.544 396.144 370.861 -16.143 422.141 212.520 -21.347 425.236 146.162 -20.715 272.565 159.938 -19.738 330.984 68.388 -13.497 173.986 79.749 -14.009 338.412 465.656 -13.994 312.272 493.006 -11.902 358.440 37.061 -16.562 76.788 376.304 -16.246 314.868 352.416 -13.589 253.663 317.354 -16.230 473.652 407.879 -21.251 293.781 6.621 -11.726 277.428 60.619 -11.387 496.974 432.117 -19.095 12.005 462.494 -22.868 88.894 493.710 -21.359 305.901 280.278 -16.023 392.507 90.046 -18.105 21.257 157.978 -20.890 420.333 0.185 -17.106 128.273 142.844 -19.206 87.657 278.282 -16.777 419.152 13.722 -16.721 23.868 23.753 -24.926 342.695 6.225 -15.701 154.311 223.468 -17.069 336.652 287.092 -17.548 84.233 45.563 -21.719 167.130 158.675 -19.472 312.017 164.240 -18.054 414.306 206.958 -21.101 203.623 232.226 -17.174 362.772 474.699 -15.085 169.505 346.580 -13.533 289.499 217.930 -18.037 85.600 183.147 -18.935 393.385 486.674 -16.024 168.708 200.766 -17.295 236.874 196.117 -22.065 163.124 275.457 -15.020 443.077 365.820 -17.857 374.117 397.798 -15.216 281.028 78.844 -11.074 487.524 61.835 -23.026 104.693 321.044 -16.818 143.056 394.696 -13.493 278.402 280.381 -15.364 44.810 92.935 -23.893 314.034 272.445 -16.807 158.505 49.870 -16.434 47.601 69.114 -24.255 222.970 150.955 -21.300 147.346 470.388 -17.828 251.499 12.702 -11.098 289.910 239.037 -18.167 281.241 299.804 -15.764 348.288 212.984 -20.407 457.758 433.111 -21.156 134.646 326.227 -15.927 195.817 109.765 -16.190 149.624 77.092 -18.029 127.134 422.294 -15.576 275.663 404.966 -11.110 312.128 457.247 -12.548 38.436 236.664 -19.623 37.214 255.341 -18.043 14.575 311.527 -17.394 185.122 90.349 -14.293 353.103 31.984 -17.006 312.699 18.793 -11.923 278.435 488.484 -11.599 271.253 91.883 -11.752 282.906 462.721 -12.600 15.258 293.379 -16.137 437.613 499.055 -19.111 302.686 481.107 -12.776 249.529 249.191 -16.632 130.279 213.780 -17.104 109.958 409.166 -15.383 384.602 285.154 -19.629 236.380 146.976 -19.927 297.911 331.519 -16.362 388.844 364.640 -17.309 490.064 483.433 -22.597 94.717 117.165 -21.321 38.486 163.001 -20.077 240.956 76.133 -13.449 450.703 59.866 -22.470 172.794 195.360 -18.952 362.031 292.280 -18.538 211.776 116.336 -16.530 407.304 180.852 -20.014 147.808 35.938 -16.704 63.699 108.389 -23.924 386.547 482.843 -15.676 13.882 466.096 -21.484 147.523 450.332 -16.826 7.128 85.072 -23.569 280.848 71.222 -11.468 263.526 4.941 -10.979 463.111 279.464 -19.098 206.836 20.924 -11.062 93.023 254.385 -16.440 119.422 41.441 -19.438 382.620 376.658 -15.501 334.446 315.550 -17.026 398.525 447.231 -17.967 295.683 38.779 -12.084 306.205 6.626 -11.849 237.239 444.647 -10.414 89.843 457.106 -18.673 370.420 36.754 -16.615 54.878 379.587 -16.372 25.706 478.910 -22.317 381.316 273.283 -20.768 458.822 262.994 -19.682 41.416 316.137 -16.423 457.109 206.376 -21.994 225.555 275.398 -14.368 442.117 212.650 -22.090 323.589 154.466 -15.684 290.495 207.943 -17.971 253.950 29.723 -11.097 306.653 317.709 -16.715 50.977 5.397 -22.670 365.797 315.991 -17.235 416.541 288.520 -21.286 225.030 458.453 -10.185 221.947 233.469 -17.388 412.636 463.359 -17.862 189.895 329.820 -13.178 30.262 456.684 -20.454 273.407 457.697 -10.453 179.775 196.828 -17.969 289.978 304.240 -16.238 249.528 324.237 -16.218 304.062 347.446 -14.483 38.180 427.907 -19.111 14.317 426.550 -18.020 208.747 385.400 -12.119 452.447 150.108 -21.074 240.114 331.088 -16.187 342.803 295.719 -17.540 329.302 448.847 -12.959 125.326 203.486 -17.791 78.171 218.237 -17.763 37.743 377.564 -17.674 361.218 236.719 -18.961 360.691 203.496 -21.619 460.840 170.633 -20.814 321.767 493.911 -13.983 170.584 42.467 -16.548 114.974 432.187 -16.907 303.411 230.616 -18.515 458.992 200.177 -21.686 271.733 147.074 -17.436 450.029 131.465 -21.068 93.398 196.133 -17.836 233.949 37.438 -10.340 452.180 316.531 -18.596 411.356 432.263 -19.844 401.054 329.766 -18.136 127.000 409.827 -15.681 360.458 164.397 -18.730 149.994 421.133 -14.587 432.457 306.499 -19.307 45.021 455.776 -20.047 220.141 178.873 -21.827 424.685 97.625 -20.382 425.974 267.667 -19.518 455.002 188.069 -21.505 163.943 230.843 -15.736 395.694 428.384 -18.718 119.368 309.431 -17.015 369.844 184.962 -20.582 165.705 353.853 -12.230 286.497 381.708 -13.392 476.161 324.221 -18.213 437.864 266.417 -18.098 247.527 327.872 -15.422 402.949 80.345 -17.889 42.621 96.887 -23.431 220.869 452.422 -10.019 224.052 358.895 -13.001 158.473 407.858 -14.131 45.650 358.878 -15.757 308.046 318.958 -16.234 450.683 329.818 -19.348 297.835 372.811 -13.721 453.717 59.661 -21.211 226.414 197.698 -20.828 316.654 362.840 -13.396 285.062 289.718 -14.867 377.254 24.346 -16.822 192.262 48.338 -11.837 111.196 474.635 -17.894 478.686 116.080 -23.131 495.604 305.911 -17.491 329.950 215.745 -19.331 354.224 193.361 -19.581 56.983 91.401 -25.398 44.524 224.761 -19.473 365.383 267.812 -17.811 251.684 304.241 -15.021 73.525 300.872 -16.678 12.311 254.919 -19.884 410.211 409.229 -19.748 482.944 462.885 -23.071 292.444 150.115 -17.764 456.170 413.838 -21.729 173.561 364.158 -12.099 45.375 115.315 -23.418 250.086 291.534 -14.919 440.051 79.745 -21.947 497.306 140.083 -21.012 134.815 250.027 -16.511 134.067 371.554 -13.761 401.082 109.269 -19.173 442.367 42.358 -20.925 80.852 1.454 -20.661 127.743 256.484 -16.367 253.092 450.752 -10.761 481.105 25.915 -22.815 51.765 104.540 -24.049 457.189 0.136 -21.559 489.317 241.340 -21.238 226.395 310.127 -15.805 9.467 359.194 -15.736 296.399 133.196 -15.953 457.873 427.361 -22.252 3.763 407.141 -18.844 385.396 64.094 -15.649 164.455 444.968 -15.727 104.780 463.059 -17.744 204.739 0.917 -11.459 204.576 0.788 -11.233 370.909 486.480 -15.555 77.090 214.911 -18.891 434.381 120.824 -22.070 455.110 96.494 -22.740 426.876 377.758 -18.049 111.356 1.709 -17.843 117.321 220.713 -18.228 4.853 133.231 -21.925 493.799 184.046 -19.637 429.699 55.022 -20.351 362.417 337.791 -16.044 478.817 250.744 -20.402 0.421 412.021 -18.207 163.621 29.736 -15.083 329.275 254.251 -17.923 146.208 40.460 -17.496 244.505 166.479 -21.436 9.832 202.394 -20.063 391.936 390.803 -18.198 198.340 134.426 -19.349 209.746 462.392 -10.997 304.301 195.375 -19.046 364.379 464.612 -15.441 346.381 121.506 -15.247 294.472 359.525 -13.625 81.982 345.167 -15.758 99.624 103.534 -22.215 188.203 237.875 -16.697 160.753 488.186 -16.391 231.057 229.644 -18.966 119.357 432.581 -17.121 306.790 486.733 -12.463 482.063 414.155 -20.220 422.659 307.451 -18.376 110.203 189.598 -19.015 169.629 383.681 -12.236 15.415 262.905 -17.600 484.002 225.700 -22.176 460.421 467.914 -21.009 212.535 141.049 -20.238 255.281 126.957 -16.469 151.512 310.394 -15.442 284.320 62.151 -11.234 351.389 24.414 -16.937 471.004 396.749 -19.037 229.513 463.314 -12.181 20.059 220.156 -21.206 435.381 158.518 -19.453 27.263 212.594 -20.897 453.636 445.802 -21.817 478.862 421.850 -20.310 66.667 55.200 -23.688 411.648 321.630 -17.406 84.010 184.480 -18.855 212.561 482.008 -11.856 229.563 62.761 -12.788 272.210 19.359 -9.375 141.471 463.129 -18.643 258.294 232.305 -17.572 50.205 389.507 -16.185 66.724 194.431 -17.689 269.509 268.588 -15.370 64.133 183.552 -18.710 46.217 167.828 -19.489 54.125 329.184 -16.972 431.142 42.440 -18.738 118.481 450.738 -17.236 303.207 498.958 -11.738 327.196 473.411 -12.788 289.474 61.771 -12.657 99.036 108.794 -22.416 34.432 133.943 -21.608 86.470 341.463 -16.315 451.899 373.729 -18.850 259.452 353.845 -14.347 456.251 366.474 -18.316 236.968 42.511 -11.203 499.263 452.801 -20.961 123.401 48.851 -18.736 372.633 470.514 -15.667 201.515 357.153 -13.224 340.959 226.431 -19.363 6.772 163.767 -21.707 30.866 49.152 -25.348 126.523 193.631 -19.019 325.607 470.343 -12.951 149.496 5.621 -16.189 471.279 402.782 -20.740 4.248 103.752 -22.376 490.588 458.157 -22.465 125.915 334.062 -17.335 223.840 142.250 -20.259 391.493 163.785 -17.881 154.892 181.679 -17.658 5.209 10.767 -22.303 71.967 18.724 -21.394 314.719 334.998 -16.091 385.366 422.796 -17.475 18.260 354.490 -16.703 402.147 377.358 -17.270 446.359 496.008 -20.788 141.092 244.194 -15.393 226.462 18.261 -11.305 63.283 47.817 -23.804 269.290 4.813 -12.018 499.910 133.906 -20.275 277.233 415.410 -10.444 454.449 201.902 -21.734 275.246 5.131 -11.563 475.096 232.522 -21.233 475.099 312.705 -19.299 364.405 108.975 -15.470 73.926 420.839 -15.796 220.331 112.530 -16.172 293.665 304.176 -16.008 443.506 171.009 -19.565 187.487 220.833 -17.508 7.118 172.513 -20.339 182.571 498.618 -12.269 463.509 487.547 -22.961 366.105 275.369 -18.122 387.899 244.205 -20.721 127.235 327.547 -16.550 210.303 372.066 -11.925 96.969 282.603 -16.863 176.145 454.950 -14.033 113.592 348.559 -16.729 328.058 481.563 -14.081 466.152 64.644 -22.133 111.053 469.972 -19.253 0.327 339.744 -18.137 388.370 353.526 -17.536 62.118 158.414 -20.587 34.634 359.954 -16.220 197.498 35.961 -11.685 466.325 298.366 -18.482 356.916 286.013 -18.386 78.200 78.143 -22.963 140.444 7.343 -17.265 180.100 311.564 -14.320 186.193 316.991 -14.281 365.964 360.498 -15.868 171.821 184.638 -18.960 312.280 206.695 -19.383 335.139 109.976 -14.099 283.011 163.250 -18.360 460.614 5.983 -20.925 9.965 456.554 -21.818 124.220 60.776 -20.367 389.081 218.207 -21.224 76.090 141.239 -22.066 407.193 499.975 -16.086 18.457 292.583 -16.631 209.952 283.033 -14.749 484.839 274.695 -17.832 279.748 56.210 -10.765 99.868 193.165 -18.919 72.316 427.438 -16.175 340.980 56.249 -15.499 227.360 158.195 -21.861 58.769 414.650 -15.914 288.928 81.090 -11.679 33.488 116.450 -23.348 157.871 53.292 -16.174 9.013 398.463 -18.393 429.083 178.280 -19.957 166.801 245.003 -15.291 1.436 323.114 -18.568 5.751 85.595 -23.066 43.846 494.374 -21.790 348.212 300.457 -17.381 487.618 230.065 -21.295 7.697 361.260 -16.163 309.290 59.739 -13.366 35.549 122.908 -22.519 46.241 128.808 -21.961 18.877 363.135 -16.770 183.929 475.559 -13.106 113.989 201.826 -18.098 38.252 247.926 -19.275 121.732 19.309 -18.603 195.936 369.405 -10.923 261.904 191.650 -21.052 207.590 470.528 -10.858 333.571 14.006 -15.396 59.915 462.709 -17.711 381.217 111.494 -16.562 272.745 90.752 -12.303 129.585 268.749 -16.482 159.528 151.669 -19.502 7.551 140.305 -22.130 321.317 210.082 -19.871 21.595 288.304 -16.733 114.834 334.523 -17.223 285.782 493.305 -11.494 242.237 415.452 -11.574 441.331 7.358 -19.995 201.361 336.344 -14.181 379.097 325.094 -18.810 335.566 411.195 -10.696 363.106 493.459 -15.791 252.717 378.733 -13.147 388.247 256.319 -20.261 9.418 116.148 -22.967 363.132 399.108 -15.333 279.900 392.882 -12.332 306.517 329.831 -15.754 391.041 133.197 -17.534 283.449 259.282 -16.630 151.564 287.063 -15.750 158.984 269.567 -15.854 247.873 282.088 -15.075 346.764 145.382 -15.875 92.901 0.369 -20.726 243.474 261.427 -14.852 0.345 377.297 -18.495 451.726 279.678 -18.707 306.903 401.772 -9.898 184.433 402.778 -12.828 350.077 436.847 -14.102 488.936 201.785 -21.583 252.633 193.425 -21.210 26.407 434.184 -18.682 356.945 439.375 -14.057 8.763 443.001 -19.274 124.069 364.667 -15.097 350.697 103.872 -13.957 37.234 232.322 -20.167 30.366 221.583 -20.761 270.980 73.027 -11.519 2.157 140.820 -20.750 458.352 296.341 -18.264 105.607 474.860 -18.177 369.687 110.663 -15.806 455.404 316.823 -18.556 269.645 61.467 -12.053 132.393 179.520 -18.126 259.367 329.002 -15.605 386.323 458.059 -15.591 452.319 235.922 -21.583 447.401 443.646 -21.719 53.625 161.258 -19.942 211.685 489.363 -9.947 252.798 26.153 -10.308 397.587 224.327 -21.381 151.138 103.882 -17.700 472.247 321.305 -17.864 83.476 114.706 -23.288 42.609 475.486 -19.998 425.067 135.247 -20.014 271.101 389.918 -12.882 499.637 71.218 -23.737 352.479 62.026 -14.796 429.230 287.778 -20.378 408.220 43.477 -17.899 244.948 408.780 -11.519 161.417 358.507 -13.605 415.327 176.367 -20.137 420.578 268.875 -19.575 151.497 438.488 -18.268 376.991 233.844 -21.285 225.843 84.808 -13.213 248.546 48.989 -11.992 164.251 43.354 -15.997 483.463 127.868 -21.202 385.790 395.781 -17.566 441.229 430.749 -22.090 472.681 41.454 -21.612 88.548 36.618 -21.282 25.080 485.977 -22.025 337.476 457.330 -14.615 392.866 103.642 -17.487 132.242 421.611 -15.729 24.210 83.806 -24.662 253.980 487.050 -10.999 112.802 29.548 -18.526 77.941 372.195 -15.928 350.603 97.314 -15.603 366.203 386.859 -13.492 323.396 288.007 -16.909 456.969 268.714 -18.479 416.054 72.431 -19.464 417.403 447.857 -20.434 8.730 248.391 -18.820 184.296 486.726 -13.964 464.509 242.600 -20.247 6.904 353.144 -16.439 438.324 147.118 -20.291 376.632 379.054 -15.921 383.540 343.873 -17.781 438.929 413.878 -20.906 402.678 250.509 -20.805 193.784 299.845 -13.137 414.623 351.619 -17.711 106.895 199.404 -17.684 329.879 431.898 -12.807 209.120 158.757 -21.100 455.014 487.334 -21.726 448.790 499.259 -20.389 423.439 79.162 -20.476 186.180 463.958 -13.597 85.518 49.683 -22.538 159.160 280.763 -15.985 204.927 160.355 -21.862 392.122 114.788 -18.208 412.555 329.834 -18.675 112.390 376.507 -14.553 333.245 169.205 -18.464 487.017 392.528 -18.049 266.622 239.361 -17.441 434.268 421.980 -21.679 436.523 66.500 -20.957 425.369 194.136 -20.479 233.800 87.878 -13.626 158.908 199.818 -18.696 243.009 401.417 -10.582 222.568 38.656 -10.806 86.910 103.848 -22.048 7.644 77.703 -23.949 475.293 172.150 -19.998 33.785 44.001 -24.166 448.719 286.720 -17.920 327.443 97.829 -13.114 7.639 122.082 -21.379 446.940 46.028 -20.753 465.924 457.979 -22.736 3.712 267.055 -18.398 170.037 398.614 -13.348 30.604 389.058 -17.667 368.701 128.291 -15.640 277.907 339.660 -15.249 94.159 89.447 -22.115 179.422 451.685 -15.119 103.707 269.112 -17.316 386.630 338.512 -16.977 31.569 181.757 -19.811 286.710 419.148 -11.165 450.881 426.700 -21.344 188.953 78.440 -13.696 115.374 61.235 -19.692 349.207 374.000 -14.843 37.398 480.798 -21.865 128.378 249.818 -17.556 387.020 133.483 -16.453 240.118 293.074 -15.983 173.731 463.583 -14.078 35.155 315.564 -17.514 488.035 169.947 -20.024 408.219 365.404 -18.325 470.267 98.172 -23.898 430.643 359.811 -18.112 371.247 243.606 -20.164 268.266 228.310 -18.887 395.239 244.540 -19.120 268.903 178.409 -18.789 302.141 402.228 -10.563 112.571 292.828 -17.002 452.696 212.357 -22.028 365.182 426.624 -16.104 424.249 428.070 -21.087 269.631 0.744 -11.592 462.413 63.015 -22.510 26.243 1.390 -22.861 409.724 457.253 -18.547 205.413 236.881 -17.699 313.672 4.334 -11.858 361.971 299.163 -18.416 499.301 353.844 -16.897 418.555 283.433 -21.784 75.960 387.256 -15.064 357.425 498.865 -16.273 64.871 20.090 -22.526 479.708 30.817 -22.870 487.884 499.674 -22.751 36.074 195.376 -20.661 401.151 457.363 -18.778 12.441 134.003 -21.015 338.157 359.551 -13.866 245.982 78.673 -14.008 415.807 192.883 -20.358 364.665 352.304 -16.605 221.216 95.483 -14.299 100.270 97.999 -21.693 416.182 456.901 -19.398 432.317 242.839 -20.707 157.673 103.117 -16.794 48.973 195.573 -18.410 26.059 244.904 -19.706 460.555 333.403 -19.393 111.818 24.547 -18.553 482.787 242.167 -22.124 131.607 116.384 -19.455 445.639 158.982 -20.361 422.672 223.306 -21.691 496.998 81.880 -23.168 303.744 24.181 -12.130 325.642 232.272 -18.730 22.012 138.507 -22.817 425.998 452.446 -20.884 357.263 61.248 -16.075 350.696 267.146 -17.520 383.535 188.997 -20.124 175.524 7.436 -12.676 146.922 138.308 -20.025 428.105 310.054 -19.054 287.771 445.130 -11.416 119.828 127.487 -18.994 212.649 444.269 -9.939 433.724 129.721 -21.414 178.812 426.367 -13.662 17.316 425.587 -18.686 246.060 340.368 -14.747 265.285 238.548 -16.911 107.754 494.823 -17.855 271.840 121.560 -13.820 370.602 134.788 -15.659 404.597 116.676 -19.370 348.344 405.072 -12.854 171.009 207.402 -16.350 383.431 30.464 -16.449 246.693 304.008 -15.515 426.486 305.527 -19.083 104.151 413.862 -15.863 326.241 49.452 -13.978 26.602 355.042 -16.969 78.515 155.332 -20.255 122.247 280.176 -15.913 63.802 432.097 -16.959 461.537 462.615 -22.269 20.710 103.615 -22.088 11.565 323.348 -18.356 282.702 453.101 -10.344 454.328 401.931 -20.198 65.277 77.786 -24.995 495.369 5.728 -22.434 75.319 462.400 -18.005 117.782 245.304 -16.439 406.554 407.945 -18.676 11.096 445.870 -20.409 401.452 194.919 -20.756 72.924 277.075 -16.067 283.594 0.370 -12.660 131.174 376.884 -14.457 321.951 97.330 -13.830 175.942 286.384 -14.113 232.694 258.079 -15.898 421.117 394.668 -20.180 170.149 6.339 -13.902 334.608 205.555 -20.466 270.492 280.160 -13.997 175.525 445.824 -15.054 332.141 366.033 -13.910 298.659 140.849 -16.211 394.839 352.650 -17.348 264.292 355.289 -14.777 169.103 336.743 -13.724 401.716 267.686 -21.076 78.590 245.844 -16.405 243.381 384.752 -10.673 495.570 200.889 -20.505 58.379 482.693 -20.456 487.768 86.201 -23.217 75.697 74.333 -25.196 9.903 378.234 -18.511 250.194 298.065 -15.256 180.849 458.629 -13.149 404.336 67.029 -17.891 139.157 114.452 -19.361 354.193 332.875 -15.967 147.782 343.101 -14.866 487.032 448.750 -20.494 306.600 433.432 -13.145 58.340 203.233 -18.542 89.484 75.441 -22.019 193.075 446.426 -13.108 180.755 238.337 -17.003 310.009 423.240 -11.407 59.796 360.861 -15.801 3.812 443.882 -19.360 6.455 403.338 -17.705 415.091 342.859 -18.888 81.129 485.663 -20.925 45.702 372.366 -15.665 67.608 176.364 -19.647 486.516 483.881 -23.314 487.432 121.874 -23.417 433.858 363.461 -17.981 9.658 274.848 -17.268 202.714 427.571 -12.600 47.863 353.294 -16.247 37.436 439.843 -18.846 389.546 458.411 -16.209 409.421 141.033 -18.933 173.754 19.480 -14.382 161.311 122.448 -17.835 331.232 313.358 -16.292 163.456 4.930 -14.355 46.125 293.535 -15.499 442.234 478.314 -20.258 238.185 346.629 -13.186 281.448 397.432 -11.417 415.235 402.547 -19.707 7.272 233.137 -21.078 330.787 91.737 -14.462 151.590 49.796 -17.579 5.514 330.368 -19.055 251.823 262.638 -14.989 386.893 499.665 -16.934 354.443 323.184 -16.449 160.124 439.772 -17.105 280.152 117.392 -14.381 170.906 433.144 -14.589 177.052 310.825 -13.820 82.846 444.738 -16.881 255.084 4.323 -11.094 423.384 30.489 -17.545 469.157 1.206 -21.255 213.994 81.230 -12.051 22.291 225.563 -20.593 479.984 50.266 -22.348 138.718 396.506 -13.493 369.302 457.485 -15.894 4.192 494.704 -21.711 135.660 194.004 -18.717 397.806 30.414 -16.476 239.765 318.047 -15.292 204.744 153.193 -21.337 9.110 212.102 -21.175 68.374 415.522 -16.121 348.019 285.549 -17.329 208.766 353.317 -13.348 105.743 376.902 -14.344 447.902 371.015 -18.246 235.449 476.433 -11.363 75.858 347.944 -16.730 467.765 428.529 -21.442 173.308 96.018 -16.232 83.760 201.396 -18.071 370.312 386.723 -14.576 262.660 347.528 -15.389 199.321 324.754 -15.305 267.838 55.338 -11.648 108.158 346.758 -15.758 225.485 446.998 -9.362 359.491 293.900 -18.176 247.663 43.546 -10.748 393.892 74.552 -17.032 55.794 295.084 -16.404 76.027 486.852 -21.512 91.753 318.003 -17.863 430.788 451.651 -21.013 327.145 463.239 -13.030 439.586 407.811 -19.906 338.773 367.496 -12.895 77.371 224.850 -17.981 44.298 482.270 -20.821 367.286 262.169 -20.612 360.127 43.287 -16.200 478.726 12.809 -20.807 206.870 409.626 -12.373 440.453 395.936 -19.039 290.999 337.001 -15.429 247.562 440.473 -10.601 189.072 421.546 -12.937 59.605 335.043 -16.473 422.735 432.622 -21.364 395.298 327.579 -18.091 488.723 328.585 -17.824 199.643 420.553 -13.313 188.298 347.677 -13.426 213.415 286.817 -13.389 259.216 169.962 -20.103 387.684 438.007 -16.897 110.025 160.451 -19.260 184.924 291.565 -14.351 293.962 162.693 -17.908 438.927 329.143 -18.966 3.689 81.032 -23.047 421.741 341.687 -17.857 129.667 167.459 -19.686 9.057 469.383 -22.195 202.532 36.144 -11.406 181.296 31.786 -12.975 340.618 232.343 -18.787 345.298 494.656 -16.163 247.492 230.415 -17.463 116.766 428.047 -16.139 143.114 452.466 -17.401 449.609 305.238 -18.157 58.912 6.724 -22.201 314.954 196.091 -20.393 221.121 135.190 -19.420 180.970 17.171 -12.666 490.958 407.071 -19.040 376.986 279.431 -20.195 493.418 280.460 -17.264 203.631 279.971 -14.488 425.345 475.239 -17.793 334.820 97.554 -14.323 466.595 44.601 -21.152 350.817 115.045 -14.993 264.850 420.069 -9.754 449.252 176.542 -20.405 33.380 310.538 -15.879 36.524 304.240 -15.398 379.780 4.224 -14.150 419.814 244.211 -21.606 316.208 445.984 -13.637 479.341 442.626 -20.887 268.862 368.651 -12.784 370.085 498.183 -16.040 2.298 97.077 -22.669 152.689 230.865 -16.512 498.229 280.940 -16.860 405.932 391.626 -17.652 27.598 323.206 -17.291 440.949 350.198 -17.603 379.705 373.444 -16.508 358.365 74.590 -15.458 254.914 226.063 -18.153 54.584 427.826 -16.809 405.825 152.442 -17.761 132.256 138.103 -19.285 200.289 116.525 -16.926 266.113 463.205 -10.529 227.601 342.010 -14.513 475.391 316.917 -18.961 474.660 91.103 -22.723 228.107 256.528 -16.454 395.917 170.176 -19.147 53.229 41.999 -23.070 338.504 255.864 -17.042 244.562 254.634 -17.571 83.040 211.901 -16.941 38.557 144.753 -22.352 27.494 200.304 -20.508 280.329 323.115 -15.965 377.822 212.103 -20.865 230.334 261.347 -14.651 364.759 169.918 -18.411 288.510 273.347 -15.470 272.684 426.081 -10.408 219.708 457.191 -9.370 335.891 371.371 -13.653 298.760 128.438 -15.195 0.600 379.537 -18.867 382.465 304.500 -18.665 197.084 275.471 -13.938 378.593 206.929 -21.336 196.397 99.018 -14.111 489.418 420.504 -19.328 487.740 53.976 -22.091 262.302 244.736 -16.488 320.371 157.875 -16.635 52.988 212.512 -18.457 426.360 157.563 -19.337 30.325 146.611 -21.386 71.829 248.488 -18.632 18.065 183.812 -20.768 252.402 425.817 -11.194 101.857 299.922 -16.642 211.025 394.655 -12.391 401.876 401.378 -19.538 187.038 20.012 -12.912 14.554 203.496 -21.127 413.028 440.255 -20.031 459.465 103.119 -23.059 333.540 329.795 -16.021 289.581 330.092 -16.251 176.677 412.792 -13.140 106.052 48.093 -19.861 43.487 77.037 -24.876 11.005 364.927 -16.122 258.994 427.551 -10.016 452.476 384.378 -19.563 67.355 340.659 -16.779 225.893 261.769 -14.925 486.411 268.972 -17.868 486.882 206.004 -20.833 187.685 491.606 -11.654 279.408 96.857 -12.815 472.397 385.388 -19.520 157.169 144.696 -19.083 465.450 116.608 -23.007 274.089 286.147 -16.229 491.657 0.859 -23.250 83.011 379.516 -15.288 20.209 418.069 -18.051 282.003 262.303 -16.236 379.867 298.842 -18.604 185.625 110.524 -16.434 16.424 53.463 -23.597 359.693 287.902 -18.355 187.540 300.748 -13.915 490.679 475.626 -23.737 485.824 44.754 -22.608 333.780 122.556 -13.972 392.585 297.753 -19.822 424.464 361.770 -16.584 117.305 54.032 -19.313 162.835 481.398 -15.717 360.204 207.163 -20.751 46.328 67.135 -24.629 279.566 104.148 -12.635 328.925 250.147 -17.868 38.911 177.121 -19.670 266.939 290.357 -14.585 87.477 406.255 -14.533 20.480 279.475 -16.586 215.163 366.447 -12.798 27.175 249.814 -19.477 123.673 450.711 -16.886 453.089 471.630 -21.555 417.554 213.040 -20.750 278.439 354.694 -15.009 59.319 81.579 -24.753 45.058 237.865 -19.840 480.319 158.454 -19.913 14.458 165.131 -19.947 408.273 220.354 -20.711 188.031 52.672 -12.765 252.850 278.861 -15.313 464.793 294.210 -18.657 221.600 227.033 -18.039 182.976 212.659 -17.648 358.843 499.783 -15.280 308.458 2.473 -11.927 352.895 356.077 -14.806 442.897 226.114 -20.983 99.044 389.968 -13.925 105.418 449.702 -17.405 9.494 116.765 -22.917 391.572 432.669 -18.519 210.579 358.687 -13.152 416.628 41.714 -18.143 489.167 96.121 -23.601 404.021 225.627 -20.380 337.473 140.021 -15.288 105.492 341.816 -16.165 324.337 54.127 -12.285 475.843 365.462 -17.596 475.555 473.690 -23.515 336.578 324.063 -16.097 389.846 24.633 -16.160 407.861 171.638 -19.418 297.010 273.581 -15.909 32.562 396.900 -16.928 58.496 404.061 -15.802 0.731 23.828 -22.176 374.076 18.258 -16.958 418.658 61.122 -19.443 488.653 11.666 -23.020 0.047 319.014 -17.652 242.656 335.965 -16.076 412.133 293.695 -20.994 481.302 438.252 -20.298 411.382 361.136 -17.963 158.690 493.348 -15.569 210.659 194.924 -20.878 406.179 437.661 -18.126 116.239 385.418 -14.035 423.134 349.542 -17.597 192.599 22.947 -12.522 269.409 163.635 -19.720 139.954 343.450 -15.042 100.303 180.279 -19.624 71.682 153.005 -20.019 8.694 19.230 -22.260 100.630 413.691 -14.398 252.648 247.488 -16.949 375.906 87.260 -17.056 40.085 55.037 -24.051 499.523 97.388 -23.942 167.290 216.974 -18.259 357.572 121.669 -15.508 38.341 12.827 -23.525 115.865 80.144 -20.517 405.015 17.613 -15.813 115.557 150.949 -19.572 499.127 135.014 -20.450 344.700 438.063 -14.431 221.164 183.760 -21.439 252.511 439.894 -10.788 201.975 147.754 -20.861 226.793 299.134 -15.093 412.407 365.530 -18.209 62.107 35.464 -23.501 439.990 285.556 -18.009 199.081 243.159 -16.774 327.969 328.625 -16.637 184.631 158.832 -21.665 250.926 61.962 -11.744 87.787 172.575 -18.415 419.404 426.217 -20.639 190.833 485.903 -11.906 106.517 144.021 -21.182 251.657 354.387 -14.564 383.631 76.102 -16.633 275.286 324.467 -15.709 158.736 31.405 -16.148 384.209 40.631 -16.070 6.607 340.777 -17.648 37.023 236.987 -19.833 81.692 250.830 -16.702 72.006 400.477 -15.780 144.431 188.516 -19.465 401.356 164.597 -19.384 291.793 182.751 -19.067 274.378 398.827 -11.774 429.690 103.959 -21.169 437.762 93.382 -22.622 236.642 493.645 -12.107 54.802 29.839 -23.816 197.947 384.665 -12.094 351.647 232.049 -19.593 294.052 30.818 -11.871 109.176 179.033 -19.023 362.209 470.224 -15.154 427.067 222.403 -21.061 18.430 124.126 -23.806 6.228 414.289 -17.863 113.827 6.047 -17.741 321.265 59.347 -12.714 105.176 183.959 -18.074 166.555 98.119 -15.978 215.638 461.966 -10.674 0.243 255.957 -19.704 258.876 385.731 -11.464 367.131 212.540 -21.363 387.515 231.292 -21.089 39.884 201.153 -19.345 206.854 456.317 -11.119 186.240 266.892 -15.071 415.930 433.188 -20.629 315.088 171.193 -17.591 308.951 371.069 -12.724 499.788 171.367 -20.380 226.687 423.676 -12.543 211.105 306.898 -13.830 202.177 451.102 -11.733 2.846 200.156 -20.218 56.608 195.804 -18.679 390.260 12.178 -16.064 93.824 476.199 -17.601 58.359 390.741 -15.985 384.506 292.141 -19.693 484.599 280.208 -17.978 129.422 464.512 -19.088 106.953 105.685 -20.811 11.251 318.941 -18.606 79.246 450.407 -18.581 126.962 298.178 -15.572 394.405 61.254 -16.690 424.038 105.144 -22.093 345.598 72.466 -14.965 263.387 202.475 -21.123 148.614 12.952 -15.027 215.729 377.869 -11.444 145.387 89.422 -17.821 67.263 11.489 -21.503 436.299 211.467 -22.044 227.515 33.730 -10.596 301.564 20.179 -11.970 78.875 188.951 -18.333 265.102 497.850 -10.857 119.435 420.566 -15.844 421.617 364.579 -17.475 167.098 317.906 -14.646 280.236 493.475 -12.405 397.430 149.881 -17.625 41.043 128.619 -23.108 391.766 43.897 -17.214 394.022 475.499 -16.222 369.630 24.555 -15.832 379.639 151.335 -17.087 333.478 303.051 -17.089 485.260 398.917 -19.613 310.084 306.182 -16.297 430.450 476.097 -18.598 277.847 259.592 -15.463 242.368 23.402 -11.684 6.916 281.643 -16.934 394.581 379.143 -16.769 148.842 365.848 -13.337 219.902 85.805 -13.182 108.728 316.409 -17.019 65.702 361.785 -15.441 67.044 98.461 -23.756 422.180 408.722 -20.483 192.155 181.829 -19.438 370.639 464.486 -15.894 219.647 406.120 -12.571 353.143 366.495 -14.560 216.019 317.379 -15.412 256.493 285.971 -15.919 344.595 324.236 -16.021 194.374 103.076 -16.498 344.023 237.979 -18.671 59.049 470.519 -19.826 428.272 432.380 -21.328 327.429 13.262 -12.866 394.330 146.712 -18.260 415.709 201.107 -21.360 304.788 170.965 -17.586 388.954 110.757 -18.110 356.408 196.537 -20.548 129.662 132.533 -19.241 406.071 195.189 -20.414 364.845 499.803 -15.586 372.565 66.087 -13.913 391.240 341.194 -17.584 232.644 424.030 -12.767 4.545 3.654 -21.460 365.438 182.292 -20.305 440.358 55.129 -20.493 84.619 428.140 -16.969 119.253 249.970 -17.485 125.250 439.986 -16.702 300.281 237.466 -17.879 182.680 249.274 -16.646 324.920 261.005 -16.687 228.399 94.537 -13.221 296.648 413.853 -10.426 108.084 117.587 -20.235 156.727 158.374 -19.715 162.834 1.878 -14.199 341.514 371.136 -12.278 105.689 279.419 -17.478 306.721 238.696 -16.931 368.120 237.147 -20.036 218.812 430.023 -11.255 357.793 340.822 -15.588 1.614 85.378 -23.624 1.851 434.144 -19.777 199.313 444.903 -11.730 447.727 397.967 -19.171 167.515 35.322 -14.655 384.127 497.509 -17.077 311.956 445.282 -13.100 5.187 333.694 -17.732 114.228 195.015 -18.778 97.083 366.777 -16.206 306.447 128.828 -14.482 423.513 372.265 -17.296 341.536 382.645 -12.712 43.550 207.111 -19.885 212.472 24.447 -10.351 75.610 121.299 -22.304 476.368 303.734 -17.324 480.100 59.893 -22.466 281.964 145.670 -16.760 459.268 29.810 -20.481 18.385 462.758 -22.515 261.676 318.668 -15.948 38.271 291.787 -17.033 139.362 262.711 -16.452 240.520 10.627 -10.017 464.314 378.448 -18.361 2.376 487.537 -21.502 381.477 452.416 -16.013 120.181 481.813 -17.632 425.855 61.671 -19.571 11.443 281.452 -17.333 183.465 134.390 -20.089 214.499 25.493 -10.267 89.619 371.757 -15.519 430.163 1.407 -18.495 232.139 369.630 -12.015 180.141 104.793 -16.065 133.557 5.544 -16.709 112.621 389.207 -14.710 50.124 5.945 -22.906 205.319 370.742 -12.575 377.218 255.747 -20.671 473.419 280.162 -18.175 344.261 251.338 -18.831 20.699 18.308 -23.695 3.338 76.437 -21.938 147.471 487.926 -17.747 480.850 35.064 -22.792 265.483 73.161 -13.182 28.584 188.035 -19.461 28.500 394.462 -17.236 93.671 414.706 -16.236 320.404 13.570 -12.634 153.255 489.104 -15.456 142.749 352.586 -13.721 302.191 145.414 -17.149 58.593 263.077 -16.719 70.323 25.005 -21.261 231.821 417.710 -12.240 360.877 73.168 -15.379 489.637 90.388 -23.120 45.887 6.758 -21.824 348.558 493.127 -16.712 200.464 206.652 -18.121 240.597 487.242 -11.874 196.727 147.485 -20.075 19.917 385.393 -18.034 469.920 194.518 -21.889 124.845 348.461 -16.433 308.429 474.872 -12.234 442.757 49.201 -20.702 107.486 371.908 -14.750 52.558 151.359 -21.631 213.903 301.323 -13.978 129.259 45.478 -19.116 414.644 425.245 -20.856 16.947 287.449 -16.702 322.437 249.669 -17.365 347.594 444.077 -14.107 150.556 114.867 -18.936 332.674 157.301 -16.154 1.074 463.055 -22.147 440.993 360.119 -17.490 476.182 59.705 -22.005 40.497 330.469 -16.593 114.344 446.364 -17.046 494.081 0.684 -21.452 380.426 383.292 -15.151 253.447 332.843 -15.693 148.381 122.370 -20.378 390.997 361.885 -16.696 17.421 110.701 -23.345 11.885 219.906 -19.818 10.496 235.925 -20.451 150.206 456.765 -17.234 231.611 291.276 -14.897 32.017 208.155 -20.375 55.251 351.929 -16.804 99.467 379.036 -14.295 308.796 195.415 -19.122 198.515 123.965 -18.441 159.388 291.764 -15.039 102.635 5.651 -19.186 47.030 147.524 -22.960 462.562 23.748 -20.605 389.442 281.018 -21.208 99.462 285.114 -17.114 83.976 239.589 -17.446 366.327 158.668 -17.141 8.567 66.270 -24.136 345.997 319.212 -17.455 178.971 365.562 -11.471 355.030 36.020 -16.423 63.218 1.456 -22.733 160.340 498.267 -15.252 117.367 133.541 -19.363 45.702 152.199 -21.397 301.205 207.106 -18.709 17.377 134.931 -22.436 101.979 325.276 -17.208 483.001 445.740 -21.411 443.138 18.568 -19.511 241.131 116.405 -14.683 362.111 226.733 -20.108 191.884 413.803 -12.892 226.623 5.385 -10.629 273.487 219.969 -18.329 91.486 110.873 -22.132 71.488 493.041 -21.471 307.217 274.550 -16.651 162.747 145.713 -19.331 354.612 80.305 -14.815 141.075 71.464 -17.632 243.677 28.824 -10.863 4.224 457.750 -21.307 448.858 360.110 -18.071 436.775 56.046 -20.445 348.790 67.231 -15.051 181.242 341.605 -12.878 120.419 275.632 -15.914 445.684 55.933 -21.747 61.520 301.943 -17.493 52.453 18.793 -23.564 121.300 138.236 -19.275 24.596 389.908 -17.684 60.861 316.378 -17.702 195.945 482.242 -10.877 397.698 199.857 -21.869 414.344 30.811 -18.281 130.277 244.858 -17.111 301.256 341.429 -15.076 94.351 403.204 -15.704 425.347 1.149 -17.484 321.580 110.103 -14.135 262.481 434.512 -10.590 390.183 369.310 -16.630 446.039 450.294 -20.995 142.932 389.841 -13.654 394.723 390.421 -17.445 267.468 228.080 -18.483 117.041 438.260 -17.173 240.947 170.813 -21.782 108.274 260.632 -17.194 186.313 257.733 -16.286 313.417 256.359 -17.938 192.028 188.737 -19.517 33.241 471.436 -21.685 403.287 36.380 -16.841 28.021 348.042 -16.123 428.480 408.512 -20.177 341.735 83.626 -13.610 383.629 99.975 -16.921 85.952 305.267 -17.304 408.638 487.965 -16.998 374.281 285.364 -19.972 53.920 277.431 -16.644 375.515 422.772 -14.982 449.984 344.595 -16.733 154.205 86.153 -17.023 156.327 395.172 -13.830 78.181 446.453 -18.908 204.829 85.254 -12.512 219.097 5.301 -10.870 499.874 48.620 -23.370 441.064 90.519 -22.844 243.767 6.843 -11.256 148.463 376.948 -12.077 325.323 180.798 -18.927 175.537 155.049 -20.895 145.530 323.403 -15.980 181.831 396.884 -12.497 317.331 299.811 -17.007 202.584 139.723 -20.283 339.692 303.896 -17.344 275.342 377.091 -12.046 14.582 348.793 -18.017 292.355 255.513 -17.757 360.278 68.519 -15.294 43.558 440.724 -18.735 76.021 381.864 -15.907 415.011 13.221 -17.027 493.652 256.501 -19.411 267.632 201.914 -19.393 88.389 463.743 -18.434 4.326 315.983 -17.422 147.804 73.570 -16.957 173.405 61.465 -14.049 260.665 211.982 -19.123 57.198 42.696 -24.172 255.072 238.354 -16.739 351.573 426.791 -14.966 20.893 493.383 -21.218 453.066 419.285 -21.241 325.192 6.824 -13.533 177.663 98.762 -16.225 38.204 329.862 -17.568 438.406 172.309 -20.910 304.528 440.041 -12.366 468.801 144.819 -20.885 465.646 359.956 -17.916 210.729 387.663 -10.702 316.082 237.747 -17.409 415.320 98.594 -20.304 411.643 177.993 -20.223 2.634 68.437 -22.995 289.844 440.247 -11.292 107.103 360.721 -14.448 436.352 366.389 -18.514 340.796 171.846 -19.000 0.220 439.731 -19.876 1.565 452.395 -19.938 464.437 147.661 -20.945 174.146 55.251 -13.949 81.700 133.778 -21.338 346.914 359.837 -14.056 345.374 292.016 -17.504 412.109 482.844 -17.523 318.048 285.077 -16.170 485.992 190.093 -20.329 224.902 383.883 -11.062 84.959 138.850 -22.137 387.773 322.265 -18.193 432.082 61.503 -19.767 405.552 188.844 -20.088 413.418 445.440 -19.541 330.334 225.859 -19.446 217.484 189.050 -21.269 239.141 101.262 -14.363 97.025 481.917 -19.093 139.304 469.963 -18.295 286.367 113.999 -14.183 496.266 440.905 -19.878 496.904 346.157 -16.729 232.161 189.421 -21.242 436.387 383.415 -18.546 247.781 464.391 -10.284 287.396 300.100 -15.330 108.984 5.877 -18.498 112.565 20.647 -18.471 116.131 140.396 -20.399 226.106 353.379 -13.373 371.236 291.728 -18.401 268.676 214.222 -19.311 89.314 142.804 -20.509 496.232 164.071 -20.127 284.003 169.837 -18.792 87.892 336.028 -16.638 275.279 127.614 -15.991 280.511 235.254 -18.304 280.946 151.985 -17.916 191.338 426.176 -12.059 406.472 425.289 -19.719 414.605 190.360 -20.982 64.251 335.200 -17.321 52.250 291.966 -16.966 247.438 366.293 -12.675 304.767 80.129 -12.800 420.911 121.717 -21.031 369.081 195.771 -21.003 113.475 273.911 -16.570 142.452 440.996 -17.576 254.103 443.582 -10.831 24.639 498.887 -22.501 398.419 347.476 -17.883 262.273 99.804 -11.792 126.415 188.007 -18.585 62.961 371.812 -16.692 104.469 149.806 -19.047 184.902 122.300 -17.702 152.633 353.358 -13.873 293.333 183.633 -18.753 452.830 163.269 -20.989 1.953 243.308 -19.590 461.797 118.169 -22.138 255.150 413.014 -10.242 371.566 0.433 -17.297 20.564 360.862 -16.803 204.787 69.187 -11.348 212.043 349.383 -13.530 269.599 16.969 -10.001 225.579 288.073 -13.627 317.424 79.559 -13.261 196.807 196.012 -19.442 92.028 86.225 -22.215 208.569 182.409 -21.392 54.790 59.814 -23.318 291.469 128.579 -15.058 214.832 18.273 -10.562 10.846 54.657 -23.675 176.412 336.355 -13.637 385.816 78.919 -17.134 89.899 259.393 -16.293 125.577 115.298 -20.514 109.428 55.571 -19.666 180.603 347.729 -12.904 202.980 122.135 -17.193 255.264 378.507 -11.749 387.755 38.163 -16.987 285.508 65.660 -12.575 45.825 31.209 -25.048 399.176 12.846 -16.260 255.083 435.058 -10.154 28.647 32.033 -24.249 214.583 198.967 -20.912 360.695 170.091 -18.506 258.798 392.357 -11.315 218.108 108.052 -14.906 419.098 394.930 -19.272 262.332 369.481 -12.389 381.730 170.107 -18.853 498.356 189.509 -20.904 15.980 372.742 -17.269 487.837 219.144 -21.737 5.317 123.800 -21.597 384.445 127.776 -17.032 459.366 396.682 -19.937 0.010 303.754 -18.245 197.171 453.451 -11.721 294.274 213.261 -17.584 33.801 177.262 -21.603 173.051 108.962 -16.105 2.870 5.548 -21.225 292.094 69.125 -13.319 206.007 227.237 -18.203 71.674 191.315 -17.767 5.243 61.808 -24.730 294.161 468.095 -12.214 416.724 263.425 -20.057 490.915 153.428 -21.361 499.294 219.168 -21.325 310.842 224.060 -19.398 433.925 413.629 -20.433 115.266 123.532 -19.896 18.215 85.834 -23.956 268.992 263.709 -13.594 234.671 281.727 -15.391 346.066 201.372 -20.123 459.982 6.581 -19.927 32.336 214.509 -19.681 319.892 193.349 -20.362 229.156 376.627 -10.729 457.116 9.259 -20.726 96.565 228.898 -16.940 112.687 12.839 -18.837 298.574 470.204 -12.609 258.864 81.867 -13.492 176.941 493.024 -13.624 2.785 444.418 -20.255 245.375 23.317 -11.117 14.568 31.741 -23.276 114.852 421.431 -15.524 229.443 467.260 -10.746 80.838 317.519 -18.193 26.135 290.812 -16.577 237.742 275.890 -15.316 301.359 102.909 -13.490 167.210 483.246 -15.447 61.099 269.319 -16.739 494.383 317.865 -17.879 126.812 434.929 -16.870 421.662 486.309 -18.083 206.032 493.917 -10.607 477.546 237.187 -22.360 5.682 242.942 -19.855 0.329 120.943 -22.105 341.497 47.890 -15.201 390.518 56.463 -16.440 248.289 447.974 -11.230 197.828 183.764 -20.454 19.454 46.206 -24.390 246.395 72.611 -13.898 337.536 117.663 -13.682 450.423 141.010 -20.066 122.286 172.975 -19.135 452.563 243.725 -21.575 179.010 376.581 -11.569 447.313 427.297 -21.509 477.539 17.375 -21.987 415.383 5.165 -16.863 45.637 406.897 -16.217 289.831 451.569 -10.940 321.878 122.528 -13.840 468.271 81.084 -22.396 221.100 156.285 -20.608 43.184 364.996 -14.931 464.380 182.335 -20.615 55.023 474.119 -18.886 219.319 443.798 -10.095 79.476 26.378 -20.977 485.976 264.881 -19.210 41.159 7.167 -22.168 223.407 352.113 -13.518 103.543 65.271 -20.125 340.908 103.408 -15.123 70.545 445.149 -17.088 437.208 451.687 -20.402 165.972 487.223 -14.681 296.639 222.207 -17.868 62.769 41.520 -23.285 483.967 458.189 -21.263 388.845 317.506 -17.679 460.504 42.089 -20.768 11.287 11.403 -22.228 134.366 4.964 -16.560 312.759 139.484 -15.733 288.012 391.327 -11.658 355.474 409.430 -14.960 427.638 17.047 -17.648 27.073 362.624 -16.514 460.914 305.734 -18.355 44.304 401.864 -16.765 158.736 140.449 -19.646 49.410 121.878 -23.687 326.794 451.465 -12.588 257.073 299.604 -15.408 487.614 415.718 -19.774 443.410 196.641 -21.064 392.884 5.993 -16.118 151.124 188.550 -19.794 197.798 269.966 -15.841 295.047 311.896 -15.905 2.279 31.975 -23.344 50.453 115.357 -23.789 482.046 329.768 -18.974 334.830 427.020 -12.131 137.483 248.443 -15.915 167.201 58.414 -15.678 475.287 159.100 -20.673 404.529 361.138 -17.517 198.562 499.321 -11.606 163.556 104.578 -16.389 31.950 30.715 -24.628 268.933 285.830 -15.206 8.069 178.674 -19.247 32.884 121.973 -22.740 163.839 457.904 -16.300 267.999 224.390 -19.558 223.223 498.836 -10.169 435.383 249.794 -20.656 190.796 389.527 -11.584 110.067 192.926 -19.838 14.920 109.668 -23.064 269.423 96.999 -13.099 89.797 18.362 -18.424 451.237 293.423 -18.134 233.559 487.230 -11.040 168.368 252.206 -15.897 353.178 280.161 -17.373 380.470 163.538 -18.984 119.614 293.647 -16.143 419.738 96.621 -21.379 280.000 446.691 -11.813 429.568 203.913 -21.971 288.888 224.409 -18.070 24.028 73.272 -23.818 122.690 426.824 -17.069 405.319 346.530 -17.385 306.929 340.192 -14.858 482.831 475.181 -24.428 70.861 499.846 -22.021 459.692 381.554 -18.641 119.515 316.104 -17.471 302.238 36.969 -11.211 49.692 401.633 -16.580 287.861 398.229 -11.474 83.798 411.255 -15.787 237.915 128.409 -16.795 193.103 450.193 -12.441 249.850 35.573 -9.592 76.045 457.236 -18.060 40.427 88.838 -24.754 80.717 438.659 -18.166 267.934 90.330 -12.626 35.958 185.038 -19.236 204.506 366.527 -13.108 167.324 402.686 -12.873 419.245 157.188 -18.379 220.517 116.661 -17.092 403.107 415.773 -19.195 192.358 499.293 -11.248 69.787 453.242 -17.490 353.152 221.159 -20.316 474.413 133.341 -20.046 2.226 371.731 -17.366 437.550 256.682 -20.874 68.846 499.961 -20.156 134.563 347.958 -15.462 89.573 444.630 -17.527 444.948 267.512 -19.576 349.811 7.377 -15.651 214.821 84.026 -12.005 168.794 0.703 -14.011 77.684 262.735 -16.874 423.199 201.777 -21.720 201.460 287.593 -13.644 141.370 305.307 -16.085 57.650 103.490 -25.333 461.146 157.541 -21.496 296.729 25.882 -12.077 425.403 460.948 -18.029 37.364 280.349 -17.596 266.807 405.220 -10.365 290.643 230.516 -18.889 225.620 318.027 -13.758 300.924 7.142 -12.536 219.550 249.897 -16.634 294.869 308.825 -15.666 472.614 359.819 -17.178 280.114 138.943 -16.553 168.227 25.356 -15.083 74.960 98.454 -23.977 67.756 246.387 -17.116 470.242 439.136 -20.345 173.673 178.417 -20.579 29.346 163.714 -20.664 171.203 439.800 -15.781 467.144 217.699 -21.988 71.224 361.491 -17.064 45.354 335.170 -16.115 322.099 30.136 -12.693 281.603 159.214 -17.439 345.554 450.521 -14.408 339.018 403.687 -11.327 186.803 4.614 -12.303 129.236 0.847 -18.232 411.859 28.481 -17.137 164.254 202.093 -17.560 155.801 347.284 -13.374 435.620 5.042 -18.862 376.443 72.542 -15.105 9.395 467.926 -22.903 86.079 0.337 -20.599 324.119 214.861 -20.622 293.106 373.553 -13.219 207.534 203.224 -19.972 201.080 397.771 -12.987 21.158 251.554 -18.985 166.206 194.838 -18.668 188.236 29.377 -12.643 341.810 65.722 -14.344 303.142 499.842 -12.895 72.067 119.711 -22.871 215.287 473.762 -10.180 162.262 396.256 -13.188 407.611 243.542 -19.915 59.129 7.852 -23.125 367.007 17.928 -17.136 456.796 294.439 -17.782 198.275 101.850 -15.382 36.722 409.833 -17.498 185.991 47.390 -12.707 27.199 444.067 -19.573 99.691 206.894 -18.030 85.298 298.679 -17.158 27.037 103.014 -22.622 136.501 183.634 -19.737 273.392 213.022 -18.791 458.521 179.405 -21.353 25.365 482.042 -21.907 318.968 144.820 -16.485 340.438 409.148 -12.011 266.901 144.443 -17.794 474.672 414.200 -20.642 50.605 224.487 -18.447 489.027 191.858 -20.611 37.769 37.264 -24.575 9.954 455.787 -20.989 72.055 405.119 -14.416 9.636 143.111 -23.384 200.907 249.674 -16.682 76.311 55.963 -23.375 220.872 145.969 -20.843 497.332 337.152 -17.357 463.105 477.622 -23.053 62.228 366.938 -15.494 141.508 23.342 -16.230 445.882 408.902 -21.121 494.173 268.108 -17.853 221.332 473.453 -11.412 223.911 100.443 -15.419 137.224 257.120 -16.336 395.899 292.496 -20.477 6.663 60.798 -23.760 271.263 329.642 -16.430 273.458 311.990 -15.716 16.133 273.769 -16.796 274.484 296.529 -16.152 28.089 225.432 -20.653 141.850 365.858 -13.772 383.840 367.702 -16.961 5.104 25.076 -22.052 480.113 217.969 -20.710 229.902 53.906 -10.871 1.556 214.338 -21.093 2.973 115.743 -21.962 171.879 298.652 -13.403 330.658 457.629 -14.816 278.774 327.211 -16.518 6.082 437.886 -18.820 274.625 420.257 -11.158 160.005 60.409 -16.641 307.558 72.904 -13.945 275.435 7.231 -12.077 62.660 145.936 -21.866 308.410 208.174 -19.380 96.980 65.294 -20.773 471.952 370.290 -17.214 204.383 201.182 -19.847 283.538 110.423 -13.605 2.927 458.774 -22.136 237.034 132.336 -17.755 80.100 306.813 -18.312 275.165 385.392 -12.131 143.035 80.439 -17.770 160.613 207.287 -18.106 485.084 213.159 -20.384 71.801 176.203 -18.625 121.445 1.083 -17.628 236.706 5.428 -10.627 41.985 494.157 -22.826 202.582 415.014 -12.560 41.786 293.840 -14.412 49.931 414.330 -17.575 452.777 24.911 -19.478 498.331 482.310 -22.257 319.713 474.958 -13.051 459.528 269.154 -19.347 471.277 273.679 -18.160 485.683 409.313 -19.489 87.521 128.762 -22.135 435.289 141.825 -20.247 262.058 454.653 -11.199 217.504 202.867 -19.689 181.140 464.821 -13.371 129.154 230.932 -16.764 433.134 322.727 -17.772 371.692 190.496 -20.754 435.211 101.484 -21.629 34.440 89.913 -23.703 165.604 116.976 -17.727 472.049 78.205 -22.752 253.755 121.027 -14.935 242.943 156.260 -20.645 380.150 79.187 -15.820 486.144 73.189 -23.203 396.597 409.869 -19.419 397.233 284.778 -20.526 5.410 462.634 -23.131 291.976 483.510 -11.519 377.255 292.809 -19.918 233.321 451.293 -10.217 398.750 104.967 -20.055 270.935 499.079 -11.688 93.176 485.439 -18.944 69.527 277.081 -17.296 372.807 276.138 -19.224 161.343 84.600 -16.612 415.205 23.679 -17.757 281.459 253.012 -16.562 99.857 181.510 -18.933 340.519 129.587 -13.821 336.593 98.129 -14.086 162.517 54.286 -16.567 2.317 236.234 -20.285 420.033 401.547 -19.942 388.107 174.834 -19.067 263.109 408.477 -9.956 24.899 147.770 -22.235 95.004 190.168 -19.331 318.103 470.751 -12.377 415.316 323.263 -18.553 370.599 280.870 -19.241 272.473 108.592 -12.690 86.235 450.833 -18.550 308.527 365.508 -13.763 471.804 17.392 -21.408 395.864 272.832 -20.169 138.431 335.236 -16.929 419.125 85.900 -19.621 485.079 482.486 -23.208 153.636 206.463 -19.128 209.874 252.820 -16.077 67.763 439.272 -18.907 9.026 188.597 -20.064 388.571 194.705 -20.468 118.287 469.452 -18.645 483.132 206.701 -21.467 349.797 421.458 -14.026 2.790 312.333 -18.489 346.979 483.039 -14.424 356.889 18.557 -15.216 0.912 385.716 -18.925 445.095 318.250 -18.400 306.875 323.208 -16.382 319.083 274.591 -17.188 107.170 385.505 -14.742 11.243 421.346 -18.287 434.603 275.111 -19.293 465.472 151.252 -20.844 345.980 473.851 -14.790 5.635 96.590 -22.717 67.673 166.293 -19.893 290.698 403.125 -10.658 481.355 355.965 -16.396 469.728 255.382 -19.787 266.033 24.891 -9.572 156.366 15.271 -14.396 30.883 353.817 -16.410 172.006 331.051 -13.994 57.259 284.074 -16.413 463.619 71.994 -22.677 445.359 384.944 -19.946 96.920 30.891 -19.057 58.472 312.019 -17.331 156.769 133.685 -19.714 245.797 422.219 -11.547 163.112 98.611 -16.160 116.391 166.558 -19.017 333.609 449.517 -14.032 376.294 36.801 -16.340 4.355 396.860 -18.414 286.334 127.004 -16.738 40.021 72.067 -25.326 262.008 272.887 -15.164 94.626 458.658 -17.857 241.482 420.821 -11.826 302.022 134.460 -16.127 92.409 207.484 -17.700 78.268 30.538 -21.120 90.397 348.863 -16.549 21.760 4.021 -23.469 373.964 320.277 -18.045 222.607 380.199 -11.822 153.354 71.410 -17.159 338.570 132.720 -14.232 100.787 455.972 -17.615 347.626 226.566 -19.690 227.506 23.603 -9.938 246.634 61.274 -12.033 401.999 2.061 -15.514 32.035 194.190 -19.759 185.267 439.301 -14.752 414.466 233.517 -22.491 129.049 474.921 -19.301 5.932 147.710 -20.728 242.190 366.915 -12.440 201.262 176.561 -21.380 419.084 219.836 -21.379 258.808 463.227 -10.849 296.543 488.554 -11.849 139.057 299.450 -15.501 292.761 92.075 -11.647 2.024 90.457 -23.206 390.860 469.954 -16.435 289.865 12.841 -12.850 157.209 312.334 -13.844 219.343 322.658 -13.369 36.098 60.595 -24.853 445.122 25.515 -18.841 215.096 54.604 -10.504 187.775 386.989 -11.995 476.042 452.028 -21.620 303.522 49.819 -12.801 364.773 121.021 -15.959 453.677 312.582 -18.163 196.007 23.860 -11.457 31.307 104.311 -24.703 13.650 248.496 -20.609 187.575 102.300 -16.284 319.015 49.412 -13.315 462.780 48.239 -21.249 261.623 30.060 -10.238 7.923 396.718 -18.024 329.822 5.370 -15.822 195.044 213.421 -18.289 417.457 207.927 -20.889 397.213 494.967 -16.223 22.233 30.021 -24.362 418.840 18.528 -17.452 80.985 109.658 -21.846 61.624 164.071 -19.251 377.020 436.920 -16.674 4.902 92.180 -22.137 418.627 6.789 -17.014 20.945 127.671 -21.996 242.648 457.104 -10.926 499.677 426.635 -18.200 410.654 67.417 -18.279 468.894 366.523 -16.934 145.590 66.351 -18.271 60.929 403.193 -16.124 214.304 92.148 -12.848 29.054 117.150 -22.691 382.539 487.703 -15.311 396.730 4.532 -17.236 154.659 122.486 -19.376 31.027 158.036 -21.772 101.063 29.650 -19.409 268.890 397.366 -11.523 183.474 97.910 -16.444 193.826 454.627 -11.732 12.001 26.921 -23.344 482.704 470.329 -23.982 127.623 157.873 -20.264 45.233 271.845 -17.871 367.813 310.448 -18.409 302.358 120.643 -14.674 156.605 224.776 -17.084 335.721 43.541 -14.714 7.491 163.462 -21.052 196.801 389.881 -11.376 123.776 473.201 -18.240 245.689 185.491 -21.852 65.138 91.709 -24.350 159.175 251.028 -15.263 145.826 409.718 -15.874 170.149 211.667 -17.160 306.693 189.621 -18.632 109.574 469.290 -17.509 107.992 248.018 -16.097 466.532 89.268 -22.474 104.582 84.289 -20.709 110.984 151.646 -20.505 225.439 10.477 -10.478 160.058 340.592 -14.571 8.396 169.358 -19.527 448.148 214.906 -21.970 135.644 268.087 -15.766 6.042 479.852 -22.232 109.256 41.847 -19.739 185.358 11.395 -12.589 389.885 490.174 -15.160 79.336 172.079 -17.904 338.199 329.992 -16.402 371.880 417.819 -16.028 159.126 372.578 -12.783 160.896 38.569 -15.748 144.537 359.094 -14.708 474.687 13.258 -20.866 425.816 340.865 -16.864 423.756 419.166 -21.207 187.923 311.748 -14.701 194.794 382.380 -10.829 133.817 67.400 -18.963 196.778 328.711 -14.787 190.516 401.957 -13.677 124.957 167.037 -19.751 5.748 489.950 -21.767 417.271 67.036 -19.648 343.607 167.299 -18.397 368.395 200.935 -20.827 484.355 163.284 -19.961 61.526 339.950 -15.453 65.102 5.498 -22.159 173.060 37.045 -14.657 106.161 265.051 -17.385 43.232 33.862 -23.860 364.043 444.820 -15.659 89.033 299.732 -17.823 215.843 256.705 -16.891 199.993 308.062 -14.203 53.037 324.889 -16.318 369.354 56.111 -15.842 215.022 183.089 -21.680 70.555 237.650 -18.088 305.494 177.628 -18.118 224.692 115.235 -15.090 371.652 311.172 -18.893 177.504 0.229 -13.265 253.505 474.868 -10.910 56.965 250.309 -17.903 141.764 79.846 -16.182 64.102 101.711 -24.601 54.367 440.294 -18.203 263.088 255.598 -14.867 10.629 480.693 -22.214 179.330 286.555 -14.357 44.242 161.338 -22.094 256.593 47.863 -11.529 261.097 475.881 -10.442 42.879 451.171 -19.445 358.300 256.665 -18.756 435.244 469.900 -19.543 339.938 35.449 -16.396 98.174 312.768 -16.992 354.350 55.101 -16.138 165.874 386.050 -12.072 217.252 171.091 -22.403 359.005 96.168 -14.772 192.227 99.367 -15.252 203.898 343.356 -14.170 191.644 268.239 -16.251 170.220 186.355 -18.413 397.293 112.497 -17.417 330.978 5.830 -14.958 495.741 211.399 -21.321 468.490 74.326 -22.606 460.886 214.903 -21.986 87.244 291.536 -16.103 79.205 279.689 -16.759 234.863 440.435 -10.675 74.071 170.441 -18.876 84.580 359.994 -16.279 330.694 28.120 -13.813 130.092 264.715 -17.321 259.455 24.721 -9.562 404.245 273.673 -20.691 432.643 265.574 -19.714 188.267 212.355 -17.084 277.917 147.080 -17.232 140.338 190.035 -18.787 411.670 250.004 -20.592 252.619 257.484 -15.042 4.859 36.699 -23.492 469.005 475.320 -23.066 261.787 372.596 -12.861 276.938 36.767 -10.949 100.977 24.285 -19.869 212.076 232.730 -16.659 308.843 438.725 -11.387 109.272 80.230 -20.039 168.145 462.223 -15.240 335.854 384.184 -12.575 194.077 249.183 -16.818 306.209 40.246 -12.651 426.366 208.821 -21.884 156.573 360.994 -12.577 145.321 386.904 -12.545 296.061 327.969 -15.605 302.537 109.661 -14.684 31.777 488.418 -21.698 99.464 3.202 -18.627 257.162 67.510 -12.460 478.653 297.087 -18.037 455.136 144.842 -21.094 159.170 413.776 -14.347 5.171 159.262 -20.615 148.175 132.559 -19.116 394.317 127.362 -17.648 495.728 456.452 -21.636 113.409 175.163 -19.846 403.823 297.783 -20.056 417.831 172.841 -20.729 348.096 29.476 -16.727 403.962 395.449 -17.836 8.050 262.823 -17.618 48.060 109.531 -23.898 300.768 367.797 -13.387 429.291 493.126 -17.618 374.148 29.194 -16.547 378.497 306.046 -18.459 431.139 437.998 -21.916 274.134 200.535 -19.087 374.304 109.932 -15.837 371.482 354.626 -18.073 147.796 27.458 -17.287 302.542 446.172 -12.640 175.986 72.438 -14.276 10.999 6.757 -22.291 120.165 177.107 -19.616 246.849 487.379 -10.832 346.444 230.294 -19.260 172.342 304.130 -14.782 227.158 387.966 -10.755 198.486 86.318 -13.014 468.024 169.618 -20.451 199.267 407.205 -13.615 84.843 13.563 -20.374 404.593 495.594 -17.079 428.677 248.943 -20.607 159.724 420.898 -14.435 445.335 302.698 -18.292 119.101 367.404 -13.970 4.365 380.156 -18.865 399.238 322.461 -17.331 217.291 60.869 -12.081 401.103 342.397 -17.525 196.998 279.552 -14.811 491.087 40.837 -22.937 248.444 131.090 -17.367 433.939 285.841 -19.450 218.987 54.982 -11.278 254.151 208.519 -21.424 274.635 273.219 -15.004 15.833 255.461 -19.190 134.278 190.311 -18.595 6.010 355.584 -16.171 24.523 50.573 -23.600 143.336 133.124 -19.984 198.974 464.676 -11.359 122.661 343.047 -17.642 190.339 255.883 -16.393 187.239 92.223 -14.982 0.164 231.713 -20.334 123.823 377.543 -13.881 418.479 462.156 -18.454 440.457 238.331 -20.775 453.873 113.297 -23.190 424.406 263.520 -19.595 22.353 468.905 -22.546 346.566 396.900 -12.744 301.575 99.248 -12.597 118.192 102.059 -19.901 255.585 118.159 -14.288 129.227 74.959 -18.889 433.276 18.236 -18.894 324.533 457.751 -12.306 368.423 321.945 -18.241 400.882 232.021 -20.430 260.472 153.975 -19.744 295.386 146.708 -17.666 55.109 243.254 -18.306 447.746 6.409 -21.267 60.676 194.715 -18.976 366.471 164.679 -19.005 12.278 339.044 -17.921 426.052 49.905 -18.205 420.552 482.005 -17.659 251.260 397.613 -9.749 489.621 3.831 -23.314 392.097 236.722 -19.721 1.685 432.733 -18.484 409.688 120.221 -20.265 93.831 299.379 -17.273 18.608 316.354 -17.131 306.317 213.365 -20.816 191.716 133.397 -20.077 59.268 477.605 -20.420 169.828 467.154 -14.935 130.634 275.252 -14.931 353.770 129.543 -15.873 122.372 256.187 -17.180 243.955 373.938 -13.132 187.658 115.424 -16.885 177.105 214.020 -17.236 148.206 206.196 -18.174 111.389 441.151 -16.950 12.234 3.427 -21.816 113.717 324.588 -17.658 284.447 214.358 -18.547 88.306 249.784 -16.930 93.595 72.754 -22.397 323.993 299.220 -17.004 493.614 244.300 -19.815 358.179 175.812 -19.506 445.486 73.242 -22.573 169.917 236.504 -15.670 264.824 365.890 -14.144 254.190 405.390 -9.981 291.372 193.314 -18.234 248.749 434.793 -11.034 315.627 400.852 -11.824 154.151 411.865 -14.174 5.510 279.077 -16.627 395.080 364.622 -16.702 428.167 36.933 -18.423 303.891 422.220 -10.827 136.691 419.727 -15.534 13.407 148.058 -21.993 161.883 402.800 -13.197 375.086 139.238 -17.378 183.670 389.514 -11.964 192.425 195.709 -17.377 375.391 195.804 -21.302 85.217 337.104 -16.820 177.446 42.803 -15.616 95.086 469.968 -19.112 246.931 433.897 -11.479 12.190 499.065 -21.889 463.174 318.403 -19.030 212.864 248.228 -16.717 479.216 402.566 -19.431 38.581 286.576 -16.679 437.195 243.077 -20.390 367.107 90.834 -15.724 63.942 150.907 -20.495 195.087 499.234 -11.655 297.947 406.952 -9.912 390.225 46.933 -16.467 122.672 35.985 -18.739 391.979 152.624 -17.921 175.887 201.703 -17.659 376.137 169.044 -17.887 163.494 238.701 -15.355 489.569 164.853 -19.973 455.978 83.964 -23.219 467.217 84.418 -22.392 278.547 170.020 -18.829 42.440 352.520 -16.436 124.052 85.155 -20.282 428.173 335.292 -17.210 434.744 153.248 -20.197 416.692 104.462 -20.353 265.786 253.302 -14.869 289.922 49.184 -12.187 6.520 438.719 -19.566 347.587 5.463 -16.104 90.343 307.199 -18.841 286.792 372.292 -12.576 410.268 396.834 -19.052 468.585 231.965 -22.080 388.010 200.197 -21.887 397.996 394.403 -17.223 466.111 311.803 -18.264 275.958 24.065 -9.852 324.104 224.695 -19.191 484.978 250.106 -19.882 280.700 411.116 -11.726 360.346 196.118 -20.041 332.909 60.271 -14.098 63.301 132.183 -22.391 42.386 104.718 -24.816 300.283 452.191 -12.567 1.896 175.990 -19.572 313.909 474.106 -12.336 464.713 104.715 -24.090 367.151 333.634 -17.267 369.679 305.322 -19.248 495.941 96.931 -22.799 97.440 327.478 -17.427 62.666 397.960 -16.207 451.481 74.257 -22.620 52.867 372.276 -16.286 37.276 365.788 -15.881 316.428 335.960 -15.744 147.288 498.991 -17.342 19.099 146.895 -21.948 1.672 363.366 -16.121 86.808 106.995 -21.969 370.629 438.109 -15.494 313.846 499.369 -12.580 82.209 177.987 -17.796 174.085 323.112 -13.322 38.907 446.128 -19.161 361.976 115.615 -14.938 147.495 397.772 -12.990 411.373 128.957 -19.686 45.309 103.007 -23.908 106.232 389.299 -14.032 492.503 176.784 -19.911 345.406 133.099 -15.018 201.104 44.683 -11.326 8.280 462.647 -21.629 227.069 429.634 -12.365 233.875 11.499 -11.104 91.081 365.591 -16.496 112.354 342.090 -15.672 435.561 358.273 -18.514 6.939 195.829 -20.935 15.511 456.220 -21.059 214.311 238.550 -17.370 391.106 213.354 -22.637 130.773 27.297 -17.313 385.234 151.339 -17.852 145.677 154.705 -20.488 499.491 36.809 -23.358 178.264 353.368 -12.587 412.113 110.349 -19.860 409.877 346.538 -16.987 134.721 307.691 -16.524 280.848 427.258 -11.072 195.598 471.607 -10.995 314.504 61.517 -12.764 448.963 219.540 -21.687 481.763 499.497 -21.716 64.087 470.716 -19.454 353.350 183.995 -19.087 361.283 158.574 -18.987 240.997 208.161 -20.946 499.245 402.948 -18.350 471.348 138.532 -21.054 66.807 160.238 -21.086 175.878 385.514 -12.309 121.593 362.069 -14.870 332.250 486.135 -13.381 203.702 488.765 -11.583 233.043 274.371 -14.516 20.879 321.829 -18.493 111.946 452.039 -17.765 326.943 176.121 -19.603 428.721 89.771 -20.377 202.857 79.610 -12.470 319.840 439.666 -12.359 303.187 391.202 -11.712 414.109 47.924 -18.500 92.852 36.681 -21.368 283.311 383.008 -12.997 269.124 401.415 -10.454 287.183 29.980 -11.527 86.713 242.661 -17.059 276.992 122.401 -14.283 311.756 89.955 -12.434 462.733 498.648 -21.546 401.600 350.812 -18.552 203.931 293.891 -14.161 343.645 4.230 -16.303 19.641 414.452 -16.802 280.809 40.473 -11.093 6.411 304.505 -18.072 47.303 53.460 -22.677 432.581 34.724 -17.625 367.282 326.132 -16.309 143.273 46.393 -17.661 131.208 183.781 -19.366 204.041 62.832 -11.673 466.605 273.036 -19.153 59.471 420.936 -16.500 139.576 458.030 -19.103 465.355 138.040 -21.159 137.979 360.309 -14.779 271.142 464.194 -10.396 144.290 311.007 -17.587 278.004 184.377 -20.163 385.587 372.991 -16.099 413.438 84.219 -19.092 293.717 408.898 -10.809 246.044 220.060 -18.062 333.585 348.527 -15.781 210.528 171.606 -22.136 229.473 176.955 -21.975 108.821 293.833 -17.900 100.140 201.753 -18.184 333.132 37.793 -15.280 25.806 418.255 -17.701 197.719 492.707 -12.118 358.361 483.918 -14.300 265.457 171.500 -20.019 320.628 71.370 -13.495 451.262 366.092 -18.473 219.652 348.728 -12.681 239.585 340.207 -14.307 249.198 419.847 -11.438 259.180 121.103 -13.897 455.541 120.598 -22.361 448.151 102.244 -23.609 314.769 182.919 -19.515 124.966 224.240 -17.244 107.065 206.613 -17.576 481.325 387.567 -18.767 456.304 197.134 -21.844 403.898 313.705 -16.804 480.790 315.695 -19.172 153.534 366.597 -12.541 178.626 487.208 -14.212 424.001 244.181 -21.073 397.797 12.866 -16.055 85.200 355.530 -15.888 376.929 268.382 -20.605 54.259 307.385 -17.013 275.629 481.952 -11.800 204.168 171.700 -22.293 61.332 169.198 -19.501 358.329 232.418 -20.824 488.383 360.477 -17.044 187.242 445.354 -13.267 133.299 91.451 -18.670 261.979 125.885 -15.787 4.347 226.483 -19.660 148.702 227.622 -16.918 382.720 208.161 -21.654 379.478 16.428 -16.860 373.288 126.134 -15.153 133.641 79.204 -18.157 30.862 256.567 -19.055 148.864 256.547 -15.728 133.309 148.407 -19.850 19.857 437.574 -19.908 485.954 235.021 -21.227 489.038 317.539 -19.516 82.079 275.017 -16.904 249.227 175.532 -22.676 100.339 358.957 -15.221 247.312 96.926 -13.445 121.840 238.203 -17.752 263.461 155.073 -18.829 161.660 257.881 -15.110 324.958 207.467 -21.366 200.527 153.440 -21.689 228.157 266.946 -14.488 422.461 43.757 -17.584 115.356 285.754 -16.312 363.579 277.402 -19.256 182.357 226.610 -18.023 176.408 480.010 -14.656 422.215 336.333 -17.063 453.030 5.782 -20.975 27.380 428.145 -18.381 6.459 98.002 -22.736 76.133 419.546 -14.269 4.463 287.903 -16.636 255.651 371.051 -12.809 146.857 17.584 -15.944 62.026 379.681 -15.627 177.146 30.712 -15.851 109.668 83.493 -20.798 246.340 88.212 -13.847 204.802 463.470 -10.663 72.393 200.981 -18.096 168.956 389.018 -12.550 496.269 372.422 -17.858 453.190 480.787 -22.171 202.954 48.642 -10.495 153.156 29.953 -15.855 411.256 145.925 -19.717 347.483 208.354 -20.505 312.121 364.749 -14.958 353.544 445.527 -14.787 260.300 251.389 -15.349 291.426 157.419 -18.762 72.539 440.075 -17.479 247.231 353.897 -13.948 232.395 361.175 -12.420 311.631 65.512 -13.439 15.020 334.785 -18.762 366.829 299.784 -18.103 429.295 397.077 -18.573 484.927 492.132 -22.400 169.642 457.843 -19.222 113.914 360.997 -18.438 459.314 78.308 -25.611 312.839 468.798 -14.491 406.141 477.001 -21.577 149.359 402.191 -17.273 158.719 115.890 -19.859 116.524 380.345 -18.079 12.636 183.210 -23.852 204.113 194.671 -23.972 1.363 175.957 -23.285 240.759 0.901 -15.350 213.784 303.530 -17.334 16.507 396.830 -20.037 466.754 209.154 -25.887 441.754 333.962 -21.985 407.656 159.019 -22.744 494.123 330.678 -20.505 240.248 49.771 -14.496 465.470 249.249 -23.772 182.628 494.184 -16.229 392.142 50.689 -20.595 217.350 73.218 -14.300 232.282 446.233 -12.917 421.372 468.253 -21.938 281.670 310.940 -19.642 314.964 340.244 -19.287 233.520 337.819 -17.516 79.103 201.285 -21.235 272.377 37.221 -14.327 473.867 116.707 -26.669 198.058 351.931 -16.842 56.581 366.574 -19.134 450.268 137.883 -25.269 27.696 54.802 -28.241 48.565 379.572 -19.316 471.488 177.570 -25.131 380.903 397.023 -20.006 51.337 95.560 -28.241 371.316 120.925 -19.843 243.355 87.632 -17.242 473.845 109.340 -26.907 402.590 292.745 -23.091 499.159 304.206 -21.883 119.705 262.540 -20.599 297.407 377.896 -16.462 447.759 5.593 -23.717 411.056 164.054 -22.206 53.925 24.768 -27.071 1.512 493.842 -26.252 271.749 365.283 -17.543 453.715 175.494 -23.702 38.385 351.330 -20.466 0.943 86.425 -26.087 16.878 379.092 -21.553 247.723 426.620 -14.631 387.075 75.700 -20.284 179.586 327.327 -17.670 317.532 357.390 -18.275 41.382 396.505 -20.549 403.120 481.702 -19.937 466.450 201.291 -24.830 2.837 238.951 -23.866 74.775 62.124 -27.160 47.799 432.633 -22.523 192.925 225.808 -20.740 490.973 433.334 -22.477 356.627 42.080 -19.923 152.518 389.636 -16.978 158.516 321.934 -18.294 498.740 249.847 -23.892 462.367 11.204 -24.949 489.350 134.571 -24.827 424.072 151.337 -23.669 140.410 372.319 -17.816 340.073 498.816 -19.618 288.901 0.282 -15.598 282.389 17.477 -13.598 126.710 7.657 -20.333 21.852 55.670 -27.927 316.735 153.936 -19.721 353.499 6.308 -19.007 135.913 498.984 -20.565 205.362 11.861 -13.304 58.852 396.295 -19.091 425.340 256.517 -24.059 330.577 391.898 -15.477 340.377 146.599 -18.277 77.482 291.061 -20.060 480.608 339.855 -21.915 163.684 431.196 -20.105 339.664 461.271 -18.130 495.852 414.114 -22.488 208.974 292.961 -17.238 123.478 152.051 -22.537 80.540 287.107 -19.913 136.142 339.670 -19.509 203.636 474.966 -14.717 185.361 412.790 -17.223 221.813 462.085 -14.029 484.271 419.704 -23.214 121.279 121.093 -23.841 415.289 486.397 -21.923 371.907 11.683 -19.793 41.815 465.163 -24.172 261.719 149.689 -23.110 135.790 366.667 -17.792 239.787 284.684 -19.022 311.897 236.250 -21.522 8.669 238.351 -24.243 119.091 30.128 -21.083 464.680 35.685 -24.315 177.603 111.272 -21.051 47.651 262.882 -21.160 385.261 250.819 -24.700 37.801 132.549 -25.547 42.405 16.669 -28.631 435.842 60.010 -24.242 234.805 23.033 -15.558 358.361 315.302 -20.521 184.058 37.041 -17.159 74.360 218.991 -22.173 294.657 298.864 -18.941 0.750 463.877 -26.213 335.067 379.182 -16.395 136.074 302.465 -19.557 307.289 7.319 -14.800 299.645 176.591 -21.287 499.603 388.609 -22.332 4.745 261.302 -21.627 465.578 178.103 -25.321 124.526 92.045 -25.122 165.718 342.135 -17.275 300.680 116.620 -17.648 384.097 256.436 -23.978 285.649 89.627 -15.377 454.918 358.189 -21.827 88.749 468.171 -21.729 442.391 443.494 -25.034 77.914 12.175 -24.737 112.593 408.398 -18.539 290.624 341.085 -18.459 360.378 324.470 -20.014 93.832 395.761 -17.439 349.711 42.887 -20.503 337.322 73.474 -16.943 382.200 64.462 -18.799 53.515 279.512 -20.669 264.477 47.809 -15.985 77.516 272.888 -19.788 409.833 152.844 -21.458 152.029 249.448 -18.643 390.143 264.202 -23.850 76.177 433.731 -20.765 190.020 351.267 -17.071 159.401 232.761 -19.731 487.570 194.971 -23.620 189.669 128.221 -23.384 16.632 195.691 -23.844 204.852 438.826 -14.180 95.879 212.019 -19.564 217.802 78.690 -15.034 403.705 366.239 -19.949 10.371 104.403 -26.396 282.251 431.780 -14.127 153.131 473.173 -21.271 424.581 328.966 -20.781 263.409 61.180 -15.718 75.459 43.141 -25.621 56.855 218.930 -22.654 21.702 152.678 -25.781 313.730 1.394 -15.194 340.425 378.422 -17.177 132.264 408.698 -18.777 458.889 152.870 -23.634 171.738 316.953 -17.635 379.503 457.166 -19.296 80.264 51.621 -24.915 342.334 208.382 -24.297 397.348 386.031 -20.788 352.715 291.877 -20.985 12.991 102.912 -25.660 384.851 444.124 -20.431 261.543 55.330 -15.704 169.536 418.706 -17.793 163.329 163.262 -23.145 291.579 202.040 -23.197 428.199 127.630 -24.167 308.241 37.158 -17.094 236.746 170.960 -25.262 458.208 475.563 -25.920 241.389 323.273 -19.510 314.761 157.695 -20.783 148.379 266.562 -19.750 92.551 340.598 -20.061 250.059 480.828 -13.712 125.062 176.525 -23.050 30.168 107.918 -25.844 176.938 4.914 -16.934 342.742 402.023 -15.477 204.287 398.809 -15.699 336.062 29.584 -18.656 15.655 214.932 -24.446 167.843 414.354 -18.208 140.867 292.479 -18.767 10.776 476.998 -25.830 200.223 379.085 -15.185 178.398 230.918 -20.258 98.926 291.882 -21.622 385.986 138.730 -20.708 455.582 220.625 -25.290 387.245 165.918 -21.853 235.170 318.422 -18.391 265.814 161.271 -23.227 78.771 323.658 -21.925 118.868 1.423 -20.811 344.617 333.897 -19.211 70.032 169.932 -22.277 416.633 383.758 -22.481 280.269 89.180 -15.521 330.129 346.912 -19.091 357.442 236.899 -23.428 18.765 262.645 -21.857 315.648 330.588 -19.776 343.486 286.304 -20.829 371.058 358.199 -20.648 39.642 454.082 -23.380 87.981 282.489 -20.220 143.021 201.671 -21.847 52.947 409.363 -20.767 139.492 284.449 -18.871 393.425 180.265 -23.046 207.525 40.713 -14.421 433.580 24.403 -22.491 9.876 225.850 -24.659 65.544 226.665 -22.493 448.372 262.304 -24.582 280.302 349.208 -18.545 164.673 263.366 -18.581 484.898 202.292 -24.412 317.497 3.413 -15.830 176.470 79.352 -18.137 105.735 330.353 -20.499 471.513 6.587 -24.941 275.534 468.455 -14.385 1.944 310.647 -20.739 419.019 252.413 -24.442 287.973 346.884 -18.520 308.565 232.668 -20.976 432.151 133.756 -23.655 82.650 68.086 -27.712 337.028 164.384 -21.285 263.096 163.658 -23.405 106.557 433.219 -20.366 331.538 208.408 -24.840 192.328 87.112 -17.038 342.772 27.938 -18.520 306.032 491.297 -15.260 475.768 36.354 -25.147 393.312 176.729 -22.520 45.477 470.180 -23.958 265.986 458.114 -14.209 20.405 481.570 -25.378 221.472 253.896 -18.478 74.642 312.847 -21.509 479.135 176.855 -23.072 194.437 429.087 -15.975 336.001 92.505 -18.054 239.046 414.401 -16.094 371.617 150.948 -20.805 381.441 60.871 -19.778 350.188 416.574 -16.434 125.879 66.055 -22.358 445.230 36.283 -22.845 314.645 110.614 -18.692 451.985 261.269 -22.516 140.756 2.005 -20.353 18.381 96.311 -25.977 111.169 427.725 -19.849 237.623 384.433 -14.656 120.702 410.017 -19.856 330.539 376.416 -16.266 65.830 481.263 -23.053 90.055 69.579 -26.229 30.600 463.068 -24.391 197.370 213.681 -21.587 68.259 410.035 -19.778 219.651 417.539 -15.377 228.333 72.371 -16.699 213.574 310.539 -18.278 486.145 37.881 -26.471 140.824 0.262 -19.485 480.496 497.810 -25.696 296.174 231.889 -21.857 214.683 35.742 -14.508 237.644 467.573 -14.148 118.656 303.668 -20.030 263.924 77.419 -15.181 195.196 208.157 -21.953 106.482 445.832 -21.050 155.245 434.220 -20.409 496.471 470.073 -26.668 397.731 53.048 -19.161 417.735 224.229 -25.195 364.274 412.421 -18.953 184.296 351.764 -15.818 469.867 281.224 -22.415 286.377 324.193 -19.849 330.491 288.303 -20.635 37.644 412.150 -20.822 363.403 230.952 -23.446 194.093 361.353 -13.935 207.872 400.052 -16.899 276.242 371.386 -17.095 147.223 464.390 -22.691 5.245 476.352 -27.769 388.263 465.448 -20.378 12.394 169.710 -23.441 43.129 306.987 -19.640 468.497 267.598 -22.860 489.130 384.402 -22.011 326.617 354.746 -17.916 431.316 293.138 -23.888 494.027 134.423 -24.982 236.366 388.375 -15.103 110.593 184.738 -21.729 179.255 317.840 -17.911 346.817 403.972 -16.583 456.932 128.876 -24.650 343.911 446.307 -18.382 223.307 125.461 -21.115 310.436 285.223 -19.638 14.251 268.650 -20.186 30.103 36.658 -27.734 134.431 20.317 -21.289 342.432 433.669 -15.975 6.929 343.143 -20.240 160.117 135.574 -22.921 119.555 233.075 -21.055 318.412 494.150 -15.917 299.531 163.997 -21.672 171.064 48.599 -19.192 385.569 93.556 -20.883 474.004 254.450 -24.506 234.206 182.515 -25.573 254.114 172.314 -24.420 436.377 292.947 -22.500 240.880 476.235 -14.624 423.162 165.656 -24.112 456.774 256.023 -23.239 413.763 244.357 -23.378 118.057 113.088 -23.478 104.730 217.959 -20.670 190.274 11.547 -15.261 285.335 83.164 -15.024 304.008 151.578 -20.998 233.451 7.702 -14.777 408.379 12.487 -20.083 284.735 48.343 -15.754 422.172 67.808 -24.304 436.492 74.304 -24.653 169.732 159.124 -21.892 358.712 311.252 -20.371 1.152 336.163 -21.716 123.138 414.128 -19.914 171.781 391.520 -16.736 150.357 235.886 -19.500 217.131 48.766 -14.689 360.425 184.569 -23.519 42.477 341.149 -20.094 303.366 85.385 -16.404 284.069 378.343 -16.671 326.075 178.607 -22.327 487.038 80.092 -25.927 319.164 252.071 -21.646 321.597 316.500 -19.821 258.711 413.874 -14.677 112.755 258.028 -20.534 264.700 193.918 -24.588 157.967 6.328 -18.870 383.026 12.826 -19.798 34.278 432.919 -22.392 26.273 269.781 -21.859 461.183 496.010 -25.017 209.954 9.629 -14.039 373.307 444.286 -20.388 51.929 336.831 -19.746 443.280 372.043 -21.190 454.069 54.332 -25.554 474.147 341.818 -21.565 151.388 262.605 -18.500 477.575 212.600 -24.186 97.307 169.662 -22.648 241.466 495.777 -15.449 211.292 366.370 -15.718 8.589 208.534 -23.903 321.071 307.073 -19.973 48.426 49.569 -27.086 273.850 233.461 -21.416 323.470 271.662 -20.786 238.711 457.545 -14.283 409.418 273.460 -23.966 110.146 365.486 -17.749 347.634 200.252 -23.972 296.767 95.847 -17.356 479.906 267.863 -22.034 130.598 341.517 -20.024 156.325 446.558 -19.651 103.648 395.925 -18.508 171.088 415.378 -17.379 76.521 268.617 -20.310 72.057 226.614 -21.595 176.578 89.503 -19.242 71.191 283.798 -20.747 434.683 406.101 -23.478 289.368 353.962 -18.442 243.121 201.625 -26.229 226.151 191.102 -25.341 105.429 1.683 -21.666 59.042 115.186 -26.564 201.450 383.038 -15.752 445.579 206.116 -25.049 219.560 285.073 -17.673 194.383 141.196 -23.835 223.910 494.302 -12.827 227.990 291.242 -19.411 212.352 455.654 -13.204 498.970 181.662 -23.637 301.288 426.516 -15.129 296.399 158.403 -21.897 239.574 355.256 -16.691 499.070 499.651 -24.224 337.816 6.471 -20.093 360.227 262.509 -22.459 396.325 310.557 -21.734 321.124 267.631 -20.774 490.391 54.531 -25.650 228.205 223.060 -21.403 104.146 98.495 -24.562 421.596 0.459 -20.036 460.083 418.574 -24.590 291.032 97.983 -16.366 26.680 384.554 -20.516 222.353 487.202 -14.759 482.975 365.365 -21.439 311.421 11.422 -15.475 364.486 14.393 -20.257 470.768 432.858 -24.406 127.078 79.334 -22.811 80.737 105.231 -26.484 387.369 227.891 -24.788 55.896 233.503 -22.113 51.321 286.347 -19.457 144.529 115.278 -23.550 32.671 129.518 -26.095 78.914 376.934 -18.254 6.270 177.205 -24.227 14.417 301.419 -20.871 331.430 245.626 -21.154 9.385 494.294 -24.883 355.509 263.852 -21.588 394.931 110.194 -20.641 6.221 428.026 -22.283 422.738 91.782 -24.553 254.092 228.279 -21.865 428.499 166.185 -23.127 362.524 102.590 -19.052 499.883 208.392 -24.104 12.051 328.134 -21.811 438.353 342.353 -21.306 121.642 370.944 -18.079 467.245 133.216 -25.037 7.147 72.022 -26.587 225.395 5.645 -14.670 34.197 55.262 -27.859 181.269 1.677 -15.535 225.221 349.487 -16.436 85.372 458.013 -22.530 395.132 96.415 -22.040 477.591 128.653 -24.712 98.975 36.332 -22.705 402.963 213.114 -24.798 145.192 224.451 -20.939 446.110 12.255 -24.328 336.784 444.752 -17.328 447.467 455.193 -24.862 450.340 452.365 -24.342 63.741 415.798 -19.999 395.202 402.836 -21.628 102.608 77.502 -23.807 136.263 17.113 -20.553 397.475 41.654 -20.683 214.540 384.054 -15.703 377.813 311.253 -21.609 113.361 319.547 -20.861 326.132 341.026 -19.795 430.304 115.278 -25.811 24.734 281.415 -19.041 475.448 392.019 -23.052 257.027 306.198 -19.268 277.080 194.535 -23.976 3.845 385.874 -22.030 237.969 213.618 -23.261 291.141 135.779 -19.538 408.470 304.269 -23.001 260.880 133.795 -19.666 428.385 139.924 -24.167 200.335 200.540 -21.959 97.630 219.360 -19.998 5.817 274.728 -20.323 435.640 180.616 -24.475 289.584 123.272 -17.798 377.707 127.961 -19.438 409.301 207.186 -24.741 266.929 474.946 -14.277 250.224 445.406 -14.490 408.598 451.719 -22.570 372.886 41.796 -21.373 127.413 396.727 -18.476 103.416 346.856 -19.737 150.732 470.963 -21.308 40.661 415.363 -20.831 160.729 23.315 -18.384 442.808 309.873 -21.258 223.233 58.990 -15.682 490.444 65.797 -26.997 196.759 49.069 -15.584 318.379 139.084 -19.201 74.942 177.740 -22.144 250.989 189.800 -24.700 394.170 269.498 -23.905 179.168 307.700 -18.476 357.008 219.474 -24.093 340.496 123.583 -17.556 26.180 450.351 -22.787 268.018 43.180 -15.073 82.031 370.050 -19.728 447.083 477.973 -23.891 305.628 262.473 -20.945 432.697 231.198 -25.249 113.668 3.940 -21.221 25.075 109.672 -25.609 284.555 98.133 -15.746 17.868 24.716 -28.300 489.480 398.669 -22.894 344.969 268.821 -22.200 176.617 103.671 -20.149 294.054 458.131 -15.377 94.613 78.543 -24.280 414.084 36.047 -22.623 5.947 232.741 -24.192 423.910 280.304 -23.483 248.918 287.229 -18.641 120.710 446.488 -21.145 322.404 230.401 -22.061 177.601 346.214 -16.707 441.793 457.965 -24.904 189.629 287.756 -18.097 8.782 79.843 -26.797 132.086 439.544 -20.251 230.668 5.617 -15.068 145.992 334.391 -19.112 97.960 421.715 -19.420 328.155 499.888 -18.451 12.980 35.548 -27.083 3.642 104.417 -26.903 460.217 66.043 -25.369 238.625 188.543 -25.673 68.355 182.449 -21.810 239.585 452.287 -14.652 386.745 327.895 -21.445 35.823 72.329 -28.139 12.253 120.387 -26.202 23.345 231.650 -23.424 0.188 476.231 -26.140 376.862 122.210 -19.913 410.999 384.499 -22.487 308.556 109.687 -17.547 197.738 439.444 -15.604 382.972 246.661 -24.771 454.894 438.314 -24.642 107.742 237.932 -19.936 268.206 297.524 -19.823 70.285 469.031 -23.032 83.988 189.910 -21.963 392.299 397.401 -20.699 337.126 494.371 -18.891 276.314 11.988 -14.095 159.587 16.808 -18.502 398.261 179.378 -23.051 325.381 236.998 -21.158 472.517 457.051 -26.213 405.558 323.515 -21.236 405.957 446.322 -21.987 172.135 276.422 -18.620 49.248 327.504 -20.369 453.102 492.601 -24.559 143.359 215.090 -21.752 347.250 348.965 -18.374 494.092 436.607 -22.301 283.553 402.050 -14.686 160.101 183.248 -22.868 23.950 456.691 -24.035 161.221 111.300 -20.532 484.413 360.466 -20.442 257.251 492.176 -13.719 377.342 489.543 -18.375 84.241 31.517 -23.788 215.595 389.818 -14.675 116.117 488.607 -21.633 416.886 273.781 -23.636 206.270 378.481 -15.433 439.365 36.433 -22.886 202.015 220.337 -21.926 260.453 207.516 -23.475 208.519 29.252 -14.673 111.289 414.696 -19.086 293.808 140.184 -20.128 167.707 293.417 -17.595 272.017 275.736 -19.094 464.767 97.647 -26.121 432.638 390.374 -22.892 353.083 258.150 -22.207 285.919 167.041 -23.105 250.773 309.663 -19.272 482.845 170.994 -23.954 372.806 493.741 -19.984 49.002 281.075 -19.882 338.867 355.780 -18.998 230.241 435.168 -13.802 215.471 339.980 -18.518 361.536 329.210 -19.676 132.305 352.648 -19.443 158.122 389.514 -16.836 327.597 274.214 -21.000 340.986 475.185 -18.044 277.339 497.355 -15.701 290.371 476.043 -15.890 239.697 322.709 -19.176 249.273 211.952 -24.426 294.956 4.863 -16.149 227.936 396.868 -15.227 83.547 492.147 -23.281 187.211 329.353 -16.598 312.485 30.700 -15.427 24.828 255.744 -22.824 264.348 5.802 -14.540 265.234 328.709 -18.817 317.193 128.004 -17.877 4.310 487.204 -25.119 91.830 354.406 -19.619 365.231 24.039 -20.087 251.082 346.430 -17.655 247.368 389.607 -14.175 368.442 253.325 -24.272 14.925 66.533 -27.138 398.795 456.000 -22.016 244.499 443.876 -15.213 0.894 13.553 -25.726 133.703 223.913 -20.882 289.531 0.297 -16.151 362.452 56.044 -19.476 317.768 105.110 -18.289 329.146 179.957 -22.840 253.895 267.967 -18.126 310.298 127.911 -17.943 328.485 142.102 -18.217 378.242 218.794 -24.166 123.428 1.253 -20.592 115.009 103.390 -23.597 140.708 350.362 -18.542 214.864 163.489 -25.453 54.418 201.110 -21.844 52.988 141.034 -25.369 140.521 40.734 -22.093 54.842 254.834 -21.985 123.482 96.201 -23.825 178.927 12.265 -16.778 54.709 144.650 -26.063 5.010 292.157 -21.602 262.768 33.923 -13.630 351.650 10.376 -19.769 40.217 261.917 -20.786 278.166 377.415 -16.362 366.839 31.390 -19.254 68.225 377.051 -19.771 472.304 242.699 -25.760 358.935 352.939 -18.899 142.359 121.954 -23.777 444.207 136.836 -25.267 307.725 170.589 -21.829 189.546 220.094 -21.008 114.437 456.514 -21.794 319.702 482.791 -15.173 168.476 49.380 -19.009 26.046 287.114 -18.753 212.479 145.994 -24.275 249.423 223.699 -22.702 226.077 322.389 -17.621 93.619 179.458 -22.478 48.480 186.822 -22.741 205.070 389.579 -15.070 375.933 463.604 -18.752 30.977 269.762 -20.302 345.893 84.625 -17.798 294.153 395.394 -15.980 80.585 474.766 -22.045 379.818 55.551 -18.515 393.479 66.581 -20.786 67.188 427.003 -20.740 68.131 30.132 -26.210 233.561 462.919 -14.776 340.696 499.615 -18.518 311.969 179.036 -20.799 293.390 273.703 -18.638 498.475 60.651 -27.885 136.652 244.424 -19.834 499.772 316.846 -22.072 235.919 342.787 -18.173 5.802 426.309 -21.948 258.762 144.910 -21.809 133.489 383.869 -17.939 385.819 383.958 -21.136 473.931 335.491 -23.188 300.602 256.059 -20.914 33.644 170.943 -24.740 133.579 470.226 -22.570 7.946 269.004 -20.665 448.671 482.397 -23.863 27.029 495.100 -24.778 109.650 213.583 -21.008 326.250 428.760 -15.631 65.974 443.571 -21.811 49.526 473.454 -23.842 250.570 28.790 -14.197 40.318 299.345 -20.253 98.998 136.222 -24.211 406.594 2.028 -20.055 418.522 17.636 -20.794 436.349 198.401 -25.714 499.308 182.028 -23.758 86.030 230.436 -21.250 53.427 345.610 -20.650 182.470 432.219 -17.260 488.407 340.750 -21.084 44.514 190.353 -22.158 195.742 65.943 -15.852 378.722 97.824 -20.856 294.858 47.506 -16.150 189.022 342.697 -16.760 57.628 39.483 -26.614 206.294 164.540 -25.635 258.506 216.439 -23.042 290.473 427.192 -14.217 261.375 238.120 -20.915 355.245 483.374 -19.347 427.813 485.907 -21.561 455.685 451.422 -25.027 335.306 263.292 -20.979 4.506 453.659 -25.638 370.585 171.542 -22.643 126.597 236.706 -21.148 326.484 186.741 -23.365 254.512 358.707 -17.535 354.023 457.608 -18.542 34.990 373.963 -20.300 145.993 236.979 -19.984 364.203 378.581 -18.588 176.810 408.762 -17.400 435.043 299.053 -22.532 492.246 493.931 -25.769 255.030 49.945 -15.356 100.200 13.092 -23.570 221.242 469.664 -14.553 456.616 0.452 -24.010 46.171 298.247 -19.043 47.455 214.013 -22.603 221.198 151.317 -24.712 174.635 352.896 -16.256 326.636 279.547 -20.079 271.717 97.021 -15.917 230.395 138.913 -22.872 417.896 408.992 -24.084 325.559 270.445 -20.075 55.426 98.708 -27.844 186.349 42.613 -16.942 73.817 327.511 -21.186 111.987 166.424 -22.153 158.215 173.056 -22.606 492.542 452.848 -23.229 298.775 496.263 -15.208 468.193 1.148 -25.620 88.497 360.378 -20.151 184.259 451.794 -17.080 250.011 457.474 -13.514 351.523 143.941 -18.422 303.223 267.153 -19.468 309.730 54.858 -15.597 207.942 8.107 -13.647 286.917 432.762 -14.823 243.461 5.860 -14.935 96.026 360.941 -18.997 429.057 374.276 -21.317 337.786 26.158 -19.970 286.801 310.025 -18.407 268.822 79.167 -15.395 153.797 425.991 -19.776 467.509 24.538 -24.386 130.970 366.051 -18.444 287.070 285.568 -18.661 445.164 380.213 -21.859 154.508 266.878 -18.189 373.817 458.080 -19.369 256.966 17.826 -13.464 118.409 348.160 -19.863 454.285 348.437 -22.757 346.190 257.181 -22.223 480.199 260.436 -22.793 155.008 330.156 -19.116 486.212 402.731 -23.277 347.614 458.011 -16.876 298.060 389.919 -15.928 33.085 262.459 -22.558 0.612 24.367 -25.890 467.238 339.585 -21.501 171.098 75.744 -18.516 351.512 389.131 -17.707 302.246 461.882 -16.368 436.540 237.009 -23.955 399.485 452.228 -21.703 53.418 250.323 -21.396 144.859 481.716 -20.580 43.864 200.807 -21.778 90.812 78.032 -24.926 261.622 469.186 -12.669 433.960 166.411 -24.398 207.213 299.370 -18.355 473.467 121.481 -25.678 275.749 291.027 -18.327 222.506 193.719 -25.037 394.309 444.568 -21.646 465.285 444.681 -24.357 18.568 444.079 -23.484 190.478 158.988 -25.224 95.128 287.036 -20.490 497.194 357.975 -21.152 130.349 42.151 -22.458 36.964 241.359 -22.909 429.892 421.521 -23.859 60.601 290.319 -20.294 259.587 292.783 -18.510 154.143 401.856 -16.401 170.678 372.477 -15.030 230.860 153.361 -24.077 471.696 164.925 -25.183 299.310 30.583 -15.112 27.648 372.396 -20.116 460.777 85.375 -26.115 351.907 302.386 -20.927 289.691 56.082 -16.646 147.395 292.472 -18.179 316.671 121.930 -18.165 391.112 18.504 -19.941 461.805 140.140 -24.350 303.948 409.046 -14.300 18.805 486.558 -26.232 30.013 25.535 -26.981 301.441 71.357 -16.812 304.001 294.489 -19.262 277.339 428.819 -13.893 470.014 108.369 -26.312 306.661 284.706 -18.599 103.814 426.309 -19.638 461.949 90.757 -27.154 99.185 342.476 -19.717 8.571 309.095 -20.715 388.055 413.188 -21.791 452.453 396.231 -23.383 287.212 175.538 -22.081 374.621 371.952 -19.014 468.617 388.918 -22.842 237.015 409.573 -15.298 132.446 104.672 -23.676 119.635 3.870 -20.350 2.125 469.151 -25.776 351.572 465.415 -18.586 331.080 153.110 -19.462 449.636 380.038 -22.536 483.577 121.897 -25.041 207.406 482.068 -15.082 425.289 292.126 -23.848 244.667 318.325 -18.729 467.627 213.715 -24.731 142.281 499.946 -19.935 424.596 85.542 -23.905 248.546 389.939 -15.196 216.020 498.072 -14.489 59.245 444.834 -21.535 38.195 112.044 -26.524 119.547 325.856 -20.145 161.253 330.366 -17.633 21.993 156.933 -24.682 293.211 382.239 -16.051 183.470 67.679 -17.275 389.618 498.834 -19.846 260.435 343.538 -17.822 86.825 315.885 -21.858 213.883 5.877 -13.857 329.397 262.447 -20.676 103.227 23.786 -21.903 10.049 202.225 -23.726 450.778 11.649 -24.381 48.530 157.972 -24.544 366.905 343.845 -19.682 79.090 129.371 -25.296 486.819 365.434 -20.402 473.957 198.683 -25.535 332.164 412.816 -14.997 73.650 452.789 -22.421 273.821 337.933 -18.970 306.071 469.095 -16.348 45.078 18.667 -27.573 358.097 329.622 -19.774 41.935 190.693 -22.455 197.713 60.518 -14.960 195.745 168.887 -24.685 177.231 183.910 -21.798 475.927 72.339 -26.483 220.652 335.880 -17.983 346.097 95.300 -18.497 393.476 21.731 -20.041 469.418 329.931 -22.016 251.949 84.577 -16.433 168.661 103.398 -19.628 320.236 328.744 -20.772 364.667 256.222 -23.774 438.351 11.880 -23.067 367.667 445.329 -19.801 44.529 216.588 -23.252 482.592 73.082 -26.523 101.940 2.182 -21.896 190.975 315.518 -18.089 180.860 468.699 -16.297 3.460 191.919 -22.808 143.693 144.605 -23.215 6.277 196.373 -23.275 333.503 49.818 -17.713 55.894 300.289 -19.242 167.684 322.398 -18.025 454.798 48.378 -25.177 415.199 475.504 -21.055 382.117 439.968 -20.701 155.438 37.743 -19.582 23.485 165.683 -25.729 210.960 341.162 -18.161 224.115 339.892 -17.496 115.974 475.699 -21.614 408.602 379.045 -21.798 112.139 109.850 -23.119 33.850 200.887 -24.394 40.736 168.332 -23.323 234.265 499.518 -14.675 153.808 318.967 -18.959 379.514 6.148 -19.416 91.804 224.317 -20.442 81.197 166.492 -22.547 357.571 365.904 -17.879 171.078 218.744 -20.141 195.846 6.491 -14.857 4.826 365.268 -20.626 400.104 335.326 -21.173 4.397 481.129 -25.871 356.964 91.037 -18.866 111.339 61.718 -23.538 360.982 212.000 -24.525 391.933 249.128 -24.741 51.964 383.065 -19.382 76.837 469.860 -22.636 304.463 226.242 -22.471 386.197 260.533 -24.569 21.798 214.884 -23.350 173.250 242.977 -18.480 147.660 475.406 -21.566 299.875 202.102 -22.488 300.276 298.238 -19.921 97.439 277.707 -21.464 111.975 238.551 -20.876 135.038 423.105 -19.942 200.545 372.366 -14.591 8.309 308.994 -20.543 348.148 396.097 -18.012 229.255 227.759 -21.305 148.695 98.276 -21.334 313.324 391.375 -14.263 57.232 71.457 -28.341 456.745 445.368 -25.274 142.641 327.962 -19.551 198.080 292.423 -17.069 482.474 426.550 -23.553 213.422 189.077 -24.750 3.349 299.469 -20.437 101.771 294.569 -20.419 1.499 0.161 -24.413 93.082 158.195 -22.298 261.002 62.865 -15.893 380.480 238.773 -23.107 73.303 109.471 -25.861 373.643 78.331 -18.173 278.652 229.818 -22.049 488.709 276.089 -22.098 220.913 140.470 -23.302 183.744 53.943 -16.259 58.385 151.498 -24.663 327.388 315.981 -19.423 315.394 294.053 -19.564 283.664 354.834 -18.100 355.788 47.890 -18.978 126.747 275.782 -19.217 344.401 410.200 -15.442 116.594 83.983 -25.134 447.090 273.040 -22.163 182.895 360.964 -14.623 348.466 386.716 -17.884 86.880 24.702 -22.355 215.490 193.791 -25.010 495.443 339.963 -20.735 351.882 166.076 -22.187 404.567 260.289 -24.392 325.017 202.409 -24.135 55.778 49.820 -26.942 268.249 309.446 -19.389 31.394 498.667 -25.255 269.675 387.612 -15.838 50.890 253.964 -21.327 94.916 495.357 -22.378 376.583 135.473 -20.391 2.194 418.930 -22.775 120.256 22.904 -21.654 177.326 84.020 -18.261 244.149 189.611 -25.530 234.896 378.245 -15.321 350.548 204.055 -24.151 237.622 202.392 -25.241 358.819 267.967 -22.096 10.408 489.216 -24.619 76.137 257.295 -20.132 421.925 494.630 -21.080 348.874 262.619 -20.997 296.461 257.045 -20.468 373.935 91.970 -19.142 154.477 67.683 -20.921 489.577 30.436 -25.969 145.883 6.056 -20.019 192.758 335.397 -18.045 192.985 6.333 -15.104 388.991 302.951 -22.415 72.691 475.320 -22.666 273.715 409.166 -13.290 325.979 345.852 -19.374 149.773 424.555 -18.623 402.816 280.393 -23.664 246.388 377.563 -15.250 120.340 214.197 -21.152 311.797 102.406 -16.761 151.637 337.257 -17.771 159.242 5.270 -18.246 131.153 10.839 -21.115 310.551 434.190 -16.298 3.354 225.352 -24.311 326.739 146.701 -18.656 403.560 335.931 -21.498 140.933 197.038 -22.237 114.178 132.677 -22.843 7.010 204.239 -24.273 383.902 220.145 -25.272 133.477 132.195 -23.518 203.638 53.640 -14.117 260.688 41.838 -14.992 9.181 8.834 -25.034 148.365 219.236 -21.006 330.113 115.042 -17.477 196.729 234.739 -21.301 28.388 401.281 -20.746 373.085 5.644 -20.395 42.271 480.778 -24.545 161.564 64.116 -20.514 126.902 105.383 -22.782 414.970 449.976 -23.549 422.624 458.160 -23.803 173.607 0.230 -16.227 221.457 48.176 -15.273 277.226 48.129 -16.057 291.946 419.923 -14.255 103.503 116.529 -24.994 133.997 200.102 -22.686 237.517 335.799 -17.768 292.905 188.152 -22.287 470.303 36.135 -25.330 472.930 423.325 -23.860 25.829 316.643 -21.605 136.860 440.350 -21.224 471.491 445.823 -24.562 171.262 232.367 -19.450 25.584 172.059 -24.428 396.312 499.768 -19.425 287.475 456.673 -15.553 324.403 23.637 -18.182 155.234 379.123 -15.626 378.350 425.267 -20.653 297.850 308.814 -19.318 431.520 212.231 -25.321 483.269 299.840 -22.275 40.208 471.764 -24.250 308.180 292.802 -19.019 354.895 359.794 -18.683 155.775 237.695 -19.586 188.081 140.618 -23.182 232.046 456.479 -13.381 93.915 200.920 -21.838 383.603 408.336 -20.724 249.030 80.518 -16.235 254.099 339.072 -19.391 322.677 324.012 -20.765 27.226 130.023 -26.458 385.304 30.215 -20.139 474.672 378.386 -21.996 150.736 371.113 -17.019 54.710 11.280 -27.359 135.981 378.284 -17.946 453.331 66.375 -25.845 434.468 264.398 -22.781 182.701 142.346 -24.473 165.396 427.817 -18.884 149.725 67.138 -20.802 468.773 49.139 -25.002 134.235 208.579 -23.321 274.269 444.725 -13.560 98.196 174.525 -22.400 184.880 182.442 -22.837 120.674 381.932 -18.105 200.338 431.363 -15.268 446.956 402.543 -24.062 102.040 215.001 -20.321 218.701 360.321 -16.170 216.182 96.113 -17.007 101.792 226.556 -20.797 301.036 182.865 -22.253 194.176 409.258 -16.469 397.510 194.993 -24.003 395.019 305.687 -21.379 398.864 235.841 -23.564 379.644 104.087 -20.738 404.428 7.112 -20.135 89.635 161.123 -22.240 475.360 351.598 -22.446 342.706 467.481 -18.450 211.134 376.681 -15.352 265.450 391.181 -16.454 308.170 427.151 -15.137 248.623 467.415 -14.218 303.235 19.715 -16.368 279.290 275.312 -19.267 266.965 444.660 -14.643 281.792 285.212 -19.475 281.834 35.717 -15.154 262.339 399.507 -14.752 413.433 303.778 -23.349 161.037 312.374 -18.128 462.635 163.524 -24.244 496.553 395.912 -22.762 52.247 495.101 -24.927 164.256 334.519 -18.244 248.100 401.462 -13.913 92.223 218.766 -20.536 41.262 335.384 -19.360 84.208 434.105 -20.713 6.975 135.864 -24.431 72.059 11.668 -25.452 53.770 127.739 -26.184 479.478 101.916 -27.057 239.612 262.344 -18.856 330.866 297.101 -21.498 382.580 353.278 -20.928 219.010 434.788 -14.681 12.502 152.814 -25.693 389.158 207.728 -25.347 335.318 227.258 -22.543 163.913 287.375 -18.775 28.650 141.491 -26.291 94.447 260.096 -20.246 50.269 10.891 -26.272 12.912 50.377 -28.569 401.042 476.761 -20.625 65.960 347.238 -19.997 218.802 494.341 -14.623 380.700 284.742 -23.630 23.479 397.116 -20.321 223.794 281.586 -17.734 384.438 54.117 -20.344 136.285 169.370 -22.686 28.607 91.211 -26.877 394.947 219.589 -24.525 140.185 311.418 -20.421 493.887 206.414 -22.637 300.190 394.789 -16.094 324.011 17.100 -16.750 404.634 30.365 -20.714 445.400 0.324 -24.458 232.751 160.538 -24.784 102.798 421.393 -19.857 3.528 372.546 -20.810 480.571 449.351 -24.482 214.166 329.902 -18.914 375.536 182.398 -23.664 11.153 227.235 -23.916 372.822 201.705 -23.971 142.825 315.952 -18.848 191.917 462.486 -15.431 408.193 294.237 -23.114 374.121 5.888 -19.764 466.362 238.069 -24.271 232.936 41.303 -14.136 106.653 232.035 -20.199 329.890 357.817 -18.383 20.345 178.097 -23.736 316.468 279.843 -21.047 226.284 365.386 -17.077 231.064 283.449 -19.059 299.596 151.410 -21.876 350.274 87.874 -18.229 464.947 224.716 -25.048 275.545 266.640 -18.369 166.464 122.527 -21.254 78.672 8.115 -23.765 25.931 18.218 -27.305 442.143 469.252 -22.775 179.466 440.644 -18.207 301.078 13.393 -15.603 176.491 395.081 -16.156 336.032 5.049 -19.361 110.604 463.908 -20.785 332.922 84.709 -17.426 441.743 164.951 -24.144 1.575 498.896 -25.603 367.914 68.287 -18.434 147.122 305.035 -20.073 201.193 31.246 -15.180 20.638 341.533 -21.559 427.935 364.784 -19.752 9.558 153.875 -25.903 27.534 67.449 -28.552 297.509 497.830 -15.313 334.633 71.127 -16.936 401.616 22.252 -19.629 298.125 476.503 -15.629 400.197 316.727 -21.276 289.592 86.386 -15.076 232.847 491.929 -14.769 3.866 250.869 -22.527 32.312 367.216 -20.336 137.837 96.240 -23.183 243.752 66.845 -15.902 191.725 35.600 -15.019 142.239 97.980 -20.738 32.201 298.294 -19.600 257.548 160.351 -23.804 473.358 83.024 -25.820 17.732 499.169 -25.324 268.426 67.141 -14.873 179.282 291.813 -18.324 256.692 395.788 -13.512 217.952 311.408 -18.625 43.399 379.159 -19.545 309.337 47.250 -16.326 133.644 173.392 -23.406 91.506 281.266 -20.297 180.500 334.673 -17.957 425.506 25.500 -22.166 142.608 203.789 -22.511 394.707 157.458 -21.331 305.973 253.588 -20.961 249.300 19.812 -13.867 206.581 77.826 -15.255 472.314 494.982 -25.825 262.653 444.564 -15.563 494.079 72.578 -27.335 332.817 24.904 -18.851 89.284 212.795 -20.324 410.322 136.198 -23.465 270.014 31.202 -12.933 2.888 349.193 -21.218 408.696 212.781 -24.657 234.892 269.013 -18.808 313.020 373.081 -16.507 73.199 385.681 -19.518 172.841 282.010 -18.761 163.151 93.089 -21.011 69.782 334.899 -21.638 19.752 91.166 -25.337 167.050 129.563 -22.772 33.577 139.387 -25.195 235.698 255.321 -19.511 356.904 393.897 -17.850 499.836 243.742 -23.920 322.576 43.403 -17.246 183.838 232.714 -20.725 131.784 424.331 -19.730 445.230 439.292 -25.142 73.543 133.963 -25.906 446.280 147.948 -24.177 142.439 173.311 -23.386 24.763 408.639 -20.585 256.612 181.860 -23.327 87.633 149.671 -24.137 290.823 109.531 -16.703 134.009 286.148 -18.439 103.270 408.441 -18.858 77.747 250.229 -20.524 426.750 172.380 -23.936 92.338 453.106 -22.337 265.651 206.215 -23.137 329.264 383.803 -15.876 463.014 231.895 -25.520 424.235 312.026 -22.195 336.784 54.332 -19.463 463.548 355.496 -22.489 311.344 117.278 -18.430 401.000 98.438 -23.059 453.108 389.157 -23.890 445.454 346.547 -21.761 458.009 158.234 -24.021 351.025 379.916 -17.759 135.590 499.971 -20.471 70.808 460.350 -21.384 296.511 243.332 -21.615 120.713 192.209 -22.783 395.460 340.934 -21.347 134.680 395.315 -17.910 485.281 375.849 -20.861 355.483 468.426 -17.838 344.333 220.420 -23.580 154.421 449.471 -20.776 102.771 385.621 -17.491 94.425 170.464 -23.815 413.340 134.602 -23.050 153.758 23.331 -19.389 478.845 308.675 -21.742 293.460 18.226 -15.112 326.768 425.322 -15.305 436.531 425.532 -25.548 151.303 484.480 -20.616 288.069 317.292 -19.942 497.800 419.165 -21.689 185.530 146.971 -24.185 248.311 257.106 -17.535 33.504 153.510 -25.641 208.823 223.927 -21.465 460.520 483.051 -25.673 489.779 283.710 -22.080 457.590 280.956 -21.610 462.781 329.099 -21.588 182.445 128.683 -23.100 180.073 116.433 -20.337 461.003 346.538 -22.024 215.996 440.861 -13.237 194.617 55.523 -15.124 9.861 298.485 -20.298 423.479 286.280 -24.943 1.732 149.235 -25.516 464.078 207.585 -24.350 308.814 407.225 -13.516 150.200 42.134 -20.720 248.991 120.973 -20.095 378.174 451.841 -21.463 364.215 207.550 -23.291 259.963 195.365 -23.945 163.036 189.478 -21.219 84.875 475.001 -22.751 385.172 431.570 -20.980 43.825 25.220 -27.944 99.405 396.234 -18.474 138.257 55.937 -22.105 262.676 285.780 -19.073 334.424 147.429 -18.873 399.663 420.193 -22.527 21.255 372.135 -21.317 237.888 224.644 -22.090 108.412 324.781 -20.875 4.825 20.428 -25.574 141.144 184.626 -23.008 148.069 244.140 -19.810 385.222 16.556 -19.601 234.391 428.308 -15.684 302.298 488.054 -15.695 414.410 390.776 -23.110 348.821 52.175 -18.594 445.430 109.495 -25.841 400.304 19.965 -19.494 105.200 108.889 -24.586 126.182 264.117 -21.177 458.196 322.651 -21.995 193.888 493.143 -15.392 11.604 232.084 -23.430 24.795 436.958 -21.950 259.238 267.463 -18.987 356.042 214.503 -23.893 482.922 115.199 -25.820 337.958 487.805 -18.056 231.642 207.584 -23.536 332.979 1.161 -18.464 245.554 163.631 -24.973 130.919 194.560 -21.582 84.652 207.525 -21.152 61.279 492.366 -24.179 367.207 481.226 -19.426 345.741 463.709 -17.556 318.257 309.774 -19.885 103.864 8.129 -21.118 102.835 91.357 -25.032 484.646 17.036 -25.827 235.387 48.258 -15.974 370.669 71.627 -19.540 195.379 306.775 -17.738 449.614 146.423 -24.316 424.005 324.304 -21.450 232.790 309.403 -18.692 21.292 6.888 -25.765 307.455 13.131 -17.238 476.506 180.808 -24.600 386.722 268.910 -25.614 382.660 23.412 -19.829 476.492 166.811 -23.798 283.617 194.666 -21.785 225.040 131.086 -21.274 368.886 316.589 -22.593 134.116 443.897 -20.857 266.344 315.489 -18.910 226.078 237.118 -21.279 93.704 49.361 -25.136 405.650 466.180 -21.691 137.877 213.784 -21.258 290.918 414.861 -13.202 361.701 276.289 -22.194 206.545 336.095 -18.576 136.014 60.628 -22.432 482.259 86.520 -26.392 51.144 244.549 -22.226 107.933 403.179 -18.518 104.776 333.786 -20.640 323.199 489.744 -17.343 88.427 30.220 -23.650 411.852 188.222 -24.268 401.745 463.727 -20.720 5.909 402.486 -21.706 209.720 123.111 -20.544 341.879 422.198 -16.301 394.754 206.119 -24.417 373.232 212.811 -24.769 460.573 237.327 -23.999 81.406 428.493 -20.260 498.531 438.297 -22.899 249.249 139.901 -21.500 354.510 402.287 -17.724 274.500 53.382 -15.518 130.304 331.839 -20.072 51.420 425.961 -21.629 418.239 481.329 -21.977 177.374 36.965 -18.099 210.930 44.041 -15.016 218.635 32.270 -14.224 194.207 323.390 -18.197 176.685 356.508 -14.800 48.970 397.335 -19.778 99.673 472.901 -21.224 8.826 30.949 -26.457 466.803 168.868 -24.435 313.716 145.591 -20.394 167.350 135.078 -22.649 370.987 96.607 -19.467 14.687 443.370 -23.098 436.720 232.575 -24.875 120.999 67.831 -22.938 160.246 477.836 -19.975 117.384 392.152 -17.450 146.666 492.972 -19.856 296.442 171.947 -21.954 126.109 444.303 -21.064 482.649 133.894 -24.102 163.357 128.934 -23.306 5.647 221.428 -24.292 145.911 251.499 -18.806 486.371 306.308 -22.133 216.601 42.525 -13.791 8.045 245.616 -23.685 336.147 434.099 -16.666 2.348 414.022 -21.741 495.252 426.989 -22.305 64.443 6.061 -24.528 48.754 58.824 -28.075 419.299 124.580 -23.811 356.031 180.610 -23.329 180.041 74.038 -16.146 170.984 293.494 -17.184 433.103 110.328 -26.011 264.014 305.506 -18.492 85.242 254.372 -20.947 323.457 24.497 -16.619 63.587 497.387 -23.642 369.470 6.622 -18.918 180.840 22.715 -17.227 8.890 347.486 -21.291 352.995 384.692 -16.885 439.682 421.986 -24.864 277.156 495.717 -15.150 8.502 345.807 -21.460 182.619 5.386 -14.951 105.437 11.429 -22.872 72.941 317.160 -21.560 133.391 463.997 -22.766 419.445 109.030 -24.988 0.258 10.126 -25.086 384.380 280.165 -23.148 4.551 12.312 -25.476 169.057 29.612 -18.467 171.369 427.987 -19.070 275.006 114.449 -16.342 470.023 466.024 -26.798 396.234 453.317 -21.324 444.996 292.768 -22.179 360.132 432.123 -19.815 91.271 323.307 -20.932 196.270 10.876 -14.943 385.118 274.039 -24.184 419.013 231.925 -25.158 282.289 420.479 -14.194 498.970 175.743 -22.515 105.975 402.199 -17.616 484.132 5.080 -26.011 79.654 34.979 -24.485 40.730 313.336 -21.132 225.806 125.807 -20.093 398.733 187.864 -23.871 245.507 268.188 -18.964 51.213 431.480 -21.838 458.880 372.525 -22.339 265.907 450.118 -14.690 188.632 248.310 -19.756 459.585 135.105 -25.688 241.895 348.042 -16.423 32.344 440.649 -22.719 266.965 191.018 -23.761 86.885 133.363 -25.402 367.215 382.991 -18.417 111.153 328.680 -19.872 0.325 401.273 -21.294 399.706 434.400 -22.554 319.301 181.262 -23.268 496.313 309.739 -21.532 178.884 407.488 -16.577 96.137 6.050 -22.368 73.784 49.541 -26.599 471.950 299.803 -21.820 286.346 6.490 -15.974 135.579 26.226 -20.474 186.772 177.289 -24.383 127.232 175.080 -22.689 53.401 260.180 -21.418 320.229 341.605 -19.098 477.609 6.212 -26.264 108.397 275.702 -20.699 348.925 317.834 -19.554 393.544 201.671 -24.770 96.502 55.822 -23.888 300.073 420.938 -14.608 97.016 334.473 -19.744 60.889 451.772 -21.568 101.024 492.506 -22.612 204.781 329.761 -18.703 295.054 454.038 -15.327 170.622 116.040 -20.898 277.725 221.027 -21.512 256.441 333.835 -20.145 137.672 102.279 -23.276 159.117 91.549 -19.419 488.487 465.120 -25.832 91.643 382.871 -18.855 39.662 274.419 -20.494 128.285 59.802 -22.156 430.924 225.237 -25.116 130.023 84.161 -22.064 229.843 238.455 -20.510 273.740 103.818 -15.977 475.423 438.763 -23.418 447.278 165.021 -23.093 78.859 300.695 -21.246 306.989 133.376 -19.590 346.322 390.434 -16.356 460.283 126.467 -24.902 58.161 456.587 -22.183 160.468 194.941 -21.859 414.269 266.891 -23.538 35.891 22.078 -28.651 323.785 335.465 -19.227 445.389 231.134 -24.543 258.067 402.322 -14.477 484.902 332.974 -21.542 352.945 208.495 -23.457 11.840 438.942 -22.140 331.871 499.710 -17.804 419.599 353.276 -19.633 455.077 3.768 -25.028 37.917 463.529 -23.715 265.800 133.865 -20.272 430.854 119.493 -24.994 179.432 157.086 -24.116 427.546 482.320 -21.179 186.025 333.788 -17.218 359.539 190.324 -24.183 492.913 109.712 -26.263 75.129 245.290 -21.091 57.591 433.325 -21.266 34.346 20.485 -28.222 486.422 111.285 -25.806 311.318 5.202 -15.453 465.446 287.916 -22.291 359.100 378.020 -18.166 326.271 112.493 -17.850 439.453 24.659 -22.651 373.123 482.308 -19.240 142.680 298.780 -19.783 285.247 22.112 -14.208 228.024 49.464 -14.728 212.315 67.962 -13.900 281.515 241.784 -20.837 69.452 66.537 -27.117 31.646 286.323 -19.745 11.369 402.736 -21.473 480.891 275.888 -22.084 74.247 498.582 -25.071 255.444 457.177 -14.596 181.923 376.995 -15.198 475.313 195.439 -24.871 157.336 259.999 -18.258 313.096 398.130 -14.281 9.765 492.479 -24.813 231.943 482.598 -15.359 125.795 372.423 -18.214 329.986 493.661 -18.251 452.727 460.398 -23.680 267.399 335.415 -20.363 487.654 291.880 -21.386 388.557 60.026 -19.434 320.060 430.115 -14.783 301.319 214.726 -22.526 113.350 280.405 -20.005 369.231 205.051 -24.358 131.933 434.056 -20.578 354.238 328.776 -19.427 35.114 4.354 -26.130 90.827 12.015 -24.358 444.611 475.518 -23.489 88.262 310.810 -20.918 371.302 116.368 -20.101 234.048 212.400 -23.765 339.535 219.438 -23.571 152.724 193.654 -23.541 179.677 0.392 -16.877 283.375 316.727 -20.075 141.820 376.755 -16.313 326.321 356.762 -17.407 107.696 5.705 -22.512 134.699 142.396 -23.335 116.810 373.750 -18.391 211.252 453.496 -14.056 270.397 349.345 -18.437 301.384 414.445 -14.159 287.839 18.269 -13.964 97.316 487.003 -22.868 62.996 214.625 -20.876 316.248 456.529 -16.567 118.354 145.780 -23.350 0.047 159.982 -23.796 418.088 236.762 -23.944 51.759 135.231 -26.505 41.487 213.822 -22.662 239.914 90.524 -17.103 378.389 319.312 -22.849 274.692 44.265 -14.738 35.734 46.430 -27.411 487.921 256.752 -25.328 258.082 486.447 -14.825 272.605 224.672 -21.625 164.145 371.999 -14.992 102.924 137.778 -23.145 318.874 164.038 -20.011 347.886 425.796 -17.645 100.543 424.533 -19.859 14.444 89.797 -26.818 27.266 7.634 -25.800 121.528 285.868 -18.521 170.811 451.519 -18.866 137.108 219.126 -21.115 215.403 102.787 -18.789 367.597 288.488 -22.712 155.695 175.857 -23.413 296.009 61.482 -16.093 413.639 172.785 -23.131 159.085 482.299 -19.674 58.736 65.260 -28.398 147.113 421.694 -19.368 475.147 291.663 -20.694 371.075 267.977 -23.201 114.633 493.561 -20.934 481.167 42.571 -25.480 331.007 17.644 -17.951 53.597 235.870 -23.124 144.140 54.676 -21.364 72.752 165.481 -23.467 182.713 481.709 -16.375 344.533 162.601 -20.958 405.313 88.961 -22.382 9.540 275.531 -20.930 137.490 280.938 -18.897 55.130 498.223 -24.183 396.405 67.094 -20.520 487.646 184.033 -23.258 127.210 388.767 -17.702 132.834 31.249 -19.340 182.097 370.392 -15.977 425.847 181.976 -23.864 47.275 317.543 -20.421 409.212 91.566 -22.559 309.845 120.734 -17.853 341.716 417.915 -15.873 31.582 281.198 -19.021 67.250 473.840 -22.929 379.677 417.055 -20.560 67.846 120.920 -26.323 55.251 460.418 -21.349 17.508 244.386 -23.700 222.095 275.530 -18.074 158.174 126.676 -22.880 16.857 331.407 -22.347 409.907 80.996 -22.822 6.390 49.081 -27.354 119.291 225.985 -21.664 314.923 135.639 -18.679 211.318 74.177 -15.554 359.009 451.710 -18.069 257.625 138.936 -21.670 116.442 255.188 -20.071 463.701 4.248 -25.244 22.554 409.861 -20.999 2.974 5.883 -25.016 122.438 232.821 -21.138 6.481 38.290 -26.247 244.395 288.277 -19.102 454.164 406.723 -24.200 140.487 255.149 -18.957 327.108 123.656 -17.535 465.294 468.229 -26.340 217.156 233.598 -20.431 63.573 65.859 -27.626 308.336 66.562 -16.065 114.778 92.816 -24.476 419.340 330.354 -21.376 491.826 21.636 -25.696 341.583 93.656 -17.643 249.448 254.027 -17.738 312.146 213.974 -23.026 499.710 220.271 -23.984 40.857 384.861 -19.872 452.789 401.663 -23.067 480.170 489.315 -26.194 218.227 372.701 -14.387 8.050 390.722 -20.917 51.171 458.991 -22.884 407.426 310.587 -21.840 224.355 249.477 -19.438 338.303 209.066 -23.079 446.119 66.091 -24.709 362.791 341.631 -19.762 487.208 426.278 -21.854 239.629 161.996 -25.574 270.280 181.867 -22.899 131.561 48.678 -23.749 138.351 178.008 -22.754 159.667 464.811 -19.800 495.439 36.193 -26.481 286.556 411.078 -14.065 276.674 159.961 -21.901 357.475 279.385 -22.223 449.966 112.786 -25.628 200.981 300.320 -17.744 210.703 0.172 -14.390 175.892 420.349 -17.877 458.210 276.297 -22.559 41.136 30.839 -28.331 204.965 304.291 -18.098 154.155 274.949 -19.184 163.178 323.678 -18.252 370.791 451.818 -20.108 113.286 263.477 -19.137 8.257 299.313 -21.148 315.944 85.135 -17.074 107.838 67.813 -23.818 305.900 54.770 -15.415 402.539 284.521 -23.973 499.448 291.454 -20.967 120.018 334.295 -19.968 28.833 263.121 -21.676 384.322 498.569 -19.053 164.182 495.690 -17.796 70.512 79.345 -26.916 41.736 432.393 -22.654 403.511 381.571 -20.995 108.867 226.032 -20.542 318.469 259.696 -21.093 406.656 316.977 -22.039 282.571 188.748 -23.026 479.308 483.020 -26.603 324.937 164.231 -21.089 4.394 66.349 -27.072 262.546 140.344 -20.608 474.607 1.728 -25.764 75.301 23.037 -25.225 492.510 487.841 -25.517 205.689 423.231 -16.765 215.269 407.309 -17.053 492.270 121.324 -24.744 321.327 243.963 -21.237 421.785 5.899 -20.304 187.786 395.883 -16.052 298.314 247.833 -20.712 434.344 144.919 -23.647 206.972 99.208 -19.299 333.642 249.576 -21.763 498.063 385.389 -22.609 191.691 72.286 -16.273 265.121 81.150 -15.739 177.667 469.238 -17.341 391.094 189.182 -24.329 233.986 137.157 -21.890 495.780 29.021 -26.087 40.836 152.545 -25.278 447.449 432.706 -25.003 150.309 129.817 -23.663 128.059 483.093 -21.379 461.330 1.699 -24.333 378.968 408.806 -18.406 91.571 498.950 -24.950 285.077 105.041 -15.686 285.530 481.009 -14.733 128.066 54.319 -22.128 273.330 259.966 -19.489 257.573 499.901 -15.042 457.319 110.031 -27.343 361.067 4.400 -19.972 354.283 102.805 -19.061 66.950 388.075 -19.565 130.306 493.374 -20.599 320.223 462.082 -17.205 466.691 119.813 -25.204 396.208 470.625 -20.210 366.771 249.695 -22.967 297.887 73.982 -16.139 348.704 239.337 -23.487 253.243 73.862 -16.719 470.281 348.094 -20.788 179.747 405.109 -16.851 245.711 215.151 -24.562 142.027 487.346 -19.903 138.074 445.255 -21.337 267.829 322.527 -18.394 496.034 17.823 -26.304 203.271 237.099 -21.542 246.640 11.740 -14.511 328.142 164.363 -21.722 282.269 480.892 -15.092 205.831 94.976 -16.412 99.427 352.827 -19.273 448.404 151.500 -23.995 205.742 140.119 -23.443 397.360 4.827 -19.548 371.634 62.511 -19.025 389.439 183.767 -23.136 146.180 388.696 -16.905 86.203 376.197 -19.405 195.059 18.755 -15.408 26.592 471.075 -25.260 55.860 317.159 -20.304 405.769 48.245 -20.475 409.430 126.982 -22.660 380.238 117.137 -19.684 86.144 56.687 -25.400 317.652 67.215 -16.742 413.121 281.093 -24.664 4.042 0.480 -24.057 219.582 198.387 -24.832 60.643 129.031 -27.066 96.970 248.972 -20.500 410.811 20.676 -19.784 398.005 142.451 -21.166 392.903 481.502 -19.761 434.743 256.105 -22.715 320.511 225.079 -22.849 122.013 145.516 -23.921 287.808 44.214 -15.299 6.302 294.423 -20.458 228.940 347.369 -16.872 46.178 40.726 -27.595 142.880 13.396 -20.000 231.164 326.744 -18.191 360.124 31.746 -20.687 210.367 218.486 -22.131 440.853 141.271 -23.876 20.092 11.479 -25.701 109.111 90.919 -23.606 4.537 255.219 -22.968 105.636 361.737 -18.641 286.869 261.831 -18.308 410.075 200.920 -24.015 39.624 64.696 -27.960 217.185 91.159 -16.818 15.130 235.780 -23.652 210.340 225.577 -20.879 141.230 403.470 -18.274 496.178 89.674 -26.251 17.626 72.713 -27.794 19.485 36.333 -26.860 88.682 238.194 -20.041 266.185 109.379 -16.739 188.010 150.902 -24.973 405.723 44.530 -21.522 118.114 456.316 -21.444 49.488 89.464 -28.002 259.179 280.516 -18.241 199.730 482.823 -15.646 72.074 353.869 -19.414 166.240 5.338 -17.412 178.657 66.339 -17.788 255.271 182.103 -25.835 144.843 105.218 -23.136 377.242 158.241 -21.887 286.147 487.571 -15.167 141.511 225.369 -20.618 154.243 431.531 -20.923 340.575 242.480 -21.761 496.564 236.652 -24.305 225.893 488.032 -13.354 340.594 292.491 -20.832 55.698 109.261 -26.641 444.715 245.396 -23.360 155.380 177.921 -22.977 121.661 487.899 -20.808 128.920 151.138 -22.890 256.564 54.722 -15.089 39.371 80.579 -28.396 191.844 0.488 -15.565 74.664 163.712 -23.245 160.066 365.008 -15.998 228.063 163.427 -25.767 391.725 286.761 -23.512 240.994 95.975 -18.015 7.224 109.738 -25.372 208.063 310.120 -18.005 281.757 4.903 -15.695 417.403 53.312 -22.169 434.281 432.139 -26.150 94.374 9.507 -22.136 376.229 387.572 -20.332 402.012 146.070 -21.013 248.427 109.733 -17.745 438.384 86.376 -26.418 403.896 371.184 -20.567 86.219 61.339 -25.157 323.473 453.142 -17.382 400.692 426.812 -23.146 203.826 135.988 -22.648 21.178 170.763 -25.297 99.390 59.924 -24.023 328.781 74.014 -17.075 327.711 499.738 -18.033 327.094 438.927 -16.262 250.037 384.648 -15.140 249.884 357.475 -17.258 354.493 276.472 -21.325 207.968 446.313 -13.542 166.512 298.585 -18.414 283.578 303.875 -19.508 255.440 273.121 -18.667 269.287 103.810 -15.289 96.163 142.955 -24.706 313.034 50.249 -17.193 137.583 384.902 -16.478 322.149 139.339 -18.233 226.561 233.001 -21.641 243.138 43.484 -14.212 304.220 358.502 -17.821 152.604 350.399 -18.119 326.659 170.493 -21.082 435.883 441.975 -25.038 125.734 450.642 -21.144 405.954 199.383 -24.512 114.493 65.929 -22.947 364.764 134.302 -18.959 243.275 280.324 -18.923 130.155 485.775 -21.366 260.795 310.838 -18.911 205.984 432.985 -15.056 269.492 470.540 -13.375 172.886 226.621 -20.270 471.936 67.134 -26.210 335.600 313.159 -19.756 228.781 251.453 -20.029 217.992 399.980 -15.705 479.464 406.863 -24.045 53.533 64.124 -28.927 91.318 89.958 -25.752 442.365 386.141 -22.966 172.252 10.117 -16.061 150.323 148.603 -22.787 372.986 147.002 -20.983 304.819 137.994 -20.179 8.753 184.252 -23.606 434.235 75.543 -23.463 309.574 413.662 -14.306 251.826 97.274 -16.447 454.332 17.163 -24.278 72.056 182.708 -21.751 265.604 219.159 -23.856 92.007 439.928 -22.071 44.914 427.586 -21.524 412.261 1.513 -20.223 258.356 255.885 -17.706 179.809 219.502 -21.582 249.534 415.324 -15.064 44.555 254.279 -22.207 65.769 238.482 -22.882 319.255 30.565 -16.983 213.094 323.971 -17.931 249.127 124.746 -20.253 140.772 423.406 -18.972 332.954 355.289 -18.068 124.009 135.135 -22.379 463.551 414.367 -24.451 321.883 188.277 -23.487 214.670 1.953 -15.388 475.394 97.090 -26.622 361.033 457.647 -17.642 453.661 255.596 -22.835 136.259 27.552 -19.489 12.262 86.597 -25.816 437.527 6.878 -23.173 265.360 121.379 -17.797 450.641 1.194 -23.700 83.099 324.072 -20.808 69.851 141.801 -24.773 205.637 321.867 -18.281 90.781 122.718 -24.795 310.010 451.113 -16.924 0.154 38.002 -25.562 195.938 152.131 -24.736 159.211 307.327 -18.477 248.463 371.963 -16.621 196.797 186.404 -23.873 384.253 134.363 -20.819 395.319 84.662 -21.437 478.841 348.139 -20.239 346.139 355.873 -18.283 382.772 195.283 -24.015 261.422 102.289 -16.432 118.654 96.146 -24.267 277.381 473.974 -14.669 9.039 93.389 -26.776 451.630 171.689 -24.091 167.236 0.543 -17.452 61.276 484.987 -24.768 215.531 452.079 -13.141 432.054 48.395 -22.595 288.074 198.725 -23.077 56.134 1.534 -25.711 187.310 458.083 -16.689 474.468 147.917 -23.379 132.726 457.174 -21.694 386.877 236.958 -23.868 339.153 281.085 -21.242 335.094 239.101 -22.106 79.627 415.156 -19.228 499.576 267.793 -20.933 4.631 468.804 -27.225 258.568 467.986 -13.412 61.845 78.534 -28.349 461.705 424.934 -24.186 203.747 282.442 -18.523 420.236 439.205 -24.082 168.818 288.345 -18.430 4.930 314.942 -21.385 423.854 389.797 -22.990 265.440 181.996 -24.527 468.631 304.523 -20.173 123.678 109.186 -24.068 16.956 491.858 -25.242 32.462 421.336 -21.411 437.026 457.413 -23.447 407.170 146.648 -21.594 349.148 49.429 -18.471 344.846 243.830 -22.341 498.220 56.120 -26.919 415.652 115.248 -24.162 375.850 314.647 -22.979 157.349 334.906 -19.048 85.496 482.795 -22.814 43.240 281.112 -19.711 196.315 486.917 -15.741 5.906 71.872 -26.657 487.870 50.812 -26.566 136.728 401.816 -17.802 193.817 421.679 -16.611 453.370 139.939 -25.325 395.130 36.062 -19.862 23.952 202.660 -23.384 320.440 321.557 -21.163 486.754 159.662 -24.660 44.171 499.982 -26.172 76.548 92.202 -28.246 450.937 108.786 -26.813 315.410 220.351 -22.027 479.242 292.462 -21.563 104.150 122.179 -24.638 430.096 428.375 -25.458 116.515 278.333 -21.542 207.621 48.917 -14.127 306.230 311.006 -19.838 344.749 305.092 -19.933 264.266 422.342 -13.783 160.018 377.206 -15.387 77.354 105.573 -27.530 297.753 41.465 -15.012 388.107 410.733 -21.857 467.643 493.235 -25.748 160.207 218.776 -19.901 194.098 309.018 -17.891 284.978 122.031 -16.951 460.508 18.576 -23.670 432.460 196.441 -25.472 20.471 65.346 -27.250 155.976 61.563 -21.027 178.031 244.783 -19.718 373.591 261.707 -23.866 112.206 230.890 -21.245 345.989 63.158 -19.052 451.132 463.346 -25.368 431.493 316.422 -21.738 228.649 194.581 -24.454 175.604 273.079 -18.458 318.208 433.788 -15.642 269.703 340.441 -18.179 88.450 483.108 -22.774 169.429 165.899 -23.659 300.893 346.239 -18.928 296.623 293.857 -18.879 312.302 318.182 -18.933 376.833 60.578 -19.252 107.374 421.298 -19.900 2.637 186.573 -23.182 194.798 260.288 -19.378 260.643 159.374 -24.133 11.665 243.242 -24.096 194.509 201.597 -21.888 9.495 383.419 -22.854 235.108 119.525 -18.341 279.161 449.774 -15.172 473.801 470.604 -26.385 267.845 116.747 -17.181 337.095 128.154 -16.442 49.274 438.929 -22.374 264.930 282.346 -19.053 99.690 0.028 -22.751 39.592 140.057 -26.094 79.850 96.318 -26.339 120.140 151.372 -23.022 217.353 119.652 -21.146 337.586 450.334 -17.315 148.518 353.941 -16.145 439.434 5.230 -22.758 294.011 114.826 -17.674 222.466 291.930 -18.462 182.852 164.540 -24.163 153.948 464.186 -20.396 152.172 281.002 -18.803 422.200 113.835 -25.394 91.579 376.581 -18.628 127.643 6.395 -20.460 285.948 6.438 -15.608 317.651 188.219 -21.382 459.742 458.952 -25.217 464.193 123.799 -25.550 363.380 97.696 -19.326 416.742 375.545 -20.520 182.642 175.485 -23.753 390.818 146.481 -22.089 120.410 112.508 -23.285 385.481 184.510 -24.071 349.595 467.787 -18.227 455.774 245.308 -24.337 350.088 489.117 -18.745 175.628 249.917 -19.083 146.483 415.256 -18.316 107.686 457.438 -21.648 356.667 310.610 -20.243 163.130 349.353 -17.213 265.053 341.985 -18.464 0.205 108.689 -25.560 394.408 318.421 -21.142 137.324 35.022 -21.185 312.379 346.498 -17.937 85.880 219.107 -21.785 406.029 432.942 -22.855 348.796 153.611 -20.599 362.887 190.644 -25.781 263.711 262.716 -18.518 192.231 287.433 -17.987 329.955 78.012 -17.371 222.812 316.313 -18.239 441.533 298.368 -22.787 264.681 176.737 -23.915 437.407 192.095 -24.988 385.634 311.680 -21.629 412.063 255.906 -23.124 91.289 60.745 -25.136 48.169 35.577 -27.943 178.953 268.136 -19.089 112.421 36.557 -23.026 73.355 499.381 -23.970 339.053 392.110 -15.986 170.263 255.403 -18.047 415.035 193.973 -24.274 388.633 159.775 -21.954 296.314 366.334 -17.685 86.319 122.898 -25.221 423.310 55.679 -23.139 366.509 115.191 -18.778 259.201 7.955 -13.306 271.588 415.259 -14.592 415.225 57.602 -22.062 333.775 255.530 -20.644 473.104 103.643 -26.625 469.825 292.254 -20.964 471.024 249.279 -24.524 253.398 130.702 -20.429 42.960 11.616 -26.982 332.231 42.689 -18.167 487.829 376.838 -21.333 443.005 0.769 -22.357 417.935 349.899 -21.396 55.728 451.776 -21.392 491.615 130.780 -25.743 107.170 244.189 -20.823 342.882 262.441 -21.006 416.271 334.862 -21.300 243.226 224.189 -22.777 8.815 214.168 -25.007 431.989 464.021 -22.252 223.651 388.243 -15.016 186.676 324.212 -17.336 111.335 218.604 -20.628 242.949 298.839 -19.813 101.796 42.979 -22.930 154.197 499.713 -20.117 2.562 286.986 -21.810 162.269 426.512 -19.180 347.124 18.970 -19.298 122.537 25.544 -22.183 166.535 365.099 -16.480 318.381 175.885 -21.152 450.067 96.588 -26.975 178.265 139.055 -23.924 498.087 256.644 -23.164 41.884 47.882 -28.323 243.984 17.458 -14.644 208.657 347.028 -17.656 499.672 122.019 -25.391 420.888 178.322 -23.413 143.295 473.926 -21.843 64.436 457.228 -21.304 32.801 85.460 -27.327 26.914 96.843 -27.183 447.033 238.150 -24.325 402.160 256.934 -22.966 487.999 148.448 -24.589 171.439 64.065 -19.005 79.372 61.271 -26.644 31.585 317.205 -21.036 167.648 304.600 -18.058 5.504 304.218 -21.319 105.176 262.764 -21.580 322.692 35.925 -18.123 43.519 230.046 -23.352 213.971 398.931 -16.432 363.284 83.620 -18.630 24.768 403.930 -20.484 271.841 153.869 -21.070 218.991 296.522 -19.079 274.902 31.883 -14.172 66.223 200.115 -21.677 146.557 179.947 -22.484 96.713 410.601 -18.201 138.288 139.344 -22.043 184.096 419.639 -16.101 384.288 114.936 -19.750 6.035 414.987 -22.681 448.984 421.662 -24.716 335.250 174.103 -22.719 478.858 6.062 -26.589 127.230 359.210 -18.496 2.876 7.070 -24.732 189.986 432.441 -15.745 33.516 8.112 -27.821 38.402 91.638 -28.108 259.285 34.543 -14.611 41.094 347.551 -20.714 207.089 37.288 -14.135 467.401 451.819 -24.761 413.645 181.527 -24.139 479.374 287.569 -22.214 85.458 415.753 -19.515 138.494 407.796 -18.970 377.337 243.894 -24.236 478.890 467.712 -26.761 246.581 116.306 -18.502 139.478 90.132 -21.974 1.293 263.102 -21.917 3.808 214.331 -24.389 358.439 108.671 -18.180 444.380 177.258 -24.445 136.726 295.191 -18.549 91.065 262.457 -19.293 259.854 75.384 -15.306 121.820 11.155 -21.648 201.138 348.945 -17.230 356.367 139.564 -18.159 483.224 67.150 -26.671 356.982 415.231 -18.792 174.356 122.035 -20.992 121.527 296.848 -19.625 185.740 73.749 -16.278 112.368 244.182 -19.955 24.675 123.158 -25.687 382.428 120.985 -20.937 125.980 71.907 -22.629 225.714 145.235 -22.907 280.373 128.067 -18.993 378.575 494.504 -19.357 161.002 448.931 -20.112 270.964 440.020 -14.411 276.576 67.840 -15.573 499.747 156.214 -23.842 242.234 219.443 -22.204 272.288 433.331 -13.951 51.544 0.129 -26.371 432.516 98.238 -25.986 472.402 481.261 -25.990 309.238 396.868 -14.925 16.863 477.014 -25.356 250.144 408.709 -14.781 356.670 164.052 -21.743 46.092 421.964 -22.088 265.137 13.773 -13.759 155.764 340.256 -17.829 334.040 273.883 -20.924 130.886 293.658 -19.661 466.133 128.953 -24.857 277.866 208.103 -21.489 389.398 83.736 -20.198 212.063 152.942 -25.227 458.852 252.902 -22.599 169.745 175.035 -22.555 102.214 446.789 -21.772 429.861 65.921 -24.059 188.333 261.650 -19.735 241.837 429.405 -15.637 402.367 156.351 -21.779 91.205 181.802 -22.842 487.441 475.424 -26.908 493.511 233.577 -24.704 437.801 377.251 -21.634 303.430 202.658 -21.322 305.581 395.980 -14.958 38.812 361.159 -19.558 9.089 336.342 -22.524 332.051 219.455 -22.468 20.665 275.617 -20.432 296.788 207.691 -21.693 107.390 352.365 -19.064 91.709 234.000 -20.400 210.123 55.620 -15.683 297.202 426.720 -14.269 188.489 273.531 -18.225 341.880 481.077 -17.699 359.535 461.437 -18.739 21.686 41.437 -27.114 92.194 24.130 -23.836 93.072 327.822 -20.984 162.764 451.166 -19.563 59.706 383.825 -19.450 299.254 358.893 -16.823 191.125 147.052 -23.893 259.511 109.806 -16.687 378.125 13.256 -19.779 200.491 6.614 -14.352 269.343 142.055 -20.983 85.127 90.612 -26.609 150.810 7.545 -19.171 208.118 360.686 -16.094 227.098 226.368 -21.633 301.396 304.016 -19.510 16.191 17.693 -26.590 35.408 88.222 -27.292 211.265 433.127 -14.386 182.208 152.528 -25.500 115.466 188.891 -21.954 93.652 386.917 -18.759 197.724 65.880 -15.426 350.197 121.249 -18.525 384.455 5.674 -20.613 435.671 114.493 -25.371 299.793 92.588 -15.997 47.048 206.346 -22.135 451.116 413.599 -23.625 58.546 322.129 -20.531 408.855 232.729 -24.274 255.682 212.136 -23.525 10.709 17.730 -26.873 312.467 200.241 -22.400 148.898 0.383 -18.616 81.659 144.136 -25.287 171.334 19.826 -17.538 62.202 309.284 -20.775 424.832 75.662 -23.819 54.013 482.334 -23.478 357.956 240.911 -22.999 126.105 129.949 -22.886 48.892 305.128 -19.732 367.172 350.496 -20.092 287.971 360.402 -17.950 47.505 25.749 -28.465 365.194 499.460 -18.967 271.449 133.196 -20.283 148.288 193.318 -22.517 206.819 187.280 -24.845 236.326 218.787 -23.311 53.071 55.910 -27.523 321.034 280.252 -21.360 91.573 426.311 -19.487 27.915 238.081 -23.936 112.798 116.303 -24.086 353.084 372.153 -18.131 13.739 140.195 -26.428 24.520 463.466 -24.381 389.778 401.820 -21.160 159.244 165.954 -23.206 233.038 499.805 -14.312 295.139 120.784 -18.684 313.082 481.690 -16.103 235.232 306.641 -19.313 383.691 146.793 -21.247 141.583 415.908 -18.535 415.356 312.691 -21.808 418.403 140.495 -23.342 482.001 324.239 -23.065 280.822 6.212 -15.114 320.872 256.035 -20.306 10.432 250.085 -23.144 94.937 432.385 -19.857 442.570 152.946 -22.966 145.616 30.799 -19.880 199.963 475.286 -14.949 102.010 126.598 -24.437 181.239 122.324 -21.406 408.292 281.542 -24.337 492.645 48.034 -26.036 43.841 120.930 -26.782 444.330 278.414 -21.760 335.559 418.966 -14.686 482.893 175.992 -24.345 9.747 125.801 -25.794 436.544 218.343 -25.915 315.814 231.234 -21.954 387.371 123.759 -20.355 316.443 16.249 -16.276 385.248 5.212 -20.421 435.325 134.742 -23.872 365.287 306.346 -22.019 490.231 335.264 -21.731 130.036 402.123 -18.237 197.381 159.044 -25.470 431.382 180.595 -24.514 190.468 279.807 -18.826 68.087 384.063 -20.123 1.571 117.162 -25.610 103.316 275.441 -20.828 244.465 177.530 -26.638 209.919 62.484 -15.136 294.780 434.452 -14.929 349.763 250.927 -21.940 116.816 316.936 -20.957 150.719 92.557 -20.529 216.629 4.738 -13.644 196.192 255.874 -18.735 355.248 249.731 -22.836 388.890 360.079 -21.169 104.037 254.785 -19.394 395.850 165.219 -23.098 494.570 367.143 -20.173 174.770 128.142 -22.184 254.764 384.241 -15.295 453.713 41.516 -24.933 59.576 256.692 -21.359 241.543 226.664 -21.896 121.810 329.900 -20.661 154.189 138.339 -23.995 80.491 406.498 -19.938 299.786 330.016 -19.171 232.563 61.449 -15.576 456.505 73.781 -25.696 272.014 317.462 -17.927 352.576 173.867 -22.015 235.078 365.374 -15.640 361.515 349.015 -20.614 471.990 211.387 -25.637 450.846 352.354 -22.423 111.738 270.542 -20.334 432.545 11.197 -22.319 429.052 297.789 -22.683 244.437 480.369 -14.402 307.820 220.068 -22.296 496.581 115.889 -26.423 172.026 489.587 -18.114 374.908 225.833 -23.655 81.493 463.105 -22.561 86.655 98.446 -25.509 40.234 7.481 -26.860 117.534 183.425 -21.501 484.338 31.731 -25.983 206.757 129.980 -21.629 95.922 303.369 -19.860 452.904 336.171 -21.291 296.922 498.598 -15.170 293.442 179.312 -21.531 261.887 361.506 -17.216 316.935 388.701 -15.893 95.932 238.896 -19.825 309.646 148.278 -20.217 271.983 486.292 -14.105 193.413 307.649 -18.238 156.897 467.644 -19.504 380.436 91.456 -20.059 61.528 122.321 -26.423 71.397 325.195 -20.476 195.696 29.233 -13.931 58.256 29.031 -26.906 407.607 269.012 -23.707 61.938 231.027 -22.451 29.997 413.475 -19.619 233.683 328.739 -18.928 70.350 83.296 -26.952 93.987 445.306 -20.393 422.171 319.629 -21.607 268.912 358.160 -19.082 236.429 205.538 -24.969 216.030 12.236 -14.992 165.722 377.651 -16.644 371.912 157.238 -21.975 69.256 313.993 -20.841 205.032 319.253 -18.309 189.165 170.011 -24.993 268.172 483.470 -14.756 25.274 205.438 -24.331 380.892 477.105 -19.566 280.843 66.331 -14.734 382.985 316.481 -22.173 81.725 351.520 -20.223 328.014 62.623 -17.201 222.216 25.515 -12.780 278.582 304.836 -18.928 191.074 170.605 -24.009 466.300 264.085 -23.779 59.965 426.874 -20.482 411.439 260.831 -24.318 178.774 146.203 -23.776 313.686 392.467 -14.743 324.450 482.274 -16.672 239.144 359.286 -16.678 188.256 187.913 -22.792 297.451 263.765 -19.771 117.183 352.691 -19.271 127.244 469.736 -22.342 61.783 97.565 -28.242 112.026 127.539 -23.372 68.370 327.640 -20.934 132.812 128.789 -23.477 112.715 42.908 -21.484 212.366 262.865 -18.365 495.280 285.232 -20.692 3.488 127.428 -25.005 315.889 43.054 -16.872 19.123 451.888 -23.541 277.444 461.216 -13.854 428.630 80.398 -24.178 366.029 195.418 -23.574 458.749 305.122 -21.799 327.190 192.864 -23.157 493.681 350.822 -20.080 161.889 177.712 -22.300 183.664 208.329 -20.912 50.655 189.294 -22.101 488.314 214.144 -25.058 339.016 422.827 -15.741 381.272 191.384 -24.106 380.823 403.160 -21.375 498.427 408.901 -22.418 171.123 226.628 -19.514 483.681 430.509 -22.993 448.681 336.172 -22.577 139.471 272.989 -18.518 353.231 6.444 -19.363 38.595 410.418 -21.157 431.894 189.364 -25.370 311.021 41.271 -16.160 99.764 50.369 -24.359 465.438 374.043 -22.112 266.084 499.861 -14.628 468.549 414.043 -24.345 46.290 249.271 -21.623 87.249 439.948 -20.775 363.279 488.895 -18.980 64.777 115.751 -27.732 97.509 18.945 -22.696 479.799 199.519 -24.255 99.079 134.221 -24.474 440.704 353.316 -20.384 226.048 220.127 -22.508 327.598 415.772 -14.336 280.959 335.314 -19.899 305.179 256.689 -21.732 102.940 188.928 -23.257 245.015 100.799 -17.405 198.673 226.120 -21.143 230.314 384.720 -14.119 404.306 238.084 -24.333 406.746 401.984 -22.872 450.475 33.945 -23.609 369.358 176.676 -24.286 273.154 360.933 -17.088 345.448 365.152 -17.532 225.563 164.893 -25.355 307.899 464.476 -15.486 70.559 92.340 -27.577 372.384 237.383 -24.190 440.276 31.116 -24.109 118.160 71.264 -23.973 106.942 437.224 -20.416 31.855 71.648 -27.830 220.689 11.270 -14.160 439.025 1.749 -23.378 489.488 249.528 -23.822 325.694 157.757 -20.552 123.991 155.896 -23.678 135.770 85.849 -22.033 478.447 90.537 -26.959 254.500 200.850 -25.030 460.409 189.620 -25.076 71.002 30.390 -24.386 326.383 488.221 -17.636 476.951 187.194 -24.539 148.457 280.122 -19.066 465.451 31.000 -24.300 305.199 458.673 -15.801 179.176 201.973 -20.722 82.438 79.565 -27.519 438.563 437.082 -25.408 190.401 121.660 -21.682 181.837 276.380 -18.390 428.188 261.133 -23.816 136.090 353.866 -19.816 460.670 448.367 -24.576 431.228 444.357 -25.719 7.047 498.989 -25.028 417.662 291.687 -24.436 6.755 159.363 -24.564 359.643 250.398 -23.002 137.206 477.468 -21.547 445.890 353.427 -21.949 352.282 157.540 -20.483 8.118 56.957 -28.272 214.339 495.597 -14.043 376.456 0.571 -19.278 69.471 398.045 -20.207 102.504 75.415 -23.665 222.801 271.792 -18.006 342.789 274.353 -20.556 297.213 439.130 -15.621 49.476 365.344 -19.815 154.906 293.018 -18.984 499.899 486.444 -25.610 434.075 28.174 -21.378 45.715 348.103 -18.836 13.215 157.675 -24.102 342.006 346.798 -18.349 295.976 194.645 -21.968 493.189 8.358 -25.613 428.595 347.632 -21.334 95.182 325.751 -21.156 9.725 324.149 -22.572 307.543 159.226 -19.791 313.568 380.802 -17.114 455.156 35.975 -24.482 432.012 352.095 -20.922 351.464 473.354 -17.793 79.082 238.505 -21.782 79.396 149.745 -23.075 351.158 108.528 -17.905 26.420 297.979 -19.779 172.923 146.439 -24.644 180.348 282.111 -18.454 147.072 50.192 -21.418 379.436 470.340 -18.362 472.131 487.415 -26.135 334.726 288.155 -20.711 435.658 41.378 -22.726 122.954 401.119 -18.394 409.467 299.089 -23.904 99.553 384.159 -19.077 191.029 228.040 -21.005 411.183 116.127 -22.922 12.697 390.552 -21.629 132.641 304.085 -20.821 401.774 438.509 -21.333 263.340 481.781 -13.720 145.537 183.918 -22.651 411.234 225.350 -24.338 283.613 441.152 -16.039 403.722 471.741 -20.519 456.667 355.230 -22.370 224.756 440.204 -13.221 100.337 401.298 -18.524 108.637 31.732 -22.498 219.461 130.691 -22.555 235.633 307.979 -18.648 420.770 238.026 -25.505 407.029 36.305 -21.225 393.824 277.996 -25.181 7.235 328.517 -21.727 274.028 152.733 -21.846 461.342 218.790 -24.926 498.955 293.160 -21.398 332.232 340.958 -19.225 98.349 439.331 -19.735 245.007 271.944 -18.624 134.209 330.389 -18.533 257.601 238.812 -20.506 427.588 470.150 -21.623 130.145 499.706 -20.248 487.495 353.903 -19.681 364.850 367.724 -18.506 276.578 131.674 -17.854 354.988 493.394 -19.597 147.070 113.511 -24.087 101.240 17.624 -22.385 291.411 42.955 -15.935 442.423 66.715 -23.817 443.524 217.274 -25.676 214.743 429.077 -15.709 454.949 92.612 -25.760 323.970 308.536 -19.785 258.545 438.388 -14.300 300.097 6.920 -15.012 439.401 317.436 -22.469 456.425 378.456 -22.791 161.767 81.249 -20.613 402.812 72.745 -21.403 229.724 300.424 -19.179 255.107 481.339 -13.534 349.400 80.206 -18.589 362.549 129.490 -19.320 188.218 5.718 -15.395 227.189 328.899 -18.097 350.731 72.562 -17.743 372.440 349.340 -20.320 66.484 46.525 -27.697 180.905 444.550 -18.269 420.073 49.956 -22.305 235.678 355.008 -16.865 43.455 133.361 -25.705 499.729 146.931 -24.957 491.438 138.443 -24.606 318.716 55.364 -17.547 43.588 60.481 -27.911 373.820 102.972 -19.518 151.739 275.577 -19.331 341.896 388.306 -16.896 228.630 243.978 -20.374 494.327 292.767 -21.235 450.311 270.708 -22.649 82.537 207.907 -21.700 181.005 47.988 -16.874 406.836 98.635 -23.329 273.412 139.976 -20.287 122.155 244.059 -20.183 3.469 43.929 -27.751 37.197 340.736 -20.701 163.126 420.152 -18.581 195.259 395.835 -16.761 384.284 426.214 -20.916 84.702 18.064 -24.974 407.482 256.994 -22.864 30.421 378.296 -20.591 410.025 103.194 -24.152 482.046 98.667 -27.525 182.506 81.175 -17.943 465.078 333.770 -21.972 166.323 206.960 -20.722 238.208 401.618 -15.018 320.599 85.438 -17.249 462.417 195.100 -24.978 308.700 0.147 -14.792 393.098 330.242 -21.429 26.457 302.729 -19.290 373.966 250.088 -22.493 263.524 495.074 -15.585 192.106 107.615 -19.924 136.553 109.036 -23.077 309.555 243.133 -20.569 91.208 408.760 -19.227 155.110 384.017 -16.417 436.582 207.095 -25.845 177.832 389.396 -15.738 322.411 202.165 -23.503 224.345 31.291 -13.753 343.753 459.158 -17.525 30.748 499.437 -24.911 114.386 296.942 -20.042 321.436 170.125 -20.834 141.044 269.435 -19.241 443.036 273.285 -23.097 233.255 98.816 -17.472 350.209 312.328 -19.216 367.384 187.947 -24.191 350.921 48.304 -20.274 426.759 233.143 -26.105 312.340 188.107 -21.596 18.018 270.123 -22.032 383.032 48.851 -19.499 477.908 66.480 -26.666 361.574 90.964 -18.747 468.764 63.701 -25.646 434.395 174.515 -24.694 43.519 268.254 -20.893 2.207 152.941 -25.282 197.411 221.034 -19.767 447.800 321.304 -21.364 396.099 463.294 -20.812 160.561 158.399 -22.830 54.429 133.871 -26.090 150.239 200.118 -22.275 474.366 243.260 -25.025 119.537 53.435 -23.251 33.820 68.811 -28.007 351.086 452.171 -18.556 140.972 61.603 -20.888 295.960 85.846 -14.991 344.219 139.582 -18.714 351.309 242.785 -22.657 494.156 462.355 -27.357 396.141 359.553 -21.056 145.575 444.680 -20.919 422.619 188.536 -24.299 391.207 349.100 -21.327 79.462 365.354 -19.771 156.069 297.727 -19.209 33.975 190.208 -22.008 271.036 85.966 -15.263 438.917 473.918 -23.428 242.598 257.515 -18.639 188.208 225.536 -20.327 37.932 475.394 -25.908 291.923 463.243 -16.565 181.151 132.717 -22.399 336.829 480.770 -16.907 20.082 389.633 -21.003 287.166 335.909 -19.691 24.651 134.249 -24.956 58.723 347.944 -20.196 195.405 367.001 -14.682 405.811 418.711 -22.741 262.498 66.788 -16.334 296.278 65.196 -16.767 193.341 432.373 -15.187 27.786 152.414 -24.991 257.015 77.751 -17.069 301.246 476.271 -15.617 327.950 305.704 -19.243 312.540 97.573 -16.370 285.506 343.206 -19.890 125.333 292.961 -19.534 388.923 274.892 -24.222 19.244 402.815 -20.499 326.758 220.309 -22.351 461.600 341.864 -21.477 8.927 285.887 -20.441 460.345 54.372 -24.634 143.807 220.436 -20.555 357.974 18.030 -19.364 379.198 201.334 -24.002 365.804 141.182 -20.498 210.892 422.152 -15.714 457.590 233.559 -24.724 478.066 139.197 -24.049 207.392 475.298 -13.545 256.208 176.034 -24.848 65.577 170.431 -23.610 420.085 318.956 -22.222 63.180 179.707 -22.748 422.282 139.876 -24.738 256.635 311.699 -18.094 215.223 258.842 -18.087 259.186 452.013 -13.885 83.005 5.553 -24.855 98.029 85.989 -25.691 363.375 143.997 -20.519 292.460 284.836 -19.071 396.147 415.454 -22.605 309.284 361.009 -16.846 353.530 153.362 -20.418 246.365 498.944 -14.868 381.446 358.687 -20.661 325.167 446.402 -15.422 235.135 70.472 -16.526 380.467 422.013 -20.695 104.297 291.241 -20.822 157.543 212.358 -21.381 416.836 372.556 -20.440 139.922 126.861 -22.757 146.530 331.924 -18.580 472.930 225.707 -25.474 2.563 272.630 -20.632 174.316 115.955 -20.645 243.713 128.192 -20.357 216.880 145.269 -24.273 109.106 335.391 -19.925 286.312 220.653 -21.338 236.340 434.291 -14.469 419.451 145.624 -22.299 342.964 41.946 -19.269 209.820 436.496 -14.845 467.501 479.824 -26.753 490.224 237.941 -24.819 1.112 323.379 -21.215 181.976 323.443 -17.664 0.313 329.566 -21.585 415.381 165.460 -23.392 454.359 105.359 -26.485 58.563 438.673 -22.007 57.824 156.944 -24.633 483.712 138.643 -23.656 295.695 268.827 -19.782 411.643 239.288 -24.289 305.713 336.464 -19.577 365.316 469.486 -19.126 226.071 392.764 -14.348 326.224 136.078 -18.480 134.143 359.363 -18.036 174.737 475.546 -17.788 70.982 414.958 -18.834 182.862 298.394 -17.784 183.547 342.685 -16.413 114.542 156.156 -22.975 401.144 206.919 -23.796 58.872 265.212 -21.202 276.819 347.498 -19.227 89.711 422.462 -19.652 304.087 482.096 -15.891 101.054 434.521 -19.613 430.617 208.370 -25.307 142.204 279.646 -19.187 115.617 310.841 -20.292 217.227 157.734 -25.266 357.098 85.312 -18.582 13.492 414.813 -21.759 98.825 244.160 -19.902 219.242 381.806 -15.197 61.468 11.835 -27.447 183.733 304.278 -18.154 467.531 432.093 -24.798 432.875 219.537 -26.117 41.969 178.544 -24.496 36.726 160.333 -26.124 347.037 0.561 -19.798 365.388 227.333 -24.061 358.255 488.659 -18.419 42.826 388.791 -19.397 64.637 311.612 -21.271 417.738 472.457 -21.594 327.514 293.868 -21.330 282.060 181.762 -22.824 442.658 95.568 -26.195 223.312 55.335 -14.975 6.910 371.494 -21.364 440.129 173.780 -24.277 219.936 259.828 -19.405 480.908 108.936 -27.206 210.084 5.331 -14.884 80.252 342.178 -20.479 413.402 414.506 -23.151 145.765 128.390 -23.747 475.973 329.696 -22.275 2.225 73.103 -27.158 276.083 186.728 -23.314 36.984 450.680 -22.477 117.129 12.871 -21.680 42.631 184.655 -23.989 130.799 98.117 -24.483 223.896 243.515 -20.131 211.592 327.931 -17.646 449.498 51.335 -24.403 9.302 6.274 -24.966 228.543 280.688 -18.345 410.568 420.098 -22.841 190.989 207.725 -20.900 358.112 420.500 -18.352 361.183 138.672 -19.370 312.954 199.654 -23.634 293.241 226.922 -22.346 292.784 495.069 -16.296 356.570 475.553 -17.353 58.919 226.004 -22.950 387.963 101.894 -21.042 359.616 79.915 -18.363 12.871 207.482 -23.919 352.469 499.978 -19.638 17.210 5.263 -26.130 497.610 274.242 -20.918 280.228 359.844 -18.000 189.098 200.788 -21.259 148.473 168.547 -21.969 466.265 396.267 -24.151 207.466 287.856 -16.711 134.475 488.133 -21.089 383.234 461.348 -19.092 97.619 346.661 -19.445 137.271 450.654 -21.153 293.512 248.993 -21.179 27.662 6.817 -25.584 307.385 278.552 -20.565 332.966 127.410 -17.721 184.762 281.636 -18.915 142.524 110.459 -24.012 165.468 407.575 -17.838 172.794 85.369 -18.682 18.169 61.809 -27.918 495.358 60.916 -27.276 432.847 169.034 -23.951 7.248 217.677 -24.462 389.299 475.069 -19.370 199.056 72.928 -15.961 436.239 77.744 -24.955 244.867 310.939 -19.379 178.698 61.462 -17.561 249.246 91.986 -17.662 50.759 310.741 -19.069 294.542 349.833 -17.586 74.546 340.330 -20.279 247.105 206.241 -26.049 240.416 395.014 -14.382 111.142 144.729 -23.796 442.139 494.353 -22.691 372.410 54.941 -19.404 213.089 336.227 -17.888 30.991 427.068 -21.771 488.280 102.848 -26.513 450.544 209.572 -24.773 466.332 189.994 -25.522 215.747 282.816 -17.033 227.551 305.102 -17.670 78.230 257.866 -19.643 379.678 247.457 -24.814 125.108 493.526 -21.442 150.227 442.494 -20.277 379.402 260.596 -24.484 458.968 463.999 -25.402 202.525 469.696 -14.590 133.209 165.357 -23.865 352.645 66.206 -18.854 429.838 30.656 -21.693 184.542 429.352 -16.702 164.811 438.540 -19.155 112.710 251.092 -19.750 481.838 377.853 -20.852 231.671 65.997 -15.852 194.670 237.947 -20.887 187.600 368.654 -15.158 118.623 160.061 -22.581 390.069 378.411 -20.201 9.944 406.011 -20.855 20.186 208.131 -24.844 16.689 422.035 -21.022 491.209 227.377 -25.526 408.764 327.536 -20.912 393.023 323.236 -22.072 203.388 255.153 -19.670 452.432 195.739 -25.024 66.964 109.585 -25.652 426.781 120.846 -24.675 346.322 191.574 -23.260 2.415 200.333 -23.915 368.116 101.843 -18.859 49.397 230.226 -22.718 393.499 312.267 -22.302 495.307 493.279 -26.277 344.984 215.510 -23.231 288.029 151.052 -20.945 107.990 48.327 -22.854 476.849 209.593 -26.433 0.924 395.298 -23.144 301.645 377.812 -16.219 33.268 231.666 -23.384 138.328 122.034 -23.501 493.338 391.266 -22.016 14.786 127.887 -25.886 420.719 4.283 -20.417 6.619 25.558 -25.746 45.586 386.241 -20.150 420.207 391.327 -21.844 475.743 401.480 -23.386 440.424 263.302 -24.131 34.807 348.038 -19.696 50.881 450.888 -23.011 9.855 152.855 -25.085 81.302 194.051 -21.627 337.605 440.817 -16.601 156.741 80.770 -19.239 499.266 354.499 -19.203 317.087 425.321 -13.916 238.229 31.059 -14.140 483.508 89.157 -26.828 234.084 391.683 -15.361 52.266 469.398 -23.161 85.453 172.225 -22.502 128.247 414.474 -19.318 264.110 299.100 -18.529 298.407 445.388 -16.684 369.377 366.832 -19.654 453.764 226.637 -23.329 128.670 110.566 -23.228 332.420 386.392 -15.239 257.121 348.649 -17.844 8.457 67.808 -27.852 499.407 60.544 -26.546 257.303 166.559 -24.297 289.320 293.221 -18.205 429.135 189.002 -24.513 330.588 55.280 -17.492 135.276 12.526 -20.593 339.390 61.484 -19.114 241.180 439.211 -14.106 382.627 160.231 -21.622 470.406 261.828 -23.285 87.766 43.422 -24.317 466.204 56.457 -26.175 142.521 262.435 -18.932 304.867 91.728 -16.993 107.522 284.680 -21.003 153.971 166.304 -22.304 150.220 143.711 -23.789 195.888 341.082 -17.166 115.402 300.796 -20.654 205.031 114.884 -19.708 249.308 275.490 -19.403 373.782 381.616 -19.643 312.310 427.647 -14.625 411.088 338.416 -21.852 375.185 348.922 -21.828 473.992 4.609 -25.843 183.103 43.494 -16.060 486.689 102.298 -27.090 30.781 245.350 -23.643 189.409 357.629 -15.925 434.455 486.922 -21.968 450.092 251.844 -23.625 494.082 11.500 -25.896 120.171 397.146 -18.021 2.126 147.581 -25.284 117.695 340.401 -20.625 95.976 312.638 -21.143 307.964 28.545 -15.301 35.169 335.250 -20.367 79.055 268.246 -19.742 22.236 35.597 -27.670 418.221 136.905 -23.473 494.228 170.991 -23.806 499.839 127.569 -25.191 108.391 395.283 -18.594 421.673 298.948 -22.258 191.414 438.310 -16.352 50.747 220.510 -22.591 121.115 185.617 -21.294 88.901 431.820 -21.050 74.504 37.597 -25.677 188.810 67.542 -15.904 378.570 353.886 -21.371 225.927 42.011 -13.688 162.197 248.819 -19.450 116.789 327.971 -20.228 222.835 499.915 -13.310 230.282 29.544 -14.292 290.220 268.574 -18.866 439.046 278.730 -22.604 312.680 463.250 -16.240 77.399 86.245 -26.951 382.835 390.541 -19.034 198.549 259.403 -19.358 238.973 166.544 -26.621 228.361 183.148 -26.190 297.883 431.471 -15.567 206.747 249.617 -19.321 135.872 49.048 -22.438 52.129 463.455 -22.668 478.848 458.807 -26.634 281.371 201.866 -23.301 345.430 152.884 -20.998 249.379 200.652 -27.675 278.739 315.799 -19.098 279.657 364.972 -17.164 148.416 86.844 -19.953 215.682 489.948 -15.265 285.310 134.182 -19.871 252.384 156.228 -24.257 72.870 147.164 -24.461 479.512 78.734 -26.595 291.116 365.403 -16.809 469.790 180.559 -24.307 290.589 279.763 -19.395 231.242 146.088 -24.023 289.979 36.654 -15.020 282.459 267.238 -18.099 255.172 109.406 -17.933 317.980 381.364 -16.544 384.330 235.108 -23.994 156.826 74.634 -19.449 340.144 167.884 -21.642 241.800 388.009 -14.806 296.216 13.420 -15.982 60.740 140.971 -24.544 21.154 115.250 -26.287 270.614 208.071 -22.396 428.450 5.749 -21.149 317.401 119.071 -18.196 382.166 349.336 -21.458 1.960 299.658 -21.323 441.828 102.801 -25.709 390.725 227.382 -23.765 219.155 19.357 -14.002 188.232 409.367 -16.616 118.280 268.009 -19.662 215.493 133.889 -23.920 444.056 112.328 -25.880 59.712 239.798 -21.700 420.499 73.376 -23.605 422.852 444.279 -25.438 70.939 127.896 -26.180 112.562 354.605 -19.638 103.458 239.178 -19.756 111.526 207.070 -21.492 46.281 287.400 -20.350 39.036 115.269 -26.844 251.309 365.720 -16.889 6.353 182.728 -22.563 223.200 79.572 -15.636 185.120 87.679 -18.792 175.193 262.221 -19.213 8.915 432.553 -22.499 153.553 151.275 -22.118 343.163 115.895 -18.027 88.785 5.065 -23.730 229.419 215.551 -22.655 34.388 162.097 -25.034 129.102 220.553 -20.375 289.107 73.839 -15.511 66.183 405.375 -19.411 382.487 267.334 -24.543 297.040 340.938 -18.742 343.317 486.257 -17.861 452.829 275.874 -22.510 311.233 79.099 -16.387 302.975 158.468 -21.450 165.229 214.939 -20.715 331.173 468.148 -17.636 345.329 159.216 -20.679 400.342 304.686 -22.717 250.985 4.575 -14.759 463.444 391.300 -23.969 396.381 498.626 -19.613 22.732 433.059 -22.591 462.309 402.694 -23.575 75.428 308.433 -21.243 118.498 78.626 -23.295 271.108 24.379 -13.183 118.625 499.033 -20.425 149.078 322.380 -18.544 334.726 370.422 -16.482 385.916 211.435 -24.090 289.633 324.072 -19.444 390.589 128.035 -20.938 152.730 158.926 -22.633 498.807 47.811 -27.117 476.652 218.219 -24.863 301.128 57.899 -17.020 332.062 231.364 -21.751 497.567 323.899 -22.486 389.471 336.843 -21.097 173.465 378.203 -14.527 361.815 176.294 -24.024 441.679 200.446 -25.761 32.170 329.446 -20.696 327.675 409.814 -13.967 236.416 94.848 -16.855 173.695 402.232 -17.067 465.465 407.295 -24.893 93.471 150.002 -24.473 123.211 267.108 -19.948 380.993 35.696 -20.986 229.293 498.640 -15.281 400.827 389.901 -20.288 99.276 253.675 -20.889 92.488 96.448 -25.722 470.148 158.698 -24.119 139.208 202.705 -22.732 147.547 60.038 -21.076 335.902 215.799 -23.964 141.056 323.603 -19.176 360.380 337.704 -19.842 194.633 115.577 -20.712 132.602 56.367 -21.791 91.347 287.309 -21.201 248.209 0.760 -15.637 435.592 396.187 -22.970 389.764 450.851 -20.389 151.690 243.288 -18.813 324.018 292.311 -20.642 489.663 313.443 -23.324 429.575 458.469 -22.853 473.146 126.906 -24.113 305.357 414.401 -14.758 436.838 108.803 -25.600 73.592 160.514 -24.404 257.171 261.325 -18.452 194.822 126.766 -22.509 62.572 282.764 -21.193 99.997 450.673 -21.260 389.927 31.356 -20.333 409.163 58.436 -20.983 181.974 190.669 -21.829 299.589 191.474 -20.700 280.715 226.175 -21.578 460.361 357.822 -21.315 253.273 463.154 -13.360 233.958 18.882 -13.885 69.381 432.395 -21.926 105.843 128.792 -23.450 104.077 133.882 -23.533 201.892 458.243 -14.766 141.951 83.427 -20.568 45.819 144.941 -24.859 415.756 89.733 -23.910 451.954 297.666 -20.825 206.834 90.491 -16.337 57.043 50.713 -26.161 98.519 231.826 -19.806 46.336 139.191 -25.959 475.459 488.326 -26.086 470.506 378.147 -21.566 144.163 276.326 -18.336 30.035 294.592 -19.847 105.130 194.550 -21.986 127.300 37.268 -21.197 492.352 24.494 -26.354 256.903 324.320 -19.469 289.008 468.359 -15.902 323.812 128.920 -17.468 11.878 451.425 -23.451 346.635 35.850 -20.314 346.008 139.538 -18.377 394.787 438.796 -21.426 311.296 311.351 -19.499 69.219 132.891 -25.049 404.002 52.469 -20.882 434.239 349.646 -20.105 76.354 335.068 -19.628 242.801 266.152 -19.292 5.776 165.249 -24.166 93.338 102.484 -24.884 291.687 379.512 -15.879 246.792 475.359 -14.137 348.281 164.060 -22.047 192.042 62.180 -15.541 133.352 231.850 -20.626 135.534 435.337 -20.143 365.753 152.707 -20.791 158.908 189.298 -22.480 43.031 194.353 -23.186 270.991 10.940 -13.385 242.012 359.467 -16.420 444.917 415.393 -24.903 123.941 302.851 -20.419 400.810 169.897 -22.345 7.852 286.635 -20.362 201.421 127.553 -22.866 9.345 6.231 -24.944 39.902 43.490 -27.442 199.858 92.413 -17.633 347.318 410.459 -16.536 293.978 238.126 -21.433 434.610 372.515 -21.270 488.012 438.214 -23.188 355.378 346.569 -19.072 331.848 212.329 -24.247 321.828 191.588 -24.250 319.808 188.399 -23.148 330.101 238.166 -21.664 339.619 220.243 -22.825 183.437 343.574 -17.002 332.338 184.662 -22.349 338.882 171.249 -23.426 329.883 202.109 -23.975 215.758 328.199 -18.182 216.409 389.878 -15.722 364.639 161.975 -20.975 357.649 193.694 -24.177 365.271 188.509 -24.556 195.089 363.884 -15.341 360.354 187.364 -22.643 350.431 204.234 -24.086 351.763 201.644 -23.159 391.037 193.481 -24.211 200.649 353.457 -16.649 364.742 190.871 -24.051 354.002 225.330 -24.110 341.258 238.056 -22.196 175.556 363.780 -16.292 354.055 217.025 -24.652 335.512 234.486 -21.746 377.183 197.783 -25.041 348.696 206.357 -23.881 325.751 202.058 -24.086 205.463 341.377 -18.705 202.178 355.276 -16.309 359.388 237.573 -23.251 326.507 193.057 -23.946 374.447 198.253 -24.438 351.827 196.559 -23.624 219.289 359.310 -16.765 347.793 193.070 -24.161 210.964 333.759 -19.372 333.554 190.896 -23.897 189.199 360.812 -15.705 371.309 183.093 -24.050 314.201 200.651 -23.841 326.987 220.181 -23.333 354.630 228.023 -23.144 319.224 202.439 -22.834 371.635 238.722 -23.932 355.411 200.783 -23.882 375.931 198.225 -24.372 177.169 343.784 -16.193 228.148 337.555 -17.871 213.833 350.061 -16.894 349.162 203.477 -24.135 355.584 207.555 -23.853 366.919 202.401 -23.869 204.589 353.620 -16.984 198.797 366.586 -15.675 374.872 181.476 -23.935 227.744 350.573 -17.167 238.139 365.332 -15.998 341.050 163.044 -22.320 202.303 355.486 -16.372 373.715 221.721 -24.041 192.238 355.749 -15.712 200.069 371.188 -14.234 348.798 225.109 -23.895 179.912 354.587 -15.808 374.486 229.912 -23.068 317.532 199.639 -24.020 372.313 214.290 -24.260 373.915 203.346 -24.660 190.669 361.547 -15.663 349.908 205.407 -23.715 336.248 176.874 -23.088 331.378 165.385 -20.719 347.704 210.118 -23.303 219.978 340.029 -17.824 369.865 188.468 -24.070 356.327 207.635 -23.241 330.566 184.239 -23.222 202.579 350.495 -17.133 327.699 203.479 -23.947 211.228 329.947 -18.553 336.059 162.251 -20.332 325.291 185.512 -22.777 343.296 218.901 -23.089 343.370 244.617 -21.166 368.201 208.338 -24.223 198.264 353.250 -16.754 351.460 199.087 -24.229 242.547 341.526 -19.207 166.516 365.724 -14.698 381.003 206.069 -23.708 350.653 207.868 -23.033 178.953 376.809 -15.230 338.676 218.546 -23.095 372.974 186.532 -24.205 361.570 207.502 -23.827 192.855 352.827 -16.649 344.627 174.425 -21.847 346.933 192.723 -24.022 355.529 189.349 -24.066 315.746 205.355 -22.985 202.607 352.017 -16.212 197.802 347.144 -17.408 347.876 215.199 -22.890 379.898 229.518 -24.567 372.910 183.368 -24.218 369.870 216.304 -24.658 195.419 355.710 -17.199 373.185 184.894 -24.702 359.261 203.604 -24.245 357.245 219.954 -23.425 352.442 176.278 -21.955 351.540 202.421 -23.923 205.900 318.465 -17.375 321.261 188.264 -22.492 198.839 333.669 -18.233 338.377 177.962 -22.265 186.542 326.735 -16.954 349.847 215.319 -23.377 184.126 357.029 -15.654 354.831 185.782 -22.222 225.713 375.325 -14.865 197.803 350.133 -17.504 333.164 226.407 -22.683 329.950 205.169 -23.911 323.500 231.107 -22.567 357.214 208.154 -23.041 321.484 181.761 -21.739 214.987 349.903 -18.044 219.550 349.631 -15.875 356.379 207.071 -23.690 360.762 181.645 -23.237 364.723 207.777 -24.242 313.958 205.825 -23.119 355.324 211.988 -23.745 338.431 209.252 -23.060 375.421 184.816 -24.145 215.316 315.617 -18.657 354.345 208.935 -23.946 369.936 190.873 -24.590 382.203 209.100 -24.461 324.538 220.138 -22.555 355.314 213.645 -24.201 334.159 175.012 -22.881 362.494 180.382 -23.872 324.694 181.682 -23.817 223.512 385.275 -15.230 351.983 201.080 -24.006 363.283 234.680 -23.733 195.314 366.558 -15.964 314.943 196.698 -21.961 175.942 345.681 -15.455 237.981 339.765 -18.450 355.994 195.676 -23.003 353.472 170.177 -22.186 335.396 234.383 -21.799 326.942 207.337 -24.032 355.130 205.540 -23.948 353.653 199.762 -23.058 220.808 363.520 -16.077 351.485 202.788 -23.932 169.222 344.254 -16.561 181.083 347.711 -15.203 384.355 187.453 -24.180 381.432 190.875 -24.390 352.128 222.839 -23.536 334.895 174.887 -21.627 238.010 365.796 -16.662 342.711 213.219 -23.102 351.935 203.070 -24.099 195.723 347.625 -17.241 377.126 208.555 -24.326 180.092 326.687 -17.039 364.600 213.588 -24.973 194.396 347.339 -17.534 178.529 382.011 -15.369 377.144 211.079 -24.034 203.534 351.478 -17.436 314.229 214.436 -22.749 328.571 200.019 -24.677 319.620 176.381 -21.586 359.544 178.915 -23.853 371.490 201.077 -24.909 356.188 215.228 -24.211 374.328 192.661 -24.086 209.978 365.784 -17.171 363.785 173.445 -22.493 206.307 348.581 -17.128 354.688 208.640 -24.429 186.033 329.200 -17.162 321.367 191.555 -22.097 353.941 193.764 -22.364 359.415 202.556 -23.658 205.946 354.054 -16.040 324.848 208.636 -24.229 374.219 191.026 -24.000 329.531 170.706 -21.442 363.535 169.117 -21.787 202.521 356.663 -16.533 207.599 353.204 -16.085 354.494 185.997 -22.525 374.225 191.173 -23.819 337.204 232.166 -23.279 320.138 227.806 -21.922 347.815 213.515 -22.853 357.675 210.329 -24.281 358.668 209.674 -24.407 371.290 207.876 -25.382 210.735 356.924 -17.063 313.764 221.171 -22.406 186.015 352.387 -16.230 205.925 355.887 -18.079 203.704 344.736 -16.207 207.141 349.917 -18.264 321.700 177.387 -22.519 337.897 216.489 -22.545 361.425 237.583 -22.388 201.516 351.161 -16.967 169.472 340.343 -17.782 193.538 349.893 -17.289 356.299 206.109 -23.783 194.822 346.744 -17.330 328.810 195.921 -23.095 347.813 212.299 -23.582 361.310 218.870 -23.682 197.214 328.356 -17.193 356.646 216.546 -24.081 358.908 185.999 -23.812 365.999 192.968 -24.147 357.125 237.182 -22.860 364.162 190.571 -24.102 210.391 334.329 -17.910 205.184 311.945 -17.493 201.931 343.333 -18.224 366.624 171.908 -23.670 200.049 344.616 -17.819 318.838 208.463 -24.058 360.705 165.544 -21.908 338.825 224.972 -22.124 352.269 202.858 -24.605 195.711 353.134 -16.878 232.204 380.695 -14.790 383.045 202.726 -24.589 322.135 211.985 -23.740 210.878 362.895 -16.624 344.473 216.935 -23.406 361.354 207.815 -24.476 393.198 203.557 -26.207 333.386 205.996 -23.038 206.408 354.005 -16.395 351.784 180.036 -21.958 360.544 172.508 -22.254 170.737 353.534 -15.444 210.921 350.734 -17.468 201.147 313.132 -17.652 214.249 341.806 -17.277 365.937 219.912 -23.851 358.136 191.737 -23.197 383.844 187.898 -24.736 324.855 206.326 -24.577 313.735 208.366 -23.334 345.335 195.764 -23.034 369.558 208.233 -23.789 323.991 208.469 -23.576 354.900 195.612 -23.148 375.507 217.925 -23.777 369.029 210.036 -24.084 226.472 347.427 -16.873 324.032 214.061 -23.771 348.586 225.860 -23.855 212.278 387.214 -14.845 223.497 324.931 -18.649 200.427 353.464 -15.790 343.087 216.804 -23.462 192.214 331.758 -16.851 381.097 192.203 -23.560 199.484 350.406 -16.763 357.277 207.974 -23.768 349.578 214.858 -23.614 197.665 347.761 -17.247 352.801 206.618 -24.257 206.165 357.016 -16.465 176.147 328.966 -17.790 368.429 221.727 -24.434 371.759 211.328 -24.335 334.988 208.888 -23.071 200.642 329.141 -18.266 360.379 213.433 -24.234 326.747 202.103 -22.971 389.924 214.797 -25.289 356.992 186.774 -23.379 359.976 206.053 -24.547 323.552 213.710 -23.677 360.052 188.740 -23.305 348.930 218.195 -23.692 212.208 348.489 -17.489 363.704 194.268 -23.510 209.950 383.172 -14.481 214.045 355.800 -16.228 187.666 360.313 -15.987 343.371 228.562 -22.192 360.894 188.328 -23.813 362.790 206.291 -24.080 173.376 346.095 -16.890 240.432 346.766 -16.549 212.195 332.329 -18.106 330.069 188.300 -23.232 319.572 194.915 -23.268 232.168 356.467 -15.289 360.624 198.826 -24.105 190.952 385.450 -15.660 206.229 370.708 -15.165 214.427 350.145 -18.121 202.653 340.879 -17.767 363.299 177.298 -23.708 332.227 173.803 -22.240 202.762 378.084 -14.439 349.620 217.039 -22.965 204.981 352.468 -16.221 196.418 347.306 -16.885 203.018 371.931 -15.348 365.960 213.145 -23.070 361.136 210.575 -23.965 369.806 211.354 -24.746 362.122 210.270 -24.211 308.043 199.700 -23.053 339.489 177.067 -22.729 319.159 217.161 -22.996 189.430 324.957 -18.138 184.788 364.569 -16.184 358.888 208.554 -23.392 237.741 369.918 -14.664 389.813 205.070 -26.006 226.435 361.552 -15.647 357.509 204.821 -23.938 208.173 355.036 -17.249 362.504 220.659 -23.577 354.766 193.194 -22.777 318.190 207.457 -24.213 358.133 247.485 -21.958 378.889 178.090 -23.521 356.770 185.920 -23.546 219.840 350.975 -15.896 344.951 170.943 -22.113 212.958 356.384 -16.273 325.532 217.915 -23.316 352.280 194.212 -23.447 202.991 355.629 -15.721 328.960 189.341 -23.041 324.590 214.335 -24.216 346.239 209.894 -24.173 368.567 203.993 -23.868 377.952 232.654 -24.573 351.737 207.674 -22.761 221.163 317.795 -18.180 224.719 361.447 -15.811 351.401 246.449 -23.315 233.921 376.020 -15.088 218.005 347.899 -17.095 374.084 207.807 -24.801 342.631 235.128 -22.240 202.399 316.040 -18.022 209.351 358.358 -16.898 369.567 176.480 -23.736 348.481 205.330 -24.302 188.445 351.944 -16.191 351.927 213.639 -23.162 326.722 209.778 -23.735 372.851 207.486 -24.441 181.555 341.366 -16.825 332.569 183.556 -23.090 213.944 352.181 -17.165 363.853 217.562 -24.697 356.015 207.069 -23.821 232.927 374.582 -15.687 336.310 237.906 -23.262 202.823 373.413 -15.588 339.036 219.462 -23.766 356.096 207.365 -24.553 345.142 208.337 -22.480 202.575 364.404 -15.706 203.408 359.562 -16.037 233.770 348.581 -16.100 202.037 354.791 -16.618 204.983 353.344 -16.808 347.800 209.177 -22.743 204.282 346.635 -18.254 354.422 211.333 -23.398 355.254 233.704 -23.054 343.966 211.266 -23.906 187.340 353.546 -15.850 328.748 201.398 -24.069 346.839 205.133 -23.733 332.820 236.802 -21.102 355.947 228.236 -22.860 355.319 213.748 -23.988 354.512 212.301 -23.519 215.781 366.864 -16.538 379.843 202.306 -25.070 220.353 339.150 -17.666 233.141 364.470 -15.690 322.189 206.072 -24.383 205.495 352.253 -18.418 313.318 216.628 -24.463 313.824 192.282 -23.517 356.398 199.994 -24.621 184.036 322.771 -17.925 218.045 349.799 -17.518 377.403 205.687 -24.623 346.943 215.998 -23.439 327.155 191.288 -23.573 343.042 226.870 -23.041 336.579 210.206 -23.362 319.140 203.087 -23.198 223.237 322.313 -17.314 193.111 349.955 -16.405 379.003 177.577 -23.369 371.762 84.860 -18.503 351.150 341.355 -19.351 24.160 340.588 -20.298 227.306 133.394 -21.790 355.753 409.243 -19.195 476.791 152.168 -24.347 242.533 62.815 -16.324 165.097 183.111 -23.029 498.695 426.693 -21.768 115.071 396.776 -17.769 279.292 31.220 -14.254 33.832 276.210 -20.965 297.100 461.695 -15.621 130.631 307.943 -19.910 165.494 168.963 -23.222 171.022 141.601 -24.427 363.760 440.697 -19.132 290.669 243.359 -20.750 473.115 420.469 -24.573 241.198 182.747 -26.470 458.758 286.026 -21.392 463.982 20.958 -25.524 497.063 262.768 -22.565 169.185 311.356 -16.980 354.447 394.507 -17.988 13.700 224.373 -24.333 6.317 51.291 -27.357 87.946 195.488 -21.057 399.488 261.210 -23.189 358.094 202.273 -24.417 64.309 408.932 -19.342 217.883 64.173 -14.755 83.400 159.029 -22.567 313.810 406.743 -14.671 270.104 170.728 -23.531 494.239 218.522 -23.293 337.980 428.212 -17.085 371.515 47.134 -19.687 63.756 384.587 -20.392 253.171 136.760 -20.060 4.898 145.433 -24.553 69.843 462.017 -22.233 150.089 383.041 -17.141 310.233 97.872 -17.038 363.433 150.709 -21.295 82.456 268.737 -21.141 415.215 0.601 -20.902 231.683 128.241 -21.190 13.273 482.938 -25.270 80.849 83.967 -26.364 465.755 322.929 -21.937 406.684 343.196 -21.351 114.069 479.852 -21.797 252.580 113.878 -17.603 194.738 164.025 -24.872 73.682 207.556 -22.199 307.877 85.315 -16.335 38.459 391.141 -19.891 146.377 369.542 -17.224 292.924 262.535 -19.378 379.491 177.549 -23.149 453.289 251.012 -23.143 367.157 493.777 -19.814 54.561 341.747 -20.073 412.548 121.378 -23.139 108.254 140.407 -24.116 416.064 418.239 -23.178 71.506 480.210 -23.594 2.721 140.951 -24.407 436.125 309.703 -22.835 240.975 463.876 -14.876 445.928 311.268 -21.443 339.005 12.371 -18.905 431.585 2.195 -22.102 24.757 182.048 -23.514 274.947 177.992 -22.908 358.845 389.127 -18.920 259.304 365.350 -17.798 184.616 241.670 -19.315 481.604 255.704 -23.982 406.002 73.963 -21.499 2.575 358.390 -20.100 67.028 218.591 -22.288 179.102 170.474 -25.040 465.985 348.242 -21.018 272.922 354.226 -17.143 268.755 194.991 -24.775 474.323 462.095 -26.926 50.105 489.586 -23.901 388.830 293.104 -24.262 242.103 470.183 -15.891 446.566 30.397 -23.548 11.473 91.573 -25.349 414.205 156.846 -23.302 185.931 194.174 -23.383 343.346 80.063 -17.721 83.891 329.794 -21.576 483.941 383.956 -22.038 394.055 493.046 -19.250 231.271 134.813 -22.529 191.863 243.033 -20.880 14.247 187.605 -23.071 380.365 141.444 -19.980 76.331 152.423 -23.859 311.331 248.939 -21.705 205.644 352.348 -15.929 294.872 444.170 -15.420 72.064 274.028 -20.800 418.580 36.634 -22.257 13.076 498.733 -24.277 218.810 394.304 -15.281 335.470 101.427 -17.908 325.784 386.033 -16.028 266.274 426.337 -13.901 356.694 305.054 -20.707 417.017 299.177 -22.315 322.669 383.770 -15.419 61.244 277.747 -20.223 17.602 499.114 -25.286 490.167 262.658 -23.294 25.101 12.145 -27.486 37.381 208.422 -23.812 245.107 172.295 -25.485 450.818 87.913 -26.958 460.346 226.351 -24.572 1.106 281.618 -20.849 292.315 53.418 -16.573 155.673 98.589 -21.011 484.121 281.192 -22.144 76.571 18.437 -25.588 374.705 393.663 -18.266 208.393 499.165 -14.069 150.333 16.190 -18.668 239.384 136.913 -21.153 481.027 305.971 -22.422 83.467 128.847 -25.561 443.093 61.396 -24.546 466.621 420.390 -24.513 209.243 317.751 -17.879 254.353 220.088 -22.503 434.960 334.927 -21.125 351.312 498.886 -19.378 3.913 480.835 -26.209 410.523 495.600 -19.576 404.960 175.236 -23.694 439.114 131.231 -24.608 36.221 98.227 -26.806 216.402 293.097 -17.884 43.890 498.048 -25.045 144.310 347.844 -17.791 379.769 432.217 -20.698 275.358 86.594 -15.316 446.192 79.605 -25.943 155.680 303.509 -19.084 139.144 482.310 -21.082 89.709 396.504 -19.514 267.295 407.274 -13.558 6.464 1.076 -24.774 395.981 299.383 -22.725 55.223 208.277 -21.550 464.156 108.884 -27.249 124.057 464.578 -21.093 1.805 268.756 -21.195 254.775 0.396 -15.260 348.011 340.906 -17.751 101.542 481.147 -22.185 299.387 225.461 -22.189 299.516 384.734 -15.248 121.047 5.493 -20.711 307.084 379.627 -16.671 346.479 108.573 -17.798 176.681 239.471 -19.805 252.516 88.186 -17.090 435.275 225.121 -24.999 87.080 364.431 -19.200 42.422 325.211 -19.894 56.099 371.440 -20.575 118.572 416.097 -19.354 1.516 54.901 -27.236 328.824 238.867 -21.349 223.738 370.626 -15.419 398.645 250.622 -23.221 219.814 423.929 -16.745 439.731 157.184 -23.540
</DataArray>
</Points>
<PointData>
<DataArray type="Int32" Name="region" format="ascii">
0 0 0 0 0 0 0 0 0 0 0 0 0 0 0 0 0 0 0 0 0 0 0 0 0 0 0 0 0 0 0 0 0 0 0 0 0 0 0 0 0 0 0 0 0 0 0 0 0 0 0 0 0 0 0 0 0 0 0 0 0 0 0 0 0 0 0 0 0 0 0 0 0 0 0 0 0 0 0 0 0 0 0 0 0 0 0 0 0 0 0 0 0 0 0 0 0 0 0 0 0 0 0 0 0 0 0 0 0 0 0 0 0 0 0 0 0 0 0 0 0 0 0 0 0 0 0 0 0 0 0 0 0 0 0 0 0 0 0 0 0 0 0 0 0 0 0 0 0 0 0 0 0 0 0 0 0 0 0 0 0 0 0 0 0 0 0 0 0 0 0 0 0 0 0 0 0 0 0 0 0 0 0 0 0 0 0 0 0 0 0 0 0 0 0 0 0 0 0 0 0 0 0 0 0 0 0 0 0 0 0 0 0 0 0 0 0 0 0 0 0 0 0 0 0 0 0 0 0 0 0 0 0 0 0 0 0 0 0 0 0 0 0 0 0 0 0 0 0 0 0 0 0 0 0 0 0 0 0 0 0 0 0 0 0 0 0 0 0 0 0 0 0 0 0 0 0 0 0 0 0 0 0 0 0 0 0 0 0 0 0 0 0 0 0 0 0 0 0 0 0 0 0 0 0 0 0 0 0 0 0 0 0 0 0 0 0 0 0 0 0 0 0 0 0 0 0 0 0 0 0 0 0 0 0 0 0 0 0 0 0 0 0 0 0 0 0 0 0 0 0 0 0 0 0 0 0 0 0 0 0 0 0 0 0 0 0 0 0 0 0 0 0 0 0 0 0 0 0 0 0 0 0 0 0 0 0 0 0 0 0 0 0 0 0 0 0 0 0 0 0 0 0 0 0 0 0 0 0 0 0 0 0 0 0 0 0 0 0 0 0 0 0 0 0 0 0 0 0 0 0 0 0 0 0 0 0 0 0 0 0 0 0 0 0 0 0 0 0 0 0 0 0 0 0 0 0 0 0 0 0 0 0 0 0 0 0 0 0 0 0 0 0 0 0 0 0 0 0 0 0 0 0 0 0 0 0 0 0 0 0 0 0 0 0 0 0 0 0 0 0 0 0 0 0 0 0 0 0 0 0 0 0 0 0 0 0 0 0 0 0 0 0 0 0 0 0 0 0 0 0 0 0 0 0 0 0 0 0 0 0 0 0 0 0 0 0 0 0 0 0 0 0 0 0 0 0 0 0 0 0 0 0 0 0 0 0 0 0 0 0 0 0 0 0 0 0 0 0 0 0 0 0 0 0 0 0 0 0 0 0 0 0 0 0 0 0 0 0 0 0 0 0 0 0 0 0 0 0 0 0 0 0 0 0 0 0 0 0 0 0 0 0 0 0 0 0 0 0 0 0 0 0 0 0 0 0 0 0 0 0 0 0 0 0 0 0 0 0 0 0 0 0 0 0 0 0 0 0 0 0 0 0 0 0 0 0 0 0 0 0 0 0 0 0 0 0 0 0 0 0 0 0 0 0 0 0 0 0 0 0 0 0 0 0 0 0 0 0 0 0 0 0 0 0 0 0 0 0 0 0 0 0 0 0 0 0 0 0 0 0 0 0 0 0 0 0 0 0 0 0 0 0 0 0 0 0 0 0 0 0 0 0 0 0 0 0 0 0 0 0 0 0 0 0 0 0 0 0 0 0 0 0 0 0 0 0 0 0 0 0 0 0 0 0 0 0 0 0 0 0 0 0 0 0 0 0 0 0 0 0 0 0 0 0 0 0 0 0 0 0 0 0 0 0 0 0 0 0 0 0 0 0 0 0 0 0 0 0 0 0 0 0 0 0 0 0 0 0 0 0 0 0 0 0 0 0 0 0 0 0 0 0 0 0 0 0 0 0 0 0 0 0 0 0 0 0 0 0 0 0 0 0 0 0 0 0 0 0 0 0 0 0 0 0 0 0 0 0 0 0 0 0 0 0 0 0 0 0 0 0 0 0 0 0 0 0 0 0 0 0 0 0 0 0 0 0 0 0 0 0 0 0 0 0 0 0 0 0 0 0 0 0 0 0 0 0 0 0 0 0 0 0 0 0 0 0 0 0 0 0 0 0 0 0 0 0 0 0 0 0 0 0 0 0 0 0 0 0 0 0 0 0 0 0 0 0 0 0 0 0 0 0 0 0 0 0 0 0 0 0 0 0 0 0 0 0 0 0 0 0 0 0 0 0 0 0 0 0 0 0 0 0 0 0 0 0 0 0 0 0 0 0 0 0 0 0 0 0 0 0 0 0 0 0 0 0 0 0 0 0 0 0 0 0 0 0 0 0 0 0 0 0 0 0 0 0 0 0 0 0 0 0 0 0 0 0 0 0 0 0 0 0 0 0 0 0 0 0 0 0 0 0 0 0 0 0 0 0 0 0 0 0 0 0 0 0 0 0 0 0 0 0 0 0 0 0 0 0 0 0 0 0 0 0 0 0 0 0 0 0 0 0 0 0 0 0 0 0 0 0 0 0 0 0 0 0 0 0 0 0 0 0 0 0 0 0 0 0 0 0 0 0 0 0 0 0 0 0 0 0 0 0 0 0 0 0 0 0 0 0 0 0 0 0 0 0 0 0 0 0 0 0 0 0 0 0 0 0 0 0 0 0 0 0 0 0 0 0 0 0 0 0 0 0 0 0 0 0 0 0 0 0 0 0 0 0 0 0 0 0 0 0 0 0 0 0 0 0 0 0 0 0 0 0 0 0 0 0 0 0 0 0 0 0 0 0 0 0 0 0 0 0 0 0 0 0 0 0 0 0 0 0 0 0 0 0 0 0 0 0 0 0 0 0 0 0 0 0 0 0 0 0 0 0 0 0 0 0 0 0 0 0 0 0 0 0 0 0 0 0 0 0 0 0 0 0 0 0 0 0 0 0 0 0 0 0 0 0 0 0 0 0 0 0 0 0 0 0 0 0 0 0 0 0 0 0 0 0 0 0 0 0 0 0 0 0 0 0 0 0 0 0 0 0 0 0 0 0 0 0 0 0 0 0 0 0 0 0 0 0 0 0 0 0 0 0 0 0 0 0 0 0 0 0 0 0 0 0 0 0 0 0 0 0 0 0 0 0 0 0 0 0 0 0 0 0 0 0 0 0 0 0 0 0 0 0 0 0 0 0 0 0 0 0 0 0 0 0 0 0 0 0 0 0 0 0 0 0 0 0 0 0 0 0 0 0 0 0 0 0 0 0 0 0 0 0 0 0 0 0 0 0 0 0 0 0 0 0 0 0 0 0 0 0 0 0 0 0 0 0 0 0 0 0 0 0 0 0 0 0 0 0 0 0 0 0 0 0 0 0 0 0 0 0 0 0 0 0 0 0 0 0 0 0 0 0 0 0 0 0 0 0 0 0 0 0 0 0 0 0 0 0 0 0 0 0 0 0 0 0 0 0 0 0 0 0 0 0 0 0 0 0 0 0 0 0 0 0 0 0 0 0 0 0 0 0 0 0 0 0 0 0 0 0 0 0 0 0 0 0 0 0 0 0 0 0 0 0 0 0 0 0 0 0 0 0 0 0 0 0 0 0 0 0 0 0 0 0 0 0 0 0 0 0 0 0 0 0 0 0 0 0 0 0 0 0 0 0 0 0 0 0 0 0 0 0 0 0 0 0 0 0 0 0 0 0 0 0 0 0 0 0 0 0 0 0 0 0 0 0 0 0 0 0 0 0 0 0 0 0 0 0 0 0 0 0 0 0 0 0 0 0 0 0 0 0 0 0 0 0 0 0 0 0 0 0 0 0 0 0 0 0 0 0 0 0 0 0 0 0 0 0 0 0 0 0 0 0 0 0 0 0 0 0 0 0 0 0 0 0 0 0 0 0 0 0 0 0 0 0 0 0 0 0 0 0 0 0 0 0 0 0 0 0 0 0 0 0 0 0 0 0 0 0 0 0 0 0 0 0 0 0 0 0 0 0 0 0 0 0 0 0 0 0 0 0 0 0 0 0 0 0 0 0 0 0 0 0 0 0 0 0 0 0 0 0 0 0 0 0 0 0 0 0 0 0 0 0 0 0 0 0 0 0 0 0 0 0 0 0 0 0 0 0 0 0 0 0 0 0 0 0 0 0 0 0 0 0 0 0 0 0 0 0 0 0 0 0 0 0 0 0 0 0 0 0 0 0 0 0 0 0 0 0 0 0 0 0 0 0 0 0 0 0 0 0 0 0 0 0 0 0 0 0 0 0 0 0 0 0 0 0 0 0 0 0 0 0 0 0 0 0 0 0 0 0 0 0 0 0 0 0 0 0 0 0 0 0 0 0 0 0 0 0 0 0 0 0 0 0 0 0 0 0 0 0 0 0 0 0 0 0 0 0 0 0 0 0 0 0 0 0 0 0 0 0 0 0 0 0 0 0 0 0 0 0 0 0 0 0 0 0 0 0 0 0 0 0 0 0 0 0 0 0 0 0 0 0 0 0 0 0 0 0 0 0 0 0 0 0 0 0 0 0 0 0 0 0 0 0 0 0 0 0 0 0 0 0 0 0 0 0 0 0 0 0 0 0 0 0 0 0 0 0 0 0 0 0 0 0 0 0 0 0 0 0 0 0 0 0 0 0 0 0 0 0 0 0 0 0 0 0 0 0 0 0 0 0 0 0 0 0 0 0 0 0 0 0 0 0 0 0 0 0 0 0 0 0 0 0 0 0 0 0 0 0 0 0 0 0 0 0 0 0 0 0 0 0 0 0 0 0 0 0 0 0 0 0 0 0 0 0 0 0 0 0 0 0 0 0 0 0 0 0 0 0 0 0 0 0 0 0 0 0 0 0 0 0 0 0 0 0 0 0 0 0 0 0 0 0 0 0 0 0 0 0 0 0 0 0 0 0 0 0 0 0 0 0 0 0 0 0 0 0 0 0 0 0 0 0 0 0 0 0 0 0 0 0 0 0 0 0 0 0 0 0 0 0 0 0 0 0 0 0 0 0 0 0 0 0 0 0 0 0 0 0 0 0 0 0 0 0 0 0 0 0 0 0 0 0 0 0 0 0 0 0 0 0 0 0 0 0 0 0 0 0 0 0 0 0 0 0 0 0 0 0 0 0 0 0 0 0 0 0 0 0 0 0 0 0 0 0 0 0 0 0 0 0 0 0 0 0 0 0 0 0 0 0 0 0 0 0 0 0 0 0 0 0 0 0 0 0 0 0 0 0 0 0 0 0 0 0 0 0 0 0 0 0 0 0 0 0 0 0 0 0 0 0 0 0 0 0 0 0 0 0 0 0 0 0 0 0 0 0 0 0 0 0 0 0 0 0 0 0 0 0 0 0 0 0 0 0 0 0 0 0 0 0 0 0 0 0 0 0 0 0 0 0 0 0 0 0 0 0 0 0 0 0 0 0 0 0 0 0 0 0 0 0 0 0 0 0 0 0 0 0 0 0 0 0 0 0 0 0 0 0 0 0 0 0 0 0 0 0 0 0 0 0 0 0 0 0 0 0 0 0 0 0 0 0 0 0 0 0 0 0 0 0 0 0 0 0 0 0 0 0 0 0 0 0 0 0 0 0 0 0 0 0 0 0 0 0 0 0 0 0 0 0 0 0 0 0 0 0 0 0 0 0 0 0 0 0 0 0 0 0 0 0 0 0 0 0 0 0 0 0 0 0 0 0 0 0 0 0 0 0 0 0 0 0 0 0 0 0 0 0 0 0 0 0 0 0 0 0 0 0 0 0 0 0 0 0 0 0 0 0 0 0 0 0 0 0 0 0 0 0 0 0 0 0 0 0 0 0 0 0 0 0 0 0 0 0 0 0 0 0 0 0 0 0 0 0 0 0 0 0 0 0 0 0 0 0 0 0 0 0 0 0 0 0 0 0 0 0 0 0 0 0 0 0 0 0 0 0 0 0 0 0 0 0 0 0 0 0 0 0 0 0 0 0 0 0 0 0 0 0 0 0 0 0 0 0 0 0 0 0 0 0 0 0 0 0 0 0 0 0 0 0 0 0 0 0 0 0 0 0 0 0 0 0 0 0 0 0 0 0 0 0 0 0 0 0 0 0 0 0 0 0 0 0 0 0 0 0 0 0 0 0 0 0 0 0 0 0 0 0 0 0 0 0 0 0 0 0 0 0 0 0 0 0 0 0 0 0 0 0 0 0 0 0 0 0 0 0 0 0 0 0 0 0 0 0 0 0 0 0 0 0 0 0 0 0 0 0 0 0 0 0 0 0 0 0 0 0 0 0 0 0 0 0 0 0 0 0 0 0 0 0 0 0 0 0 0 0 0 0 0 0 0 0 0 0 0 0 0 0 0 0 0 0 0 0 0 0 0 0 0 0 0 0 0 0 0 0 0 0 0 0 0 0 0 0 0 0 0 0 0 0 0 0 0 0 0 0 0 0 0 0 0 0 0 0 0 0 0 0 0 0 0 0 0 0 0 0 0 0 0 0 0 0 0 0 0 0 0 0 0 0 0 0 0 0 0 0 0 0 0 0 0 0 0 0 0 0 0 0 0 0 0 0 0 0 0 0 0 0 0 0 0 0 0 0 0 0 0 0 0 0 0 0 0 0 0 0 0 0 0 0 0 0 0 0 0 0 0 0 0 0 0 0 0 0 0 0 0 0 0 0 0 0 0 0 0 0 0 0 0 0 0 0 0 0 0 0 0 0 0 0 0 0 0 0 0 0 0 0 0 0 0 0 0 0 0 0 0 0 0 0 0 0 0 0 0 0 0 0 0 0 0 0 0 0 0 0 0 0 0 0 0 0 0 0 0 0 0 0 0 0 0 0 0 0 0 0 0 0 0 0 0 0 0 0 0 0 0 0 0 0 0 0 0 0 0 0 0 0 0 0 0 0 0 0 0 0 0 0 0 0 0 0 0 0 0 0 0 0 0 0 0 0 0 0 0 0 0 0 0 0 0 0 0 0 0 0 0 0 0 0 0 0 0 0 0 0 0 0 0 0 0 0 0 0 0 0 0 0 0 0 0 0 0 0 0 0 0 0 0 0 0 0 0 0 0 0 0 0 0 0 0 0 0 0 0 0 0 0 0 0 0 0 0 0 0 0 0 0 0 0 0 0 0 0 0 0 0 0 0 0 0 0 0 0 0 0 0 0 0 0 0 0 0 0 0 0 0 0 0 0 0 0 0 0 0 0 0 0 0 0 0 0 0 0 0 0 0 0 0 0 0 0 0 0 0 0 0 0 0 0 0 0 0 0 0 0 0 0 0 0 0 0 0 0 0 0 0 0 0 0 0 0 0 0 0 0 0 0 0 0 0 0 0 0 0 0 0 0 0 0 0 0 0 0 0 0 0 0 0 0 0 0 0 0 0 0 0 0 0 0 0 0 0 0 0 0 0 0 0 0 0 0 0 0 0 0 0 0 0 0 0 0 0 0 0 0 0 0 0 0 0 0 0 0 0 0 0 0 0 0 0 0 0 0 0 0 0 0 0 0 0 0 0 0 0 0 0 0 0 0 0 0 0 0 0 0 0 0 0 0 0 0 0 0 0 0 0 0 0 0 0 0 0 0 0 0 0 0 0 0 0 0 0 0 0 0 0 0 0 0 0 0 0 0 0 0 0 0 0 0 0 0 0 0 0 0 0 0 0 0 0 0 0 0 0 0 0 0 0 0 0 0 0 0 0 0 0 0 0 0 0 0 0 0 0 0 0 0 0 0 0 0 0 0 0 0 0 0 0 0 0 0 0 0 0 0 0 0 0 0 0 0 0 0 0 0 0 0 0 0 0 0 0 0 0 0 0 0 0 0 0 0 0 0 0 0 0 0 0 0 0 0 0 0 0 0 0 0 0 0 0 0 0 0 0 0 0 0 0 0 0 0 0 0 0 0 0 0 0 0 0 0 0 0 0 0 0 0 0 0 0 0 0 0 0 0 0 0 0 0 0 0 0 0 0 0 0 0 0 0 0 0 0 0 0 0 0 0 0 0 0 0 0 0 0 0 0 0 0 0 0 0 0 0 0 0 0 0 0 0 0 0 0 0 0 0 0 0 0 0 0 0 0 0 0 0 0 0 0 0 0 0 0 0 0 0 0 0 0 0 0 0 0 0 0 0 0 0 0 0 0 0 0 0 0 0 0 0 0 0 0 0 0 0 0 0 0 0 0 0 0 0 0 0 0 0 0 0 0 0 0 0 0 0 0 0 0 0 0 0 0 0 0 0 0 0 0 0 0 0 0 0 0 0 0 0 0 0 0 0 0 0 0 0 0 0 0 0 0 0 0 0 0 0 0 0 0 0 0 0 0 0 0 0 0 0 0 0 0 0 0 0 0 0 0 0 0 0 0 0 0 0 0 0 0 0 0 0 0 0 0 0 0 0 0 0 0 0 0 0 0 0 0 0 0 0 0 0 0 0 0 0 0 0 0 0 0 0 0 0 0 0 0 0 0 0 0 0 0 0 0 0 0 0 0 0 0 0 0 0 0 0 0 0 0 0 0 0 0 0 0 0 0 0 0 0 0 0 0 0 0 0 0 0 0 0 0 0 0 0 0 0 0 0 0 0 0 0 0 0 0 0 0 0 0 0 0 0 0 0 0 0 0 0 0 0 0 0 0 0 0 0 0 0 0 0 0 0 0 0 0 0 0 0 0 0 0 0 0 0 0 0 0 0 0 0 0 0 0 0 0 0 0 0 0 0 0 0 0 0 0 0 0 0 0 0 0 0 0 0 0 0 0 0 0 0 0 0 0 0 0 0 0 0 0 0 0 0 0 0 0 0 0 0 0 0 0 0 0 0 0 0 0 0 0 0 0 0 0 0 0 0 0 0 0 0 0 0 0 0 0 0 0 0 0 0 0 0 0 0 0 0 0 0 0 0 0 0 0 0 0 0 0 0 0 0 0 0 0 0 0 0 0 0 0 0 0 0 0 0 0 0 0 0 0 0 0 0 0 0 0 0 0 0 0 0 0 0 0 0 0 0 0 0 0 0 0 0 0 0 0 0 0 0 0 0 0 0 0 0 0 0 0 0 0 0 0 0 0 0 0 0 0 0 0 0 0 0 0 0 0 0 0 0 0 0 0 0 0 0 0 0 0 0 0 0 0 0 0 0 0 0 0 0 0 0 0 0 0 0 0 0 0 0 0 0 0 0 0 0 0 0 0 0 0 0 0 0 0 0 0 0 0 0 0 0 0 0 0 0 0 0 0 0 0 0 0 0 0 0 0 0 0 0 0 0 0 0 0 0 0 0 0 0 0 0 0 0 0 0 0 0 0 0 0 0 0 0 0 0 0 0 0 0 0 0 0 0 0 0 0 0 0 0 0 0 0 0 0 0 0 0 0 0 0 0 0 0 0 0 0 0 0 0 0 0 0 0 0 0 0 0 0 0 0 0 0 0 0 0 0 0 0 0 0 0 0 0 0 0 0 0 0 0 0 0 0 0 0 0 0 0 0 0 0 0 0 0 0 0 0 0 0 0 0 0 0 0 0 0 0 0 0 0 0 0 0 0 0 0 0 0 0 0 0 0 0 0 0 0 0 0 0 0 0 0 0 0 0 0 0 0 0 0 0 0 0 0 0 0 0 0 0 0 0 0 0 0 0 0 0 0 0 0 0 0 0 0 0 0 0 0 0 0 0 0 0 0 0 0 0 0 0 0 0 0 0 0 0 0 0 0 0 0 0 0 0 0 0 0 0 0 0 0 0 0 0 0 0 0 0 0 0 0 0 0 0 0 0 0 0 0 0 0 0 0 0 0 0 0 0 0 0 0 0 0 0 0 0 0 0 0 0 0 0 0 0 0 0 0 0 0 0 0 0 0 0 0 0 0 0 0 0 0 0 0 0 0 0 0 0 0 0 0 0 0 0 0 0 0 0 0 0 0 0 0 0 0 0 0 0 0 0 0 0 0 0 0 0 0 0 0 0 0 0 0 0 0 0 0 0 0 0 0 0 0 0 0 0 0 0 0 0 0 0 0 0 0 0 0 0 0 0 0 0 0 0 0 0 0 0 0 0 0 0 0 0 0 0 0 0 0 0 0 0 0 0 0 0 0 0 0 0 0 0 0 0 0 0 0 0 0 0 0 0 0 0 0 0 0 0 0 0 0 0 0 0 0 0 0 0 0 0 0 0 0 0 0 0 0 0 0 0 0 0 0 0 0 0 0 0 0 0 0 0 0 0 0 0 0 0 0 0 0 0 0 0 0 0 0 0 0 0 0 0 0 0 0 0 0 0 0 0 0 0 0 0 0 0 0 0 0 0 0 0 0 0 0 0 0 0 0 0 0 0 0 0 0 0 0 0 0 0 0 0 0 0 0 0 0 0 0 0 0 0 0 0 0 0 0 0 0 0 0 0 0 0 0 0 0 0 0 0 0 0 0 0 0 0 0 0 0 0 0 0 0 0 0 0 0 0 0 0 0 0 0 0 0 0 0 0 0 0 0 0 0 0 0 0 0 0 0 0 0 0 0 0 0 0 0 0 0 0 0 0 0 0 0 0 0 0 0 0 0 0 0 0 0 0 0 0 0 0 0 0 0 0 0 0 0 0 0 0 0 0 0 0 0 0 0 0 0 0 0 0 0 0 0 0 0 0 0 0 0 0 0 0 0 0 0 0 0 0 0 0 0 0 0 0 0 0 0 0 0 0 0 0 0 0 0 0 0 0 0 0 0 0 0 0 0 0 0 0 0 0 0 0 0 0 0 0 0 0 0 0 0 0 0 0 0 0 0 0 0 0 0 0 0 0 0 0 0 0 0 0 0 0 0 0 0 0 0 0 0 0 0 0 0 0 0 0 0 0 0 0 0 0 0 0 0 0 0 0 0 0 0 0 0 0 0 0 0 0 0 0 0 0 0 0 0 0 0 0 0 0 0 0 0 0 0 0 0 0 0 0 0 0 0 0 0 0 0 0 0 0 0 0 0 0 0 0 0 0 0 0 0 0 0 0 0 0 0 0 0 0 0 0 0 0 0 0 0 0 0 0 0 0 0 0 0 0 0 0 0 0 0 0 0 0 0 0 0 0 0 0 0 0 0 0 0 0 0 0 0 0 0 0 0 0 0 0 0 0 0 0 0 0 0 0 0 0 0 0 0 0 0 0 0 0 0 0 0 0 0 0 0 0 0 0 0 0 0 0 0 0 0 0 0 0 0 0 0 0 0 0 0 0 0 0 0 0 0 0 0 0 0 0 0 0 0 0 0 0 0 0 0 0 0 0 0 0 0 0 0 0 0 0 0 0 0 0 0 0 0 0 0 0 0 0 0 0 0 0 0 0 0 0 0 0 0 0 0 0 0 0 0 0 0 0 0 0 0 0 0 0 0 0 0 0 0 0 0 0 0 0 0 0 0 0 0 0 0 0 0 0 0 0 0 0 0 0 0 0 0 0 0 0 0 0 0 0 0 0 0 0 0 0 0 0 0 0 0 0 0 0 0 0 0 0 0 0 0 0 0 0 0 0 0 0 0 0 0 0 0 0 0 0 0 0 0 0 0 0 0 0 0 0 0 0 0 0 0 0 0 0 0 0 0 0 0 0 0 0 0 0 0 0 0 0 0 0 0 0 0 0 0 0 0 0 0 0 0 0 0 0 0 0 0 0 0 0 0 0 0 0 0 0 0 0 0 0 0 0 0 0 0 0 0 0 0 0 0 0 0 0 0 0 0 0 0 0 0 0 0 0 0 0 0 0 0 0 0 0 0 0 0 0 0 0 0 0 0 0 0 0 0 0 0 0 0 0 0 0 0 0 0 0 0 0 0 0 0 0 0 0 0 0 0 0 0 0 0 0 0 0 0 0 0 0 0 0 0 0 0 0 0 0 0 0 0 0 0 0 0 0 0 0 0 0 0 0 0 0 0 0 0 0 0 0 0 0 0 0 0 0 0 0 0 0 0 0 0 0 0 0 0 0 0 0 0 0 0 0 0 0 0 0 0 0 0 0 0 0 0 0 0 0 0 0 0 0 0 0 0 0 0 0 0 0 0 0 0 0 0 0 0 0 0 0 0 0 0 0 0 0 0 0 0 0 0 0 0 0 0 0 0 0 0 0 0 0 0 0 0 0 0 0 0 0 0 0 0 0 0 0 0 0 0 0 0 0 0 0 0 0 0 0 0 0 0 0 0 0 0 0 0 0 0 0 0 0 0 0 0 0 0 0 0 0 0 0 0 0 0 0 0 0 0 0 0 0 0 0 0 0 0 0 0 0 0 0 0 0 0 0 0 0 0 0 0 0 0 0 0 0 0 0 0 0 0 0 0 0 0 0 0 0 0 0 0 0 0 0 0 0 0 0 0 0 0 0 0 0 0 0 0 0 0 0 0 0 0 0 0 0 0 0 0 0 0 0 0 0 0 0 0 0 0 0 0 0 0 0 0 0 0 0 0 0 0 0 0 0 0 0 0 0 0 0 0 0 0 0 0 0 0 0 0 0 0 0 0 0 0 0 0 0 0 0 0 0 0 0 0 0 0 0 0 0 0 0 0 0 0 0 0 0 0 0 0 0 0 0 0 0 0 0 0 0 0 0 0 0 0 0 0 0 0 0 0 0 0 0 0 0 0 0 0 0 0 0 0 0 0 0 0 0 0 0 0 0 0 0 0 0 0 0 0 0 0 0 0 0 0 0 0 0 0 0 0 0 0 0 0 0 0 0 0 0 0 0 0 0 0 0 0 0 0 0 0 0 0 0 0 0 0 0 0 0 0 0 0 0 0 0 0 0 0 0 0 0 0 0 0 0 0 0 0 0 0 0 0 0 0 0 0 0 0 0 0 0 0 0 0 0 0 0 0 0 0 0 0 0 0 0 0 0 0 0 0 0 0 0 0 0 0 0 0 0 0 0 0 0 0 0 0 0 0 0 0 0 0 0 0 0 0 0 0 0 0 0 0 0 0 0 0 0 0 0 0 0 0 0 0 0 0 0 0 0 0 0 0 0 0 0 0 0 0 0 0 0 0 0 0 0 0 0 0 0 0 0 0 0 0 0 0 0 0 0 0 0 0 0 0 0 0 0 0 0 0 0 0 0 0 0 0 0 0 0 0 0 0 0 0 0 0 0 0 0 0 0 0 0 0 0 0 0 0 0 0 0 0 0 0 0 0 0 0 0 0 0 0 0 0 0 0 0 0 0 0 0 0 0 0 0 0 0 0 0 0 0 0 0 0 0 0 0 0 0 0 0 0 0 0 0 0 0 0 0 0 0 0 0 0 0 0 0 0 0 0 0 0 0 0 0 0 0 0 0 0 0 0 0 0 0 0 0 0 0 0 0 0 0 0 0 0 0 0 0 0 0 0 0 0 0 0 0 0 0 0 0 0 0 0 0 0 0 0 0 0 0 0 0 0 0 0 0 0 0 0 0 0 0 0 0 0 0 0 0 0 0 0 0 0 0 0 0 0 0 0 0 0 0 0 0 0 0 0 0 0 0 0 0 0 0 0 0 0 0 0 0 0 0 0 0 0 0 0 0 0 0 0 0 0 0 0 0 0 0 0 0 0 0 0 0 0 0 0 0 0 0 0 0 0 0 0 0 0 0 0 0 0 0 0 0 0 0 0 0 0 0 0 0 0 0 0 0 0 0 0 0 0 0 0 0 0 0 0 0 0 0 0 0 0 0 0 0 0 0 0 0 0 0 0 0 0 0 0 0 0 0 0 0 0 0 0 0 0 0 0 0 0 0 0 0 0 0 0 0 0 0 0 0 0 0 0 0 0 0 0 0 0 0 0 0 0 0 0 0 0 0 0 0 0 0 0 0 0 0 0 0 0 0 0 0 0 0 0 0 0 0 0 0 0 0 0 0 0 0 0 0 0 0 0 0 0 0 0 0 0 0 0 0 0 0 0 0 0 0 0 0 0 0 0 0 0 0 0 0 0 0 0 0 0 0 0 0 0 0 0 0 0 0 0 0 0 0 0 0 0 0 0 0 0 0 0 0 0 0 0 0 0 0 0 0 0 0 0 0 0 0 0 0 0 0 0 0 0 0 0 0 0 0 0 0 0 0 0 0 0 0 0 0 0 0 0 0 0 0 0 0 0 0 0 0 0 0 0 0 0 0 0 0 0 0 0 0 0 0 0 0 0 0 0 0 0 0 0 0 0 0 0 0 0 0 0 0 0 0 0 0 0 0 0 0 0 0 0 0 0 0 0 0 0 0 0 0 0 0 0 0 0 0 0 0 0 0 0 0 0 0 0 0 0 0 0 0 0 0 0 0 0 0 0 0 0 0 0 0 0 0 0 0 0 0 0 0 0 0 0 0 0 0 0 0 0 0 0 0 0 0 0 0 0 0 0 0 0 0 0 0 0 0 0 0 0 0 0 0 0 0 0 0 0 0 0 0 0 0 0 0 0 0 0 0 0 0 0 0 0 0 0 0 0 0 0 0 0 0 0 0 0 0 0 0 0 0 0 0 0 0 0 0 0 0 0 0 0 0 0 0 0 0 0 0 0 0 0 0 0 0 0 0 0 0 0 0 0 0 0 0 0 0 0 0 0 0 0 0 0 0 0 0 0 0 0 0 0 0 0 0 0 0 0 0 0 0 0 0 0 0 0 0 0 0 0 0 0 0 0 0 0 0 0 0 0 0 0 0 0 0 0 0 0 0 0 0 0 0 0 0 0 0 0 0 0 0 0 0 0 0 0 0 0 0 0 0 0 0 0 0 0 0 0 0 0 0 0 0 0 0 0 0 0 0 0 0 0 0 0 0 0 0 0 0 0 0 0 0 0 0 0 0 0 0 0 0 0 0 0 0 0 0 0 0 0 0 0 0 0 0 0 0 0 0 0 0 0 0 0 0 0 0 0 0 0 0 0 0 0 0 0 0 0 0 0 0 0 0 0 0 0 0 0 0 0 0 0 0 0 0 0 0 0 0 0 0 0 0 0 0 0 0 0 0 0 0 0 0 0 0 0 0 0 0 0 0 0 0 0 0 0 0 0 0 0 0 0 0 0 0 0 0 0 0 0 0 0 0 0 0 0 0 0 0 0 0 0 0 0 0 0 0 0 0 0 0 0 0 0 0 0 0 0 0 0 0 0 0 0 0 0 0 0 0 0 0 0 0 0 0 0 0 0 0 0 0 0 0 0 0 0 0 0 0 0 0 0 0 0 0 0 0 0 0 0 0 0 0 0 0 0 0 0 0 0 0 0 0 0 0 0 0 0 0 0 0 0 0 0 0 0 0 0 0 0 0 0 0 0 0 0 0 0 0 0 0 0 0 0 0 0 0 0 0 0 0 0 0 0 0 0 0 0 0 0 0 0 0 0 0 0 0 0 0 0 0 0 0 0 0 0 0 0 0 0 0 0 0 0 0 0 0 0 0 0 0 0 0 0 0 0 0 0 0 0 0 0 0 0 0 0 0 0 0 0 0 0 0 0 0 0 0 0 0 0 0 0 0 0 0 0 0 0 0 0 0 0 0 0 0 0 0 0 0 0 0 0 0 0 0 0 0 0 0 0 0 0 0 0 0 0 0 0 0 0 0 0 0 0 0 0 0 0 0 0 0 0 0 0 0 0 0 0 0 0 0 0 0 0 0 0 0 0 0 0 0 0 0 0 0 0 0 0 0 0 0 0 0 0 0 0 0 0 0 0 0 0 0 0 0 0 0 0 0 0 0 0 0 0 0 0 0 0 0 0 0 0 0 0 0 0 0 0 0 0 0 0 0 0 0 0 0 0 0 0 0 0 0 0 0 0 0 0 0 0 0 0 0 0 0 0 0 0 0 0 0 0 0 0 0 0 0 0 0 0 0 0 0 0 0 0 0 0 0 0 0 0 0 0 0 0 0 0 0 0 0 0 0 0 0 0 0 0 0 0 0 0 0 0 0 0 0 0 0 0 0 0 0 0 0 0 0 0 0 0 0 0 0 0 0 0 0 0 0 0 0 0 0 0 0 0 0 0 0 0 0 0 0 0 0 0 0 0 0 0 0 0 0 0 0 0 0 0 0 0 0 0 0 0 0 0 0 0 0 0 0 0 0 0 0 0 0 0 0 0 0 0 0 0 0 0 0 0 0 0 0 0 0 0 0 0 0 0 0 0 0 0 0 0 0 0 0 0 0 0 0 0 0 0 0 0 0 0 0 0 0 0 0 0 0 0 0 0 0 0 0 0 0 0 0 0 0 0 0 0 0 0 0 0 0 0 0 0 0 0 0 0 0 0 0 0 0 0 0 0 0 0 0 0 0 0 0 0 0 0 0 0 0 0 0 0 0 0 0 0 0 0 0 0 0 0 0 0 0 0 0 0 0 0 0 0 0 0 0 0 0 0 0 0 0 0 0 0 0 0 0 0 0 0 0 0 0 0 0 0 0 0 0 0 0 0 0 0 0 0 0 0 0 0 0 0 0 0 0 0 0 0 0 0 0 0 0 0 0 0 0 0 0 0 0 0 0 0 0 0 0 0 0 0 0 0 0 0 0 0 0 0 0 0 0 0 0 0 0 0 0 0 0 0 0 0 0 0 0 0 0 0 0 0 0 0 0 0 0 0 0 0 0 0 0 0 0 0 0 0 0 0 0 0 0 0 0 0 0 0 0 0 0 0 0 0 0 0 0 0 0 0 0 0 0 0 0 0 0 0 0 0 0 0 0 0 0 0 0 0 0 0 0 0 0 0 0 0 0 0 0 0 0 0 0 0 0 0 0 0 0 0 0 0 0 0 0 0 0 0 0 0 0 0 0 0 0 0 0 0 0 0 0 0 0 0 0 0 0 0 0 0 0 0 0 0 0 0 0 0 0 0 0 0 0 0 0 0 0 0 0 0 0 0 0 0 0 0 0 0 0 0 0 0 0 0 0 0 0 0 0 0 0 0 0 0 0 0 0 0 0 0 0 0 0 0 0 0 0 0 0 0 0 0 0 0 0 0 0 0 0 0 0 0 0 0 0 0 0 0 0 0 0 0 0 0 0 0 0 0 0 0 0 0 0 0 0 0 0 0 0 0 0 0 0 0 0 0 0 0 0 0 0 0 0 0 0 0 0 0 0 0 0 0 0 0 0 0 0 0 0 0 0 0 0 0 0 0 0 0 0 0 0 0 0 0 0 0 0 0 0 0 0 0 0 0 0 0 0 0 0 0 0 0 0 0 0 0 0 0 0 0 0 0 0 0 0 0 0 0 0 0 0 0 0 0 0 0 0 0 0 0 0 0 0 0 0 0 0 0 0 0 0 0 0 0 0 0 0 0 0 0 0 0 0 0 0 0 0 0 0 0 0 0 0 0 0 0 0 0 0 0 0 0 0 0 0 0 0 0 0 0 0 0 0 0 0 0 0 0 0 0 0 0 0 0 0 0 0 0 0 0 0 0 0 0 0 0 0 0 0 0 0 0 0 0 0 0 0 0 0 0 0 0 0 0 0 0 0 0 0 0 0 0 0 0 0 0 0 0 0 0 0 0 0 0 0 0 0 0 0 0 0 0 0 0 0 0 0 0 0 0 0 0 0 0 0 0 0 0 0 0 0 0 0 0 0 0 0 0 0 0 0 0 0 0 0 0 0 0 0 0 0 0 0 0 0 0 0 0 0 0 0 0 0 0 0 0 0 0 0 0 0 0 0 0 0 0 0 0 0 0 0 0 0 0 0 0 0 0 0 0 0 0 0 0 0 0 0 0 0 0 0 0 0 0 0 0 0 0 0 0 0 0 0 0 0 0 0 0 0 0 0 0 0 0 0 0 0 0 0 0 0 0 0 0 0 0 0 0 0 0 0 0 0 0 0 0 0 0 0 0 0 0 0 0 0 0 0 0 0 0 0 0 0 0 0 0 0 0 0 0 0 0 0 0 0 0 0 0 0 0 0 0 0 0 0 0 0 0 0 0 0 0 0 0 0 0 0 0 0 0 0 0 0 0 0 0 0 0 0 0 0 0 0 0 0 0 0 0 0 0 0 0 0 0 0 0 0 0 0 0 0 0 0 0 0 0 0 0 0 0 0 0 0 0 0 0 0 0 0 0 0 0 0 0 0 0 0 0 0 0 0 0 0 0 0 0 0 0 0 0 0 0 0 0 0 0 0 0 0 0 0 0 0 0 0 0 0 0 0 0 0 0 0 0 0 0 0 0 0 0 0 0 0 0 0 0 0 0 0 0 0 0 0 0 0 0 0 0 0 0 0 0 0 0 0 0 0 0 0 0 0 0 0 0 0 0 0 0 0 0 0 0 0 0 0 0 0 0 0 0 0 0 0 0 0 0 0 0 0 0 0 0 0 0 0 0 0 0 0 0 0 0 0 0 0 0 0 0 0 0 0 0 0 0 0 0 0 0 0 0 0 0 0 0 0 0 0 0 0 0 0 0 0 0 0 0 0 0 0 0 0 0 0 0 0 0 0 0 0 0 0 0 0 0 0 0 0 0 0 0 0 0 0 0 0 0 0 0 0 0 0 0 0 0 0 0 0 0 0 0 0 0 0 0 0 0 0 0 0 0 0 0 0 0 0 0 0 0 0 0 0 0 0 0 0 0 0 0 0 0 0 0 0 0 0 0 0 0 0 0 0 0 0 0 0 0 0 0 0 0 0 0 0 0 0 0 0 0 0 0 0 0 0 0 0 0 0 0 0 0 0 0 0 0 0 0 0 0 0 0 0 0 0 0 0 0 0 0 0 0 0 0 0 0 0 0 0 0 0 0 0 0 0 0 0 0 0 0 0 0 0 0 0 0 0 0 0 0 0 0 0 0 0 0 0 0 0 0 0 0 0 0 0 0 0 0 0 0 0 0 0 0 0 0 0 0 0 0 0 0 0 0 0 0 0 0 0 0 0 0 0 0 0 0 0 0 0 0 0 0 0 0 0 0 0 0 0 0 0 0 0 0 0 0 0 0 0 0 0 0 0 0 0 0 0 0 0 0 0 0 0 0 0 0 0 0 0 0 0 0 0 0 0 0 0 0 0 0 0 0 0 0 0 0 0 0 0 0 0 0 0 0 0 0 0 0 0 0 0 0 0 0 0 0 0 0 0 0 0 0 0 0 0 0 0 0 0 0 0 0 0 0 0 0 0 0 0 0 0 0 0 0 0 0 0 0 0 0 0 0 0 0 0 0 0 0 0 0 0 0 0 0 0 0 0 0 0 0 0 0 0 0 0 0 0 0 0 0 0 0 0 0 0 0 0 0 0 0 0 0 0 0 0 0 0 0 0 0 0 0 0 0 0 0 0 0 0 0 0 0 0 0 0 0 0 0 0 0 0 0 0 0 0 0 0 0 0 0 0 0 0 0 0 0 0 0 0 0 0 0 0 0 0 0 0 0 0 0 0 0 0 0 0 0 0 0 0 0 0 0 0 0 0 0 0 0 0 0 0 0 0 0 0 0 0 0 0 0 0 0 0 0 0 0 0 0 0 0 0 0 0 0 0 0 0 0 0 0 0 0 0 0 0 0 0 0 0 0 0 0 0 0 0 0 0 0 0 0 0 0 0 0 0 0 0 0 0 0 0 0 0 0 0 0 0 0 0 0 0 0 0 0 0 0 0 0 0 0 0 0 0 0 0 0 0 0 0 0 0 0 0 0 0 0 0 0 0 0 0 0 0 0 0 0 0 0 0 0 0 0 0 0 0 0 0 0 0 0 0 0 0 0 0 0 0 0 0 0 0 0 0 0 0 0 0 0 0 0 0 0 0 0 0 0 0 0 0 0 0 0 0 0 0 0 0 0 0 0 0 0 0 0 0 0 0 0 0 0 0 0 0 0 0 0 0 0 0 0 0 0 0 0 0 0 0 0 0 0 0 0 0 0 0 0 0 0 0 0 0 0 0 0 0 0 0 0 0 0 0 0 0 0 0 0 0 0 0 0 0 0 0 0 0 0 0 0 0 0 0 0 0 0 0 0 0 0 0 0 0 0 0 0 0 0 0 0 0 0 0 0 0 0 0 0 0 0 0 0 0 0 0 0 0 0 0 0 0 0 0 0 0 0 0 0 0 0 0 0 0 0 0 0 0 0 0 0 0 0 0 0 0 0 0 0 0 0 0 0 0 0 0 0 0 0 0 0 0 0 0 0 0 0 0 0 0 0 0 0 0 0 0 0 0 0 0 0 0 0 0 0 0 0 0 0 0 0 0 0 0 0 0 0 0 0 0 0 0 0 0 0 0 0 0 0 0 0 0 0 0 0 0 0 0 0 0 0 0 0 0 0 0 0 0 0 0 0 0 0 0 0 0 0 0 0 0 0 0 0 0 0 0 0 0 0 0 0 0 0 0 0 0 0 0 0 0 0 0 0 0 0 0 0 0 0 0 0 0 0 0 0 0 0 0 0 0 0 0 0 0 0 0 0 0 0 0 0 0 0 0 0 0 0 0 0 0 0 0 0 0 0 0 0 0 0 0 0 0 0 0 0 0 0 0 0 0 0 0 0 0 0 0 0 0 0 0 0 0 0 0 0 0 0 0 0 0 0 0 0 0 0 0 0 0 0 0 0 0 0 0 0 0 0 0 0 0 0 0 0 0 0 0 0 0 0 0 0 0 0 0 0 0 0 0 0 0 0 0 0 0 0 0 0 0 0 0 0 0 0 0 0 0 0 0 0 0 0 0 0 0 0 0 0 0 0 0 0 0 0 0 0 0 0 0 0 0 0 0 0 0 0 0 0 0 0 0 0 0 0 0 0 0 0 0 0 0 0 0 0 0 0 0 0 0 0 0 0 0 0 0 0 0 0 0 0 0 0 0 0 0 0 0 0 0 0 0 0 0 0 0 0 0 0 0 0 0 0 0 0 0 0 0 0 0 0 0 0 0 0 0 0 0 0 0 0 0 0 0 0 0 0 0 0 0 0 0 0 0 0 0 0 0 0 0 0 0 0 0 0 0 0 0 0 0 0 0 0 0 0 0 0 0 0 0 0 0 0 0 0 0 0 0 0 0 0 0 0 0 0 0 0 0 0 0 0 0 0 0 0 0 0 0 0 0 0 0 0 0 0 0 0 0 0 0 0 0 0 0 0 0 0 0 0 0 0 0 0 0 0 0 0 0 0 0 0 0 0 0 0 0 0 0 0 0 0 0 0 0 0 0 0 0 0 0 0 0 0 0 0 0 0 0 0 0 0 0 0 0 0 0 0 0 0 0 0 0 0 0 0 0 0 0 0 0 0 0 0 0 0 0 0 0 0 0 0 0 0 0 0 0 0 0 0 0 0 0 0 0 0 0 0 0 0 0 0 0 0 0 0 0 0 0 0 0 0 0 0 0 0 0 0 0 0 0 0 0 0 0 0 0 0 0 0 0 0 0 0 0 0 0 0 0 0 0 0 0 0 0 0 0 0 0 0 0 0 0 0 0 0 0 0 0 0 0 0 0 0 0 0 0 0 0 0 0 0 0 0 0 0 0 0 0 0 0 0 0 0 0 0 0 0 0 0 0 0 0 0 0 0 0 0 0 0 0 0 0 0 0 0 0 0 0 0 0 0 0 0 0 0 0 0 0 0 0 0 0 0 0 0 0 0 0 0 0 0 0 0 0 0 0 0 0 0 0 0 0 0 0 0 0 0 0 0 0 0 0 0 0 0 0 0 0 0 0 0 0 0 0 0 0 0 0 0 0 0 0 0 0 0 0 0 0 0 0 0 0 0 0 0 0 0 0 0 0 0 0 0 0 0 0 0 0 0 0 0 0 0 0 0 0 0 0 0 0 0 0 0 0 0 0 0 0 0 0 0 0 0 0 0 0 0 0 0 0 0 0 0 0 0 0 0 0 0 0 0 0 0 0 0 0 0 0 0 0 0 0 0 0 0 0 0 0 0 0 0 0 0 0 0 0 0 0 0 0 0 0 0 0 0 0 0 0 0 0 0 0 0 0 0 0 0 0 0 0 0 0 0 0 0 0 0 0 0 0 0 0 0 0 0 0 0 0 0 0 0 0 0 0 0 0 0 0 0 0 0 0 0 0 0 0 0 0 0 0 0 0 0 0 0 0 0 0 0 0 0 0 0 0 0 0 0 0 0 0 0 0 0 0 0 0 0 0 0 0 0 0 0 0 0 0 0 0 0 0 0 0 0 0 0 0 0 0 0 0 0 0 0 0 0 0 0 0 0 0 0 0 0 0 0 0 0 0 0 0 0 0 0 0 0 0 0 0 0 0 0 0 0 0 0 0 0 0 0 0 0 0 0 0 0 0 0 0 0 0 0 0 0 0 0 0 0 0 0 0 0 0 0 0 0 0 0 0 0 0 0 0 0 0 0 0 0 0 0 0 0 0 0 0 0 0 0 0 0 0 0 0 0 0 0 0 0 0 0 0 0 0 0 0 0 0 0 0 0 0 0 0 0 0 0 0 0 0 0 0 0 0 0 0 0 0 0 0 0 0 0 0 0 0 0 0 0 0 0 0 0 0 0 0 0 0 0 0 0 0 0 0 0 0 0 0 0 0 0 0 0 0 0 0 0 0 0 0 0 0 0 0 0 0 0 0 0 0 0 0 0 0 0 0 0 0 0 0 0 0 0 0 0 0 0 0 0 0 0 0 0 0 0 0 0 0 0 0 0 0 0 0 0 0 0 0 0 0 0 0 0 0 0 0 0 0 0 0 0 0 0 0 0 0 0 0 0 0 0 0 0 0 0 0 0 0 0 0 0 0 0 0 0 0 0 0 0 0 0 0 0 0 0 0 0 0 0 0 0 0 0 0 0 0 0 0 0 0 0 0 0 0 0 0 0 0 0 0 0 0 0 0 0 0 0 0 0 0 0 0 0 0 0 0 0 0 0 0 0 0 0 0 0 0 0 0 0 0 0 0 0 0 0 0 0 0 0 0 0 0 0 0 0 0 0 0 0 0 0 0 0 0 0 0 0 0 0 0 0 0 0 0 0 0 0 0 0 0 0 0 0 0 0 0 0 0 0 0 0 0 0 0 0 0 0 0 0 0 0 0 0 0 0 0 0 0 0 0 0 0 0 0 0 0 0 0 0 0 0 0 0 0 0 0 0 0 0 0 0 0 0 0 0 0 0 0 0 0 0 0 0 0 0 0 0 0 0 0 0 0 0 0 0 0 0 0 0 0 0 0 0 0 0 0 0 0 0 0 0 0 0 0 0 0 0 0 0 0 0 0 0 0 0 0 0 0 0 0 0 0 0 0 0 0 0 0 0 0 0 0 0 0 0 0 0 0 0 0 0 0 0 0 0 0 0 0 0 0 0 0 0 0 0 0 0 0 0 0 0 0 0 0 0 0 0 0 0 0 0 0 0 0 0 0 0 0 0 0 0 0 0 0 0 0 0 0 0 0 0 0 0 0 0 0 0 0 0 0 0 0 0 0 0 0 0 0 0 0 0 0 0 0 0 0 0 0 0 0 0 0 0 0 0 0 0 0 0 0 0 0 0 0 0 0 0 0 0 0 0 0 0 0 0 0 0 0 0 0 0 0 0 0 0 0 0 0 0 0 0 0 0 0 0 0 0 0 0 0 0 0 0 0 0 0 0 0 0 0 0 0 0 0 0 0 0 0 0 0 0 0 0 0 0 0 0 0 0 0 0 0 0 0 0 0 0 0 0 0 0 0 0 0 0 0 0 0 0 0 0 0 0 0 0 0 0 0 0 0 0 0 0 0 0 0 0 0 0 0 0 0 0 0 0 0 0 0 0 0 0 0 0 0 0 0 0 0 0 0 0 0 0 0 0 0 0 0 0 0 0 0 0 0 0 0 0 0 0 0 0 0 0 0 0 0 0 0 0 0 0 0 0 0 0 0 0 0 0 0 0 0 0 0 0 0 0 0 0 0 0 0 0 0 0 0 0 0 0 0 0 0 0 0 0 0 0 0 0 0 0 0 0 0 0 0 0 0 0 0 0 0 0 0 0 0 0 0 0 0 0 0 0 0 0 0 0 0 0 0 0 0 0 0 0 0 0 0 0 0 0 0 0 0 0 0 0 0 0 0 0 0 0 0 0 0 0 0 0 0 0 0 0 0 0 0 0 0 0 0 0 0 0 0 0 0 0 0 0 0 0 0 0 0 0 0 0 0 0 0 0 0 0 0 0 0 0 0 0 0 0 0 0 0 0 0 0 0 0 0 0 0 0 0 0 0 0 0 0 0 0 0 0 0 0 0 0 0 0 0 0 0 0 0 0 0 0 0 0 0 0 0 0 0 0 0 0 0 0 0 0 0 0 0 0 0 0 0 0 0 0 0 0 0 0 0 0 0 0 0 0 0 0 0 0 0 0 0 0 0 0 0 0 0 0 0 0 0 0 0 0 0 0 0 0 0 0 0 0 0 0 0 0 0 0 0 0 0 0 0 0 0 0 0 0 0 0 0 0 0 0 0 0 0 0 0 0 0 0 0 0 0 0 0 0 0 0 0 0 0 0 0 0 0 0 0 0 0 0 0 0 0 0 0 0 0 0 0 0 0 0 0 0 0 0 0 0 0 0 0 0 0 0 0 0 0 0 0 0 0 0 0 0 0 0 0 0 0 0 0 0 0 0 0 0 0 0 0 0 0 0 0 0 0 0 0 0 0 0 0 0 0 0 0 0 0 0 0 0 0 0 0 0 0 0 0 0 0 0 0 0 0 0 0 0 0 0 0 0 0 0 0 0 0 0 0 0 0 0 0 0 0 0 0 0 0 0 0 0 0 0 0 0 0 0 0 0 0 0 0 0 0 0 0 0 0 0 0 0 0 0 0 0 0 0 0 0 0 0 0 0 0 0 0 0 0 0 0 0 0 0 0 0 0 0 0 0 0 0 0 0 0 0 0 0 0 0 0 0 0 0 0 0 0 0 0 0 0 0 0 0 0 0 0 0 0 0 0 0 0 0 0 0 0 0 0 0 0 0 0 0 0 0 0 0 0 0 0 0 0 0 0 0 0 0 0 0 0 0 0 0 0 0 0 0 0 0 0 0 0 0 0 0 0 0 0 0 0 0 0 0 0 0 0 0 0 0 0 0 0 0 0 0 0 0 0 0 0 0 0 0 0 0 0 0 0 0 0 0 0 0 0 0 0 0 0 0 0 0 0 0 0 0 0 0 0 0 0 0 0 0 0 0 0 0 0 0 0 0 0 0 0 0 0 0 0 0 0 0 0 0 0 0 0 0 0 0 0 0 0 0 0 0 0 0 0 0 0 0 0 0 0 0 0 0 0 0 0 0 0 0 0 0 0 0 0 0 0 0 0 0 0 0 0 0 0 0 0 0 0 0 0 0 0 0 0 0 0 0 0 0 0 0 0 0 0 0 0 0 0 0 0 0 0 0 0 0 0 0 0 0 0 0 0 0 0 0 0 0 0 0 0 0 0 0 0 0 0 0 0 0 0 0 0 0 0 0 0 0 0 0 0 0 0 0 0 0 0 0 0 0 0 0 0 0 0 0 0 0 0 0 0 0 0 0 0 0 0 0 0 0 0 0 0 0 0 0 0 0 0 0 0 0 0 0 0 0 0 0 0 0 0 0 0 0 0 0 0 0 0 0 0 0 0 0 0 0 0 0 0 0 0 0 0 0 0 0 0 0 0 0 0 0 0 0 0 0 0 0 0 0 0 0 0 0 0 0 0 0 0 0 0 0 0 0 0 0 0 0 0 0 0 0 0 0 0 0 0 0 0 0 0 0 0 0 0 0 0 0 0 0 0 0 0 0 0 0 0 0 0 0 0 0 0 0 0 0 0 0 0 0 0 0 0 0 0 0 0 0 0 0 0 0 0 0 0 0 0 0 0 0 0 0 0 0 0 0 0 0 0 0 0 0 0 0 0 0 0 0 0 0 0 0 0 0 0 0 0 0 0 0 0 0 0 0 0 0 0 0 0 0 0 0 0 0 0 0 0 0 0 0 0 0 0 0 0 0 0 0 0 0 0 0 0 0 0 0 0 0 0 0 0 0 0 0 0 0 0 0 0 0 0 0 0 0 0 0 0 0 0 0 0 0 0 0 0 0 0 0 0 0 0 0 0 0 0 0 0 0 0 0 0 0 0 0 0 0 0 0 0 0 0 0 0 0 0 0 0 0 0 0 0 0 0 0 0 0 0 0 0 0 0 0 0 0 0 0 0 0 0 0 0 0 0 0 0 0 0 0 0 0 0 0 0 0 0 0 0 0 0 0 0 0 0 0 0 0 0 0 0 0 0 0 0 0 0 0 0 0 0 0 0 0 0 0 0 0 0 0 0 0 0 0 0 0 0 0 0 0 0 0 0 0 0 0 0 0 0 0 0 0 0 0 0 0 0 0 0 0 0 0 0 0 0 0 0 0 0 0 0 0 0 0 0 0 0 0 0 0 0 0 0 0 0 0 0 0 0 0 0 0 0 0 0 0 0 0 0 0 0 0 0 0 0 0 0 0 0 0 0 0 0 0 0 0 0 0 0 0 0 0 0 0 0 0 0 0 0 0 0 0 0 0 0 0 0 0 0 0 0 0 0 0 0 0 0 0 0 0 0 0 0 0 0 0 0 0 0 0 0 0 0 0 0 0 0 0 0 0 0 0 0 0 0 0 0 0 0 0 0 0 0 0 0 0 0 0 0 0 0 0 0 0 0 0 0 0 0 0 0 0 0 0 0 0 0 0 0 0 0 0 0 0 0 0 0 0 0 0 0 0 0 0 0 0 0 0 0 0 0 0 0 0 0 0 0 0 0 0 0 0 0 0 0 0 0 0 0 0 0 0 0 0 0 0 0 0 0 0 0 0 0 0 0 0 0 0 0 0 0 0 0 0 0 0 0 0 0 0 0 0 0 0 0 0 0 0 0 0 0 0 0 0 0 0 0 0 0 0 0 0 0 0 0 0 0 0 0 0 0 0 0 0 0 0 0 0 0 0 0 0 0 0 0 0 0 0 0 0 0 0 0 0 0 0 0 0 0 0 0 0 0 0 0 0 0 0 0 0 0 0 0 0 0 0 0 0 0 0 0 0 0 0 0 0 0 0 0 0 0 0 0 0 0 0 0 0 0 0 0 0 0 0 0 0 0 0 0 0 0 0 0 0 0 0 0 0 0 0 0 0 0 0 0 0 0 0 0 0 0 0 0 0 0 0 0 0 0 0 0 0 0 0 0 0 0 0 0 0 0 0 0 0 0 0 0 0 0 0 0 0 0 0 0 0 0 0 0 0 0 0 0 0 0 0 0 0 0 0 0 0 0 0 0 0 0 0 0 0 0 0 0 0 0 0 0 0 0 0 0 0 0 0 0 0 0 0 0 0 0 0 0 0 0 0 0 0 0 0 0 0 0 0 0 0 0 0 0 0 0 0 0 0 0 0 0 0 0 0 0 0 0 0 0 0 0 0 0 0 0 0 0 0 0 0 0 0 0 0 0 0 0 0 0 0 0 0 0 0 0 0 0 0 0 0 0 0 0 0 0 0 0 0 0 0 0 0 0 0 0 0 0 0 0 0 0 0 0 0 0 0 0 0 0 0 0 0 0 0 0 0 0 0 0 0 0 0 0 0 0 0 0 0 0 0 0 0 0 0 0 0 0 0 0 0 0 0 0 0 0 0 0 0 0 0 0 0 0 0 0 0 0 0 0 0 0 0 0 0 0 0 0 0 0 0 0 0 0 0 0 0 0 0 0 0 0 0 0 0 0 0 0 0 0 0 0 0 0 0 0 0 0 0 0 0 0 0 0 0 0 0 0 0 0 0 0 0 0 0 0 0 0 0 0 0 0 0 0 0 0 0 0 0 0 0 0 0 0 0 0 0 0 0 0 0 0 0 0 0 0 0 0 0 0 0 0 0 0 0 0 0 0 0 0 0 0 0 0 0 0 0 0 0 0 0 0 0 0 0 0 0 0 0 0 0 0 0 0 0 0 0 0 0 0 0 0 0 0 0 0 0 0 0 0 0 0 0 0 0 0 0 0 0 0 0 0 0 0 0 0 0 0 0 0 0 0 0 0 0 0 0 0 0 0 0 0 0 0 0 0 0 0 0 0 0 0 0 0 0 0 0 0 0 0 0 0 0 0 0 0 0 0 0 0 0 0 0 0 0 0 0 0 0 0 0 0 0 0 0 0 0 0 0 0 0 0 0 0 0 0 0 0 0 0 0 0 0 0 0 0 0 0 0 0 0 0 0 0 0 0 0 0 0 0 0 0 0 0 0 0 0 0 0 0 0 0 0 0 0 0 0 0 0 0 0 0 0 0 0 0 0 0 0 0 0 0 0 0 0 0 0 0 0 0 0 0 0 0 0 0 0 0 0 0 0 0 0 0 0 0 0 0 0 0 0 0 0 0 0 0 0 0 0 0 0 0 0 0 0 0 0 0 0 0 0 0 0 0 0 0 0 0 0 0 0 0 0 0 0 0 0 0 0 0 0 0 0 0 0 0 0 0 0 0 0 0 0 0 0 0 0 0 0 0 0 0 0 0 0 0 0 0 0 0 0 0 0 0 0 0 0 0 0 0 0 0 0 0 0 0 0 0 0 0 0 0 0 0 0 0 0 0 0 0 0 0 0 0 0 0 0 0 0 0 0 0 0 0 0 0 0 0 0 0 0 0 0 0 0 0 0 0 0 0 0 0 0 0 0 0 0 0 0 0 0 0 0 0 0 0 0 0 0 0 0 0 0 0 0 0 0 0 0 0 0 0 0 0 0 0 0 0 0 0 0 0 0 0 0 0 0 0 0 0 0 0 0 0 0 0 0 0 0 0 0 0 0 0 0 0 0 0 0 0 0 0 0 0 0 0 0 0 0 0 0 0 0 0 0 0 0 0 0 0 0 0 0 0 0 0 0 0 0 0 0 0 0 0 0 0 0 0 0 0 0 0 0 0 0 0 0 0 0 0 0 0 0 0 0 0 0 0 0 0 0 0 0 0 0 0 0 0 0 0 0 0 0 0 0 0 0 0 0 0 0 0 0 0 0 0 0 0 0 0 0 0 0 0 0 0 0 0 0 0 0 0 0 0 0 0 0 0 0 0 0 0 0 0 0 0 0 0 0 0 0 0 0 0 0 0 0 0 0 0 0 0 0 0 0 0 0 0 0 0 0 0 0 0 0 0 0 0 0 0 0 0 0 0 0 0 0 0 0 0 0 0 0 0 0 0 0 0 0 0 0 0 0 0 0 0 0 0 0 0 0 0 0 0 0 0 0 0 0 0 0 0 0 0 0 0 0 0 0 0 0 0 0 0 0 0 0 0 0 0 0 0 0 0 0 0 0 0 0 0 0 0 0 0 0 0 0 0 0 0 0 0 0 0 0 0 0 0 0 0 0 0 0 0 0 0 0 0 0 0 0 0 0 0 0 0 0 0 0 0 0 0 0 0 0 0 0 0 0 0 0 0 0 0 0 0 0 0 0 0 0 0 0 0 0 0 0 0 0 0 0 0 0 0 0 0 0 0 0 0 0 0 0 0 0 0 0 0 0 0 0 0 0 0 0 0 0 0 0 0 0 0 0 0 0 0 0 0 0 0 0 0 0 0 0 0 0 0 0 0 0 0 0 0 0 0 0 0 0 0 0 0 0 0 0 0 0 0 0 0 0 0 0 0 0 0 0 0 0 0 0 0 0 0 0 0 0 0 0 0 0 0 0 0 0 0 0 0 0 0 0 0
</DataArray>
<DataArray type="Float32" Name="order_param" format="ascii">
0.6083 0.8567 0.7569 0.7540 0.7950 0.8024 0.6499 0.8335 0.7088 0.6441 0.7675 0.6019 0.7347 0.6481 0.7953 0.8207 0.7890 0.7827 0.8346 0.8068 0.6026 0.7627 0.8025 0.6883 0.7568 0.8351 0.6538 0.7056 0.8624 0.8192 0.5501 0.7285 0.7635 0.6212 0.7319 0.7106 0.7403 0.7147 0.7612 0.7386 0.8300 0.7326 0.7855 0.6864 0.7642 0.7307 0.8304 0.6443 0.5804 0.6059 0.7926 0.6553 0.7923 0.6825 0.8324 0.7136 0.6710 0.6713 0.8435 0.7529 0.7262 0.7029 0.7769 0.7492 0.7574 0.8145 0.6992 0.7381 0.6820 0.7489 0.7579 0.6449 0.6221 0.7136 0.8293 0.7553 0.8021 0.6775 0.6370 0.6920 0.8376 0.5942 0.8353 0.8381 0.7879 0.5892 0.6603 0.5813 0.8003 0.8253 0.7004 0.7843 0.7285 0.7973 0.6659 0.6897 0.5654 0.6799 0.8464 0.7493 0.7255 0.7819 0.8038 0.7716 0.6776 0.7819 0.7000 0.7678 0.8090 0.7938 0.7730 0.6562 0.8029 0.7746 0.7393 0.8004 0.6318 0.7567 0.6356 0.8268 0.7489 0.7829 0.6813 0.7986 0.7667 0.7263 0.6616 0.8302 0.8436 0.7913 0.7300 0.7381 0.6985 0.6697 0.5824 0.8230 0.5965 0.7986 0.5264 0.5663 0.5532 0.8229 0.5794 0.8468 0.7449 0.7098 0.7871 0.7760 0.6530 0.7407 0.7998 0.7339 0.7901 0.6809 0.7883 0.6564 0.7843 0.7281 0.6760 0.7370 0.5865 0.6633 0.7681 0.7633 0.7547 0.5952 0.7756 0.7349 0.7598 0.7688 0.6091 0.6929 0.7102 0.7837 0.7522 0.7992 0.7399 0.7852 0.7990 0.7167 0.7616 0.7275 0.6559 0.7921 0.7945 0.7911 0.6492 0.7344 0.6918 0.7825 0.7361 0.8180 0.5878 0.5929 0.7689 0.7560 0.6732 0.7659 0.7847 0.8328 0.8278 0.7137 0.8373 0.7509 0.7666 0.6927 0.7530 0.5864 0.8320 0.7518 0.6613 0.7933 0.7994 0.6885 0.6954 0.7874 0.7652 0.7474 0.6951 0.7986 0.8109 0.8499 0.6859 0.7812 0.8113 0.8296 0.7532 0.8058 0.6967 0.6645 0.7604 0.8042 0.7441 0.7795 0.7400 0.7089 0.6150 0.7856 0.7338 0.5456 0.7840 0.6944 0.6889 0.6495 0.7570 0.6453 0.6528 0.7284 0.8115 0.7315 0.7826 0.6045 0.6801 0.6597 0.8515 0.8588 0.6166 0.6882 0.6602 0.8483 0.6532 0.7284 0.8018 0.8013 0.5950 0.8139 0.7709 0.5854 0.7867 0.7665 0.6924 0.5980 0.7737 0.7674 0.7843 0.7723 0.7568 0.5948 0.7184 0.6532 0.8455 0.6044 0.7894 0.8027 0.8294 0.7068 0.6316 0.7482 0.7131 0.7538 0.6447 0.6297 0.6644 0.6649 0.8425 0.6433 0.5415 0.7715 0.7381 0.5463 0.7961 0.7767 0.5462 0.8002 0.7975 0.7921 0.6880 0.6039 0.8395 0.7154 0.6242 0.8243 0.7863 0.7449 0.6597 0.8053 0.6924 0.8285 0.8388 0.7496 0.6758 0.7011 0.5997 0.6419 0.7442 0.6334 0.6166 0.7589 0.7858 0.8096 0.5955 0.6784 0.7442 0.7303 0.8119 0.6558 0.8005 0.6847 0.6598 0.5567 0.7880 0.8269 0.8182 0.7467 0.5671 0.6397 0.7401 0.7615 0.6036 0.8343 0.8209 0.6639 0.7721 0.6487 0.6726 0.7277 0.7525 0.6840 0.7375 0.7787 0.7314 0.6281 0.8114 0.6743 0.7681 0.5930 0.6438 0.6066 0.7241 0.5247 0.7534 0.7710 0.6947 0.6680 0.7769 0.7926 0.5879 0.6977 0.5916 0.6283 0.7758 0.6532 0.7513 0.7849 0.6581 0.6315 0.8129 0.7995 0.6148 0.7914 0.6528 0.7266 0.7157 0.8189 0.8099 0.6564 0.7431 0.8600 0.8198 0.7158 0.6382 0.7500 0.5508 0.7339 0.6554 0.6967 0.6231 0.6945 0.8476 0.7328 0.8064 0.7818 0.8547 0.6861 0.7699 0.6138 0.7730 0.8674 0.6651 0.6804 0.7883 0.7474 0.8138 0.8121 0.7758 0.6826 0.6378 0.7849 0.7936 0.7001 0.7649 0.7989 0.8141 0.6423 0.7334 0.7694 0.7683 0.6150 0.6163 0.5665 0.7757 0.7774 0.7504 0.8343 0.7687 0.5795 0.7385 0.8019 0.5203 0.6830 0.5979 0.8139 0.7960 0.8040 0.7433 0.6805 0.7415 0.7617 0.6224 0.7741 0.7362 0.7863 0.7148 0.5377 0.8037 0.7820 0.7424 0.7784 0.6562 0.6976 0.7758 0.7710 0.6994 0.7704 0.8324 0.6576 0.8206 0.7489 0.6661 0.6658 0.6832 0.7295 0.7540 0.8246 0.7658 0.7547 0.7471 0.6927 0.7241 0.7001 0.6133 0.6688 0.7323 0.7668 0.7841 0.6867 0.6486 0.7106 0.7966 0.7899 0.6628 0.8225 0.6882 0.5974 0.6821 0.6287 0.6994 0.8492 0.6803 0.6542 0.8444 0.8765 0.7496 0.6852 0.5687 0.6176 0.8770 0.7255 0.6479 0.6466 0.5745 0.7549 0.7441 0.8018 0.5661 0.5541 0.6000 0.8195 0.6509 0.7619 0.8478 0.7825 0.7559 0.8153 0.7163 0.7917 0.7676 0.7719 0.7914 0.8079 0.6101 0.7260 0.5724 0.7328 0.8018 0.4454 0.5261 0.7645 0.7487 0.8485 0.6357 0.8048 0.6223 0.7803 0.6354 0.6022 0.8070 0.6777 0.6668 0.8569 0.6794 0.5768 0.8245 0.7100 0.6903 0.8413 0.6561 0.6391 0.8352 0.7281 0.8005 0.6731 0.8429 0.7812 0.6328 0.8290 0.8421 0.8200 0.7195 0.6724 0.6435 0.7754 0.7019 0.5993 0.7170 0.7727 0.7333 0.5462 0.7632 0.7824 0.7480 0.6667 0.7931 0.8617 0.6731 0.8128 0.6566 0.6997 0.8403 0.8609 0.7185 0.8210 0.5941 0.6494 0.6401 0.6374 0.7948 0.7073 0.7109 0.7004 0.7548 0.7853 0.5624 0.8478 0.7151 0.7514 0.7683 0.6006 0.7142 0.8771 0.7523 0.8100 0.7731 0.6648 0.5982 0.7920 0.6812 0.7109 0.7155 0.5551 0.8394 0.6692 0.8216 0.7839 0.6474 0.7708 0.7143 0.8166 0.7450 0.5577 0.8073 0.6084 0.5835 0.7492 0.7492 0.6827 0.7691 0.6323 0.8071 0.6207 0.6744 0.6689 0.7971 0.6628 0.7868 0.7474 0.7065 0.6157 0.6545 0.7517 0.7290 0.4835 0.7891 0.7666 0.7723 0.8149 0.7555 0.8128 0.7018 0.6537 0.7946 0.6796 0.6376 0.7972 0.8056 0.7337 0.6759 0.6939 0.7361 0.8073 0.8356 0.7928 0.8046 0.6934 0.8033 0.7506 0.7781 0.5910 0.7238 0.5903 0.6825 0.7948 0.7922 0.6360 0.8229 0.6138 0.7841 0.6825 0.7927 0.6570 0.7977 0.8138 0.6103 0.6609 0.6365 0.7279 0.7959 0.6156 0.7374 0.8139 0.8146 0.7537 0.7078 0.8330 0.6859 0.6239 0.8293 0.8312 0.6217 0.8303 0.8207 0.7763 0.8162 0.7114 0.7386 0.7711 0.6533 0.6421 0.8047 0.5739 0.5199 0.6064 0.6961 0.8268 0.8068 0.7697 0.8118 0.5798 0.6649 0.5627 0.8603 0.7594 0.6517 0.7472 0.8168 0.7471 0.7848 0.7122 0.6671 0.8295 0.8073 0.6818 0.7269 0.8229 0.7267 0.7330 0.7463 0.7535 0.6931 0.8215 0.6144 0.7744 0.6838 0.7776 0.7991 0.5984 0.7558 0.4995 0.7766 0.7913 0.6385 0.7816 0.7968 0.7664 0.7449 0.7266 0.6523 0.8423 0.5923 0.6104 0.7938 0.8371 0.7053 0.6768 0.7092 0.8083 0.7703 0.7669 0.6832 0.6314 0.7455 0.7800 0.7311 0.8611 0.7658 0.8389 0.6621 0.5987 0.8073 0.7828 0.7870 0.7945 0.8159 0.8188 0.6722 0.5097 0.7187 0.5872 0.7129 0.8104 0.6916 0.7555 0.8173 0.7800 0.6981 0.7979 0.7758 0.7962 0.5419 0.7836 0.7304 0.5865 0.7665 0.6731 0.7380 0.5628 0.7824 0.7011 0.8443 0.6373 0.5814 0.8175 0.7563 0.7669 0.6164 0.6009 0.5691 0.8177 0.7538 0.7727 0.6722 0.8126 0.6842 0.7146 0.7863 0.7094 0.7366 0.8610 0.8384 0.7713 0.7582 0.6536 0.7228 0.6163 0.8202 0.8445 0.7548 0.6890 0.6079 0.7425 0.7235 0.7472 0.7723 0.7448 0.7340 0.7722 0.7713 0.6180 0.7734 0.6993 0.6706 0.8068 0.6484 0.8131 0.6975 0.7663 0.8157 0.8102 0.5916 0.8069 0.8003 0.6385 0.6859 0.6922 0.7358 0.6732 0.7257 0.5192 0.5858 0.6637 0.7437 0.6622 0.6726 0.6961 0.6145 0.7377 0.7030 0.7276 0.8207 0.7431 0.6860 0.8609 0.8161 0.8300 0.7152 0.6297 0.7365 0.6501 0.7795 0.7371 0.6863 0.7368 0.7003 0.8398 0.6739 0.6773 0.7202 0.6117 0.8360 0.7989 0.6118 0.6897 0.7868 0.6397 0.7821 0.6567 0.7838 0.6272 0.7701 0.6192 0.8134 0.6482 0.7161 0.7025 0.6269 0.8283 0.6460 0.7452 0.7038 0.7767 0.8281 0.7829 0.7136 0.7634 0.7469 0.5822 0.7963 0.6708 0.6235 0.7395 0.7531 0.8180 0.7681 0.6943 0.7045 0.7554 0.6906 0.6285 0.6996 0.6415 0.8362 0.6567 0.5475 0.7488 0.6835 0.6190 0.8518 0.5426 0.7860 0.7986 0.6583 0.5615 0.7690 0.6516 0.7507 0.6210 0.6572 0.8074 0.7393 0.6625 0.7978 0.8111 0.6066 0.6585 0.6284 0.6071 0.6631 0.8286 0.6687 0.7544 0.7804 0.6649 0.7522 0.7145 0.7695 0.6652 0.7037 0.6280 0.6236 0.7724 0.7559 0.8448 0.8531 0.5264 0.5880 0.8196 0.7223 0.7576 0.8132 0.6109 0.6234 0.7735 0.6244 0.7969 0.7258 0.7538 0.7688 0.8450 0.8059 0.6574 0.5696 0.8041 0.7673 0.7863 0.7554 0.7584 0.7476 0.7067 0.6599 0.7293 0.7491 0.7808 0.8028 0.6324 0.5889 0.7626 0.7069 0.8128 0.5907 0.8051 0.7601 0.7384 0.8069 0.8004 0.7654 0.7088 0.7000 0.7420 0.8182 0.6591 0.7133 0.7779 0.8978 0.8471 0.7881 0.7719 0.8274 0.7714 0.7546 0.7651 0.6465 0.6580 0.7487 0.6479 0.6653 0.6518 0.7294 0.6329 0.8021 0.8147 0.5732 0.7378 0.6599 0.7972 0.8056 0.7782 0.7304 0.8581 0.6641 0.7560 0.8314 0.5421 0.7650 0.8385 0.8420 0.7815 0.8066 0.4919 0.5946 0.5721 0.8035 0.8054 0.7133 0.7492 0.7656 0.7048 0.7521 0.8456 0.7274 0.6299 0.8078 0.7545 0.7584 0.7322 0.6796 0.8133 0.6113 0.7243 0.5951 0.7046 0.7847 0.8123 0.5706 0.6962 0.7194 0.6875 0.7600 0.8460 0.7308 0.7479 0.7137 0.7800 0.7236 0.7854 0.8081 0.8207 0.7535 0.8521 0.7826 0.6856 0.7117 0.6433 0.8100 0.8285 0.8059 0.8329 0.6912 0.6417 0.8280 0.6090 0.6711 0.7807 0.7349 0.6568 0.6493 0.7124 0.7874 0.7099 0.7676 0.6459 0.7339 0.7223 0.8392 0.6671 0.7798 0.7975 0.6185 0.8162 0.7701 0.8186 0.7206 0.8114 0.7069 0.7215 0.7797 0.6782 0.7677 0.7446 0.7737 0.7840 0.8115 0.8185 0.6817 0.6608 0.6197 0.7809 0.7802 0.5370 0.7891 0.6935 0.6660 0.8352 0.8480 0.7499 0.6884 0.7613 0.7001 0.5711 0.6679 0.6671 0.8003 0.7622 0.7901 0.5782 0.8145 0.7931 0.7481 0.5936 0.6581 0.8549 0.7957 0.6079 0.7423 0.5371 0.6688 0.7680 0.6253 0.6907 0.8133 0.4772 0.8072 0.7574 0.5825 0.6086 0.7227 0.7829 0.5990 0.7779 0.7873 0.7385 0.7841 0.7914 0.8270 0.7912 0.6561 0.5188 0.6450 0.7779 0.6851 0.7634 0.5185 0.8224 0.7265 0.6252 0.7023 0.6974 0.6676 0.6789 0.6862 0.8127 0.7880 0.7391 0.8412 0.8049 0.7972 0.7346 0.7900 0.7520 0.6885 0.8429 0.8088 0.7242 0.7046 0.7758 0.7971 0.7692 0.8222 0.6363 0.7847 0.7469 0.7567 0.8481 0.7256 0.8199 0.7970 0.6821 0.7391 0.6030 0.6905 0.7073 0.6450 0.8778 0.8268 0.5553 0.7821 0.5350 0.6446 0.7890 0.7965 0.7214 0.8351 0.7967 0.6285 0.6177 0.7672 0.8081 0.7299 0.7428 0.8372 0.6616 0.8324 0.8216 0.6666 0.8329 0.7860 0.6860 0.7918 0.5233 0.7811 0.7910 0.5458 0.7938 0.7488 0.5937 0.7912 0.7810 0.5220 0.6344 0.8225 0.6883 0.8049 0.8375 0.8297 0.8073 0.5939 0.7887 0.8041 0.7448 0.7122 0.7711 0.7657 0.7347 0.8031 0.8006 0.7991 0.8019 0.6871 0.8380 0.6092 0.6481 0.8200 0.7221 0.6539 0.7709 0.6772 0.5450 0.7513 0.8589 0.7902 0.6587 0.6582 0.7721 0.6706 0.6843 0.7476 0.7206 0.7466 0.6582 0.7360 0.8419 0.7119 0.6172 0.7715 0.6947 0.8097 0.5481 0.7538 0.7368 0.8545 0.7725 0.6624 0.6624 0.7937 0.7128 0.6410 0.6125 0.8162 0.7227 0.7637 0.7914 0.7139 0.7560 0.6933 0.7912 0.7788 0.7277 0.6206 0.6843 0.7164 0.7958 0.7509 0.7262 0.7141 0.7571 0.8139 0.7818 0.7125 0.6991 0.7366 0.6799 0.7005 0.7576 0.6360 0.7018 0.7222 0.5391 0.7905 0.8047 0.8333 0.7793 0.5977 0.6738 0.7133 0.7271 0.7328 0.8127 0.8079 0.7198 0.7855 0.7039 0.5929 0.7448 0.8564 0.7372 0.6995 0.7959 0.6529 0.8153 0.7852 0.6361 0.7877 0.7200 0.6248 0.6835 0.6280 0.8063 0.6845 0.6600 0.6701 0.7264 0.7751 0.7630 0.5854 0.8203 0.6952 0.6701 0.7093 0.7088 0.7804 0.6441 0.5516 0.6119 0.6628 0.6824 0.7870 0.8225 0.8153 0.5857 0.6529 0.7551 0.6536 0.8348 0.7388 0.7788 0.8246 0.7423 0.6818 0.7923 0.8249 0.8865 0.6376 0.8040 0.7928 0.6026 0.6050 0.7492 0.8371 0.7569 0.7062 0.7476 0.6308 0.7806 0.7544 0.7702 0.7672 0.7527 0.6960 0.5933 0.7659 0.5735 0.7754 0.6929 0.6365 0.5636 0.6491 0.7029 0.6043 0.7345 0.8294 0.7963 0.8466 0.6832 0.8447 0.7917 0.8284 0.7778 0.6292 0.8039 0.7839 0.8266 0.6800 0.8391 0.6947 0.7746 0.8354 0.7540 0.7897 0.7786 0.8363 0.8059 0.7405 0.7998 0.7753 0.6292 0.7962 0.7722 0.7107 0.7664 0.7982 0.7888 0.7622 0.4704 0.7967 0.6763 0.5113 0.7888 0.8420 0.8124 0.6045 0.6725 0.6580 0.7822 0.6546 0.8298 0.6355 0.7083 0.5856 0.5677 0.7844 0.5712 0.7668 0.6502 0.7780 0.7189 0.6246 0.7832 0.6528 0.7797 0.7331 0.7338 0.8092 0.6766 0.5287 0.8029 0.7743 0.6494 0.7903 0.8246 0.7347 0.7792 0.7865 0.6525 0.6721 0.7684 0.6943 0.6644 0.7971 0.5848 0.7126 0.7218 0.7802 0.8291 0.8152 0.5637 0.7156 0.6775 0.6074 0.8012 0.5953 0.6759 0.7696 0.7721 0.6928 0.6259 0.7127 0.8033 0.7387 0.8322 0.8009 0.7954 0.7138 0.6549 0.7098 0.7912 0.7136 0.6868 0.7729 0.8293 0.5569 0.8223 0.7270 0.8465 0.7903 0.7268 0.6744 0.7849 0.6994 0.5536 0.8456 0.6605 0.7891 0.6112 0.7474 0.7966 0.6430 0.7911 0.6829 0.7652 0.7844 0.6906 0.5963 0.7592 0.8106 0.7036 0.5460 0.7696 0.7360 0.8044 0.7339 0.7871 0.7104 0.7492 0.7499 0.7399 0.6133 0.7810 0.7788 0.6370 0.7906 0.6534 0.6858 0.6526 0.6591 0.6600 0.6909 0.7402 0.7378 0.8364 0.7169 0.7829 0.7507 0.7724 0.6976 0.7736 0.8080 0.6657 0.6177 0.7743 0.7364 0.7338 0.8024 0.8349 0.7700 0.7114 0.6986 0.6129 0.7782 0.7198 0.6507 0.8087 0.5918 0.6934 0.7969 0.6714 0.7362 0.8223 0.8339 0.8453 0.6940 0.7139 0.7393 0.5095 0.7986 0.8177 0.7580 0.8600 0.7693 0.7510 0.7653 0.7174 0.7787 0.7265 0.6185 0.7589 0.7888 0.7144 0.7676 0.8337 0.6607 0.7482 0.6743 0.7394 0.8727 0.7534 0.6680 0.6737 0.7189 0.7775 0.7575 0.5931 0.8296 0.8193 0.7374 0.7738 0.7295 0.7635 0.6033 0.7817 0.6804 0.5882 0.7800 0.5579 0.6256 0.6619 0.7885 0.8003 0.7701 0.8184 0.6918 0.6116 0.8293 0.7692 0.6220 0.7790 0.7582 0.6179 0.6345 0.6048 0.5813 0.7802 0.5392 0.8134 0.7326 0.6480 0.8373 0.7925 0.7234 0.7470 0.6518 0.8380 0.7256 0.7466 0.7603 0.8090 0.7236 0.5275 0.8030 0.7540 0.6998 0.7600 0.7416 0.6012 0.6731 0.6465 0.6377 0.7017 0.7804 0.6268 0.7389 0.5150 0.7719 0.7861 0.6269 0.7010 0.7667 0.6428 0.7923 0.6471 0.7509 0.7497 0.6892 0.7282 0.6866 0.7518 0.7203 0.5947 0.7668 0.7919 0.7950 0.8361 0.8054 0.8296 0.7738 0.7357 0.7779 0.7714 0.6791 0.8243 0.7452 0.6700 0.6849 0.6949 0.8178 0.7528 0.6637 0.7696 0.6758 0.8260 0.6469 0.7891 0.6703 0.5773 0.8386 0.7566 0.6749 0.6939 0.6592 0.8128 0.8168 0.6471 0.7846 0.7854 0.7721 0.7522 0.6851 0.7258 0.7667 0.7945 0.5665 0.8587 0.8301 0.8375 0.7667 0.6003 0.6811 0.7840 0.5729 0.8157 0.6346 0.7013 0.8376 0.8258 0.7330 0.6555 0.7729 0.6935 0.6031 0.8195 0.5978 0.7614 0.7418 0.7331 0.6069 0.7470 0.7294 0.8042 0.7781 0.5757 0.7444 0.7853 0.7854 0.6736 0.5848 0.5473 0.8380 0.6941 0.6588 0.5879 0.6715 0.8190 0.7983 0.7090 0.7015 0.6122 0.8102 0.6900 0.6637 0.8400 0.7979 0.8089 0.6583 0.6290 0.8005 0.6671 0.7748 0.8042 0.7394 0.7540 0.7512 0.6815 0.8619 0.7185 0.8188 0.6996 0.7041 0.8383 0.7068 0.7379 0.8372 0.8361 0.8148 0.6729 0.5041 0.7622 0.7787 0.6327 0.7273 0.8068 0.6152 0.7391 0.8203 0.7359 0.7975 0.7955 0.5587 0.8027 0.6377 0.6675 0.6574 0.7565 0.8298 0.7250 0.7403 0.7337 0.6416 0.7162 0.7810 0.6275 0.7722 0.7357 0.6278 0.7625 0.6992 0.7370 0.6310 0.8033 0.8157 0.7021 0.5555 0.6134 0.7719 0.7071 0.7855 0.6022 0.7847 0.7146 0.7890 0.6796 0.7879 0.7742 0.7734 0.8293 0.7470 0.8842 0.6750 0.6560 0.7561 0.6914 0.7879 0.8637 0.6471 0.8256 0.7079 0.5814 0.6542 0.7684 0.7802 0.7971 0.7307 0.7639 0.7688 0.7796 0.7586 0.6419 0.7116 0.6489 0.5923 0.7335 0.7235 0.7662 0.6108 0.7800 0.8125 0.8191 0.6404 0.8095 0.5523 0.7446 0.6158 0.8592 0.7771 0.6663 0.6984 0.8425 0.7783 0.8155 0.7563 0.5091 0.5936 0.6993 0.8097 0.8367 0.7979 0.7391 0.6717 0.6541 0.6289 0.6050 0.4596 0.7252 0.7728 0.7470 0.7047 0.7064 0.8193 0.5662 0.6479 0.8568 0.7395 0.6375 0.7990 0.6001 0.7608 0.6386 0.7353 0.7807 0.7767 0.6920 0.7378 0.4807 0.7787 0.6190 0.7637 0.8046 0.7863 0.7867 0.7346 0.8206 0.6235 0.6371 0.8049 0.7817 0.6667 0.7057 0.6712 0.7159 0.7646 0.8411 0.5857 0.7136 0.8085 0.5673 0.7852 0.7834 0.7796 0.7124 0.7658 0.6588 0.8192 0.7488 0.6035 0.8321 0.7045 0.5697 0.7635 0.6478 0.7275 0.7139 0.7957 0.7181 0.6269 0.7070 0.7820 0.7754 0.6994 0.7803 0.8186 0.7799 0.6667 0.7828 0.8617 0.7850 0.7686 0.6207 0.8125 0.5137 0.6435 0.8161 0.8067 0.7544 0.7029 0.6955 0.7088 0.7961 0.7200 0.7371 0.6784 0.7674 0.6661 0.6859 0.7359 0.8027 0.6521 0.8218 0.5975 0.5859 0.8107 0.5896 0.8379 0.7771 0.5912 0.8385 0.6313 0.6393 0.6348 0.6271 0.7338 0.7820 0.6549 0.6119 0.6703 0.7711 0.6986 0.7817 0.5359 0.7847 0.7656 0.5743 0.7759 0.6159 0.8028 0.7841 0.8014 0.7500 0.6946 0.5319 0.7847 0.7252 0.8084 0.6015 0.5393 0.6312 0.7614 0.6487 0.7260 0.7905 0.6574 0.7548 0.6508 0.6621 0.6382 0.6345 0.5519 0.5710 0.6734 0.8015 0.6466 0.7223 0.7921 0.8288 0.7376 0.7852 0.7974 0.8099 0.7672 0.7074 0.7658 0.7493 0.7124 0.7394 0.8226 0.8137 0.8254 0.7604 0.7893 0.7466 0.7938 0.5333 0.8008 0.6507 0.6120 0.7780 0.7672 0.6756 0.6106 0.5999 0.7796 0.7986 0.8359 0.6329 0.6981 0.6329 0.5811 0.7741 0.8286 0.6918 0.5804 0.7653 0.5686 0.7323 0.6668 0.7386 0.7211 0.7080 0.7715 0.7556 0.5690 0.7548 0.6381 0.8614 0.8167 0.7347 0.7029 0.7430 0.6359 0.6977 0.6949 0.8154 0.6479 0.6186 0.6428 0.7223 0.8829 0.5951 0.8226 0.6256 0.8212 0.8222 0.8106 0.7868 0.6327 0.7719 0.5596 0.7769 0.7496 0.8608 0.7898 0.6218 0.8083 0.7518 0.7796 0.5901 0.7418 0.7436 0.5519 0.6734 0.6240 0.8352 0.7232 0.7028 0.7215 0.7966 0.7137 0.6171 0.7227 0.5828 0.6064 0.7679 0.6511 0.7501 0.7322 0.6978 0.6022 0.7312 0.6497 0.6840 0.7582 0.7751 0.7355 0.6996 0.6456 0.7106 0.6939 0.8005 0.6482 0.7335 0.8044 0.7876 0.7394 0.7347 0.7964 0.6060 0.8037 0.5832 0.7761 0.7400 0.7175 0.7176 0.7439 0.7569 0.7404 0.8099 0.7528 0.7944 0.7944 0.7481 0.5857 0.6041 0.7783 0.6319 0.5857 0.7400 0.7612 0.6655 0.7410 0.6750 0.8063 0.8010 0.7703 0.7449 0.8244 0.7713 0.6626 0.8044 0.7555 0.6952 0.7993 0.8335 0.6352 0.7777 0.8428 0.7033 0.5372 0.8279 0.7539 0.7240 0.7739 0.7115 0.6600 0.7765 0.7984 0.7424 0.7335 0.6983 0.8003 0.7991 0.6436 0.7320 0.7748 0.6475 0.8663 0.7294 0.6618 0.7307 0.6903 0.7025 0.7315 0.7228 0.7701 0.7423 0.8262 0.6879 0.7088 0.7165 0.6786 0.7985 0.8329 0.7570 0.8037 0.7859 0.8248 0.7143 0.7146 0.6105 0.6445 0.5125 0.7608 0.7910 0.7296 0.6980 0.7950 0.8243 0.6479 0.6815 0.7906 0.6008 0.7707 0.7921 0.7594 0.7824 0.8149 0.7133 0.7114 0.7795 0.7326 0.7800 0.7378 0.5721 0.5654 0.7478 0.7717 0.6170 0.7963 0.6042 0.7779 0.7462 0.6091 0.7931 0.7144 0.5499 0.7532 0.5891 0.8322 0.7882 0.7756 0.7544 0.8031 0.7264 0.6515 0.7431 0.6902 0.8473 0.7812 0.7194 0.8261 0.7148 0.7346 0.6466 0.8286 0.5331 0.7763 0.7659 0.7658 0.8231 0.7911 0.5311 0.7771 0.7983 0.6074 0.8432 0.5856 0.7833 0.6567 0.7549 0.7359 0.6785 0.7193 0.7552 0.6214 0.8209 0.7971 0.5903 0.6965 0.6858 0.8312 0.7649 0.7270 0.6050 0.7662 0.6892 0.8105 0.6163 0.6017 0.8268 0.8387 0.7967 0.8108 0.7143 0.7385 0.6261 0.7761 0.7459 0.6443 0.7533 0.4613 0.8044 0.6466 0.7769 0.6446 0.6255 0.8501 0.7585 0.7745 0.7916 0.7049 0.7847 0.6974 0.6314 0.8048 0.7145 0.8152 0.7212 0.6608 0.8201 0.7714 0.5363 0.7234 0.7137 0.6034 0.6100 0.7463 0.7349 0.6751 0.6823 0.6921 0.7050 0.7763 0.7717 0.7122 0.8109 0.7960 0.6182 0.8139 0.5881 0.7917 0.7332 0.8191 0.6554 0.7619 0.8021 0.6870 0.7387 0.6736 0.6683 0.7974 0.8267 0.6651 0.7193 0.7768 0.7408 0.7924 0.8319 0.8049 0.6746 0.6041 0.7420 0.5388 0.6613 0.5730 0.6984 0.7293 0.5362 0.5467 0.5627 0.7618 0.7653 0.7711 0.8115 0.7111 0.7350 0.8314 0.8209 0.7846 0.8327 0.5878 0.6259 0.6704 0.6662 0.7247 0.7465 0.8095 0.8411 0.7012 0.6815 0.7091 0.7794 0.5990 0.7139 0.6569 0.7023 0.8414 0.8084 0.7955 0.7711 0.5483 0.7733 0.6737 0.7665 0.7568 0.6612 0.7832 0.7890 0.6219 0.7600 0.5892 0.6955 0.5556 0.6149 0.8326 0.7503 0.8551 0.9000 0.9000 0.9000 0.9000 0.9000 0.9000 0.9000 0.9000 0.9000 0.9000 0.9000 0.9000 0.9000 0.9000 0.9000 0.9000 0.9000 0.9000 0.9000 0.9000 0.9000 0.9000 0.9000 0.9000 0.9000 0.9000 0.9000 0.9000 0.9000 0.9000 0.9000 0.9000 0.9000 0.9000 0.9000 0.9000 0.9000 0.9000 0.9000 0.9000 0.9000 0.9000 0.9000 0.9000 0.9000 0.9000 0.9000 0.9000 0.9000 0.9000 0.9000 0.9000 0.9000 0.9000 0.9000 0.9000 0.9000 0.9000 0.9000 0.9000 0.9000 0.9000 0.9000 0.9000 0.9000 0.9000 0.9000 0.9000 0.9000 0.9000 0.9000 0.9000 0.9000 0.9000 0.9000 0.9000 0.9000 0.9000 0.9000 0.9000 0.9000 0.9000 0.9000 0.9000 0.9000 0.9000 0.9000 0.9000 0.9000 0.9000 0.9000 0.9000 0.9000 0.9000 0.9000 0.9000 0.9000 0.9000 0.9000 0.9000 0.9000 0.9000 0.9000 0.9000 0.9000 0.9000 0.9000 0.9000 0.9000 0.9000 0.9000 0.9000 0.9000 0.9000 0.9000 0.9000 0.9000 0.9000 0.9000 0.9000 0.9000 0.9000 0.9000 0.9000 0.9000 0.9000 0.9000 0.9000 0.9000 0.9000 0.9000 0.9000 0.9000 0.9000 0.9000 0.9000 0.9000 0.9000 0.9000 0.9000 0.9000 0.9000 0.9000 0.9000 0.9000 0.9000 0.9000 0.9000 0.9000 0.9000 0.9000 0.9000 0.9000 0.9000 0.9000 0.9000 0.9000 0.9000 0.9000 0.9000 0.9000 0.9000 0.9000 0.9000 0.9000 0.9000 0.9000 0.9000 0.9000 0.9000 0.9000 0.9000 0.9000 0.9000 0.9000 0.9000 0.9000 0.9000 0.9000 0.9000 0.9000 0.9000 0.9000 0.9000 0.9000 0.9000 0.9000 0.9000 0.9000 0.9000 0.9000 0.9000 0.9000 0.9000 0.9000 0.9000 0.9000 0.9000 0.9000 0.9000 0.9000 0.9000 0.9000 0.9000 0.9000 0.9000 0.9000 0.9000 0.9000 0.9000 0.9000 0.9000 0.9000 0.9000 0.9000 0.9000 0.9000 0.9000 0.9000 0.9000 0.9000 0.9000 0.9000 0.9000 0.9000 0.9000 0.9000 0.9000 0.9000 0.9000 0.9000 0.9000 0.9000 0.9000 0.9000 0.9000 0.9000 0.9000 0.9000 0.9000 0.9000 0.9000 0.9000 0.9000 0.9000 0.9000 0.9000 0.9000 0.9000 0.9000 0.9000 0.9000 0.9000 0.9000 0.9000 0.9000 0.9000 0.9000 0.9000 0.9000 0.9000 0.9000 0.9000 0.9000 0.9000 0.9000 0.9000 0.9000 0.9000 0.9000 0.9000 0.9000 0.9000 0.9000 0.9000 0.9000 0.9000 0.9000 0.9000 0.9000 0.9000 0.9000 0.9000 0.9000 0.9000 0.9000 0.9000 0.9000 0.9000 0.9000 0.9000 0.9000 0.9000 0.9000 0.9000 0.9000 0.9000 0.9000 0.9000 0.9000 0.9000 0.9000 0.9000 0.9000 0.9000 0.9000 0.9000 0.9000 0.9000 0.9000 0.9000 0.9000 0.9000 0.9000 0.9000 0.9000 0.9000 0.9000 0.9000 0.9000 0.9000 0.9000 0.9000 0.9000 0.9000 0.9000 0.9000 0.9000 0.9000 0.9000 0.9000 0.9000 0.9000 0.9000 0.9000 0.9000 0.9000 0.9000 0.9000 0.9000 0.9000 0.9000 0.9000 0.9000 0.9000 0.9000 0.9000 0.9000 0.9000 0.9000 0.9000 0.9000 0.9000 0.9000 0.9000 0.9000 0.9000 0.9000 0.9000 0.9000 0.9000 0.9000 0.9000 0.9000 0.9000 0.9000 0.9000 0.9000 0.9000 0.9000 0.9000 0.9000 0.9000 0.9000 0.9000 0.9000 0.9000 0.9000 0.9000 0.9000 0.9000 0.9000 0.9000 0.9000 0.9000 0.9000 0.9000 0.9000 0.9000 0.9000 0.9000 0.9000 0.9000 0.9000 0.9000 0.9000 0.9000 0.9000 0.9000 0.9000 0.9000 0.9000 0.9000 0.9000 0.9000 0.9000 0.9000 0.9000 0.9000 0.9000 0.9000 0.9000 0.9000 0.9000 0.9000 0.9000 0.9000 0.9000 0.9000 0.9000 0.9000 0.9000 0.9000 0.9000 0.9000 0.9000 0.9000 0.9000 0.9000 0.9000 0.9000 0.9000 0.9000 0.9000 0.9000 0.9000 0.9000 0.9000 0.9000 0.9000 0.9000 0.9000 0.9000 0.9000 0.9000 0.9000 0.9000 0.9000 0.9000 0.9000 0.9000 0.9000 0.9000 0.9000 0.9000 0.9000 0.9000 0.9000 0.9000 0.9000 0.9000 0.9000 0.9000 0.9000 0.9000 0.9000 0.9000 0.9000 0.9000 0.9000 0.9000 0.9000 0.9000 0.9000 0.9000 0.9000 0.9000 0.9000 0.9000 0.9000 0.9000 0.9000 0.9000 0.9000 0.9000 0.9000 0.9000 0.9000 0.9000 0.9000 0.9000 0.9000 0.9000 0.9000 0.9000 0.9000 0.9000 0.9000 0.9000 0.9000 0.9000 0.9000 0.9000 0.9000 0.9000 0.9000 0.9000 0.9000 0.9000 0.9000 0.9000 0.9000 0.9000 0.9000 0.9000 0.9000 0.9000 0.9000 0.9000 0.9000 0.9000 0.9000 0.9000 0.9000 0.9000 0.9000 0.9000 0.9000 0.9000 0.9000 0.9000 0.9000 0.9000 0.9000 0.9000 0.9000 0.9000 0.9000 0.9000 0.9000 0.9000 0.9000 0.9000 0.9000 0.9000 0.9000 0.9000 0.9000 0.9000 0.9000 0.9000 0.9000 0.9000 0.9000 0.9000 0.9000 0.9000 0.9000 0.9000 0.9000 0.9000 0.9000 0.9000 0.9000 0.9000 0.9000 0.9000 0.9000 0.9000 0.9000 0.9000 0.9000 0.9000 0.9000 0.9000 0.9000 0.9000 0.9000 0.9000 0.9000 0.9000 0.9000 0.9000 0.9000 0.9000 0.9000 0.9000 0.9000 0.9000 0.9000 0.9000 0.9000 0.9000 0.9000 0.9000 0.9000 0.9000 0.9000 0.9000 0.9000 0.9000 0.9000 0.9000 0.9000 0.9000 0.9000 0.9000 0.9000 0.9000 0.9000 0.9000 0.9000 0.9000 0.9000 0.9000 0.9000 0.9000 0.9000 0.9000 0.9000 0.9000 0.9000 0.9000 0.9000 0.9000 0.9000 0.9000 0.9000 0.9000 0.9000 0.9000 0.9000 0.9000 0.9000 0.9000 0.9000 0.9000 0.9000 0.9000 0.9000 0.9000 0.9000 0.9000 0.9000 0.9000 0.9000 0.9000 0.9000 0.9000 0.9000 0.9000 0.9000 0.9000 0.9000 0.9000 0.9000 0.9000 0.9000 0.9000 0.9000 0.9000 0.9000 0.9000 0.9000 0.9000 0.9000 0.9000 0.9000 0.9000 0.9000 0.9000 0.9000 0.9000 0.9000 0.9000 0.9000 0.9000 0.9000 0.9000 0.9000 0.9000 0.9000 0.9000 0.9000 0.9000 0.9000 0.9000 0.9000 0.9000 0.9000 0.9000 0.9000 0.9000 0.9000 0.9000 0.9000 0.9000 0.9000 0.9000 0.9000 0.9000 0.9000 0.9000 0.9000 0.9000 0.9000 0.9000 0.9000 0.9000 0.9000 0.9000 0.9000 0.9000 0.9000 0.9000 0.9000 0.9000 0.9000 0.9000 0.9000 0.9000 0.9000 0.9000 0.9000 0.9000 0.9000 0.9000 0.9000 0.9000 0.9000 0.9000 0.9000 0.9000 0.9000 0.9000 0.9000 0.9000 0.9000 0.9000 0.9000 0.9000 0.9000 0.9000 0.9000 0.9000 0.9000 0.9000 0.9000 0.9000 0.9000 0.9000 0.9000 0.9000 0.9000 0.9000 0.9000 0.9000 0.9000 0.9000 0.9000 0.9000 0.9000 0.9000 0.9000 0.9000 0.9000 0.9000 0.9000 0.9000 0.9000 0.9000 0.9000 0.9000 0.9000 0.9000 0.9000 0.9000 0.9000 0.9000 0.9000 0.9000 0.9000 0.9000 0.9000 0.9000 0.9000 0.9000 0.9000 0.9000 0.9000 0.9000 0.9000 0.9000 0.9000 0.9000 0.9000 0.9000 0.9000 0.9000 0.9000 0.9000 0.9000 0.9000 0.9000 0.9000 0.9000 0.9000 0.9000 0.9000 0.9000 0.9000 0.9000 0.9000 0.9000 0.9000 0.9000 0.9000 0.9000 0.9000 0.9000 0.9000 0.9000 0.9000 0.9000 0.9000 0.9000 0.9000 0.9000 0.9000 0.9000 0.9000 0.9000 0.9000 0.9000 0.9000 0.9000 0.9000 0.9000 0.9000 0.9000 0.9000 0.9000 0.9000 0.9000 0.9000 0.9000 0.9000 0.9000 0.9000 0.9000 0.9000 0.9000 0.9000 0.9000 0.9000 0.9000 0.9000 0.9000 0.9000 0.9000 0.9000 0.9000 0.9000 0.9000 0.9000 0.9000 0.9000 0.9000 0.9000 0.9000 0.9000 0.9000 0.9000 0.9000 0.9000 0.9000 0.9000 0.9000 0.9000 0.9000 0.9000 0.9000 0.9000 0.9000 0.9000 0.9000 0.9000 0.9000 0.9000 0.9000 0.9000 0.9000 0.9000 0.9000 0.9000 0.9000 0.9000 0.9000 0.9000 0.9000 0.9000 0.9000 0.9000 0.9000 0.9000 0.9000 0.9000 0.9000 0.9000 0.9000 0.9000 0.9000 0.9000 0.9000 0.9000 0.9000 0.9000 0.9000 0.9000 0.9000 0.9000 0.9000 0.9000 0.9000 0.9000 0.9000 0.9000 0.9000 0.9000 0.9000 0.9000 0.9000 0.9000 0.9000 0.9000 0.9000 0.9000 0.9000 0.9000 0.9000 0.9000 0.9000 0.9000 0.9000 0.9000 0.9000 0.9000 0.9000 0.9000 0.9000 0.9000 0.9000 0.9000 0.9000 0.9000 0.9000 0.9000 0.9000 0.9000 0.9000 0.9000 0.9000 0.9000 0.9000 0.9000 0.9000 0.9000 0.9000 0.9000 0.9000 0.9000 0.9000 0.9000 0.9000 0.9000 0.9000 0.9000 0.9000 0.9000 0.9000 0.9000 0.9000 0.9000 0.9000 0.9000 0.9000 0.9000 0.9000 0.9000 0.9000 0.9000 0.9000 0.9000 0.9000 0.9000 0.9000 0.9000 0.9000 0.9000 0.9000 0.9000 0.9000 0.9000 0.9000 0.9000 0.9000 0.9000 0.9000 0.9000 0.9000 0.9000 0.9000 0.9000 0.9000 0.9000 0.9000 0.9000 0.9000 0.9000 0.9000 0.9000 0.9000 0.9000 0.9000 0.9000 0.9000 0.9000 0.9000 0.9000 0.9000 0.9000 0.9000 0.9000 0.9000 0.9000 0.9000 0.9000 0.9000 0.9000 0.9000 0.9000 0.9000 0.9000 0.9000 0.9000 0.9000 0.9000 0.9000 0.9000 0.9000 0.9000 0.9000 0.9000 0.9000 0.9000 0.9000 0.9000 0.9000 0.9000 0.9000 0.9000 0.9000 0.9000 0.9000 0.9000 0.9000 0.9000 0.9000 0.9000 0.9000 0.9000 0.9000 0.9000 0.9000 0.9000 0.9000 0.9000 0.9000 0.9000 0.9000 0.9000 0.9000 0.9000 0.9000 0.9000 0.9000 0.9000 0.9000 0.9000 0.9000 0.9000 0.9000 0.9000 0.9000 0.9000 0.9000 0.9000 0.9000 0.9000 0.9000 0.9000 0.9000 0.9000 0.9000 0.9000 0.9000 0.9000 0.9000 0.9000 0.9000 0.9000 0.9000 0.9000 0.9000 0.9000 0.9000 0.9000 0.9000 0.9000 0.9000 0.9000 0.9000 0.9000 0.9000 0.9000 0.9000 0.9000 0.9000 0.9000 0.9000 0.9000 0.9000 0.9000 0.9000 0.9000 0.9000 0.9000 0.9000 0.9000 0.9000 0.9000 0.9000 0.9000 0.9000 0.9000 0.9000 0.9000 0.9000 0.9000 0.9000 0.9000 0.9000 0.9000 0.9000 0.9000 0.9000 0.9000 0.9000 0.9000 0.9000 0.9000 0.9000 0.9000 0.9000 0.9000 0.9000 0.9000 0.9000 0.9000 0.9000 0.9000 0.9000 0.9000 0.9000 0.9000 0.9000 0.9000 0.9000 0.9000 0.9000 0.9000 0.9000 0.9000 0.9000 0.9000 0.9000 0.9000 0.9000 0.9000 0.9000 0.9000 0.9000 0.9000 0.9000 0.9000 0.9000 0.9000 0.9000 0.9000 0.9000 0.9000 0.9000 0.9000 0.9000 0.9000 0.9000 0.9000 0.9000 0.9000 0.9000 0.9000 0.9000 0.9000 0.9000 0.9000 0.9000 0.9000 0.9000 0.9000 0.9000 0.9000 0.9000 0.9000 0.9000 0.9000 0.9000 0.9000 0.9000 0.9000 0.9000 0.9000 0.9000 0.9000 0.9000 0.9000 0.9000 0.9000 0.9000 0.9000 0.9000 0.9000 0.9000 0.9000 0.9000 0.9000 0.9000 0.9000 0.9000 0.9000 0.9000 0.9000 0.9000 0.9000 0.9000 0.9000 0.9000 0.9000 0.9000 0.9000 0.9000 0.9000 0.9000 0.9000 0.9000 0.9000 0.9000 0.9000 0.9000 0.9000 0.9000 0.9000 0.9000 0.9000 0.9000 0.9000 0.9000 0.9000 0.9000 0.9000 0.9000 0.9000 0.9000 0.9000 0.9000 0.9000 0.9000 0.9000 0.9000 0.9000 0.9000 0.9000 0.9000 0.9000 0.9000 0.9000 0.9000 0.9000 0.9000 0.9000 0.9000 0.9000 0.9000 0.9000 0.9000 0.9000 0.9000 0.9000 0.9000 0.9000 0.9000 0.9000 0.9000 0.9000 0.9000 0.9000 0.9000 0.9000 0.9000 0.9000 0.9000 0.9000 0.9000 0.9000 0.9000 0.9000 0.9000 0.9000 0.9000 0.9000 0.9000 0.9000 0.9000 0.9000 0.9000 0.9000 0.9000 0.9000 0.9000 0.9000 0.9000 0.9000 0.9000 0.9000 0.9000 0.9000 0.9000 0.9000 0.9000 0.9000 0.9000 0.9000 0.9000 0.9000 0.9000 0.9000 0.9000 0.9000 0.9000 0.9000 0.9000 0.9000 0.9000 0.9000 0.9000 0.9000 0.9000 0.9000 0.9000 0.9000 0.9000 0.9000 0.9000 0.9000 0.9000 0.9000 0.9000 0.9000 0.9000 0.9000 0.9000 0.9000 0.9000 0.9000 0.9000 0.9000 0.9000 0.9000 0.9000 0.9000 0.9000 0.9000 0.9000 0.9000 0.9000 0.9000 0.9000 0.9000 0.9000 0.9000 0.9000 0.9000 0.9000 0.9000 0.9000 0.9000 0.9000 0.9000 0.9000 0.9000 0.9000 0.9000 0.9000 0.9000 0.9000 0.9000 0.9000 0.9000 0.9000 0.9000 0.9000 0.9000 0.9000 0.9000 0.9000 0.9000 0.9000 0.9000 0.9000 0.9000 0.9000 0.9000 0.9000 0.9000 0.9000 0.9000 0.9000 0.9000 0.9000 0.9000 0.9000 0.9000 0.9000 0.9000 0.9000 0.9000 0.9000 0.9000 0.9000 0.9000 0.9000 0.9000 0.9000 0.9000 0.9000 0.9000 0.9000 0.9000 0.9000 0.9000 0.9000 0.9000 0.9000 0.9000 0.9000 0.9000 0.9000 0.9000 0.9000 0.9000 0.9000 0.9000 0.9000 0.9000 0.9000 0.9000 0.9000 0.9000 0.9000 0.9000 0.9000 0.9000 0.9000 0.9000 0.9000 0.9000 0.9000 0.9000 0.9000 0.9000 0.9000 0.9000 0.9000 0.9000 0.9000 0.9000 0.9000 0.9000 0.9000 0.9000 0.9000 0.9000 0.9000 0.9000 0.9000 0.9000 0.9000 0.9000 0.9000 0.9000 0.9000 0.9000 0.9000 0.9000 0.9000 0.9000 0.9000 0.9000 0.9000 0.9000 0.9000 0.9000 0.9000 0.9000 0.9000 0.9000 0.9000 0.9000 0.9000 0.9000 0.9000 0.9000 0.9000 0.9000 0.9000 0.9000 0.9000 0.9000 0.9000 0.9000 0.9000 0.9000 0.9000 0.9000 0.9000 0.9000 0.9000 0.9000 0.9000 0.9000 0.9000 0.9000 0.9000 0.9000 0.9000 0.9000 0.9000 0.9000 0.9000 0.9000 0.9000 0.9000 0.9000 0.9000 0.9000 0.9000 0.9000 0.9000 0.9000 0.9000 0.9000 0.9000 0.9000 0.9000 0.9000 0.9000 0.9000 0.9000 0.9000 0.9000 0.9000 0.9000 0.9000 0.9000 0.9000 0.9000 0.9000 0.9000 0.9000 0.9000 0.9000 0.9000 0.9000 0.9000 0.9000 0.9000 0.9000 0.9000 0.9000 0.9000 0.9000 0.9000 0.9000 0.9000 0.9000 0.9000 0.9000 0.9000 0.9000 0.9000 0.9000 0.9000 0.9000 0.9000 0.9000 0.9000 0.9000 0.9000 0.9000 0.9000 0.9000 0.9000 0.9000 0.9000 0.9000 0.9000 0.9000 0.9000 0.9000 0.9000 0.9000 0.9000 0.9000 0.9000 0.9000 0.9000 0.9000 0.9000 0.9000 0.9000 0.9000 0.9000 0.9000 0.9000 0.9000 0.9000 0.9000 0.9000 0.9000 0.9000 0.9000 0.9000 0.9000 0.9000 0.9000 0.9000 0.9000 0.9000 0.9000 0.9000 0.9000 0.9000 0.9000 0.9000 0.9000 0.9000 0.9000 0.9000 0.9000 0.9000 0.9000 0.9000 0.9000 0.9000 0.9000 0.9000 0.9000 0.9000 0.9000 0.9000 0.9000 0.9000 0.9000 0.9000 0.9000 0.9000 0.9000 0.9000 0.9000 0.9000 0.9000 0.9000 0.9000 0.9000 0.9000 0.9000 0.9000 0.9000 0.9000 0.9000 0.9000 0.9000 0.9000 0.9000 0.9000 0.9000 0.9000 0.9000 0.9000 0.9000 0.9000 0.9000 0.9000 0.9000 0.9000 0.9000 0.9000 0.9000 0.9000 0.9000 0.9000 0.9000 0.9000 0.9000 0.9000 0.9000 0.9000 0.9000 0.9000 0.9000 0.9000 0.9000 0.9000 0.9000 0.9000 0.9000 0.9000 0.9000 0.9000 0.9000 0.9000 0.9000 0.9000 0.9000 0.9000 0.9000 0.9000 0.9000 0.9000 0.9000 0.9000 0.9000 0.9000 0.9000 0.9000 0.9000 0.9000 0.9000 0.9000 0.9000 0.9000 0.9000 0.9000 0.9000 0.9000 0.9000 0.9000 0.9000 0.9000 0.9000 0.9000 0.9000 0.9000 0.9000 0.9000 0.9000 0.9000 0.9000 0.9000 0.9000 0.9000 0.9000 0.9000 0.9000 0.9000 0.9000 0.9000 0.9000 0.9000 0.9000 0.9000 0.9000 0.9000 0.9000 0.9000 0.9000 0.9000 0.9000 0.9000 0.9000 0.9000 0.9000 0.9000 0.9000 0.9000 0.9000 0.9000 0.9000 0.9000 0.9000 0.9000 0.9000 0.9000 0.9000 0.9000 0.9000 0.9000 0.9000 0.9000 0.9000 0.9000 0.9000 0.9000 0.9000 0.9000 0.9000 0.9000 0.9000 0.9000 0.9000 0.9000 0.9000 0.9000 0.9000 0.9000 0.9000 0.9000 0.9000 0.9000 0.9000 0.9000 0.9000 0.9000 0.9000 0.9000 0.9000 0.9000 0.9000 0.9000 0.9000 0.9000 0.9000 0.9000 0.9000 0.9000 0.9000 0.9000 0.9000 0.9000 0.9000 0.9000 0.9000 0.9000 0.9000 0.9000 0.9000 0.9000 0.9000 0.9000 0.9000 0.9000 0.9000 0.9000 0.9000 0.9000 0.9000 0.9000 0.9000 0.9000 0.9000 0.9000 0.9000 0.9000 0.9000 0.9000 0.9000 0.9000 0.9000 0.9000 0.9000 0.9000 0.9000 0.9000 0.9000 0.9000 0.9000 0.9000 0.9000 0.9000 0.9000 0.9000 0.9000 0.9000 0.9000 0.9000 0.9000 0.9000 0.9000 0.9009 0.9009 0.8780 0.9078 0.8878 0.8967 0.9203 0.8961 0.9109 0.8969 0.8737 0.8744 0.9064 0.8744 0.8825 0.9086 0.8534 0.9055 0.8883 0.8932 0.9310 0.8490 0.9067 0.8772 0.9102 0.8566 0.8641 0.8938 0.9118 0.8921 0.9130 0.8990 0.8930 0.9238 0.8863 0.8545 0.8814 0.9017 0.9231 0.9102 0.8980 0.9088 0.9031 0.9122 0.9171 0.8777 0.8640 0.8549 0.8869 0.9137 0.9075 0.9224 0.8924 0.8631 0.8832 0.8785 0.8832 0.8988 0.8867 0.8763 0.8712 0.8683 0.8986 0.9012 0.8998 0.8523 0.8298 0.8692 0.8851 0.8760 0.9041 0.8968 0.8675 0.8931 0.8985 0.9152 0.8957 0.9152 0.9021 0.8958 0.8844 0.8785 0.8618 0.8313 0.8681 0.9105 0.8913 0.8876 0.8919 0.8573 0.8986 0.9041 0.9083 0.9028 0.8883 0.8997 0.8454 0.9001 0.9036 0.9096 0.8664 0.8903 0.9005 0.9122 0.8910 0.8905 0.9315 0.9163 0.8757 0.8809 0.9031 0.8914 0.9025 0.8812 0.9070 0.9062 0.8742 0.8720 0.8908 0.8944 0.9236 0.8390 0.9164 0.9154 0.8958 0.9095 0.9052 0.9022 0.8706 0.8715 0.8857 0.9114 0.9225 0.9003 0.9137 0.8877 0.8735 0.8639 0.9048 0.8776 0.8707 0.8631 0.9190 0.8907 0.8824 0.8861 0.8710 0.8764 0.9029 0.8936 0.8997 0.8981 0.8449 0.9127 0.8912 0.8727 0.8887 0.9185 0.8931 0.8724 0.8892 0.8570 0.9085 0.8739 0.9095 0.8551 0.8766 0.8476 0.9062 0.8814 0.8966 0.8800 0.9179 0.9093 0.8826 0.8686 0.9017 0.8799 0.9201 0.8724 0.9028 0.9142 0.8585 0.8739 0.8824 0.8484 0.9220 0.8883 0.9009 0.8784 0.8940 0.9014 0.8642 0.8976 0.8993 0.8857 0.9065 0.8758 0.8960 0.8579 0.8350 0.9046 0.8917 0.9043 0.8991 0.8721 0.9079 0.8677 0.8900 0.8870 0.8997 0.8839 0.9030 0.9021 0.9086 0.8515 0.8974 0.9004 0.9119 0.8902 0.8431 0.8992 0.9106 0.8663 0.8593 0.8863 0.9157 0.9089 0.8865 0.8683 0.9304 0.8514 0.8721 0.9055 0.9266 0.8893 0.8864 0.9277 0.8982 0.8954 0.8882 0.8605 0.8805 0.8810 0.8862 0.8947 0.9127 0.9022 0.9111 0.8950 0.8551 0.8880 0.8832 0.9008 0.8982 0.8948 0.8931 0.9038 0.8809 0.8458 0.8973 0.8763 0.8488 0.8754 0.8621 0.8904 0.9073 0.9174 0.9020 0.9138 0.8590 0.8709 0.9021 0.9124 0.8922 0.8637 0.9042 0.9056 0.8877 0.9020 0.8564 0.8898 0.8979 0.8893 0.9225 0.8967 0.8985 0.8963 0.9164 0.9007 0.9253 0.9167 0.9248 0.9016 0.8878 0.8314 0.8542 0.8495 0.8874 0.8842 0.9092 0.8970 0.9130 0.8776 0.9099 0.8820 0.9046 0.8994 0.8811 0.8826 0.8490 0.9304 0.8666 0.8942 0.8874 0.8723 0.8990 0.8966 0.9031 0.8609 0.9004 0.8725 0.8888 0.8784 0.9023 0.8989 0.8931 0.9191 0.9080 0.8923 0.9137 0.8498 0.8948 0.9098 0.9111 0.9263 0.8600 0.9144 0.9096 0.8980 0.9189 0.8522 0.8661 0.8949 0.8267 0.8766 0.9244 0.8956 0.8940 0.8891 0.8878 0.9080 0.8725 0.8655 0.9160 0.9118 0.8846 0.8776 0.8674 0.9151 0.8618 0.8980 0.8854 0.8691 0.8870 0.8489 0.8841 0.8988 0.9097 0.8783 0.8661 0.9015 0.8672 0.8587 0.8381 0.8636 0.8943 0.9126 0.9071 0.8481 0.8896 0.9130 0.8955 0.9000 0.8808 0.8768 0.9061 0.9279 0.8979 0.8964 0.8810 0.8614 0.9162 0.8971 0.9100 0.9034 0.9011 0.9218 0.9245 0.8976 0.9057 0.9038 0.9113 0.9056 0.8646 0.9223 0.9165 0.8854 0.8724 0.8911 0.8838 0.8744 0.8511 0.9049 0.9217 0.8790 0.8973 0.8824 0.8806 0.8813 0.8631 0.8660 0.8774 0.8868 0.8887 0.8509 0.8723 0.8969 0.8990 0.8538 0.8983 0.8749 0.8518 0.8651 0.8889 0.9222 0.9136 0.8882 0.9093 0.8884 0.8918 0.8584 0.8904 0.9100 0.9036 0.9072 0.8589 0.9039 0.9135 0.8913 0.9060 0.9044 0.8959 0.8978 0.8755 0.8859 0.9013 0.8443 0.9034 0.8980 0.8755 0.8402 0.8970 0.9021 0.8767 0.8932 0.9082 0.8564 0.8990 0.8979 0.9062 0.9252 0.9093 0.8835 0.9056 0.8625 0.9080 0.9120 0.8895 0.9260 0.8727 0.9100 0.9045 0.8704 0.8923 0.8784 0.8919 0.9035 0.8958 0.9056 0.9096 0.8639 0.9016 0.8878 0.8937 0.9147 0.8391 0.8845 0.9066 0.8861 0.8821 0.8544 0.8731 0.8722 0.8798 0.9106 0.9097 0.8519 0.9016 0.8951 0.9115 0.8887 0.8975 0.9133 0.9081 0.8389 0.8929 0.8438 0.8785 0.8691 0.8726 0.9171 0.8637 0.9039 0.8847 0.8632 0.8810 0.8973 0.8970 0.8710 0.8544 0.8938 0.8589 0.9243 0.9191 0.8985 0.8949 0.8525 0.9119 0.9062 0.8845 0.9049 0.9085 0.8793 0.9018 0.9056 0.9000 0.8285 0.8683 0.9071 0.9040 0.9167 0.8591 0.8637 0.8658 0.8795 0.8593 0.8404 0.8783 0.9080 0.9077 0.8534 0.8904 0.8844 0.9205 0.8602 0.8638 0.9095 0.9031 0.8700 0.8630 0.8819 0.9165 0.9148 0.8951 0.8999 0.8894 0.8625 0.9101 0.8938 0.8895 0.8754 0.9057 0.9230 0.8968 0.8298 0.9128 0.8569 0.9031 0.9225 0.9080 0.8770 0.8623 0.8677 0.8734 0.8811 0.9031 0.9162 0.9198 0.8798 0.8978 0.9079 0.9117 0.8478 0.8331 0.9216 0.9156 0.9064 0.8781 0.8637 0.8554 0.8807 0.9093 0.8790 0.9005 0.8951 0.8612 0.9007 0.9026 0.9056 0.8460 0.8767 0.8962 0.8870 0.8580 0.8988 0.9038 0.9121 0.8984 0.8809 0.8822 0.9179 0.8947 0.8849 0.8629 0.9144 0.9195 0.9099 0.9103 0.9164 0.9118 0.8879 0.9267 0.8760 0.8826 0.8697 0.8438 0.8601 0.9126 0.9103 0.8695 0.8839 0.9076 0.9145 0.8783 0.8788 0.8956 0.8366 0.9170 0.9005 0.9158 0.8916 0.8814 0.9243 0.8781 0.8915 0.8997 0.8736 0.8746 0.8634 0.8617 0.8952 0.8769 0.8727 0.8639 0.9096 0.8977 0.8738 0.9149 0.9098 0.8964 0.8888 0.9023 0.8688 0.9067 0.8780 0.8707 0.8668 0.9086 0.8858 0.9199 0.9189 0.8834 0.9046 0.9068 0.8964 0.8625 0.9053 0.9025 0.8909 0.9094 0.9191 0.9013 0.8676 0.8680 0.8709 0.8733 0.9187 0.9051 0.8819 0.8720 0.8977 0.9108 0.8865 0.9011 0.8434 0.9072 0.8822 0.8735 0.8642 0.8892 0.9161 0.8407 0.9000 0.8872 0.8872 0.8830 0.9046 0.9101 0.8653 0.8846 0.8770 0.9016 0.8813 0.9025 0.8915 0.8517 0.8965 0.9112 0.8523 0.8941 0.8571 0.8932 0.8733 0.8902 0.9056 0.9176 0.9092 0.8696 0.8662 0.8802 0.8573 0.8941 0.9203 0.9082 0.9078 0.9144 0.8850 0.8709 0.9028 0.8862 0.9008 0.8820 0.9039 0.8994 0.9141 0.8364 0.9098 0.8506 0.8566 0.8707 0.8664 0.9062 0.9176 0.9005 0.9289 0.9024 0.9079 0.8912 0.8751 0.8854 0.8903 0.8972 0.8816 0.8737 0.8740 0.9080 0.8779 0.8885 0.9093 0.8862 0.8945 0.8750 0.8655 0.8883 0.8916 0.9071 0.8959 0.8649 0.8761 0.8710 0.8955 0.9024 0.9021 0.8885 0.9114 0.8952 0.8804 0.8716 0.9096 0.8755 0.8869 0.8639 0.9085 0.9031 0.8868 0.8962 0.8628 0.8700 0.8875 0.9160 0.9076 0.8969 0.9010 0.8977 0.9162 0.9072 0.9020 0.8634 0.9042 0.9023 0.9183 0.8938 0.8908 0.8881 0.8956 0.8674 0.8938 0.9038 0.8609 0.8708 0.8931 0.8623 0.8987 0.8779 0.8887 0.9012 0.8625 0.8887 0.8896 0.9036 0.8712 0.8776 0.9046 0.8597 0.8856 0.8589 0.8978 0.9027 0.8653 0.8578 0.9109 0.8862 0.8756 0.8634 0.9096 0.8813 0.8610 0.9122 0.9178 0.9103 0.8958 0.9099 0.8808 0.8957 0.8846 0.8720 0.8997 0.8954 0.8883 0.8903 0.9350 0.8701 0.8978 0.8940 0.9120 0.8582 0.8867 0.8579 0.8983 0.8791 0.8716 0.8881 0.8595 0.8641 0.9060 0.9056 0.8502 0.8925 0.9098 0.9019 0.9211 0.9142 0.8865 0.8975 0.8963 0.8537 0.8593 0.8606 0.8729 0.9039 0.8948 0.8879 0.8607 0.9034 0.8923 0.8831 0.8823 0.9204 0.8750 0.9091 0.9064 0.8806 0.8934 0.8527 0.9026 0.8850 0.8873 0.8747 0.8990 0.8808 0.8500 0.8950 0.8968 0.9043 0.8998 0.9048 0.9094 0.9036 0.8988 0.8905 0.9145 0.9163 0.8993 0.8739 0.8828 0.8791 0.8963 0.8943 0.8704 0.9178 0.8750 0.8784 0.8577 0.9145 0.9011 0.8644 0.9012 0.9132 0.8479 0.8774 0.9113 0.8889 0.8510 0.8976 0.9011 0.8834 0.8699 0.9005 0.8862 0.8781 0.8876 0.8659 0.9019 0.9053 0.8928 0.9010 0.8708 0.8891 0.9094 0.9055 0.9007 0.8820 0.9209 0.8408 0.9108 0.9057 0.9153 0.8744 0.9051 0.9155 0.8872 0.9113 0.8945 0.8938 0.9079 0.9103 0.8791 0.8945 0.9043 0.9151 0.8852 0.9125 0.9081 0.9059 0.8866 0.9265 0.9019 0.8966 0.8793 0.8749 0.8808 0.9199 0.8209 0.8481 0.8699 0.9042 0.8903 0.8914 0.8967 0.8684 0.8460 0.9139 0.8687 0.8945 0.8965 0.8836 0.8940 0.8679 0.8561 0.8978 0.9085 0.9111 0.9230 0.9123 0.9124 0.9160 0.8835 0.9212 0.8824 0.8938 0.9130 0.8903 0.8680 0.8967 0.9054 0.8558 0.8780 0.9140 0.8667 0.9177 0.9011 0.8530 0.8828 0.9046 0.8649 0.8806 0.9071 0.8865 0.9148 0.9063 0.8774 0.8596 0.9023 0.9217 0.9210 0.8618 0.8919 0.9141 0.8906 0.8657 0.8536 0.8845 0.9158 0.8925 0.8908 0.9019 0.9056 0.8731 0.9048 0.8503 0.8906 0.9069 0.8663 0.9130 0.9051 0.9110 0.8540 0.9271 0.9007 0.8829 0.9103 0.9100 0.8955 0.8928 0.8881 0.8947 0.8731 0.9005 0.8743 0.9022 0.8989 0.8763 0.9320 0.8951 0.8768 0.8919 0.8403 0.8932 0.8890 0.9047 0.9116 0.8701 0.8796 0.9024 0.8994 0.9051 0.8865 0.8742 0.9015 0.9093 0.9032 0.9102 0.8628 0.9101 0.8389 0.9039 0.9049 0.8605 0.9005 0.9038 0.8875 0.8824 0.8695 0.8873 0.8832 0.8870 0.8707 0.8333 0.8740 0.9361 0.8993 0.9096 0.8916 0.9103 0.8581 0.9066 0.9026 0.9085 0.8883 0.8997 0.8855 0.8967 0.8932 0.8717 0.9061 0.8745 0.8937 0.8783 0.9245 0.9121 0.8603 0.8939 0.8822 0.8919 0.9000 0.9106 0.9071 0.8939 0.9288 0.8809 0.8871 0.9024 0.8152 0.7353 0.8497 0.8403 0.7547 0.8174 0.5342 0.7036 0.6369 0.7656 0.8051 0.8543 0.7809 0.8344 0.6687 0.6471 0.8014 0.7944 0.6129 0.6242 0.8181 0.7656 0.7289 0.8006 0.8032 0.7845 0.8011 0.6044 0.6516 0.7809 0.7468 0.6815 0.8200 0.6728 0.7255 0.7646 0.7694 0.7571 0.6772 0.8009 0.7771 0.7508 0.6035 0.5116 0.7833 0.6306 0.5111 0.6968 0.8358 0.6048 0.5793 0.7098 0.7514 0.7839 0.8241 0.7199 0.7312 0.8318 0.6093 0.7629 0.8117 0.6366 0.7558 0.5910 0.6528 0.7141 0.7131 0.7417 0.6906 0.8109 0.8122 0.7829 0.8454 0.7299 0.6574 0.8080 0.6338 0.6928 0.7470 0.7572 0.6507 0.5894 0.8014 0.7676 0.8148 0.8201 0.5589 0.7150 0.7328 0.7528 0.7909 0.5887 0.7085 0.8449 0.8009 0.7678 0.6571 0.6456 0.7819 0.7172 0.7604 0.6475 0.5524 0.7686 0.8108 0.7724 0.6054 0.6367 0.8238 0.6785 0.8517 0.8117 0.5823 0.7823 0.7881 0.6956 0.6335 0.6380 0.7429 0.5897 0.6665 0.7456 0.7900 0.7331 0.8000 0.5850 0.7238 0.5713 0.6478 0.6590 0.7754 0.8339 0.5918 0.7679 0.8329 0.6338 0.8037 0.7169 0.7447 0.7096 0.6725 0.8014 0.6435 0.8411 0.5540 0.8146 0.7894 0.7671 0.8167 0.6448 0.5884 0.6984 0.8482 0.7807 0.7070 0.6821 0.8051 0.7540 0.7135 0.8116 0.6303 0.7465 0.7841 0.7684 0.7257 0.6502 0.7955 0.6953 0.7064 0.5972 0.6360 0.7812 0.5423 0.7456 0.6915 0.6532 0.8581 0.7621 0.6758 0.8279 0.8036 0.7093 0.6979 0.6086 0.8088 0.8244 0.7198 0.7927 0.7555 0.8115 0.7474 0.7476 0.7188 0.7919 0.7621 0.7680 0.6652 0.7283 0.8004 0.8069 0.8227 0.6962 0.7956 0.5814 0.6715 0.6870 0.7129 0.7891 0.7502 0.5559 0.7294 0.8024 0.7314 0.6720 0.8471 0.6061 0.7728 0.8062 0.5402 0.7847 0.6972 0.6123 0.4868 0.6356 0.6608 0.7888 0.7563 0.7103 0.7814 0.8011 0.7092 0.6034 0.5528 0.6779 0.7341 0.6686 0.8793 0.8386 0.7512 0.7659 0.8354 0.7946 0.8131 0.7775 0.6856 0.8624 0.7150 0.5566 0.5467 0.7730 0.6828 0.8141 0.7437 0.7900 0.8641 0.5654 0.6433 0.8064 0.8527 0.7429 0.7444 0.6063 0.7710 0.8382 0.6919 0.7026 0.7419 0.7344 0.7697 0.7915 0.7391 0.7557 0.8154 0.8433 0.6496 0.6461 0.7541 0.6893 0.7359 0.8175 0.7017 0.7851 0.6449 0.7169 0.7285 0.7648 0.6367 0.7836 0.8304 0.7664 0.5848 0.8116 0.8069 0.6698 0.7438 0.7627 0.7434 0.7075 0.6097 0.6922 0.7736 0.6401 0.7289 0.6744 0.6388 0.7192 0.7622 0.7774 0.7899 0.6986 0.7061 0.7996 0.8331 0.6183 0.6571 0.7200 0.7643 0.7724 0.8268 0.6166 0.7853 0.7124 0.8008 0.6951 0.6479 0.8193 0.7721 0.6730 0.7865 0.8437 0.8305 0.6376 0.6498 0.6314 0.6854 0.8244 0.7164 0.7890 0.7961 0.7347 0.6606 0.6358 0.7000 0.7162 0.7062 0.8017 0.7408 0.6824 0.7715 0.6642 0.8165 0.6409 0.7339 0.7375 0.7986 0.6689 0.8270 0.8166 0.8140 0.6632 0.7068 0.7789 0.7998 0.7157 0.6821 0.8003 0.6627 0.8283 0.7646 0.6375 0.7193 0.5914 0.7440 0.8341 0.8023 0.6673 0.6894 0.6132 0.7658 0.7547 0.8038 0.7624 0.7248 0.7332 0.8138 0.7492 0.7975 0.5523 0.8339 0.8521 0.6981 0.8497 0.7708 0.5960 0.6644 0.6978 0.6956 0.6376 0.7613 0.6336 0.7960 0.8186 0.7951 0.7469 0.8598 0.7509 0.7542 0.7319 0.7256 0.7572 0.7724 0.7058 0.7642 0.7216 0.6644 0.7101 0.7535 0.7318 0.6354 0.7942 0.6016 0.6389 0.6875 0.8001 0.6918 0.6682 0.6153 0.7525 0.8786 0.7881 0.5548 0.7509 0.8256 0.6858 0.7441 0.6911 0.6680 0.7802 0.6342 0.6708 0.7900 0.7701 0.7891 0.7279 0.6334 0.7553 0.8054 0.7905 0.7879 0.6687 0.7605 0.6766 0.6644 0.6514 0.7045 0.7341 0.7894 0.5975 0.5626 0.7863 0.6475 0.7963 0.7247 0.5888 0.8052 0.8393 0.7698 0.7304 0.7718 0.7615 0.7926 0.5512 0.6819 0.8485 0.5374 0.7565 0.5490 0.7075 0.6891 0.8523 0.6513 0.5846 0.6624 0.7451 0.8476 0.7090 0.6676 0.7033 0.8072 0.8140 0.8275 0.8221 0.7637 0.8436 0.6031 0.6123 0.6684 0.5804 0.7341 0.7854 0.7599 0.7594 0.6204 0.7617 0.8505 0.7532 0.7558 0.6658 0.8048 0.7537 0.6060 0.8219 0.7970 0.7336 0.6876 0.7868 0.8338 0.6804 0.7105 0.6108 0.7578 0.7689 0.8213 0.6649 0.8184 0.7650 0.6935 0.6911 0.6753 0.7309 0.7798 0.7426 0.7316 0.7876 0.8996 0.7681 0.6853 0.8520 0.8548 0.8225 0.8248 0.7481 0.7785 0.6467 0.7820 0.8008 0.7343 0.7332 0.7713 0.7325 0.6854 0.7748 0.7901 0.7583 0.7560 0.8090 0.7945 0.7386 0.6906 0.8022 0.8033 0.6797 0.7529 0.8441 0.7132 0.7696 0.6057 0.7010 0.7937 0.7803 0.6840 0.5473 0.6183 0.6486 0.8320 0.6397 0.5303 0.8176 0.7830 0.7091 0.7835 0.8660 0.7666 0.7735 0.7862 0.7503 0.7766 0.7798 0.5483 0.7943 0.6567 0.6464 0.7607 0.6915 0.6990 0.8247 0.7283 0.5193 0.5996 0.8240 0.6395 0.7341 0.6970 0.6840 0.8034 0.6946 0.7595 0.6441 0.6583 0.6573 0.8273 0.8076 0.8962 0.8928 0.8644 0.8666 0.9089 0.8779 0.9007 0.8821 0.8652 0.8765 0.9015 0.8855 0.9128 0.8876 0.8518 0.8914 0.8976 0.8723 0.8830 0.9034 0.8795 0.8827 0.8961 0.8580 0.8861 0.8566 0.8906 0.8795 0.8836 0.9181 0.9077 0.8960 0.9089 0.8803 0.8854 0.8751 0.8888 0.9177 0.9137 0.8654 0.8991 0.8889 0.8779 0.9101 0.8790 0.8887 0.8519 0.9142 0.8497 0.8611 0.9041 0.8961 0.8921 0.8626 0.9114 0.9034 0.9030 0.9074 0.9132 0.8950 0.8675 0.9003 0.8911 0.8691 0.8608 0.8932 0.9173 0.8918 0.8605 0.8386 0.8941 0.8919 0.8900 0.8773 0.8593 0.8950 0.9251 0.9082 0.8565 0.8964 0.8722 0.9194 0.8614 0.8644 0.9130 0.8427 0.8843 0.9041 0.8807 0.8502 0.9012 0.8656 0.9208 0.8926 0.8912 0.9005 0.8517 0.8880 0.9002 0.8868 0.9178 0.8786 0.8980 0.8974 0.8915 0.9131 0.8656 0.8799 0.9280 0.8642 0.8866 0.8435 0.8449 0.8605 0.8892 0.8912 0.9016 0.8980 0.9088 0.8516 0.8842 0.8945 0.8651 0.8952 0.9070 0.8794 0.9018 0.9151 0.8853 0.8840 0.7159 0.8564 0.7265 0.8295 0.8427 0.7067 0.8173 0.8201 0.6604 0.8217 0.8424 0.7527 0.8297 0.8116 0.8005 0.6035 0.7971 0.7035 0.7256 0.6407 0.8492 0.7718 0.6152 0.7892 0.8104 0.8830 0.7338 0.7019 0.8327 0.6893 0.7867 0.7861 0.7323 0.7603 0.6575 0.7972 0.6144 0.5763 0.8071 0.8623 0.6813 0.7244 0.6777 0.7127 0.7410 0.7546 0.6606 0.6718 0.8463 0.7794 0.6608 0.8380 0.7284 0.7453 0.6405 0.5314 0.8155 0.7776 0.7516 0.8189 0.6411 0.6926 0.8348 0.8232 0.6624 0.7261 0.6185 0.7482 0.7298 0.6114 0.8643 0.6810 0.5999 0.8264 0.7175 0.7194 0.5675 0.8568 0.8147 0.7889 0.6444 0.7594 0.7532 0.7950 0.7263 0.8458 0.7518 0.5444 0.8227 0.7287 0.6150 0.6101 0.7952 0.7786 0.8362 0.7972 0.7903 0.6896 0.5809 0.7854 0.7302 0.7480 0.7146 0.8327 0.7825 0.8395 0.8467 0.6795 0.7271 0.7513 0.6271 0.7535 0.7410 0.6544 0.8088 0.7381 0.7338 0.6917 0.7222 0.7325 0.7490 0.7847 0.8401 0.7794 0.9000 0.9000 0.9000 0.9000 0.9000 0.9000 0.9000 0.9000 0.9000 0.9000 0.9000 0.9000 0.9000 0.9000 0.9000 0.9000 0.9000 0.9000 0.9000 0.9000 0.9000 0.9000 0.9000 0.9000 0.9000 0.9000 0.9000 0.9000 0.9000 0.9000 0.9000 0.9000 0.9000 0.9000 0.9000 0.9000 0.9000 0.9000 0.9000 0.9000 0.9000 0.9000 0.9000 0.9000 0.9000 0.9000 0.9000 0.9000 0.9000 0.9000 0.9000 0.9000 0.9000 0.9000 0.9000 0.9000 0.9000 0.9000 0.9000 0.9000 0.9000 0.9000 0.9000 0.9000 0.9000 0.9000 0.9000 0.9000 0.9000 0.9000 0.9000 0.9000 0.9000 0.9000 0.9000 0.9000 0.9000 0.9000 0.9000 0.9000 0.9000 0.9000 0.9000 0.9000 0.9000 0.9000 0.9000 0.9000 0.9000 0.9000 0.9000 0.9000 0.9000 0.9000 0.9000 0.9000 0.9000 0.9000 0.9000 0.9000 0.9000 0.9000 0.9000 0.9000 0.9000 0.9000 0.9000 0.9000 0.9000 0.9000 0.9000 0.9000 0.9000 0.9000 0.9000 0.9000 0.9000 0.9000 0.9000 0.9000 0.9000 0.9000 0.9000 0.9000 0.9000 0.9000 0.9000 0.9000 0.9000 0.9000 0.9000 0.9000 0.9000 0.9000 0.9000 0.9000 0.9000 0.9000 0.9000 0.9000 0.9000 0.9000 0.9000 0.9000 0.9000 0.9000 0.9000 0.9000 0.9000 0.9000 0.9000 0.9000 0.9000 0.9000 0.9000 0.9000 0.9000 0.9000 0.9000 0.9000 0.9000 0.9000 0.9000 0.9000 0.9000 0.9000 0.9000 0.9000 0.9000 0.9000 0.9000 0.9000 0.9000 0.9000 0.9000 0.9000 0.9000 0.9000 0.9000 0.9000 0.9000 0.9000 0.9000 0.9000 0.9000 0.9000 0.9000 0.9000 0.9000 0.9000 0.9000 0.9000 0.9000 0.9000 0.9000 0.9000 0.9000 0.9000 0.9000 0.9000 0.9000 0.9000 0.9000 0.9000 0.9000 0.9000 0.9000 0.9000 0.9000 0.9000 0.9000 0.9000 0.9000 0.9000 0.9000 0.9000 0.9000 0.9000 0.9000 0.9000 0.9000 0.9000 0.9000 0.9000 0.9000 0.9000 0.9000 0.9000 0.9000 0.9000 0.9000 0.9000 0.9000 0.9000 0.9000 0.9000 0.9000 0.9000 0.9000 0.9000 0.9000 0.9000 0.9000 0.9000 0.9000 0.9000 0.9000 0.9000 0.9000 0.9000 0.9000 0.9000 0.9000 0.9000 0.9000 0.9000 0.9000 0.9000 0.9000 0.9000 0.9000 0.9000 0.9000 0.9000 0.9000 0.9000 0.9000 0.9000 0.9000 0.9000 0.9000 0.9000 0.9000 0.9000 0.9000 0.9000 0.9000 0.9000 0.9000 0.9000 0.9000 0.9000 0.9000 0.9000 0.9000 0.9000 0.9000 0.9000 0.9000 0.9000 0.9000 0.9000 0.9000 0.9000 0.9000 0.9000 0.9000 0.9000 0.9000 0.9000 0.9000 0.9000 0.9000 0.9000 0.9000 0.9000 0.9000 0.9000 0.9000 0.9000 0.9000 0.9000 0.9000 0.9000 0.9000 0.9000 0.9000 0.9000 0.9000 0.9000 0.9000 0.9000 0.9000 0.9000 0.9000 0.9000 0.9000 0.9000 0.9000 0.9000 0.9000 0.9000 0.9000 0.9000 0.9000 0.9000 0.9000 0.9000 0.9000 0.9000 0.9000 0.9000 0.9000 0.9000 0.9000 0.9000 0.9000 0.9000 0.9000 0.9000 0.9000 0.9000 0.9000 0.9000 0.9000 0.9000 0.9000 0.9000 0.9000 0.9000 0.9000 0.9000 0.9000 0.9000 0.9000 0.9000 0.9000 0.9000 0.9000 0.9000 0.9000 0.9000 0.9000 0.9000 0.9000 0.9000 0.9000 0.9000 0.9000 0.9000 0.9000 0.9000 0.9000 0.9000 0.9000 0.9000 0.9000 0.9000 0.9000 0.9000 0.9000 0.9000 0.9000 0.9000 0.9000 0.9000 0.9000 0.9000 0.9000 0.9000 0.9000 0.9000 0.9000 0.9000 0.9000 0.9000 0.9000 0.9000 0.9000 0.9000 0.9000 0.9000 0.9000 0.9000 0.9000 0.9000 0.9000 0.9000 0.9000 0.9000 0.9000 0.9000 0.9000 0.9000 0.9000 0.9000 0.9000 0.9000 0.9000 0.9000 0.9000 0.9000 0.9000 0.9000 0.9000 0.9000 0.9000 0.9000 0.9000 0.9000 0.9000 0.9000 0.9000 0.9000 0.9000 0.9000 0.9000 0.9000 0.9000 0.9000 0.9000 0.9000 0.9000 0.9000 0.9000 0.9000 0.9000 0.9000 0.9000 0.9000 0.9000 0.9000 0.9000 0.9000 0.9000 0.9000 0.9000 0.9000 0.9000 0.9000 0.9000 0.9000 0.9000 0.9000 0.9000 0.9000 0.9000 0.9000 0.9000 0.9000 0.9000 0.9000 0.9000 0.9000 0.9000 0.9000 0.9000 0.9000 0.9000 0.9000 0.9000 0.9000 0.9000 0.9000 0.9000 0.9000 0.9000 0.9000 0.9000 0.9000 0.9000 0.9000 0.9000 0.9000 0.9000 0.9000 0.9000 0.9000 0.9000 0.9000 0.9000 0.9000 0.9000 0.9000 0.9000 0.9000 0.9000 0.9000 0.9000 0.9000 0.9000 0.9000 0.9000 0.9000 0.9000 0.9000 0.9000 0.9000 0.9000 0.9000 0.9000 0.9000 0.9000 0.9000 0.9000 0.9000 0.9000 0.9000 0.9000 0.9000 0.9000 0.9000 0.9000 0.9000 0.9000 0.9000 0.9000 0.9000 0.9000 0.9000 0.9000 0.9000 0.9000 0.9000 0.9000 0.9000 0.9000 0.9000 0.9000 0.9000 0.9000 0.9000 0.9000 0.9000 0.9000 0.9000 0.9000 0.9000 0.9000 0.9000 0.9000 0.9000 0.9000 0.9000 0.9000 0.9000 0.9000 0.9000 0.9000 0.9000 0.9000 0.9000 0.9000 0.9000 0.9000 0.9000 0.9000 0.9000 0.9000 0.9000 0.9000 0.9000 0.9000 0.9000 0.9000 0.9000 0.9000 0.9000 0.9000 0.9000 0.9000 0.9000 0.9000 0.9000 0.9000 0.9000 0.9000 0.9000 0.9000 0.9000 0.9000 0.9000 0.9000 0.9000 0.9000 0.9000 0.9000 0.9000 0.9000 0.9000 0.9000 0.9000 0.9000 0.9000 0.9000 0.9000 0.9000 0.9000 0.9000 0.9000 0.9000 0.9000 0.9000 0.9000 0.9000 0.9000 0.9000 0.9000 0.9000 0.9000 0.9000 0.9000 0.9000 0.9000 0.9000 0.9000 0.9000 0.9000 0.9000 0.9000 0.9000 0.9000 0.9000 0.9000 0.9000 0.9000 0.9000 0.9000 0.9000 0.9000 0.9000 0.9000 0.9000 0.9000 0.9000 0.9000 0.9000 0.9000 0.9000 0.9000 0.9000 0.9000 0.9000 0.9000 0.9000 0.9000 0.9000 0.9000 0.9000 0.9000 0.9000 0.9000 0.9000 0.9000 0.9000 0.9000 0.9000 0.9000 0.9000 0.9000 0.9000 0.9000 0.9000 0.9000 0.9000 0.9000 0.9000 0.9000 0.9000 0.9000 0.9000 0.9000 0.9000 0.9000 0.9000 0.9000 0.9000 0.9000 0.9000 0.9000 0.9000 0.9000 0.9000 0.9000 0.9000 0.9000 0.9000 0.9000 0.9000 0.9000 0.9000 0.9000 0.9000 0.9000 0.9000 0.9000 0.9000 0.9000 0.9000 0.9000 0.9000 0.9000 0.9000 0.9000 0.9000 0.9000 0.9000 0.9000 0.9000 0.9000 0.9000 0.9000 0.9000 0.9000 0.9000 0.9000 0.9000 0.9000 0.9000 0.9000 0.9000 0.9000 0.9000 0.9000 0.9000 0.9000 0.9000 0.9000 0.9000 0.9000 0.9000 0.9000 0.9000 0.9000 0.9000 0.9000 0.9000 0.9000 0.9000 0.9000 0.9000 0.9000 0.9000 0.9000 0.9000 0.9000 0.9000 0.9000 0.9000 0.9000 0.9000 0.9000 0.9000 0.9000 0.9000 0.9000 0.9000 0.9000 0.9000 0.9000 0.9000 0.9000 0.9000 0.9000 0.9000 0.9000 0.9000 0.9000 0.9000 0.9000 0.9000 0.9000 0.9000 0.9000 0.9000 0.9000 0.9000 0.9000 0.9000 0.9000 0.9000 0.9000 0.9000 0.9000 0.9000 0.9000 0.9000 0.9000 0.9000 0.9000 0.9000 0.9000 0.9000 0.9000 0.9000 0.9000 0.9000 0.9000 0.9000 0.9000 0.9000 0.9000 0.9000 0.9000 0.9000 0.9000 0.9000 0.9000 0.9000 0.9000 0.9000 0.9000 0.9000 0.9000 0.9000 0.9000 0.9000 0.9000 0.9000 0.9000 0.9000 0.9000 0.9000 0.9000 0.9000 0.9000 0.9000 0.9000 0.9000 0.9000 0.9000 0.9000 0.9000 0.9000 0.9000 0.9000 0.9000 0.9000 0.9000 0.9000 0.9000 0.9000 0.9000 0.9000 0.9000 0.9000 0.9000 0.9000 0.9000 0.9000 0.9000 0.9000 0.9000 0.9000 0.9000 0.9000 0.9000 0.9000 0.9000 0.9000 0.9000 0.9000 0.9000 0.9000 0.9000 0.9000 0.9000 0.9000 0.9000 0.9000 0.9000 0.9000 0.9000 0.9000 0.9000 0.9000 0.9000 0.9000 0.9000 0.9000 0.9000 0.9000 0.9000 0.9000 0.9000 0.9000 0.9000 0.9000 0.9000 0.9000 0.9000 0.9000 0.9000 0.9000 0.9000 0.9000 0.9000 0.9000 0.9000 0.9000 0.9000 0.9000 0.9000 0.9000 0.9000 0.9000 0.9000 0.9000 0.9000 0.9000 0.9000 0.9000 0.9000 0.9000 0.9000 0.9000 0.9000 0.9000 0.9000 0.9000 0.9000 0.9000 0.9000 0.9000 0.9000 0.9000 0.9000 0.9000 0.9000 0.9000 0.9000 0.9000 0.9000 0.9000 0.9000 0.9000 0.9000 0.9000 0.9000 0.9000 0.9000 0.9000 0.9000 0.9000 0.9000 0.9000 0.9000 0.9000 0.9000 0.9000 0.9000 0.9000 0.9000 0.9000 0.9000 0.9000 0.9000 0.9000 0.9000 0.9000 0.9000 0.9000 0.9000 0.9000 0.9000 0.9000 0.9000 0.9000 0.9000 0.9000 0.9000 0.9000 0.9000 0.9000 0.9000 0.9000 0.9000 0.9000 0.9000 0.9000 0.9000 0.9000 0.9000 0.9000 0.9000 0.9000 0.9000 0.9000 0.9000 0.9000 0.9000 0.9000 0.9000 0.9000 0.9000 0.9000 0.9000 0.9000 0.9000 0.9000 0.9000 0.9000 0.9000 0.9000 0.9000 0.9000 0.9000 0.9000 0.9000 0.9000 0.9000 0.9000 0.9000 0.9000 0.9000 0.9000 0.9000 0.9000 0.9000 0.9000 0.9000 0.9000 0.9000 0.9000 0.9000 0.9000 0.9000 0.9000 0.9000 0.9000 0.9000 0.9000 0.9000 0.9000 0.9000 0.9000 0.9000 0.9000 0.9000 0.9000 0.9000 0.9000 0.9000 0.9000 0.9000 0.9000 0.9000 0.9000 0.9000 0.9000 0.9000 0.9000 0.9000 0.9000 0.9000 0.9000 0.9000 0.9000 0.9000 0.9000 0.9000 0.9000 0.9000 0.9000 0.9000 0.9000 0.9000 0.9000 0.9000 0.9000 0.9000 0.9000 0.9000 0.9000 0.9000 0.9000 0.9000 0.9000 0.9000 0.9000 0.9000 0.9000 0.9000 0.9000 0.9000 0.9000 0.9000 0.9000 0.9000 0.9000 0.9000 0.9000 0.9000 0.9000 0.9000 0.9000 0.9000 0.9000 0.9000 0.9000 0.9000 0.9000 0.9000 0.9000 0.9000 0.9000 0.9000 0.9000 0.9000 0.9000 0.9000 0.9000 0.9000 0.9000 0.9000 0.9000 0.9000 0.9000 0.9000 0.9000 0.9000 0.9000 0.9000 0.9000 0.9000 0.9000 0.9000 0.9000 0.9000 0.9000 0.9000 0.9000 0.9000 0.9000 0.9000 0.9000 0.9000 0.9000 0.9000 0.9000 0.9000 0.9000 0.9000 0.9000 0.9000 0.9000 0.9000 0.9000 0.9000 0.9000 0.9000 0.9000 0.9000 0.9000 0.9000 0.9000 0.9000 0.9000 0.9000 0.9000 0.9000 0.9000 0.9000 0.9000 0.9000 0.9000 0.9000 0.9000 0.9000 0.9000 0.9000 0.9000 0.9000 0.9000 0.9000 0.9000 0.9000 0.9000 0.9000 0.9000 0.9000 0.9000 0.9000 0.9000 0.9000 0.9000 0.9000 0.9000 0.9000 0.9000 0.9000 0.9000 0.9000 0.9000 0.9000 0.9000 0.9000 0.9000 0.9000 0.9000 0.9000 0.9000 0.9000 0.9000 0.9000 0.9000 0.9000 0.9000 0.9000 0.9000 0.9000 0.9000 0.9000 0.9000 0.9000 0.9000 0.9000 0.9000 0.9000 0.9000 0.9000 0.9000 0.9000 0.9000 0.9000 0.9000 0.9000 0.9000 0.9000 0.9000 0.9000 0.9000 0.9000 0.9000 0.9000 0.9000 0.9000 0.9000 0.9000 0.9000 0.9000 0.9000 0.9000 0.9000 0.9000 0.9000 0.9000 0.9000 0.9000 0.9000 0.9000 0.9000 0.9000 0.9000 0.9000 0.9000 0.9000 0.9000 0.9000 0.9000 0.9000 0.9000 0.9000 0.9000 0.9000 0.9000 0.9000 0.9000 0.9000 0.9000 0.9000 0.9000 0.9000 0.9000 0.9000 0.9000 0.9000 0.9000 0.9000 0.9000 0.9000 0.9000 0.9000 0.9000 0.9000 0.9000 0.9000 0.9000 0.9000 0.9000 0.9000 0.9000 0.9000 0.9000 0.9000 0.9000 0.9000 0.9000 0.9000 0.9000 0.9000 0.9000 0.9000 0.9000 0.9000 0.9000 0.9000 0.9000 0.9000 0.9000 0.9000 0.9000 0.9000 0.9000 0.9000 0.9000 0.9000 0.9000 0.9000 0.9000 0.9000 0.9000 0.9000 0.9000 0.9000 0.9000 0.9000 0.9000 0.9000 0.9000 0.9000 0.9000 0.9000 0.9000 0.9000 0.9000 0.9000 0.9000 0.9000 0.9000 0.9000 0.9000 0.9000 0.9000 0.9000 0.9000 0.9000 0.9000 0.9000 0.9000 0.9000 0.9000 0.9000 0.9000 0.9000 0.9000 0.9000 0.9000 0.9000 0.9000 0.9000 0.9000 0.9000 0.9000 0.9000 0.9000 0.9000 0.9000 0.9000 0.9000 0.9000 0.9000 0.9000 0.9000 0.9000 0.9000 0.9000 0.9000 0.9000 0.9000 0.9000 0.9000 0.9000 0.9000 0.9000 0.9000 0.9000 0.9000 0.9000 0.9000 0.9000 0.9000 0.9000 0.9000 0.9000 0.9000 0.9000 0.9000 0.9000 0.9000 0.9000 0.9000 0.9000 0.9000 0.9000 0.9000 0.9000 0.9000 0.9000 0.9000 0.9000 0.9000 0.9000 0.9000 0.9000 0.9000 0.9000 0.9000 0.9000 0.9000 0.9000 0.9000 0.9000 0.9000 0.9000 0.9000 0.9000 0.9000 0.9000 0.9000 0.9000 0.9000 0.9000 0.9000 0.9000 0.9000 0.9000 0.9000 0.9000 0.9000 0.9000 0.9000 0.9000 0.9000 0.9000 0.9000 0.9000 0.9000 0.9000 0.9000 0.9000 0.9000 0.9000 0.9000 0.9000 0.9000 0.9000 0.9000 0.9000 0.9000 0.9000 0.9000 0.9000 0.9000 0.9000 0.9000 0.9000 0.9000 0.9000 0.9000 0.9000 0.9000 0.9000 0.9000 0.9000 0.9000 0.9000 0.9000 0.9000 0.9000 0.9000 0.9000 0.9000 0.9000 0.9000 0.9000 0.9000 0.9000 0.9000 0.9000 0.9000 0.9000 0.9000 0.9000 0.9000 0.9000 0.9000 0.9000 0.9000 0.9000 0.9000 0.9000 0.9000 0.9000 0.9000 0.9000 0.9000 0.9000 0.9000 0.9000 0.9000 0.9000 0.9000 0.9000 0.9000 0.9000 0.9000 0.9000 0.9000 0.9000 0.9000 0.9000 0.9000 0.9000 0.9000 0.9000 0.9000 0.9000 0.9000 0.9000 0.9000 0.9000 0.9000 0.9000 0.9000 0.9000 0.9000 0.9000 0.9000 0.9000 0.9000 0.9000 0.9000 0.9000 0.9000 0.9000 0.9000 0.9000 0.9000 0.9000 0.9000 0.9000 0.9000 0.9000 0.9000 0.9000 0.9000 0.9000 0.9000 0.9000 0.9000 0.9000 0.9000 0.9000 0.9000 0.9000 0.9000 0.9000 0.9000 0.9000 0.9000 0.9000 0.9000 0.9000 0.9000 0.9000 0.9000 0.9000 0.9000 0.9000 0.9000 0.9000 0.9000 0.9000 0.9000 0.9000 0.9000 0.9000 0.9000 0.9000 0.9000 0.9000 0.9000 0.9000 0.9000 0.9000 0.9000 0.9000 0.9000 0.9000 0.9000 0.9000 0.9000 0.9000 0.9000 0.9000 0.9000 0.9000 0.9000 0.9000 0.9000 0.9000 0.9000 0.9000 0.9000 0.9000 0.9000 0.9000 0.9000 0.9000 0.9000 0.9000 0.9000 0.9000 0.9000 0.9000 0.9000 0.9000 0.9000 0.9000 0.9000 0.9000 0.9000 0.9000 0.9000 0.9000 0.9000 0.9000 0.9000 0.9000 0.9000 0.9000 0.9000 0.9000 0.9000 0.9000 0.9000 0.9000 0.9000 0.9000 0.9000 0.9000 0.9000 0.9000 0.9000 0.9000 0.9000 0.9000 0.9000 0.9000 0.9000 0.9000 0.9000 0.9000 0.9000 0.9000 0.9000 0.9000 0.9000 0.9000 0.9000 0.9000 0.9000 0.9000 0.9000 0.9000 0.9000 0.9000 0.9000 0.9000 0.9000 0.9000 0.9000 0.9000 0.9000 0.9000 0.9000 0.9000 0.9000 0.9000 0.9000 0.9000 0.9000 0.9000 0.9000 0.9000 0.9000 0.9000 0.9000 0.9000 0.9000 0.9000 0.9000 0.9000 0.9000 0.9000 0.9000 0.9000 0.9000 0.9000 0.9000 0.9000 0.9000 0.9000 0.9000 0.9000 0.9000 0.9000 0.9000 0.9000 0.9000 0.9000 0.9000 0.9000 0.9000 0.9000 0.9000 0.9000 0.9000 0.9000 0.9000 0.9000 0.9000 0.9000 0.9000 0.9000 0.9000 0.9000 0.9000 0.9000 0.9000 0.9000 0.9000 0.9000 0.9000 0.9000 0.9000 0.9000 0.9000 0.9000 0.9000 0.9000 0.9000 0.9000 0.9000 0.9000 0.9000 0.9000 0.9000 0.9000 0.9000 0.9000 0.9000 0.9000 0.9000 0.9000 0.9000 0.9000 0.9000 0.9000 0.9000 0.9000 0.9000 0.9000 0.9000 0.9000 0.9000 0.9000 0.9000 0.9000 0.9000 0.9000 0.9000 0.9000 0.9000 0.9000 0.9000 0.9000 0.9000 0.9000 0.9000 0.9000 0.9000 0.9000 0.9000 0.9000 0.9000 0.9000 0.9000 0.9000 0.9000 0.9000 0.9000 0.9000 0.9000 0.9000 0.9000 0.9000 0.9000 0.9000 0.9000 0.9000 0.9000 0.9000 0.9000 0.9000 0.9000 0.9000 0.9000 0.9000 0.9000 0.9000 0.9000 0.9000 0.9000 0.9000 0.9000 0.9000 0.9000 0.9000 0.9000 0.9000 0.9000 0.9000 0.9000 0.9000 0.9000 0.9000 0.9000 0.9000 0.9000 0.9000 0.9000 0.9000 0.9000 0.9000 0.9000 0.9000 0.9000 0.9000 0.9000 0.9000 0.9000 0.9000 0.9000 0.9000 0.9000 0.9000 0.9000 0.9000 0.9000 0.9000 0.9000 0.9000 0.9000 0.9000 0.9000 0.9000 0.9000 0.9000 0.9000 0.9000 0.9000 0.9000 0.9000 0.9000 0.9000 0.9000 0.9000 0.9000 0.9000 0.9000 0.9000 0.9000 0.9000 0.9000 0.9000 0.9000 0.9000 0.9000 0.9000 0.9000 0.9000 0.9000 0.9000 0.9000 0.9000 0.9000 0.9000 0.9000 0.9000 0.9000 0.9000 0.9000 0.9000 0.9000 0.9000 0.9000 0.9000 0.9000 0.9000 0.9000 0.9000 0.9000 0.9000 0.9000 0.9000 0.9000 0.9000 0.9000 0.9000 0.9000 0.9000 0.9000 0.9000 0.9000 0.9000 0.9000 0.9000 0.9000 0.9000 0.9000 0.9000 0.9000 0.9000 0.9000 0.9000 0.9000 0.9000 0.9000 0.9000 0.9000 0.9000 0.9000 0.9000 0.9000 0.9000 0.9000 0.9000 0.9000 0.9000 0.9000 0.9000 0.9000 0.9000 0.9000 0.9000 0.9000 0.9000 0.9000 0.9000 0.9000 0.9000 0.9000 0.9000 0.9000 0.9000 0.9000 0.9000 0.9000 0.9000 0.9000 0.9000 0.9000 0.9000 0.9000 0.9000 0.9000 0.9000 0.9000 0.9000 0.9000 0.9000 0.9000 0.9000 0.9000 0.9000 0.9000 0.9000 0.9000 0.9000 0.9000 0.9000 0.9000 0.9000 0.9000 0.9000 0.9000 0.9000 0.9000 0.9000 0.9000 0.9000 0.9000 0.9000 0.9000 0.9000 0.9000 0.9000 0.9000 0.9000 0.9000 0.9000 0.9000 0.9000 0.9000 0.9000 0.9000 0.9000 0.9000 0.9000 0.9000 0.9000 0.9000 0.9000 0.9000 0.9000 0.9000 0.9000 0.9000 0.9000 0.9000 0.9000 0.9000 0.9000 0.9000 0.9000 0.9000 0.9000 0.9000 0.9000 0.9000 0.9000 0.9000 0.9000 0.9000 0.9000 0.9000 0.9000 0.9000 0.9000 0.9000 0.9000 0.9000 0.9000 0.9000 0.9000 0.9000 0.9000 0.9000 0.9000 0.9000 0.9000 0.9000 0.9000 0.9000 0.9000 0.9000 0.9000 0.9000 0.9000 0.9000 0.9000 0.9000 0.9000 0.9000 0.9000 0.9000 0.9000 0.9000 0.9000 0.9000 0.9000 0.9000 0.9000 0.9000 0.9000 0.9000 0.9000 0.9000 0.9000 0.9000 0.9000 0.9000 0.9000 0.9000 0.9000 0.9000 0.9000 0.9000 0.9000 0.9000 0.9000 0.9000 0.9000 0.9000 0.9000 0.9000 0.9000 0.9000 0.9000 0.9000 0.9000 0.9000 0.9000 0.9000 0.9000 0.9000 0.9000 0.9000 0.9000 0.9000 0.9000 0.9000 0.9000 0.9000 0.9000 0.9000 0.9000 0.9000 0.9000 0.9000 0.9000 0.9000 0.9000 0.9000 0.9000 0.9000 0.9000 0.9000 0.9000 0.9000 0.9000 0.9000 0.9000 0.9000 0.9000 0.9000 0.9000 0.9000 0.9000 0.9000 0.9000 0.9000 0.9000 0.9000 0.9000 0.9000 0.9000 0.9000 0.9000 0.9000 0.9000 0.9000 0.9000 0.9000 0.9000 0.9000 0.9000 0.9000 0.9000 0.9000 0.9000 0.9000 0.9000 0.9000 0.9000 0.9000 0.9000 0.9000 0.9000 0.9000 0.9000 0.9000 0.9000 0.9000 0.9000 0.9000 0.9000 0.9000 0.9000 0.9000 0.9000 0.9000 0.9000 0.9000 0.9000 0.9000 0.9000 0.9000 0.9000 0.9000 0.9000 0.9000 0.9000 0.9000 0.9000 0.9000 0.9000 0.9000 0.9000 0.9000 0.9000 0.9000 0.9000 0.9000 0.9000 0.9000 0.9000 0.9000 0.9000 0.9000 0.9000 0.9000 0.9000 0.9000 0.9000 0.9000 0.9000 0.9000 0.9000 0.9000 0.9000 0.9000 0.9000 0.9000 0.9000 0.9000 0.9000 0.9000 0.9000 0.9000 0.9000 0.9000 0.9000 0.9000 0.9000 0.9000 0.9000 0.9000 0.9000 0.9000 0.9000 0.9000 0.9000 0.9000 0.9000 0.9000 0.9000 0.9000 0.9000 0.9000 0.9000 0.9000 0.9000 0.9000 0.9000 0.9000 0.9000 0.9000 0.9000 0.9000 0.9000 0.9000 0.9000 0.9000 0.9000 0.9000 0.9000 0.9000 0.9000 0.9000 0.9000 0.9000 0.9000 0.9000 0.9000 0.9000 0.9000 0.9000 0.9000 0.9000 0.9000 0.9000 0.9000 0.9000 0.9000 0.9000 0.9000 0.9000 0.9000 0.9000 0.9000 0.9000 0.9000 0.9000 0.9000 0.9000 0.9000 0.9000 0.9000 0.9000 0.9000 0.9000 0.9000 0.9000 0.9000 0.9000 0.9000 0.9000 0.9000 0.9000 0.9000 0.9000 0.9000 0.9000 0.9000 0.9000 0.9000 0.9000 0.9000 0.9000 0.9000 0.9000 0.9000 0.9000 0.9000 0.9000 0.9000 0.9000 0.9000 0.9000 0.9000 0.9000 0.9000 0.9000 0.9000 0.9000 0.9000 0.9000 0.9000 0.9000 0.9000 0.9000 0.9000 0.9000 0.9000 0.9000 0.9000 0.9000 0.9000 0.9000 0.9000 0.9000 0.9000 0.9000 0.9000 0.9000 0.9000 0.9000 0.9000 0.9000 0.9000 0.9000 0.9000 0.9000 0.9000 0.9000 0.9000 0.9000 0.9000 0.9000 0.9000 0.9000 0.9000 0.9000 0.9000 0.9000 0.9000 0.9000 0.9000 0.9000 0.9000 0.9000 0.9000 0.9000 0.9000 0.9000 0.9000 0.9000 0.9000 0.9000 0.9000 0.9000 0.9000 0.9000 0.9000 0.9000 0.9000 0.9000 0.9000 0.9000 0.9000 0.9000 0.9000 0.9000 0.9000 0.9000 0.9000 0.9000 0.9000 0.9000 0.9000 0.9000 0.9000 0.9000 0.9000 0.9000 0.9000 0.9000 0.9000 0.9000 0.9000 0.9000 0.9000 0.9000 0.9000 0.9000 0.9000 0.9000 0.9000 0.9000 0.9000 0.9000 0.9000 0.9000 0.9000 0.9000 0.9000 0.9000 0.9000 0.9000 0.9000 0.9000 0.9000 0.9000 0.9000 0.9000 0.9000 0.9000 0.9000 0.9000 0.9000 0.9000 0.9000 0.9000 0.9000 0.9000 0.9000 0.9000 0.9000 0.9000 0.9000 0.9000 0.9000 0.9000 0.9000 0.9000 0.9000 0.9000 0.9000 0.9000 0.9000 0.9000 0.9000 0.9000 0.9000 0.9000 0.9000 0.9000 0.9000 0.9000 0.9000 0.9000 0.9000 0.9000 0.9000 0.9000 0.9000 0.9000 0.9000 0.9000 0.9000 0.9000 0.9000 0.9000 0.9000 0.9000 0.9000 0.9000 0.9000 0.9000 0.9000 0.9000 0.9000 0.9000 0.9000 0.9000 0.9000 0.5842 0.8275 0.8048 0.7876 0.7597 0.7633 0.7692 0.8190 0.6935 0.6160 0.7561 0.8466 0.8145 0.5426 0.6429 0.7083 0.8031 0.8006 0.7263 0.7449 0.8367 0.7868 0.7734 0.7666 0.7296 0.7002 0.6897 0.6077 0.8098 0.7726 0.6790 0.7349 0.8170 0.8083 0.5490 0.6822 0.8270 0.7861 0.7111 0.6612 0.6975 0.8474 0.5553 0.8078 0.6449 0.6731 0.7880 0.7098 0.7989 0.7454 0.6391 0.5987 0.6969 0.6393 0.5707 0.6983 0.7971 0.7410 0.7678 0.8098 0.8102 0.7224 0.6351 0.6597 0.7539 0.6720 0.8071 0.7454 0.6122 0.7738 0.7588 0.6835 0.8040 0.6909 0.6867 0.6009 0.7616 0.7480 0.7640 0.7024 0.7513 0.6679 0.6954 0.5916 0.7310 0.7971 0.7311 0.8453 0.7627 0.6759 0.7879 0.7101 0.7801 0.8496 0.6703 0.6353 0.7507 0.6564 0.7784 0.7803 0.7712 0.7332 0.8417 0.7824 0.7395 0.7370 0.7195 0.7930 0.7708 0.8316 0.8177 0.8129 0.6101 0.7338 0.6962 0.7448 0.8022 0.8407 0.7149 0.6531 0.7638 0.5854 0.8011 0.5879 0.8777 0.6237 0.5973 0.6881 0.6323 0.6735 0.6717 0.7718 0.7761 0.5511 0.6660 0.7036 0.7393 0.6395 0.7831 0.5091 0.7191 0.6369 0.6582 0.7026 0.8436 0.7604 0.7849 0.5636 0.6723 0.8235 0.7490 0.7768 0.6734 0.5747 0.6867 0.7575 0.5558 0.6516 0.6698 0.6592 0.8189 0.7371 0.7212 0.6586 0.7141 0.8276 0.7591 0.6244 0.8303 0.7951 0.6480 0.7126 0.7312 0.7796 0.7556 0.7795 0.7658 0.6753 0.6691 0.7807 0.8161 0.6380 0.7743 0.8070 0.6855 0.6500 0.7299 0.6470 0.7186 0.6518 0.7640 0.7979 0.7850 0.7177 0.8062 0.8323 0.7910 0.7381 0.7510 0.7808 0.6181 0.6616 0.8304 0.7174 0.7976 0.6340 0.5366 0.8344 0.8126 0.6775 0.7276 0.7875 0.8236 0.7555 0.7931 0.7733 0.6913 0.6821 0.7254 0.6384 0.7162 0.7557 0.6719 0.7029 0.7912 0.7939 0.5398 0.7801 0.5777 0.7278 0.6110 0.6608 0.7761 0.6312 0.8113 0.7044 0.8278 0.5773 0.6725 0.8018 0.7768 0.7586 0.6856 0.7352 0.6288 0.6545 0.7407 0.8109 0.5060 0.5953 0.8312 0.7763 0.8490 0.7788 0.6579 0.7265 0.6634 0.6434 0.6913 0.6950 0.7179 0.7083 0.7015 0.6865 0.8064 0.7458 0.7654 0.6705 0.6760 0.7648 0.7651 0.7148 0.5860 0.7301 0.7397 0.7464 0.6687 0.7505 0.6734 0.6230 0.8444 0.7966 0.7605 0.7325 0.5694 0.8026 0.7468 0.7490 0.7567 0.6184 0.7982 0.7652 0.8153 0.7316 0.7821 0.7376 0.7421 0.7639 0.7517 0.7435 0.8002 0.7189 0.6549 0.7851 0.7080 0.5922 0.6726 0.6885 0.7836 0.7611 0.7034 0.7836 0.8050 0.6517 0.6998 0.7723 0.8102 0.8062 0.8210 0.7787 0.7903 0.8151 0.8038 0.8107 0.7407 0.6301 0.6321 0.7295 0.7646 0.6953 0.6947 0.6302 0.5696 0.6135 0.8238 0.8479 0.7739 0.6475 0.5971 0.7365 0.7668 0.8138 0.5473 0.7413 0.6722 0.5896 0.6637 0.6201 0.7591 0.8066 0.7410 0.7431 0.6042 0.7913 0.6479 0.8146 0.8206 0.7074 0.6241 0.8145 0.7801 0.8257 0.8155 0.7339 0.5405 0.6164 0.7881 0.7369 0.8435 0.7793 0.7322 0.7361 0.7514 0.7947 0.6515 0.7743 0.7144 0.6045 0.6046 0.8642 0.6328 0.7912 0.6543 0.7558 0.7231 0.7419 0.6303 0.6888 0.6604 0.7263 0.7102 0.7125 0.5919 0.8060 0.7214 0.6300 0.7982 0.6766 0.6357 0.8037 0.8153 0.6825 0.6619 0.7717 0.6050 0.7496 0.6602 0.5573 0.6489 0.8218 0.6477 0.5685 0.7933 0.6630 0.7024 0.6925 0.7925 0.8071 0.7889 0.8511 0.6430 0.5586 0.7484 0.5516 0.5699 0.7936 0.6983 0.7646 0.7937 0.6781 0.8316 0.7230 0.6788 0.5679 0.7164 0.7096 0.7073 0.6928 0.7397 0.7113 0.7807 0.6808 0.7394 0.6894 0.7608 0.7883 0.5688 0.7286 0.7405 0.6977 0.6301 0.8501 0.7192 0.8223 0.7859 0.7039 0.7823 0.6024 0.7185 0.6188 0.7815 0.8187 0.7739 0.6688 0.7726 0.6314 0.8101 0.6239 0.6628 0.7887 0.5375 0.6137 0.7848 0.8487 0.7001 0.7218 0.7588 0.6377 0.5093 0.6819 0.7027 0.7193 0.5720 0.8019 0.6478 0.6714 0.8168 0.7676 0.8492 0.6521 0.6095 0.7795 0.7010 0.5990 0.8376 0.6563 0.6332 0.7138 0.5824 0.7216 0.7734 0.6488 0.7975 0.6849 0.7233 0.7585 0.5505 0.5721 0.7447 0.8349 0.7793 0.8375 0.8282 0.7180 0.6250 0.6768 0.6670 0.6070 0.6064 0.7299 0.6896 0.7979 0.8290 0.7077 0.7097 0.7109 0.8569 0.8239 0.5711 0.8155 0.7551 0.7555 0.6313 0.7243 0.7884 0.8701 0.6753 0.7558 0.6600 0.6510 0.7539 0.7976 0.6469 0.8147 0.7260 0.7588 0.8318 0.6261 0.7936 0.5508 0.7615 0.7919 0.7260 0.7937 0.6030 0.7190 0.7434 0.7136 0.8023 0.5678 0.7389 0.6175 0.8270 0.8125 0.7506 0.5864 0.4892 0.7470 0.6084 0.7955 0.8056 0.7784 0.5701 0.7199 0.7983 0.6939 0.7054 0.6051 0.7638 0.7233 0.8019 0.6828 0.7044 0.4657 0.7323 0.8127 0.6868 0.6912 0.6735 0.6404 0.8160 0.7060 0.7895 0.6467 0.7557 0.8461 0.6514 0.8021 0.8073 0.6938 0.7981 0.8256 0.7339 0.7991 0.7658 0.6060 0.6297 0.7764 0.7148 0.8026 0.7672 0.8066 0.7871 0.7876 0.7075 0.5834 0.8256 0.6820 0.7282 0.6166 0.6922 0.6094 0.7874 0.6765 0.8082 0.7605 0.7313 0.7166 0.7237 0.7017 0.7781 0.7204 0.6962 0.6757 0.7155 0.7834 0.6290 0.7703 0.6407 0.7964 0.7119 0.7915 0.6365 0.8201 0.7944 0.7769 0.7721 0.7002 0.7459 0.7413 0.7784 0.5491 0.8140 0.6491 0.7885 0.7768 0.6979 0.7187 0.6211 0.7254 0.7840 0.7478 0.7660 0.6671 0.8386 0.6747 0.7807 0.6798 0.6943 0.6672 0.7105 0.6251 0.7894 0.7988 0.7334 0.7391 0.7412 0.7541 0.7524 0.5984 0.6757 0.7267 0.7949 0.5465 0.8479 0.6446 0.7816 0.8497 0.6523 0.8551 0.8278 0.6733 0.6024 0.6021 0.8003 0.6034 0.8315 0.8040 0.7654 0.7771 0.6811 0.7213 0.6857 0.6438 0.6907 0.8349 0.8142 0.5733 0.7691 0.8036 0.5845 0.7390 0.7352 0.8301 0.7630 0.7132 0.8007 0.7527 0.5231 0.7802 0.7624 0.7115 0.8493 0.7326 0.7494 0.7877 0.7129 0.7932 0.8039 0.6660 0.7776 0.6744 0.5877 0.6717 0.6167 0.7206 0.5196 0.7771 0.6177 0.8206 0.7792 0.8313 0.6820 0.7208 0.7486 0.7248 0.6354 0.6887 0.6714 0.7215 0.7984 0.7262 0.6967 0.6734 0.8156 0.6379 0.6444 0.6926 0.7170 0.7686 0.7106 0.6707 0.6156 0.7719 0.8217 0.6283 0.6074 0.6513 0.5712 0.4850 0.7391 0.6961 0.6596 0.8227 0.8204 0.6684 0.5345 0.7553 0.5977 0.6869 0.8205 0.5560 0.7370 0.6395 0.7234 0.7886 0.7900 0.6367 0.7244 0.7460 0.7755 0.7811 0.6887 0.7443 0.7380 0.6443 0.6271 0.7914 0.8010 0.7523 0.7752 0.7248 0.7403 0.7041 0.7723 0.6515 0.6153 0.7845 0.7375 0.6157 0.8180 0.6776 0.7573 0.6337 0.8231 0.6019 0.6342 0.7375 0.8121 0.5894 0.7877 0.7347 0.7221 0.6711 0.7664 0.7367 0.7590 0.7892 0.8217 0.7985 0.7281 0.8371 0.6671 0.7717 0.7325 0.5893 0.7496 0.8082 0.8384 0.7331 0.7430 0.5959 0.6112 0.6674 0.7898 0.8215 0.7649 0.7355 0.7940 0.6924 0.5879 0.6676 0.7086 0.6261 0.6761 0.7194 0.6142 0.7529 0.8058 0.7162 0.7763 0.8212 0.7926 0.7980 0.7334 0.7890 0.8234 0.8246 0.7933 0.7492 0.7810 0.7661 0.8358 0.8388 0.6880 0.7461 0.6562 0.6283 0.7594 0.5933 0.7221 0.6142 0.6281 0.7034 0.7418 0.8408 0.8011 0.8197 0.7459 0.5421 0.6526 0.6500 0.7581 0.8069 0.7753 0.7244 0.7991 0.6357 0.8242 0.7814 0.8304 0.5409 0.7138 0.7789 0.7690 0.6400 0.7868 0.8643 0.7794 0.6178 0.7861 0.7605 0.6732 0.6404 0.7827 0.8130 0.6340 0.6779 0.8028 0.7703 0.7799 0.7182 0.7417 0.7614 0.5649 0.8123 0.6701 0.8032 0.6775 0.7677 0.7432 0.6460 0.7411 0.7189 0.7842 0.8031 0.7465 0.7344 0.6986 0.7836 0.7944 0.5995 0.6069 0.6591 0.7195 0.6411 0.7609 0.8061 0.7484 0.7712 0.7894 0.7415 0.8143 0.7216 0.7740 0.8176 0.6172 0.6344 0.6360 0.7749 0.8094 0.7712 0.8584 0.6172 0.8081 0.5934 0.6989 0.8197 0.7166 0.6176 0.7401 0.8208 0.7277 0.7394 0.7492 0.6220 0.7189 0.8029 0.6880 0.6972 0.6794 0.7144 0.7861 0.6793 0.6304 0.5977 0.7416 0.8139 0.5614 0.6337 0.7180 0.7862 0.7060 0.7294 0.7100 0.6477 0.8858 0.7749 0.8310 0.6613 0.7020 0.5887 0.5914 0.7483 0.7488 0.7857 0.6897 0.4963 0.6115 0.6910 0.7814 0.7157 0.7211 0.5549 0.6168 0.5621 0.7745 0.7924 0.8264 0.6721 0.8235 0.7329 0.8063 0.7798 0.5799 0.6244 0.6817 0.6706 0.8403 0.6612 0.7353 0.7015 0.7303 0.7784 0.5981 0.8367 0.7505 0.7617 0.5185 0.7886 0.5983 0.7017 0.7446 0.7959 0.7693 0.7561 0.6854 0.6287 0.7458 0.8075 0.7957 0.7857 0.5741 0.7322 0.7090 0.6782 0.7931 0.8014 0.8439 0.5161 0.8347 0.6266 0.7246 0.7085 0.7641 0.7820 0.6695 0.7085 0.7160 0.8013 0.5990 0.6536 0.7575 0.8177 0.6846 0.7080 0.7663 0.8189 0.7742 0.6909 0.7362 0.6741 0.7906 0.6896 0.7950 0.7336 0.7813 0.7385 0.6458 0.7263 0.7919 0.7662 0.8042 0.8451 0.7322 0.7621 0.7394 0.8471 0.8529 0.8097 0.7134 0.7251 0.6533 0.7512 0.8088 0.7780 0.7192 0.8030 0.7265 0.6286 0.5057 0.6779 0.7201 0.6664 0.6347 0.7713 0.5519 0.5866 0.7811 0.7527 0.7352 0.7708 0.7356 0.8056 0.6468 0.7030 0.6549 0.6709 0.5391 0.7364 0.8307 0.8320 0.6446 0.6162 0.6013 0.7392 0.6713 0.7578 0.7589 0.5687 0.6210 0.7684 0.5300 0.7057 0.5461 0.6538 0.8471 0.8465 0.7826 0.7630 0.6667 0.5213 0.6691 0.7799 0.7001 0.7909 0.6637 0.6319 0.6980 0.8247 0.7379 0.7406 0.6990 0.7204 0.7660 0.7629 0.8265 0.7906 0.8286 0.7500 0.6807 0.6754 0.7194 0.6227 0.7519 0.7308 0.7349 0.7670 0.8091 0.6210 0.7016 0.6503 0.7894 0.7280 0.7098 0.7694 0.7985 0.8204 0.7120 0.6998 0.7966 0.6430 0.7964 0.7033 0.6905 0.6723 0.6869 0.7778 0.6961 0.8548 0.8431 0.7414 0.7436 0.7541 0.6084 0.6692 0.7467 0.6362 0.7749 0.7744 0.6993 0.7729 0.8246 0.7556 0.8275 0.7723 0.7866 0.6791 0.8273 0.6090 0.7052 0.8843 0.6320 0.7705 0.6584 0.7495 0.8091 0.5691 0.6289 0.7073 0.7381 0.7627 0.6316 0.7618 0.8129 0.7433 0.7959 0.7596 0.7436 0.8068 0.7649 0.7048 0.8124 0.8093 0.7993 0.7648 0.8244 0.7455 0.7850 0.7060 0.8204 0.7018 0.8230 0.7531 0.7738 0.7279 0.7460 0.5655 0.5975 0.7133 0.7272 0.7778 0.7928 0.7532 0.6338 0.6631 0.7604 0.7609 0.6486 0.6954 0.7209 0.8016 0.6808 0.6187 0.7342 0.6522 0.7502 0.6834 0.7031 0.6239 0.7400 0.5787 0.7725 0.7959 0.6347 0.6897 0.7950 0.8180 0.7375 0.6434 0.7659 0.7260 0.7787 0.6890 0.7912 0.8032 0.5876 0.7364 0.6874 0.7875 0.8513 0.6268 0.6770 0.8051 0.7834 0.7957 0.7730 0.5644 0.7391 0.7834 0.8084 0.7955 0.7598 0.7997 0.5899 0.6741 0.7373 0.8379 0.6242 0.6042 0.7767 0.7865 0.8126 0.5809 0.7940 0.8065 0.7060 0.7521 0.6391 0.5616 0.8461 0.6843 0.8069 0.6875 0.7762 0.7678 0.7961 0.7720 0.7888 0.7886 0.7584 0.5164 0.7216 0.7689 0.7935 0.7869 0.8178 0.7556 0.6034 0.8317 0.6602 0.8494 0.7980 0.8177 0.5775 0.7562 0.5768 0.7029 0.7593 0.5731 0.6902 0.7769 0.7340 0.8053 0.6927 0.6606 0.8583 0.6234 0.8361 0.7248 0.7389 0.7743 0.8496 0.6105 0.5689 0.5307 0.7950 0.8164 0.7327 0.7599 0.8054 0.7008 0.7983 0.7025 0.7668 0.7558 0.6944 0.6934 0.8566 0.7636 0.6854 0.7143 0.6768 0.8214 0.6904 0.5521 0.8138 0.7403 0.7221 0.7530 0.5719 0.7844 0.7016 0.6699 0.6796 0.6789 0.6519 0.6866 0.6590 0.8145 0.6845 0.7412 0.7528 0.6672 0.8201 0.7912 0.6316 0.5788 0.7198 0.7322 0.5909 0.7246 0.8068 0.8133 0.7927 0.8290 0.6769 0.5741 0.6506 0.7259 0.6267 0.6771 0.7925 0.6734 0.6768 0.7041 0.5743 0.7530 0.8176 0.7766 0.7078 0.6833 0.5852 0.7928 0.7809 0.6174 0.7487 0.7535 0.7470 0.8071 0.6611 0.7448 0.8017 0.6903 0.6332 0.8186 0.8009 0.8416 0.6863 0.7596 0.8276 0.7932 0.6944 0.7490 0.6359 0.8544 0.7987 0.8086 0.7105 0.7579 0.6971 0.7162 0.7551 0.6171 0.7695 0.8050 0.7733 0.7673 0.8555 0.7383 0.7965 0.5556 0.7611 0.8252 0.7649 0.7120 0.7916 0.6760 0.6479 0.7104 0.6783 0.8595 0.7354 0.8021 0.6236 0.5971 0.6617 0.7062 0.5552 0.7013 0.5024 0.7093 0.8000 0.6026 0.6933 0.8412 0.8021 0.7288 0.7887 0.8129 0.7934 0.5606 0.7820 0.7563 0.5016 0.6464 0.5904 0.8070 0.6957 0.8443 0.8363 0.7160 0.6172 0.6361 0.7123 0.7196 0.7967 0.6593 0.8488 0.7330 0.5595 0.8106 0.8234 0.6218 0.7981 0.7569 0.7281 0.6452 0.7639 0.6236 0.7496 0.7338 0.8029 0.7817 0.6335 0.7590 0.7089 0.6543 0.7069 0.7103 0.8165 0.8076 0.7313 0.7113 0.8485 0.8013 0.7815 0.7908 0.5694 0.8120 0.6599 0.7859 0.7827 0.7511 0.8117 0.6745 0.7732 0.7020 0.7170 0.5084 0.6995 0.6028 0.7350 0.7114 0.7218 0.6418 0.5966 0.7503 0.7191 0.5941 0.7325 0.8154 0.6949 0.8244 0.7487 0.7887 0.6443 0.7276 0.7257 0.7768 0.7103 0.7378 0.5651 0.8113 0.6173 0.6883 0.7986 0.7149 0.8293 0.6670 0.6912 0.6851 0.7606 0.8159 0.6881 0.6902 0.5776 0.7946 0.7776 0.6944 0.6607 0.5441 0.7784 0.6650 0.8106 0.7729 0.6590 0.8203 0.6055 0.8526 0.5690 0.5793 0.6411 0.7754 0.8378 0.8168 0.7705 0.6436 0.7430 0.6297 0.6919 0.6144 0.6624 0.8155 0.8180 0.8183 0.7583 0.6996 0.7148 0.8159 0.7002 0.6636 0.6106 0.7758 0.7644 0.7565 0.7828 0.6217 0.8321 0.7569 0.6552 0.6212 0.7170 0.8516 0.8081 0.6816 0.6659 0.7828 0.8148 0.6777 0.6163 0.7422 0.7813 0.6271 0.7159 0.8251 0.6661 0.8265 0.7505 0.7382 0.6489 0.6755 0.5831 0.7799 0.6773 0.6610 0.7080 0.6330 0.7557 0.7099 0.7095 0.8120 0.7540 0.6002 0.7559 0.7442 0.6411 0.6946 0.6056 0.7030 0.7386 0.7247 0.7584 0.8558 0.5137 0.7621 0.7780 0.6120 0.7549 0.6505 0.5127 0.7448 0.7418 0.7911 0.8125 0.7668 0.8239 0.6389 0.7659 0.7669 0.7154 0.6632 0.7658 0.7077 0.6362 0.7481 0.6928 0.7361 0.7258 0.7543 0.7655 0.7676 0.7792 0.7017 0.7316 0.8152 0.6950 0.8354 0.7110 0.8072 0.6018 0.7629 0.7302 0.6512 0.5892 0.7853 0.6575 0.5227 0.7247 0.6409 0.6519 0.7503 0.6418 0.6558 0.8110 0.8311 0.6539 0.5931 0.6779 0.6817 0.7916 0.7354 0.6768 0.7747 0.8103 0.6696 0.6872 0.8054 0.7723 0.7389 0.7862 0.8196 0.5914 0.7333 0.8036 0.7860 0.6706 0.6736 0.6947 0.8089 0.6050 0.8204 0.7881 0.8008 0.8118 0.8246 0.7775 0.7864 0.7594 0.6432 0.8046 0.6591 0.7142 0.7425 0.7533 0.7122 0.6543 0.8243 0.6819 0.7220 0.6836 0.8262 0.6594 0.8136 0.5496 0.7790 0.5393 0.6389 0.8312 0.5523 0.6781 0.6737 0.7365 0.7541 0.7878 0.7000 0.5589 0.8458 0.8162 0.8384 0.7554 0.7918 0.7879 0.7918 0.7006 0.7649 0.7915 0.7037 0.6696 0.8396 0.7411 0.6410 0.8685 0.7669 0.7683 0.7348 0.6817 0.5378 0.7872 0.7889 0.7854 0.7426 0.6161 0.6960 0.7760 0.7253 0.6561 0.8188 0.8178 0.8281 0.8688 0.7066 0.7239 0.8486 0.7617 0.7503 0.6125 0.7860 0.7728 0.8087 0.5758 0.7879 0.7008 0.7896 0.7156 0.8172 0.8241 0.7308 0.7082 0.6986 0.6977 0.7786 0.7740 0.6874 0.8295 0.6722 0.8013 0.7794 0.5960 0.7999 0.6709 0.4901 0.7962 0.7564 0.7718 0.6485 0.6614 0.7259 0.8406 0.8034 0.7506 0.7998 0.8089 0.7013 0.5353 0.6590 0.7800 0.6963 0.7249 0.6983 0.5182 0.7662 0.7148 0.7905 0.7980 0.6397 0.4969 0.6148 0.6868 0.7575 0.7546 0.7306 0.7571 0.6579 0.7933 0.6796 0.7337 0.6265 0.6655 0.7275 0.8101 0.7521 0.7369 0.7217 0.7178 0.7032 0.7229 0.8781 0.8211 0.7110 0.7360 0.7674 0.8486 0.8221 0.6599 0.7486 0.7119 0.8099 0.7319 0.5540 0.5266 0.7998 0.7183 0.8260 0.7241 0.6955 0.7397 0.6051 0.6611 0.6667 0.6799 0.7731 0.7442 0.7534 0.7194 0.7555 0.5613 0.6263 0.6149 0.7968 0.5953 0.6938 0.8470 0.7074 0.8502 0.8374 0.6975 0.6247 0.8299 0.7089 0.8309 0.6415 0.6928 0.8055 0.6530 0.6517 0.7773 0.6673 0.7136 0.8315 0.7909 0.7552 0.6860 0.6908 0.7177 0.8421 0.6204 0.7561 0.7499 0.7451 0.8023 0.6249 0.6010 0.6160 0.8199 0.8005 0.8439 0.8151 0.6979 0.7440 0.7941 0.5727 0.6485 0.6231 0.7991 0.6402 0.5872 0.8010 0.7760 0.7140 0.8042 0.6449 0.5056 0.6073 0.6691 0.7312 0.7959 0.7966 0.7067 0.7442 0.7804 0.6734 0.5942 0.5805 0.6050 0.5665 0.7901 0.8384 0.6755 0.7839 0.8025 0.8625 0.7140 0.6682 0.7224 0.7006 0.7375 0.8160 0.6381 0.7584 0.6568 0.7900 0.6688 0.6397 0.7280 0.8197 0.6696 0.7341 0.6991 0.7739 0.7652 0.8033 0.8282 0.6792 0.8277 0.8579 0.8085 0.6379 0.7965 0.8094 0.8430 0.7150 0.6383 0.7422 0.8161 0.6252 0.7153 0.7122 0.6865 0.8051 0.7601 0.7294 0.5616 0.7008 0.6057 0.7105 0.7775 0.7032 0.6313 0.6768 0.7602 0.5739 0.5648 0.7198 0.6885 0.7344 0.6879 0.8160 0.7723 0.7976 0.6998 0.7416 0.7742 0.6505 0.7615 0.7844 0.7453 0.5553 0.7449 0.7952 0.6384 0.6034 0.7770 0.7643 0.7941 0.7300 0.5636 0.6464 0.7297 0.7741 0.4807 0.5996 0.7404 0.8367 0.6762 0.6157 0.6033 0.8472 0.7044 0.8252 0.7626 0.7618 0.6739 0.8317 0.8366 0.6183 0.8407 0.8236 0.7037 0.7453 0.5307 0.7794 0.7443 0.7649 0.7549 0.6980 0.6428 0.6028 0.7445 0.7478 0.7984 0.6625 0.7399 0.8326 0.7470 0.7546 0.7413 0.8207 0.8193 0.7575 0.7815 0.6193 0.7099 0.7291 0.6311 0.7843 0.8201 0.6990 0.7801 0.7403 0.6675 0.5455 0.6308 0.8122 0.7653 0.7148 0.7346 0.8062 0.7217 0.7886 0.5434 0.6291 0.8313 0.7888 0.7620 0.7713 0.6653 0.6650 0.8338 0.6344 0.5952 0.7826 0.7434 0.8382 0.8306 0.8333 0.5634 0.7252 0.7273 0.6073 0.5357 0.7080 0.6082 0.6104 0.7310 0.7165 0.7315 0.6019 0.6572 0.5890 0.6699 0.8126 0.6543 0.7854 0.8029 0.7140 0.6673 0.7847 0.6419 0.7144 0.7796 0.6478 0.8026 0.7401 0.6791 0.6086 0.6460 0.7313 0.7536 0.7393 0.8084 0.7609 0.6500 0.7826 0.6245 0.8123 0.5977 0.7305 0.7685 0.7629 0.6886 0.7061 0.7766 0.6167 0.6026 0.6765 0.7898 0.5766 0.6806 0.7891 0.8229 0.7919 0.6668 0.8430 0.7837 0.8159 0.6835 0.7335 0.6577 0.6871 0.5665 0.6802 0.6087 0.7127 0.8067 0.8443 0.7251 0.6616 0.6697 0.6493 0.7825 0.7596 0.7413 0.6141 0.8561 0.7299 0.8076 0.7588 0.7202 0.7647 0.8027 0.5479 0.6816 0.7960 0.7157 0.7970 0.6583 0.7614 0.7978 0.6020 0.6570 0.6064 0.7952 0.7802 0.7928 0.7915 0.6679 0.6259 0.6431 0.6959 0.7893 0.8620 0.6884 0.6267 0.6920 0.7441 0.7940 0.5844 0.8249 0.7763 0.7665 0.6265 0.6989 0.6175 0.6960 0.7941 0.6374 0.6926 0.8049 0.8227 0.6442 0.7769 0.7596 0.4942 0.7167 0.7916 0.7254 0.7653 0.8102 0.8446 0.5748 0.5902 0.6152 0.7236 0.8222 0.7890 0.6277 0.8048 0.6852 0.8046 0.6783 0.7547 0.7001 0.6621 0.8202 0.6319 0.6913 0.5699 0.7575 0.5668 0.6059 0.7969 0.7981 0.7300 0.7594 0.8628 0.7528 0.7878 0.7394 0.8213 0.7319 0.8113 0.7713 0.7706 0.6224 0.7940 0.6130 0.6588 0.7054 0.5885 0.6979 0.6280 0.6684 0.7558 0.6410 0.7234 0.5949 0.6170 0.8598 0.7918 0.6611 0.7702 0.7105 0.7746 0.6683 0.5570 0.7264 0.8126 0.7170 0.8532 0.7063 0.5793 0.7227 0.7882 0.6177 0.7864 0.4594 0.8308 0.7282 0.6106 0.5195 0.8324 0.7892 0.7726 0.8189 0.7565 0.8015 0.7608 0.7817 0.6272 0.7844 0.7547 0.6088 0.6159 0.8179 0.7095 0.6281 0.7947 0.8283 0.7736 0.7141 0.8024 0.6311 0.7969 0.6593 0.5917 0.5776 0.7879 0.7643 0.6443 0.6975 0.6839 0.7436 0.6659 0.8060 0.8203 0.7721 0.6178 0.7667 0.7342 0.7053 0.6962 0.6951 0.8053 0.8292 0.6115 0.8108 0.8250 0.6819 0.8218 0.6929 0.6991 0.6898 0.7550 0.8160 0.8297 0.7152 0.5294 0.6245 0.7921 0.6331 0.8029 0.8118 0.5324 0.7970 0.6740 0.8142 0.7992 0.7429 0.6355 0.7949 0.7317 0.7276 0.7268 0.6546 0.7534 0.6709 0.7008 0.7227 0.6030 0.7995 0.6963 0.7232 0.6787 0.7430 0.6363 0.7477 0.7843 0.7721 0.8220 0.6532 0.7908 0.7275 0.6185 0.7709 0.6784 0.7977 0.6823 0.6316 0.7481 0.6740 0.8348 0.6528 0.7738 0.7217 0.8124 0.8025 0.7257 0.5425 0.7266 0.6433 0.7715 0.5752 0.7893 0.6862 0.7237 0.7673 0.8094 0.6162 0.6216 0.8285 0.7256 0.7406 0.7481 0.6522 0.7275 0.7223 0.6434 0.7867 0.7370 0.5856 0.8293 0.7352 0.7360 0.8328 0.6831 0.7118 0.8192 0.7228 0.6766 0.6752 0.8570 0.8333 0.7945 0.6186 0.7089 0.7425 0.7548 0.7315 0.7287 0.7035 0.7426 0.6568 0.7174 0.8404 0.5868 0.6317 0.7762 0.8086 0.7301 0.6809 0.6846 0.7047 0.6104 0.6058 0.6251 0.7639 0.6611 0.7722 0.7508 0.7764 0.6511 0.7548 0.7348 0.6437 0.6523 0.6442 0.8025 0.7902 0.6222 0.6928 0.8346 0.7163 0.8369 0.6923 0.5548 0.7490 0.6105 0.8363 0.6393 0.6426 0.7335 0.7559 0.7503 0.7275 0.6723 0.7780 0.7719 0.6474 0.7099 0.8490 0.7527 0.7736 0.7730 0.7229 0.7005 0.7620 0.5039 0.7115 0.7798 0.7947 0.7189 0.7004 0.7953 0.6798 0.6188 0.6509 0.6923 0.8438 0.8014 0.7964 0.6593 0.7944 0.8010 0.7783 0.7929 0.7597 0.6875 0.8610 0.6063 0.4985 0.8024 0.8008 0.6143 0.7082 0.6454 0.6313 0.6831 0.7506 0.7751 0.8209 0.5899 0.5714 0.6090 0.7148 0.8031 0.6387 0.7273 0.6754 0.7272 0.5719 0.7322 0.6775 0.6739 0.5847 0.5680 0.7044 0.7409 0.6616 0.6236 0.7752 0.7492 0.7402 0.7806 0.6801 0.8278 0.7745 0.5767 0.7915 0.6354 0.8113 0.8653 0.7914 0.7665 0.7516 0.8080 0.8387 0.7849 0.5631 0.6486 0.8159 0.8167 0.6943 0.7480 0.7832 0.7583 0.6986 0.7990 0.6566 0.7739 0.7287 0.7962 0.7426 0.7216 0.5826 0.6195 0.6139 0.8313 0.7002 0.5995 0.7467 0.8185 0.7604 0.7976 0.7185 0.6469 0.7773 0.7628 0.6964 0.7732 0.7888 0.6612 0.7093 0.7088 0.7979 0.6920 0.5865 0.7120 0.7364 0.6939 0.7541 0.7401 0.8013 0.7663 0.6222 0.6646 0.8345 0.8044 0.7048 0.7304 0.6881 0.8379 0.5292 0.6372 0.7482 0.6853 0.6912 0.7303 0.6654 0.6887 0.8112 0.6524 0.7049 0.6282 0.7269 0.8304 0.8217 0.7070 0.7802 0.7519 0.7274 0.7481 0.7058 0.6465 0.7602 0.6399 0.7819 0.7467 0.7383 0.5269 0.8712 0.7760 0.7277 0.6476 0.6898 0.7861 0.7651 0.5941 0.7168 0.5629 0.7930 0.8270 0.8144 0.8041 0.6344 0.8412 0.7744 0.6936 0.6859 0.8017 0.6331 0.7846 0.7838 0.7085 0.7129 0.8181 0.6729 0.7156 0.7296 0.7956 0.8292 0.7343 0.6885 0.7197 0.7649 0.6469 0.7662 0.7845 0.8353 0.7587 0.6023 0.8652 0.6374 0.5568 0.7968 0.7594 0.7283 0.8016 0.8320 0.5539 0.7737 0.7120 0.7533 0.7205 0.7097 0.7844 0.6205 0.6381 0.5978 0.8262 0.7813 0.7561 0.7221 0.8379 0.6584 0.7857 0.6817 0.7602 0.7928 0.6256 0.8102 0.7415 0.7962 0.7823 0.7667 0.8095 0.7917 0.7528 0.8233 0.6350 0.7620 0.7043 0.6655 0.7788 0.8433 0.6707 0.7429 0.7862 0.6873 0.7629 0.8040 0.7217 0.5556 0.6714 0.6148 0.8244 0.5779 0.7673 0.7363 0.8072 0.8542 0.8151 0.8365 0.7351 0.6129 0.6490 0.6304 0.7403 0.6876 0.7176 0.7492 0.7614 0.6230 0.6991 0.8308 0.7791 0.7173 0.6771 0.7496 0.7559 0.6207 0.6350 0.7387 0.8228 0.7997 0.8794 0.6206 0.8353 0.8091 0.5643 0.8237 0.8339 0.7564 0.8176 0.6983 0.7921 0.6817 0.7774 0.6617 0.5948 0.8462 0.8501 0.6837 0.8041 0.5685 0.7231 0.8207 0.5659 0.6722 0.7106 0.7908 0.6724 0.8075 0.8084 0.7328 0.8542 0.6166 0.7704 0.8195 0.8422 0.6761 0.7875 0.7999 0.6841 0.7150 0.7982 0.6590 0.8005 0.8190 0.6634 0.7290 0.7842 0.6754 0.7777 0.6908 0.7608 0.6549 0.7992 0.8044 0.6065 0.7820 0.7321 0.5972 0.8151 0.7835 0.6344 0.6633 0.7992 0.7983 0.7637 0.7894 0.7656 0.7387 0.8392 0.5794 0.8447 0.7468 0.7643 0.7812 0.6634 0.8059 0.5401 0.7342 0.8636 0.7813 0.7527 0.6632 0.7734 0.7231 0.8316 0.8711 0.7743 0.6871 0.6913 0.7270 0.8399 0.8518 0.8273 0.6867 0.8508 0.8317 0.8426 0.7963 0.6815 0.7444 0.7894 0.6318 0.5924 0.5925 0.7066 0.8202 0.8589 0.7944 0.7332 0.8142 0.8604 0.8219 0.7881 0.8390 0.8289 0.6412 0.8426 0.8229 0.6364 0.6948 0.7835 0.8032 0.8441 0.6268 0.6833 0.8223 0.8493 0.5306 0.7068 0.7241 0.6917 0.6782 0.7833 0.8534 0.7019 0.5767 0.8601 0.7896 0.6182 0.8121 0.7847 0.8623 0.8390 0.8296 0.6654 0.8100 0.8337 0.7038 0.8172 0.6987 0.7182 0.8498 0.6853 0.7545 0.8327 0.7587 0.6829 0.6485 0.8249 0.5919 0.8247 0.8086 0.7032 0.7510 0.5703 0.6797 0.6381 0.8231 0.7785 0.7399 0.8050 0.6721 0.7846 0.7287 0.8062 0.6836 0.7513 0.7774 0.7406 0.5831 0.7516 0.5809 0.6605 0.6221 0.7572 0.7262 0.6361 0.5838 0.8433 0.7125 0.6617 0.8129 0.8115 0.6011 0.6487 0.8586 0.6926 0.7619 0.6988 0.8020 0.7960 0.7651 0.8264 0.8028 0.6240 0.6307 0.7876 0.7277 0.7704 0.7784 0.8358 0.8840 0.8065 0.8050 0.6275 0.5912 0.7399 0.7857 0.6626 0.7622 0.6997 0.8260 0.7985 0.7398 0.7916 0.7711 0.8333 0.7931 0.8474 0.8143 0.7287 0.8074 0.7641 0.6418 0.8378 0.8735 0.8104 0.6837 0.6836 0.8378 0.6528 0.7237 0.7515 0.7311 0.7762 0.7864 0.7902 0.8262 0.8258 0.6096 0.6892 0.7334 0.7865 0.8292 0.6762 0.7718 0.8652 0.8171 0.8580 0.7337 0.7948 0.6933 0.6614 0.8581 0.7390 0.8148 0.6557 0.7437 0.6800 0.7926 0.6957 0.7266 0.7583 0.6073 0.6995 0.6710 0.8685 0.8168 0.8047 0.7774 0.8549 0.8271 0.8330 0.7539 0.8285 0.7128 0.6326 0.7705 0.6182 0.7024 0.8084 0.6940 0.8501 0.8102 0.8262 0.7092 0.8198 0.8089 0.8405 0.6816 0.7568 0.8009 0.7214 0.6296 0.7940 0.6358 0.8650 0.8311 0.8420 0.8429 0.6472 0.7272 0.8462 0.7745 0.7730 0.8345 0.8261 0.5804 0.8358 0.8244 0.8106 0.8586 0.7733 0.8146 0.7907 0.7027 0.7735 0.8278 0.8443 0.6030 0.7839 0.7526 0.6417 0.8370 0.6988 0.7688 0.6959 0.8342 0.6647 0.5628 0.5739 0.6307 0.6451 0.7456 0.7542 0.6523 0.6401 0.7157 0.7020 0.7802 0.7016 0.7375 0.8205 0.6777 0.8063 0.8458 0.7012 0.6206 0.8503 0.6839 0.7010 0.7129 0.5903 0.8135 0.7966 0.6304 0.7816 0.8123 0.6925 0.7409 0.8592 0.7216 0.8425 0.8013 0.7452 0.6365 0.6566 0.8417 0.7572 0.5602 0.7888 0.7878 0.8139 0.8537 0.5871 0.7971 0.8261 0.7438 0.6449 0.7577 0.8127 0.6969 0.6581 0.6665 0.8207 0.8107 0.7851 0.6714 0.8300 0.8523 0.8345 0.7525 0.7590 0.5929 0.8380 0.7365 0.6495 0.8221 0.7311 0.7171 0.8317 0.6512 0.7650 0.6984 0.7490 0.8193 0.7591 0.6636 0.7901 0.7685 0.6517 0.8858 0.8249 0.7282 0.5845 0.8072 0.7872 0.5868 0.7332 0.6762 0.7583 0.7683 0.7671 0.7278 0.6363 0.7025 0.8377 0.8035 0.6262 0.7915 0.6292 0.7638 0.5890 0.7572 0.7943 0.8618 0.8518 0.7641 0.7841 0.8492 0.7192 0.5986 0.8095 0.8090 0.8811 0.8307 0.8399 0.5724 0.6609 0.7466 0.8064 0.7164 0.8348 0.7703 0.8045 0.7117 0.7252 0.7397 0.8380 0.7358 0.6037 0.7379 0.6574 0.7007 0.8559 0.6017 0.7226 0.8234 0.7204 0.8387 0.7499 0.7490 0.8368 0.7662 0.7273 0.8135 0.8168 0.7514 0.8263 0.7789 0.6876 0.7548 0.7221 0.7984 0.6385 0.6448 0.8006 0.7272 0.7618 0.8254 0.7527 0.8080 0.8096 0.8758 0.8113 0.6441 0.7891 0.7110 0.8071 0.7191 0.7247 0.7650 0.6797 0.8235 0.6104 0.8893 0.5702 0.8468 0.7385 0.7702 0.6741 0.8451 0.8152 0.7482 0.6681 0.8221 0.6831 0.7933 0.6184 0.8506 0.7312 0.7513 0.6626 0.7461 0.8093 0.8021 0.6938 0.8325 0.6436 0.7945 0.6564 0.8593 0.7536 0.7310 0.8809 0.7478 0.5798 0.6828 0.8667 0.7736 0.7180 0.5806 0.7802 0.8197 0.7397 0.8110 0.7868 0.8497 0.6456 0.8052 0.7933 0.8012 0.7081 0.7714 0.7938 0.7111 0.8098 0.6349 0.8077 0.8206 0.6209 0.7686 0.6237 0.7754 0.6506 0.8178 0.5558 0.8595 0.7029 0.8228 0.7920 0.6625 0.6518 0.7906 0.8401 0.8086 0.7982 0.8064 0.8469 0.5805 0.8482 0.6270 0.6090 0.7939 0.6726 0.7269 0.8690 0.6889 0.7931 0.5948 0.5929 0.7867 0.8216 0.6792 0.6996 0.7264 0.7684 0.8260 0.8020 0.8127 0.6277 0.7781 0.7725 0.6499 0.7387 0.6147 0.8147 0.8349 0.8160 0.5541 0.7242 0.6469 0.8356 0.8527 0.6447 0.6817 0.8767 0.8164 0.6593 0.7695 0.6803 0.7608 0.8616 0.7765 0.6705 0.7520 0.6042 0.6348 0.7166 0.8066 0.7978 0.6174 0.8472 0.7793 0.6433 0.7431 0.7104 0.7838 0.7812 0.8328 0.6456 0.5787 0.7241 0.8021 0.8582 0.6874 0.7432 0.7098 0.8036 0.7727 0.7776 0.8409 0.7877 0.7464 0.8350 0.5971 0.7031 0.7097 0.7644 0.7983 0.7353 0.6729 0.6773 0.7692 0.7805 0.8303 0.8203 0.6295 0.5419 0.6538 0.6138 0.8173 0.8206 0.8373 0.8120 0.8338 0.7655 0.7771 0.6849 0.8690 0.7574 0.6908 0.6894 0.6594 0.7755 0.7833 0.7313 0.7805 0.7908 0.6165 0.7544 0.8003 0.8441 0.7762 0.6904 0.7945 0.6914 0.7203 0.7563 0.7759 0.7911 0.7959 0.6795 0.6745 0.7590 0.7373 0.8036 0.8409 0.6993 0.6777 0.7750 0.6751 0.7903 0.8355 0.6643 0.6466 0.7892 0.7056 0.6541 0.7499 0.6411 0.8571 0.8740 0.6978 0.7969 0.6844 0.6729 0.8243 0.6076 0.6992 0.7935 0.6606 0.7484 0.6324 0.8238 0.8335 0.8304 0.8489 0.8682 0.6645 0.8373 0.6972 0.7066 0.7868 0.5942 0.6407 0.8498 0.8390 0.6252 0.8101 0.6045 0.7998 0.7078 0.7153 0.7160 0.5954 0.8655 0.8097 0.8234 0.8178 0.8540 0.6844 0.8043 0.8185 0.8199 0.7567 0.8465 0.8826 0.6558 0.8388 0.6955 0.7345 0.7103 0.7022 0.5681 0.8761 0.6680 0.7600 0.6618 0.7741 0.7669 0.8240 0.7565 0.7299 0.8518 0.6951 0.8496 0.7378 0.8272 0.8615 0.7168 0.7019 0.8560 0.6368 0.7849 0.8571 0.8260 0.7875 0.7718 0.6446 0.8136 0.7008 0.8444 0.6241 0.7991 0.8180 0.8554 0.7749 0.6806 0.8567 0.7281 0.8118 0.7659 0.8374 0.7975 0.6702 0.7269 0.5055 0.8475 0.8421 0.7111 0.6305 0.7913 0.6891 0.7876 0.7339 0.5505 0.8251 0.7016 0.7974 0.8418 0.6318 0.8076 0.5682 0.8150 0.7762 0.7462 0.8351 0.8180 0.8807 0.6812 0.6708 0.8219 0.7553 0.8556 0.7815 0.7180 0.7835 0.8652 0.8452 0.8293 0.6655 0.6137 0.8130 0.7936 0.8121 0.7560 0.7731 0.7861 0.6658 0.7464 0.6927 0.7879 0.8310 0.8660 0.6345 0.8285 0.7002 0.6095 0.6963 0.5983 0.7625 0.8424 0.7452 0.8150 0.6558 0.8359 0.6957 0.5006 0.8507 0.6733 0.8377 0.8446 0.7781 0.8161 0.7491 0.7849 0.8521 0.8062 0.7967 0.6670 0.6337 0.6339 0.8416 0.7838 0.5822 0.8423 0.7724 0.7075 0.6288 0.7921 0.7115 0.7963 0.8145 0.8240 0.6980 0.8777 0.7689 0.7007 0.5265 0.7929 0.6311 0.8043 0.6681 0.5834 0.7875 0.7486 0.7924 0.5996 0.8052 0.6525 0.6650 0.7356 0.6927 0.8261 0.7604 0.8150 0.7849 0.6791 0.8288 0.5843 0.8339 0.7941 0.8287 0.6012 0.6752 0.6840 0.8310 0.6008 0.6717 0.8265 0.7522 0.8318 0.8028 0.6134 0.5969 0.7487 0.6234 0.8098 0.6514 0.8146 0.7520 0.8491 0.5699 0.7968 0.7100 0.7225 0.5702 0.7503 0.7763 0.7560 0.6015 0.6554 0.7265 0.7955 0.8402 0.7068 0.7279 0.6305 0.7629 0.7236 0.7327 0.7833 0.6783 0.5772 0.7686 0.6794 0.7947 0.7120 0.7029 0.6747 0.6177 0.7347 0.7565 0.7668 0.5938 0.8043 0.6756 0.7773 0.7444 0.6163 0.7831 0.8383 0.7651 0.7996 0.6132 0.7443 0.7497 0.7017 0.8154 0.7158 0.7010 0.8147 0.6105 0.6004 0.7417 0.7157 0.5869 0.7331 0.7531 0.7160 0.7160 0.6300 0.8325 0.8265 0.7705 0.6799 0.7265 0.5954 0.6667 0.6751 0.8319 0.8300 0.6541 0.6307 0.7335 0.6757 0.5859 0.6144 0.7432 0.6645 0.6994 0.6396 0.5873 0.6842 0.6315 0.7826 0.7814 0.6111 0.7693 0.7789 0.7693 0.7243 0.7957 0.6875 0.5752 0.6897 0.6155 0.6412 0.6227 0.7271 0.8028 0.7511 0.7842 0.7699 0.6004 0.5956 0.7336 0.6132 0.7223 0.7231 0.8173 0.8240 0.6685 0.6695 0.7307 0.8490 0.7466 0.8283 0.7509 0.6311 0.6495 0.6791 0.5505 0.8160 0.4959 0.5488 0.7790 0.5633 0.8117 0.7264 0.8099 0.8476 0.8238 0.6656 0.6205 0.7147 0.8335 0.6610 0.7649 0.5735 0.7435 0.7946 0.6717 0.7667 0.7749 0.7879 0.7870 0.7046 0.6520 0.6326 0.7610 0.7714 0.7309 0.6632 0.7336 0.6638 0.7500 0.5710 0.7100 0.7658 0.7134 0.6835 0.8003 0.7802 0.7897 0.6637 0.7781 0.5480 0.6031 0.7928 0.7414 0.7709 0.7807 0.7108 0.7968 0.7476 0.7298 0.7674 0.6519 0.7484 0.6002 0.6773 0.7068 0.7653 0.7974 0.7769 0.6313 0.6946 0.5584 0.6605 0.8461 0.8264 0.6711 0.6178 0.5894 0.7019 0.8017 0.7487 0.6402 0.8313 0.7746 0.6582
</DataArray>
<DataArray type="Int32" Name="in_raft" format="ascii">
0 0 0 0 0 0 0 0 0 0 0 0 0 0 0 0 0 0 0 0 0 0 0 0 0 0 0 0 0 0 0 0 0 0 0 0 0 0 0 0 0 0 0 0 0 0 0 0 0 0 0 0 0 0 0 0 0 0 0 0 0 0 0 0 0 0 0 0 0 0 0 0 0 0 0 0 0 0 0 0 0 0 0 0 0 0 0 0 0 0 0 0 0 0 0 0 0 0 0 0 0 0 0 0 0 0 0 0 0 0 0 0 0 0 0 0 0 0 0 0 0 0 0 0 0 0 0 0 0 0 0 0 0 0 0 0 0 0 0 0 0 0 0 0 0 0 0 0 0 0 0 0 0 0 0 0 0 0 0 0 0 0 0 0 0 0 0 0 0 0 0 0 0 0 0 0 0 0 0 0 0 0 0 0 0 0 0 0 0 0 0 0 0 0 0 0 0 0 0 0 0 0 0 0 0 0 0 0 0 0 0 0 0 0 0 0 0 0 0 0 0 0 0 0 0 0 0 0 0 0 0 0 0 0 0 0 0 0 0 0 0 0 0 0 0 0 0 0 0 0 0 0 0 0 0 0 0 0 0 0 0 0 0 0 0 0 0 0 0 0 0 0 0 0 0 0 0 0 0 0 0 0 0 0 0 0 0 0 0 0 0 0 0 0 0 0 0 0 0 0 0 0 0 0 0 0 0 0 0 0 0 0 0 0 0 0 0 0 0 0 0 0 0 0 0 0 0 0 0 0 0 0 0 0 0 0 0 0 0 0 0 0 0 0 0 0 0 0 0 0 0 0 0 0 0 0 0 0 0 0 0 0 0 0 0 0 0 0 0 0 0 0 0 0 0 0 0 0 0 0 0 0 0 0 0 0 0 0 0 0 0 0 0 0 0 0 0 0 0 0 0 0 0 0 0 0 0 0 0 0 0 0 0 0 0 0 0 0 0 0 0 0 0 0 0 0 0 0 0 0 0 0 0 0 0 0 0 0 0 0 0 0 0 0 0 0 0 0 0 0 0 0 0 0 0 0 0 0 0 0 0 0 0 0 0 0 0 0 0 0 0 0 0 0 0 0 0 0 0 0 0 0 0 0 0 0 0 0 0 0 0 0 0 0 0 0 0 0 0 0 0 0 0 0 0 0 0 0 0 0 0 0 0 0 0 0 0 0 0 0 0 0 0 0 0 0 0 0 0 0 0 0 0 0 0 0 0 0 0 0 0 0 0 0 0 0 0 0 0 0 0 0 0 0 0 0 0 0 0 0 0 0 0 0 0 0 0 0 0 0 0 0 0 0 0 0 0 0 0 0 0 0 0 0 0 0 0 0 0 0 0 0 0 0 0 0 0 0 0 0 0 0 0 0 0 0 0 0 0 0 0 0 0 0 0 0 0 0 0 0 0 0 0 0 0 0 0 0 0 0 0 0 0 0 0 0 0 0 0 0 0 0 0 0 0 0 0 0 0 0 0 0 0 0 0 0 0 0 0 0 0 0 0 0 0 0 0 0 0 0 0 0 0 0 0 0 0 0 0 0 0 0 0 0 0 0 0 0 0 0 0 0 0 0 0 0 0 0 0 0 0 0 0 0 0 0 0 0 0 0 0 0 0 0 0 0 0 0 0 0 0 0 0 0 0 0 0 0 0 0 0 0 0 0 0 0 0 0 0 0 0 0 0 0 0 0 0 0 0 0 0 0 0 0 0 0 0 0 0 0 0 0 0 0 0 0 0 0 0 0 0 0 0 0 0 0 0 0 0 0 0 0 0 0 0 0 0 0 0 0 0 0 0 0 0 0 0 0 0 0 0 0 0 0 0 0 0 0 0 0 0 0 0 0 0 0 0 0 0 0 0 0 0 0 0 0 0 0 0 0 0 0 0 0 0 0 0 0 0 0 0 0 0 0 0 0 0 0 0 0 0 0 0 0 0 0 0 0 0 0 0 0 0 0 0 0 0 0 0 0 0 0 0 0 0 0 0 0 0 0 0 0 0 0 0 0 0 0 0 0 0 0 0 0 0 0 0 0 0 0 0 0 0 0 0 0 0 0 0 0 0 0 0 0 0 0 0 0 0 0 0 0 0 0 0 0 0 0 0 0 0 0 0 0 0 0 0 0 0 0 0 0 0 0 0 0 0 0 0 0 0 0 0 0 0 0 0 0 0 0 0 0 0 0 0 0 0 0 0 0 0 0 0 0 0 0 0 0 0 0 0 0 0 0 0 0 0 0 0 0 0 0 0 0 0 0 0 0 0 0 0 0 0 0 0 0 0 0 0 0 0 0 0 0 0 0 0 0 0 0 0 0 0 0 0 0 0 0 0 0 0 0 0 0 0 0 0 0 0 0 0 0 0 0 0 0 0 0 0 0 0 0 0 0 0 0 0 0 0 0 0 0 0 0 0 0 0 0 0 0 0 0 0 0 0 0 0 0 0 0 0 0 0 0 0 0 0 0 0 0 0 0 0 0 0 0 0 0 0 0 0 0 0 0 0 0 0 0 0 0 0 0 0 0 0 0 0 0 0 0 0 0 0 0 0 0 0 0 0 0 0 0 0 0 0 0 0 0 0 0 0 0 0 0 0 0 0 0 0 0 0 0 0 0 0 0 0 0 0 0 0 0 0 0 0 0 0 0 0 0 0 0 0 0 0 0 0 0 0 0 0 0 0 0 0 0 0 0 0 0 0 0 0 0 0 0 0 0 0 0 0 0 0 0 0 0 0 0 0 0 0 0 0 0 0 0 0 0 0 0 0 0 0 0 0 0 0 0 0 0 0 0 0 0 0 0 0 0 0 0 0 0 0 0 0 0 0 0 0 0 0 0 0 0 0 0 0 0 0 0 0 0 0 0 0 0 0 0 0 0 0 0 0 0 0 0 0 0 0 0 0 0 0 0 0 0 0 0 0 0 0 0 0 0 0 0 0 0 0 0 0 0 0 0 0 0 0 0 0 0 0 0 0 0 0 0 0 0 0 0 0 0 0 0 0 0 0 0 0 0 0 0 0 0 0 0 0 0 0 0 0 0 0 0 0 0 0 0 0 0 0 0 0 0 0 0 0 0 0 0 0 0 0 0 0 0 0 0 0 0 0 0 0 0 0 0 0 0 0 0 0 0 0 0 0 0 0 0 0 0 0 0 0 0 0 0 0 0 0 0 0 0 0 0 0 0 0 0 0 0 0 0 0 0 0 0 0 0 0 0 0 0 0 0 0 0 0 0 0 0 0 0 0 0 0 0 0 0 0 0 0 0 0 0 0 0 0 0 0 0 0 0 0 0 0 0 0 0 0 0 0 0 0 0 0 0 0 0 0 0 0 0 0 0 0 0 0 0 0 0 0 0 0 0 0 0 0 0 0 0 0 0 0 0 0 0 0 0 0 0 0 0 0 0 0 0 0 0 0 0 0 0 0 0 0 0 0 0 0 0 0 0 0 0 0 0 0 0 0 0 0 0 0 0 0 0 0 0 0 0 0 0 0 0 0 0 0 0 0 0 0 0 0 0 0 0 0 0 0 0 0 0 0 0 0 0 0 0 0 0 0 0 0 0 0 0 0 0 0 0 0 0 0 0 0 0 0 0 0 0 0 0 0 0 0 0 0 0 0 0 0 0 0 0 0 0 0 0 0 0 0 0 0 0 0 0 0 0 0 0 0 0 0 0 0 0 0 0 0 0 0 0 0 0 0 0 0 0 0 0 0 0 0 0 0 0 0 0 0 0 0 0 0 0 0 0 0 0 0 0 0 0 0 0 0 0 0 0 0 0 0 0 0 0 0 0 0 0 0 0 0 0 0 0 0 0 0 0 0 0 0 0 0 0 0 0 0 0 0 0 0 0 0 0 0 0 0 0 0 0 0 0 0 0 0 0 0 0 0 0 0 0 0 0 0 0 0 0 0 0 0 0 0 0 0 0 0 0 0 0 0 0 0 0 0 0 0 0 0 0 0 0 0 0 0 0 0 0 0 0 0 0 0 0 0 0 0 0 0 0 0 0 0 0 0 0 0 0 0 0 0 0 0 0 0 0 0 0 0 0 0 0 0 0 0 0 0 0 0 0 0 0 0 0 0 0 0 0 0 0 0 0 0 0 0 0 0 0 0 0 0 0 0 0 0 0 0 0 0 0 0 0 0 0 0 0 0 0 0 0 0 0 0 0 0 0 0 0 0 0 0 0 0 0 0 0 0 0 0 0 0 0 0 0 0 0 0 0 0 0 0 0 0 0 0 0 0 0 0 0 0 0 0 0 0 0 0 0 0 0 0 0 0 0 0 0 0 0 0 0 0 0 0 0 0 0 0 0 0 0 0 0 0 0 0 0 0 0 0 0 0 0 0 0 0 0 0 0 0 0 0 0 0 0 0 0 0 0 0 0 0 0 0 0 0 0 0 0 0 0 0 0 0 0 0 0 0 0 0 0 0 0 0 0 0 0 0 0 0 0 0 0 0 0 0 0 0 0 0 0 0 0 0 0 0 0 0 0 0 0 0 0 0 0 0 0 0 0 0 0 0 0 0 0 0 0 0 0 0 0 0 0 0 0 0 0 0 0 0 0 0 0 0 0 0 0 0 0 0 0 0 0 0 0 0 0 0 0 0 0 0 0 0 0 0 0 0 0 0 0 0 0 0 0 0 0 0 0 0 0 0 0 0 0 0 0 0 0 0 0 0 0 0 0 0 0 0 0 0 0 0 0 0 0 0 0 0 0 0 0 0 0 0 0 0 0 0 0 0 0 0 0 0 0 0 0 0 0 0 0 0 0 0 0 0 0 0 0 0 0 0 0 0 0 0 0 0 0 0 0 0 0 0 0 0 0 0 0 0 0 0 0 0 0 0 0 0 0 0 0 0 0 0 0 0 0 0 0 0 0 0 0 0 0 0 0 0 0 0 0 0 0 0 0 0 0 0 0 0 0 0 0 0 0 0 0 0 0 0 0 0 0 0 0 0 0 0 0 0 0 0 0 0 0 0 0 0 0 0 0 0 0 0 0 0 0 0 0 0 0 0 0 0 0 0 0 0 0 0 0 0 0 0 0 0 0 0 0 0 0 0 0 0 0 0 0 0 0 0 0 0 0 0 0 0 0 0 0 0 0 0 0 0 0 0 0 0 0 0 0 0 0 0 0 0 0 0 0 0 0 0 0 0 0 0 0 0 0 0 0 0 0 0 0 0 0 0 0 0 0 0 0 0 0 0 0 0 0 0 0 0 0 0 0 0 0 0 0 0 0 0 0 0 0 0 0 0 0 0 0 0 0 0 0 0 0 0 0 0 0 0 0 0 0 0 0 0 0 0 0 0 0 0 0 0 0 0 0 0 0 0 0 0 0 0 0 0 0 0 0 0 0 0 0 0 0 0 0 0 0 0 0 0 0 0 0 0 0 0 0 0 0 0 0 0 0 0 0 0 0 0 0 0 0 0 0 0 0 0 0 0 0 0 0 0 0 0 0 0 0 0 0 0 0 0 0 0 0 0 0 0 0 0 0 0 0 0 0 0 0 0 0 0 0 0 0 0 0 0 0 0 0 0 0 0 0 0 0 0 0 0 0 0 0 0 0 0 0 0 0 0 0 0 0 0 0 0 0 0 0 0 0 0 0 0 0 0 0 0 0 0 0 0 0 0 0 0 0 0 0 0 0 0 0 0 0 0 0 0 0 0 0 0 0 0 0 0 0 0 0 0 0 0 0 0 0 0 0 0 0 0 0 0 0 0 0 0 0 0 0 0 0 0 0 0 0 0 0 0 0 0 0 0 0 0 0 0 0 0 0 0 0 0 0 0 0 0 0 0 0 0 0 0 0 0 0 0 0 0 0 0 1 0 0 0 1 1 1 0 0 1 1 1 0 1 0 0 1 0 0 1 0 0 1 0 0 0 0 1 0 0 1 0 0 1 1 0 0 0 0 0 0 1 1 1 0 0 0 1 0 0 0 0 0 1 0 0 1 0 1 0 0 1 0 0 0 0 0 0 0 0 0 0 0 1 0 0 0 0 1 0 1 0 0 1 1 0 1 1 0 0 0 1 0 1 0 0 0 0 0 1 0 0 1 0 1 1 1 0 0 0 1 1 0 0 1 0 0 0 0 0 0 1 1 0 0 0 1 1 0 0 1 1 0 0 0 0 1 0 1 0 1 0 1 0 0 0 0 0 1 1 0 0 0 0 0 0 0 0 1 0 0 1 1 0 0 1 0 1 0 0 1 0 0 1 0 1 1 1 0 0 0 0 0 0 0 0 0 0 1 1 1 0 0 0 0 0 0 0 1 0 0 1 0 0 1 1 0 0 0 0 1 0 1 0 0 0 1 0 0 1 0 0 1 0 1 1 1 0 1 0 0 0 1 0 0 0 1 0 0 0 0 1 0 0 0 0 1 0 1 1 0 1 1 1 1 1 1 1 0 0 1 0 1 1 0 0 0 0 1 0 1 1 1 0 0 1 0 0 0 0 1 0 1 1 0 0 1 1 1 1 1 0 0 0 0 1 1 1 0 0 0 0 0 1 0 0 1 0 0 0 0 1 1 1 0 0 1 0 0 0 0 0 1 1 0 1 1 1 0 1 0 0 0 0 1 0 1 1 1 0 1 1 0 0 1 0 0 0 1 0 0 0 1 0 0 0 0 0 0 1 0 1 1 0 0 1 0 0 0 0 1 1 0 0 0 1 1 0 1 0 0 0 0 0 1 1 0 0 1 1 0 0 1 0 1 0 1 0 0 1 0 0 1 1 1 0 0 0 0 0 0 1 0 0 0 1 0 0 0 0 1 1 0 1 1 0 0 1 0 0 1 0 0 0 1 0 1 0 0 0 0 1 0 1 1 0 0 0 0 1 0 0 0 1 0 0 0 0 1 0 0 0 1 0 1 0 0 0 1 1 1 0 1 1 0 0 0 0 0 1 0 0 0 1 1 0 0 0 0 0 0 1 1 0 1 0 1 1 0 1 1 0 0 0 0 0 1 0 1 0 0 0 0 0 0 0 1 0 0 0 1 1 1 0 1 0 0 0 0 1 1 0 0 0 0 0 1 0 0 0 0 0 1 1 1 1 1 1 0 0 0 0 0 0 1 0 1 0 1 1 0 0 0 0 0 0 0 0 1 1 0 1 1 0 0 0 0 1 1 0 1 0 0 0 1 1 1 1 0 1 1 0 0 0 1 0 1 1 1 1 0 1 0 1 0 0 0 0 1 1 0 1 0 0 0 0 0 0 1 0 0 1 1 0 0 1 0 1 0 0 0 1 0 0 1 0 0 0 0 1 1 0 0 0 0 0 1 0 0 0 1 1 1 1 0 1 0 0 0 1 1 0 0 1 0 0 1 1 1 0 1 1 0 1 0 0 0 1 0 0 1 0 0 0 1 0 0 0 0 1 1 0 0 1 1 0 0 0 1 0 1 0 0 1 1 1 0 0 1 1 0 0 0 0 1 0 0 1 1 0 0 1 1 0 0 0 1 0 1 0 0 1 0 0 0 1 1 0 0 0 0 0 0 0 0 0 0 0 0 0 1 0 1 0 0 1 0 1 0 0 0 1 1 0 0 0 0 0 0 0 1 0 0 0 0 1 1 0 1 0 0 1 0 0 1 0 1 1 0 0 1 0 1 0 0 0 1 1 0 0 0 0 0 0 0 0 0 1 0 0 1 1 1 0 0 1 0 0 0 0 0 0 1 1 1 1 1 0 0 1 0 0 0 0 0 0 1 0 0 0 0 1 0 1 1 1 0 0 0 0 0 0 0 0 1 0 0 0 1 0 0 0 0 1 0 0 1 0 0 0 0 0 0 1 0 1 0 1 1 1 1 0 0 0 0 0 0 0 0 0 1 0 0 1 0 1 0 0 1 1 0 1 1 0 0 1 0 0 0 1 0 1 0 0 0 1 1 1 0 0 1 1 0 0 1 1 0 0 0 0 0 0 0 0 0 0 1 0 0 1 0 0 0 0 0 1 0 1 0 1 0 0 0 0 1 0 1 1 1 0 0 0 1 1 0 0 1 0 1 1 1 0 0 0 1 0 0 0 0 0 0 0 0 0 1 0 1 0 1 1 0 1 0 1 0 1 1 1 0 0 0 0 1 0 1 0 0 1 0 1 1 0 0 0 1 0 1 0 0 1 1 0 1 0 0 0 0 0 0 1 1 1 0 0 1 1 0 1 0 1 1 1 0 0 0 1 1 0 1 0 0 0 0 0 1 0 0 1 0 1 0 0 0 0 1 1 1 1 0 0 1 1 0 0 0 0 0 0 0 0 0 1 0 0 0 0 0 1 0 0 0 0 0 0 0 0 0 1 0 0 1 0 1 0 0 0 1 0 0 0 0 0 0 0 0 0 1 1 1 0 0 0 0 0 1 0 0 0 0 0 0 1 0 1 0 0 0 0 0 1 0 1 0 1 1 0 1 1 1 0 0 0 0 0 1 0 0 0 1 0 0 0 0 0 0 0 0 1 0 1 0 0 0 1 0 0 1 0 0 0 1 0 1 1 1 1 0 1 0 0 0 0 0 1 0 1 0 0 0 1 1 0 0 0 0 1 1 1 0 0 1 1 0 1 0 0 1 1 0 0 0 1 1 1 1 1 0 0 0 0 1 1 0 0 0 0 0 0 0 1 1 0 0 0 1 0 1 1 0 1 1 0 0 0 0 0 1 1 1 1 0 0 0 0 1 0 0 1 0 1 0 0 0 1 0 0 0 1 0 1 0 1 1 0 0 0 1 0 1 1 0 1 1 0 1 0 1 0 1 1 0 0 0 0 1 0 0 0 0 1 0 1 0 1 1 0 0 1 0 0 0 0 1 0 1 1 1 0 0 0 0 0 1 0 1 0 0 1 0 1 0 1 1 0 0 0 0 0 1 1 0 1 0 1 0 1 0 1 0 1 1 1 0 0 0 0 0 0 0 0 0 1 0 0 1 0 1 1 0 1 0 0 1 0 1 0 0 0 1 0 0 0 0 0 1 1 0 0 0 0 0 1 1 1 0 1 1 1 1 0 1 0 0 0 0 0 1 0 1 0 1 0 0 1 1 1 0 0 0 0 0 1 1 1 0 0 1 1 0 0 0 0 1 1 0 1 1 1 1 0 0 0 1 1 1 0 1 0 0 0 0 1 0 0 0 0 1 0 1 0 0 0 0 1 0 0 1 0 0 0 0 0 0 0 0 0 0 0 1 0 1 1 1 0 0 0 0 1 1 0 1 0 1 1 0 1 0 0 0 0 1 0 1 0 0 0 0 0 0 0 1 0 0 0 0 1 0 0 1 0 1 0 0 0 0 1 0 1 1 1 0 0 1 0 0 0 0 0 1 1 0 0 0 1 0 0 0 1 0 0 0 0 0 0 1 0 0 1 1 1 0 0 1 1 0 0 0 0 0 1 0 0 0 0 0 1 0 0 0 0 0 0 1 1 0 1 0 1 0 1 0 1 1 0 0 0 1 1 1 0 1 0 1 0 0 1 0 0 0 0 0 0 0 1 0 1 0 0 0 0 0 0 1 0 0 1 0 1 1 0 1 1 1 0 0 0 0 0 0 1 1 0 1 0 0 0 0 0 1 1 0 0 0 0 1 0 0 0 1 1 0 0 0 1 0 0 0 1 0 1 1 0 1 0 1 1 0 1 1 0 0 0 0 0 1 1 0 0 0 0 0 0 0 1 1 0 0 1 0 0 1 0 0 0 0 1 1 1 1 0 1 0 0 0 1 1 0 0 0 1 0 0 0 0 1 1 0 1 0 0 1 0 1 1 0 0 1 1 0 1 0 0 0 1 0 0 0 0 0 1 0 1 0 0 1 1 0 1 0 0 1 1 1 0 0 0 0 0 0 1 1 1 0 0 0 0 0 1 1 1 0 0 1 1 0 0 0 0 1 0 0 0 1 0 0 0 0 0 1 0 0 0 1 1 0 0 1 0 0 0 0 0 0 0 0 0 1 1 1 0 0 0 1 1 0 0 1 1 0 0 0 0 0 0 0 1 1 1 1 1 1 0 0 1 0 0 0 1 0 0 0 0 1 0 1 0 0 1 1 1 1 0 0 0 1 0 0 1 0 0 0 0 0 1 0 0 1 0 0 1 0 1 0 0 0 1 0 0 0 0 0 0 0 1 1 0 0 0 0 1 1 1 0 1 0 1 1 0 1 0 0 0 0 0 1 0 1 0 0 0 0 1 0 1 0 0 0 1 1 1 0 0 1 0 1 0 1 1 0 0 1 0 0 0 0 1 1 1 1 0 0 0 1 0 0 1 0 0 0 0 0 1 0 1 0 0 0 0 1 0 0 1 0 1 0 0 0 0 1 1 1 0 1 1 0 1 1 0 1 1 1 0 1 1 1 0 0 0 1 0 0 0 1 0 1 0 0 0 1 0 0 1 0 0 0 0 1 0 1 1 1 0 1 1 0 0 1 0 0 1 1 1 0 1 0 1 0 0 1 1 0 1 1 0 0 0 1 0 0 0 1 1 0 0 0 1 0 0 0 0 0 0 0 0 0 1 1 0 0 1 1 1 0 0 0 1 1 1 0 0 0 0 0 0 1 0 1 0 0 0 0 1 0 0 0 0 0 1 1 1 0 1 0 0 1 1 0 1 0 0 1 1 1 1 0 0 1 1 1 0 0 1 1 1 1 1 0 1 0 0 0 0 0 0 1 1 1 1 1 0 0 0 1 1 0 0 0 0 1 1 0 0 0 1 1 0 1 1 1 0 0 0 0 0 1 1 1 0 1 0 0 0 0 0 0 0 0 1 1 0 1 0 0 0 0 1 0 1 0 0 1 0 0 1 0 1 0 0 0 1 0 0 0 1 0 0 0 1 0 1 0 0 0 0 0 1 0 1 0 1 1 0 0 1 1 0 1 0 0 0 1 0 1 0 0 1 0 1 0 0 0 1 0 0 0 1 0 1 0 0 0 0 0 0 1 1 0 0 1 0 1 1 0 1 1 0 0 0 1 1 0 1 1 0 0 0 0 1 1 0 1 0 0 1 0 0 0 1 1 0 1 0 1 1 0 0 1 0 1 0 0 1 0 1 0 1 1 0 0 1 0 1 1 0 0 1 0 1 0 0 1 1 0 1 0 0 0 1 1 1 0 0 1 0 0 0 0 0 1 0 0 0 0 0 1 0 0 1 0 0 0 1 0 0 0 1 0 1 0 0 0 0 1 1 1 0 0 0 1 1 0 1 1 1 0 0 0 0 0 1 1 0 1 1 0 0 0 1 0 1 0 0 0 1 0 0 0 0 1 0 0 0 0 1 0 1 0 1 0 1 0 0 0 1 1 1 0 0 1 1 0 0 0 0 1 0 1 0 1 0 0 0 1 1 0 1 1 0 1 0 0 1 0 0 0 1 0 1 1 0 1 0 0 0 0 0 0 1 1 1 0 1 0 0 0 0 0 1 1 0 0 0 0 0 0 0 0 1 1 1 0 0 0 0 0 1 0 1 0 1 1 1 0 0 0 0 1 1 1 0 1 0 1 0 0 0 1 0 1 0 1 0 0 1 1 0 0 0 1 0 1 1 1 0 0 1 0 0 1 1 0 0 0 0 0 0 0 0 0 0 0 0 0 1 1 0 1 0 0 0 0 0 1 1 0 0 1 0 1 0 0 1 0 0 1 0 0 1 0 0 0 0 0 0 0 1 0 0 1 0 1 0 0 0 1 1 0 0 0 1 0 0 1 0 1 0 0 1 0 0 0 0 0 1 0 0 0 0 0 0 0 1 0 0 0 1 0 1 1 0 1 0 1 1 1 1 0 0 1 0 0 0 1 0 0 0 0 0 1 1 1 1 0 0 0 1 1 1 0 0 1 0 0 0 1 0 0 0 0 1 0 1 1 0 1 0 0 1 0 1 0 0 1 0 0 1 0 1 0 1 1 0 0 0 0 0 0 0 0 0 1 0 0 0 1 1 1 0 1 1 0 1 0 0 0 0 1 1 0 0 0 1 0 1 0 1 1 0 1 0 1 1 0 1 0 0 1 0 1 0 0 0 0 0 0 0 1 1 0 1 0 0 0 0 1 0 0 1 0 0 0 0 0 1 0 0 0 0 0 0 0 1 0 0 0 0 0 0 0 0 1 1 0 0 1 1 0 1 0 1 1 1 1 0 0 1 0 0 0 0 1 0 1 1 0 1 1 0 0 1 0 0 0 0 1 0 0 1 0 0 0 0 0 0 0 0 0 0 1 1 1 0 0 1 0 1 0 0 1 0 0 0 0 0 1 0 1 0 1 1 1 1 0 1 0 1 0 0 1 0 1 0 1 0 0 0 1 1 1 0 1 0 0 0 0 0 0 1 0 0 0 0 0 1 0 0 1 1 1 0 0 0 1 1 0 1 0 0 1 0 0 0 1 0 0 0 0 0 0 1 0 1 0 0 1 1 1 0 0 1 1 0 0 0 0 0 1 1 0 0 0 0 1 0 0 0 0 0 1 0 0 0 0 0 0 0 0 0 1 0 0 1 1 1 1 1 1 0 0 1 1 0 0 0 1 0 0 1 1 0 0 0 0 0 0 0 1 0 0 0 0 0 0 1 1 0 1 0 1 1 0 1 0 0 0 0 1 1 1 1 0 0 0 1 0 1 1 1 0 1 0 0 0 0 1 0 0 0 0 0 0 0 0 1 0 0 1 0 0 1 1 0 0 0 0 1 0 0 0 1 0 0 1 0 1 1 1 0 0 1 0 0 0 0 0 0 0 0 0 0 1 1 1 0 0 0 0 0 0 0 0 1 0 0 0 1 0 0 0 0 0 0 0 0 0 0 0 0 0 0 0 0 0 0 0 0 0 0 0 0 0 0 0 0 0 0 0 0 0 0 0 0 0 0 0 0 0 0 0 0 0 0 0 0 0 0 0 0 0 0 0 0 0 0 0 0 0 0 0 0 0 0 0 0 0 0 0 0 0 0 0 0 0 0 0 0 0 0 0 0 0 0 0 0 0 0 0 0 0 0 0 0 0 0 0 0 0 0 0 0 0 0 0 0 0 0 0 0 0 0 0 0 0 0 0 0 0 0 0 0 0 0 0 0 0 0 0 0 0 0 0 0 0 0 0 0 0 0 0 0 0 0 0 0 0 0 0 0 0 0 0 0 0 0 0 0 0 0 0 0 0 0 0 0 0 0 0 0 0 0 0 0 0 0 0 0 0 0 0 0 0 0 0 0 0 0 0 0 0 0 0 0 0 0 0 0 0 0 0 0 0 0 0 0 0 0 0 0 0 0 0 0 0 0 0 0 0 0 0 0 0 0 0 0 0 0 0 0 0 0 0 0 0 0 0 0 0 0 0 0 0 0 0 0 0 0 0 0 0 0 0 0 0 0 0 0 0 0 0 0 0 0 0 0 0 0 0 0 0 0 0 0 0 0 0 0 0 0 0 0 0 0 0 0 0 0 0 0 0 0 0 0 0 0 0 0 0 0 0 0 0 0 0 0 0 0 0 0 0 0 0 0 0 0 0 0 0 0 0 0 0 0 0 0 0 0 0 0 0 0 0 0 0 0 0 0 0 0 0 0 0 0 0 0 0 0 0 0 0 0 0 0 0 0 0 0 0 0 0 0 0 0 0 0 0 0 0 0 0 0 0 0 0 0 0 0 0 0 0 0 0 0 0 0 0 0 0 0 0 0 0 0 0 0 0 0 0 0 0 0 0 0 0 0 0 0 0 0 0 0 0 0 0 0 0 0 0 0 0 0 0 0 0 0 0 0 0 0 0 0 0 0 0 0 0 0 0 0 0 0 0 0 0 0 0 0 0 0 0 0 0 0 0 0 0 0 0 0 0 0 0 0 0 0 0 0 0 0 0 0 0 0 0 0 0 0 0 0 0 0 0 0 0 0 0 0 0 0 0 0 0 0 0 0 0 0 0 0 0 0 0 0 0 0 0 0 0 0 0 0 0 0 0 0 0 0 0 0 0 0 0 0 0 0 0 0 0 0 0 0 0 0 0 0 0 0 0 0 0 0 0 0 0 0 0 0 0 0 0 0 0 0 0 0 0 0 0 0 0 0 0 0 0 0 0 0 0 0 0 0 0 0 0 0 0 0 0 0 0 0 0 0 0 0 0 0 0 0 0 0 0 0 0 0 0 0 0 0 0 0 0 0 0 0 0 0 0 0 0 0 0 0 1 1 1 1 0 1 1 1 1 1 0 0 0 0 0 0 0 0 1 1 0 1 0 1 1 0 0 1 1 1 0 1 1 0 0 0 0 0 1 0 0 0 1 0 0 1 0 0 0 0 0 0 0 0 0 1 0 0 0 1 0 0 0 0 1 1 0 1 0 0 0 0 0 0 1 0 0 0 0 0 0 0 0 1 1 0 0 0 0 0 1 0 0 0 0 1 0 1 1 1 1 0 1 0 0 0 0 0 1 0 1 0 0 0 1 0 0 0 0 0 1 1 1 1 0 1 1 0 0 0 0 0 0 0 0 0 0 0 0 0 0 0 0 0 0 0 0 0 0 0 0 0 0 0 0 0 0 0 0 0 0 0 0 0 0 0 0 0 0 0 0 0 0 0 0 0 0 0 0 0 0 0 0 0 0 0 0 0 0 0 0 0 0 0 0 0 0 0 0 0 0 0 0 0 0 0 0 0 0 0 0 0 0 0 0 0 0 0 0 0 0 0 0 0 0 0 0 0 0 0 0 0 0 0 0 0 0 0 0 0 0 0 0 0 0 0 0 0 0 0 0 0 0 0 1 0 0 0 1 0 0 0 0 0 0 0 0 0 0 1 1 1 0 0 0 0 1 0 0 1 1 1 0 1 1 1 1 1 0 0 0 1 1 1 1 0 1 1 0 1 0 0 1 0 0 1 0 0 1 0 0 1 0 0 1 0 0 0 1 1 0 0 0 1 1 0 1 1 1 1 1 1 1 1 1 1 1 1 1 1 0 0 1 1 1 0 1 0 0 1 0 0 1 0 1 1 1 0 0 1 0 0 0 1 1 0 0 0 0 0 0 1 1 0 1 1 1 1 0 0 1 1 0 0 0 0 1 1 0 1 0 0 1 0 0 0 0 0 0 0 1 0 1 0 1 0 0 0 0 0 1 0 1 0 1 0 1 0 1 1 0 0 0 0 0 0 1 1 1 0 0 1 0 0 0 0 0 0 0 0 1 1 1 1 1 1 1 0 0 0 1 1 0 1 0 1 0 1 1 1 1 1 1 0 0 1 0 0 0 1 1 1 1 1 0 1 0 0 0 0 0 0 1 1 0 1 0 0 1 0 1 0 0 0 0 0 1 1 0 0 1 1 1 0 1 1 1 1 1 0 1 0 0 1 1 0 0 0 1 0 0 0 0 0 1 1 1 1 0 0 0 0 0 0 1 1 0 0 1 0 1 0 0 0 1 0 0 0 1 0 1 0 1 0 0 1 1 1 0 1 0 1 0 1 0 0 1 0 1 1 0 0 1 0 0 1 0 0 1 0 0 0 0 1 1 0 1 1 0 0 0 0 1 1 0 1 0 0 1 0 0 0 0 0 0 0 1 1 0 1 0 1 0 1 1 1 0 0 1 0 0 1 0 1 1 0 1 1 0 0 0 1 1 1 1 1 0 0 0 0 0 0 0 0 0 1 1 0 0 0 1 0 0 1 1 1 1 0 1 0 1 0 0 0 1 1 0 1 0 0 1 0 0 1 1 1 1 1 1 1 0 0 0 1 0 1 1 1 0 0 1 1 0 1 1 0 0 0 0 1 1 1 0 0 1 0 1 0 0 0 1 0 1 1 0 1 1 0 0 0 1 0 1 1 0 1 1 1 0 0 0 1 1 1 1 0 1 0 1 0 0 1 1 1 1 1 1 0 1 0 0 0 0 1 0 1 0 1 0 1 1 0 0 0 0 0 0 1 1 0 1 0 1 0 1 0 0 0 1 0 1 0 0 0 0 0 0 0 0 0 1 1 0 0 1 0 0 0 0 1 1 0 0 0 1 0 1 0 0 0 1 0 1 1 0 0 1 0 0 0 1 0 1 1 1 1 1 1 1 1 1 1 1 0 0 0 1 1 0 1 1 1 1 1 1 0 1 0 1 0 0 0 0 0 0 0 0 0 0 1 0 1 1 1 0 0 0 1 1 0 0 1 0 0 1 0 1 1 1 0 1 0 1 0 1 1 1 1 1 0 1 0 1 1 0 0 0 1 1 0 1 1 0 1 0 0 0 1 0 1 0 1 0 1 1 0 0 1 0 0 0 0 1 0 0 0 0 1 0 0 1 0 1 0 1 1 0 1 0 0 0 0 0 0 0 0 1 0 1 1 0 1 1 0 1 0 1 0 1 0 1 0 1 0 1 0 1 0 0 0 1 1 0 1 1 0 1 0 1 1 1 0 1 1 0 0 1 1 0 1 1 1 0 0 0 0 0 0 1 0 0 0 0 1 1 0 0 0 0 1 0 1 0 0 1 0 1 0 1 0 1 0 0 1 0 1 1 0 0 0 0 1 1 0 0 1 0 0 0 1 1 1 0 0 1 0 1 0 0 0 0 0 0 0 1 1 0 1 0 0 1 0 1 1 0 1 1 0 1 1 0 1 1 0 1 0 1 0 1 0 0 1 0 1 1 0 1 1 1 0 1 0 0 0 1 0 0 0 1 1 1 0 0 1 1 1 1 1 1 1 1 0 1 1 0 0 0 1 0 1 1 0 0 0 1 0 0 1 1 0 1 1 0 0 1 0 0 1 1 0 1 0 1 0 1 0 1 0 1 1 1 1 0 1 0 1 1 0 0 0 0 0 1 1 0 1 1 1 0 0 0 1 1 1 1 0 0 1 1 0 0 1 1 0 1 0 1 1 0 1 0 1 0 0 1 0 1 0 0 1 0 0 0 0 0 0 1 0 1 1 1 0 0 0 0 1 1 0 1 0 1 0 1 1 0 0 1 1 1 0 1 0 1 0 0 1 0 0 1 0 0 1 1 0 0 0 1 1 0 0 0 0 0 1 0 1 0 1 1 0 0 1 0 1 0 0 1 0 0 0 1 1 1 0 1 1 0 0 1 1 1 1 0 0 0 0 1 0 0 1 1 0 1 1 1 1 0 1 1 1 0 0 1 1 0 0 0 1 1 0 0 0 1 0 1 1 0 1 1 1 0 0 1 0 1 0 0 1 0 0 0 0 0 0 0 1 0 1 1 1 1 1 0 0 0 0 0 0 1 0 1 1 1 0 0 0 0 1 0 0 0 0 1 1 0 0 1 1 1 0 0 0 1 0 0 0 0 0 1 1 0 0 0 1 0 1 0 0 0 1 0 0 0 0 1 0 0 1 0 1 1 1 0 1 0 0 1 0 1 1 1 1 1 1 0 0 1 1 0 1 1 0 1 1 1 0 1 1 1 0 0 1 0 1 0 1 1 1 0 1 0 1 1 0 1 0 0 1 0 1 1 0 1 1 1 0 0 0 1 0 1 1 1 1 0 1 0 0 0 1 0 1 0 1 1 1 1 1 1 0 0 0 0 0 1 0 0 0 1 1 0 1 0 1 0 0 1 1 0 1 0 0 0 0 1 0 0 1 0 1 0 0 0 0 0 0 1 1 0 0 1 1 1 0 0 0 0 0 0 1 0 1 1 0 1 0 0 1 0 1 0 1 1 1 1 0 1 0 1 0 1 0 0 1 0 0 1 0 0 0 0 1 0 1 1 1 0 1 0 0 0 1 1 1 1 0 0 1 0 0 0 0 0 1 0 1 1 0 0 1 0 0 1 0 0 1 1 0 0 0 0 1 0 0 1 1 0 1 0 0 1 1 0 1 0 1 0 1 0 1 0 1 1 1 1 1 0 1 1 1 1 1 0 0 1 1 0 0 1 1 1 1 1 1 0 1 0 0 0 0 0 0 1 1 1 1 1 1 1 1 0 1 1 0 0 1 0 0 1 0 1 0 0 1 0 1 1 0 1 0 0 1 0 0 0 1 0 1 0 1 0 0 1 1 1 0 0 0 0 0 1 1 1 1 0 0 0 1 0 1 1 1 1 0 0 0 1 1 1 1 1 0 0 0 0 0 0 1 1 0 0 1 1 1 1 1 0 1 1 1 1 0 0 0 1 1 0 0 0 1 0 1 1 0 0 1 1 0 0 0 0 0 1 0 0 0 1 0 1 0 1 0 1 0 0 1 0 1 0 0 1 0 0 0 0 0 0 0 0 1 1 0 0 1 0 1 0 1 0 0 1 1 0 0 1 0 0 0 0 1 0 0 0 1 0 0 1 1 0 0 1 1 1 0 0 1 0 0 1 0 0 0 0 0 0 0 1 0 1 1 1 0 0 1 0 0 1 0 0 0 0 0 0 0 1 0 0 1 0 1 0 1 1 0 0 1 0 1 0 1 1 0 0 0 0 0 0 0 0 1 0 1 0 1 0 1 1 0 0 0 1 0 1 0 1 0 1 1 0 1 0 1 0 0 1 1 0 0 0 1 1 1 0 0 1 0 0 0 1 0 0 0 1 0 0 0 1 0 0 0 0 0 1 1 1 1 0 0 1 1 0 1 1 0 1 0 1 1 0 1 0 1 0 0 0 0 0 0 0 0 0 1 1 0 1 0 0 1 0 0 0 0 1 0 0 0 0 0 1 1 1 1 0 0 0 1 1 0 1 1 0 1 0 1 1 0 0 1 1 1 0 0 0 1 1 0 1 1 1 0 0 0 1 1 0 0 0 0 1 0 1 0 0 1 0 0 0 0 0 1 1 0 0 0 0 0 0 0 1 1 0 1 1 0 0 1 1 1 1 0 0 0 0 1 0 1 0 1 0 1 1 0 1 0 0 0 1 0 0 0 0 1 0 0 1 1 0 0 0 0 0 1 1 0 0 0 0 0 0 0 1 0 1 1 0 0 0 1 0 0 1 0 0 0 0 0 0 1 1 0 1 0 0 0 1 0 0 0 1 0 1 1 1 0 0 0 0 0 1 0 0 1 1 0 0 1 0 0 0 0 1 1 0 0 1 1 1 0 0 0 1 1 0 0 1 0 1 1 0 0 0 0 1 1 0 1 1 1 0 0 1 0 0 1 1 1 0 0 1 0 1 1 0 0 0 1 0 0 0 1 0 0 0 1 1 1 0 1 0 1 1 0 0 1 1 0 0 1 0 1 0 0 1 1 0 1 0 0 0 0 1 0 1 0 0 0 0 0 1 0 0 0 1 1 0 0 1 0 0 1 0 1 1 0 0 0 1 1 0 1 0 0 0 0 0 0 0 0 0 0 1 1 1 0 0 0 0 1 0 0 0 0 1 0 1 0 1 0 0 1 0 0 0 0 0 0 0 0 1 1 1 0 1 1 0 0 0 0 1 0 1 1 1 1 0 1 0 0 1 0 1 0 0 1 0 0 0 1 0 0 1 1 0 1 0 1 1 1 1 0 1 0 1 0 0 1 1 0 1 0 0 1 0 1 1 1 1 1 0 1 1 1 0 0 0 0 1 0 0 0 1 0 1 0 0 0 0 1 1 0 1 0 1 1 0 0 1 1 1 0 0 0 0 0 1 1 0 0 1 0 1 0 1 0 1 1 1 1 1 0 1 0 0 0 1 0 0 0 1 1 0 1 1 1 0 1 0 0 0 0 0 1 0 0 1 1 1 0 1 0 1 0 0 0 1 0 0 1 1 1 1 0 0 0 0 1 0 1 1 0 0 0 0 0 1 1 0 0 1 0 1 0 1 1 0 0 0 0 1 1 0 1 1 0 0 0 1 1 0 0 1 1 0 0 0 0 1 0 0 0 0 0 0 0 1 1 1 1 0 0 1 1 0 1 0 0 1 0 0 1 1 1 0 0 0 1 1 1 0 0 1 1 0 0 1 1 1 0 1 0 1 0 1 0 0 1 0 0 1 0 1 0 0 1 0 1 1 1 1 1 1 0 0 0 0 1 1 1 1 0 0 0 0 0 0 0 1 1 1 1 0 0 0 1 1 0 1 0 0 1 0 0 0 1 0 1 0 1 1 0 0 1 0 0 1 0 0 0 0 0 0 0 1 0 0 1 1 0 1 1 0 0 0 0 0 1 0 0 1 0 1 1 0 0 1 0 1 0 0 0 0 1 1 1 0 0 1 1 0 1 1 0 1 0 1 1 0 0 0 0 1 0 1 1 1 1 0 0 1 1 0 0 1 1 0 1 0 0 0 0 0 0 0 0 0 1 1 0 1 1 1 0 0 0 1 0 0 1 0 1 0 0 1 0 0 1 0 1 1 1 0 0 1 0 1 1 1 1 0 0 0 1 1 0 1 0 0 0 0 0 0 1 1 1 1 0 1 0 1 0 1 0 1 1 1 0 1 0 1 1 0 0 0 0 1 1 0 1 0 1 1 1 0 0 0 1 1 1 0 1 1 1 1 1 1 0 1 1 1 0 1 0 0 0 1 0 0 0 1 0 0 0 0 1 1 1 1 0 0 1 1 0 1 1 1 0 0 0 0 1 1 1 1 0 0 0 0 0 0 0 0 0 0 0 0 0 0 0 0 0 0 0 0 0 0 0 0 0 0 0 0 0 0 0 0 0 0 0 0 0 0 0 0 0 0 0 0 0 0 0 0 0 0 0 0 0 0 0 0 0 0 0 0 0 0 0 0 0 0 0 0 0 0 0 0 0 0 0 0 0 0 0 0 0 0 0 0 0 0 0 0 0 0 0 0 0 0 0 0 0 0 0 0 0 0 0 0 0 0 0 0 0 0 0 0 0 0 0 0 0 0 0 0 0 0 0 0 0 0 0 0 0 0 0 0 0 0 0 0 0 0 0 0 0 0 0 0 0 0 0 0 0 0 0 0 0 0 0 0 0 0 0 0 0 0 0 0 0 0 0 0 0 0 0 0 0 0 0 0 0 0 0 0 0 0 0 0 0 0 0 0 0 0 0 0 0 0 0 0 0 0 0 0 0 0 0 0 0 0 0 0 0 0 0 0 0 0 0 0 0 0 0 0 0 0 0 0 0 0 0 0 0 0 0 0 0 0 0 0 0 0 0 0 0 0 0 0 0 0 0 0 0 0 0 0 0 0 0 0 0 0 0 0 0 0 0 0 0 0 0 0 0 0 0 0 0 0 0 0 0 0 0 0 0 0 0 0 0 0 0 0 0 0 0 0 0 0 0 0 0 0 0 0 0 0 0 0 0 0 0 0 0 0 0 0 0 0 0 0 0 0 0 0 0 0 0 0 0 0 0 0 0 0 0 0 0 0 0 0 0 0 0 0 0 0 0 0 0 0 0 0 0 0 0 0 0 0 0 0 0 0 0 0 0 0 0 0 0 0 0 0 0 0 0 0 0 0 0 0 0 0 0 0 0 0 0 0 0 0 0 0 0 0 0 0 0 0 0 0 0 0 0 0 0 0 0 0 0 0 0 0 0 0 0 0 0 0 0 0 0 0 0 0 0 0 0 0 0 0 0 0 0 0 0 0 0 0 0 0 0 0 0 0 0 0 0 0 0 0 0 0 0 0 0 0 0 0 0 0 0 0 0 0 0 0 0 0 0 0 0 0 0 0 0 0 0 0 0 0 0 0 0 0 0 0 0 0 0 0 0 0 0 0 0 0 0 0 0 0 0 0 0 0 0 0 0 0 0 0 0 0 0 0 0 0 0 0 0 0 0 0 0 0 0 0 0 0 0 0 0 0 0 0 0 0 0 0 0 0 0 0 0 0 0 0 0 0 0 0 0 0 0 0 0 0 0 0 0 0 0 0 0 0 0 0 0 0 0 0 0 0 0 0 0 0 0 0 0 0 0 0 0 0 0 0 0 0 0 0 0 0 0 0 0 0 0 0 0 0 0 0 0 0 0 0 0 0 0 0 0 0 0 0 0 0 0 0 0 0 0 0 0 0 0 0 0 0 0 0 0 0 0 0 0 0 0 0 0 0 0 0 0 0 0 0 0 0 0 0 0 0 0 0 0 0 0 0 0 0 0 0 0 0 0 0 0 0 0 0 0 0 0 0 0 0 0 0 0 0 0 0 0 0 0 0 0 0 0 0 0 0 0 0 0 0 0 0 0 0 0 0 0 0 0 0 0 0 0 0 0 0 0 0 0 0 0 0 0 0 0 0 0 0 0 0 0 0 0 0 0 0 0 0 0 0 0 0 0 0 0 0 0 0 0 0 0 0 0 0 0 0 0 0 0 0 0 0 0 0 0 0 0 0 0 0 0 0 0 0 0 0 0 0 0 0 0 0 0 0 0 0 0 0 0 0 0 0 0 0 0 0 0 0 0 0 0 0 0 0 0 0 0 0 0 0 0 0 0 0 0 0 0 0 0 0 0 0 0 0 0 0 0 0 0 0 0 0 0 0 0 0 0 0 0 0 0 0 0 0 0 0 0 0 0 0 0 0 0 0 0 0 0 0 0 0 0 0 0 0 0 0 0 0 0 0 0 0 0 0 0 0 0 0 0 0 0 0 0 0 0 0 0 0 0 0 0 0 0 0 0 0 0 0 0 0 0 0 0 0 0 0 0 0 0 0 0 0 0 0 0 0 0 0 0 0 0 0 0 0 0 0 0 0 0 0 0 0 0 0 0 0 0 0 0 0 0 0 0 0 0 0 0 0 0 0 0 0 0 0 0 0 0 0 0 0 0 0 0 0 0 0 0 0 0 0 0 0 0 0 0 0 0 0 0 0 0 0 0 0 0 0 0 0 0 0 0 0 0 0 0 0 0 0 0 0 0 0 0 0 0 0 0 0 0 0 0 0 0 0 0 0 0 0 0 0 0 0 0 0 0 0 0 0 0 0 0 0 0 0 0 0 0 0 0 0 0 0 0 0 0 0 0 0 0 0 0 0 0 0 0 0 0 0 0 0 0 0 0 0 0 0 0 0 0 0 0 0 0 0 0 0 0 0 0 0 0 0 0 0 0 0 0 0 0 0 0 0 0 0 0 0 0 0 0 0 0 0 0 0 0 0 0 0 0 0 0 0 0 0 0 0 0 0 0 0 0 0 0 0 0 0 0 0 0 0 0 0 0 0 0 0 0 0 0 0 0 0 0 0 0 0 0 0 0 0 0 0 0 0 0 0 0 0 0 0 0 0 0 0 0 0 0 0 0 0 0 0 0 0 0 0 0 0 0 0 0 0 0 0 0 0 0 0 0 0 0 0 0 0 0 0 0 0 0 0 0 0 0 0 0 0 0 0 0 0 0 0 0 0 0 0 0 0 0 0 0 0 0 0 0 0 0 0 0 0 0 0 0 0 0 0 0 0 0 0 0 0 0 0 0 0 0 0 0 0 0 0 0 0 0 0 0 0 0 0 0 0 0 0 0 0 0 0 0 0 0 0 0 0 0 0 0 0 0 0 0 0 0 0 0 0 0 0 0 0 0 0 0 0 0 0 0 0 0 0 0 0 0 0 0 0 0 0 0 0 0 0 0 0 0 0 0 0 0 0 0 0 0 0 0 0 0 0 0 0 0 0 0 0 0 0 0 0 0 0 0 0 0 0 0 0 0 0 0 0 0 0 0 0 0 0 0 0 0 0 0 0 0 0 0 0 0 0 0 0 0 0 0 0 0 0 0 0 0 0 0 0 0 0 0 0 0 0 0 0 0 0 0 0 0 0 0 0 0 0 0 0 0 0 0 0 0 0 0 0 0 0 0 0 0 0 0 0 0 0 0 0 0 0 0 0 0 0 0 0 0 0 0 0 0 0 0 0 0 0 0 0 0 0 0 0 0 0 0 0 0 0 0 0 0 0 0 0 0 0 0 0 0 0 0 0 0 0 0 0 0 0 0 0 0 0 0 0 0 0 0 0 0 0 0 0 0 0 0 0 0 0 0 0 0 0 0 0 0 0 0 0 0 0 0 0 0 0 0 0 0 0 0 0 0 0 0 0 0 0 0 0 0 0 0 0 0 0 0 0 0 0 0 0 0 0 0 0 0 0 0 0 0 0 0 0 0 0 0 0 0 0 0 0 0 0 0 0 0 0 0 0 0 0 0 0 0 0 0 0 0 0 0 0 0 0 0 0 0 0 0 0 0 0 0 0 0 0 0 0 0 0 0 0 0 0 0 0 0 0 0 0 0 0 0 0 0 0 0 0 0 0 0 0 0 0 0 0 0 0 0 0 0 0 0 0 0 0 0 0 0 0 0 0 0 0 0 0 0 0 0 0 0 0 0 0 0 0 0 0 0 0 0 0 0 0 0 0 0 0 0 0 0 0 0 0 0 0 0 0 0 0 0 0 0 0 0 0 0 0 0 0 0 0 0 0 0 0 0 0 0 0 0 0 0 0 0 0 0 0 0 0 0 0 0 0 0 0 0 0 0 0 0 0 0 0 0 0 0 0 0 0 0 0 0 0 0 0 0 0 0 0 0 0 0 0 0 0 0 0 0 0 0 0 0 0 0 0 0 0 0 0 0 0 0 0 0 0 0 0 0 0 0 0 0 0 0 0 0 0 0 0 0 0 0 0 0 0 0 0 0 0 0 0 0 0 0 0 0 0 0 0 0 0 0 0 0 0 0 0 0 0 0 0 0 0 0 0 0 0 0 0 0 0 0 0 0 0 0 0 0 0 0 0 0 0 0 0 0 0 0 0 0 0 0 0 0 0 0 0 0 0 0 0 0 0 0 0 0 0 0 0 0 0 0 0 0 0 0 0 0 0 0 0 0 0 0 0 0 0 0 0 0 0 0 0 0 0 0 0 0 0 0 0 0 0 0 0 0 0 0 0 0 0 0 0 0 0 0 0 0 0 0 0 0 0 0 0 0 0 0 0 0 0 0 0 0 0 0 0 0 0 0 0 0 0 0 0 0 0 0 0 0 0 0 0 0 0 0 0 0 0 0 0 0 0 0 0 0 0 0 0 0 0 0 0 0 0 0 0 0 0 0 0 0 0 0 0 0 0 0 0 0 0 0 0 0 0 0 0 0 0 0 0 0 0 0 0 0 0 0 0 0 0 0 0 0 0 0 0 0 0 0 0 0 0 0 0 0 0 0 0 0 0 0 0 0 0 0 0 0 0 0 0 0 0 0 0 0 0 0 0 0 0 0 0 0 0 0 0 0 0 0 0 0 0 0 0 0 0 0 0 0 0 0 0 0 0 0 0 0 0 0 0 0 0 0 0 0 0 0 0 0 0 0 0 0 0 0 0 0 0 0 0 0 0 0 0 0 0 0 0 0 0 0 0 0 0 0 0 0 0 0 0 0 0 0 0 0 0 0 0 0 0 0 0 0 0 0 0 0 0 0 0 0 0 0 0 0 0 0 0 0 0 0 0 0 0 0 0 0 0 0 0 0 0 0 0 0 0 0 0 0 0 0 0 0 0 0 0 0 0 0 0 0 0 0 0 0 0 0 0 0 0 0 0 0 0 0 0 0 0 0 0 0 0 0 0 0 0 0 0 0 0 0 0 0 0 0 0 0 0 0 0 0 0 0 0 0 0 0 0 0 0 0 0 0 0 0 0 0 0 0 0 0 0 0 0 0 0 0 0 0 0 0 0 0 0 0 0 0 0 0 0 0 0 0 0 0 0 0 0 0 0 0 0 0 0 0 0 0 0 0 0 0 0 0 0 0 0 0 0 0 0 0 0 0 0 0 0 0 0 0 0 0 0 0 0 0 0 0 0 0 0 0 0 0 0 0 0 0 0 0 0 0 0 0 0 0 0 0 0 0 0 0 0 0 0 0 0 0 0 0 0 0 0 0 0 0 0 0 0 0 0 0 0 0 0 0 0 0 0 0 0 0 0 0 0 0 0 0 0 0 0 0 0 0 0 0 0 0 0 0 0 0 0 0 0 0 0 0 0 0 0 0 0 0 0 0 0 0 0 0 0 0 0 0 0 0 0 0 0 0 0 0 0 0 0 0 0 0 0 0 0 0 0 0 0 0 0 0 0 0 0 0 0 0 0 0 0 0 0 0 0 0 0 0 0 0 0 0 0 0 0 0 0 0 0 0 0 0 0 0 0 0 0 0 0 0 0 0 0 0 0 0 0 0 0 0 0 0 0 0 0 0 0 0 0 0 0 0 0 0 0 0 0 0 0 0 0 0 0 0 0 0 0 0 0 0 0 0 0 0 0 0 0 0 0 0 0 0 0 0 0 0 0 0 0 0 0 0 0 0 0 0 0 0 0 0 0 0 0 0 0 0 0 0 0 0 0 0 0 0 0 0 0 0 0 0 0 0 0 0 0 0 0 0 0 0 0 0 0 0 0 0 0 0 0 0 0 0 0 0 0 0 0 0 0 0 0 0 0 0 0 0 0 0 0 0 0 0 0 0 0 0 0 0 0 0 0 0 0 0 0 0 0 0 0 0 0 0 0 0 0 0 0 0 0 0 0 0 0 0 0 0 0 0 0 0 0 0 0 0 0 0 0 0 0 0 0 0 0 0 0 0 0 0 0 0 0 0 0 0 0 0 0 0 0 0 0 0 0 0 0 0 0 0 0 0 0 0 0 0 0 0 0 0 0 0 0 0 0 0 0 0 0 0 0 0 0 0 0 0 0 0 0 0 0 0 0 0 0 0 0 0 0 0 0 0 0 0 0 0 0 0 0 0 0 0 0 0 0 0 0 0 0 0 0 0 0 0 0 0 0 0 0 0 0 0 0 0 0 0 0 0 0 0 0 0 0 0 0 0 0 0 0 0 0 0 0 0 0 0 0 0 0 0 0 0 0 0 0 0 0 0 0 0 0 0 0 0 0 0 0 0 0 0 0 0 0 0 0 0 0 0 0 0 0 0 0 0 0 0 0 0 0 0 0 0 0 0 0 0 0 0 0 0 0 0 0 0 0 0 0 0 0 0 0 0 0 0 0 0 0 0 0 0 0 0 0 0 0 0 0 0 0 0 0 0 0 0 0 0 0 0 0 0 0 0 0 0 0 0 0 0 0 0 0 0 0 0 0 0 0 0 0 0 0 0 0 0 0 0 0 0 0 0 0 0 0 0 0 0 0 0 0 0 0 0 0 0 0 0 0 0 0 0 0 0 0 0 0 0 0 0 0 0 0 0 0 0 0 0 0 0 0 0 0 0 0 0 0 0 0 0 0 0 0 0 0 0 0 0 0 0 0 0 0 0 0 0 0 0 0 0 0 0 0 0 0 0 0 0 0 0 0 0 0 0 0 0 0 0 0 0 0 0 0 0 0 0 0 0 0 0 0 0 0 0 0 0 0 0 0 0 0 0 0 0 0 0 0 0 0 0 0 0 0 0 0 0 0 0 0 0 0 0 0 0 0 0 0 0 0 0 0 0 0 0 0 0 0 0 0 0 0 0 0 0 0 0 0 0 0 0 0 0 0 0 0 0 0 0 0 0 0 0 0 0 0 0 0 0 0 0 0 0 0 0 0 0 0 0 0 0 0 0 0 0 0 0 0 0 0 0 0 0 0 0 0 0 0 0 0 0 0 0 0 0 0 0 0 0 0 0 0 0 0 0 0 0 0 0 0 0 0 0 0 0 0 0 0 0 0 0 0 0 0 0 0 0 0 0 0 0 0 0 0 0 0 0 0 0 0 0 0 0 0 0 0 0 0 0 0 0 0 0 0 0 0 0 0 0 0 0 0 0 0 0 0 0 0 0 0 0 0 0 0 0 0 0 0 0 0 0 0 0 0 0 0 0 0 0 0 0 0 0 0 0 0 0 0 0 0 0 0 0 0 0 0 0 0 0 0 0 0 0 0 0 0 0 0 0 0 0 0 0 0 0 0 0 0 0 0 0 0 0 0 0 0 0 0 0 0 0 0 0 0 0 0 0 0 0 0 0 0 0 0 0 0 0 0 0 0 0 0 0 0 0 0 0 0 0 0 0 0 0 0 0 0 0 0 0 0 0 0 0 0 0 0 0 0 0 0 0 0 0 0 0 0 0 0 0 0 0 0 0 0 0 0 0 0 0 0 0 0 0 0 0 0 0 0 0 0 0 0 0 0 0 0 0 0 0 0 0 0 0 0 0 0 0 0 0 0 0 0 0 0 0 0 0 0 0 0 0 0 0 0 0 0 0 0 0 0 0 0 0 0 0 0 0 0 0 0 0 0 0 0 0 0 0 0 0 0 0 0 0 0 0 0 0 0 0 0 0 0 0 0 0 0 0 0 0 0 0 0 0 0 0 0 0 0 0 0 0 0 0 0 0 0 0 0 0 0 0 0 0 0 0 0 0 0 0 0 0 0 0 0 0 0 0 0 0 0 0 0 0 0 0 0 0 0 0 0 0 0 0 0 0 0 0 0 0 0 0 0 0 0 0 0 0 0 0 0 0 0 0 0 0 0 0 0 0 0 0 0 0 0 0 0 0 0 0 0 0 0 0 0 0 0 0 0 0 0 0 0 0 0 0 0 0 0 0 0 0 0 0 0 0 0 0 0 0 0 0 0 0 0 0 0 0 0 0 0 0 0 0 0 0 0 0 0 0 0 0 0 0 0 0 0 0 0 0 0 0 0 0 0 0 0 0 0 0 0 0 0 0 0 0 0 0 0 0 0 0 0 0 0 0 0 0 0 0 0 0 0 0 0 0 0 0 0 0 0 0 0 0 0 0 0 0 0 0 0 0 0 0 0 0 0 0 0 0 0 0 0 0 0 0 0 0 0 0 0 0 0 0 0 0 0 0 0 0 0 0 0 0 0 0 0 0 0 0 0 0 0 0 0 0 0 0 0 0 0 0 0 0 0 0 0 0 0 0 0 0 0 0 0 0 0 0 0 0 0 0 0 0 0 0 0 0 0 0 0 0 0 0 0 0 0 0 0 0 0 0 0 0 0 0 0 0 0 0 0 0 0 0 0 0 0 0 0 0 0 0 0 0 0 0 0 0 0 0 0 0 0 0 0 0 0 0 0 0 0 0 0 0 0 0 0 0 0 0 0 0 0 0 0 0 0 0 0 0 0 0 0 0 0 0 0 0 0 0 0 0 0 0 0 0 0 0 0 0 0 0 0 0 0 0 0 0 0 0 0 0 0 0 0 0 0 0 0 0 0 0 0 0 0 0 0 0 0 0 0 0 0 0 0 0 0 0 0 0 0 0 0 0 0 0 0 0 0 0 0 0 0 0 0 0 0 0 0 0 0 0 0 0 0 0 0 0 0 0 0 0 0 0 0 0 0 0 0 0 0 0 0 0 0 0 0 0 0 0 0 0 0 0 0 0 0 0 0 0 0 0 0 0 0 0 0 0 0 0 0 0 0 0 0 0 0 0 0 0 0 0 0 0 0 0 0 0 0 0 0 0 0 0 0 0 0 0 0 0 0 0 0 0 0 0 0 0 0 0 0 0 0 0 0 0 0 0 0 0 0 0 0 0 0 0 0 0 0 0 0 0 0 0 0 0 0 0 0 0 0 0 0 0 0 0 0 0 0 0 0 0 0 0 0 0 0 0 0 0 0 0 0 0 0 0 0 0 0 0 0 0 0 0 0 0 0 0 0 0 0 0 0 0 0 0 0 0 0 0 0 0 0 0 0 0 0 0 0 0 0 0 0 0 0 0 0 0 0 0 0 0 0 0 0 0 0 0 0 0 0 0 0 0 0 0 0 0 0 0 0 0 0
</DataArray>
<DataArray type="Int32" Name="is_pip" format="ascii">
0 0 0 0 0 0 0 0 0 0 0 0 0 0 0 0 0 0 0 0 0 0 0 0 0 0 0 0 0 0 0 0 0 0 0 0 0 0 0 0 0 0 0 0 0 0 0 0 0 0 0 0 0 0 0 0 0 0 0 0 0 0 0 0 0 0 0 0 0 0 0 0 0 0 0 0 0 0 0 0 0 0 0 0 0 0 0 0 0 0 0 0 0 0 0 0 0 0 0 0 0 0 0 0 0 0 0 0 0 0 0 0 0 0 0 0 0 0 0 0 0 0 0 0 0 0 0 0 0 0 0 0 0 0 0 0 0 0 0 0 0 0 0 0 0 0 0 0 0 0 0 0 0 0 0 0 0 0 0 0 0 0 0 0 0 0 0 0 0 0 0 0 0 0 0 0 0 0 0 0 0 0 0 0 0 0 0 0 0 0 0 0 0 0 0 0 0 0 0 0 0 0 0 0 0 0 0 0 0 0 0 0 0 0 0 0 0 0 0 0 0 0 0 0 0 0 0 0 0 0 0 0 0 0 0 0 0 0 0 0 0 0 0 0 0 0 0 0 0 0 0 0 0 0 0 0 0 0 0 0 0 0 0 0 0 0 0 0 0 0 0 0 0 0 0 0 0 0 0 0 0 0 0 0 0 0 0 0 0 0 0 0 0 0 0 0 0 0 0 0 0 0 0 0 0 0 0 0 0 0 0 0 0 0 0 0 0 0 0 0 0 0 0 0 0 0 0 0 0 0 0 0 0 0 0 0 0 0 0 0 0 0 0 0 0 0 0 0 0 0 0 0 0 0 0 0 0 0 0 0 0 0 0 0 0 0 0 0 0 0 0 0 0 0 0 0 0 0 0 0 0 0 0 0 0 0 0 0 0 0 0 0 0 0 0 0 0 0 0 0 0 0 0 0 0 0 0 0 0 0 0 0 0 0 0 0 0 0 0 0 0 0 0 0 0 0 0 0 0 0 0 0 0 0 0 0 0 0 0 0 0 0 0 0 0 0 0 0 0 0 0 0 0 0 0 0 0 0 0 0 0 0 0 0 0 0 0 0 0 0 0 0 0 0 0 0 0 0 0 0 0 0 0 0 0 0 0 0 0 0 0 0 0 0 0 0 0 0 0 0 0 0 0 0 0 0 0 0 0 0 0 0 0 0 0 0 0 0 0 0 0 0 0 0 0 0 0 0 0 0 0 0 0 0 0 0 0 0 0 0 0 0 0 0 0 0 0 0 0 0 0 0 0 0 0 0 0 0 0 0 0 0 0 0 0 0 0 0 0 0 0 0 0 0 0 0 0 0 0 0 0 0 0 0 0 0 0 0 0 0 0 0 0 0 0 0 0 0 0 0 0 0 0 0 0 0 0 0 0 0 0 0 0 0 0 0 0 0 0 0 0 0 0 0 0 0 0 0 0 0 0 0 0 0 0 0 0 0 0 0 0 0 0 0 0 0 0 0 0 0 0 0 0 0 0 0 0 0 0 0 0 0 0 0 0 0 0 0 0 0 0 0 0 0 0 0 0 0 0 0 0 0 0 0 0 0 0 0 0 0 0 0 0 0 0 0 0 0 0 0 0 0 0 0 0 0 0 0 0 0 0 0 0 0 0 0 0 0 0 0 0 0 0 0 0 0 0 0 0 0 0 0 0 0 0 0 0 0 0 0 0 0 0 0 0 0 0 0 0 0 0 0 0 0 0 0 0 0 0 0 0 0 0 0 0 0 0 0 0 0 0 0 0 0 0 0 0 0 0 0 0 0 0 0 0 0 0 0 0 0 0 0 0 0 0 0 0 0 0 0 0 0 0 0 0 0 0 0 0 0 0 0 0 0 0 0 0 0 0 0 0 0 0 0 0 0 0 0 0 0 0 0 0 0 0 0 0 0 0 0 0 0 0 0 0 0 0 0 0 0 0 0 0 0 0 0 0 0 0 0 0 0 0 0 0 0 0 0 0 0 0 0 0 0 0 0 0 0 0 0 0 0 0 0 0 0 0 0 0 0 0 0 0 0 0 0 0 0 0 0 0 0 0 0 0 0 0 0 0 0 0 0 0 0 0 0 0 0 0 0 0 0 0 0 0 0 0 0 0 0 0 0 0 0 0 0 0 0 0 0 0 0 0 0 0 0 0 0 0 0 0 0 0 0 0 0 0 0 0 0 0 0 0 0 0 0 0 0 0 0 0 0 0 0 0 0 0 0 0 0 0 0 0 0 0 0 0 0 0 0 0 0 0 0 0 0 0 0 0 0 0 0 0 0 0 0 0 0 0 0 0 0 0 0 0 0 0 0 0 0 0 0 0 0 0 0 0 0 0 0 0 0 0 0 0 0 0 0 0 0 0 0 0 0 0 0 0 0 0 0 0 0 0 0 0 0 0 0 0 0 0 0 0 0 0 0 0 0 0 0 0 0 0 0 0 0 0 0 0 0 0 0 0 0 0 0 0 0 0 0 0 0 0 0 0 0 0 0 0 0 0 0 0 0 0 0 0 0 0 0 0 0 0 0 0 0 0 0 0 0 0 0 0 0 0 0 0 0 0 0 0 0 0 0 0 0 0 0 0 0 0 0 0 0 0 0 0 0 0 0 0 0 0 0 0 0 0 0 0 0 0 0 0 0 0 0 0 0 0 0 0 0 0 0 0 0 0 0 0 0 0 0 0 0 0 0 0 0 0 0 0 0 0 0 0 0 0 0 0 0 0 0 0 0 0 0 0 0 0 0 0 0 0 0 0 0 0 0 0 0 0 0 0 0 0 0 0 0 0 0 0 0 0 0 0 0 0 0 0 0 0 0 0 0 0 0 0 0 0 0 0 0 0 0 0 0 0 0 0 0 0 0 0 0 0 0 0 0 0 0 0 0 0 0 0 0 0 0 0 0 0 0 0 0 0 0 0 0 0 0 0 0 0 0 0 0 0 0 0 0 0 0 0 0 0 0 0 0 0 0 0 0 0 0 0 0 0 0 0 0 0 0 0 0 0 0 0 0 0 0 0 0 0 0 0 0 0 0 0 0 0 0 0 0 0 0 0 0 0 0 0 0 0 0 0 0 0 0 0 0 0 0 0 0 0 0 0 0 0 0 0 0 0 0 0 0 0 0 0 0 0 0 0 0 0 0 0 0 0 0 0 0 0 0 0 0 0 0 0 0 0 0 0 0 0 0 0 0 0 0 0 0 0 0 0 0 0 0 0 0 0 0 0 0 0 0 0 0 0 0 0 0 0 0 0 0 0 0 0 0 0 0 0 0 0 0 0 0 0 0 0 0 0 0 0 0 0 0 0 0 0 0 0 0 0 0 0 0 0 0 0 0 0 0 0 0 0 0 0 0 0 0 0 0 0 0 0 0 0 0 0 0 0 0 0 0 0 0 0 0 0 0 0 0 0 0 0 0 0 0 0 0 0 0 0 0 0 0 0 0 0 0 0 0 0 0 0 0 0 0 0 0 0 0 0 0 0 0 0 0 0 0 0 0 0 0 0 0 0 0 0 0 0 0 0 0 0 0 0 0 0 0 0 0 0 0 0 0 0 0 0 0 0 0 0 0 0 0 0 0 0 0 0 0 0 0 0 0 0 0 0 0 0 0 0 0 0 0 0 0 0 0 0 0 0 0 0 0 0 0 0 0 0 0 0 0 0 0 0 0 0 0 0 0 0 0 0 0 0 0 0 0 0 0 0 0 0 0 0 0 0 0 0 0 0 0 0 0 0 0 0 0 0 0 0 0 0 0 0 0 0 0 0 0 0 0 0 0 0 0 0 0 0 0 0 0 0 0 0 0 0 0 0 0 0 0 0 0 0 0 0 0 0 0 0 0 0 0 0 0 0 0 0 0 0 0 0 0 0 0 0 0 0 0 0 0 0 0 0 0 0 0 0 0 0 0 0 0 0 0 0 0 0 0 0 0 0 0 0 0 0 0 0 0 0 0 0 0 0 0 0 0 0 0 0 0 0 0 0 0 0 0 0 0 0 0 0 0 0 0 0 0 0 0 0 0 0 0 0 0 0 0 0 0 0 0 0 0 0 0 0 0 0 0 0 0 0 0 0 0 0 0 0 0 0 0 0 0 0 0 0 0 0 0 0 0 0 0 0 0 0 0 0 0 0 0 0 0 0 0 0 0 0 0 0 0 0 0 0 0 0 0 0 0 0 0 0 0 0 0 0 0 0 0 0 0 0 0 0 0 0 0 0 0 0 0 0 0 0 0 0 0 0 0 0 0 0 0 0 0 0 0 0 0 0 0 0 0 0 0 0 0 0 0 0 0 0 0 0 0 0 0 0 0 0 0 0 0 0 0 0 0 0 0 0 0 0 0 0 0 0 0 0 0 0 0 0 0 0 0 0 0 0 0 0 0 0 0 0 0 0 0 0 0 0 0 0 0 0 0 0 0 0 0 0 0 0 0 0 0 0 0 0 0 0 0 0 0 0 0 0 0 0 0 0 0 0 0 0 0 0 0 0 0 0 0 0 0 0 0 0 0 0 0 0 0 0 0 0 0 0 0 0 0 0 0 0 0 0 0 0 0 0 0 0 0 0 0 0 0 0 0 0 0 0 0 0 0 0 0 0 0 0 0 0 0 0 0 0 0 0 0 0 0 0 0 0 0 0 0 0 0 0 0 0 0 0 0 0 0 0 0 0 0 0 0 0 0 0 0 0 0 0 0 0 0 0 0 0 0 0 0 0 0 0 0 0 0 0 0 0 0 0 0 0 0 0 0 0 0 0 0 0 0 0 0 0 0 0 0 0 0 0 0 0 0 0 0 0 0 0 0 0 0 0 0 0 0 0 0 0 0 0 0 0 0 0 0 0 0 0 0 0 0 0 0 0 0 0 0 0 0 0 0 0 0 0 0 0 0 0 0 0 0 0 0 0 0 0 0 0 0 0 0 0 0 0 0 0 0 0 0 0 0 0 0 0 0 0 0 0 0 0 0 0 0 0 0 0 0 0 0 0 0 0 0 0 0 0 0 0 0 0 0 0 0 0 0 0 0 0 0 0 0 0 0 0 0 0 0 0 0 0 0 0 0 0 0 0 0 0 0 0 0 0 0 0 0 0 0 0 0 0 0 0 0 0 0 0 0 0 0 0 0 0 0 0 0 0 0 0 0 0 0 0 0 0 0 0 0 0 0 0 0 0 0 0 0 0 0 0 0 0 0 0 0 0 0 0 0 0 0 0 0 0 0 0 0 0 0 0 0 0 0 0 0 0 0 0 0 0 0 0 0 0 0 0 0 0 0 0 0 0 0 0 0 0 0 0 0 0 0 0 0 0 0 0 0 0 0 0 0 0 0 0 0 0 0 0 0 0 0 0 0 0 0 0 0 0 0 0 0 0 0 0 0 0 0 0 0 0 0 0 0 0 0 0 0 0 0 0 0 0 0 0 0 0 0 0 0 0 0 0 0 0 0 0 0 0 0 0 0 0 0 0 0 0 0 0 0 0 0 0 0 0 0 0 0 0 0 0 0 0 0 0 0 0 0 0 0 0 0 0 0 0 0 0 0 0 0 0 0 0 0 0 0 0 0 0 0 0 0 0 0 0 0 0 0 0 0 0 0 0 0 0 0 0 0 0 0 0 0 0 0 0 0 0 0 0 0 0 0 0 0 0 0 0 0 0 0 0 0 0 0 0 0 0 0 0 0 0 0 0 0 0 0 0 0 0 0 0 0 0 0 0 0 0 0 0 0 0 0 0 0 0 0 0 0 0 0 0 0 0 0 0 0 0 0 0 0 0 0 0 0 0 0 0 0 0 0 0 0 0 0 0 0 0 0 0 0 0 0 0 0 0 0 0 0 0 0 0 0 0 0 0 0 0 0 0 0 0 0 0 0 0 0 0 0 0 0 0 0 0 0 0 0 0 0 0 0 0 0 0 0 0 0 0 0 0 0 0 0 0 0 0 0 0 0 0 0 0 0 0 0 0 0 0 0 0 0 0 0 0 0 0 0 0 0 0 0 0 0 0 0 0 0 0 0 0 0 0 0 0 0 0 0 0 0 0 0 0 0 0 0 0 0 0 0 0 0 0 0 0 0 0 0 0 0 0 0 0 0 0 0 0 0 0 0 0 0 0 0 0 0 0 0 0 0 0 0 0 0 0 0 0 0 0 0 0 0 0 0 0 0 0 0 0 0 0 0 0 0 0 0 0 0 0 0 0 0 0 0 0 0 0 0 0 0 0 0 0 0 0 0 0 0 0 0 0 0 0 0 0 0 0 0 0 0 0 0 0 0 0 0 0 0 0 0 0 0 0 0 0 0 0 0 0 0 0 0 0 0 0 0 0 0 0 0 0 0 0 0 0 0 0 0 0 0 0 0 0 0 0 0 0 0 0 0 0 0 0 0 0 0 0 0 0 0 0 0 0 0 0 0 0 0 0 0 0 0 0 0 0 0 0 0 0 0 0 0 0 0 0 0 0 0 0 0 0 0 0 0 0 0 0 0 0 0 0 0 0 0 0 0 0 0 0 0 0 0 0 0 0 0 0 0 0 0 0 0 0 0 0 0 0 0 0 0 0 0 0 0 0 0 0 0 0 0 0 0 0 0 0 0 0 0 0 0 0 0 0 0 0 0 0 0 0 0 0 0 0 0 0 0 0 0 0 0 0 0 0 0 0 0 0 0 0 0 0 0 0 0 0 0 0 0 0 0 0 0 0 0 0 0 0 0 0 0 0 0 0 0 0 0 0 0 0 0 0 0 0 0 0 0 0 0 0 0 0 0 0 0 0 0 0 0 0 0 0 0 0 0 0 0 0 0 0 0 0 0 0 0 0 0 0 0 0 0 0 0 0 0 0 0 0 0 0 0 0 0 0 0 0 0 0 0 0 0 0 0 0 0 0 0 0 0 0 0 0 0 0 0 0 0 0 0 0 0 0 0 0 0 0 0 0 0 0 0 0 0 0 0 0 0 0 0 0 0 0 0 0 0 0 0 0 0 0 0 0 0 0 0 0 0 0 0 0 0 0 0 0 0 0 0 0 0 0 0 0 0 0 0 0 0 0 0 0 0 0 0 0 0 0 0 0 0 0 0 0 0 0 0 0 0 0 0 0 0 0 0 0 0 0 0 0 0 0 0 0 0 0 0 0 0 0 0 0 0 0 0 0 0 0 0 0 0 0 0 0 0 0 0 0 0 0 0 0 0 0 0 0 0 0 0 0 0 0 0 0 0 0 0 0 0 0 0 0 0 0 0 0 0 0 0 0 0 0 0 0 0 0 0 0 0 0 0 0 0 0 0 0 0 0 0 0 0 0 0 0 0 0 0 0 0 0 0 0 0 0 0 0 0 0 0 0 0 0 0 0 0 0 0 0 0 0 0 0 0 0 0 0 0 0 0 0 0 0 0 0 0 0 0 0 0 0 0 0 0 0 0 0 0 0 0 0 0 0 0 0 0 0 0 0 0 0 0 0 0 0 0 0 0 0 0 0 0 0 0 0 0 0 0 0 0 0 0 0 0 0 0 0 0 0 0 0 0 0 0 0 0 0 0 0 0 0 0 0 0 0 0 0 0 0 0 0 0 0 0 0 0 0 0 0 0 0 0 0 0 0 0 0 0 0 0 0 0 0 0 0 0 0 0 0 0 0 0 0 0 0 0 0 0 0 0 0 0 0 0 0 0 0 0 0 0 0 0 0 0 0 0 0 0 0 0 0 0 0 0 0 0 0 0 0 0 0 0 0 0 0 0 0 0 0 0 0 0 0 0 0 0 0 0 0 0 0 0 0 0 0 0 0 0 0 0 0 0 0 0 0 0 0 0 0 0 0 0 0 0 0 0 0 0 0 0 0 0 0 0 0 0 0 0 0 0 0 0 0 0 0 0 0 0 0 0 0 0 0 0 0 0 0 0 0 0 0 0 0 0 0 0 0 0 0 0 0 0 0 0 0 0 0 0 0 0 0 0 0 0 0 0 0 0 0 0 0 0 0 0 0 0 0 0 0 0 0 0 0 0 0 0 0 0 0 0 0 0 0 0 0 0 0 0 0 0 0 0 0 0 0 0 0 0 0 0 0 0 0 0 0 0 0 0 0 0 0 0 0 0 0 0 0 0 0 0 0 0 0 0 0 0 0 0 0 0 0 0 0 0 0 0 0 0 0 0 0 0 0 0 0 0 0 0 0 0 0 0 0 0 0 0 0 0 0 0 0 0 0 0 0 0 0 0 0 0 0 0 0 0 0 0 0 0 0 0 0 0 0 0 0 0 0 0 0 0 0 0 0 0 0 0 0 0 0 0 0 0 0 0 0 0 0 0 0 0 0 0 0 0 0 0 0 0 0 0 0 0 0 0 0 0 0 0 0 0 0 0 0 0 0 0 0 0 0 0 0 0 0 0 0 0 0 0 0 0 0 0 0 0 0 0 0 0 0 0 0 0 0 0 0 0 0 0 0 0 0 0 0 0 0 0 0 0 0 0 0 0 0 0 0 0 0 0 0 0 0 0 0 0 0 0 0 0 0 0 0 0 0 0 0 0 0 0 0 0 0 0 0 0 0 0 0 0 0 0 0 0 0 0 0 0 0 0 0 0 0 0 0 0 0 0 0 0 0 0 0 0 0 0 0 0 0 0 0 0 0 0 0 0 0 0 0 0 0 0 0 0 0 0 0 0 0 0 0 0 0 0 0 0 0 0 0 0 0 0 0 0 0 0 0 0 0 0 0 0 0 0 0 0 0 0 0 0 0 0 0 0 0 0 0 0 0 0 0 0 0 0 0 0 0 0 0 0 0 0 0 0 0 0 0 0 0 0 0 0 0 0 0 0 0 0 0 0 0 0 0 0 0 0 0 0 0 0 0 0 0 0 0 0 0 0 0 0 0 0 0 0 0 0 0 0 0 0 0 0 0 0 0 0 0 0 0 0 0 0 0 0 0 0 0 0 0 0 0 0 0 0 0 0 0 0 0 0 0 0 0 0 0 0 0 0 0 0 0 0 0 0 0 0 0 0 0 0 0 0 0 0 0 0 0 0 0 0 0 0 0 0 0 0 0 0 0 0 0 0 0 0 0 0 0 0 0 0 0 0 0 0 0 0 0 0 0 0 0 0 0 0 0 0 0 0 0 0 0 0 0 0 0 0 0 0 0 0 0 0 0 0 0 0 0 0 0 0 0 0 0 0 0 0 0 0 0 0 0 0 0 0 0 0 0 0 0 0 0 0 0 0 0 0 0 0 0 0 0 0 0 0 0 0 0 0 0 0 0 0 0 0 0 0 0 0 0 0 0 0 0 0 0 0 0 0 0 0 0 0 0 0 0 0 0 0 0 0 0 0 0 0 0 0 0 0 0 0 0 0 0 0 0 0 0 0 0 0 0 0 0 0 0 0 0 0 0 0 0 0 0 0 0 0 0 0 0 0 0 0 0 0 0 0 0 0 0 0 0 0 0 0 0 0 0 0 0 0 0 0 0 0 0 0 0 0 0 0 0 0 0 0 0 0 0 0 0 0 0 0 0 0 0 0 0 0 0 0 0 0 0 0 0 0 0 0 0 0 0 0 0 0 0 0 0 0 0 0 0 0 0 0 0 0 0 0 0 0 0 0 0 0 0 0 0 0 0 0 0 0 0 0 0 0 0 0 0 0 0 0 0 0 0 0 0 0 0 0 0 0 0 0 0 0 0 0 0 0 0 0 0 0 0 0 0 0 0 0 0 0 0 0 0 0 0 0 0 0 0 0 0 0 0 0 0 0 0 0 0 0 0 0 0 0 0 0 0 0 0 0 0 0 0 0 0 0 0 0 0 0 0 0 0 0 0 0 0 0 0 0 0 0 0 0 0 0 0 0 0 0 0 0 0 0 0 0 0 0 0 0 0 0 0 0 0 0 0 0 0 0 0 0 0 0 0 0 0 0 0 0 0 0 0 0 0 0 0 0 0 0 0 0 0 0 0 0 0 0 0 0 0 0 0 0 0 0 0 0 0 0 0 0 0 0 0 0 0 0 0 0 0 0 0 0 0 0 0 0 0 0 0 0 0 0 0 0 0 0 0 0 0 0 0 0 0 0 0 0 0 0 0 0 0 0 0 0 0 0 0 0 0 0 0 0 0 0 0 0 0 0 0 0 0 0 0 0 0 0 0 0 0 0 0 0 0 0 0 0 0 0 0 0 0 0 0 0 0 0 0 0 0 0 0 0 0 0 0 0 0 0 0 0 0 0 0 0 0 0 0 0 0 0 0 0 0 0 0 0 0 0 0 0 0 0 0 0 0 0 0 0 0 0 0 0 0 0 0 0 0 0 0 0 0 0 0 0 0 0 0 0 0 0 0 0 0 0 0 0 0 0 0 0 0 0 0 0 0 0 0 0 0 0 0 0 0 0 0 0 0 0 0 0 0 0 0 0 0 0 0 0 0 0 0 0 0 0 0 0 0 0 0 0 0 0 0 0 0 0 0 0 0 0 0 0 0 0 0 0 0 0 0 0 0 0 0 0 0 0 0 0 0 0 0 0 0 0 0 0 0 0 0 0 0 0 0 0 0 0 0 0 0 0 0 0 0 0 0 0 0 0 0 0 0 0 0 0 0 0 0 0 0 0 0 0 0 0 0 0 0 0 0 0 0 0 0 0 0 0 0 0 0 0 0 0 0 0 0 0 0 0 0 0 0 0 0 0 0 0 0 0 0 0 0 0 0 0 0 0 0 0 0 0 0 0 0 0 0 0 0 0 0 0 0 0 0 0 0 0 0 0 0 0 0 0 0 0 0 0 0 0 0 0 0 0 0 0 0 0 0 0 0 0 0 0 0 0 0 0 0 0 0 0 0 0 0 0 0 0 0 0 0 0 0 0 0 0 0 0 0 0 0 0 0 0 0 0 0 0 0 0 0 0 0 0 0 0 0 0 0 0 0 0 0 0 0 0 0 0 0 0 0 0 0 0 0 0 0 0 0 0 0 0 0 0 0 0 0 0 0 0 0 0 0 0 0 0 0 0 0 0 0 0 0 0 0 0 0 0 0 0 0 0 0 0 0 0 0 0 0 0 0 0 0 0 0 0 0 0 0 0 0 0 0 0 0 0 0 0 0 0 0 0 0 0 0 0 0 0 0 0 0 0 0 0 0 0 0 0 0 0 0 0 0 0 0 0 0 0 0 0 0 0 0 0 0 0 0 0 0 0 0 0 0 0 0 0 0 0 0 0 0 0 0 0 0 0 0 0 0 0 0 0 0 0 0 0 0 0 0 0 0 0 0 0 0 0 0 0 0 0 0 0 0 0 0 0 0 0 0 0 0 0 0 0 0 0 0 0 0 0 0 0 0 0 0 0 0 0 0 0 0 0 0 0 0 0 0 0 0 0 0 0 0 0 0 0 0 0 0 0 0 0 0 0 0 0 0 0 0 0 0 0 0 0 0 0 0 0 0 0 0 0 0 0 0 0 0 0 0 0 0 0 0 0 0 0 0 0 0 0 0 0 0 0 0 0 0 0 0 0 0 0 0 0 0 0 0 0 0 0 0 0 0 0 0 0 0 0 0 0 0 0 0 0 0 0 0 0 0 0 0 0 0 0 0 0 0 0 0 0 0 0 0 0 0 0 0 0 0 0 0 0 0 0 0 0 0 0 0 0 0 0 0 0 0 0 0 0 0 0 0 0 0 0 0 0 0 0 0 0 0 0 0 0 0 0 0 0 0 0 0 0 0 0 0 0 0 0 0 0 0 0 0 0 0 0 0 0 0 0 0 0 0 0 0 0 0 0 0 0 0 0 0 0 0 0 0 0 0 0 0 0 0 0 0 0 0 0 0 0 0 0 0 0 0 0 0 0 0 0 0 0 0 0 0 0 0 0 0 0 0 0 0 0 0 0 0 0 0 0 0 0 0 0 0 0 0 0 0 0 0 0 0 0 0 0 0 0 0 0 0 0 0 0 0 0 0 0 0 0 0 0 0 0 0 0 0 0 0 0 0 0 0 0 0 0 0 0 0 0 0 0 0 0 0 0 0 0 0 0 0 0 0 0 0 0 0 0 0 0 0 0 0 0 0 0 0 0 0 0 0 0 0 0 0 0 0 0 0 0 0 0 0 0 0 0 0 0 0 0 0 0 0 0 0 0 0 0 0 0 0 0 0 0 0 0 0 0 0 0 0 0 0 0 0 0 0 0 0 0 0 0 0 0 0 0 0 0 0 0 0 0 0 0 0 0 0 0 0 0 0 0 0 0 0 0 0 0 0 0 0 0 0 0 0 0 0 0 0 0 0 0 0 0 0 0 0 0 0 0 0 0 0 0 0 0 0 0 0 0 0 0 0 0 0 0 0 0 0 0 0 0 0 0 0 0 0 0 0 0 0 0 0 0 0 0 0 0 0 0 0 0 0 0 0 0 0 0 0 0 0 0 0 0 0 0 0 0 0 0 0 0 0 0 0 0 0 0 0 0 0 0 0 0 0 0 0 0 0 0 0 0 0 0 0 0 0 0 0 0 0 0 0 0 0 0 0 0 0 0 0 0 0 0 0 0 0 0 0 0 0 0 0 0 0 0 0 0 0 0 0 0 0 0 0 0 0 0 0 0 0 0 0 0 0 0 0 0 0 0 0 0 0 0 0 0 0 0 0 0 0 0 0 0 0 0 0 0 0 0 0 0 0 0 0 0 0 0 0 0 0 0 0 0 0 0 0 0 0 0 0 0 0 0 0 0 0 0 0 0 0 0 0 0 0 0 0 0 0 0 0 0 0 0 0 0 0 0 0 0 0 0 0 0 0 0 0 0 0 0 0 0 0 0 0 0 0 0 0 0 0 0 0 0 0 0 0 0 0 0 0 0 0 0 0 0 0 0 0 0 0 0 0 0 0 0 0 0 0 0 0 0 0 0 0 0 0 0 0 0 0 0 0 0 0 0 0 0 0 0 0 0 0 0 0 0 0 0 0 0 0 0 0 0 0 0 0 0 0 0 0 0 0 0 0 0 0 0 0 0 0 0 0 0 0 0 0 0 0 0 0 0 0 0 0 0 0 0 0 0 0 0 0 0 0 0 0 0 0 0 0 0 0 0 0 0 0 0 0 0 0 0 0 0 0 0 0 0 0 0 0 0 0 0 0 0 0 0 0 0 0 0 0 0 0 0 0 0 0 0 0 0 0 0 0 0 0 0 0 0 0 0 0 0 0 0 0 0 0 0 0 0 0 0 0 0 0 0 0 0 0 0 0 0 0 0 0 0 0 0 0 0 0 0 0 0 0 0 0 0 0 0 0 0 0 0 0 0 0 0 0 0 0 0 0 0 0 0 0 0 0 0 0 0 0 0 0 0 0 0 0 0 0 0 0 0 0 0 0 0 0 0 0 0 0 0 0 0 0 0 0 0 0 0 0 0 0 0 0 0 0 0 0 0 0 0 0 0 0 0 0 0 0 0 0 0 0 0 0 0 0 0 0 0 0 0 0 0 0 0 0 0 0 0 0 0 0 0 0 0 0 0 0 0 0 0 0 0 0 0 0 0 0 0 0 0 0 0 0 0 0 0 0 0 0 0 0 0 0 0 0 0 0 0 0 0 0 0 0 0 0 0 0 0 0 0 0 0 0 0 0 0 0 0 0 0 0 0 0 0 0 0 0 0 0 0 0 0 0 0 0 0 0 0 0 0 0 0 0 0 0 0 0 0 0 0 0 0 0 0 0 0 0 0 0 0 0 0 0 0 0 0 0 0 0 0 0 0 0 0 0 0 0 0 0 0 0 0 0 0 0 0 0 0 0 0 0 0 0 0 0 0 0 0 0 0 0 0 0 0 0 0 0 0 0 0 0 0 0 0 0 0 0 0 0 0 0 0 0 0 0 0 0 0 0 0 0 0 0 0 0 0 0 0 0 0 0 0 0 0 0 0 0 0 0 0 0 0 0 0 0 0 0 0 0 0 0 0 0 0 0 0 0 0 0 0 0 0 0 0 0 0 0 0 0 0 0 0 0 0 0 0 0 0 0 0 0 0 0 0 0 0 0 0 0 0 0 0 0 0 0 0 0 0 0 0 0 0 0 0 0 0 0 0 0 0 0 0 0 0 0 0 0 0 0 0 0 0 0 0 0 0 0 0 0 0 0 0 0 0 0 0 0 0 0 0 0 0 0 0 0 0 0 0 0 0 0 0 0 0 0 0 0 0 0 0 0 0 0 0 0 0 0 0 0 0 0 0 0 0 0 0 0 0 0 0 0 0 0 0 0 0 0 0 0 0 0 0 0 0 0 0 0 0 0 0 0 0 0 0 0 0 0 0 0 0 0 0 0 0 0 0 0 0 0 0 0 0 0 0 0 0 0 0 0 0 0 0 0 0 0 0 0 0 0 0 0 0 0 0 0 0 0 0 0 0 0 0 0 0 0 0 0 0 0 0 0 0 0 0 0 0 0 0 0 0 0 0 0 0 0 0 0 0 0 0 0 0 0 0 0 0 0 0 0 0 0 0 0 0 0 0 0 0 0 0 0 0 0 0 0 0 0 0 0 0 0 0 0 0 0 0 0 0 0 0 0 0 0 0 0 0 0 0 0 0 0 0 0 0 0 0 0 0 0 0 0 0 0 0 0 0 0 0 0 0 0 0 0 0 0 0 0 0 0 0 0 0 0 0 0 0 0 0 0 0 0 0 0 0 0 0 0 0 0 0 0 0 0 0 0 0 0 0 0 0 0 0 0 0 0 0 0 0 0 0 0 0 0 0 0 0 0 0 0 0 0 0 0 0 0 0 0 0 0 0 0 0 0 0 0 0 0 0 0 0 0 0 0 0 0 0 0 0 0 0 0 0 0 0 0 0 0 0 0 0 0 0 0 0 0 0 0 0 0 0 0 0 0 0 0 0 0 0 0 0 0 0 0 0 0 0 0 0 0 0 0 0 0 0 0 0 0 0 0 0 0 0 0 0 0 0 0 0 0 0 0 0 0 0 0 0 0 0 0 0 0 0 0 0 0 0 0 0 0 0 0 0 0 0 0 0 0 0 0 0 0 0 0 0 0 0 0 0 0 0 0 0 0 0 0 0 0 0 0 0 0 0 0 0 0 0 0 0 0 0 0 0 0 0 0 0 0 0 0 0 0 0 0 0 0 0 0 0 0 0 0 0 0 0 0 0 0 0 0 0 0 0 0 0 0 0 0 0 0 0 0 0 0 0 0 0 0 0 0 0 0 0 0 0 0 0 0 0 0 0 0 0 0 0 0 0 0 0 0 0 0 0 0 0 0 0 0 0 0 0 0 0 0 0 0 0 0 0 0 0 0 0 0 0 0 0 0 0 0 0 0 0 0 0 0 0 0 0 0 0 0 0 0 0 0 0 0 0 0 0 0 0 0 0 0 0 0 0 0 0 0 0 0 0 0 0 0 0 0 0 0 0 0 0 0 0 0 0 0 0 0 0 0 0 0 0 0 0 0 0 0 0 0 0 0 0 0 0 0 0 0 0 0 0 0 0 0 0 0 0 0 0 0 0 0 0 0 0 0 0 0 0 0 0 0 0 0 0 0 0 0 0 0 0 0 0 0 0 0 0 0 0 0 0 0 0 0 0 0 0 0 0 0 0 0 0 0 0 0 0 0 0 0 0 0 0 0 0 0 0 0 0 0 0 0 0 0 0 0 0 0 0 0 0 0 0 0 0 0 0 0 0 0 0 0 0 0 0 0 0 0 0 0 0 0 0 0 0 0 0 0 0 0 0 0 0 0 0 0 0 0 0 0 0 0 0 0 0 0 0 0 0 0 0 0 0 0 0 0 0 0 0 0 0 0 0 0 0 0 0 0 0 0 0 0 0 0 0 0 0 0 0 0 0 0 0 0 0 0 0 0 0 0 0 0 0 0 0 0 0 0 0 0 0 0 0 0 0 0 0 0 0 0 0 0 0 0 0 0 0 0 0 0 0 0 0 0 0 0 0 0 0 0 0 0 0 0 0 0 0 0 0 0 0 0 0 0 0 0 0 0 0 0 0 0 0 0 0 0 0 0 0 0 0 0 0 0 0 0 0 0 0 0 0 0 0 0 0 0 0 0 0 0 0 0 0 0 0 0 0 0 0 0 0 0 0 0 0 0 0 0 0 0 0 0 0 0 0 0 0 0 0 0 0 0 0 0 0 0 0 0 0 0 0 0 0 0 0 0 0 0 0 0 0 0 0 0 0 0 0 0 0 0 0 0 0 0 0 0 0 0 0 0 0 0 0 0 0 0 0 0 0 0 0 0 0 0 0 0 0 0 0 0 0 0 0 0 0 0 0 0 0 0 0 0 0 0 0 0 0 0 0 0 0 0 0 0 0 0 0 0 0 0 0 0 0 0 0 0 0 0 0 0 0 0 0 0 0 0 0 0 0 0 0 0 0 0 0 0 0 0 0 0 0 0 0 0 0 0 0 0 0 0 0 0 0 0 0 0 0 0 0 0 0 0 0 0 0 0 0 0 0 0 0 0 0 0 0 0 0 0 0 0 0 0 0 0 0 0 0 0 0 0 0 0 0 0 0 0 0 0 0 0 0 0 0 0 0 0 0 0 0 0 0 0 0 0 0 0 0 0 0 0 0 0 0 0 0 0 0 0 0 0 0 0 0 0 0 0 0 0 0 0 0 0 0 0 0 0 0 0 0 0 0 0 0 0 0 0 0 0 0 0 0 0 0 0 0 0 0 0 0 0 0 0 0 0 0 0 0 0 0 0 0 0 0 0 0 0 0 0 0 0 0 0 0 0 0 0 0 0 0 0 0 0 0 0 0 0 0 0 0 0 0 0 0 0 0 0 0 0 0 0 0 0 0 0 0 0 0 0 0 0 0 0 0 0 0 0 0 0 0 0 0 0 0 0 0 0 0 0 0 0 0 0 0 0 0 0 0 0 0 0 0 0 0 0 0 0 0 0 0 0 0 0 0 0 0 0 0 0 0 0 0 0 0 0 0 0 0 0 0 0 0 0 0 0 0 0 0 0 0 0 0 0 0 0 0 0 0 0 0 0 0 0 0 0 0 0 0 0 0 0 0 0 0 0 0 0 0 0 0 0 0 0 0 0 0 0 0 0 0 0 0 0 0 0 0 0 0 0 0 0 0 0 0 0 0 0 0 0 0 0 0 0 0 0 0 0 0 0 0 0 0 0 0 0 0 0 0 0 0 0 0 0 0 0 0 0 0 0 0 0 0 0 0 0 0 0 0 0 0 0 0 0 0 0 0 0 0 0 0 0 0 0 0 0 0 0 0 0 0 0 0 0 0 0 0 0 0 0 0 0 0 0 0 0 0 0 0 0 0 0 0 0 0 0 0 0 0 0 0 0 0 0 0 0 0 0 0 0 0 0 0 0 0 0 0 0 0 0 0 0 0 0 0 0 0 0 0 0 0 0 0 0 0 0 0 0 0 0 0 0 0 0 0 0 0 0 0 0 0 0 0 0 0 0 0 0 0 0 0 0 0 0 0 0 0 0 0 0 0 0 0 0 0 0 0 0 0 0 0 0 0 0 0 0 0 0 0 0 0 0 0 0 0 0 0 0 0 0 0 0 0 0 0 0 0 0 0 0 0 0 0 0 0 0 0 0 0 0 0 0 0 0 0 0 0 0 0 0 0 0 0 0 0 0 0 0 0 0 0 0 0 0 0 0 0 0 0 0 0 0 0 0 0 0 0 0 0 0 0 0 0 0 0 0 0 0 0 0 0 0 0 0 0 0 0 0 0 0 0 0 0 0 0 0 0 0 0 0 0 0 0 0 0 0 0 0 0 0 0 0 0 0 0 0 0 0 0 0 0 0 0 0 0 0 0 0 0 0 0 0 0 0 0 0 0 0 0 0 0 0 0 0 0 0 0 0 0 0 0 0 0 0 0 0 0 0 0 0 0 0 0 0 0 0 0 0 0 0 0 0 0 0 0 0 0 0 0 0 0 0 0 0 0 0 0 0 0 0 0 0 0 0 0 0 0 0 0 0 0 0 0 0 0 0 0 0 0 0 0 0 0 0 0 0 0 0 0 0 0 0 0 0 0 0 0 0 0 0 0 0 0 0 0 0 0 0 0 0 0 0 0 0 0 0 0 0 0 0 0 0 0 0 0 0 0 0 0 0 0 0 0 0 0 0 0 0 0 0 0 0 0 0 0 0 0 0 0 0 0 0 0 0 0 0 0 0 0 0 0 0 0 0 0 0 0 0 0 0 0 0 0 0 0 0 0 0 0 0 0 0 0 0 0 0 0 0 0 0 0 0 0 0 0 0 0 0 0 0 0 0 0 0 0 0 0 0 0 0 0 0 0 0 0 0 0 0 0 0 0 0 0 0 0 0 0 0 0 0 0 0 0 0 0 0 0 0 0 0 0 0 0 0 0 0 0 0 0 0 0 0 0 0 0 0 0 0 0 0 0 0 0 0 0 0 0 0 0 0 0 0 0 0 0 0 0 0 0 0 0 0 0 0 0 0 0 0 0 0 0 0 0 0 0 0 0 0 0 0 0 0 0 0 0 0 0 0 0 0 0 0 0 0 0 0 0 0 0 0 0 0 0 0 0 0 0 0 0 0 0 0 0 0 0 0 0 0 0 0 0 0 0 0 0 0 0 0 0 0 0 0 0 0 0 0 0 0 0 0 0 0 0 0 0 0 0 0 0 0 0 0 0 0 0 0 0 0 0 0 0 0 0 0 0 0 0 0 0 0 0 0 0 0 0 0 0 0 0 0 0 0 0 0 0 0 0 0 0 0 0 0 0 0 0 0 0 0 0 0 0 0 0 0 0 0 0 0 0 0 0 0 0 0 0 0 0 0 0 0 0 0 0 0 0 0 0 0 0 0 0 0 0 0 0 0 0 0 0 0 0 0 0 0 0 0 0 0 0 0 0 0 0 0 0 0 0 0 0 0 0 0 0 0 0 0 0 0 0 0 0 0 0 0 0 0 0 0 0 0 0 0 0 0 0 0 0 0 0 0 0 0 0 0 0 0 0 0 0 0 0 0 0 0 0 0 0 0 0 0 0 0 0 0 0 0 0 0 0 0 0 0 0 0 0 0 0 0 0 0 0 0 0 0 0 0 0 0 0 0 0 0 0 0 0 0 0 0 0 0 0 0 0 0 0 0 0 0 0 0 0 0 0 0 0 0 0 0 0 0 0 0 0 0 0 0 0 0 0 0 0 0 0 0 0 0 0 0 0 0 0 0 0 0 0 0 0 0 0 0 0 0 0 0 0 0 0 0 0 0 0 0 0 0 0 0 0 0 0 0 0 0 0 0 0 0 0 0 0 0 0 0 0 0 0 0 0 0 0 0 0 0 0 0 0 0 0 0 0 0 0 0 0 0 0 0 0 0 0 0 0 0 0 0 0 0 0 0 0 0 0 0 0 0 0 0 0 0 0 0 0 0 0 0 0 0 0 0 0 0 0 0 0 0 0 0 0 0 0 0 0 0 0 0 0 0 0 0 0 0 0 0 0 0 0 0 0 0 0 0 0 0 0 0 0 0 0 0 0 0 0 0 0 0 0 0 0 0 0 0 0 0 0 0 0 0 0 0 0 0 0 0 0 0 0 0 0 0 0 0 0 0 0 0 0 0 0 0 0 0 0 0 0 0 0 0 0 0 0 0 0 0 0 0 0 0 0 0 0 0 0 0 0 0 0 0 0 0 0 0 0 0 0 0 0 0 0 0 0 0 0 0 0 0 0 0 0 0 0 0 0 0 0 0 0 0 0 0 0 0 0 0 0 0 0 0 0 0 0 0 0 0 0 0 0 0 0 0 0 0 0 0 0 0 0 0 0 0 0 0 0 0 0 0 0 0 0 0 0 0 0 0 0 0 0 0 0 0 0 0 0 0 0 0 0 0 0 0 0 0 0 0 0 0 0 0 0 0 0 0 0 0 0 0 0 0 0 0 0 0 0 0 0 0 0 0 0 0 0 0 0 0 0 0 0 0 0 0 0 0 0 0 0 0 0 0 0 0 0 0 0 0 0 0 0 0 0 0 0 0 0 0 0 0 0 0 0 0 0 0 0 0 0 0 0 0 0 0 0 0 0 0 0 0 0 0 0 0 0 0 0 0 0 0 0 0 0 0 0 0 0 0 0 0 0 0 0 0 0 0 0 0 0 0 0 0 0 0 0 0 0 0 0 0 0 0 0 0 0 0 0 0 0 0 0 0 0 0 0 0 0 0 0 0 0 0 0 0 0 0 0 0 0 0 0 0 0 0 0 0 0 0 0 0 0 0 0 0 0 0 0 0 0 0 0 0 0 0 0 0 0 0 0 0 0 0 0 0 0 0 0 0 0 0 0 0 0 0 0 0 0 0 0 0 0 0 0 0 0 0 0 0 0 0 0 0 0 0 0 0 0 0 0 0 0 0 0 0 0 0 0 0 0 0 0 0 0 0 0 0 0 0 0 0 0 0 0 0 0 0 0 0 0 0 0 0 0 0 0 0 0 0 0 0 0 0 0 0 0 0 0 0 0 0 0 0 0 0 0 0 0 0 0 0 0 0 0 0 0 0 0 0 0 0 0 0 0 0 0 0 0 0 0 0 0 0 0 0 0 0 0 0 0 0 0 0 0 0 0 0 0 0 0 0 0 0 0 0 0 0 0 0 0 0 0 0 0 0 0 0 0 0 0 0 0 0 0 0 0 0 0 0 0 0 0 0 0 0 0 0 0 0 0 0 0 0 0 0 0 0 0 0 0 0 0 0 0 0 0 0 0 0 0 0 0 0 0 0 0 0 0 0 0 0 0 0 0 0 0 0 0 0 0 0 0 0 0 0 0 0 0 0 0 0 0 0 0 0 0 0 0 0 0 0 0 0 0 0 0 0 0 0 0 0 0 0 0 0 0 0 0 0 0 0 0 0 0 0 0 0 0 0 0 0 0 0 0 0 0 0 0 0 0 0 0 0 0 0 0 0 0 0 0 0 0 0 0 0 0 0 0 0 0 0 0 0 0 0 0 0 0 0 0 0 0 0 0 0 0 0 0 0 0 0 0 0 0 0 0 0 0 0 0 0 0 0 0 0 0 0 0 0 0 0 0 0 0 0 0 0 0 0 0 0 0 0 0 0 0 0 0 0 0 0 0 0 0 0 0 0 0 0 0 0 0 0 0 0 0 0 0 0 0 0 0 0 0 0 0 0 0 0 0 0 0 0 0 0 0 0 0 0 0 0 0 0 0 0 0 0 0 0 0 0 0 0 0 0 0 0 0 0 0 0 0 0 0 0 0 0 0 0 0 0 0 0 0 0 0 0 0 0 0 0 0 0 0 0 0 0 0 0 0 0 0 0 0 0 0 0 0 0 0 0 0 0 0 0 0 0 0 0 0 0 0 0 0 0 0 0 0 0 0 0 0 0 0 0 0 0 0 0 0 0 0 0 0 0 0 0 0 0 0 0 0 0 0 0 0 0 0 0 0 0 0 0 0 0 0 0 0 0 0 0 0 0 0 0 0 0 0 0 0 0 0 0 0 0 0 0 0 0 0 0 0 0 0 0 0 0 0 0 0 0 0 0 0 0 0 0 0 0 0 0 0 0 0 0 0 0 0 0 0 0 0 0 0 0 0 0 0 0 0 0 0 0 0 0 0 0 0 0 0 0 0 0 0 0 0 0 0 0 0 0 0 0 0 0 0 0 0 0 0 0 0 0 0 0 0 0 0 0 0 0 0 0 0 0 0 0 0 0 0 0 0 0 0 0 0 0 0 0 0 0 0 0 0 0 0 0 0 0 0 0 0 0 0 0 0 0 0 0 0 0 0 0 0 0 0 0 0 0 0 0 0 0 0 0 0 0 0 0 0 0 0 0 0 0 0 0 0 0 0 0 0 0 0 0 0 0 0 0 0 0 0 0 0 0 0 0 0 0 0 0 0 0 0 0 0 0 0 0 0 0 0 0 0 0 0 0 0 0 0 0 0 0 0 0 0 0 0 0 0 0 0 0 0 0 0 0 0 0 0 0 0 0 0 0 0 0 0 0 0 0 0 0 0 0 0 0 0 0 0 0 0 0 0 0 0 0 0 0 0 0 0 0 0 0 0 0 0 0 0 0 0 0 0 0 0 0 0 0 0 0 0 0 0 0 0 0 0 0 0 0 0 0 0 0 0 0 0 0 0 0 0 0 0 0 0 0 0 0 0 0 0 0 0 0 0 0 0 0 0 0 0 0 0 0 0 0 0 0 0 0 0 0 0 0 0 0 0 0 0 0 0 0 0 0 0 0 0 0 0 0 0 0 0 0 0 0 0 0 0 0 0 0 0 0 0 0 0 0 0 0 0 0 0 0 0 0 0 0 0 0 0 0 0 0 0 0 0 0 0 0 0 0 0 0 0 0 0 0 0 0 0 0 0 0 0 0 0 0 0 0 0 0 0 0 0 0 0 0 0 0 0 0 0 0 0 0 0 0 0 0 0 0 0 0 0 0 0 0 0 0 0 0 0 0 0 0 0 0 0 0 0 0 0 0 0 0 0 0 0 0 0 0 0 0 0 0 0 0 0 0 0 0 0 0 0 0 0 0 0 0 0 0 0 0 0 0 0 0 0 0 0 0 0 0 0 0 0 0 0 0 0 0 0 0 0 0 0 0 0 0 0 0 0 0 0 0 0 0 0 0 0 0 0 0 0 0 0 0 0 0 0 0 0 0 0 0 0 0 0 0 0 0 0 0 0 0 0 0 0 0 0 0 0 0 0 0 0 0 0 0 0 0 0 0 0 0 0 0 0 0 0 0 0 0 0 0 0 0 0 0 0 0 0 0 0 0 0 0 0 0 0 0 0 0 0 0 0 0 0 0 0 0 0 0 0 0 0 0 0 0 0 0 0 0 0 0 0 0 0 0 0 0 0 0 0 0 0 0 0 0 0 0 0 0 0 0 0 0 0 0 0 0 0 0 0 0 0 0 0 0 0 0 0 0 0 0 0 0 0 0 0 0 0 0 0 0 0 0 0 0 0 0 0 0 0 0 0 0 0 0 0 0 0 0 0 0 0 0 0 0 0 0 0 0 0 0 0 0 0 0 0 0 0 0 0 0 0 0 0 0 0 0 0 0 0 0 0 0 0 0 0 0 0 0 0 0 0 0 0 0 0 0 0 0 0 0 0 0 0 0 0 0 0 0 0 0 0 0 0 0 0 0 0 0 0 0 0 0 0 0 0 0 0 0 0 0 0 0 0 0 0 0 0 0 0 0 0 0 0 0 0 0 0 0 0 0 0 0 0 0 0 0 0 0 0 0 0 0 0 0 0 0 0 0 0 0 0 0 0 0 0 0 0 0 0 0 0 0 0 0 0 0 0 0 0 0 0 0 0 0 0 0 0 0 0 0 0 0 0 0 0 0 0 0 0 0 0 0 0 0 0 0 0 0 0 0 0 0 0 0 0 0 0 0 0 0 0 0 0 0 0 0 0 0 0 0 0 0 0 0 0 0 0 0 0 0 0 0 0 0 0 0 0 0 0 0 0 0 0 0 0 0 0 0 0 0 0 0 0 0 0 0 0 0 0 0 0 0 0 0 0 0 0 0 0 0 0 0 0 0 0 0 0 0 0 0 0 0 0 0 0 0 0 0 0 0 0 0 0 0 0 0 0 0 0 0 0 0 0 0 0 0 0 0 0 0 0 0 0 0 0 0 0 0 0 0 0 0 0 0 0 0 0 0 0 0 0 0 0 0 0 0 0 0 0 0 0 0 0 0 0 0 0 0 0 0 0 0 0 0 0 0 0 0 0 0 0 0 0 0 0 0 0 0 0 0 0 0 0 0 0 0 0 0 0 0 0 0 0 0 0 0 0 0 0 0 0 0 0 0 0 0 0 0 0 0 0 0 0 0 0 0 0 0 0 0 0 0 0 0 0 0 0 0 0 0 0 0 0 0 0 0 0 0 0 0 0 0 0 0 0 0 0 0 0 0 0 0 0 0 0 0 0 0 0 0 0 0 0 0 0 0 0 0 0 0 0 0 0 0 0 0 0 0 0 0 0 0 0 0 0 0 0 0 0 0 0 0 0 0 0 0 0 0 0 0 0 0 0 0 0 0 0 0 0 0 0 0 0 0 0 0 0 0 0 0 0 0 0 0 0 0 0 0 0 0 0 0 0 0 0 0 0 0 0 0 0 0 0 0 0 0 0 0 0 0 0 0 0 0 0 0 0 0 0 0 0 0 0 0 0 0 0 0 0 0 0 0 0 0 0 0 0 0 0 0 0 0 0 0 0 0 0 0 0 0 0 0 0 0 0 0 0 0 0 0 0 0 0 0 0 0 0 0 0 0 0 0 0 0 0 0 0 0 0 0 0 0 0 0 0 0 0 0 0 0 0 0 0 0 0 0 0 0 0 0 0 0 0 0 0 0 0 0 0 0 0 0 0 0 0 0 0 0 0 0 0 0 0 0 0 0 0 0 0 0 0 0 0 0 0 0 0 0 0 0 0 0 0 0 0 0 0 0 0 0 0 0 0 0 0 0 0 0 0 0 0 0 0 0 0 0 0 0 0 0 0 0 0 0 0 0 0 0 0 0 0 0 0 0 0 0 0 0 0 0 0 0 0 0 0 0 0 0 0 0 0 0 0 0 0 0 0 0 0 0 0 0 0 0 0 0 0 0 0 0 0 0 0 0 0 0 0 0 0 0 0 0 0 0 0 0 0 0 0 0 0 0 0 0 0 0 0 0 0 0 0 0 0 0 0 0 0 0 0 0 0 0 0 0 0 0 0 0 0 0 0 0 0 0 0 0 0 0 0 0 0 0 0 0 0 0 0 0 0 0 0 0 0 0 0 0 0 0 0 0 0 0 0 0 0 0 0 0 0 0 0 0 0 0 0 0 0 0 0 0 0 0 0 0 0 0 0 0 0 0 0 0 0 0 0 0 0 0 0 0 0 0 0 0 0 0 0 0 0 0 0 0 0 0 0 0 0 0 0 0 0 0 0 0 0 0 0 0 0 0 0 0 0 0 0 0 0 0 0 0 0 0 0 0 0 0 0 0 0 0 0 0 0 0 0 0 0 0 0 0 0 0 0 0 0 0 0 0 0 0 0 0 0 0 0 0 0 0 0 0 0 0 0 0 0 0 0 0 0 0 0 0 0 0 0 0 0 0 0 0 0 0 0 0 0 0 0 0 0 0 0 0 0 0 0 0 0 0 0 0 0 0 0 0 0 0 0 0 0 0 0 0 0 0 0 0 0 0 0 0 0 0 0 0 0 0 0 0 0 0 0 0 0 0 0 0 0 0 0 0 0 0 0 0 0 0 0 0 0 0 0 0 0 0 0 0 0 0 0 0 0 0 0 0 0 0 0 0 0 0 0 0 0 0 0 0 0 0 0 0 0 0 0 0 0 0 0 0 0 0 0 0 0 0 0 0 0 0 0 0 0 0 0 0 0 0 0 0 0 0 0 0 0 0 0 0 0 0 0 0 0 0 0 0 0 0 0 0 0 0 0 0 0 0 0 0 0 0 0 0 0 0 0 0 0 0 0 0 0 0 0 0 0 0 0 0 0 0 0 0 0 0 0 0 0 0 0 0 0 0 0 0 0 0 0 0 0 0 0 0 0 0 0 0 0 0 0 0 0 0 0 0 0 0 0 0 0 0 0 0 0 0 0 0 0 0 0 0 0 0 0 0 0 0 0 0 0 0 0 0 0 0 0 0 0 0 0 0 0 0 0 0 0 0 0 0 0 0 0 0 0 0 0 0 0 0 0 0 0 0 0 0 0 0 0 0 0 0 0 0 0 0 0 0 0 0 0 0 0 0 0 0 0 0 0 0 0 0 0 0 0 0 0 0 0 0 0 0 0 0 0 0 0 0 0 0 0 0 0 0 0 0 0 0 0 0 0 0 0 0 0 0 0 0 0 0 0 0 0 0 0 0 0 0 0 0 0 0 0 0 0 0 0 0 0 0 0 0 0 0 0 0 0 0 0 0 0 0 0 0 0 0 0 0 0 0 0 0 0 0 0 0 0 0 0 0 0 0 0 0 0 0 0 0 0 0 0 0 0 0 0 0 0 0 0 0 0 0 0 0 0 0 0 0 0 0 0 0 0 0 0 0 0 0 0 0 0 0 0 0 0 0 0 0 0 0 0 0 0 0 0 0 0 0 0 0 0 0 0 0 0 0 0 0 0 0 0 0 0 0 0 0 0 0 0 0 0 0 0 0 0 0 0 0 0 0 0 0 0 0 0 0 0 0 0 0 0 0 0 0 0 0 0 0 0 0 0 0 0 0 0 0 0 0 0 0 0 0 0 0 0 0 0 0 0 0 0 0 0 0 0 0 0 0 0 0 0 0 0 0 0 0 0 0 0 0 0 0 0 0 0 0 0 0 0 0 0 0 0 0 0 0 0 0 0 0 0 0 0 0 0 0 0 0 0 0 0 0 0 0 0 0 0 0 0 0 0 0 0 0 0 0 0 0 0 0 0 0 0 0 0 0 0 0 0 0 0 0 0 0 0 0 0 0 0 0 0 0 0 0 0 0 0 0 0 0 0 0 0 0 0 0 0 0 0 0 0 0 0 0 0 0 0 0 0 0 0 0 0 0 0 0 0 0 0 0 0 0 0 0 0 0 0 0 0 0 0 0 0 0 0 0 0 0 0 0 0 0 0 0 0 0 0 0 0 0 0 0 0 0 0 0 0 0 0 0 0 0 0 0 0 0 0 0 0 0 0 0 0 0 0 0 0 0 0 0 0 0 0 0 0 0 0 0 0 0 0 0 0 0 0 0 0 0 0 0 0 0 0 0 0 0 0 0 0 0 0 0 0 0 0 0 0 0 0 0 0 0 0 0 0 0 0 0 0 0 0 0 0 0 0 0 0 0 0 0 0 0 0 0 0 0 0 0 0 0 0 0 0 0 0 0 0 0 0 0 0 0 0 0 0 0 0 0 0 0 0 0 0 0 0 0 0 0 0 0 0 0 0 0 0 0 0 0 0 0 0 0 0 0 0 0 0 0 0 0 0 0 0 0 0 0 0 0 0 0 0 0 0 0 0 0 0 0 0 0 0 0 0 0 0 0 0 0 0 0 0 0 0 0 0 0 0 0 0 0 0 0 0 0 0 0 0 0 0 0 0 0 0 0 0 0 0 0 0 0 0 0 0 0 0 0 0 0 0 0 0 0 0 0 0 0 0 0 0 0 0 0 0 0 0 0 0 0 0 0 0 0 0 0 0 0 0 0 0 0 0 0 0 0 0 0 0 0 0 0 0 0 0 0 0 0 0 0 0 0 0 0 0 0 0 0 0 0 0 0 0 0 0 0 0 0 0 0 0 0 0 0 0 0 0 0 0 0 0 0 0 0 0 0 0 0 0 0 0 0 0 0 0 0 0 0 0 0 0 0 0 0 0 0 0 0 0 0 0 0 0 0 0 0 0 0 0 0 0 0 0 0 0 0 0 0 0 0 0 0 0 0 0 0 0 0 0 0 0 0 0 0 0 0 0 0 0 0 0 0 0 0 0 0 0 0 0 0 0 0 0 0 0 0 0 0 0 0 0 0 0 0 0 0 0 0 0 0 0 0 0 0 0 0 0 0 0 0 0 0 0 0 0 0 0 0 0 0 0 0 0 0 0 0 0 0 0 0 0 0 0 0 0 0 0 0 0 0 0 0 0 0 0 0 0 0 0 0 0 0 0 0 0 0 0 0 0 0 0 0 0 0 0 0 0 0 0 0 0 0 0 0 0 0 0 0 0 0 0 0 0 0 0 0 0 0 0 0 0 0 0 0 0 0 0 0 0 0 0 0 0 0 0 0 0 0 0 0 0 0 0 0 0 0 0 0 0 0 0 0 0 0 0 0 0 0 0 0 0 0 0 0 0 0 0 0 0 0 0 0 0 0 0 0 0 0 0 0 0 0 0 0 0 0 0 0 0 0 0 0 0 0 0 0 0 0 0 0 0 0 0 0 0 0 0 0 0 0 0 0 0 0 0 0 0 0 0 0 0 0 0 0 0 0 0 0 0 0 0 0 0 0 0 0 0 0 0 0 0 0 0 0 0 0 0 0 0 0 0 0 0 0 0 0 0 0 0 0 0 0 0 0 0 0 0 0 0 0 0 0 0 0 0 0 0 0 0 0 0 0 0 0 0 0 0 0 0 0 0 0 0 0 0 0 0 0 0 0 0 0 0 0 0 0 0 0 0 0 0 0 0 0 0 0 0 0 0 0 0 0 0 0 0 0 0 0 0 0 0 0 0 0 0 0 0 1 1 1 1 1 1 1 1 1 1 1 1 1 1 1 1 1 1 1 1 1 1 1 1 1 1 1 1 1 1 1 1 1 1 1 1 1 1 1 1 1 1 1 1 1 1 1 1 1 1 1 1 1 1 1 1 1 1 1 1 1 1 1 1 1 1 1 1 1 1 1 1 1 1 1 1 1 1 1 1 1 1 1 1 1 1 1 1 1 1 1 1 1 1 1 1 1 1 1 1 1 1 1 1 1 1 1 1 1 1 1 1 1 1 1 1 1 1 1 1 1 1 1 1 1 1 1 1 1 1 1 1 1 1 1 1 1 1 1 1 1 1 1 1 1 1 1 1 1 1 1 1 1 1 1 1 1 1 1 1 1 1 1 1 1 1 1 1 1 1 1 1 1 1 1 1 1 1 1 1 1 1 1 1 1 1 1 1 1 1 1 1 1 1 1 1 1 1 1 1 1 1 1 1 1 1 1 1 1 1 1 1 1 1 1 1 1 1 1 1 1 1 1 1 1 1 1 1 1 1 1 1 1 1 1 1 1 1 1 1 1 1 1 1 1 1 1 1 1 1 1 1 1 1 1 1 1 1 1 1 1 1 1 1 1 1 1 1 1 1 1 1 1 1 1 1 1 1 1 1 1 1 1 1 1 1 1 1 1 1 1 1 1 1 1 1 1 1 1 1 1 1 1 1 1 1 1 1 1 1 1 1 1 1 1 1 1 1 1 1 1 1 1 1 1 1 1 1 1 1 1 1 1 1 1 1 1 1 1 1 1 1 1 1 1 1 1 1 1 1 1 1 1 1 1 1 1 1 1 1 1 1 1 1 1 1 1 1 1 1 1 1 1 1 1 1 1 1 1 1 1 1 1 1 1 1 1 1 1 1 1 1 1 1 1 1 1 1 1 1 1 1 1 1 1 1 1 1 1 1 1 1 1 1 1 1 1 1 0 0 0 0 0 0 0 0 0 0 0 0 0 0 0 0 0 0 0 0 0 0 0 0 0 0 0 0 0 0 0 0 0 0 0 0 0 0 0 0 0 0 0 0 0 0 0 0 0 0 0 0 0 0 0 0 0 0 0 0 0 0 0 0 0 0 0 0 0 0 0 0 0 0 0 0 0 0 0 0 0 0 0 0 0 0 0 0 0 0 0 0 0 0 0 0 0 0 0 0 0 0 0 0 0 0 0 0 0 0 0 0 0 0 0 0 0 0 0 0 0 0 0 0 0 0 0 0 0 0 0 0 0 0 0 0 0 0 0 0 0 0 0 0 0 0 0 0 0 0 0 0 0 0 0 0 0 0 0 0 0 0 0 0 0 0 0 0 0 0 0 0 0 0 0 0 0 0 0 0 0 0 0 0
</DataArray>
<DataArray type="Int32" Name="pip_head" format="ascii">
0 0 0 0 0 0 0 0 0 0 0 0 0 0 0 0 0 0 0 0 0 0 0 0 0 0 0 0 0 0 0 0 0 0 0 0 0 0 0 0 0 0 0 0 0 0 0 0 0 0 0 0 0 0 0 0 0 0 0 0 0 0 0 0 0 0 0 0 0 0 0 0 0 0 0 0 0 0 0 0 0 0 0 0 0 0 0 0 0 0 0 0 0 0 0 0 0 0 0 0 0 0 0 0 0 0 0 0 0 0 0 0 0 0 0 0 0 0 0 0 0 0 0 0 0 0 0 0 0 0 0 0 0 0 0 0 0 0 0 0 0 0 0 0 0 0 0 0 0 0 0 0 0 0 0 0 0 0 0 0 0 0 0 0 0 0 0 0 0 0 0 0 0 0 0 0 0 0 0 0 0 0 0 0 0 0 0 0 0 0 0 0 0 0 0 0 0 0 0 0 0 0 0 0 0 0 0 0 0 0 0 0 0 0 0 0 0 0 0 0 0 0 0 0 0 0 0 0 0 0 0 0 0 0 0 0 0 0 0 0 0 0 0 0 0 0 0 0 0 0 0 0 0 0 0 0 0 0 0 0 0 0 0 0 0 0 0 0 0 0 0 0 0 0 0 0 0 0 0 0 0 0 0 0 0 0 0 0 0 0 0 0 0 0 0 0 0 0 0 0 0 0 0 0 0 0 0 0 0 0 0 0 0 0 0 0 0 0 0 0 0 0 0 0 0 0 0 0 0 0 0 0 0 0 0 0 0 0 0 0 0 0 0 0 0 0 0 0 0 0 0 0 0 0 0 0 0 0 0 0 0 0 0 0 0 0 0 0 0 0 0 0 0 0 0 0 0 0 0 0 0 0 0 0 0 0 0 0 0 0 0 0 0 0 0 0 0 0 0 0 0 0 0 0 0 0 0 0 0 0 0 0 0 0 0 0 0 0 0 0 0 0 0 0 0 0 0 0 0 0 0 0 0 0 0 0 0 0 0 0 0 0 0 0 0 0 0 0 0 0 0 0 0 0 0 0 0 0 0 0 0 0 0 0 0 0 0 0 0 0 0 0 0 0 0 0 0 0 0 0 0 0 0 0 0 0 0 0 0 0 0 0 0 0 0 0 0 0 0 0 0 0 0 0 0 0 0 0 0 0 0 0 0 0 0 0 0 0 0 0 0 0 0 0 0 0 0 0 0 0 0 0 0 0 0 0 0 0 0 0 0 0 0 0 0 0 0 0 0 0 0 0 0 0 0 0 0 0 0 0 0 0 0 0 0 0 0 0 0 0 0 0 0 0 0 0 0 0 0 0 0 0 0 0 0 0 0 0 0 0 0 0 0 0 0 0 0 0 0 0 0 0 0 0 0 0 0 0 0 0 0 0 0 0 0 0 0 0 0 0 0 0 0 0 0 0 0 0 0 0 0 0 0 0 0 0 0 0 0 0 0 0 0 0 0 0 0 0 0 0 0 0 0 0 0 0 0 0 0 0 0 0 0 0 0 0 0 0 0 0 0 0 0 0 0 0 0 0 0 0 0 0 0 0 0 0 0 0 0 0 0 0 0 0 0 0 0 0 0 0 0 0 0 0 0 0 0 0 0 0 0 0 0 0 0 0 0 0 0 0 0 0 0 0 0 0 0 0 0 0 0 0 0 0 0 0 0 0 0 0 0 0 0 0 0 0 0 0 0 0 0 0 0 0 0 0 0 0 0 0 0 0 0 0 0 0 0 0 0 0 0 0 0 0 0 0 0 0 0 0 0 0 0 0 0 0 0 0 0 0 0 0 0 0 0 0 0 0 0 0 0 0 0 0 0 0 0 0 0 0 0 0 0 0 0 0 0 0 0 0 0 0 0 0 0 0 0 0 0 0 0 0 0 0 0 0 0 0 0 0 0 0 0 0 0 0 0 0 0 0 0 0 0 0 0 0 0 0 0 0 0 0 0 0 0 0 0 0 0 0 0 0 0 0 0 0 0 0 0 0 0 0 0 0 0 0 0 0 0 0 0 0 0 0 0 0 0 0 0 0 0 0 0 0 0 0 0 0 0 0 0 0 0 0 0 0 0 0 0 0 0 0 0 0 0 0 0 0 0 0 0 0 0 0 0 0 0 0 0 0 0 0 0 0 0 0 0 0 0 0 0 0 0 0 0 0 0 0 0 0 0 0 0 0 0 0 0 0 0 0 0 0 0 0 0 0 0 0 0 0 0 0 0 0 0 0 0 0 0 0 0 0 0 0 0 0 0 0 0 0 0 0 0 0 0 0 0 0 0 0 0 0 0 0 0 0 0 0 0 0 0 0 0 0 0 0 0 0 0 0 0 0 0 0 0 0 0 0 0 0 0 0 0 0 0 0 0 0 0 0 0 0 0 0 0 0 0 0 0 0 0 0 0 0 0 0 0 0 0 0 0 0 0 0 0 0 0 0 0 0 0 0 0 0 0 0 0 0 0 0 0 0 0 0 0 0 0 0 0 0 0 0 0 0 0 0 0 0 0 0 0 0 0 0 0 0 0 0 0 0 0 0 0 0 0 0 0 0 0 0 0 0 0 0 0 0 0 0 0 0 0 0 0 0 0 0 0 0 0 0 0 0 0 0 0 0 0 0 0 0 0 0 0 0 0 0 0 0 0 0 0 0 0 0 0 0 0 0 0 0 0 0 0 0 0 0 0 0 0 0 0 0 0 0 0 0 0 0 0 0 0 0 0 0 0 0 0 0 0 0 0 0 0 0 0 0 0 0 0 0 0 0 0 0 0 0 0 0 0 0 0 0 0 0 0 0 0 0 0 0 0 0 0 0 0 0 0 0 0 0 0 0 0 0 0 0 0 0 0 0 0 0 0 0 0 0 0 0 0 0 0 0 0 0 0 0 0 0 0 0 0 0 0 0 0 0 0 0 0 0 0 0 0 0 0 0 0 0 0 0 0 0 0 0 0 0 0 0 0 0 0 0 0 0 0 0 0 0 0 0 0 0 0 0 0 0 0 0 0 0 0 0 0 0 0 0 0 0 0 0 0 0 0 0 0 0 0 0 0 0 0 0 0 0 0 0 0 0 0 0 0 0 0 0 0 0 0 0 0 0 0 0 0 0 0 0 0 0 0 0 0 0 0 0 0 0 0 0 0 0 0 0 0 0 0 0 0 0 0 0 0 0 0 0 0 0 0 0 0 0 0 0 0 0 0 0 0 0 0 0 0 0 0 0 0 0 0 0 0 0 0 0 0 0 0 0 0 0 0 0 0 0 0 0 0 0 0 0 0 0 0 0 0 0 0 0 0 0 0 0 0 0 0 0 0 0 0 0 0 0 0 0 0 0 0 0 0 0 0 0 0 0 0 0 0 0 0 0 0 0 0 0 0 0 0 0 0 0 0 0 0 0 0 0 0 0 0 0 0 0 0 0 0 0 0 0 0 0 0 0 0 0 0 0 0 0 0 0 0 0 0 0 0 0 0 0 0 0 0 0 0 0 0 0 0 0 0 0 0 0 0 0 0 0 0 0 0 0 0 0 0 0 0 0 0 0 0 0 0 0 0 0 0 0 0 0 0 0 0 0 0 0 0 0 0 0 0 0 0 0 0 0 0 0 0 0 0 0 0 0 0 0 0 0 0 0 0 0 0 0 0 0 0 0 0 0 0 0 0 0 0 0 0 0 0 0 0 0 0 0 0 0 0 0 0 0 0 0 0 0 0 0 0 0 0 0 0 0 0 0 0 0 0 0 0 0 0 0 0 0 0 0 0 0 0 0 0 0 0 0 0 0 0 0 0 0 0 0 0 0 0 0 0 0 0 0 0 0 0 0 0 0 0 0 0 0 0 0 0 0 0 0 0 0 0 0 0 0 0 0 0 0 0 0 0 0 0 0 0 0 0 0 0 0 0 0 0 0 0 0 0 0 0 0 0 0 0 0 0 0 0 0 0 0 0 0 0 0 0 0 0 0 0 0 0 0 0 0 0 0 0 0 0 0 0 0 0 0 0 0 0 0 0 0 0 0 0 0 0 0 0 0 0 0 0 0 0 0 0 0 0 0 0 0 0 0 0 0 0 0 0 0 0 0 0 0 0 0 0 0 0 0 0 0 0 0 0 0 0 0 0 0 0 0 0 0 0 0 0 0 0 0 0 0 0 0 0 0 0 0 0 0 0 0 0 0 0 0 0 0 0 0 0 0 0 0 0 0 0 0 0 0 0 0 0 0 0 0 0 0 0 0 0 0 0 0 0 0 0 0 0 0 0 0 0 0 0 0 0 0 0 0 0 0 0 0 0 0 0 0 0 0 0 0 0 0 0 0 0 0 0 0 0 0 0 0 0 0 0 0 0 0 0 0 0 0 0 0 0 0 0 0 0 0 0 0 0 0 0 0 0 0 0 0 0 0 0 0 0 0 0 0 0 0 0 0 0 0 0 0 0 0 0 0 0 0 0 0 0 0 0 0 0 0 0 0 0 0 0 0 0 0 0 0 0 0 0 0 0 0 0 0 0 0 0 0 0 0 0 0 0 0 0 0 0 0 0 0 0 0 0 0 0 0 0 0 0 0 0 0 0 0 0 0 0 0 0 0 0 0 0 0 0 0 0 0 0 0 0 0 0 0 0 0 0 0 0 0 0 0 0 0 0 0 0 0 0 0 0 0 0 0 0 0 0 0 0 0 0 0 0 0 0 0 0 0 0 0 0 0 0 0 0 0 0 0 0 0 0 0 0 0 0 0 0 0 0 0 0 0 0 0 0 0 0 0 0 0 0 0 0 0 0 0 0 0 0 0 0 0 0 0 0 0 0 0 0 0 0 0 0 0 0 0 0 0 0 0 0 0 0 0 0 0 0 0 0 0 0 0 0 0 0 0 0 0 0 0 0 0 0 0 0 0 0 0 0 0 0 0 0 0 0 0 0 0 0 0 0 0 0 0 0 0 0 0 0 0 0 0 0 0 0 0 0 0 0 0 0 0 0 0 0 0 0 0 0 0 0 0 0 0 0 0 0 0 0 0 0 0 0 0 0 0 0 0 0 0 0 0 0 0 0 0 0 0 0 0 0 0 0 0 0 0 0 0 0 0 0 0 0 0 0 0 0 0 0 0 0 0 0 0 0 0 0 0 0 0 0 0 0 0 0 0 0 0 0 0 0 0 0 0 0 0 0 0 0 0 0 0 0 0 0 0 0 0 0 0 0 0 0 0 0 0 0 0 0 0 0 0 0 0 0 0 0 0 0 0 0 0 0 0 0 0 0 0 0 0 0 0 0 0 0 0 0 0 0 0 0 0 0 0 0 0 0 0 0 0 0 0 0 0 0 0 0 0 0 0 0 0 0 0 0 0 0 0 0 0 0 0 0 0 0 0 0 0 0 0 0 0 0 0 0 0 0 0 0 0 0 0 0 0 0 0 0 0 0 0 0 0 0 0 0 0 0 0 0 0 0 0 0 0 0 0 0 0 0 0 0 0 0 0 0 0 0 0 0 0 0 0 0 0 0 0 0 0 0 0 0 0 0 0 0 0 0 0 0 0 0 0 0 0 0 0 0 0 0 0 0 0 0 0 0 0 0 0 0 0 0 0 0 0 0 0 0 0 0 0 0 0 0 0 0 0 0 0 0 0 0 0 0 0 0 0 0 0 0 0 0 0 0 0 0 0 0 0 0 0 0 0 0 0 0 0 0 0 0 0 0 0 0 0 0 0 0 0 0 0 0 0 0 0 0 0 0 0 0 0 0 0 0 0 0 0 0 0 0 0 0 0 0 0 0 0 0 0 0 0 0 0 0 0 0 0 0 0 0 0 0 0 0 0 0 0 0 0 0 0 0 0 0 0 0 0 0 0 0 0 0 0 0 0 0 0 0 0 0 0 0 0 0 0 0 0 0 0 0 0 0 0 0 0 0 0 0 0 0 0 0 0 0 0 0 0 0 0 0 0 0 0 0 0 0 0 0 0 0 0 0 0 0 0 0 0 0 0 0 0 0 0 0 0 0 0 0 0 0 0 0 0 0 0 0 0 0 0 0 0 0 0 0 0 0 0 0 0 0 0 0 0 0 0 0 0 0 0 0 0 0 0 0 0 0 0 0 0 0 0 0 0 0 0 0 0 0 0 0 0 0 0 0 0 0 0 0 0 0 0 0 0 0 0 0 0 0 0 0 0 0 0 0 0 0 0 0 0 0 0 0 0 0 0 0 0 0 0 0 0 0 0 0 0 0 0 0 0 0 0 0 0 0 0 0 0 0 0 0 0 0 0 0 0 0 0 0 0 0 0 0 0 0 0 0 0 0 0 0 0 0 0 0 0 0 0 0 0 0 0 0 0 0 0 0 0 0 0 0 0 0 0 0 0 0 0 0 0 0 0 0 0 0 0 0 0 0 0 0 0 0 0 0 0 0 0 0 0 0 0 0 0 0 0 0 0 0 0 0 0 0 0 0 0 0 0 0 0 0 0 0 0 0 0 0 0 0 0 0 0 0 0 0 0 0 0 0 0 0 0 0 0 0 0 0 0 0 0 0 0 0 0 0 0 0 0 0 0 0 0 0 0 0 0 0 0 0 0 0 0 0 0 0 0 0 0 0 0 0 0 0 0 0 0 0 0 0 0 0 0 0 0 0 0 0 0 0 0 0 0 0 0 0 0 0 0 0 0 0 0 0 0 0 0 0 0 0 0 0 0 0 0 0 0 0 0 0 0 0 0 0 0 0 0 0 0 0 0 0 0 0 0 0 0 0 0 0 0 0 0 0 0 0 0 0 0 0 0 0 0 0 0 0 0 0 0 0 0 0 0 0 0 0 0 0 0 0 0 0 0 0 0 0 0 0 0 0 0 0 0 0 0 0 0 0 0 0 0 0 0 0 0 0 0 0 0 0 0 0 0 0 0 0 0 0 0 0 0 0 0 0 0 0 0 0 0 0 0 0 0 0 0 0 0 0 0 0 0 0 0 0 0 0 0 0 0 0 0 0 0 0 0 0 0 0 0 0 0 0 0 0 0 0 0 0 0 0 0 0 0 0 0 0 0 0 0 0 0 0 0 0 0 0 0 0 0 0 0 0 0 0 0 0 0 0 0 0 0 0 0 0 0 0 0 0 0 0 0 0 0 0 0 0 0 0 0 0 0 0 0 0 0 0 0 0 0 0 0 0 0 0 0 0 0 0 0 0 0 0 0 0 0 0 0 0 0 0 0 0 0 0 0 0 0 0 0 0 0 0 0 0 0 0 0 0 0 0 0 0 0 0 0 0 0 0 0 0 0 0 0 0 0 0 0 0 0 0 0 0 0 0 0 0 0 0 0 0 0 0 0 0 0 0 0 0 0 0 0 0 0 0 0 0 0 0 0 0 0 0 0 0 0 0 0 0 0 0 0 0 0 0 0 0 0 0 0 0 0 0 0 0 0 0 0 0 0 0 0 0 0 0 0 0 0 0 0 0 0 0 0 0 0 0 0 0 0 0 0 0 0 0 0 0 0 0 0 0 0 0 0 0 0 0 0 0 0 0 0 0 0 0 0 0 0 0 0 0 0 0 0 0 0 0 0 0 0 0 0 0 0 0 0 0 0 0 0 0 0 0 0 0 0 0 0 0 0 0 0 0 0 0 0 0 0 0 0 0 0 0 0 0 0 0 0 0 0 0 0 0 0 0 0 0 0 0 0 0 0 0 0 0 0 0 0 0 0 0 0 0 0 0 0 0 0 0 0 0 0 0 0 0 0 0 0 0 0 0 0 0 0 0 0 0 0 0 0 0 0 0 0 0 0 0 0 0 0 0 0 0 0 0 0 0 0 0 0 0 0 0 0 0 0 0 0 0 0 0 0 0 0 0 0 0 0 0 0 0 0 0 0 0 0 0 0 0 0 0 0 0 0 0 0 0 0 0 0 0 0 0 0 0 0 0 0 0 0 0 0 0 0 0 0 0 0 0 0 0 0 0 0 0 0 0 0 0 0 0 0 0 0 0 0 0 0 0 0 0 0 0 0 0 0 0 0 0 0 0 0 0 0 0 0 0 0 0 0 0 0 0 0 0 0 0 0 0 0 0 0 0 0 0 0 0 0 0 0 0 0 0 0 0 0 0 0 0 0 0 0 0 0 0 0 0 0 0 0 0 0 0 0 0 0 0 0 0 0 0 0 0 0 0 0 0 0 0 0 0 0 0 0 0 0 0 0 0 0 0 0 0 0 0 0 0 0 0 0 0 0 0 0 0 0 0 0 0 0 0 0 0 0 0 0 0 0 0 0 0 0 0 0 0 0 0 0 0 0 0 0 0 0 0 0 0 0 0 0 0 0 0 0 0 0 0 0 0 0 0 0 0 0 0 0 0 0 0 0 0 0 0 0 0 0 0 0 0 0 0 0 0 0 0 0 0 0 0 0 0 0 0 0 0 0 0 0 0 0 0 0 0 0 0 0 0 0 0 0 0 0 0 0 0 0 0 0 0 0 0 0 0 0 0 0 0 0 0 0 0 0 0 0 0 0 0 0 0 0 0 0 0 0 0 0 0 0 0 0 0 0 0 0 0 0 0 0 0 0 0 0 0 0 0 0 0 0 0 0 0 0 0 0 0 0 0 0 0 0 0 0 0 0 0 0 0 0 0 0 0 0 0 0 0 0 0 0 0 0 0 0 0 0 0 0 0 0 0 0 0 0 0 0 0 0 0 0 0 0 0 0 0 0 0 0 0 0 0 0 0 0 0 0 0 0 0 0 0 0 0 0 0 0 0 0 0 0 0 0 0 0 0 0 0 0 0 0 0 0 0 0 0 0 0 0 0 0 0 0 0 0 0 0 0 0 0 0 0 0 0 0 0 0 0 0 0 0 0 0 0 0 0 0 0 0 0 0 0 0 0 0 0 0 0 0 0 0 0 0 0 0 0 0 0 0 0 0 0 0 0 0 0 0 0 0 0 0 0 0 0 0 0 0 0 0 0 0 0 0 0 0 0 0 0 0 0 0 0 0 0 0 0 0 0 0 0 0 0 0 0 0 0 0 0 0 0 0 0 0 0 0 0 0 0 0 0 0 0 0 0 0 0 0 0 0 0 0 0 0 0 0 0 0 0 0 0 0 0 0 0 0 0 0 0 0 0 0 0 0 0 0 0 0 0 0 0 0 0 0 0 0 0 0 0 0 0 0 0 0 0 0 0 0 0 0 0 0 0 0 0 0 0 0 0 0 0 0 0 0 0 0 0 0 0 0 0 0 0 0 0 0 0 0 0 0 0 0 0 0 0 0 0 0 0 0 0 0 0 0 0 0 0 0 0 0 0 0 0 0 0 0 0 0 0 0 0 0 0 0 0 0 0 0 0 0 0 0 0 0 0 0 0 0 0 0 0 0 0 0 0 0 0 0 0 0 0 0 0 0 0 0 0 0 0 0 0 0 0 0 0 0 0 0 0 0 0 0 0 0 0 0 0 0 0 0 0 0 0 0 0 0 0 0 0 0 0 0 0 0 0 0 0 0 0 0 0 0 0 0 0 0 0 0 0 0 0 0 0 0 0 0 0 0 0 0 0 0 0 0 0 0 0 0 0 0 0 0 0 0 0 0 0 0 0 0 0 0 0 0 0 0 0 0 0 0 0 0 0 0 0 0 0 0 0 0 0 0 0 0 0 0 0 0 0 0 0 0 0 0 0 0 0 0 0 0 0 0 0 0 0 0 0 0 0 0 0 0 0 0 0 0 0 0 0 0 0 0 0 0 0 0 0 0 0 0 0 0 0 0 0 0 0 0 0 0 0 0 0 0 0 0 0 0 0 0 0 0 0 0 0 0 0 0 0 0 0 0 0 0 0 0 0 0 0 0 0 0 0 0 0 0 0 0 0 0 0 0 0 0 0 0 0 0 0 0 0 0 0 0 0 0 0 0 0 0 0 0 0 0 0 0 0 0 0 0 0 0 0 0 0 0 0 0 0 0 0 0 0 0 0 0 0 0 0 0 0 0 0 0 0 0 0 0 0 0 0 0 0 0 0 0 0 0 0 0 0 0 0 0 0 0 0 0 0 0 0 0 0 0 0 0 0 0 0 0 0 0 0 0 0 0 0 0 0 0 0 0 0 0 0 0 0 0 0 0 0 0 0 0 0 0 0 0 0 0 0 0 0 0 0 0 0 0 0 0 0 0 0 0 0 0 0 0 0 0 0 0 0 0 0 0 0 0 0 0 0 0 0 0 0 0 0 0 0 0 0 0 0 0 0 0 0 0 0 0 0 0 0 0 0 0 0 0 0 0 0 0 0 0 0 0 0 0 0 0 0 0 0 0 0 0 0 0 0 0 0 0 0 0 0 0 0 0 0 0 0 0 0 0 0 0 0 0 0 0 0 0 0 0 0 0 0 0 0 0 0 0 0 0 0 0 0 0 0 0 0 0 0 0 0 0 0 0 0 0 0 0 0 0 0 0 0 0 0 0 0 0 0 0 0 0 0 0 0 0 0 0 0 0 0 0 0 0 0 0 0 0 0 0 0 0 0 0 0 0 0 0 0 0 0 0 0 0 0 0 0 0 0 0 0 0 0 0 0 0 0 0 0 0 0 0 0 0 0 0 0 0 0 0 0 0 0 0 0 0 0 0 0 0 0 0 0 0 0 0 0 0 0 0 0 0 0 0 0 0 0 0 0 0 0 0 0 0 0 0 0 0 0 0 0 0 0 0 0 0 0 0 0 0 0 0 0 0 0 0 0 0 0 0 0 0 0 0 0 0 0 0 0 0 0 0 0 0 0 0 0 0 0 0 0 0 0 0 0 0 0 0 0 0 0 0 0 0 0 0 0 0 0 0 0 0 0 0 0 0 0 0 0 0 0 0 0 0 0 0 0 0 0 0 0 0 0 0 0 0 0 0 0 0 0 0 0 0 0 0 0 0 0 0 0 0 0 0 0 0 0 0 0 0 0 0 0 0 0 0 0 0 0 0 0 0 0 0 0 0 0 0 0 0 0 0 0 0 0 0 0 0 0 0 0 0 0 0 0 0 0 0 0 0 0 0 0 0 0 0 0 0 0 0 0 0 0 0 0 0 0 0 0 0 0 0 0 0 0 0 0 0 0 0 0 0 0 0 0 0 0 0 0 0 0 0 0 0 0 0 0 0 0 0 0 0 0 0 0 0 0 0 0 0 0 0 0 0 0 0 0 0 0 0 0 0 0 0 0 0 0 0 0 0 0 0 0 0 0 0 0 0 0 0 0 0 0 0 0 0 0 0 0 0 0 0 0 0 0 0 0 0 0 0 0 0 0 0 0 0 0 0 0 0 0 0 0 0 0 0 0 0 0 0 0 0 0 0 0 0 0 0 0 0 0 0 0 0 0 0 0 0 0 0 0 0 0 0 0 0 0 0 0 0 0 0 0 0 0 0 0 0 0 0 0 0 0 0 0 0 0 0 0 0 0 0 0 0 0 0 0 0 0 0 0 0 0 0 0 0 0 0 0 0 0 0 0 0 0 0 0 0 0 0 0 0 0 0 0 0 0 0 0 0 0 0 0 0 0 0 0 0 0 0 0 0 0 0 0 0 0 0 0 0 0 0 0 0 0 0 0 0 0 0 0 0 0 0 0 0 0 0 0 0 0 0 0 0 0 0 0 0 0 0 0 0 0 0 0 0 0 0 0 0 0 0 0 0 0 0 0 0 0 0 0 0 0 0 0 0 0 0 0 0 0 0 0 0 0 0 0 0 0 0 0 0 0 0 0 0 0 0 0 0 0 0 0 0 0 0 0 0 0 0 0 0 0 0 0 0 0 0 0 0 0 0 0 0 0 0 0 0 0 0 0 0 0 0 0 0 0 0 0 0 0 0 0 0 0 0 0 0 0 0 0 0 0 0 0 0 0 0 0 0 0 0 0 0 0 0 0 0 0 0 0 0 0 0 0 0 0 0 0 0 0 0 0 0 0 0 0 0 0 0 0 0 0 0 0 0 0 0 0 0 0 0 0 0 0 0 0 0 0 0 0 0 0 0 0 0 0 0 0 0 0 0 0 0 0 0 0 0 0 0 0 0 0 0 0 0 0 0 0 0 0 0 0 0 0 0 0 0 0 0 0 0 0 0 0 0 0 0 0 0 0 0 0 0 0 0 0 0 0 0 0 0 0 0 0 0 0 0 0 0 0 0 0 0 0 0 0 0 0 0 0 0 0 0 0 0 0 0 0 0 0 0 0 0 0 0 0 0 0 0 0 0 0 0 0 0 0 0 0 0 0 0 0 0 0 0 0 0 0 0 0 0 0 0 0 0 0 0 0 0 0 0 0 0 0 0 0 0 0 0 0 0 0 0 0 0 0 0 0 0 0 0 0 0 0 0 0 0 0 0 0 0 0 0 0 0 0 0 0 0 0 0 0 0 0 0 0 0 0 0 0 0 0 0 0 0 0 0 0 0 0 0 0 0 0 0 0 0 0 0 0 0 0 0 0 0 0 0 0 0 0 0 0 0 0 0 0 0 0 0 0 0 0 0 0 0 0 0 0 0 0 0 0 0 0 0 0 0 0 0 0 0 0 0 0 0 0 0 0 0 0 0 0 0 0 0 0 0 0 0 0 0 0 0 0 0 0 0 0 0 0 0 0 0 0 0 0 0 0 0 0 0 0 0 0 0 0 0 0 0 0 0 0 0 0 0 0 0 0 0 0 0 0 0 0 0 0 0 0 0 0 0 0 0 0 0 0 0 0 0 0 0 0 0 0 0 0 0 0 0 0 0 0 0 0 0 0 0 0 0 0 0 0 0 0 0 0 0 0 0 0 0 0 0 0 0 0 0 0 0 0 0 0 0 0 0 0 0 0 0 0 0 0 0 0 0 0 0 0 0 0 0 0 0 0 0 0 0 0 0 0 0 0 0 0 0 0 0 0 0 0 0 0 0 0 0 0 0 0 0 0 0 0 0 0 0 0 0 0 0 0 0 0 0 0 0 0 0 0 0 0 0 0 0 0 0 0 0 0 0 0 0 0 0 0 0 0 0 0 0 0 0 0 0 0 0 0 0 0 0 0 0 0 0 0 0 0 0 0 0 0 0 0 0 0 0 0 0 0 0 0 0 0 0 0 0 0 0 0 0 0 0 0 0 0 0 0 0 0 0 0 0 0 0 0 0 0 0 0 0 0 0 0 0 0 0 0 0 0 0 0 0 0 0 0 0 0 0 0 0 0 0 0 0 0 0 0 0 0 0 0 0 0 0 0 0 0 0 0 0 0 0 0 0 0 0 0 0 0 0 0 0 0 0 0 0 0 0 0 0 0 0 0 0 0 0 0 0 0 0 0 0 0 0 0 0 0 0 0 0 0 0 0 0 0 0 0 0 0 0 0 0 0 0 0 0 0 0 0 0 0 0 0 0 0 0 0 0 0 0 0 0 0 0 0 0 0 0 0 0 0 0 0 0 0 0 0 0 0 0 0 0 0 0 0 0 0 0 0 0 0 0 0 0 0 0 0 0 0 0 0 0 0 0 0 0 0 0 0 0 0 0 0 0 0 0 0 0 0 0 0 0 0 0 0 0 0 0 0 0 0 0 0 0 0 0 0 0 0 0 0 0 0 0 0 0 0 0 0 0 0 0 0 0 0 0 0 0 0 0 0 0 0 0 0 0 0 0 0 0 0 0 0 0 0 0 0 0 0 0 0 0 0 0 0 0 0 0 0 0 0 0 0 0 0 0 0 0 0 0 0 0 0 0 0 0 0 0 0 0 0 0 0 0 0 0 0 0 0 0 0 0 0 0 0 0 0 0 0 0 0 0 0 0 0 0 0 0 0 0 0 0 0 0 0 0 0 0 0 0 0 0 0 0 0 0 0 0 0 0 0 0 0 0 0 0 0 0 0 0 0 0 0 0 0 0 0 0 0 0 0 0 0 0 0 0 0 0 0 0 0 0 0 0 0 0 0 0 0 0 0 0 0 0 0 0 0 0 0 0 0 0 0 0 0 0 0 0 0 0 0 0 0 0 0 0 0 0 0 0 0 0 0 0 0 0 0 0 0 0 0 0 0 0 0 0 0 0 0 0 0 0 0 0 0 0 0 0 0 0 0 0 0 0 0 0 0 0 0 0 0 0 0 0 0 0 0 0 0 0 0 0 0 0 0 0 0 0 0 0 0 0 0 0 0 0 0 0 0 0 0 0 0 0 0 0 0 0 0 0 0 0 0 0 0 0 0 0 0 0 0 0 0 0 0 0 0 0 0 0 0 0 0 0 0 0 0 0 0 0 0 0 0 0 0 0 0 0 0 0 0 0 0 0 0 0 0 0 0 0 0 0 0 0 0 0 0 0 0 0 0 0 0 0 0 0 0 0 0 0 0 0 0 0 0 0 0 0 0 0 0 0 0 0 0 0 0 0 0 0 0 0 0 0 0 0 0 0 0 0 0 0 0 0 0 0 0 0 0 0 0 0 0 0 0 0 0 0 0 0 0 0 0 0 0 0 0 0 0 0 0 0 0 0 0 0 0 0 0 0 0 0 0 0 0 0 0 0 0 0 0 0 0 0 0 0 0 0 0 0 0 0 0 0 0 0 0 0 0 0 0 0 0 0 0 0 0 0 0 0 0 0 0 0 0 0 0 0 0 0 0 0 0 0 0 0 0 0 0 0 0 0 0 0 0 0 0 0 0 0 0 0 0 0 0 0 0 0 0 0 0 0 0 0 0 0 0 0 0 0 0 0 0 0 0 0 0 0 0 0 0 0 0 0 0 0 0 0 0 0 0 0 0 0 0 0 0 0 0 0 0 0 0 0 0 0 0 0 0 0 0 0 0 0 0 0 0 0 0 0 0 0 0 0 0 0 0 0 0 0 0 0 0 0 0 0 0 0 0 0 0 0 0 0 0 0 0 0 0 0 0 0 0 0 0 0 0 0 0 0 0 0 0 0 0 0 0 0 0 0 0 0 0 0 0 0 0 0 0 0 0 0 0 0 0 0 0 0 0 0 0 0 0 0 0 0 0 0 0 0 0 0 0 0 0 0 0 0 0 0 0 0 0 0 0 0 0 0 0 0 0 0 0 0 0 0 0 0 0 0 0 0 0 0 0 0 0 0 0 0 0 0 0 0 0 0 0 0 0 0 0 0 0 0 0 0 0 0 0 0 0 0 0 0 0 0 0 0 0 0 0 0 0 0 0 0 0 0 0 0 0 0 0 0 0 0 0 0 0 0 0 0 0 0 0 0 0 0 0 0 0 0 0 0 0 0 0 0 0 0 0 0 0 0 0 0 0 0 0 0 0 0 0 0 0 0 0 0 0 0 0 0 0 0 0 0 0 0 0 0 0 0 0 0 0 0 0 0 0 0 0 0 0 0 0 0 0 0 0 0 0 0 0 0 0 0 0 0 0 0 0 0 0 0 0 0 0 0 0 0 0 0 0 0 0 0 0 0 0 0 0 0 0 0 0 0 0 0 0 0 0 0 0 0 0 0 0 0 0 0 0 0 0 0 0 0 0 0 0 0 0 0 0 0 0 0 0 0 0 0 0 0 0 0 0 0 0 0 0 0 0 0 0 0 0 0 0 0 0 0 0 0 0 0 0 0 0 0 0 0 0 0 0 0 0 0 0 0 0 0 0 0 0 0 0 0 0 0 0 0 0 0 0 0 0 0 0 0 0 0 0 0 0 0 0 0 0 0 0 0 0 0 0 0 0 0 0 0 0 0 0 0 0 0 0 0 0 0 0 0 0 0 0 0 0 0 0 0 0 0 0 0 0 0 0 0 0 0 0 0 0 0 0 0 0 0 0 0 0 0 0 0 0 0 0 0 0 0 0 0 0 0 0 0 0 0 0 0 0 0 0 0 0 0 0 0 0 0 0 0 0 0 0 0 0 0 0 0 0 0 0 0 0 0 0 0 0 0 0 0 0 0 0 0 0 0 0 0 0 0 0 0 0 0 0 0 0 0 0 0 0 0 0 0 0 0 0 0 0 0 0 0 0 0 0 0 0 0 0 0 0 0 0 0 0 0 0 0 0 0 0 0 0 0 0 0 0 0 0 0 0 0 0 0 0 0 0 0 0 0 0 0 0 0 0 0 0 0 0 0 0 0 0 0 0 0 0 0 0 0 0 0 0 0 0 0 0 0 0 0 0 0 0 0 0 0 0 0 0 0 0 0 0 0 0 0 0 0 0 0 0 0 0 0 0 0 0 0 0 0 0 0 0 0 0 0 0 0 0 0 0 0 0 0 0 0 0 0 0 0 0 0 0 0 0 0 0 0 0 0 0 0 0 0 0 0 0 0 0 0 0 0 0 0 0 0 0 0 0 0 0 0 0 0 0 0 0 0 0 0 0 0 0 0 0 0 0 0 0 0 0 0 0 0 0 0 0 0 0 0 0 0 0 0 0 0 0 0 0 0 0 0 0 0 0 0 0 0 0 0 0 0 0 0 0 0 0 0 0 0 0 0 0 0 0 0 0 0 0 0 0 0 0 0 0 0 0 0 0 0 0 0 0 0 0 0 0 0 0 0 0 0 0 0 0 0 0 0 0 0 0 0 0 0 0 0 0 0 0 0 0 0 0 0 0 0 0 0 0 0 0 0 0 0 0 0 0 0 0 0 0 0 0 0 0 0 0 0 0 0 0 0 0 0 0 0 0 0 0 0 0 0 0 0 0 0 0 0 0 0 0 0 0 0 0 0 0 0 0 0 0 0 0 0 0 0 0 0 0 0 0 0 0 0 0 0 0 0 0 0 0 0 0 0 0 0 0 0 0 0 0 0 0 0 0 0 0 0 0 0 0 0 0 0 0 0 0 0 0 0 0 0 0 0 0 0 0 0 0 0 0 0 0 0 0 0 0 0 0 0 0 0 0 0 0 0 0 0 0 0 0 0 0 0 0 0 0 0 0 0 0 0 0 0 0 0 0 0 0 0 0 0 0 0 0 0 0 0 0 0 0 0 0 0 0 0 0 0 0 0 0 0 0 0 0 0 0 0 0 0 0 0 0 0 0 0 0 0 0 0 0 0 0 0 0 0 0 0 0 0 0 0 0 0 0 0 0 0 0 0 0 0 0 0 0 0 0 0 0 0 0 0 0 0 0 0 0 0 0 0 0 0 0 0 0 0 0 0 0 0 0 0 0 0 0 0 0 0 0 0 0 0 0 0 0 0 0 0 0 0 0 0 0 0 0 0 0 0 0 0 0 0 0 0 0 0 0 0 0 0 0 0 0 0 0 0 0 0 0 0 0 0 0 0 0 0 0 0 0 0 0 0 0 0 0 0 0 0 0 0 0 0 0 0 0 0 0 0 0 0 0 0 0 0 0 0 0 0 0 0 0 0 0 0 0 0 0 0 0 0 0 0 0 0 0 0 0 0 0 0 0 0 0 0 0 0 0 0 0 0 0 0 0 0 0 0 0 0 0 0 0 0 0 0 0 0 0 0 0 0 0 0 0 0 0 0 0 0 0 0 0 0 0 0 0 0 0 0 0 0 0 0 0 0 0 0 0 0 0 0 0 0 0 0 0 0 0 0 0 0 0 0 0 0 0 0 0 0 0 0 0 0 0 0 0 0 0 0 0 0 0 0 0 0 0 0 0 0 0 0 0 0 0 0 0 0 0 0 0 0 0 0 0 0 0 0 0 0 0 0 0 0 0 0 0 0 0 0 0 0 0 0 0 0 0 0 0 0 0 0 0 0 0 0 0 0 0 0 0 0 0 0 0 0 0 0 0 0 0 0 0 0 0 0 0 0 0 0 0 0 0 0 0 0 0 0 0 0 0 0 0 0 0 0 0 0 0 0 0 0 0 0 0 0 0 0 0 0 0 0 0 0 0 0 0 0 0 0 0 0 0 0 0 0 0 0 0 0 0 0 0 0 0 0 0 0 0 0 0 0 0 0 0 0 0 0 0 0 0 0 0 0 0 0 0 0 0 0 0 0 0 0 0 0 0 0 0 0 0 0 0 0 0 0 0 0 0 0 0 0 0 0 0 0 0 0 0 0 0 0 0 0 0 0 0 0 0 0 0 0 0 0 0 0 0 0 0 0 0 0 0 0 0 0 0 0 0 0 0 0 0 0 0 0 0 0 0 0 0 0 0 0 0 0 0 0 0 0 0 0 0 0 0 0 0 0 0 0 0 0 0 0 0 0 0 0 0 0 0 0 0 0 0 0 0 0 0 0 0 0 0 0 0 0 0 0 0 0 0 0 0 0 0 0 0 0 0 0 0 0 0 0 0 0 0 0 0 0 0 0 0 0 0 0 0 0 0 0 0 0 0 0 0 0 0 0 0 0 0 0 0 0 0 0 0 0 0 0 0 0 0 0 0 0 0 0 0 0 0 0 0 0 0 0 0 0 0 0 0 0 0 0 0 0 0 0 0 0 0 0 0 0 0 0 0 0 0 0 0 0 0 0 0 0 0 0 0 0 0 0 0 0 0 0 0 0 0 0 0 0 0 0 0 0 0 0 0 0 0 0 0 0 0 0 0 0 0 0 0 0 0 0 0 0 0 0 0 0 0 0 0 0 0 0 0 0 0 0 0 0 0 0 0 0 0 0 0 0 0 0 0 0 0 0 0 0 0 0 0 0 0 0 0 0 0 0 0 0 0 0 0 0 0 0 0 0 0 0 0 0 0 0 0 0 0 0 0 0 0 0 0 0 0 0 0 0 0 0 0 0 0 0 0 0 0 0 0 0 0 0 0 0 0 0 0 0 0 0 0 0 0 0 0 0 0 0 0 0 0 0 0 0 0 0 0 0 0 0 0 0 0 0 0 0 0 0 0 0 0 0 0 0 0 0 0 0 0 0 0 0 0 0 0 0 0 0 0 0 0 0 0 0 0 0 0 0 0 0 0 0 0 0 0 0 0 0 0 0 0 0 0 0 0 0 0 0 0 0 0 0 0 0 0 0 0 0 0 0 0 0 0 0 0 0 0 0 0 0 0 0 0 0 0 0 0 0 0 0 0 0 0 0 0 0 0 0 0 0 0 0 0 0 0 0 0 0 0 0 0 0 0 0 0 0 0 0 0 0 0 0 0 0 0 0 0 0 0 0 0 0 0 0 0 0 0 0 0 0 0 0 0 0 0 0 0 0 0 0 0 0 0 0 0 0 0 0 0 0 0 0 0 0 0 0 0 0 0 0 0 0 0 0 0 0 0 0 0 0 0 0 0 0 0 0 0 0 0 0 0 0 0 0 0 0 0 0 0 0 0 0 0 0 0 0 0 0 0 0 0 0 0 0 0 0 0 0 0 0 0 0 0 0 0 0 0 0 0 0 0 0 0 0 0 0 0 0 0 0 0 0 0 0 0 0 0 0 0 0 0 0 0 0 0 0 0 0 0 0 0 0 0 0 0 0 0 0 0 0 0 0 0 0 0 0 0 0 0 0 0 0 0 0 0 0 0 0 0 0 0 0 0 0 0 0 0 0 0 0 0 0 0 0 0 0 0 0 0 0 0 0 0 0 0 0 0 0 0 0 0 0 0 0 0 0 0 0 0 0 0 0 0 0 0 0 0 0 0 0 0 0 0 0 0 0 0 0 0 0 0 0 0 0 0 0 0 0 0 0 0 0 0 0 0 0 0 0 0 0 0 0 0 0 0 0 0 0 0 0 0 0 0 0 0 0 0 0 0 0 0 0 0 0 0 0 0 0 0 0 0 0 0 0 0 0 0 0 0 0 0 0 0 0 0 0 0 0 0 0 0 0 0 0 0 0 0 0 0 0 0 0 0 0 0 0 0 0 0 0 0 0 0 0 0 0 0 0 0 0 0 0 0 0 0 0 0 0 0 0 0 0 0 0 0 0 0 0 0 0 0 0 0 0 0 0 0 0 0 0 0 0 0 0 0 0 0 0 0 0 0 0 0 0 0 0 0 0 0 0 0 0 0 0 0 0 0 0 0 0 0 0 0 0 0 0 0 0 0 0 0 0 0 0 0 0 0 0 0 0 0 0 0 0 0 0 0 0 0 0 0 0 0 0 0 0 0 0 0 0 0 0 0 0 0 0 0 0 0 0 0 0 0 0 0 0 0 0 0 0 0 0 0 0 0 0 0 0 0 0 0 0 0 0 0 0 0 0 0 0 0 0 0 0 0 0 0 0 0 0 0 0 0 0 0 0 0 0 0 0 0 0 0 0 0 0 0 0 0 0 0 0 0 0 0 0 0 0 0 0 0 0 0 0 0 0 0 0 0 0 0 0 0 0 0 0 0 0 0 0 0 0 0 0 0 0 0 0 0 0 0 0 0 0 0 0 0 0 0 0 0 0 0 0 0 0 0 0 0 0 0 0 0 0 0 0 0 0 0 0 0 0 0 0 0 0 0 0 0 0 0 0 0 0 0 0 0 0 0 0 0 0 0 0 0 0 0 0 0 0 0 0 0 0 0 0 0 0 0 0 0 0 0 0 0 0 0 0 0 0 0 0 0 0 0 0 0 0 0 0 0 0 0 0 0 0 0 0 0 0 0 0 0 0 0 0 0 0 0 0 0 0 0 0 0 0 0 0 0 0 0 0 0 0 0 0 0 0 0 0 0 0 0 0 0 0 0 0 0 0 0 0 0 0 0 0 0 0 0 0 0 0 0 0 0 0 0 0 0 0 0 0 0 0 0 0 0 0 0 0 0 0 0 0 0 0 0 0 0 0 0 0 0 0 0 0 0 0 0 0 0 0 0 0 0 0 0 0 0 0 0 0 0 0 0 0 0 0 0 0 0 0 0 0 0 0 0 0 0 0 0 0 0 0 0 0 0 0 0 0 0 0 0 0 0 0 0 0 0 0 0 0 0 0 0 0 0 0 0 0 0 0 0 0 0 0 0 0 0 0 0 0 0 0 0 0 0 0 0 0 0 0 0 0 0 0 0 0 0 0 0 0 0 0 0 0 0 0 0 0 0 0 0 0 0 0 0 0 0 0 0 0 0 0 0 0 0 0 0 0 0 0 0 0 0 0 0 0 0 0 0 0 0 0 0 0 0 0 0 0 0 0 0 0 0 0 0 0 0 0 0 0 0 0 0 0 0 0 0 0 0 0 0 0 0 0 0 0 0 0 0 0 0 0 0 0 0 0 0 0 0 0 0 0 0 0 0 0 0 0 0 0 0 0 0 0 0 0 0 0 0 0 0 0 0 0 0 0 0 0 0 0 0 0 0 0 0 0 0 0 0 0 0 0 0 0 0 0 0 0 0 0 0 0 0 0 0 0 0 0 0 0 0 0 0 0 0 0 0 0 0 0 0 0 0 0 0 0 0 0 0 0 0 0 0 0 0 0 0 0 0 0 0 0 0 0 0 0 0 0 0 0 0 0 0 0 0 0 0 0 0 0 0 0 0 0 0 0 0 0 0 0 0 0 0 0 0 0 0 0 0 0 0 0 0 0 0 0 0 0 0 0 0 0 0 0 0 0 0 0 0 0 0 0 0 0 0 0 0 0 0 0 0 0 0 0 0 0 0 0 0 0 0 0 0 0 0 0 0 0 0 0 0 0 0 0 0 0 0 0 0 0 0 0 0 0 0 0 0 0 0 0 0 0 0 0 0 0 0 0 0 0 0 0 0 0 0 0 0 0 0 0 0 0 0 0 0 0 0 0 0 0 0 0 0 0 0 0 0 0 0 0 0 0 0 0 0 0 0 0 0 0 0 0 0 0 0 0 0 0 0 0 0 0 0 0 0 0 0 0 0 0 0 0 0 0 0 0 0 0 0 0 0 0 0 0 0 0 0 0 0 0 0 0 0 0 0 0 0 0 0 0 0 0 0 0 0 0 0 0 0 0 0 0 0 0 0 0 0 0 0 0 0 0 0 0 0 0 0 0 0 0 0 0 0 0 0 0 0 0 0 0 0 0 0 0 0 0 0 0 0 0 0 0 0 0 0 0 0 0 0 0 0 0 0 0 0 0 0 0 0 0 0 0 0 0 0 0 0 0 0 0 0 0 0 0 0 0 0 0 0 0 0 0 0 0 0 0 0 0 0 0 0 0 0 0 0 0 0 0 0 0 0 0 0 0 0 0 0 0 0 0 0 0 0 0 0 0 0 0 0 0 0 0 0 0 0 0 0 0 0 0 0 0 0 0 0 0 0 0 0 0 0 0 0 0 0 0 0 0 0 0 0 0 0 0 0 0 0 0 0 0 0 0 0 0 0 0 0 0 0 0 0 0 0 0 0 0 0 0 0 0 0 0 0 0 0 0 0 0 0 0 0 0 0 0 0 0 0 0 0 0 0 0 0 0 0 0 0 0 0 0 0 0 0 0 0 0 0 0 0 0 0 0 0 0 0 0 0 0 0 0 0 0 0 0 0 0 0 0 0 0 0 0 0 0 0 0 0 0 0 0 0 0 0 0 0 0 0 0 0 0 0 0 0 0 0 0 0 0 0 0 0 0 0 0 0 0 0 0 0 0 0 0 0 0 0 0 0 0 0 0 0 0 0 0 0 0 0 0 0 0 0 0 0 0 0 0 0 0 0 0 0 0 0 0 0 0 0 0 0 0 0 0 0 0 0 0 0 0 0 0 0 0 0 0 0 0 0 0 0 0 0 0 0 0 0 0 0 0 0 0 0 0 0 0 0 0 0 0 0 0 0 0 0 0 0 0 0 0 0 0 0 0 0 0 0 0 0 0 0 0 0 0 0 0 0 0 0 0 0 0 0 0 0 0 0 0 0 0 0 0 0 0 0 0 0 0 0 0 0 0 0 0 0 0 0 0 0 0 0 0 0 0 0 0 0 0 0 0 0 0 0 0 0 0 0 0 0 0 0 0 0 0 0 0 0 0 0 0 0 0 0 0 0 0 0 0 0 0 0 0 0 0 0 0 0 0 0 0 0 0 0 0 0 0 0 0 0 0 0 0 0 0 0 0 0 0 0 0 0 0 0 0 0 0 0 0 0 0 0 0 0 0 0 0 0 0 0 0 0 0 0 0 0 0 0 0 0 0 0 0 0 0 0 0 0 0 0 0 0 0 0 0 0 0 0 0 0 0 0 0 0 0 0 0 0 0 0 0 0 0 0 0 0 0 0 0 0 0 0 0 0 0 0 0 0 0 0 0 0 0 0 0 0 0 0 0 0 0 0 0 0 0 0 0 0 0 0 0 0 0 0 0 0 0 0 0 0 0 0 0 0 0 0 0 0 0 0 0 0 0 0 0 0 0 0 0 0 0 0 0 0 0 0 0 0 0 0 0 0 0 0 0 0 0 0 0 0 0 0 0 0 0 0 0 0 0 0 0 0 0 0 0 0 0 0 0 0 0 0 0 0 0 0 0 0 0 0 0 0 0 0 0 0 0 0 0 0 0 0 0 0 0 0 0 0 0 0 0 0 0 0 0 0 0 0 0 0 0 0 0 0 0 0 0 0 0 0 0 0 0 0 0 0 0 0 0 0 0 0 0 0 0 0 0 0 0 0 0 0 0 0 0 0 0 0 0 0 0 0 0 0 0 0 0 0 0 0 0 0 0 0 0 0 0 0 0 0 0 0 0 0 0 0 0 0 0 0 0 0 0 0 0 0 0 0 0 0 0 0 0 0 0 0 0 0 0 0 0 0 0 0 0 0 0 0 0 0 0 0 0 0 0 0 0 0 0 0 0 0 0 0 0 0 0 0 0 0 0 0 0 0 0 0 0 0 0 0 0 0 0 0 0 0 0 0 0 0 0 0 0 0 0 0 0 0 0 0 0 0 0 0 0 0 0 0 0 0 0 0 0 0 0 0 0 0 0 0 0 0 0 0 0 0 0 0 0 0 0 0 0 0 0 0 0 0 0 0 0 0 0 0 0 0 0 0 0 0 0 0 0 0 0 0 0 0 0 0 0 0 0 0 0 0 0 0 0 0 0 0 0 0 0 0 0 0 0 0 0 0 0 0 0 0 0 0 0 0 0 0 0 0 0 0 0 0 0 0 0 0 0 0 0 0 0 0 0 0 0 0 0 0 0 0 0 0 0 0 0 0 0 0 0 0 0 0 0 0 0 0 0 0 0 0 0 0 0 0 0 0 0 0 0 0 0 0 0 0 0 0 0 0 0 0 0 0 0 0 0 0 0 0 0 0 0 0 0 0 0 0 0 0 0 0 0 0 0 0 0 0 0 0 0 0 0 0 0 0 0 0 0 0 0 0 0 0 0 0 0 0 0 0 0 0 0 0 0 0 0 0 0 0 0 0 0 0 0 0 0 0 0 0 0 0 0 0 0 0 0 0 0 0 0 0 0 0 0 0 0 0 0 0 0 0 0 0 0 0 0 0 0 0 0 0 0 0 0 0 0 0 0 0 0 0 0 0 0 0 0 0 0 0 0 0 0 0 0 0 0 0 0 0 0 0 0 0 0 0 0 0 0 0 0 0 0 0 0 0 0 0 0 0 0 0 0 0 0 0 0 0 0 0 0 0 0 0 0 0 0 0 0 0 0 0 0 0 0 0 0 0 0 0 0 0 0 0 0 0 0 0 0 0 0 0 0 0 0 0 0 0 0 0 0 0 0 0 0 0 0 0 0 0 0 0 0 0 0 0 0 0 0 0 0 0 0 0 0 0 0 0 0 0 0 0 0 0 0 0 0 0 0 0 0 0 0 0 0 0 0 0 0 0 0 0 0 0 0 0 0 0 0 0 0 0 0 0 0 0 0 0 0 0 0 0 0 0 0 0 0 0 0 0 0 0 0 0 0 0 0 0 0 0 0 0 0 0 0 0 0 0 0 0 0 0 0 0 0 0 0 0 0 0 0 0 0 0 0 0 0 0 0 0 0 0 0 0 0 0 0 0 0 0 0 0 0 0 0 0 0 0 0 0 0 0 0 0 0 0 0 0 0 0 0 0 0 0 0 0 0 0 0 0 0 0 0 0 0 0 0 0 0 0 0 0 0 0 0 0 0 0 0 0 0 0 0 0 0 0 0 0 0 0 0 0 0 0 0 0 0 0 0 0 0 0 0 0 0 0 0 0 0 0 0 0 0 0 0 0 0 0 0 0 0 0 0 0 0 0 0 0 0 0 0 0 0 0 0 0 0 0 0 0 0 0 0 0 0 0 0 0 0 0 0 0 0 0 0 0 0 0 0 0 0 0 0 0 0 0 0 0 0 0 0 0 0 0 0 0 0 0 0 0 0 0 0 0 0 0 0 0 0 0 0 0 0 0 0 0 0 0 0 0 0 0 0 0 0 0 0 0 0 0 0 0 0 0 0 0 0 0 0 0 0 0 0 0 0 0 0 0 0 0 0 0 0 0 0 0 0 0 0 0 0 0 0 0 0 0 0 0 0 0 0 0 0 0 0 0 0 0 0 0 0 0 0 0 0 0 0 0 0 0 0 0 0 0 0 0 0 0 0 0 0 0 0 0 0 0 0 0 0 0 0 0 0 0 0 0 0 0 0 0 0 0 0 0 0 0 0 0 0 0 0 0 0 0 0 0 0 0 0 0 0 0 0 0 0 0 0 0 0 0 0 0 0 0 0 0 0 0 0 0 0 0 0 0 0 0 0 0 0 0 0 0 0 0 0 0 0 0 0 0 0 0 0 0 0 0 0 0 0 0 0 0 0 0 0 0 0 0 0 0 0 0 0 0 0 0 0 0 0 0 0 0 0 0 0 0 0 0 0 0 0 0 0 0 0 0 0 0 0 0 0 0 0 0 0 0 0 0 0 0 0 0 0 0 0 0 0 0 0 0 0 0 0 0 0 0 0 0 0 0 0 0 0 0 0 0 0 0 0 0 0 0 0 0 0 0 0 0 0 0 0 0 0 0 0 0 0 0 0 0 0 0 0 0 0 0 0 0 0 0 0 0 0 0 0 0 0 0 0 0 0 0 0 0 0 0 0 0 0 0 0 0 0 0 0 0 0 0 0 0 0 0 0 0 0 0 0 0 0 0 0 0 0 0 0 0 0 0 0 0 0 0 0 0 0 0 0 0 0 0 0 0 0 0 0 0 0 0 0 0 0 0 0 0 0 0 0 0 0 0 0 0 0 0 0 0 0 0 0 0 0 0 0 0 0 0 0 0 0 0 0 0 0 0 0 0 0 0 0 0 0 0 0 0 0 0 0 0 0 0 0 0 0 0 0 0 0 0 0 0 0 0 0 0 0 0 0 0 0 0 0 0 0 0 0 0 0 0 0 0 0 0 0 0 0 0 0 0 0 0 0 0 0 0 0 0 0 0 0 0 0 0 0 0 0 0 0 0 0 0 0 0 0 0 0 0 0 0 0 0 0 0 0 0 0 0 0 0 0 0 0 0 0 0 0 0 0 0 0 0 0 0 0 0 0 0 0 0 0 0 0 0 0 0 0 0 0 0 0 0 0 0 0 0 0 0 0 0 0 0 0 0 0 0 0 0 0 0 0 0 0 0 0 0 0 0 0 0 0 0 0 0 0 0 0 0 0 0 0 0 0 0 0 0 0 0 0 0 0 0 0 0 0 0 0 0 0 0 0 0 0 0 0 0 0 0 0 0 0 0 0 0 0 0 0 0 0 0 0 0 0 0 0 0 0 0 0 0 0 0 0 0 0 0 0 0 0 0 0 0 0 0 0 0 0 0 0 0 0 0 0 0 0 0 0 0 0 0 0 0 0 0 0 0 0 0 0 0 0 0 0 0 0 0 0 0 0 0 0 0 0 0 0 0 0 0 0 0 0 0 0 0 0 0 0 0 0 0 0 0 0 0 0 0 0 0 0 0 0 0 0 0 0 0 0 0 0 0 0 0 0 0 0 0 0 0 0 0 0 0 0 0 0 0 0 0 0 0 0 0 0 0 0 0 0 0 0 0 0 0 0 0 0 0 0 0 0 0 0 0 0 0 0 0 0 0 0 0 0 0 0 0 0 0 0 0 0 0 0 0 0 0 0 0 0 0 0 0 0 0 0 0 0 0 0 0 0 0 0 0 0 0 0 0 0 0 0 0 0 0 0 0 0 0 0 0 0 0 0 0 0 0 0 0 0 0 0 0 0 0 0 0 0 0 0 0 0 0 0 0 0 0 0 0 0 0 0 0 0 0 0 0 0 0 0 0 0 0 0 0 0 0 0 0 0 0 0 0 0 0 0 0 0 0 0 0 0 0 0 0 0 0 0 0 0 0 0 0 0 0 0 0 0 0 0 0 0 0 0 0 0 0 0 0 0 0 0 0 0 0 0 0 0 0 0 0 0 0 0 0 0 0 0 0 0 0 0 0 0 0 0 0 0 0 0 0 0 0 0 0 0 0 0 0 0 0 0 0 0 0 0 0 0 0 0 0 0 0 0 0 0 0 0 0 0 0 0 0 0 0 0 0 0 0 0 0 0 0 0 0 0 0 0 0 0 0 0 0 0 0 0 0 0 0 0 0 0 0 0 0 0 0 0 0 0 0 0 0 0 0 0 0 0 0 0 0 0 0 0 0 0 0 0 0 0 0 0 0 0 0 0 0 0 0 0 0 0 0 0 0 0 0 0 0 0 0 0 0 0 0 0 0 0 0 0 0 0 0 0 0 0 0 0 0 0 0 0 0 0 0 0 0 0 0 0 0 0 0 0 0 0 0 0 0 0 0 0 0 0 0 0 0 0 0 0 0 0 0 0 0 0 0 0 0 0 0 0 0 0 0 0 0 0 0 0 0 0 0 0 0 0 0 0 0 0 0 0 0 0 0 0 0 0 0 0 0 0 0 0 0 0 0 0 0 0 0 0 0 0 0 0 0 0 0 0 0 0 0 0 0 0 0 0 0 0 0 0 0 0 0 0 0 0 0 0 0 0 0 0 0 0 0 0 0 0 0 0 0 0 0 0 0 0 0 0 0 0 0 0 0 0 0 0 0 0 0 0 0 0 0 0 0 0 0 0 0 0 0 0 0 0 0 0 0 0 0 0 0 0 0 0 0 0 0 0 0 0 0 0 0 0 0 0 0 0 0 0 0 0 0 0 0 0 0 0 0 0 0 0 0 0 0 0 0 0 0 0 0 0 0 0 0 0 0 0 0 0 0 0 0 0 0 0 0 0 0 0 0 0 0 0 0 0 0 0 0 0 0 0 0 0 0 0 0 0 0 0 0 0 0 0 0 0 0 0 0 0 0 0 0 0 0 0 0 0 0 0 0 0 0 0 0 0 0 0 0 0 0 0 0 0 0 0 0 0 0 0 0 0 0 0 0 0 0 0 0 0 0 0 0 0 0 0 0 0 0 0 0 0 0 0 0 0 0 0 0 0 0 0 0 0 0 0 0 0 0 0 1 1 1 1 1 1 1 1 1 1 1 1 1 1 1 1 1 1 1 1 1 1 1 1 1 1 1 1 1 1 1 1 1 1 1 1 1 1 1 1 1 1 1 1 1 1 1 1 1 1 1 1 1 1 1 1 1 1 1 1 1 1 1 1 1 1 1 1 1 1 1 1 1 1 1 1 1 1 1 1 1 1 1 1 1 1 1 1 1 1 1 1 1 1 1 1 1 1 1 1 1 1 1 1 1 1 1 1 1 1 1 1 1 1 1 1 1 1 1 1 1 1 1 1 1 1 1 1 1 1 1 1 1 1 1 1 1 1 1 1 1 1 1 1 1 1 1 1 1 1 1 1 1 1 1 1 1 1 1 1 1 1 1 1 1 1 1 1 1 1 1 1 1 1 1 1 1 1 1 1 1 1 1 1 1 1 1 1 1 1 1 1 1 1 1 1 1 1 1 1 1 1 1 1 1 1 1 1 1 1 1 1 1 1 1 1 1 1 1 1 1 1 1 1 1 1 1 1 1 1 1 1 1 1 1 1 1 1 1 1 1 1 1 1 1 1 1 1 1 1 1 1 1 1 1 1 1 1 1 1 1 1 1 1 1 1 1 1 1 1 1 1 1 1 1 1 1 1 1 1 1 1 1 1 1 1 1 1 1 1 1 1 1 1 1 1 1 1 1 1 1 1 1 1 1 1 1 1 1 1 1 1 1 1 1 1 1 1 1 1 1 1 1 1 1 1 1 1 1 1 1 1 1 1 1 1 1 1 1 1 1 1 1 1 1 1 1 1 1 1 1 1 1 1 1 1 1 1 1 1 1 1 1 1 1 1 1 1 1 1 1 1 1 1 1 1 1 1 1 1 1 1 1 1 1 1 1 1 1 1 1 1 1 1 1 1 1 1 1 1 1 1 1 1 1 1 1 1 1 1 1 1 1 1 1 1 1 1 0 0 0 0 0 0 0 0 0 0 0 0 0 0 0 0 0 0 0 0 0 0 0 0 0 0 0 0 0 0 0 0 0 0 0 0 0 0 0 0 0 0 0 0 0 0 0 0 0 0 0 0 0 0 0 0 0 0 0 0 0 0 0 0 0 0 0 0 0 0 0 0 0 0 0 0 0 0 0 0 0 0 0 0 0 0 0 0 0 0 0 0 0 0 0 0 0 0 0 0 0 0 0 0 0 0 0 0 0 0 0 0 0 0 0 0 0 0 0 0 0 0 0 0 0 0 0 0 0 0 0 0 0 0 0 0 0 0 0 0 0 0 0 0 0 0 0 0 0 0 0 0 0 0 0 0 0 0 0 0 0 0 0 0 0 0 0 0 0 0 0 0 0 0 0 0 0 0 0 0 0 0 0 0
</DataArray>
<DataArray type="Float32" Name="electron_density" format="ascii">
0.4580 0.4580 0.4580 0.4580 0.4580 0.4580 0.4580 0.4580 0.4580 0.4580 0.4580 0.4580 0.4580 0.4580 0.4580 0.4580 0.4580 0.4580 0.4580 0.4580 0.4580 0.4580 0.4580 0.4580 0.4580 0.4580 0.4580 0.4580 0.4580 0.4580 0.4580 0.4580 0.4580 0.4580 0.4580 0.4580 0.4580 0.4580 0.4580 0.4580 0.4580 0.4580 0.4580 0.4580 0.4580 0.4580 0.4580 0.4580 0.4580 0.4580 0.4580 0.4580 0.4580 0.4580 0.4580 0.4580 0.4580 0.4580 0.4580 0.4580 0.4580 0.4580 0.4580 0.4580 0.4580 0.4580 0.4580 0.4580 0.4580 0.4580 0.4580 0.4580 0.4580 0.4580 0.4580 0.4580 0.4580 0.4580 0.4580 0.4580 0.4580 0.4580 0.4580 0.4580 0.4580 0.4580 0.4580 0.4580 0.4580 0.4580 0.4580 0.4580 0.4580 0.4580 0.4580 0.4580 0.4580 0.4580 0.4580 0.4580 0.4580 0.4580 0.4580 0.4580 0.4580 0.4580 0.4580 0.4580 0.4580 0.4580 0.4580 0.4580 0.4580 0.4580 0.4580 0.4580 0.4580 0.4580 0.4580 0.4580 0.4580 0.4580 0.4580 0.4580 0.4580 0.4580 0.4580 0.4580 0.4580 0.4580 0.4580 0.4580 0.4580 0.4580 0.4580 0.4580 0.4580 0.4580 0.4580 0.4580 0.4580 0.4580 0.4580 0.4580 0.4580 0.4580 0.4580 0.4580 0.4580 0.4580 0.4580 0.4580 0.4580 0.4580 0.4580 0.4580 0.4580 0.4580 0.4580 0.4580 0.4580 0.4580 0.4580 0.4580 0.4580 0.4580 0.4580 0.4580 0.4580 0.4580 0.4580 0.4580 0.4580 0.4580 0.4580 0.4580 0.4580 0.4580 0.4580 0.4580 0.4580 0.4580 0.4580 0.4580 0.4580 0.4580 0.4580 0.4580 0.4580 0.4580 0.4580 0.4580 0.4580 0.4580 0.4580 0.4580 0.4580 0.4580 0.4580 0.4580 0.4580 0.4580 0.4580 0.4580 0.4580 0.4580 0.4580 0.4580 0.4580 0.4580 0.4580 0.4580 0.4580 0.4580 0.4580 0.4580 0.4580 0.4580 0.4580 0.4580 0.4580 0.4580 0.4580 0.4580 0.4580 0.4580 0.4580 0.4580 0.4580 0.4580 0.4580 0.4580 0.4580 0.4580 0.4580 0.4580 0.4580 0.4580 0.4580 0.4580 0.4580 0.4580 0.4580 0.4580 0.4580 0.4580 0.4580 0.4580 0.4580 0.4580 0.4580 0.4580 0.4580 0.4580 0.4580 0.4580 0.4580 0.4580 0.4580 0.4580 0.4580 0.4580 0.4580 0.4580 0.4580 0.4580 0.4580 0.4580 0.4580 0.4580 0.4580 0.4580 0.4580 0.4580 0.4580 0.4580 0.4580 0.4580 0.4580 0.4580 0.4580 0.4580 0.4580 0.4580 0.4580 0.4580 0.4580 0.4580 0.4580 0.4580 0.4580 0.4580 0.4580 0.4580 0.4580 0.4580 0.4580 0.4580 0.4580 0.4580 0.4580 0.4580 0.4580 0.4580 0.4580 0.4580 0.4580 0.4580 0.4580 0.4580 0.4580 0.4580 0.4580 0.4580 0.4580 0.4580 0.4580 0.4580 0.4580 0.4580 0.4580 0.4580 0.4580 0.4580 0.4580 0.4580 0.4580 0.4580 0.4580 0.4580 0.4580 0.4580 0.4580 0.4580 0.4580 0.4580 0.4580 0.4580 0.4580 0.4580 0.4580 0.4580 0.4580 0.4580 0.4580 0.4580 0.4580 0.4580 0.4580 0.4580 0.4580 0.4580 0.4580 0.4580 0.4580 0.4580 0.4580 0.4580 0.4580 0.4580 0.4580 0.4580 0.4580 0.4580 0.4580 0.4580 0.4580 0.4580 0.4580 0.4580 0.4580 0.4580 0.4580 0.4580 0.4580 0.4580 0.4580 0.4580 0.4580 0.4580 0.4580 0.4580 0.4580 0.4580 0.4580 0.4580 0.4580 0.4580 0.4580 0.4580 0.4580 0.4580 0.4580 0.4580 0.4580 0.4580 0.4580 0.4580 0.4580 0.4580 0.4580 0.4580 0.4580 0.4580 0.4580 0.4580 0.4580 0.4580 0.4580 0.4580 0.4580 0.4580 0.4580 0.4580 0.4580 0.4580 0.4580 0.4580 0.4580 0.4580 0.4580 0.4580 0.4580 0.4580 0.4580 0.4580 0.4580 0.4580 0.4580 0.4580 0.4580 0.4580 0.4580 0.4580 0.4580 0.4580 0.4580 0.4580 0.4580 0.4580 0.4580 0.4580 0.4580 0.4580 0.4580 0.4580 0.4580 0.4580 0.4580 0.4580 0.4580 0.4580 0.4580 0.4580 0.4580 0.4580 0.4580 0.4580 0.4580 0.4580 0.4580 0.4580 0.4580 0.4580 0.4580 0.4580 0.4580 0.4580 0.4580 0.4580 0.4580 0.4580 0.4580 0.4580 0.4580 0.4580 0.4580 0.4580 0.4580 0.4580 0.4580 0.4580 0.4580 0.4580 0.4580 0.4580 0.4580 0.4580 0.4580 0.4580 0.4580 0.4580 0.4580 0.4580 0.4580 0.4580 0.4580 0.4580 0.4580 0.4580 0.4580 0.4580 0.4580 0.4580 0.4580 0.4580 0.4580 0.4580 0.4580 0.4580 0.4580 0.4580 0.4580 0.4580 0.4580 0.4580 0.4580 0.4580 0.4580 0.4580 0.4580 0.4580 0.4580 0.4580 0.4580 0.4580 0.4580 0.4580 0.4580 0.4580 0.4580 0.4580 0.4580 0.4580 0.4580 0.4580 0.4580 0.4580 0.4580 0.4580 0.4580 0.4580 0.4580 0.4580 0.4580 0.4580 0.4580 0.4580 0.4580 0.4580 0.4580 0.4580 0.4580 0.4580 0.4580 0.4580 0.4580 0.4580 0.4580 0.4580 0.4580 0.4580 0.4580 0.4580 0.4580 0.4580 0.4580 0.4580 0.4580 0.4580 0.4580 0.4580 0.4580 0.4580 0.4580 0.4580 0.4580 0.4580 0.4580 0.4580 0.4580 0.4580 0.4580 0.4580 0.4580 0.4580 0.4580 0.4580 0.4580 0.4580 0.4580 0.4580 0.4580 0.4580 0.4580 0.4580 0.4580 0.4580 0.4580 0.4580 0.4580 0.4580 0.4580 0.4580 0.4580 0.4580 0.4580 0.4580 0.4580 0.4580 0.4580 0.4580 0.4580 0.4580 0.4580 0.4580 0.4580 0.4580 0.4580 0.4580 0.4580 0.4580 0.4580 0.4580 0.4580 0.4580 0.4580 0.4580 0.4580 0.4580 0.4580 0.4580 0.4580 0.4580 0.4580 0.4580 0.4580 0.4580 0.4580 0.4580 0.4580 0.4580 0.4580 0.4580 0.4580 0.4580 0.4580 0.4580 0.4580 0.4580 0.4580 0.4580 0.4580 0.4580 0.4580 0.4580 0.4580 0.4580 0.4580 0.4580 0.4580 0.4580 0.4580 0.4580 0.4580 0.4580 0.4580 0.4580 0.4580 0.4580 0.4580 0.4580 0.4580 0.4580 0.4580 0.4580 0.4580 0.4580 0.4580 0.4580 0.4580 0.4580 0.4580 0.4580 0.4580 0.4580 0.4580 0.4580 0.4580 0.4580 0.4580 0.4580 0.4580 0.4580 0.4580 0.4580 0.4580 0.4580 0.4580 0.4580 0.4580 0.4580 0.4580 0.4580 0.4580 0.4580 0.4580 0.4580 0.4580 0.4580 0.4580 0.4580 0.4580 0.4580 0.4580 0.4580 0.4580 0.4580 0.4580 0.4580 0.4580 0.4580 0.4580 0.4580 0.4580 0.4580 0.4580 0.4580 0.4580 0.4580 0.4580 0.4580 0.4580 0.4580 0.4580 0.4580 0.4580 0.4580 0.4580 0.4580 0.4580 0.4580 0.4580 0.4580 0.4580 0.4580 0.4580 0.4580 0.4580 0.4580 0.4580 0.4580 0.4580 0.4580 0.4580 0.4580 0.4580 0.4580 0.4580 0.4580 0.4580 0.4580 0.4580 0.4580 0.4580 0.4580 0.4580 0.4580 0.4580 0.4580 0.4580 0.4580 0.4580 0.4580 0.4580 0.4580 0.4580 0.4580 0.4580 0.4580 0.4580 0.4580 0.4580 0.4580 0.4580 0.4580 0.4580 0.4580 0.4580 0.4580 0.4580 0.4580 0.4580 0.4580 0.4580 0.4580 0.4580 0.4580 0.4580 0.4580 0.4580 0.4580 0.4580 0.4580 0.4580 0.4580 0.4580 0.4580 0.4580 0.4580 0.4580 0.4580 0.4580 0.4580 0.4580 0.4580 0.4580 0.4580 0.4580 0.4580 0.4580 0.4580 0.4580 0.4580 0.4580 0.4580 0.4580 0.4580 0.4580 0.4580 0.4580 0.4580 0.4580 0.4580 0.4580 0.4580 0.4580 0.4580 0.4580 0.4580 0.4580 0.4580 0.4580 0.4580 0.4580 0.4580 0.4580 0.4580 0.4580 0.4580 0.4580 0.4580 0.4580 0.4580 0.4580 0.4580 0.4580 0.4580 0.4580 0.4580 0.4580 0.4580 0.4580 0.4580 0.4580 0.4580 0.4580 0.4580 0.4580 0.4580 0.4580 0.4580 0.4580 0.4580 0.4580 0.4580 0.4580 0.4580 0.4580 0.4580 0.4580 0.4580 0.4580 0.4580 0.4580 0.4580 0.4580 0.4580 0.4580 0.4580 0.4580 0.4580 0.4580 0.4580 0.4580 0.4580 0.4580 0.4580 0.4580 0.4580 0.4580 0.4580 0.4580 0.4580 0.4580 0.4580 0.4580 0.4580 0.4580 0.4580 0.4580 0.4580 0.4580 0.4580 0.4580 0.4580 0.4580 0.4580 0.4580 0.4580 0.4580 0.4580 0.4580 0.4580 0.4580 0.4580 0.4580 0.4580 0.4580 0.4580 0.4580 0.4580 0.4580 0.4580 0.4580 0.4580 0.4580 0.4580 0.4580 0.4580 0.4580 0.4580 0.4580 0.4580 0.4580 0.4580 0.4580 0.4580 0.4580 0.4580 0.4580 0.4580 0.4580 0.4580 0.4580 0.4580 0.4580 0.4580 0.4580 0.4580 0.4580 0.4580 0.4580 0.4580 0.4580 0.4580 0.4580 0.4580 0.4580 0.4580 0.4580 0.4580 0.4580 0.4580 0.4580 0.4580 0.4580 0.4580 0.4580 0.4580 0.4580 0.4580 0.4580 0.4580 0.4580 0.4580 0.4580 0.4580 0.4580 0.4580 0.4580 0.4580 0.4580 0.4580 0.4580 0.4580 0.4580 0.4580 0.4580 0.4580 0.4580 0.4580 0.4580 0.4580 0.4580 0.4580 0.4580 0.4580 0.4580 0.4580 0.4580 0.4580 0.4580 0.4580 0.4580 0.4580 0.4580 0.4580 0.4580 0.4580 0.4580 0.4580 0.4580 0.4580 0.4580 0.4580 0.4580 0.4580 0.4580 0.4580 0.4580 0.4580 0.4580 0.4580 0.4580 0.4580 0.4580 0.4580 0.4580 0.4580 0.4580 0.4580 0.4580 0.4580 0.4580 0.4580 0.4580 0.4580 0.4580 0.4580 0.4580 0.4580 0.4580 0.4580 0.4580 0.4580 0.4580 0.4580 0.4580 0.4580 0.4580 0.4580 0.4580 0.4580 0.4580 0.4580 0.4580 0.4580 0.4580 0.4580 0.4580 0.4580 0.4580 0.4580 0.4580 0.4580 0.4580 0.4580 0.4580 0.4580 0.4580 0.4580 0.4580 0.4580 0.4580 0.4580 0.4580 0.4580 0.4580 0.4580 0.4580 0.4580 0.4580 0.4580 0.4580 0.4580 0.4580 0.4580 0.4580 0.4580 0.4580 0.4580 0.4580 0.4580 0.4580 0.4580 0.4580 0.4580 0.4580 0.4580 0.4580 0.4580 0.4580 0.4580 0.4580 0.4580 0.4580 0.4580 0.4580 0.4580 0.4580 0.4580 0.4580 0.4580 0.4580 0.4580 0.4580 0.4580 0.4580 0.4580 0.4580 0.4580 0.4580 0.4580 0.4580 0.4580 0.4580 0.4580 0.4580 0.4580 0.4580 0.4580 0.4580 0.4580 0.4580 0.4580 0.4580 0.4580 0.4580 0.4580 0.4580 0.4580 0.4580 0.4580 0.4580 0.4580 0.4580 0.4580 0.4580 0.4580 0.4580 0.4580 0.4580 0.4580 0.4580 0.4580 0.4580 0.4580 0.4580 0.4580 0.4580 0.4580 0.4580 0.4580 0.4580 0.4580 0.4580 0.4580 0.4580 0.4580 0.4580 0.4580 0.4580 0.4580 0.4580 0.4580 0.4580 0.4580 0.4580 0.4580 0.4580 0.4580 0.4580 0.4580 0.4580 0.4580 0.4580 0.4580 0.4580 0.4580 0.4580 0.4580 0.4580 0.4580 0.4580 0.4580 0.4580 0.4580 0.4580 0.4580 0.4580 0.4580 0.4580 0.4580 0.4580 0.4580 0.4580 0.4580 0.4580 0.4580 0.4580 0.4580 0.4580 0.4580 0.4580 0.4580 0.4580 0.4580 0.4580 0.4580 0.4580 0.4580 0.4580 0.4580 0.4580 0.4580 0.4580 0.4580 0.4580 0.4580 0.4580 0.4580 0.4580 0.4580 0.4580 0.4580 0.4580 0.4580 0.4580 0.4580 0.4580 0.4580 0.4580 0.4580 0.4580 0.4580 0.4580 0.4580 0.4580 0.4580 0.4580 0.4580 0.4580 0.4580 0.4580 0.4580 0.4580 0.4580 0.4580 0.4580 0.4580 0.4580 0.4580 0.4580 0.4580 0.4580 0.4580 0.4580 0.4580 0.4580 0.4580 0.4580 0.4580 0.4580 0.4580 0.4580 0.4580 0.4580 0.4580 0.4580 0.4580 0.4580 0.4580 0.4580 0.4580 0.4580 0.4580 0.4580 0.4580 0.4580 0.4580 0.4580 0.4580 0.4580 0.4580 0.4580 0.4580 0.4580 0.4580 0.4580 0.4580 0.4580 0.4580 0.4580 0.4580 0.4580 0.4580 0.4580 0.4580 0.4580 0.4580 0.4580 0.4580 0.4580 0.4580 0.4580 0.4580 0.4580 0.4580 0.4580 0.4580 0.4580 0.4580 0.4580 0.4580 0.4580 0.4580 0.4580 0.4580 0.4580 0.4580 0.4580 0.4580 0.4580 0.4580 0.4580 0.4580 0.4580 0.4580 0.4580 0.4580 0.4580 0.4580 0.4580 0.4580 0.4580 0.4580 0.4580 0.4580 0.4580 0.4580 0.4580 0.4580 0.4580 0.4580 0.4580 0.4580 0.4580 0.4580 0.4580 0.4580 0.4580 0.4580 0.4580 0.4580 0.4580 0.4580 0.4580 0.4580 0.4580 0.4580 0.4580 0.4580 0.4580 0.4580 0.4580 0.4580 0.4580 0.4580 0.4580 0.4580 0.4580 0.4580 0.4580 0.4580 0.4580 0.4580 0.4580 0.4580 0.4580 0.4580 0.4580 0.4580 0.4580 0.4580 0.4580 0.4580 0.4580 0.4580 0.4580 0.4580 0.4580 0.4580 0.4580 0.4580 0.4580 0.4580 0.4580 0.4580 0.4580 0.4580 0.4580 0.4580 0.4580 0.4580 0.4580 0.4580 0.4580 0.4580 0.4580 0.4580 0.4580 0.4580 0.4580 0.4580 0.4580 0.4580 0.4580 0.4580 0.4580 0.4580 0.4580 0.4580 0.4580 0.4580 0.4580 0.4580 0.4580 0.4580 0.4580 0.4580 0.4580 0.4580 0.4580 0.4580 0.4580 0.4580 0.4580 0.4580 0.4580 0.4580 0.4580 0.4580 0.4580 0.4580 0.4580 0.4580 0.4580 0.4580 0.4580 0.4580 0.4580 0.4580 0.4580 0.4580 0.4580 0.4580 0.4580 0.4580 0.4580 0.4580 0.4580 0.4580 0.4580 0.4580 0.4580 0.4580 0.4580 0.4580 0.4580 0.4580 0.4580 0.4580 0.4580 0.4580 0.4580 0.4580 0.4580 0.4580 0.4580 0.4580 0.4580 0.4580 0.4580 0.4580 0.4580 0.4580 0.4580 0.4580 0.4580 0.4580 0.4580 0.4580 0.4580 0.4580 0.4580 0.4580 0.4580 0.4580 0.4580 0.4580 0.4580 0.4580 0.4580 0.4580 0.4580 0.4580 0.4580 0.4580 0.4580 0.4580 0.4580 0.4580 0.4580 0.4580 0.4580 0.4580 0.4580 0.4580 0.4580 0.4580 0.4580 0.4580 0.4580 0.4580 0.4580 0.4580 0.4580 0.4580 0.4580 0.4580 0.4580 0.4580 0.4580 0.4580 0.4580 0.4580 0.4580 0.4580 0.4580 0.4580 0.4580 0.4580 0.4580 0.4580 0.4580 0.4580 0.4580 0.4580 0.4580 0.4580 0.4580 0.4580 0.4580 0.4580 0.4580 0.4580 0.4580 0.4580 0.4580 0.4580 0.4580 0.4580 0.4580 0.4580 0.4580 0.4580 0.4580 0.4580 0.4580 0.4580 0.4580 0.4580 0.4580 0.4580 0.4580 0.4580 0.4580 0.4580 0.4580 0.4580 0.4580 0.4580 0.4580 0.4580 0.4580 0.4580 0.4580 0.4580 0.4580 0.4580 0.4580 0.4580 0.4580 0.4580 0.4580 0.4580 0.4580 0.4580 0.4580 0.4580 0.4580 0.4580 0.4580 0.4580 0.4580 0.4580 0.4580 0.4580 0.4580 0.4580 0.4580 0.4580 0.4580 0.4580 0.4580 0.4580 0.4580 0.4580 0.4580 0.4580 0.4580 0.4580 0.4580 0.4580 0.4580 0.4580 0.4580 0.4580 0.4580 0.4580 0.4580 0.4580 0.4580 0.4580 0.4580 0.4580 0.4580 0.4580 0.4580 0.4580 0.4580 0.4580 0.4580 0.4580 0.4580 0.4580 0.4580 0.4580 0.4580 0.4580 0.4580 0.4580 0.4580 0.4580 0.4580 0.4580 0.4580 0.4580 0.4580 0.4580 0.4580 0.4580 0.4580 0.4580 0.4580 0.4580 0.4580 0.4580 0.4580 0.4580 0.4580 0.4580 0.4580 0.4580 0.4580 0.4580 0.4580 0.4580 0.4580 0.4580 0.4580 0.4580 0.4580 0.4580 0.4580 0.4580 0.4580 0.4580 0.4580 0.4580 0.4580 0.4580 0.4580 0.4580 0.4580 0.4580 0.4580 0.4580 0.4580 0.4580 0.4580 0.4580 0.4580 0.4580 0.4580 0.4580 0.4580 0.4580 0.4580 0.4580 0.4580 0.4580 0.4580 0.4580 0.4580 0.4580 0.4580 0.4580 0.4580 0.4580 0.4580 0.4580 0.4580 0.4580 0.4580 0.4580 0.4580 0.4580 0.4580 0.4580 0.4580 0.4580 0.4580 0.4580 0.4580 0.4580 0.4580 0.4580 0.4580 0.4580 0.4580 0.4580 0.4580 0.4580 0.4580 0.4580 0.4580 0.4580 0.4580 0.4580 0.4580 0.4580 0.4580 0.4580 0.4580 0.4580 0.4580 0.4580 0.4580 0.4580 0.4580 0.4580 0.4580 0.4580 0.4580 0.4580 0.4580 0.4580 0.4580 0.4580 0.4580 0.4580 0.4580 0.4580 0.4580 0.4580 0.4580 0.4580 0.4580 0.4580 0.4580 0.4580 0.4580 0.4580 0.4580 0.4580 0.4580 0.4580 0.4580 0.4580 0.4580 0.4580 0.4580 0.4580 0.4580 0.4580 0.4580 0.4580 0.4580 0.4580 0.4580 0.4580 0.4580 0.4580 0.4580 0.4580 0.4580 0.4580 0.4580 0.4580 0.4580 0.4580 0.4580 0.4580 0.4580 0.4580 0.4580 0.4580 0.4580 0.4580 0.4580 0.4580 0.4580 0.4580 0.4580 0.4580 0.4580 0.4580 0.4580 0.4580 0.4580 0.4580 0.4580 0.4580 0.4580 0.4580 0.4580 0.4580 0.4580 0.4580 0.4580 0.4580 0.4580 0.4580 0.4580 0.4580 0.4580 0.4580 0.4580 0.4580 0.4580 0.4580 0.4580 0.4580 0.4580 0.4580 0.4580 0.4580 0.4580 0.4580 0.4580 0.4580 0.4580 0.4580 0.4580 0.4580 0.4580 0.4580 0.4580 0.4580 0.4580 0.4580 0.4580 0.4580 0.4580 0.4580 0.4580 0.4580 0.4580 0.4580 0.4580 0.4580 0.4580 0.4580 0.4580 0.4580 0.4580 0.4580 0.4580 0.4580 0.4580 0.4580 0.4580 0.4580 0.4580 0.4580 0.4580 0.4580 0.4580 0.4580 0.4580 0.4580 0.4580 0.4580 0.4580 0.4580 0.4580 0.4580 0.4580 0.4580 0.4580 0.4580 0.4580 0.4580 0.4580 0.4580 0.4580 0.4580 0.4580 0.4580 0.4580 0.4580 0.4580 0.4580 0.4580 0.4580 0.4580 0.4580 0.4580 0.4580 0.4580 0.4580 0.4580 0.4580 0.4580 0.4580 0.4580 0.4580 0.4580 0.4580 0.4580 0.4580 0.4580 0.4580 0.4580 0.4580 0.4580 0.4580 0.4580 0.4580 0.4580 0.4580 0.4580 0.4580 0.4580 0.4580 0.4580 0.4580 0.4580 0.4580 0.4580 0.4580 0.4580 0.4580 0.4580 0.4580 0.4580 0.4580 0.4580 0.4580 0.4580 0.4580 0.4580 0.4580 0.4580 0.4580 0.4580 0.4580 0.4580 0.4580 0.4580 0.4580 0.4580 0.4580 0.4580 0.4580 0.4580 0.4580 0.4580 0.4580 0.4580 0.4580 0.4580 0.4580 0.4580 0.4580 0.4580 0.4580 0.4580 0.4580 0.4580 0.4580 0.4580 0.4580 0.4580 0.4580 0.4580 0.4580 0.4580 0.4580 0.4580 0.4580 0.4580 0.4580 0.4580 0.4580 0.4580 0.4580 0.4580 0.4580 0.4580 0.4580 0.4580 0.4580 0.4580 0.4580 0.4580 0.4580 0.4580 0.4580 0.4580 0.4580 0.4580 0.4580 0.4580 0.4580 0.4580 0.4580 0.4580 0.4580 0.4580 0.4580 0.4580 0.4580 0.4580 0.4580 0.4580 0.4580 0.4580 0.4580 0.4580 0.4580 0.4580 0.4580 0.4580 0.4580 0.4580 0.4580 0.4580 0.4580 0.4580 0.4580 0.4580 0.4580 0.4580 0.4580 0.4580 0.4580 0.4580 0.4580 0.4580 0.4580 0.4580 0.4580 0.4580 0.4580 0.4580 0.4580 0.4580 0.4580 0.4580 0.4580 0.4580 0.4580 0.4580 0.4580 0.4580 0.4580 0.4580 0.4580 0.4580 0.4580 0.4580 0.4580 0.4580 0.4580 0.4580 0.4580 0.4580 0.4580 0.4580 0.4580 0.4580 0.4580 0.4580 0.4580 0.4580 0.4580 0.4580 0.4580 0.4580 0.4580 0.4580 0.4580 0.4580 0.4580 0.4580 0.4580 0.4580 0.4580 0.4580 0.4580 0.4580 0.4580 0.4580 0.4580 0.4580 0.4580 0.4580 0.4580 0.4580 0.4580 0.4580 0.4580 0.4580 0.4580 0.4580 0.4580 0.4580 0.4580 0.4580 0.4580 0.4580 0.4580 0.4580 0.4580 0.4580 0.4580 0.4580 0.4580 0.4580 0.4580 0.4580 0.4580 0.4580 0.4580 0.4580 0.4580 0.4580 0.4580 0.4580 0.4580 0.4580 0.4580 0.4580 0.4580 0.4580 0.4580 0.4580 0.4580 0.4580 0.4580 0.4580 0.4580 0.4580 0.4580 0.4580 0.4580 0.4580 0.4580 0.4580 0.4580 0.4580 0.4580 0.4580 0.4580 0.4580 0.4580 0.4580 0.4580 0.4580 0.4580 0.4580 0.4580 0.4580 0.4580 0.4580 0.4580 0.4580 0.4580 0.4580 0.4580 0.4580 0.4580 0.4580 0.4580 0.4580 0.4580 0.4580 0.4580 0.4580 0.4580 0.4580 0.4580 0.4580 0.4580 0.4580 0.4580 0.4580 0.4580 0.4580 0.4580 0.4580 0.4580 0.4580 0.4580 0.4580 0.4580 0.4580 0.4580 0.4580 0.4580 0.4580 0.4580 0.4580 0.4580 0.4580 0.4580 0.4580 0.4580 0.4580 0.4580 0.4580 0.4580 0.4580 0.4580 0.4580 0.4580 0.4580 0.4580 0.4580 0.4580 0.4580 0.4580 0.4580 0.4580 0.4580 0.4580 0.4580 0.4580 0.4580 0.4580 0.4580 0.4580 0.4580 0.4580 0.4580 0.4580 0.4580 0.4580 0.4580 0.4580 0.4580 0.4580 0.4580 0.4580 0.4580 0.4580 0.4580 0.4580 0.4580 0.4580 0.4580 0.4580 0.4580 0.4580 0.4580 0.4580 0.4580 0.4580 0.4580 0.4580 0.4580 0.4580 0.4580 0.4580 0.4580 0.4580 0.4580 0.4580 0.4580 0.4580 0.4580 0.4580 0.4580 0.4580 0.4580 0.4580 0.4580 0.4580 0.4580 0.4580 0.4580 0.4580 0.4580 0.4580 0.4580 0.4580 0.4580 0.4580 0.4580 0.4580 0.4580 0.4580 0.4580 0.4580 0.4580 0.4580 0.4580 0.4580 0.4580 0.4580 0.4580 0.4580 0.4580 0.4580 0.4580 0.4580 0.4580 0.4580 0.4580 0.4580 0.4580 0.4580 0.4580 0.4580 0.4580 0.4580 0.4580 0.4580 0.4580 0.4580 0.4580 0.4580 0.4580 0.4580 0.4580 0.4580 0.4580 0.4580 0.4580 0.4580 0.4580 0.4580 0.4580 0.4580 0.4580 0.4580 0.4580 0.4580 0.4580 0.4580 0.4580 0.4580 0.4580 0.4580 0.4580 0.4580 0.4580 0.4580 0.4580 0.4580 0.4580 0.4580 0.4580 0.4580 0.4580 0.4580 0.4580 0.4580 0.4580 0.4580 0.4580 0.4580 0.4580 0.4580 0.4580 0.4580 0.4580 0.4580 0.4580 0.4580 0.4580 0.4580 0.4580 0.4580 0.4580 0.4580 0.4580 0.4580 0.4580 0.4580 0.4580 0.4580 0.4580 0.4580 0.4580 0.4580 0.4580 0.4580 0.4580 0.4580 0.4580 0.4580 0.4580 0.4580 0.4580 0.4580 0.4580 0.4580 0.4580 0.4580 0.4580 0.4580 0.4580 0.4580 0.4580 0.4580 0.4580 0.4580 0.4580 0.4580 0.4580 0.4580 0.4580 0.4580 0.4580 0.4580 0.4580 0.4580 0.4580 0.4580 0.4580 0.4580 0.4580 0.4580 0.4580 0.4580 0.4580 0.4580 0.4580 0.4580 0.4580 0.4580 0.4580 0.4580 0.4580 0.4580 0.4580 0.4580 0.4580 0.4580 0.4580 0.4580 0.4580 0.4580 0.4580 0.4580 0.4580 0.4580 0.4580 0.4580 0.4580 0.4580 0.4580 0.4580 0.4580 0.4580 0.4580 0.4580 0.4580 0.4580 0.4580 0.4580 0.4580 0.4580 0.4580 0.4580 0.4580 0.4580 0.4580 0.4580 0.4580 0.4580 0.4580 0.4580 0.4580 0.4580 0.4580 0.4580 0.4580 0.4580 0.4580 0.4580 0.4580 0.4580 0.4580 0.4580 0.4580 0.4580 0.4580 0.4580 0.4580 0.4580 0.4580 0.4580 0.4580 0.4580 0.4580 0.4580 0.4580 0.4580 0.4580 0.4580 0.4580 0.4580 0.4580 0.4580 0.4580 0.4580 0.4580 0.4580 0.4580 0.4580 0.4580 0.4580 0.4580 0.4580 0.4580 0.4580 0.4580 0.4580 0.4580 0.4580 0.4580 0.4580 0.4580 0.4580 0.4580 0.4580 0.3850 0.3850 0.3850 0.3850 0.3850 0.3850 0.3850 0.3850 0.3850 0.3850 0.3850 0.3850 0.3850 0.3850 0.3850 0.3850 0.3850 0.3850 0.3850 0.3850 0.3850 0.3850 0.3850 0.3850 0.3850 0.3850 0.3850 0.3850 0.3850 0.3850 0.3850 0.3850 0.3850 0.3850 0.3850 0.3850 0.3850 0.3850 0.3850 0.3850 0.3850 0.3850 0.3850 0.3850 0.3850 0.3850 0.3850 0.3850 0.3850 0.3850 0.3850 0.3850 0.3850 0.3850 0.3850 0.3850 0.3850 0.3850 0.3850 0.3850 0.3850 0.3850 0.3850 0.3850 0.3850 0.3850 0.3850 0.3850 0.3850 0.3850 0.3850 0.3850 0.3850 0.3850 0.3850 0.3850 0.3850 0.3850 0.3850 0.3850 0.3850 0.3850 0.3850 0.3850 0.3850 0.3850 0.3850 0.3850 0.3850 0.3850 0.3850 0.3850 0.3850 0.3850 0.3850 0.3850 0.3850 0.3850 0.3850 0.3850 0.3850 0.3850 0.3850 0.3850 0.3850 0.3850 0.3850 0.3850 0.3850 0.3850 0.3850 0.3850 0.3850 0.3850 0.3850 0.3850 0.3850 0.3850 0.3850 0.3850 0.3850 0.3850 0.3850 0.3850 0.3850 0.3850 0.3850 0.3850 0.3850 0.3850 0.3850 0.3850 0.3850 0.3850 0.3850 0.3850 0.3850 0.3850 0.3850 0.3850 0.3850 0.3850 0.3850 0.3850 0.3850 0.3850 0.3850 0.3850 0.3850 0.3850 0.3850 0.3850 0.3850 0.3850 0.3850 0.3850 0.3850 0.3850 0.3850 0.3850 0.3850 0.3850 0.3850 0.3850 0.3850 0.3850 0.3850 0.3850 0.3850 0.3850 0.3850 0.3850 0.3850 0.3850 0.3850 0.3850 0.3850 0.3850 0.3850 0.3850 0.3850 0.3850 0.3850 0.3850 0.3850 0.3850 0.3850 0.3850 0.3850 0.3850 0.3850 0.3850 0.3850 0.3850 0.3850 0.3850 0.3850 0.3850 0.3850 0.3850 0.3850 0.3850 0.3850 0.3850 0.3850 0.3850 0.3850 0.3850 0.3850 0.3850 0.3850 0.3850 0.3850 0.3850 0.3850 0.3850 0.3850 0.3850 0.3850 0.3850 0.3850 0.3850 0.3850 0.3850 0.3850 0.3850 0.3850 0.3850 0.3850 0.3850 0.3850 0.3850 0.3850 0.3850 0.3850 0.3850 0.3850 0.3850 0.3850 0.3850 0.3850 0.3850 0.3850 0.3850 0.3850 0.3850 0.3850 0.3850 0.3850 0.3850 0.3850 0.3850 0.3850 0.3850 0.3850 0.3850 0.3850 0.3850 0.3850 0.3850 0.3850 0.3850 0.3850 0.3850 0.3850 0.3850 0.3850 0.3850 0.3850 0.3850 0.3850 0.3850 0.3850 0.3850 0.3850 0.3850 0.3850 0.3850 0.3850 0.3850 0.3850 0.3850 0.3850 0.3850 0.3850 0.3850 0.3850 0.3850 0.3850 0.3850 0.3850 0.3850 0.3850 0.3850 0.3850 0.3850 0.3850 0.3850 0.3850 0.3850 0.3850 0.3850 0.3850 0.3850 0.3850 0.3850 0.3850 0.3850 0.3850 0.3850 0.3850 0.3850 0.3850 0.3850 0.3850 0.3850 0.3850 0.3850 0.3850 0.3850 0.3850 0.3850 0.3850 0.3850 0.3850 0.3850 0.3850 0.3850 0.3850 0.3850 0.3850 0.3850 0.3850 0.3850 0.3850 0.3850 0.3850 0.3850 0.3850 0.3850 0.3850 0.3850 0.3850 0.3850 0.3850 0.3850 0.3850 0.3850 0.3850 0.3850 0.3850 0.3850 0.3850 0.3850 0.3850 0.3850 0.3850 0.3850 0.3850 0.3850 0.3850 0.3850 0.3850 0.3850 0.3850 0.3850 0.3850 0.3850 0.3850 0.3850 0.3850 0.3850 0.3850 0.3850 0.3850 0.3850 0.3850 0.3850 0.3850 0.3850 0.3850 0.3850 0.3850 0.3850 0.3850 0.3850 0.3850 0.3850 0.3850 0.3850 0.3850 0.3850 0.3850 0.3850 0.3850 0.3850 0.3850 0.3850 0.3850 0.3850 0.3850 0.3850 0.3850 0.3850 0.3850 0.3850 0.3850 0.3850 0.3850 0.3850 0.3850 0.3850 0.3850 0.3850 0.3850 0.3850 0.3850 0.3850 0.3850 0.3850 0.3850 0.3850 0.3850 0.3850 0.3850 0.3850 0.3850 0.3850 0.3850 0.3850 0.3850 0.3850 0.3850 0.3850 0.3850 0.3850 0.3850 0.3850 0.3850 0.3850 0.3850 0.3850 0.3850 0.3850 0.3850 0.3850 0.3850 0.3850 0.3850 0.3850 0.3850 0.3850 0.3850 0.3850 0.3850 0.3850 0.3850 0.3850 0.3850 0.3850 0.3850 0.3850 0.3850 0.3850 0.3850 0.3850 0.3850 0.3850 0.3850 0.3850 0.3850 0.3850 0.3850 0.3850 0.3850 0.3850 0.3850 0.3850 0.3850 0.3850 0.3850 0.3850 0.3850 0.3850 0.3850 0.3850 0.3850 0.3850 0.3850 0.3850 0.3850 0.3850 0.3850 0.3850 0.3850 0.3850 0.3850 0.3850 0.3850 0.3850 0.3850 0.3850 0.3850 0.3850 0.3850 0.3850 0.3850 0.3850 0.3850 0.3850 0.3850 0.3850 0.3850 0.3850 0.3850 0.3850 0.3850 0.3850 0.3850 0.3850 0.3850 0.3850 0.3850 0.3850 0.3850 0.3850 0.3850 0.3850 0.3850 0.3850 0.3850 0.3850 0.3850 0.3850 0.3850 0.3850 0.3850 0.3850 0.3850 0.3850 0.3850 0.3850 0.3850 0.3850 0.3850 0.3850 0.3850 0.3850 0.3850 0.3850 0.3850 0.3850 0.3850 0.3850 0.3850 0.3850 0.3850 0.3850 0.3850 0.3850 0.3850 0.3850 0.3850 0.3850 0.3850 0.3850 0.3850 0.3850 0.3850 0.3850 0.3850 0.3850 0.3850 0.3850 0.3850 0.3850 0.3850 0.3850 0.3850 0.3850 0.3850 0.3850 0.3850 0.3850 0.3850 0.3850 0.3850 0.3850 0.3850 0.3850 0.3850 0.3850 0.3850 0.3850 0.3850 0.3850 0.3850 0.3850 0.3850 0.3850 0.3850 0.3850 0.3850 0.3850 0.3850 0.3850 0.3850 0.3850 0.3850 0.3850 0.3850 0.3850 0.3850 0.3850 0.3850 0.3850 0.3850 0.3850 0.3850 0.3850 0.3850 0.3850 0.3850 0.3850 0.3850 0.3850 0.3850 0.3850 0.3850 0.3850 0.3850 0.3850 0.3850 0.3850 0.3850 0.3850 0.3850 0.3850 0.3850 0.3850 0.3850 0.3850 0.3850 0.3850 0.3850 0.3850 0.3850 0.3850 0.3850 0.3850 0.3850 0.3850 0.3850 0.3850 0.3850 0.3850 0.3850 0.3850 0.3850 0.3850 0.3850 0.3850 0.3850 0.3850 0.3850 0.3850 0.3850 0.3850 0.3850 0.3850 0.3850 0.3850 0.3850 0.3850 0.3850 0.3850 0.3850 0.3850 0.3850 0.3850 0.3850 0.3850 0.3850 0.3850 0.3850 0.3850 0.3850 0.3850 0.3850 0.3850 0.3850 0.3850 0.3850 0.3850 0.3850 0.3850 0.3850 0.3850 0.3850 0.3850 0.3850 0.3850 0.3850 0.3850 0.3850 0.3850 0.3850 0.3850 0.3850 0.3850 0.3850 0.3850 0.3850 0.3850 0.3850 0.3850 0.3850 0.3850 0.3850 0.3850 0.3850 0.3850 0.3850 0.3850 0.3850 0.3850 0.3850 0.3850 0.3850 0.3850 0.3850 0.3850 0.3850 0.3850 0.3850 0.3850 0.3850 0.3850 0.3850 0.3850 0.3850 0.3850 0.3850 0.3850 0.3850 0.3850 0.3850 0.3850 0.3850 0.3850 0.3850 0.3850 0.3850 0.3850 0.3850 0.3850 0.3850 0.3850 0.3850 0.3850 0.3850 0.3850 0.3850 0.3850 0.3850 0.3850 0.3850 0.3850 0.3850 0.3850 0.3850 0.3850 0.3850 0.3850 0.3850 0.3850 0.3850 0.3850 0.3850 0.3850 0.3850 0.3850 0.3850 0.3850 0.3850 0.3850 0.3850 0.3850 0.3850 0.3850 0.3850 0.3850 0.3850 0.3850 0.3850 0.3850 0.3850 0.3850 0.3850 0.3850 0.3850 0.3850 0.3850 0.3850 0.3850 0.3850 0.3850 0.3850 0.3850 0.3850 0.3850 0.3850 0.3850 0.3850 0.3850 0.3850 0.3850 0.3850 0.3850 0.3850 0.3850 0.3850 0.3850 0.3850 0.3850 0.3850 0.3850 0.3850 0.3850 0.3850 0.3850 0.3850 0.3850 0.3850 0.3850 0.3850 0.3850 0.3850 0.3850 0.3850 0.3850 0.3850 0.3850 0.3850 0.3850 0.3850 0.3850 0.3850 0.3850 0.3850 0.3850 0.3850 0.3850 0.3850 0.3850 0.3850 0.3850 0.3850 0.3850 0.3850 0.3850 0.3850 0.3850 0.3850 0.3850 0.3850 0.3850 0.3850 0.3850 0.3850 0.3850 0.3850 0.3850 0.3850 0.3850 0.3850 0.3850 0.3850 0.3850 0.3850 0.3850 0.3850 0.3850 0.3850 0.3850 0.3850 0.3850 0.3850 0.3850 0.3850 0.3850 0.3850 0.3850 0.3850 0.3850 0.3850 0.3850 0.3850 0.3850 0.3850 0.3850 0.3850 0.3850 0.3850 0.3850 0.3850 0.3850 0.3850 0.3850 0.3850 0.3850 0.3850 0.3850 0.3850 0.3850 0.3850 0.3850 0.3850 0.3850 0.3850 0.3850 0.3850 0.3850 0.3850 0.3850 0.3850 0.3850 0.3850 0.3850 0.3850 0.3850 0.3850 0.3850 0.3850 0.3850 0.3850 0.3850 0.3850 0.3850 0.3850 0.3850 0.3850 0.3850 0.3850 0.3850 0.3850 0.3850 0.3850 0.3850 0.3850 0.3850 0.3850 0.3850 0.3850 0.3850 0.3850 0.3850 0.3850 0.3850 0.3850 0.3850 0.3850 0.3850 0.3850 0.3850 0.3850 0.3850 0.3850 0.3850 0.3850 0.3850 0.3850 0.3850 0.3850 0.3850 0.3850 0.3850 0.3850 0.3850 0.3850 0.3850 0.3850 0.3850 0.3850 0.3850 0.3850 0.3850 0.3850 0.3850 0.3850 0.3850 0.3850 0.3850 0.3850 0.3850 0.3850 0.3850 0.3850 0.3850 0.3850 0.3850 0.3850 0.3850 0.3850 0.3850 0.3850 0.3850 0.3850 0.3850 0.3850 0.3850 0.3850 0.3850 0.3850 0.3850 0.3850 0.3850 0.3850 0.3850 0.3850 0.3850 0.3850 0.3850 0.3850 0.3850 0.3850 0.3850 0.3850 0.3850 0.3850 0.3850 0.3850 0.3850 0.3850 0.3850 0.3850 0.3850 0.3850 0.3850 0.3850 0.3850 0.3850 0.3850 0.3850 0.3850 0.3850 0.3850 0.3850 0.3850 0.3850 0.3850 0.3850 0.3850 0.3850 0.3850 0.3850 0.3850 0.3850 0.3850 0.3850 0.3850 0.3850 0.3850 0.3850 0.3850 0.3850 0.3850 0.3850 0.3850 0.3850 0.3850 0.3850 0.3850 0.3850 0.3850 0.3850 0.3850 0.3850 0.3850 0.3850 0.3850 0.3850 0.3850 0.3850 0.3850 0.3850 0.3850 0.3850 0.3850 0.3850 0.3850 0.3850 0.3850 0.3850 0.3850 0.3850 0.3850 0.3850 0.3850 0.3850 0.3850 0.3850 0.3850 0.3850 0.3850 0.3850 0.3850 0.3850 0.3850 0.3850 0.3850 0.3850 0.3850 0.3850 0.3850 0.3850 0.3850 0.3850 0.3850 0.3850 0.3850 0.3850 0.3850 0.3850 0.3850 0.3850 0.3850 0.3850 0.3850 0.3850 0.3850 0.3850 0.3850 0.3850 0.3850 0.3850 0.3850 0.3850 0.3850 0.3850 0.3850 0.3850 0.3850 0.3850 0.3850 0.3850 0.3850 0.3850 0.3850 0.3850 0.3850 0.3850 0.3850 0.3850 0.3850 0.3850 0.3850 0.3850 0.3850 0.3850 0.3850 0.3850 0.3850 0.3850 0.3850 0.3850 0.3850 0.3850 0.3850 0.3850 0.3850 0.3850 0.3850 0.3850 0.3850 0.3850 0.3850 0.3850 0.3850 0.3850 0.3850 0.3850 0.3850 0.3850 0.3850 0.3850 0.3850 0.3850 0.3850 0.3850 0.3850 0.3850 0.3850 0.3850 0.3850 0.3850 0.3850 0.3850 0.3850 0.3850 0.3850 0.3850 0.3850 0.3850 0.3850 0.3850 0.3850 0.3850 0.3850 0.3850 0.3850 0.3850 0.3850 0.3850 0.3850 0.3850 0.3850 0.3850 0.3850 0.3850 0.3850 0.3850 0.3850 0.3850 0.3850 0.3850 0.3850 0.3850 0.3850 0.3850 0.3850 0.3850 0.3850 0.3850 0.3850 0.3850 0.3850 0.3850 0.3850 0.3850 0.3850 0.3850 0.3850 0.3850 0.3850 0.3850 0.3850 0.3850 0.3850 0.3850 0.3850 0.3850 0.3850 0.3850 0.3850 0.3850 0.3850 0.3850 0.3850 0.3850 0.3850 0.3850 0.3850 0.3850 0.3850 0.3850 0.3850 0.3850 0.3850 0.3850 0.3850 0.3850 0.3850 0.3850 0.3850 0.3850 0.3850 0.3850 0.3850 0.3850 0.3850 0.3850 0.3850 0.3850 0.3850 0.3850 0.3850 0.3850 0.3850 0.3850 0.3850 0.3850 0.3850 0.3850 0.3850 0.3850 0.3850 0.3850 0.3850 0.3850 0.3850 0.3850 0.3850 0.3850 0.3850 0.3850 0.3850 0.3850 0.3850 0.3850 0.3850 0.3850 0.3850 0.3850 0.3850 0.3850 0.3850 0.3850 0.3850 0.3850 0.3850 0.3850 0.3850 0.3850 0.3850 0.3850 0.3850 0.3850 0.3850 0.3850 0.3850 0.3850 0.3850 0.3850 0.3850 0.3850 0.3850 0.3850 0.3850 0.3850 0.3850 0.3850 0.3850 0.3850 0.3850 0.3850 0.3850 0.3850 0.3850 0.3850 0.3850 0.3850 0.3850 0.3850 0.3850 0.3850 0.3850 0.3850 0.3850 0.3850 0.3850 0.3850 0.3850 0.3850 0.3850 0.3850 0.3850 0.3850 0.3850 0.3850 0.3850 0.3850 0.3850 0.3850 0.3850 0.3850 0.3850 0.3850 0.3850 0.3850 0.3850 0.3850 0.3850 0.3850 0.3850 0.3850 0.3850 0.3850 0.3850 0.3850 0.3850 0.3850 0.3850 0.3850 0.3850 0.3850 0.3850 0.3850 0.3850 0.3850 0.3850 0.3850 0.3850 0.3850 0.3850 0.3850 0.3850 0.3850 0.3850 0.3850 0.3850 0.3850 0.3850 0.3850 0.3850 0.3850 0.3850 0.3850 0.3850 0.3850 0.3850 0.3850 0.3850 0.3850 0.3850 0.3850 0.3850 0.3850 0.3850 0.3850 0.3850 0.3850 0.3850 0.3850 0.3850 0.3850 0.3850 0.3850 0.3850 0.3850 0.3850 0.3850 0.3850 0.3850 0.3850 0.3850 0.3850 0.3850 0.3850 0.3850 0.3850 0.3850 0.3850 0.3850 0.3850 0.3850 0.3850 0.3850 0.3850 0.3850 0.3850 0.3850 0.3850 0.3850 0.3850 0.3850 0.3850 0.3850 0.3850 0.3850 0.3850 0.3850 0.3850 0.3850 0.3850 0.3850 0.3850 0.3850 0.3850 0.3850 0.3850 0.3850 0.3850 0.3850 0.3850 0.3850 0.3850 0.3850 0.3850 0.3850 0.3850 0.3850 0.3850 0.3850 0.3850 0.3850 0.3850 0.3850 0.3850 0.3850 0.3850 0.3850 0.3850 0.3850 0.3850 0.3850 0.3850 0.3850 0.3850 0.3850 0.3850 0.3850 0.3850 0.3850 0.3850 0.3850 0.3850 0.3850 0.3850 0.3850 0.3850 0.3850 0.3850 0.3850 0.3850 0.3850 0.3850 0.3850 0.3850 0.3850 0.3850 0.3850 0.3850 0.3850 0.3850 0.3850 0.3850 0.3850 0.3850 0.3850 0.3850 0.3850 0.3850 0.3850 0.3850 0.3850 0.3850 0.3850 0.3850 0.3850 0.3850 0.3850 0.3850 0.3850 0.3850 0.3850 0.3850 0.3850 0.3850 0.3850 0.3850 0.3850 0.3850 0.3850 0.3850 0.3850 0.3850 0.3850 0.3850 0.3850 0.3850 0.3850 0.3850 0.3850 0.3850 0.3850 0.3850 0.3850 0.3850 0.3850 0.3850 0.3850 0.3850 0.3850 0.3850 0.3850 0.3850 0.3850 0.3850 0.3850 0.3850 0.3850 0.3850 0.3850 0.3850 0.3850 0.3850 0.3850 0.3850 0.3850 0.3850 0.3850 0.3850 0.3850 0.3850 0.3850 0.3850 0.3850 0.3850 0.3850 0.3850 0.3850 0.3850 0.3850 0.3850 0.3850 0.3850 0.3850 0.3850 0.3850 0.3850 0.3850 0.3850 0.3850 0.3850 0.3850 0.3850 0.3850 0.3850 0.3850 0.3850 0.3850 0.3850 0.3850 0.3850 0.3850 0.3850 0.3850 0.3850 0.3850 0.3850 0.3850 0.3850 0.3850 0.3850 0.3850 0.3850 0.3850 0.3850 0.3850 0.3850 0.3850 0.3850 0.3850 0.3850 0.3850 0.3850 0.3850 0.3850 0.3850 0.3850 0.3850 0.3850 0.3850 0.3850 0.3850 0.3850 0.3850 0.3850 0.3850 0.3850 0.3850 0.3850 0.3850 0.3850 0.3850 0.3850 0.3850 0.3850 0.3850 0.3850 0.3850 0.3850 0.3850 0.3850 0.3850 0.3850 0.3850 0.3850 0.3850 0.3850 0.3850 0.3850 0.3850 0.3850 0.3850 0.3850 0.3850 0.3850 0.3850 0.3850 0.3850 0.3850 0.3850 0.3850 0.3850 0.3850 0.3850 0.3850 0.3850 0.3850 0.3850 0.3850 0.3850 0.3850 0.3850 0.3850 0.3850 0.3850 0.3850 0.3850 0.3850 0.3850 0.3850 0.3850 0.3850 0.3850 0.3850 0.3850 0.3850 0.3850 0.3850 0.3850 0.3850 0.3850 0.3850 0.3850 0.3850 0.3850 0.3850 0.3850 0.3850 0.3850 0.3850 0.3850 0.3850 0.3850 0.3850 0.3850 0.3850 0.3850 0.3850 0.3850 0.3850 0.3850 0.3850 0.3850 0.3850 0.3850 0.3850 0.3850 0.3850 0.3850 0.3850 0.3850 0.3850 0.3850 0.3850 0.3850 0.3850 0.3850 0.3850 0.3850 0.3850 0.3850 0.3850 0.3850 0.3850 0.3850 0.3850 0.3850 0.3850 0.3850 0.3850 0.3850 0.3850 0.3850 0.3850 0.3850 0.3850 0.3850 0.3850 0.3850 0.3850 0.3850 0.3850 0.3850 0.3850 0.3850 0.3850 0.3850 0.3850 0.3850 0.3850 0.3850 0.3850 0.3850 0.3850 0.3850 0.3850 0.3850 0.3850 0.3850 0.3850 0.3850 0.3850 0.3850 0.3850 0.3850 0.3850 0.3850 0.3850 0.3850 0.3850 0.3850 0.3850 0.3850 0.3850 0.3850 0.3850 0.3850 0.3850 0.3850 0.3850 0.3850 0.3850 0.3850 0.3850 0.3850 0.3850 0.3850 0.3850 0.3850 0.3850 0.3850 0.3850 0.3850 0.3850 0.3850 0.3850 0.3850 0.3850 0.3850 0.3850 0.3850 0.3850 0.3850 0.3850 0.3850 0.3850 0.3850 0.3850 0.3850 0.3850 0.3850 0.3850 0.3850 0.3850 0.3850 0.3850 0.3850 0.3850 0.3850 0.3850 0.3850 0.3850 0.3850 0.3850 0.3850 0.3850 0.3850 0.3850 0.3850 0.3850 0.3850 0.3850 0.3850 0.3850 0.3850 0.3850 0.3850 0.3850 0.3850 0.3850 0.3850 0.3850 0.3850 0.3850 0.3850 0.3850 0.3850 0.3850 0.3850 0.3850 0.3850 0.3850 0.3850 0.4620 0.4620 0.4620 0.4620 0.4620 0.4620 0.4620 0.4620 0.4620 0.4620 0.4620 0.4620 0.4620 0.4620 0.4620 0.4620 0.4620 0.4620 0.4620 0.4620 0.4620 0.4620 0.4620 0.4620 0.4620 0.4620 0.4620 0.4620 0.4620 0.4620 0.4620 0.4620 0.4620 0.4620 0.4620 0.4620 0.4620 0.4620 0.4620 0.4620 0.4620 0.4620 0.4620 0.4620 0.4620 0.4620 0.4620 0.4620 0.4620 0.4620 0.4620 0.4620 0.4620 0.4620 0.4620 0.4620 0.4620 0.4620 0.4620 0.4620 0.4620 0.4620 0.4620 0.4620 0.4620 0.4620 0.4620 0.4620 0.4620 0.4620 0.4620 0.4620 0.4620 0.4620 0.4620 0.4620 0.4620 0.4620 0.4620 0.4620 0.4620 0.4620 0.4620 0.4620 0.4620 0.4620 0.4620 0.4620 0.4620 0.4620 0.4620 0.4620 0.4620 0.4620 0.4620 0.4620 0.4620 0.4620 0.4620 0.4620 0.4620 0.4620 0.4620 0.4620 0.4620 0.4620 0.4620 0.4620 0.4620 0.4620 0.4620 0.4620 0.4620 0.4620 0.4620 0.4620 0.4620 0.4620 0.4620 0.4620 0.4620 0.4620 0.4620 0.4620 0.4620 0.4620 0.4620 0.4620 0.4620 0.4620 0.4620 0.4620 0.4620 0.4620 0.4620 0.4620 0.4620 0.4620 0.4620 0.4620 0.4620 0.4620 0.4620 0.4620 0.4620 0.4620 0.4620 0.4620 0.4620 0.4620 0.4620 0.4620 0.4620 0.4620 0.4620 0.4620 0.4620 0.4620 0.4620 0.4620 0.4620 0.4620 0.4620 0.4620 0.4620 0.4620 0.4620 0.4620 0.4620 0.4620 0.4620 0.4620 0.4620 0.4620 0.4620 0.4620 0.4620 0.4620 0.4620 0.4620 0.4620 0.4620 0.4620 0.4620 0.4620 0.4620 0.4620 0.4620 0.4620 0.4620 0.4620 0.4620 0.4620 0.4620 0.4620 0.4620 0.4620 0.4620 0.4620 0.4620 0.4620 0.4620 0.4620 0.4620 0.4620 0.4620 0.4620 0.4620 0.4620 0.4620 0.4620 0.4620 0.4620 0.4620 0.4620 0.4620 0.4620 0.4620 0.4620 0.4620 0.4620 0.4620 0.4620 0.4620 0.4620 0.4620 0.4620 0.4620 0.4620 0.4620 0.4620 0.4620 0.4620 0.4620 0.4620 0.4620 0.4620 0.4620 0.4620 0.4620 0.4620 0.4620 0.4620 0.4620 0.4620 0.4620 0.4620 0.4620 0.4620 0.4620 0.4620 0.4620 0.4620 0.4620 0.4620 0.4620 0.4620 0.4620 0.4620 0.4620 0.4620 0.4620 0.4620 0.4620 0.4620 0.4620 0.4620 0.4620 0.4620 0.4620 0.4620 0.4620 0.4620 0.4620 0.4620 0.4620 0.4620 0.4620 0.4620 0.4620 0.4620 0.4620 0.4620 0.4620 0.4620 0.4620 0.4620 0.4620 0.4620 0.4620 0.4620 0.4620 0.4620 0.4620 0.4620 0.4620 0.4620 0.4620 0.4620 0.4620 0.4620 0.4620 0.4620 0.4620 0.4620 0.4620 0.4620 0.4620 0.4620 0.4620 0.4620 0.4620 0.4620 0.4620 0.4620 0.4620 0.4620 0.4620 0.4620 0.4620 0.4620 0.4620 0.4620 0.4620 0.4620 0.4620 0.4620 0.4620 0.4620 0.4620 0.4620 0.4620 0.4620 0.4620 0.4620 0.4620 0.4620 0.4620 0.4620 0.4620 0.4620 0.4620 0.4620 0.4620 0.4620 0.4620 0.4620 0.4620 0.4620 0.4620 0.4620 0.4620 0.4620 0.4620 0.4620 0.4620 0.4620 0.4620 0.4620 0.4620 0.4620 0.4620 0.4620 0.4620 0.4620 0.4620 0.4620 0.4620 0.4620 0.4620 0.4620 0.4620 0.4620 0.4620 0.4620 0.4620 0.4620 0.4620 0.4620 0.4620 0.4620 0.4620 0.4620 0.4620 0.4620 0.4620 0.4620 0.4620 0.4620 0.4620 0.4620 0.4620 0.4620 0.4620 0.4620 0.4620 0.4620 0.4620 0.4620 0.4620 0.4620 0.4620 0.4620 0.4620 0.4620 0.4620 0.4620 0.4620 0.4620 0.4620 0.4620 0.4620 0.4620 0.4620 0.4620 0.4620 0.4620 0.4620 0.4620 0.4620 0.4620 0.4620 0.4620 0.4620 0.4620 0.4620 0.4620 0.4620 0.4620 0.4620 0.4620 0.4620 0.4620 0.4620 0.4620 0.4620 0.4620 0.4620 0.4620 0.4620 0.4620 0.4620 0.4620 0.4620 0.4620 0.4620 0.4620 0.4620 0.4620 0.4620 0.4620 0.4620 0.4620 0.4620 0.4620 0.4620 0.4620 0.4620 0.4620 0.4620 0.4620 0.4620 0.4620 0.4620 0.4620 0.4620 0.4620 0.4620 0.4620 0.4620 0.4620 0.4620 0.4620 0.4620 0.4620 0.4620 0.4620 0.4620 0.4620 0.4620 0.4620 0.4620 0.4620 0.4620 0.4620 0.4620 0.4620 0.4620 0.4620 0.4620 0.4620 0.4620 0.4620 0.4620 0.4620 0.4620 0.4620 0.4620 0.4620 0.4620 0.4620 0.4620 0.4620 0.4620 0.4620 0.4620 0.4620 0.4620 0.4620 0.4620 0.4620 0.4620 0.4620 0.4620 0.4620 0.4620 0.4620 0.4620 0.4620 0.4620 0.4620 0.4620 0.4620 0.4620 0.4620 0.4620 0.4620 0.4620 0.4620 0.4620 0.4620 0.4620 0.4620 0.4620 0.4620 0.4620 0.4620 0.4620 0.4620 0.4620 0.4620 0.4620 0.4620 0.4620 0.4620 0.4620 0.4620 0.4620 0.4620 0.4620 0.4620 0.4620 0.4620 0.4620 0.4620 0.4620 0.4620 0.4620 0.4620 0.4620 0.4620 0.4620 0.4620 0.4620 0.4620 0.4620 0.4620 0.4620 0.4620 0.4620 0.4620 0.4620 0.4620 0.4620 0.4620 0.4620 0.4620 0.4620 0.4620 0.4620 0.4620 0.4620 0.4620 0.4620 0.4620 0.4620 0.4620 0.4620 0.4620 0.4620 0.4620 0.4620 0.4620 0.4620 0.4620 0.4620 0.4620 0.4620 0.4620 0.4620 0.4620 0.4620 0.4620 0.4620 0.4620 0.4620 0.4620 0.4620 0.4620 0.4620 0.4620 0.4620 0.4620 0.4620 0.4620 0.4620 0.4620 0.4620 0.4620 0.4620 0.4620 0.4620 0.4620 0.4620 0.4620 0.4620 0.4620 0.4620 0.4620 0.4620 0.4620 0.4620 0.4620 0.4620 0.4620 0.4620 0.4620 0.4620 0.4620 0.4620 0.4620 0.4620 0.4620 0.4620 0.4620 0.4620 0.4620 0.4620 0.4620 0.4620 0.4620 0.4620 0.4620 0.4620 0.4620 0.4620 0.4620 0.4620 0.4620 0.4620 0.4620 0.4620 0.4620 0.4620 0.4620 0.4620 0.4620 0.4620 0.4620 0.4620 0.4620 0.4620 0.4620 0.4620 0.4620 0.4620 0.4620 0.4620 0.4620 0.4620 0.4620 0.4620 0.4620 0.4620 0.4620 0.4620 0.4620 0.4620 0.4620 0.4620 0.4620 0.4620 0.4620 0.4620 0.4620 0.4620 0.4620 0.4620 0.4620 0.4620 0.4620 0.4620 0.4620 0.4620 0.4620 0.4620 0.4620 0.4620 0.4620 0.4620 0.4620 0.4620 0.4620 0.4620 0.4620 0.4620 0.4620 0.4620 0.4620 0.4620 0.4620 0.4620 0.4620 0.4620 0.4620 0.4620 0.4620 0.4620 0.4620 0.4620 0.4620 0.4620 0.4620 0.4620 0.4620 0.4620 0.4620 0.4620 0.4620 0.4620 0.4620 0.4620 0.4620 0.4620 0.4620 0.4620 0.4620 0.4620 0.4620 0.4620 0.4620 0.4620 0.4620 0.4620 0.4620 0.4620 0.4620 0.4620 0.4620 0.4620 0.4620 0.4620 0.4620 0.4620 0.4620 0.4620 0.4620 0.4620 0.4620 0.4620 0.4620 0.4620 0.4620 0.4620 0.4620 0.4620 0.4620 0.4620 0.4620 0.4620 0.4620 0.4620 0.4620 0.4620 0.4620 0.4620 0.4620 0.4620 0.4620 0.4620 0.4620 0.4620 0.4620 0.4620 0.4620 0.4620 0.4620 0.4620 0.4620 0.4620 0.4620 0.4620 0.4620 0.4620 0.4620 0.4620 0.4620 0.4620 0.4620 0.4620 0.4620 0.4620 0.4620 0.4620 0.4620 0.4620 0.4620 0.4620 0.4620 0.4620 0.4620 0.4620 0.4620 0.4620 0.4620 0.4620 0.4620 0.4620 0.4620 0.4620 0.4620 0.4620 0.4620 0.4620 0.4620 0.4620 0.4620 0.4620 0.4620 0.4620 0.4620 0.4620 0.4620 0.4620 0.4620 0.4620 0.4620 0.4620 0.4620 0.4620 0.4620 0.4620 0.4620 0.4620 0.4620 0.4620 0.4620 0.4620 0.4620 0.4620 0.4620 0.4620 0.4620 0.4620 0.4620 0.4620 0.4620 0.4620 0.4620 0.4620 0.4620 0.4620 0.4620 0.4620 0.4620 0.4620 0.4620 0.4620 0.4620 0.4620 0.4620 0.4620 0.4620 0.4620 0.4620 0.4620 0.4620 0.4620 0.4620 0.4620 0.4620 0.4620 0.4620 0.4620 0.4620 0.4620 0.4620 0.4620 0.4620 0.4620 0.4620 0.4620 0.4620 0.4620 0.4620 0.4620 0.4620 0.4620 0.4620 0.4620 0.4620 0.4620 0.4620 0.4620 0.4620 0.4620 0.4620 0.4620 0.4620 0.4620 0.4620 0.4620 0.4620 0.4620 0.4620 0.4620 0.4620 0.4620 0.4620 0.4620 0.4620 0.4620 0.4620 0.4620 0.4620 0.4620 0.4620 0.4620 0.4620 0.4620 0.4620 0.4620 0.4620 0.4620 0.4620 0.4620 0.4620 0.4620 0.4620 0.4620 0.4620 0.4620 0.4620 0.4620 0.4620 0.4620 0.4620 0.4620 0.4620 0.4620 0.4620 0.4620 0.4620 0.4620 0.4620 0.4620 0.4620 0.4620 0.4620 0.4620 0.4620 0.4620 0.4620 0.4620 0.4620 0.4620 0.4620 0.4620 0.4620 0.4620 0.4620 0.4620 0.4620 0.4620 0.4620 0.4620 0.4620 0.4620 0.4620 0.4620 0.4620 0.4620 0.4620 0.4620 0.4620 0.4620 0.4620 0.4620 0.4620 0.4620 0.4620 0.4620 0.4620 0.4620 0.4620 0.4620 0.4620 0.4620 0.4620 0.4620 0.4620 0.4620 0.4620 0.4620 0.4620 0.4620 0.4620 0.4620 0.4620 0.4620 0.4620 0.4620 0.4620 0.4620 0.4620 0.4620 0.4620 0.4620 0.4620 0.4620 0.4620 0.4620 0.4620 0.4620 0.4620 0.4620 0.4620 0.4620 0.4620 0.4620 0.4620 0.4620 0.4620 0.4620 0.4620 0.4620 0.4620 0.4620 0.4620 0.4620 0.4620 0.4620 0.4620 0.4620 0.4620 0.4620 0.4620 0.4620 0.4620 0.4620 0.4620 0.4620 0.4620 0.4620 0.4620 0.4620 0.4620 0.4620 0.4620 0.4620 0.4620 0.4620 0.4620 0.4620 0.4620 0.4620 0.4620 0.4620 0.4620 0.4620 0.4620 0.4620 0.4620 0.4620 0.4620 0.4620 0.4620 0.4620 0.4620 0.4620 0.4620 0.4620 0.4620 0.4620 0.4620 0.4620 0.4620 0.4620 0.4620 0.4620 0.4620 0.4620 0.4620 0.4620 0.4620 0.4620 0.4620 0.4620 0.4620 0.4620 0.4620 0.4620 0.4620 0.4620 0.4620 0.4620 0.4620 0.4620 0.4620 0.4620 0.4620 0.4620 0.4620 0.4620 0.4620 0.4620 0.4620 0.4620 0.4620 0.4620 0.4620 0.4620 0.4620 0.4620 0.4620 0.4620 0.4620 0.4620 0.4620 0.4620 0.4620 0.4620 0.4620 0.4620 0.4620 0.4620 0.4620 0.4620 0.4620 0.4620 0.4620 0.4620 0.4620 0.4620 0.4620 0.4620 0.4620 0.4620 0.4620 0.4620 0.4620 0.4620 0.4620 0.4620 0.4620 0.4620 0.4620 0.4620 0.4620 0.4620 0.4620 0.4620 0.4620 0.4520 0.4520 0.4520 0.4520 0.4520 0.4520 0.4520 0.4520 0.4520 0.4520 0.4520 0.4520 0.4520 0.4520 0.4520 0.4520 0.4520 0.4520 0.4520 0.4520 0.4520 0.4520 0.4520 0.4520 0.4520 0.4520 0.4520 0.4520 0.4520 0.4520 0.4520 0.4520 0.4520 0.4520 0.4520 0.4520 0.4520 0.4520 0.4520 0.4520 0.4520 0.4520 0.4520 0.4520 0.4520 0.4520 0.4520 0.4520 0.4520 0.4520 0.4520 0.4520 0.4520 0.4520 0.4520 0.4520 0.4520 0.4520 0.4520 0.4520 0.4520 0.4520 0.4520 0.4520 0.4520 0.4520 0.4520 0.4520 0.4520 0.4520 0.4520 0.4520 0.4520 0.4520 0.4520 0.4520 0.4520 0.4520 0.4520 0.4520 0.4520 0.4520 0.4520 0.4520 0.4520 0.4520 0.4520 0.4520 0.4520 0.4520 0.4520 0.4520 0.4520 0.4520 0.4520 0.4520 0.4520 0.4520 0.4520 0.4520 0.4520 0.4520 0.4520 0.4520 0.4520 0.4520 0.4520 0.4520 0.4520 0.4520 0.4520 0.4520 0.4520 0.4520 0.4520 0.4520 0.4520 0.4520 0.4520 0.4520 0.4520 0.4520 0.4520 0.4520 0.4520 0.4520 0.4520 0.4520 0.4520 0.4520 0.4520 0.4520 0.4520 0.4520 0.4520 0.4520 0.4520 0.4520 0.4520 0.4520 0.4520 0.4520 0.4520 0.4520 0.4520 0.4520 0.4520 0.4520 0.4520 0.4520 0.4520 0.4520 0.4520 0.4520 0.4520 0.4520 0.4520 0.4520 0.4520 0.4520 0.4520 0.4520 0.4520 0.4520 0.4520 0.4520 0.4520 0.4520 0.4520 0.4520 0.4520 0.4520 0.4520 0.4520 0.4520 0.4520 0.4520 0.4520 0.4520 0.4520 0.4520 0.4520 0.4520 0.4520 0.4520 0.4520 0.4520 0.4520 0.4520 0.4520 0.4520 0.4520 0.4520 0.4520 0.4520 0.4520 0.4520 0.4520 0.4520 0.4520 0.4520 0.4520 0.4520 0.4520 0.4520 0.4520 0.4520 0.4520 0.4520 0.4520 0.4520 0.4520 0.4520 0.4520 0.4520 0.4520 0.4520 0.4520 0.4520 0.4520 0.4520 0.4520 0.4520 0.4520 0.4520 0.4520 0.4520 0.4520 0.4520 0.4520 0.4520 0.4520 0.4520 0.4520 0.4520 0.4520 0.4520 0.4520 0.4520 0.4520 0.4520 0.4520 0.4520 0.4520 0.4520 0.4520 0.4520 0.4520 0.4520 0.4520 0.4520 0.4520 0.4520 0.4520 0.4520 0.4520 0.4520 0.4520 0.4520 0.4520 0.4520 0.4520 0.4520 0.4520 0.4520 0.4520 0.4520 0.4520 0.4520 0.4520 0.4520 0.4520 0.4520 0.4520 0.4520 0.4520 0.4520 0.4520 0.4520 0.4520 0.4520 0.4520 0.4520 0.4520 0.4520 0.4520 0.4520 0.4520 0.4520 0.4520 0.4520 0.4520 0.4520 0.4520 0.4520 0.4520 0.4520 0.4520 0.4520 0.4520 0.4520 0.4520 0.4520 0.4520 0.4520 0.4520 0.4520 0.4520 0.4520 0.4520 0.4520 0.4520 0.4520 0.4520 0.4520 0.4520 0.4520 0.4520 0.4520 0.4520 0.4520 0.4520 0.4520 0.4520 0.4520 0.4520 0.4520 0.4520 0.4520 0.4520 0.4520 0.4520 0.4520 0.4520 0.4520 0.4520 0.4520 0.4520 0.4520 0.4520 0.4520 0.4520 0.4520 0.4520 0.4520 0.4520 0.4520 0.4520 0.4520 0.4520 0.4520 0.4520 0.4520 0.4520 0.4520 0.4520 0.4520 0.4520 0.4520 0.4520 0.4520 0.4520 0.4520 0.4520 0.4520 0.4520 0.4520 0.4520 0.4520 0.4520 0.4520 0.4520 0.4520 0.4520 0.4520 0.4520 0.4520 0.4520 0.4520 0.4520 0.4520 0.4520 0.4520 0.4520 0.4520 0.4520 0.4520 0.4520 0.4520 0.4520 0.4520 0.4520 0.4520 0.4520 0.4520 0.4520 0.4520 0.4520 0.4520 0.4520 0.4520 0.4520 0.4520 0.4520 0.4520 0.4520 0.4520 0.4520 0.4520 0.4520 0.4520 0.4520 0.4520 0.4520 0.4520 0.4520 0.4520 0.4520 0.4520 0.4520 0.4520 0.4520 0.4520 0.4520 0.4520 0.4520 0.4520 0.4520 0.4520 0.4520 0.4520 0.4520 0.4520 0.4520 0.4520 0.4520 0.4520 0.4520 0.4520 0.4520 0.4520 0.4520 0.4520 0.4520 0.4520 0.4520 0.4520 0.4520 0.4520 0.4520 0.4520 0.4520 0.4520 0.4520 0.4520 0.4520 0.4520 0.4520 0.4520 0.4520 0.4520 0.4520 0.4520 0.4520 0.4520 0.4520 0.4520 0.4520 0.4520 0.4520 0.4520 0.4520 0.4520 0.4520 0.4520 0.4520 0.4520 0.4520 0.4520 0.4520 0.4520 0.4520 0.4520 0.4520 0.4520 0.4520 0.4520 0.4520 0.4520 0.4520 0.4520 0.4520 0.4520 0.4520 0.4520 0.4520 0.4520 0.4520 0.4520 0.4520 0.4520 0.4520 0.4520 0.4520 0.4520 0.4520 0.4520 0.4520 0.4520 0.4520 0.4520 0.4520 0.4520 0.4520 0.4520 0.4520 0.4520 0.4520 0.4520 0.4520 0.4520 0.4520 0.4520 0.4520 0.4520 0.4520 0.4520 0.4520 0.4520 0.4520 0.4520 0.4520 0.4520 0.4520 0.4520 0.4520 0.4520 0.4520 0.4520 0.4520 0.4520 0.4520 0.4520 0.4520 0.4520 0.4520 0.4520 0.4520 0.4520 0.4520 0.4520 0.4520 0.4520 0.4520 0.4520 0.4520 0.4520 0.4520 0.4520 0.4520 0.4520 0.4520 0.4520 0.4520 0.4520 0.4520 0.4520 0.4520 0.4520 0.4520 0.4520 0.4520 0.4520 0.4520 0.4520 0.4520 0.4520 0.4520 0.4520 0.4520 0.4520 0.4520 0.4520 0.4520 0.4520 0.4520 0.4520 0.4520 0.4520 0.4520 0.4520 0.4520 0.4520 0.4520 0.4520 0.4520 0.4520 0.4520 0.4520 0.4520 0.4520 0.4520 0.4520 0.4520 0.4520 0.4520 0.4520 0.4520 0.4520 0.4520 0.4520 0.4520 0.4720 0.4720 0.4720 0.4720 0.4720 0.4720 0.4720 0.4720 0.4720 0.4720 0.4720 0.4720 0.4720 0.4720 0.4720 0.4720 0.4720 0.4720 0.4720 0.4720 0.4720 0.4720 0.4720 0.4720 0.4720 0.4720 0.4720 0.4720 0.4720 0.4720 0.4720 0.4720 0.4720 0.4720 0.4720 0.4720 0.4720 0.4720 0.4720 0.4720 0.4720 0.4720 0.4720 0.4720 0.4720 0.4720 0.4720 0.4720 0.4720 0.4720 0.4720 0.4720 0.4720 0.4720 0.4720 0.4720 0.4720 0.4720 0.4720 0.4720 0.4720 0.4720 0.4720 0.4720 0.4720 0.4720 0.4720 0.4720 0.4720 0.4720 0.4720 0.4720 0.4720 0.4720 0.4720 0.4720 0.4720 0.4720 0.4720 0.4720 0.4720 0.4720 0.4720 0.4720 0.4720 0.4720 0.4720 0.4720 0.4720 0.4720 0.4720 0.4720 0.4720 0.4720 0.4720 0.4720 0.4720 0.4720 0.4720 0.4720 0.4720 0.4720 0.4720 0.4720 0.4720 0.4720 0.4720 0.4720 0.4720 0.4720 0.4720 0.4720 0.4720 0.4720 0.4720 0.4720 0.4720 0.4720 0.4720 0.4720 0.4720 0.4720 0.4720 0.4720 0.4720 0.4720 0.4720 0.4720 0.4720 0.4720 0.4680 0.4680 0.4680 0.4680 0.4680 0.4680 0.4680 0.4680 0.4680 0.4680 0.4680 0.4680 0.4680 0.4680 0.4680 0.4680 0.4680 0.4680 0.4680 0.4680 0.4680 0.4680 0.4680 0.4680 0.4680 0.4680 0.4680 0.4680 0.4680 0.4680 0.4680 0.4680 0.4680 0.4680 0.4680 0.4680 0.4680 0.4680 0.4680 0.4680 0.4680 0.4680 0.4680 0.4680 0.4680 0.4680 0.4680 0.4680 0.4680 0.4680 0.4680 0.4680 0.4680 0.4680 0.4680 0.4680 0.4680 0.4680 0.4680 0.4680 0.4680 0.4680 0.4680 0.4680 0.4680 0.4680 0.4680 0.4680 0.4680 0.4680 0.4680 0.4680 0.4680 0.4680 0.4680 0.4680 0.4680 0.4680 0.4680 0.4680 0.4680 0.4680 0.4680 0.4680 0.4680 0.4680 0.4680 0.4680 0.4680 0.4680 0.4680 0.4680 0.4680 0.4680 0.4680 0.4680 0.4680 0.4680 0.4680 0.4680 0.4680 0.4680 0.4680 0.4680 0.4680 0.4680 0.4680 0.4680 0.4680 0.4680 0.4680 0.4680 0.4680 0.4680 0.4680 0.4680 0.4680 0.4680 0.4680 0.4680 0.4680 0.4680 0.4680 0.4680 0.3850 0.3850 0.3850 0.3850 0.3850 0.3850 0.3850 0.3850 0.3850 0.3850 0.3850 0.3850 0.3850 0.3850 0.3850 0.3850 0.3850 0.3850 0.3850 0.3850 0.3850 0.3850 0.3850 0.3850 0.3850 0.3850 0.3850 0.3850 0.3850 0.3850 0.3850 0.3850 0.3850 0.3850 0.3850 0.3850 0.3850 0.3850 0.3850 0.3850 0.3850 0.3850 0.3850 0.3850 0.3850 0.3850 0.3850 0.3850 0.3850 0.3850 0.3850 0.3850 0.3850 0.3850 0.3850 0.3850 0.3850 0.3850 0.3850 0.3850 0.3850 0.3850 0.3850 0.3850 0.3850 0.3850 0.3850 0.3850 0.3850 0.3850 0.3850 0.3850 0.3850 0.3850 0.3850 0.3850 0.3850 0.3850 0.3850 0.3850 0.3850 0.3850 0.3850 0.3850 0.3850 0.3850 0.3850 0.3850 0.3850 0.3850 0.3850 0.3850 0.3850 0.3850 0.3850 0.3850 0.3850 0.3850 0.3850 0.3850 0.3850 0.3850 0.3850 0.3850 0.3850 0.3850 0.3850 0.3850 0.3850 0.3850 0.3850 0.3850 0.3850 0.3850 0.3850 0.3850 0.3850 0.3850 0.3850 0.3850 0.3850 0.3850 0.3850 0.3850 0.3850 0.3850 0.3850 0.3850 0.3850 0.3850 0.3850 0.3850 0.3850 0.3850 0.3850 0.3850 0.3850 0.3850 0.3850 0.3850 0.3850 0.3850 0.3850 0.3850 0.3850 0.3850 0.3850 0.3850 0.3850 0.3850 0.3850 0.3850 0.3850 0.3850 0.3850 0.3850 0.3850 0.3850 0.3850 0.3850 0.3850 0.3850 0.3850 0.3850 0.3850 0.3850 0.3850 0.3850 0.3850 0.3850 0.3850 0.3850 0.3850 0.3850 0.3850 0.3850 0.3850 0.3850 0.3850 0.3850 0.3850 0.3850 0.3850 0.3850 0.3850 0.3850 0.3850 0.3850 0.3850 0.3850 0.3850 0.3850 0.3850 0.3850 0.3850 0.3850 0.3850 0.3850 0.3850 0.3850 0.3850 0.3850 0.3850 0.3850 0.3850 0.3850 0.3850 0.3850 0.3850 0.3850 0.3850 0.3850 0.3850 0.3850 0.3850 0.3850 0.3850 0.3850 0.3850 0.3850 0.3850 0.3850 0.3850 0.3850 0.3850 0.3850 0.3850 0.3850 0.3850 0.3850 0.3850 0.3850 0.3850 0.3850 0.3850 0.3850 0.3850 0.3850 0.3850 0.3850 0.3850 0.3850 0.3850 0.3850 0.3850 0.3850 0.3850 0.3850 0.3850 0.3850 0.3850 0.3850 0.3850 0.3850 0.3850 0.3850 0.3850 0.3850 0.3850 0.3850 0.3850 0.3850 0.3850 0.3850 0.3850 0.3850 0.3850 0.3850 0.3850 0.3850 0.3850 0.3850 0.3850 0.3850 0.3850 0.3850 0.3850 0.3850 0.3850 0.3850 0.3850 0.3850 0.3850 0.3850 0.3850 0.3850 0.3850 0.3850 0.3850 0.3850 0.3850 0.3850 0.3850 0.3850 0.3850 0.3850 0.3850 0.3850 0.3850 0.3850 0.3850 0.3850 0.3850 0.3850 0.3850 0.3850 0.3850 0.3850 0.3850 0.3850 0.3850 0.3850 0.3850 0.3850 0.3850 0.3850 0.3850 0.3850 0.3850 0.3850 0.3850 0.3850 0.3850 0.3850 0.3850 0.3850 0.3850 0.3850 0.3850 0.3850 0.3850 0.3850 0.3850 0.3850 0.3850 0.3850 0.3850 0.3850 0.3850 0.3850 0.3850 0.3850 0.3850 0.3850 0.3850 0.3850 0.3850 0.3850 0.3850 0.3850 0.3850 0.3850 0.3850 0.3850 0.3850 0.3850 0.3850 0.3850 0.3850 0.3850 0.3850 0.3850 0.3850 0.3850 0.3850 0.3850 0.3850 0.3850 0.3850 0.3850 0.3850 0.3850 0.3850 0.3850 0.3850 0.3850 0.3850 0.3850 0.3850 0.3850 0.3850 0.3850 0.3850 0.3850 0.3850 0.3850 0.3850 0.3850 0.3850 0.3850 0.3850 0.3850 0.3850 0.3850 0.3850 0.3850 0.3850 0.3850 0.3850 0.3850 0.3850 0.3850 0.3850 0.3850 0.3850 0.3850 0.3850 0.3850 0.3850 0.3850 0.3850 0.3850 0.3850 0.3850 0.3850 0.3850 0.3850 0.3850 0.3850 0.3850 0.3850 0.3850 0.3850 0.3850 0.3850 0.3850 0.3850 0.3850 0.3850 0.3850 0.3850 0.3850 0.3850 0.3850 0.3850 0.3850 0.3850 0.3850 0.3850 0.3850 0.3850 0.3850 0.3850 0.3850 0.3850 0.3850 0.3850 0.3850 0.3850 0.3850 0.3850 0.3850 0.3850 0.3850 0.3850 0.3850 0.3850 0.3850 0.3850 0.3850 0.3850 0.3850 0.3850 0.3850 0.3850 0.3850 0.3850 0.3850 0.3850 0.3850 0.3850 0.3850 0.3850 0.3850 0.3850 0.3850 0.3850 0.3850 0.3850 0.3850 0.3850 0.3850 0.3850 0.3850 0.3850 0.3850 0.3850 0.3850 0.3850 0.3850 0.3850 0.3850 0.3850 0.3850 0.3850 0.3850 0.3850 0.3850 0.3850 0.3850 0.3850 0.3850 0.3850 0.3850 0.3850 0.3850 0.3850 0.3850 0.3850 0.3850 0.3850 0.3850 0.3850 0.3850 0.3850 0.3850 0.3850 0.3850 0.3850 0.3850 0.3850 0.3850 0.3850 0.3850 0.3850 0.3850 0.3850 0.3850 0.3850 0.3850 0.3850 0.3850 0.3850 0.3850 0.3850 0.3850 0.3850 0.3850 0.3850 0.3850 0.3850 0.3850 0.3850 0.3850 0.3850 0.3850 0.3850 0.3850 0.3850 0.3850 0.3850 0.3850 0.3850 0.3850 0.3850 0.3850 0.3850 0.3850 0.3850 0.3850 0.3850 0.3850 0.3850 0.3850 0.3850 0.3850 0.3850 0.3850 0.3850 0.3850 0.3850 0.3850 0.3850 0.3850 0.3850 0.3850 0.3850 0.3850 0.3850 0.3850 0.3850 0.3850 0.3850 0.3850 0.3850 0.3850 0.3850 0.3850 0.3850 0.3850 0.3850 0.3850 0.3850 0.3850 0.3850 0.3850 0.3850 0.3850 0.3850 0.3850 0.3850 0.3850 0.3850 0.3850 0.3850 0.3850 0.3850 0.3850 0.3850 0.3850 0.3850 0.3850 0.3850 0.3850 0.3850 0.3850 0.3850 0.3850 0.3850 0.3850 0.3850 0.3850 0.3850 0.3850 0.3850 0.3850 0.3850 0.3850 0.3850 0.3850 0.3850 0.3850 0.3850 0.3850 0.3850 0.3850 0.3850 0.3850 0.3850 0.3850 0.3850 0.3850 0.3850 0.3850 0.3850 0.3850 0.3850 0.3850 0.3850 0.3850 0.3850 0.3850 0.3850 0.3850 0.3850 0.3850 0.3850 0.3850 0.3850 0.3850 0.3850 0.3850 0.3850 0.3850 0.3850 0.3850 0.3850 0.3850 0.3850 0.3850 0.3850 0.3850 0.3850 0.3850 0.3850 0.3850 0.3850 0.3850 0.3850 0.3850 0.3850 0.3850 0.3850 0.3850 0.3850 0.3850 0.3850 0.3850 0.3850 0.3850 0.3850 0.3850 0.3850 0.3850 0.3850 0.3850 0.3850 0.3850 0.3850 0.3850 0.3850 0.3850 0.3850 0.3850 0.3850 0.3850 0.3850 0.3850 0.3850 0.3850 0.3850 0.3850 0.3850 0.3850 0.3850 0.3850 0.3850 0.3850 0.3850 0.3850 0.3850 0.3850 0.3850 0.3850 0.3850 0.3850 0.3850 0.3850 0.3850 0.3850 0.3850 0.3850 0.3850 0.3850 0.3850 0.3850 0.3850 0.3850 0.3850 0.3850 0.3850 0.3850 0.3850 0.3850 0.3850 0.3850 0.3850 0.3850 0.3850 0.3850 0.3850 0.3850 0.3850 0.3850 0.3850 0.3850 0.3850 0.3850 0.3850 0.3850 0.3850 0.3850 0.3850 0.3850 0.3850 0.3850 0.3850 0.3850 0.3850 0.3850 0.3850 0.3850 0.3850 0.3850 0.3850 0.3850 0.3850 0.3850 0.3850 0.3850 0.3850 0.3850 0.3850 0.3850 0.3850 0.3850 0.3850 0.3850 0.3850 0.3850 0.3850 0.3850 0.3850 0.3850 0.3850 0.3850 0.3850 0.3850 0.3850 0.3850 0.3850 0.3850 0.3850 0.3850 0.3850 0.3850 0.3850 0.3850 0.3850 0.3850 0.3850 0.3850 0.3850 0.3850 0.3850 0.3850 0.3850 0.3850 0.3850 0.3850 0.3850 0.3850 0.3850 0.3850 0.3850 0.3850 0.3850 0.3850 0.3850 0.3850 0.3850 0.3850 0.3850 0.3850 0.3850 0.3850 0.3850 0.3850 0.3850 0.3850 0.3850 0.3850 0.3850 0.3850 0.3850 0.3850 0.3850 0.3850 0.3850 0.3850 0.3850 0.3850 0.3850 0.3850 0.3850 0.3850 0.3850 0.3850 0.3850 0.3850 0.3850 0.3850 0.3850 0.3850 0.3850 0.3850 0.3850 0.3850 0.3850 0.3850 0.3850 0.3850 0.3850 0.3850 0.3850 0.3850 0.3850 0.3850 0.3850 0.3850 0.3850 0.3850 0.3850 0.3850 0.3850 0.3850 0.3850 0.3850 0.3850 0.3850 0.3850 0.3850 0.3850 0.3850 0.3850 0.3850 0.3850 0.3850 0.3850 0.3850 0.3850 0.3850 0.3850 0.3850 0.3850 0.3850 0.3850 0.3850 0.3850 0.3850 0.3850 0.3850 0.3850 0.3850 0.3850 0.3850 0.3850 0.3850 0.3850 0.3850 0.3850 0.3850 0.3850 0.3850 0.3850 0.3850 0.3850 0.3850 0.3850 0.3850 0.3850 0.3850 0.3850 0.3850 0.3850 0.3850 0.3850 0.3850 0.3850 0.3850 0.3850 0.3850 0.3850 0.3850 0.3850 0.3850 0.3850 0.3850 0.3850 0.3850 0.3850 0.3850 0.3850 0.3850 0.3850 0.3850 0.3850 0.3850 0.3850 0.3850 0.3850 0.3850 0.3850 0.3850 0.3850 0.3850 0.3850 0.3850 0.3850 0.3850 0.3850 0.3850 0.3850 0.3850 0.3850 0.3850 0.3850 0.3850 0.3850 0.3850 0.3850 0.3850 0.3850 0.3850 0.3850 0.3850 0.3850 0.3850 0.3850 0.3850 0.3850 0.3850 0.3850 0.3850 0.3850 0.3850 0.3850 0.3850 0.3850 0.3850 0.3850 0.3850 0.3850 0.3850 0.3850 0.3850 0.3850 0.3850 0.3850 0.3850 0.3850 0.3850 0.3850 0.3850 0.3850 0.3850 0.3850 0.3850 0.3850 0.3850 0.3850 0.3850 0.3850 0.3850 0.3850 0.3850 0.3850 0.3850 0.3850 0.3850 0.3850 0.3850 0.3850 0.3850 0.3850 0.3850 0.3850 0.3850 0.3850 0.3850 0.3850 0.3850 0.3850 0.3850 0.3850 0.3850 0.3850 0.3850 0.3850 0.3850 0.3850 0.3850 0.3850 0.3850 0.3850 0.3850 0.3850 0.3850 0.3850 0.3850 0.3850 0.3850 0.3850 0.3850 0.3850 0.3850 0.3850 0.3850 0.3850 0.3850 0.3850 0.3850 0.3850 0.3850 0.3850 0.3850 0.3850 0.3850 0.3850 0.3850 0.3850 0.3850 0.3850 0.3850 0.3850 0.3850 0.3850 0.3850 0.3850 0.3850 0.3850 0.3850 0.3850 0.3850 0.3850 0.3850 0.3850 0.3850 0.3850 0.3850 0.3850 0.3850 0.3850 0.3850 0.3850 0.3850 0.3850 0.3850 0.3850 0.3850 0.3850 0.3850 0.3850 0.3850 0.3850 0.3850 0.3850 0.3850 0.3850 0.3850 0.3850 0.3850 0.3850 0.3850 0.3850 0.3850 0.3850 0.3850 0.3850 0.3850 0.3850 0.3850 0.3850 0.3850 0.3850 0.3850 0.3850 0.3850 0.3850 0.3850 0.3850 0.3850 0.3850 0.3850 0.3850 0.3850 0.3850 0.3850 0.3850 0.3850 0.3850 0.3850 0.3850 0.3850 0.3850 0.3850 0.3850 0.3850 0.3850 0.3850 0.3850 0.3850 0.3850 0.3850 0.3850 0.3850 0.3850 0.3850 0.3850 0.3850 0.3850 0.3850 0.3850 0.3850 0.3850 0.3850 0.3850 0.3850 0.3850 0.3850 0.3850 0.3850 0.3850 0.3850 0.3850 0.3850 0.3850 0.3850 0.3850 0.3850 0.3850 0.3850 0.3850 0.3850 0.3850 0.3850 0.3850 0.3850 0.3850 0.3850 0.3850 0.3850 0.3850 0.3850 0.3850 0.3850 0.3850 0.3850 0.3850 0.3850 0.3850 0.3850 0.3850 0.3850 0.3850 0.3850 0.3850 0.3850 0.3850 0.3850 0.3850 0.3850 0.3850 0.3850 0.3850 0.3850 0.3850 0.3850 0.3850 0.3850 0.3850 0.3850 0.3850 0.3850 0.3850 0.3850 0.3850 0.3850 0.3850 0.3850 0.3850 0.3850 0.3850 0.3850 0.3850 0.3850 0.3850 0.3850 0.3850 0.3850 0.3850 0.3850 0.3850 0.3850 0.3850 0.3850 0.3850 0.3850 0.3850 0.3850 0.3850 0.3850 0.3850 0.3850 0.3850 0.3850 0.3850 0.3850 0.3850 0.3850 0.3850 0.3850 0.3850 0.3850 0.3850 0.3850 0.3850 0.3850 0.3850 0.3850 0.3850 0.3850 0.3850 0.3850 0.3850 0.3850 0.3850 0.3850 0.3850 0.3850 0.3850 0.3850 0.3850 0.3850 0.3850 0.3850 0.3850 0.3850 0.3850 0.3850 0.3850 0.3850 0.3850 0.3850 0.3850 0.3850 0.3850 0.3850 0.3850 0.3850 0.3850 0.3850 0.3850 0.3850 0.3850 0.3850 0.3850 0.3850 0.3850 0.3850 0.3850 0.3850 0.3850 0.3850 0.3850 0.3850 0.3850 0.3850 0.3850 0.3850 0.3850 0.3850 0.3850 0.3850 0.3850 0.3850 0.3850 0.3850 0.3850 0.3850 0.3850 0.3850 0.3850 0.3850 0.3850 0.3850 0.3850 0.3850 0.3850 0.3850 0.3850 0.3850 0.3850 0.3850 0.3850 0.3850 0.3850 0.3850 0.3850 0.3850 0.3850 0.3850 0.3850 0.3850 0.3850 0.3850 0.3850 0.3850 0.3850 0.3850 0.3850 0.3850 0.3850 0.3850 0.3850 0.3850 0.3850 0.3850 0.3850 0.3850 0.3850 0.3850 0.3850 0.3850 0.3850 0.3850 0.3850 0.3850 0.3850 0.3850 0.3850 0.3850 0.3850 0.3850 0.3850 0.3850 0.3850 0.3850 0.3850 0.3850 0.3850 0.3850 0.3850 0.3850 0.3850 0.3850 0.3850 0.3850 0.3850 0.3850 0.3850 0.3850 0.3850 0.3850 0.3850 0.3850 0.3850 0.3850 0.3850 0.3850 0.3850 0.3850 0.3850 0.3850 0.3850 0.3850 0.3850 0.3850 0.3850 0.3850 0.3850 0.3850 0.3850 0.3850 0.3850 0.3850 0.3850 0.3850 0.3850 0.3850 0.3850 0.3850 0.3850 0.3850 0.3850 0.3850 0.3850 0.3850 0.3850 0.3850 0.3850 0.3850 0.3850 0.3850 0.3850 0.3850 0.3850 0.3850 0.3850 0.3850 0.3850 0.3850 0.3850 0.3850 0.3850 0.3850 0.3850 0.3850 0.3850 0.3850 0.3850 0.3850 0.3850 0.3850 0.3850 0.3850 0.3850 0.3850 0.3850 0.3850 0.3850 0.3850 0.3850 0.3850 0.3850 0.3850 0.3850 0.3850 0.3850 0.3850 0.3850 0.3850 0.3850 0.3850 0.3850 0.3850 0.3850 0.3850 0.3850 0.3850 0.3850 0.3850 0.3850 0.3850 0.3850 0.3850 0.3850 0.3850 0.3850 0.3850 0.3850 0.3850 0.3850 0.3850 0.3850 0.3850 0.3850 0.3850 0.3850 0.3850 0.3850 0.3850 0.3850 0.3850 0.3850 0.3850 0.3850 0.3850 0.3850 0.3850 0.3850 0.3850 0.3850 0.3850 0.3850 0.3850 0.3850 0.3850 0.3850 0.3850 0.3850 0.3850 0.3850 0.3850 0.3850 0.3850 0.3850 0.3850 0.3850 0.3850 0.3850 0.3850 0.3850 0.3850 0.3850 0.3850 0.3850 0.3850 0.3850 0.3850 0.3850 0.3850 0.3850 0.3850 0.3850 0.3850 0.3850 0.3850 0.3850 0.3850 0.3850 0.3850 0.3850 0.3850 0.3850 0.3850 0.3850 0.3850 0.3850 0.3850 0.3850 0.3850 0.3850 0.3850 0.3850 0.3850 0.3850 0.3850 0.3850 0.3850 0.3850 0.3850 0.3850 0.3850 0.3850 0.3850 0.3850 0.3850 0.3850 0.3850 0.3850 0.3850 0.3850 0.3850 0.3850 0.3850 0.3850 0.3850 0.3850 0.3850 0.3850 0.3850 0.3850 0.3850 0.3850 0.3850 0.3850 0.3850 0.3850 0.3850 0.3850 0.3850 0.3850 0.3850 0.3850 0.3850 0.3850 0.3850 0.3850 0.3850 0.3850 0.3850 0.3850 0.3850 0.3850 0.3850 0.3850 0.3850 0.3850 0.3850 0.3850 0.3850 0.3850 0.3850 0.3850 0.3850 0.3850 0.3850 0.3850 0.3850 0.3850 0.3850 0.3850 0.3850 0.3850 0.3850 0.3850 0.3850 0.3850 0.3850 0.3850 0.3850 0.3850 0.3850 0.3850 0.3850 0.3850 0.3850 0.3850 0.3850 0.3850 0.3850 0.3850 0.3850 0.3850 0.3850 0.3850 0.3850 0.3850 0.3850 0.3850 0.3850 0.3850 0.3850 0.3850 0.3850 0.3850 0.3850 0.3850 0.3850 0.3850 0.3850 0.3850 0.3850 0.3850 0.3850 0.3850 0.3850 0.3850 0.3850 0.3850 0.3850 0.3850 0.3850 0.3850 0.3850 0.3850 0.3850 0.3850 0.3850 0.3850 0.3850 0.3850 0.3850 0.3850 0.3850 0.3850 0.3850 0.3850 0.3850 0.3850 0.3850 0.3850 0.3850 0.3850 0.3850 0.3850 0.3850 0.3850 0.3850 0.3850 0.3850 0.3850 0.3850 0.3850 0.3850 0.3850 0.3850 0.3850 0.3850 0.3850 0.3850 0.3850 0.3850 0.3850 0.3850 0.3850 0.3850 0.3850 0.3850 0.3850 0.3850 0.3850 0.3850 0.3850 0.3850 0.3850 0.3850 0.3850 0.3850 0.3850 0.3850 0.3850 0.3850 0.3850 0.3850 0.3850 0.3850 0.3850 0.3850 0.3850 0.3850 0.3850 0.3850 0.3850 0.3850 0.3850 0.3850 0.3850 0.3850 0.3850 0.3850 0.3850 0.3850 0.3850 0.3850 0.3850 0.3850 0.3850 0.3850 0.3850 0.3850 0.3850 0.3850 0.3850 0.3850 0.3850 0.3850 0.3850 0.3850 0.3850 0.3850 0.3850 0.3850 0.3850 0.3850 0.3850 0.3850 0.3850 0.3850 0.3850 0.3850 0.3850 0.3850 0.3850 0.3850 0.3850 0.3850 0.3850 0.3850 0.3850 0.3850 0.3850 0.3850 0.3850 0.3850 0.3850 0.3850 0.3850 0.3850 0.3850 0.3850 0.3850 0.3850 0.3850 0.3850 0.3850 0.3850 0.3850 0.3850 0.3850 0.3850 0.3850 0.3850 0.3850 0.3850 0.3850 0.3850 0.3850 0.3850 0.3850 0.3850 0.3850 0.3850 0.3850 0.3850 0.3850 0.3850 0.3850 0.3850 0.3850 0.3850 0.3850 0.3850 0.3850 0.3850 0.3850 0.3850 0.3850 0.3850 0.3850 0.3850 0.3850 0.3850 0.3850 0.3850 0.3850 0.3850 0.3850 0.3850 0.3850 0.3850 0.3850 0.3850 0.3850 0.3850 0.3850 0.3850 0.3850 0.3850 0.3850 0.3850 0.3850 0.3850 0.3850 0.3850 0.3850 0.3850 0.3850 0.3850 0.3850 0.3850 0.3850 0.3850 0.3850 0.3850 0.3850 0.3850 0.3850 0.3850 0.3850 0.3850 0.3850 0.3850 0.3850 0.3850 0.3850 0.3850 0.3850 0.3850 0.3850 0.3850 0.3850 0.3850 0.3850 0.3850 0.3850 0.3850 0.3850 0.3850 0.3850 0.3850 0.3850 0.3850 0.3850 0.3850 0.3850 0.3850 0.3850 0.3850 0.3850 0.3850 0.3850 0.3850 0.3850 0.3850 0.3850 0.3850 0.3850 0.3850 0.3850 0.3850 0.3850 0.3850 0.3850 0.3850 0.3850 0.3850 0.3850 0.3850 0.3850 0.3850 0.3850 0.3850 0.3850 0.3850 0.3850 0.3850 0.3850 0.3850 0.3850 0.3850 0.3850 0.3850 0.3850 0.3850 0.3850 0.3850 0.3850 0.3850 0.3850 0.3850 0.3850 0.3850 0.3850 0.3850 0.3850 0.3850 0.3850 0.3850 0.3850 0.3850 0.3850 0.3850 0.3850 0.3850 0.3850 0.3850 0.3850 0.3850 0.3850 0.3850 0.3850 0.3850 0.3850 0.3850 0.3850 0.3850 0.3850 0.3850 0.3850 0.3850 0.3850 0.3850 0.3850 0.3850 0.3850 0.3850 0.3850 0.3850 0.3850 0.3850 0.3850 0.3850 0.3850 0.3850 0.3850 0.3850 0.3850 0.3850 0.3850 0.3850 0.3850 0.3850 0.3850 0.3850 0.3850 0.3850 0.3850 0.3850 0.3850 0.3850 0.3850 0.3850 0.3850 0.3850 0.3850 0.3850 0.3850 0.3850 0.3850 0.3850 0.3850 0.3850 0.3850 0.3850 0.3850 0.3850 0.3850 0.3850 0.3850 0.3850 0.3850 0.3850 0.3850 0.3850 0.3850 0.3850 0.3850 0.3850 0.3850 0.3850 0.3850 0.3850 0.3850 0.3850 0.3850 0.3850 0.3850 0.3850 0.3850 0.3850 0.3850 0.3850 0.3850 0.3850 0.3850 0.3850 0.3850 0.3850 0.3850 0.3850 0.3850 0.3850 0.3850 0.3850 0.3850 0.3850 0.3850 0.3850 0.3850 0.3850 0.3850 0.3850 0.3850 0.3850 0.3850 0.3850 0.3850 0.3850 0.3850 0.3850 0.3850 0.3850 0.3850 0.3850 0.3850 0.3850 0.3850 0.3850 0.3850 0.3850 0.3850 0.3850 0.3850 0.3850 0.3850 0.3850 0.3850 0.3850 0.3850 0.3850 0.3850 0.3850 0.3850 0.3850 0.3850 0.3850 0.3850 0.3850 0.3850 0.3850 0.3850 0.3850 0.3850 0.3850 0.3850 0.3850 0.3850 0.3850 0.3850 0.3850 0.3850 0.3850 0.3850 0.3850 0.3850 0.3850 0.3850 0.3850 0.3850 0.3850 0.3850 0.3850 0.3850 0.3850 0.3850 0.3850 0.3850 0.3850 0.3850 0.3850 0.3850 0.3850 0.3850 0.3850 0.3850 0.3850 0.3850 0.3850 0.3850 0.3850 0.3850 0.3850 0.3850 0.3850 0.3850 0.3850 0.3850 0.3850 0.3850 0.3850 0.3850 0.3850 0.3850 0.3850 0.3850 0.3850 0.3850 0.3850 0.3850 0.3850 0.3850 0.3850 0.3850 0.3850 0.3850 0.3850 0.3850 0.3850 0.3850 0.3850 0.3850 0.3850 0.3850 0.3850 0.3850 0.3850 0.3850 0.3850 0.3850 0.3850 0.3850 0.3850 0.3850 0.3850 0.3850 0.3850 0.3850 0.3850 0.3850 0.3850 0.3850 0.3850 0.3850 0.3850 0.3850 0.3850 0.3850 0.3850 0.3850 0.3850 0.3850 0.3850 0.3850 0.3850 0.3850 0.3850 0.3850 0.3850 0.3850 0.3850 0.3850 0.3850 0.3850 0.3850 0.3850 0.3850 0.3850 0.3850 0.3850 0.3850 0.3850 0.3850 0.3850 0.3850 0.3850 0.3850 0.3850 0.3850 0.3850 0.3850 0.3850 0.3850 0.3850 0.3850 0.3850 0.3850 0.3850 0.3850 0.3850 0.3850 0.3850 0.3850 0.3850 0.3850 0.3850 0.3850 0.3850 0.3850 0.3850 0.3850 0.3850 0.3850 0.3850 0.3850 0.3850 0.3850 0.3850 0.3850 0.3850 0.3850 0.3850 0.3850 0.3850 0.3850 0.3850 0.3850 0.3850 0.3850 0.3850 0.3850 0.3850 0.3850 0.3850 0.3850 0.3850 0.3850 0.3850 0.3850 0.3850 0.3850 0.3850 0.3850 0.3850 0.3850 0.3850 0.3850 0.3850 0.3850 0.3850 0.3850 0.3850 0.3850 0.3850 0.3850 0.3850 0.3850 0.3850 0.3850 0.3850 0.3850 0.3850 0.3850 0.3850 0.3850 0.3850 0.3850 0.3850 0.3850 0.3850 0.3850 0.3850 0.3850 0.3850 0.3850 0.3850 0.3850 0.3850 0.3850 0.3850 0.3850 0.3850 0.3850 0.3850 0.3850 0.3850 0.3850 0.3850 0.3850 0.3850 0.3850 0.3850 0.3850 0.3850 0.3850 0.3850 0.3850 0.3850 0.3850 0.3850 0.3850 0.3850 0.3850 0.3850 0.3850 0.3850 0.3850 0.3850 0.3850 0.3850 0.3850 0.3850 0.3850 0.3850 0.3850 0.3850 0.3850 0.3850 0.3850 0.3850 0.3850 0.3850 0.3850 0.3850 0.3850 0.3850 0.3850 0.3850 0.3850 0.3850 0.3850 0.3850 0.3850 0.3850 0.3850 0.3850 0.3850 0.3850 0.3850 0.3850 0.3850 0.3850 0.3850 0.3850 0.3850 0.3850 0.3850 0.3850 0.3850 0.3850 0.3850 0.3850 0.3850 0.3850 0.3850 0.3850 0.3850 0.3850 0.3850 0.3850 0.3850 0.3850 0.3850 0.3850 0.3850 0.3850 0.3850 0.3850 0.3850 0.3850 0.3850 0.3850 0.3850 0.3850 0.3850 0.3850 0.3850 0.3850 0.3850 0.3850 0.3850 0.3850 0.3850 0.3850 0.3850 0.3850 0.3850 0.3850 0.3850 0.3850 0.3850 0.3850 0.3850 0.3850 0.3850 0.3850 0.3850 0.3850 0.3850 0.3850 0.3850 0.3850 0.3850 0.3850 0.3850 0.3850 0.3850 0.3850 0.3850 0.3850 0.3850 0.3850 0.3850 0.3850 0.3850 0.3850 0.3850 0.3850 0.3850 0.3850 0.3850 0.3850 0.3850 0.3850 0.3850 0.3850 0.3850 0.3850 0.3850 0.3850 0.3850 0.3850 0.3850 0.3850 0.3850 0.3850 0.3850 0.3850 0.3850 0.3850 0.3850 0.3850 0.3850 0.3850 0.3850 0.3850 0.3850 0.3850 0.3850 0.3850 0.3850 0.3850 0.3850 0.3850 0.3850 0.3850 0.3850 0.3850 0.3850 0.3850 0.3850 0.3850 0.3850 0.3850 0.3850 0.3850 0.3850 0.3850 0.4580 0.4580 0.4580 0.4580 0.4580 0.4580 0.4580 0.4580 0.4580 0.4580 0.4580 0.4580 0.4580 0.4580 0.4580 0.4580 0.4580 0.4580 0.4580 0.4580 0.4580 0.4580 0.4580 0.4580 0.4580 0.4580 0.4580 0.4580 0.4580 0.4580 0.4580 0.4580 0.4580 0.4580 0.4580 0.4580 0.4580 0.4580 0.4580 0.4580 0.4580 0.4580 0.4580 0.4580 0.4580 0.4580 0.4580 0.4580 0.4580 0.4580 0.4580 0.4580 0.4580 0.4580 0.4580 0.4580 0.4580 0.4580 0.4580 0.4580 0.4580 0.4580 0.4580 0.4580 0.4580 0.4580 0.4580 0.4580 0.4580 0.4580 0.4580 0.4580 0.4580 0.4580 0.4580 0.4580 0.4580 0.4580 0.4580 0.4580 0.4580 0.4580 0.4580 0.4580 0.4580 0.4580 0.4580 0.4580 0.4580 0.4580 0.4580 0.4580 0.4580 0.4580 0.4580 0.4580 0.4580 0.4580 0.4580 0.4580 0.4580 0.4580 0.4580 0.4580 0.4580 0.4580 0.4580 0.4580 0.4580 0.4580 0.4580 0.4580 0.4580 0.4580 0.4580 0.4580 0.4580 0.4580 0.4580 0.4580 0.4580 0.4580 0.4580 0.4580 0.4580 0.4580 0.4580 0.4580 0.4580 0.4580 0.4580 0.4580 0.4580 0.4580 0.4580 0.4580 0.4580 0.4580 0.4580 0.4580 0.4580 0.4580 0.4580 0.4580 0.4580 0.4580 0.4580 0.4580 0.4580 0.4580 0.4580 0.4580 0.4580 0.4580 0.4580 0.4580 0.4580 0.4580 0.4580 0.4580 0.4580 0.4580 0.4580 0.4580 0.4580 0.4580 0.4580 0.4580 0.4580 0.4580 0.4580 0.4580 0.4580 0.4580 0.4580 0.4580 0.4580 0.4580 0.4580 0.4580 0.4580 0.4580 0.4580 0.4580 0.4580 0.4580 0.4580 0.4580 0.4580 0.4580 0.4580 0.4580 0.4580 0.4580 0.4580 0.4580 0.4580 0.4580 0.4580 0.4580 0.4580 0.4580 0.4580 0.4580 0.4580 0.4580 0.4580 0.4580 0.4580 0.4580 0.4580 0.4580 0.4580 0.4580 0.4580 0.4580 0.4580 0.4580 0.4580 0.4580 0.4580 0.4580 0.4580 0.4580 0.4580 0.4580 0.4580 0.4580 0.4580 0.4580 0.4580 0.4580 0.4580 0.4580 0.4580 0.4580 0.4580 0.4580 0.4580 0.4580 0.4580 0.4580 0.4580 0.4580 0.4580 0.4580 0.4580 0.4580 0.4580 0.4580 0.4580 0.4580 0.4580 0.4580 0.4580 0.4580 0.4580 0.4580 0.4580 0.4580 0.4580 0.4580 0.4580 0.4580 0.4580 0.4580 0.4580 0.4580 0.4580 0.4580 0.4580 0.4580 0.4580 0.4580 0.4580 0.4580 0.4580 0.4580 0.4580 0.4580 0.4580 0.4580 0.4580 0.4580 0.4580 0.4580 0.4580 0.4580 0.4580 0.4580 0.4580 0.4580 0.4580 0.4580 0.4580 0.4580 0.4580 0.4580 0.4580 0.4580 0.4580 0.4580 0.4580 0.4580 0.4580 0.4580 0.4580 0.4580 0.4580 0.4580 0.4580 0.4580 0.4580 0.4580 0.4580 0.4580 0.4580 0.4580 0.4580 0.4580 0.4580 0.4580 0.4580 0.4580 0.4580 0.4580 0.4580 0.4580 0.4580 0.4580 0.4580 0.4580 0.4580 0.4580 0.4580 0.4580 0.4580 0.4580 0.4580 0.4580 0.4580 0.4580 0.4580 0.4580 0.4580 0.4580 0.4580 0.4580 0.4580 0.4580 0.4580 0.4580 0.4580 0.4580 0.4580 0.4580 0.4580 0.4580 0.4580 0.4580 0.4580 0.4580 0.4580 0.4580 0.4580 0.4580 0.4580 0.4580 0.4580 0.4580 0.4580 0.4580 0.4580 0.4580 0.4580 0.4580 0.4580 0.4580 0.4580 0.4580 0.4580 0.4580 0.4580 0.4580 0.4580 0.4580 0.4580 0.4580 0.4580 0.4580 0.4580 0.4580 0.4580 0.4580 0.4580 0.4580 0.4580 0.4580 0.4580 0.4580 0.4580 0.4580 0.4580 0.4580 0.4580 0.4580 0.4580 0.4580 0.4580 0.4580 0.4580 0.4580 0.4580 0.4580 0.4580 0.4580 0.4580 0.4580 0.4580 0.4580 0.4580 0.4580 0.4580 0.4580 0.4580 0.4580 0.4580 0.4580 0.4580 0.4580 0.4580 0.4580 0.4580 0.4580 0.4580 0.4580 0.4580 0.4580 0.4580 0.4580 0.4580 0.4580 0.4580 0.4580 0.4580 0.4580 0.4580 0.4580 0.4580 0.4580 0.4580 0.4580 0.4580 0.4580 0.4580 0.4580 0.4580 0.4580 0.4580 0.4580 0.4580 0.4580 0.4580 0.4580 0.4580 0.4580 0.4580 0.4580 0.4580 0.4580 0.4580 0.4580 0.4580 0.4580 0.4580 0.4580 0.4580 0.4580 0.4580 0.4580 0.4580 0.4580 0.4580 0.4580 0.4580 0.4580 0.4580 0.4580 0.4580 0.4580 0.4580 0.4580 0.4580 0.4580 0.4580 0.4580 0.4580 0.4580 0.4580 0.4580 0.4580 0.4580 0.4580 0.4580 0.4580 0.4580 0.4580 0.4580 0.4580 0.4580 0.4580 0.4580 0.4580 0.4580 0.4580 0.4580 0.4580 0.4580 0.4580 0.4580 0.4580 0.4580 0.4580 0.4580 0.4580 0.4580 0.4580 0.4580 0.4580 0.4580 0.4580 0.4580 0.4580 0.4580 0.4580 0.4580 0.4580 0.4580 0.4580 0.4580 0.4580 0.4580 0.4580 0.4580 0.4580 0.4580 0.4580 0.4580 0.4580 0.4580 0.4580 0.4580 0.4580 0.4580 0.4580 0.4580 0.4580 0.4580 0.4580 0.4580 0.4580 0.4580 0.4580 0.4580 0.4580 0.4580 0.4580 0.4580 0.4580 0.4580 0.4580 0.4580 0.4580 0.4580 0.4580 0.4580 0.4580 0.4580 0.4580 0.4580 0.4580 0.4580 0.4580 0.4580 0.4580 0.4580 0.4580 0.4580 0.4580 0.4580 0.4580 0.4580 0.4580 0.4580 0.4580 0.4580 0.4580 0.4580 0.4580 0.4580 0.4580 0.4580 0.4580 0.4580 0.4580 0.4580 0.4580 0.4580 0.4580 0.4580 0.4580 0.4580 0.4580 0.4580 0.4580 0.4580 0.4580 0.4580 0.4580 0.4580 0.4580 0.4580 0.4580 0.4580 0.4580 0.4580 0.4580 0.4580 0.4580 0.4580 0.4580 0.4580 0.4580 0.4580 0.4580 0.4580 0.4580 0.4580 0.4580 0.4580 0.4580 0.4580 0.4580 0.4580 0.4580 0.4580 0.4580 0.4580 0.4580 0.4580 0.4580 0.4580 0.4580 0.4580 0.4580 0.4580 0.4580 0.4580 0.4580 0.4580 0.4580 0.4580 0.4580 0.4580 0.4580 0.4580 0.4580 0.4580 0.4580 0.4580 0.4580 0.4580 0.4580 0.4580 0.4580 0.4580 0.4580 0.4580 0.4580 0.4580 0.4580 0.4580 0.4580 0.4580 0.4580 0.4580 0.4580 0.4580 0.4580 0.4580 0.4580 0.4580 0.4580 0.4580 0.4580 0.4580 0.4580 0.4580 0.4580 0.4580 0.4580 0.4580 0.4580 0.4580 0.4580 0.4580 0.4580 0.4580 0.4580 0.4580 0.4580 0.4580 0.4580 0.4580 0.4580 0.4580 0.4580 0.4580 0.4580 0.4580 0.4580 0.4580 0.4580 0.4580 0.4580 0.4580 0.4580 0.4580 0.4580 0.4580 0.4580 0.4580 0.4580 0.4580 0.4580 0.4580 0.4580 0.4580 0.4580 0.4580 0.4580 0.4580 0.4580 0.4580 0.4580 0.4580 0.4580 0.4580 0.4580 0.4580 0.4580 0.4580 0.4580 0.4580 0.4580 0.4580 0.4580 0.4580 0.4580 0.4580 0.4580 0.4580 0.4580 0.4580 0.4580 0.4580 0.4580 0.4580 0.4580 0.4580 0.4580 0.4580 0.4580 0.4580 0.4580 0.4580 0.4580 0.4580 0.4580 0.4580 0.4580 0.4580 0.4580 0.4580 0.4580 0.4580 0.4580 0.4580 0.4580 0.4580 0.4580 0.4580 0.4580 0.4580 0.4580 0.4580 0.4580 0.4580 0.4580 0.4580 0.4580 0.4580 0.4580 0.4580 0.4580 0.4580 0.4580 0.4580 0.4580 0.4580 0.4580 0.4580 0.4580 0.4580 0.4580 0.4580 0.4580 0.4580 0.4580 0.4580 0.4580 0.4580 0.4580 0.4580 0.4580 0.4580 0.4580 0.4580 0.4580 0.4580 0.4580 0.4580 0.4580 0.4580 0.4580 0.4580 0.4580 0.4580 0.4580 0.4580 0.4580 0.4580 0.4580 0.4580 0.4580 0.4580 0.4580 0.4580 0.4580 0.4580 0.4580 0.4580 0.4580 0.4580 0.4580 0.4580 0.4580 0.4580 0.4580 0.4580 0.4580 0.4580 0.4580 0.4580 0.4580 0.4580 0.4580 0.4580 0.4580 0.4580 0.4580 0.4580 0.4580 0.4580 0.4580 0.4580 0.4580 0.4580 0.4580 0.4580 0.4580 0.4580 0.4580 0.4580 0.4580 0.4580 0.4580 0.4580 0.4580 0.4580 0.4580 0.4580 0.4580 0.4580 0.4580 0.4580 0.4580 0.4580 0.4580 0.4580 0.4580 0.4580 0.4580 0.4580 0.4580 0.4580 0.4580 0.4580 0.4580 0.4580 0.4580 0.4580 0.4580 0.4580 0.4580 0.4580 0.4580 0.4580 0.4580 0.4580 0.4580 0.4580 0.4580 0.4580 0.4580 0.4580 0.4580 0.4580 0.4580 0.4580 0.4580 0.4580 0.4580 0.4580 0.4580 0.4580 0.4580 0.4580 0.4580 0.4580 0.4580 0.4580 0.4580 0.4580 0.4580 0.4580 0.4580 0.4580 0.4580 0.4580 0.4580 0.4580 0.4580 0.4580 0.4580 0.4580 0.4580 0.4580 0.4580 0.4580 0.4580 0.4580 0.4580 0.4580 0.4580 0.4580 0.4580 0.4580 0.4580 0.4580 0.4580 0.4580 0.4580 0.4580 0.4580 0.4580 0.4580 0.4580 0.4580 0.4580 0.4580 0.4580 0.4580 0.4580 0.4580 0.4580 0.4580 0.4580 0.4580 0.4580 0.4580 0.4580 0.4580 0.4580 0.4580 0.4580 0.4580 0.4580 0.4580 0.4580 0.4580 0.4580 0.4580 0.4580 0.4580 0.4580 0.4580 0.4580 0.4580 0.4580 0.4580 0.4580 0.4580 0.4580 0.4580 0.4580 0.4580 0.4580 0.4580 0.4580 0.4580 0.4580 0.4580 0.4580 0.4580 0.4580 0.4580 0.4580 0.4580 0.4580 0.4580 0.4580 0.4580 0.4580 0.4580 0.4580 0.4580 0.4580 0.4580 0.4580 0.4580 0.4580 0.4580 0.4580 0.4580 0.4580 0.4580 0.4580 0.4580 0.4580 0.4580 0.4580 0.4580 0.4580 0.4580 0.4580 0.4580 0.4580 0.4580 0.4580 0.4580 0.4580 0.4580 0.4580 0.4580 0.4580 0.4580 0.4580 0.4580 0.4580 0.4580 0.4580 0.4580 0.4580 0.4580 0.4580 0.4580 0.4580 0.4580 0.4580 0.4580 0.4580 0.4580 0.4580 0.4580 0.4580 0.4580 0.4580 0.4580 0.4580 0.4580 0.4580 0.4580 0.4580 0.4580 0.4580 0.4580 0.4580 0.4580 0.4580 0.4580 0.4580 0.4580 0.4580 0.4610 0.4610 0.4610 0.4610 0.4610 0.4610 0.4610 0.4610 0.4610 0.4610 0.4610 0.4610 0.4610 0.4610 0.4610 0.4610 0.4610 0.4610 0.4610 0.4610 0.4610 0.4610 0.4610 0.4610 0.4610 0.4610 0.4610 0.4610 0.4610 0.4610 0.4610 0.4610 0.4610 0.4610 0.4610 0.4610 0.4610 0.4610 0.4610 0.4610 0.4610 0.4610 0.4610 0.4610 0.4610 0.4610 0.4610 0.4610 0.4610 0.4610 0.4610 0.4610 0.4610 0.4610 0.4610 0.4610 0.4610 0.4610 0.4610 0.4610 0.4610 0.4610 0.4610 0.4610 0.4610 0.4610 0.4610 0.4610 0.4610 0.4610 0.4610 0.4610 0.4610 0.4610 0.4610 0.4610 0.4610 0.4610 0.4610 0.4610 0.4610 0.4610 0.4610 0.4610 0.4610 0.4610 0.4610 0.4610 0.4610 0.4610 0.4610 0.4610 0.4610 0.4610 0.4610 0.4610 0.4610 0.4610 0.4610 0.4610 0.4610 0.4610 0.4610 0.4610 0.4610 0.4610 0.4610 0.4610 0.4610 0.4610 0.4610 0.4610 0.4610 0.4610 0.4610 0.4610 0.4610 0.4610 0.4610 0.4610 0.4610 0.4610 0.4610 0.4610 0.4610 0.4610 0.4610 0.4610 0.4610 0.4610 0.4610 0.4610 0.4610 0.4610 0.4610 0.4610 0.4610 0.4610 0.4610 0.4610 0.4610 0.4610 0.4610 0.4610 0.4610 0.4610 0.4610 0.4610 0.4610 0.4610 0.4610 0.4610 0.4610 0.4610 0.4610 0.4610 0.4610 0.4610 0.4610 0.4610 0.4610 0.4610 0.4610 0.4610 0.4610 0.4610 0.4610 0.4610 0.4610 0.4610 0.4610 0.4610 0.4610 0.4610 0.4610 0.4610 0.4610 0.4610 0.4610 0.4610 0.4610 0.4610 0.4610 0.4610 0.4610 0.4610 0.4610 0.4610 0.4610 0.4610 0.4610 0.4610 0.4610 0.4610 0.4610 0.4610 0.4610 0.4610 0.4610 0.4610 0.4610 0.4610 0.4610 0.4610 0.4610 0.4610 0.4610 0.4610 0.4610 0.4610 0.4610 0.4610 0.4610 0.4610 0.4610 0.4610 0.4610 0.4610 0.4610 0.4610 0.4610 0.4610 0.4610 0.4610 0.4610 0.4610 0.4610 0.4610 0.4610 0.4610 0.4610 0.4610 0.4610 0.4610 0.4610 0.4610 0.4610 0.4610 0.4610 0.4610 0.4610 0.4610 0.4610 0.4610 0.4610 0.4610 0.4610 0.4610 0.4610 0.4610 0.4610 0.4610 0.4610 0.4610 0.4610 0.4610 0.4610 0.4610 0.4610 0.4610 0.4610 0.4610 0.4610 0.4610 0.4610 0.4610 0.4610 0.4610 0.4610 0.4610 0.4610 0.4610 0.4610 0.4610 0.4610 0.4610 0.4610 0.4610 0.4610 0.4610 0.4610 0.4610 0.4610 0.4610 0.4610 0.4610 0.4610 0.4610 0.4610 0.4610 0.4610 0.4610 0.4610 0.4610 0.4610 0.4610 0.4610 0.4610 0.4610 0.4610 0.4610 0.4610 0.4610 0.4610 0.4610 0.4610 0.4610 0.4610 0.4610 0.4610 0.4610 0.4610 0.4610 0.4610 0.4610 0.4610 0.4610 0.4610 0.4610 0.4610 0.4610 0.4610 0.4610 0.4610 0.4610 0.4610 0.4610 0.4610 0.4610 0.4610 0.4610 0.4610 0.4610 0.4610 0.4610 0.4610 0.4610 0.4610 0.4610 0.4610 0.4610 0.4610 0.4610 0.4610 0.4610 0.4610 0.4610 0.4610 0.4610 0.4610 0.4610 0.4610 0.4610 0.4610 0.4610 0.4610 0.4610 0.4610 0.4610 0.4610 0.4610 0.4610 0.4610 0.4610 0.4610 0.4610 0.4610 0.4610 0.4610 0.4610 0.4610 0.4610 0.4610 0.4610 0.4610 0.4610 0.4610 0.4610 0.4610 0.4610 0.4610 0.4610 0.4610 0.4610 0.4610 0.4610 0.4610 0.4610 0.4610 0.4610 0.4610 0.4610 0.4610 0.4610 0.4610 0.4610 0.4610 0.4610 0.4610 0.4610 0.4610 0.4610 0.4610 0.4610 0.4610 0.4610 0.4610 0.4610 0.4610 0.4610 0.4610 0.4610 0.4610 0.4610 0.4610 0.4610 0.4610 0.4610 0.4610 0.4610 0.4610 0.4610 0.4610 0.4610 0.4610 0.4610 0.4610 0.4610 0.4610 0.4610 0.4610 0.4610 0.4610 0.4610 0.4610 0.4610 0.4610 0.4610 0.4610 0.4610 0.4610 0.4610 0.4610 0.4610 0.4610 0.4610 0.4610 0.4610 0.4610 0.4610 0.4610 0.4610 0.4610 0.4610 0.4610 0.4610 0.4610 0.4610 0.4610 0.4610 0.4610 0.4610 0.4610 0.4610 0.4610 0.4610 0.4610 0.4610 0.4610 0.4610 0.4610 0.4610 0.4610 0.4610 0.4610 0.4610 0.4610 0.4610 0.4610 0.4610 0.4610 0.4610 0.4610 0.4610 0.4610 0.4610 0.4610 0.4610 0.4610 0.4610 0.4610 0.4610 0.4610 0.4610 0.4610 0.4610 0.4610 0.4610 0.4610 0.4610 0.4610 0.4610 0.4610 0.4610 0.4610 0.4610 0.4610 0.4610 0.4610 0.4610 0.4610 0.4610 0.4610 0.4610 0.4610 0.4610 0.4610 0.4610 0.4610 0.4610 0.4610 0.4610 0.4610 0.4610 0.4610 0.4610 0.4610 0.4610 0.4610 0.4610 0.4610 0.4610 0.4610 0.4610 0.4610 0.4610 0.4610 0.4610 0.4610 0.4610 0.4610 0.4610 0.4610 0.4610 0.4610 0.4610 0.4610 0.4610 0.4610 0.4610 0.4610 0.4610 0.4610 0.4610 0.4610 0.4610 0.4610 0.4610 0.4610 0.4610 0.4610 0.4610 0.4610 0.4610 0.4610 0.4610 0.4610 0.4610 0.4610 0.4610 0.4610 0.4610 0.4610 0.4610 0.4610 0.4610 0.4610 0.4610 0.4610 0.4610 0.4610 0.4610 0.4610 0.4610 0.4610 0.4610 0.4610 0.4610 0.4610 0.4610 0.4610 0.4610 0.4610 0.4610 0.4610 0.4610 0.4610 0.4610 0.4610 0.4610 0.4610 0.4610 0.4610 0.4610 0.4610 0.4610 0.4610 0.4610 0.4610 0.4610 0.4610 0.4610 0.4610 0.4610 0.4610 0.4610 0.4610 0.4610 0.4610 0.4610 0.4610 0.4610 0.4610 0.4610 0.4610 0.4610 0.4610 0.4610 0.4610 0.4610 0.4610 0.4610 0.4610 0.4610 0.4610 0.4610 0.4610 0.4610 0.4610 0.4610 0.4610 0.4610 0.4610 0.4610 0.4610 0.4610 0.4610 0.4610 0.4610 0.4610 0.4610 0.4610 0.4610 0.4610 0.4610 0.4610 0.4610 0.4610 0.4610 0.4610 0.4610 0.4610 0.4610 0.4610 0.4610 0.4610 0.4610 0.4610 0.4610 0.4610 0.4610 0.4610 0.4610 0.4610 0.4610 0.4610 0.4610 0.4610 0.4610 0.4610 0.4610 0.4610 0.4610 0.4610 0.4610 0.4610 0.4610 0.4610 0.4610 0.4610 0.4610 0.4610 0.4610 0.4610 0.4610 0.4610 0.4610 0.4610 0.4610 0.4610 0.4610 0.4610 0.4610 0.4610 0.4610 0.4610 0.4610 0.4610 0.4610 0.4610 0.4610 0.4610 0.4610 0.4610 0.4610 0.4610 0.4610 0.4610 0.4610 0.4610 0.4610 0.4610 0.4610 0.4610 0.4610 0.4610 0.4610 0.4610 0.4610 0.4610 0.4610 0.4610 0.4610 0.4610 0.4610 0.4610 0.4610 0.4610 0.4610 0.4610 0.4610 0.4610 0.4610 0.4610 0.4610 0.4610 0.4610 0.4610 0.4610 0.4610 0.4610 0.4610 0.4610 0.4610 0.4610 0.4610 0.4610 0.4610 0.4610 0.4610 0.4610 0.4610 0.4610 0.4610 0.4610 0.4610 0.4610 0.4610 0.4610 0.4610 0.4610 0.4610 0.4610 0.4610 0.4610 0.4610 0.4610 0.4610 0.4610 0.4610 0.4610 0.4610 0.4610 0.4610 0.4610 0.4610 0.4610 0.4610 0.4610 0.4610 0.4610 0.4610 0.4610 0.4610 0.4610 0.4610 0.4610 0.4610 0.4610 0.4610 0.4610 0.4610 0.4610 0.4610 0.4610 0.4610 0.4610 0.4610 0.4610 0.4610 0.4610 0.4610 0.4610 0.4610 0.4610 0.4610 0.4610 0.4610 0.4610 0.4610 0.4610 0.4610 0.4610 0.4610 0.4610 0.4610 0.4610 0.4610 0.4610 0.4610 0.4610 0.4610 0.4610 0.4610 0.4610 0.4610 0.4610 0.4610 0.4610 0.4610 0.4610 0.4610 0.4610 0.4610 0.4610 0.4610 0.4610 0.4610 0.4610 0.4610 0.4610 0.4610 0.4610 0.4610 0.4610 0.4610 0.4610 0.4610 0.4610 0.4610 0.4610 0.4610 0.4610 0.4610 0.4610 0.4610 0.4610 0.4610 0.4610 0.4610 0.4610 0.4610 0.4610 0.4610 0.4610 0.4610 0.4610 0.4610 0.4610 0.4610 0.4610 0.4610 0.4610 0.4610 0.4610 0.4610 0.4610 0.4610 0.4610 0.4610 0.4610 0.4610 0.4610 0.4610 0.4610 0.4610 0.4610 0.4610 0.4610 0.4610 0.4610 0.4610 0.4610 0.4610 0.4610 0.4610 0.4610 0.4610 0.4610 0.4610 0.4610 0.4610 0.4610 0.4610 0.4610 0.4610 0.4610 0.4610 0.4610 0.4610 0.4610 0.4610 0.4610 0.4610 0.4610 0.4610 0.4610 0.4610 0.4610 0.4610 0.4610 0.4610 0.4610 0.4610 0.4610 0.4610 0.4610 0.4520 0.4520 0.4520 0.4520 0.4520 0.4520 0.4520 0.4520 0.4520 0.4520 0.4520 0.4520 0.4520 0.4520 0.4520 0.4520 0.4520 0.4520 0.4520 0.4520 0.4520 0.4520 0.4520 0.4520 0.4520 0.4520 0.4520 0.4520 0.4520 0.4520 0.4520 0.4520 0.4520 0.4520 0.4520 0.4520 0.4520 0.4520 0.4520 0.4520 0.4520 0.4520 0.4520 0.4520 0.4520 0.4520 0.4520 0.4520 0.4520 0.4520 0.4520 0.4520 0.4520 0.4520 0.4520 0.4520 0.4520 0.4520 0.4520 0.4520 0.4520 0.4520 0.4520 0.4520 0.4520 0.4520 0.4520 0.4520 0.4520 0.4520 0.4520 0.4520 0.4520 0.4520 0.4520 0.4520 0.4520 0.4520 0.4520 0.4520 0.4520 0.4520 0.4520 0.4520 0.4520 0.4520 0.4520 0.4520 0.4520 0.4520 0.4520 0.4520 0.4520 0.4520 0.4520 0.4520 0.4520 0.4520 0.4520 0.4520 0.4520 0.4520 0.4520 0.4520 0.4520 0.4520 0.4520 0.4520 0.4520 0.4520 0.4520 0.4520 0.4520 0.4520 0.4520 0.4520 0.4520 0.4520 0.4520 0.4520 0.4520 0.4520 0.4520 0.4520 0.4520 0.4520 0.4520 0.4520 0.4520 0.4520 0.4520 0.4520 0.4520 0.4520 0.4520 0.4520 0.4520 0.4520 0.4520 0.4520 0.4520 0.4520 0.4520 0.4520 0.4520 0.4520 0.4520 0.4520 0.4520 0.4520 0.4520 0.4520 0.4520 0.4520 0.4520 0.4520 0.4520 0.4520 0.4520 0.4520 0.4520 0.4520 0.4520 0.4520 0.4520 0.4520 0.4520 0.4520 0.4520 0.4520 0.4520 0.4520 0.4520 0.4520 0.4520 0.4520 0.4520 0.4520 0.4520 0.4520 0.4520 0.4520 0.4520 0.4520 0.4520 0.4520 0.4520 0.4520 0.4520 0.4520 0.4520 0.4520 0.4520 0.4520 0.4520 0.4520 0.4520 0.4520 0.4520 0.4520 0.4520 0.4520 0.4520 0.4520 0.4520 0.4520 0.4520 0.4520 0.4520 0.4520 0.4520 0.4520 0.4520 0.4520 0.4520 0.4520 0.4520 0.4520 0.4520 0.4520 0.4520 0.4520 0.4520 0.4520 0.4520 0.4520 0.4520 0.4520 0.4520 0.4520 0.4520 0.4520 0.4520 0.4520 0.4520 0.4520 0.4520 0.4520 0.4520 0.4520 0.4520 0.4520 0.4520 0.4520 0.4520 0.4520 0.4520 0.4520 0.4520 0.4520 0.4520 0.4520 0.4520 0.4520 0.4520 0.4520 0.4520 0.4520 0.4520 0.4520 0.4520 0.4520 0.4520 0.4520 0.4520 0.4520 0.4520 0.4520 0.4520 0.4520 0.4520 0.4520 0.4520 0.4520 0.4520 0.4520 0.4520 0.4520 0.4520 0.4520 0.4520 0.4520 0.4520 0.4520 0.4520 0.4520 0.4520 0.4520 0.4520 0.4520 0.4520 0.4520 0.4520 0.4520 0.4520 0.4520 0.4520 0.4520 0.4520 0.4520 0.4520 0.4520 0.4520 0.4520 0.4520 0.4520 0.4520 0.4520 0.4520 0.4520 0.4520 0.4520 0.4520 0.4520 0.4520 0.4520 0.4520 0.4520 0.4520 0.4520 0.4520 0.4520 0.4520 0.4520 0.4520 0.4520 0.4520 0.4520 0.4520 0.4520 0.4520 0.4520 0.4520 0.4520 0.4520 0.4520 0.4520 0.4520 0.4520 0.4520 0.4520 0.4520 0.4520 0.4520 0.4520 0.4520 0.4520 0.4520 0.4520 0.4520 0.4520 0.4520 0.4520 0.4520 0.4520 0.4520 0.4520 0.4520 0.4520 0.4520 0.4520 0.4520 0.4520 0.4520 0.4520 0.4520 0.4520 0.4520 0.4520 0.4520 0.4520 0.4520 0.4520 0.4520 0.4520 0.4520 0.4520 0.4520 0.4520 0.4520 0.4520 0.4520 0.4520 0.4520 0.4520 0.4520 0.4520 0.4520 0.4520 0.4520 0.4520 0.4520 0.4520 0.4520 0.4520 0.4520 0.4520 0.4520 0.4520 0.4520 0.4520 0.4520 0.4520 0.4520 0.4520 0.4520 0.4520 0.4520 0.4520 0.4520 0.4520 0.4520 0.4520 0.4520 0.4520 0.4520 0.4520 0.4520 0.4520 0.4520 0.4520 0.4520 0.4520 0.4520 0.4520 0.4520 0.4520 0.4520 0.4520 0.4520 0.4520 0.4520 0.4520 0.4520 0.4520 0.4520 0.4520 0.4520 0.4520 0.4520 0.4520 0.4520 0.4520 0.4520 0.4520 0.4520 0.4520 0.4520 0.4520 0.4520 0.4520 0.4520 0.4520 0.4520 0.4520 0.4520 0.4520 0.4520 0.4520 0.4520 0.4520 0.4520 0.4520 0.4520 0.4520 0.4520 0.4520 0.4520 0.4520 0.4520 0.4520 0.4520 0.4520 0.4520 0.4520 0.4520 0.4520 0.4520 0.4520 0.4520 0.4520 0.4520 0.4520 0.4520 0.4520 0.4520 0.4520 0.4520 0.4520 0.4520 0.4520 0.4520 0.4520 0.4520 0.4520 0.4520 0.4520 0.4520 0.4520 0.4520 0.4520 0.4520 0.4520 0.4520 0.4520 0.4520 0.4520 0.4520 0.4520 0.4520 0.4520 0.4520 0.4520 0.4520 0.4520 0.4520 0.4520 0.4520 0.4520 0.4520 0.4520 0.4520 0.4520 0.4520 0.4520 0.4520 0.4520 0.4520 0.4520 0.4520 0.4520 0.4520 0.4520 0.4520 0.4520 0.4520 0.4520 0.4520 0.4520 0.4520 0.4520 0.4520 0.4520 0.4520 0.4520 0.4520 0.4520 0.4520 0.4520 0.4520 0.4520 0.4520 0.4520 0.4520 0.4520 0.4520 0.4520 0.4520 0.4520 0.4520 0.4520 0.4520 0.4520 0.4520 0.4520 0.4520 0.4520 0.4520 0.4520 0.4520 0.4520 0.4520 0.4520 0.4520 0.4520 0.4520 0.4520 0.4520 0.4520 0.4520 0.4520 0.4520 0.4520 0.4520 0.4520 0.4520 0.4520 0.4520 0.4520 0.4520 0.4520 0.4520 0.4520 0.4520 0.4520 0.4520 0.4520 0.4520 0.4520 0.4520 0.4520 0.4520 0.4520 0.4520 0.4520 0.4520 0.4520 0.4520 0.4520 0.4520 0.4520 0.4520 0.4520 0.4520 0.4520 0.4520 0.4520 0.4520 0.4520 0.4520 0.4520 0.4520 0.4520 0.4520 0.4520 0.4520 0.4520 0.4520 0.4520 0.4520 0.4520 0.4520 0.4520 0.4520 0.4520 0.4520 0.4520 0.4520 0.4520 0.4520 0.4520 0.4520 0.4520 0.4520 0.4520 0.4520 0.4520 0.4520 0.4520 0.4520 0.4520 0.4520 0.4520 0.4520 0.4520 0.4520 0.4520 0.4520 0.4520 0.4520 0.4520 0.4520 0.4520 0.4520 0.4520 0.4520 0.4520 0.4520 0.4520 0.4520 0.4520 0.4520 0.4520 0.4520 0.4520 0.4520 0.4520 0.4520 0.4520 0.4520 0.4520 0.4520 0.4520 0.4520 0.4520 0.4520 0.4520 0.4520 0.4520 0.4520 0.4520 0.4520 0.4520 0.4520 0.4520 0.4520 0.4520 0.4520 0.4520 0.4520 0.4520 0.4520 0.4520 0.4520 0.4520 0.4520 0.4520 0.4520 0.4520 0.4520 0.4520 0.4520 0.4520 0.4520 0.4520 0.4520 0.4520 0.4520 0.4520 0.4520 0.4520 0.4520 0.4520 0.4520 0.4520 0.4520 0.4520 0.4520 0.4520 0.4520 0.4520 0.4520 0.4520 0.4520 0.4520 0.4520 0.4520 0.4520 0.4520 0.4520 0.4520 0.4520 0.4520 0.4520 0.4520 0.4520 0.4520 0.4520 0.4520 0.4520 0.4520 0.4520 0.4520 0.4520 0.4520 0.4520 0.4520 0.4520 0.4520 0.4520 0.4520 0.4520 0.4520 0.4520 0.4520 0.4520 0.4520 0.4520 0.4520 0.4520 0.4520 0.4520 0.4520 0.4520 0.4520 0.4520 0.4520 0.4520 0.4520 0.4520 0.4520 0.4520 0.4520 0.4520 0.4520 0.4520 0.4520 0.4520 0.4520 0.4520 0.4520 0.4520 0.4520 0.4520 0.4520 0.4520 0.4520 0.4520 0.4520 0.4520 0.4520 0.4520 0.4520 0.4520 0.4520 0.4520 0.4520 0.4520 0.4520 0.4520 0.4520 0.4520 0.4520 0.4520 0.4520 0.4520 0.4520 0.4520 0.4520 0.4680 0.4680 0.4680 0.4680 0.4680 0.4680 0.4680 0.4680 0.4680 0.4680 0.4680 0.4680 0.4680 0.4680 0.4680 0.4680 0.4680 0.4680 0.4680 0.4680 0.4680 0.4680 0.4680 0.4680 0.4680 0.4680 0.4680 0.4680 0.4680 0.4680 0.4680 0.4680 0.4680 0.4680 0.4680 0.4680 0.4680 0.4680 0.4680 0.4680 0.4680 0.4680 0.4680 0.4680 0.4680 0.4680 0.4680 0.4680 0.4680 0.4680 0.4680 0.4680 0.4680 0.4680 0.4680 0.4680 0.4680 0.4680 0.4680 0.4680 0.4680 0.4680 0.4680 0.4680 0.4680 0.4680 0.4680 0.4680 0.4680 0.4680 0.4680 0.4680 0.4680 0.4680 0.4680 0.4680 0.4680 0.4680 0.4680 0.4680 0.4680 0.4680 0.4680 0.4680 0.4680 0.4680 0.4680 0.4680 0.4680 0.4680 0.4680 0.4680 0.4680 0.4680 0.4680 0.4680 0.4680 0.4680 0.4680 0.4680 0.4680 0.4680 0.4680 0.4680 0.4680 0.4680 0.4680 0.4680 0.4680 0.4680 0.4680 0.4680 0.4680 0.4680 0.4680 0.4680 0.4680 0.4680 0.4680 0.4680 0.4680 0.4680 0.4680 0.4680 0.4680 0.4680 0.4680 0.4680 0.4680 0.4680 0.4680 0.4680 0.4680 0.4680 0.4680 0.4680 0.4680 0.4680 0.4680 0.4680 0.4680 0.4680 0.4680 0.4680 0.4680 0.4680 0.4680 0.4680 0.4680 0.4680 0.4680 0.4680 0.4680 0.4680 0.4680 0.4680 0.4680 0.4680 0.4680 0.4680 0.4680 0.4680 0.4680 0.4680 0.4680 0.4680 0.4680 0.4680 0.4680 0.4680 0.4680 0.4680 0.4680 0.4680 0.4680 0.4680 0.4680 0.4680 0.4680 0.4680 0.4680 0.4680 0.4680 0.4680 0.4680 0.4680 0.4680 0.4680 0.4680 0.4680 0.4680 0.4680 0.4680 0.4680 0.4680 0.4680 0.4680 0.4680 0.4680 0.4680 0.4680 0.4680 0.4680 0.4680 0.4680 0.4680 0.4680 0.4680 0.4680 0.4680 0.4680 0.4680 0.4680 0.4680 0.4680 0.4680 0.4680 0.4680 0.4680 0.4680 0.4680 0.4680 0.4680 0.4680 0.4680 0.4680 0.4680 0.4680 0.4680 0.4680 0.4680 0.4680 0.4680 0.4680 0.4680 0.4680 0.4680 0.4680 0.4680 0.4680 0.4680 0.4680 0.4680 0.4680 0.4680 0.4680 0.4680 0.4680 0.4680 0.4680 0.4680 0.4680 0.4680 0.4680 0.4680 0.4680 0.4680 0.4680 0.4680 0.4680 0.4680 0.4680 0.4680 0.4680 0.4680 0.4680 0.4680 0.4680 0.4680 0.4680 0.4680 0.4680 0.4680 0.4680 0.4680 0.4680 0.4680 0.4680 0.4680 0.4680 0.4680 0.4680 0.4680 0.4680 0.4680 0.4680 0.4680 0.4680 0.4680 0.4680 0.4680 0.4680 0.4680 0.4680 0.4680 0.4680 0.4680 0.4680 0.4680 0.4680 0.4680 0.4680 0.4680 0.4680 0.4680 0.4680 0.4680 0.4680 0.4680 0.4680 0.4680 0.4680 0.4680 0.4680 0.4680 0.4680 0.4680 0.4680 0.4680 0.4680 0.4680 0.4680 0.4680 0.4680 0.4680 0.4680 0.4680 0.4680 0.4680 0.4680 0.4680 0.4680 0.4680 0.4680 0.4680 0.4680 0.4680 0.4680 0.4680 0.4680 0.4680 0.4680 0.4680 0.4680 0.4680 0.4680 0.4680 0.4680 0.4680 0.4680 0.4680 0.4680 0.4680 0.4680 0.4680 0.4680 0.4680 0.4680 0.4680 0.4680 0.4680 0.4680 0.4680 0.4680 0.4680 0.4680 0.4680 0.4680 0.4680 0.4680 0.4680 0.4680 0.4680 0.4680 0.4680 0.4680 0.4680 0.4680 0.4680 0.4680 0.4680 0.4680 0.4680 0.4680 0.4680 0.4680 0.4680 0.4680 0.4680 0.4680 0.4680 0.4680 0.4680 0.4680 0.4680 0.4680 0.4680 0.4680 0.4680 0.4680 0.4680 0.4680 0.4680 0.4680 0.4680 0.4680 0.4680 0.4680 0.4680 0.4680 0.4680 0.4680 0.4680 0.4680 0.4680 0.4680 0.4680 0.4680 0.4680 0.4680 0.4680 0.4680 0.4680 0.4680 0.4680 0.4680 0.4680 0.4680 0.4680 0.4680 0.4680 0.4680 0.4680 0.4680 0.4680 0.4680 0.4680 0.4680 0.4680 0.4680 0.4680 0.4680 0.4680 0.4680 0.4680 0.4680 0.4680 0.4680 0.4680 0.4680 0.4680 0.4680 0.4680 0.4680 0.4680 0.4680 0.4680 0.4680 0.4680 0.4680 0.4680 0.4680 0.4680 0.4680 0.4680 0.4680 0.4680 0.4680 0.4680 0.4680 0.4680 0.4680 0.4680 0.4680 0.4680 0.4680 0.4680 0.4680 0.4680 0.4680 0.4680 0.4680 0.4680 0.4680 0.4680 0.4680 0.4680 0.4680 0.4680 0.4680 0.4680 0.4680 0.4680 0.4680 0.4680 0.4680 0.4680 0.4680 0.4680 0.4680 0.4680 0.4680 0.4680 0.4680 0.4680 0.4680 0.4680 0.4680 0.4680 0.4680 0.4680 0.4680 0.4680 0.4680 0.4680 0.4680 0.4680 0.4680 0.4680 0.4680 0.4680 0.4680 0.4680 0.4680 0.4680 0.4680 0.4680 0.4680 0.4680 0.4680 0.4680 0.4680 0.4680 0.4680 0.4680 0.4680 0.4680 0.4680 0.4680 0.4680 0.4680 0.4680 0.4680 0.4680 0.4680 0.4680 0.4680 0.4680 0.4680 0.4680 0.4680 0.4680 0.4680 0.4680 0.4680 0.4680 0.4680 0.4680 0.4680 0.4680 0.4680 0.4680 0.4680 0.4680 0.4680 0.4680 0.4900 0.4900 0.4900 0.4900 0.4900 0.4900 0.4900 0.4900 0.4900 0.4900 0.4900 0.4900 0.4900 0.4900 0.4900 0.4900 0.4900 0.4900 0.4900 0.4900 0.4900 0.4900 0.4900 0.4900 0.4900 0.4900 0.4900 0.4900 0.4900 0.4900 0.4900 0.4900 0.4900 0.4900 0.4900 0.4900 0.4900 0.4900 0.4900 0.4900 0.4900 0.4900 0.4900 0.4900 0.4900 0.4900 0.4900 0.4900 0.4900 0.4900 0.4900 0.4900 0.4900 0.4900 0.4900 0.4900 0.4900 0.4900 0.4900 0.4900 0.4900 0.4900 0.4900 0.4900 0.4900 0.4900 0.4900 0.4900 0.4900 0.4900 0.4900 0.4900 0.4900 0.4900 0.4900 0.4900 0.4900 0.4900 0.4900 0.4900 0.4900 0.4900 0.4900 0.4900 0.4900 0.4900 0.4900 0.4900 0.4900 0.4900 0.4900 0.4900 0.4900 0.4900 0.4900 0.4900 0.4900 0.4900 0.4900 0.4900 0.4900 0.4900 0.4900 0.4900 0.4900 0.4900 0.4900 0.4900 0.4900 0.4900 0.4900 0.4900 0.4900 0.4900 0.4900 0.4900 0.4900 0.4900 0.4900 0.4900 0.4900 0.4900 0.4900 0.4900 0.4900 0.4900 0.4900 0.4900 0.4900 0.4900 0.4900 0.4900 0.4900 0.4900 0.4900 0.4900 0.4900 0.4900 0.4900 0.4900 0.4900 0.4900 0.4900 0.4900 0.4900 0.4900 0.4900 0.4900 0.4900 0.4900 0.4900 0.4900 0.4900 0.4900 0.4900 0.4900 0.4900 0.4900 0.4900 0.4900 0.4900 0.4900 0.4900 0.4900 0.4900 0.4900 0.4900 0.4900 0.4900 0.4900 0.4900 0.4900 0.4900 0.4900 0.4900 0.4900 0.4900 0.4900 0.4900 0.4900 0.4900 0.4900 0.4900 0.4900 0.4900 0.4900 0.4900 0.4900 0.4900 0.4900 0.4900 0.4900 0.4900 0.4900 0.4900 0.4900 0.4900 0.4900 0.4900 0.4900 0.4900 0.4900 0.4900 0.4900 0.4900 0.4900 0.4900 0.4900 0.4900 0.4900 0.4900 0.4900 0.4900 0.4900 0.4900 0.4900 0.4900 0.4900 0.4900 0.4900 0.4900 0.4900 0.4900 0.4900 0.4900 0.4900 0.4900 0.4900 0.4900 0.4900 0.4900 0.4900 0.4900 0.4900 0.4900 0.4900 0.4900 0.4900 0.4900 0.4900 0.4900 0.4900 0.4900 0.4900 0.4900 0.4900 0.4900 0.4900 0.4900 0.4900 0.4900 0.4900 0.4900 0.4900 0.4900 0.4900 0.4900 0.4900 0.4900 0.4900 0.4900 0.4900 0.4900 0.4900 0.4900 0.4900 0.4900 0.4900 0.4900 0.4900 0.4900 0.4900 0.4900 0.4900 0.4900 0.4900 0.4900 0.4900 0.4900 0.4900 0.4900 0.4900 0.4900 0.4900 0.4900 0.4900 0.4900 0.4900 0.4900 0.4900 0.4900 0.4900 0.4900 0.4900 0.4900 0.4900 0.4900 0.4900 0.4900 0.4900 0.4900 0.4900 0.4900 0.4900 0.4900 0.4900 0.4900 0.4900 0.4900 0.4900 0.4900 0.4900 0.4900 0.4900 0.4900 0.4900 0.4900 0.4900 0.4900 0.4900 0.4900 0.4900 0.4900 0.4900 0.4900 0.4900 0.4900 0.4900 0.4900 0.4900 0.4900 0.4900 0.4900 0.4900 0.4900 0.4900 0.4900 0.4900 0.4900 0.4900 0.4900 0.4900 0.4900 0.4900 0.4900 0.4900 0.4900 0.4900 0.4900 0.4900 0.4900 0.4900 0.4900 0.4900 0.4900 0.4900 0.4900 0.4900 0.4900 0.4900 0.4900 0.4900 0.4900 0.4900 0.4900 0.4900 0.4900 0.4900 0.4900 0.4900 0.4900 0.4900 0.4900 0.4900 0.4900 0.4900 0.4900 0.4900 0.4900 0.4900 0.4900 0.4900 0.4900 0.4900 0.4900 0.4900 0.4900 0.4900 0.4900 0.4900 0.4900 0.4900 0.4900 0.4900 0.4900 0.4900 0.4900 0.4900 0.4900 0.4900 0.4900 0.4900 0.4900 0.4900 0.4900 0.4900 0.4900 0.4900 0.4900 0.4900 0.4900 0.4900 0.4900 0.4900 0.4900 0.4900 0.4900 0.4900 0.4480 0.4480 0.4480 0.4480 0.4480 0.4480 0.4480 0.4480 0.4480 0.4480 0.4480 0.4480 0.4480 0.4480 0.4480 0.4480 0.4480 0.4480 0.4480 0.4480 0.4480 0.4480 0.4480 0.4480 0.4480 0.4480 0.4480 0.4480 0.4480 0.4480 0.4480 0.4480 0.4480 0.4480 0.4480 0.4480 0.4480 0.4480 0.4480 0.4480 0.4480 0.4480 0.4480 0.4480 0.4480 0.4480 0.4480 0.4480 0.4480 0.4480 0.4480 0.4480 0.4480 0.4480 0.4480 0.4480 0.4480 0.4480 0.4480 0.4480 0.4480 0.4480 0.4480 0.4480 0.4480 0.4480 0.4480 0.4480 0.4480 0.4480 0.4480 0.4480 0.4480 0.4480 0.4480 0.4480 0.4480 0.4480 0.4480 0.4480 0.4480 0.4480 0.4480 0.4480 0.4480 0.4480 0.4480 0.4480 0.4480 0.4480 0.4480 0.4480 0.4480 0.4480 0.4480 0.4480 0.4480 0.4480 0.4480 0.4480 0.4480 0.4480 0.4480 0.4480 0.4480 0.4480 0.4480 0.4480 0.4480 0.4480 0.4480 0.4480 0.4480 0.4480 0.4480 0.4480 0.4480 0.4480 0.4480 0.4480 0.4480 0.4480 0.4480 0.4480 0.4480 0.4480 0.4480 0.4480 0.4480 0.4480 0.4480 0.4480 0.4480 0.4480 0.4480 0.4480 0.4480 0.4480 0.4480 0.4480 0.4480 0.4480 0.4480 0.4480 0.4480 0.4480 0.4480 0.4480 0.4480 0.4480 0.4480 0.4480 0.4480 0.4480 0.4480 0.4480 0.4480 0.4480 0.4480 0.4480 0.4480 0.4480 0.4480 0.4480 0.4480 0.4480 0.4480 0.4480 0.4480 0.4480 0.4480 0.4480 0.4480 0.4480 0.4480 0.4480 0.4480 0.4480 0.4480 0.4480 0.4480 0.4480 0.4480 0.4480
</DataArray>
<DataArray type="Float32" Name="ed_tail_norm" format="ascii">
0.0000 0.0000 0.0000 0.0000 0.0000 0.0000 0.0000 0.0000 0.0000 0.0000 0.0000 0.0000 0.0000 0.0000 0.0000 0.0000 0.0000 0.0000 0.0000 0.0000 0.0000 0.0000 0.0000 0.0000 0.0000 0.0000 0.0000 0.0000 0.0000 0.0000 0.0000 0.0000 0.0000 0.0000 0.0000 0.0000 0.0000 0.0000 0.0000 0.0000 0.0000 0.0000 0.0000 0.0000 0.0000 0.0000 0.0000 0.0000 0.0000 0.0000 0.0000 0.0000 0.0000 0.0000 0.0000 0.0000 0.0000 0.0000 0.0000 0.0000 0.0000 0.0000 0.0000 0.0000 0.0000 0.0000 0.0000 0.0000 0.0000 0.0000 0.0000 0.0000 0.0000 0.0000 0.0000 0.0000 0.0000 0.0000 0.0000 0.0000 0.0000 0.0000 0.0000 0.0000 0.0000 0.0000 0.0000 0.0000 0.0000 0.0000 0.0000 0.0000 0.0000 0.0000 0.0000 0.0000 0.0000 0.0000 0.0000 0.0000 0.0000 0.0000 0.0000 0.0000 0.0000 0.0000 0.0000 0.0000 0.0000 0.0000 0.0000 0.0000 0.0000 0.0000 0.0000 0.0000 0.0000 0.0000 0.0000 0.0000 0.0000 0.0000 0.0000 0.0000 0.0000 0.0000 0.0000 0.0000 0.0000 0.0000 0.0000 0.0000 0.0000 0.0000 0.0000 0.0000 0.0000 0.0000 0.0000 0.0000 0.0000 0.0000 0.0000 0.0000 0.0000 0.0000 0.0000 0.0000 0.0000 0.0000 0.0000 0.0000 0.0000 0.0000 0.0000 0.0000 0.0000 0.0000 0.0000 0.0000 0.0000 0.0000 0.0000 0.0000 0.0000 0.0000 0.0000 0.0000 0.0000 0.0000 0.0000 0.0000 0.0000 0.0000 0.0000 0.0000 0.0000 0.0000 0.0000 0.0000 0.0000 0.0000 0.0000 0.0000 0.0000 0.0000 0.0000 0.0000 0.0000 0.0000 0.0000 0.0000 0.0000 0.0000 0.0000 0.0000 0.0000 0.0000 0.0000 0.0000 0.0000 0.0000 0.0000 0.0000 0.0000 0.0000 0.0000 0.0000 0.0000 0.0000 0.0000 0.0000 0.0000 0.0000 0.0000 0.0000 0.0000 0.0000 0.0000 0.0000 0.0000 0.0000 0.0000 0.0000 0.0000 0.0000 0.0000 0.0000 0.0000 0.0000 0.0000 0.0000 0.0000 0.0000 0.0000 0.0000 0.0000 0.0000 0.0000 0.0000 0.0000 0.0000 0.0000 0.0000 0.0000 0.0000 0.0000 0.0000 0.0000 0.0000 0.0000 0.0000 0.0000 0.0000 0.0000 0.0000 0.0000 0.0000 0.0000 0.0000 0.0000 0.0000 0.0000 0.0000 0.0000 0.0000 0.0000 0.0000 0.0000 0.0000 0.0000 0.0000 0.0000 0.0000 0.0000 0.0000 0.0000 0.0000 0.0000 0.0000 0.0000 0.0000 0.0000 0.0000 0.0000 0.0000 0.0000 0.0000 0.0000 0.0000 0.0000 0.0000 0.0000 0.0000 0.0000 0.0000 0.0000 0.0000 0.0000 0.0000 0.0000 0.0000 0.0000 0.0000 0.0000 0.0000 0.0000 0.0000 0.0000 0.0000 0.0000 0.0000 0.0000 0.0000 0.0000 0.0000 0.0000 0.0000 0.0000 0.0000 0.0000 0.0000 0.0000 0.0000 0.0000 0.0000 0.0000 0.0000 0.0000 0.0000 0.0000 0.0000 0.0000 0.0000 0.0000 0.0000 0.0000 0.0000 0.0000 0.0000 0.0000 0.0000 0.0000 0.0000 0.0000 0.0000 0.0000 0.0000 0.0000 0.0000 0.0000 0.0000 0.0000 0.0000 0.0000 0.0000 0.0000 0.0000 0.0000 0.0000 0.0000 0.0000 0.0000 0.0000 0.0000 0.0000 0.0000 0.0000 0.0000 0.0000 0.0000 0.0000 0.0000 0.0000 0.0000 0.0000 0.0000 0.0000 0.0000 0.0000 0.0000 0.0000 0.0000 0.0000 0.0000 0.0000 0.0000 0.0000 0.0000 0.0000 0.0000 0.0000 0.0000 0.0000 0.0000 0.0000 0.0000 0.0000 0.0000 0.0000 0.0000 0.0000 0.0000 0.0000 0.0000 0.0000 0.0000 0.0000 0.0000 0.0000 0.0000 0.0000 0.0000 0.0000 0.0000 0.0000 0.0000 0.0000 0.0000 0.0000 0.0000 0.0000 0.0000 0.0000 0.0000 0.0000 0.0000 0.0000 0.0000 0.0000 0.0000 0.0000 0.0000 0.0000 0.0000 0.0000 0.0000 0.0000 0.0000 0.0000 0.0000 0.0000 0.0000 0.0000 0.0000 0.0000 0.0000 0.0000 0.0000 0.0000 0.0000 0.0000 0.0000 0.0000 0.0000 0.0000 0.0000 0.0000 0.0000 0.0000 0.0000 0.0000 0.0000 0.0000 0.0000 0.0000 0.0000 0.0000 0.0000 0.0000 0.0000 0.0000 0.0000 0.0000 0.0000 0.0000 0.0000 0.0000 0.0000 0.0000 0.0000 0.0000 0.0000 0.0000 0.0000 0.0000 0.0000 0.0000 0.0000 0.0000 0.0000 0.0000 0.0000 0.0000 0.0000 0.0000 0.0000 0.0000 0.0000 0.0000 0.0000 0.0000 0.0000 0.0000 0.0000 0.0000 0.0000 0.0000 0.0000 0.0000 0.0000 0.0000 0.0000 0.0000 0.0000 0.0000 0.0000 0.0000 0.0000 0.0000 0.0000 0.0000 0.0000 0.0000 0.0000 0.0000 0.0000 0.0000 0.0000 0.0000 0.0000 0.0000 0.0000 0.0000 0.0000 0.0000 0.0000 0.0000 0.0000 0.0000 0.0000 0.0000 0.0000 0.0000 0.0000 0.0000 0.0000 0.0000 0.0000 0.0000 0.0000 0.0000 0.0000 0.0000 0.0000 0.0000 0.0000 0.0000 0.0000 0.0000 0.0000 0.0000 0.0000 0.0000 0.0000 0.0000 0.0000 0.0000 0.0000 0.0000 0.0000 0.0000 0.0000 0.0000 0.0000 0.0000 0.0000 0.0000 0.0000 0.0000 0.0000 0.0000 0.0000 0.0000 0.0000 0.0000 0.0000 0.0000 0.0000 0.0000 0.0000 0.0000 0.0000 0.0000 0.0000 0.0000 0.0000 0.0000 0.0000 0.0000 0.0000 0.0000 0.0000 0.0000 0.0000 0.0000 0.0000 0.0000 0.0000 0.0000 0.0000 0.0000 0.0000 0.0000 0.0000 0.0000 0.0000 0.0000 0.0000 0.0000 0.0000 0.0000 0.0000 0.0000 0.0000 0.0000 0.0000 0.0000 0.0000 0.0000 0.0000 0.0000 0.0000 0.0000 0.0000 0.0000 0.0000 0.0000 0.0000 0.0000 0.0000 0.0000 0.0000 0.0000 0.0000 0.0000 0.0000 0.0000 0.0000 0.0000 0.0000 0.0000 0.0000 0.0000 0.0000 0.0000 0.0000 0.0000 0.0000 0.0000 0.0000 0.0000 0.0000 0.0000 0.0000 0.0000 0.0000 0.0000 0.0000 0.0000 0.0000 0.0000 0.0000 0.0000 0.0000 0.0000 0.0000 0.0000 0.0000 0.0000 0.0000 0.0000 0.0000 0.0000 0.0000 0.0000 0.0000 0.0000 0.0000 0.0000 0.0000 0.0000 0.0000 0.0000 0.0000 0.0000 0.0000 0.0000 0.0000 0.0000 0.0000 0.0000 0.0000 0.0000 0.0000 0.0000 0.0000 0.0000 0.0000 0.0000 0.0000 0.0000 0.0000 0.0000 0.0000 0.0000 0.0000 0.0000 0.0000 0.0000 0.0000 0.0000 0.0000 0.0000 0.0000 0.0000 0.0000 0.0000 0.0000 0.0000 0.0000 0.0000 0.0000 0.0000 0.0000 0.0000 0.0000 0.0000 0.0000 0.0000 0.0000 0.0000 0.0000 0.0000 0.0000 0.0000 0.0000 0.0000 0.0000 0.0000 0.0000 0.0000 0.0000 0.0000 0.0000 0.0000 0.0000 0.0000 0.0000 0.0000 0.0000 0.0000 0.0000 0.0000 0.0000 0.0000 0.0000 0.0000 0.0000 0.0000 0.0000 0.0000 0.0000 0.0000 0.0000 0.0000 0.0000 0.0000 0.0000 0.0000 0.0000 0.0000 0.0000 0.0000 0.0000 0.0000 0.0000 0.0000 0.0000 0.0000 0.0000 0.0000 0.0000 0.0000 0.0000 0.0000 0.0000 0.0000 0.0000 0.0000 0.0000 0.0000 0.0000 0.0000 0.0000 0.0000 0.0000 0.0000 0.0000 0.0000 0.0000 0.0000 0.0000 0.0000 0.0000 0.0000 0.0000 0.0000 0.0000 0.0000 0.0000 0.0000 0.0000 0.0000 0.0000 0.0000 0.0000 0.0000 0.0000 0.0000 0.0000 0.0000 0.0000 0.0000 0.0000 0.0000 0.0000 0.0000 0.0000 0.0000 0.0000 0.0000 0.0000 0.0000 0.0000 0.0000 0.0000 0.0000 0.0000 0.0000 0.0000 0.0000 0.0000 0.0000 0.0000 0.0000 0.0000 0.0000 0.0000 0.0000 0.0000 0.0000 0.0000 0.0000 0.0000 0.0000 0.0000 0.0000 0.0000 0.0000 0.0000 0.0000 0.0000 0.0000 0.0000 0.0000 0.0000 0.0000 0.0000 0.0000 0.0000 0.0000 0.0000 0.0000 0.0000 0.0000 0.0000 0.0000 0.0000 0.0000 0.0000 0.0000 0.0000 0.0000 0.0000 0.0000 0.0000 0.0000 0.0000 0.0000 0.0000 0.0000 0.0000 0.0000 0.0000 0.0000 0.0000 0.0000 0.0000 0.0000 0.0000 0.0000 0.0000 0.0000 0.0000 0.0000 0.0000 0.0000 0.0000 0.0000 0.0000 0.0000 0.0000 0.0000 0.0000 0.0000 0.0000 0.0000 0.0000 0.0000 0.0000 0.0000 0.0000 0.0000 0.0000 0.0000 0.0000 0.0000 0.0000 0.0000 0.0000 0.0000 0.0000 0.0000 0.0000 0.0000 0.0000 0.0000 0.0000 0.0000 0.0000 0.0000 0.0000 0.0000 0.0000 0.0000 0.0000 0.0000 0.0000 0.0000 0.0000 0.0000 0.0000 0.0000 0.0000 0.0000 0.0000 0.0000 0.0000 0.0000 0.0000 0.0000 0.0000 0.0000 0.0000 0.0000 0.0000 0.0000 0.0000 0.0000 0.0000 0.0000 0.0000 0.0000 0.0000 0.0000 0.0000 0.0000 0.0000 0.0000 0.0000 0.0000 0.0000 0.0000 0.0000 0.0000 0.0000 0.0000 0.0000 0.0000 0.0000 0.0000 0.0000 0.0000 0.0000 0.0000 0.0000 0.0000 0.0000 0.0000 0.0000 0.0000 0.0000 0.0000 0.0000 0.0000 0.0000 0.0000 0.0000 0.0000 0.0000 0.0000 0.0000 0.0000 0.0000 0.0000 0.0000 0.0000 0.0000 0.0000 0.0000 0.0000 0.0000 0.0000 0.0000 0.0000 0.0000 0.0000 0.0000 0.0000 0.0000 0.0000 0.0000 0.0000 0.0000 0.0000 0.0000 0.0000 0.0000 0.0000 0.0000 0.0000 0.0000 0.0000 0.0000 0.0000 0.0000 0.0000 0.0000 0.0000 0.0000 0.0000 0.0000 0.0000 0.0000 0.0000 0.0000 0.0000 0.0000 0.0000 0.0000 0.0000 0.0000 0.0000 0.0000 0.0000 0.0000 0.0000 0.0000 0.0000 0.0000 0.0000 0.0000 0.0000 0.0000 0.0000 0.0000 0.0000 0.0000 0.0000 0.0000 0.0000 0.0000 0.0000 0.0000 0.0000 0.0000 0.0000 0.0000 0.0000 0.0000 0.0000 0.0000 0.0000 0.0000 0.0000 0.0000 0.0000 0.0000 0.0000 0.0000 0.0000 0.0000 0.0000 0.0000 0.0000 0.0000 0.0000 0.0000 0.0000 0.0000 0.0000 0.0000 0.0000 0.0000 0.0000 0.0000 0.0000 0.0000 0.0000 0.0000 0.0000 0.0000 0.0000 0.0000 0.0000 0.0000 0.0000 0.0000 0.0000 0.0000 0.0000 0.0000 0.0000 0.0000 0.0000 0.0000 0.0000 0.0000 0.0000 0.0000 0.0000 0.0000 0.0000 0.0000 0.0000 0.0000 0.0000 0.0000 0.0000 0.0000 0.0000 0.0000 0.0000 0.0000 0.0000 0.0000 0.0000 0.0000 0.0000 0.0000 0.0000 0.0000 0.0000 0.0000 0.0000 0.0000 0.0000 0.0000 0.0000 0.0000 0.0000 0.0000 0.0000 0.0000 0.0000 0.0000 0.0000 0.0000 0.0000 0.0000 0.0000 0.0000 0.0000 0.0000 0.0000 0.0000 0.0000 0.0000 0.0000 0.0000 0.0000 0.0000 0.0000 0.0000 0.0000 0.0000 0.0000 0.0000 0.0000 0.0000 0.0000 0.0000 0.0000 0.0000 0.0000 0.0000 0.0000 0.0000 0.0000 0.0000 0.0000 0.0000 0.0000 0.0000 0.0000 0.0000 0.0000 0.0000 0.0000 0.0000 0.0000 0.0000 0.0000 0.0000 0.0000 0.0000 0.0000 0.0000 0.0000 0.0000 0.0000 0.0000 0.0000 0.0000 0.0000 0.0000 0.0000 0.0000 0.0000 0.0000 0.0000 0.0000 0.0000 0.0000 0.0000 0.0000 0.0000 0.0000 0.0000 0.0000 0.0000 0.0000 0.0000 0.0000 0.0000 0.0000 0.0000 0.0000 0.0000 0.0000 0.0000 0.0000 0.0000 0.0000 0.0000 0.0000 0.0000 0.0000 0.0000 0.0000 0.0000 0.0000 0.0000 0.0000 0.0000 0.0000 0.0000 0.0000 0.0000 0.0000 0.0000 0.0000 0.0000 0.0000 0.0000 0.0000 0.0000 0.0000 0.0000 0.0000 0.0000 0.0000 0.0000 0.0000 0.0000 0.0000 0.0000 0.0000 0.0000 0.0000 0.0000 0.0000 0.0000 0.0000 0.0000 0.0000 0.0000 0.0000 0.0000 0.0000 0.0000 0.0000 0.0000 0.0000 0.0000 0.0000 0.0000 0.0000 0.0000 0.0000 0.0000 0.0000 0.0000 0.0000 0.0000 0.0000 0.0000 0.0000 0.0000 0.0000 0.0000 0.0000 0.0000 0.0000 0.0000 0.0000 0.0000 0.0000 0.0000 0.0000 0.0000 0.0000 0.0000 0.0000 0.0000 0.0000 0.0000 0.0000 0.0000 0.0000 0.0000 0.0000 0.0000 0.0000 0.0000 0.0000 0.0000 0.0000 0.0000 0.0000 0.0000 0.0000 0.0000 0.0000 0.0000 0.0000 0.0000 0.0000 0.0000 0.0000 0.0000 0.0000 0.0000 0.0000 0.0000 0.0000 0.0000 0.0000 0.0000 0.0000 0.0000 0.0000 0.0000 0.0000 0.0000 0.0000 0.0000 0.0000 0.0000 0.0000 0.0000 0.0000 0.0000 0.0000 0.0000 0.0000 0.0000 0.0000 0.0000 0.0000 0.0000 0.0000 0.0000 0.0000 0.0000 0.0000 0.0000 0.0000 0.0000 0.0000 0.0000 0.0000 0.0000 0.0000 0.0000 0.0000 0.0000 0.0000 0.0000 0.0000 0.0000 0.0000 0.0000 0.0000 0.0000 0.0000 0.0000 0.0000 0.0000 0.0000 0.0000 0.0000 0.0000 0.0000 0.0000 0.0000 0.0000 0.0000 0.0000 0.0000 0.0000 0.0000 0.0000 0.0000 0.0000 0.0000 0.0000 0.0000 0.0000 0.0000 0.0000 0.0000 0.0000 0.0000 0.0000 0.0000 0.0000 0.0000 0.0000 0.0000 0.0000 0.0000 0.0000 0.0000 0.0000 0.0000 0.0000 0.0000 0.0000 0.0000 0.0000 0.0000 0.0000 0.0000 0.0000 0.0000 0.0000 0.0000 0.0000 0.0000 0.0000 0.0000 0.0000 0.0000 0.0000 0.0000 0.0000 0.0000 0.0000 0.0000 0.0000 0.0000 0.0000 0.0000 0.0000 0.0000 0.0000 0.0000 0.0000 0.0000 0.0000 0.0000 0.0000 0.0000 0.0000 0.0000 0.0000 0.0000 0.0000 0.0000 0.0000 0.0000 0.0000 0.0000 0.0000 0.0000 0.0000 0.0000 0.0000 0.0000 0.0000 0.0000 0.0000 0.0000 0.0000 0.0000 0.0000 0.0000 0.0000 0.0000 0.0000 0.0000 0.0000 0.0000 0.0000 0.0000 0.0000 0.0000 0.0000 0.0000 0.0000 0.0000 0.0000 0.0000 0.0000 0.0000 0.0000 0.0000 0.0000 0.0000 0.0000 0.0000 0.0000 0.0000 0.0000 0.0000 0.0000 0.0000 0.0000 0.0000 0.0000 0.0000 0.0000 0.0000 0.0000 0.0000 0.0000 0.0000 0.0000 0.0000 0.0000 0.0000 0.0000 0.0000 0.0000 0.0000 0.0000 0.0000 0.0000 0.0000 0.0000 0.0000 0.0000 0.0000 0.0000 0.0000 0.0000 0.0000 0.0000 0.0000 0.0000 0.0000 0.0000 0.0000 0.0000 0.0000 0.0000 0.0000 0.0000 0.0000 0.0000 0.0000 0.0000 0.0000 0.0000 0.0000 0.0000 0.0000 0.0000 0.0000 0.0000 0.0000 0.0000 0.0000 0.0000 0.0000 0.0000 0.0000 0.0000 0.0000 0.0000 0.0000 0.0000 0.0000 0.0000 0.0000 0.0000 0.0000 0.0000 0.0000 0.0000 0.0000 0.0000 0.0000 0.0000 0.0000 0.0000 0.0000 0.0000 0.0000 0.0000 0.0000 0.0000 0.0000 0.0000 0.0000 0.0000 0.0000 0.0000 0.0000 0.0000 0.0000 0.0000 0.0000 0.0000 0.0000 0.0000 0.0000 0.0000 0.0000 0.0000 0.0000 0.0000 0.0000 0.0000 0.0000 0.0000 0.0000 0.0000 0.0000 0.0000 0.0000 0.0000 0.0000 0.0000 0.0000 0.0000 0.0000 0.0000 0.0000 0.0000 0.0000 0.0000 0.0000 0.0000 0.0000 0.0000 0.0000 0.0000 0.0000 0.0000 0.0000 0.0000 0.0000 0.0000 0.0000 0.0000 0.0000 0.0000 0.0000 0.0000 0.0000 0.0000 0.0000 0.0000 0.0000 0.0000 0.0000 0.0000 0.0000 0.0000 0.0000 0.0000 0.0000 0.0000 0.0000 0.0000 0.0000 0.0000 0.0000 0.0000 0.0000 0.0000 0.0000 0.0000 0.0000 0.0000 0.0000 0.0000 0.0000 0.0000 0.0000 0.0000 0.0000 0.0000 0.0000 0.0000 0.0000 0.0000 0.0000 0.0000 0.0000 0.0000 0.0000 0.0000 0.0000 0.0000 0.0000 0.0000 0.0000 0.0000 0.0000 0.0000 0.0000 0.0000 0.0000 0.0000 0.0000 0.0000 0.0000 0.0000 0.0000 0.0000 0.0000 0.0000 0.0000 0.0000 0.0000 0.0000 0.0000 0.0000 0.0000 0.0000 0.0000 0.0000 0.0000 0.0000 0.0000 0.0000 0.0000 0.0000 0.0000 0.0000 0.0000 0.0000 0.0000 0.0000 0.0000 0.0000 0.0000 0.0000 0.0000 0.0000 0.0000 0.0000 0.0000 0.0000 0.0000 0.0000 0.0000 0.0000 0.0000 0.0000 0.0000 0.0000 0.0000 0.0000 0.0000 0.0000 0.0000 0.0000 0.0000 0.0000 0.0000 0.0000 0.0000 0.0000 0.0000 0.0000 0.0000 0.0000 0.0000 0.0000 0.0000 0.0000 0.0000 0.0000 0.0000 0.0000 0.0000 0.0000 0.0000 0.0000 0.0000 0.0000 0.0000 0.0000 0.0000 0.0000 0.0000 0.0000 0.0000 0.0000 0.0000 0.0000 0.0000 0.0000 0.0000 0.0000 0.0000 0.0000 0.0000 0.0000 0.0000 0.0000 0.0000 0.0000 0.0000 0.0000 0.0000 0.0000 0.0000 0.0000 0.0000 0.0000 0.0000 0.0000 0.0000 0.0000 0.0000 0.0000 0.0000 0.0000 0.0000 0.0000 0.0000 0.0000 0.0000 0.0000 0.0000 0.0000 0.0000 0.0000 0.0000 0.0000 0.0000 0.0000 0.0000 0.0000 0.0000 0.0000 0.0000 0.0000 0.0000 0.0000 0.0000 0.0000 0.0000 0.0000 0.0000 0.0000 0.0000 0.0000 0.0000 0.0000 0.0000 0.0000 0.0000 0.0000 0.0000 0.0000 0.0000 0.0000 0.0000 0.0000 0.0000 0.0000 0.0000 0.0000 0.0000 0.0000 0.0000 0.0000 0.0000 0.0000 0.0000 0.0000 0.0000 0.0000 0.0000 0.0000 0.0000 0.0000 0.0000 0.0000 0.0000 0.0000 0.0000 0.0000 0.0000 0.0000 0.0000 0.0000 0.0000 0.0000 0.0000 0.0000 0.0000 0.0000 0.0000 0.0000 0.0000 0.0000 0.0000 0.0000 0.0000 0.0000 0.0000 0.0000 0.0000 0.0000 0.0000 0.0000 0.0000 0.0000 0.0000 0.0000 0.0000 0.0000 0.0000 0.0000 0.0000 0.0000 0.0000 0.0000 0.0000 0.0000 0.0000 0.0000 0.0000 0.0000 0.0000 0.0000 0.0000 0.0000 0.0000 0.0000 0.0000 0.0000 0.0000 0.0000 0.0000 0.0000 0.0000 0.0000 0.0000 0.0000 0.0000 0.0000 0.0000 0.0000 0.0000 0.0000 0.0000 0.0000 0.0000 0.0000 0.0000 0.0000 0.0000 0.0000 0.0000 0.0000 0.0000 0.0000 0.0000 0.0000 0.0000 0.0000 0.0000 0.0000 0.0000 0.0000 0.0000 0.0000 0.0000 0.0000 0.0000 0.0000 0.0000 0.0000 0.0000 0.0000 0.0000 0.0000 0.0000 0.0000 0.0000 0.0000 0.0000 0.0000 0.0000 0.0000 0.0000 0.0000 0.0000 0.0000 0.0000 0.0000 0.0000 0.0000 0.0000 0.0000 0.0000 0.0000 0.0000 0.0000 0.0000 0.0000 0.0000 0.0000 0.0000 0.0000 0.0000 0.0000 0.0000 0.0000 0.0000 0.0000 0.0000 0.0000 0.0000 0.0000 0.0000 0.0000 0.0000 0.0000 0.0000 0.0000 0.0000 0.0000 0.0000 0.0000 0.0000 0.0000 0.0000 0.0000 0.0000 0.0000 0.0000 0.0000 0.0000 0.0000 0.0000 0.0000 0.0000 0.0000 0.0000 0.0000 0.0000 0.0000 0.0000 0.0000 0.0000 0.0000 0.0000 0.0000 0.0000 0.0000 0.0000 0.0000 0.0000 0.0000 0.0000 0.0000 0.0000 0.0000 0.0000 0.0000 0.0000 0.0000 0.0000 0.0000 0.0000 0.0000 0.0000 0.0000 0.0000 0.0000 0.0000 0.0000 0.0000 0.0000 0.0000 0.0000 0.0000 0.0000 0.0000 0.0000 0.0000 0.0000 0.0000 0.0000 0.0000 0.0000 0.0000 0.0000 0.0000 0.0000 0.0000 0.0000 0.0000 0.0000 0.0000 0.0000 0.0000 0.0000 0.0000 0.0000 0.0000 0.0000 0.0000 0.0000 0.0000 0.0000 0.0000 0.0000 0.0000 0.0000 0.0000 0.0000 0.0000 0.0000 0.0000 0.0000 0.0000 0.0000 0.0000 0.0000 0.0000 0.0000 0.0000 0.0000 0.0000 0.0000 0.0000 0.0000 0.0000 0.0000 0.0000 0.0000 0.0000 0.0000 0.0000 0.0000 0.0000 0.0000 0.0000 0.0000 0.0000 0.0000 0.0000 0.0000 0.0000 0.0000 0.0000 0.0000 0.0000 0.0000 0.0000 0.0000 0.0000 0.0000 0.0000 0.0000 0.0000 0.0000 0.0000 0.0000 0.0000 0.0000 0.0000 0.0000 0.0000 0.0000 0.0000 0.0000 0.0000 0.0000 0.0000 0.0000 0.0000 0.0000 0.0000 0.0000 0.0000 0.0000 0.0000 0.0000 0.0000 0.0000 0.0000 0.0000 0.0000 0.0000 0.0000 0.0000 0.0000 0.0000 0.0000 0.0000 0.0000 0.0000 0.0000 0.0000 0.0000 0.0000 0.0000 0.0000 0.0000 0.0000 0.0000 0.0000 0.0000 0.0000 0.0000 0.0000 0.0000 0.0000 0.0000 0.0000 0.0000 0.0000 0.0000 0.0000 0.0000 0.0000 0.0000 0.0000 0.0000 0.0000 0.0000 0.0000 0.0000 0.0000 0.0000 0.0000 0.0000 0.0000 0.0000 0.0000 0.0000 0.0000 0.0000 0.0000 0.0000 0.0000 0.0000 0.0000 0.0000 0.0000 0.0000 0.0000 0.0000 0.0000 0.0000 0.0000 0.0000 0.0000 0.0000 0.0000 0.0000 0.0000 0.0000 0.0000 0.0000 0.0000 0.0000 0.0000 0.0000 0.0000 0.0000 0.0000 0.0000 0.0000 0.0000 0.0000 0.0000 0.0000 0.0000 0.0000 0.0000 0.0000 0.0000 0.0000 0.0000 0.0000 0.0000 0.0000 0.0000 0.0000 0.0000 0.0000 0.0000 0.0000 0.0000 0.0000 0.0000 0.0000 0.0000 0.0000 0.0000 0.0000 0.0000 0.0000 0.0000 0.0000 0.0000 0.0000 0.0000 0.0000 0.0000 0.0000 0.0000 0.0000 0.0000 0.0000 0.0000 0.0000 0.0000 0.0000 0.0000 0.0000 0.0000 0.0000 0.0000 0.0000 0.0000 0.0000 0.0000 0.0000 0.0000 0.0000 0.0000 0.0000 0.0000 0.0000 0.0000 0.0000 0.0000 0.0000 0.0000 0.0000 0.0000 0.0000 0.0000 0.0000 0.0000 0.0000 0.0000 0.0000 0.0000 0.0000 0.0000 0.0000 0.0000 0.0000 0.0000 0.0000 0.0000 0.0000 0.0000 0.0000 0.0000 0.0000 0.0000 0.0000 0.0000 0.0000 0.0000 0.0000 0.0000 0.0000 0.0000 0.0000 0.0000 0.0000 0.0000 0.0000 0.0000 0.0000 0.0000 0.0000 0.0000 0.0000 0.0000 0.0000 0.0000 0.0000 0.0000 0.0000 0.0000 0.0000 0.0000 0.0000 0.0000 0.0000 0.0000 0.0000 0.0000 0.0000 0.0000 0.0000 0.0000 0.0000 0.0000 0.0000 0.0000 0.0000 0.0000 0.0000 0.0000 0.0000 0.0000 0.0000 0.0000 0.0000 0.0000 0.0000 0.0000 0.0000 0.0000 0.0000 0.0000 0.0000 0.0000 0.0000 0.0000 0.0000 0.0000 0.0000 0.0000 0.0000 0.0000 0.0000 0.0000 0.0000 0.0000 0.0000 0.0000 0.0000 0.0000 0.0000 0.0000 0.0000 0.0000 0.0000 0.0000 0.0000 0.0000 0.0000 0.0000 0.0000 0.0000 0.0000 0.0000 0.0000 0.0000 0.0000 0.0000 0.0000 0.0000 0.0000 0.0000 0.0000 0.0000 0.0000 0.0000 0.0000 0.0000 0.0000 0.0000 0.0000 0.0000 0.0000 0.0000 0.0000 0.0000 0.0000 0.0000 0.0000 0.0000 0.0000 0.0000 0.0000 0.0000 0.0000 0.0000 0.0000 0.0000 0.0000 0.0000 0.0000 0.0000 0.0000 0.0000 0.0000 0.0000 0.0000 0.0000 0.0000 0.0000 0.0000 0.0000 0.0000 0.0000 0.0000 0.0000 0.0000 0.0000 0.0000 0.0000 0.0000 0.0000 0.0000 0.0000 0.0000 0.0000 0.0000 0.0000 0.0000 0.0000 0.0000 0.0000 0.0000 0.0000 0.0000 0.0000 0.0000 0.0000 0.0000 0.0000 0.0000 0.0000 0.0000 0.0000 0.0000 0.0000 0.0000 0.0000 0.0000 0.0000 0.0000 0.0000 0.0000 0.0000 0.0000 0.0000 0.0000 0.0000 0.0000 0.0000 0.0000 0.0000 0.0000 0.0000 0.0000 0.0000 0.0000 0.0000 0.0000 0.0000 0.0000 0.0000 0.0000 0.0000 0.0000 0.0000 0.0000 0.0000 0.0000 0.0000 0.0000 0.0000 0.0000 0.0000 0.0000 0.0000 0.0000 0.0000 0.0000 0.0000 0.0000 0.0000 0.0000 0.0000 0.0000 0.0000 0.0000 0.0000 0.0000 0.0000 0.0000 0.0000 0.0000 0.0000 0.0000 0.0000 0.0000 0.0000 0.0000 0.0000 0.0000 0.0000 0.0000 0.0000 0.0000 0.0000 0.0000 0.0000 0.0000 0.0000 0.0000 0.0000 0.0000 0.0000 0.0000 0.0000 0.0000 0.0000 0.0000 0.0000 0.0000 0.0000 0.0000 0.0000 0.0000 0.0000 0.0000 0.0000 0.0000 0.0000 0.0000 0.0000 0.0000 0.0000 0.0000 0.0000 0.0000 0.0000 0.0000 0.0000 0.0000 0.0000 0.0000 0.0000 0.0000 0.0000 0.0000 0.0000 0.0000 0.0000 0.0000 0.0000 0.0000 0.0000 0.0000 0.0000 0.0000 0.0000 0.0000 0.0000 0.0000 0.0000 0.0000 0.0000 0.0000 0.0000 0.0000 0.0000 0.0000 0.0000 0.0000 0.0000 0.0000 0.0000 0.0000 0.0000 0.0000 0.0000 0.0000 0.0000 0.0000 0.0000 0.0000 0.0000 0.0000 0.0000 0.0000 0.0000 0.0000 0.0000 0.0000 0.0000 0.0000 0.0000 0.0000 0.0000 0.0000 0.0000 0.0000 0.0000 0.0000 0.0000 0.0000 0.0000 0.0000 0.0000 0.0000 0.0000 0.0000 0.0000 0.0000 0.0000 0.0000 0.0000 0.0000 0.0000 0.0000 0.0000 0.0000 0.0000 0.0000 0.0000 0.0000 0.0000 0.0000 0.0000 0.0000 0.0000 0.0000 0.0000 0.0000 0.0000 0.0000 0.0000 0.0000 0.0000 0.0000 0.0000 0.0000 0.0000 0.0000 0.0000 0.0000 0.0000 0.0000 0.0000 0.0000 0.0000 0.0000 0.0000 0.0000 0.0000 0.0000 0.0000 0.0000 0.0000 0.0000 0.0000 0.0000 0.0000 0.0000 0.0000 0.0000 0.0000 0.0000 0.0000 0.0000 0.0000 0.0000 0.0000 0.0000 0.0000 0.0000 0.0000 0.0000 0.0000 0.0000 0.0000 0.0000 0.0000 0.0000 0.0000 0.0000 0.0000 0.0000 0.0000 0.0000 0.0000 0.0000 0.0000 0.0000 0.0000 0.0000 0.0000 0.0000 0.0000 0.0000 0.0000 0.0000 0.0000 0.0000 0.0000 0.0000 0.0000 0.0000 0.0000 0.0000 0.0000 0.0000 0.0000 0.0000 0.0000 0.0000 0.0000 0.0000 0.0000 0.0000 0.0000 0.0000 0.0000 0.0000 0.0000 0.0000 0.0000 0.0000 0.0000 0.0000 0.0000 0.0000 0.0000 0.0000 0.0000 0.0000 0.0000 0.0000 0.0000 0.0000 0.0000 0.0000 0.0000 0.0000 0.0000 0.0000 0.0000 0.0000 0.0000 0.0000 0.0000 0.0000 0.0000 0.0000 0.0000 0.0000 0.0000 0.0000 0.0000 0.0000 0.0000 0.0000 0.0000 0.0000 0.0000 0.0000 0.0000 0.0000 0.0000 0.0000 0.0000 0.0000 0.0000 0.0000 0.0000 0.0000 0.0000 0.0000 0.0000 0.0000 0.0000 0.0000 0.0000 0.0000 0.0000 0.0000 0.0000 0.0000 0.0000 0.0000 0.0000 0.0000 0.0000 0.0000 0.0000 0.0000 0.0000 0.0000 0.0000 0.0000 0.0000 0.0000 0.0000 0.0000 0.0000 0.0000 0.0000 0.0000 0.0000 0.0000 0.0000 0.0000 0.0000 0.0000 0.0000 0.0000 0.0000 0.0000 0.0000 0.0000 0.0000 0.0000 0.0000 0.0000 0.0000 0.0000 0.0000 0.0000 0.0000 0.0000 0.0000 0.0000 0.0000 0.0000 0.0000 0.0000 0.0000 0.0000 0.0000 0.0000 0.0000 0.0000 0.0000 0.0000 0.0000 0.0000 0.0000 0.0000 0.0000 0.0000 0.0000 0.0000 0.0000 0.0000 0.0000 0.0000 0.0000 0.0000 0.0000 0.0000 0.0000 0.0000 0.0000 0.0000 0.0000 0.0000 0.0000 0.0000 0.0000 0.0000 0.0000 0.0000 0.0000 0.0000 0.0000 0.0000 0.0000 0.0000 0.0000 0.0000 0.0000 0.0000 0.0000 0.0000 0.0000 0.0000 0.0000 0.0000 0.0000 0.0000 0.0000 0.0000 0.0000 0.0000 0.0000 0.0000 0.0000 0.0000 0.0000 0.0000 0.0000 0.0000 0.0000 0.0000 0.0000 0.0000 0.0000 0.0000 0.0000 0.0000 0.0000 0.0000 0.0000 0.0000 0.0000 0.0000 0.0000 0.0000 0.0000 0.0000 0.0000 0.0000 0.0000 0.0000 0.0000 0.0000 0.0000 0.0000 0.0000 0.0000 0.0000 0.0000 0.0000 0.0000 0.0000 0.0000 0.0000 0.0000 0.0000 0.0000 0.0000 0.0000 0.0000 0.0000 0.0000 0.0000 0.0000 0.0000 0.0000 0.0000 0.0000 0.0000 0.0000 0.0000 0.0000 0.0000 0.0000 0.0000 0.0000 0.0000 0.0000 0.0000 0.0000 0.0000 0.0000 0.0000 0.0000 0.0000 0.0000 0.0000 0.0000 0.0000 0.0000 0.0000 0.0000 0.0000 0.0000 0.0000 0.0000 0.0000 0.0000 0.0000 0.0000 0.0000 0.0000 0.0000 0.0000 0.0000 0.0000 0.0000 0.0000 0.0000 0.0000 0.0000 0.0000 0.0000 0.0000 0.0000 0.0000 0.0000 0.0000 0.0000 0.0000 0.0000 0.0000 0.0000 0.0000 0.0000 0.0000 0.0000 0.0000 0.0000 0.0000 0.0000 0.0000 0.0000 0.0000 0.0000 0.0000 0.0000 0.0000 0.0000 0.0000 0.0000 0.0000 0.0000 0.0000 0.0000 0.0000 0.0000 0.0000 0.0000 0.0000 0.0000 0.0000 0.0000 0.0000 0.0000 0.0000 0.0000 0.0000 0.0000 0.0000 0.0000 0.0000 0.0000 0.0000 0.0000 0.0000 0.0000 0.0000 0.0000 0.0000 0.0000 0.0000 0.0000 0.0000 0.0000 0.0000 0.0000 0.0000 0.0000 0.0000 0.0000 0.0000 0.0000 0.0000 0.0000 0.0000 0.0000 0.0000 0.0000 0.0000 0.0000 0.0000 0.0000 0.0000 0.0000 0.0000 0.0000 0.0000 0.0000 0.0000 0.0000 0.0000 0.0000 0.0000 0.0000 0.0000 0.0000 0.0000 0.0000 0.0000 0.0000 0.0000 0.0000 0.0000 0.0000 0.0000 0.0000 0.0000 0.0000 0.0000 0.0000 0.0000 0.0000 0.0000 0.0000 0.0000 0.0000 0.0000 0.0000 0.0000 0.0000 0.0000 0.0000 0.0000 0.0000 0.0000 0.0000 0.0000 0.0000 0.0000 0.0000 0.0000 0.0000 0.0000 0.0000 0.0000 0.0000 0.0000 0.0000 0.0000 0.0000 0.0000 0.0000 0.0000 0.0000 0.0000 0.0000 0.0000 0.0000 0.0000 0.0000 0.0000 0.0000 0.0000 0.0000 0.0000 0.0000 0.0000 0.0000 0.0000 0.0000 0.0000 0.0000 0.0000 0.0000 0.0000 0.0000 0.0000 0.0000 0.0000 0.0000 0.0000 0.0000 0.0000 0.0000 0.0000 0.0000 0.0000 0.0000 0.0000 0.0000 0.0000 0.0000 0.0000 0.0000 0.0000 0.0000 0.0000 0.0000 0.0000 0.0000 0.0000 0.0000 0.0000 0.0000 0.0000 0.0000 0.0000 0.0000 0.0000 0.0000 0.0000 0.0000 0.0000 0.0000 0.0000 0.0000 0.0000 0.0000 0.0000 0.0000 0.0000 0.0000 0.0000 0.0000 0.0000 0.0000 0.0000 0.0000 0.0000 0.0000 0.0000 0.0000 0.0000 0.0000 0.0000 0.0000 0.0000 0.0000 0.0000 0.0000 0.0000 0.0000 0.0000 0.0000 0.0000 0.0000 0.0000 0.0000 0.0000 0.0000 0.0000 0.0000 0.0000 0.0000 0.0000 0.0000 0.0000 0.0000 0.0000 0.0000 0.0000 0.0000 0.0000 0.0000 0.0000 0.0000 0.0000 0.0000 0.0000 0.0000 0.0000 0.0000 0.0000 0.0000 0.0000 0.0000 0.0000 0.0000 0.0000 0.0000 0.0000 0.0000 0.0000 0.0000 0.0000 0.0000 0.0000 0.0000 0.0000 0.0000 0.0000 0.0000 0.0000 0.0000 0.0000 0.0000 0.0000 0.0000 0.0000 0.0000 0.0000 0.0000 0.0000 0.0000 0.0000 0.0000 0.0000 0.0000 0.0000 0.0000 0.0000 0.0000 0.0000 0.0000 0.0000 0.0000 0.0000 0.0000 0.0000 0.0000 0.0000 0.0000 0.0000 0.0000 0.0000 0.0000 0.0000 0.0000 0.0000 0.0000 0.0000 0.0000 0.0000 0.0000 0.0000 0.0000 0.0000 0.0000 0.0000 0.0000 0.0000 0.0000 0.0000 0.0000 0.0000 0.0000 0.0000 0.0000 0.0000 0.0000 0.0000 0.0000 0.0000 0.0000 0.0000 0.0000 0.0000 0.0000 0.0000 0.0000 0.0000 0.0000 0.0000 0.0000 0.0000 0.0000 0.0000 0.0000 0.0000 0.0000 0.0000 0.0000 0.0000 0.0000 0.0000 0.0000 0.0000 0.0000 0.0000 0.0000 0.0000 0.0000 0.0000 0.0000 0.0000 0.0000 0.0000 0.0000 0.0000 0.0000 0.0000 0.0000 0.0000 0.0000 0.0000 0.0000 0.0000 0.0000 0.0000 0.0000 0.0000 0.0000 0.0000 0.0000 0.0000 0.0000 0.0000 0.0000 0.0000 0.0000 0.0000 0.0000 0.0000 0.0000 0.0000 0.0000 0.0000 0.0000 0.0000 0.0000 0.0000 0.0000 0.0000 0.0000 0.0000 0.0000 0.0000 0.0000 0.0000 0.0000 0.0000 0.0000 0.0000 0.0000 0.0000 0.0000 0.0000 0.0000 0.0000 0.0000 0.0000 0.0000 0.0000 0.0000 0.0000 0.0000 0.0000 0.0000 0.0000 0.0000 0.0000 0.0000 0.0000 0.0000 0.0000 0.0000 0.0000 0.0000 0.0000 0.0000 0.0000 0.0000 0.0000 0.0000 0.0000 0.0000 0.0000 0.0000 0.0000 0.0000 0.0000 0.0000 0.0000 0.0000 0.0000 0.0000 0.0000 0.0000 0.0000 0.0000 0.0000 0.0000 0.0000 0.0000 0.0000 0.0000 0.0000 0.0000 0.0000 0.0000 0.0000 0.0000 0.0000 0.0000 0.0000 0.0000 0.0000 0.0000 0.0000 0.0000 0.0000 0.0000 0.0000 0.0000 0.0000 0.0000 0.0000 0.0000 0.0000 0.0000 0.0000 0.0000 0.0000 0.0000 0.0000 0.0000 0.0000 0.0000 0.0000 0.0000 0.0000 0.0000 0.0000 0.0000 0.0000 0.0000 0.0000 0.0000 0.0000 0.0000 0.0000 0.0000 0.0000 0.0000 0.0000 0.0000 0.0000 0.0000 0.0000 0.0000 0.0000 0.0000 0.0000 0.0000 0.0000 0.0000 0.0000 0.0000 0.0000 0.0000 0.0000 0.0000 0.0000 0.0000 0.0000 0.0000 0.0000 0.0000 0.0000 0.0000 0.0000 0.0000 0.0000 0.0000 0.0000 0.0000 0.0000 0.0000 0.0000 0.0000 0.0000 0.0000 0.0000 0.0000 0.0000 0.0000 0.0000 0.0000 0.0000 0.0000 0.0000 0.0000 0.0000 0.0000 0.0000 0.0000 0.0000 0.0000 0.0000 0.0000 0.0000 0.0000 0.0000 0.0000 0.0000 0.0000 0.0000 0.0000 0.0000 0.0000 0.0000 0.0000 0.0000 0.0000 0.0000 0.0000 0.0000 0.0000 0.0000 0.0000 0.0000 0.0000 0.0000 0.0000 0.0000 0.0000 0.0000 0.0000 0.0000 0.0000 0.0000 0.0000 0.0000 0.0000 0.0000 0.0000 0.0000 0.0000 0.0000 0.0000 0.0000 0.0000 0.0000 0.0000 0.0000 0.0000 0.0000 0.0000 0.0000 0.0000 0.0000 0.0000 0.0000 0.0000 0.0000 0.0000 0.0000 0.0000 0.0000 0.0000 0.0000 0.0000 0.0000 0.0000 0.0000 0.0000 0.0000 0.0000 0.0000 0.0000 0.0000 0.0000 0.0000 0.0000 0.0000 0.0000 0.0000 0.0000 0.0000 0.0000 0.0000 0.0000 0.0000 0.0000 0.0000 0.0000 0.0000 0.0000 0.0000 0.0000 0.0000 0.0000 0.0000 0.0000 0.0000 0.0000 0.0000 0.0000 0.0000 0.0000 0.0000 0.0000 0.0000 0.0000 0.0000 0.0000 0.0000 0.0000 0.0000 0.0000 0.0000 0.0000 0.0000 0.0000 0.0000 0.0000 0.0000 0.0000 0.0000 0.0000 0.0000 0.0000 0.0000 0.0000 0.0000 0.0000 0.0000 0.0000 0.0000 0.0000 0.0000 0.0000 0.0000 0.0000 0.0000 0.0000 0.0000 0.0000 0.0000 0.0000 0.0000 0.0000 0.0000 0.0000 0.0000 0.0000 0.0000 0.0000 0.0000 0.0000 0.0000 0.0000 0.0000 0.0000 0.0000 0.0000 0.0000 0.0000 0.0000 0.0000 0.0000 0.0000 0.0000 0.0000 0.0000 0.0000 0.0000 0.0000 0.0000 0.0000 0.0000 0.0000 0.0000 0.0000 0.0000 0.0000 0.0000 0.0000 0.0000 0.0000 0.0000 0.0000 0.0000 0.0000 0.0000 0.0000 0.0000 0.0000 0.0000 0.0000 0.0000 0.0000 0.0000 0.0000 0.0000 0.0000 0.0000 0.0000 0.0000 0.0000 0.0000 0.0000 0.0000 0.0000 0.0000 0.0000 0.0000 0.0000 0.0000 0.0000 0.0000 0.0000 0.0000 0.0000 0.0000 0.0000 0.0000 0.0000 0.0000 0.0000 0.0000 0.0000 0.0000 0.0000 0.0000 0.0000 0.0000 0.0000 0.0000 0.0000 0.0000 0.0000 0.0000 0.0000 0.0000 0.0000 0.0000 0.0000 0.0000 0.0000 0.0000 0.0000 0.0000 0.0000 0.0000 0.0000 0.0000 0.0000 0.0000 0.0000 0.0000 0.0000 0.0000 0.0000 0.0000 0.0000 0.0000 0.0000 0.0000 0.0000 0.0000 0.0000 0.0000 0.0000 0.0000 0.0000 0.0000 0.0000 0.0000 0.0000 0.0000 0.0000 0.0000 0.0000 0.0000 0.0000 0.0000 0.0000 0.0000 0.0000 0.0000 0.0000 0.0000 0.0000 0.0000 0.0000 0.0000 0.0000 0.0000 0.0000 0.0000 0.0000 0.0000 0.0000 0.0000 0.0000 0.0000 0.0000 0.0000 0.0000 0.0000 0.0000 0.0000 0.0000 0.0000 0.0000 0.0000 0.0000 0.0000 0.0000 0.0000 0.0000 0.0000 0.0000 0.0000 0.0000 0.0000 0.0000 0.0000 0.0000 0.0000 0.0000 0.0000 0.0000 0.0000 0.0000 0.0000 0.0000 0.0000 0.0000 0.0000 0.0000 0.0000 0.0000 0.0000 0.0000 0.0000 0.0000 0.0000 0.0000 0.0000 0.0000 0.0000 0.0000 0.0000 0.0000 0.0000 0.0000 0.0000 0.0000 0.0000 0.0000 0.0000 0.0000 0.0000 0.0000 0.0000 0.0000 0.0000 0.0000 0.0000 0.0000 0.0000 0.0000 0.0000 0.0000 0.0000 0.0000 0.0000 0.0000 0.0000 0.0000 0.0000 0.0000 0.0000 0.0000 0.0000 0.0000 0.0000 0.0000 0.0000 0.0000 0.0000 0.0000 0.0000 0.0000 0.0000 0.0000 0.0000 0.0000 0.0000 0.0000 0.0000 0.0000 0.0000 0.0000 0.0000 0.0000 0.0000 0.0000 0.0000 0.0000 0.0000 0.0000 0.0000 0.0000 0.0000 0.0000 0.0000 0.0000 0.0000 0.0000 0.0000 0.0000 0.0000 0.0000 0.0000 0.0000 0.0000 0.0000 0.0000 0.0000 0.0000 0.0000 0.0000 0.0000 0.0000 0.0000 0.0000 0.0000 0.0000 0.0000 0.0000 0.0000 0.0000 0.0000 0.0000 0.0000 0.0000 0.0000 0.0000 0.0000 0.0000 0.0000 0.0000 0.0000 0.0000 0.0000 0.0000 0.0000 0.0000 0.0000 0.0000 0.0000 0.0000 0.0000 0.0000 0.0000 0.0000 0.0000 0.0000 0.0000 0.0000 0.0000 0.0000 0.0000 0.0000 0.0000 0.0000 0.0000 0.0000 0.0000 0.0000 0.0000 0.0000 0.0000 0.0000 0.0000 0.0000 0.0000 0.0000 0.0000 0.0000 0.0000 0.0000 0.0000 0.0000 0.0000 0.0000 0.0000 0.0000 0.0000 0.0000 0.0000 0.0000 0.0000 0.0000 0.0000 0.0000 0.0000 0.0000 0.0000 0.0000 0.0000 0.0000 0.0000 0.0000 0.0000 0.0000 0.0000 0.0000 0.0000 0.0000 0.0000 0.0000 0.0000 0.0000 0.0000 0.0000 0.0000 0.0000 0.0000 0.0000 0.0000 0.0000 0.0000 0.0000 0.0000 0.0000 0.0000 0.0000 0.0000 0.0000 0.0000 0.0000 0.0000 0.0000 0.0000 0.0000 0.0000 0.0000 0.0000 0.0000 0.0000 0.0000 0.0000 0.0000 0.0000 0.0000 0.0000 0.0000 0.0000 0.0000 0.0000 0.0000 0.0000 0.0000 0.0000 0.0000 0.0000 0.0000 0.0000 0.0000 0.0000 0.0000 0.0000 0.0000 0.0000 0.0000 0.0000 0.0000 0.0000 0.0000 0.0000 0.0000 0.0000 0.0000 0.0000 0.0000 0.0000 0.0000 0.0000 0.0000 0.0000 0.0000 0.0000 0.0000 0.0000 0.0000 0.0000 0.0000 0.0000 0.0000 0.0000 0.0000 0.0000 0.0000 0.0000 0.0000 0.0000 0.0000 0.0000 0.0000 0.0000 0.0000 0.0000 0.0000 0.0000 0.0000 0.0000 0.0000 0.0000 0.0000 0.0000 0.0000 0.0000 0.0000 0.0000 0.0000 0.0000 0.0000 0.0000 0.0000 0.0000 0.0000 0.0000 0.0000 0.0000 0.0000 0.0000 0.0000 0.0000 0.0000 0.0000 0.0000 0.0000 0.0000 0.0000 0.0000 0.0000 0.0000 0.0000 0.0000 0.0000 0.0000 0.0000 0.0000 0.0000 0.0000 0.0000 0.0000 0.0000 0.0000 0.0000 0.0000 0.0000 0.0000 0.0000 0.0000 0.0000 0.0000 0.0000 0.0000 0.0000 0.0000 0.0000 0.0000 0.0000 0.0000 0.0000 0.0000 0.0000 0.0000 0.0000 0.0000 0.0000 0.0000 0.0000 0.0000 0.0000 0.0000 0.0000 0.0000 0.0000 0.0000 0.0000 0.0000 0.0000 0.0000 0.0000 0.0000 0.0000 0.0000 0.0000 0.0000 0.0000 0.0000 0.0000 0.0000 0.0000 0.0000 0.0000 0.0000 0.0000 0.0000 0.0000 0.0000 0.0000 0.0000 0.0000 0.0000 0.0000 0.0000 0.0000 0.0000 0.0000 0.0000 0.0000 0.0000 0.0000 0.0000 0.0000 0.0000 0.0000 0.0000 0.0000 0.0000 0.0000 0.0000 0.0000 0.0000 0.0000 0.0000 0.0000 0.0000 0.0000 0.0000 0.0000 0.0000 0.0000 0.0000 0.0000 0.0000 0.0000 0.0000 0.0000 0.0000 0.0000 0.0000 0.0000 0.0000 0.0000 0.0000 0.0000 0.0000 0.0000 0.0000 0.0000 0.0000 0.0000 0.0000 0.0000 0.0000 0.0000 0.0000 0.0000 0.0000 0.0000 0.0000 0.0000 0.0000 0.0000 0.0000 0.0000 0.0000 0.0000 0.0000 0.0000 0.0000 0.0000 0.0000 0.0000 0.0000 0.0000 0.0000 0.0000 0.0000 0.0000 0.0000 0.0000 0.0000 0.0000 0.0000 0.0000 0.0000 0.0000 0.0000 0.0000 0.0000 0.0000 0.0000 0.0000 0.0000 0.0000 0.0000 0.0000 0.0000 0.0000 0.0000 0.0000 0.0000 0.0000 0.0000 0.0000 0.0000 0.0000 0.0000 0.0000 0.0000 0.0000 0.0000 0.0000 0.0000 0.0000 0.0000 0.0000 0.0000 0.0000 0.0000 0.0000 0.0000 0.0000 0.0000 0.0000 0.0000 0.0000 0.0000 0.0000 0.0000 0.0000 0.0000 0.0000 0.0000 0.0000 0.0000 0.0000 0.0000 0.0000 0.0000 0.0000 0.0000 0.0000 0.0000 0.0000 0.0000 0.0000 0.0000 0.0000 0.0000 0.0000 0.0000 0.0000 0.0000 0.0000 0.0000 0.0000 0.0000 0.0000 0.0000 0.0000 0.0000 0.0000 0.0000 0.0000 0.0000 0.0000 0.0000 0.0000 0.0000 0.0000 0.0000 0.0000 0.0000 0.0000 0.0000 0.0000 0.0000 0.0000 0.0000 0.0000 0.0000 0.0000 0.0000 0.0000 0.0000 0.0000 0.0000 0.0000 0.0000 0.0000 0.0000 0.0000 0.0000 0.0000 0.0000 0.0000 0.0000 0.0000 0.0000 0.0000 0.0000 0.0000 0.0000 0.0000 0.0000 0.0000 0.0000 0.0000 0.0000 0.0000 0.0000 0.0000 0.0000 0.0000 0.0000 0.0000 0.0000 0.0000 0.0000 0.0000 0.0000 0.0000 0.0000 0.0000 0.0000 0.0000 0.0000 0.0000 0.0000 0.0000 0.0000 0.0000 0.0000 0.0000 0.0000 0.0000 0.0000 0.0000 0.0000 0.0000 0.0000 0.0000 0.0000 0.0000 0.0000 0.0000 0.0000 0.0000 0.0000 0.0000 0.0000 0.0000 0.0000 0.0000 0.0000 0.0000 0.0000 0.0000 0.0000 0.0000 0.0000 0.0000 0.0000 0.0000 0.0000 0.0000 0.0000 0.0000 0.0000 0.0000 0.0000 0.0000 0.0000 0.0000 0.0000 0.0000 0.0000 0.0000 0.0000 0.0000 0.0000 0.0000 0.0000 0.0000 0.0000 0.0000 0.0000 0.0000 0.0000 0.0000 0.0000 0.0000 0.0000 0.0000 0.0000 0.0000 0.0000 0.0000 0.0000 0.0000 0.0000 0.0000 0.0000 0.0000 0.0000 0.0000 0.0000 0.0000 0.0000 0.0000 0.0000 0.0000 0.0000 0.0000 0.0000 0.0000 0.0000 0.0000 0.0000 0.0000 0.0000 0.0000 0.0000 0.0000 0.0000 0.0000 0.0000 0.0000 0.0000 0.0000 0.0000 0.0000 0.0000 0.0000 0.0000 0.0000 0.0000 0.0000 0.0000 0.0000 0.0000 0.0000 0.0000 0.0000 0.0000 0.0000 0.0000 0.0000 0.0000 0.0000 0.0000 0.0000 0.0000 0.0000 0.0000 0.0000 0.0000 0.0000 0.0000 0.0000 0.0000 0.0000 0.0000 0.0000 0.0000 0.0000 0.0000 0.0000 0.0000 0.0000 0.0000 0.0000 0.0000 0.0000 0.0000 0.0000 0.0000 0.0000 0.0000 0.0000 0.0000 0.0000 0.0000 0.0000 0.0000 0.0000 0.0000 0.0000 0.0000 0.0000 0.0000 0.0000 0.0000 0.0000 0.0000 0.0000 0.0000 0.0000 0.0000 0.0000 0.0000 0.0000 0.0000 0.0000 0.0000 0.0000 0.0000 0.0000 0.0000 0.0000 0.0000 0.0000 0.0000 0.0000 0.0000 0.0000 0.0000 0.0000 0.0000 0.0000 0.0000 0.0000 0.0000 0.0000 0.0000 0.0000 0.0000 0.0000 0.0000 0.0000 0.0000 0.0000 0.0000 0.0000 0.0000 0.0000 0.0000 0.0000 0.0000 0.0000 0.0000 0.0000 0.0000 0.0000 0.0000 0.0000 0.0000 0.0000 0.0000 0.0000 0.0000 0.0000 0.0000 0.0000 0.0000 0.0000 0.0000 0.0000 0.0000 0.0000 0.0000 0.0000 0.0000 0.0000 0.0000 0.0000 0.0000 0.0000 0.0000 0.0000 0.0000 0.0000 0.0000 0.0000 0.0000 0.0000 0.0000 0.0000 0.0000 0.0000 0.0000 0.0000 0.0000 0.0000 0.0000 0.0000 0.0000 0.0000 0.0000 0.0000 0.0000 0.0000 0.0000 0.0000 0.0000 0.0000 0.0000 0.0000 0.0000 0.0000 0.0000 0.0000 0.0000 0.0000 0.0000 0.0000 0.0000 0.0000 0.0000 0.0000 0.0000 0.0000 0.0000 0.0000 0.0000 0.0000 0.0000 0.0000 0.0000 0.0000 0.0000 0.0000 0.0000 0.0000 0.0000 0.0000 0.0000 0.0000 0.0000 0.0000 0.0000 0.0000 0.0000 0.0000 0.0000 0.0000 0.0000 0.0000 0.0000 0.0000 0.0000 0.0000 0.0000 0.0000 0.0000 0.0000 0.0000 0.0000 0.0000 0.0000 0.0000 0.0000 0.0000 0.0000 0.0000 0.0000 0.0000 0.0000 0.0000 0.0000 0.0000 0.0000 0.0000 0.0000 0.0000 0.0000 0.0000 0.0000 0.0000 0.0000 0.0000 0.0000 0.0000 0.0000 0.0000 0.0000 0.0000 0.0000 0.0000 0.0000 0.0000 0.0000 0.0000 0.0000 0.0000 0.0000 0.0000 0.0000 0.0000 0.0000 0.0000 0.0000 0.0000 0.0000 0.0000 0.0000 0.0000 0.0000 0.0000 0.0000 0.0000 0.0000 0.0000 0.0000 0.0000 0.0000 0.0000 0.0000 0.0000 0.0000 0.0000 0.0000 0.0000 0.0000 0.0000 0.0000 0.0000 0.0000 0.0000 0.0000 0.0000 0.0000 0.0000 0.0000 0.0000 0.0000 0.0000 0.0000 0.0000 0.0000 0.0000 0.0000 0.0000 0.0000 0.0000 0.0000 0.0000 0.0000 0.0000 0.0000 0.0000 0.0000 0.0000 0.0000 0.0000 0.0000 0.0000 0.0000 0.0000 0.0000 0.0000 0.0000 0.0000 0.0000 0.0000 0.0000 0.0000 0.0000 0.0000 0.0000 0.0000 0.0000 0.0000 0.0000 0.0000 0.0000 0.0000 0.0000 0.0000 0.0000 0.0000 0.0000 0.0000 0.0000 0.0000 0.0000 0.0000 0.0000 0.0000 0.0000 0.0000 0.0000 0.0000 0.0000 0.0000 0.0000 0.0000 0.0000 0.0000 0.0000 0.0000 0.0000 0.0000 0.0000 0.0000 0.0000 0.0000 0.0000 0.0000 0.0000 0.0000 0.0000 0.0000 0.0000 0.0000 0.0000 0.0000 0.0000 0.0000 0.0000 0.0000 0.0000 0.0000 0.0000 0.0000 0.0000 0.0000 0.0000 0.0000 0.0000 0.0000 0.0000 0.0000 0.0000 0.0000 0.0000 0.0000 0.0000 0.0000 0.0000 0.0000 0.0000 0.0000 0.0000 0.0000 0.0000 0.0000 0.0000 0.0000 0.0000 0.0000 0.0000 0.0000 0.0000 0.0000 0.0000 0.0000 0.0000 0.0000 0.0000 0.0000 0.0000 0.0000 0.0000 0.0000 0.0000 0.0000 0.0000 0.0000 0.0000 0.0000 0.0000 0.0000 0.0000 0.0000 0.0000 0.0000 0.0000 0.0000 0.0000 0.0000 0.0000 0.0000 0.0000 0.0000 0.0000 0.0000 0.0000 0.0000 0.0000 0.0000 0.0000 0.0000 0.0000 0.0000 0.0000 0.0000 0.0000 0.0000 0.0000 0.0000 0.0000 0.0000 0.0000 0.0000 0.0000 0.0000 0.0000 0.0000 0.0000 0.0000 0.0000 0.0000 0.0000 0.0000 0.0000 0.0000 0.0000 0.0000 0.0000 0.0000 0.0000 0.0000 0.0000 0.0000 0.0000 0.0000 0.0000 0.0000 0.0000 0.0000 0.0000 0.0000 0.0000 0.0000 0.0000 0.0000 0.0000 0.0000 0.0000 0.0000 0.0000 0.0000 0.0000 0.0000 0.0000 0.0000 0.0000 0.0000 0.0000 0.0000 0.0000 0.0000 0.0000 0.0000 0.0000 0.0000 0.0000 0.0000 0.0000 0.0000 0.0000 0.0000 0.0000 0.0000 0.0000 0.0000 0.0000 0.0000 0.0000 0.0000 0.0000 0.0000 0.0000 0.0000 0.0000 0.0000 0.0000 0.0000 0.0000 0.0000 0.0000 0.0000 0.0000 0.0000 0.0000 0.0000 0.0000 0.0000 0.0000 0.0000 0.0000 0.0000 0.0000 0.0000 0.0000 0.0000 0.0000 0.0000 0.0000 0.0000 0.0000 0.0000 0.0000 0.0000 0.0000 0.0000 0.0000 0.0000 0.0000 0.0000 0.0000 0.0000 0.0000 0.0000 0.0000 0.0000 0.0000 0.0000 0.0000 0.0000 0.0000 0.0000 0.0000 0.0000 0.0000 0.0000 0.0000 0.0000 0.0000 0.0000 0.0000 0.0000 0.0000 0.0000 0.0000 0.0000 0.0000 0.0000 0.0000 0.0000 0.0000 0.0000 0.0000 0.0000 0.0000 0.0000 0.0000 0.0000 0.0000 0.0000 0.0000 0.0000 0.0000 0.0000 0.0000 0.0000 0.0000 0.0000 0.0000 0.0000 0.0000 0.0000 0.0000 0.0000 0.0000 0.0000 0.0000 0.0000 0.0000 0.0000 0.0000 0.0000 0.0000 0.0000 0.0000 0.0000 0.0000 0.0000 0.0000 0.0000 0.0000 0.0000 0.0000 0.0000 0.0000 0.0000 0.0000 0.0000 0.0000 0.0000 0.0000 0.0000 0.0000 0.0000 0.0000 0.0000 0.0000 0.0000 0.0000 0.0000 0.0000 0.0000 0.0000 0.0000 0.0000 0.0000 0.0000 0.0000 0.0000 0.0000 0.0000 0.0000 0.0000 0.0000 0.0000 0.0000 0.0000 0.0000 0.0000 0.0000 0.0000 0.0000 0.0000 0.0000 0.0000 0.0000 0.0000 0.0000 0.0000 0.0000 0.0000 0.0000 0.0000 0.0000 0.0000 0.0000 0.0000 0.0000 0.0000 0.0000 0.0000 0.0000 0.0000 0.0000 0.0000 0.0000 0.0000 0.0000 0.0000 0.0000 0.0000 0.0000 0.0000 0.0000 0.0000 0.0000 0.0000 0.0000 0.0000 0.0000 0.0000 0.0000 0.0000 0.0000 0.0000 0.0000 0.0000 0.0000 0.0000 0.0000 0.0000 0.0000 0.0000 0.0000 0.0000 0.0000 0.0000 0.0000 0.0000 0.0000 0.0000 0.0000 0.0000 0.0000 0.0000 0.0000 0.0000 0.0000 0.0000 0.0000 0.0000 0.0000 0.0000 0.0000 0.0000 0.0000 0.0000 0.0000 0.0000 0.0000 0.0000 0.0000 0.0000 0.0000 0.0000 0.0000 0.0000 0.0000 0.0000 0.0000 0.0000 0.0000 0.0000 0.0000 0.0000 0.0000 0.0000 0.0000 0.0000 0.0000 0.0000 0.0000 0.0000 0.0000 0.0000 0.0000 0.0000 0.0000 0.0000 0.0000 0.0000 0.0000 0.0000 0.0000 0.0000 0.0000 0.0000 0.0000 0.0000 0.0000 0.0000 0.0000 0.0000 0.0000 0.0000 0.0000 0.0000 0.0000 0.0000 0.0000 0.0000 0.0000 0.0000 0.0000 0.0000 0.0000 0.0000 0.0000 0.0000 0.0000 0.0000 0.0000 0.0000 0.0000 0.0000 0.0000 0.0000 0.0000 0.0000 0.0000 0.0000 0.0000 0.0000 0.0000 0.0000 0.0000 0.0000 0.0000 0.0000 0.0000 0.0000 0.0000 0.0000 0.0000 0.0000 0.0000 0.0000 0.0000 0.0000 0.0000 0.0000 0.0000 0.0000 0.0000 0.0000 0.0000 0.0000 0.0000 0.0000 0.0000 0.0000 0.0000 0.0000 0.0000 0.0000 0.0000 0.0000 0.0000 0.0000 0.0000 0.0000 0.0000 0.0000 0.0000 0.0000 0.0000 0.0000 0.0000 0.0000 0.0000 0.0000 0.0000 0.0000 0.0000 0.0000 0.0000 0.0000 0.0000 0.0000 0.0000 0.0000 0.0000 0.0000 0.0000 0.0000 0.0000 0.0000 0.0000 0.0000 0.0000 0.0000 0.0000 0.0000 0.0000 0.0000 0.0000 0.0000 0.0000 0.0000 0.0000 0.0000 0.0000 0.0000 0.0000 0.0000 0.0000 0.0000 0.0000 0.0000 0.0000 0.0000 0.0000 0.0000 0.0000 0.0000 0.0000 0.0000 0.0000 0.0000 0.0000 0.0000 0.0000 0.0000 0.0000 0.0000 0.0000 0.0000 0.0000 0.0000 0.0000 0.0000 0.0000 0.0000 0.0000 0.0000 0.0000 0.0000 0.0000 0.0000 0.0000 0.0000 0.0000 0.0000 0.0000 0.0000 0.0000 0.0000 0.0000 0.0000 0.0000 0.0000 0.0000 0.0000 0.0000 0.0000 0.0000 0.0000 0.0000 0.0000 0.0000 0.0000 0.0000 0.0000 0.0000 0.0000 0.0000 0.0000 0.0000 0.0000 0.0000 0.0000 0.0000 0.0000 0.0000 0.0000 0.0000 0.0000 0.0000 0.0000 0.0000 0.0000 0.0000 0.0000 0.0000 0.0000 0.0000 0.0000 0.0000 0.0000 0.0000 0.0000 0.0000 0.0000 0.0000 0.0000 0.0000 0.0000 0.0000 0.0000 0.0000 0.0000 0.0000 0.0000 0.0000 0.0000 0.0000 0.0000 0.0000 0.0000 0.0000 0.0000 0.0000 0.0000 0.0000 0.0000 0.0000 0.0000 0.0000 0.0000 0.0000 0.0000 0.0000 0.0000 0.0000 0.0000 0.0000 0.0000 0.0000 0.0000 0.0000 0.0000 0.0000 0.0000 0.0000 0.0000 0.0000 0.0000 0.0000 0.0000 0.0000 0.0000 0.0000 0.0000 0.0000 0.0000 0.0000 0.0000 0.0000 0.0000 0.0000 0.0000 0.0000 0.0000 0.0000 0.0000 0.0000 0.0000 0.0000 0.0000 0.0000 0.0000 0.0000 0.0000 0.0000 0.0000 0.0000 0.0000 0.0000 0.0000 0.0000 0.0000 0.0000 0.0000 0.0000 0.0000 0.0000 0.0000 0.0000 0.0000 0.0000 0.0000 0.0000 0.0000 0.0000 0.0000 0.0000 0.0000 0.0000 0.0000 0.0000 0.0000 0.0000 0.0000 0.0000 0.0000 0.0000 0.0000 0.0000 0.0000 0.0000 0.0000 0.0000 0.0000 0.0000 0.0000 0.0000 0.0000 0.0000 0.0000 0.0000 0.0000 0.0000 0.0000 0.0000 0.0000 0.0000 0.0000 0.0000 0.0000 0.0000 0.0000 0.0000 0.0000 0.0000 0.0000 0.0000 0.0000 0.0000 0.0000 0.0000 0.0000 0.0000 0.0000 0.0000 0.0000 0.0000 0.0000 0.0000 0.0000 0.0000 0.0000 0.0000 0.0000 0.0000 0.0000 0.0000 0.0000 0.0000 0.0000 0.0000 0.0000 0.0000 0.0000 0.0000 0.0000 0.0000 0.0000 0.0000 0.0000 0.0000 0.0000 0.0000 0.0000 0.0000 0.0000 0.0000 0.0000 0.0000 0.0000 0.0000 0.0000 0.0000 0.0000 0.0000 0.0000 0.0000 0.0000 0.0000 0.0000 0.0000 0.0000 0.0000 0.0000 0.0000 0.0000 0.0000 0.0000 0.0000 0.0000 0.0000 0.0000 0.0000 0.0000 0.0000 0.0000 0.0000 0.0000 0.0000 0.0000 0.0000 0.0000 0.0000 0.0000 0.0000 0.0000 0.0000 0.0000 0.0000 0.0000 0.0000 0.0000 0.0000 0.0000 0.0000 0.0000 0.0000 0.0000 0.0000 0.0000 0.0000 0.0000 0.0000 0.0000 0.0000 0.0000 0.0000 0.0000 0.0000 0.0000 0.0000 0.0000 0.0000 0.0000 0.0000 0.0000 0.0000 0.0000 0.0000 0.0000 0.0000 0.0000 0.0000 0.0000 0.0000 0.0000 0.0000 0.0000 0.0000 0.0000 0.0000 0.0000 0.0000 0.0000 0.0000 0.0000 0.0000 0.0000 0.0000 0.0000 0.0000 0.0000 0.0000 0.0000 0.0000 0.0000 0.0000 0.0000 0.0000 0.0000 0.0000 0.0000 0.0000 0.0000 0.0000 0.0000 0.0000 0.0000 0.0000 0.0000 0.0000 0.0000 0.0000 0.0000 0.0000 0.0000 0.0000 0.0000 0.0000 0.0000 0.0000 0.0000 0.0000 0.0000 0.0000 0.0000 0.0000 0.0000 0.0000 0.0000 0.0000 0.0000 0.0000 0.0000 0.0000 0.0000 0.0000 0.0000 0.0000 0.0000 0.0000 0.0000 0.0000 0.0000 0.0000 0.0000 0.0000 0.0000 0.0000 0.0000 0.0000 0.0000 0.0000 0.0000 0.0000 0.0000 0.0000 0.0000 0.0000 0.0000 0.0000 0.0000 0.0000 0.0000 0.0000 0.0000 0.0000 0.0000 0.0000 0.0000 0.0000 0.0000 0.0000 0.0000 0.0000 0.0000 0.0000 0.0000 0.0000 0.0000 0.0000 0.0000 0.0000 0.0000 0.0000 0.0000 0.0000 0.0000 0.0000 0.0000 0.0000 0.0000 0.0000 0.0000 0.0000 0.0000 0.0000 0.0000 0.0000 0.0000 0.0000 0.0000 0.0000 0.0000 0.0000 0.0000 0.0000 0.0000 0.0000 0.0000 0.0000 0.0000 0.0000 0.0000 0.0000 0.0000 0.0000 0.0000 0.0000 0.0000 0.0000 0.0000 0.0000 0.0000 0.0000 0.0000 0.0000 0.0000 0.0000 0.0000 0.0000 0.0000 0.0000 0.0000 0.0000 0.0000 0.0000 0.0000 0.0000 0.0000 0.0000 0.0000 0.0000 0.0000 0.0000 0.0000 0.0000 0.0000 0.0000 0.0000 0.0000 0.0000 0.0000 0.0000 0.0000 0.0000 0.0000 0.0000 0.0000 0.0000 0.0000 0.0000 0.0000 0.0000 0.0000 0.0000 0.0000 0.0000 0.0000 0.0000 0.0000 0.0000 0.0000 0.0000 0.0000 0.0000 0.0000 0.0000 0.0000 0.0000 0.0000 0.0000 0.0000 0.0000 0.0000 0.0000 0.0000 0.0000 0.0000 0.0000 0.0000 0.0000 0.0000 0.0000 0.0000 0.0000 0.0000 0.0000 0.0000 0.0000 0.0000 0.0000 0.0000 0.0000 0.0000 0.0000 0.0000 0.0000 0.0000 0.0000 0.0000 0.0000 0.0000 0.0000 0.0000 0.0000 0.0000 0.0000 0.0000 0.0000 0.0000 0.0000 0.0000 0.0000 0.0000 0.0000 0.0000 0.0000 0.0000 0.0000 0.0000 0.0000 0.0000 0.0000 0.0000 0.0000 0.0000 0.0000 0.0000 0.0000 0.0000 0.0000 0.0000 0.0000 0.0000 0.0000 0.0000 0.0000 0.0000 0.0000 0.0000 0.0000 0.0000 0.0000 0.0000 0.0000 0.0000 0.0000 0.0000 0.0000 0.0000 0.0000 0.0000 0.0000 0.0000 0.0000 0.0000 0.0000 0.0000 0.0000 0.0000 0.0000 0.0000 0.0000 0.0000 0.0000 0.0000 0.0000 0.0000 0.0000 0.0000 0.0000 0.0000 0.0000 0.0000 0.0000 0.0000 0.0000 0.0000 0.0000 0.0000 0.0000 0.0000 0.0000 0.0000 0.0000 0.0000 0.0000 0.0000 0.0000 0.0000 0.0000 0.0000 0.0000 0.0000 0.0000 0.0000 0.0000 0.0000 0.0000 0.0000 0.0000 0.0000 0.0000 0.0000 0.0000 0.0000 0.0000 0.0000 0.0000 0.0000 0.0000 0.0000 0.0000 0.0000 0.0000 0.0000 0.0000 0.0000 0.0000 0.0000 0.0000 0.0000 0.0000 0.0000 0.0000 0.0000 0.0000 0.0000 0.0000 0.0000 0.0000 0.0000 0.0000 0.0000 0.0000 0.0000 0.0000 0.0000 0.0000 0.0000 0.0000 0.0000 0.0000 0.0000 0.0000 0.0000 0.0000 0.0000 0.0000 0.0000 0.0000 0.0000 0.0000 0.0000 0.0000 0.0000 0.0000 0.0000 0.0000 0.0000 0.0000 0.0000 0.0000 0.0000 0.0000 0.0000 0.0000 0.0000 0.0000 0.0000 0.0000 0.0000 0.0000 0.0000 0.0000 0.0000 0.0000 0.0000 0.0000 0.0000 0.0000 0.0000 0.0000 0.0000 0.0000 0.0000 0.0000 0.0000 0.0000 0.0000 0.0000 0.0000 0.0000 0.0000 0.0000 0.0000 0.0000 0.0000 0.0000 0.0000 0.0000 0.0000 0.0000 0.0000 0.0000 0.0000 0.0000 0.0000 0.0000 0.0000 0.0000 0.0000 0.0000 0.0000 0.0000 0.0000 0.0000 0.0000 0.0000 0.0000 0.0000 0.0000 0.0000 0.0000 0.0000 0.0000 0.0000 0.0000 0.0000 0.0000 0.0000 0.0000 0.0000 0.0000 0.0000 0.0000 0.0000 0.0000 0.0000 0.0000 0.0000 0.0000 0.0000 0.0000 0.0000 0.0000 0.0000 0.0000 0.0000 0.0000 0.0000 0.0000 0.0000 0.0000 0.0000 0.0000 0.0000 0.0000 0.0000 0.0000 0.0000 0.0000 0.0000 0.0000 0.0000 0.0000 0.0000 0.0000 0.0000 0.0000 0.0000 0.0000 0.0000 0.0000 0.0000 0.0000 0.0000 0.0000 0.0000 0.0000 0.0000 0.0000 0.0000 0.0000 0.0000 0.0000 0.0000 0.0000 0.0000 0.0000 0.0000 0.0000 0.0000 0.0000 0.0000 0.0000 0.0000 0.0000 0.0000 0.0000 0.0000 0.0000 0.0000 0.0000 0.0000 0.0000 0.0000 0.0000 0.0000 0.0000 0.0000 0.0000 0.0000 0.0000 0.0000 0.0000 0.0000 0.0000 0.0000 0.0000 0.0000 0.0000 0.0000 0.0000 0.0000 0.0000 0.0000 0.0000 0.0000 0.0000 0.0000 0.0000 0.0000 0.0000 0.0000 0.0000 0.0000 0.0000 0.0000 0.0000 0.0000 0.0000 0.0000 0.0000 0.0000 0.0000 0.0000 0.0000 0.0000 0.0000 0.0000 0.0000 0.0000 0.0000 0.0000 0.0000 0.0000 0.0000 0.0000 0.0000 0.0000 0.0000 0.0000 0.0000 0.0000 0.0000 0.0000 0.0000 0.0000 0.0000 0.0000 0.0000 0.0000 0.0000 0.0000 0.0000 0.0000 0.0000 0.0000 0.0000 0.0000 0.0000 0.0000 0.0000 0.0000 0.0000 0.0000 0.0000 0.0000 0.0000 0.0000 0.0000 0.0000 0.0000 0.0000 0.0000 0.0000 0.0000 0.0000 0.0000 0.0000 0.0000 0.0000 0.0000 0.0000 0.0000 0.0000 0.0000 0.0000 0.0000 0.0000 0.0000 0.0000 0.0000 0.0000 0.0000 0.0000 0.0000 0.0000 0.0000 0.0000 0.0000 0.0000 0.0000 0.0000 0.0000 0.0000 0.0000 0.0000 0.0000 0.0000 0.0000 0.0000 0.0000 0.0000 0.0000 0.0000 0.0000 0.0000 0.0000 0.0000 0.0000 0.0000 0.0000 0.0000 0.0000 0.0000 0.0000 0.0000 0.0000 0.0000 0.0000 0.0000 0.0000 0.0000 0.0000 0.0000 0.0000 0.0000 0.0000 0.0000 0.0000 0.0000 0.0000 0.0000 0.0000 0.0000 0.0000 0.0000 0.0000 0.0000 0.0000 0.0000 0.0000 0.0000 0.0000 0.0000 0.0000 0.0000 0.0000 0.0000 0.0000 0.0000 0.0000 0.0000 0.0000 0.0000 0.0000 0.0000 0.0000 0.0000 0.0000 0.0000 0.0000 0.0000 0.0000 0.0000 0.0000 0.0000 0.0000 0.0000 0.0000 0.0000 0.0000 0.0000 0.0000 0.0000 0.0000 0.0000 0.0000 0.0000 0.0000 0.0000 0.0000 0.0000 0.0000 0.0000 0.0000 0.0000 0.0000 0.0000 0.0000 0.0000 0.0000 0.0000 0.0000 0.0000 0.0000 0.0000 0.0000 0.0000 0.0000 0.0000 0.0000 0.0000 0.0000 0.0000 0.0000 0.0000 0.0000 0.0000 0.0000 0.0000 0.0000 0.0000 0.0000 0.0000 0.0000 0.0000 0.0000 0.0000 0.0000 0.0000 0.0000 0.0000 0.0000 0.0000 0.0000 0.0000 0.0000 0.0000 0.0000 0.0000 0.0000 0.0000 0.0000 0.0000 0.0000 0.0000 0.0000 0.0000 0.0000 0.0000 0.0000 0.0000 0.0000 0.0000 0.0000 0.0000 0.0000 0.0000 0.0000 0.0000 0.0000 0.0000 0.0000 0.0000 0.0000 0.0000 0.0000 0.0000 0.0000 0.0000 0.0000 0.0000 0.0000 0.0000 0.0000 0.0000 0.0000 0.0000 0.0000 0.0000 0.0000 0.0000 0.0000 0.0000 0.0000 0.0000 0.0000 0.0000 0.0000 0.0000 0.0000 0.0000 0.0000 0.0000 0.0000 0.0000 0.0000 0.0000 0.0000 0.0000 0.0000 0.0000 0.0000 0.0000 0.0000 0.0000 0.0000 0.0000 0.0000 0.0000 0.0000 0.0000 0.0000 0.0000 0.0000 0.0000 0.0000 0.0000 0.0000 0.0000 0.0000 0.0000 0.0000 0.0000 0.0000 0.0000 0.0000 0.0000 0.0000 0.0000 0.0000 0.0000 0.0000 0.0000 0.0000 0.0000 0.0000 0.0000 0.0000 0.0000 0.0000 0.0000 0.0000 0.0000 0.0000 0.0000 0.0000 0.0000 0.0000 0.0000 0.0000 0.0000 0.0000 0.0000 0.0000 0.0000 0.0000 0.0000 0.0000 0.0000 0.0000 0.0000 0.0000 0.0000 0.0000 0.0000 0.0000 0.0000 0.0000 0.0000 0.0000 0.0000 0.0000 0.0000 0.0000 0.0000 0.0000 0.0000 0.0000 0.0000 0.0000 0.0000 0.0000 0.0000 0.0000 0.0000 0.0000 0.0000 0.0000 0.0000 0.0000 0.0000 0.0000 0.0000 0.0000 0.0000 0.0000 0.0000 0.0000 0.0000 0.0000 0.0000 0.0000 0.0000 0.0000 0.0000 0.0000 0.0000 0.0000 0.0000 0.0000 0.0000 0.0000 0.0000 0.0000 0.0000 0.0000 0.0000 0.0000 0.0000 0.0000 0.0000 0.0000 0.0000 0.0000 0.0000 0.0000 0.0000 0.0000 0.0000 0.0000 0.0000 0.0000 0.0000 0.0000 0.0000 0.0000 0.0000 0.0000 0.0000 0.0000 0.0000 0.0000 0.0000 0.0000 0.0000 0.0000 0.0000 0.0000 0.0000 0.0000 0.0000 0.0000 0.0000 0.0000 0.0000 0.0000 0.0000 0.0000 0.0000 0.0000 0.0000 0.0000 0.0000 0.0000 0.0000 0.0000 0.0000 0.0000 0.0000 0.0000 0.0000 0.0000 0.0000 0.0000 0.0000 0.0000 0.0000 0.0000 0.0000 0.0000 0.0000 0.0000 0.0000 0.0000 0.0000 0.0000 0.0000 0.0000 0.0000 0.0000 0.0000 0.0000 0.0000 0.0000 0.0000 0.0000 0.0000 0.0000 0.0000 0.0000 0.0000 0.0000 0.0000 0.0000 0.0000 0.0000 0.0000 0.0000 0.0000 0.0000 0.0000 0.0000 0.0000 0.0000 0.0000 0.0000 0.0000 0.0000 0.0000 0.0000 0.0000 0.0000 0.0000 0.0000 0.0000 0.0000 0.0000 0.0000 0.0000 0.0000 0.0000 0.0000 0.0000 0.0000 0.0000 0.0000 0.0000 0.0000 0.0000 0.0000 0.0000 0.0000 0.0000 0.0000 0.0000 0.0000 0.0000 0.0000 0.0000 0.0000 0.0000 0.0000 0.0000 0.0000 0.0000 0.0000 0.0000 0.0000 0.0000 0.0000 0.0000 0.0000 0.0000 0.0000 0.0000 0.0000 0.0000 0.0000 0.0000 0.0000 0.0000 0.0000 0.0000 0.0000 0.0000 0.0000 0.0000 0.0000 0.0000 0.0000 0.0000 0.0000 0.0000 0.0000 0.0000 0.0000 0.0000 0.0000 0.0000 0.0000 0.0000 0.0000 0.0000 0.0000 0.0000 0.0000 0.0000 0.0000 0.0000 0.0000 0.0000 0.0000 0.0000 0.0000 0.0000 0.0000 0.0000 0.0000 0.0000 0.0000 0.0000 0.0000 0.0000 0.0000 0.0000 0.0000 0.0000 0.0000 0.0000 0.0000 0.0000 0.0000 0.0000 0.0000 0.0000 0.0000 0.0000 0.0000 0.0000 0.0000 0.0000 0.0000 0.0000 0.0000 0.0000 0.0000 0.0000 0.0000 0.0000 0.0000 0.0000 0.0000 0.0000 0.0000 0.0000 0.0000 0.0000 0.0000 0.0000 0.0000 0.0000 0.0000 0.0000 0.0000 0.0000 0.0000 0.0000 0.0000 0.0000 0.0000 0.0000 0.0000 0.0000 0.0000 0.0000 0.0000 0.0000 0.0000 0.0000 0.0000 0.0000 0.0000 0.0000 0.0000 0.0000 0.0000 0.0000 0.0000 0.0000 0.0000 0.0000 0.0000 0.0000 0.0000 0.0000 0.0000 0.0000 0.0000 0.0000 0.0000 0.0000 0.0000 0.0000 0.0000 0.0000 0.0000 0.0000 0.0000 0.0000 0.0000 0.0000 0.0000 0.0000 0.0000 0.0000 0.0000 0.0000 0.0000 0.0000 0.0000 0.0000 0.0000 0.0000 0.0000 0.0000 0.0000 0.0000 0.0000 0.0000 0.0000 0.0000 0.0000 0.0000 0.0000 0.0000 0.0000 0.0000 0.0000 0.0000 0.0000 0.0000 0.0000 0.0000 0.0000 0.0000 0.0000 0.0000 0.0000 0.0000 0.0000 0.0000 0.0000 0.0000 0.0000 0.0000 0.0000 0.0000 0.0000 0.0000 0.0000 0.0000 0.0000 0.0000 0.0000 0.0000 0.0000 0.0000 0.0000 0.0000 0.0000 0.0000 0.0000 0.0000 0.0000 0.0000 0.0000 0.0000 0.0000 0.0000 0.0000 0.0000 0.0000 0.0000 0.0000 0.0000 0.0000 0.0000 0.0000 0.0000 0.0000 0.0000 0.0000 0.0000 0.0000 0.0000 0.0000 0.0000 0.0000 0.0000 0.0000 0.0000 0.0000 0.0000 0.0000 0.0000 0.0000 0.0000 0.0000 0.0000 0.0000 0.0000 0.0000 0.0000 0.0000 0.0000 0.0000 0.0000 0.0000 0.0000 0.0000 0.0000 0.0000 0.0000 0.0000 0.0000 0.0000 0.0000 0.0000 0.0000 0.0000 0.0000 0.0000 0.0000 0.0000 0.0000 0.0000 0.0000 0.0000 0.0000 0.0000 0.0000 0.0000 0.0000 0.0000 0.0000 0.0000 0.0000 0.0000 0.0000 0.0000 0.0000 0.0000 0.0000 0.0000 0.0000 0.0000 0.0000 0.0000 0.0000 0.0000 0.0000 0.0000 0.0000 0.0000 0.0000 0.0000 0.0000 0.0000 0.0000 0.0000 0.0000 0.0000 0.0000 0.0000 0.0000 0.0000 0.0000 0.0000 0.0000 0.0000 0.0000 0.0000 0.0000 0.0000 0.0000 0.0000 0.0000 0.0000 0.0000 0.0000 0.0000 0.0000 0.0000 0.0000 0.0000 0.0000 0.0000 0.0000 0.0000 0.0000 0.0000 0.0000 0.0000 0.0000 0.0000 0.0000 0.0000 0.0000 0.0000 0.0000 0.0000 0.0000 0.0000 0.0000 0.0000 0.0000 0.0000 0.0000 0.0000 0.0000 0.0000 0.0000 0.0000 0.0000 0.0000 0.0000 0.0000 0.0000 0.0000 0.0000 0.0000 0.0000 0.0000 0.0000 0.0000 0.0000 0.0000 0.0000 0.0000 0.0000 0.0000 0.0000 0.0000 0.0000 0.0000 0.0000 0.0000 0.0000 0.0000 0.0000 0.0000 0.0000 0.0000 0.0000 0.0000 0.0000 0.0000 0.0000 0.0000 0.0000 0.0000 0.0000 0.0000 0.0000 0.0000 0.0000 0.0000 0.0000 0.0000 0.0000 0.0000 0.0000 0.0000 0.0000 0.0000 0.0000 0.0000 0.0000 0.0000 0.0000 0.0000 0.0000 0.0000 0.0000 0.0000 0.0000 0.0000 0.0000 0.0000 0.0000 0.0000 0.0000 0.0000 0.0000 0.0000 0.0000 0.0000 0.0000 0.0000 0.0000 0.0000 0.0000 0.0000 0.0000 0.0000 0.0000 0.0000 0.0000 0.0000 0.0000 0.0000 0.0000 0.0000 0.0000 0.0000 0.0000 0.0000 0.0000 0.0000 0.0000 0.0000 0.0000 0.0000 0.0000 0.0000 0.0000 0.0000 0.0000 0.0000 0.0000 0.0000 0.0000 0.0000 0.0000 0.0000 0.0000 0.0000 0.0000 0.0000 0.0000 0.0000 0.0000 0.0000 0.0000 0.0000 0.0000 0.0000 0.0000 0.0000 0.0000 0.0000 0.0000 0.0000 0.0000 0.0000 0.0000 0.0000 0.0000 0.0000 0.0000 0.0000 0.0000 0.0000 0.0000 0.0000 0.0000 0.0000 0.0000 0.0000 0.0000 0.0000 0.0000 0.0000 0.0000 0.0000 0.0000 0.0000 0.0000 0.0000 0.0000 0.0000 0.0000 0.0000 0.0000 0.0000 0.0000 0.0000 0.0000 0.0000 0.0000 0.0000 0.0000 0.0000 0.0000 0.0000 0.0000 0.0000 0.0000 0.0000 0.0000 0.0000 0.0000 0.0000 0.0000 0.0000 0.0000 0.0000 0.0000 0.0000 0.0000 0.0000 0.0000 0.0000 0.0000 0.0000 0.0000 0.0000 0.0000 0.0000 0.0000 0.0000 0.0000 0.0000 0.0000 0.0000 0.0000 0.0000 0.0000 0.0000 0.0000 0.0000 0.0000 0.0000 0.0000 0.0000 0.0000 0.0000 0.0000 0.0000 0.0000 0.0000 0.0000 0.0000 0.0000 0.0000 0.0000 0.0000 0.0000 0.0000 0.0000 0.0000 0.0000 0.0000 0.0000 0.0000 0.0000 0.0000 0.0000 0.0000 0.0000 0.0000 0.0000 0.0000 0.0000 0.0000 0.0000 0.0000 0.0000 0.0000 0.0000 0.0000 0.0000 0.0000 0.0000 0.0000 0.0000 0.0000 0.0000 0.0000 0.0000 0.0000 0.0000 0.0000 0.0000 0.0000 0.0000 0.0000 0.0000 0.0000 0.0000 0.0000 0.0000 0.0000 0.0000 0.0000 0.0000 0.0000 0.0000 0.0000 0.0000 0.0000 0.0000 0.0000 0.0000 0.0000 0.0000 0.0000 0.0000 0.0000 0.0000 0.0000 0.0000 0.0000 0.0000 0.0000 0.0000 0.0000 0.0000 0.0000 0.0000 0.0000 0.0000 0.0000 0.0000 0.0000 0.0000 0.0000 0.0000 0.0000 0.0000 0.0000 0.0000 0.0000 0.0000 0.0000 0.0000 0.0000 0.0000 0.0000 0.0000 0.0000 0.0000 0.0000 0.0000 0.0000 0.0000 0.0000 0.0000 0.0000 0.0000 0.0000 0.0000 0.0000 0.0000 0.0000 0.0000 0.0000 0.0000 0.0000 0.0000 0.0000 0.0000 0.0000 0.0000 0.0000 0.0000 0.0000 0.0000 0.0000 0.0000 0.0000 0.0000 0.0000 0.0000 0.0000 0.0000 0.0000 0.0000 0.0000 0.0000 0.0000 0.0000 0.0000 0.0000 0.0000 0.0000 0.0000 0.0000 0.0000 0.0000 0.0000 0.0000 0.0000 0.0000 0.0000 0.0000 0.0000 0.0000 0.0000 0.0000 0.0000 0.0000 0.0000 0.0000 0.0000 0.0000 0.0000 0.0000 0.0000 0.0000 0.0000 0.0000 0.0000 0.0000 0.0000 0.0000 0.0000 0.0000 0.0000 0.0000 0.0000 0.0000 0.0000 0.0000 0.0000 0.0000 0.0000 0.0000 0.0000 0.0000 0.0000 0.0000 0.0000 0.0000 0.0000 0.0000 0.0000 0.0000 0.0000 0.0000 0.0000 0.0000 0.0000 0.0000 0.0000 0.0000 0.0000 0.0000 0.0000 0.0000 0.0000 0.0000 0.0000 0.0000 0.0000 0.0000 0.0000 0.0000 0.0000 0.0000 0.0000 0.0000 0.0000 0.0000 0.0000 0.0000 0.0000 0.0000 0.0000 0.0000 0.0000 0.0000 0.0000 0.0000 0.0000 0.0000 0.0000 0.0000 0.0000 0.0000 0.0000 0.0000 0.0000 0.0000 0.0000 0.0000 0.0000 0.0000 0.0000 0.0000 0.0000 0.0000 0.0000 0.0000 0.0000 0.0000 0.0000 0.0000 0.0000 0.0000 0.0000 0.0000 0.0000 0.0000 0.0000 0.0000 0.0000 0.0000 0.0000 0.0000 0.0000 0.0000 0.0000 0.0000 0.0000 0.0000 0.0000 0.0000 0.0000 0.0000 0.0000 0.0000 0.0000 0.0000 0.0000 0.0000 0.0000 0.0000 0.0000 0.0000 0.0000 0.0000 0.0000 0.0000 0.0000 0.0000 0.0000 0.0000 0.0000 0.0000 0.0000 0.0000 0.0000 0.0000 0.0000 0.0000 0.0000 0.0000 0.0000 0.0000 0.0000 0.0000 0.0000 0.0000 0.0000 0.0000 0.0000 0.0000 0.0000 0.0000 0.0000 0.0000 0.0000 0.0000 0.0000 0.0000 0.0000 0.0000 0.0000 0.0000 0.0000 0.0000 0.0000 0.0000 0.0000 0.0000 0.0000 0.0000 0.0000 0.0000 0.0000 0.0000 0.0000 0.0000 0.0000 0.0000 0.0000 0.0000 0.0000 0.0000 0.0000 0.0000 0.0000 0.0000 0.0000 0.0000 0.0000 0.0000 0.0000 0.0000 0.0000 0.0000 0.0000 0.0000 0.0000 0.0000 0.0000 0.0000 0.0000 0.0000 0.0000 0.0000 0.0000 0.0000 0.0000 0.0000 0.0000 0.0000 0.0000 0.0000 0.0000 0.0000 0.0000 0.0000 0.0000 0.0000 0.0000 0.0000 0.0000 0.0000 0.0000 0.0000 0.0000 0.0000 0.0000 0.0000 0.0000 0.0000 0.0000 0.0000 0.0000 0.0000 0.0000 0.0000 0.0000 0.0000 0.0000 0.0000 0.0000 0.0000 0.0000 0.0000 0.0000 0.0000 0.0000 0.0000 0.0000 0.0000 0.0000 0.0000 0.0000 0.0000 0.0000 0.0000 0.0000 0.0000 0.0000 0.0000 0.0000 0.0000 0.0000 0.0000 0.0000 0.0000 0.0000 0.0000 0.0000 0.0000 0.0000 0.0000 0.0000 0.0000 0.0000 0.0000 0.0000 0.0000 0.0000 0.0000 0.0000 0.0000 0.0000 0.0000 0.0000 0.0000 0.0000 0.0000 0.0000 0.0000 0.0000 0.0000 0.0000 0.0000 0.0000 0.0000 0.0000 0.0000 0.0000 0.0000 0.0000 0.0000 0.0000 0.0000 0.0000 0.0000 0.0000 0.0000 0.0000 0.0000 0.0000 0.0000 0.0000 0.0000 0.0000 0.0000 0.0000 0.0000 0.0000 0.0000 0.0000 0.0000 0.0000 0.0000 0.0000 0.0000 0.0000 0.0000 0.0000 0.0000 0.0000 0.0000 0.0000 0.0000 0.0000 0.0000 0.0000 0.0000 0.0000 0.0000 0.0000 0.0000 0.0000 0.0000 0.0000 0.0000 0.0000 0.0000 0.0000 0.0000 0.0000 0.0000 0.0000 0.0000 0.0000 0.0000 0.0000 0.0000 0.0000 0.0000 0.0000 0.0000 0.0000 0.0000 0.0000 0.0000 0.0000 0.0000 0.0000 0.0000 0.0000 0.0000 0.0000 0.0000 0.0000 0.0000 0.0000 0.0000 0.0000 0.0000 0.0000 0.0000 0.0000 0.0000 0.0000 0.0000 0.0000 0.0000 0.0000 0.0000 0.0000 0.0000 0.0000 0.0000 0.0000 0.0000 0.0000 0.0000 0.0000 0.0000 0.0000 0.0000 0.0000 0.0000 0.0000 0.0000 0.0000 0.0000 0.0000 0.0000 0.0000 0.0000 0.0000 0.0000 0.0000 0.0000 0.0000 0.0000 0.0000 0.0000 0.0000 0.0000 0.0000 0.0000 0.0000 0.0000 0.0000 0.0000 0.0000 0.0000 0.0000 0.0000 0.0000 0.0000 0.0000 0.0000 0.0000 0.0000 0.0000 0.0000 0.0000 0.0000 0.0000 0.0000 0.0000 0.0000 0.0000 0.0000 0.0000 0.0000 0.0000 0.0000 0.0000 0.0000 0.0000 0.0000 0.0000 0.0000 0.0000 0.0000 0.0000 0.0000 0.0000 0.0000 0.0000 0.0000 0.0000 0.0000 0.0000 0.0000 0.0000 0.0000 0.0000 0.0000 0.0000 0.0000 0.0000 0.0000 0.0000 0.0000 0.0000 0.0000 0.0000 0.0000 0.0000 0.0000 0.0000 0.0000 0.0000 0.0000 0.0000 0.0000 0.0000 0.0000 0.0000 0.0000 0.0000 0.0000 0.0000 0.0000 0.0000 0.0000 0.0000 0.0000 0.0000 0.0000 0.0000 0.0000 0.0000 0.0000 0.0000 0.0000 0.0000 0.0000 0.0000 0.0000 0.0000 0.0000 0.0000 0.0000 0.0000 0.0000 0.0000 0.0000 0.0000 0.0000 0.0000 0.0000 0.0000 0.0000 0.0000 0.0000 0.0000 0.0000 0.0000 0.0000 0.0000 0.0000 0.0000 0.0000 0.0000 0.0000 0.0000 0.0000 0.0000 0.0000 0.0000 0.0000 0.0000 0.0000 0.0000 0.0000 0.0000 0.0000 0.0000 0.0000 0.0000 0.0000 0.0000 0.0000 0.0000 0.0000 0.0000 0.0000 0.0000 0.0000 0.0000 0.0000 0.0000 0.0000 0.0000 0.0000 0.0000 0.0000 0.0000 0.0000 0.0000 0.0000 0.0000 0.0000 0.0000 0.0000 0.0000 0.0000 0.0000 0.0000 0.0000 0.0000 0.0000 0.0000 0.0000 0.0000 0.0000 0.0000 0.0000 0.0000 0.0000 0.0000 0.0000 0.0000 0.0000 0.0000 0.0000 0.0000 0.0000 0.0000 0.0000 0.0000 0.0000 0.0000 0.0000 0.0000 0.0000 0.0000 0.0000 0.0000 0.0000 0.0000 0.0000 0.0000 0.0000 0.0000 0.0000 0.0000 0.0000 0.0000 0.0000 0.0000 0.0000 0.0000 0.0000 0.0000 0.0000 0.0000 0.0000 0.0000 0.0000 0.0000 0.0000 0.0000 0.0000 0.0000 0.0000 0.0000 0.0000 0.0000 0.0000 0.0000 0.0000 0.0000 0.0000 0.0000 0.0000 0.0000 0.0000 0.0000 0.0000 0.0000 0.0000 0.0000 0.0000 0.0000 0.0000 0.0000 0.0000 0.0000 0.0000 0.0000 0.0000 0.0000 0.0000 0.0000 0.0000 0.0000 0.0000 0.0000 0.0000 0.0000 0.0000 0.0000 0.0000 0.0000 0.0000 0.0000 0.0000 0.0000 0.0000 0.0000 0.0000 0.0000 0.0000 0.0000 0.0000 0.0000 0.0000 0.0000 0.0000 0.0000 0.0000 0.0000 0.0000 0.0000 0.0000 0.0000 0.0000 0.0000 0.0000 0.0000 0.0000 0.0000 0.0000 0.0000 0.0000 0.0000 0.0000 0.0000 0.0000 0.0000 0.0000 0.0000 0.0000 0.0000 0.0000 0.0000 0.0000 0.0000 0.0000 0.0000 0.0000 0.0000 0.0000 0.0000 0.0000 0.0000 0.0000 0.0000 0.0000 0.0000 0.0000 0.0000 0.0000 0.0000 0.0000 0.0000 0.0000 0.0000 0.0000 0.0000 0.0000 0.0000 0.0000 0.0000 0.0000 0.0000 0.0000 0.0000 0.0000 0.0000 0.0000 0.0000 0.0000 0.0000 0.0000 0.0000 0.0000 0.0000 0.0000 0.0000 0.0000 0.0000 0.0000 0.0000 0.0000 0.0000 0.0000 0.0000 0.0000 0.0000 0.0000 0.0000 0.0000 0.0000 0.0000 0.0000 0.0000 0.0000 0.0000 0.0000 0.0000 0.0000 0.0000 0.0000 0.0000 0.0000 0.0000 0.0000 0.0000 0.0000 0.0000 0.0000 0.0000 0.0000 0.0000 0.0000 0.0000 0.0000 0.0000 0.0000 0.0000 0.0000 0.0000 0.0000 0.0000 0.0000 0.0000 0.0000 0.0000 0.0000 0.0000 0.0000 0.0000 0.0000 0.0000 0.0000 0.0000 0.0000 0.0000 0.0000 0.0000 0.0000 0.0000 0.0000 0.0000 0.0000 0.0000 0.0000 0.0000 0.0000 0.0000 0.0000 0.0000 0.0000 0.0000 0.0000 0.0000 0.0000 0.0000 0.0000 0.0000 0.0000 0.0000 0.0000 0.0000 0.0000 0.0000 0.0000 0.0000 0.0000 0.0000 0.0000 0.0000 0.0000 0.0000 0.0000 0.0000 0.0000 0.0000 0.0000 0.0000 0.0000 0.0000 0.0000 0.0000 0.0000 0.0000 0.0000 0.0000 0.0000 0.0000 0.0000 0.0000 0.0000 0.0000 0.0000 0.0000 0.0000 0.0000 0.0000 0.0000 0.0000 0.0000 0.0000 0.0000 0.0000 0.0000 0.0000 0.0000 0.0000 0.0000 0.0000 0.0000 0.0000 0.0000 0.0000 0.0000 0.0000 0.0000 0.0000 0.0000 0.0000 0.0000 0.0000 0.0000 0.0000 0.0000 0.0000 0.0000 0.0000 0.0000 0.0000 0.0000 0.0000 0.0000 0.0000 0.0000 0.0000 0.0000 0.0000 0.0000 0.0000 0.0000 0.0000 0.0000 0.0000 0.0000 0.0000 0.0000 0.0000 0.0000 0.0000 0.0000 0.0000 0.0000 0.0000 0.0000 0.0000 0.0000 0.0000 0.0000 0.0000 0.0000 0.0000 0.0000 0.0000 0.0000 0.0000 0.0000 0.0000 0.0000 0.0000 0.0000 0.0000 0.0000 0.0000 0.0000 0.0000 0.0000 0.0000 0.0000 0.0000 0.0000 0.0000 0.0000 0.0000 0.0000 0.0000 0.0000 0.0000 0.0000 0.0000 0.0000 0.0000 0.0000 0.0000 0.0000 0.0000 0.0000 0.0000 0.0000 0.0000 0.0000 0.0000 0.0000 0.0000 0.0000 0.0000 0.0000 0.0000 0.0000 0.0000 0.0000 0.0000 0.0000 0.0000 0.0000 0.0000 0.0000 0.0000 0.0000 0.0000 0.0000 0.0000 0.0000 0.0000 0.0000 0.0000 0.0000 0.0000 0.0000 0.0000 0.0000 0.0000 0.0000 0.0000 0.0000 0.0000 0.0000 0.0000 0.0000 0.0000 0.0000 0.0000 0.0000 0.0000 0.0000 0.0000 0.0000 0.0000 0.0000 0.0000 0.0000 0.0000 0.0000 0.0000 0.0000 0.0000 0.0000 0.0000 0.0000 0.0000 0.0000 0.0000 0.0000 0.0000 0.0000 0.0000 0.0000 0.0000 0.0000 0.0000 0.0000 0.0000 0.0000 0.0000 0.0000 0.0000 0.0000 0.0000 0.0000 0.0000 0.0000 0.0000 0.0000 0.0000 0.0000 0.0000 0.0000 0.0000 0.0000 0.0000 0.0000 0.0000 0.0000 0.0000 0.0000 0.0000 0.0000 0.0000 0.0000 0.0000 0.0000 0.0000 0.0000 0.0000 0.0000 0.0000 0.0000 0.0000 0.0000 0.0000 0.0000 0.0000 0.0000 0.0000 0.0000 0.0000 0.0000 0.0000 0.0000 0.0000 0.0000 0.0000 0.0000 0.0000 0.0000 0.0000 0.0000 0.0000 0.0000 0.0000 0.0000 0.0000 0.0000 0.0000 0.0000 0.0000 0.0000 0.0000 0.0000 0.0000 0.0000 0.0000 0.0000 0.0000 0.0000 0.0000 0.0000 0.0000 0.0000 0.0000 0.0000 0.0000 0.0000 0.0000 0.0000 0.0000 0.0000 0.0000 0.0000 0.0000 0.0000 0.0000 0.0000 0.0000 0.0000 0.0000 0.0000 0.0000 0.0000 0.0000 0.0000 0.0000 0.0000 0.0000 0.0000 0.0000 0.0000 0.0000 0.0000 0.0000 0.0000 0.0000 0.0000 0.0000 0.0000 0.0000 0.0000 0.0000 0.0000 0.0000 0.0000 0.0000 0.0000 0.0000 0.0000 0.0000 0.0000 0.0000 0.0000 0.0000 0.0000 0.0000 0.0000 0.0000 0.0000 0.0000 0.0000 0.0000 0.0000 0.0000 0.0000 0.0000 0.0000 0.0000 0.0000 0.0000 0.0000 0.0000 0.0000 0.0000 0.0000 0.0000 0.0000 0.0000 0.0000 0.0000 0.0000 0.0000 0.0000 0.0000 0.0000 0.0000 0.0000 0.0000 0.0000 0.0000 0.0000 0.0000 0.0000 0.0000 0.0000 0.0000 0.0000 0.0000 0.0000 0.0000 0.0000 0.0000 0.0000 0.0000 0.0000 0.0000 0.0000 0.0000 0.0000 0.0000 0.0000 0.0000 0.0000 0.0000 0.0000 0.0000 0.0000 0.0000 0.0000 0.0000 0.0000 0.0000 0.0000 0.0000 0.0000 0.0000 0.0000 0.0000 0.0000 0.0000 0.0000 0.0000 0.0000 0.0000 0.0000 0.0000 0.0000 0.0000 0.0000 0.0000 0.0000 0.0000 0.0000 0.0000 0.0000 0.0000 0.0000 0.0000 0.0000 0.0000 0.0000 0.0000 0.0000 0.0000 0.0000 0.0000 0.0000 0.0000 0.0000 0.0000 0.0000 0.0000 0.0000 0.0000 0.0000 0.0000 0.0000 0.0000 0.0000 0.0000 0.0000 0.0000 0.0000 0.0000 0.0000 0.0000 0.0000 0.0000 0.0000 0.0000 0.0000 0.0000 0.0000 0.0000 0.0000 0.0000 0.0000 0.0000 0.0000 0.0000 0.0000 0.0000 0.0000 0.0000 0.0000 0.0000 0.0000 0.0000 0.0000 0.0000 0.0000 0.0000 0.0000 0.0000 0.0000 0.0000 0.0000 0.0000 0.0000 0.0000 0.0000 0.0000 0.0000 0.0000 0.0000 0.0000 0.0000 0.0000 0.0000 0.0000 0.0000 0.0000 0.0000 0.0000 0.0000 0.0000 0.0000 0.0000 0.0000 0.0000 0.0000 0.0000 0.0000 0.0000 0.0000 0.0000 0.0000 0.0000 0.0000 0.0000 0.0000 0.0000 0.0000 0.0000 0.0000 0.0000 0.0000 0.0000 0.0000 0.0000 0.0000 0.0000 0.0000 0.0000 0.0000 0.0000 0.0000 0.0000 0.0000 0.0000 0.0000 0.0000 0.0000 0.0000 0.0000 0.0000 0.0000 0.0000 0.0000 0.0000 0.0000 0.0000 0.0000 0.0000 0.0000 0.0000 0.0000 0.0000 0.0000 0.0000 0.0000 0.0000 0.0000 0.0000 0.0000 0.0000 0.0000 0.0000 0.0000 0.0000 0.0000 0.0000 0.0000 0.0000 0.0000 0.0000 0.0000 0.0000 0.0000 0.0000 0.0000 0.0000 0.0000 0.0000 0.0000 0.0000 0.0000 0.0000 0.0000 0.0000 0.0000 0.0000 0.0000 0.0000 0.0000 0.0000 0.0000 0.0000 0.0000 0.0000 0.0000 0.0000 0.0000 0.0000 0.0000 0.0000 0.0000 0.0000 0.0000 0.0000 0.0000 0.0000 0.0000 0.0000 0.0000 0.0000 0.0000 0.0000 0.0000 0.0000 0.0000 0.0000 0.0000 0.0000 0.0000 0.0000 0.0000 0.0000 0.0000 0.0000 0.0000 0.0000 0.0000 0.0000 0.0000 0.0000 0.0000 0.0000 0.0000 0.0000 0.0000 0.0000 0.0000 0.0000 0.0000 0.0000 0.0000 0.0000 0.0000 0.0000 0.0000 0.0000 0.0000 0.0000 0.0000 0.0000 0.0000 0.0000 0.0000 0.0000 0.0000 0.0000 0.0000 0.0000 0.0000 0.0000 0.0000 0.0000 0.0000 0.0000 0.0000 0.0000 0.0000 0.0000 0.0000 0.0000 0.0000 0.0000 0.0000 0.0000 0.0000 0.0000 0.0000 0.0000 0.0000 0.0000 0.0000 0.0000 0.0000 0.0000 0.0000 0.0000 0.0000 0.0000 0.0000 0.0000 0.0000 0.0000 0.0000 0.0000 0.0000 0.0000 0.0000 0.0000 0.0000 0.0000 0.0000 0.0000 0.0000 0.0000 0.0000 0.0000 0.0000 0.0000 0.0000 0.0000 0.0000 0.0000 0.0000 0.0000 0.0000 0.0000 0.0000 0.0000 0.0000 0.0000 0.0000 0.0000 0.0000 0.0000 0.0000 0.0000 0.0000 0.0000 0.0000 0.0000 0.0000 0.0000 0.0000 0.0000 0.0000 0.0000 0.0000 0.0000 0.0000 0.0000 0.0000 0.0000 0.0000 0.0000 0.0000 0.0000 0.0000 0.0000 0.0000 0.0000 0.0000 0.0000 0.0000 0.0000 0.0000 0.0000 0.0000 0.0000 0.0000 0.0000 0.0000 0.0000 0.0000 0.0000 0.0000 0.0000 0.0000 0.0000 0.0000 0.0000 0.0000 0.0000 0.0000 0.0000 0.0000 0.0000 0.0000 0.0000 0.0000 0.0000 0.0000 0.0000 0.0000 0.0000 0.0000 0.0000 0.0000 0.0000 0.0000 0.0000 0.0000 0.0000 0.0000 0.0000 0.0000 0.0000 0.0000 0.0000 0.0000 0.0000 0.0000 0.0000 0.0000 0.0000 0.0000 0.0000 0.0000 0.0000 0.0000 0.0000 0.0000 0.0000 0.0000 0.0000 0.0000 0.0000 0.0000 0.0000 0.0000 0.0000 0.0000 0.0000 0.0000 0.0000 0.0000 0.0000 0.0000 0.0000 0.0000 0.0000 0.0000 0.0000 0.0000 0.0000 0.0000 0.0000 0.0000 0.0000 0.0000 0.0000 0.0000 0.0000 0.0000 0.0000 0.0000 0.0000 0.0000 0.0000 0.0000 0.0000 0.0000 0.0000 0.0000 0.0000 0.0000 0.0000 0.0000 0.0000 0.0000 0.0000 0.0000 0.0000 0.0000 0.0000 0.0000 0.0000 0.0000 0.0000 0.0000 0.0000 0.0000 0.0000 0.0000 0.0000 0.0000 0.0000 0.0000 0.0000 0.0000 0.0000 0.0000 0.0000 0.0000 0.0000 0.0000 0.0000 0.0000 0.0000 0.0000 0.0000 0.0000 0.0000 0.0000 0.0000 0.0000 0.0000 0.0000 0.0000 0.0000 0.0000 0.0000 0.0000 0.0000 0.0000 0.0000 0.0000 0.0000 0.0000 0.0000 0.0000 0.0000 0.0000 0.0000 0.0000 0.0000 0.0000 0.0000 0.0000 0.0000 0.0000 0.0000 0.0000 0.0000 0.0000 0.0000 0.0000 0.0000 0.0000 0.0000 0.0000 0.0000 0.0000 0.0000 0.0000 0.0000 0.0000 0.0000 0.0000 0.0000 0.0000 0.0000 0.0000 0.0000 0.0000 0.0000 0.0000 0.0000 0.0000 0.0000 0.0000 0.0000 0.0000 0.0000 0.0000 0.0000 0.0000 0.0000 0.0000 0.0000 0.0000 0.0000 0.0000 0.0000 0.0000 0.0000 0.0000 0.0000 0.0000 0.0000 0.0000 0.0000 0.0000 0.0000 0.0000 0.0000 0.0000 0.0000 0.0000 0.0000 0.0000 0.0000 0.0000 0.0000 0.0000 0.0000 0.0000 0.0000 0.0000 0.0000 0.0000 0.0000 0.0000 0.0000 0.0000 0.0000 0.0000 0.0000 0.0000 0.0000 0.0000 0.0000 0.0000 0.0000 0.0000 0.0000 0.0000 0.0000 0.0000 0.0000 0.0000 0.0000 0.0000 0.0000 0.0000 0.0000 0.0000 0.0000 0.0000 0.0000 0.0000 0.0000 0.0000 0.0000 0.0000 0.0000 0.0000 0.0000 0.0000 0.0000 0.0000 0.0000 0.0000 0.0000 0.0000 0.0000 0.0000 0.0000 0.0000 0.0000 0.0000 0.0000 0.0000 0.0000 0.0000 0.0000 0.0000 0.0000 0.0000 0.0000 0.0000 0.0000 0.0000 0.0000 0.0000 0.0000 0.0000 0.0000 0.0000 0.0000 0.0000 0.0000 0.0000 0.0000 0.0000 0.0000 0.0000 0.0000 0.0000 0.0000 0.0000 0.0000 0.0000 0.0000 0.0000 0.0000 0.0000 0.0000 0.0000 0.0000 0.0000 0.0000 0.0000 0.0000 0.0000 0.0000 0.0000 0.0000 0.0000 0.0000 0.0000 0.0000 0.0000 0.0000 0.0000 0.0000 0.0000 0.0000 0.0000 0.0000 0.0000 0.0000 0.0000 0.0000 0.0000 0.0000 0.0000 0.0000 0.0000 0.0000 0.0000 0.0000 0.0000 0.0000 0.0000 0.0000 0.0000 0.0000 0.0000 0.0000 0.0000 0.0000 0.0000 0.0000 0.0000 0.0000 0.0000 0.0000 0.0000 0.0000 0.0000 0.0000 0.0000 0.0000 0.0000 0.0000 0.0000 0.0000 0.0000 0.0000 0.0000 0.0000 0.0000 0.0000 0.0000 0.0000 0.0000 0.0000 0.0000 0.0000 0.0000 0.0000 0.0000 0.0000 0.0000 0.0000 0.0000 0.0000 0.0000 0.0000 0.0000 0.0000 0.0000 0.0000 0.0000 0.0000 0.0000 0.0000 0.0000 0.0000 0.0000 0.0000 0.0000 0.0000 0.0000 0.0000 0.0000 0.0000 0.0000 0.0000 0.0000 0.0000 0.0000 0.0000 0.0000 0.0000 0.0000 0.0000 0.0000 0.0000 0.0000 0.0000 0.0000 0.0000 0.0000 0.0000 0.0000 0.0000 0.0000 0.0000 0.0000 0.0000 0.0000 0.0000 0.0000 0.0000 0.0000 0.0000 0.0000 0.0000 0.0000 0.0000 0.0000 0.0000 0.0000 0.0000 0.0000 0.0000 0.0000 0.0000 0.0000 0.0000 0.0000 0.0000 0.0000 0.0000 0.0000 0.0000 0.0000 0.0000 0.0000 0.0000 0.0000 0.0000 0.0000 0.0000 0.0000 0.0000 0.0000 0.0000 0.0000 0.0000 0.0000 0.0000 0.0000 0.0000 0.0000 0.0000 0.0000 0.0000 0.0000 0.0000 0.0000 0.0000 0.0000 0.0000 0.0000 0.0000 0.0000 0.0000 0.0000 0.0000 0.0000 0.0000 0.0000 0.0000 0.0000 0.0000 0.0000 0.0000 0.0000 0.0000 0.0000 0.0000 0.0000 0.0000 0.0000 0.0000 0.0000 0.0000 0.0000 0.0000 0.0000 0.0000 0.0000 0.0000 0.0000 0.0000 0.0000 0.0000 0.0000 0.0000 0.0000 0.0000 0.0000 0.0000 0.0000 0.0000 0.0000 0.0000 0.0000 0.0000 0.0000 0.0000 0.0000 0.0000 0.0000 0.0000 0.0000 0.0000 0.0000 0.0000 0.0000 0.0000 0.0000 0.0000 0.0000 0.0000 0.0000 0.0000 0.0000 0.0000 0.0000 0.0000 0.0000 0.0000 0.0000 0.0000 0.0000 0.0000 0.0000 0.0000 0.0000 0.0000 0.0000 0.0000 0.0000 0.0000 0.0000 0.0000 0.0000 0.0000 0.0000 0.0000 0.0000 0.0000 0.0000 0.0000 0.0000 0.0000 0.0000 0.0000 0.0000 0.0000 0.0000 0.0000 0.0000 0.0000 0.0000 0.0000 0.0000 0.0000 0.0000 0.0000 0.0000 0.0000 0.0000 0.0000 0.0000 0.0000 0.0000 0.0000 0.0000 0.0000 0.0000 0.0000 0.0000 0.0000 0.0000 0.0000 0.0000 0.0000 0.0000 0.0000 0.0000 0.0000 0.0000 0.0000 0.0000 0.0000 0.0000 0.0000 0.0000 0.0000 0.0000 0.0000 0.0000 0.0000 0.0000 0.0000 0.0000 0.0000 0.0000 0.0000 0.0000 0.0000 0.0000 0.0000 0.0000 0.0000 0.0000 0.0000 0.0000 0.0000 0.0000 0.0000 0.0000 0.0000 0.0000 0.0000 0.0000 0.0000 0.0000 0.0000 0.0000 0.0000 0.0000 0.0000 0.0000 0.0000 0.0000 0.0000 0.0000 0.0000 0.0000 0.0000 0.0000 0.0000 0.0000 0.0000 0.0000 0.0000 0.0000 0.0000 0.0000 0.0000 0.0000 0.0000 0.0000 0.0000 0.0000 0.0000 0.0000 0.0000 0.0000 0.0000 0.0000 0.0000 0.0000 0.0000 0.0000 0.0000 0.0000 0.0000 0.0000 0.0000 0.0000 0.0000 0.0000 0.0000 0.0000 0.0000 0.0000 0.0000 0.0000 0.0000 0.0000 0.0000 0.0000 0.0000 0.0000 0.0000 0.0000 0.0000 0.0000 0.0000 0.0000 0.0000 0.0000 0.0000 0.0000 0.0000 0.0000 0.0000 0.0000 0.0000 0.0000 0.0000 0.0000 0.0000 0.0000 0.0000 0.0000 0.0000 0.0000 0.0000 0.0000 0.0000 0.0000 0.0000 0.0000 0.0000 0.0000 0.0000 0.0000 0.0000 0.0000 0.0000 0.0000 0.0000 0.0000 0.0000 0.0000 0.0000 0.0000 0.0000 0.0000 0.0000 0.0000 0.0000 0.0000 0.0000 0.0000 0.0000 0.0000 0.0000 0.0000 0.0000 0.0000 0.0000 0.0000 0.0000 0.0000 0.0000 0.0000 0.0000 0.0000 0.0000 0.0000 0.0000 0.0000 0.0000 0.0000 0.0000 0.0000 0.0000 0.0000 0.0000 0.0000 0.0000 0.0000 0.0000 0.0000 0.0000 0.0000 0.0000 0.0000 0.0000 0.0000 0.0000 0.0000 0.0000 0.0000 0.0000 0.0000 0.0000 0.0000 0.0000 0.0000 0.0000 0.0000 0.0000 0.0000 0.0000 0.0000 0.0000 0.0000 0.0000 0.0000 0.0000 0.0000 0.0000 0.0000 0.0000 0.0000 0.0000 0.0000 0.0000 0.0000 0.0000 0.0000 0.0000 0.0000 0.0000 0.0000 0.0000 0.0000 0.0000 0.0000 0.0000 0.0000 0.0000 0.0000 0.0000 0.0000 0.0000 0.0000 0.0000 0.0000 0.0000 0.0000 0.0000 0.0000 0.0000 0.0000 0.0000 0.0000 0.0000 0.0000 0.0000 0.0000 0.0000 0.0000 0.0000 0.0000 0.0000 0.0000 0.0000 0.0000 0.0000 0.0000 0.0000 0.0000 0.0000 0.0000 0.0000 0.0000 0.0000 0.0000 0.0000 0.0000 0.0000 0.0000 0.0000 0.0000 0.0000 0.0000 0.0000 0.0000 0.0000 0.0000 0.0000 0.0000 0.0000 0.0000 0.0000 0.0000 0.0000 0.0000 0.0000 0.0000 0.0000 0.0000 0.0000 0.0000 0.0000 0.0000 0.0000 0.0000 0.0000 0.0000 0.0000 0.0000 0.0000 0.0000 0.0000 0.0000 0.0000 0.0000 0.0000 0.0000 0.0000 0.0000 0.0000 0.0000 0.0000 0.0000 0.0000 0.0000 0.0000 0.0000 0.0000 0.0000 0.0000 0.0000 0.0000 0.0000 0.0000 0.0000 0.0000 0.0000 0.0000 0.0000 0.0000 0.0000 0.0000 0.0000 0.0000 0.0000 0.0000 0.0000 0.0000 0.0000 0.0000 0.0000 0.0000 0.0000 0.0000 0.0000 0.0000 0.0000 0.0000 0.0000 0.0000 0.0000 0.0000 0.0000 0.0000 0.0000 0.0000 0.0000 0.0000 0.0000 0.0000 0.0000 0.0000 0.0000 0.0000 0.0000 0.0000 0.0000 0.0000 0.0000 0.0000 0.0000 0.0000 0.0000 0.0000 0.0000 0.0000 0.0000 0.0000 0.0000 0.0000 0.0000 0.0000 0.0000 0.0000 0.0000 0.0000 0.0000 0.0000 0.0000 0.0000 0.0000 0.0000 0.0000 0.0000 0.0000 0.0000 0.0000 0.0000 0.0000 0.0000 0.0000 0.0000 0.0000 0.0000 0.0000 0.0000 0.0000 0.0000 0.0000 0.0000 0.0000 0.0000 0.0000 0.0000 0.0000 0.0000 0.0000 0.0000 0.0000 0.0000 0.0000 0.0000 0.0000 0.0000 0.0000 0.0000 0.0000 0.0000 0.0000 0.0000 0.0000 0.0000 0.0000 0.0000 0.0000 0.0000 0.0000 0.0000 0.0000 0.0000 0.0000 0.0000 0.0000 0.0000 0.0000 0.0000 0.0000 0.0000 0.0000 0.0000 0.0000 0.0000 0.0000 0.0000 0.0000 0.0000 0.0000 0.0000 0.0000 0.0000 0.0000 0.0000 0.0000 0.0000 0.0000 0.0000 0.0000 0.0000 0.0000 0.0000 0.0000 0.0000 0.0000 0.0000 0.0000 0.0000 0.0000 0.0000 0.0000 0.0000 0.0000 0.0000 0.0000 0.0000 0.0000 0.0000 0.0000 0.0000 0.0000 0.0000 0.0000 0.0000 0.0000 0.0000 0.0000 0.0000 0.0000 0.0000 0.0000 0.0000 0.0000 0.0000 0.0000 0.0000 0.0000 0.0000 0.0000 0.0000 0.0000 0.0000 0.0000 0.0000 0.0000 0.0000 0.0000 0.0000 0.0000 0.0000 0.0000 0.0000 0.0000 0.0000 0.0000 0.0000 0.0000 0.0000 0.0000 0.0000 0.0000 0.0000 0.0000 0.0000 0.0000 0.0000 0.0000 0.0000 0.0000 0.0000 0.0000 0.0000 0.0000 0.0000 0.0000 0.0000 0.0000 0.0000 0.0000 0.0000 0.0000 0.0000 0.0000 0.0000 0.0000 0.0000 0.0000 0.0000 0.0000 0.0000 0.0000 0.0000 0.0000 0.0000 0.0000 0.0000 0.0000 0.0000 0.0000 0.0000 0.0000 0.0000 0.0000 0.0000 0.0000 0.0000 0.0000 0.0000 0.0000 0.0000 0.0000 0.0000 0.0000 0.0000 0.0000 0.0000 0.0000 0.0000 0.0000 0.0000 0.0000 0.0000 0.0000 0.0000 0.0000 0.0000 0.0000 0.0000 0.0000 0.0000 0.0000 0.0000 0.0000 0.0000 0.0000 0.0000 0.0000 0.0000 0.0000 0.0000 0.0000 0.0000 0.0000 0.0000 0.0000 0.0000 0.0000 0.0000 0.0000 0.0000 0.0000 0.0000 0.0000 0.0000 0.0000 0.0000 0.0000 0.0000 0.0000 0.0000 0.0000 0.0000 0.0000 0.0000 0.0000 0.0000 0.0000 0.0000 0.0000 0.0000 0.0000 0.0000 0.0000 0.0000 0.0000 0.0000 0.0000 0.0000 0.0000 0.0000 0.0000 0.0000 0.0000 0.0000 0.0000 0.0000 0.0000 0.0000 0.0000 0.0000 0.0000 0.0000 0.0000 0.0000 0.0000 0.0000 0.0000 0.0000 0.0000 0.0000 0.0000 0.0000 0.0000 0.0000 0.0000 0.0000 0.0000 0.0000 0.0000 0.0000 0.0000 0.0000 0.0000 0.0000 0.0000 0.0000 0.0000 0.0000 0.0000 0.0000 0.0000 0.0000 0.0000 0.0000 0.0000 0.0000 0.0000 0.0000 0.0000 0.0000 0.0000 0.0000 0.0000 0.0000 0.0000 0.0000 0.0000 0.0000 0.0000 0.0000 0.0000 0.0000 0.0000 0.0000 0.0000 0.0000 0.0000 0.0000 0.0000 0.0000 0.0000 0.0000 0.0000 0.0000 0.0000 0.0000 0.0000 0.0000 0.0000 0.0000 0.0000 0.0000 0.0000 0.0000 0.0000 0.0000 0.0000 0.0000 0.0000 0.0000 0.0000 0.0000 0.0000 0.0000 0.0000 0.0000 0.0000 0.0000 0.0000 0.0000 0.0000 0.0000 0.0000 0.0000 0.0000 0.0000 0.0000 0.0000 0.0000 0.0000 0.0000 0.0000 0.0000 0.0000 0.0000 0.0000 0.0000 0.0000 0.0000 0.0000 0.0000 0.0000 0.0000 0.0000 0.0000 0.0000 0.0000 0.0000 0.0000 0.0000 0.0000 0.0000 0.0000 0.0000 0.0000 0.0000 0.0000 0.0000 0.0000 0.0000 0.0000 0.0000 0.0000 0.0000 0.0000 0.0000 0.0000 0.0000 0.0000 0.0000 0.0000 0.0000 0.0000 0.0000 0.0000 0.0000 0.0000 0.0000 0.0000 0.0000 0.0000 0.0000 0.0000 0.0000 0.0000 0.0000 0.0000 0.0000 0.0000 0.0000 0.0000 0.0000 0.0000 0.0000 0.0000 0.0000 0.0000 0.0000 0.0000 0.0000 0.0000 0.0000 0.0000 0.0000 0.0000 0.0000 0.0000 0.0000 0.0000 0.0000 0.0000 0.0000 0.0000 0.0000 0.0000 0.0000 0.0000 0.0000 0.0000 0.0000 0.0000 0.0000 0.0000 0.0000 0.0000 0.0000 0.0000 0.0000 0.0000 0.0000 0.0000 0.0000 0.0000 0.0000 0.0000 0.0000 0.0000 0.0000 0.0000 0.0000 0.0000 0.0000 0.0000 0.0000 0.0000 0.0000 0.0000 0.0000 0.0000 0.0000 0.0000 0.0000 0.0000 0.0000 0.0000 0.0000 0.0000 0.0000 0.0000 0.0000 0.0000 0.0000 0.0000 0.0000 0.0000 0.0000 0.0000 0.0000 0.0000 0.0000 0.0000 0.0000 0.0000 0.0000 0.0000 0.0000 0.0000 0.0000 0.0000 0.0000 0.0000 0.0000 0.0000 0.0000 0.0000 0.0000 0.0000 0.0000 0.0000 0.0000 0.0000 0.0000 0.0000 0.0000 0.0000 0.0000 0.0000 0.0000 0.0000 0.0000 0.0000 0.0000 0.0000 0.0000 0.0000 0.0000 0.0000 0.0000 0.0000 0.0000 0.0000 0.0000 0.0000 0.0000 0.0000 0.0000 0.0000 0.0000 0.0000 0.0000 0.0000 0.0000 0.0000 0.0000 0.0000 0.0000 0.0000 0.0000 0.0000 0.0000 0.0000 0.0000 0.0000 0.0000 0.0000 0.0000 0.0000 0.0000 0.0000 0.0000 0.0000 0.0000 0.0000 0.0000 0.0000 0.0000 0.0000 0.0000 0.0000 0.0000 0.0000 0.0000 0.0000 0.0000 0.0000 0.0000 0.0000 0.0000 0.0000 0.0000 0.0000 0.0000 0.0000 0.0000 0.0000 0.0000 0.0000 0.0000 0.0000 0.0000 0.0000 0.0000 0.0000 0.0000 0.0000 0.0000 0.0000 0.0000 0.0000 0.0000 0.0000 0.0000 0.0000 0.0000 0.0000 0.0000 0.0000 0.0000 0.0000 0.0000 0.0000 0.0000 0.0000 0.0000 0.0000 0.0000 0.0000 0.0000 0.0000 0.0000 0.0000 0.0000 0.0000 0.0000 0.0000 0.0000 0.0000 0.0000 0.0000 0.0000 0.0000 0.0000 0.0000 0.0000 0.0000 0.0000 0.0000 0.0000 0.0000 0.0000 0.0000 0.0000 0.0000 0.0000 0.0000 0.0000 0.0000 0.0000 0.0000 0.0000 0.0000 0.0000 0.0000 0.0000 0.0000 0.0000 0.0000 0.0000 0.0000 0.0000 0.0000 0.0000 0.0000 0.0000 0.0000 0.0000 0.0000 0.0000 0.0000 0.0000 0.0000 0.0000 0.0000 0.0000 0.0000 0.0000 0.0000 0.0000 0.0000 0.0000 0.0000 0.0000 0.0000 0.0000 0.0000 0.0000 0.0000 0.0000 0.0000 0.0000 0.0000 0.0000 0.0000 0.0000 0.0000 0.0000 0.0000 0.0000 0.0000 0.0000 0.0000 0.0000 0.0000 0.0000 0.0000 0.0000 0.0000 0.0000 0.0000 0.0000 0.0000 0.0000 0.0000 0.0000 0.0000 0.0000 0.0000 0.0000 0.0000 0.0000 0.0000 0.0000 0.0000 0.0000 0.0000 0.0000 0.0000 0.0000 0.0000 0.0000 0.0000 0.0000 0.0000 0.0000 0.0000 0.0000 0.0000 0.0000 0.0000 0.0000 0.0000 0.0000 0.0000 0.0000 0.0000 0.0000 0.0000 0.0000 0.0000 0.0000 0.0000 0.0000 0.0000 0.0000 0.0000 0.0000 0.0000 0.0000 0.0000 0.0000 0.0000 0.0000 0.0000 0.0000 0.0000 0.0000 0.0000 0.0000 0.0000 0.0000 0.0000 0.0000 0.0000 0.0000 0.0000 0.0000 0.0000 0.0000 0.0000 0.0000 0.0000 0.0000 0.0000 0.0000 0.0000 0.0000 0.0000 0.0000 0.0000 0.0000 0.0000 0.0000 0.0000 0.0000 0.0000 0.0000 0.0000 0.0000 0.0000 0.0000 0.0000 0.0000 0.0000 0.0000 0.0000 0.0000 0.0000 0.0000 0.0000 0.0000 0.0000 0.0000 0.0000 0.0000 0.0000 0.0000 0.0000 0.0000 0.0000 0.0000 0.0000 0.0000 0.0000 0.0000 0.0000 0.0000 0.0000 0.0000 0.0000 0.0000 0.0000 0.0000 0.0000 0.0000 0.0000 0.0000 0.0000 0.0000 0.0000 0.0000 0.0000 0.0000 0.0000 0.0000 0.0000 0.0000 0.0000 0.0000 0.0000 0.0000 0.0000 0.0000 0.0000 0.0000 0.0000 0.0000 0.0000 0.0000 0.0000 0.0000 0.0000 0.0000 0.0000 0.0000 0.0000 0.0000 0.0000 0.0000 0.0000 0.0000 0.0000 0.0000 0.0000 0.0000 0.0000 0.0000 0.0000 0.0000 0.0000 0.0000 0.0000 0.0000 0.0000 0.0000 0.0000 0.0000 0.0000 0.0000 0.0000 0.0000 0.0000 0.0000 0.0000 0.0000 0.0000 0.0000 0.0000 0.0000 0.0000 0.0000 0.0000 0.0000 0.0000 0.0000 0.0000 0.0000 0.0000 0.0000 0.0000 0.0000 0.0000 0.0000 0.0000 0.0000 0.0000 0.0000 0.0000 0.0000 0.0000 0.0000 0.0000 0.0000 0.0000 0.0000 0.0000 0.0000 0.0000 0.0000 0.0000 0.0000 0.0000 0.0000 0.0000 0.0000 0.0000 0.0000 0.0000 0.0000 0.0000 0.0000 0.0000 0.0000 0.0000 0.0000 0.0000 0.0000 0.0000 0.0000 0.0000 0.0000 0.0000 0.0000 0.0000 0.0000 0.0000 0.0000 0.0000 0.0000 0.0000 0.0000 0.0000 0.0000 0.0000 0.0000 0.0000 0.0000 0.0000 0.0000 0.0000 0.0000 0.0000 0.0000 0.0000 0.0000 0.0000 0.0000 0.0000 0.0000 0.0000 0.0000 0.0000 0.0000 0.0000 0.0000 0.0000 0.0000 0.0000 0.0000 0.0000 0.0000 0.0000 0.0000 0.0000 0.0000 0.0000 0.0000 0.0000 0.0000 0.0000 0.0000 0.0000 0.0000 0.0000 0.0000 0.0000 0.0000 0.0000 0.0000 0.0000 0.0000 0.0000 0.0000 0.0000 0.0000 0.0000 0.0000 0.0000 0.0000 0.0000 0.0000 0.0000 0.0000 0.0000 0.0000 0.0000 0.0000 0.0000 0.0000 0.0000 0.0000 0.0000 0.0000 0.0000 0.0000 0.0000 0.0000 0.0000 0.0000 0.0000 0.0000 0.0000 0.0000 0.0000 0.0000 0.0000 0.0000 0.0000 0.0000 0.0000 0.0000 0.0000 0.0000 0.0000 0.0000 0.0000 0.0000 0.0000 0.0000 0.0000 0.0000 0.0000 0.0000 0.0000 0.0000 0.0000 0.0000 0.0000 0.0000 0.0000 0.0000 0.0000 0.0000 0.0000 0.0000 0.0000 0.0000 0.0000 0.0000 0.0000 0.0000 0.0000 0.0000 0.0000 0.0000 0.0000 0.0000 0.0000 0.0000 0.0000 0.0000 0.0000 0.0000 0.0000 0.0000 0.0000 0.0000 0.0000 0.0000 0.0000 0.0000 0.0000 0.0000 0.0000 0.0000 0.0000 0.0000 0.0000 0.0000 0.0000 0.0000 0.0000 0.0000 0.0000 0.0000 0.0000 0.0000 0.0000 0.0000 0.0000 0.0000 0.0000 0.0000 0.0000 0.0000 0.0000 0.0000 0.0000 0.0000 0.0000 0.0000 0.0000 0.0000 0.0000 0.0000 0.0000 0.0000 0.0000 0.0000 0.0000 0.0000 0.0000 0.0000 0.0000 0.0000 0.0000 0.0000 0.0000 0.0000 0.0000 0.0000 0.0000 0.0000 0.0000 0.0000 0.0000 0.0000 0.0000 0.0000 0.0000 0.0000 0.0000 0.0000 0.0000 0.0000 0.0000 0.0000 0.0000 0.0000 0.0000 0.0000 0.0000 0.0000 0.0000 0.0000 0.0000 0.0000 0.0000 0.0000 0.0000 0.0000 0.0000 0.0000 0.0000 0.0000 0.0000 0.0000 0.0000 0.0000 0.0000 0.0000 0.0000 0.0000 0.0000 0.0000 0.0000 0.0000 0.0000 0.0000 0.0000 0.0000 0.0000 0.0000 0.0000 0.0000 0.0000 0.0000 0.0000 0.0000 0.0000 0.0000 0.0000 0.0000 0.0000 0.0000 0.0000 0.0000 0.0000 0.0000 0.0000 0.0000 0.0000 0.0000 0.0000 0.0000 0.0000 0.0000 0.0000 0.0000 0.0000 0.0000 0.0000 0.0000 0.0000 0.0000 0.0000 0.0000 0.0000 0.0000 0.0000 0.0000 0.0000 0.0000 0.0000 0.0000 0.0000 0.0000 0.0000 0.0000 0.0000 0.0000 0.0000 0.0000 0.0000 0.0000 0.0000 0.0000 0.0000 0.0000 0.0000 0.0000 0.0000 0.0000 0.0000 0.0000 0.0000 0.0000 0.0000 0.0000 0.0000 0.0000 0.0000 0.0000 0.0000 0.0000 0.0000 0.0000 0.0000 0.0000 0.0000 0.0000 0.0000 0.0000 0.0000 0.0000 0.0000 0.0000 0.0000 0.0000 0.0000 0.0000 0.0000 0.0000 0.0000 0.0000 0.0000 0.0000 0.0000 0.0000 0.0000 0.0000 0.0000 0.0000 0.0000 0.0000 0.0000 0.0000 0.0000 0.0000 0.0000 0.0000 0.0000 0.0000 0.0000 0.0000 0.0000 0.0000 0.0000 0.0000 0.0000 0.0000 0.0000 0.0000 0.0000 0.0000 0.0000 0.0000 0.0000 0.0000 0.0000 0.0000 0.0000 0.0000 0.0000 0.0000 0.0000 0.0000 0.0000 0.0000 0.0000 0.0000 0.0000 0.0000 0.0000 0.0000 0.0000 0.0000 0.0000 0.0000 0.0000 0.0000 0.0000 0.0000 0.0000 0.0000 0.0000 0.0000 0.0000 0.0000 0.0000 0.0000 0.0000 0.0000 0.0000 0.0000 0.0000 0.0000 0.0000 0.0000 0.0000 0.0000 0.0000 0.0000 0.0000 0.0000 0.0000 0.0000 0.0000 0.0000 0.0000 0.0000 0.0000 0.0000 0.0000 0.0000 0.0000 0.0000 0.0000 0.0000 0.0000 0.0000 0.0000 0.0000 0.0000 0.0000 0.0000 0.0000 0.0000 0.0000 0.0000 0.0000 0.0000 0.0000 0.0000 0.0000 0.0000 0.0000 0.0000 0.0000 0.0000 0.0000 0.0000 0.0000 0.0000 0.0000 0.0000 0.0000 0.0000 0.0000 0.0000 0.0000 0.0000 0.0000 0.0000 0.0000 0.0000 0.0000 0.0000 0.0000 0.0000 0.0000 0.0000 0.0000 0.0000 0.0000 0.0000 0.0000 0.0000 0.0000 0.0000 0.0000 0.0000 0.0000 0.0000 0.0000 0.0000 0.0000 0.0000 0.0000 0.0000 0.0000 0.0000 0.0000 0.0000 0.0000 0.0000 0.0000 0.0000 0.0000 0.0000 0.0000 0.0000 0.0000 0.0000 0.0000 0.0000 0.0000 0.0000 0.0000 0.0000 0.0000 0.0000 0.0000 0.0000 0.0000 0.0000 0.0000 0.0000 0.0000 0.0000 0.0000 0.0000 0.0000 0.0000 0.0000 0.0000 0.0000 0.0000 0.0000 0.0000 0.0000 0.0000 0.0000 0.0000 0.0000 0.0000 0.0000 0.0000 0.0000 0.0000 0.0000 0.0000 0.0000 0.0000 0.0000 0.0000 0.0000 0.0000 0.0000 0.0000 0.0000 0.0000 0.0000 0.0000 0.0000 0.0000 0.0000 0.0000 0.0000 0.0000 0.0000 0.0000 0.0000 0.0000 0.0000 0.0000 0.0000 0.0000 0.0000 0.0000 0.0000 0.0000 0.0000 0.0000 0.0000 0.0000 0.0000 0.0000 0.0000 0.0000 0.0000 0.0000 0.0000 0.0000 0.0000 0.0000 0.0000 0.0000 0.0000 0.0000 0.0000 0.0000 0.0000 0.0000 0.0000 0.0000 0.0000 0.0000 0.0000 0.0000 0.0000 0.0000 0.0000 0.0000 0.0000 0.0000 0.0000 0.0000 0.0000 0.0000 0.0000 0.0000 0.0000 0.0000 0.0000 0.0000 0.0000 0.0000 0.0000 0.0000 0.0000 0.0000 0.0000 0.0000 0.0000 0.0000 0.0000 0.0000 0.0000 0.0000 0.0000 0.0000 0.0000 0.0000 0.0000 0.0000 0.0000 0.0000 0.0000 0.0000 0.0000 0.0000 0.0000 0.0000 0.0000 0.0000 0.0000 0.0000 0.0000 0.0000 0.0000 0.0000 0.0000 0.0000 0.0000 0.0000 0.0000 0.0000 0.0000 0.0000 0.0000 0.0000 0.0000 0.0000 0.0000 0.0000 0.0000 0.0000 0.0000 0.0000 0.0000 0.0000 0.0000 0.0000 0.0000 0.0000 0.0000 0.0000 0.0000 0.0000 0.0000 0.0000 0.0000 0.0000 0.0000 0.0000 0.0000 0.0000 0.0000 0.0000 0.0000 0.0000 0.0000 0.0000 0.0000 0.0000 0.0000 0.0000 0.0000 0.0000 0.0000 0.0000 0.0000 0.0000 0.0000 0.0000 0.0000 0.0000 0.0000 0.0000 0.0000 0.0000 0.0000 0.0000 0.0000 0.0000 0.0000 0.0000 0.0000 0.0000 0.0000 0.0000 0.0000 0.0000 0.0000 0.0000 0.0000 0.0000 0.0000 0.0000 0.0000 0.0000 0.0000 0.0000 0.0000 0.0000 0.0000 0.0000 0.0000 0.0000 0.0000 0.0000 0.0000 0.0000 0.0000 0.0000 0.0000 0.0000 0.0000 0.0000 0.0000 0.0000 0.0000 0.0000 0.0000 0.0000 0.0000 0.0000 0.0000 0.0000 0.0000 0.0000 0.0000 0.0000 0.0000 0.0000 0.0000 0.0000 0.0000 0.0000 0.0000 0.0000 0.0000 0.0000 0.0000 0.0000 0.0000 0.0000 0.0000 0.0000 0.0000 0.0000 0.0000 0.0000 0.0000 0.0000 0.0000 0.0000 0.0000 0.0000 0.0000 0.0000 0.0000 0.0000 0.0000 0.0000 0.0000 0.0000 0.0000 0.0000 0.0000 0.0000 0.0000 0.0000 0.0000 0.0000 0.0000 0.0000 0.0000 0.0000 0.0000 0.0000 0.0000 0.0000 0.0000 0.0000 0.0000 0.0000 0.0000 0.0000 0.0000 0.0000 0.0000 0.0000 0.0000 0.0000 0.0000 0.0000 0.0000 0.0000 0.0000 0.0000 0.0000 0.0000 0.0000 0.0000 0.0000 0.0000 0.0000 0.0000 0.0000 0.0000 0.0000 0.0000 0.0000 0.0000 0.0000 0.0000 0.0000 0.0000 0.0000 0.0000 0.0000 0.0000 0.0000 0.0000 0.0000 0.0000 0.0000 0.0000 0.0000 0.0000 0.0000 0.0000 0.0000 0.0000 0.0000 0.0000 0.0000 0.0000 0.0000 0.0000 0.0000 0.0000 0.0000 0.0000 0.0000 0.0000 0.0000 0.0000 0.0000 0.0000 0.0000 0.0000 0.0000 0.0000 0.0000 0.0000 0.0000 0.0000 0.0000 0.0000 0.0000 0.0000 0.0000 0.0000 0.0000 0.0000 0.0000 0.0000 0.0000 0.0000 0.0000 0.0000 0.0000 0.0000 0.0000 0.0000 0.0000 0.0000 0.0000 0.0000 0.0000 0.0000 0.0000 0.0000 0.0000 0.0000 0.0000 0.0000 0.0000 0.0000 0.0000 0.0000 0.0000 0.0000 0.0000 0.0000 0.0000 0.0000 0.0000 0.0000 0.0000 0.0000 0.0000 0.0000 0.0000 0.0000 0.0000 0.0000 0.0000 0.0000 0.0000 0.0000 0.0000 0.0000 0.0000 0.0000 0.0000 0.0000 0.0000 0.0000 0.0000 0.0000 0.0000 0.0000 0.0000 0.0000 0.0000 0.0000 0.0000 0.0000 0.0000 0.0000 0.0000 0.0000 0.0000 0.0000 0.0000 0.0000 0.0000 0.0000 0.0000 0.0000 0.0000 0.0000 0.0000 0.0000 0.0000 0.0000 0.0000 0.0000 0.0000 0.0000 0.0000 0.0000 0.0000 0.0000 0.0000 0.0000 0.0000 0.0000 0.0000 0.0000 0.0000 0.0000 0.0000 0.0000 0.0000 0.0000 0.0000 0.0000 0.0000 0.0000 0.0000 0.0000 0.0000 0.0000 0.0000 0.0000 0.0000 0.0000 0.0000 0.0000 0.0000 0.0000 0.0000 0.0000 0.0000 0.0000 0.0000 0.0000 0.0000 0.0000 0.0000 0.0000 0.0000 0.0000 0.0000 0.0000 0.0000 0.0000 0.0000 0.0000 0.0000 0.0000 0.0000 0.0000 0.0000 0.0000 0.0000 0.0000 0.0000 0.0000 0.0000 0.0000 0.0000 0.0000 0.0000 0.0000 0.0000 0.0000 0.0000 0.0000 0.0000 0.0000 0.0000 0.0000 0.0000 0.0000 0.0000 0.0000 0.0000 0.0000 0.0000 0.0000 0.0000 0.0000 0.0000 0.0000 0.0000 0.0000 0.0000 0.0000 0.0000 0.0000 0.0000 0.0000 0.0000 0.0000 0.0000 0.0000 0.0000 0.0000 0.0000 0.0000 0.0000 0.0000 0.0000 0.0000 0.0000 0.0000 0.0000 0.0000 0.0000 0.0000 0.0000 0.0000 0.0000 0.0000 0.0000 0.0000 0.0000 0.0000 0.0000 0.0000 0.0000 0.0000 0.0000 0.0000 0.0000 0.0000 0.0000 0.0000 0.0000 0.0000 0.0000 0.0000 0.0000 0.0000 0.0000 0.0000 0.0000 0.0000 0.0000 0.0000 0.0000 0.0000 0.0000 0.0000 0.0000 0.0000 0.0000 0.0000 0.0000 0.0000 0.0000 0.0000 0.0000 0.0000 0.0000 0.0000 0.0000 0.0000 0.0000 0.0000 0.0000 0.0000 0.0000 0.0000 0.0000 0.0000 0.0000 0.0000 0.0000 0.0000 0.0000 0.0000 0.0000 0.0000 0.0000 0.0000 0.0000 0.0000 0.0000 0.0000 0.0000 0.0000 0.0000 0.0000 0.0000 0.0000 0.0000 0.0000 0.0000 0.0000 0.0000 0.0000 0.0000 0.0000 0.0000 0.0000 0.0000 0.0000 0.0000 0.0000 0.0000 0.0000 0.0000 0.0000 0.0000 0.0000 0.0000 0.0000 0.0000 0.0000 0.0000 0.0000 0.0000 0.0000 0.0000 0.0000 0.0000 0.0000 0.0000 0.0000 0.0000 0.0000 0.0000 0.0000 0.0000 0.0000 0.0000 0.0000 0.0000 0.0000 0.0000 0.0000 0.0000 0.0000 0.0000 0.0000 0.0000 0.0000 0.0000 0.0000 0.0000 0.0000 0.0000 0.0000 0.0000 0.0000 0.0000 0.0000 0.0000 0.0000 0.0000 0.0000 0.0000 0.0000 0.0000 0.0000 0.0000 0.0000 0.0000 0.0000 0.0000 0.0000 0.0000 0.0000 0.0000 0.0000 0.0000 0.0000 0.0000 0.0000 0.0000 0.0000 0.0000 0.0000 0.0000 0.0000 0.0000 0.0000 0.0000 0.0000 0.0000 0.0000 0.0000 0.0000 0.0000 0.0000 0.0000 0.0000 0.0000 0.0000 0.0000 0.0000 0.0000 0.0000 0.0000 0.0000 0.0000 0.0000 0.0000 0.0000 0.0000 0.0000 0.0000 0.0000 0.0000 0.0000 0.0000 0.0000 0.0000 0.0000 0.0000 0.0000 0.0000 0.0000 0.0000 0.0000 0.0000 0.0000 0.0000 0.0000 0.0000 0.0000 0.0000 0.0000 0.0000 0.0000 0.0000 0.0000 0.0000 0.0000 0.0000 0.0000 0.0000 0.0000 0.0000 0.0000 0.0000 0.0000 0.0000 0.0000 0.0000 0.0000 0.0000 0.0000 0.0000 0.0000 0.0000 0.0000 0.0000 0.0000 0.0000 0.0000 0.0000 0.0000 0.0000 0.0000 0.0000 0.0000 0.0000 0.0000 0.0000 0.0000 0.0000 0.0000 0.0000 0.0000 0.0000 0.0000 0.0000 0.0000 0.0000 0.0000 0.0000 0.0000 0.0000 0.0000 0.0000 0.0000 0.0000 0.0000 0.0000 0.0000 0.0000 0.0000 0.0000 0.0000 0.0000 0.0000 0.0000 0.0000 0.0000 0.0000 0.0000 0.0000 0.0000 0.0000 0.0000 0.0000 0.0000 0.0000 0.0000 0.0000 0.0000 0.0000 0.0000 0.0000 0.0000 0.0000 0.0000 0.0000 0.0000 0.0000 0.0000 0.0000 0.0000 0.0000 0.0000 0.0000 0.0000 0.0000 0.0000 0.0000 0.0000 0.0000 0.0000 0.0000 0.0000 0.0000 0.0000 0.0000 0.0000 0.0000 0.0000 0.0000 0.0000 0.0000 0.0000 0.0000 0.0000 0.0000 0.0000 0.0000 0.0000 0.0000 0.0000 0.0000 0.0000 0.0000 0.0000 0.0000 0.0000 0.0000 0.0000 0.0000 0.0000 0.0000 0.0000 0.0000 0.0000 0.0000 0.0000 0.0000 0.0000 0.0000 0.0000 0.0000 0.0000 0.0000 0.0000 0.0000 0.0000 0.0000 0.0000 0.0000 0.0000 0.0000 0.0000 0.0000 0.0000 0.0000 0.0000 0.0000 0.0000 0.0000 0.0000 0.0000 0.0000 0.0000 0.0000 0.0000 0.0000 0.0000 0.0000 0.0000 0.0000 0.0000 0.0000 0.0000 0.0000 0.0000 0.0000 0.0000 0.0000 0.0000 0.0000 0.0000 0.0000 0.0000 0.0000 0.0000 0.0000 0.0000 0.0000 0.0000 0.0000 0.0000 0.0000 0.0000 0.0000 0.0000 0.0000 0.0000 0.0000 0.0000 0.0000 0.0000 0.0000 0.0000 0.0000 0.0000 0.0000 0.0000 0.0000 0.0000 0.0000 0.0000 0.0000 0.0000 0.0000 0.0000 0.0000 0.0000 0.0000 0.0000 0.0000 0.0000 0.0000 0.0000 0.0000 0.0000 0.0000 0.0000 0.0000 0.0000 0.0000 0.0000 0.0000 0.0000 0.0000 0.0000 0.0000 0.0000 0.0000 0.0000 0.0000 0.0000 0.0000 0.0000 0.0000 0.0000 0.0000 0.0000 0.0000 0.0000 0.0000 0.0000 0.0000 0.0000 0.0000 0.0000 0.0000 0.0000 0.0000 0.0000 0.0000 0.0000 0.0000 0.0000 0.0000 0.0000 0.0000 0.0000 0.0000 0.0000 0.0000 0.0000 0.0000 0.0000 0.0000 0.0000 0.0000 0.0000 0.0000 0.0000 0.0000 0.0000 0.0000 0.0000 0.0000 0.0000 0.0000 0.0000 0.0000 0.0000 0.0000 0.0000 0.0000 0.0000 0.0000
</DataArray>
<DataArray type="Float32" Name="ed_raft_score" format="ascii">
0.0000 0.0000 0.0000 0.0000 0.0000 0.0000 0.0000 0.0000 0.0000 0.0000 0.0000 0.0000 0.0000 0.0000 0.0000 0.0000 0.0000 0.0000 0.0000 0.0000 0.0000 0.0000 0.0000 0.0000 0.0000 0.0000 0.0000 0.0000 0.0000 0.0000 0.0000 0.0000 0.0000 0.0000 0.0000 0.0000 0.0000 0.0000 0.0000 0.0000 0.0000 0.0000 0.0000 0.0000 0.0000 0.0000 0.0000 0.0000 0.0000 0.0000 0.0000 0.0000 0.0000 0.0000 0.0000 0.0000 0.0000 0.0000 0.0000 0.0000 0.0000 0.0000 0.0000 0.0000 0.0000 0.0000 0.0000 0.0000 0.0000 0.0000 0.0000 0.0000 0.0000 0.0000 0.0000 0.0000 0.0000 0.0000 0.0000 0.0000 0.0000 0.0000 0.0000 0.0000 0.0000 0.0000 0.0000 0.0000 0.0000 0.0000 0.0000 0.0000 0.0000 0.0000 0.0000 0.0000 0.0000 0.0000 0.0000 0.0000 0.0000 0.0000 0.0000 0.0000 0.0000 0.0000 0.0000 0.0000 0.0000 0.0000 0.0000 0.0000 0.0000 0.0000 0.0000 0.0000 0.0000 0.0000 0.0000 0.0000 0.0000 0.0000 0.0000 0.0000 0.0000 0.0000 0.0000 0.0000 0.0000 0.0000 0.0000 0.0000 0.0000 0.0000 0.0000 0.0000 0.0000 0.0000 0.0000 0.0000 0.0000 0.0000 0.0000 0.0000 0.0000 0.0000 0.0000 0.0000 0.0000 0.0000 0.0000 0.0000 0.0000 0.0000 0.0000 0.0000 0.0000 0.0000 0.0000 0.0000 0.0000 0.0000 0.0000 0.0000 0.0000 0.0000 0.0000 0.0000 0.0000 0.0000 0.0000 0.0000 0.0000 0.0000 0.0000 0.0000 0.0000 0.0000 0.0000 0.0000 0.0000 0.0000 0.0000 0.0000 0.0000 0.0000 0.0000 0.0000 0.0000 0.0000 0.0000 0.0000 0.0000 0.0000 0.0000 0.0000 0.0000 0.0000 0.0000 0.0000 0.0000 0.0000 0.0000 0.0000 0.0000 0.0000 0.0000 0.0000 0.0000 0.0000 0.0000 0.0000 0.0000 0.0000 0.0000 0.0000 0.0000 0.0000 0.0000 0.0000 0.0000 0.0000 0.0000 0.0000 0.0000 0.0000 0.0000 0.0000 0.0000 0.0000 0.0000 0.0000 0.0000 0.0000 0.0000 0.0000 0.0000 0.0000 0.0000 0.0000 0.0000 0.0000 0.0000 0.0000 0.0000 0.0000 0.0000 0.0000 0.0000 0.0000 0.0000 0.0000 0.0000 0.0000 0.0000 0.0000 0.0000 0.0000 0.0000 0.0000 0.0000 0.0000 0.0000 0.0000 0.0000 0.0000 0.0000 0.0000 0.0000 0.0000 0.0000 0.0000 0.0000 0.0000 0.0000 0.0000 0.0000 0.0000 0.0000 0.0000 0.0000 0.0000 0.0000 0.0000 0.0000 0.0000 0.0000 0.0000 0.0000 0.0000 0.0000 0.0000 0.0000 0.0000 0.0000 0.0000 0.0000 0.0000 0.0000 0.0000 0.0000 0.0000 0.0000 0.0000 0.0000 0.0000 0.0000 0.0000 0.0000 0.0000 0.0000 0.0000 0.0000 0.0000 0.0000 0.0000 0.0000 0.0000 0.0000 0.0000 0.0000 0.0000 0.0000 0.0000 0.0000 0.0000 0.0000 0.0000 0.0000 0.0000 0.0000 0.0000 0.0000 0.0000 0.0000 0.0000 0.0000 0.0000 0.0000 0.0000 0.0000 0.0000 0.0000 0.0000 0.0000 0.0000 0.0000 0.0000 0.0000 0.0000 0.0000 0.0000 0.0000 0.0000 0.0000 0.0000 0.0000 0.0000 0.0000 0.0000 0.0000 0.0000 0.0000 0.0000 0.0000 0.0000 0.0000 0.0000 0.0000 0.0000 0.0000 0.0000 0.0000 0.0000 0.0000 0.0000 0.0000 0.0000 0.0000 0.0000 0.0000 0.0000 0.0000 0.0000 0.0000 0.0000 0.0000 0.0000 0.0000 0.0000 0.0000 0.0000 0.0000 0.0000 0.0000 0.0000 0.0000 0.0000 0.0000 0.0000 0.0000 0.0000 0.0000 0.0000 0.0000 0.0000 0.0000 0.0000 0.0000 0.0000 0.0000 0.0000 0.0000 0.0000 0.0000 0.0000 0.0000 0.0000 0.0000 0.0000 0.0000 0.0000 0.0000 0.0000 0.0000 0.0000 0.0000 0.0000 0.0000 0.0000 0.0000 0.0000 0.0000 0.0000 0.0000 0.0000 0.0000 0.0000 0.0000 0.0000 0.0000 0.0000 0.0000 0.0000 0.0000 0.0000 0.0000 0.0000 0.0000 0.0000 0.0000 0.0000 0.0000 0.0000 0.0000 0.0000 0.0000 0.0000 0.0000 0.0000 0.0000 0.0000 0.0000 0.0000 0.0000 0.0000 0.0000 0.0000 0.0000 0.0000 0.0000 0.0000 0.0000 0.0000 0.0000 0.0000 0.0000 0.0000 0.0000 0.0000 0.0000 0.0000 0.0000 0.0000 0.0000 0.0000 0.0000 0.0000 0.0000 0.0000 0.0000 0.0000 0.0000 0.0000 0.0000 0.0000 0.0000 0.0000 0.0000 0.0000 0.0000 0.0000 0.0000 0.0000 0.0000 0.0000 0.0000 0.0000 0.0000 0.0000 0.0000 0.0000 0.0000 0.0000 0.0000 0.0000 0.0000 0.0000 0.0000 0.0000 0.0000 0.0000 0.0000 0.0000 0.0000 0.0000 0.0000 0.0000 0.0000 0.0000 0.0000 0.0000 0.0000 0.0000 0.0000 0.0000 0.0000 0.0000 0.0000 0.0000 0.0000 0.0000 0.0000 0.0000 0.0000 0.0000 0.0000 0.0000 0.0000 0.0000 0.0000 0.0000 0.0000 0.0000 0.0000 0.0000 0.0000 0.0000 0.0000 0.0000 0.0000 0.0000 0.0000 0.0000 0.0000 0.0000 0.0000 0.0000 0.0000 0.0000 0.0000 0.0000 0.0000 0.0000 0.0000 0.0000 0.0000 0.0000 0.0000 0.0000 0.0000 0.0000 0.0000 0.0000 0.0000 0.0000 0.0000 0.0000 0.0000 0.0000 0.0000 0.0000 0.0000 0.0000 0.0000 0.0000 0.0000 0.0000 0.0000 0.0000 0.0000 0.0000 0.0000 0.0000 0.0000 0.0000 0.0000 0.0000 0.0000 0.0000 0.0000 0.0000 0.0000 0.0000 0.0000 0.0000 0.0000 0.0000 0.0000 0.0000 0.0000 0.0000 0.0000 0.0000 0.0000 0.0000 0.0000 0.0000 0.0000 0.0000 0.0000 0.0000 0.0000 0.0000 0.0000 0.0000 0.0000 0.0000 0.0000 0.0000 0.0000 0.0000 0.0000 0.0000 0.0000 0.0000 0.0000 0.0000 0.0000 0.0000 0.0000 0.0000 0.0000 0.0000 0.0000 0.0000 0.0000 0.0000 0.0000 0.0000 0.0000 0.0000 0.0000 0.0000 0.0000 0.0000 0.0000 0.0000 0.0000 0.0000 0.0000 0.0000 0.0000 0.0000 0.0000 0.0000 0.0000 0.0000 0.0000 0.0000 0.0000 0.0000 0.0000 0.0000 0.0000 0.0000 0.0000 0.0000 0.0000 0.0000 0.0000 0.0000 0.0000 0.0000 0.0000 0.0000 0.0000 0.0000 0.0000 0.0000 0.0000 0.0000 0.0000 0.0000 0.0000 0.0000 0.0000 0.0000 0.0000 0.0000 0.0000 0.0000 0.0000 0.0000 0.0000 0.0000 0.0000 0.0000 0.0000 0.0000 0.0000 0.0000 0.0000 0.0000 0.0000 0.0000 0.0000 0.0000 0.0000 0.0000 0.0000 0.0000 0.0000 0.0000 0.0000 0.0000 0.0000 0.0000 0.0000 0.0000 0.0000 0.0000 0.0000 0.0000 0.0000 0.0000 0.0000 0.0000 0.0000 0.0000 0.0000 0.0000 0.0000 0.0000 0.0000 0.0000 0.0000 0.0000 0.0000 0.0000 0.0000 0.0000 0.0000 0.0000 0.0000 0.0000 0.0000 0.0000 0.0000 0.0000 0.0000 0.0000 0.0000 0.0000 0.0000 0.0000 0.0000 0.0000 0.0000 0.0000 0.0000 0.0000 0.0000 0.0000 0.0000 0.0000 0.0000 0.0000 0.0000 0.0000 0.0000 0.0000 0.0000 0.0000 0.0000 0.0000 0.0000 0.0000 0.0000 0.0000 0.0000 0.0000 0.0000 0.0000 0.0000 0.0000 0.0000 0.0000 0.0000 0.0000 0.0000 0.0000 0.0000 0.0000 0.0000 0.0000 0.0000 0.0000 0.0000 0.0000 0.0000 0.0000 0.0000 0.0000 0.0000 0.0000 0.0000 0.0000 0.0000 0.0000 0.0000 0.0000 0.0000 0.0000 0.0000 0.0000 0.0000 0.0000 0.0000 0.0000 0.0000 0.0000 0.0000 0.0000 0.0000 0.0000 0.0000 0.0000 0.0000 0.0000 0.0000 0.0000 0.0000 0.0000 0.0000 0.0000 0.0000 0.0000 0.0000 0.0000 0.0000 0.0000 0.0000 0.0000 0.0000 0.0000 0.0000 0.0000 0.0000 0.0000 0.0000 0.0000 0.0000 0.0000 0.0000 0.0000 0.0000 0.0000 0.0000 0.0000 0.0000 0.0000 0.0000 0.0000 0.0000 0.0000 0.0000 0.0000 0.0000 0.0000 0.0000 0.0000 0.0000 0.0000 0.0000 0.0000 0.0000 0.0000 0.0000 0.0000 0.0000 0.0000 0.0000 0.0000 0.0000 0.0000 0.0000 0.0000 0.0000 0.0000 0.0000 0.0000 0.0000 0.0000 0.0000 0.0000 0.0000 0.0000 0.0000 0.0000 0.0000 0.0000 0.0000 0.0000 0.0000 0.0000 0.0000 0.0000 0.0000 0.0000 0.0000 0.0000 0.0000 0.0000 0.0000 0.0000 0.0000 0.0000 0.0000 0.0000 0.0000 0.0000 0.0000 0.0000 0.0000 0.0000 0.0000 0.0000 0.0000 0.0000 0.0000 0.0000 0.0000 0.0000 0.0000 0.0000 0.0000 0.0000 0.0000 0.0000 0.0000 0.0000 0.0000 0.0000 0.0000 0.0000 0.0000 0.0000 0.0000 0.0000 0.0000 0.0000 0.0000 0.0000 0.0000 0.0000 0.0000 0.0000 0.0000 0.0000 0.0000 0.0000 0.0000 0.0000 0.0000 0.0000 0.0000 0.0000 0.0000 0.0000 0.0000 0.0000 0.0000 0.0000 0.0000 0.0000 0.0000 0.0000 0.0000 0.0000 0.0000 0.0000 0.0000 0.0000 0.0000 0.0000 0.0000 0.0000 0.0000 0.0000 0.0000 0.0000 0.0000 0.0000 0.0000 0.0000 0.0000 0.0000 0.0000 0.0000 0.0000 0.0000 0.0000 0.0000 0.0000 0.0000 0.0000 0.0000 0.0000 0.0000 0.0000 0.0000 0.0000 0.0000 0.0000 0.0000 0.0000 0.0000 0.0000 0.0000 0.0000 0.0000 0.0000 0.0000 0.0000 0.0000 0.0000 0.0000 0.0000 0.0000 0.0000 0.0000 0.0000 0.0000 0.0000 0.0000 0.0000 0.0000 0.0000 0.0000 0.0000 0.0000 0.0000 0.0000 0.0000 0.0000 0.0000 0.0000 0.0000 0.0000 0.0000 0.0000 0.0000 0.0000 0.0000 0.0000 0.0000 0.0000 0.0000 0.0000 0.0000 0.0000 0.0000 0.0000 0.0000 0.0000 0.0000 0.0000 0.0000 0.0000 0.0000 0.0000 0.0000 0.0000 0.0000 0.0000 0.0000 0.0000 0.0000 0.0000 0.0000 0.0000 0.0000 0.0000 0.0000 0.0000 0.0000 0.0000 0.0000 0.0000 0.0000 0.0000 0.0000 0.0000 0.0000 0.0000 0.0000 0.0000 0.0000 0.0000 0.0000 0.0000 0.0000 0.0000 0.0000 0.0000 0.0000 0.0000 0.0000 0.0000 0.0000 0.0000 0.0000 0.0000 0.0000 0.0000 0.0000 0.0000 0.0000 0.0000 0.0000 0.0000 0.0000 0.0000 0.0000 0.0000 0.0000 0.0000 0.0000 0.0000 0.0000 0.0000 0.0000 0.0000 0.0000 0.0000 0.0000 0.0000 0.0000 0.0000 0.0000 0.0000 0.0000 0.0000 0.0000 0.0000 0.0000 0.0000 0.0000 0.0000 0.0000 0.0000 0.0000 0.0000 0.0000 0.0000 0.0000 0.0000 0.0000 0.0000 0.0000 0.0000 0.0000 0.0000 0.0000 0.0000 0.0000 0.0000 0.0000 0.0000 0.0000 0.0000 0.0000 0.0000 0.0000 0.0000 0.0000 0.0000 0.0000 0.0000 0.0000 0.0000 0.0000 0.0000 0.0000 0.0000 0.0000 0.0000 0.0000 0.0000 0.0000 0.0000 0.0000 0.0000 0.0000 0.0000 0.0000 0.0000 0.0000 0.0000 0.0000 0.0000 0.0000 0.0000 0.0000 0.0000 0.0000 0.0000 0.0000 0.0000 0.0000 0.0000 0.0000 0.0000 0.0000 0.0000 0.0000 0.0000 0.0000 0.0000 0.0000 0.0000 0.0000 0.0000 0.0000 0.0000 0.0000 0.0000 0.0000 0.0000 0.0000 0.0000 0.0000 0.0000 0.0000 0.0000 0.0000 0.0000 0.0000 0.0000 0.0000 0.0000 0.0000 0.0000 0.0000 0.0000 0.0000 0.0000 0.0000 0.0000 0.0000 0.0000 0.0000 0.0000 0.0000 0.0000 0.0000 0.0000 0.0000 0.0000 0.0000 0.0000 0.0000 0.0000 0.0000 0.0000 0.0000 0.0000 0.0000 0.0000 0.0000 0.0000 0.0000 0.0000 0.0000 0.0000 0.0000 0.0000 0.0000 0.0000 0.0000 0.0000 0.0000 0.0000 0.0000 0.0000 0.0000 0.0000 0.0000 0.0000 0.0000 0.0000 0.0000 0.0000 0.0000 0.0000 0.0000 0.0000 0.0000 0.0000 0.0000 0.0000 0.0000 0.0000 0.0000 0.0000 0.0000 0.0000 0.0000 0.0000 0.0000 0.0000 0.0000 0.0000 0.0000 0.0000 0.0000 0.0000 0.0000 0.0000 0.0000 0.0000 0.0000 0.0000 0.0000 0.0000 0.0000 0.0000 0.0000 0.0000 0.0000 0.0000 0.0000 0.0000 0.0000 0.0000 0.0000 0.0000 0.0000 0.0000 0.0000 0.0000 0.0000 0.0000 0.0000 0.0000 0.0000 0.0000 0.0000 0.0000 0.0000 0.0000 0.0000 0.0000 0.0000 0.0000 0.0000 0.0000 0.0000 0.0000 0.0000 0.0000 0.0000 0.0000 0.0000 0.0000 0.0000 0.0000 0.0000 0.0000 0.0000 0.0000 0.0000 0.0000 0.0000 0.0000 0.0000 0.0000 0.0000 0.0000 0.0000 0.0000 0.0000 0.0000 0.0000 0.0000 0.0000 0.0000 0.0000 0.0000 0.0000 0.0000 0.0000 0.0000 0.0000 0.0000 0.0000 0.0000 0.0000 0.0000 0.0000 0.0000 0.0000 0.0000 0.0000 0.0000 0.0000 0.0000 0.0000 0.0000 0.0000 0.0000 0.0000 0.0000 0.0000 0.0000 0.0000 0.0000 0.0000 0.0000 0.0000 0.0000 0.0000 0.0000 0.0000 0.0000 0.0000 0.0000 0.0000 0.0000 0.0000 0.0000 0.0000 0.0000 0.0000 0.0000 0.0000 0.0000 0.0000 0.0000 0.0000 0.0000 0.0000 0.0000 0.0000 0.0000 0.0000 0.0000 0.0000 0.0000 0.0000 0.0000 0.0000 0.0000 0.0000 0.0000 0.0000 0.0000 0.0000 0.0000 0.0000 0.0000 0.0000 0.0000 0.0000 0.0000 0.0000 0.0000 0.0000 0.0000 0.0000 0.0000 0.0000 0.0000 0.0000 0.0000 0.0000 0.0000 0.0000 0.0000 0.0000 0.0000 0.0000 0.0000 0.0000 0.0000 0.0000 0.0000 0.0000 0.0000 0.0000 0.0000 0.0000 0.0000 0.0000 0.0000 0.0000 0.0000 0.0000 0.0000 0.0000 0.0000 0.0000 0.0000 0.0000 0.0000 0.0000 0.0000 0.0000 0.0000 0.0000 0.0000 0.0000 0.0000 0.0000 0.0000 0.0000 0.0000 0.0000 0.0000 0.0000 0.0000 0.0000 0.0000 0.0000 0.0000 0.0000 0.0000 0.0000 0.0000 0.0000 0.0000 0.0000 0.0000 0.0000 0.0000 0.0000 0.0000 0.0000 0.0000 0.0000 0.0000 0.0000 0.0000 0.0000 0.0000 0.0000 0.0000 0.0000 0.0000 0.0000 0.0000 0.0000 0.0000 0.0000 0.0000 0.0000 0.0000 0.0000 0.0000 0.0000 0.0000 0.0000 0.0000 0.0000 0.0000 0.0000 0.0000 0.0000 0.0000 0.0000 0.0000 0.0000 0.0000 0.0000 0.0000 0.0000 0.0000 0.0000 0.0000 0.0000 0.0000 0.0000 0.0000 0.0000 0.0000 0.0000 0.0000 0.0000 0.0000 0.0000 0.0000 0.0000 0.0000 0.0000 0.0000 0.0000 0.0000 0.0000 0.0000 0.0000 0.0000 0.0000 0.0000 0.0000 0.0000 0.0000 0.0000 0.0000 0.0000 0.0000 0.0000 0.0000 0.0000 0.0000 0.0000 0.0000 0.0000 0.0000 0.0000 0.0000 0.0000 0.0000 0.0000 0.0000 0.0000 0.0000 0.0000 0.0000 0.0000 0.0000 0.0000 0.0000 0.0000 0.0000 0.0000 0.0000 0.0000 0.0000 0.0000 0.0000 0.0000 0.0000 0.0000 0.0000 0.0000 0.0000 0.0000 0.0000 0.0000 0.0000 0.0000 0.0000 0.0000 0.0000 0.0000 0.0000 0.0000 0.0000 0.0000 0.0000 0.0000 0.0000 0.0000 0.0000 0.0000 0.0000 0.0000 0.0000 0.0000 0.0000 0.0000 0.0000 0.0000 0.0000 0.0000 0.0000 0.0000 0.0000 0.0000 0.0000 0.0000 0.0000 0.0000 0.0000 0.0000 0.0000 0.0000 0.0000 0.0000 0.0000 0.0000 0.0000 0.0000 0.0000 0.0000 0.0000 0.0000 0.0000 0.0000 0.0000 0.0000 0.0000 0.0000 0.0000 0.0000 0.0000 0.0000 0.0000 0.0000 0.0000 0.0000 0.0000 0.0000 0.0000 0.0000 0.0000 0.0000 0.0000 0.0000 0.0000 0.0000 0.0000 0.0000 0.0000 0.0000 0.0000 0.0000 0.0000 0.0000 0.0000 0.0000 0.0000 0.0000 0.0000 0.0000 0.0000 0.0000 0.0000 0.0000 0.0000 0.0000 0.0000 0.0000 0.0000 0.0000 0.0000 0.0000 0.0000 0.0000 0.0000 0.0000 0.0000 0.0000 0.0000 0.0000 0.0000 0.0000 0.0000 0.0000 0.0000 0.0000 0.0000 0.0000 0.0000 0.0000 0.0000 0.0000 0.0000 0.0000 0.0000 0.0000 0.0000 0.0000 0.0000 0.0000 0.0000 0.0000 0.0000 0.0000 0.0000 0.0000 0.0000 0.0000 0.0000 0.0000 0.0000 0.0000 0.0000 0.0000 0.0000 0.0000 0.0000 0.0000 0.0000 0.0000 0.0000 0.0000 0.0000 0.0000 0.0000 0.0000 0.0000 0.0000 0.0000 0.0000 0.0000 0.0000 0.0000 0.0000 0.0000 0.0000 0.0000 0.0000 0.0000 0.0000 0.0000 0.0000 0.0000 0.0000 0.0000 0.0000 0.0000 0.0000 0.0000 0.0000 0.0000 0.0000 0.0000 0.0000 0.0000 0.0000 0.0000 0.0000 0.0000 0.0000 0.0000 0.0000 0.0000 0.0000 0.0000 0.0000 0.0000 0.0000 0.0000 0.0000 0.0000 0.0000 0.0000 0.0000 0.0000 0.0000 0.0000 0.0000 0.0000 0.0000 0.0000 0.0000 0.0000 0.0000 0.0000 0.0000 0.0000 0.0000 0.0000 0.0000 0.0000 0.0000 0.0000 0.0000 0.0000 0.0000 0.0000 0.0000 0.0000 0.0000 0.0000 0.0000 0.0000 0.0000 0.0000 0.0000 0.0000 0.0000 0.0000 0.0000 0.0000 0.0000 0.0000 0.0000 0.0000 0.0000 0.0000 0.0000 0.0000 0.0000 0.0000 0.0000 0.0000 0.0000 0.0000 0.0000 0.0000 0.0000 0.0000 0.0000 0.0000 0.0000 0.0000 0.0000 0.0000 0.0000 0.0000 0.0000 0.0000 0.0000 0.0000 0.0000 0.0000 0.0000 0.0000 0.0000 0.0000 0.0000 0.0000 0.0000 0.0000 0.0000 0.0000 0.0000 0.0000 0.0000 0.0000 0.0000 0.0000 0.0000 0.0000 0.0000 0.0000 0.0000 0.0000 0.0000 0.0000 0.0000 0.0000 0.0000 0.0000 0.0000 0.0000 0.0000 0.0000 0.0000 0.0000 0.0000 0.0000 0.0000 0.0000 0.0000 0.0000 0.0000 0.0000 0.0000 0.0000 0.0000 0.0000 0.0000 0.0000 0.0000 0.0000 0.0000 0.0000 0.0000 0.0000 0.0000 0.0000 0.0000 0.0000 0.0000 0.0000 0.0000 0.0000 0.0000 0.0000 0.0000 0.0000 0.0000 0.0000 0.0000 0.0000 0.0000 0.0000 0.0000 0.0000 0.0000 0.0000 0.0000 0.0000 0.0000 0.0000 0.0000 0.0000 0.0000 0.0000 0.0000 0.0000 0.0000 0.0000 0.0000 0.0000 0.0000 0.0000 0.0000 0.0000 0.0000 0.0000 0.0000 0.0000 0.0000 0.0000 0.0000 0.0000 0.0000 0.0000 0.0000 0.0000 0.0000 0.0000 0.0000 0.0000 0.0000 0.0000 0.0000 0.0000 0.0000 0.0000 0.0000 0.0000 0.0000 0.0000 0.0000 0.0000 0.0000 0.0000 0.0000 0.0000 0.0000 0.0000 0.0000 0.0000 0.0000 0.0000 0.0000 0.0000 0.0000 0.0000 0.0000 0.0000 0.0000 0.0000 0.0000 0.0000 0.0000 0.0000 0.0000 0.0000 0.0000 0.0000 0.0000 0.0000 0.0000 0.0000 0.0000 0.0000 0.0000 0.0000 0.0000 0.0000 0.0000 0.0000 0.0000 0.0000 0.0000 0.0000 0.0000 0.0000 0.0000 0.0000 0.0000 0.0000 0.0000 0.0000 0.0000 0.0000 0.0000 0.0000 0.0000 0.0000 0.0000 0.0000 0.0000 0.0000 0.0000 0.0000 0.0000 0.0000 0.0000 0.0000 0.0000 0.0000 0.0000 0.0000 0.0000 0.0000 0.0000 0.0000 0.0000 0.0000 0.0000 0.0000 0.0000 0.0000 0.0000 0.0000 0.0000 0.0000 0.0000 0.0000 0.0000 0.0000 0.0000 0.0000 0.0000 0.0000 0.0000 0.0000 0.0000 0.0000 0.0000 0.0000 0.0000 0.0000 0.0000 0.0000 0.0000 0.0000 0.0000 0.0000 0.0000 0.0000 0.0000 0.0000 0.0000 0.0000 0.0000 0.0000 0.0000 0.0000 0.0000 0.0000 0.0000 0.0000 0.0000 0.0000 0.0000 0.0000 0.0000 0.0000 0.0000 0.0000 0.0000 0.0000 0.0000 0.0000 0.0000 0.0000 0.0000 0.0000 0.0000 0.0000 0.0000 0.0000 0.0000 0.0000 0.0000 0.0000 0.0000 0.0000 0.0000 0.0000 0.0000 0.0000 0.0000 0.0000 0.0000 0.0000 0.0000 0.0000 0.0000 0.0000 0.0000 0.0000 0.0000 0.0000 0.0000 0.0000 0.0000 0.0000 0.0000 0.0000 0.0000 0.0000 0.0000 0.0000 0.0000 0.0000 0.0000 0.0000 0.0000 0.0000 0.0000 0.0000 0.0000 0.0000 0.0000 0.0000 0.0000 0.0000 0.0000 0.0000 0.0000 0.0000 0.0000 0.0000 0.0000 0.0000 0.0000 0.0000 0.0000 0.0000 0.0000 0.0000 0.0000 0.0000 0.0000 0.0000 0.0000 0.0000 0.0000 0.0000 0.0000 0.0000 0.0000 0.0000 0.0000 0.0000 0.0000 0.0000 0.0000 0.0000 0.0000 0.0000 0.0000 0.0000 0.0000 0.0000 0.0000 0.0000 0.0000 0.0000 0.0000 0.0000 0.0000 0.0000 0.0000 0.0000 0.0000 0.0000 0.0000 0.0000 0.0000 0.0000 0.0000 0.0000 0.0000 0.0000 0.0000 0.0000 0.0000 0.0000 0.0000 0.0000 0.0000 0.0000 0.0000 0.0000 0.0000 0.0000 0.0000 0.0000 0.0000 0.0000 0.0000 0.0000 0.0000 0.0000 0.0000 0.0000 0.0000 0.0000 0.0000 0.0000 0.0000 0.0000 0.0000 0.0000 0.0000 0.0000 0.0000 0.0000 0.0000 0.0000 0.0000 0.0000 0.0000 0.0000 0.0000 0.0000 0.0000 0.0000 0.0000 0.0000 0.0000 0.0000 0.0000 0.0000 0.0000 0.0000 0.0000 0.0000 0.0000 0.0000 0.0000 0.0000 0.0000 0.0000 0.0000 0.0000 0.0000 0.0000 0.0000 0.0000 0.0000 0.0000 0.0000 0.0000 0.0000 0.0000 0.0000 0.0000 0.0000 0.0000 0.0000 0.0000 0.0000 0.0000 0.0000 0.0000 0.0000 0.0000 0.0000 0.0000 0.0000 0.0000 0.0000 0.0000 0.0000 0.0000 0.0000 0.0000 0.0000 0.0000 0.0000 0.0000 0.0000 0.0000 0.0000 0.0000 0.0000 0.0000 0.0000 0.0000 0.0000 0.0000 0.0000 0.0000 0.0000 0.0000 0.0000 0.0000 0.0000 0.0000 0.0000 0.0000 0.0000 0.0000 0.0000 0.0000 0.0000 0.0000 0.0000 0.0000 0.0000 0.0000 0.0000 0.0000 0.0000 0.0000 0.0000 0.0000 0.0000 0.0000 0.0000 0.0000 0.0000 0.0000 0.0000 0.0000 0.0000 0.0000 0.0000 0.0000 0.0000 0.0000 0.0000 0.0000 0.0000 0.0000 0.0000 0.0000 0.0000 0.0000 0.0000 0.0000 0.0000 0.0000 0.0000 0.0000 0.0000 0.0000 0.0000 0.0000 0.0000 0.0000 0.0000 0.0000 0.0000 0.0000 0.0000 0.0000 0.0000 0.0000 0.0000 0.0000 0.0000 0.0000 0.0000 0.0000 0.0000 0.0000 0.0000 0.0000 0.0000 0.0000 0.0000 0.0000 0.0000 0.0000 0.0000 0.0000 0.0000 0.0000 0.0000 0.0000 0.0000 0.0000 0.0000 0.0000 0.0000 0.0000 0.0000 0.0000 0.0000 0.0000 0.0000 0.0000 0.0000 0.0000 0.0000 0.0000 0.0000 0.0000 0.0000 0.0000 0.0000 0.0000 0.0000 0.0000 0.0000 0.0000 0.0000 0.0000 0.0000 0.0000 0.0000 0.0000 0.0000 0.0000 0.0000 0.0000 0.0000 0.0000 0.0000 0.0000 0.0000 0.0000 0.0000 0.0000 0.0000 0.0000 0.0000 0.0000 0.0000 0.0000 0.0000 0.0000 0.0000 0.0000 0.0000 0.0000 0.0000 0.0000 0.0000 0.0000 0.0000 0.0000 0.0000 0.0000 0.0000 0.0000 0.0000 0.0000 0.0000 0.0000 0.0000 0.0000 0.0000 0.0000 0.0000 0.0000 0.0000 0.0000 0.7000 0.3000 0.3000 0.3000 0.7000 0.7000 0.7000 0.3000 0.3000 0.7000 0.7000 0.7000 0.3000 0.7000 0.3000 0.3000 0.7000 0.3000 0.3000 0.7000 0.3000 0.3000 0.7000 0.3000 0.3000 0.3000 0.3000 0.7000 0.3000 0.3000 0.7000 0.3000 0.3000 0.7000 0.7000 0.3000 0.3000 0.3000 0.3000 0.3000 0.3000 0.7000 0.7000 0.7000 0.3000 0.3000 0.3000 0.7000 0.3000 0.3000 0.3000 0.3000 0.3000 0.7000 0.3000 0.3000 0.7000 0.3000 0.7000 0.3000 0.3000 0.7000 0.3000 0.3000 0.3000 0.3000 0.3000 0.3000 0.3000 0.3000 0.3000 0.3000 0.3000 0.7000 0.3000 0.3000 0.3000 0.3000 0.7000 0.3000 0.7000 0.3000 0.3000 0.7000 0.7000 0.3000 0.7000 0.7000 0.3000 0.3000 0.3000 0.7000 0.3000 0.7000 0.3000 0.3000 0.3000 0.3000 0.3000 0.7000 0.3000 0.3000 0.7000 0.3000 0.7000 0.7000 0.7000 0.3000 0.3000 0.3000 0.7000 0.7000 0.3000 0.3000 0.7000 0.3000 0.3000 0.3000 0.3000 0.3000 0.3000 0.7000 0.7000 0.3000 0.3000 0.3000 0.7000 0.7000 0.3000 0.3000 0.7000 0.7000 0.3000 0.3000 0.3000 0.3000 0.7000 0.3000 0.7000 0.3000 0.7000 0.3000 0.7000 0.3000 0.3000 0.3000 0.3000 0.3000 0.7000 0.7000 0.3000 0.3000 0.3000 0.3000 0.3000 0.3000 0.3000 0.3000 0.7000 0.3000 0.3000 0.7000 0.7000 0.3000 0.3000 0.7000 0.3000 0.7000 0.3000 0.3000 0.7000 0.3000 0.3000 0.7000 0.3000 0.7000 0.7000 0.7000 0.3000 0.3000 0.3000 0.3000 0.3000 0.3000 0.3000 0.3000 0.3000 0.3000 0.7000 0.7000 0.7000 0.3000 0.3000 0.3000 0.3000 0.3000 0.3000 0.3000 0.7000 0.3000 0.3000 0.7000 0.3000 0.3000 0.7000 0.7000 0.3000 0.3000 0.3000 0.3000 0.7000 0.3000 0.7000 0.3000 0.3000 0.3000 0.7000 0.3000 0.3000 0.7000 0.3000 0.3000 0.7000 0.3000 0.7000 0.7000 0.7000 0.3000 0.7000 0.3000 0.3000 0.3000 0.7000 0.3000 0.3000 0.3000 0.7000 0.3000 0.3000 0.3000 0.3000 0.7000 0.3000 0.3000 0.3000 0.3000 0.7000 0.3000 0.7000 0.7000 0.3000 0.7000 0.7000 0.7000 0.7000 0.7000 0.7000 0.7000 0.3000 0.3000 0.7000 0.3000 0.7000 0.7000 0.3000 0.3000 0.3000 0.3000 0.7000 0.3000 0.7000 0.7000 0.7000 0.3000 0.3000 0.7000 0.3000 0.3000 0.3000 0.3000 0.7000 0.3000 0.7000 0.7000 0.3000 0.3000 0.7000 0.7000 0.7000 0.7000 0.7000 0.3000 0.3000 0.3000 0.3000 0.7000 0.7000 0.7000 0.3000 0.3000 0.3000 0.3000 0.3000 0.7000 0.3000 0.3000 0.7000 0.3000 0.3000 0.3000 0.3000 0.7000 0.7000 0.7000 0.3000 0.3000 0.7000 0.3000 0.3000 0.3000 0.3000 0.3000 0.7000 0.7000 0.3000 0.7000 0.7000 0.7000 0.3000 0.7000 0.3000 0.3000 0.3000 0.3000 0.7000 0.3000 0.7000 0.7000 0.7000 0.3000 0.7000 0.7000 0.3000 0.3000 0.7000 0.3000 0.3000 0.3000 0.7000 0.3000 0.3000 0.3000 0.7000 0.3000 0.3000 0.3000 0.3000 0.3000 0.3000 0.7000 0.3000 0.7000 0.7000 0.3000 0.3000 0.7000 0.3000 0.3000 0.3000 0.3000 0.7000 0.7000 0.3000 0.3000 0.3000 0.7000 0.7000 0.3000 0.7000 0.3000 0.3000 0.3000 0.3000 0.3000 0.7000 0.7000 0.3000 0.3000 0.7000 0.7000 0.3000 0.3000 0.7000 0.3000 0.7000 0.3000 0.7000 0.3000 0.3000 0.7000 0.3000 0.3000 0.7000 0.7000 0.7000 0.3000 0.3000 0.3000 0.3000 0.3000 0.3000 0.7000 0.3000 0.3000 0.3000 0.7000 0.3000 0.3000 0.3000 0.3000 0.7000 0.7000 0.3000 0.7000 0.7000 0.3000 0.3000 0.7000 0.3000 0.3000 0.7000 0.3000 0.3000 0.3000 0.7000 0.3000 0.7000 0.3000 0.3000 0.3000 0.3000 0.7000 0.3000 0.7000 0.7000 0.3000 0.3000 0.3000 0.3000 0.7000 0.3000 0.3000 0.3000 0.7000 0.3000 0.3000 0.3000 0.3000 0.7000 0.3000 0.3000 0.3000 0.7000 0.3000 0.7000 0.3000 0.3000 0.3000 0.7000 0.7000 0.7000 0.3000 0.7000 0.7000 0.3000 0.3000 0.3000 0.3000 0.3000 0.7000 0.3000 0.3000 0.3000 0.7000 0.7000 0.3000 0.3000 0.3000 0.3000 0.3000 0.3000 0.7000 0.7000 0.3000 0.7000 0.3000 0.7000 0.7000 0.3000 0.7000 0.7000 0.3000 0.3000 0.3000 0.3000 0.3000 0.7000 0.3000 0.7000 0.3000 0.3000 0.3000 0.3000 0.3000 0.3000 0.3000 0.7000 0.3000 0.3000 0.3000 0.7000 0.7000 0.7000 0.3000 0.7000 0.3000 0.3000 0.3000 0.3000 0.7000 0.7000 0.3000 0.3000 0.3000 0.3000 0.3000 0.7000 0.3000 0.3000 0.3000 0.3000 0.3000 0.7000 0.7000 0.7000 0.7000 0.7000 0.7000 0.3000 0.3000 0.3000 0.3000 0.3000 0.3000 0.7000 0.3000 0.7000 0.3000 0.7000 0.7000 0.3000 0.3000 0.3000 0.3000 0.3000 0.3000 0.3000 0.3000 0.7000 0.7000 0.3000 0.7000 0.7000 0.3000 0.3000 0.3000 0.3000 0.7000 0.7000 0.3000 0.7000 0.3000 0.3000 0.3000 0.7000 0.7000 0.7000 0.7000 0.3000 0.7000 0.7000 0.3000 0.3000 0.3000 0.7000 0.3000 0.7000 0.7000 0.7000 0.7000 0.3000 0.7000 0.3000 0.7000 0.3000 0.3000 0.3000 0.3000 0.7000 0.7000 0.3000 0.7000 0.3000 0.3000 0.3000 0.3000 0.3000 0.3000 0.7000 0.3000 0.3000 0.7000 0.7000 0.3000 0.3000 0.7000 0.3000 0.7000 0.3000 0.3000 0.3000 0.7000 0.3000 0.3000 0.7000 0.3000 0.3000 0.3000 0.3000 0.7000 0.7000 0.3000 0.3000 0.3000 0.3000 0.3000 0.7000 0.3000 0.3000 0.3000 0.7000 0.7000 0.7000 0.7000 0.3000 0.7000 0.3000 0.3000 0.3000 0.7000 0.7000 0.3000 0.3000 0.7000 0.3000 0.3000 0.7000 0.7000 0.7000 0.3000 0.7000 0.7000 0.3000 0.7000 0.3000 0.3000 0.3000 0.7000 0.3000 0.3000 0.7000 0.3000 0.3000 0.3000 0.7000 0.3000 0.3000 0.3000 0.3000 0.7000 0.7000 0.3000 0.3000 0.7000 0.7000 0.3000 0.3000 0.3000 0.7000 0.3000 0.7000 0.3000 0.3000 0.7000 0.7000 0.7000 0.3000 0.3000 0.7000 0.7000 0.3000 0.3000 0.3000 0.3000 0.7000 0.3000 0.3000 0.7000 0.7000 0.3000 0.3000 0.7000 0.7000 0.3000 0.3000 0.3000 0.7000 0.3000 0.7000 0.3000 0.3000 0.7000 0.3000 0.3000 0.3000 0.7000 0.7000 0.3000 0.3000 0.3000 0.3000 0.3000 0.3000 0.3000 0.3000 0.3000 0.3000 0.3000 0.3000 0.3000 0.7000 0.3000 0.7000 0.3000 0.3000 0.7000 0.3000 0.7000 0.3000 0.3000 0.3000 0.7000 0.7000 0.3000 0.3000 0.3000 0.3000 0.3000 0.3000 0.3000 0.7000 0.3000 0.3000 0.3000 0.3000 0.7000 0.7000 0.3000 0.7000 0.3000 0.3000 0.7000 0.3000 0.3000 0.7000 0.3000 0.7000 0.7000 0.3000 0.3000 0.7000 0.3000 0.7000 0.3000 0.3000 0.3000 0.7000 0.7000 0.3000 0.3000 0.3000 0.3000 0.3000 0.3000 0.3000 0.3000 0.3000 0.7000 0.3000 0.3000 0.7000 0.7000 0.7000 0.3000 0.3000 0.7000 0.3000 0.3000 0.3000 0.3000 0.3000 0.3000 0.7000 0.7000 0.7000 0.7000 0.7000 0.3000 0.3000 0.7000 0.3000 0.3000 0.3000 0.3000 0.3000 0.3000 0.7000 0.3000 0.3000 0.3000 0.3000 0.7000 0.3000 0.7000 0.7000 0.7000 0.3000 0.3000 0.3000 0.3000 0.3000 0.3000 0.3000 0.3000 0.7000 0.3000 0.3000 0.3000 0.7000 0.3000 0.3000 0.3000 0.3000 0.7000 0.3000 0.3000 0.7000 0.3000 0.3000 0.3000 0.3000 0.3000 0.3000 0.7000 0.3000 0.7000 0.3000 0.7000 0.7000 0.7000 0.7000 0.3000 0.3000 0.3000 0.3000 0.3000 0.3000 0.3000 0.3000 0.3000 0.7000 0.3000 0.3000 0.7000 0.3000 0.7000 0.3000 0.3000 0.7000 0.7000 0.3000 0.7000 0.7000 0.3000 0.3000 0.7000 0.3000 0.3000 0.3000 0.7000 0.3000 0.7000 0.3000 0.3000 0.3000 0.7000 0.7000 0.7000 0.3000 0.3000 0.7000 0.7000 0.3000 0.3000 0.7000 0.7000 0.3000 0.3000 0.3000 0.3000 0.3000 0.3000 0.3000 0.3000 0.3000 0.3000 0.7000 0.3000 0.3000 0.7000 0.3000 0.3000 0.3000 0.3000 0.3000 0.7000 0.3000 0.7000 0.3000 0.7000 0.3000 0.3000 0.3000 0.3000 0.7000 0.3000 0.7000 0.7000 0.7000 0.3000 0.3000 0.3000 0.7000 0.7000 0.3000 0.3000 0.7000 0.3000 0.7000 0.7000 0.7000 0.3000 0.3000 0.3000 0.7000 0.3000 0.3000 0.3000 0.3000 0.3000 0.3000 0.3000 0.3000 0.3000 0.7000 0.3000 0.7000 0.3000 0.7000 0.7000 0.3000 0.7000 0.3000 0.7000 0.3000 0.7000 0.7000 0.7000 0.3000 0.3000 0.3000 0.3000 0.7000 0.3000 0.7000 0.3000 0.3000 0.7000 0.3000 0.7000 0.7000 0.3000 0.3000 0.3000 0.7000 0.3000 0.7000 0.3000 0.3000 0.7000 0.7000 0.3000 0.7000 0.3000 0.3000 0.3000 0.3000 0.3000 0.3000 0.7000 0.7000 0.7000 0.3000 0.3000 0.7000 0.7000 0.3000 0.7000 0.3000 0.7000 0.7000 0.7000 0.3000 0.3000 0.3000 0.7000 0.7000 0.3000 0.7000 0.3000 0.3000 0.3000 0.3000 0.3000 0.7000 0.3000 0.3000 0.7000 0.3000 0.7000 0.3000 0.3000 0.3000 0.3000 0.7000 0.7000 0.7000 0.7000 0.3000 0.3000 0.7000 0.7000 0.3000 0.3000 0.3000 0.3000 0.3000 0.3000 0.3000 0.3000 0.3000 0.7000 0.3000 0.3000 0.3000 0.3000 0.3000 0.7000 0.3000 0.3000 0.3000 0.3000 0.3000 0.3000 0.3000 0.3000 0.3000 0.7000 0.3000 0.3000 0.7000 0.3000 0.7000 0.3000 0.3000 0.3000 0.7000 0.3000 0.3000 0.3000 0.3000 0.3000 0.3000 0.3000 0.3000 0.3000 0.7000 0.7000 0.7000 0.3000 0.3000 0.3000 0.3000 0.3000 0.7000 0.3000 0.3000 0.3000 0.3000 0.3000 0.3000 0.7000 0.3000 0.7000 0.3000 0.3000 0.3000 0.3000 0.3000 0.7000 0.3000 0.7000 0.3000 0.7000 0.7000 0.3000 0.7000 0.7000 0.7000 0.3000 0.3000 0.3000 0.3000 0.3000 0.7000 0.3000 0.3000 0.3000 0.7000 0.3000 0.3000 0.3000 0.3000 0.3000 0.3000 0.3000 0.3000 0.7000 0.3000 0.7000 0.3000 0.3000 0.3000 0.7000 0.3000 0.3000 0.7000 0.3000 0.3000 0.3000 0.7000 0.3000 0.7000 0.7000 0.7000 0.7000 0.3000 0.7000 0.3000 0.3000 0.3000 0.3000 0.3000 0.7000 0.3000 0.7000 0.3000 0.3000 0.3000 0.7000 0.7000 0.3000 0.3000 0.3000 0.3000 0.7000 0.7000 0.7000 0.3000 0.3000 0.7000 0.7000 0.3000 0.7000 0.3000 0.3000 0.7000 0.7000 0.3000 0.3000 0.3000 0.7000 0.7000 0.7000 0.7000 0.7000 0.3000 0.3000 0.3000 0.3000 0.7000 0.7000 0.3000 0.3000 0.3000 0.3000 0.3000 0.3000 0.3000 0.7000 0.7000 0.3000 0.3000 0.3000 0.7000 0.3000 0.7000 0.7000 0.3000 0.7000 0.7000 0.3000 0.3000 0.3000 0.3000 0.3000 0.7000 0.7000 0.7000 0.7000 0.3000 0.3000 0.3000 0.3000 0.7000 0.3000 0.3000 0.7000 0.3000 0.7000 0.3000 0.3000 0.3000 0.7000 0.3000 0.3000 0.3000 0.7000 0.3000 0.7000 0.3000 0.7000 0.7000 0.3000 0.3000 0.3000 0.7000 0.3000 0.7000 0.7000 0.3000 0.7000 0.7000 0.3000 0.7000 0.3000 0.7000 0.3000 0.7000 0.7000 0.3000 0.3000 0.3000 0.3000 0.7000 0.3000 0.3000 0.3000 0.3000 0.7000 0.3000 0.7000 0.3000 0.7000 0.7000 0.3000 0.3000 0.7000 0.3000 0.3000 0.3000 0.3000 0.7000 0.3000 0.7000 0.7000 0.7000 0.3000 0.3000 0.3000 0.3000 0.3000 0.7000 0.3000 0.7000 0.3000 0.3000 0.7000 0.3000 0.7000 0.3000 0.7000 0.7000 0.3000 0.3000 0.3000 0.3000 0.3000 0.7000 0.7000 0.3000 0.7000 0.3000 0.7000 0.3000 0.7000 0.3000 0.7000 0.3000 0.7000 0.7000 0.7000 0.3000 0.3000 0.3000 0.3000 0.3000 0.3000 0.3000 0.3000 0.3000 0.7000 0.3000 0.3000 0.7000 0.3000 0.7000 0.7000 0.3000 0.7000 0.3000 0.3000 0.7000 0.3000 0.7000 0.3000 0.3000 0.3000 0.7000 0.3000 0.3000 0.3000 0.3000 0.3000 0.7000 0.7000 0.3000 0.3000 0.3000 0.3000 0.3000 0.7000 0.7000 0.7000 0.3000 0.7000 0.7000 0.7000 0.7000 0.3000 0.7000 0.3000 0.3000 0.3000 0.3000 0.3000 0.7000 0.3000 0.7000 0.3000 0.7000 0.3000 0.3000 0.7000 0.7000 0.7000 0.3000 0.3000 0.3000 0.3000 0.3000 0.7000 0.7000 0.7000 0.3000 0.3000 0.7000 0.7000 0.3000 0.3000 0.3000 0.3000 0.7000 0.7000 0.3000 0.7000 0.7000 0.7000 0.7000 0.3000 0.3000 0.3000 0.7000 0.7000 0.7000 0.3000 0.7000 0.3000 0.3000 0.3000 0.3000 0.7000 0.3000 0.3000 0.3000 0.3000 0.7000 0.3000 0.7000 0.3000 0.3000 0.3000 0.3000 0.7000 0.3000 0.3000 0.7000 0.3000 0.3000 0.3000 0.3000 0.3000 0.3000 0.3000 0.3000 0.3000 0.3000 0.3000 0.7000 0.3000 0.7000 0.7000 0.7000 0.3000 0.3000 0.3000 0.3000 0.7000 0.7000 0.3000 0.7000 0.3000 0.7000 0.7000 0.3000 0.7000 0.3000 0.3000 0.3000 0.3000 0.7000 0.3000 0.7000 0.3000 0.3000 0.3000 0.3000 0.3000 0.3000 0.3000 0.7000 0.3000 0.3000 0.3000 0.3000 0.7000 0.3000 0.3000 0.7000 0.3000 0.7000 0.3000 0.3000 0.3000 0.3000 0.7000 0.3000 0.7000 0.7000 0.7000 0.3000 0.3000 0.7000 0.3000 0.3000 0.3000 0.3000 0.3000 0.7000 0.7000 0.3000 0.3000 0.3000 0.7000 0.3000 0.3000 0.3000 0.7000 0.3000 0.3000 0.3000 0.3000 0.3000 0.3000 0.7000 0.3000 0.3000 0.7000 0.7000 0.7000 0.3000 0.3000 0.7000 0.7000 0.3000 0.3000 0.3000 0.3000 0.3000 0.7000 0.3000 0.3000 0.3000 0.3000 0.3000 0.7000 0.3000 0.3000 0.3000 0.3000 0.3000 0.3000 0.7000 0.7000 0.3000 0.7000 0.3000 0.7000 0.3000 0.7000 0.3000 0.7000 0.7000 0.3000 0.3000 0.3000 0.7000 0.7000 0.7000 0.3000 0.7000 0.3000 0.7000 0.3000 0.3000 0.7000 0.3000 0.3000 0.3000 0.3000 0.3000 0.3000 0.3000 0.7000 0.3000 0.7000 0.3000 0.3000 0.3000 0.3000 0.3000 0.3000 0.7000 0.3000 0.3000 0.7000 0.3000 0.7000 0.7000 0.3000 0.7000 0.7000 0.7000 0.3000 0.3000 0.3000 0.3000 0.3000 0.3000 0.7000 0.7000 0.3000 0.7000 0.3000 0.3000 0.3000 0.3000 0.3000 0.7000 0.7000 0.3000 0.3000 0.3000 0.3000 0.7000 0.3000 0.3000 0.3000 0.7000 0.7000 0.3000 0.3000 0.3000 0.7000 0.3000 0.3000 0.3000 0.7000 0.3000 0.7000 0.7000 0.3000 0.7000 0.3000 0.7000 0.7000 0.3000 0.7000 0.7000 0.3000 0.3000 0.3000 0.3000 0.3000 0.7000 0.7000 0.3000 0.3000 0.3000 0.3000 0.3000 0.3000 0.3000 0.7000 0.7000 0.3000 0.3000 0.7000 0.3000 0.3000 0.7000 0.3000 0.3000 0.3000 0.3000 0.7000 0.7000 0.7000 0.7000 0.3000 0.7000 0.3000 0.3000 0.3000 0.7000 0.7000 0.3000 0.3000 0.3000 0.7000 0.3000 0.3000 0.3000 0.3000 0.7000 0.7000 0.3000 0.7000 0.3000 0.3000 0.7000 0.3000 0.7000 0.7000 0.3000 0.3000 0.7000 0.7000 0.3000 0.7000 0.3000 0.3000 0.3000 0.7000 0.3000 0.3000 0.3000 0.3000 0.3000 0.7000 0.3000 0.7000 0.3000 0.3000 0.7000 0.7000 0.3000 0.7000 0.3000 0.3000 0.7000 0.7000 0.7000 0.3000 0.3000 0.3000 0.3000 0.3000 0.3000 0.7000 0.7000 0.7000 0.3000 0.3000 0.3000 0.3000 0.3000 0.7000 0.7000 0.7000 0.3000 0.3000 0.7000 0.7000 0.3000 0.3000 0.3000 0.3000 0.7000 0.3000 0.3000 0.3000 0.7000 0.3000 0.3000 0.3000 0.3000 0.3000 0.7000 0.3000 0.3000 0.3000 0.7000 0.7000 0.3000 0.3000 0.7000 0.3000 0.3000 0.3000 0.3000 0.3000 0.3000 0.3000 0.3000 0.3000 0.7000 0.7000 0.7000 0.3000 0.3000 0.3000 0.7000 0.7000 0.3000 0.3000 0.7000 0.7000 0.3000 0.3000 0.3000 0.3000 0.3000 0.3000 0.3000 0.7000 0.7000 0.7000 0.7000 0.7000 0.7000 0.3000 0.3000 0.7000 0.3000 0.3000 0.3000 0.7000 0.3000 0.3000 0.3000 0.3000 0.7000 0.3000 0.7000 0.3000 0.3000 0.7000 0.7000 0.7000 0.7000 0.3000 0.3000 0.3000 0.7000 0.3000 0.3000 0.7000 0.3000 0.3000 0.3000 0.3000 0.3000 0.7000 0.3000 0.3000 0.7000 0.3000 0.3000 0.7000 0.3000 0.7000 0.3000 0.3000 0.3000 0.7000 0.3000 0.3000 0.3000 0.3000 0.3000 0.3000 0.3000 0.7000 0.7000 0.3000 0.3000 0.3000 0.3000 0.7000 0.7000 0.7000 0.3000 0.7000 0.3000 0.7000 0.7000 0.3000 0.7000 0.3000 0.3000 0.3000 0.3000 0.3000 0.7000 0.3000 0.7000 0.3000 0.3000 0.3000 0.3000 0.7000 0.3000 0.7000 0.3000 0.3000 0.3000 0.7000 0.7000 0.7000 0.3000 0.3000 0.7000 0.3000 0.7000 0.3000 0.7000 0.7000 0.3000 0.3000 0.7000 0.3000 0.3000 0.3000 0.3000 0.7000 0.7000 0.7000 0.7000 0.3000 0.3000 0.3000 0.7000 0.3000 0.3000 0.7000 0.3000 0.3000 0.3000 0.3000 0.3000 0.7000 0.3000 0.7000 0.3000 0.3000 0.3000 0.3000 0.7000 0.3000 0.3000 0.7000 0.3000 0.7000 0.3000 0.3000 0.3000 0.3000 0.7000 0.7000 0.7000 0.3000 0.7000 0.7000 0.3000 0.7000 0.7000 0.3000 0.7000 0.7000 0.7000 0.3000 0.7000 0.7000 0.7000 0.3000 0.3000 0.3000 0.7000 0.3000 0.3000 0.3000 0.7000 0.3000 0.7000 0.3000 0.3000 0.3000 0.7000 0.3000 0.3000 0.7000 0.3000 0.3000 0.3000 0.3000 0.7000 0.3000 0.7000 0.7000 0.7000 0.3000 0.7000 0.7000 0.3000 0.3000 0.7000 0.3000 0.3000 0.7000 0.7000 0.7000 0.3000 0.7000 0.3000 0.7000 0.3000 0.3000 0.7000 0.7000 0.3000 0.7000 0.7000 0.3000 0.3000 0.3000 0.7000 0.3000 0.3000 0.3000 0.7000 0.7000 0.3000 0.3000 0.3000 0.7000 0.3000 0.3000 0.3000 0.3000 0.3000 0.3000 0.3000 0.3000 0.3000 0.7000 0.7000 0.3000 0.3000 0.7000 0.7000 0.7000 0.3000 0.3000 0.3000 0.7000 0.7000 0.7000 0.3000 0.3000 0.3000 0.3000 0.3000 0.3000 0.7000 0.3000 0.7000 0.3000 0.3000 0.3000 0.3000 0.7000 0.3000 0.3000 0.3000 0.3000 0.3000 0.7000 0.7000 0.7000 0.3000 0.7000 0.3000 0.3000 0.7000 0.7000 0.3000 0.7000 0.3000 0.3000 0.7000 0.7000 0.7000 0.7000 0.3000 0.3000 0.7000 0.7000 0.7000 0.3000 0.3000 0.7000 0.7000 0.7000 0.7000 0.7000 0.3000 0.7000 0.3000 0.3000 0.3000 0.3000 0.3000 0.3000 0.7000 0.7000 0.7000 0.7000 0.7000 0.3000 0.3000 0.3000 0.7000 0.7000 0.3000 0.3000 0.3000 0.3000 0.7000 0.7000 0.3000 0.3000 0.3000 0.7000 0.7000 0.3000 0.7000 0.7000 0.7000 0.3000 0.3000 0.3000 0.3000 0.3000 0.7000 0.7000 0.7000 0.3000 0.7000 0.3000 0.3000 0.3000 0.3000 0.3000 0.3000 0.3000 0.3000 0.7000 0.7000 0.3000 0.7000 0.3000 0.3000 0.3000 0.3000 0.7000 0.3000 0.7000 0.3000 0.3000 0.7000 0.3000 0.3000 0.7000 0.3000 0.7000 0.3000 0.3000 0.3000 0.7000 0.3000 0.3000 0.3000 0.7000 0.3000 0.3000 0.3000 0.7000 0.3000 0.7000 0.3000 0.3000 0.3000 0.3000 0.3000 0.7000 0.3000 0.7000 0.3000 0.7000 0.7000 0.3000 0.3000 0.7000 0.7000 0.3000 0.7000 0.3000 0.3000 0.3000 0.7000 0.3000 0.7000 0.3000 0.3000 0.7000 0.3000 0.7000 0.3000 0.3000 0.3000 0.7000 0.3000 0.3000 0.3000 0.7000 0.3000 0.7000 0.3000 0.3000 0.3000 0.3000 0.3000 0.3000 0.7000 0.7000 0.3000 0.3000 0.7000 0.3000 0.7000 0.7000 0.3000 0.7000 0.7000 0.3000 0.3000 0.3000 0.7000 0.7000 0.3000 0.7000 0.7000 0.3000 0.3000 0.3000 0.3000 0.7000 0.7000 0.3000 0.7000 0.3000 0.3000 0.7000 0.3000 0.3000 0.3000 0.7000 0.7000 0.3000 0.7000 0.3000 0.7000 0.7000 0.3000 0.3000 0.7000 0.3000 0.7000 0.3000 0.3000 0.7000 0.3000 0.7000 0.3000 0.7000 0.7000 0.3000 0.3000 0.7000 0.3000 0.7000 0.7000 0.3000 0.3000 0.7000 0.3000 0.7000 0.3000 0.3000 0.7000 0.7000 0.3000 0.7000 0.3000 0.3000 0.3000 0.7000 0.7000 0.7000 0.3000 0.3000 0.7000 0.3000 0.3000 0.3000 0.3000 0.3000 0.7000 0.3000 0.3000 0.3000 0.3000 0.3000 0.7000 0.3000 0.3000 0.7000 0.3000 0.3000 0.3000 0.7000 0.3000 0.3000 0.3000 0.7000 0.3000 0.7000 0.3000 0.3000 0.3000 0.3000 0.7000 0.7000 0.7000 0.3000 0.3000 0.3000 0.7000 0.7000 0.3000 0.7000 0.7000 0.7000 0.3000 0.3000 0.3000 0.3000 0.3000 0.7000 0.7000 0.3000 0.7000 0.7000 0.3000 0.3000 0.3000 0.7000 0.3000 0.7000 0.3000 0.3000 0.3000 0.7000 0.3000 0.3000 0.3000 0.3000 0.7000 0.3000 0.3000 0.3000 0.3000 0.7000 0.3000 0.7000 0.3000 0.7000 0.3000 0.7000 0.3000 0.3000 0.3000 0.7000 0.7000 0.7000 0.3000 0.3000 0.7000 0.7000 0.3000 0.3000 0.3000 0.3000 0.7000 0.3000 0.7000 0.3000 0.7000 0.3000 0.3000 0.3000 0.7000 0.7000 0.3000 0.7000 0.7000 0.3000 0.7000 0.3000 0.3000 0.7000 0.3000 0.3000 0.3000 0.7000 0.3000 0.7000 0.7000 0.3000 0.7000 0.3000 0.3000 0.3000 0.3000 0.3000 0.3000 0.7000 0.7000 0.7000 0.3000 0.7000 0.3000 0.3000 0.3000 0.3000 0.3000 0.7000 0.7000 0.3000 0.3000 0.3000 0.3000 0.3000 0.3000 0.3000 0.3000 0.7000 0.7000 0.7000 0.3000 0.3000 0.3000 0.3000 0.3000 0.7000 0.3000 0.7000 0.3000 0.7000 0.7000 0.7000 0.3000 0.3000 0.3000 0.3000 0.7000 0.7000 0.7000 0.3000 0.7000 0.3000 0.7000 0.3000 0.3000 0.3000 0.7000 0.3000 0.7000 0.3000 0.7000 0.3000 0.3000 0.7000 0.7000 0.3000 0.3000 0.3000 0.7000 0.3000 0.7000 0.7000 0.7000 0.3000 0.3000 0.7000 0.3000 0.3000 0.7000 0.7000 0.3000 0.3000 0.3000 0.3000 0.3000 0.3000 0.3000 0.3000 0.3000 0.3000 0.3000 0.3000 0.3000 0.7000 0.7000 0.3000 0.7000 0.3000 0.3000 0.3000 0.3000 0.3000 0.7000 0.7000 0.3000 0.3000 0.7000 0.3000 0.7000 0.3000 0.3000 0.7000 0.3000 0.3000 0.7000 0.3000 0.3000 0.7000 0.3000 0.3000 0.3000 0.3000 0.3000 0.3000 0.3000 0.7000 0.3000 0.3000 0.7000 0.3000 0.7000 0.3000 0.3000 0.3000 0.7000 0.7000 0.3000 0.3000 0.3000 0.7000 0.3000 0.3000 0.7000 0.3000 0.7000 0.3000 0.3000 0.7000 0.3000 0.3000 0.3000 0.3000 0.3000 0.7000 0.3000 0.3000 0.3000 0.3000 0.3000 0.3000 0.3000 0.7000 0.3000 0.3000 0.3000 0.7000 0.3000 0.7000 0.7000 0.3000 0.7000 0.3000 0.7000 0.7000 0.7000 0.7000 0.3000 0.3000 0.7000 0.3000 0.3000 0.3000 0.7000 0.3000 0.3000 0.3000 0.3000 0.3000 0.7000 0.7000 0.7000 0.7000 0.3000 0.3000 0.3000 0.7000 0.7000 0.7000 0.3000 0.3000 0.7000 0.3000 0.3000 0.3000 0.7000 0.3000 0.3000 0.3000 0.3000 0.7000 0.3000 0.7000 0.7000 0.3000 0.7000 0.3000 0.3000 0.7000 0.3000 0.7000 0.3000 0.3000 0.7000 0.3000 0.3000 0.7000 0.3000 0.7000 0.3000 0.7000 0.7000 0.3000 0.3000 0.3000 0.3000 0.3000 0.3000 0.3000 0.3000 0.3000 0.7000 0.3000 0.3000 0.3000 0.7000 0.7000 0.7000 0.3000 0.7000 0.7000 0.3000 0.7000 0.3000 0.3000 0.3000 0.3000 0.7000 0.7000 0.3000 0.3000 0.3000 0.7000 0.3000 0.7000 0.3000 0.7000 0.7000 0.3000 0.7000 0.3000 0.7000 0.7000 0.3000 0.7000 0.3000 0.3000 0.7000 0.3000 0.7000 0.3000 0.3000 0.3000 0.3000 0.3000 0.3000 0.3000 0.7000 0.7000 0.3000 0.7000 0.3000 0.3000 0.3000 0.3000 0.7000 0.3000 0.3000 0.7000 0.3000 0.3000 0.3000 0.3000 0.3000 0.7000 0.3000 0.3000 0.3000 0.3000 0.3000 0.3000 0.3000 0.7000 0.3000 0.3000 0.3000 0.3000 0.3000 0.3000 0.3000 0.3000 0.7000 0.7000 0.3000 0.3000 0.7000 0.7000 0.3000 0.7000 0.3000 0.7000 0.7000 0.7000 0.7000 0.3000 0.3000 0.7000 0.3000 0.3000 0.3000 0.3000 0.7000 0.3000 0.7000 0.7000 0.3000 0.7000 0.7000 0.3000 0.3000 0.7000 0.3000 0.3000 0.3000 0.3000 0.7000 0.3000 0.3000 0.7000 0.3000 0.3000 0.3000 0.3000 0.3000 0.3000 0.3000 0.3000 0.3000 0.3000 0.7000 0.7000 0.7000 0.3000 0.3000 0.7000 0.3000 0.7000 0.3000 0.3000 0.7000 0.3000 0.3000 0.3000 0.3000 0.3000 0.7000 0.3000 0.7000 0.3000 0.7000 0.7000 0.7000 0.7000 0.3000 0.7000 0.3000 0.7000 0.3000 0.3000 0.7000 0.3000 0.7000 0.3000 0.7000 0.3000 0.3000 0.3000 0.7000 0.7000 0.7000 0.3000 0.7000 0.3000 0.3000 0.3000 0.3000 0.3000 0.3000 0.7000 0.3000 0.3000 0.3000 0.3000 0.3000 0.7000 0.3000 0.3000 0.7000 0.7000 0.7000 0.3000 0.3000 0.3000 0.7000 0.7000 0.3000 0.7000 0.3000 0.3000 0.7000 0.3000 0.3000 0.3000 0.7000 0.3000 0.3000 0.3000 0.3000 0.3000 0.3000 0.7000 0.3000 0.7000 0.3000 0.3000 0.7000 0.7000 0.7000 0.3000 0.3000 0.7000 0.7000 0.3000 0.3000 0.3000 0.3000 0.3000 0.7000 0.7000 0.3000 0.3000 0.3000 0.3000 0.7000 0.3000 0.3000 0.3000 0.3000 0.3000 0.7000 0.3000 0.3000 0.3000 0.3000 0.3000 0.3000 0.3000 0.3000 0.3000 0.7000 0.3000 0.3000 0.7000 0.7000 0.7000 0.7000 0.7000 0.7000 0.3000 0.3000 0.7000 0.7000 0.3000 0.3000 0.3000 0.7000 0.3000 0.3000 0.7000 0.7000 0.3000 0.3000 0.3000 0.3000 0.3000 0.3000 0.3000 0.7000 0.3000 0.3000 0.3000 0.3000 0.3000 0.3000 0.7000 0.7000 0.3000 0.7000 0.3000 0.7000 0.7000 0.3000 0.7000 0.3000 0.3000 0.3000 0.3000 0.7000 0.7000 0.7000 0.7000 0.3000 0.3000 0.3000 0.7000 0.3000 0.7000 0.7000 0.7000 0.3000 0.7000 0.3000 0.3000 0.3000 0.3000 0.7000 0.3000 0.3000 0.3000 0.3000 0.3000 0.3000 0.3000 0.3000 0.7000 0.3000 0.3000 0.7000 0.3000 0.3000 0.7000 0.7000 0.3000 0.3000 0.3000 0.3000 0.7000 0.3000 0.3000 0.3000 0.7000 0.3000 0.3000 0.7000 0.3000 0.7000 0.7000 0.7000 0.3000 0.3000 0.7000 0.3000 0.3000 0.3000 0.3000 0.3000 0.3000 0.3000 0.3000 0.3000 0.3000 0.7000 0.7000 0.7000 0.3000 0.3000 0.3000 0.3000 0.3000 0.3000 0.3000 0.3000 0.7000 0.3000 0.3000 0.3000 0.7000 0.3000 0.3000 0.3000 0.3000 0.0000 0.0000 0.0000 0.0000 0.0000 0.0000 0.0000 0.0000 0.0000 0.0000 0.0000 0.0000 0.0000 0.0000 0.0000 0.0000 0.0000 0.0000 0.0000 0.0000 0.0000 0.0000 0.0000 0.0000 0.0000 0.0000 0.0000 0.0000 0.0000 0.0000 0.0000 0.0000 0.0000 0.0000 0.0000 0.0000 0.0000 0.0000 0.0000 0.0000 0.0000 0.0000 0.0000 0.0000 0.0000 0.0000 0.0000 0.0000 0.0000 0.0000 0.0000 0.0000 0.0000 0.0000 0.0000 0.0000 0.0000 0.0000 0.0000 0.0000 0.0000 0.0000 0.0000 0.0000 0.0000 0.0000 0.0000 0.0000 0.0000 0.0000 0.0000 0.0000 0.0000 0.0000 0.0000 0.0000 0.0000 0.0000 0.0000 0.0000 0.0000 0.0000 0.0000 0.0000 0.0000 0.0000 0.0000 0.0000 0.0000 0.0000 0.0000 0.0000 0.0000 0.0000 0.0000 0.0000 0.0000 0.0000 0.0000 0.0000 0.0000 0.0000 0.0000 0.0000 0.0000 0.0000 0.0000 0.0000 0.0000 0.0000 0.0000 0.0000 0.0000 0.0000 0.0000 0.0000 0.0000 0.0000 0.0000 0.0000 0.0000 0.0000 0.0000 0.0000 0.0000 0.0000 0.0000 0.0000 0.0000 0.0000 0.0000 0.0000 0.0000 0.0000 0.0000 0.0000 0.0000 0.0000 0.0000 0.0000 0.0000 0.0000 0.0000 0.0000 0.0000 0.0000 0.0000 0.0000 0.0000 0.0000 0.0000 0.0000 0.0000 0.0000 0.0000 0.0000 0.0000 0.0000 0.0000 0.0000 0.0000 0.0000 0.0000 0.0000 0.0000 0.0000 0.0000 0.0000 0.0000 0.0000 0.0000 0.0000 0.0000 0.0000 0.0000 0.0000 0.0000 0.0000 0.0000 0.0000 0.0000 0.0000 0.0000 0.0000 0.0000 0.0000 0.0000 0.0000 0.0000 0.0000 0.0000 0.0000 0.0000 0.0000 0.0000 0.0000 0.0000 0.0000 0.0000 0.0000 0.0000 0.0000 0.0000 0.0000 0.0000 0.0000 0.0000 0.0000 0.0000 0.0000 0.0000 0.0000 0.0000 0.0000 0.0000 0.0000 0.0000 0.0000 0.0000 0.0000 0.0000 0.0000 0.0000 0.0000 0.0000 0.0000 0.0000 0.0000 0.0000 0.0000 0.0000 0.0000 0.0000 0.0000 0.0000 0.0000 0.0000 0.0000 0.0000 0.0000 0.0000 0.0000 0.0000 0.0000 0.0000 0.0000 0.0000 0.0000 0.0000 0.0000 0.0000 0.0000 0.0000 0.0000 0.0000 0.0000 0.0000 0.0000 0.0000 0.0000 0.0000 0.0000 0.0000 0.0000 0.0000 0.0000 0.0000 0.0000 0.0000 0.0000 0.0000 0.0000 0.0000 0.0000 0.0000 0.0000 0.0000 0.0000 0.0000 0.0000 0.0000 0.0000 0.0000 0.0000 0.0000 0.0000 0.0000 0.0000 0.0000 0.0000 0.0000 0.0000 0.0000 0.0000 0.0000 0.0000 0.0000 0.0000 0.0000 0.0000 0.0000 0.0000 0.0000 0.0000 0.0000 0.0000 0.0000 0.0000 0.0000 0.0000 0.0000 0.0000 0.0000 0.0000 0.0000 0.0000 0.0000 0.0000 0.0000 0.0000 0.0000 0.0000 0.0000 0.0000 0.0000 0.0000 0.0000 0.0000 0.0000 0.0000 0.0000 0.0000 0.0000 0.0000 0.0000 0.0000 0.0000 0.0000 0.0000 0.0000 0.0000 0.0000 0.0000 0.0000 0.0000 0.0000 0.0000 0.0000 0.0000 0.0000 0.0000 0.0000 0.0000 0.0000 0.0000 0.0000 0.0000 0.0000 0.0000 0.0000 0.0000 0.0000 0.0000 0.0000 0.0000 0.0000 0.0000 0.0000 0.0000 0.0000 0.0000 0.0000 0.0000 0.0000 0.0000 0.0000 0.0000 0.0000 0.0000 0.0000 0.0000 0.0000 0.0000 0.0000 0.0000 0.0000 0.0000 0.0000 0.0000 0.0000 0.0000 0.0000 0.0000 0.0000 0.0000 0.0000 0.0000 0.0000 0.0000 0.0000 0.0000 0.0000 0.0000 0.0000 0.0000 0.0000 0.0000 0.0000 0.0000 0.0000 0.0000 0.0000 0.0000 0.0000 0.0000 0.0000 0.0000 0.0000 0.0000 0.0000 0.0000 0.0000 0.0000 0.0000 0.0000 0.0000 0.0000 0.0000 0.0000 0.0000 0.0000 0.0000 0.0000 0.0000 0.0000 0.0000 0.0000 0.0000 0.0000 0.0000 0.0000 0.0000 0.0000 0.0000 0.0000 0.0000 0.0000 0.0000 0.0000 0.0000 0.0000 0.0000 0.0000 0.0000 0.0000 0.0000 0.0000 0.0000 0.0000 0.0000 0.0000 0.0000 0.0000 0.0000 0.0000 0.0000 0.0000 0.0000 0.0000 0.0000 0.0000 0.0000 0.0000 0.0000 0.0000 0.0000 0.0000 0.0000 0.0000 0.0000 0.0000 0.0000 0.0000 0.0000 0.0000 0.0000 0.0000 0.0000 0.0000 0.0000 0.0000 0.0000 0.0000 0.0000 0.0000 0.0000 0.0000 0.0000 0.0000 0.0000 0.0000 0.0000 0.0000 0.0000 0.0000 0.0000 0.0000 0.0000 0.0000 0.0000 0.0000 0.0000 0.0000 0.0000 0.0000 0.0000 0.0000 0.0000 0.0000 0.0000 0.0000 0.0000 0.0000 0.0000 0.0000 0.0000 0.0000 0.0000 0.0000 0.0000 0.0000 0.0000 0.0000 0.0000 0.0000 0.0000 0.0000 0.0000 0.0000 0.0000 0.0000 0.0000 0.0000 0.0000 0.0000 0.0000 0.0000 0.0000 0.0000 0.0000 0.0000 0.0000 0.0000 0.0000 0.0000 0.0000 0.0000 0.0000 0.0000 0.0000 0.0000 0.0000 0.0000 0.0000 0.0000 0.0000 0.0000 0.0000 0.0000 0.0000 0.0000 0.0000 0.0000 0.0000 0.0000 0.0000 0.0000 0.0000 0.0000 0.0000 0.0000 0.0000 0.0000 0.0000 0.0000 0.0000 0.0000 0.0000 0.0000 0.0000 0.0000 0.0000 0.0000 0.0000 0.0000 0.0000 0.0000 0.0000 0.0000 0.0000 0.0000 0.0000 0.0000 0.0000 0.0000 0.0000 0.0000 0.0000 0.0000 0.0000 0.0000 0.0000 0.7000 0.7000 0.7000 0.7000 0.3000 0.7000 0.7000 0.7000 0.7000 0.7000 0.3000 0.3000 0.3000 0.3000 0.3000 0.3000 0.3000 0.3000 0.7000 0.7000 0.3000 0.7000 0.3000 0.7000 0.7000 0.3000 0.3000 0.7000 0.7000 0.7000 0.3000 0.7000 0.7000 0.3000 0.3000 0.3000 0.3000 0.3000 0.7000 0.3000 0.3000 0.3000 0.7000 0.3000 0.3000 0.7000 0.3000 0.3000 0.3000 0.3000 0.3000 0.3000 0.3000 0.3000 0.3000 0.7000 0.3000 0.3000 0.3000 0.7000 0.3000 0.3000 0.3000 0.3000 0.7000 0.7000 0.3000 0.7000 0.3000 0.3000 0.3000 0.3000 0.3000 0.3000 0.7000 0.3000 0.3000 0.3000 0.3000 0.3000 0.3000 0.3000 0.3000 0.7000 0.7000 0.3000 0.3000 0.3000 0.3000 0.3000 0.7000 0.3000 0.3000 0.3000 0.3000 0.7000 0.3000 0.7000 0.7000 0.7000 0.7000 0.3000 0.7000 0.3000 0.3000 0.3000 0.3000 0.3000 0.7000 0.3000 0.7000 0.3000 0.3000 0.3000 0.7000 0.3000 0.3000 0.3000 0.3000 0.3000 0.7000 0.7000 0.7000 0.7000 0.3000 0.7000 0.7000 0.3000 0.3000 0.3000 0.0000 0.0000 0.0000 0.0000 0.0000 0.0000 0.0000 0.0000 0.0000 0.0000 0.0000 0.0000 0.0000 0.0000 0.0000 0.0000 0.0000 0.0000 0.0000 0.0000 0.0000 0.0000 0.0000 0.0000 0.0000 0.0000 0.0000 0.0000 0.0000 0.0000 0.0000 0.0000 0.0000 0.0000 0.0000 0.0000 0.0000 0.0000 0.0000 0.0000 0.0000 0.0000 0.0000 0.0000 0.0000 0.0000 0.0000 0.0000 0.0000 0.0000 0.0000 0.0000 0.0000 0.0000 0.0000 0.0000 0.0000 0.0000 0.0000 0.0000 0.0000 0.0000 0.0000 0.0000 0.0000 0.0000 0.0000 0.0000 0.0000 0.0000 0.0000 0.0000 0.0000 0.0000 0.0000 0.0000 0.0000 0.0000 0.0000 0.0000 0.0000 0.0000 0.0000 0.0000 0.0000 0.0000 0.0000 0.0000 0.0000 0.0000 0.0000 0.0000 0.0000 0.0000 0.0000 0.0000 0.0000 0.0000 0.0000 0.0000 0.0000 0.0000 0.0000 0.0000 0.0000 0.0000 0.0000 0.0000 0.0000 0.0000 0.0000 0.0000 0.0000 0.0000 0.0000 0.0000 0.0000 0.0000 0.0000 0.0000 0.0000 0.0000 0.0000 0.0000 0.7000 0.3000 0.3000 0.3000 0.7000 0.3000 0.3000 0.3000 0.3000 0.3000 0.3000 0.3000 0.3000 0.3000 0.3000 0.7000 0.7000 0.7000 0.3000 0.3000 0.3000 0.3000 0.7000 0.3000 0.3000 0.7000 0.7000 0.7000 0.3000 0.7000 0.7000 0.7000 0.7000 0.7000 0.3000 0.3000 0.3000 0.7000 0.7000 0.7000 0.7000 0.3000 0.7000 0.7000 0.3000 0.7000 0.3000 0.3000 0.7000 0.3000 0.3000 0.7000 0.3000 0.3000 0.7000 0.3000 0.3000 0.7000 0.3000 0.3000 0.7000 0.3000 0.3000 0.3000 0.7000 0.7000 0.3000 0.3000 0.3000 0.7000 0.7000 0.3000 0.7000 0.7000 0.7000 0.7000 0.7000 0.7000 0.7000 0.7000 0.7000 0.7000 0.7000 0.7000 0.7000 0.7000 0.3000 0.3000 0.7000 0.7000 0.7000 0.3000 0.7000 0.3000 0.3000 0.7000 0.3000 0.3000 0.7000 0.3000 0.7000 0.7000 0.7000 0.3000 0.3000 0.7000 0.3000 0.3000 0.3000 0.7000 0.7000 0.3000 0.3000 0.3000 0.3000 0.3000 0.3000 0.7000 0.7000 0.3000 0.7000 0.7000 0.7000 0.7000 0.3000 0.3000 0.7000 0.7000 0.3000 0.3000 0.3000 0.3000 0.7000 0.7000 0.3000 0.7000 0.3000 0.3000 0.7000 0.3000 0.3000 0.3000 0.3000 0.3000 0.3000 0.3000 0.7000 0.3000 0.7000 0.3000 0.7000 0.3000 0.3000 0.3000 0.3000 0.3000 0.7000 0.3000 0.7000 0.3000 0.7000 0.3000 0.7000 0.3000 0.7000 0.7000 0.3000 0.3000 0.3000 0.3000 0.3000 0.3000 0.7000 0.7000 0.7000 0.3000 0.3000 0.7000 0.3000 0.3000 0.3000 0.3000 0.3000 0.3000 0.3000 0.3000 0.7000 0.7000 0.7000 0.7000 0.7000 0.7000 0.7000 0.3000 0.3000 0.3000 0.7000 0.7000 0.3000 0.7000 0.3000 0.7000 0.3000 0.7000 0.7000 0.7000 0.7000 0.7000 0.7000 0.3000 0.3000 0.7000 0.3000 0.3000 0.3000 0.7000 0.7000 0.7000 0.7000 0.7000 0.3000 0.7000 0.3000 0.3000 0.3000 0.3000 0.3000 0.3000 0.7000 0.7000 0.3000 0.7000 0.3000 0.3000 0.7000 0.3000 0.7000 0.3000 0.3000 0.3000 0.3000 0.3000 0.7000 0.7000 0.3000 0.3000 0.7000 0.7000 0.7000 0.3000 0.7000 0.7000 0.7000 0.7000 0.7000 0.3000 0.7000 0.3000 0.3000 0.7000 0.7000 0.3000 0.3000 0.3000 0.7000 0.3000 0.3000 0.3000 0.3000 0.3000 0.7000 0.7000 0.7000 0.7000 0.3000 0.3000 0.3000 0.3000 0.3000 0.3000 0.7000 0.7000 0.3000 0.3000 0.7000 0.3000 0.7000 0.3000 0.3000 0.3000 0.7000 0.3000 0.3000 0.3000 0.7000 0.3000 0.7000 0.3000 0.7000 0.3000 0.3000 0.7000 0.7000 0.7000 0.3000 0.7000 0.3000 0.7000 0.3000 0.7000 0.3000 0.3000 0.7000 0.3000 0.7000 0.7000 0.3000 0.3000 0.7000 0.3000 0.3000 0.7000 0.3000 0.3000 0.7000 0.3000 0.3000 0.3000 0.3000 0.7000 0.7000 0.3000 0.7000 0.7000 0.3000 0.3000 0.3000 0.3000 0.7000 0.7000 0.3000 0.7000 0.3000 0.3000 0.7000 0.3000 0.3000 0.3000 0.3000 0.3000 0.3000 0.3000 0.7000 0.7000 0.3000 0.7000 0.3000 0.7000 0.3000 0.7000 0.7000 0.7000 0.3000 0.3000 0.7000 0.3000 0.3000 0.7000 0.3000 0.7000 0.7000 0.3000 0.7000 0.7000 0.3000 0.3000 0.3000 0.7000 0.7000 0.7000 0.7000 0.7000 0.3000 0.3000 0.3000 0.3000 0.3000 0.3000 0.3000 0.3000 0.3000 0.7000 0.7000 0.3000 0.3000 0.3000 0.7000 0.3000 0.3000 0.7000 0.7000 0.7000 0.7000 0.3000 0.7000 0.3000 0.7000 0.3000 0.3000 0.3000 0.7000 0.7000 0.3000 0.7000 0.3000 0.3000 0.7000 0.3000 0.3000 0.7000 0.7000 0.7000 0.7000 0.7000 0.7000 0.7000 0.3000 0.3000 0.3000 0.7000 0.3000 0.7000 0.7000 0.7000 0.3000 0.3000 0.7000 0.7000 0.3000 0.7000 0.7000 0.3000 0.3000 0.3000 0.3000 0.7000 0.7000 0.7000 0.3000 0.3000 0.7000 0.3000 0.7000 0.3000 0.3000 0.3000 0.7000 0.3000 0.7000 0.7000 0.3000 0.7000 0.7000 0.3000 0.3000 0.3000 0.7000 0.3000 0.7000 0.7000 0.3000 0.7000 0.7000 0.7000 0.3000 0.3000 0.3000 0.7000 0.7000 0.7000 0.7000 0.3000 0.7000 0.3000 0.7000 0.3000 0.3000 0.7000 0.7000 0.7000 0.7000 0.7000 0.7000 0.3000 0.7000 0.3000 0.3000 0.3000 0.3000 0.7000 0.3000 0.7000 0.3000 0.7000 0.3000 0.7000 0.7000 0.3000 0.3000 0.3000 0.3000 0.3000 0.3000 0.7000 0.7000 0.3000 0.7000 0.3000 0.7000 0.3000 0.7000 0.3000 0.3000 0.3000 0.7000 0.3000 0.7000 0.3000 0.3000 0.3000 0.3000 0.3000 0.3000 0.3000 0.3000 0.3000 0.7000 0.7000 0.3000 0.3000 0.7000 0.3000 0.3000 0.3000 0.3000 0.7000 0.7000 0.3000 0.3000 0.3000 0.7000 0.3000 0.7000 0.3000 0.3000 0.3000 0.7000 0.3000 0.7000 0.7000 0.3000 0.3000 0.7000 0.3000 0.3000 0.3000 0.7000 0.3000 0.7000 0.7000 0.7000 0.7000 0.7000 0.7000 0.7000 0.7000 0.7000 0.7000 0.7000 0.3000 0.3000 0.3000 0.7000 0.7000 0.3000 0.7000 0.7000 0.7000 0.7000 0.7000 0.7000 0.3000 0.7000 0.3000 0.7000 0.3000 0.3000 0.3000 0.3000 0.3000 0.3000 0.3000 0.3000 0.3000 0.3000 0.7000 0.3000 0.7000 0.7000 0.7000 0.3000 0.3000 0.3000 0.7000 0.7000 0.3000 0.3000 0.7000 0.3000 0.3000 0.7000 0.3000 0.7000 0.7000 0.7000 0.3000 0.7000 0.3000 0.7000 0.3000 0.7000 0.7000 0.7000 0.7000 0.7000 0.3000 0.7000 0.3000 0.7000 0.7000 0.3000 0.3000 0.3000 0.7000 0.7000 0.3000 0.7000 0.7000 0.3000 0.7000 0.3000 0.3000 0.3000 0.7000 0.3000 0.7000 0.3000 0.7000 0.3000 0.7000 0.7000 0.3000 0.3000 0.7000 0.3000 0.3000 0.3000 0.3000 0.7000 0.3000 0.3000 0.3000 0.3000 0.7000 0.3000 0.3000 0.7000 0.3000 0.7000 0.3000 0.7000 0.7000 0.3000 0.7000 0.3000 0.3000 0.3000 0.3000 0.3000 0.3000 0.3000 0.3000 0.7000 0.3000 0.7000 0.7000 0.3000 0.7000 0.7000 0.3000 0.7000 0.3000 0.7000 0.3000 0.7000 0.3000 0.7000 0.3000 0.7000 0.3000 0.7000 0.3000 0.7000 0.3000 0.3000 0.3000 0.7000 0.7000 0.3000 0.7000 0.7000 0.3000 0.7000 0.3000 0.7000 0.7000 0.7000 0.3000 0.7000 0.7000 0.3000 0.3000 0.7000 0.7000 0.3000 0.7000 0.7000 0.7000 0.3000 0.3000 0.3000 0.3000 0.3000 0.3000 0.7000 0.3000 0.3000 0.3000 0.3000 0.7000 0.7000 0.3000 0.3000 0.3000 0.3000 0.7000 0.3000 0.7000 0.3000 0.3000 0.7000 0.3000 0.7000 0.3000 0.7000 0.3000 0.7000 0.3000 0.3000 0.7000 0.3000 0.7000 0.7000 0.3000 0.3000 0.3000 0.3000 0.7000 0.7000 0.3000 0.3000 0.7000 0.3000 0.3000 0.3000 0.7000 0.7000 0.7000 0.3000 0.3000 0.7000 0.3000 0.7000 0.3000 0.3000 0.3000 0.3000 0.3000 0.3000 0.3000 0.7000 0.7000 0.3000 0.7000 0.3000 0.3000 0.7000 0.3000 0.7000 0.7000 0.3000 0.7000 0.7000 0.3000 0.7000 0.7000 0.3000 0.7000 0.7000 0.3000 0.7000 0.3000 0.7000 0.3000 0.7000 0.3000 0.3000 0.7000 0.3000 0.7000 0.7000 0.3000 0.7000 0.7000 0.7000 0.3000 0.7000 0.3000 0.3000 0.3000 0.7000 0.3000 0.3000 0.3000 0.7000 0.7000 0.7000 0.3000 0.3000 0.7000 0.7000 0.7000 0.7000 0.7000 0.7000 0.7000 0.7000 0.3000 0.7000 0.7000 0.3000 0.3000 0.3000 0.7000 0.3000 0.7000 0.7000 0.3000 0.3000 0.3000 0.7000 0.3000 0.3000 0.7000 0.7000 0.3000 0.7000 0.7000 0.3000 0.3000 0.7000 0.3000 0.3000 0.7000 0.7000 0.3000 0.7000 0.3000 0.7000 0.3000 0.7000 0.3000 0.7000 0.3000 0.7000 0.7000 0.7000 0.7000 0.3000 0.7000 0.3000 0.7000 0.7000 0.3000 0.3000 0.3000 0.3000 0.3000 0.7000 0.7000 0.3000 0.7000 0.7000 0.7000 0.3000 0.3000 0.3000 0.7000 0.7000 0.7000 0.7000 0.3000 0.3000 0.7000 0.7000 0.3000 0.3000 0.7000 0.7000 0.3000 0.7000 0.3000 0.7000 0.7000 0.3000 0.7000 0.3000 0.7000 0.3000 0.3000 0.7000 0.3000 0.7000 0.3000 0.3000 0.7000 0.3000 0.3000 0.3000 0.3000 0.3000 0.3000 0.7000 0.3000 0.7000 0.7000 0.7000 0.3000 0.3000 0.3000 0.3000 0.7000 0.7000 0.3000 0.7000 0.3000 0.7000 0.3000 0.7000 0.7000 0.3000 0.3000 0.7000 0.7000 0.7000 0.3000 0.7000 0.3000 0.7000 0.3000 0.3000 0.7000 0.3000 0.3000 0.7000 0.3000 0.3000 0.7000 0.7000 0.3000 0.3000 0.3000 0.7000 0.7000 0.3000 0.3000 0.3000 0.3000 0.3000 0.7000 0.3000 0.7000 0.3000 0.7000 0.7000 0.3000 0.3000 0.7000 0.3000 0.7000 0.3000 0.3000 0.7000 0.3000 0.3000 0.3000 0.7000 0.7000 0.7000 0.3000 0.7000 0.7000 0.3000 0.3000 0.7000 0.7000 0.7000 0.7000 0.3000 0.3000 0.3000 0.3000 0.7000 0.3000 0.3000 0.7000 0.7000 0.3000 0.7000 0.7000 0.7000 0.7000 0.3000 0.7000 0.7000 0.7000 0.3000 0.3000 0.7000 0.7000 0.3000 0.3000 0.3000 0.7000 0.7000 0.3000 0.3000 0.3000 0.7000 0.3000 0.7000 0.7000 0.3000 0.7000 0.7000 0.7000 0.3000 0.3000 0.7000 0.3000 0.7000 0.3000 0.3000 0.7000 0.3000 0.3000 0.3000 0.3000 0.3000 0.3000 0.3000 0.7000 0.3000 0.7000 0.7000 0.7000 0.7000 0.7000 0.3000 0.3000 0.3000 0.3000 0.3000 0.3000 0.7000 0.3000 0.7000 0.7000 0.7000 0.3000 0.3000 0.3000 0.3000 0.7000 0.3000 0.3000 0.3000 0.3000 0.7000 0.7000 0.3000 0.3000 0.7000 0.7000 0.7000 0.3000 0.3000 0.3000 0.7000 0.3000 0.3000 0.3000 0.3000 0.3000 0.7000 0.7000 0.3000 0.3000 0.3000 0.7000 0.3000 0.7000 0.3000 0.3000 0.3000 0.7000 0.3000 0.3000 0.3000 0.3000 0.7000 0.3000 0.3000 0.7000 0.3000 0.7000 0.7000 0.7000 0.3000 0.7000 0.3000 0.3000 0.7000 0.3000 0.7000 0.7000 0.7000 0.7000 0.7000 0.7000 0.3000 0.3000 0.7000 0.7000 0.3000 0.7000 0.7000 0.3000 0.7000 0.7000 0.7000 0.3000 0.7000 0.7000 0.7000 0.3000 0.3000 0.7000 0.3000 0.7000 0.3000 0.7000 0.7000 0.7000 0.3000 0.7000 0.3000 0.7000 0.7000 0.3000 0.7000 0.3000 0.3000 0.7000 0.3000 0.7000 0.7000 0.3000 0.7000 0.7000 0.7000 0.3000 0.3000 0.3000 0.7000 0.3000 0.7000 0.7000 0.7000 0.7000 0.3000 0.7000 0.3000 0.3000 0.3000 0.7000 0.3000 0.7000 0.3000 0.7000 0.7000 0.7000 0.7000 0.7000 0.7000 0.3000 0.3000 0.3000 0.3000 0.3000 0.7000 0.3000 0.3000 0.3000 0.7000 0.7000 0.3000 0.7000 0.3000 0.7000 0.3000 0.3000 0.7000 0.7000 0.3000 0.7000 0.3000 0.3000 0.3000 0.3000 0.7000 0.3000 0.3000 0.7000 0.3000 0.7000 0.3000 0.3000 0.3000 0.3000 0.3000 0.3000 0.7000 0.7000 0.3000 0.3000 0.7000 0.7000 0.7000 0.3000 0.3000 0.3000 0.3000 0.3000 0.3000 0.7000 0.3000 0.7000 0.7000 0.3000 0.7000 0.3000 0.3000 0.7000 0.3000 0.7000 0.3000 0.7000 0.7000 0.7000 0.7000 0.3000 0.7000 0.3000 0.7000 0.3000 0.7000 0.3000 0.3000 0.7000 0.3000 0.3000 0.7000 0.3000 0.3000 0.3000 0.3000 0.7000 0.3000 0.7000 0.7000 0.7000 0.3000 0.7000 0.3000 0.3000 0.3000 0.7000 0.7000 0.7000 0.7000 0.3000 0.3000 0.7000 0.3000 0.3000 0.3000 0.3000 0.3000 0.7000 0.3000 0.7000 0.7000 0.3000 0.3000 0.7000 0.3000 0.3000 0.7000 0.3000 0.3000 0.7000 0.7000 0.3000 0.3000 0.3000 0.3000 0.7000 0.3000 0.3000 0.7000 0.7000 0.3000 0.7000 0.3000 0.3000 0.7000 0.7000 0.3000 0.7000 0.3000 0.7000 0.3000 0.7000 0.3000 0.7000 0.3000 0.7000 0.7000 0.7000 0.7000 0.7000 0.3000 0.7000 0.7000 0.7000 0.7000 0.7000 0.3000 0.3000 0.7000 0.7000 0.3000 0.3000 0.7000 0.7000 0.7000 0.7000 0.7000 0.7000 0.3000 0.7000 0.3000 0.3000 0.3000 0.3000 0.3000 0.3000 0.7000 0.7000 0.7000 0.7000 0.7000 0.7000 0.7000 0.7000 0.3000 0.7000 0.7000 0.3000 0.3000 0.7000 0.3000 0.3000 0.7000 0.3000 0.7000 0.3000 0.3000 0.7000 0.3000 0.7000 0.7000 0.3000 0.7000 0.3000 0.3000 0.7000 0.3000 0.3000 0.3000 0.7000 0.3000 0.7000 0.3000 0.7000 0.3000 0.3000 0.7000 0.7000 0.7000 0.3000 0.3000 0.3000 0.3000 0.3000 0.7000 0.7000 0.7000 0.7000 0.3000 0.3000 0.3000 0.7000 0.3000 0.7000 0.7000 0.7000 0.7000 0.3000 0.3000 0.3000 0.7000 0.7000 0.7000 0.7000 0.7000 0.3000 0.3000 0.3000 0.3000 0.3000 0.3000 0.7000 0.7000 0.3000 0.3000 0.7000 0.7000 0.7000 0.7000 0.7000 0.3000 0.7000 0.7000 0.7000 0.7000 0.3000 0.3000 0.3000 0.7000 0.7000 0.3000 0.3000 0.3000 0.7000 0.3000 0.7000 0.7000 0.3000 0.3000 0.7000 0.7000 0.3000 0.3000 0.3000 0.3000 0.3000 0.7000 0.3000 0.3000 0.3000 0.7000 0.3000 0.7000 0.3000 0.7000 0.3000 0.7000 0.3000 0.3000 0.7000 0.3000 0.7000 0.3000 0.3000 0.7000 0.3000 0.3000 0.3000 0.3000 0.3000 0.3000 0.3000 0.3000 0.7000 0.7000 0.3000 0.3000 0.7000 0.3000 0.7000 0.3000 0.7000 0.3000 0.3000 0.7000 0.7000 0.3000 0.3000 0.7000 0.3000 0.3000 0.3000 0.3000 0.7000 0.3000 0.3000 0.3000 0.7000 0.3000 0.3000 0.7000 0.7000 0.3000 0.3000 0.7000 0.7000 0.7000 0.3000 0.3000 0.7000 0.3000 0.3000 0.7000 0.3000 0.3000 0.3000 0.3000 0.3000 0.3000 0.3000 0.7000 0.3000 0.7000 0.7000 0.7000 0.3000 0.3000 0.7000 0.3000 0.3000 0.7000 0.3000 0.3000 0.3000 0.3000 0.3000 0.3000 0.3000 0.7000 0.3000 0.3000 0.7000 0.3000 0.7000 0.3000 0.7000 0.7000 0.3000 0.3000 0.7000 0.3000 0.7000 0.3000 0.7000 0.7000 0.3000 0.3000 0.3000 0.3000 0.3000 0.3000 0.3000 0.3000 0.7000 0.3000 0.7000 0.3000 0.7000 0.3000 0.7000 0.7000 0.3000 0.3000 0.3000 0.7000 0.3000 0.7000 0.3000 0.7000 0.3000 0.7000 0.7000 0.3000 0.7000 0.3000 0.7000 0.3000 0.3000 0.7000 0.7000 0.3000 0.3000 0.3000 0.7000 0.7000 0.7000 0.3000 0.3000 0.7000 0.3000 0.3000 0.3000 0.7000 0.3000 0.3000 0.3000 0.7000 0.3000 0.3000 0.3000 0.7000 0.3000 0.3000 0.3000 0.3000 0.3000 0.7000 0.7000 0.7000 0.7000 0.3000 0.3000 0.7000 0.7000 0.3000 0.7000 0.7000 0.3000 0.7000 0.3000 0.7000 0.7000 0.3000 0.7000 0.3000 0.7000 0.3000 0.3000 0.3000 0.3000 0.3000 0.3000 0.3000 0.3000 0.3000 0.7000 0.7000 0.3000 0.7000 0.3000 0.3000 0.7000 0.3000 0.3000 0.3000 0.3000 0.7000 0.3000 0.3000 0.3000 0.3000 0.3000 0.7000 0.7000 0.7000 0.7000 0.3000 0.3000 0.3000 0.7000 0.7000 0.3000 0.7000 0.7000 0.3000 0.7000 0.3000 0.7000 0.7000 0.3000 0.3000 0.7000 0.7000 0.7000 0.3000 0.3000 0.3000 0.7000 0.7000 0.3000 0.7000 0.7000 0.7000 0.3000 0.3000 0.3000 0.7000 0.7000 0.3000 0.3000 0.3000 0.3000 0.7000 0.3000 0.7000 0.3000 0.3000 0.7000 0.3000 0.3000 0.3000 0.3000 0.3000 0.7000 0.7000 0.3000 0.3000 0.3000 0.3000 0.3000 0.3000 0.3000 0.7000 0.7000 0.3000 0.7000 0.7000 0.3000 0.3000 0.7000 0.7000 0.7000 0.7000 0.3000 0.3000 0.3000 0.3000 0.7000 0.3000 0.7000 0.3000 0.7000 0.3000 0.7000 0.7000 0.3000 0.7000 0.3000 0.3000 0.3000 0.7000 0.3000 0.3000 0.3000 0.3000 0.7000 0.3000 0.3000 0.7000 0.7000 0.3000 0.3000 0.3000 0.3000 0.3000 0.7000 0.7000 0.3000 0.3000 0.3000 0.3000 0.3000 0.3000 0.3000 0.7000 0.3000 0.7000 0.7000 0.3000 0.3000 0.3000 0.7000 0.3000 0.3000 0.7000 0.3000 0.3000 0.3000 0.3000 0.3000 0.3000 0.7000 0.7000 0.3000 0.7000 0.3000 0.3000 0.3000 0.7000 0.3000 0.3000 0.3000 0.7000 0.3000 0.7000 0.7000 0.7000 0.3000 0.3000 0.3000 0.3000 0.3000 0.7000 0.3000 0.3000 0.7000 0.7000 0.3000 0.3000 0.7000 0.3000 0.3000 0.3000 0.3000 0.7000 0.7000 0.3000 0.3000 0.7000 0.7000 0.7000 0.3000 0.3000 0.3000 0.7000 0.7000 0.3000 0.3000 0.7000 0.3000 0.7000 0.7000 0.3000 0.3000 0.3000 0.3000 0.7000 0.7000 0.3000 0.7000 0.7000 0.7000 0.3000 0.3000 0.7000 0.3000 0.3000 0.7000 0.7000 0.7000 0.3000 0.3000 0.7000 0.3000 0.7000 0.7000 0.3000 0.3000 0.3000 0.7000 0.3000 0.3000 0.3000 0.7000 0.3000 0.3000 0.3000 0.7000 0.7000 0.7000 0.3000 0.7000 0.3000 0.7000 0.7000 0.3000 0.3000 0.7000 0.7000 0.3000 0.3000 0.7000 0.3000 0.7000 0.3000 0.3000 0.7000 0.7000 0.3000 0.7000 0.3000 0.3000 0.3000 0.3000 0.7000 0.3000 0.7000 0.3000 0.3000 0.3000 0.3000 0.3000 0.7000 0.3000 0.3000 0.3000 0.7000 0.7000 0.3000 0.3000 0.7000 0.3000 0.3000 0.7000 0.3000 0.7000 0.7000 0.3000 0.3000 0.3000 0.7000 0.7000 0.3000 0.7000 0.3000 0.3000 0.3000 0.3000 0.3000 0.3000 0.3000 0.3000 0.3000 0.3000 0.7000 0.7000 0.7000 0.3000 0.3000 0.3000 0.3000 0.7000 0.3000 0.3000 0.3000 0.3000 0.7000 0.3000 0.7000 0.3000 0.7000 0.3000 0.3000 0.7000 0.3000 0.3000 0.3000 0.3000 0.3000 0.3000 0.3000 0.3000 0.7000 0.7000 0.7000 0.3000 0.7000 0.7000 0.3000 0.3000 0.3000 0.3000 0.7000 0.3000 0.7000 0.7000 0.7000 0.7000 0.3000 0.7000 0.3000 0.3000 0.7000 0.3000 0.7000 0.3000 0.3000 0.7000 0.3000 0.3000 0.3000 0.7000 0.3000 0.3000 0.7000 0.7000 0.3000 0.7000 0.3000 0.7000 0.7000 0.7000 0.7000 0.3000 0.7000 0.3000 0.7000 0.3000 0.3000 0.7000 0.7000 0.3000 0.7000 0.3000 0.3000 0.7000 0.3000 0.7000 0.7000 0.7000 0.7000 0.7000 0.3000 0.7000 0.7000 0.7000 0.3000 0.3000 0.3000 0.3000 0.7000 0.3000 0.3000 0.3000 0.7000 0.3000 0.7000 0.3000 0.3000 0.3000 0.3000 0.7000 0.7000 0.3000 0.7000 0.3000 0.7000 0.7000 0.3000 0.3000 0.7000 0.7000 0.7000 0.3000 0.3000 0.3000 0.3000 0.3000 0.7000 0.7000 0.3000 0.3000 0.7000 0.3000 0.7000 0.3000 0.7000 0.3000 0.7000 0.7000 0.7000 0.7000 0.7000 0.3000 0.7000 0.3000 0.3000 0.3000 0.7000 0.3000 0.3000 0.3000 0.7000 0.7000 0.3000 0.7000 0.7000 0.7000 0.3000 0.7000 0.3000 0.3000 0.3000 0.3000 0.3000 0.7000 0.3000 0.3000 0.7000 0.7000 0.7000 0.3000 0.7000 0.3000 0.7000 0.3000 0.3000 0.3000 0.7000 0.3000 0.3000 0.7000 0.7000 0.7000 0.7000 0.3000 0.3000 0.3000 0.3000 0.7000 0.3000 0.7000 0.7000 0.3000 0.3000 0.3000 0.3000 0.3000 0.7000 0.7000 0.3000 0.3000 0.7000 0.3000 0.7000 0.3000 0.7000 0.7000 0.3000 0.3000 0.3000 0.3000 0.7000 0.7000 0.3000 0.7000 0.7000 0.3000 0.3000 0.3000 0.7000 0.7000 0.3000 0.3000 0.7000 0.7000 0.3000 0.3000 0.3000 0.3000 0.7000 0.3000 0.3000 0.3000 0.3000 0.3000 0.3000 0.3000 0.7000 0.7000 0.7000 0.7000 0.3000 0.3000 0.7000 0.7000 0.3000 0.7000 0.3000 0.3000 0.7000 0.3000 0.3000 0.7000 0.7000 0.7000 0.3000 0.3000 0.3000 0.7000 0.7000 0.7000 0.3000 0.3000 0.7000 0.7000 0.3000 0.3000 0.7000 0.7000 0.7000 0.3000 0.7000 0.3000 0.7000 0.3000 0.7000 0.3000 0.3000 0.7000 0.3000 0.3000 0.7000 0.3000 0.7000 0.3000 0.3000 0.7000 0.3000 0.7000 0.7000 0.7000 0.7000 0.7000 0.7000 0.3000 0.3000 0.3000 0.3000 0.7000 0.7000 0.7000 0.7000 0.3000 0.3000 0.3000 0.3000 0.3000 0.3000 0.3000 0.7000 0.7000 0.7000 0.7000 0.3000 0.3000 0.3000 0.7000 0.7000 0.3000 0.7000 0.3000 0.3000 0.7000 0.3000 0.3000 0.3000 0.7000 0.3000 0.7000 0.3000 0.7000 0.7000 0.3000 0.3000 0.7000 0.3000 0.3000 0.7000 0.3000 0.3000 0.3000 0.3000 0.3000 0.3000 0.3000 0.7000 0.3000 0.3000 0.7000 0.7000 0.3000 0.7000 0.7000 0.3000 0.3000 0.3000 0.3000 0.3000 0.7000 0.3000 0.3000 0.7000 0.3000 0.7000 0.7000 0.3000 0.3000 0.7000 0.3000 0.7000 0.3000 0.3000 0.3000 0.3000 0.7000 0.7000 0.7000 0.3000 0.3000 0.7000 0.7000 0.3000 0.7000 0.7000 0.3000 0.7000 0.3000 0.7000 0.7000 0.3000 0.3000 0.3000 0.3000 0.7000 0.3000 0.7000 0.7000 0.7000 0.7000 0.3000 0.3000 0.7000 0.7000 0.3000 0.3000 0.7000 0.7000 0.3000 0.7000 0.3000 0.3000 0.3000 0.3000 0.3000 0.3000 0.3000 0.3000 0.3000 0.7000 0.7000 0.3000 0.7000 0.7000 0.7000 0.3000 0.3000 0.3000 0.7000 0.3000 0.3000 0.7000 0.3000 0.7000 0.3000 0.3000 0.7000 0.3000 0.3000 0.7000 0.3000 0.7000 0.7000 0.7000 0.3000 0.3000 0.7000 0.3000 0.7000 0.7000 0.7000 0.7000 0.3000 0.3000 0.3000 0.7000 0.7000 0.3000 0.7000 0.3000 0.3000 0.3000 0.3000 0.3000 0.3000 0.7000 0.7000 0.7000 0.7000 0.3000 0.7000 0.3000 0.7000 0.3000 0.7000 0.3000 0.7000 0.7000 0.7000 0.3000 0.7000 0.3000 0.7000 0.7000 0.3000 0.3000 0.3000 0.3000 0.7000 0.7000 0.3000 0.7000 0.3000 0.7000 0.7000 0.7000 0.3000 0.3000 0.3000 0.7000 0.7000 0.7000 0.3000 0.7000 0.7000 0.7000 0.7000 0.7000 0.7000 0.3000 0.7000 0.7000 0.7000 0.3000 0.7000 0.3000 0.3000 0.3000 0.7000 0.3000 0.3000 0.3000 0.7000 0.3000 0.3000 0.3000 0.3000 0.7000 0.7000 0.7000 0.7000 0.3000 0.3000 0.7000 0.7000 0.3000 0.7000 0.7000 0.7000 0.3000 0.3000 0.3000 0.3000 0.7000 0.7000 0.7000 0.7000 0.0000 0.0000 0.0000 0.0000 0.0000 0.0000 0.0000 0.0000 0.0000 0.0000 0.0000 0.0000 0.0000 0.0000 0.0000 0.0000 0.0000 0.0000 0.0000 0.0000 0.0000 0.0000 0.0000 0.0000 0.0000 0.0000 0.0000 0.0000 0.0000 0.0000 0.0000 0.0000 0.0000 0.0000 0.0000 0.0000 0.0000 0.0000 0.0000 0.0000 0.0000 0.0000 0.0000 0.0000 0.0000 0.0000 0.0000 0.0000 0.0000 0.0000 0.0000 0.0000 0.0000 0.0000 0.0000 0.0000 0.0000 0.0000 0.0000 0.0000 0.0000 0.0000 0.0000 0.0000 0.0000 0.0000 0.0000 0.0000 0.0000 0.0000 0.0000 0.0000 0.0000 0.0000 0.0000 0.0000 0.0000 0.0000 0.0000 0.0000 0.0000 0.0000 0.0000 0.0000 0.0000 0.0000 0.0000 0.0000 0.0000 0.0000 0.0000 0.0000 0.0000 0.0000 0.0000 0.0000 0.0000 0.0000 0.0000 0.0000 0.0000 0.0000 0.0000 0.0000 0.0000 0.0000 0.0000 0.0000 0.0000 0.0000 0.0000 0.0000 0.0000 0.0000 0.0000 0.0000 0.0000 0.0000 0.0000 0.0000 0.0000 0.0000 0.0000 0.0000 0.0000 0.0000 0.0000 0.0000 0.0000 0.0000 0.0000 0.0000 0.0000 0.0000 0.0000 0.0000 0.0000 0.0000 0.0000 0.0000 0.0000 0.0000 0.0000 0.0000 0.0000 0.0000 0.0000 0.0000 0.0000 0.0000 0.0000 0.0000 0.0000 0.0000 0.0000 0.0000 0.0000 0.0000 0.0000 0.0000 0.0000 0.0000 0.0000 0.0000 0.0000 0.0000 0.0000 0.0000 0.0000 0.0000 0.0000 0.0000 0.0000 0.0000 0.0000 0.0000 0.0000 0.0000 0.0000 0.0000 0.0000 0.0000 0.0000 0.0000 0.0000 0.0000 0.0000 0.0000 0.0000 0.0000 0.0000 0.0000 0.0000 0.0000 0.0000 0.0000 0.0000 0.0000 0.0000 0.0000 0.0000 0.0000 0.0000 0.0000 0.0000 0.0000 0.0000 0.0000 0.0000 0.0000 0.0000 0.0000 0.0000 0.0000 0.0000 0.0000 0.0000 0.0000 0.0000 0.0000 0.0000 0.0000 0.0000 0.0000 0.0000 0.0000 0.0000 0.0000 0.0000 0.0000 0.0000 0.0000 0.0000 0.0000 0.0000 0.0000 0.0000 0.0000 0.0000 0.0000 0.0000 0.0000 0.0000 0.0000 0.0000 0.0000 0.0000 0.0000 0.0000 0.0000 0.0000 0.0000 0.0000 0.0000 0.0000 0.0000 0.0000 0.0000 0.0000 0.0000 0.0000 0.0000 0.0000 0.0000 0.0000 0.0000 0.0000 0.0000 0.0000 0.0000 0.0000 0.0000 0.0000 0.0000 0.0000 0.0000 0.0000 0.0000 0.0000 0.0000 0.0000 0.0000 0.0000 0.0000 0.0000 0.0000 0.0000 0.0000 0.0000 0.0000 0.0000 0.0000 0.0000 0.0000 0.0000 0.0000 0.0000 0.0000 0.0000 0.0000 0.0000 0.0000 0.0000 0.0000 0.0000 0.0000 0.0000 0.0000 0.0000 0.0000 0.0000 0.0000 0.0000 0.0000 0.0000 0.0000 0.0000 0.0000 0.0000 0.0000 0.0000 0.0000 0.0000 0.0000 0.0000 0.0000 0.0000 0.0000 0.0000 0.0000 0.0000 0.0000 0.0000 0.0000 0.0000 0.0000 0.0000 0.0000 0.0000 0.0000 0.0000 0.0000 0.0000 0.0000 0.0000 0.0000 0.0000 0.0000 0.0000 0.0000 0.0000 0.0000 0.0000 0.0000 0.0000 0.0000 0.0000 0.0000 0.0000 0.0000 0.0000 0.0000 0.0000 0.0000 0.0000 0.0000 0.0000 0.0000 0.0000 0.0000 0.0000 0.0000 0.0000 0.0000 0.0000 0.0000 0.0000 0.0000 0.0000 0.0000 0.0000 0.0000 0.0000 0.0000 0.0000 0.0000 0.0000 0.0000 0.0000 0.0000 0.0000 0.0000 0.0000 0.0000 0.0000 0.0000 0.0000 0.0000 0.0000 0.0000 0.0000 0.0000 0.0000 0.0000 0.0000 0.0000 0.0000 0.0000 0.0000 0.0000 0.0000 0.0000 0.0000 0.0000 0.0000 0.0000 0.0000 0.0000 0.0000 0.0000 0.0000 0.0000 0.0000 0.0000 0.0000 0.0000 0.0000 0.0000 0.0000 0.0000 0.0000 0.0000 0.0000 0.0000 0.0000 0.0000 0.0000 0.0000 0.0000 0.0000 0.0000 0.0000 0.0000 0.0000 0.0000 0.0000 0.0000 0.0000 0.0000 0.0000 0.0000 0.0000 0.0000 0.0000 0.0000 0.0000 0.0000 0.0000 0.0000 0.0000 0.0000 0.0000 0.0000 0.0000 0.0000 0.0000 0.0000 0.0000 0.0000 0.0000 0.0000 0.0000 0.0000 0.0000 0.0000 0.0000 0.0000 0.0000 0.0000 0.0000 0.0000 0.0000 0.0000 0.0000 0.0000 0.0000 0.0000 0.0000 0.0000 0.0000 0.0000 0.0000 0.0000 0.0000 0.0000 0.0000 0.0000 0.0000 0.0000 0.0000 0.0000 0.0000 0.0000 0.0000 0.0000 0.0000 0.0000 0.0000 0.0000 0.0000 0.0000 0.0000 0.0000 0.0000 0.0000 0.0000 0.0000 0.0000 0.0000 0.0000 0.0000 0.0000 0.0000 0.0000 0.0000 0.0000 0.0000 0.0000 0.0000 0.0000 0.0000 0.0000 0.0000 0.0000 0.0000 0.0000 0.0000 0.0000 0.0000 0.0000 0.0000 0.0000 0.0000 0.0000 0.0000 0.0000 0.0000 0.0000 0.0000 0.0000 0.0000 0.0000 0.0000 0.0000 0.0000 0.0000 0.0000 0.0000 0.0000 0.0000 0.0000 0.0000 0.0000 0.0000 0.0000 0.0000 0.0000 0.0000 0.0000 0.0000 0.0000 0.0000 0.0000 0.0000 0.0000 0.0000 0.0000 0.0000 0.0000 0.0000 0.0000 0.0000 0.0000 0.0000 0.0000 0.0000 0.0000 0.0000 0.0000 0.0000 0.0000 0.0000 0.0000 0.0000 0.0000 0.0000 0.0000 0.0000 0.0000 0.0000 0.0000 0.0000 0.0000 0.0000 0.0000 0.0000 0.0000 0.0000 0.0000 0.0000 0.0000 0.0000 0.0000 0.0000 0.0000 0.0000 0.0000 0.0000 0.0000 0.0000 0.0000 0.0000 0.0000 0.0000 0.0000 0.0000 0.0000 0.0000 0.0000 0.0000 0.0000 0.0000 0.0000 0.0000 0.0000 0.0000 0.0000 0.0000 0.0000 0.0000 0.0000 0.0000 0.0000 0.0000 0.0000 0.0000 0.0000 0.0000 0.0000 0.0000 0.0000 0.0000 0.0000 0.0000 0.0000 0.0000 0.0000 0.0000 0.0000 0.0000 0.0000 0.0000 0.0000 0.0000 0.0000 0.0000 0.0000 0.0000 0.0000 0.0000 0.0000 0.0000 0.0000 0.0000 0.0000 0.0000 0.0000 0.0000 0.0000 0.0000 0.0000 0.0000 0.0000 0.0000 0.0000 0.0000 0.0000 0.0000 0.0000 0.0000 0.0000 0.0000 0.0000 0.0000 0.0000 0.0000 0.0000 0.0000 0.0000 0.0000 0.0000 0.0000 0.0000 0.0000 0.0000 0.0000 0.0000 0.0000 0.0000 0.0000 0.0000 0.0000 0.0000 0.0000 0.0000 0.0000 0.0000 0.0000 0.0000 0.0000 0.0000 0.0000 0.0000 0.0000 0.0000 0.0000 0.0000 0.0000 0.0000 0.0000 0.0000 0.0000 0.0000 0.0000 0.0000 0.0000 0.0000 0.0000 0.0000 0.0000 0.0000 0.0000 0.0000 0.0000 0.0000 0.0000 0.0000 0.0000 0.0000 0.0000 0.0000 0.0000 0.0000 0.0000 0.0000 0.0000 0.0000 0.0000 0.0000 0.0000 0.0000 0.0000 0.0000 0.0000 0.0000 0.0000 0.0000 0.0000 0.0000 0.0000 0.0000 0.0000 0.0000 0.0000 0.0000 0.0000 0.0000 0.0000 0.0000 0.0000 0.0000 0.0000 0.0000 0.0000 0.0000 0.0000 0.0000 0.0000 0.0000 0.0000 0.0000 0.0000 0.0000 0.0000 0.0000 0.0000 0.0000 0.0000 0.0000 0.0000 0.0000 0.0000 0.0000 0.0000 0.0000 0.0000 0.0000 0.0000 0.0000 0.0000 0.0000 0.0000 0.0000 0.0000 0.0000 0.0000 0.0000 0.0000 0.0000 0.0000 0.0000 0.0000 0.0000 0.0000 0.0000 0.0000 0.0000 0.0000 0.0000 0.0000 0.0000 0.0000 0.0000 0.0000 0.0000 0.0000 0.0000 0.0000 0.0000 0.0000 0.0000 0.0000 0.0000 0.0000 0.0000 0.0000 0.0000 0.0000 0.0000 0.0000 0.0000 0.0000 0.0000 0.0000 0.0000 0.0000 0.0000 0.0000 0.0000 0.0000 0.0000 0.0000 0.0000 0.0000 0.0000 0.0000 0.0000 0.0000 0.0000 0.0000 0.0000 0.0000 0.0000 0.0000 0.0000 0.0000 0.0000 0.0000 0.0000 0.0000 0.0000 0.0000 0.0000 0.0000 0.0000 0.0000 0.0000 0.0000 0.0000 0.0000 0.0000 0.0000 0.0000 0.0000 0.0000 0.0000 0.0000 0.0000 0.0000 0.0000 0.0000 0.0000 0.0000 0.0000 0.0000 0.0000 0.0000 0.0000 0.0000 0.0000 0.0000 0.0000 0.0000 0.0000 0.0000 0.0000 0.0000 0.0000 0.0000 0.0000 0.0000 0.0000 0.0000 0.0000 0.0000 0.0000 0.0000 0.0000 0.0000 0.0000 0.0000 0.0000 0.0000 0.0000 0.0000 0.0000 0.0000 0.0000 0.0000 0.0000 0.0000 0.0000 0.0000 0.0000 0.0000 0.0000 0.0000 0.0000 0.0000 0.0000 0.0000 0.0000 0.0000 0.0000 0.0000 0.0000 0.0000 0.0000 0.0000 0.0000 0.0000 0.0000 0.0000 0.0000 0.0000 0.0000 0.0000 0.0000 0.0000 0.0000 0.0000 0.0000 0.0000 0.0000 0.0000 0.0000 0.0000 0.0000 0.0000 0.0000 0.0000 0.0000 0.0000 0.0000 0.0000 0.0000 0.0000 0.0000 0.0000 0.0000 0.0000 0.0000 0.0000 0.0000 0.0000 0.0000 0.0000 0.0000 0.0000 0.0000 0.0000 0.0000 0.0000 0.0000 0.0000 0.0000 0.0000 0.0000 0.0000 0.0000 0.0000 0.0000 0.0000 0.0000 0.0000 0.0000 0.0000 0.0000 0.0000 0.0000 0.0000 0.0000 0.0000 0.0000 0.0000 0.0000 0.0000 0.0000 0.0000 0.0000 0.0000 0.0000 0.0000 0.0000 0.0000 0.0000 0.0000 0.0000 0.0000 0.0000 0.0000 0.0000 0.0000 0.0000 0.0000 0.0000 0.0000 0.0000 0.0000 0.0000 0.0000 0.0000 0.0000 0.0000 0.0000 0.0000 0.0000 0.0000 0.0000 0.0000 0.0000 0.0000 0.0000 0.0000 0.0000 0.0000 0.0000 0.0000 0.0000 0.0000 0.0000 0.0000 0.0000 0.0000 0.0000 0.0000 0.0000 0.0000 0.0000 0.0000 0.0000 0.0000 0.0000 0.0000 0.0000 0.0000 0.0000 0.0000 0.0000 0.0000 0.0000 0.0000 0.0000 0.0000 0.0000 0.0000 0.0000 0.0000 0.0000 0.0000 0.0000 0.0000 0.0000 0.0000 0.0000 0.0000 0.0000 0.0000 0.0000 0.0000 0.0000 0.0000 0.0000 0.0000 0.0000 0.0000 0.0000 0.0000 0.0000 0.0000 0.0000 0.0000 0.0000 0.0000 0.0000 0.0000 0.0000 0.0000 0.0000 0.0000 0.0000 0.0000 0.0000 0.0000 0.0000 0.0000 0.0000 0.0000 0.0000 0.0000 0.0000 0.0000 0.0000 0.0000 0.0000 0.0000 0.0000 0.0000 0.0000 0.0000 0.0000 0.0000 0.0000 0.0000 0.0000 0.0000 0.0000 0.0000 0.0000 0.0000 0.0000 0.0000 0.0000 0.0000 0.0000 0.0000 0.0000 0.0000 0.0000 0.0000 0.0000 0.0000 0.0000 0.0000 0.0000 0.0000 0.0000 0.0000 0.0000 0.0000 0.0000 0.0000 0.0000 0.0000 0.0000 0.0000 0.0000 0.0000 0.0000 0.0000 0.0000 0.0000 0.0000 0.0000 0.0000 0.0000 0.0000 0.0000 0.0000 0.0000 0.0000 0.0000 0.0000 0.0000 0.0000 0.0000 0.0000 0.0000 0.0000 0.0000 0.0000 0.0000 0.0000 0.0000 0.0000 0.0000 0.0000 0.0000 0.0000 0.0000 0.0000 0.0000 0.0000 0.0000 0.0000 0.0000 0.0000 0.0000 0.0000 0.0000 0.0000 0.0000 0.0000 0.0000 0.0000 0.0000 0.0000 0.0000 0.0000 0.0000 0.0000 0.0000 0.0000 0.0000 0.0000 0.0000 0.0000 0.0000 0.0000 0.0000 0.0000 0.0000 0.0000 0.0000 0.0000 0.0000 0.0000 0.0000 0.0000 0.0000 0.0000 0.0000 0.0000 0.0000 0.0000 0.0000 0.0000 0.0000 0.0000 0.0000 0.0000 0.0000 0.0000 0.0000 0.0000 0.0000 0.0000 0.0000 0.0000 0.0000 0.0000 0.0000 0.0000 0.0000 0.0000 0.0000 0.0000 0.0000 0.0000 0.0000 0.0000 0.0000 0.0000 0.0000 0.0000 0.0000 0.0000 0.0000 0.0000 0.0000 0.0000 0.0000 0.0000 0.0000 0.0000 0.0000 0.0000 0.0000 0.0000 0.0000 0.0000 0.0000 0.0000 0.0000 0.0000 0.0000 0.0000 0.0000 0.0000 0.0000 0.0000 0.0000 0.0000 0.0000 0.0000 0.0000 0.0000 0.0000 0.0000 0.0000 0.0000 0.0000 0.0000 0.0000 0.0000 0.0000 0.0000 0.0000 0.0000 0.0000 0.0000 0.0000 0.0000 0.0000 0.0000 0.0000 0.0000 0.0000 0.0000 0.0000 0.0000 0.0000 0.0000 0.0000 0.0000 0.0000 0.0000 0.0000 0.0000 0.0000 0.0000 0.0000 0.0000 0.0000 0.0000 0.0000 0.0000 0.0000 0.0000 0.0000 0.0000 0.0000 0.0000 0.0000 0.0000 0.0000 0.0000 0.0000 0.0000 0.0000 0.0000 0.0000 0.0000 0.0000 0.0000 0.0000 0.0000 0.0000 0.0000 0.0000 0.0000 0.0000 0.0000 0.0000 0.0000 0.0000 0.0000 0.0000 0.0000 0.0000 0.0000 0.0000 0.0000 0.0000 0.0000 0.0000 0.0000 0.0000 0.0000 0.0000 0.0000 0.0000 0.0000 0.0000 0.0000 0.0000 0.0000 0.0000 0.0000 0.0000 0.0000 0.0000 0.0000 0.0000 0.0000 0.0000 0.0000 0.0000 0.0000 0.0000 0.0000 0.0000 0.0000 0.0000 0.0000 0.0000 0.0000 0.0000 0.0000 0.0000 0.0000 0.0000 0.0000 0.0000 0.0000 0.0000 0.0000 0.0000 0.0000 0.0000 0.0000 0.0000 0.0000 0.0000 0.0000 0.0000 0.0000 0.0000 0.0000 0.0000 0.0000 0.0000 0.0000 0.0000 0.0000 0.0000 0.0000 0.0000 0.0000 0.0000 0.0000 0.0000 0.0000 0.0000 0.0000 0.0000 0.0000 0.0000 0.0000 0.0000 0.0000 0.0000 0.0000 0.0000 0.0000 0.0000 0.0000 0.0000 0.0000 0.0000 0.0000 0.0000 0.0000 0.0000 0.0000 0.0000 0.0000 0.0000 0.0000 0.0000 0.0000 0.0000 0.0000 0.0000 0.0000 0.0000 0.0000 0.0000 0.0000 0.0000 0.0000 0.0000 0.0000 0.0000 0.0000 0.0000 0.0000 0.0000 0.0000 0.0000 0.0000 0.0000 0.0000 0.0000 0.0000 0.0000 0.0000 0.0000 0.0000 0.0000 0.0000 0.0000 0.0000 0.0000 0.0000 0.0000 0.0000 0.0000 0.0000 0.0000 0.0000 0.0000 0.0000 0.0000 0.0000 0.0000 0.0000 0.0000 0.0000 0.0000 0.0000 0.0000 0.0000 0.0000 0.0000 0.0000 0.0000 0.0000 0.0000 0.0000 0.0000 0.0000 0.0000 0.0000 0.0000 0.0000 0.0000 0.0000 0.0000 0.0000 0.0000 0.0000 0.0000 0.0000 0.0000 0.0000 0.0000 0.0000 0.0000 0.0000 0.0000 0.0000 0.0000 0.0000 0.0000 0.0000 0.0000 0.0000 0.0000 0.0000 0.0000 0.0000 0.0000 0.0000 0.0000 0.0000 0.0000 0.0000 0.0000 0.0000 0.0000 0.0000 0.0000 0.0000 0.0000 0.0000 0.0000 0.0000 0.0000 0.0000 0.0000 0.0000 0.0000 0.0000 0.0000 0.0000 0.0000 0.0000 0.0000 0.0000 0.0000 0.0000 0.0000 0.0000 0.0000 0.0000 0.0000 0.0000 0.0000 0.0000 0.0000 0.0000 0.0000 0.0000 0.0000 0.0000 0.0000 0.0000 0.0000 0.0000 0.0000 0.0000 0.0000 0.0000 0.0000 0.0000 0.0000 0.0000 0.0000 0.0000 0.0000 0.0000 0.0000 0.0000 0.0000 0.0000 0.0000 0.0000 0.0000 0.0000 0.0000 0.0000 0.0000 0.0000 0.0000 0.0000 0.0000 0.0000 0.0000 0.0000 0.0000 0.0000 0.0000 0.0000 0.0000 0.0000 0.0000 0.0000 0.0000 0.0000 0.0000 0.0000 0.0000 0.0000 0.0000 0.0000 0.0000 0.0000 0.0000 0.0000 0.0000 0.0000 0.0000 0.0000 0.0000 0.0000 0.0000 0.0000 0.0000 0.0000 0.0000 0.0000 0.0000 0.0000 0.0000 0.0000 0.0000 0.0000 0.0000 0.0000 0.0000 0.0000 0.0000 0.0000 0.0000 0.0000 0.0000 0.0000 0.0000 0.0000 0.0000 0.0000 0.0000 0.0000 0.0000 0.0000 0.0000 0.0000 0.0000 0.0000 0.0000 0.0000 0.0000 0.0000 0.0000 0.0000 0.0000 0.0000 0.0000 0.0000 0.0000 0.0000 0.0000 0.0000 0.0000 0.0000 0.0000 0.0000 0.0000 0.0000 0.0000 0.0000 0.0000 0.0000 0.0000 0.0000 0.0000 0.0000 0.0000 0.0000 0.0000 0.0000 0.0000 0.0000 0.0000 0.0000 0.0000 0.0000 0.0000 0.0000 0.0000 0.0000 0.0000 0.0000 0.0000 0.0000 0.0000 0.0000 0.0000 0.0000 0.0000 0.0000 0.0000 0.0000 0.0000 0.0000 0.0000 0.0000 0.0000 0.0000 0.0000 0.0000 0.0000 0.0000 0.0000 0.0000 0.0000 0.0000 0.0000 0.0000 0.0000 0.0000 0.0000 0.0000 0.0000 0.0000 0.0000 0.0000 0.0000 0.0000 0.0000 0.0000 0.0000 0.0000 0.0000 0.0000 0.0000 0.0000 0.0000 0.0000 0.0000 0.0000 0.0000 0.0000 0.0000 0.0000 0.0000 0.0000 0.0000 0.0000 0.0000 0.0000 0.0000 0.0000 0.0000 0.0000 0.0000 0.0000 0.0000 0.0000 0.0000 0.0000 0.0000 0.0000 0.0000 0.0000 0.0000 0.0000 0.0000 0.0000 0.0000 0.0000 0.0000 0.0000 0.0000 0.0000 0.0000 0.0000 0.0000 0.0000 0.0000 0.0000 0.0000 0.0000 0.0000 0.0000 0.0000 0.0000 0.0000 0.0000 0.0000 0.0000 0.0000 0.0000 0.0000 0.0000 0.0000 0.0000 0.0000 0.0000 0.0000 0.0000 0.0000 0.0000 0.0000 0.0000 0.0000 0.0000 0.0000 0.0000 0.0000 0.0000 0.0000 0.0000 0.0000 0.0000 0.0000 0.0000 0.0000 0.0000 0.0000 0.0000 0.0000 0.0000 0.0000 0.0000 0.0000 0.0000 0.0000 0.0000 0.0000 0.0000 0.0000 0.0000 0.0000 0.0000 0.0000 0.0000 0.0000 0.0000 0.0000 0.0000 0.0000 0.0000 0.0000 0.0000 0.0000 0.0000 0.0000 0.0000 0.0000 0.0000 0.0000 0.0000 0.0000 0.0000 0.0000 0.0000 0.0000 0.0000 0.0000 0.0000 0.0000 0.0000 0.0000 0.0000 0.0000 0.0000 0.0000 0.0000 0.0000 0.0000 0.0000 0.0000 0.0000 0.0000 0.0000 0.0000 0.0000 0.0000 0.0000 0.0000 0.0000 0.0000 0.0000 0.0000 0.0000 0.0000 0.0000 0.0000 0.0000 0.0000 0.0000 0.0000 0.0000 0.0000 0.0000 0.0000 0.0000 0.0000 0.0000 0.0000 0.0000 0.0000 0.0000 0.0000 0.0000 0.0000 0.0000 0.0000 0.0000 0.0000 0.0000 0.0000 0.0000 0.0000 0.0000 0.0000 0.0000 0.0000 0.0000 0.0000 0.0000 0.0000 0.0000 0.0000 0.0000 0.0000 0.0000 0.0000 0.0000 0.0000 0.0000 0.0000 0.0000 0.0000 0.0000 0.0000 0.0000 0.0000 0.0000 0.0000 0.0000 0.0000 0.0000 0.0000 0.0000 0.0000 0.0000 0.0000 0.0000 0.0000 0.0000 0.0000 0.0000 0.0000 0.0000 0.0000 0.0000 0.0000 0.0000 0.0000 0.0000 0.0000 0.0000 0.0000 0.0000 0.0000 0.0000 0.0000 0.0000 0.0000 0.0000 0.0000 0.0000 0.0000 0.0000 0.0000 0.0000 0.0000 0.0000 0.0000 0.0000 0.0000 0.0000 0.0000 0.0000 0.0000 0.0000 0.0000 0.0000 0.0000 0.0000 0.0000 0.0000 0.0000 0.0000 0.0000 0.0000 0.0000 0.0000 0.0000 0.0000 0.0000 0.0000 0.0000 0.0000 0.0000 0.0000 0.0000 0.0000 0.0000 0.0000 0.0000 0.0000 0.0000 0.0000 0.0000 0.0000 0.0000 0.0000 0.0000 0.0000 0.0000 0.0000 0.0000 0.0000 0.0000 0.0000 0.0000 0.0000 0.0000 0.0000 0.0000 0.0000 0.0000 0.0000 0.0000 0.0000 0.0000 0.0000 0.0000 0.0000 0.0000 0.0000 0.0000 0.0000 0.0000 0.0000 0.0000 0.0000 0.0000 0.0000 0.0000 0.0000 0.0000 0.0000 0.0000 0.0000 0.0000 0.0000 0.0000 0.0000 0.0000 0.0000 0.0000 0.0000 0.0000 0.0000 0.0000 0.0000 0.0000 0.0000 0.0000 0.0000 0.0000 0.0000 0.0000 0.0000 0.0000 0.0000 0.0000 0.0000 0.0000 0.0000 0.0000 0.0000 0.0000 0.0000 0.0000 0.0000 0.0000 0.0000 0.0000 0.0000 0.0000 0.0000 0.0000 0.0000 0.0000 0.0000 0.0000 0.0000 0.0000 0.0000 0.0000 0.0000 0.0000 0.0000 0.0000 0.0000 0.0000 0.0000 0.0000 0.0000 0.0000 0.0000 0.0000 0.0000 0.0000 0.0000 0.0000 0.0000 0.0000 0.0000 0.0000 0.0000 0.0000 0.0000 0.0000 0.0000 0.0000 0.0000 0.0000 0.0000 0.0000 0.0000 0.0000 0.0000 0.0000 0.0000 0.0000 0.0000 0.0000 0.0000 0.0000 0.0000 0.0000 0.0000 0.0000 0.0000 0.0000 0.0000 0.0000 0.0000 0.0000 0.0000 0.0000 0.0000 0.0000 0.0000 0.0000 0.0000 0.0000 0.0000 0.0000 0.0000 0.0000 0.0000 0.0000 0.0000 0.0000 0.0000 0.0000 0.0000 0.0000 0.0000 0.0000 0.0000 0.0000 0.0000 0.0000 0.0000 0.0000 0.0000 0.0000 0.0000 0.0000 0.0000 0.0000 0.0000 0.0000 0.0000 0.0000 0.0000 0.0000 0.0000 0.0000 0.0000 0.0000 0.0000 0.0000 0.0000 0.0000 0.0000 0.0000 0.0000 0.0000 0.0000 0.0000 0.0000 0.0000 0.0000 0.0000 0.0000 0.0000 0.0000 0.0000 0.0000 0.0000 0.0000 0.0000 0.0000 0.0000 0.0000 0.0000 0.0000 0.0000 0.0000 0.0000 0.0000 0.0000 0.0000 0.0000 0.0000 0.0000 0.0000 0.0000 0.0000 0.0000 0.0000 0.0000 0.0000 0.0000 0.0000 0.0000 0.0000 0.0000 0.0000 0.0000 0.0000 0.0000 0.0000 0.0000 0.0000 0.0000 0.0000 0.0000 0.0000 0.0000 0.0000 0.0000 0.0000 0.0000 0.0000 0.0000 0.0000 0.0000 0.0000 0.0000 0.0000 0.0000 0.0000 0.0000 0.0000 0.0000 0.0000 0.0000 0.0000 0.0000 0.0000 0.0000 0.0000 0.0000 0.0000 0.0000 0.0000 0.0000 0.0000 0.0000 0.0000 0.0000 0.0000 0.0000 0.0000 0.0000 0.0000 0.0000 0.0000 0.0000 0.0000 0.0000 0.0000 0.0000 0.0000 0.0000 0.0000 0.0000 0.0000 0.0000 0.0000 0.0000 0.0000 0.0000 0.0000 0.0000 0.0000 0.0000 0.0000 0.0000 0.0000 0.0000 0.0000 0.0000 0.0000 0.0000 0.0000 0.0000 0.0000 0.0000 0.0000 0.0000 0.0000 0.0000 0.0000 0.0000 0.0000 0.0000 0.0000 0.0000 0.0000 0.0000 0.0000 0.0000 0.0000 0.0000 0.0000 0.0000 0.0000 0.0000 0.0000 0.0000 0.0000 0.0000 0.0000 0.0000 0.0000 0.0000 0.0000 0.0000 0.0000 0.0000 0.0000 0.0000 0.0000 0.0000 0.0000 0.0000 0.0000 0.0000 0.0000 0.0000 0.0000 0.0000 0.0000 0.0000 0.0000 0.0000 0.0000 0.0000 0.0000 0.0000 0.0000 0.0000 0.0000 0.0000 0.0000 0.0000 0.0000 0.0000 0.0000 0.0000 0.0000 0.0000 0.0000 0.0000 0.0000 0.0000 0.0000 0.0000 0.0000 0.0000 0.0000 0.0000 0.0000 0.0000 0.0000 0.0000 0.0000 0.0000 0.0000 0.0000 0.0000 0.0000 0.0000 0.0000 0.0000 0.0000 0.0000 0.0000 0.0000 0.0000 0.0000 0.0000 0.0000 0.0000 0.0000 0.0000 0.0000 0.0000 0.0000 0.0000 0.0000 0.0000 0.0000 0.0000 0.0000 0.0000 0.0000 0.0000 0.0000 0.0000 0.0000 0.0000 0.0000 0.0000 0.0000 0.0000 0.0000 0.0000 0.0000 0.0000 0.0000 0.0000 0.0000 0.0000 0.0000 0.0000 0.0000 0.0000 0.0000 0.0000 0.0000 0.0000 0.0000 0.0000 0.0000 0.0000 0.0000 0.0000 0.0000 0.0000 0.0000 0.0000 0.0000 0.0000 0.0000 0.0000 0.0000 0.0000 0.0000 0.0000 0.0000 0.0000 0.0000 0.0000 0.0000 0.0000 0.0000 0.0000 0.0000 0.0000 0.0000 0.0000 0.0000 0.0000 0.0000 0.0000 0.0000 0.0000 0.0000 0.0000 0.0000 0.0000 0.0000 0.0000 0.0000 0.0000 0.0000 0.0000 0.0000 0.0000 0.0000 0.0000 0.0000 0.0000 0.0000 0.0000 0.0000 0.0000 0.0000 0.0000 0.0000 0.0000 0.0000 0.0000 0.0000 0.0000 0.0000 0.0000 0.0000 0.0000 0.0000 0.0000 0.0000 0.0000 0.0000 0.0000 0.0000 0.0000 0.0000 0.0000 0.0000 0.0000 0.0000 0.0000 0.0000 0.0000 0.0000 0.0000 0.0000 0.0000 0.0000 0.0000 0.0000 0.0000 0.0000 0.0000 0.0000 0.0000 0.0000 0.0000 0.0000 0.0000 0.0000 0.0000 0.0000 0.0000 0.0000 0.0000 0.0000 0.0000 0.0000 0.0000 0.0000 0.0000 0.0000 0.0000 0.0000 0.0000 0.0000 0.0000 0.0000 0.0000 0.0000 0.0000 0.0000 0.0000 0.0000 0.0000 0.0000 0.0000 0.0000 0.0000 0.0000 0.0000 0.0000 0.0000 0.0000 0.0000 0.0000 0.0000 0.0000 0.0000 0.0000 0.0000 0.0000 0.0000 0.0000 0.0000 0.0000 0.0000 0.0000 0.0000 0.0000 0.0000 0.0000 0.0000 0.0000 0.0000 0.0000 0.0000 0.0000 0.0000 0.0000 0.0000 0.0000 0.0000 0.0000 0.0000 0.0000 0.0000 0.0000 0.0000 0.0000 0.0000 0.0000 0.0000 0.0000 0.0000 0.0000 0.0000 0.0000 0.0000 0.0000 0.0000 0.0000 0.0000 0.0000 0.0000 0.0000 0.0000 0.0000 0.0000 0.0000 0.0000 0.0000 0.0000 0.0000 0.0000 0.0000 0.0000 0.0000 0.0000 0.0000 0.0000 0.0000 0.0000 0.0000 0.0000 0.0000 0.0000 0.0000 0.0000 0.0000 0.0000 0.0000 0.0000 0.0000 0.0000 0.0000 0.0000 0.0000 0.0000 0.0000 0.0000 0.0000 0.0000 0.0000 0.0000 0.0000 0.0000 0.0000 0.0000 0.0000 0.0000 0.0000 0.0000 0.0000 0.0000 0.0000 0.0000 0.0000 0.0000 0.0000 0.0000 0.0000 0.0000 0.0000 0.0000 0.0000 0.0000 0.0000 0.0000 0.0000 0.0000 0.0000 0.0000 0.0000 0.0000 0.0000 0.0000 0.0000 0.0000 0.0000 0.0000 0.0000 0.0000 0.0000 0.0000 0.0000 0.0000 0.0000 0.0000 0.0000 0.0000 0.0000 0.0000 0.0000 0.0000 0.0000 0.0000 0.0000 0.0000 0.0000 0.0000 0.0000 0.0000 0.0000 0.0000 0.0000 0.0000 0.0000 0.0000 0.0000 0.0000 0.0000 0.0000 0.0000 0.0000 0.0000 0.0000 0.0000 0.0000 0.0000 0.0000 0.0000 0.0000 0.0000 0.0000 0.0000 0.0000 0.0000 0.0000 0.0000 0.0000 0.0000 0.0000 0.0000 0.0000 0.0000 0.0000 0.0000 0.0000 0.0000 0.0000 0.0000 0.0000 0.0000 0.0000 0.0000 0.0000 0.0000 0.0000 0.0000 0.0000 0.0000 0.0000 0.0000 0.0000 0.0000 0.0000 0.0000 0.0000 0.0000 0.0000 0.0000 0.0000 0.0000 0.0000 0.0000 0.0000 0.0000 0.0000 0.0000 0.0000 0.0000 0.0000 0.0000 0.0000 0.0000 0.0000 0.0000 0.0000 0.0000 0.0000 0.0000 0.0000 0.0000 0.0000 0.0000 0.0000 0.0000 0.0000 0.0000 0.0000 0.0000 0.0000 0.0000 0.0000 0.0000 0.0000 0.0000 0.0000 0.0000 0.0000 0.0000 0.0000 0.0000 0.0000 0.0000 0.0000 0.0000 0.0000 0.0000 0.0000 0.0000 0.0000 0.0000 0.0000 0.0000 0.0000 0.0000 0.0000 0.0000 0.0000 0.0000 0.0000 0.0000 0.0000 0.0000 0.0000 0.0000 0.0000 0.0000 0.0000 0.0000 0.0000 0.0000 0.0000 0.0000 0.0000 0.0000 0.0000 0.0000 0.0000 0.0000 0.0000 0.0000 0.0000 0.0000 0.0000 0.0000 0.0000 0.0000 0.0000 0.0000 0.0000 0.0000 0.0000 0.0000 0.0000 0.0000 0.0000 0.0000 0.0000 0.0000 0.0000 0.0000 0.0000 0.0000 0.0000 0.0000 0.0000 0.0000 0.0000 0.0000 0.0000 0.0000 0.0000 0.0000 0.0000 0.0000 0.0000 0.0000 0.0000 0.0000 0.0000 0.0000 0.0000 0.0000 0.0000 0.0000 0.0000 0.0000 0.0000 0.0000 0.0000 0.0000 0.0000 0.0000 0.0000 0.0000 0.0000 0.0000 0.0000 0.0000 0.0000 0.0000 0.0000 0.0000 0.0000 0.0000 0.0000 0.0000 0.0000 0.0000 0.0000 0.0000 0.0000 0.0000 0.0000 0.0000 0.0000 0.0000 0.0000 0.0000 0.0000 0.0000 0.0000 0.0000 0.0000 0.0000 0.0000 0.0000 0.0000 0.0000 0.0000 0.0000 0.0000 0.0000 0.0000 0.0000 0.0000 0.0000 0.0000 0.0000 0.0000 0.0000 0.0000 0.0000 0.0000 0.0000 0.0000 0.0000 0.0000 0.0000 0.0000 0.0000 0.0000 0.0000 0.0000 0.0000 0.0000 0.0000 0.0000 0.0000 0.0000 0.0000 0.0000 0.0000 0.0000 0.0000 0.0000 0.0000 0.0000 0.0000 0.0000 0.0000 0.0000 0.0000 0.0000 0.0000 0.0000 0.0000 0.0000 0.0000 0.0000 0.0000 0.0000 0.0000 0.0000 0.0000 0.0000 0.0000 0.0000 0.0000 0.0000 0.0000 0.0000 0.0000 0.0000 0.0000 0.0000 0.0000 0.0000 0.0000 0.0000 0.0000 0.0000 0.0000 0.0000 0.0000 0.0000 0.0000 0.0000 0.0000 0.0000 0.0000 0.0000 0.0000 0.0000 0.0000 0.0000 0.0000 0.0000 0.0000 0.0000 0.0000 0.0000 0.0000 0.0000 0.0000 0.0000 0.0000 0.0000 0.0000 0.0000 0.0000 0.0000 0.0000 0.0000 0.0000 0.0000 0.0000 0.0000 0.0000 0.0000 0.0000 0.0000 0.0000 0.0000 0.0000 0.0000 0.0000 0.0000 0.0000 0.0000 0.0000 0.0000 0.0000 0.0000 0.0000 0.0000 0.0000 0.0000 0.0000 0.0000 0.0000 0.0000 0.0000 0.0000 0.0000 0.0000 0.0000 0.0000 0.0000 0.0000 0.0000 0.0000 0.0000 0.0000 0.0000 0.0000 0.0000 0.0000 0.0000 0.0000 0.0000 0.0000 0.0000 0.0000 0.0000 0.0000 0.0000 0.0000 0.0000 0.0000 0.0000 0.0000 0.0000 0.0000 0.0000 0.0000 0.0000 0.0000 0.0000 0.0000 0.0000 0.0000 0.0000 0.0000 0.0000 0.0000 0.0000 0.0000 0.0000 0.0000 0.0000 0.0000 0.0000 0.0000 0.0000 0.0000 0.0000 0.0000 0.0000 0.0000 0.0000 0.0000 0.0000 0.0000 0.0000 0.0000 0.0000 0.0000 0.0000 0.0000 0.0000 0.0000 0.0000 0.0000 0.0000 0.0000 0.0000 0.0000 0.0000 0.0000 0.0000 0.0000 0.0000 0.0000 0.0000 0.0000 0.0000 0.0000 0.0000 0.0000 0.0000 0.0000 0.0000 0.0000 0.0000 0.0000 0.0000 0.0000 0.0000 0.0000 0.0000 0.0000 0.0000 0.0000 0.0000 0.0000 0.0000 0.0000 0.0000 0.0000 0.0000 0.0000 0.0000 0.0000 0.0000 0.0000 0.0000 0.0000 0.0000 0.0000 0.0000 0.0000 0.0000 0.0000 0.0000 0.0000 0.0000 0.0000 0.0000 0.0000 0.0000 0.0000 0.0000 0.0000 0.0000 0.0000 0.0000 0.0000 0.0000 0.0000 0.0000 0.0000 0.0000 0.0000 0.0000 0.0000 0.0000 0.0000 0.0000 0.0000 0.0000 0.0000 0.0000 0.0000 0.0000 0.0000 0.0000 0.0000 0.0000 0.0000 0.0000 0.0000 0.0000 0.0000 0.0000 0.0000 0.0000 0.0000 0.0000 0.0000 0.0000 0.0000 0.0000 0.0000 0.0000 0.0000 0.0000 0.0000 0.0000 0.0000 0.0000 0.0000 0.0000 0.0000 0.0000 0.0000 0.0000 0.0000 0.0000 0.0000 0.0000 0.0000 0.0000 0.0000 0.0000 0.0000 0.0000 0.0000 0.0000 0.0000 0.0000 0.0000 0.0000 0.0000 0.0000 0.0000 0.0000 0.0000 0.0000 0.0000 0.0000 0.0000 0.0000 0.0000 0.0000 0.0000 0.0000 0.0000 0.0000 0.0000 0.0000 0.0000 0.0000 0.0000 0.0000 0.0000 0.0000 0.0000 0.0000 0.0000 0.0000 0.0000 0.0000 0.0000 0.0000 0.0000 0.0000 0.0000 0.0000 0.0000 0.0000 0.0000 0.0000 0.0000 0.0000 0.0000 0.0000 0.0000 0.0000 0.0000 0.0000 0.0000 0.0000 0.0000 0.0000 0.0000 0.0000 0.0000 0.0000 0.0000 0.0000 0.0000 0.0000 0.0000 0.0000 0.0000 0.0000 0.0000 0.0000 0.0000 0.0000 0.0000 0.0000 0.0000 0.0000 0.0000 0.0000 0.0000 0.0000 0.0000 0.0000 0.0000 0.0000 0.0000 0.0000 0.0000 0.0000 0.0000 0.0000 0.0000 0.0000 0.0000 0.0000 0.0000 0.0000 0.0000 0.0000 0.0000 0.0000 0.0000 0.0000 0.0000 0.0000 0.0000 0.0000 0.0000 0.0000 0.0000 0.0000 0.0000 0.0000 0.0000 0.0000 0.0000 0.0000 0.0000 0.0000 0.0000 0.0000 0.0000 0.0000 0.0000 0.0000 0.0000 0.0000 0.0000 0.0000 0.0000 0.0000 0.0000 0.0000 0.0000 0.0000 0.0000 0.0000 0.0000 0.0000 0.0000 0.0000 0.0000 0.0000 0.0000 0.0000 0.0000 0.0000 0.0000 0.0000 0.0000 0.0000 0.0000 0.0000 0.0000 0.0000 0.0000 0.0000 0.0000 0.0000 0.0000 0.0000 0.0000 0.0000 0.0000 0.0000 0.0000 0.0000 0.0000 0.0000 0.0000 0.0000 0.0000 0.0000 0.0000 0.0000 0.0000 0.0000 0.0000 0.0000 0.0000 0.0000 0.0000 0.0000 0.0000 0.0000 0.0000 0.0000 0.0000 0.0000 0.0000 0.0000 0.0000 0.0000 0.0000 0.0000 0.0000 0.0000 0.0000 0.0000 0.0000 0.0000 0.0000 0.0000 0.0000 0.0000 0.0000 0.0000 0.0000 0.0000 0.0000 0.0000 0.0000 0.0000 0.0000 0.0000 0.0000 0.0000 0.0000 0.0000 0.0000 0.0000 0.0000 0.0000 0.0000 0.0000 0.0000 0.0000 0.0000 0.0000 0.0000 0.0000 0.0000 0.0000 0.0000 0.0000 0.0000 0.0000 0.0000 0.0000 0.0000 0.0000 0.0000 0.0000 0.0000 0.0000 0.0000 0.0000 0.0000 0.0000 0.0000 0.0000 0.0000 0.0000 0.0000 0.0000 0.0000 0.0000 0.0000 0.0000 0.0000 0.0000 0.0000 0.0000 0.0000 0.0000 0.0000 0.0000 0.0000 0.0000 0.0000 0.0000 0.0000 0.0000 0.0000 0.0000 0.0000 0.0000 0.0000 0.0000 0.0000 0.0000 0.0000 0.0000 0.0000 0.0000 0.0000 0.0000 0.0000 0.0000 0.0000 0.0000 0.0000 0.0000 0.0000 0.0000 0.0000 0.0000 0.0000 0.0000 0.0000 0.0000 0.0000 0.0000 0.0000 0.0000 0.0000 0.0000 0.0000 0.0000 0.0000 0.0000 0.0000 0.0000 0.0000 0.0000 0.0000 0.0000 0.0000 0.0000 0.0000 0.0000 0.0000 0.0000 0.0000 0.0000 0.0000 0.0000 0.0000 0.0000 0.0000 0.0000 0.0000 0.0000 0.0000 0.0000 0.0000 0.0000 0.0000 0.0000 0.0000 0.0000 0.0000 0.0000 0.0000 0.0000 0.0000 0.0000 0.0000 0.0000 0.0000 0.0000 0.0000 0.0000 0.0000 0.0000 0.0000 0.0000 0.0000 0.0000 0.0000 0.0000 0.0000 0.0000 0.0000 0.0000 0.0000 0.0000 0.0000 0.0000 0.0000 0.0000 0.0000 0.0000 0.0000 0.0000 0.0000 0.0000 0.0000 0.0000 0.0000 0.0000 0.0000 0.0000 0.0000 0.0000 0.0000 0.0000 0.0000 0.0000 0.0000 0.0000 0.0000 0.0000 0.0000 0.0000 0.0000 0.0000 0.0000 0.0000 0.0000 0.0000 0.0000 0.0000 0.0000 0.0000 0.0000 0.0000 0.0000 0.0000 0.0000 0.0000 0.0000 0.0000 0.0000 0.0000 0.0000 0.0000 0.0000 0.0000 0.0000 0.0000 0.0000 0.0000 0.0000 0.0000 0.0000 0.0000 0.0000 0.0000 0.0000 0.0000 0.0000 0.0000 0.0000 0.0000 0.0000 0.0000 0.0000 0.0000 0.0000 0.0000 0.0000 0.0000 0.0000 0.0000 0.0000 0.0000 0.0000 0.0000 0.0000 0.0000 0.0000 0.0000 0.0000 0.0000 0.0000 0.0000 0.0000 0.0000 0.0000 0.0000 0.0000 0.0000 0.0000 0.0000 0.0000 0.0000 0.0000 0.0000 0.0000 0.0000 0.0000 0.0000 0.0000 0.0000 0.0000 0.0000 0.0000 0.0000 0.0000 0.0000 0.0000 0.0000 0.0000 0.0000 0.0000 0.0000 0.0000 0.0000 0.0000 0.0000 0.0000 0.0000 0.0000 0.0000 0.0000 0.0000 0.0000 0.0000 0.0000 0.0000 0.0000 0.0000 0.0000 0.0000 0.0000 0.0000 0.0000 0.0000 0.0000 0.0000 0.0000 0.0000 0.0000 0.0000 0.0000 0.0000 0.0000 0.0000 0.0000 0.0000 0.0000 0.0000 0.0000 0.0000 0.0000 0.0000 0.0000 0.0000 0.0000 0.0000 0.0000 0.0000 0.0000 0.0000 0.0000 0.0000 0.0000 0.0000 0.0000 0.0000 0.0000 0.0000 0.0000 0.0000 0.0000 0.0000 0.0000 0.0000 0.0000 0.0000 0.0000 0.0000 0.0000 0.0000 0.0000 0.0000 0.0000 0.0000 0.0000 0.0000 0.0000 0.0000 0.0000 0.0000 0.0000 0.0000 0.0000 0.0000 0.0000 0.0000 0.0000 0.0000 0.0000 0.0000 0.0000 0.0000 0.0000 0.0000 0.0000 0.0000 0.0000 0.0000 0.0000 0.0000 0.0000 0.0000 0.0000 0.0000 0.0000 0.0000 0.0000 0.0000 0.0000 0.0000 0.0000 0.0000 0.0000 0.0000 0.0000 0.0000 0.0000 0.0000 0.0000 0.0000 0.0000 0.0000 0.0000 0.0000 0.0000 0.0000 0.0000 0.0000 0.0000 0.0000 0.0000 0.0000 0.0000 0.0000 0.0000 0.0000 0.0000 0.0000 0.0000 0.0000 0.0000 0.0000 0.0000 0.0000 0.0000 0.0000 0.0000 0.0000 0.0000 0.0000 0.0000 0.0000 0.0000 0.0000 0.0000 0.0000 0.0000
</DataArray>
<DataArray type="Int32" Name="lipid_id" format="ascii">
0 0 0 0 0 0 0 0 0 0 0 0 0 0 0 0 0 0 0 0 0 0 0 0 0 0 0 0 0 0 0 0 0 0 0 0 0 0 0 0 0 0 0 0 0 0 0 0 0 0 0 0 0 0 0 0 0 0 0 0 0 0 0 0 0 0 0 0 0 0 0 0 0 0 0 0 0 0 0 0 0 0 0 0 0 0 0 0 0 0 0 0 0 0 0 0 0 0 0 0 0 0 0 0 0 0 0 0 0 0 0 0 0 0 0 0 0 0 0 0 0 0 0 0 0 0 0 0 0 0 0 0 0 0 0 0 0 0 0 0 0 0 0 0 0 0 0 0 0 0 0 0 0 0 0 0 0 0 0 0 0 0 0 0 0 0 0 0 0 0 0 0 0 0 0 0 0 0 0 0 0 0 0 0 0 0 0 0 0 0 0 0 0 0 0 0 0 0 0 0 0 0 0 0 0 0 0 0 0 0 0 0 0 0 0 0 0 0 0 0 0 0 0 0 0 0 0 0 0 0 0 0 0 0 0 0 0 0 0 0 0 0 0 0 0 0 0 0 0 0 0 0 0 0 0 0 0 0 0 0 0 0 0 0 0 0 0 0 0 0 0 0 0 0 0 0 0 0 0 0 0 0 0 0 0 0 0 0 0 0 0 0 0 0 0 0 0 0 0 0 0 0 0 0 0 0 0 0 0 0 0 0 0 0 0 0 0 0 0 0 0 0 0 0 0 0 0 0 0 0 0 0 0 0 0 0 0 0 0 0 0 0 0 0 0 0 0 0 0 0 0 0 0 0 0 0 0 0 0 0 0 0 0 0 0 0 0 0 0 0 0 0 0 0 0 0 0 0 0 0 0 0 0 0 0 0 0 0 0 0 0 0 0 0 0 0 0 0 0 0 0 0 0 0 0 0 0 0 0 0 0 0 0 0 0 0 0 0 0 0 0 0 0 0 0 0 0 0 0 0 0 0 0 0 0 0 0 0 0 0 0 0 0 0 0 0 0 0 0 0 0 0 0 0 0 0 0 0 0 0 0 0 0 0 0 0 0 0 0 0 0 0 0 0 0 0 0 0 0 0 0 0 0 0 0 0 0 0 0 0 0 0 0 0 0 0 0 0 0 0 0 0 0 0 0 0 0 0 0 0 0 0 0 0 0 0 0 0 0 0 0 0 0 0 0 0 0 0 0 0 0 0 0 0 0 0 0 0 0 0 0 0 0 0 0 0 0 0 0 0 0 0 0 0 0 0 0 0 0 0 0 0 0 0 0 0 0 0 0 0 0 0 0 0 0 0 0 0 0 0 0 0 0 0 0 0 0 0 0 0 0 0 0 0 0 0 0 0 0 0 0 0 0 0 0 0 0 0 0 0 0 0 0 0 0 0 0 0 0 0 0 0 0 0 0 0 0 0 0 0 0 0 0 0 0 0 0 0 0 0 0 0 0 0 0 0 0 0 0 0 0 0 0 0 0 0 0 0 0 0 0 0 0 0 0 0 0 0 0 0 0 0 0 0 0 0 0 0 0 0 0 0 0 0 0 0 0 0 0 0 0 0 0 0 0 0 0 0 0 0 0 0 0 0 0 0 0 0 0 0 0 0 0 0 0 0 0 0 0 0 0 0 0 0 0 0 0 0 0 0 0 0 0 0 0 0 0 0 0 0 0 0 0 0 0 0 0 0 0 0 0 0 0 0 0 0 0 0 0 0 0 0 0 0 0 0 0 0 0 0 0 0 0 0 0 0 0 0 0 0 0 0 0 0 0 0 0 0 0 0 0 0 0 0 0 0 0 0 0 0 0 0 0 0 0 0 0 0 0 0 0 0 0 0 0 0 0 0 0 0 0 0 0 0 0 0 0 0 0 0 0 0 0 0 0 0 0 0 0 0 0 0 0 0 0 0 0 0 0 0 0 0 0 0 0 0 0 0 0 0 0 0 0 0 0 0 0 0 0 0 0 0 0 0 0 0 0 0 0 0 0 0 0 0 0 0 0 0 0 0 0 0 0 0 0 0 0 0 0 0 0 0 0 0 0 0 0 0 0 0 0 0 0 0 0 0 0 0 0 0 0 0 0 0 0 0 0 0 0 0 0 0 0 0 0 0 0 0 0 0 0 0 0 0 0 0 0 0 0 0 0 0 0 0 0 0 0 0 0 0 0 0 0 0 0 0 0 0 0 0 0 0 0 0 0 0 0 0 0 0 0 0 0 0 0 0 0 0 0 0 0 0 0 0 0 0 0 0 0 0 0 0 0 0 0 0 0 0 0 0 0 0 0 0 0 0 0 0 0 0 0 0 0 0 0 0 0 0 0 0 0 0 0 0 0 0 0 0 0 0 0 0 0 0 0 0 0 0 0 0 0 0 0 0 0 0 0 0 0 0 0 0 0 0 0 0 0 0 0 0 0 0 0 0 0 0 0 0 0 0 0 0 0 0 0 0 0 0 0 0 0 0 0 0 0 0 0 0 0 0 0 0 0 0 0 0 0 0 0 0 0 0 0 0 0 0 0 0 0 0 0 0 0 0 0 0 0 0 0 0 0 0 0 0 0 0 0 0 0 0 0 0 0 0 0 0 0 0 0 0 0 0 0 0 0 0 0 0 0 0 0 0 0 0 0 0 0 0 0 0 0 0 0 0 0 0 0 0 0 0 0 0 0 0 0 0 0 0 0 0 0 0 0 0 0 0 0 0 0 0 0 0 0 0 0 0 0 0 0 0 0 0 0 0 0 0 0 0 0 0 0 0 0 0 0 0 0 0 0 0 0 0 0 0 0 0 0 0 0 0 0 0 0 0 0 0 0 0 0 0 0 0 0 0 0 0 0 0 0 0 0 0 0 0 0 0 0 0 0 0 0 0 0 0 0 0 0 0 0 0 0 0 0 0 0 0 0 0 0 0 0 0 0 0 0 0 0 0 0 0 0 0 0 0 0 0 0 0 0 0 0 0 0 0 0 0 0 0 0 0 0 0 0 0 0 0 0 0 0 0 0 0 0 0 0 0 0 0 0 0 0 0 0 0 0 0 0 0 0 0 0 0 0 0 0 0 0 0 0 0 0 0 0 0 0 0 0 0 0 0 0 0 0 0 0 0 0 0 0 0 0 0 0 0 0 0 0 0 0 0 0 0 0 0 0 0 0 0 0 0 0 0 0 0 0 0 0 0 0 0 0 0 0 0 0 0 0 0 0 0 0 0 0 0 0 0 0 0 0 0 0 0 0 0 0 0 0 0 0 0 0 0 0 0 0 0 0 0 0 0 0 0 0 0 0 0 0 0 0 0 0 0 0 0 0 0 0 0 0 0 0 0 0 0 0 0 0 0 0 0 0 0 0 0 0 0 0 0 0 0 0 0 0 0 0 0 0 0 0 0 0 0 0 0 0 0 0 0 0 0 0 0 0 0 0 0 0 0 0 0 0 0 0 0 0 0 0 0 0 0 0 0 0 0 0 0 0 0 0 0 0 0 0 0 0 0 0 0 0 0 0 0 0 0 0 0 0 0 0 0 0 0 0 0 0 0 0 0 0 0 0 0 0 0 0 0 0 0 0 0 0 0 0 0 0 0 0 0 0 0 0 0 0 0 0 0 0 0 0 0 0 0 0 0 0 0 0 0 0 0 0 0 0 0 0 0 0 0 0 0 0 0 0 0 0 0 0 0 0 0 0 0 0 0 0 0 0 0 0 0 0 0 0 0 0 0 0 0 0 0 0 0 0 0 0 0 0 0 0 0 0 0 0 0 0 0 0 0 0 0 0 0 0 0 0 0 0 0 0 0 0 0 0 0 0 0 0 0 0 0 0 0 0 0 0 0 0 0 0 0 0 0 0 0 0 0 0 0 0 0 0 0 0 0 0 0 0 0 0 0 0 0 0 0 0 0 0 0 0 0 0 0 0 0 0 0 0 0 0 0 0 0 0 0 0 0 0 0 0 0 0 0 0 0 0 0 0 0 0 0 0 0 0 0 0 0 0 0 0 0 0 0 0 0 0 0 0 0 0 0 0 0 0 0 0 0 0 0 0 0 0 0 0 0 0 0 0 0 0 0 0 0 0 0 0 0 0 0 0 0 0 0 0 0 0 0 0 0 0 0 0 0 0 0 0 0 0 0 0 0 0 0 0 0 0 0 0 0 0 0 0 0 0 0 0 0 0 0 0 0 0 0 0 0 0 0 0 0 0 0 0 0 0 0 0 0 0 0 0 0 0 0 0 0 0 0 0 0 0 0 0 0 0 0 0 0 0 0 0 0 0 0 0 0 0 0 0 0 0 0 0 0 0 0 0 0 0 0 0 0 0 0 0 0 0 0 0 0 0 0 0 0 0 0 0 0 0 0 0 0 0 0 0 0 0 0 0 0 0 0 0 0 0 0 0 0 0 0 0 0 0 0 0 0 0 0 0 0 0 0 0 0 0 0 0 0 0 0 0 0 0 0 0 0 0 0 0 0 0 0 0 0 0 0 0 0 0 0 0 0 0 0 0 0 0 0 0 0 0 0 0 0 0 0 0 0 0 0 0 0 0 0 0 0 0 0 0 0 0 0 0 0 0 0 0 0 0 0 0 0 0 0 0 0 0 0 0 0 0 0 0 0 0 0 0 0 0 0 0 0 0 0 0 0 0 0 0 0 0 0 0 0 0 0 0 0 0 0 0 0 0 0 0 0 0 0 0 0 0 0 0 0 0 0 0 0 0 0 0 0 0 0 0 0 0 0 0 0 0 0 0 0 0 0 0 0 0 0 0 0 0 0 0 0 0 0 0 0 0 0 0 0 0 0 0 0 0 0 0 0 0 0 0 0 0 0 0 0 0 0 0 0 0 0 0 0 0 0 0 0 0 0 0 0 0 0 0 0 0 0 0 0 0 0 0 0 0 0 0 0 0 0 0 0 0 0 0 0 0 0 0 0 0 0 0 0 0 0 0 0 0 0 0 0 0 0 0 0 0 0 0 0 0 0 0 0 0 0 0 0 0 0 0 0 0 0 0 0 0 0 0 0 0 0 0 0 0 0 0 0 0 0 0 0 0 0 0 0 0 0 0 0 0 0 0 0 0 0 0 0 0 0 0 0 0 0 0 0 0 0 0 0 0 0 0 0 0 0 0 0 0 0 0 0 0 0 0 0 0 0 0 0 0 0 0 0 0 0 0 0 0 0 0 0 0 0 0 0 0 0 0 0 0 0 0 0 0 0 0 0 0 0 0 0 0 0 0 0 0 0 0 0 0 0 0 0 0 0 0 0 0 0 0 0 0 0 0 0 0 0 0 0 0 0 0 0 0 0 0 0 0 0 0 0 0 0 0 0 0 0 0 0 0 0 0 0 0 0 0 0 0 0 0 0 0 0 0 0 0 0 0 0 0 0 0 0 0 0 0 0 0 0 0 0 0 0 0 0 0 0 0 0 0 0 0 0 0 0 0 0 0 0 0 0 0 0 0 0 0 0 0 0 0 0 0 0 0 0 0 0 0 0 0 0 0 0 0 0 0 0 0 0 0 0 0 0 0 0 0 0 0 0 0 0 0 0 0 0 0 0 0 0 0 0 0 0 0 0 0 0 0 0 0 0 0 0 0 0 0 0 0 0 0 0 0 0 0 0 0 0 0 0 0 0 0 0 0 0 0 0 0 0 0 0 0 0 0 0 0 0 0 0 0 0 0 0 0 0 0 0 0 0 0 0 0 0 0 0 0 0 0 0 0 0 0 0 0 0 0 0 0 0 0 0 0 0 0 0 0 0 0 0 0 0 0 0 0 0 0 0 0 0 0 0 0 0 0 0 0 0 0 0 0 0 0 0 0 0 0 0 0 11 11 11 11 11 11 11 11 11 11 11 11 11 11 11 11 11 11 11 11 11 11 11 11 11 11 11 11 11 11 11 11 11 11 11 11 11 11 11 11 11 11 11 11 11 11 11 11 11 11 11 11 11 11 11 11 11 11 11 11 11 11 11 11 11 11 11 11 11 11 11 11 11 11 11 11 11 11 11 11 11 11 11 11 11 11 11 11 11 11 11 11 11 11 11 11 11 11 11 11 11 11 11 11 11 11 11 11 11 11 11 11 11 11 11 11 11 11 11 11 11 11 11 11 11 11 11 11 11 11 11 11 11 11 11 11 11 11 11 11 11 11 11 11 11 11 11 11 11 11 11 11 11 11 11 11 11 11 11 11 11 11 11 11 11 11 11 11 11 11 11 11 11 11 11 11 11 11 11 11 11 11 11 11 11 11 11 11 11 11 11 11 11 11 11 11 11 11 11 11 11 11 11 11 11 11 11 11 11 11 11 11 11 11 11 11 11 11 11 11 11 11 11 11 11 11 11 11 11 11 11 11 11 11 11 11 11 11 11 11 11 11 11 11 11 11 11 11 11 11 11 11 11 11 11 11 11 11 11 11 11 11 11 11 11 11 11 11 11 11 11 11 11 11 11 11 11 11 11 11 11 11 11 11 11 11 11 11 11 11 11 11 11 11 11 11 11 11 11 11 11 11 11 11 11 11 11 11 11 11 11 11 11 11 11 11 11 11 11 11 11 11 11 11 11 11 11 11 11 11 11 11 11 11 11 11 11 11 11 11 11 11 11 11 11 11 11 11 11 11 11 11 11 11 11 11 11 11 11 11 11 11 11 11 11 11 11 11 11 11 11 11 11 11 11 11 11 11 11 11 11 11 11 11 11 11 11 11 11 11 11 11 11 11 11 11 11 11 11 11 11 11 11 11 11 11 11 11 11 11 11 11 11 11 11 11 11 11 11 11 11 11 11 11 11 11 11 11 11 11 11 11 11 11 11 11 11 11 11 11 11 11 11 11 11 11 11 11 11 11 11 11 11 11 11 11 11 11 11 11 11 11 11 11 11 11 11 11 11 11 11 11 11 11 11 11 11 11 11 11 11 11 11 11 11 11 11 11 11 11 11 11 11 11 11 11 11 11 11 11 11 11 11 11 11 11 11 11 11 11 11 11 11 11 11 11 11 11 11 11 11 11 11 11 11 11 11 11 11 11 11 11 11 11 11 11 11 11 11 11 11 11 11 11 11 11 11 11 11 11 11 11 11 11 11 11 11 11 11 11 11 11 11 11 11 11 11 11 11 11 11 11 11 11 11 11 11 11 11 11 11 11 11 11 11 11 11 11 11 11 11 11 11 11 11 11 11 11 11 11 11 11 11 11 11 11 11 11 11 11 11 11 11 11 11 11 11 11 11 11 11 11 11 11 11 11 11 11 11 11 11 11 11 11 11 11 11 11 11 11 11 11 11 11 11 11 11 11 11 11 11 11 11 11 11 11 11 11 11 11 11 11 11 11 11 11 11 11 11 11 11 11 11 11 11 11 11 11 11 11 11 11 11 11 11 11 11 11 11 11 11 11 11 11 11 11 11 11 11 11 11 11 11 11 11 11 11 11 11 11 11 11 11 11 11 11 11 11 11 11 11 11 11 11 11 11 11 11 11 11 11 11 11 11 11 11 11 11 11 11 11 11 11 11 11 11 11 11 11 11 11 11 11 11 11 11 11 11 11 11 11 11 11 11 11 11 11 11 11 11 11 11 11 11 11 11 11 11 11 11 11 11 11 11 11 11 11 11 11 11 11 11 11 11 11 11 11 11 11 11 11 11 11 11 11 11 11 11 11 11 11 11 11 11 11 11 11 11 11 11 11 11 11 11 11 11 11 11 11 11 11 11 11 11 11 11 11 11 11 11 11 11 11 11 11 11 11 11 11 11 11 11 11 11 11 11 11 11 11 11 11 11 11 11 11 11 11 11 11 11 11 11 11 11 11 11 11 11 11 11 11 11 11 11 11 11 11 11 11 11 11 11 11 11 11 11 11 11 11 11 11 11 11 11 11 11 11 11 11 11 11 11 11 11 11 11 11 11 11 11 11 11 11 11 11 11 11 11 11 11 11 11 11 11 11 11 11 11 11 11 11 11 11 11 11 11 11 11 11 11 11 11 11 11 11 11 11 11 11 11 11 11 11 11 11 11 11 11 11 11 11 11 11 11 11 11 11 11 11 11 11 11 11 11 11 11 11 11 11 11 11 11 11 11 11 11 11 11 11 11 11 11 11 11 11 11 11 11 11 11 11 11 11 11 11 11 11 11 11 11 11 11 11 11 11 11 11 11 11 11 11 11 11 11 11 11 11 11 11 11 11 11 11 11 11 11 11 11 11 11 11 11 11 11 11 11 11 11 11 11 11 11 11 11 11 11 11 11 11 11 11 11 11 11 11 11 11 11 11 11 11 11 11 11 11 11 11 11 11 11 11 11 11 11 11 11 11 11 11 11 11 11 11 11 11 11 11 11 11 11 11 11 11 11 11 11 11 11 11 11 11 11 11 11 11 11 11 11 11 11 11 11 11 11 11 11 11 11 11 11 11 11 11 11 11 11 11 11 11 11 11 11 11 11 11 11 11 11 11 11 11 11 11 11 11 11 11 11 11 11 11 11 11 11 11 11 11 11 11 11 11 11 11 11 11 11 11 11 11 11 11 11 11 11 11 11 11 11 11 11 11 11 11 11 11 11 11 11 11 11 11 11 11 11 11 11 11 11 11 11 11 11 11 11 11 11 11 11 11 11 11 11 11 11 11 11 11 11 11 11 11 11 11 11 11 11 11 11 11 11 11 11 11 11 11 11 11 11 11 11 11 11 11 11 11 11 11 11 11 11 11 11 11 11 11 11 11 11 11 11 11 11 11 11 11 11 11 11 11 11 11 11 11 11 11 11 11 11 11 11 11 11 11 11 11 11 11 11 11 11 11 11 11 11 11 11 11 11 11 11 11 11 11 11 11 11 11 11 11 11 11 11 11 11 11 11 11 11 11 11 11 11 11 11 11 11 11 11 11 11 11 11 11 11 11 11 11 11 11 11 11 11 11 11 11 11 11 11 11 11 11 11 11 11 11 11 11 11 11 11 11 11 11 11 11 11 11 11 11 11 11 11 11 11 11 11 11 11 11 11 11 11 11 11 11 11 11 11 11 11 11 11 11 11 11 11 11 11 11 11 11 11 11 11 11 11 11 11 11 11 11 11 11 11 11 11 11 11 11 11 11 11 11 11 11 11 11 11 11 11 11 11 11 11 11 11 11 11 11 11 11 11 11 11 11 11 11 11 11 11 11 11 11 11 11 11 11 11 11 11 11 11 11 11 11 11 11 11 11 11 11 11 11 11 11 11 11 11 11 11 11 11 11 11 11 11 11 11 11 11 11 11 11 11 11 11 11 11 11 11 11 11 11 11 11 11 11 11 11 11 11 11 11 11 11 11 11 11 11 11 11 11 11 11 11 11 11 11 11 11 11 11 11 11 11 11 11 11 11 11 11 11 11 11 11 11 11 11 11 11 11 11 11 11 11 11 11 11 11 11 11 11 11 11 11 11 11 11 11 11 11 11 11 11 11 11 11 11 11 11 11 11 11 11 11 11 11 11 11 11 11 11 11 11 11 11 11 11 11 11 11 11 11 11 11 11 11 11 11 11 11 11 11 11 11 11 11 11 11 11 11 11 11 11 11 11 11 11 11 11 11 11 11 11 11 11 11 11 11 11 11 11 11 11 11 11 11 11 11 11 11 11 11 11 11 11 11 11 11 11 11 11 11 11 11 11 11 11 11 11 11 11 11 11 11 11 11 11 11 11 11 11 11 11 11 11 11 11 11 11 11 11 11 11 11 11 11 11 11 11 11 11 11 11 11 11 11 11 11 11 11 11 11 11 11 11 11 11 11 11 11 11 11 11 11 11 11 11 11 11 11 11 11 11 11 11 11 11 11 11 11 11 11 11 11 11 11 11 11 11 11 11 11 11 11 11 11 11 11 11 11 11 11 11 11 11 11 11 11 11 11 11 11 11 11 11 11 11 11 11 11 11 11 11 11 11 11 11 11 11 11 11 11 11 11 11 11 11 11 11 11 11 11 11 11 11 11 11 11 11 11 11 11 11 11 11 11 11 11 11 11 11 11 11 11 11 11 11 11 11 11 11 11 11 11 11 11 11 11 11 11 11 11 11 11 11 11 11 11 11 11 11 11 11 11 11 11 11 11 11 11 11 11 11 11 11 11 11 11 11 11 11 11 11 11 11 11 11 11 11 11 11 11 11 11 11 11 10 10 10 10 10 10 10 10 10 10 10 10 10 10 10 10 10 10 10 10 10 10 10 10 10 10 10 10 10 10 10 10 10 10 10 10 10 10 10 10 10 10 10 10 10 10 10 10 10 10 10 10 10 10 10 10 10 10 10 10 10 10 10 10 10 10 10 10 10 10 10 10 10 10 10 10 10 10 10 10 10 10 10 10 10 10 10 10 10 10 10 10 10 10 10 10 10 10 10 10 10 10 10 10 10 10 10 10 10 10 10 10 10 10 10 10 10 10 10 10 10 10 10 10 10 10 10 10 10 10 10 10 10 10 10 10 10 10 10 10 10 10 10 10 10 10 10 10 10 10 10 10 10 10 10 10 10 10 10 10 10 10 10 10 10 10 10 10 10 10 10 10 10 10 10 10 10 10 10 10 10 10 10 10 10 10 10 10 10 10 10 10 10 10 10 10 10 10 10 10 10 10 10 10 10 10 10 10 10 10 10 10 10 10 10 10 10 10 10 10 10 10 10 10 10 10 10 10 10 10 10 10 10 10 10 10 10 10 10 10 10 10 10 10 10 10 10 10 10 10 10 10 10 10 10 10 10 10 10 10 10 10 10 10 10 10 10 10 10 10 10 10 10 10 10 10 10 10 10 10 10 10 10 10 10 10 10 10 10 10 10 10 10 10 10 10 10 10 10 10 10 10 10 10 10 10 10 10 10 10 10 10 10 10 10 10 10 10 10 10 10 10 10 10 10 10 10 10 10 10 10 10 10 10 10 10 10 10 10 10 10 10 10 10 10 10 10 10 10 10 10 10 10 10 10 10 10 10 10 10 10 10 10 10 10 10 10 10 10 10 10 10 10 10 10 10 10 10 10 10 10 10 10 10 10 10 10 10 10 10 10 10 10 10 10 10 10 10 10 10 10 10 10 10 10 10 10 10 10 10 10 10 10 10 10 10 10 10 10 10 10 10 10 10 10 10 10 10 10 10 10 10 10 10 10 10 10 10 10 10 10 10 10 10 10 10 10 10 10 10 10 10 10 10 10 10 10 10 10 10 10 10 10 10 10 10 10 10 10 10 10 10 10 10 10 10 10 10 10 10 10 10 10 10 10 10 10 10 10 10 10 10 10 10 10 10 10 10 10 10 10 10 10 10 10 10 10 10 10 10 10 10 10 10 10 10 10 10 10 10 10 10 10 10 10 10 10 10 10 10 10 10 10 10 10 10 10 10 10 10 10 10 10 10 10 10 10 10 10 10 10 10 10 10 10 10 10 10 10 10 10 10 10 10 10 10 10 10 10 10 10 10 10 10 10 10 10 10 10 10 10 10 10 10 10 10 10 10 10 10 10 10 10 10 10 10 10 10 10 10 10 10 10 10 10 10 10 10 10 10 10 10 10 10 10 10 10 10 10 10 10 10 10 10 10 10 10 10 10 10 10 10 10 10 10 10 10 10 10 10 10 10 10 10 10 10 10 10 10 10 10 10 10 10 10 10 10 10 10 10 10 10 10 10 10 10 10 10 10 10 10 10 10 10 10 10 10 10 10 10 10 10 10 10 10 10 10 10 10 10 10 10 10 10 10 10 10 10 10 10 10 10 10 10 10 10 10 10 10 10 10 10 10 10 10 10 10 10 10 10 10 10 10 10 10 10 10 10 10 10 10 10 10 10 10 10 10 10 10 10 10 10 10 10 10 10 10 10 10 10 10 10 10 10 10 10 10 10 10 10 10 10 10 10 10 10 10 10 10 10 10 10 10 10 10 10 10 10 10 10 10 10 10 10 10 10 10 10 10 10 10 10 10 10 10 10 10 10 10 10 10 10 10 10 10 10 10 10 10 10 10 10 10 10 10 10 10 10 10 10 10 10 10 10 10 10 10 10 10 10 10 10 10 10 10 10 10 10 10 10 10 10 10 10 10 10 10 10 10 10 10 10 10 10 10 10 10 10 10 10 10 10 10 10 10 10 10 10 10 10 10 10 10 10 10 10 10 10 10 10 10 10 10 10 10 10 10 10 10 10 10 10 10 10 10 10 10 10 10 10 10 10 10 10 10 10 10 10 10 10 10 10 10 10 10 10 10 10 10 10 10 10 10 10 10 10 10 10 10 10 10 10 10 10 10 10 10 10 10 10 10 10 10 10 10 10 10 10 10 10 10 10 10 10 10 10 10 10 10 10 10 10 10 10 10 10 10 10 10 10 10 10 10 10 10 10 10 10 10 10 10 10 10 10 10 10 10 10 10 10 10 10 10 10 10 10 10 10 10 10 10 10 10 10 10 10 10 10 10 10 10 10 10 10 10 10 10 10 10 10 10 10 10 10 10 10 10 10 10 10 10 10 10 10 10 10 10 10 10 10 10 10 10 10 10 10 10 10 10 10 10 10 10 10 10 10 10 10 10 10 10 10 10 10 10 10 10 10 10 10 10 10 10 10 10 10 10 10 10 10 10 10 10 10 10 10 10 10 10 10 10 10 10 10 10 10 10 10 10 10 10 10 10 10 10 10 10 10 10 10 10 10 10 10 10 10 10 10 10 10 10 10 10 10 10 10 10 10 10 10 10 10 10 10 10 10 10 10 10 10 10 10 10 10 10 10 10 10 10 10 10 10 10 10 10 10 10 10 10 10 10 10 10 10 10 10 10 10 10 10 10 10 10 1 1 1 1 1 1 1 1 1 1 1 1 1 1 1 1 1 1 1 1 1 1 1 1 1 1 1 1 1 1 1 1 1 1 1 1 1 1 1 1 1 1 1 1 1 1 1 1 1 1 1 1 1 1 1 1 1 1 1 1 1 1 1 1 1 1 1 1 1 1 1 1 1 1 1 1 1 1 1 1 1 1 1 1 1 1 1 1 1 1 1 1 1 1 1 1 1 1 1 1 1 1 1 1 1 1 1 1 1 1 1 1 1 1 1 1 1 1 1 1 1 1 1 1 1 1 1 1 1 1 1 1 1 1 1 1 1 1 1 1 1 1 1 1 1 1 1 1 1 1 1 1 1 1 1 1 1 1 1 1 1 1 1 1 1 1 1 1 1 1 1 1 1 1 1 1 1 1 1 1 1 1 1 1 1 1 1 1 1 1 1 1 1 1 1 1 1 1 1 1 1 1 1 1 1 1 1 1 1 1 1 1 1 1 1 1 1 1 1 1 1 1 1 1 1 1 1 1 1 1 1 1 1 1 1 1 1 1 1 1 1 1 1 1 1 1 1 1 1 1 1 1 1 1 1 1 1 1 1 1 1 1 1 1 1 1 1 1 1 1 1 1 1 1 1 1 1 1 1 1 1 1 1 1 1 1 1 1 1 1 1 1 1 1 1 1 1 1 1 1 1 1 1 1 1 1 1 1 1 1 1 1 1 1 1 1 1 1 1 1 1 1 1 1 1 1 1 1 1 1 1 1 1 1 1 1 1 1 1 1 1 1 1 1 1 1 1 1 1 1 1 1 1 1 1 1 1 1 1 1 1 1 1 1 1 1 1 1 1 1 1 1 1 1 1 1 1 1 1 1 1 1 1 1 1 1 1 1 1 1 1 1 1 1 1 1 1 1 1 1 1 1 1 1 1 1 1 1 1 1 1 1 1 1 1 1 1 1 1 1 1 1 1 1 1 1 1 1 1 1 1 1 1 1 1 1 1 1 1 1 1 1 1 1 1 1 1 1 1 1 1 1 1 1 1 1 1 1 1 1 1 1 1 1 1 1 1 1 1 1 1 1 1 1 1 1 1 1 1 1 1 1 1 1 1 1 1 1 1 1 1 1 1 1 1 1 1 1 1 1 1 1 1 1 1 1 1 1 1 1 1 1 1 1 1 1 1 1 1 1 1 1 1 1 1 1 1 1 1 1 1 1 1 1 1 1 1 1 1 1 1 1 1 1 1 1 1 1 1 1 1 1 1 1 1 1 1 1 1 1 1 1 1 1 1 1 1 1 1 1 1 1 1 1 1 1 1 1 1 1 1 1 1 1 1 1 1 1 1 1 1 1 1 1 1 1 1 1 1 1 1 1 1 1 1 1 1 1 1 1 1 1 12 12 12 12 12 12 12 12 12 12 12 12 12 12 12 12 12 12 12 12 12 12 12 12 12 12 12 12 12 12 12 12 12 12 12 12 12 12 12 12 12 12 12 12 12 12 12 12 12 12 12 12 12 12 12 12 12 12 12 12 12 12 12 12 12 12 12 12 12 12 12 12 12 12 12 12 12 12 12 12 12 12 12 12 12 12 12 12 12 12 12 12 12 12 12 12 12 12 12 12 12 12 12 12 12 12 12 12 12 12 12 12 12 12 12 12 12 12 12 12 12 12 12 12 12 12 12 12 12 12 3 3 3 3 3 3 3 3 3 3 3 3 3 3 3 3 3 3 3 3 3 3 3 3 3 3 3 3 3 3 3 3 3 3 3 3 3 3 3 3 3 3 3 3 3 3 3 3 3 3 3 3 3 3 3 3 3 3 3 3 3 3 3 3 3 3 3 3 3 3 3 3 3 3 3 3 3 3 3 3 3 3 3 3 3 3 3 3 3 3 3 3 3 3 3 3 3 3 3 3 3 3 3 3 3 3 3 3 3 3 3 3 3 3 3 3 3 3 3 3 3 3 3 3 11 11 11 11 11 11 11 11 11 11 11 11 11 11 11 11 11 11 11 11 11 11 11 11 11 11 11 11 11 11 11 11 11 11 11 11 11 11 11 11 11 11 11 11 11 11 11 11 11 11 11 11 11 11 11 11 11 11 11 11 11 11 11 11 11 11 11 11 11 11 11 11 11 11 11 11 11 11 11 11 11 11 11 11 11 11 11 11 11 11 11 11 11 11 11 11 11 11 11 11 11 11 11 11 11 11 11 11 11 11 11 11 11 11 11 11 11 11 11 11 11 11 11 11 11 11 11 11 11 11 11 11 11 11 11 11 11 11 11 11 11 11 11 11 11 11 11 11 11 11 11 11 11 11 11 11 11 11 11 11 11 11 11 11 11 11 11 11 11 11 11 11 11 11 11 11 11 11 11 11 11 11 11 11 11 11 11 11 11 11 11 11 11 11 11 11 11 11 11 11 11 11 11 11 11 11 11 11 11 11 11 11 11 11 11 11 11 11 11 11 11 11 11 11 11 11 11 11 11 11 11 11 11 11 11 11 11 11 11 11 11 11 11 11 11 11 11 11 11 11 11 11 11 11 11 11 11 11 11 11 11 11 11 11 11 11 11 11 11 11 11 11 11 11 11 11 11 11 11 11 11 11 11 11 11 11 11 11 11 11 11 11 11 11 11 11 11 11 11 11 11 11 11 11 11 11 11 11 11 11 11 11 11 11 11 11 11 11 11 11 11 11 11 11 11 11 11 11 11 11 11 11 11 11 11 11 11 11 11 11 11 11 11 11 11 11 11 11 11 11 11 11 11 11 11 11 11 11 11 11 11 11 11 11 11 11 11 11 11 11 11 11 11 11 11 11 11 11 11 11 11 11 11 11 11 11 11 11 11 11 11 11 11 11 11 11 11 11 11 11 11 11 11 11 11 11 11 11 11 11 11 11 11 11 11 11 11 11 11 11 11 11 11 11 11 11 11 11 11 11 11 11 11 11 11 11 11 11 11 11 11 11 11 11 11 11 11 11 11 11 11 11 11 11 11 11 11 11 11 11 11 11 11 11 11 11 11 11 11 11 11 11 11 11 11 11 11 11 11 11 11 11 11 11 11 11 11 11 11 11 11 11 11 11 11 11 11 11 11 11 11 11 11 11 11 11 11 11 11 11 11 11 11 11 11 11 11 11 11 11 11 11 11 11 11 11 11 11 11 11 11 11 11 11 11 11 11 11 11 11 11 11 11 11 11 11 11 11 11 11 11 11 11 11 11 11 11 11 11 11 11 11 11 11 11 11 11 11 11 11 11 11 11 11 11 11 11 11 11 11 11 11 11 11 11 11 11 11 11 11 11 11 11 11 11 11 11 11 11 11 11 11 11 11 11 11 11 11 11 11 11 11 11 11 11 11 11 11 11 11 11 11 11 11 11 11 11 11 11 11 11 11 11 11 11 11 11 11 11 11 11 11 11 11 11 11 11 11 11 11 11 11 11 11 11 11 11 11 11 11 11 11 11 11 11 11 11 11 11 11 11 11 11 11 11 11 11 11 11 11 11 11 11 11 11 11 11 11 11 11 11 11 11 11 11 11 11 11 11 11 11 11 11 11 11 11 11 11 11 11 11 11 11 11 11 11 11 11 11 11 11 11 11 11 11 11 11 11 11 11 11 11 11 11 11 11 11 11 11 11 11 11 11 11 11 11 11 11 11 11 11 11 11 11 11 11 11 11 11 11 11 11 11 11 11 11 11 11 11 11 11 11 11 11 11 11 11 11 11 11 11 11 11 11 11 11 11 11 11 11 11 11 11 11 11 11 11 11 11 11 11 11 11 11 11 11 11 11 11 11 11 11 11 11 11 11 11 11 11 11 11 11 11 11 11 11 11 11 11 11 11 11 11 11 11 11 11 11 11 11 11 11 11 11 11 11 11 11 11 11 11 11 11 11 11 11 11 11 11 11 11 11 11 11 11 11 11 11 11 11 11 11 11 11 11 11 11 11 11 11 11 11 11 11 11 11 11 11 11 11 11 11 11 11 11 11 11 11 11 11 11 11 11 11 11 11 11 11 11 11 11 11 11 11 11 11 11 11 11 11 11 11 11 11 11 11 11 11 11 11 11 11 11 11 11 11 11 11 11 11 11 11 11 11 11 11 11 11 11 11 11 11 11 11 11 11 11 11 11 11 11 11 11 11 11 11 11 11 11 11 11 11 11 11 11 11 11 11 11 11 11 11 11 11 11 11 11 11 11 11 11 11 11 11 11 11 11 11 11 11 11 11 11 11 11 11 11 11 11 11 11 11 11 11 11 11 11 11 11 11 11 11 11 11 11 11 11 11 11 11 11 11 11 11 11 11 11 11 11 11 11 11 11 11 11 11 11 11 11 11 11 11 11 11 11 11 11 11 11 11 11 11 11 11 11 11 11 11 11 11 11 11 11 11 11 11 11 11 11 11 11 11 11 11 11 11 11 11 11 11 11 11 11 11 11 11 11 11 11 11 11 11 11 11 11 11 11 11 11 11 11 11 11 11 11 11 11 11 11 11 11 11 11 11 11 11 11 11 11 11 11 11 11 11 11 11 11 11 11 11 11 11 11 11 11 11 11 11 11 11 11 11 11 11 11 11 11 11 11 11 11 11 11 11 11 11 11 11 11 11 11 11 11 11 11 11 11 11 11 11 11 11 11 11 11 11 11 11 11 11 11 11 11 11 11 11 11 11 11 11 11 11 11 11 11 11 11 11 11 11 11 11 11 11 11 11 11 11 11 11 11 11 11 11 11 11 11 11 11 11 11 11 11 11 11 11 11 11 11 11 11 11 11 11 11 11 11 11 11 11 11 11 11 11 11 11 11 11 11 11 11 11 11 11 11 11 11 11 11 11 11 11 11 11 11 11 11 11 11 11 11 11 11 11 11 11 11 11 11 11 11 11 11 11 11 11 11 11 11 11 11 11 11 11 11 11 11 11 11 11 11 11 11 11 11 11 11 11 11 11 11 11 11 11 11 11 11 11 11 11 11 11 11 11 11 11 11 11 11 11 11 11 11 11 11 11 11 11 11 11 11 11 11 11 11 11 11 11 11 11 11 11 11 11 11 11 11 11 11 11 11 11 11 11 11 11 11 11 11 11 11 11 11 11 11 11 11 11 11 11 11 11 11 11 11 11 11 11 11 11 11 11 11 11 11 11 11 11 11 11 11 11 11 11 11 11 11 11 11 11 11 11 11 11 11 11 11 11 11 11 11 11 11 11 11 11 11 11 11 11 11 11 11 11 11 11 11 11 11 11 11 11 11 11 11 11 11 11 11 11 11 11 11 11 11 11 11 11 11 11 11 11 11 11 11 11 11 11 11 11 11 11 11 11 11 11 11 11 11 11 11 11 11 11 11 11 11 11 11 11 11 11 11 11 11 11 11 11 11 11 11 11 11 11 11 11 11 11 11 11 11 11 11 11 11 11 11 11 11 11 11 11 11 11 11 11 11 11 11 11 11 11 11 11 11 11 11 11 11 11 11 11 11 11 11 11 11 11 11 11 11 11 11 11 11 11 11 11 11 11 11 11 11 11 11 11 11 11 11 11 11 11 11 11 11 11 11 11 11 11 11 11 11 11 11 11 11 11 11 11 11 11 11 11 11 11 11 11 11 11 11 11 11 11 11 11 11 11 11 11 11 11 11 11 11 11 11 11 11 11 11 11 11 11 11 11 11 11 11 11 11 11 11 11 11 11 11 11 11 11 11 11 11 11 11 11 11 11 11 11 11 11 11 11 11 11 11 11 11 11 11 11 11 11 11 11 11 11 11 11 11 11 11 11 11 11 11 11 11 11 11 11 11 11 11 11 11 11 11 11 11 11 11 11 11 11 11 11 11 11 11 11 11 11 11 11 11 11 11 11 11 11 11 11 11 11 11 11 11 11 11 11 11 11 11 11 11 11 11 11 11 11 11 11 11 11 11 11 11 11 11 11 11 11 11 11 11 11 11 11 11 11 11 11 11 11 11 11 11 11 11 11 11 11 11 11 11 11 11 11 11 11 11 11 11 11 11 11 11 11 11 11 11 11 11 11 11 11 11 11 11 11 11 11 11 11 11 11 11 11 11 11 11 11 11 11 11 11 11 11 11 11 11 11 11 11 11 11 11 11 11 11 11 11 11 11 11 11 11 11 11 11 11 11 11 11 11 11 11 11 11 11 11 11 11 11 11 11 11 11 11 11 11 11 11 11 11 11 11 11 11 11 11 11 11 11 11 11 11 11 11 11 11 11 11 11 11 11 11 11 11 11 11 11 11 11 11 11 11 11 11 11 11 11 11 11 11 11 11 11 11 11 11 11 11 11 11 11 11 11 11 11 11 11 11 11 11 11 11 11 11 11 11 11 11 11 11 11 11 11 11 11 11 11 11 11 11 11 11 11 11 11 11 11 11 11 11 11 11 11 11 11 11 11 11 11 11 11 11 11 11 11 11 11 11 11 11 11 11 11 11 11 11 11 11 11 11 11 11 11 11 11 11 11 11 11 11 11 11 11 11 11 11 11 11 11 11 11 11 11 11 11 11 11 11 11 11 11 11 11 11 11 11 11 11 11 11 11 11 11 11 11 11 11 11 11 11 11 11 11 11 11 11 11 11 11 11 11 11 11 11 11 11 11 11 11 11 11 11 11 11 11 11 11 11 11 11 11 11 11 11 11 11 11 11 11 11 11 11 11 11 11 11 11 11 11 11 11 11 11 11 11 11 11 11 11 11 11 11 11 11 11 11 11 11 11 11 11 11 11 11 11 11 11 11 11 11 11 11 11 11 11 11 11 11 11 11 11 11 11 11 11 11 11 11 11 11 11 11 11 11 11 11 11 11 11 11 11 11 11 11 11 11 11 11 11 11 11 11 11 11 11 11 11 11 11 11 11 11 11 11 11 11 11 11 11 11 11 11 11 11 11 11 11 11 11 11 11 11 11 11 11 11 11 11 11 11 11 11 11 11 11 11 11 11 11 11 11 11 11 11 11 11 11 11 11 11 11 11 11 11 11 11 11 11 11 11 11 11 11 11 11 11 11 11 11 11 11 11 11 11 11 11 11 11 11 11 11 11 11 11 11 11 11 11 11 11 11 11 11 11 11 11 11 11 11 11 11 11 11 11 11 11 11 11 11 11 11 11 11 11 11 11 11 11 11 11 11 11 11 11 11 11 11 11 11 11 11 11 11 11 11 11 11 11 11 11 11 11 11 11 11 11 11 11 11 11 11 11 11 11 11 11 11 11 11 11 11 11 11 11 11 11 11 11 11 11 11 11 11 11 11 11 11 11 11 11 11 11 11 11 11 11 11 11 11 11 11 11 11 11 11 11 11 11 11 11 11 11 11 11 11 11 11 11 11 11 11 11 11 11 11 11 11 11 11 11 11 11 11 11 11 11 11 11 11 11 11 11 11 11 11 11 11 11 11 11 11 11 11 11 11 11 11 11 11 11 11 11 11 11 11 11 11 11 11 11 11 11 11 11 11 11 11 11 11 11 11 11 11 11 11 11 11 11 11 11 11 11 11 11 11 11 11 11 11 11 11 11 11 11 11 11 11 11 11 11 11 11 11 11 11 11 11 11 11 11 11 11 11 11 11 11 11 11 11 11 11 11 11 11 11 11 11 11 11 11 11 11 11 11 11 11 11 11 11 11 11 11 11 11 11 11 11 11 11 11 11 11 11 11 11 11 11 11 11 11 11 11 11 11 11 11 11 11 11 11 11 11 11 11 11 11 11 11 11 11 11 11 0 0 0 0 0 0 0 0 0 0 0 0 0 0 0 0 0 0 0 0 0 0 0 0 0 0 0 0 0 0 0 0 0 0 0 0 0 0 0 0 0 0 0 0 0 0 0 0 0 0 0 0 0 0 0 0 0 0 0 0 0 0 0 0 0 0 0 0 0 0 0 0 0 0 0 0 0 0 0 0 0 0 0 0 0 0 0 0 0 0 0 0 0 0 0 0 0 0 0 0 0 0 0 0 0 0 0 0 0 0 0 0 0 0 0 0 0 0 0 0 0 0 0 0 0 0 0 0 0 0 0 0 0 0 0 0 0 0 0 0 0 0 0 0 0 0 0 0 0 0 0 0 0 0 0 0 0 0 0 0 0 0 0 0 0 0 0 0 0 0 0 0 0 0 0 0 0 0 0 0 0 0 0 0 0 0 0 0 0 0 0 0 0 0 0 0 0 0 0 0 0 0 0 0 0 0 0 0 0 0 0 0 0 0 0 0 0 0 0 0 0 0 0 0 0 0 0 0 0 0 0 0 0 0 0 0 0 0 0 0 0 0 0 0 0 0 0 0 0 0 0 0 0 0 0 0 0 0 0 0 0 0 0 0 0 0 0 0 0 0 0 0 0 0 0 0 0 0 0 0 0 0 0 0 0 0 0 0 0 0 0 0 0 0 0 0 0 0 0 0 0 0 0 0 0 0 0 0 0 0 0 0 0 0 0 0 0 0 0 0 0 0 0 0 0 0 0 0 0 0 0 0 0 0 0 0 0 0 0 0 0 0 0 0 0 0 0 0 0 0 0 0 0 0 0 0 0 0 0 0 0 0 0 0 0 0 0 0 0 0 0 0 0 0 0 0 0 0 0 0 0 0 0 0 0 0 0 0 0 0 0 0 0 0 0 0 0 0 0 0 0 0 0 0 0 0 0 0 0 0 0 0 0 0 0 0 0 0 0 0 0 0 0 0 0 0 0 0 0 0 0 0 0 0 0 0 0 0 0 0 0 0 0 0 0 0 0 0 0 0 0 0 0 0 0 0 0 0 0 0 0 0 0 0 0 0 0 0 0 0 0 0 0 0 0 0 0 0 0 0 0 0 0 0 0 0 0 0 0 0 0 0 0 0 0 0 0 0 0 0 0 0 0 0 0 0 0 0 0 0 0 0 0 0 0 0 0 0 0 0 0 0 0 0 0 0 0 0 0 0 0 0 0 0 0 0 0 0 0 0 0 0 0 0 0 0 0 0 0 0 0 0 0 0 0 0 0 0 0 0 0 0 0 0 0 0 0 0 0 0 0 0 0 0 0 0 0 0 0 0 0 0 0 0 0 0 0 0 0 0 0 0 0 0 0 0 0 0 0 0 0 0 0 0 0 0 0 0 0 0 0 0 0 0 0 0 0 0 0 0 0 0 0 0 0 0 0 0 0 0 0 0 0 0 0 0 0 0 0 0 0 0 0 0 0 0 0 0 0 0 0 0 0 0 0 0 0 0 0 0 0 0 0 0 0 0 0 0 0 0 0 0 0 0 0 0 0 0 0 0 0 0 0 0 0 0 0 0 0 0 0 0 0 0 0 0 0 0 0 0 0 0 0 0 0 0 0 0 0 0 0 0 0 0 0 0 0 0 0 0 0 0 0 0 0 0 0 0 0 0 0 0 0 0 0 0 0 0 0 0 0 0 0 0 0 0 0 0 0 0 0 0 0 0 0 0 0 0 0 0 0 0 0 0 0 0 0 0 0 0 0 0 0 0 0 0 0 0 0 0 0 0 0 0 0 0 0 0 0 0 0 0 0 0 0 0 0 0 0 0 0 0 0 0 0 0 0 0 0 0 0 0 0 0 0 0 0 0 0 0 0 0 0 0 0 0 0 0 0 0 0 0 0 0 0 0 0 0 0 0 0 0 0 0 0 0 0 0 0 0 0 0 0 0 0 0 0 0 0 0 0 0 0 0 0 0 0 0 0 0 0 0 0 0 0 0 0 0 0 0 0 0 0 0 0 0 0 0 0 0 0 0 0 0 0 0 0 0 0 0 0 0 0 0 0 0 0 0 0 0 0 0 0 0 0 0 0 0 0 0 0 0 0 0 0 0 0 0 0 0 0 0 0 0 0 0 0 0 0 0 0 0 0 0 0 0 0 0 0 0 0 0 0 0 0 0 0 0 0 0 0 0 0 0 0 0 0 0 0 0 0 0 0 0 0 0 0 0 0 0 0 0 0 0 0 0 0 0 0 0 0 0 0 0 0 0 0 0 0 0 0 0 0 0 0 0 0 0 0 0 0 0 0 0 0 0 0 0 0 0 0 0 0 0 0 0 0 0 0 0 0 0 0 0 0 0 0 0 0 0 0 0 0 0 0 0 0 0 0 0 0 0 0 0 0 0 0 0 0 0 0 0 0 0 0 0 0 0 0 0 0 0 0 0 0 0 0 0 0 0 0 0 0 0 0 0 0 0 0 0 0 0 0 0 0 0 0 0 0 0 0 0 0 0 2 2 2 2 2 2 2 2 2 2 2 2 2 2 2 2 2 2 2 2 2 2 2 2 2 2 2 2 2 2 2 2 2 2 2 2 2 2 2 2 2 2 2 2 2 2 2 2 2 2 2 2 2 2 2 2 2 2 2 2 2 2 2 2 2 2 2 2 2 2 2 2 2 2 2 2 2 2 2 2 2 2 2 2 2 2 2 2 2 2 2 2 2 2 2 2 2 2 2 2 2 2 2 2 2 2 2 2 2 2 2 2 2 2 2 2 2 2 2 2 2 2 2 2 2 2 2 2 2 2 2 2 2 2 2 2 2 2 2 2 2 2 2 2 2 2 2 2 2 2 2 2 2 2 2 2 2 2 2 2 2 2 2 2 2 2 2 2 2 2 2 2 2 2 2 2 2 2 2 2 2 2 2 2 2 2 2 2 2 2 2 2 2 2 2 2 2 2 2 2 2 2 2 2 2 2 2 2 2 2 2 2 2 2 2 2 2 2 2 2 2 2 2 2 2 2 2 2 2 2 2 2 2 2 2 2 2 2 2 2 2 2 2 2 2 2 2 2 2 2 2 2 2 2 2 2 2 2 2 2 2 2 2 2 2 2 2 2 2 2 2 2 2 2 2 2 2 2 2 2 2 2 2 2 2 2 2 2 2 2 2 2 2 2 2 2 2 2 2 2 2 2 2 2 2 2 2 2 2 2 2 2 2 2 2 2 2 2 2 2 2 2 2 2 2 2 2 2 2 2 2 2 2 2 2 2 2 2 2 2 2 2 2 2 2 2 2 2 2 2 2 2 2 2 2 2 2 2 2 2 2 2 2 2 2 2 2 2 2 2 2 2 2 2 2 2 2 2 2 2 2 2 2 2 2 2 2 2 2 2 2 2 2 2 2 2 2 2 2 2 2 2 2 2 2 2 2 2 2 2 2 2 2 2 2 2 2 2 2 2 2 2 2 2 2 2 2 2 2 2 2 2 2 2 2 2 2 2 2 2 2 2 2 2 2 2 2 2 2 2 2 2 2 2 2 2 2 2 2 2 2 2 2 2 2 2 2 2 2 2 2 2 2 2 2 2 2 2 2 2 2 2 2 2 2 2 2 2 2 2 2 2 2 2 2 2 2 2 2 2 2 2 2 2 2 2 2 2 2 2 2 2 2 2 2 2 2 2 2 2 2 2 2 2 2 2 2 2 2 2 2 2 2 2 2 2 2 2 2 2 2 2 2 2 2 2 2 2 2 2 2 2 2 2 2 2 2 2 2 2 2 2 2 2 2 2 2 2 2 2 2 2 2 2 2 2 2 2 2 2 2 2 2 2 2 2 2 2 2 2 2 2 2 2 2 2 2 2 2 2 2 2 2 2 2 2 2 2 2 2 2 2 2 2 2 2 2 2 2 2 2 2 2 2 2 2 2 2 2 2 2 2 2 2 2 2 2 2 2 2 2 2 2 2 2 2 2 2 2 2 2 2 2 2 2 2 2 2 2 2 2 2 2 2 2 2 2 2 2 2 2 2 2 2 2 2 2 2 2 2 2 2 2 2 2 2 2 2 2 2 2 2 2 2 2 2 2 2 2 2 2 2 2 2 2 2 2 2 2 2 2 2 2 2 2 2 2 2 2 2 2 2 2 2 2 2 2 2 2 2 2 2 2 2 2 2 2 2 2 2 2 2 2 2 2 2 2 2 2 2 2 2 2 2 2 2 2 2 2 2 2 2 2 2 2 2 2 2 2 2 2 2 2 2 2 2 2 2 2 2 2 2 2 2 2 2 2 2 2 2 2 2 2 2 2 2 2 2 2 2 2 2 2 2 2 2 2 2 2 2 2 2 2 2 2 2 2 2 2 2 2 2 2 2 2 2 2 2 2 2 2 2 2 2 2 2 2 2 2 2 2 2 2 2 2 2 2 2 2 2 2 2 2 2 2 2 2 2 2 2 2 2 2 2 2 2 2 2 2 2 2 2 2 2 2 2 2 2 2 2 2 2 2 2 2 2 2 2 2 2 2 2 2 2 2 2 2 2 2 2 2 2 2 2 2 2 2 2 2 2 2 2 2 2 2 2 2 2 2 2 2 2 2 2 2 2 2 2 2 2 2 2 2 2 2 2 2 1 1 1 1 1 1 1 1 1 1 1 1 1 1 1 1 1 1 1 1 1 1 1 1 1 1 1 1 1 1 1 1 1 1 1 1 1 1 1 1 1 1 1 1 1 1 1 1 1 1 1 1 1 1 1 1 1 1 1 1 1 1 1 1 1 1 1 1 1 1 1 1 1 1 1 1 1 1 1 1 1 1 1 1 1 1 1 1 1 1 1 1 1 1 1 1 1 1 1 1 1 1 1 1 1 1 1 1 1 1 1 1 1 1 1 1 1 1 1 1 1 1 1 1 1 1 1 1 1 1 1 1 1 1 1 1 1 1 1 1 1 1 1 1 1 1 1 1 1 1 1 1 1 1 1 1 1 1 1 1 1 1 1 1 1 1 1 1 1 1 1 1 1 1 1 1 1 1 1 1 1 1 1 1 1 1 1 1 1 1 1 1 1 1 1 1 1 1 1 1 1 1 1 1 1 1 1 1 1 1 1 1 1 1 1 1 1 1 1 1 1 1 1 1 1 1 1 1 1 1 1 1 1 1 1 1 1 1 1 1 1 1 1 1 1 1 1 1 1 1 1 1 1 1 1 1 1 1 1 1 1 1 1 1 1 1 1 1 1 1 1 1 1 1 1 1 1 1 1 1 1 1 1 1 1 1 1 1 1 1 1 1 1 1 1 1 1 1 1 1 1 1 1 1 1 1 1 1 1 1 1 1 1 1 1 1 1 1 1 1 1 1 1 1 1 1 1 1 1 1 1 1 1 1 1 1 1 1 1 1 1 1 1 1 1 1 1 1 1 1 1 1 1 1 1 1 1 1 1 1 1 1 1 1 1 1 1 1 1 1 1 1 1 1 1 1 1 1 1 1 1 1 1 1 1 1 1 1 1 1 1 1 1 1 1 1 1 1 1 1 1 1 1 1 1 1 1 1 1 1 1 1 1 1 1 1 1 1 1 1 1 1 1 1 1 1 1 1 1 1 1 1 1 1 1 1 1 1 1 1 1 1 1 1 1 1 1 1 1 1 1 1 1 1 1 1 1 1 1 1 1 1 1 1 1 1 1 1 1 1 1 1 1 1 1 1 1 1 1 1 1 1 1 1 1 1 1 1 1 1 1 1 1 1 1 1 1 1 1 1 1 1 1 1 1 1 1 1 1 1 1 1 1 1 1 1 1 1 1 1 1 1 1 1 1 1 1 1 1 1 1 1 1 1 1 1 1 1 1 1 1 1 1 1 1 1 1 1 1 1 1 1 1 1 1 1 1 1 1 1 1 1 1 1 1 1 1 1 1 1 1 1 1 1 1 1 1 1 1 1 1 1 1 1 1 1 1 1 1 1 1 1 1 1 1 1 1 1 1 1 1 1 1 1 1 1 1 1 1 1 1 1 1 1 1 1 1 1 1 1 1 1 1 1 1 1 1 1 1 1 1 1 1 1 1 1 1 1 1 1 1 1 1 1 1 1 1 1 1 1 1 1 1 1 1 1 1 1 1 1 1 1 1 1 1 1 1 1 1 1 1 1 1 1 1 1 1 1 1 1 1 1 1 1 1 1 1 1 1 1 1 1 1 1 1 1 1 1 1 1 1 1 1 1 1 1 1 1 1 1 1 1 1 1 1 1 1 1 1 1 1 1 1 1 1 1 1 1 1 1 1 1 1 1 1 1 1 1 1 1 1 1 1 1 1 1 1 1 1 1 1 1 1 1 1 1 1 1 1 1 1 1 1 1 1 1 1 1 1 1 1 1 1 1 1 1 1 1 1 1 1 1 1 1 1 1 1 1 1 1 1 1 1 1 1 1 1 1 1 1 1 1 1 1 1 1 1 1 1 1 1 1 1 1 1 1 1 1 1 3 3 3 3 3 3 3 3 3 3 3 3 3 3 3 3 3 3 3 3 3 3 3 3 3 3 3 3 3 3 3 3 3 3 3 3 3 3 3 3 3 3 3 3 3 3 3 3 3 3 3 3 3 3 3 3 3 3 3 3 3 3 3 3 3 3 3 3 3 3 3 3 3 3 3 3 3 3 3 3 3 3 3 3 3 3 3 3 3 3 3 3 3 3 3 3 3 3 3 3 3 3 3 3 3 3 3 3 3 3 3 3 3 3 3 3 3 3 3 3 3 3 3 3 3 3 3 3 3 3 3 3 3 3 3 3 3 3 3 3 3 3 3 3 3 3 3 3 3 3 3 3 3 3 3 3 3 3 3 3 3 3 3 3 3 3 3 3 3 3 3 3 3 3 3 3 3 3 3 3 3 3 3 3 3 3 3 3 3 3 3 3 3 3 3 3 3 3 3 3 3 3 3 3 3 3 3 3 3 3 3 3 3 3 3 3 3 3 3 3 3 3 3 3 3 3 3 3 3 3 3 3 3 3 3 3 3 3 3 3 3 3 3 3 3 3 3 3 3 3 3 3 3 3 3 3 3 3 3 3 3 3 3 3 3 3 3 3 3 3 3 3 3 3 3 3 3 3 3 3 3 3 3 3 3 3 3 3 3 3 3 3 3 3 3 3 3 3 3 3 3 3 3 3 3 3 3 3 3 3 3 3 3 3 3 3 3 3 3 3 3 3 3 3 3 3 3 3 3 3 3 3 3 3 3 3 3 3 3 3 3 3 3 3 3 3 3 3 3 3 3 3 3 3 3 3 3 3 3 3 3 3 3 3 3 3 3 3 3 3 3 3 3 3 3 3 3 3 3 3 3 3 3 3 3 3 3 3 3 3 3 3 3 3 3 3 3 3 3 3 3 3 3 3 3 3 3 3 3 3 3 3 3 3 3 3 3 3 3 3 3 3 3 3 3 3 3 3 3 3 3 3 3 3 3 3 3 3 3 3 3 3 3 3 3 3 3 3 3 3 3 3 3 3 3 3 3 3 3 3 3 3 3 3 3 3 3 3 3 3 3 3 3 3 3 3 3 3 3 3 3 3 3 3 3 3 3 3 3 3 3 3 3 3 3 3 3 3 3 3 3 3 3 3 3 3 3 3 3 3 3 3 3 3 3 3 3 3 3 3 3 3 3 3 3 3 3 3 3 3 3 3 3 3 3 3 3 3 3 3 3 3 3 3 3 3 3 3 3 3 3 3 3 3 3 3 3 3 3 3 3 3 3 3 3 3 8 8 8 8 8 8 8 8 8 8 8 8 8 8 8 8 8 8 8 8 8 8 8 8 8 8 8 8 8 8 8 8 8 8 8 8 8 8 8 8 8 8 8 8 8 8 8 8 8 8 8 8 8 8 8 8 8 8 8 8 8 8 8 8 8 8 8 8 8 8 8 8 8 8 8 8 8 8 8 8 8 8 8 8 8 8 8 8 8 8 8 8 8 8 8 8 8 8 8 8 8 8 8 8 8 8 8 8 8 8 8 8 8 8 8 8 8 8 8 8 8 8 8 8 8 8 8 8 8 8 8 8 8 8 8 8 8 8 8 8 8 8 8 8 8 8 8 8 8 8 8 8 8 8 8 8 8 8 8 8 8 8 8 8 8 8 8 8 8 8 8 8 8 8 8 8 8 8 8 8 8 8 8 8 8 8 8 8 8 8 8 8 8 8 8 8 8 8 8 8 8 8 8 8 8 8 8 8 8 8 8 8 8 8 8 8 8 8 8 8 8 8 8 8 8 8 8 8 8 8 8 8 8 8 8 8 8 8 8 8 8 8 8 8 8 8 8 8 8 8 8 8 8 8 8 8 8 8 8 8 8 8 8 8 8 8 8 8 8 8 8 8 8 8 8 8 8 8 8 8 8 8 8 8 8 8 8 8 8 8 8 8 8 8 8 8 8 8 8 8 8 8 8 8 8 8 8 8 8 8 8 8 8 8 8 8 8 8 8 8 8 8 8 8 8 8 8 8 8 8 8 8 8 8 8 8 8 8 8 8 8 8 8 8 8 8 8 8 8 8 8 8 8 8 8 8 8 8 8 8 8 8 8 8 8 8 8 8 8 8 8 8 8 8 8 8 8 8 8 8 8 8 8 8 8 8 8 8 8 8 8 8 8 8 8 8 8 8 8 8 8 8 8 8 8 8 8 8 8 8 8 8 8 8 8 8 8 8 13 13 13 13 13 13 13 13 13 13 13 13 13 13 13 13 13 13 13 13 13 13 13 13 13 13 13 13 13 13 13 13 13 13 13 13 13 13 13 13 13 13 13 13 13 13 13 13 13 13 13 13 13 13 13 13 13 13 13 13 13 13 13 13 13 13 13 13 13 13 13 13 13 13 13 13 13 13 13 13 13 13 13 13 13 13 13 13 13 13 13 13 13 13 13 13 13 13 13 13 13 13 13 13 13 13 13 13 13 13 13 13 13 13 13 13 13 13 13 13 13 13 13 13 13 13 13 13 13 13 13 13 13 13 13 13 13 13 13 13 13 13 13 13 13 13 13 13 13 13 13 13 13 13 13 13 13 13 13 13 13 13 13 13 13 13 13 13 13 13 13 13 13 13 13 13 13 13 13 13 13 13 13 13
</DataArray>
<DataArray type="Int32" Name="leaflet" format="ascii">
0 0 0 0 0 0 0 0 0 0 0 0 0 0 0 0 0 0 0 0 0 0 0 0 0 0 0 0 0 0 0 0 0 0 0 0 0 0 0 0 0 0 0 0 0 0 0 0 0 0 0 0 0 0 0 0 0 0 0 0 0 0 0 0 0 0 0 0 0 0 0 0 0 0 0 0 0 0 0 0 0 0 0 0 0 0 0 0 0 0 0 0 0 0 0 0 0 0 0 0 0 0 0 0 0 0 0 0 0 0 0 0 0 0 0 0 0 0 0 0 0 0 0 0 0 0 0 0 0 0 0 0 0 0 0 0 0 0 0 0 0 0 0 0 0 0 0 0 0 0 0 0 0 0 0 0 0 0 0 0 0 0 0 0 0 0 0 0 0 0 0 0 0 0 0 0 0 0 0 0 0 0 0 0 0 0 0 0 0 0 0 0 0 0 0 0 0 0 0 0 0 0 0 0 0 0 0 0 0 0 0 0 0 0 0 0 0 0 0 0 0 0 0 0 0 0 0 0 0 0 0 0 0 0 0 0 0 0 0 0 0 0 0 0 0 0 0 0 0 0 0 0 0 0 0 0 0 0 0 0 0 0 0 0 0 0 0 0 0 0 0 0 0 0 0 0 0 0 0 0 0 0 0 0 0 0 0 0 0 0 0 0 0 0 0 0 0 0 0 0 0 0 0 0 0 0 0 0 0 0 0 0 0 0 0 0 0 0 0 0 0 0 0 0 0 0 0 0 0 0 0 0 0 0 0 0 0 0 0 0 0 0 0 0 0 0 0 0 0 0 0 0 0 0 0 0 0 0 0 0 0 0 0 0 0 0 0 0 0 0 0 0 0 0 0 0 0 0 0 0 0 0 0 0 0 0 0 0 0 0 0 0 0 0 0 0 0 0 0 0 0 0 0 0 0 0 0 0 0 0 0 0 0 0 0 0 0 0 0 0 0 0 0 0 0 0 0 0 0 0 0 0 0 0 0 0 0 0 0 0 0 0 0 0 0 0 0 0 0 0 0 0 0 0 0 0 0 0 0 0 0 0 0 0 0 0 0 0 0 0 0 0 0 0 0 0 0 0 0 0 0 0 0 0 0 0 0 0 0 0 0 0 0 0 0 0 0 0 0 0 0 0 0 0 0 0 0 0 0 0 0 0 0 0 0 0 0 0 0 0 0 0 0 0 0 0 0 0 0 0 0 0 0 0 0 0 0 0 0 0 0 0 0 0 0 0 0 0 0 0 0 0 0 0 0 0 0 0 0 0 0 0 0 0 0 0 0 0 0 0 0 0 0 0 0 0 0 0 0 0 0 0 0 0 0 0 0 0 0 0 0 0 0 0 0 0 0 0 0 0 0 0 0 0 0 0 0 0 0 0 0 0 0 0 0 0 0 0 0 0 0 0 0 0 0 0 0 0 0 0 0 0 0 0 0 0 0 0 0 0 0 0 0 0 0 0 0 0 0 0 0 0 0 0 0 0 0 0 0 0 0 0 0 0 0 0 0 0 0 0 0 0 0 0 0 0 0 0 0 0 0 0 0 0 0 0 0 0 0 0 0 0 0 0 0 0 0 0 0 0 0 0 0 0 0 0 0 0 0 0 0 0 0 0 0 0 0 0 0 0 0 0 0 0 0 0 0 0 0 0 0 0 0 0 0 0 0 0 0 0 0 0 0 0 0 0 0 0 0 0 0 0 0 0 0 0 0 0 0 0 0 0 0 0 0 0 0 0 0 0 0 0 0 0 0 0 0 0 0 0 0 0 0 0 0 0 0 0 0 0 0 0 0 0 0 0 0 0 0 0 0 0 0 0 0 0 0 0 0 0 0 0 0 0 0 0 0 0 0 0 0 0 0 0 0 0 0 0 0 0 0 0 0 0 0 0 0 0 0 0 0 0 0 0 0 0 0 0 0 0 0 0 0 0 0 0 0 0 0 0 0 0 0 0 0 0 0 0 0 0 0 0 0 0 0 0 0 0 0 0 0 0 0 0 0 0 0 0 0 0 0 0 0 0 0 0 0 0 0 0 0 0 0 0 0 0 0 0 0 0 0 0 0 0 0 0 0 0 0 0 0 0 0 0 0 0 0 0 0 0 0 0 0 0 0 0 0 0 0 0 0 0 0 0 0 0 0 0 0 0 0 0 0 0 0 0 0 0 0 0 0 0 0 0 0 0 0 0 0 0 0 0 0 0 0 0 0 0 0 0 0 0 0 0 0 0 0 0 0 0 0 0 0 0 0 0 0 0 0 0 0 0 0 0 0 0 0 0 0 0 0 0 0 0 0 0 0 0 0 0 0 0 0 0 0 0 0 0 0 0 0 0 0 0 0 0 0 0 0 0 0 0 0 0 0 0 0 0 0 0 0 0 0 0 0 0 0 0 0 0 0 0 0 0 0 0 0 0 0 0 0 0 0 0 0 0 0 0 0 0 0 0 0 0 0 0 0 0 0 0 0 0 0 0 0 0 0 0 0 0 0 0 0 0 0 0 0 0 0 0 0 0 0 0 0 0 0 0 0 0 0 0 0 0 0 0 0 0 0 0 0 0 0 0 0 0 0 0 0 0 0 0 0 0 0 0 0 0 0 0 0 0 0 0 0 0 0 0 0 0 0 0 0 0 0 0 0 0 0 0 0 0 0 0 0 0 0 0 0 0 0 0 0 0 0 0 0 0 0 0 0 0 0 0 0 0 0 0 0 0 0 0 0 0 0 0 0 0 0 0 0 0 0 0 0 0 0 0 0 0 0 0 0 0 0 0 0 0 0 0 0 0 0 0 0 0 0 0 0 0 0 0 0 0 0 0 0 0 0 0 0 0 0 0 0 0 0 0 0 0 0 0 0 0 0 0 0 0 0 0 0 0 0 0 0 0 0 0 0 0 0 0 0 0 0 0 0 0 0 0 0 0 0 0 0 0 0 0 0 0 0 0 0 0 0 0 0 0 0 0 0 0 0 0 0 0 0 0 0 0 0 0 0 0 0 0 0 0 0 0 0 0 0 0 0 0 0 0 0 0 0 0 0 0 0 0 0 0 0 0 0 0 0 0 0 0 0 0 0 0 0 0 0 0 0 0 0 0 0 0 0 0 0 0 0 0 0 0 0 0 0 0 0 0 0 0 0 0 0 0 0 0 0 0 0 0 0 0 0 0 0 0 0 0 0 0 0 0 0 0 0 0 0 0 0 0 0 0 0 0 0 0 0 0 0 0 0 0 0 0 0 0 0 0 0 0 0 0 0 0 0 0 0 0 0 0 0 0 0 0 0 0 0 0 0 0 0 0 0 0 0 0 0 0 0 0 0 0 0 0 0 0 0 0 0 0 0 0 0 0 0 0 0 0 0 0 0 0 0 0 0 0 0 0 0 0 0 0 0 0 0 0 0 0 0 0 0 0 0 0 0 0 0 0 0 0 0 0 0 0 0 0 0 0 0 0 0 0 0 0 0 0 0 0 0 0 0 0 0 0 0 0 0 0 0 0 0 0 0 0 0 0 0 0 0 0 0 0 0 0 0 0 0 0 0 0 0 0 0 0 0 0 0 0 0 0 0 0 0 0 0 0 0 0 0 0 0 0 0 0 0 0 0 0 0 0 0 0 0 0 0 0 0 0 0 0 0 0 0 0 0 0 0 0 0 0 0 0 0 0 0 0 0 0 0 0 0 0 0 0 0 0 0 0 0 0 0 0 0 0 0 0 0 0 0 0 0 0 0 0 0 0 0 0 0 0 0 0 0 0 0 0 0 0 0 0 0 0 0 0 0 0 0 0 0 0 0 0 0 0 0 0 0 0 0 0 0 0 0 0 0 0 0 0 0 0 0 0 0 0 0 0 0 0 0 0 0 0 0 0 0 0 0 0 0 0 0 0 0 0 0 0 0 0 0 0 0 0 0 0 0 0 0 0 0 0 0 0 0 0 0 0 0 0 0 0 0 0 0 0 0 0 0 0 0 0 0 0 0 0 0 0 0 0 0 0 0 0 0 0 0 0 0 0 0 0 0 0 0 0 0 0 0 0 0 0 0 0 0 0 0 0 0 0 0 0 0 0 0 0 0 0 0 0 0 0 0 0 0 0 0 0 0 0 0 0 0 0 0 0 0 0 0 0 0 0 0 0 0 0 0 0 0 0 0 0 0 0 0 0 0 0 0 0 0 0 0 0 0 0 0 0 0 0 0 0 0 0 0 0 0 0 0 0 0 0 0 0 0 0 0 0 0 0 0 0 0 0 0 0 0 0 0 0 0 0 0 0 0 0 0 0 0 0 0 0 0 0 0 0 0 0 0 0 0 0 0 0 0 0 0 0 0 0 0 0 0 0 0 0 0 0 0 0 0 0 0 0 0 0 0 0 0 0 0 0 0 0 0 0 0 0 0 0 0 0 0 0 0 0 0 0 0 0 0 0 0 0 0 0 0 0 0 0 0 0 0 0 0 0 0 0 0 0 0 0 0 0 0 0 0 0 0 0 0 0 0 0 0 0 0 0 0 0 0 0 0 0 0 0 0 0 0 0 0 0 0 0 0 0 0 0 0 0 0 0 0 0 0 0 0 0 0 0 0 0 0 0 0 0 0 0 0 0 0 0 0 0 0 0 0 0 0 0 0 0 0 0 0 0 0 0 0 0 0 0 0 0 0 0 0 0 0 0 0 0 0 0 0 0 0 0 0 0 0 0 0 0 0 0 0 0 0 0 0 0 0 0 0 0 0 0 0 0 0 0 0 0 0 0 0 0 0 0 0 0 0 0 0 0 0 0 0 0 0 0 0 0 0 0 0 0 0 0 0 0 0 0 0 0 0 0 0 0 0 0 0 0 0 0 0 0 0 0 0 0 0 0 0 0 0 0 0 0 0 0 0 0 0 0 0 0 0 0 0 0 0 0 0 0 0 0 0 0 0 0 0 0 0 0 0 0 0 0 0 0 0 0 0 0 0 0 0 0 0 0 0 0 0 0 0 0 0 0 0 0 0 0 0 0 0 0 0 0 0 0 0 0 0 0 0 0 0 0 0 0 0 0 0 0 0 0 0 0 0 0 0 0 0 0 0 0 0 0 0 0 0 0 0 0 0 0 0 0 0 0 0 0 0 0 0 0 0 0 0 0 0 0 0 0 0 0 0 0 0 0 0 0 0 0 0 0 0 0 0 0 0 0 0 0 0 0 0 0 0 0 0 0 0 0 0 0 0 0 0 0 0 0 0 0 0 0 0 0 0 0 0 0 0 0 0 0 0 0 0 0 0 0 0 0 0 0 0 0 0 0 0 0 0 0 0 0 0 0 0 0 0 0 0 0 0 0 0 0 0 0 0 0 0 0 0 0 0 0 0 0 0 0 0 0 0 0 0 0 0 0 0 0 0 0 0 0 0 0 0 0 0 0 0 0 0 0 0 0 0 0 0 0 0 0 0 0 0 0 0 0 0 0 0 0 0 0 0 0 0 0 0 0 0 0 0 0 0 0 0 0 0 0 0 0 0 0 0 0 0 0 0 0 0 0 0 0 0 0 0 0 0 0 0 0 0 0 0 0 0 0 0 0 0 0 0 0 0 0 0 0 0 0 0 0 0 0 0 0 0 0 0 0 0 0 0 0 0 0 0 0 0 0 0 0 0 0 0 0 0 0 0 0 0 0 0 0 0 0 0 0 0 0 0 0 0 0 0 0 0 0 0 0 0 0 0 0 0 0 0 0 0 0 0 0 0 0 0 0 0 0 0 0 0 0 0 0 0 0 0 0 0 0 0 0 0 0 0 0 0 0 0 0 0 0 0 0 0 0 0 0 0 0 0 0 0 0 0 0 0 0 0 0 0 0 0 0 0 0 0 0 0 0 0 0 0 0 0 0 0 0 0 0 0 0 0 0 0 0 0 0 0 0 0 0 0 0 0 0 0 0 0 0 0 0 0 0 0 0 0 0 0 0 0 0 0 0 0 0 0 0 0 0 0 0 0 0 0 0 0 0 0 0 0 0 0 0 0 0 0 0 0 0 0 0 0 0 0 0 0 0 0 0 0 0 0 0 0 0 0 0 0 0 0 0 0 0 0 0 0 0 0 0 0 0 0 0 0 0 0 0 0 0 0 0 0 0 0 0 0 0 0 0 0 0 0 0 0 0 0 0 0 0 0 0 0 0 0 0 0 0 0 0 0 0 0 0 0 0 0 0 0 0 0 0 0 0 0 0 0 0 0 0 0 0 0 0 0 0 0 0 0 0 0 0 0 0 0 0 0 0 0 0 0 0 0 0 0 0 0 0 0 0 0 0 0 0 0 0 0 0 0 0 0 0 0 0 0 0 0 0 0 0 0 0 0 0 0 0 0 0 0 0 0 0 0 0 0 0 0 0 0 0 0 0 0 0 0 0 0 0 0 0 0 0 0 0 0 0 0 0 0 0 0 0 0 0 0 0 0 0 0 0 0 0 0 0 0 0 0 0 0 0 0 0 0 0 0 0 0 0 0 0 0 0 0 0 0 0 0 0 0 0 0 0 0 0 0 0 0 0 0 0 0 0 0 0 0 0 0 0 0 0 0 0 0 0 0 0 0 0 0 0 0 0 0 0 0 0 0 0 0 0 0 0 0 0 0 0 0 0 0 0 0 0 0 0 0 0 0 0 0 0 0 0 0 0 0 0 0 0 0 0 0 0 0 0 0 0 0 0 0 0 0 0 0 0 0 0 0 0 0 0 0 0 0 0 0 0 0 0 0 0 0 0 0 0 0 0 0 0 0 0 0 0 0 0 0 0 0 0 0 0 0 0 0 0 0 0 0 0 0 0 0 0 0 0 0 0 0 0 0 0 0 0 0 0 0 0 0 0 0 0 0 0 0 0 0 0 0 0 0 0 0 0 0 0 0 0 0 0 0 0 0 0 0 0 0 0 0 0 0 0 0 0 0 0 0 0 0 0 0 0 0 0 0 0 0 0 0 0 0 0 0 0 0 0 0 0 0 0 0 0 0 0 0 0 0 0 0 0 0 0 0 0 0 0 0 0 0 0 0 0 0 0 0 0 0 0 0 0 0 0 0 0 0 0 0 0 0 0 0 0 0 0 0 0 0 0 0 0 0 0 0 0 0 0 0 0 0 0 0 0 0 0 0 0 0 0 0 0 0 0 0 0 0 0 0 0 0 0 0 0 0 0 0 0 0 0 0 0 0 0 0 0 0 0 0 0 0 0 0 0 0 0 0 0 0 0 0 0 0 0 0 0 0 0 0 0 0 0 0 0 0 0 0 0 0 0 0 0 0 0 0 0 0 0 0 0 0 0 0 0 0 0 0 0 0 0 0 0 0 0 0 0 0 0 0 0 0 0 0 0 0 0 0 0 0 0 0 0 0 0 0 0 0 0 0 0 0 0 0 0 0 0 0 0 0 0 0 0 0 0 0 0 0 0 0 0 0 0 0 0 0 0 0 0 0 0 0 0 0 0 0 0 0 0 0 0 0 0 0 0 0 0 0 0 0 0 0 0 0 0 0 0 0 0 0 0 0 0 0 0 0 0 0 0 0 0 0 0 0 0 0 0 0 0 0 0 0 0 0 0 0 0 0 0 0 0 0 0 0 0 0 0 0 0 0 0 0 0 0 0 0 0 0 0 0 0 0 0 0 0 0 0 0 0 0 0 0 0 0 0 0 0 0 0 0 0 0 0 0 0 0 0 0 0 0 0 0 0 0 0 0 0 0 0 0 0 0 0 0 0 0 0 0 0 0 0 0 0 0 0 0 0 0 0 0 0 0 0 0 0 0 0 0 0 0 0 0 0 0 0 0 0 0 0 0 0 0 0 0 0 0 0 0 0 0 0 0 0 0 0 0 0 0 0 0 0 0 0 0 0 0 0 0 0 0 0 0 0 0 0 0 0 0 0 0 0 0 0 0 0 0 0 0 0 0 0 0 0 0 0 0 0 0 0 0 0 0 0 0 0 0 0 0 0 0 0 0 0 0 0 0 0 0 0 0 0 0 0 0 0 0 0 0 0 0 0 0 0 0 0 0 0 0 0 0 0 0 0 0 0 0 0 0 0 0 0 0 0 0 0 0 0 0 0 0 0 0 0 0 0 0 0 0 0 0 0 0 0 0 0 0 0 0 0 0 0 0 0 0 0 0 0 0 0 0 0 0 0 0 0 0 0 0 0 0 0 0 0 0 0 0 0 0 0 0 0 0 0 0 0 0 0 0 0 0 0 0 0 0 0 0 0 0 0 0 0 0 0 0 0 0 0 0 0 0 0 0 0 0 0 0 0 0 0 0 0 0 0 0 0 0 0 0 0 0 0 0 0 0 0 0 0 0 0 0 0 0 0 0 0 0 0 0 0 0 0 0 0 0 0 0 0 0 0 0 0 0 0 0 0 0 0 0 0 0 0 0 0 0 0 0 0 0 0 0 0 0 0 0 0 0 0 0 0 0 0 0 0 0 0 0 0 0 0 0 0 0 0 0 0 0 0 0 0 0 0 0 0 0 0 0 0 0 0 0 0 0 0 0 0 0 0 0 0 0 0 0 0 0 0 0 0 0 0 0 0 0 0 0 0 0 0 0 0 0 0 0 0 0 0 0 0 0 0 0 0 0 0 0 0 0 0 0 0 0 0 0 0 0 0 0 0 0 0 0 0 0 0 0 0 0 0 0 0 0 0 0 0 0 0 0 0 0 0 0 0 0 0 0 0 0 0 0 0 0 0 0 0 0 0 0 0 0 0 0 0 0 0 0 0 0 0 0 0 0 0 0 0 0 0 0 0 0 0 0 0 0 0 0 0 0 0 0 0 0 0 0 0 0 0 0 0 0 0 0 0 0 0 0 0 0 0 0 0 0 0 0 0 0 0 0 0 0 0 0 0 0 0 0 0 0 0 0 0 0 0 0 0 0 0 0 0 0 0 0 0 0 0 0 0 0 0 0 0 0 0 0 0 0 0 0 0 0 0 0 0 0 0 0 0 0 0 0 0 0 0 0 0 0 0 0 0 0 0 0 0 0 0 0 0 0 0 0 0 0 0 0 0 0 0 0 0 0 0 0 0 0 0 0 0 0 0 0 0 0 0 0 0 0 0 0 0 0 0 0 0 0 0 0 0 0 0 0 0 0 0 0 0 0 0 0 0 0 0 0 0 0 0 0 0 0 0 0 0 0 0 0 0 0 0 0 0 0 0 0 0 0 0 0 0 0 0 0 0 0 0 0 0 0 0 0 0 0 0 0 0 0 0 0 0 0 0 0 0 0 0 0 0 0 0 0 0 0 0 0 0 0 0 0 0 0 0 0 0 0 0 0 0 0 0 0 0 0 0 0 0 0 0 0 0 0 0 0 0 0 0 0 0 0 0 0 0 0 0 0 0 0 0 0 0 0 0 0 0 0 0 0 0 0 0 0 0 0 0 0 0 0 0 0 0 0 0 0 0 0 0 0 0 0 0 0 0 0 0 0 0 0 0 0 0 0 0 0 0 0 0 0 0 0 0 0 0 0 0 0 0 0 0 0 0 0 0 0 0 0 0 0 0 0 0 0 0 0 0 0 0 0 0 0 0 0 0 0 0 0 0 0 0 0 0 0 0 0 0 0 0 0 0 0 0 0 0 0 0 0 0 0 0 0 0 0 0 0 0 0 0 0 0 0 0 0 0 0 0 0 0 0 0 0 0 0 0 0 0 0 0 0 0 0 0 0 0 0 0 0 0 0 0 0 0 0 0 0 0 0 0 0 0 0 0 0 0 0 0 0 0 0 0 0 0 0 0 0 0 0 0 0 0 0 0 0 0 0 0 0 0 0 0 0 0 0 0 0 0 0 0 0 0 0 0 0 0 0 0 0 0 0 0 0 0 0 0 0 0 0 0 0 0 0 0 0 0 0 0 0 0 0 0 0 0 0 0 0 0 0 0 0 0 0 0 0 0 0 0 0 0 0 0 0 0 0 0 0 0 0 0 0 0 0 0 0 0 0 0 0 0 0 0 0 0 0 0 0 0 0 0 0 0 0 0 0 0 0 0 0 0 0 0 0 0 0 0 0 0 0 0 0 0 0 0 0 0 0 0 0 0 0 0 0 0 0 0 0 0 0 0 0 0 0 0 0 0 0 0 0 0 0 0 0 0 0 0 0 0 0 0 0 0 0 0 0 0 0 0 0 0 0 0 0 0 0 0 0 0 0 0 0 0 0 0 0 0 0 0 0 0 0 0 0 0 0 0 0 0 0 0 0 0 0 0 0 0 0 0 0 0 0 0 0 0 0 0 0 0 0 0 0 0 0 0 0 0 0 0 0 0 0 0 0 0 0 0 0 0 0 0 0 0 0 0 0 0 0 0 0 0 0 0 0 0 0 0 0 0 0 0 0 0 0 0 0 0 0 0 0 0 0 0 0 0 0 0 0 0 0 0 0 0 0 0 0 0 0 0 0 0 0 0 0 0 0 0 0 0 0 0 0 0 0 0 0 0 0 0 0 0 0 0 0 0 0 0 0 0 0 0 0 0 0 0 0 0 0 0 0 0 0 0 0 0 0 0 0 0 0 0 0 0 0 0 0 0 0 0 0 0 0 0 0 0 0 0 0 0 0 0 0 0 0 0 0 0 0 0 0 0 0 0 0 0 0 0 0 0 0 0 0 0 0 0 0 0 0 0 0 0 0 0 0 0 0 0 0 0 0 0 0 0 0 0 0 0 0 0 0 0 0 0 0 0 0 0 0 0 0 0 0 0 0 0 0 0 0 0 0 0 0 0 0 0 0 0 0 0 0 0 0 0 0 0 0 0 0 0 0 0 0 0 0 0 0 0 0 0 0 0 0 0 0 0 0 0 0 0 0 0 0 0 0 0 0 0 0 0 0 0 0 0 0 0 0 0 0 0 0 0 0 0 0 0 0 0 0 0 0 0 0 0 0 0 0 0 0 0 0 0 0 0 0 0 0 0 0 0 0 0 0 0 0 0 0 0 0 0 0 0 0 0 0 0 0 0 0 0 0 0 0 0 0 0 0 0 0 0 0 0 0 0 0 0 0 0 0 0 0 0 0 0 0 0 0 0 0 0 0 0 0 0 0 0 0 0 0 0 0 0 0 0 0 0 0 0 0 0 0 0 0 0 0 0 0 0 0 0 0 0 0 0 0 0 0 0 0 0 0 0 0 0 0 0 0 0 0 0 0 0 0 0 0 0 0 0 0 0 0 0 0 0 0 0 0 0 0 0 0 0 0 0 0 0 0 0 0 0 0 0 0 0 0 0 0 0 0 0 0 0 0 0 0 0 0 0 0 0 0 0 0 0 0 0 0 0 0 0 0 0 0 0 0 0 0 0 0 0 0 0 0 0 0 0 0 0 0 0 0 0 0 0 0 0 0 0 0 0 0 0 0 0 0 0 0 0 0 0 0 0 0 0 0 0 0 0 0 0 0 0 0 0 0 0 0 0 0 0 0 0 0 0 0 0 0 0 0 0 0 0 0 0 0 0 0 0 0 0 0 0 0 0 0 0 0 0 0 0 0 0 0 0 0 0 0 0 0 0 0 0 0 0 0 0 0 0 0 0 0 0 0 0 0 0 0 0 0 0 0 0 0 0 0 0 0 0 0 0 0 0 0 0 0 0 0 0 0 0 0 0 0 0 0 0 0 0 0 0 0 0 0 0 0 0 0 0 0 0 0 0 0 0 0 0 0 0 0 0 0 0 0 0 0 0 0 0 0 0 0 0 0 0 0 0 0 0 0 0 0 0 0 0 0 0 0 0 0 0 0 0 0 0 0 0 0 0 0 0 0 0 0 0 0 0 0 0 0 0 0 0 0 0 0 0 0 0 0 0 0 0 0 0 0 0 0 0 0 0 0 0 0 0 0 0 0 0 0 0 0 0 0 0 0 0 0 0 0 0 0 0 0 0 0 0 0 0 0 0 0 0 0 0 0 0 0 0 0 0 0 0 0 0 0 0 0 0 0 0 0 0 0 0 0 0 0 0 0 0 0 0 0 0 0 0 0 0 0 0 0 0 0 0 0 0 0 0 0 0 0 0 0 0 0 0 0 0 0 0 0 0 0 0 0 0 0 0 0 0 0 0 0 0 0 0 0 0 0 0 0 0 0 0 0 0 0 0 0 0 0 0 0 0 0 0 0 0 0 0 0 0 0 0 0 0 0 0 0 0 0 0 0 0 0 0 0 0 0 0 0 0 0 0 0 0 0 0 0 0 0 0 0 0 0 0 0 0 0 0 0 0 0 0 0 0 0 0 0 0 0 0 0 0 0 0 0 0 0 0 0 0 0 0 0 0 0 0 0 0 0 0 0 0 0 0 0 0 0 0 0 0 0 0 0 0 0 0 0 0 0 0 0 0 0 0 0 0 0 0 0 0 0 0 0 0 0 0 0 0 0 0 0 0 0 0 0 0 0 0 0 0 0 0 0 0 0 0 0 0 0 0 0 0 0 0 0 0 0 0 0 0 0 0 0 0 0 0 0 0 0 0 0 0 0 0 0 0 0 0 0 0 0 0 0 0 0 0 0 0 0 0 0 0 0 0 0 0 0 0 0 0 0 0 0 0 0 0 0 0 0 0 0 0 0 0 0 0 0 0 0 0 0 0 0 0 0 0 0 0 0 0 0 0 0 0 0 0 0 0 0 0 0 0 0 0 0 0 0 0 0 0 0 0 0 0 0 0 0 0 0 0 0 0 0 0 0 0 0 0 0 0 0 0 0 0 0 0 0 0 0 0 0 0 0 0 0 0 0 0 0 0 0 0 0 0 0 0 0 0 0 0 0 0 0 0 0 0 0 0 0 0 0 0 0 0 0 0 0 0 0 0 0 0 0 0 0 0 0 0 0 0 0 0 0 0 0 0 0 0 0 0 0 0 0 0 0 0 0 0 0 0 0 0 0 0 0 0 0 0 0 0 0 0 0 0 0 0 0 0 0 0 0 0 0 0 0 0 0 0 0 0 0 0 0 0 0 0 0 0 0 0 0 0 0 0 0 0 0 0 0 0 0 0 0 0 0 0 0 0 0 0 0 0 0 0 0 0 0 0 0 0 0 0 0 0 0 0 0 0 0 0 0 0 0 0 0 0 0 0 0 0 0 0 0 0 0 0 0 0 0 0 0 0 0 0 0 0 0 0 0 0 0 0 0 0 0 0 0 0 0 0 0 0 0 0 0 0 0 0 0 0 0 0 0 0 0 0 0 0 0 0 0 0 0 0 0 0 0 0 0 0 0 0 0 0 0 0 0 0 0 0 0 0 0 0 0 0 0 0 0 0 0 0 0 0 0 0 0 0 0 0 0 0 0 0 0 0 0 0 0 0 0 0 0 0 0 0 0 0 0 0 0 0 0 0 0 0 0 0 0 0 0 0 0 0 0 0 0 0 0 0 0 0 0 0 0 0 0 0 0 0 0 0 0 0 0 0 0 0 0 0 0 0 0 0 0 0 0 0 0 0 0 0 0 0 0 0 0 0 0 0 0 0 0 0 0 0 0 0 0 0 0 0 0 0 0 0 0 0 0 0 0 0 0 0 0 0 0 0 0 0 0 0 0 0 0 0 0 0 0 0 0 0 0 0 0 0 0 0 0 0 0 0 0 0 0 0 0 0 0 0 0 0 0 0 0 0 0 0 0 0 0 0 0 0 0 0 0 0 0 0 0 0 0 0 0 0 0 0 0 0 0 0 0 0 0 0 0 0 0 0 0 0 0 0 0 0 0 0 0 0 0 0 0 0 0 0 0 0 0 0 0 0 0 0 0 0 0 0 0 0 0 0 0 0 0 0 0 0 0 0 0 0 0 0 0 0 0 0 0 0 0 0 0 0 0 0 0 0 0 0 0 0 0 0 0 0 0 0 0 0 0 0 0 0 0 0 0 0 0 0 0 0 0 0 0 0 0 0 0 0 0 0 0 0 0 0 0 0 0 0 0 0 0 0 0 0 0 0 0 0 0 0 0 0 0 0 0 0 0 0 0 0 0 0 0 0 0 0 0 0 0 0 0 0 0 0 0 0 0 0 0 0 0 0 0 0 0 0 0 0 0 0 0 0 0 0 0 0 0 0 0 0 0 0 0 0 0 0 0 0 0 0 0 0 0 0 0 0 0 0 0 0 0 0 0 0 0 0 0 0 0 0 0 0 0 0 0 0 0 0 0 0 0 0 0 0 0 0 0 0 0 0 0 0 0 0 0 0 0 0 0 0 0 0 0 0 0 0 0 0 0 0 0 0 0 0 0 0 0 0 0 0 0 0 0 0 0 0 0 0 0 0 0 0 0 0 0 0 0 0 0 0 0 0 0 0 0 0 0 0 0 0 0 0 0 0 0 0 0 0 0 0 0 0 0 0 0 0 0 0 0 0 0 0 0 0 0 0 0 0 0 0 0 0 0 0 0 0 0 0 0 0 0 0 0 0 0 0 0 0 0 0 0 0 0 0 0 0 0 0 0 0 0 0 0 0 0 0 0 0 0 0 0 0 0 0 0 0 0 0 0 0 0 0 0 0 0 0 0 0 0 0 0 0 0 0 0 0 0 0 0 0 0 0 0 0 0 0 0 0 0 0 0 0 0 0 0 0 0 0 0 0 0 0 0 0 0 0 0 0 0 0 0 0 0 0 0 0 0 0 0 0 0 0 0 0 0 0 0 0 0 0 0 0 0 0 0 0 0 0 0 0 0 0 0 0 0 0 0 0 0 0 0 0 0 0 0 0 0 0 0 0 0 0 0 0 0 0 0 0 0 0 0 1 1 1 1 1 1 1 1 1 1 1 1 1 1 1 1 1 1 1 1 1 1 1 1 1 1 1 1 1 1 1 1 1 1 1 1 1 1 1 1 1 1 1 1 1 1 1 1 1 1 1 1 1 1 1 1 1 1 1 1 1 1 1 1 1 1 1 1 1 1 1 1 1 1 1 1 1 1 1 1 1 1 1 1 1 1 1 1 1 1 1 1 1 1 1 1 1 1 1 1 1 1 1 1 1 1 1 1 1 1 1 1 1 1 1 1 1 1 1 1 1 1 1 1 1 1 1 1 1 1 1 1 1 1 1 1 1 1 1 1 1 1 1 1 1 1 1 1 1 1 1 1 1 1 1 1 1 1 1 1 1 1 1 1 1 1 1 1 1 1 1 1 1 1 1 1 1 1 1 1 1 1 1 1 1 1 1 1 1 1 1 1 1 1 1 1 1 1 1 1 1 1 1 1 1 1 1 1 1 1 1 1 1 1 1 1 1 1 1 1 1 1 1 1 1 1 1 1 1 1 1 1 1 1 1 1 1 1 1 1 1 1 1 1 1 1 1 1 1 1 1 1 1 1 1 1 1 1 1 1 1 1 1 1 1 1 1 1 1 1 1 1 1 1 1 1 1 1 1 1 1 1 1 1 1 1 1 1 1 1 1 1 1 1 1 1 1 1 1 1 1 1 1 1 1 1 1 1 1 1 1 1 1 1 1 1 1 1 1 1 1 1 1 1 1 1 1 1 1 1 1 1 1 1 1 1 1 1 1 1 1 1 1 1 1 1 1 1 1 1 1 1 1 1 1 1 1 1 1 1 1 1 1 1 1 1 1 1 1 1 1 1 1 1 1 1 1 1 1 1 1 1 1 1 1 1 1 1 1 1 1 1 1 1 1 1 1 1 1 1 1 1 1 1 1 1 1 1 1 1 1 1 1 1 1 1 1 1 1 1 1 1 1 1 1 1 1 1 1 1 1 1 1 1 1 1 1 1 1 1 1 1 1 1 1 1 1 1 1 1 1 1 1 1 1 1 1 1 1 1 1 1 1 1 1 1 1 1 1 1 1 1 1 1 1 1 1 1 1 1 1 1 1 1 1 1 1 1 1 1 1 1 1 1 1 1 1 1 1 1 1 1 1 1 1 1 1 1 1 1 1 1 1 1 1 1 1 1 1 1 1 1 1 1 1 1 1 1 1 1 1 1 1 1 1 1 1 1 1 1 1 1 1 1 1 1 1 1 1 1 1 1 1 1 1 1 1 1 1 1 1 1 1 1 1 1 1 1 1 1 1 1 1 1 1 1 1 1 1 1 1 1 1 1 1 1 1 1 1 1 1 1 1 1 1 1 1 1 1 1 1 1 1 1 1 1 1 1 1 1 1 1 1 1 1 1 1 1 1 1 1 1 1 1 1 1 1 1 1 1 1 1 1 1 1 1 1 1 1 1 1 1 1 1 1 1 1 1 1 1 1 1 1 1 1 1 1 1 1 1 1 1 1 1 1 1 1 1 1 1 1 1 1 1 1 1 1 1 1 1 1 1 1 1 1 1 1 1 1 1 1 1 1 1 1 1 1 1 1 1 1 1 1 1 1 1 1 1 1 1 1 1 1 1 1 1 1 1 1 1 1 1 1 1 1 1 1 1 1 1 1 1 1 1 1 1 1 1 1 1 1 1 1 1 1 1 1 1 1 1 1 1 1 1 1 1 1 1 1 1 1 1 1 1 1 1 1 1 1 1 1 1 1 1 1 1 1 1 1 1 1 1 1 1 1 1 1 1 1 1 1 1 1 1 1 1 1 1 1 1 1 1 1 1 1 1 1 1 1 1 1 1 1 1 1 1 1 1 1 1 1 1 1 1 1 1 1 1 1 1 1 1 1 1 1 1 1 1 1 1 1 1 1 1 1 1 1 1 1 1 1 1 1 1 1 1 1 1 1 1 1 1 1 1 1 1 1 1 1 1 1 1 1 1 1 1 1 1 1 1 1 1 1 1 1 1 1 1 1 1 1 1 1 1 1 1 1 1 1 1 1 1 1 1 1 1 1 1 1 1 1 1 1 1 1 1 1 1 1 1 1 1 1 1 1 1 1 1 1 1 1 1 1 1 1 1 1 1 1 1 1 1 1 1 1 1 1 1 1 1 1 1 1 1 1 1 1 1 1 1 1 1 1 1 1 1 1 1 1 1 1 1 1 1 1 1 1 1 1 1 1 1 1 1 1 1 1 1 1 1 1 1 1 1 1 1 1 1 1 1 1 1 1 1 1 1 1 1 1 1 1 1 1 1 1 1 1 1 1 1 1 1 1 1 1 1 1 1 1 1 1 1 1 1 1 1 1 1 1 1 1 1 1 1 1 1 1 1 1 1 1 1 1 1 1 1 1 1 1 1 1 1 1 1 1 1 1 1 1 1 1 1 1 1 1 1 1 1 1 1 1 1 1 1 1 1 1 1 1 1 1 1 1 1 1 1 1 1 1 1 1 1 1 1 1 1 1 1 1 1 1 1 1 1 1 1 1 1 1 1 1 1 1 1 1 1 1 1 1 1 1 1 1 1 1 1 1 1 1 1 1 1 1 1 1 1 1 1 1 1 1 1 1 1 1 1 1 1 1 1 1 1 1 1 1 1 1 1 1 1 1 1 1 1 1 1 1 1 1 1 1 1 1 1 1 1 1 1 1 1 1 1 1 1 1 1 1 1 1 1 1 1 1 1 1 1 1 1 1 1 1 1 1 1 1 1 1 1 1 1 1 1 1 1 1 1 1 1 1 1 1 1 1 1 1 1 1 1 1 1 1 1 1 1 1 1 1 1 1 1 1 1 1 1 1 1 1 1 1 1 1 1 1 1 1 1 1 1 1 1 1 1 1 1 1 1 1 1 1 1 1 1 1 1 1 1 1 1 1 1 1 1 1 1 1 1 1 1 1 1 1 1 1 1 1 1 1 1 1 1 1 1 1 1 1 1 1 1 1 1 1 1 1 1 1 1 1 1 1 1 1 1 1 1 1 1 1 1 1 1 1 1 1 1 1 1 1 1 1 1 1 1 1 1 1 1 1 1 1 1 1 1 1 1 1 1 1 1 1 1 1 1 1 1 1 1 1 1 1 1 1 1 1 1 1 1 1 1 1 1 1 1 1 1 1 1 1 1 1 1 1 1 1 1 1 1 1 1 1 1 1 1 1 1 1 1 1 1 1 1 1 1 1 1 1 1 1 1 1 1 1 1 1 1 1 1 1 1 1 1 1 1 1 1 1 1 1 1 1 1 1 1 1 1 1 1 1 1 1 1 1 1 1 1 1 1 1 1 1 1 1 1 1 1 1 1 1 1 1 1 1 1 1 1 1 1 1 1 1 1 1 1 1 1 1 1 1 1 1 1 1 1 1 1 1 1 1 1 1 1 1 1 1 1 1 1 1 1 1 1 1 1 1 1 1 1 1 1 1 1 1 1 1 1 1 1 1 1 1 1 1 1 1 1 1 1 1 1 1 1 1 1 1 1 1 1 1 1 1 1 1 1 1 1 1 1 1 1 1 1 1 1 1 1 1 1 1 1 1 1 1 1 1 1 1 1 1 1 1 1 1 1 1 1 1 1 1 1 1 1 1 1 1 1 1 1 1 1 1 1 1 1 1 1 1 1 1 1 1 1 1 1 1 1 1 1 1 1 1 1 1 1 1 1 1 1 1 1 1 1 1 1 1 1 1 1 1 1 1 1 1 1 1 1 1 1 1 1 1 1 1 1 1 1 1 1 1 1 1 1 1 1 1 1 1 1 1 1 1 1 1 1 1 1 1 1 1 1 1 1 1 1 1 1 1 1 1 1 1 1 1 1 1 1 1 1 1 1 1 1 1 1 1 1 1 1 1 1 1 1 1 1 1 1 1 1 1 1 1 1 1 1 1 1 1 1 1 1 1 1 1 1 1 1 1 1 1 1 1 1 1 1 1 1 1 1 1 1 1 1 1 1 1 1 1 1 1 1 1 1 1 1 1 1 1 1 1 1 1 1 1 1 1 1 1 1 1 1 1 1 1 1 1 1 1 1 1 1 1 1 1 1 1 1 1 1 1 1 1 1 1 1 1 1 1 1 1 1 1 1 1 1 1 1 1 1 1 1 1 1 1 1 1 1 1 1 1 1 1 1 1 1 1 1 1 1 1 1 1 1 1 1 1 1 1 1 1 1 1 1 1 1 1 1 1 1 1 1 1 1 1 1 1 1 1 1 1 1 1 1 1 1 1 1 1 1 1 1 1 1 1 1 1 1 1 1 1 1 1 1 1 1 1 1 1 1 1 1 1 1 1 1 1 1 1 1 1 1 1 1 1 1 1 1 1 1 1 1 1 1 1 1 1 1 1 1 1 1 1 1 1 1 1 1 1 1 1 1 1 1 1 1 1 1 1 1 1 1 1 1 1 1 1 1 1 1 1 1 1 1 1 1 1 1 1 1 1 1 1 1 1 1 1 1 1 1 1 1 1 1 1 1 1 1 1 1 1 1 1 1 1 1 1 1 1 1 1 1 1 1 1 1 1 1 1 1 1 1 1 1 1 1 1 1 1 1 1 1 1 1 1 1 1 1 1 1 1 1 1 1 1 1 1 1 1 1 1 1 1 1 1 1 1 1 1 1 1 1 1 1 1 1 1 1 1 1 1 1 1 1 1 1 1 1 1 1 1 1 1 1 1 1 1 1 1 1 1 1 1 1 1 1 1 1 1 1 1 1 1 1 1 1 1 1 1 1 1 1 1 1 1 1 1 1 1 1 1 1 1 1 1 1 1 1 1 1 1 1 1 1 1 1 1 1 1 1 1 1 1 1 1 1 1 1 1 1 1 1 1 1 1 1 1 1 1 1 1 1 1 1 1 1 1 1 1 1 1 1 1 1 1 1 1 1 1 1 1 1 1 1 1 1 1 1 1 1 1 1 1 1 1 1 1 1 1 1 1 1 1 1 1 1 1 1 1 1 1 1 1 1 1 1 1 1 1 1 1 1 1 1 1 1 1 1 1 1 1 1 1 1 1 1 1 1 1 1 1 1 1 1 1 1 1 1 1 1 1 1 1 1 1 1 1 1 1 1 1 1 1 1 1 1 1 1 1 1 1 1 1 1 1 1 1 1 1 1 1 1 1 1 1 1 1 1 1 1 1 1 1 1 1 1 1 1 1 1 1 1 1 1 1 1 1 1 1 1 1 1 1 1 1 1 1 1 1 1 1 1 1 1 1 1 1 1 1 1 1 1 1 1 1 1 1 1 1 1 1 1 1 1 1 1 1 1 1 1 1 1 1 1 1 1 1 1 1 1 1 1 1 1 1 1 1 1 1 1 1 1 1 1 1 1 1 1 1 1 1 1 1 1 1 1 1 1 1 1 1 1 1 1 1 1 1 1 1 1 1 1 1 1 1 1 1 1 1 1 1 1 1 1 1 1 1 1 1 1 1 1 1 1 1 1 1 1 1 1 1 1 1 1 1 1 1 1 1 1 1 1 1 1 1 1 1 1 1 1 1 1 1 1 1 1 1 1 1 1 1 1 1 1 1 1 1 1 1 1 1 1 1 1 1 1 1 1 1 1 1 1 1 1 1 1 1 1 1 1 1 1 1 1 1 1 1 1 1 1 1 1 1 1 1 1 1 1 1 1 1 1 1 1 1 1 1 1 1 1 1 1 1 1 1 1 1 1 1 1 1 1 1 1 1 1 1 1 1 1 1 1 1 1 1 1 1 1 1 1 1 1 1 1 1 1 1 1 1 1 1 1 1 1 1 1 1 1 1 1 1 1 1 1 1 1 1 1 1 1 1 1 1 1 1 1 1 1 1 1 1 1 1 1 1 1 1 1 1 1 1 1 1 1 1 1 1 1 1 1 1 1 1 1 1 1 1 1 1 1 1 1 1 1 1 1 1 1 1 1 1 1 1 1 1 1 1 1 1 1 1 1 1 1 1 1 1 1 1 1 1 1 1 1 1 1 1 1 1 1 1 1 1 1 1 1 1 1 1 1 1 1 1 1 1 1 1 1 1 1 1 1 1 1 1 1 1 1 1 1 1 1 1 1 1 1 1 1 1 1 1 1 1 1 1 1 1 1 1 1 1 1 1 1 1 1 1 1 1 1 1 1 1 1 1 1 1 1 1 1 1 1 1 1 1 1 1 1 1 1 1 1 1 1 1 1 1 1 1 1 1 1 1 1 1 1 1 1 1 1 1 1 1 1 1 1 1 1 1 1 1 1 1 1 1 1 1 1 1 1 1 1 1 1 1 1 1 1 1 1 1 1 1 1 1 1 1 1 1 1 1 1 1 1 1 1 1 1 1 1 1 1 1 1 1 1 1 1 1 1 1 1 1 1 1 1 1 1 1 1 1 1 1 1 1 1 1 1 1 1 1 1 1 1 1 1 1 1 1 1 1 1 1 1 1 1 1 1 1 1 1 1 1 1 1 1 1 1 1 1 1 1 1 1 1 1 1 1 1 1 1 1 1 1 1 1 1 1 1 1 1 1 1 1 1 1 1 1 1 1 1 1 1 1 1 1 1 1 1 1 1 1 1 1 1 1 1 1 1 1 1 1 1 1 1 1 1 1 1 1 1 1 1 1 1 1 1 1 1 1 1 1 1 1 1 1 1 1 1 1 1 1 1 1 1 1 1 1 1 1 1 1 1 1 1 1 1 1 1 1 1 1 1 1 1 1 1 1 1 1 1 1 1 1 1 1 1 1 1 1 1 1 1 1 1 1 1 1 1 1 1 1 1 1 1 1 1 1 1 1 1 1 1 1 1 1 1 1 1 1 1 1 1 1 1 1 1 1 1 1 1 1 1 1 1 1 1 1 1 1 1 1 1 1 1 1 1 1 1 1 1 1 1 1 1 1 1 1 1 1 1 1 1 1 1 1 1 1 1 1 1 1 1 1 1 1 1 1 1 1 1 1 1 1 1 1 1 1 1 1 1 1 1 1 1 1 1 1 1 1 1 1 1 1 1 1 1 1 1 1 1 1 1 1 1 1 1 1 1 1 1 1 1 1 1 1 1 1 1 1 1 1 1 1 1 1 1 1 1 1 1 1 1 1 1 1 1 1 1 1 1 1 1 1 1 1 1 1 1 1 1 1 1 1 1 1 1 1 1 1 1 1 1 1 1 1 1 1 1 1 1 1 1 1 1 1 1 1 1 1 1 1 1 1 1 1 1 1 1 1 1 1 1 1 1 1 1 1 1 1 1 1 1 1 1 1 1 1 1 1 1 1 1 1 1 1 1 1 1 1 1 1 1 1 1 1 1 1 1 1 1 1 1 1 1 1 1 1 1 1 1 1 1 1 1 1 1 1 1 1 1 1 1 1 1 1 1 1 1 1 1 1 1 1 1 1 1 1 1 1 1 1 1 1 1 1 1 1 1 1 1 1 1 1 1 1 1 1 1 1 1 1 1 1 1 1 1 1 1 1 1 1 1 1 1 1 1 1 1 1 1 1 1 1 1 1 1 1 1 1 1 1 1 1 1 1 1 1 1 1 1 1 1 1 1 1 1 1 1 1 1 1 1 1 1 1 1 1 1 1 1 1 1 1 1 1 1 1 1 1 1 1 1 1 1 1 1 1 1 1 1 1 1 1 1 1 1 1 1 1 1 1 1 1 1 1 1 1 1 1 1 1 1 1 1 1 1 1 1 1 1 1 1 1 1 1 1 1 1 1 1 1 1 1 1 1 1 1 1 1 1 1 1 1 1 1 1 1 1 1 1 1 1 1 1 1 1 1 1 1 1 1 1 1 1 1 1 1 1 1 1 1 1 1 1 1 1 1 1 1 1 1 1 1 1 1 1 1 1 1 1 1 1 1 1 1 1 1 1 1 1 1 1 1 1 1 1 1 1 1 1 1 1 1 1 1 1 1 1 1 1 1 1 1 1 1 1 1 1 1 1 1 1 1 1 1 1 1 1 1 1 1 1 1 1 1 1 1 1 1 1 1 1 1 1 1 1 1 1 1 1 1 1 1 1 1 1 1 1 1 1 1 1 1 1 1 1 1 1 1 1 1 1 1 1 1 1 1 1 1 1 1 1 1 1 1 1 1 1 1 1 1 1 1 1 1 1 1 1 1 1 1 1 1 1 1 1 1 1 1 1 1 1 1 1 1 1 1 1 1 1 1 1 1 1 1 1 1 1 1 1 1 1 1 1 1 1 1 1 1 1 1 1 1 1 1 1 1 1 1 1 1 1 1 1 1 1 1 1 1 1 1 1 1 1 1 1 1 1 1 1 1 1 1 1 1 1 1 1 1 1 1 1 1 1 1 1 1 1 1 1 1 1 1 1 1 1 1 1 1 1 1 1 1 1 1 1 1 1 1 1 1 1 1 1 1 1 1 1 1 1 1 1 1 1 1 1 1 1 1 1 1 1 1 1 1 1 1 1 1 1 1 1 1 1 1 1 1 1 1 1 1 1 1 1 1 1 1 1 1 1 1 1 1 1 1 1 1 1 1 1 1 1 1 1 1 1 1 1 1 1 1 1 1 1 1 1 1 1 1 1 1 1 1 1 1 1 1 1 1 1 1 1 1 1 1 1 1 1 1 1 1 1 1 1 1 1 1 1 1 1 1 1 1 1 1 1 1 1 1 1 1 1 1 1 1 1 1 1 1 1 1 1 1 1 1 1 1 1 1 1 1 1 1 1 1 1 1 1 1 1 1 1 1 1 1 1 1 1 1 1 1 1 1 1 1 1 1 1 1 1 1 1 1 1 1 1 1 1 1 1 1 1 1 1 1 1 1 1 1 1 1 1 1 1 1 1 1 1 1 1 1 1 1 1 1 1 1 1 1 1 1 1 1 1 1 1 1 1 1 1 1 1 1 1 1 1 1 1 1 1 1 1 1 1 1 1 1 1 1 1 1 1 1 1 1 1 1 1 1 1 1 1 1 1 1 1 1 1 1 1 1 1 1 1 1 1 1 1 1 1 1 1 1 1 1 1 1 1 1 1 1 1 1 1 1 1 1 1 1 1 1 1 1 1 1 1 1 1 1 1 1 1 1 1 1 1 1 1 1 1 1 1 1 1 1 1 1 1 1 1 1 1 1 1 1 1 1 1 1 1 1 1 1 1 1 1 1 1 1 1 1 1 1 1 1 1 1 1 1 1 1 1 1 1 1 1 1 1 1 1 1 1 1 1 1 1 1 1 1 1 1 1 1 1 1 1 1 1 1 1 1 1 1 1 1 1 1 1 1 1 1 1 1 1 1 1 1 1 1 1 1 1 1 1 1 1 1 1 1 1 1 1 1 1 1 1 1 1 1 1 1 1 1 1 1 1 1 1 1 1 1 1 1 1 1 1 1 1 1 1 1 1 1 1 1 1 1 1 1 1 1 1 1 1 1 1 1 1 1 1 1 1 1 1 1 1 1 1 1 1 1 1 1 1 1 1 1 1 1 1 1 1 1 1 1 1 1 1 1 1 1 1 1 1 1 1 1 1 1 1 1 1 1 1 1 1 1 1 1 1 1 1 1 1 1 1 1 1 1 1 1 1 1 1 1 1 1 1 1 1 1 1 1 1 1 1 1 1 1 1 1 1 1 1 1 1 1 1 1 1 1 1 1 1 1 1 1 1 1 1 1 1 1 1 1 1 1 1 1 1 1 1 1 1 1 1 1 1 1 1 1 1 1 1 1 1 1 1 1 1 1 1 1 1 1 1 1 1 1 1 1 1 1 1 1 1 1 1 1 1 1 1 1 1 1 1 1 1 1 1 1 1 1 1 1 1 1 1 1 1 1 1 1 1 1 1 1 1 1 1 1 1 1 1 1 1 1 1 1 1 1 1 1 1 1 1 1 1 1 1 1 1 1 1 1 1 1 1 1 1 1 1 1 1 1 1 1 1 1 1 1 1 1 1 1 1 1 1 1 1 1 1 1 1 1 1 1 1 1 1 1 1 1 1 1 1 1 1 1 1 1 1 1 1 1 1 1 1 1 1 1 1 1 1 1 1 1 1 1 1 1 1 1 1 1 1 1 1 1 1 1 1 1 1 1 1 1 1 1 1 1 1 1 1 1 1 1 1 1 1 1 1 1 1 1 1 1 1 1 1 1 1 1 1 1 1 1 1 1 1 1 1 1 1 1 1 1 1 1 1 1 1 1 1 1 1 1 1 1 1 1 1 1 1 1 1 1 1 1 1 1 1 1 1 1 1 1 1 1 1 1 1 1 1 1 1 1 1 1 1 1 1 1 1 1 1 1 1 1 1 1 1 1 1 1 1 1 1 1 1 1 1 1 1 1 1 1 1 1 1 1 1 1 1 1 1 1 1 1 1 1 1 1 1 1 1 1 1 1 1 1 1 1 1 1 1 1 1 1 1 1 1 1 1 1 1 1 1 1 1 1 1 1 1 1 1 1 1 1 1 1 1 1 1 1 1 1 1 1 1 1 1 1 1 1 1 1 1 1 1 1 1 1 1 1 1 1 1 1 1 1 1 1 1 1 1 1 1 1 1 1 1 1 1 1 1 1 1 1 1 1 1 1 1 1 1 1 1 1 1 1 1 1 1 1 1 1 1 1 1 1 1 1 1 1 1 1 1 1 1 1 1 1 1 1 1 1 1 1 1 1 1 1 1 1 1 1 1 1 1 1 1 1 1 1 1 1 1 1 1 1 1 1 1 1 1 1 1 1 1 1 1 1 1 1 1 1 1 1 1 1 1 1 1 1 1 1 1 1 1 1 1 1 1 1 1 1 1 1 1 1 1 1 1 1 1 1 1 1 1 1 1 1 1 1 1 1 1 1 1 1 1 1 1 1 1 1 1 1 1 1 1 1 1 1 1 1 1 1 1 1 1 1 1 1 1 1 1 1 1 1 1 1 1 1 1 1 1 1 1 1 1 1 1 1 1 1 1 1 1 1 1 1 1 1 1 1 1 1 1 1 1 1 1 1 1 1 1 1 1 1 1 1 1 1 1 1 1 1 1 1 1 1 1 1 1 1 1 1 1 1 1 1 1 1 1 1 1 1 1 1 1 1 1 1 1 1 1 1 1 1 1 1 1 1 1 1 1 1 1 1 1 1 1 1 1 1 1 1 1 1 1 1 1 1 1 1 1 1 1 1 1 1 1 1 1 1 1 1 1 1 1 1 1 1 1 1 1 1 1 1 1 1 1 1 1 1 1 1 1 1 1 1 1 1 1 1 1 1 1 1 1 1 1 1 1 1 1 1 1 1 1 1 1 1 1 1 1 1 1 1 1 1 1 1 1 1 1 1 1 1 1 1 1 1 1 1 1 1 1 1 1 1 1 1 1 1 1 1 1 1 1 1 1 1 1 1 1 1 1 1 1 1 1 1 1 1 1 1 1 1 1 1 1 1 1 1 1 1 1 1 1 1 1 1 1 1 1 1 1 1 1 1 1 1 1 1 1 1 1 1 1 1 1 1 1 1 1 1 1 1 1 1 1 1 1 1 1 1 1 1 1 1 1 1 1 1 1 1 1 1 1 1 1 1 1 1 1 1 1 1 1 1 1 1 1 1 1 1 1 1 1 1 1 1 1 1 1 1 1 1 1 1 1 1 1 1 1 1 1 1 1 1 1 1 1 1 1 1 1 1 1 1 1 1 1 1 1 1 1 1 1 1 1 1 1 1 1 1 1 1 1 1 1 1 1 1 1 1 1 1 1 1 1 1 1 1 1 1 1 1 1 1 1 1 1 1 1 1 1 1 1 1 1 1 1 1 1 1 1 1 1 1 1 1 1 1 1 1 1 1 1 1 1 1 1 1 1 1 1 1 1 1 1 1 1 1 1 1 1 1 1 1 1 1 1 1 1 1 1 1 1 1 1 1 1 1 1 1 1 1 1 1 1 1 1 1 1 1 1 1 1 1 1 1 1 1 1 1 1 1 1 1 1 1 1 1 1 1 1 1 1 1 1 1 1 1 1 1 1 1 1 1 1 1 1 1 1 1 1 1 1 1 1 1 1 1 1 1 1 1 1 1 1 1 1 1 1 1 1 1 1 1 1 1 1 1 1 1 1 1 1 1 1 1 1 1 1 1 1 1 1 1 1 1 1 1 1 1 1 1 1 1 1 1 1 1 1 1 1 1 1 1 1 1 1 1 1 1 1 1 1 1 1 1 1 1 1 1 1 1 1 1 1 1 1 1 1 1 1 1 1 1 1 1 1 1 1 1 1 1 1 1 1 1 1 1 1 1 1 1 1 1 1 1 1 1 1 1 1 1 1 1 1 1 1 1 1 1 1 1 1 1 1 1 1 1 1 1 1 1 1 1 1 1 1 1 1 1 1 1 1 1 1 1 1 1 1 1 1 1 1 1 1 1 1 1 1 1 1 1 1 1 1 1 1 1 1 1 1 1 1 1 1 1 1 1 1 1 1 1 1 1 1 1 1 1 1 1 1 1 1 1 1 1 1 1 1 1 1 1 1 1 1 1 1 1 1 1 1 1 1 1 1 1 1 1 1 1 1 1 1 1 1 1 1 1 1 1 1 1 1 1 1 1 1 1 1 1 1 1 1 1 1 1 1 1 1 1 1 1 1 1 1 1 1 1 1 1 1 1 1 1 1 1 1 1 1 1 1 1 1 1 1 1 1 1 1 1 1 1 1 1 1 1 1 1 1 1 1 1 1 1 1 1 1 1 1 1 1 1 1 1 1 1 1 1 1 1 1 1 1 1 1 1 1 1 1 1 1 1 1 1 1 1 1 1 1 1 1 1 1 1 1 1 1 1 1 1 1 1 1 1 1 1 1 1 1 1 1 1 1 1 1 1 1 1 1 1 1 1 1 1 1 1 1 1 1 1 1 1 1 1 1 1 1 1 1 1 1 1 1 1 1 1 1 1 1 1 1 1 1 1 1 1 1 1 1 1 1 1 1 1 1 1 1 1 1 1 1 1 1 1 1 1 1 1 1 1 1 1 1 1 1 1 1 1 1 1 1 1 1 1 1 1 1 1 1 1 1 1 1 1 1 1 1 1 1 1 1 1 1 1 1 1 1 1 1 1 1 1 1 1 1 1 1 1 1 1 1 1 1 1 1 1 1 1 1 1 1 1 1 1 1 1 1 1 1 1 1 1 1 1 1 1 1 1 1 1 1 1 1 1 1 1 1 1 1 1 1 1 1 1 1 1 1 1 1 1 1 1 1 1 1 1 1 1 1 1 1 1 1 1 1 1 1 1 1 1 1 1 1 1 1 1 1 1 1 1 1 1 1 1 1 1 1 1 1 1 1 1 1 1 1 1 1 1 1 1 1 1 1 1 1 1 1 1 1 1 1 1 1 1 1 1 1 1 1 1 1 1 1 1 1 1 1 1 1 1 1 1 1 1 1 1 1 1 1 1 1 1 1 1 1 1 1 1 1 1 1 1 1 1 1 1 1 1 1 1 1 1 1 1 1 1 1 1 1 1 1 1 1 1 1 1 1 1 1 1 1 1 1 1 1 1 1 1 1 1 1 1 1 1 1 1 1 1 1 1 1 1 1 1 1 1 1 1 1 1 1 1 1 1 1 1 1 1 1 1 1 1 1 1 1 1 1 1 1 1 1 1 1 1 1 1 1 1 1 1 1 1 1 1 1 1 1 1 1 1 1 1 1 1 1 1 1 1 1 1 1 1 1 1 1 1 1 1 1 1 1 1 1 1 1 1 1 1 1 1 1 1 1 1 1 1 1 1 1 1 1 1 1 1 1 1 1 1 1 1 1 1 1 1 1 1 1 1 1 1 1 1 1 1 1 1 1 1 1 1 1 1 1 1 1 1 1 1 1 1 1 1 1 1 1 1 1 1 1 1 1 1 1 1 1 1 1 1 1 1 1 1 1 1 1 1 1 1 1 1 1 1 1 1 1 1 1 1 1 1 1 1 1 1 1 1 1 1 1 1 1 1 1 1 1 1 1 1 1 1 1 1 1 1 1 1 1 1 1 1 1 1 1 1 1 1 1 1 1 1 1 1 1 1 1 1 1 1 1 1 1 1 1 1 1 1 1 1 1 1 1 1 1 1 1 1 1 1 1 1 1 1 1 1 1 1 1 1 1 1 1 1 1 1 1 1 1 1 1 1 1 1 1 1 1 1 1 1 1 1 1 1 1 1 1 1 1 1 1 1 1 1 1 1 1 1 1 1 1 1 1 1 1 1 1 1 1 1 1 1 1 1 1 1 1 1 1 1 1 1 1 1 1 1 1 1 1 1 1 1 1 1 1 1 1 1 1 1 1 1 1 1 1 1 1 1 1 1 1 1 1 1 1 1 1 1 1 1 1 1 1 1 1 1 1 1 1 1 1 1 1 1 1 1 1 1 1 1 1 1 1 1 1 1 1 1 1 1 1 1 1 1 1 1 1 1 1 1 1 1 1 1 1 1 1 1 1 1 1 1 1 1 1 1 1 1 1 1 1 1 1 1 1 1 1 1 1 1 1 1 1 1 1 1 1 1 1 1 1 1 1 1 1 1 1 1 1 1 1 1 1 1 1 1 1 1 1 1 1 1 1 1 1 1 1 1 1 1 1 1 1 1 1 1 1 1 1 1 1 1 1 1 1 1 1 1 1 1 1 1 1 1 1 1 1 1 1 1 1 1 1 1 1 1 1 1 1 1 1 1 1 1 1 1 1 1 1 1 1 1 1 1 1 1 1 1 1 1 1 1 1 1 1 1 1 1 1 1 1 1 1 1 1 1 1 1 1 1 1 1 1 1 1 1 1 1 1 1 1 1 1 1 1 1 1 1 1 1 1 1 1 1 1 1 1 1 1 1 1 1 1 1 1 1 1 1 1 1 1 1 1 1 1 1 1 1 1 1 1 1 1
</DataArray>
<DataArray type="Int32" Name="phase" format="ascii">
1 1 1 1 1 1 1 1 1 1 1 1 1 1 1 1 1 1 1 1 1 1 1 1 1 1 1 1 1 1 1 1 1 1 1 1 1 1 1 1 1 1 1 1 1 1 1 1 1 1 1 1 1 1 1 1 1 1 1 1 1 1 1 1 1 1 1 1 1 1 1 1 1 1 1 1 1 1 1 1 1 1 1 1 1 1 1 1 1 1 1 1 1 1 1 1 1 1 1 1 1 1 1 1 1 1 1 1 1 1 1 1 1 1 1 1 1 1 1 1 1 1 1 1 1 1 1 1 1 1 1 1 1 1 1 1 1 1 1 1 1 1 1 1 1 1 1 1 1 1 1 1 1 1 1 1 1 1 1 1 1 1 1 1 1 1 1 1 1 1 1 1 1 1 1 1 1 1 1 1 1 1 1 1 1 1 1 1 1 1 1 1 1 1 1 1 1 1 1 1 1 1 1 1 1 1 1 1 1 1 1 1 1 1 1 1 1 1 1 1 1 1 1 1 1 1 1 1 1 1 1 1 1 1 1 1 1 1 1 1 1 1 1 1 1 1 1 1 1 1 1 1 1 1 1 1 1 1 1 1 1 1 1 1 1 1 1 1 1 1 1 1 1 1 1 1 1 1 1 1 1 1 1 1 1 1 1 1 1 1 1 1 1 1 1 1 1 1 1 1 1 1 1 1 1 1 1 1 1 1 1 1 1 1 1 1 1 1 1 1 1 1 1 1 1 1 1 1 1 1 1 1 1 1 1 1 1 1 1 1 1 1 1 1 1 1 1 1 1 1 1 1 1 1 1 1 1 1 1 1 1 1 1 1 1 1 1 1 1 1 1 1 1 1 1 1 1 1 1 1 1 1 1 1 1 1 1 1 1 1 1 1 1 1 1 1 1 1 1 1 1 1 1 1 1 1 1 1 1 1 1 1 1 1 1 1 1 1 1 1 1 1 1 1 1 1 1 1 1 1 1 1 1 1 1 1 1 1 1 1 1 1 1 1 1 1 1 1 1 1 1 1 1 1 1 1 1 1 1 1 1 1 1 1 1 1 1 1 1 1 1 1 1 1 1 1 1 1 1 1 1 1 1 1 1 1 1 1 1 1 1 1 1 1 1 1 1 1 1 1 1 1 1 1 1 1 1 1 1 1 1 1 1 1 1 1 1 1 1 1 1 1 1 1 1 1 1 1 1 1 1 1 1 1 1 1 1 1 1 1 1 1 1 1 1 1 1 1 1 1 1 1 1 1 1 1 1 1 1 1 1 1 1 1 1 1 1 1 1 1 1 1 1 1 1 1 1 1 1 1 1 1 1 1 1 1 1 1 1 1 1 1 1 1 1 1 1 1 1 1 1 1 1 1 1 1 1 1 1 1 1 1 1 1 1 1 1 1 1 1 1 1 1 1 1 1 1 1 1 1 1 1 1 1 1 1 1 1 1 1 1 1 1 1 1 1 1 1 1 1 1 1 1 1 1 1 1 1 1 1 1 1 1 1 1 1 1 1 1 1 1 1 1 1 1 1 1 1 1 1 1 1 1 1 1 1 1 1 1 1 1 1 1 1 1 1 1 1 1 1 1 1 1 1 1 1 1 1 1 1 1 1 1 1 1 1 1 1 1 1 1 1 1 1 1 1 1 1 1 1 1 1 1 1 1 1 1 1 1 1 1 1 1 1 1 1 1 1 1 1 1 1 1 1 1 1 1 1 1 1 1 1 1 1 1 1 1 1 1 1 1 1 1 1 1 1 1 1 1 1 1 1 1 1 1 1 1 1 1 1 1 1 1 1 1 1 1 1 1 1 1 1 1 1 1 1 1 1 1 1 1 1 1 1 1 1 1 1 1 1 1 1 1 1 1 1 1 1 1 1 1 1 1 1 1 1 1 1 1 1 1 1 1 1 1 1 1 1 1 1 1 1 1 1 1 1 1 1 1 1 1 1 1 1 1 1 1 1 1 1 1 1 1 1 1 1 1 1 1 1 1 1 1 1 1 1 1 1 1 1 1 1 1 1 1 1 1 1 1 1 1 1 1 1 1 1 1 1 1 1 1 1 1 1 1 1 1 1 1 1 1 1 1 1 1 1 1 1 1 1 1 1 1 1 1 1 1 1 1 1 1 1 1 1 1 1 1 1 1 1 1 1 1 1 1 1 1 1 1 1 1 1 1 1 1 1 1 1 1 1 1 1 1 1 1 1 1 1 1 1 1 1 1 1 1 1 1 1 1 1 1 1 1 1 1 1 1 1 1 1 1 1 1 1 1 1 1 1 1 1 1 1 1 1 1 1 1 1 1 1 1 1 1 1 1 1 1 1 1 1 1 1 1 1 1 1 1 1 1 1 1 1 1 1 1 1 1 1 1 1 1 1 1 1 1 1 1 1 1 1 1 1 1 1 1 1 1 1 1 1 1 1 1 1 1 1 1 1 1 1 1 1 1 1 1 1 1 1 1 1 1 1 1 1 1 1 1 1 1 1 1 1 1 1 1 1 1 1 1 1 1 1 1 1 1 1 1 1 1 1 1 1 1 1 1 1 1 1 1 1 1 1 1 1 1 1 1 1 1 1 1 1 1 1 1 1 1 1 1 1 1 1 1 1 1 1 1 1 1 1 1 1 1 1 1 1 1 1 1 1 1 1 1 1 1 1 1 1 1 1 1 1 1 1 1 1 1 1 1 1 1 1 1 1 1 1 1 1 1 1 1 1 1 1 1 1 1 1 1 1 1 1 1 1 1 1 1 1 1 1 1 1 1 1 1 1 1 1 1 1 1 1 1 1 1 1 1 1 1 1 1 1 1 1 1 1 1 1 1 1 1 1 1 1 1 1 1 1 1 1 1 1 1 1 1 1 1 1 1 1 1 1 1 1 1 1 1 1 1 1 1 1 1 1 1 1 1 1 1 1 1 1 1 1 1 1 1 1 1 1 1 1 1 1 1 1 1 1 1 1 1 1 1 1 1 1 1 1 1 1 1 1 1 1 1 1 1 1 1 1 1 1 1 1 1 1 1 1 1 1 1 1 1 1 1 1 1 1 1 1 1 1 1 1 1 1 1 1 1 1 1 1 1 1 1 1 1 1 1 1 1 1 1 1 1 1 1 1 1 1 1 1 1 1 1 1 1 1 1 1 1 1 1 1 1 1 1 1 1 1 1 1 1 1 1 1 1 1 1 1 1 1 1 1 1 1 1 1 1 1 1 1 1 1 1 1 1 1 1 1 1 1 1 1 1 1 1 1 1 1 1 1 1 1 1 1 1 1 1 1 1 1 1 1 1 1 1 1 1 1 1 1 1 1 1 1 1 1 1 1 1 1 1 1 1 1 1 1 1 1 1 1 1 1 1 1 1 1 1 1 1 1 1 1 1 1 1 1 1 1 1 1 1 1 1 1 1 1 1 1 1 1 1 1 1 1 1 1 1 1 1 1 1 1 1 1 1 1 1 1 1 1 1 1 1 1 1 1 1 1 1 1 1 1 1 1 1 1 1 1 1 1 1 1 1 1 1 1 1 1 1 1 1 1 1 1 1 1 1 1 1 1 1 1 1 1 1 1 1 1 1 1 1 1 1 1 1 1 1 1 1 1 1 1 1 1 1 1 1 1 1 1 1 1 1 1 1 1 1 1 1 1 1 1 1 1 1 1 1 1 1 1 1 1 1 1 1 1 1 1 1 1 1 1 1 1 1 1 1 1 1 1 1 1 1 1 1 1 1 1 1 1 1 1 1 1 1 1 1 1 1 1 1 1 1 1 1 1 1 1 1 1 1 1 1 1 1 1 1 1 1 1 1 1 1 1 1 1 1 1 1 1 1 1 1 1 1 1 1 1 1 1 1 1 1 1 1 1 1 1 1 1 1 1 1 1 1 1 1 1 1 1 1 1 1 1 1 1 1 1 1 1 1 1 1 1 1 1 1 1 1 1 1 1 1 1 1 1 1 1 1 1 1 1 1 1 1 1 1 1 1 1 1 1 1 1 1 1 1 1 1 1 1 1 1 1 1 1 1 1 1 1 1 1 1 1 1 1 1 1 1 1 1 1 1 1 1 1 1 1 1 1 1 1 1 1 1 1 1 1 1 1 1 1 1 1 1 1 1 1 1 1 1 1 1 1 1 1 1 1 1 1 1 1 1 1 1 1 1 1 1 1 1 1 1 1 1 1 1 1 1 1 1 1 1 1 1 1 1 1 1 1 1 1 1 1 1 1 1 1 1 1 1 1 1 1 1 1 1 1 1 1 1 1 1 1 1 1 1 1 1 1 1 1 1 1 1 1 1 1 1 1 1 1 1 1 1 1 1 1 1 1 1 1 1 1 1 1 1 1 1 1 1 1 1 1 1 1 1 1 1 1 1 1 1 1 1 1 1 1 1 1 1 1 1 1 1 1 1 1 1 1 1 1 1 1 1 1 1 1 1 1 1 1 1 1 1 1 1 1 1 1 1 1 1 1 1 1 1 1 1 1 1 1 1 1 1 1 1 1 1 1 1 1 1 1 1 1 1 1 1 1 1 1 1 1 1 1 1 1 1 1 1 1 1 1 1 1 1 1 1 1 1 1 1 1 1 1 1 1 1 1 1 1 1 1 1 1 1 1 1 1 1 1 1 1 1 1 1 1 1 1 1 1 1 1 1 1 1 1 1 1 1 1 1 1 1 1 1 1 1 1 1 1 1 1 1 1 1 1 1 1 1 1 1 1 1 1 1 1 1 1 1 1 1 1 1 1 1 1 1 1 1 1 1 1 1 1 1 1 1 1 1 1 1 1 1 1 1 1 1 1 1 1 1 1 1 1 1 1 1 1 1 1 1 1 1 1 1 1 1 1 1 1 1 1 1 1 1 1 1 1 1 1 1 1 1 1 1 1 1 1 1 1 1 1 1 1 1 1 1 1 1 1 1 1 1 1 1 1 1 1 1 1 1 1 1 1 1 1 1 1 1 1 1 1 1 1 1 1 1 1 1 1 1 1 1 1 1 1 1 1 1 1 1 1 1 1 1 1 1 1 1 1 1 1 1 1 1 1 1 1 1 1 1 1 1 1 1 1 1 1 1 1 1 1 1 1 1 1 1 1 1 1 1 1 1 1 1 1 1 1 1 1 1 1 1 1 1 1 1 1 1 1 1 1 1 1 1 1 1 1 1 1 1 1 1 1 1 1 1 1 1 1 1 1 1 1 1 1 1 1 1 1 1 1 1 1 1 1 1 1 1 1 1 1 1 1 1 1 1 1 1 1 1 1 1 1 1 1 1 1 1 1 1 1 1 1 1 1 1 1 1 1 1 1 1 1 1 1 1 1 1 1 1 1 1 1 1 1 1 1 1 1 1 1 1 1 1 1 1 1 1 1 1 1 1 1 1 1 1 1 1 1 1 1 1 1 1 1 1 1 1 1 1 1 1 1 1 1 1 1 1 1 1 1 1 1 1 1 1 1 1 1 1 1 1 1 1 1 1 1 1 1 1 1 1 1 1 1 1 1 1 1 1 1 1 1 1 1 1 1 1 1 1 1 1 1 1 1 1 1 1 1 1 1 1 1 1 1 1 1 1 1 1 1 1 1 1 1 1 1 1 1 1 1 1 1 1 1 1 1 1 1 1 1 1 1 1 1 1 1 1 1 1 1 1 1 1 1 1 1 1 1 1 1 1 1 1 1 1 1 1 1 1 1 1 1 1 1 1 1 1 1 1 1 1 1 1 1 1 1 1 1 1 1 1 1 1 1 1 1 1 1 1 1 1 1 1 1 1 1 1 1 1 1 1 1 1 1 1 1 1 1 1 1 1 1 1 1 1 1 1 1 1 1 1 1 1 1 1 0 0 0 0 0 0 0 0 0 0 0 0 0 0 0 0 0 0 0 0 0 0 0 0 0 0 0 0 0 0 0 0 0 0 0 0 0 0 0 0 0 0 0 0 0 0 0 0 0 0 0 0 0 0 0 0 0 0 0 0 0 0 0 0 0 0 0 0 0 0 0 0 0 0 0 0 0 0 0 0 0 0 0 0 0 0 0 0 0 0 0 0 0 0 0 0 0 0 0 0 0 0 0 0 0 0 0 0 0 0 0 0 0 0 0 0 0 0 0 0 0 0 0 0 0 0 0 0 0 0 0 0 0 0 0 0 0 0 0 0 0 0 0 0 0 0 0 0 0 0 0 0 0 0 0 0 0 0 0 0 0 0 0 0 0 0 0 0 0 0 0 0 0 0 0 0 0 0 0 0 0 0 0 0 0 0 0 0 0 0 0 0 0 0 0 0 0 0 0 0 0 0 0 0 0 0 0 0 0 0 0 0 0 0 0 0 0 0 0 0 0 0 0 0 0 0 0 0 0 0 0 0 0 0 0 0 0 0 0 0 0 0 0 0 0 0 0 0 0 0 0 0 0 0 0 0 0 0 0 0 0 0 0 0 0 0 0 0 0 0 0 0 0 0 0 0 0 0 0 0 0 0 0 0 0 0 0 0 0 0 0 0 0 0 0 0 0 0 0 0 0 0 0 0 0 0 0 0 0 0 0 0 0 0 0 0 0 0 0 0 0 0 0 0 0 0 0 0 0 0 0 0 0 0 0 0 0 0 0 0 0 0 0 0 0 0 0 0 0 0 0 0 0 0 0 0 0 0 0 0 0 0 0 0 0 0 0 0 0 0 0 0 0 0 0 0 0 0 0 0 0 0 0 0 0 0 0 0 0 0 0 0 0 0 0 0 0 0 0 0 0 0 0 0 0 0 0 0 0 0 0 0 0 0 0 0 0 0 0 0 0 0 0 0 0 0 0 0 0 0 0 0 0 0 0 0 0 0 0 0 0 0 0 0 0 0 0 0 0 0 0 0 0 0 0 0 0 0 0 0 0 0 0 0 0 0 0 0 0 0 0 0 0 0 0 0 0 0 0 0 0 0 0 0 0 0 0 0 0 0 0 0 0 0 0 0 0 0 0 0 0 0 0 0 0 0 0 0 0 0 0 0 0 0 0 0 0 0 0 0 0 0 0 0 0 0 0 0 0 0 0 0 0 0 0 0 0 0 0 0 0 0 0 0 0 0 0 0 0 0 0 0 0 0 0 0 0 0 0 0 0 0 0 0 0 0 0 0 0 0 0 0 0 0 0 0 0 0 0 0 0 0 0 0 0 0 0 0 0 0 0 0 0 0 0 0 0 0 0 0 0 0 0 0 0 0 0 0 0 0 0 0 0 0 0 0 0 0 0 0 0 0 0 0 0 0 0 0 0 0 0 0 0 0 0 0 0 0 0 0 0 0 0 0 0 0 0 0 0 0 0 0 0 0 0 0 0 0 0 0 0 0 0 0 0 0 0 0 0 0 0 0 0 0 0 0 0 0 0 0 0 0 0 0 0 0 0 0 0 0 0 0 0 0 0 0 0 0 0 0 0 0 0 0 0 0 0 0 0 0 0 0 0 0 0 0 0 0 0 0 0 0 0 0 0 0 0 0 0 0 0 0 0 0 0 0 0 0 0 0 0 0 0 0 0 0 0 0 0 0 0 0 0 0 0 0 0 0 0 0 0 0 0 0 0 0 0 0 0 0 0 0 0 0 0 0 0 0 0 0 0 0 0 0 0 0 0 0 0 0 0 0 0 0 0 0 0 0 0 0 0 0 0 0 0 0 0 0 0 0 0 0 0 0 0 0 0 0 0 0 0 0 0 0 0 0 0 0 0 0 0 0 0 0 0 0 0 0 0 0 0 0 0 0 0 0 0 0 0 0 0 0 0 0 0 0 0 0 0 0 0 0 0 0 0 0 0 0 0 0 0 0 0 0 0 0 0 0 0 0 0 0 0 0 0 0 0 0 0 0 0 0 0 0 0 0 0 0 0 0 0 0 0 0 0 0 0 0 0 0 0 0 0 0 0 0 0 0 0 0 0 0 0 0 0 0 0 0 0 0 0 0 0 0 0 0 0 0 0 0 0 0 0 0 0 0 0 0 0 0 0 0 0 0 0 0 0 0 0 0 0 0 0 0 0 0 0 0 0 0 0 0 0 0 0 0 0 0 0 0 0 0 0 0 0 0 0 0 0 0 0 0 0 0 0 0 0 0 0 0 0 0 0 0 0 0 0 0 0 0 0 0 0 0 0 0 0 0 0 0 0 0 0 0 0 0 0 0 0 0 0 0 0 0 0 0 0 0 0 0 0 0 0 0 0 0 0 0 0 0 0 0 0 0 0 0 0 0 0 0 0 0 0 0 0 0 0 0 0 0 0 0 0 0 0 0 0 0 0 0 0 0 0 0 0 0 0 0 0 0 0 0 0 0 0 0 0 0 0 0 0 0 0 0 0 0 0 0 0 0 0 0 0 0 0 0 0 0 0 0 0 0 0 0 0 0 0 0 0 0 0 0 0 0 0 0 0 0 0 0 0 0 0 0 0 0 0 0 0 0 0 0 0 0 0 0 0 0 0 0 0 0 0 0 0 0 0 0 0 0 0 0 0 0 0 0 0 0 0 0 0 0 0 0 0 0 0 0 0 0 0 0 0 0 0 0 0 0 0 0 0 0 0 0 0 0 0 0 0 0 0 0 0 0 0 0 0 0 0 0 0 0 0 0 0 0 0 0 0 0 0 0 0 0 0 0 0 0 0 0 0 0 0 0 0 0 0 0 0 0 0 0 0 0 0 0 0 0 0 0 0 0 0 0 0 0 0 0 0 0 0 0 0 0 0 0 0 0 0 0 0 0 0 0 0 0 0 0 0 0 0 0 0 0 0 0 0 0 0 0 0 0 0 0 0 0 0 0 0 0 0 0 0 0 0 0 0 0 0 0 0 0 0 0 0 0 0 0 0 0 0 0 0 0 0 0 0 0 0 0 0 0 0 0 0 0 0 0 0 0 0 0 0 0 0 0 0 0 0 0 0 0 0 0 0 0 0 0 0 0 0 0 0 0 0 0 0 0 0 0 0 0 0 0 0 0 0 0 0 0 0 0 0 0 0 0 0 0 0 0 0 0 0 0 0 0 0 0 0 0 0 0 0 0 0 0 0 0 0 0 0 0 0 0 0 0 0 0 0 0 0 0 0 0 0 0 0 0 0 0 0 0 0 0 0 0 0 0 0 0 0 0 0 0 0 0 0 0 0 0 0 0 0 0 0 0 0 0 0 0 0 0 0 0 0 0 0 0 0 0 0 0 0 0 0 0 0 0 0 0 0 0 0 0 0 0 0 0 0 0 0 0 0 0 0 0 0 0 0 0 0 0 0 0 0 0 0 0 0 0 0 0 0 0 0 0 0 0 0 0 0 0 0 0 0 0 0 0 0 0 0 0 0 0 0 0 0 0 0 0 0 0 0 0 0 0 0 0 0 0 0 0 0 0 0 0 0 0 0 0 0 0 0 0 0 0 0 0 0 0 0 0 0 0 0 0 0 0 0 0 0 0 0 0 0 0 0 0 0 0 0 0 0 0 0 0 0 0 0 0 0 0 0 0 0 0 0 0 0 0 0 0 0 0 0 0 0 0 0 0 0 0 0 0 0 0 0 0 0 0 0 0 0 0 0 0 0 0 0 0 0 0 0 0 0 0 0 0 0 0 0 0 0 0 0 0 0 0 0 0 0 0 0 0 0 0 0 0 0 0 0 0 0 0 0 0 0 0 0 0 0 0 0 0 0 0 0 0 0 0 0 0 0 0 0 0 0 0 0 0 0 0 0 0 0 0 0 0 0 0 0 0 0 0 0 0 0 0 0 0 0 0 0 0 0 0 0 0 0 0 0 0 0 0 0 0 0 0 0 0 0 0 0 0 0 0 0 0 0 0 0 0 0 0 0 0 0 0 0 0 0 0 0 0 0 0 0 0 0 0 0 0 0 0 0 0 0 0 0 0 0 0 0 0 0 0 0 0 0 0 0 0 0 0 0 0 0 0 0 0 0 0 0 0 0 0 0 0 0 0 0 0 0 0 0 0 0 0 0 0 0 0 0 0 0 0 0 0 0 0 0 0 0 0 0 0 0 0 0 0 0 0 0 0 0 0 0 0 0 0 0 0 0 0 0 0 0 0 0 0 0 0 0 0 0 0 0 0 0 0 0 0 0 0 0 0 0 0 0 0 0 0 0 0 0 0 0 0 0 0 0 0 0 0 0 0 0 0 0 0 0 0 0 0 0 0 0 0 0 0 0 0 0 0 0 0 0 0 0 0 0 0 0 0 0 0 0 0 0 0 0 0 0 0 0 0 0 0 0 0 0 0 0 0 0 0 0 0 0 0 0 0 0 0 0 0 0 0 0 0 0 0 0 0 0 0 0 0 0 0 0 0 0 0 0 0 0 0 0 0 0 0 0 0 0 0 0 0 0 0 0 0 0 0 0 0 0 0 0 0 0 0 0 0 0 0 0 0 0 0 0 0 0 0 0 0 0 0 0 0 0 0 0 0 0 0 0 0 0 0 0 0 0 0 0 0 0 0 0 0 0 0 0 0 0 0 0 0 0 0 0 0 0 0 0 0 0 0 0 0 0 0 0 0 0 0 0 0 0 0 0 0 0 0 0 0 0 0 0 0 0 0 0 0 0 0 0 0 0 0 0 0 0 0 0 0 0 0 0 0 0 0 0 0 0 0 0 0 0 0 0 0 0 0 0 0 0 0 0 0 0 0 0 0 0 0 0 0 0 0 0 0 0 0 0 0 0 0 0 0 0 0 0 0 0 0 0 0 0 0 0 0 0 0 0 0 0 0 0 0 0 0 0 0 0 0 0 0 0 0 0 0 0 0 0 0 0 0 0 0 0 0 0 0 0 0 0 0 0 0 0 0 0 0 0 0 0 0 0 0 0 0 0 0 0 0 0 0 0 0 0 0 0 0 0 0 0 0 0 0 0 0 0 0 0 0 0 0 0 0 0 0 0 0 0 0 0 0 0 0 0 0 0 0 0 0 0 0 0 0 0 0 0 0 0 0 0 0 0 0 0 0 0 0 0 0 0 0 0 0 0 0 0 0 0 0 0 0 0 0 0 0 0 0 0 0 0 0 0 0 0 0 0 0 0 0 0 0 0 0 0 0 0 0 0 0 0 0 0 0 0 0 0 0 0 0 0 0 0 0 0 0 0 0 0 0 0 0 0 0 0 0 0 0 0 0 0 0 0 0 0 0 0 0 0 0 0 0 0 0 0 0 0 0 0 0 0 0 0 0 0 0 0 0 0 0 0 0 0 0 0 0 0 0 0 0 0 0 0 0 0 0 0 0 0 0 0 0 0 0 0 0 0 0 0 0 0 0 0 0 0 0 0 0 0 0 0 0 0 0 0 0 0 0 0 0 0 0 0 0 0 0 0 0 0 0 0 0 0 0 0 0 0 0 0 0 0 0 0 0 0 0 0 0 0 0 0 0 0 0 0 0 0 0 0 0 0 0 0 0 0 0 0 0 0 0 0 0 0 0 0 0 0 0 0 0 0 0 0 0 0 0 0 0 0 0 0 0 0 0 0 0 0 0 0 0 0 0 0 0 0 0 0 0 0 0 0 0 0 0 0 0 0 0 0 0 0 0 0 0 0 0 0 0 0 0 0 0 0 0 0 0 0 0 0 0 0 0 0 0 0 0 0 0 0 0 0 0 0 0 0 0 0 0 0 0 0 0 0 0 0 0 0 0 0 0 0 0 0 0 0 0 0 0 0 0 0 0 0 0 0 0 0 0 0 0 0 0 0 0 0 0 0 0 0 0 0 0 0 0 0 0 0 0 0 0 0 0 0 0 0 0 0 0 0 0 0 0 0 0 0 0 0 0 0 0 0 0 0 0 0 0 0 0 0 0 0 0 0 0 0 0 0 0 0 0 0 0 0 0 0 0 0 0 0 0 0 0 0 0 0 0 0 0 0 0 0 0 0 0 0 0 0 0 0 0 0 0 0 0 0 0 0 0 0 0 0 0 0 0 0 0 0 0 0 0 0 0 0 0 0 0 0 0 0 0 0 0 0 0 0 0 0 0 0 0 0 0 0 0 0 0 0 0 0 0 0 0 0 0 0 0 0 0 0 0 0 0 0 0 0 0 0 0 0 0 0 0 0 0 0 0 0 0 0 0 0 0 0 0 0 0 0 0 0 0 0 0 0 0 0 0 0 0 0 0 0 0 0 0 0 0 0 0 0 0 0 0 0 0 0 0 0 0 0 0 0 0 0 0 0 0 0 0 0 0 0 0 0 0 0 0 0 0 0 0 0 0 0 0 0 0 0 0 0 0 0 0 0 0 0 0 0 0 0 0 0 0 0 0 0 0 0 0 0 0 0 0 0 0 0 0 0 0 0 0 0 0 0 0 0 0 0 0 0 0 0 0 0 0 0 0 0 0 0 0 0 0 0 0 0 0 0 0 0 0 0 0 0 0 0 0 0 0 0 0 0 0 0 0 0 0 0 0 0 0 0 0 0 0 0 0 0 0 0 0 0 0 0 0 0 0 0 0 0 0 0 0 0 0 0 0 0 0 0 0 0 0 0 0 0 0 0 0 0 0 0 0 0 0 0 0 0 0 0 0 0 0 0 0 0 0 0 0 0 0 0 0 0 0 0 0 0 0 0 0 0 0 0 0 0 0 0 0 0 0 0 0 0 0 0 0 0 0 0 0 0 0 0 0 0 0 0 0 0 0 0 0 0 0 0 0 0 0 0 0 0 0 0 0 0 0 0 0 0 0 0 0 0 0 0 0 0 0 0 0 0 0 0 0 0 0 0 0 0 0 0 0 0 0 0 0 0 0 0 0 0 0 0 0 0 0 0 0 0 0 0 0 0 0 1 1 1 1 1 1 1 1 1 1 1 1 1 1 1 1 1 1 1 1 1 1 1 1 1 1 1 1 1 1 1 1 1 1 1 1 1 1 1 1 1 1 1 1 1 1 1 1 1 1 1 1 1 1 1 1 1 1 1 1 1 1 1 1 1 1 1 1 1 1 1 1 1 1 1 1 1 1 1 1 1 1 1 1 1 1 1 1 1 1 1 1 1 1 1 1 1 1 1 1 1 1 1 1 1 1 1 1 1 1 1 1 1 1 1 1 1 1 1 1 1 1 1 1 1 1 1 1 1 1 1 1 1 1 1 1 1 1 1 1 1 1 1 1 1 1 1 1 1 1 1 1 1 1 1 1 1 1 1 1 1 1 1 1 1 1 1 1 1 1 1 1 1 1 1 1 1 1 1 1 1 1 1 1 1 1 1 1 1 1 1 1 1 1 1 1 1 1 1 1 1 1 1 1 1 1 1 1 1 1 1 1 1 1 1 1 1 1 1 1 1 1 1 1 1 1 1 1 1 1 1 1 1 1 1 1 1 1 1 1 1 1 1 1 1 1 1 1 1 1 1 1 1 1 1 1 1 1 1 1 1 1 1 1 1 1 1 1 1 1 1 1 1 1 1 1 1 1 1 1 1 1 1 1 1 1 1 1 1 1 1 1 1 1 1 1 1 1 1 1 1 1 1 1 1 1 1 1 1 1 1 1 1 1 1 1 1 1 1 1 1 1 1 1 1 1 1 1 1 1 1 1 1 1 1 1 1 1 1 1 1 1 1 1 1 1 1 1 1 1 1 1 1 1 1 1 1 1 1 1 1 1 1 1 1 1 1 1 1 1 1 1 1 1 1 1 1 1 1 1 1 1 1 1 1 1 1 1 1 1 1 1 1 1 1 1 1 1 1 1 1 1 1 1 1 1 1 1 1 1 1 1 1 1 1 1 1 1 1 1 1 1 1 1 1 1 1 1 1 1 1 1 1 1 1 1 1 1 1 1 1 1 1 1 1 1 1 1 1 1 1 1 1 1 1 1 1 1 1 1 1 1 1 1 1 1 1 1 1 1 1 1 1 1 1 1 1 1 1 1 1 1 1 1 1 1 1 1 1 1 1 1 1 1 1 1 1 1 1 1 1 1 1 1 1 1 1 1 1 1 1 1 1 1 1 1 1 1 1 1 1 1 1 1 1 1 1 1 1 1 1 1 1 1 1 1 1 1 1 1 1 1 1 1 1 1 1 1 1 1 1 1 1 1 1 1 1 1 1 1 1 1 1 1 1 1 1 1 1 1 1 1 1 1 1 1 1 1 1 1 1 1 1 1 1 1 1 1 1 1 1 1 1 1 1 1 1 1 1 1 1 1 1 1 1 1 1 1 1 1 1 1 0 0 0 0 0 0 0 0 0 0 0 0 0 0 0 0 0 0 0 0 0 0 0 0 0 0 0 0 0 0 0 0 0 0 0 0 0 0 0 0 0 0 0 0 0 0 0 0 0 0 0 0 0 0 0 0 0 0 0 0 0 0 0 0 0 0 0 0 0 0 0 0 0 0 0 0 0 0 0 0 0 0 0 0 0 0 0 0 0 0 0 0 0 0 0 0 0 0 0 0 0 0 0 0 0 0 0 0 0 0 0 0 0 0 0 0 0 0 0 0 0 0 0 0 0 0 0 0 0 0 1 1 1 1 1 1 1 1 1 1 1 1 1 1 1 1 1 1 1 1 1 1 1 1 1 1 1 1 1 1 1 1 1 1 1 1 1 1 1 1 1 1 1 1 1 1 1 1 1 1 1 1 1 1 1 1 1 1 1 1 1 1 1 1 1 1 1 1 1 1 1 1 1 1 1 1 1 1 1 1 1 1 1 1 1 1 1 1 1 1 1 1 1 1 1 1 1 1 1 1 1 1 1 1 1 1 1 1 1 1 1 1 1 1 1 1 1 1 1 1 1 1 1 1 0 0 0 0 0 0 0 0 0 0 0 0 0 0 0 0 0 0 0 0 0 0 0 0 0 0 0 0 0 0 0 0 0 0 0 0 0 0 0 0 0 0 0 0 0 0 0 0 0 0 0 0 0 0 0 0 0 0 0 0 0 0 0 0 0 0 0 0 0 0 0 0 0 0 0 0 0 0 0 0 0 0 0 0 0 0 0 0 0 0 0 0 0 0 0 0 0 0 0 0 0 0 0 0 0 0 0 0 0 0 0 0 0 0 0 0 0 0 0 0 0 0 0 0 0 0 0 0 0 0 0 0 0 0 0 0 0 0 0 0 0 0 0 0 0 0 0 0 0 0 0 0 0 0 0 0 0 0 0 0 0 0 0 0 0 0 0 0 0 0 0 0 0 0 0 0 0 0 0 0 0 0 0 0 0 0 0 0 0 0 0 0 0 0 0 0 0 0 0 0 0 0 0 0 0 0 0 0 0 0 0 0 0 0 0 0 0 0 0 0 0 0 0 0 0 0 0 0 0 0 0 0 0 0 0 0 0 0 0 0 0 0 0 0 0 0 0 0 0 0 0 0 0 0 0 0 0 0 0 0 0 0 0 0 0 0 0 0 0 0 0 0 0 0 0 0 0 0 0 0 0 0 0 0 0 0 0 0 0 0 0 0 0 0 0 0 0 0 0 0 0 0 0 0 0 0 0 0 0 0 0 0 0 0 0 0 0 0 0 0 0 0 0 0 0 0 0 0 0 0 0 0 0 0 0 0 0 0 0 0 0 0 0 0 0 0 0 0 0 0 0 0 0 0 0 0 0 0 0 0 0 0 0 0 0 0 0 0 0 0 0 0 0 0 0 0 0 0 0 0 0 0 0 0 0 0 0 0 0 0 0 0 0 0 0 0 0 0 0 0 0 0 0 0 0 0 0 0 0 0 0 0 0 0 0 0 0 0 0 0 0 0 0 0 0 0 0 0 0 0 0 0 0 0 0 0 0 0 0 0 0 0 0 0 0 0 0 0 0 0 0 0 0 0 0 0 0 0 0 0 0 0 0 0 0 0 0 0 0 0 0 0 0 0 0 0 0 0 0 0 0 0 0 0 0 0 0 0 0 0 0 0 0 0 0 0 0 0 0 0 0 0 0 0 0 0 0 0 0 0 0 0 0 0 0 0 0 0 0 0 0 0 0 0 0 0 0 0 0 0 0 0 0 0 0 0 0 0 0 0 0 0 0 0 0 0 0 0 0 0 0 0 0 0 0 0 0 0 0 0 0 0 0 0 0 0 0 0 0 0 0 0 0 0 0 0 0 0 0 0 0 0 0 0 0 0 0 0 0 0 0 0 0 0 0 0 0 0 0 0 0 0 0 0 0 0 0 0 0 0 0 0 0 0 0 0 0 0 0 0 0 0 0 0 0 0 0 0 0 0 0 0 0 0 0 0 0 0 0 0 0 0 0 0 0 0 0 0 0 0 0 0 0 0 0 0 0 0 0 0 0 0 0 0 0 0 0 0 0 0 0 0 0 0 0 0 0 0 0 0 0 0 0 0 0 0 0 0 0 0 0 0 0 0 0 0 0 0 0 0 0 0 0 0 0 0 0 0 0 0 0 0 0 0 0 0 0 0 0 0 0 0 0 0 0 0 0 0 0 0 0 0 0 0 0 0 0 0 0 0 0 0 0 0 0 0 0 0 0 0 0 0 0 0 0 0 0 0 0 0 0 0 0 0 0 0 0 0 0 0 0 0 0 0 0 0 0 0 0 0 0 0 0 0 0 0 0 0 0 0 0 0 0 0 0 0 0 0 0 0 0 0 0 0 0 0 0 0 0 0 0 0 0 0 0 0 0 0 0 0 0 0 0 0 0 0 0 0 0 0 0 0 0 0 0 0 0 0 0 0 0 0 0 0 0 0 0 0 0 0 0 0 0 0 0 0 0 0 0 0 0 0 0 0 0 0 0 0 0 0 0 0 0 0 0 0 0 0 0 0 0 0 0 0 0 0 0 0 0 0 0 0 0 0 0 0 0 0 0 0 0 0 0 0 0 0 0 0 0 0 0 0 0 0 0 0 0 0 0 0 0 0 0 0 0 0 0 0 0 0 0 0 0 0 0 0 0 0 0 0 0 0 0 0 0 0 0 0 0 0 0 0 0 0 0 0 0 0 0 0 0 0 0 0 0 0 0 0 0 0 0 0 0 0 0 0 0 0 0 0 0 0 0 0 0 0 0 0 0 0 0 0 0 0 0 0 0 0 0 0 0 0 0 0 0 0 0 0 0 0 0 0 0 0 0 0 0 0 0 0 0 0 0 0 0 0 0 0 0 0 0 0 0 0 0 0 0 0 0 0 0 0 0 0 0 0 0 0 0 0 0 0 0 0 0 0 0 0 0 0 0 0 0 0 0 0 0 0 0 0 0 0 0 0 0 0 0 0 0 0 0 0 0 0 0 0 0 0 0 0 0 0 0 0 0 0 0 0 0 0 0 0 0 0 0 0 0 0 0 0 0 0 0 0 0 0 0 0 0 0 0 0 0 0 0 0 0 0 0 0 0 0 0 0 0 0 0 0 0 0 0 0 0 0 0 0 0 0 0 0 0 0 0 0 0 0 0 0 0 0 0 0 0 0 0 0 0 0 0 0 0 0 0 0 0 0 0 0 0 0 0 0 0 0 0 0 0 0 0 0 0 0 0 0 0 0 0 0 0 0 0 0 0 0 0 0 0 0 0 0 0 0 0 0 0 0 0 0 0 0 0 0 0 0 0 0 0 0 0 0 0 0 0 0 0 0 0 0 0 0 0 0 0 0 0 0 0 0 0 0 0 0 0 0 0 0 0 0 0 0 0 0 0 0 0 0 0 0 0 0 0 0 0 0 0 0 0 0 0 0 0 0 0 0 0 0 0 0 0 0 0 0 0 0 0 0 0 0 0 0 0 0 0 0 0 0 0 0 0 0 0 0 0 0 0 0 0 0 0 0 0 0 0 0 0 0 0 0 0 0 0 0 0 0 0 0 0 0 0 0 0 0 0 0 0 0 0 0 0 0 0 0 0 0 0 0 0 0 0 0 0 0 0 0 0 0 0 0 0 0 0 0 0 0 0 0 0 0 0 0 0 0 0 0 0 0 0 0 0 0 0 0 0 0 0 0 0 0 0 0 0 0 0 0 0 0 0 0 0 0 0 0 0 0 0 0 0 0 0 0 0 0 0 0 0 0 0 0 0 0 0 0 0 0 0 0 0 0 0 0 0 0 0 0 0 0 0 0 0 0 0 0 0 0 0 0 0 0 0 0 0 0 0 0 0 0 0 0 0 0 0 0 0 0 0 0 0 0 0 0 0 0 0 0 0 0 0 0 0 0 0 0 0 0 0 0 0 0 0 0 0 0 0 0 0 0 0 0 0 0 0 0 0 0 0 0 0 0 0 0 0 0 0 0 0 0 0 0 0 0 0 0 0 0 0 0 0 0 0 0 0 0 0 0 0 0 0 0 0 0 0 0 0 0 0 0 0 0 0 0 0 0 0 0 0 0 0 0 0 0 0 0 0 0 0 0 0 0 0 0 0 0 0 0 0 0 0 0 0 0 0 0 0 0 0 0 0 0 0 0 0 0 0 0 0 0 0 0 0 0 0 0 0 0 0 0 0 0 0 0 0 0 0 0 0 0 0 0 0 0 0 0 0 0 0 0 0 0 0 0 0 0 0 0 0 0 0 0 0 0 0 0 0 0 0 0 0 0 0 0 0 0 0 0 0 0 0 0 0 0 0 0 0 0 0 0 0 0 0 0 0 0 0 0 0 0 0 0 0 0 0 0 0 0 0 0 0 0 0 0 0 0 0 0 0 0 0 0 0 0 0 0 0 0 0 0 0 0 0 0 0 0 0 0 0 0 0 0 0 0 0 0 0 0 0 0 0 0 0 0 0 0 0 0 0 0 0 0 0 0 0 0 0 0 0 0 0 0 0 0 0 0 0 0 0 0 0 0 0 0 0 0 0 0 0 0 0 0 0 0 0 0 0 0 0 0 0 0 0 0 0 0 0 0 0 0 0 0 0 0 0 0 0 0 0 0 0 0 0 0 0 0 0 0 0 0 0 0 0 0 0 0 0 0 0 0 0 0 0 0 0 0 0 0 0 0 0 0 0 0 0 0 0 0 0 0 0 0 0 0 0 0 0 0 0 0 0 0 0 0 0 0 0 0 0 0 0 0 0 0 0 0 0 0 0 0 0 0 0 0 0 0 0 0 0 0 0 0 0 0 0 0 0 0 0 0 0 0 0 0 0 0 0 0 0 0 0 0 0 0 0 0 0 0 0 0 0 0 0 0 0 0 0 0 0 0 0 0 0 0 0 0 0 0 0 0 0 0 0 0 0 0 0 0 0 0 0 0 0 0 0 0 0 0 0 0 0 0 0 0 0 0 0 0 0 0 0 0 0 0 0 0 0 0 0 0 0 0 0 0 0 0 0 0 0 0 0 0 0 0 0 0 0 0 0 0 0 0 0 0 0 0 0 0 0 0 0 0 0 0 0 0 0 0 0 0 0 0 0 0 0 0 0 0 0 0 0 0 0 0 0 0 0 0 0 0 0 0 0 0 0 0 0 0 0 0 0 0 0 0 0 0 0 0 0 0 0 0 0 0 0 0 0 0 0 0 0 0 0 0 0 0 0 0 0 0 0 0 0 0 0 0 0 0 0 0 0 0 0 0 0 0 0 0 0 0 0 0 0 0 0 0 0 0 0 0 0 0 0 0 0 0 0 0 0 0 0 0 0 0 0 0 0 0 0 0 0 0 0 0 0 0 0 0 0 0 0 0 0 0 0 0 0 0 0 0 0 0 0 0 0 0 0 0 0 0 0 0 0 0 0 0 0 0 0 0 0 0 0 0 0 0 0 0 0 0 0 0 0 0 0 0 0 0 0 0 0 0 0 0 0 0 0 0 0 0 0 0 0 0 0 0 0 0 0 0 0 0 0 0 0 0 0 0 0 0 0 0 0 0 0 0 0 0 0 0 0 0 0 0 0 0 0 0 0 0 0 0 0 0 0 0 0 0 0 0 0 0 0 0 0 0 0 0 0 0 0 0 0 0 0 0 0 0 0 0 0 0 0 0 0 0 0 0 0 0 0 0 0 0 0 0 0 0 0 0 0 0 0 0 0 0 0 0 0 0 0 0 0 0 0 0 0 0 0 0 0 0 0 0 0 0 0 0 0 0 0 0 0 0 0 0 0 0 0 0 0 0 0 0 0 0 0 0 0 0 0 0 0 0 0 0 0 0 0 0 0 0 0 0 0 0 0 0 0 0 0 0 0 0 0 0 0 0 0 0 0 0 0 0 0 0 0 0 0 0 0 0 0 0 0 0 0 0 0 0 0 0 0 0 0 0 0 0 0 0 0 0 0 0 0 0 0 0 0 0 0 0 0 0 0 0 0 0 0 0 0 0 0 0 0 0 0 0 0 0 0 0 0 0 0 0 0 0 0 0 0 0 0 0 0 0 0 0 0 0 0 0 0 0 0 0 0 0 0 0 0 0 0 0 0 0 0 0 0 0 0 0 0 0 0 0 0 0 0 0 0 0 0 0 0 0 0 0 0 0 0 0 0 0 0 0 0 0 0 0 0 0 0 0 0 0 0 0 0 0 0 0 0 0 0 0 0 0 0 0 0 0 0 0 0 0 0 0 0 0 0 0 0 0 0 0 0 0 0 0 0 0 0 0 0 0 0 0 0 0 0 0 0 1 1 1 1 1 1 1 1 1 1 1 1 1 1 1 1 1 1 1 1 1 1 1 1 1 1 1 1 1 1 1 1 1 1 1 1 1 1 1 1 1 1 1 1 1 1 1 1 1 1 1 1 1 1 1 1 1 1 1 1 1 1 1 1 1 1 1 1 1 1 1 1 1 1 1 1 1 1 1 1 1 1 1 1 1 1 1 1 1 1 1 1 1 1 1 1 1 1 1 1 1 1 1 1 1 1 1 1 1 1 1 1 1 1 1 1 1 1 1 1 1 1 1 1 1 1 1 1 1 1 1 1 1 1 1 1 1 1 1 1 1 1 1 1 1 1 1 1 1 1 1 1 1 1 1 1 1 1 1 1 1 1 1 1 1 1 1 1 1 1 1 1 1 1 1 1 1 1 1 1 1 1 1 1 1 1 1 1 1 1 1 1 1 1 1 1 1 1 1 1 1 1 1 1 1 1 1 1 1 1 1 1 1 1 1 1 1 1 1 1 1 1 1 1 1 1 1 1 1 1 1 1 1 1 1 1 1 1 1 1 1 1 1 1 1 1 1 1 1 1 1 1 1 1 1 1 1 1 1 1 1 1 1 1 1 1 1 1 1 1 1 1 1 1 1 1 1 1 1 1 1 1 1 1 1 1 1 1 1 1 1 1 1 1 1 1 1 1 1 1 1 1 1 1 1 1 1 1 1 1 1 1 1 1 1 1 1 1 1 1 1 1 1 1 1 1 1 1 1 1 1 1 1 1 1 1 1 1 1 1 1 1 1 1 1 1 1 1 1 1 1 1 1 1 1 1 1 1 1 1 1 1 1 1 1 1 1 1 1 1 1 1 1 1 1 1 1 1 1 1 1 1 1 1 1 1 1 1 1 1 1 1 1 1 1 1 1 1 1 1 1 1 1 1 1 1 1 1 1 1 1 1 1 1 1 1 1 1 1 1 1 1 1 1 1 1 1 1 1 1 1 1 1 1 1 1 1 1 1 1 1 1 1 1 1 1 1 1 1 1 1 1 1 1 1 1 1 1 1 1 1 1 1 1 1 1 1 1 1 1 1 1 1 1 1 1 1 1 1 1 1 1 1 1 1 1 1 1 1 1 1 1 1 1 1 1 1 1 1 1 1 1 1 1 1 1 1 1 1 1 1 1 1 1 1 1 1 1 1 1 1 1 1 1 1 1 1 1 1 1 1 1 1 1 1 1 1 1 1 1 1 1 1 1 1 1 1 1 1 1 1 1 1 1 1 1 1 1 1 1 1 1 1 1 1 1 1 1 1 1 1 1 1 1 1 1 1 1 1 1 1 1 1 1 1 1 1 1 1 1 1 1 1 1 1 1 1 1 1 1 1 1 1 1 1 1 1 1 1 1 1 1 1 1 1 1 1 1 1 1 1 1 1 1 1 1 1 1 1 1 1 1 1 1 1 1 1 1 1 1 1 1 1 1 1 1 1 1 1 1 1 1 1 1 1 1 1 1 1 1 1 1 1 1 1 1 1 1 1 1 1 1 1 1 1 1 1 1 1 1 1 1 1 1 1 1 1 1 1 1 1 1 1 1 1 1 1 1 1 1 1 1 1 1 1 1 1 1 1 1 1 1 1 1 1 1 1 1 1 1 1 1 1 1 1 1 1 1 1 1 1 1 1 1 1 1 1 1 1 1 1 1 1 1 1 1 1 1 1 1 1 1 1 1 1 1 1 1 1 1 1 1 1 1 1 1 1 1 1 1 1 1 1 1 1 1 1 1 1 1 1 1 1 1 1 1 1 1 1 1 1 1 1 1 1 1 1 1 1 1 1 1 1 1 1 1 1 1 1 1 1 1 1 1 1 1 1 1 1 1 1 1 1 1 1 1 1 1 1 1 1 1 1 1 1 1 1 1 1 1 1 1 1 1 1 1 1 1 1 1 1 1 1 1 1 1 1 1 1 1 1 1 1 1 1 1 1 1 1 1 1 1 1 1 1 1 1 1 1 1 1 1 1 1 1 1 1 1 1 1 1 1 1 1 1 1 1 1 1 1 1 1 1 1 1 1 1 1 1 1 1 1 1 1 1 1 1 1 1 1 1 1 1 1 1 1 1 1 1 1 1 1 1 1 1 1 1 1 1 1 1 1 1 1 1 1 1 1 1 1 1 1 1 1 1 1 1 1 1 1 1 1 1 1 1 1 1 1 1 1 1 1 1 1 1 1 1 1 1 1 1 1 1 1 1 1 1 1 1 1 1 1 1 1 1 1 1 1 1 1 1 1 1 1 1 1 1 1 1 1 1 1 1 1 1 1 1 1 1 1 1 1 1 1 1 1 1 1 1 1 1 1 1 1 1 1 1 1 1 1 1 1 1 1 1 1 1 1 1 1 1 1 1 1 1 1 1 1 1 1 1 1 1 1 1 1 1 1 1 1 1 1 1 1 1 1 1 1 1 1 1 1 1 1 1 1 1 1 1 1 1 1 1 1 1 1 1 1 1 1 1 1 1 1 1 1 1 1 1 1 1 1 1 1 1 1 1 1 1 1 1 1 1 1 1 1 1 1 1 1 1 1 1 1 1 1 1 1 1 1 1 1 1 1 1 1 1 1 1 1 1 1 1 1 1 1 1 1 1 1 1 1 1 1 1 1 1 1 1 1 1 1 1 1 1 1 1 1 1 1 1 1 1 1 1 1 1 1 1 1 1 1 1 1 1 1 1 1 1 1 1 1 1 1 1 1 1 1 1 1 1 1 1 1 1 1 1 1 1 1 1 1 1 1 1 1 1 1 1 1 1 1 1 1 1 1 1 1 1 1 1 1 1 1 1 1 1 1 1 1 1 1 1 1 1 1 1 1 1 1 1 1 1 1 1 1 1 1 1 1 1 1 1 1 1 1 1 1 1 1 1 1 1 1 1 1 1 1 1 1 1 1 1 1 1 1 1 1 1 1 1 1 1 1 1 1 1 1 1 1 1 1 1 1 1 1 1 1 1 1 1 1 1 1 1 1 1 1 1 1 1 1 1 1 1 1 1 1 1 1 1 1 1 1 1 1 1 1 1 1 1 1 1 1 1 1 1 1 1 1 1 1 1 1 1 1 1 1 1 1 1 1 1 1 1 1 1 1 1 1 1 1 1 1 1 1 1 1 1 1 1 1 1 1 1 1 1 1 1 1 1 1 1 1 1 1 1 1 1 1 1 1 1 1 1 1 1 1 1 1 1 1 1 1 1 1 1 1 1 1 1 1 1 1 1 1 1 1 1 1 1 1 1 1 1 1 1 1 1 1 1 1 1 1 1 1 1 1 1 1 1 1 1 1 1 1 1 1 1 1 1 1 1 1 1 1 1 1 1 1 1 1 1 1 1 1 1 1 1 1 1 1 1 1 1 1 1 1 1 1 1 1 1 1 1 1 1 1 1 1 1 1 1 1 1 1 1 1 1 1 1 1 1 1 1 1 1 1 1 1 1 1 1 1 1 1 1 1 1 1 1 1 1 1 1 1 1 1 1 1 1 1 1 1 1 1 1 1 1 1 1 1 1 1 1 1 1 1 1 1 1 1 1 1 1 1 1 1 1 1 1 1 1 1 1 1 1 1 1 1 1 1 1 1 1 1 1 1 1 1 1 1 1 1 1 1 1 1 1 1 1 1 1 1 1 1 1 1 1 1 1 1 1 1 1 1 1 1 1 1 1 1 1 1 1 1 1 1 1 1 1 1 1 1 1 1 1 1 1 1 1 1 1 1 1 1 1 1 1 1 1 1 1 1 1 1 1 1 1 1 1 1 1 1 1 1 1 1 1 1 1 1 1 1 1 1 1 1 1 1 1 1 1 1 1 1 1 1 1 1 1 1 1 1 1 1 1 1 1 1 1 1 1 1 1 1 1 1 1 1 1 1 1 1 1 1 1 1 1 1 1 1 1 1 1 1 1 1 1 1 1 1 1 1 1 1 1 1 1 1 1 1 1 1 1 1 1 1 1 1 1 1 1 1 1 1 1 1 1 1 1 1 1 1 1 1 1 1 1 1 1 1 1 1 1 1 1 1 1 1 1 1 1 1 1 1 1 1 1 1 1 1 1 1 1 1 1 1 1 1 1 1 1 1 1 1 1 1 1 1 1 1 1 1 1 1 1 1 1 1 1 1 1 1 1 1 1 1 1 1 1 1 1 1 1 1 1 1 1 1 1 1 1 1 1 1 1 1 1 1 1 1 1 1 1 1 1 1 1 1 1 1 1 1 1 1 1 1 1 1 1 1 1 1 1 1 1 1 1 1 1 1 1 1 1 1 1 1 1 1 1 1 1 1 1 1 1 1 1 1 1 1 1 1 1 1 1 1 1 1 1 1 1 1 1 1 1 1 1 1 1 1 1 1 1 1 1 1 1 1 1 1 1 1 1 1 1 1 1 1 1 1 1 1 1 1 1 1 1 1 1 1 1 1 1 1 1 1 1 1 1 1 1 1 1 1 1 1 1 1 1 1 1 1 1 1 1 1 1 1 1 1 1 1 1 1 1 1 1 1 1 1 1 1 1 1 1 1 1 1 1 1 1 1 1 1 1 1 1 1 1 1 1 1 1 1 1 1 1 1 1 1 1 1 1 1 1 1 1 1 1 1 1 1 1 1 1 1 1 1 1 1 1 1 1 1 1 1 1 1 1 1 1 1 1 1 1 1 1 1 1 1 1 1 1 1 1 1 1 1 1 1 1 1 1 1 1 1 1 1 1 1 1 1 1 1 1 1 1 1 1 1 1 1 1 1 1 1 1 1 1 1 1 1 1 1 1 1 1 1 1 1 1 1 1 1 1 1 1 1 1 1 1 1 1 1 1 1 1 1 1 1 1 1 1 1 1 1 1 1 1 1 1 1 1 1 1 1 1 1 1 1 1 1 1 1 1 1 1 1 1 1 1 1 1 1 1 1 1 1 1 1 1 1 1 1 1 1 1 1 1 1 1 1 1 1 1 1 1 1 1 1 1 1 1 1 1 1 1 1 1 1 1 1 1 1 1 1 1 1 1 1 1 1 1 1 1 1 1 1 1 1 1 1 1 1 1 1 1 1 1 1 1 1 1 1 1 1 1 1 1 1 1 1 1 1 1 1 1 1 1 1 1 1 1 1 1 1 1 1 1 1 1 1 1 1 1 1 1 1 1 1 1 1 1 1 1 1 1 1 1 1 1 1 1 1 1 1 1 1 1 1 1 1 1 1 1 1 1 1 1 1 1 1 1 1 1 1 1 1 1 1 1 1 1 1 1 1 1 1 1 1 1 1 1 1 1 1 1 1 1 1 1 1 1 1 1 1 1 1 1 1 1 1 1 1 1 1 1 1 1 1 1 1 1 1 1 1 1 1 1 1 1 1 1 1 1 1 1 1 1 1 1 1 1 1 1 1 1 1 1 1 1 1 1 1 1 1 1 1 1 1 1 1 1 1 1 1 1 1 1 1 1 1 1 1 1 1 1 1 1 1 1 1 1 1 1 1 1 1 1 1 1 1 1 1 1 1 1 1 1 1 1 1 1 1 1 1 1 1 1 1 1 1 1 1 1 1 1 1 1 1 1 1 1 1 1 1 1 1 1 1 1 1 1 1 1 1 1 1 1 1 1 1 1 1 1 1 1 1 1 1 1 1 1 1 1 1 1 1 1 1 1 1 1 1 1 1 1 1 1 1 1 1 1 1 1 1 1 1 1 1 1 1 1 1 1 1 1 1 1 1 1 1 1 1 1 1 1 1 1 1 1 1 1 1 1 1 1 1 1 1 1 1 1 1 1 1 1 1 1 1 1 1 1 1 1 1 1 1 1 1 1 1 1 1 1 1 1 1 1 1 1 1 1 1 1 1 1 1 1 1 1 1 1 1 1 1 1 1 1 1 1 1 1 1 1 1 1 1 1 1 1 1 1 1 1 1 1 1 1 1 1 1 1 1 1 1 1 1 1 1 1 1 1 1 1 1 1 1 1 1 1 1 1 1 1 1 1 1 1 1 1 1 1 1 1 1 1 1 1 1 1 1 1 1 1 1 1 1 1 1 1 1 1 1 1 1 1 1 1 1 1 1 1 1 1 1 1 1 1 1 1 1 1 1 1 1 1 1 1 1 1 1 1 1 1 1 1 1 1 1 1 1 1 1 1 1 1 1 1 1 1 1 1 1 1 1 1 1 1 1 1 1 1 1 1 1 1 1 1 1 1 1 1 1 1 1 1 1 1 1 1 1 1 1 1 1 1 1 1 1 1 1 1 1 1 1 1 1 1 1 1 1 1 1 1 1 1 1 1 1 1 1 1 1 1 1 1 1 1 1 1 1 1 1 1 1 1 1 1 1 1 1 1 1 1 1 1 1 1 1 1 1 1 1 1 1 1 1 1 1 1 1 1 1 1 1 1 1 1 1 1 1 1 1 1 1 1 1 1 1 1 1 1 1 1 1 1 1 1 1 1 1 1 1 1 1 1 1 1 1 1 1 1 1 1 1 1 1 1 1 1 1 1 1 1 1 1 1 1 1 1 1 1 1 1 1 1 1 1 1 1 1 1 1 1 1 1 1 1 1 1 1 1 1 1 1 1 1 1 1 1 1 1 1 1 1 1 1 1 1 1 1 1 1 1 1 1 1 1 1 1 1 1 1 1 1 1 1 1 1 1 1 1 1 1 1 1 1 1 1 1 1 1 1 1 1 1 1 1 1 1 1 1 1 1 1 1 1 1 1 1 1 1 1 1 1 1 1 1 1 1 1 1 1 1 1 1 1 1 1 1 1 1 1 1 1 1 1 1 1 1 1 1 1 1 1 1 1 1 1 1 1 1 1 1 1 1 1 1 1 1 1 1 1 1 1 1 1 1 1 1 1 1 1 1 1 1 1 1 1 1 1 1 1 1 1 1 1 1 1 1 1 1 1 1 1 1 1 1 1 1 1 1 1 1 1 1 1 1 1 1 1 1 1 1 1 1 1 1 1 1 1 1 1 1 1 1 1 1 1 1 1 1 1 1 1 1 1 1 1 1 1 1 1 1 1 1 1 1 1 1 1 1 1 1 1 1 1 1 1 1 1 1 1 1 1 1 1 1 1 1 1 1 1 1 1 1 1 1 1 1 1 1 1 1 1 1 1 1 1 1 1 1 1 1 1 1 1 1 1 1 1 1 1 1 1 1 1 1 1 1 1 1 1 1 1 1 1 1 1 1 1 1 1 1 1 1 1 1 1 1 1 1 1 1 1 1 1 1 1 1 1 1 1 1 1 1 1 1 1 1 1 1 1 1 1 1 1 1 1 1 1 1 1 1 1 1 1 1 1 1 1 1 1 1 1 1 1 1 1 1 1 1 1 1 1 1 1 1 1 1 1 1 1 1 1 1 1 1 1 1 1 1 1 1 1 1 1 1 1 1 1 1 1 1 1 1 1 1 1 1 1 1 1 1 1 1 1 1 1 1 1 1 1 1 1 1 1 1 1 1 1 1 1 1 1 1 1 1 1 1 1 1 1 1 1 1 1 1 1 1 1 1 1 1 1 1 1 1 1 1 1 1 1 1 1 1 1 1 1 1 1 1 1 1 1 1 1 1 1 1 1 1 1 1 1 1 1 1 1 1 1 1 1 1 1 1 1 1 1 1 1 1 1 1 1 1 1 1 1 1 1 1 1 1 1 1 1 1 1 1 1 1 1 1 1 1 1 1 1 1 1 1 1 1 1 1 1 1 1 1 1 1 1 1 1 1 1 1 1 1 1 1 1 1 1 1 1 1 1 1 1 1 1 1 1 1 1 1 1 1 1 1 1 1 1 1 1 1 1 1 1 1 1 1 1 1 1 1 1 1 1 1 1 1 1 1 1 1 1 1 1 1 1 1 1 1 1 1 1 1 1 1 1 1 1 1 1 1 1 1 1 1 1 1 1 1 1 1 1 1 1 1 1 1 1 1 1 1 1 1 1 1 1 1 1 1 1 1 1 1 1 1 1 1 1 1 1 1 1 1 1 1 1 1 1 1 1 1 1 1 1 1 1 1 1 1 1 1 1 1 1 1 1 1 1 1 1 1 1 1 1 1 1 1 1 1 1 1 1 1 1 1 1 1 1 1 1 1 1 1 1 1 1 1 1 1 1 1 1 1 1 1 1 1 1 1 1 1 1 1 1 1 1 1 1 1 1 1 1 1 1 1 1 1 1 1 1 1 1 1 1 1 1 1 1 1 1 1 1 1 1 1 1 1 1 1 1 1 1 1 1 1 1 1 1 1 1 1 1 1 1 1 1 1 1 1 1 1 1 1 1 1 1 1 1 1 1 1 1 1 1 1 1 1 1 1 1 1 1 1 1 1 1 1 1 1 1 1 1 1 1 1 1 1 1 1 1 1 1 1 1 1 1 1 1 1 1 1 1 1 1 1 1 1 1 1 1 1 1 1 1 1 1 1 1 1 1 1 1 1 1 1 1 1 1 1 1 1 1 1 1 1 1 1 1 1 1 1 1 1 1 1 1 1 1 1 1 1 1 1 1 1 1 1 1 1 1 1 1 1 1 1 1 1 1 1 1 1 1 1 1 1 1 1 1 1 1 1 1 1 1 1 1 1 1 1 1 1 1 1 1 1 1 1 1 1 1 1 1 1 1 1 1 1 1 1 1 1 1 1 1 1 1 1 1 1 1 1 1 1 1 1 1 1 1 1 1 1 1 1 1 1 1 1 1 1 1 1 1 1 1 1 1 1 1 1 1 1 1 1 1 1 1 1 1 1 1 1 1 1 1 1 1 1 1 1 1 1 1 1 1 1 1 1 1 1 1 1 1 1 1 1 1 1 1 1 1 1 1 1 1 1 1 1 1 1 1 1 1 1 1 1 1 1 1 1 1 1 1 1 1 1 1 1 1 1 1 1 1 1 1 1 1 1 1 1 1 1 1 1 1 1 1 1 1 1 1 1 1 1 1 1 1 1 1 1 1 1 1 1 1 1 1 1 1 1 1 1 1 1 1 1 1 1 1 1 1 1 1 1 1 1 1 1 1 1 1 1 1 1 1 1 1 1 1 1 1 1 1 1 1 1 1 1 1 1 1 1 1 1 1 1 1 1 1 1 1 1 1 1 1 1 1 1 1
</DataArray>
<DataArray type="Int32" Name="n_doublebonds" format="ascii">
1 1 1 1 1 1 1 1 1 1 1 1 1 1 1 1 1 1 1 1 1 1 1 1 1 1 1 1 1 1 1 1 1 1 1 1 1 1 1 1 1 1 1 1 1 1 1 1 1 1 1 1 1 1 1 1 1 1 1 1 1 1 1 1 1 1 1 1 1 1 1 1 1 1 1 1 1 1 1 1 1 1 1 1 1 1 1 1 1 1 1 1 1 1 1 1 1 1 1 1 1 1 1 1 1 1 1 1 1 1 1 1 1 1 1 1 1 1 1 1 1 1 1 1 1 1 1 1 1 1 1 1 1 1 1 1 1 1 1 1 1 1 1 1 1 1 1 1 1 1 1 1 1 1 1 1 1 1 1 1 1 1 1 1 1 1 1 1 1 1 1 1 1 1 1 1 1 1 1 1 1 1 1 1 1 1 1 1 1 1 1 1 1 1 1 1 1 1 1 1 1 1 1 1 1 1 1 1 1 1 1 1 1 1 1 1 1 1 1 1 1 1 1 1 1 1 1 1 1 1 1 1 1 1 1 1 1 1 1 1 1 1 1 1 1 1 1 1 1 1 1 1 1 1 1 1 1 1 1 1 1 1 1 1 1 1 1 1 1 1 1 1 1 1 1 1 1 1 1 1 1 1 1 1 1 1 1 1 1 1 1 1 1 1 1 1 1 1 1 1 1 1 1 1 1 1 1 1 1 1 1 1 1 1 1 1 1 1 1 1 1 1 1 1 1 1 1 1 1 1 1 1 1 1 1 1 1 1 1 1 1 1 1 1 1 1 1 1 1 1 1 1 1 1 1 1 1 1 1 1 1 1 1 1 1 1 1 1 1 1 1 1 1 1 1 1 1 1 1 1 1 1 1 1 1 1 1 1 1 1 1 1 1 1 1 1 1 1 1 1 1 1 1 1 1 1 1 1 1 1 1 1 1 1 1 1 1 1 1 1 1 1 1 1 1 1 1 1 1 1 1 1 1 1 1 1 1 1 1 1 1 1 1 1 1 1 1 1 1 1 1 1 1 1 1 1 1 1 1 1 1 1 1 1 1 1 1 1 1 1 1 1 1 1 1 1 1 1 1 1 1 1 1 1 1 1 1 1 1 1 1 1 1 1 1 1 1 1 1 1 1 1 1 1 1 1 1 1 1 1 1 1 1 1 1 1 1 1 1 1 1 1 1 1 1 1 1 1 1 1 1 1 1 1 1 1 1 1 1 1 1 1 1 1 1 1 1 1 1 1 1 1 1 1 1 1 1 1 1 1 1 1 1 1 1 1 1 1 1 1 1 1 1 1 1 1 1 1 1 1 1 1 1 1 1 1 1 1 1 1 1 1 1 1 1 1 1 1 1 1 1 1 1 1 1 1 1 1 1 1 1 1 1 1 1 1 1 1 1 1 1 1 1 1 1 1 1 1 1 1 1 1 1 1 1 1 1 1 1 1 1 1 1 1 1 1 1 1 1 1 1 1 1 1 1 1 1 1 1 1 1 1 1 1 1 1 1 1 1 1 1 1 1 1 1 1 1 1 1 1 1 1 1 1 1 1 1 1 1 1 1 1 1 1 1 1 1 1 1 1 1 1 1 1 1 1 1 1 1 1 1 1 1 1 1 1 1 1 1 1 1 1 1 1 1 1 1 1 1 1 1 1 1 1 1 1 1 1 1 1 1 1 1 1 1 1 1 1 1 1 1 1 1 1 1 1 1 1 1 1 1 1 1 1 1 1 1 1 1 1 1 1 1 1 1 1 1 1 1 1 1 1 1 1 1 1 1 1 1 1 1 1 1 1 1 1 1 1 1 1 1 1 1 1 1 1 1 1 1 1 1 1 1 1 1 1 1 1 1 1 1 1 1 1 1 1 1 1 1 1 1 1 1 1 1 1 1 1 1 1 1 1 1 1 1 1 1 1 1 1 1 1 1 1 1 1 1 1 1 1 1 1 1 1 1 1 1 1 1 1 1 1 1 1 1 1 1 1 1 1 1 1 1 1 1 1 1 1 1 1 1 1 1 1 1 1 1 1 1 1 1 1 1 1 1 1 1 1 1 1 1 1 1 1 1 1 1 1 1 1 1 1 1 1 1 1 1 1 1 1 1 1 1 1 1 1 1 1 1 1 1 1 1 1 1 1 1 1 1 1 1 1 1 1 1 1 1 1 1 1 1 1 1 1 1 1 1 1 1 1 1 1 1 1 1 1 1 1 1 1 1 1 1 1 1 1 1 1 1 1 1 1 1 1 1 1 1 1 1 1 1 1 1 1 1 1 1 1 1 1 1 1 1 1 1 1 1 1 1 1 1 1 1 1 1 1 1 1 1 1 1 1 1 1 1 1 1 1 1 1 1 1 1 1 1 1 1 1 1 1 1 1 1 1 1 1 1 1 1 1 1 1 1 1 1 1 1 1 1 1 1 1 1 1 1 1 1 1 1 1 1 1 1 1 1 1 1 1 1 1 1 1 1 1 1 1 1 1 1 1 1 1 1 1 1 1 1 1 1 1 1 1 1 1 1 1 1 1 1 1 1 1 1 1 1 1 1 1 1 1 1 1 1 1 1 1 1 1 1 1 1 1 1 1 1 1 1 1 1 1 1 1 1 1 1 1 1 1 1 1 1 1 1 1 1 1 1 1 1 1 1 1 1 1 1 1 1 1 1 1 1 1 1 1 1 1 1 1 1 1 1 1 1 1 1 1 1 1 1 1 1 1 1 1 1 1 1 1 1 1 1 1 1 1 1 1 1 1 1 1 1 1 1 1 1 1 1 1 1 1 1 1 1 1 1 1 1 1 1 1 1 1 1 1 1 1 1 1 1 1 1 1 1 1 1 1 1 1 1 1 1 1 1 1 1 1 1 1 1 1 1 1 1 1 1 1 1 1 1 1 1 1 1 1 1 1 1 1 1 1 1 1 1 1 1 1 1 1 1 1 1 1 1 1 1 1 1 1 1 1 1 1 1 1 1 1 1 1 1 1 1 1 1 1 1 1 1 1 1 1 1 1 1 1 1 1 1 1 1 1 1 1 1 1 1 1 1 1 1 1 1 1 1 1 1 1 1 1 1 1 1 1 1 1 1 1 1 1 1 1 1 1 1 1 1 1 1 1 1 1 1 1 1 1 1 1 1 1 1 1 1 1 1 1 1 1 1 1 1 1 1 1 1 1 1 1 1 1 1 1 1 1 1 1 1 1 1 1 1 1 1 1 1 1 1 1 1 1 1 1 1 1 1 1 1 1 1 1 1 1 1 1 1 1 1 1 1 1 1 1 1 1 1 1 1 1 1 1 1 1 1 1 1 1 1 1 1 1 1 1 1 1 1 1 1 1 1 1 1 1 1 1 1 1 1 1 1 1 1 1 1 1 1 1 1 1 1 1 1 1 1 1 1 1 1 1 1 1 1 1 1 1 1 1 1 1 1 1 1 1 1 1 1 1 1 1 1 1 1 1 1 1 1 1 1 1 1 1 1 1 1 1 1 1 1 1 1 1 1 1 1 1 1 1 1 1 1 1 1 1 1 1 1 1 1 1 1 1 1 1 1 1 1 1 1 1 1 1 1 1 1 1 1 1 1 1 1 1 1 1 1 1 1 1 1 1 1 1 1 1 1 1 1 1 1 1 1 1 1 1 1 1 1 1 1 1 1 1 1 1 1 1 1 1 1 1 1 1 1 1 1 1 1 1 1 1 1 1 1 1 1 1 1 1 1 1 1 1 1 1 1 1 1 1 1 1 1 1 1 1 1 1 1 1 1 1 1 1 1 1 1 1 1 1 1 1 1 1 1 1 1 1 1 1 1 1 1 1 1 1 1 1 1 1 1 1 1 1 1 1 1 1 1 1 1 1 1 1 1 1 1 1 1 1 1 1 1 1 1 1 1 1 1 1 1 1 1 1 1 1 1 1 1 1 1 1 1 1 1 1 1 1 1 1 1 1 1 1 1 1 1 1 1 1 1 1 1 1 1 1 1 1 1 1 1 1 1 1 1 1 1 1 1 1 1 1 1 1 1 1 1 1 1 1 1 1 1 1 1 1 1 1 1 1 1 1 1 1 1 1 1 1 1 1 1 1 1 1 1 1 1 1 1 1 1 1 1 1 1 1 1 1 1 1 1 1 1 1 1 1 1 1 1 1 1 1 1 1 1 1 1 1 1 1 1 1 1 1 1 1 1 1 1 1 1 1 1 1 1 1 1 1 1 1 1 1 1 1 1 1 1 1 1 1 1 1 1 1 1 1 1 1 1 1 1 1 1 1 1 1 1 1 1 1 1 1 1 1 1 1 1 1 1 1 1 1 1 1 1 1 1 1 1 1 1 1 1 1 1 1 1 1 1 1 1 1 1 1 1 1 1 1 1 1 1 1 1 1 1 1 1 1 1 1 1 1 1 1 1 1 1 1 1 1 1 1 1 1 1 1 1 1 1 1 1 1 1 1 1 1 1 1 1 1 1 1 1 1 1 1 1 1 1 1 1 1 1 1 1 1 1 1 1 1 1 1 1 1 1 1 1 1 1 1 1 1 1 1 1 1 1 1 1 1 1 1 1 1 1 1 1 1 1 1 1 1 1 1 1 1 1 1 1 1 1 1 1 1 1 1 1 1 1 1 1 1 1 1 1 1 1 1 1 1 1 1 1 1 1 1 1 1 1 1 1 1 1 1 1 1 1 1 1 1 1 1 1 1 1 1 1 1 1 1 1 1 1 1 1 1 1 1 1 1 1 1 1 1 1 1 1 1 1 1 1 1 1 1 1 1 1 1 1 1 1 1 1 1 1 1 1 1 1 1 1 1 1 1 1 1 1 1 1 1 1 1 1 1 1 1 1 1 1 1 1 1 1 1 1 1 1 1 1 1 1 1 1 1 1 1 1 1 1 1 1 1 1 1 1 1 1 1 1 1 1 1 1 1 1 1 1 1 1 1 1 1 1 1 1 1 1 1 1 1 1 1 1 1 1 1 1 1 1 1 1 1 1 1 1 1 1 1 1 1 1 1 1 1 1 1 1 1 1 1 1 1 1 1 1 1 1 1 1 1 1 1 1 1 1 1 1 1 1 1 1 1 1 1 1 1 1 1 1 1 1 1 1 1 1 1 1 1 1 1 1 1 1 1 1 1 1 1 1 1 1 1 1 1 1 1 1 1 1 1 1 1 1 1 1 1 1 1 1 1 1 1 1 1 1 1 1 1 1 1 1 1 1 1 1 1 1 1 1 1 1 1 1 1 1 1 1 1 1 1 1 1 1 1 1 1 1 1 1 1 1 1 1 1 1 1 1 1 1 1 1 1 1 1 1 1 1 1 1 1 1 1 1 1 1 1 1 1 1 1 1 1 1 1 1 1 1 1 1 1 1 1 1 1 1 1 1 1 1 1 1 1 1 1 1 1 1 1 1 1 1 1 1 1 1 1 1 1 1 1 1 1 1 1 1 1 1 1 1 1 1 1 1 1 1 1 1 1 1 1 1 1 1 1 1 1 1 1 1 1 1 1 1 1 1 1 1 1 1 1 1 1 1 1 1 1 1 1 1 1 1 1 1 1 1 1 1 1 1 1 1 1 1 1 1 1 1 1 1 1 1 1 1 1 1 1 1 1 1 1 1 1 1 1 1 1 1 1 1 1 1 1 1 1 1 1 1 1 1 1 1 1 1 1 1 1 1 1 1 1 1 1 1 1 1 1 1 1 1 1 1 1 1 1 1 1 1 1 1 1 1 1 1 1 1 1 1 1 1 1 1 1 1 1 1 1 1 1 1 1 1 1 1 1 1 1 1 1 1 1 1 1 1 1 1 1 1 1 1 1 1 1 1 1 1 1 1 1 1 1 1 1 1 1 1 1 1 1 1 1 1 1 1 1 1 1 1 1 1 1 1 1 1 1 1 1 1 1 1 1 1 1 1 1 1 1 1 1 1 1 1 1 1 1 1 1 1 1 1 1 1 1 1 1 1 1 1 1 1 1 1 1 1 1 1 1 1 1 1 1 1 1 1 1 1 1 1 1 1 1 1 1 1 1 1 1 1 1 1 1 1 1 1 1 1 1 1 1 1 1 1 1 1 1 1 1 1 1 1 1 1 1 1 1 1 1 1 1 1 1 1 1 1 1 1 1 1 1 1 1 1 1 1 1 1 1 1 1 1 1 1 1 1 1 1 1 1 1 1 1 1 1 1 1 1 1 1 1 1 1 1 1 1 1 1 1 1 1 1 1 1 1 1 1 1 1 1 1 1 1 1 1 1 1 1 1 1 1 1 1 1 1 1 1 1 1 1 1 1 1 1 1 1 1 1 1 1 1 1 1 1 1 1 1 1 1 1 1 1 1 1 1 1 1 1 1 1 1 1 1 1 1 1 1 1 1 1 1 1 1 1 1 1 1 1 1 1 1 1 1 1 1 1 1 1 1 1 1 1 1 1 1 1 1 1 1 1 1 1 1 1 1 1 1 1 1 1 1 1 1 1 1 1 1 1 1 1 1 1 1 1 1 1 1 1 1 1 1 1 1 1 1 1 1 1 1 1 1 1 1 1 1 1 1 1 1 1 1 1 1 1 1 1 1 1 1 1 1 1 1 1 1 1 1 1 1 1 1 1 1 1 1 1 1 1 1 1 1 1 1 1 1 1 1 1 1 1 1 1 1 1 1 1 1 1 1 1 1 1 1 1 1 1 1 1 1 1 1 1 1 1 1 1 1 1 1 1 1 1 1 1 1 1 1 1 1 1 1 1 1 1 1 1 1 1 1 1 1 1 1 1 1 1 1 1 1 1 1 1 1 1 1 1 1 1 1 1 1 1 1 1 1 1 1 1 1 1 1 1 1 1 1 1 1 1 1 1 1 1 1 1 1 1 1 1 1 1 1 1 1 1 1 1 1 1 1 1 1 1 1 1 1 1 1 1 1 1 1 1 1 1 1 1 1 1 1 1 1 1 1 1 1 1 1 1 1 1 1 1 1 1 1 1 1 1 1 1 1 1 1 1 1 1 1 1 1 1 1 1 1 1 1 1 1 1 1 1 1 1 1 1 1 1 1 1 1 1 1 1 1 1 1 1 1 1 1 1 1 1 1 1 1 1 1 1 1 1 1 1 1 1 1 1 1 1 1 1 1 1 1 1 1 1 1 1 1 1 1 1 1 1 1 1 1 1 1 1 1 1 1 1 1 1 1 1 1 1 1 1 1 1 1 1 1 1 1 1 1 1 1 1 1 1 1 1 1 1 1 1 1 1 1 1 1 1 1 1 1 1 1 1 1 1 1 1 1 1 1 1 1 1 1 1 1 1 1 1 1 1 1 1 1 1 1 1 1 1 1 1 1 1 1 1 1 1 1 1 1 1 1 1 1 1 1 1 1 1 1 1 1 1 1 1 1 1 1 1 1 1 1 1 1 1 1 1 1 1 1 1 1 1 1 1 1 1 1 1 1 1 1 1 1 1 1 1 1 1 1 1 1 1 1 1 1 1 1 1 1 1 1 1 1 1 1 1 1 1 1 1 1 1 1 1 1 1 1 1 1 1 1 1 1 1 1 1 1 1 1 1 1 1 1 1 1 1 1 1 1 1 1 1 1 1 1 1 1 1 1 1 1 1 1 1 1 1 1 1 1 1 1 1 1 1 1 1 1 1 1 1 1 1 1 1 1 1 1 1 1 1 1 1 1 1 1 1 1 1 1 1 1 1 1 1 1 1 1 1 1 1 1 1 1 1 1 1 1 1 1 1 1 1 1 1 1 1 1 1 1 1 1 1 1 1 1 1 1 1 1 1 1 1 1 1 1 1 1 1 1 1 1 1 1 1 1 1 1 1 1 1 1 1 1 1 1 1 1 1 1 1 1 1 1 1 1 1 1 1 1 1 1 1 1 1 1 1 1 1 1 1 1 1 1 1 1 1 1 1 1 1 1 1 1 1 1 1 1 1 1 1 1 1 1 1 1 1 1 1 1 1 1 1 1 1 1 1 1 1 1 1 1 1 1 1 1 1 1 1 1 1 1 1 1 1 1 1 1 1 1 1 1 1 1 1 1 1 1 1 1 1 1 1 1 1 1 1 1 1 1 1 1 1 1 1 1 1 1 1 1 1 1 1 1 1 1 1 1 1 1 1 1 1 1 1 1 1 1 1 1 1 1 1 1 1 1 1 1 1 1 1 1 1 1 1 1 1 1 1 1 1 1 1 1 1 1 1 1 1 1 1 1 1 1 1 1 1 1 1 1 1 1 1 1 1 1 1 1 1 1 1 1 1 1 1 1 1 1 1 1 1 1 1 1 1 1 1 1 1 1 1 1 1 1 1 1 1 1 1 1 1 1 1 1 1 1 1 1 1 1 1 1 1 1 1 1 1 1 1 1 1 1 1 1 1 1 1 1 1 1 1 1 1 1 1 1 1 1 1 1 1 1 1 1 1 1 1 1 1 1 1 1 1 1 1 1 1 1 1 1 1 1 1 1 1 1 1 1 1 1 1 1 1 1 1 1 1 1 1 1 1 1 1 1 1 1 1 1 1 1 1 1 1 1 1 1 1 1 1 1 1 1 1 1 1 1 1 1 1 1 1 1 1 1 1 1 1 1 1 1 1 1 1 1 1 1 1 1 1 1 1 1 1 1 1 1 1 1 1 1 1 1 1 1 1 1 1 1 1 1 1 1 1 1 1 1 1 1 1 1 1 1 1 1 1 1 1 1 1 1 1 1 1 1 1 1 1 1 1 1 1 1 1 1 1 1 1 1 1 1 1 1 1 1 1 1 1 1 1 1 1 1 1 1 1 1 1 1 1 1 1 1 1 1 1 1 1 1 1 1 1 1 1 1 1 1 1 1 1 1 1 1 1 1 1 1 1 1 1 1 1 1 1 1 1 1 1 1 1 1 1 1 1 1 1 1 1 1 1 1 1 1 1 1 1 1 1 1 1 1 1 1 1 1 1 1 1 1 1 1 1 1 1 1 1 1 1 1 1 1 1 1 1 1 1 1 1 1 1 1 1 1 1 1 1 1 1 1 1 1 1 1 1 1 1 1 1 1 1 1 1 1 1 1 1 1 1 1 1 1 1 1 1 1 1 1 1 1 1 1 1 1 1 1 1 1 1 1 1 1 1 1 1 1 1 1 1 1 1 1 1 1 1 1 1 1 1 1 1 1 1 1 1 1 1 1 1 1 1 1 1 1 1 1 1 1 1 1 1 1 1 1 1 1 1 1 1 1 1 1 1 1 1 1 1 1 1 1 1 1 1 1 1 1 1 1 1 1 1 1 1 1 1 1 1 1 1 1 1 1 1 1 1 1 1 1 1 1 1 1 1 1 1 1 1 1 1 1 1 1 1 1 1 1 1 1 1 1 1 1 1 1 1 1 1 1 1 1 1 1 1 1 1 1 1 1 1 1 1 1 1 1 1 1 1 1 1 1 1 1 1 1 1 1 1 1 1 1 1 1 1 1 1 1 1 1 1 1 1 1 1 1 1 1 1 1 1 1 1 1 1 1 1 1 1 1 1 1 1 1 1 1 1 1 1 1 1 1 1 1 1 1 1 1 1 1 1 1 1 1 1 1 1 1 1 1 1 1 1 1 1 1 1 1 1 1 1 1 1 1 1 1 1 1 1 1 1 1 1 1 1 1 1 1 1 1 1 1 1 1 1 1 1 1 1 1 1 1 1 1 1 1 1 1 1 1 1 1 1 1 1 1 1 1 1 1 1 1 1 1 1 1 1 1 1 1 1 1 1 1 1 1 1 1 1 1 1 1 1 1 1 1 1 1 1 1 1 1 1 1 1 1 1 1 1 1 1 1 1 1 1 1 1 1 1 1 1 1 1 1 1 1 1 1 1 1 1 1 1 1 1 1 1 1 1 1 1 1 1 1 1 1 1 1 1 1 1 1 1 1 1 1 1 1 1 1 1 1 1 1 1 1 1 1 1 1 1 1 1 1 1 1 1 1 1 1 1 1 1 1 1 1 1 1 1 1 1 1 1 1 1 1 1 1 1 1 1 1 1 1 1 1 1 1 1 1 1 1 1 1 1 1 1 1 1 1 1 1 1 1 1 1 1 1 1 1 1 1 1 1 1 1 1 1 1 1 1 1 1 1 1 1 1 1 1 1 1 1 1 1 1 1 1 1 1 1 1 1 1 1 1 1 1 1 1 1 1 1 1 1 1 1 1 1 1 1 1 1 1 1 1 1 1 1 1 1 1 1 1 1 1 1 1 1 1 1 1 1 1 1 1 1 1 1 1 1 1 1 1 1 1 1 1 1 1 1 1 1 1 1 1 1 1 1 1 1 1 1 1 1 1 1 1 1 1 1 1 1 1 1 1 1 1 1 1 1 1 1 1 1 1 1 1 1 1 1 1 1 1 1 1 1 1 1 1 1 1 1 1 1 1 1 1 1 1 1 1 1 1 1 1 1 1 1 1 1 1 1 1 1 1 1 1 1 1 1 1 1 1 1 1 1 1 1 1 1 1 1 1 1 1 1 1 1 1 1 1 1 1 1 1 1 1 1 1 1 1 1 1 1 1 1 1 1 1 1 1 1 1 1 1 1 1 1 1 1 1 1 1 1 1 1 1 1 1 1 1 1 1 1 1 1 1 1 1 1 1 1 1 1 1 1 1 1 1 1 1 1 1 1 1 1 1 1 1 1 1 1 1 1 1 1 1 1 1 1 1 1 1 1 1 1 1 1 1 1 1 1 1 1 1 1 1 1 1 1 1 1 1 1 1 1 1 1 1 1 1 1 1 1 1 1 1 1 1 1 1 1 1 1 1 1 1 1 1 1 1 1 1 1 1 1 1 1 1 1 1 1 1 1 1 1 1 1 1 1 1 1 1 1 1 1 1 1 1 1 1 1 1 1 1 1 1 1 1 1 1 1 1 1 1 1 1 1 1 1 1 1 1 1 1 1 1 1 1 1 1 1 1 1 1 1 1 1 1 1 1 1 1 1 1 1 1 1 1 1 1 1 1 1 1 1 1 1 1 1 1 1 1 1 1 1 1 1 1 1 1 1 1 1 1 1 1 1 1 1 1 1 1 1 1 1 1 1 1 1 1 1 1 1 1 1 1 1 1 1 1 1 1 1 1 1 1 1 1 1 1 1 1 1 1 1 1 1 1 1 1 1 1 1 1 1 1 1 1 1 1 1 1 1 1 1 1 1 1 1 1 1 1 1 1 1 1 1 1 1 1 1 1 1 1 1 1 1 1 1 1 1 1 1 1 1 1 1 1 1 1 1 1 1 1 1 1 1 1 1 1 1 1 1 1 1 1 1 1 1 1 1 1 1 1 1 1 1 1 1 1 1 1 1 1 1 1 1 1 1 1 1 1 1 1 1 1 1 1 1 1 1 1 1 1 1 1 1 1 1 1 1 1 1 1 1 1 1 1 1 1 1 1 1 1 1 1 1 1 1 1 1 1 1 1 1 1 1 1 1 1 1 1 1 1 1 1 1 1 1 1 1 1 1 1 1 1 1 1 1 1 1 1 1 1 1 1 1 1 1 1 1 1 1 1 1 1 1 1 1 1 1 1 1 1 1 1 1 1 1 1 1 1 1 1 1 1 1 1 1 1 1 1 1 1 1 1 1 1 1 1 1 1 1 1 1 1 1 1 1 1 1 1 1 1 1 1 1 1 1 1 1 1 1 1 1 1 1 1 1 1 1 1 1 1 1 1 1 1 1 1 1 1 1 1 1 1 1 1 1 1 1 1 1 1 1 1 1 1 1 1 1 1 1 1 1 1 1 1 1 1 1 1 1 1 1 1 1 1 1 1 1 1 1 1 1 1 1 1 1 1 1 1 1 1 1 1 1 1 1 1 1 1 1 1 1 1 1 1 1 1 1 1 1 1 1 1 1 1 1 1 1 1 1 1 1 1 1 1 1 1 1 1 1 1 1 1 1 1 1 1 1 1 1 1 1 1 1 1 1 1 1 1 1 1 1 1 1 1 1 1 1 1 1 1 1 1 1 1 1 1 1 1 1 1 1 1 1 1 1 1 1 1 1 1 1 1 1 1 1 1 1 1 1 1 1 1 1 1 1 1 1 1 1 1 1 1 1 1 1 1 1 1 1 1 1 1 1 1 1 1 1 1 1 1 1 1 1 1 1 1 1 1 1 1 1 1 1 1 1 1 1 1 1 1 1 1 1 1 1 1 1 1 1 1 1 1 1 1 1 1 1 1 1 1 1 1 1 1 1 1 1 1 1 1 1 1 1 1 1 1 1 1 1 1 1 1 1 1 1 1 1 1 1 1 1 1 1 1 1 1 1 1 1 1 1 1 1 1 1 1 1 1 1 1 1 1 1 1 1 1 1 1 1 1 1 1 1 1 1 1 1 1 1 1 1 1 1 1 1 1 1 1 1 1 1 1 1 1 1 1 1 1 1 1 1 1 1 1 1 1 1 1 1 1 1 1 1 1 1 1 1 1 1 1 1 1 1 1 1 1 1 1 1 1 1 1 1 1 1 1 1 1 1 1 1 1 1 1 1 1 1 1 1 1 1 1 1 1 1 1 1 1 1 1 1 1 1 1 1 1 1 1 1 1 1 1 1 1 1 1 1 1 1 1 1 1 1 1 1 1 1 1 1 1 1 1 1 1 1 1 1 1 1 1 1 1 1 1 1 1 1 1 1 1 1 1 1 1 1 1 1 1 1 1 1 1 1 1 1 1 1 1 1 1 1 1 1 1 1 1 1 1 1 1 1 1 1 1 1 1 1 1 1 1 1 1 1 1 1 1 1 1 1 1 1 1 1 1 1 1 1 1 1 1 1 1 1 1 1 1 1 1 1 1 1 1 1 1 1 1 1 1 1 1 1 1 1 1 1 1 1 1 1 1 1 1 1 1 1 1 1 1 1 1 1 1 1 1 1 1 1 1 1 1 1 1 1 1 1 1 1 1 1 1 1 1 1 1 1 1 1 1 1 1 1 1 1 1 1 1 1 1 1 1 1 1 1 1 1 1 1 1 1 1 1 1 1 1 1 1 1 1 1 1 1 1 1 1 1 1 1 1 1 1 1 1 1 1 1 1 1 1 1 1 1 1 1 1 1 1 1 1 1 1 1 1 1 1 1 1 1 1 1 1 1 1 1 1 1 1 1 1 1 1 1 1 1 1 1 1 1 1 1 1 1 1 1 1 1 1 1 1 1 1 1 1 1 1 1 1 1 1 1 1 1 1 1 1 1 1 1 1 1 1 1 1 1 1 1 1 1 1 1 1 1 1 1 1 1 1 1 1 1 1 1 1 1 1 1 1 1 1 1 1 1 1 1 1 1 1 1 1 1 1 1 1 1 1 1 1 1 1 1 1 1 1 1 1 1 1 1 1 1 1 1 1 1 1 1 1 1 1 1 1 1 1 1 1 1 1 1 1 1 1 1 1 1 1 1 1 1 1 1 1 1 1 1 1 1 1 1 1 1 1 1 1 1 1 1 1 1 1 1 1 1 1 1 1 1 1 1 1 1 1 1 1 1 1 1 1 1 1 1 1 1 1 1 1 1 1 1 1 1 1 1 1 1 1 1 1 1 1 1 1 1 1 1 1 1 1 1 1 1 1 1 1 1 1 1 1 1 1 1 1 1 1 1 1 1 1 1 1 1 1 1 1 1 1 1 1 1 1 1 1 1 1 1 1 1 1 1 1 1 1 1 1 1 1 1 1 1 1 1 1 1 1 1 1 1 1 1 1 1 1 1 1 1 1 1 1 1 1 1 1 1 1 1 1 1 1 1 1 1 1 1 1 1 1 1 1 1 1 1 1 1 1 1 1 1 1 1 1 1 1 1 1 1 1 1 1 1 1 1 1 1 1 1 1 1 1 1 1 1 1 1 1 1 1 1 1 1 1 1 1 1 1 1 1 1 1 1 1 1 1 1 1 1 1 1 1 1 1 1 1 1 1 1 1 1 1 1 1 1 1 1 1 1 1 1 1 1 1 1 1 1 1 1 1 1 1 1 1 1 1 1 1 1 1 1 1 1 1 1 1 1 1 1 1 1 1 1 1 1 1 1 1 1 1 1 1 1 1 1 1 1 1 1 1 1 1 1 1 1 1 1 1 1 1 1 1 1 1 1 1 1 1 1 1 1 1 1 1 1 1 1 1 1 1 1 1 1 1 1 1 1 1 1 1 1 1 1 1 1 1 1 1 1 1 1 1 1 1 1 1 1 1 1 1 1 1 1 1 1 1 1 1 1 1 1 1 1 1 1 1 1 1 1 1 1 1 1 1 1 1 1 1 1 1 1 1 1 1 1 1 1 1 1 1 1 1 1 1 1 1 1 1 1 1 1 1 1 1 1 1 1 1 1 1 1 1 1 1 1 1 1 1 1 1 1 1 1 1 1 1 1 1 1 1 1 1 1 1 1 1 1 1 1 1 1 1 1 1 1 1 1 1 1 1 1 1 1 1 1 1 1 1 1 1 1 1 1 1 1 1 4 4 4 4 4 4 4 4 4 4 4 4 4 4 4 4 4 4 4 4 4 4 4 4 4 4 4 4 4 4 4 4 4 4 4 4 4 4 4 4 4 4 4 4 4 4 4 4 4 4 4 4 4 4 4 4 4 4 4 4 4 4 4 4 4 4 4 4 4 4 4 4 4 4 4 4 4 4 4 4 4 4 4 4 4 4 4 4 4 4 4 4 4 4 4 4 4 4 4 4 4 4 4 4 4 4 4 4 4 4 4 4 4 4 4 4 4 4 4 4 4 4 4 4 1 1 1 1 1 1 1 1 1 1 1 1 1 1 1 1 1 1 1 1 1 1 1 1 1 1 1 1 1 1 1 1 1 1 1 1 1 1 1 1 1 1 1 1 1 1 1 1 1 1 1 1 1 1 1 1 1 1 1 1 1 1 1 1 1 1 1 1 1 1 1 1 1 1 1 1 1 1 1 1 1 1 1 1 1 1 1 1 1 1 1 1 1 1 1 1 1 1 1 1 1 1 1 1 1 1 1 1 1 1 1 1 1 1 1 1 1 1 1 1 1 1 1 1 1 1 1 1 1 1 1 1 1 1 1 1 1 1 1 1 1 1 1 1 1 1 1 1 1 1 1 1 1 1 1 1 1 1 1 1 1 1 1 1 1 1 1 1 1 1 1 1 1 1 1 1 1 1 1 1 1 1 1 1 1 1 1 1 1 1 1 1 1 1 1 1 1 1 1 1 1 1 1 1 1 1 1 1 1 1 1 1 1 1 1 1 1 1 1 1 1 1 1 1 1 1 1 1 1 1 1 1 1 1 1 1 1 1 1 1 1 1 1 1 1 1 1 1 1 1 1 1 1 1 1 1 1 1 1 1 1 1 1 1 1 1 1 1 1 1 1 1 1 1 1 1 1 1 1 1 1 1 1 1 1 1 1 1 1 1 1 1 1 1 1 1 1 1 1 1 1 1 1 1 1 1 1 1 1 1 1 1 1 1 1 1 1 1 1 1 1 1 1 1 1 1 1 1 1 1 1 1 1 1 1 1 1 1 1 1 1 1 1 1 1 1 1 1 1 1 1 1 1 1 1 1 1 1 1 1 1 1 1 1 1 1 1 1 1 1 1 1 1 1 1 1 1 1 1 1 1 1 1 1 1 1 1 1 1 1 1 1 1 1 1 1 1 1 1 1 1 1 1 1 1 1 1 1 1 1 1 1 1 1 1 1 1 1 1 1 1 1 1 1 1 1 1 1 1 1 1 1 1 1 1 1 1 1 1 1 1 1 1 1 1 1 1 1 1 1 1 1 1 1 1 1 1 1 1 1 1 1 1 1 1 1 1 1 1 1 1 1 1 1 1 1 1 1 1 1 1 1 1 1 1 1 1 1 1 1 1 1 1 1 1 1 1 1 1 1 1 1 1 1 1 1 1 1 1 1 1 1 1 1 1 1 1 1 1 1 1 1 1 1 1 1 1 1 1 1 1 1 1 1 1 1 1 1 1 1 1 1 1 1 1 1 1 1 1 1 1 1 1 1 1 1 1 1 1 1 1 1 1 1 1 1 1 1 1 1 1 1 1 1 1 1 1 1 1 1 1 1 1 1 1 1 1 1 1 1 1 1 1 1 1 1 1 1 1 1 1 1 1 1 1 1 1 1 1 1 1 1 1 1 1 1 1 1 1 1 1 1 1 1 1 1 1 1 1 1 1 1 1 1 1 1 1 1 1 1 1 1 1 1 1 1 1 1 1 1 1 1 1 1 1 1 1 1 1 1 1 1 1 1 1 1 1 1 1 1 1 1 1 1 1 1 1 1 1 1 1 1 1 1 1 1 1 1 1 1 1 1 1 1 1 1 1 1 1 1 1 1 1 1 1 1 1 1 1 1 1 1 1 1 1 1 1 1 1 1 1 1 1 1 1 1 1 1 1 1 1 1 1 1 1 1 1 1 1 1 1 1 1 1 1 1 1 1 1 1 1 1 1 1 1 1 1 1 1 1 1 1 1 1 1 1 1 1 1 1 1 1 1 1 1 1 1 1 1 1 1 1 1 1 1 1 1 1 1 1 1 1 1 1 1 1 1 1 1 1 1 1 1 1 1 1 1 1 1 1 1 1 1 1 1 1 1 1 1 1 1 1 1 1 1 1 1 1 1 1 1 1 1 1 1 1 1 1 1 1 1 1 1 1 1 1 1 1 1 1 1 1 1 1 1 1 1 1 1 1 1 1 1 1 1 1 1 1 1 1 1 1 1 1 1 1 1 1 1 1 1 1 1 1 1 1 1 1 1 1 1 1 1 1 1 1 1 1 1 1 1 1 1 1 1 1 1 1 1 1 1 1 1 1 1 1 1 1 1 1 1 1 1 1 1 1 1 1 1 1 1 1 1 1 1 1 1 1 1 1 1 1 1 1 1 1 1 1 1 1 1 1 1 1 1 1 1 1 1 1 1 1 1 1 1 1 1 1 1 1 1 1 1 1 1 1 1 1 1 1 1 1 1 1 1 1 1 1 1 1 1 1 1 1 1 1 1 1 1 1 1 1 1 1 1 1 1 1 1 1 1 1 1 1 1 1 1 1 1 1 1 1 1 1 1 1 1 1 1 1 1 1 1 1 1 1 1 1 1 1 1 1 1 1 1 1 1 1 1 1 1 1 1 1 1 1 1 1 1 1 1 1 1 1 1 1 1 1 1 1 1 1 1 1 1 1 1 1 1 1 1 1 1 1 1 1 1 1 1 1 1 1 1 1 1 1 1 1 1 1 1 1 1 1 1 1 1 1 1 1 1 1 1 1 1 1 1 1 1 1 1 1 1 1 1 1 1 1 1 1 1 1 1 1 1 1 1 1 1 1 1 1 1 1 1 1 1 1 1 1 1 1 1 1 1 1 1 1 1 1 1 1 1 1 1 1 1 1 1 1 1 1 1 1 1 1 1 1 1 1 1 1 1 1 1 1 1 1 1 1 1 1 1 1 1 1 1 1 1 1 1 1 1 1 1 1 1 1 1 1 1 1 1 1 1 1 1 1 1 1 1 1 1 1 1 1 1 1 1 1 1 1 1 1 1 1 1 1 1 1 1 1 1 1 1 1 1 1 1 1 1 1 1 1 1 1 1 1 1 1 1 1 1 1 1 1 1 1 1 1 1 1 1 1 1 1 1 1 1 1 1 1 1 1 1 1 1 1 1 1 1 1 1 1 1 1 1 1 1 1 1 1 1 1 1 1 1 1 1 1 1 1 1 1 1 1 1 1 1 1 1 1 1 1 1 1 1 1 1 1 1 1 1 1 1 1 1 1 1 1 1 1 1 1 1 1 1 1 1 1 1 1 1 1 1 1 1 1 1 1 1 1 1 1 1 1 1 1 1 1 1 1 1 1 1 1 1 1 1 1 1 1 1 1 1 1 1 1 1 1 1 1 1 1 1 1 1 1 1 1 1 1 1 1 1 1 1 1 1 1 1 1 1 1 1 1 1 1 1 1 1 1 1 1 1 1 1 1 1 1 1 1 1 1 1 1 1 1 1 1 1 1 1 1 1 1 1 1 1 1 1 1 1 1 1 1 1 1 1 1 1 1 1 1 1 1 1 1 1 1 1 1 1 1 1 1 1 1 1 1 1 1 1 1 1 1 1 1 1 1 1 1 1 1 1 1 1 1 1 1 1 1 1 1 1 1 1 1 1 1 1 1 1 1 1 1 1 1 1 1 1 1 1 1 1 1 1 1 1 1 1 1 1 1 1 1 1 1 1 1 1 1 1 1 1 1 1 1 1 1 1 1 1 1 1 1 1 1 1 1 1 1 1 1 1 1 1 1 1 1 1 1 1 1 1 1 1 1 1 1 1 1 1 1 1 1 1 1 1 1 1 1 1 1 1 1 1 1 1 1 1 1 1 1 1 1 1 1 1 1 1 1 1 1 1 1 1 1 1 1 1 1 1 1 1 1 1 1 1 1 1 1 1 1 1 1 1 1 1 1 1 1 1 1 1 1 1 1 1 1 1 1 1 1 1 1 1 1 1 1 1 1 1 1 1 1 1 1 1 1 1 1 1 1 1 1 1 1 1 1 1 1 1 1 1 1 1 1 1 1 1 1 1 1 1 1 1 1 1 1 1 1 1 1 1 1 1 1 1 1 1 1 1 1 1 1 1 1 1 1 1 1 1 1 1 1 1 1 1 1 1 1 1 1 1 1 1 1 1 1 1 1 1 1 1 1 1 1 1 1 1 1 1 1 1 1 1 1 1 1 1 1 1 1 1 1 1 1 1 1 1 1 1 1 1 1 1 1 1 1 1 1 1 1 1 1 1 1 1 1 1 1 1 1 1 1 1 1 1 1 1 1 1 1 1 1 1 1 1 1 1 1 1 1 1 1 1 1 1 1 1 1 1 1 1 1 1 1 1 1 1 1 1 1 1 1 1 1 1 1 1 1 1 1 1 1 1 1 1 1 1 1 1 1 1 1 1 1 1 1 1 1 1 1 1 1 1 1 1 1 1 1 1 1 1 1 1 1 1 1 1 1 1 1 1 1 1 1 1 1 1 1 1 1 1 1 1 1 1 1 1 1 1 1 1 1 1 1 1 1 1 1 1 1 1 1 1 1 1 1 1 1 1 1 1 1 1 1 1 1 1 1 1 1 1 1 1 1 1 1 1 1 1 1 1 1 1 1 1 1 1 1 1 1 1 1 1 1 1 1 1 1 1 1 1 1 1 1 1 1 1 1 1 1 1 1 1 1 1 1 1 1 1 1 1 1 1 1 1 1 1 1 1 1 1 1 1 1 1 1 1 1 1 1 1 1 1 1 1 1 1 1 1 1 1 1 1 1 1 1 1 1 1 1 1 1 1 1 1 1 1 1 1 1 1 1 1 1 1 1 1 1 1 1 1 1 1 1 1 1 1 1 1 1 1 1 1 1 1 1 1 1 1 1 1 1 1 1 1 1 1 1 1 1 1 1 1 1 1 1 1 1 1 1 1 1 1 1 1 1 1 1 1 1 1 1 1 1 1 1 1 1 1 1 1 1 1 1 1 1 1 1 1 1 1 1 1 1 1 1 1 1 1 1 1 1 1 1 1 1 1 1 1 1 1 1 1 1 1 1 1 1 1 1 1 1 1 1 1 1 1 1 1 1 1 1 1 1 1 1 1 1 1 1 1 1 1 1 1 1 1 1 1 1 1 1 1 1 1 1 1 1 1 1 1 1 1 1 1 1 1 1 1 1 1 1 1 1 1 1 1 1 1 1 1 1 1 1 1 1 1 1 1 1 1 1 1 1 1 1 1 1 1 1 1 1 1 1 1 1 1 1 1 1 1 1 1 1 1 1 1 1 1 1 1 1 1 1 1 1 1 1 1 1 1 1 1 1 1 1 1 1 1 1 1 1 1 1 1 1 1 1 1 1 1 1 1 1 1 1 1 1 1 1 1 1 1 1 1 1 1 1 1 1 1 1 1 1 1 1 1 1 1 1 1 1 1 1 1 1 1 1 1 1 1 1 1 1 1 1 1 1 1 1 1 1 1 1 1 1 1 1 1 1 1 1 1 1 1 1 1 1 1 1 1 1 1 1 1 1 1 1 1 1 1 1 1 1 1 1 1 1 1 1 1 1 1 1 1 1 1 1 1 1 1 1 1 1 1 1 1 1 1 1 1 1 1 1 1 1 1 1 1 1 1 1 1 1 1 1 1 1 1 1 1 1 1 1 1 1 1 1 1 1 1 1 1 1 1 1 1 1 1 1 1 1 1 1 1 1 1 1 1 1 1 1 1 1 1 1 1 1 1 1 1 1 1 1 1 1 1 1 1 1 1 1 1 1 1 1 1 1 1 1 1 1 1 1 1 1 1 1 1 1 1 1 1 1 1 1 1 1 1 1 1 1 1 1 1 1 1 1 1 1 1 1 1 1 1 1 1 1 1 1 1 1 1 1 1 1 1 1 1 1 1 1 1 1 1 1 1 1 1 1 1 1 1 1 1 1 1 1 1 1 1 1 1 1 1 1 1 1 1 1 1 1 1 1 1 1 1 1 1 1 1 1 1 1 1 1 1 1 1 1 1 1 1 1 1 1 1 1 1 1 1 1 1 1 1 1 1 1 1 1 1 1 1 1 1 1 1 1 1 1 1 1 1 1 1 1 1 1 1 1 1 1 1 1 1 1 1 1 1 1 1 1 1 1 1 1 1 1 1 1 1 1 1 1 1 1 1 1 1 1 1 1 1 1 1 1 1 1 1 1 1 1 1 1 1 1 1 1 1 1 1 1 1 1 1 1 1 1 1 1 1 1 1 1 1 1 1 1 1 1 1 1 1 1 1 1 1 1 1 1 1 1 1 1 1 1 1 1 1 1 1 1 1 1 1 1 1 1 1 1 1 1 1 1 1 1 1 1 1 1 1 1 1 1 1 1 1 1 1 1 1 1 1 1 1 1 1 1 1 1 1 1 1 1 1 1 1 1 1 1 1 1 1 1 1 1 1 1 1 1 1 1 1 1 1 1 1 1 1 1 1 1 1 1 1 1 1 1 1 1 1 1 1 1 1 1 1 1 1 1 1 1 1 1 1 1 1 1 1 1 1 1 1 1 1 1 1 1 1 1 1 1 1 1 1 1 1 1 1 1 1 1 1 1 1 1 1 1 1 1 1 1 1 1 1 1 1 1 1 1 1 1 1 1 1 1 1 1 1 1 1 1 1 1 1 1 1 1 1 1 1 1 1 1 1 1 1 1 1 1 1 1 1 1 1 1 1 1 1 1 1 1 1 1 1 1 1 1 1 1 1 1 1 1 1 1 1 1 1 1 1 1 1 1 1 1 1 1 1 1 1 1 1 1 1 1 1 1 1 1 1 1 1 1 1 1 1 1 1 1 1 1 1 1 1 1 1 1 1 1 1 1 1 1 1 1 1 1 1 1 1 1 1 1 1 1 1 1 1 1 1 1 1 1 1 1 1 1 1 1 1 1 1 1 1 1 1 1 1 1 1 1 1 1 1 1 1 1 1 1 1 1 1 1 1 1 1 1 1 1 1 1 1 1 1 1 1 1 1 1 1 1 1 1 1 1 1 1 1 1 1 1 1 1 1 1 1 1 1 1 1 1 1 1 1 1 1 1 1 1 1 1 1 1 1 1 1 1 1 1 1 1 1 1 1 1 1 1 1 1 1 1 1 1 1 1 1 1 1 1 1 1 1 1 1 1 1 1 1 1 1 1 1 1 1 1 1 1 1 1 1 1 1 1 1 1 1 1 1 1 1 1 1 1 1 1 1 1 1 1 1 1 1 1 1 1 1 1 1 1 1 1 1 1 1 1 1 1 1 1 1 1 1 1 1 1 1 1 1 1 1 1 1 1 1 1 1 1 1 1 1 1 1 1 1 1 1 1 1 1 1 1 1 1 1 1 1 1 1 1 1 1 1 1 1 1 1 1 1 1 1 1 1 1 1 1 1 1 1 1 1 1 1 1 1 1 1 1 1 1 1 1 1 1 1 1 1 1 1 1 1 1 1 1 1 1 1 1 1 1 1 1 1 1 1 1 1 1 1 1 1 1 1 1 1 1 1 1 1 1 1 1 1 1 1 1 1 1 1 1 1 1 1 1 1 1 1 1 1 1 1 1 1 1 1 1 1 1 1 1 1 1 1 1 1 1 1 1 1 1 1 1 1 1 1 1 1 1 1 1 1 1 1 1 1 1 1 1 1 1 1 1 1 1 1 1 1 1 1 1 1 1 1 1 1 1 1 1 1 1 1 1 1 1 1 1 1 1 1 1 1 1 1 1 1 1 1 1 1 1 1 1 1 1 1 1 1 1 1 1 1 1 1 1 1 1 1 1 1 1 1 1 1 1 1 1 1 1 1 1 1 1 1 1 1 1 1 1 1 1 1 1 1 1 1 1 1 1 1 1 1 1 1 1 1 1 1 1 1 1 1 1 1 1 1 1 1 1 1 1 1 1 1 1 1 1 1 1 1 1 1 1 1 1 1 1 1 1 1 1 1 1 1 1 1 1 1 1 1 1 1 1 1 1 1 1 1 1 1 1 1 1 1 1 1 1 1 1 1 1 1 1 1 1 1 1 1 1 1 1 1 1 1 1 1 1 1 1 1 1 1 1 1 1 1 1 1 1 1 1 1 1 1 1 1 1 1 1 1 1 1 1 1 1 1 1 1 1 1 1 1 1 1 1 1 1 1 1 1 1 1 1 1 1 1 1 1 1 1 1 1 1 1 1 1 1 1 1 1 1 1 1 1 1 1 1 1 1 1 1 1 1 1 1 1 1 1 1 1 1 1 1 1 1 1 1 1 1 1 1 1 1 1 1 1 1 1 1 1 1 1 1 1 1 1 1 1 1 1 1 1 1 1 1 1 1 1 1 1 1 1 1 1 1 1 1 1 1 1 1 1 1 1 1 1 1 1 1 1 1 1 1 1 1 1 1 1 1 1 1 1 1 1 1 1 1 1 1 1 1 1 1 1 1 1 1 1 1 1 1 1 1 1 1 1 1 1 1 1 1 1 1 1 1 1 1 1 1 1 1 1 1 1 1 1 1 1 1 1 1 1 1 1 1 1 1 1 1 1 1 1 1 1 1 1 1 1 1 1 1 1 1 1 1 1 1 1 1 1 1 1 1 1 1 1 1 1 1 1 1 1 1 1 1 1 1 1 1 1 1 1 1 1 1 1 1 1 1 1 1 1 1 1 1 1 1 1 1 1 1 1 1 1 1 1 1 1 1 1 1 1 1 1 1 1 1 1 1 1 1 1 1 1 1 1 1 1 1 1 1 1 1 1 1 1 1 1 1 1 1 1 1 1 1 1 1 1 1 1 1 1 1 1 1 1 1 1 1 1 1 1 1 1 1 1 1 1 1 1 1 1 1 1 1 1 1 1 1 1 1 1 1 1 1 1 1 1 1 1 1 1 1 1 1 1 1 1 1 1 1 1 1 1 1 1 1 1 1 1 1 1 1 1 1 1 1 1 1 1 1 1 1 1 1 1 1 1 1 1 1 1 1 1 1 1 1 1 1 1 1 1 1 1 1 1 1 1 1 1 1 1 1 1 1 1 1 1 1 1 1 1 1 1 1 1 1 1 1 1 1 1 1 1 1 1 1 1 1 1 1 1 1 1 1 1 1 1 1 1 1 1 1 1 1 1 1 1 1 1 1 1 1 1 1 1 1 1 1 1 1 1 1 1 1 1 1 1 1 1 1 1 1 1 1 1 1 1 1 1 1 1 1 1 1 1 1 1 1 1 1 1 1 1 1 1 1 1 1 1 1 1 1 1 1 1 1 1 1 1 1 1 1 1 1 1 1 1 1 1 1 1 1 1 1 1 1 1 1 1 1 1 1 1 1 1 1 1 1 1 1 1 1 1 1 1 1 1 1 1 1 1 1 1 1 1 1 1 1 1 1 1 1 1 1 1 1 1 1 1 1 1 1 1 1 1 1 1 1 1 1 1 1 1 1 1 1 1 1 1 1 1 1 1 1 1 1 1 1 1 1 1 1 1 1 1 1 1 1 1 1 1 1 1 1 1 1 1 1 1 1 1 1 1 1 1 1 1 1 1 1 1 1 1 1 1 1 1 1 1 1 1 1 1 1 1 1 1 1 1 1 1 1 1 1 1 1 1 1 1 1 1 1 1 1 1 1 1 1 1 1 1 1 1 1 1 1 1 1 1 1 1 1 1 1 1 1 1 1 1 1 1 1 1 1 1 1 1 1 1 1 1 1 1 1 1 1 1 1 1 1 1 1 1 1 1 1 1 1 1 1 1 1 1 1 1 1 1 1 1 1 1 1 1 1 1 1 1 1 1 1 1 1 1 1 1 1 1 1 1 1 1 1 1 1 1 1 1 1 1 1 1 1 1 1 1 1 1 1 1 1 1 1 1 1 1 1 1 1 1 1 1 1 1 1 1 1 1 1 1 1 1 1 1 1 1 1 1 1 1 1 1 1 1 1 1 1 1 1 1 1 1 1 1 1 1 1 1 1 1 1 1 1 1 1 1 1 1 1 1 1 1 1 1 1 1 1 1 1 1 1 1 1 1 1 1 1 1 1 1 1 1 1 1 1 1 1 1 1 1 1 1 1 1 1 1 1 1 1 1 1 1 1 1 1 1 1 1 1 1 1 1 1 1 1 1 1 1 1 1 1 1 1 1 1 1 1 1 1 1 1 1 1 1 1 1 1 1 1 1 1 1 1 1 1 1 1 1 1 1 1 1 1 1 1 1 1 1 1 1 1 1 1 1 1 1 1 1 1 1 1 1 1 1 1 1 1 1 1 1 1 1 1 1 1 1 1 1 1 1 1 1 1 1 1 1 1 1 1 1 1 1 1 1 1 1 1 1 1 1 1 1 1 1 1 1 1 1 1 1 1 1 1 1 1 1 1 1 1 1 1 1 1 1 1 1 1 1 1 1 1 1 1 1 1 1 1 1 1 1 1 1 1 1 1 1 1 1 1 1 1 1 1 1 1 1 1 1 1 1 1 1 1 1 1 1 1 1 1 1 1 1 1 1 1 1 1 1 1 1 1 1 1 1 1 1 1 1 1 1 1 1 1 1 1 1 1 1 1 1 1 1 1 1 1 1 1 1 1 1 1 1 1 1 1 1 1 1 1 1 1 1 1 1 1 1 1 1 1 1 1 1 1 1 1 1 1 1 1 1 1 1 1 1 1 1 1 1 1 1 1 1 1 1 1 1 1 1 1 1 1 1 1 1 1 1 1 1 1 1 1 1 1 1 1 1 1 1 1 1 1 1 1 1 1 1 1 1 1 1 1 1 1 1 1 1 1 1 1 1 1 1 1 1 1 1 1 1 1 1 1 1 1 1 1 1 1 1 1 1 1 1 1 1 1 1 1 1 1 1 1 1 1 1 1 1 1 1 1 1 1 1 1 1 1 1 1 1 1 1 1 1 1 1 1 1 1 1 1 1 1 1 1 1 1 1 1 1 1 1 1 1 1 1 1 1 1 1 1 1 1 1 1 1 1 1 1 1 1 1 1 1 1 1 1 1 1 1 1 1 1 1 1 1 1 1 1 1 1 1 1 1 1 1 1 1 1 1 1 1 1 1 1 1 1 1 1 1 1 1 1 1 1 1 1 1 1 1 1 1 1 1 1 1 1 1 1 1 1 1 1 1 1 1 1 1 1 1 1 1 1 1 1 1 1 1 1 1 1 1 1 1 1 1 1 1 1 1 1 1 1 1 1 1 1 1 1 1 1 1 1 1 1 1 1 1 1 1 1 1 1 1 1 1 1 1 1 1 1 1 1 1 1 1 1 1 1 1 1 1 1 1 1 1 1 1 1 1 1 1 1 1 1 1 1 1 1 1 1 1 1 1 1 1 1 1 1 1 1 1 1 1 1 1 1 1 1 1 1 1 1 1 1 1 1 1 1 1 1 1 1 1 1 1 1 1 1 1 1 1 1 1 1 1 1 1 1 1 1 1 1 1 1 1 1 1 1 1 1 1 1 1 1 1 1 1 1 1 1 1 1 1 1 1 1 1 1 1 1 1 1 1 1 1 1 1 1 1 1 1 1 1 1 1 1 1 1 1 1 1 1 1 1 1 1 1 1 1 1 1 1 1 1 1 1 1 1 1 1 1 1 1 1 1 1 1 1 1 1 1 1 1 1 1 1 1 1 1 1 1 1 1 1 1 1 1 1 1 1 1 1 1 1 1 1 1 1 1 1 1 1 1 1 1 1 1 1 1 1 1 1 1 1 1 1 1 1 1 1 1 1 1 1 1 1 1 1 1 1 1 1 1 1 1 1 1 1 1 1 1 1 1 1 1 1 1 1 1 1 1 1 1 1 1 1 1 1 1 1 1 1 1 1 1 1 1 1 1 1 1 1 1 1 1 1 1 1 1 1 1 1 1 1 1 1 1 1 1 1 1 1 1 1 1 1 1 1 1 1 1 1 1 1 1 1 1 1 1 1 1 1 1 1 1 1 1 1 1 1 1 1 1 1 1 1 1 1 1 1 1 1 1 1 1 1 1 1 1 1 1 1 1 1 1 1 1 1 1 1 1 1 1 1 1 1 1 1 1 1 1 1 1 1 1 1 1 1 1 1 1 1 1 1 1 1 1 1 1 1 1 1 1 1 1 1 1 1 1 1 1 1 1 1 1 1 1 1 1 1 1 1 1 1 1 1 1 1 1 1 1 1 1 1 1 1 1 1 1 1 1 1 1 1 1 1 1 1 1 1 1 1 1 1 1 1 1 1 1 1 1 1 1 1 1 1 1 1 1 1 1 1 1 1 1 1 1 1 1 1 1 1 1 1 1 1 1 1 1 1 1 1 1 1 1 1 1 1 1 1 1 1 1 1 1 1 1 1 1 1 1 1 1 1 1 1 1 1 1 1 1 1 1 1 1 1 1 1 1 1 1 1 1 1 1 1 1 1 1 1 1 1 1 1 1 1 1 1 1 1 1 1 1 1 1 1 1 4 4 4 4 4 4 4 4 4 4 4 4 4 4 4 4 4 4 4 4 4 4 4 4 4 4 4 4 4 4 4 4 4 4 4 4 4 4 4 4 4 4 4 4 4 4 4 4 4 4 4 4 4 4 4 4 4 4 4 4 4 4 4 4 4 4 4 4 4 4 4 4 4 4 4 4 4 4 4 4 4 4 4 4 4 4 4 4 4 4 4 4 4 4 4 4 4 4 4 4 4 4 4 4 4 4 4 4 4 4 4 4 4 4 4 4 4 4 4 4 4 4 4 4 4 4 4 4 4 4 4 4 4 4 4 4 4 4 4 4 4 4 4 4 4 4 4 4 4 4 4 4 4 4 4 4 4 4 4 4 4 4 4 4 4 4 4 4 4 4 4 4 4 4 4 4 4 4 4 4 4 4 4 4 4 4 4 4 4 4 4 4 4 4 4 4 4 4 4 4 4 4 4 4 4 4 4 4 4 4 4 4 4 4 4 4 4 4 4 4 4 4 4 4 4 4 4 4 4 4 4 4 4 4 4 4 4 4 4 4 4 4 4 4 4 4 4 4 4 4 4 4 4 4 4 4 4 4 4 4 4 4 4 4 4 4 4 4 4 4 4 4 4 4 4 4 4 4 4 4 4 4 4 4 4 4 4 4 4 4 4 4 4 4 4 4 4 4 4 4 4 4 4 4 4 4 4 4 4 4 4 4 4 4 4 4 4 4 4 4 4 4 4 4 4 4 4 4 4 4 4 4 4 4 4 4 4 4 4 4 4 4 4 4 4 4 4 4 4 4 4 4 4 4 4 4 4 4 4 4 4 4 4 4 4 4 4 4 4 4 4 4 4 4 4 4 4 4 4 4 4 4 4 4 4 4 4 4 4 4 4 4 4 4 4 4 4 4 4 4 4 4 4 4 4 4 4 4 4 4 4 4 4 4 4 4 4 4 4 4 4 4 4 4 4 4 4 4 4 4 4 4 4 4 4 4 4 4 4 4 4 4 4 4 4 4 4 4 4 4 4 4 4 4 4 4 4 4 4 4 4 4 4 4 4 4 4 4 4 4 4 4 4 4 4 4 4 4 4 4 4 4 4 4 4 4 4 4 4 4 4 4 4 4 4 4 4 4 4 4 4 4 4 4 4 4 4 4 4 4 4 4 4 4 4 4 4 4 4 4 4 4 4 4 4 4 4 4 4 4 4 4 4 4 4 4 4 4 4 4 4 4 4 4 4 4 4 4 4 4 4 4 4 4 4 4 4 4 4 4 4 4 4 4 4 4 4 4 4 4 4 4 4 4 4 4 4 4 4 4 4 4 4 4 4 4 4 4 4 4 4 4 4 4 4 4 4 4 4 4 4 4 4 4 4 4 4 4 4 4 4 4 4 4 4 4 4 4 4 4 4 4 4 4 4 4 4 4 4 4 4 4 4 4 4 4 4 4 4 4 4 4 4 4 4 4 4 4 4 4 4 4 4 4 4 4 4 4 4 4 4 4 4 4 4 4 4 4 4 4 4 4 4 4 4 4 4 4 4 4 4 4 4 4 4 4 4 4 4 4 4 4 4 4 4 4 4 4 4 4 4 4 4 4 4 4 4 4 4 4 4 4 4 4 4 4 4 4 4 4 4 4 4 4 4 4 4 4 4 4 4 4 4 4 4 4 4 4 4 4 4 4 4 4 4 4 4 4 4 4 4 4 4 4 4 4 4 4 4 4 4 4 4 4 4 4 4 4 4 4 4 4 4 4 4 4 4 4 4 4 4 4 4 4 4 4 4 4 4 4 4 4 4 4 4 4 4 4 4 4 4 4 4 4 4 4 4 4 4 4 4 4 4 4 4 4 4 4 4 4 4 4 4 4 4 4 4 4 4 4 4 4 4 4 4 4 4 4 4 4 4 4 4 4 4 4 4 4 4 4 4 4 4 4 4 4 4 4 4 4 4 4 4 4 4 4 4 4 4 4 4 4 4 4 4 4 4 4 4 4 4 4 4 4 4 4 4 4 4 4 4 4 4 4 4 4 4 4 4 4 4 4 4 4 4 4 4 4 4 4 4 4 4 4 4 4 4 4 4 4 4 4 4 4 4 4 4 4 4 4 4 4 4 4 4 4 4 4 4 4 4 4 4 4 4 4 4 4 4 4 4 4 4 4 4 4 4 4 4 4 4 4 4 4 4 4 4 4 4 4 4 4 4 4 4 4 4 4 4 4 4 4 4 4 1 1 1 1 1 1 1 1 1 1 1 1 1 1 1 1 1 1 1 1 1 1 1 1 1 1 1 1 1 1 1 1 1 1 1 1 1 1 1 1 1 1 1 1 1 1 1 1 1 1 1 1 1 1 1 1 1 1 1 1 1 1 1 1 1 1 1 1 1 1 1 1 1 1 1 1 1 1 1 1 1 1 1 1 1 1 1 1 1 1 1 1 1 1 1 1 1 1 1 1 1 1 1 1 1 1 1 1 1 1 1 1 1 1 1 1 1 1 1 1 1 1 1 1 1 1 1 1 1 1 1 1 1 1 1 1 1 1 1 1 1 1 1 1 1 1 1 1 1 1 1 1 1 1 1 1 1 1 1 1 1 1 1 1 1 1 1 1 1 1 1 1 1 1 1 1 1 1 1 1 1 1 1 1
</DataArray>
</PointData>
</Piece>
</PolyData>
</VTKFile>
